area,year,total_population
afghanistan,1961,9214.1
afghanistan,1962,9404.4
afghanistan,1963,9604.5
afghanistan,1964,9814.3
afghanistan,1965,10036
afghanistan,1966,10266
afghanistan,1967,10506
afghanistan,1968,10757
afghanistan,1969,11017
afghanistan,1970,11290
afghanistan,1971,11568
afghanistan,1972,11854
afghanistan,1973,12158
afghanistan,1974,12469
afghanistan,1975,12774
afghanistan,1976,13060
afghanistan,1977,13341
afghanistan,1978,13611
afghanistan,1979,13656
afghanistan,1980,13169
afghanistan,1981,11938
afghanistan,1982,10991
afghanistan,1983,10918
afghanistan,1984,11190
afghanistan,1985,11427
afghanistan,1986,11420
afghanistan,1987,11388
afghanistan,1988,11523
afghanistan,1989,11874
afghanistan,1990,12046
afghanistan,1991,12239
afghanistan,1992,13279
afghanistan,1993,14943
afghanistan,1994,16251
afghanistan,1995,17066
afghanistan,1996,17763
afghanistan,1997,18452
afghanistan,1998,19160
afghanistan,1999,19888
afghanistan,2000,20130
afghanistan,2001,20284
afghanistan,2002,21378
afghanistan,2003,22733
afghanistan,2004,23561
afghanistan,2005,24405
afghanistan,2006,25424
afghanistan,2007,25910
afghanistan,2008,26483
afghanistan,2009,27466
afghanistan,2010,28284
afghanistan,2011,29348
afghanistan,2012,30560
afghanistan,2013,31623
afghanistan,2014,32793
afghanistan,2015,33832
afghanistan,2016,34701
afghanistan,2017,35689
afghanistan,2018,36743
afghanistan,2019,37856
afghanistan,2020,39069
afghanistan,2021,40000
afghanistan,2022,40579
albania,1961,1698.8
albania,1962,1743.7
albania,1963,1791.3
albania,1964,1841.4
albania,1965,1894.3
albania,1966,1950.0
albania,1967,2008.5
albania,1968,2068.8
albania,1969,2126.9
albania,1970,2181.2
albania,1971,2235.0
albania,1972,2289.3
albania,1973,2344.1
albania,1974,2399.4
albania,1975,2454.9
albania,1976,2510.6
albania,1977,2566.6
albania,1978,2624.6
albania,1979,2681.4
albania,1980,2735.4
albania,1981,2790.4
albania,1982,2846.9
albania,1983,2905.1
albania,1984,2965.0
albania,1985,3026.2
albania,1986,3087.7
albania,1987,3148.8
albania,1988,3212.9
albania,1989,3260.4
albania,1990,3278.0
albania,1991,3282.6
albania,1992,3282.5
albania,1993,3277.8
albania,1994,3269.4
albania,1995,3258.6
albania,1996,3245.7
albania,1997,3229.7
albania,1998,3210.1
albania,1999,3188.6
albania,2000,3166.1
albania,2001,3147.9
albania,2002,3134.1
albania,2003,3118.1
albania,2004,3098.7
albania,2005,3076.2
albania,2006,3050.8
albania,2007,3022.9
albania,2008,2992.9
albania,2009,2961.5
albania,2010,2928.7
albania,2011,2911.5
albania,2012,2910.0
albania,2013,2907.6
albania,2014,2903.7
albania,2015,2898.6
albania,2016,2897.9
albania,2017,2898.2
albania,2018,2894.2
albania,2019,2885.0
albania,2020,2872.0
albania,2021,2849.6
albania,2022,2827.6
algeria,1961,11629
algeria,1962,11801
algeria,1963,11982
algeria,1964,12180
algeria,1965,12366
algeria,1966,12590
algeria,1967,12876
algeria,1968,13173
algeria,1969,13476
algeria,1970,13784
algeria,1971,14099
algeria,1972,14427
algeria,1973,14771
algeria,1974,15134
algeria,1975,15679
algeria,1976,16409
algeria,1977,17016
algeria,1978,17507
algeria,1979,18037
algeria,1980,18607
algeria,1981,19221
algeria,1982,19872
algeria,1983,20558
algeria,1984,21272
algeria,1985,22009
algeria,1986,22745
algeria,1987,23444
algeria,1988,24110
algeria,1989,24754
algeria,1990,25376
algeria,1991,25988
algeria,1992,26629
algeria,1993,27277
algeria,1994,27887
algeria,1995,28470
algeria,1996,29033
algeria,1997,29579
algeria,1998,30054
algeria,1999,30474
algeria,2000,30904
algeria,2001,31331
algeria,2002,31751
algeria,2003,32176
algeria,2004,32628
algeria,2005,33109
algeria,2006,33624
algeria,2007,34189
algeria,2008,34817
algeria,2009,35490
algeria,2010,36188
algeria,2011,36903
algeria,2012,37646
algeria,2013,38414
algeria,2014,39205
algeria,2015,40020
algeria,2016,40851
algeria,2017,41689
algeria,2018,42505
algeria,2019,43295
algeria,2020,44042
algeria,2021,44761
algeria,2022,45477
andorra,1961,10.283
andorra,1962,11.086
andorra,1963,11.915
andorra,1964,12.764
andorra,1965,13.634
andorra,1966,14.626
andorra,1967,15.837
andorra,1968,17.176
andorra,1969,18.555
andorra,1970,19.977
andorra,1971,21.442
andorra,1972,22.957
andorra,1973,24.523
andorra,1974,26.130
andorra,1975,27.773
andorra,1976,29.436
andorra,1977,31.097
andorra,1978,32.735
andorra,1979,34.306
andorra,1980,35.782
andorra,1981,37.169
andorra,1982,38.764
andorra,1983,40.565
andorra,1984,42.273
andorra,1985,43.825
andorra,1986,45.734
andorra,1987,47.653
andorra,1988,49.416
andorra,1989,50.620
andorra,1990,52.597
andorra,1991,56.667
andorra,1992,60.200
andorra,1993,63.272
andorra,1994,64.612
andorra,1995,63.912
andorra,1996,63.984
andorra,1997,64.700
andorra,1998,65.382
andorra,1999,65.710
andorra,2000,65.685
andorra,2001,65.852
andorra,2002,66.506
andorra,2003,69.486
andorra,2004,74.325
andorra,2005,77.421
andorra,2006,79.585
andorra,2007,81.877
andorra,2008,83.495
andorra,2009,83.888
andorra,2010,80.706
andorra,2011,77.783
andorra,2012,76.834
andorra,2013,75.194
andorra,2014,73.737
andorra,2015,72.174
andorra,2016,72.181
andorra,2017,73.763
andorra,2018,75.162
andorra,2019,76.474
andorra,2020,77.380
andorra,2021,78.364
andorra,2022,79.705
angola,1961,5301.6
angola,1962,5354.3
angola,1963,5408.3
angola,1964,5464.2
angola,1965,5522.0
angola,1966,5581.4
angola,1967,5641.8
angola,1968,5702.7
angola,1969,5763.7
angola,1970,5852.8
angola,1971,5991.1
angola,1972,6174.3
angola,1973,6388.5
angola,1974,6613.4
angola,1975,6842.9
angola,1976,7074.7
angola,1977,7317.8
angola,1978,7576.7
angola,1979,7847.2
angola,1980,8133.9
angola,1981,8435.6
angola,1982,8751.6
angola,1983,9083.0
angola,1984,9425.9
angola,1985,9779.1
angola,1986,10139
angola,1987,10498
angola,1988,10861
angola,1989,11239
angola,1990,11626
angola,1991,12024
angola,1992,12424
angola,1993,12827
angola,1994,13250
angola,1995,13700
angola,1996,14171
angola,1997,14660
angola,1998,15159
angola,1999,15667
angola,2000,16195
angola,2001,16747
angola,2002,17328
angola,2003,17944
angola,2004,18600
angola,2005,19291
angola,2006,20015
angola,2007,20779
angola,2008,21579
angola,2009,22415
angola,2010,23295
angola,2011,24218
angola,2012,25177
angola,2013,26166
angola,2014,27161
angola,2015,28158
angola,2016,29183
angola,2017,30235
angola,2018,31297
angola,2019,32376
angola,2020,33451
angola,2021,34532
angola,2022,35635
antigua_and_barbuda,1961,56.540
antigua_and_barbuda,1962,57.336
antigua_and_barbuda,1963,58.138
antigua_and_barbuda,1964,59.020
antigua_and_barbuda,1965,59.970
antigua_and_barbuda,1966,60.900
antigua_and_barbuda,1967,61.837
antigua_and_barbuda,1968,62.809
antigua_and_barbuda,1969,63.819
antigua_and_barbuda,1970,64.528
antigua_and_barbuda,1971,64.729
antigua_and_barbuda,1972,64.615
antigua_and_barbuda,1973,64.342
antigua_and_barbuda,1974,64.058
antigua_and_barbuda,1975,63.839
antigua_and_barbuda,1976,63.762
antigua_and_barbuda,1977,63.862
antigua_and_barbuda,1978,64.038
antigua_and_barbuda,1979,64.274
antigua_and_barbuda,1980,64.513
antigua_and_barbuda,1981,64.665
antigua_and_barbuda,1982,64.785
antigua_and_barbuda,1983,64.934
antigua_and_barbuda,1984,64.882
antigua_and_barbuda,1985,64.591
antigua_and_barbuda,1986,64.276
antigua_and_barbuda,1987,63.946
antigua_and_barbuda,1988,63.623
antigua_and_barbuda,1989,63.325
antigua_and_barbuda,1990,63.066
antigua_and_barbuda,1991,63.387
antigua_and_barbuda,1992,64.404
antigua_and_barbuda,1993,65.587
antigua_and_barbuda,1994,66.843
antigua_and_barbuda,1995,68.189
antigua_and_barbuda,1996,69.612
antigua_and_barbuda,1997,71.053
antigua_and_barbuda,1998,72.412
antigua_and_barbuda,1999,73.666
antigua_and_barbuda,2000,74.912
antigua_and_barbuda,2001,76.069
antigua_and_barbuda,2002,77.032
antigua_and_barbuda,2003,77.884
antigua_and_barbuda,2004,78.719
antigua_and_barbuda,2005,79.611
antigua_and_barbuda,2006,80.604
antigua_and_barbuda,2007,81.704
antigua_and_barbuda,2008,82.912
antigua_and_barbuda,2009,84.173
antigua_and_barbuda,2010,85.320
antigua_and_barbuda,2011,86.332
antigua_and_barbuda,2012,87.260
antigua_and_barbuda,2013,88.064
antigua_and_barbuda,2014,88.765
antigua_and_barbuda,2015,89.409
antigua_and_barbuda,2016,89.969
antigua_and_barbuda,2017,90.468
antigua_and_barbuda,2018,90.926
antigua_and_barbuda,2019,91.364
antigua_and_barbuda,2020,91.846
antigua_and_barbuda,2021,92.349
antigua_and_barbuda,2022,92.840
argentina,1961,20726
argentina,1962,21073
argentina,1963,21422
argentina,1964,21769
argentina,1965,22113
argentina,1966,22454
argentina,1967,22799
argentina,1968,23151
argentina,1969,23509
argentina,1970,23878
argentina,1971,24257
argentina,1972,24644
argentina,1973,25046
argentina,1974,25461
argentina,1975,25874
argentina,1976,26282
argentina,1977,26702
argentina,1978,27132
argentina,1979,27569
argentina,1980,28012
argentina,1981,28464
argentina,1982,28924
argentina,1983,29391
argentina,1984,29863
argentina,1985,30336
argentina,1986,30812
argentina,1987,31292
argentina,1988,31781
argentina,1989,32271
argentina,1990,32756
argentina,1991,33230
argentina,1992,33694
argentina,1993,34153
argentina,1994,34613
argentina,1995,35070
argentina,1996,35514
argentina,1997,35948
argentina,1998,36373
argentina,1999,36795
argentina,2000,37214
argentina,2001,37625
argentina,2002,38029
argentina,2003,38424
argentina,2004,38816
argentina,2005,39217
argentina,2006,39622
argentina,2007,40017
argentina,2008,40424
argentina,2009,40855
argentina,2010,41289
argentina,2011,41731
argentina,2012,42162
argentina,2013,42582
argentina,2014,43024
argentina,2015,43477
argentina,2016,43900
argentina,2017,44289
argentina,2018,44655
argentina,2019,44973
argentina,2020,45192
argentina,2021,45312
argentina,2022,45408
armenia,1992,3571.9
armenia,1993,3453.3
armenia,1994,3364.6
armenia,1995,3307.6
armenia,1996,3278.7
armenia,1997,3246.3
armenia,1998,3208.4
armenia,1999,3167.3
armenia,2000,3125.6
armenia,2001,3084.3
armenia,2002,3055.6
armenia,2003,3039.0
armenia,2004,3022.5
armenia,2005,3006.4
armenia,2006,2990.4
armenia,2007,2974.8
armenia,2008,2960.0
armenia,2009,2945.5
armenia,2010,2931.1
armenia,2011,2923.3
armenia,2012,2922.5
armenia,2013,2922.5
armenia,2014,2922.4
armenia,2015,2921.2
armenia,2016,2918.8
armenia,2017,2915.0
armenia,2018,2910.0
armenia,2019,2904.0
armenia,2020,2890.9
armenia,2021,2870.3
armenia,2022,2880.9
australia,1961,10500
australia,1962,10707
australia,1963,10913
australia,1964,11128
australia,1965,11357
australia,1966,11592
australia,1967,11811
australia,1968,12030
australia,1969,12272
australia,1970,12599
australia,1971,12998
australia,1972,13305
australia,1973,13519
australia,1974,13719
australia,1975,13894
australia,1976,14047
australia,1977,14204
australia,1978,14367
australia,1979,14533
australia,1980,14721
australia,1981,14949
australia,1982,15192
australia,1983,15415
australia,1984,15621
australia,1985,15836
australia,1986,16070
australia,1987,16322
australia,1988,16594
australia,1989,16869
australia,1990,17126
australia,1991,17353
australia,1992,17549
australia,1993,17723
australia,1994,17897
australia,1995,18095
australia,1996,18305
australia,1997,18505
australia,1998,18702
australia,1999,18910
australia,2000,19132
australia,2001,19365
australia,2002,19595
australia,2003,19819
australia,2004,20047
australia,2005,20294
australia,2006,20591
australia,2007,20955
australia,2008,21371
australia,2009,21783
australia,2010,22142
australia,2011,22480
australia,2012,22853
australia,2013,23236
australia,2014,23596
australia,2015,23948
australia,2016,24330
australia,2017,24731
australia,2018,25120
australia,2019,25483
australia,2020,25744
australia,2021,25956
australia,2022,26201
australia_and_new_zealand,2000,22994
australia_and_new_zealand,2001,23261
australia_and_new_zealand,2002,23550
australia_and_new_zealand,2003,23846
australia_and_new_zealand,2004,24135
australia_and_new_zealand,2005,24433
australia_and_new_zealand,2006,24776
australia_and_new_zealand,2007,25182
australia_and_new_zealand,2008,25636
australia_and_new_zealand,2009,26091
australia_and_new_zealand,2010,26493
australia_and_new_zealand,2011,26866
australia_and_new_zealand,2012,27268
australia_and_new_zealand,2013,27694
australia_and_new_zealand,2014,28123
australia_and_new_zealand,2015,28566
australia_and_new_zealand,2016,29049
australia_and_new_zealand,2017,29548
australia_and_new_zealand,2018,30025
australia_and_new_zealand,2019,30476
australia_and_new_zealand,2020,30818
australia_and_new_zealand,2021,31068
australia_and_new_zealand,2022,31337
austria,1961,7086.1
austria,1962,7129.6
austria,1963,7175.5
austria,1964,7223.4
austria,1965,7270.4
austria,1966,7321.5
austria,1967,7376.3
austria,1968,7414.6
austria,1969,7440.3
austria,1970,7466.3
austria,1971,7499.6
austria,1972,7543.3
austria,1973,7585.1
austria,1974,7598.0
austria,1975,7577.8
austria,1976,7564.5
austria,1977,7567.3
austria,1978,7561.2
austria,1979,7548.3
austria,1980,7548.4
austria,1981,7567.6
austria,1982,7573.1
austria,1983,7561.2
austria,1984,7560.7
austria,1985,7564.3
austria,1986,7569.4
austria,1987,7574.3
austria,1988,7585.3
austria,1989,7620.4
austria,1990,7679.6
austria,1991,7757.1
austria,1992,7842.7
austria,1993,7907.5
austria,1994,7938.2
austria,1995,7950.3
austria,1996,7960.9
austria,1997,7969.8
austria,1998,7978.5
austria,1999,7993.9
austria,2000,8012.9
austria,2001,8042.2
austria,2002,8081.6
austria,2003,8122.6
austria,2004,8173.5
austria,2005,8229.2
austria,2006,8269.9
austria,2007,8297.0
austria,2008,8323.3
austria,2009,8345.1
austria,2010,8365.1
austria,2011,8393.3
austria,2012,8431.6
austria,2013,8481.4
austria,2014,8547.8
austria,2015,8644.0
austria,2016,8737.9
austria,2017,8798.8
austria,2018,8841.6
austria,2019,8880.9
austria,2020,8921.4
austria,2021,8967.1
austria,2022,9064.7
azerbaijan,1992,7405.8
azerbaijan,1993,7504.1
azerbaijan,1994,7608.9
azerbaijan,1995,7719.3
azerbaijan,1996,7831.0
azerbaijan,1997,7936.2
azerbaijan,1998,8025.8
azerbaijan,1999,8100.5
azerbaijan,2000,8174.8
azerbaijan,2001,8251.8
azerbaijan,2002,8326.1
azerbaijan,2003,8400.5
azerbaijan,2004,8489.9
azerbaijan,2005,8597.2
azerbaijan,2006,8711.4
azerbaijan,2007,8828.3
azerbaijan,2008,8942.6
azerbaijan,2009,9046.3
azerbaijan,2010,9146.9
azerbaijan,2011,9256.1
azerbaijan,2012,9376.2
azerbaijan,2013,9504.4
azerbaijan,2014,9631.1
azerbaijan,2015,9752.9
azerbaijan,2016,9868.4
azerbaijan,2017,9968.5
azerbaijan,2018,10040
azerbaijan,2019,10110
azerbaijan,2020,10182
azerbaijan,2021,10234
azerbaijan,2022,10295
bahamas,1961,122.20
bahamas,1962,128.49
bahamas,1963,135.09
bahamas,1964,141.53
bahamas,1965,147.95
bahamas,1966,154.87
bahamas,1967,162.27
bahamas,1968,170.09
bahamas,1969,177.98
bahamas,1970,184.98
bahamas,1971,190.86
bahamas,1972,196.06
bahamas,1973,200.79
bahamas,1974,205.34
bahamas,1975,209.89
bahamas,1976,214.50
bahamas,1977,219.16
bahamas,1978,223.76
bahamas,1979,228.23
bahamas,1980,232.53
bahamas,1981,236.61
bahamas,1982,240.61
bahamas,1983,244.70
bahamas,1984,248.86
bahamas,1985,253.15
bahamas,1986,257.54
bahamas,1987,261.94
bahamas,1988,266.45
bahamas,1989,271.18
bahamas,1990,275.94
bahamas,1991,280.73
bahamas,1992,285.93
bahamas,1993,291.34
bahamas,1994,296.51
bahamas,1995,301.46
bahamas,1996,306.27
bahamas,1997,310.90
bahamas,1998,315.37
bahamas,1999,319.61
bahamas,2000,323.83
bahamas,2001,327.84
bahamas,2002,331.61
bahamas,2003,335.62
bahamas,2004,339.78
bahamas,2005,343.89
bahamas,2006,348.38
bahamas,2007,353.33
bahamas,2008,358.12
bahamas,2009,362.81
bahamas,2010,367.48
bahamas,2011,371.73
bahamas,2012,375.47
bahamas,2013,378.95
bahamas,2014,382.30
bahamas,2015,385.35
bahamas,2016,388.06
bahamas,2017,390.49
bahamas,2018,392.72
bahamas,2019,394.68
bahamas,2020,395.86
bahamas,2021,396.37
bahamas,2022,397.54
bahrain,1961,172.35
bahrain,1962,179.35
bahrain,1963,186.50
bahrain,1964,193.82
bahrain,1965,200.87
bahrain,1966,207.54
bahrain,1967,214.19
bahrain,1968,219.34
bahrain,1969,222.47
bahrain,1970,224.81
bahrain,1971,230.73
bahrain,1972,242.11
bahrain,1973,255.32
bahrain,1974,269.04
bahrain,1975,283.24
bahrain,1976,297.86
bahrain,1977,312.82
bahrain,1978,328.05
bahrain,1979,343.46
bahrain,1980,358.98
bahrain,1981,373.52
bahrain,1982,386.98
bahrain,1983,400.71
bahrain,1984,415.15
bahrain,1985,430.36
bahrain,1986,446.29
bahrain,1987,462.85
bahrain,1988,479.93
bahrain,1989,497.33
bahrain,1990,514.80
bahrain,1991,531.87
bahrain,1992,547.75
bahrain,1993,562.81
bahrain,1994,577.95
bahrain,1995,593.22
bahrain,1996,608.59
bahrain,1997,624.00
bahrain,1998,639.38
bahrain,1999,654.61
bahrain,2000,669.58
bahrain,2001,699.96
bahrain,2002,752.20
bahrain,2003,811.28
bahrain,2004,871.44
bahrain,2005,932.60
bahrain,2006,994.62
bahrain,2007,1057.4
bahrain,2008,1120.7
bahrain,2009,1183.6
bahrain,2010,1213.2
bahrain,2011,1206.7
bahrain,2012,1216.3
bahrain,2013,1257.2
bahrain,2014,1312.8
bahrain,2015,1369.7
bahrain,2016,1429.6
bahrain,2017,1482.0
bahrain,2018,1497.6
bahrain,2019,1485.7
bahrain,2020,1483.1
bahrain,2021,1501.8
bahrain,2022,1533.5
bangladesh,1961,53310
bangladesh,1962,54881
bangladesh,1963,56504
bangladesh,1964,58178
bangladesh,1965,59903
bangladesh,1966,61670
bangladesh,1967,63511
bangladesh,1968,65408
bangladesh,1969,67294
bangladesh,1970,69059
bangladesh,1971,70277
bangladesh,1972,71642
bangladesh,1973,73722
bangladesh,1974,75839
bangladesh,1975,77854
bangladesh,1976,79855
bangladesh,1977,81867
bangladesh,1978,83890
bangladesh,1979,85935
bangladesh,1980,88016
bangladesh,1981,90303
bangladesh,1982,92815
bangladesh,1983,95335
bangladesh,1984,97815
bangladesh,1985,100250
bangladesh,1986,102640
bangladesh,1987,104960
bangladesh,1988,107220
bangladesh,1989,109430
bangladesh,1990,111630
bangladesh,1991,113790
bangladesh,1992,115950
bangladesh,1993,118130
bangladesh,1994,120340
bangladesh,1995,122600
bangladesh,1996,124860
bangladesh,1997,127200
bangladesh,1998,129620
bangladesh,1999,132110
bangladesh,2000,134540
bangladesh,2001,136810
bangladesh,2002,138930
bangladesh,2003,140970
bangladesh,2004,142900
bangladesh,2005,144720
bangladesh,2006,146410
bangladesh,2007,147990
bangladesh,2008,149470
bangladesh,2009,150870
bangladesh,2010,152200
bangladesh,2011,153590
bangladesh,2012,155070
bangladesh,2013,156530
bangladesh,2014,157960
bangladesh,2015,159380
bangladesh,2016,160810
bangladesh,2017,162190
bangladesh,2018,163520
bangladesh,2019,164910
bangladesh,2020,166300
bangladesh,2021,167660
bangladesh,2022,169380
barbados,1961,233.15
barbados,1962,235.22
barbados,1963,237.56
barbados,1964,239.96
barbados,1965,242.42
barbados,1966,245.00
barbados,1967,247.09
barbados,1968,248.54
barbados,1969,249.44
barbados,1970,249.39
barbados,1971,249.17
barbados,1972,249.66
barbados,1973,250.32
barbados,1974,250.78
barbados,1975,251.18
barbados,1976,251.44
barbados,1977,251.63
barbados,1978,251.55
barbados,1979,251.27
barbados,1980,251.52
barbados,1981,252.27
barbados,1982,253.09
barbados,1983,253.99
barbados,1984,254.92
barbados,1985,255.82
barbados,1986,256.62
barbados,1987,257.28
barbados,1988,257.76
barbados,1989,258.11
barbados,1990,258.58
barbados,1991,259.37
barbados,1992,260.27
barbados,1993,261.03
barbados,1994,261.62
barbados,1995,262.04
barbados,1996,262.28
barbados,1997,262.39
barbados,1998,262.44
barbados,1999,262.52
barbados,2000,262.06
barbados,2001,262.43
barbados,2002,264.15
barbados,2003,265.78
barbados,2004,267.30
barbados,2005,268.71
barbados,2006,270.00
barbados,2007,271.29
barbados,2008,272.71
barbados,2009,274.12
barbados,2010,275.24
barbados,2011,276.14
barbados,2012,276.94
barbados,2013,277.67
barbados,2014,278.35
barbados,2015,278.99
barbados,2016,279.60
barbados,2017,280.17
barbados,2018,280.71
barbados,2019,281.21
barbados,2020,281.70
barbados,2021,282.15
barbados,2022,282.32
belarus,1992,10218
belarus,1993,10241
belarus,1994,10230
belarus,1995,10197
belarus,1996,10164
belarus,1997,10122
belarus,1998,10081
belarus,1999,10039
belarus,2000,9991.3
belarus,2001,9938.1
belarus,2002,9873.5
belarus,2003,9803.2
belarus,2004,9735.1
belarus,2005,9667.8
belarus,2006,9608.0
belarus,2007,9563.1
belarus,2008,9529.4
belarus,2009,9507.3
belarus,2010,9490.8
belarus,2011,9472.7
belarus,2012,9463.1
belarus,2013,9464.5
belarus,2014,9472.7
belarus,2015,9487.3
belarus,2016,9499.1
belarus,2017,9495.8
belarus,2018,9480.0
belarus,2019,9435.4
belarus,2020,9350.9
belarus,2021,9251.4
belarus,2022,9173.2
belgium,1961,9130.0
belgium,1962,9193.0
belgium,1963,9255.0
belgium,1964,9315.0
belgium,1965,9372.0
belgium,1966,9426.0
belgium,1967,9476.0
belgium,1968,9521.0
belgium,1969,9561.0
belgium,1970,9597.0
belgium,1971,9626.0
belgium,1972,9651.0
belgium,1973,9672.0
belgium,1974,9691.0
belgium,1975,9711.0
belgium,1976,9731.0
belgium,1977,9752.0
belgium,1978,9772.0
belgium,1979,9789.0
belgium,1980,9804.0
belgium,1981,9813.0
belgium,1982,9821.0
belgium,1983,9827.0
belgium,1984,9833.0
belgium,1985,9842.0
belgium,1986,9855.0
belgium,1987,9868.0
belgium,1988,9886.0
belgium,1989,9909.0
belgium,1990,9938.0
belgium,1991,9974.0
belgium,1992,10016
belgium,1993,10061
belgium,1994,10103
belgium,1995,10139
belgium,1996,10169
belgium,1997,10193
belgium,1998,10215
belgium,1999,10239
belgium,2000,10252
belgium,2001,10287
belgium,2002,10333
belgium,2003,10376
belgium,2004,10421
belgium,2005,10479
belgium,2006,10548
belgium,2007,10625
belgium,2008,10710
belgium,2009,10813
belgium,2010,10937
belgium,2011,11039
belgium,2012,11108
belgium,2013,11160
belgium,2014,11210
belgium,2015,11275
belgium,2016,11333
belgium,2017,11377
belgium,2018,11429
belgium,2019,11491
belgium,2020,11540
belgium,2021,11571
belgium,2022,11642
belize,1961,93.632
belize,1962,96.042
belize,1963,98.704
belize,1964,101.60
belize,1965,104.67
belize,1966,107.91
belize,1967,111.27
belize,1968,114.71
belize,1969,118.04
belize,1970,120.74
belize,1971,122.81
belize,1972,124.68
belize,1973,126.44
belize,1974,128.19
belize,1975,130.39
belize,1976,133.10
belize,1977,135.89
belize,1978,138.71
belize,1979,141.68
belize,1980,145.06
belize,1981,148.79
belize,1982,152.55
belize,1983,156.30
belize,1984,160.04
belize,1985,163.80
belize,1986,167.55
belize,1987,171.34
belize,1988,175.18
belize,1989,179.11
belize,1990,183.08
belize,1991,187.04
belize,1992,190.98
belize,1993,194.90
belize,1994,199.10
belize,1995,204.15
belize,1996,210.31
belize,1997,217.45
belize,1998,225.17
belize,1999,233.06
belize,2000,240.80
belize,2001,248.38
belize,2002,256.01
belize,2003,263.78
belize,2004,271.69
belize,2005,279.73
belize,2006,287.88
belize,2007,296.10
belize,2008,304.36
belize,2009,312.61
belize,2010,320.25
belize,2011,327.30
belize,2012,334.41
belize,2013,341.63
belize,2014,348.92
belize,2015,356.33
belize,2016,364.70
belize,2017,373.20
belize,2018,380.23
belize,2019,385.83
belize,2020,390.81
belize,2021,395.35
belize,2022,402.73
benin,1961,2559.2
benin,1962,2604.7
benin,1963,2652.9
benin,1964,2704.0
benin,1965,2757.9
benin,1966,2814.3
benin,1967,2873.0
benin,1968,2934.3
benin,1969,2998.2
benin,1970,3065.1
benin,1971,3134.8
benin,1972,3207.5
benin,1973,3283.5
benin,1974,3362.6
benin,1975,3445.4
benin,1976,3532.2
benin,1977,3623.2
benin,1978,3718.3
benin,1979,3818.5
benin,1980,3925.3
benin,1981,4038.3
benin,1982,4156.6
benin,1983,4279.0
benin,1984,4405.9
benin,1985,4538.0
benin,1986,4675.4
benin,1987,4818.5
benin,1988,4967.3
benin,1989,5121.7
benin,1990,5281.5
benin,1991,5446.9
benin,1992,5617.8
benin,1993,5872.7
benin,1994,6096.5
benin,1995,6226.8
benin,1996,6391.9
benin,1997,6583.4
benin,1998,6789.5
benin,1999,7002.8
benin,2000,7221.6
benin,2001,7445.6
benin,2002,7675.4
benin,2003,7913.1
benin,2004,8159.1
benin,2005,8426.1
benin,2006,8693.2
benin,2007,8954.0
benin,2008,9228.5
benin,2009,9509.4
benin,2010,9797.5
benin,2011,10094
benin,2012,10398
benin,2013,10709
benin,2014,11030
benin,2015,11361
benin,2016,11698
benin,2017,12040
benin,2018,12383
benin,2019,12727
benin,2020,13070
benin,2021,13413
benin,2022,13760
bhutan,1961,230.60
bhutan,1962,237.64
bhutan,1963,245.16
bhutan,1964,252.99
bhutan,1965,261.20
bhutan,1966,269.82
bhutan,1967,278.85
bhutan,1968,288.31
bhutan,1969,298.21
bhutan,1970,308.53
bhutan,1971,319.21
bhutan,1972,330.26
bhutan,1973,341.70
bhutan,1974,353.54
bhutan,1975,365.79
bhutan,1976,378.49
bhutan,1977,391.64
bhutan,1978,405.24
bhutan,1979,419.20
bhutan,1980,433.40
bhutan,1981,447.84
bhutan,1982,462.49
bhutan,1983,477.46
bhutan,1984,492.78
bhutan,1985,508.39
bhutan,1986,524.32
bhutan,1987,540.56
bhutan,1988,556.99
bhutan,1989,573.59
bhutan,1990,589.29
bhutan,1991,599.78
bhutan,1992,577.77
bhutan,1993,554.67
bhutan,1994,554.50
bhutan,1995,547.99
bhutan,1996,548.78
bhutan,1997,558.70
bhutan,1998,569.43
bhutan,1999,582.58
bhutan,2000,596.86
bhutan,2001,610.79
bhutan,2002,624.41
bhutan,2003,637.66
bhutan,2004,650.54
bhutan,2005,661.87
bhutan,2006,670.80
bhutan,2007,678.64
bhutan,2008,686.35
bhutan,2009,693.99
bhutan,2010,701.63
bhutan,2011,709.38
bhutan,2012,717.28
bhutan,2013,725.27
bhutan,2014,733.14
bhutan,2015,740.62
bhutan,2016,747.87
bhutan,2017,754.34
bhutan,2018,759.76
bhutan,2019,764.82
bhutan,2020,770.01
bhutan,2021,775.44
bhutan,2022,780.91
bolivia_plurinational_state_of,1961,3778.7
bolivia_plurinational_state_of,1962,3857.5
bolivia_plurinational_state_of,1963,3938.9
bolivia_plurinational_state_of,1964,4023.0
bolivia_plurinational_state_of,1965,4109.8
bolivia_plurinational_state_of,1966,4199.6
bolivia_plurinational_state_of,1967,4292.6
bolivia_plurinational_state_of,1968,4388.9
bolivia_plurinational_state_of,1969,4488.2
bolivia_plurinational_state_of,1970,4590.0
bolivia_plurinational_state_of,1971,4694.3
bolivia_plurinational_state_of,1972,4801.0
bolivia_plurinational_state_of,1973,4910.2
bolivia_plurinational_state_of,1974,5022.5
bolivia_plurinational_state_of,1975,5137.5
bolivia_plurinational_state_of,1976,5256.5
bolivia_plurinational_state_of,1977,5379.2
bolivia_plurinational_state_of,1978,5504.1
bolivia_plurinational_state_of,1979,5630.8
bolivia_plurinational_state_of,1980,5758.9
bolivia_plurinational_state_of,1981,5888.1
bolivia_plurinational_state_of,1982,6018.1
bolivia_plurinational_state_of,1983,6149.1
bolivia_plurinational_state_of,1984,6281.9
bolivia_plurinational_state_of,1985,6416.2
bolivia_plurinational_state_of,1986,6552.5
bolivia_plurinational_state_of,1987,6692.2
bolivia_plurinational_state_of,1988,6835.5
bolivia_plurinational_state_of,1989,6981.8
bolivia_plurinational_state_of,1990,7130.1
bolivia_plurinational_state_of,1991,7280.3
bolivia_plurinational_state_of,1992,7430.3
bolivia_plurinational_state_of,1993,7579.2
bolivia_plurinational_state_of,1994,7727.3
bolivia_plurinational_state_of,1995,7874.7
bolivia_plurinational_state_of,1996,8021.7
bolivia_plurinational_state_of,1997,8167.9
bolivia_plurinational_state_of,1998,8313.4
bolivia_plurinational_state_of,1999,8459.8
bolivia_plurinational_state_of,2000,8606.3
bolivia_plurinational_state_of,2001,8752.7
bolivia_plurinational_state_of,2002,8900.4
bolivia_plurinational_state_of,2003,9050.7
bolivia_plurinational_state_of,2004,9204.3
bolivia_plurinational_state_of,2005,9360.8
bolivia_plurinational_state_of,2006,9521.7
bolivia_plurinational_state_of,2007,9686.0
bolivia_plurinational_state_of,2008,9850.9
bolivia_plurinational_state_of,2009,10016
bolivia_plurinational_state_of,2010,10182
bolivia_plurinational_state_of,2011,10349
bolivia_plurinational_state_of,2012,10516
bolivia_plurinational_state_of,2013,10683
bolivia_plurinational_state_of,2014,10849
bolivia_plurinational_state_of,2015,11015
bolivia_plurinational_state_of,2016,11180
bolivia_plurinational_state_of,2017,11345
bolivia_plurinational_state_of,2018,11508
bolivia_plurinational_state_of,2019,11671
bolivia_plurinational_state_of,2020,11816
bolivia_plurinational_state_of,2021,11937
bolivia_plurinational_state_of,2022,12077
bosnia_and_herzegovina,1992,4234.6
bosnia_and_herzegovina,1993,3904.5
bosnia_and_herzegovina,1994,3725.4
bosnia_and_herzegovina,1995,3715.6
bosnia_and_herzegovina,1996,3875.2
bosnia_and_herzegovina,1997,4018.2
bosnia_and_herzegovina,1998,4089.4
bosnia_and_herzegovina,1999,4130.3
bosnia_and_herzegovina,2000,4159.8
bosnia_and_herzegovina,2001,4179.4
bosnia_and_herzegovina,2002,4188.0
bosnia_and_herzegovina,2003,4178.5
bosnia_and_herzegovina,2004,4141.0
bosnia_and_herzegovina,2005,4096.5
bosnia_and_herzegovina,2006,4063.3
bosnia_and_herzegovina,2007,4013.4
bosnia_and_herzegovina,2008,3947.5
bosnia_and_herzegovina,2009,3879.8
bosnia_and_herzegovina,2010,3811.5
bosnia_and_herzegovina,2011,3741.8
bosnia_and_herzegovina,2012,3670.1
bosnia_and_herzegovina,2013,3610.9
bosnia_and_herzegovina,2014,3564.8
bosnia_and_herzegovina,2015,3518.5
bosnia_and_herzegovina,2016,3473.0
bosnia_and_herzegovina,2017,3428.7
bosnia_and_herzegovina,2018,3387.0
bosnia_and_herzegovina,2019,3345.5
bosnia_and_herzegovina,2020,3299.3
bosnia_and_herzegovina,2021,3244.9
bosnia_and_herzegovina,2022,3204.8
botswana,1961,527.94
botswana,1962,540.19
botswana,1963,552.97
botswana,1964,566.27
botswana,1965,574.66
botswana,1966,577.87
botswana,1967,580.93
botswana,1968,583.97
botswana,1969,587.07
botswana,1970,590.33
botswana,1971,600.48
botswana,1972,622.41
botswana,1973,652.41
botswana,1974,685.45
botswana,1975,720.38
botswana,1976,758.51
botswana,1977,799.57
botswana,1978,849.24
botswana,1979,901.74
botswana,1980,937.49
botswana,1981,970.00
botswana,1982,1009.3
botswana,1983,1046.1
botswana,1984,1083.7
botswana,1985,1121.9
botswana,1986,1160.7
botswana,1987,1199.2
botswana,1988,1235.5
botswana,1989,1270.3
botswana,1990,1305.7
botswana,1991,1341.8
botswana,1992,1380.0
botswana,1993,1420.1
botswana,1994,1460.0
botswana,1995,1498.8
botswana,1996,1535.9
botswana,1997,1571.7
botswana,1998,1606.9
botswana,1999,1642.0
botswana,2000,1677.4
botswana,2001,1712.3
botswana,2002,1744.8
botswana,2003,1775.7
botswana,2004,1807.1
botswana,2005,1839.9
botswana,2006,1874.5
botswana,2007,1911.2
botswana,2008,1950.0
botswana,2009,1990.7
botswana,2010,2033.1
botswana,2011,2073.5
botswana,2012,2108.6
botswana,2013,2140.7
botswana,2014,2172.0
botswana,2015,2203.3
botswana,2016,2234.8
botswana,2017,2266.7
botswana,2018,2299.1
botswana,2019,2332.1
botswana,2020,2365.9
botswana,2021,2401.4
botswana,2022,2439.9
brazil,1961,74605
brazil,1962,76865
brazil,1963,79164
brazil,1964,81489
brazil,1965,83818
brazil,1966,86139
brazil,1967,88446
brazil,1968,90741
brazil,1969,93046
brazil,1970,95376
brazil,1971,97739
brazil,1972,100150
brazil,1973,102600
brazil,1974,105090
brazil,1975,107620
brazil,1976,110210
brazil,1977,112880
brazil,1978,115600
brazil,1979,118380
brazil,1980,121210
brazil,1981,124060
brazil,1982,126920
brazil,1983,129790
brazil,1984,132660
brazil,1985,135520
brazil,1986,138340
brazil,1987,141100
brazil,1988,143830
brazil,1989,146500
brazil,1990,149140
brazil,1991,151720
brazil,1992,154280
brazil,1993,156790
brazil,1994,159270
brazil,1995,161740
brazil,1996,164200
brazil,1997,166660
brazil,1998,169160
brazil,1999,171640
brazil,2000,174020
brazil,2001,176300
brazil,2002,178500
brazil,2003,180620
brazil,2004,182680
brazil,2005,184690
brazil,2006,186650
brazil,2007,188550
brazil,2008,190370
brazil,2009,192080
brazil,2010,193700
brazil,2011,195280
brazil,2012,196880
brazil,2013,198480
brazil,2014,200090
brazil,2015,201680
brazil,2016,203220
brazil,2017,204700
brazil,2018,206110
brazil,2019,207460
brazil,2020,208660
brazil,2021,209550
brazil,2022,210310
brunei_darussalam,1961,92.517
brunei_darussalam,1962,96.719
brunei_darussalam,1963,101.16
brunei_darussalam,1964,105.92
brunei_darussalam,1965,110.84
brunei_darussalam,1966,115.87
brunei_darussalam,1967,121.02
brunei_darussalam,1968,126.22
brunei_darussalam,1969,131.45
brunei_darussalam,1970,135.14
brunei_darussalam,1971,137.92
brunei_darussalam,1972,142.19
brunei_darussalam,1973,147.37
brunei_darussalam,1974,152.66
brunei_darussalam,1975,158.07
brunei_darussalam,1976,163.61
brunei_darussalam,1977,169.28
brunei_darussalam,1978,174.88
brunei_darussalam,1979,180.42
brunei_darussalam,1980,186.11
brunei_darussalam,1981,191.98
brunei_darussalam,1982,198.16
brunei_darussalam,1983,204.74
brunei_darussalam,1984,211.66
brunei_darussalam,1985,218.92
brunei_darussalam,1986,226.50
brunei_darussalam,1987,233.86
brunei_darussalam,1988,240.91
brunei_darussalam,1989,248.06
brunei_darussalam,1990,255.29
brunei_darussalam,1991,262.60
brunei_darussalam,1992,269.84
brunei_darussalam,1993,276.97
brunei_darussalam,1994,284.09
brunei_darussalam,1995,291.19
brunei_darussalam,1996,298.28
brunei_darussalam,1997,305.34
brunei_darussalam,1998,312.38
brunei_darussalam,1999,319.41
brunei_darussalam,2000,326.42
brunei_darussalam,2001,333.35
brunei_darussalam,2002,340.10
brunei_darussalam,2003,346.64
brunei_darussalam,2004,352.91
brunei_darussalam,2005,358.92
brunei_darussalam,2006,364.66
brunei_darussalam,2007,370.87
brunei_darussalam,2008,377.79
brunei_darussalam,2009,384.95
brunei_darussalam,2010,392.33
brunei_darussalam,2011,399.39
brunei_darussalam,2012,405.56
brunei_darussalam,2013,411.20
brunei_darussalam,2014,416.75
brunei_darussalam,2015,422.21
brunei_darussalam,2016,427.56
brunei_darussalam,2017,432.77
brunei_darussalam,2018,437.81
brunei_darussalam,2019,442.68
brunei_darussalam,2020,447.40
brunei_darussalam,2021,451.72
brunei_darussalam,2022,455.37
bulgaria,1961,7938.3
bulgaria,1962,8008.3
bulgaria,1963,8073.7
bulgaria,1964,8140.1
bulgaria,1965,8202.4
bulgaria,1966,8258.8
bulgaria,1967,8311.1
bulgaria,1968,8370.6
bulgaria,1969,8435.3
bulgaria,1970,8490.8
bulgaria,1971,8538.9
bulgaria,1972,8579.9
bulgaria,1973,8624.8
bulgaria,1974,8682.8
bulgaria,1975,8723.1
bulgaria,1976,8759.4
bulgaria,1977,8804.7
bulgaria,1978,8813.7
bulgaria,1979,8825.0
bulgaria,1980,8859.5
bulgaria,1981,8887.8
bulgaria,1982,8912.7
bulgaria,1983,8933.3
bulgaria,1984,8952.6
bulgaria,1985,8958.9
bulgaria,1986,8963.5
bulgaria,1987,8976.2
bulgaria,1988,8985.7
bulgaria,1989,8936.4
bulgaria,1990,8822.4
bulgaria,1991,8695.8
bulgaria,1992,8559.1
bulgaria,1993,8466.5
bulgaria,1994,8416.9
bulgaria,1995,8357.6
bulgaria,1996,8291.4
bulgaria,1997,8217.1
bulgaria,1998,8138.2
bulgaria,1999,8067.5
bulgaria,2000,8000.5
bulgaria,2001,7928.5
bulgaria,2002,7861.9
bulgaria,2003,7804.4
bulgaria,2004,7749.4
bulgaria,2005,7695.1
bulgaria,2006,7640.3
bulgaria,2007,7586.9
bulgaria,2008,7535.6
bulgaria,2009,7488.0
bulgaria,2010,7437.6
bulgaria,2011,7380.0
bulgaria,2012,7317.0
bulgaria,2013,7264.6
bulgaria,2014,7223.4
bulgaria,2015,7177.5
bulgaria,2016,7127.4
bulgaria,2017,7075.6
bulgaria,2018,7024.7
bulgaria,2019,6975.5
bulgaria,2020,6933.7
bulgaria,2021,6877.2
bulgaria,2022,6825.9
burkina_faso,1961,4848.2
burkina_faso,1962,4919.7
burkina_faso,1963,4993.6
burkina_faso,1964,5071.0
burkina_faso,1965,5152.8
burkina_faso,1966,5237.9
burkina_faso,1967,5326.3
burkina_faso,1968,5418.6
burkina_faso,1969,5513.2
burkina_faso,1970,5610.3
burkina_faso,1971,5708.0
burkina_faso,1972,5807.2
burkina_faso,1973,5911.9
burkina_faso,1974,6024.9
burkina_faso,1975,6147.6
burkina_faso,1976,6280.6
burkina_faso,1977,6428.7
burkina_faso,1978,6591.0
burkina_faso,1979,6763.9
burkina_faso,1980,6947.9
burkina_faso,1981,7140.3
burkina_faso,1982,7340.2
burkina_faso,1983,7551.1
burkina_faso,1984,7772.3
burkina_faso,1985,7999.9
burkina_faso,1986,8228.8
burkina_faso,1987,8457.1
burkina_faso,1988,8687.4
burkina_faso,1989,8921.2
burkina_faso,1990,9159.4
burkina_faso,1991,9394.6
burkina_faso,1992,9629.3
burkina_faso,1993,9871.7
burkina_faso,1994,10124
burkina_faso,1995,10387
burkina_faso,1996,10656
burkina_faso,1997,10934
burkina_faso,1998,11241
burkina_faso,1999,11575
burkina_faso,2000,11926
burkina_faso,2001,12295
burkina_faso,2002,12681
burkina_faso,2003,13083
burkina_faso,2004,13501
burkina_faso,2005,13932
burkina_faso,2006,14374
burkina_faso,2007,14816
burkina_faso,2008,15258
burkina_faso,2009,15710
burkina_faso,2010,16176
burkina_faso,2011,16662
burkina_faso,2012,17172
burkina_faso,2013,17695
burkina_faso,2014,18229
burkina_faso,2015,18777
burkina_faso,2016,19335
burkina_faso,2017,19894
burkina_faso,2018,20438
burkina_faso,2019,20962
burkina_faso,2020,21479
burkina_faso,2021,21995
burkina_faso,2022,22509
burundi,1961,2835.1
burundi,1962,2907.9
burundi,1963,2969.8
burundi,1964,3055.7
burundi,1965,3141.4
burundi,1966,3218.0
burundi,1967,3300.7
burundi,1968,3380.4
burundi,1969,3454.6
burundi,1970,3530.4
burundi,1971,3617.3
burundi,1972,3617.1
burundi,1973,3612.0
burundi,1974,3703.6
burundi,1975,3796.6
burundi,1976,3882.6
burundi,1977,3983.6
burundi,1978,4100.3
burundi,1979,4203.5
burundi,1980,4383.7
burundi,1981,4566.0
burundi,1982,4681.4
burundi,1983,4808.5
burundi,1984,4926.5
burundi,1985,5034.0
burundi,1986,5129.4
burundi,1987,5247.8
burundi,1988,5365.3
burundi,1989,5471.7
burundi,1990,5587.1
burundi,1991,5703.9
burundi,1992,5858.4
burundi,1993,5676.8
burundi,1994,5713.9
burundi,1995,6066.3
burundi,1996,6070.5
burundi,1997,6070.0
burundi,1998,6187.1
burundi,1999,6337.2
burundi,2000,6470.2
burundi,2001,6634.4
burundi,2002,6824.1
burundi,2003,7043.2
burundi,2004,7310.7
burundi,2005,7587.3
burundi,2006,7865.5
burundi,2007,8161.9
burundi,2008,8505.6
burundi,2009,8947.6
burundi,2010,9376.4
burundi,2011,9718.0
burundi,2012,10071
burundi,2013,10439
burundi,2014,10800
burundi,2015,11048
burundi,2016,11239
burundi,2017,11507
burundi,2018,11859
burundi,2019,12255
burundi,2020,12617
burundi,2021,12965
burundi,2022,13321
cabo_verde,1961,215.09
cabo_verde,1962,221.92
cabo_verde,1963,229.37
cabo_verde,1964,237.01
cabo_verde,1965,244.86
cabo_verde,1966,252.98
cabo_verde,1967,261.40
cabo_verde,1968,270.16
cabo_verde,1969,279.25
cabo_verde,1970,287.88
cabo_verde,1971,294.05
cabo_verde,1972,297.39
cabo_verde,1973,299.88
cabo_verde,1974,302.57
cabo_verde,1975,305.85
cabo_verde,1976,309.45
cabo_verde,1977,312.83
cabo_verde,1978,316.15
cabo_verde,1979,319.48
cabo_verde,1980,323.30
cabo_verde,1981,327.85
cabo_verde,1982,332.72
cabo_verde,1983,337.65
cabo_verde,1984,342.50
cabo_verde,1985,347.37
cabo_verde,1986,352.31
cabo_verde,1987,357.30
cabo_verde,1988,362.33
cabo_verde,1989,367.80
cabo_verde,1990,375.43
cabo_verde,1991,384.59
cabo_verde,1992,393.42
cabo_verde,1993,401.96
cabo_verde,1994,410.23
cabo_verde,1995,418.10
cabo_verde,1996,425.58
cabo_verde,1997,432.80
cabo_verde,1998,439.78
cabo_verde,1999,446.52
cabo_verde,2000,453.32
cabo_verde,2001,460.29
cabo_verde,2002,467.05
cabo_verde,2003,473.38
cabo_verde,2004,479.37
cabo_verde,2005,485.12
cabo_verde,2006,490.73
cabo_verde,2007,496.19
cabo_verde,2008,501.36
cabo_verde,2009,506.14
cabo_verde,2010,509.78
cabo_verde,2011,511.45
cabo_verde,2012,511.95
cabo_verde,2013,512.23
cabo_verde,2014,512.33
cabo_verde,2015,512.39
cabo_verde,2016,512.55
cabo_verde,2017,512.89
cabo_verde,2018,513.41
cabo_verde,2019,514.10
cabo_verde,2020,514.68
cabo_verde,2021,516.65
cabo_verde,2022,519.74
cambodia,1961,5571.2
cambodia,1962,5697.6
cambodia,1963,5823.0
cambodia,1964,5946.2
cambodia,1965,6072.3
cambodia,1966,6201.2
cambodia,1967,6332.9
cambodia,1968,6467.3
cambodia,1969,6604.7
cambodia,1970,6639.2
cambodia,1971,6620.9
cambodia,1972,6673.9
cambodia,1973,6739.7
cambodia,1974,6783.2
cambodia,1975,6581.4
cambodia,1976,6135.0
cambodia,1977,5668.6
cambodia,1978,5211.7
cambodia,1979,5088.8
cambodia,1980,5199.9
cambodia,1981,5284.5
cambodia,1982,5436.4
cambodia,1983,5636.2
cambodia,1984,5845.1
cambodia,1985,6043.8
cambodia,1986,6285.7
cambodia,1987,6558.0
cambodia,1988,6812.0
cambodia,1989,7073.5
cambodia,1990,7374.8
cambodia,1991,7686.9
cambodia,1992,8113.1
cambodia,1993,8616.4
cambodia,1994,9239.2
cambodia,1995,10018
cambodia,1996,10801
cambodia,1997,11571
cambodia,1998,12058
cambodia,1999,12266
cambodia,2000,12462
cambodia,2001,12658
cambodia,2002,12855
cambodia,2003,13051
cambodia,2004,13245
cambodia,2005,13439
cambodia,2006,13639
cambodia,2007,13842
cambodia,2008,14053
cambodia,2009,14277
cambodia,2010,14501
cambodia,2011,14723
cambodia,2012,14945
cambodia,2013,15170
cambodia,2014,15397
cambodia,2015,15623
cambodia,2016,15853
cambodia,2017,16073
cambodia,2018,16275
cambodia,2019,16481
cambodia,2020,16725
cambodia,2021,16974
cambodia,2022,17202
cameroon,1961,5239.3
cameroon,1962,5338.6
cameroon,1963,5456.6
cameroon,1964,5578.3
cameroon,1965,5704.7
cameroon,1966,5837.3
cameroon,1967,5977.3
cameroon,1968,6125.9
cameroon,1969,6283.5
cameroon,1970,6449.8
cameroon,1971,6624.4
cameroon,1972,6806.9
cameroon,1973,6996.7
cameroon,1974,7193.6
cameroon,1975,7397.1
cameroon,1976,7598.0
cameroon,1977,7796.5
cameroon,1978,8011.9
cameroon,1979,8239.6
cameroon,1980,8512.2
cameroon,1981,8816.4
cameroon,1982,9028.7
cameroon,1983,9215.4
cameroon,1984,9475.1
cameroon,1985,9761.7
cameroon,1986,10060
cameroon,1987,10371
cameroon,1988,10685
cameroon,1989,11003
cameroon,1990,11332
cameroon,1991,11667
cameroon,1992,12006
cameroon,1993,12353
cameroon,1994,12705
cameroon,1995,13059
cameroon,1996,13415
cameroon,1997,13775
cameroon,1998,14145
cameroon,1999,14525
cameroon,2000,14913
cameroon,2001,15309
cameroon,2002,15726
cameroon,2003,16160
cameroon,2004,16610
cameroon,2005,17075
cameroon,2006,17550
cameroon,2007,18050
cameroon,2008,18574
cameroon,2009,19114
cameroon,2010,19668
cameroon,2011,20232
cameroon,2012,20810
cameroon,2013,21402
cameroon,2014,22060
cameroon,2015,22763
cameroon,2016,23454
cameroon,2017,24129
cameroon,2018,24806
cameroon,2019,25506
cameroon,2020,26211
cameroon,2021,26916
cameroon,2022,27633
canada,1961,18263
canada,1962,18614
canada,1963,18964
canada,1964,19322
canada,1965,19686
canada,1966,20054
canada,1967,20409
canada,1968,20734
canada,1969,21038
canada,1970,21440
canada,1971,21896
canada,1972,22231
canada,1973,22512
canada,1974,22824
canada,1975,23149
canada,1976,23456
canada,1977,23730
canada,1978,23979
canada,1979,24237
canada,1980,24534
canada,1981,24845
canada,1982,25140
canada,1983,25413
canada,1984,25670
canada,1985,25927
canada,1986,26211
canada,1987,26541
canada,1988,26928
canada,1989,27366
canada,1990,27789
canada,1991,28157
canada,1992,28500
canada,1993,28831
canada,1994,29147
canada,1995,29459
canada,1996,29767
canada,1997,30059
canada,1998,30330
canada,1999,30599
canada,2000,30892
canada,2001,31214
canada,2002,31536
canada,2003,31836
canada,2004,32133
canada,2005,32440
canada,2006,32759
canada,2007,33092
canada,2008,33449
canada,2009,33826
canada,2010,34197
canada,2011,34555
canada,2012,34923
canada,2013,35293
canada,2014,35634
canada,2015,35962
canada,2016,36353
canada,2017,36808
canada,2018,37295
canada,2019,37783
canada,2020,38172
canada,2021,38454
canada,2022,38821
central_african_republic,1961,1734.6
central_african_republic,1962,1768.1
central_african_republic,1963,1803.1
central_african_republic,1964,1839.6
central_african_republic,1965,1877.9
central_african_republic,1966,1918.1
central_african_republic,1967,1960.4
central_african_republic,1968,2005.1
central_african_republic,1969,2051.5
central_african_republic,1970,2097.5
central_african_republic,1971,2141.4
central_african_republic,1972,2183.8
central_african_republic,1973,2226.0
central_african_republic,1974,2269.3
central_african_republic,1975,2313.9
central_african_republic,1976,2348.6
central_african_republic,1977,2372.9
central_african_republic,1978,2398.0
central_african_republic,1979,2423.8
central_african_republic,1980,2450.5
central_african_republic,1981,2478.4
central_african_republic,1982,2507.4
central_african_republic,1983,2537.4
central_african_republic,1984,2568.6
central_african_republic,1985,2600.9
central_african_republic,1986,2634.3
central_african_republic,1987,2669.2
central_african_republic,1988,2714.0
central_african_republic,1989,2784.0
central_african_republic,1990,2871.9
central_african_republic,1991,2963.2
central_african_republic,1992,3058.8
central_african_republic,1993,3157.8
central_african_republic,1994,3258.0
central_african_republic,1995,3348.1
central_african_republic,1996,3436.0
central_african_republic,1997,3531.7
central_african_republic,1998,3628.8
central_african_republic,1999,3729.4
central_african_republic,2000,3833.4
central_african_republic,2001,3919.5
central_african_republic,2002,4006.1
central_african_republic,2003,4103.1
central_african_republic,2004,4192.8
central_african_republic,2005,4288.8
central_african_republic,2006,4377.6
central_african_republic,2007,4462.8
central_african_republic,2008,4559.0
central_african_republic,2009,4529.0
central_african_republic,2010,4493.0
central_african_republic,2011,4565.0
central_african_republic,2012,4610.8
central_african_republic,2013,4642.4
central_african_republic,2014,4623.2
central_african_republic,2015,4629.3
central_african_republic,2016,4713.7
central_african_republic,2017,4793.5
central_african_republic,2018,4878.7
central_african_republic,2019,4944.7
central_african_republic,2020,5026.6
central_african_republic,2021,5112.1
central_african_republic,2022,5098.0
central_and_southern_asia,2000,1534800
central_and_southern_asia,2001,1564000
central_and_southern_asia,2002,1592700
central_and_southern_asia,2003,1621100
central_and_southern_asia,2004,1649900
central_and_southern_asia,2005,1678100
central_and_southern_asia,2006,1706000
central_and_southern_asia,2007,1733000
central_and_southern_asia,2008,1759500
central_and_southern_asia,2009,1786600
central_and_southern_asia,2010,1813800
central_and_southern_asia,2011,1840800
central_and_southern_asia,2012,1867200
central_and_southern_asia,2013,1892800
central_and_southern_asia,2014,1917600
central_and_southern_asia,2015,1941600
central_and_southern_asia,2016,1965400
central_and_southern_asia,2017,1989400
central_and_southern_asia,2018,2013100
central_and_southern_asia,2019,2036700
central_and_southern_asia,2020,2059900
central_and_southern_asia,2021,2081100
central_and_southern_asia,2022,2101800
central_asia,2000,56181
central_asia,2001,56821
central_asia,2002,57474
central_asia,2003,58141
central_asia,2004,58831
central_asia,2005,59548
central_asia,2006,60290
central_asia,2007,61085
central_asia,2008,61947
central_asia,2009,62899
central_asia,2010,63931
central_asia,2011,64992
central_asia,2012,66087
central_asia,2013,67234
central_asia,2014,68438
central_asia,2015,69695
central_asia,2016,70982
central_asia,2017,72284
central_asia,2018,73611
central_asia,2019,75002
central_asia,2020,76432
central_asia,2021,77867
central_asia,2022,79342
chad,1961,3111.9
chad,1962,3175.6
chad,1963,3240.9
chad,1964,3307.5
chad,1965,3374.2
chad,1966,3440.9
chad,1967,3508.5
chad,1968,3578.2
chad,1969,3651.1
chad,1970,3727.8
chad,1971,3807.3
chad,1972,3893.3
chad,1973,3985.9
chad,1974,4078.4
chad,1975,4167.2
chad,1976,4251.3
chad,1977,4331.7
chad,1978,4411.4
chad,1979,4505.4
chad,1980,4515.5
chad,1981,4521.0
chad,1982,4738.5
chad,1983,4979.1
chad,1984,5045.1
chad,1985,5096.3
chad,1986,5251.1
chad,1987,5438.3
chad,1988,5625.6
chad,1989,5819.6
chad,1990,5982.8
chad,1991,6205.7
chad,1992,6474.7
chad,1993,6629.1
chad,1994,6783.4
chad,1995,7089.1
chad,1996,7410.1
chad,1997,7670.4
chad,1998,7938.8
chad,1999,8222.7
chad,2000,8512.1
chad,2001,8804.1
chad,2002,9116.2
chad,2003,9487.8
chad,2004,9920.0
chad,2005,10328
chad,2006,10706
chad,2007,11082
chad,2008,11476
chad,2009,11894
chad,2010,12313
chad,2011,12755
chad,2012,13211
chad,2013,13691
chad,2014,14189
chad,2015,14648
chad,2016,15115
chad,2017,15623
chad,2018,16157
chad,2019,16685
chad,2020,17225
chad,2021,17828
chad,2022,18455
chile,1961,8324.8
chile,1962,8497.1
chile,1963,8670.1
chile,1964,8842.5
chile,1965,9012.9
chile,1966,9181.7
chile,1967,9348.9
chile,1968,9514.7
chile,1969,9680.3
chile,1970,9845.3
chile,1971,10010
chile,1972,10175
chile,1973,10340
chile,1974,10506
chile,1975,10672
chile,1976,10838
chile,1977,11006
chile,1978,11173
chile,1979,11340
chile,1980,11509
chile,1981,11679
chile,1982,11850
chile,1983,12026
chile,1984,12208
chile,1985,12395
chile,1986,12589
chile,1987,12790
chile,1988,12999
chile,1989,13215
chile,1990,13437
chile,1991,13662
chile,1992,13885
chile,1993,14102
chile,1994,14316
chile,1995,14527
chile,1996,14734
chile,1997,14932
chile,1998,15128
chile,1999,15319
chile,2000,15504
chile,2001,15684
chile,2002,15858
chile,2003,16025
chile,2004,16187
chile,2005,16349
chile,2006,16509
chile,2007,16672
chile,2008,16839
chile,2009,17010
chile,2010,17181
chile,2011,17352
chile,2012,17519
chile,2013,17687
chile,2014,17864
chile,2015,18048
chile,2016,18267
chile,2017,18559
chile,2018,18893
chile,2019,19198
chile,2020,19371
chile,2021,19456
chile,2022,19553
china,1961,670480
china,1962,680010
china,1963,699680
china,1964,720870
china,1965,740660
china,1966,760220
china,1967,778660
china,1968,798550
china,1969,820310
china,1970,842120
china,1971,863440
china,1972,883520
china,1973,902820
china,1974,920940
china,1975,937140
china,1976,951820
china,1977,965450
china,1978,978530
china,1979,992120
china,1980,1006500
china,1981,1021400
china,1982,1037700
china,1983,1053600
china,1984,1068800
china,1985,1085100
china,1986,1102800
china,1987,1122000
china,1988,1141300
china,1989,1160300
china,1990,1180100
china,1991,1197600
china,1992,1211700
china,1993,1224800
china,1994,1236800
china,1995,1248200
china,1996,1259400
china,1997,1269900
china,1998,1279800
china,1999,1289400
china,2000,1299100
china,2001,1308400
china,2002,1316700
china,2003,1324500
china,2004,1332200
china,2005,1340300
china,2006,1348400
china,2007,1356300
china,2008,1364500
china,2009,1373300
china,2010,1382400
china,2011,1391200
china,2012,1400700
china,2013,1410300
china,2014,1419400
china,2015,1427700
china,2016,1435700
china,2017,1444100
china,2018,1450800
china,2019,1455400
china,2020,1457900
china,2021,1458200
china,2022,1456800
colombia,1961,16095
colombia,1962,16599
colombia,1963,17114
colombia,1964,17637
colombia,1965,18169
colombia,1966,18703
colombia,1967,19236
colombia,1968,19767
colombia,1969,20292
colombia,1970,20812
colombia,1971,21319
colombia,1972,21820
colombia,1973,22325
colombia,1974,22833
colombia,1975,23345
colombia,1976,23859
colombia,1977,24393
colombia,1978,24950
colombia,1979,25516
colombia,1980,26104
colombia,1981,26713
colombia,1982,27338
colombia,1983,27988
colombia,1984,28643
colombia,1985,29268
colombia,1986,29879
colombia,1987,30499
colombia,1988,31131
colombia,1989,31776
colombia,1990,32440
colombia,1991,33098
colombia,1992,33761
colombia,1993,34441
colombia,1994,35127
colombia,1995,35805
colombia,1996,36463
colombia,1997,37121
colombia,1998,37792
colombia,1999,38455
colombia,2000,39090
colombia,2001,39709
colombia,2002,40325
colombia,2003,40937
colombia,2004,41543
colombia,2005,42129
colombia,2006,42691
colombia,2007,43235
colombia,2008,43759
colombia,2009,44272
colombia,2010,44777
colombia,2011,45260
colombia,2012,45716
colombia,2013,46152
colombia,2014,46565
colombia,2015,46970
colombia,2016,47438
colombia,2017,48131
colombia,2018,49024
colombia,2019,49908
colombia,2020,50630
colombia,2021,51188
colombia,2022,51738
comoros,1961,201.20
comoros,1962,204.70
comoros,1963,208.19
comoros,1964,211.64
comoros,1965,214.97
comoros,1966,218.66
comoros,1967,223.86
comoros,1968,230.24
comoros,1969,237.00
comoros,1970,244.19
comoros,1971,251.87
comoros,1972,260.08
comoros,1973,268.82
comoros,1974,278.07
comoros,1975,287.69
comoros,1976,297.54
comoros,1977,307.58
comoros,1978,317.69
comoros,1979,327.79
comoros,1980,337.72
comoros,1981,347.38
comoros,1982,357.14
comoros,1983,367.23
comoros,1984,377.64
comoros,1985,388.35
comoros,1986,399.32
comoros,1987,410.44
comoros,1988,421.69
comoros,1989,433.10
comoros,1990,444.60
comoros,1991,455.56
comoros,1992,465.11
comoros,1993,473.68
comoros,1994,482.14
comoros,1995,490.59
comoros,1996,499.11
comoros,1997,507.78
comoros,1998,516.60
comoros,1999,525.89
comoros,2000,536.08
comoros,2001,547.22
comoros,2002,558.92
comoros,2003,569.80
comoros,2004,580.70
comoros,2005,592.68
comoros,2006,604.75
comoros,2007,616.93
comoros,2008,629.31
comoros,2009,641.95
comoros,2010,654.84
comoros,2011,668.06
comoros,2012,681.63
comoros,2013,696.19
comoros,2014,711.50
comoros,2015,726.68
comoros,2016,741.74
comoros,2017,756.67
comoros,2018,771.59
comoros,2019,786.58
comoros,2020,802.16
comoros,2021,818.17
comoros,2022,834.19
congo,1961,1084.4
congo,1962,1113.2
congo,1963,1143.3
congo,1964,1174.8
congo,1965,1207.9
congo,1966,1242.5
congo,1967,1278.7
congo,1968,1316.5
congo,1969,1356.2
congo,1970,1397.6
congo,1971,1441.0
congo,1972,1486.5
congo,1973,1533.7
congo,1974,1582.3
congo,1975,1627.0
congo,1976,1667.2
congo,1977,1707.6
congo,1978,1748.1
congo,1979,1788.5
congo,1980,1829.0
congo,1981,1869.8
congo,1982,1910.4
congo,1983,1950.3
congo,1984,1999.5
congo,1985,2059.3
congo,1986,2120.6
congo,1987,2183.5
congo,1988,2247.7
congo,1989,2313.6
congo,1990,2380.6
congo,1991,2449.2
congo,1992,2519.5
congo,1993,2595.1
congo,1994,2673.1
congo,1995,2749.5
congo,1996,2826.8
congo,1997,2887.9
congo,1998,2952.1
congo,1999,3032.9
congo,2000,3151.3
congo,2001,3272.5
congo,2002,3350.8
congo,2003,3445.8
congo,2004,3565.6
congo,2005,3696.4
congo,2006,3837.4
congo,2007,3980.4
congo,2008,4113.5
congo,2009,4281.2
congo,2010,4462.3
congo,2011,4609.7
congo,2012,4740.4
congo,2013,4857.1
congo,2014,4975.9
congo,2015,5097.6
congo,2016,5222.5
congo,2017,5351.0
congo,2018,5483.1
congo,2019,5616.7
congo,2020,5752.8
congo,2021,5892.2
congo,2022,6035.1
cook_islands,1961,18.038
cook_islands,1962,18.284
cook_islands,1963,18.422
cook_islands,1964,18.585
cook_islands,1965,18.779
cook_islands,1966,19.015
cook_islands,1967,19.326
cook_islands,1968,19.693
cook_islands,1969,20.081
cook_islands,1970,20.488
cook_islands,1971,20.869
cook_islands,1972,20.770
cook_islands,1973,20.188
cook_islands,1974,19.558
cook_islands,1975,18.896
cook_islands,1976,18.248
cook_islands,1977,17.910
cook_islands,1978,17.849
cook_islands,1979,17.778
cook_islands,1980,17.697
cook_islands,1981,17.605
cook_islands,1982,17.471
cook_islands,1983,17.279
cook_islands,1984,17.063
cook_islands,1985,16.832
cook_islands,1986,16.602
cook_islands,1987,16.578
cook_islands,1988,16.753
cook_islands,1989,16.931
cook_islands,1990,17.120
cook_islands,1991,17.309
cook_islands,1992,17.471
cook_islands,1993,17.591
cook_islands,1994,17.689
cook_islands,1995,17.781
cook_islands,1996,17.855
cook_islands,1997,17.622
cook_islands,1998,17.079
cook_islands,1999,16.483
cook_islands,2000,15.854
cook_islands,2001,15.235
cook_islands,2002,14.967
cook_islands,2003,15.027
cook_islands,2004,15.078
cook_islands,2005,15.132
cook_islands,2006,15.206
cook_islands,2007,15.495
cook_islands,2008,15.981
cook_islands,2009,16.475
cook_islands,2010,16.976
cook_islands,2011,17.455
cook_islands,2012,17.661
cook_islands,2013,17.605
cook_islands,2014,17.532
cook_islands,2015,17.446
cook_islands,2016,17.332
cook_islands,2017,17.047
cook_islands,2018,16.596
cook_islands,2019,16.129
cook_islands,2020,15.643
cook_islands,2021,15.182
cook_islands,2022,14.723
costa_rica,1961,1377.9
costa_rica,1962,1429.4
costa_rica,1963,1481.6
costa_rica,1964,1534.0
costa_rica,1965,1586.2
costa_rica,1966,1638.1
costa_rica,1967,1689.5
costa_rica,1968,1739.7
costa_rica,1969,1789.3
costa_rica,1970,1838.9
costa_rica,1971,1888.5
costa_rica,1972,1938.2
costa_rica,1973,1988.3
costa_rica,1974,2039.6
costa_rica,1975,2092.7
costa_rica,1976,2147.8
costa_rica,1977,2205.0
costa_rica,1978,2264.5
costa_rica,1979,2326.5
costa_rica,1980,2390.6
costa_rica,1981,2456.6
costa_rica,1982,2524.8
costa_rica,1983,2595.2
costa_rica,1984,2667.6
costa_rica,1985,2741.9
costa_rica,1986,2817.2
costa_rica,1987,2892.7
costa_rica,1988,2968.1
costa_rica,1989,3043.8
costa_rica,1990,3121.7
costa_rica,1991,3202.2
costa_rica,1992,3284.3
costa_rica,1993,3367.4
costa_rica,1994,3451.1
costa_rica,1995,3535.2
costa_rica,1996,3619.0
costa_rica,1997,3701.7
costa_rica,1998,3782.8
costa_rica,1999,3862.1
costa_rica,2000,3937.7
costa_rica,2001,4008.9
costa_rica,2002,4075.7
costa_rica,2003,4138.8
costa_rica,2004,4200.1
costa_rica,2005,4261.2
costa_rica,2006,4321.3
costa_rica,2007,4380.2
costa_rica,2008,4440.1
costa_rica,2009,4499.8
costa_rica,2010,4556.0
costa_rica,2011,4609.8
costa_rica,2012,4663.9
costa_rica,2013,4716.1
costa_rica,2014,4767.1
costa_rica,2015,4818.0
costa_rica,2016,4867.0
costa_rica,2017,4913.2
costa_rica,2018,4957.8
costa_rica,2019,4999.6
costa_rica,2020,5034.3
costa_rica,2021,5060.0
costa_rica,2022,5081.8
cote_d_ivoire,1961,3810.2
cote_d_ivoire,1962,3956.9
cote_d_ivoire,1963,4112.1
cote_d_ivoire,1964,4274.0
cote_d_ivoire,1965,4442.4
cote_d_ivoire,1966,4617.5
cote_d_ivoire,1967,4799.7
cote_d_ivoire,1968,4990.0
cote_d_ivoire,1969,5192.2
cote_d_ivoire,1970,5411.6
cote_d_ivoire,1971,5650.9
cote_d_ivoire,1972,5909.7
cote_d_ivoire,1973,6184.9
cote_d_ivoire,1974,6474.1
cote_d_ivoire,1975,6776.3
cote_d_ivoire,1976,7058.0
cote_d_ivoire,1977,7321.9
cote_d_ivoire,1978,7603.1
cote_d_ivoire,1979,7902.3
cote_d_ivoire,1980,8220.7
cote_d_ivoire,1981,8556.6
cote_d_ivoire,1982,8907.9
cote_d_ivoire,1983,9272.7
cote_d_ivoire,1984,9650.5
cote_d_ivoire,1985,10040
cote_d_ivoire,1986,10441
cote_d_ivoire,1987,10851
cote_d_ivoire,1988,11275
cote_d_ivoire,1989,11720
cote_d_ivoire,1990,12190
cote_d_ivoire,1991,12684
cote_d_ivoire,1992,13200
cote_d_ivoire,1993,13736
cote_d_ivoire,1994,14287
cote_d_ivoire,1995,14856
cote_d_ivoire,1996,15442
cote_d_ivoire,1997,16047
cote_d_ivoire,1998,16664
cote_d_ivoire,1999,17216
cote_d_ivoire,2000,17699
cote_d_ivoire,2001,18179
cote_d_ivoire,2002,18655
cote_d_ivoire,2003,19126
cote_d_ivoire,2004,19595
cote_d_ivoire,2005,20068
cote_d_ivoire,2006,20547
cote_d_ivoire,2007,21031
cote_d_ivoire,2008,21514
cote_d_ivoire,2009,21998
cote_d_ivoire,2010,22488
cote_d_ivoire,2011,22982
cote_d_ivoire,2012,23467
cote_d_ivoire,2013,23940
cote_d_ivoire,2014,24527
cote_d_ivoire,2015,25246
cote_d_ivoire,2016,25989
cote_d_ivoire,2017,26733
cote_d_ivoire,2018,27464
cote_d_ivoire,2019,28193
cote_d_ivoire,2020,28915
cote_d_ivoire,2021,29640
cote_d_ivoire,2022,30395
croatia,1992,4782.2
croatia,1993,4729.7
croatia,1994,4675.5
croatia,1995,4619.4
croatia,1996,4562.3
croatia,1997,4504.6
croatia,1998,4445.7
croatia,1999,4385.8
croatia,2000,4326.1
croatia,2001,4301.1
croatia,2002,4305.8
croatia,2003,4306.7
croatia,2004,4310.1
croatia,2005,4313.9
croatia,2006,4315.8
croatia,2007,4316.0
croatia,2008,4314.6
croatia,2009,4310.5
croatia,2010,4301.1
croatia,2011,4280.8
croatia,2012,4259.2
croatia,2013,4242.4
croatia,2014,4219.5
croatia,2015,4183.7
croatia,2016,4136.4
croatia,2017,4079.2
croatia,2018,4024.9
croatia,2019,3986.3
croatia,2020,3954.0
croatia,2021,3924.6
croatia,2022,3907.0
cuba,1961,7387.1
cuba,1962,7541.1
cuba,1963,7701.7
cuba,1964,7866.0
cuba,1965,8030.8
cuba,1966,8193.5
cuba,1967,8352.6
cuba,1968,8509.5
cuba,1969,8666.6
cuba,1970,8824.4
cuba,1971,8979.1
cuba,1972,9123.9
cuba,1973,9255.3
cuba,1974,9374.2
cuba,1975,9479.7
cuba,1976,9571.2
cuba,1977,9648.4
cuba,1978,9712.0
cuba,1979,9763.4
cuba,1980,9804.8
cuba,1981,9849.3
cuba,1982,9912.7
cuba,1983,9991.0
cuba,1984,10073
cuba,1985,10157
cuba,1986,10244
cuba,1987,10335
cuba,1988,10433
cuba,1989,10533
cuba,1990,10632
cuba,1991,10718
cuba,1992,10786
cuba,1993,10841
cuba,1994,10886
cuba,1995,10925
cuba,1996,10962
cuba,1997,10998
cuba,1998,11035
cuba,1999,11072
cuba,2000,11109
cuba,2001,11144
cuba,2002,11177
cuba,2003,11209
cuba,2004,11239
cuba,2005,11263
cuba,2006,11279
cuba,2007,11287
cuba,2008,11292
cuba,2009,11295
cuba,2010,11297
cuba,2011,11302
cuba,2012,11303
cuba,2013,11298
cuba,2014,11286
cuba,2015,11275
cuba,2016,11266
cuba,2017,11248
cuba,2018,11227
cuba,2019,11203
cuba,2020,11176
cuba,2021,11122
cuba,2022,11060
cyprus,1961,595.51
cyprus,1962,601.47
cyprus,1963,607.25
cyprus,1964,612.52
cyprus,1965,617.74
cyprus,1966,623.39
cyprus,1967,629.25
cyprus,1968,635.16
cyprus,1969,641.19
cyprus,1970,647.45
cyprus,1971,654.05
cyprus,1972,661.06
cyprus,1973,665.94
cyprus,1974,663.25
cyprus,1975,659.40
cyprus,1976,662.03
cyprus,1977,667.10
cyprus,1978,672.25
cyprus,1979,677.55
cyprus,1980,683.08
cyprus,1981,688.89
cyprus,1982,696.50
cyprus,1983,707.23
cyprus,1984,719.33
cyprus,1985,731.28
cyprus,1986,743.11
cyprus,1987,754.78
cyprus,1988,766.24
cyprus,1989,777.42
cyprus,1990,788.35
cyprus,1991,798.94
cyprus,1992,810.34
cyprus,1993,826.03
cyprus,1994,844.67
cyprus,1995,862.70
cyprus,1996,880.29
cyprus,1997,897.57
cyprus,1998,914.55
cyprus,1999,931.23
cyprus,2000,947.67
cyprus,2001,964.13
cyprus,2002,981.44
cyprus,2003,999.59
cyprus,2004,1017.9
cyprus,2005,1036.2
cyprus,2006,1054.4
cyprus,2007,1072.7
cyprus,2008,1091.0
cyprus,2009,1109.4
cyprus,2010,1127.8
cyprus,2011,1146.5
cyprus,2012,1165.4
cyprus,2013,1183.9
cyprus,2014,1201.8
cyprus,2015,1219.5
cyprus,2016,1237.1
cyprus,2017,1254.3
cyprus,2018,1270.7
cyprus,2019,1286.7
cyprus,2020,1302.2
cyprus,2021,1317.3
cyprus,2022,1331.4
czechia,1993,10320
czechia,1994,10322
czechia,1995,10312
czechia,1996,10296
czechia,1997,10280
czechia,1998,10265
czechia,1999,10251
czechia,2000,10237
czechia,2001,10232
czechia,2002,10239
czechia,2003,10249
czechia,2004,10261
czechia,2005,10280
czechia,2006,10305
czechia,2007,10338
czechia,2008,10378
czechia,2009,10421
czechia,2010,10464
czechia,2011,10496
czechia,2012,10507
czechia,2013,10511
czechia,2014,10517
czechia,2015,10524
czechia,2016,10532
czechia,2017,10541
czechia,2018,10549
czechia,2019,10555
czechia,2020,10550
czechia,2021,10531
czechia,2022,10673
democratic_people_s_republic_of_korea,1961,11991
democratic_people_s_republic_of_korea,1962,12263
democratic_people_s_republic_of_korea,1963,12567
democratic_people_s_republic_of_korea,1964,12890
democratic_people_s_republic_of_korea,1965,13219
democratic_people_s_republic_of_korea,1966,13569
democratic_people_s_republic_of_korea,1967,13958
democratic_people_s_republic_of_korea,1968,14366
democratic_people_s_republic_of_korea,1969,14768
democratic_people_s_republic_of_korea,1970,15173
democratic_people_s_republic_of_korea,1971,15572
democratic_people_s_republic_of_korea,1972,15975
democratic_people_s_republic_of_korea,1973,16350
democratic_people_s_republic_of_korea,1974,16673
democratic_people_s_republic_of_korea,1975,16971
democratic_people_s_republic_of_korea,1976,17243
democratic_people_s_republic_of_korea,1977,17493
democratic_people_s_republic_of_korea,1978,17736
democratic_people_s_republic_of_korea,1979,17983
democratic_people_s_republic_of_korea,1980,18237
democratic_people_s_republic_of_korea,1981,18501
democratic_people_s_republic_of_korea,1982,18776
democratic_people_s_republic_of_korea,1983,19054
democratic_people_s_republic_of_korea,1984,19335
democratic_people_s_republic_of_korea,1985,19620
democratic_people_s_republic_of_korea,1986,19911
democratic_people_s_republic_of_korea,1987,20205
democratic_people_s_republic_of_korea,1988,20503
democratic_people_s_republic_of_korea,1989,20804
democratic_people_s_republic_of_korea,1990,21112
democratic_people_s_republic_of_korea,1991,21429
democratic_people_s_republic_of_korea,1992,21751
democratic_people_s_republic_of_korea,1993,22073
democratic_people_s_republic_of_korea,1994,22394
democratic_people_s_republic_of_korea,1995,22669
democratic_people_s_republic_of_korea,1996,22896
democratic_people_s_republic_of_korea,1997,23111
democratic_people_s_republic_of_korea,1998,23312
democratic_people_s_republic_of_korea,1999,23498
democratic_people_s_republic_of_korea,2000,23666
democratic_people_s_republic_of_korea,2001,23815
democratic_people_s_republic_of_korea,2002,23944
democratic_people_s_republic_of_korea,2003,24090
democratic_people_s_republic_of_korea,2004,24255
democratic_people_s_republic_of_korea,2005,24396
democratic_people_s_republic_of_korea,2006,24525
democratic_people_s_republic_of_korea,2007,24646
democratic_people_s_republic_of_korea,2008,24765
democratic_people_s_republic_of_korea,2009,24878
democratic_people_s_republic_of_korea,2010,24987
democratic_people_s_republic_of_korea,2011,25098
democratic_people_s_republic_of_korea,2012,25212
democratic_people_s_republic_of_korea,2013,25329
democratic_people_s_republic_of_korea,2014,25451
democratic_people_s_republic_of_korea,2015,25575
democratic_people_s_republic_of_korea,2016,25698
democratic_people_s_republic_of_korea,2017,25818
democratic_people_s_republic_of_korea,2018,25931
democratic_people_s_republic_of_korea,2019,26038
democratic_people_s_republic_of_korea,2020,26136
democratic_people_s_republic_of_korea,2021,26233
democratic_people_s_republic_of_korea,2022,26329
democratic_republic_of_the_congo,1961,15662
democratic_republic_of_the_congo,1962,16076
democratic_republic_of_the_congo,1963,16508
democratic_republic_of_the_congo,1964,16955
democratic_republic_of_the_congo,1965,17428
democratic_republic_of_the_congo,1966,17932
democratic_republic_of_the_congo,1967,18463
democratic_republic_of_the_congo,1968,19012
democratic_republic_of_the_congo,1969,19570
democratic_republic_of_the_congo,1970,20137
democratic_republic_of_the_congo,1971,20696
democratic_republic_of_the_congo,1972,21251
democratic_republic_of_the_congo,1973,21828
democratic_republic_of_the_congo,1974,22419
democratic_republic_of_the_congo,1975,23021
democratic_republic_of_the_congo,1976,23624
democratic_republic_of_the_congo,1977,24229
democratic_republic_of_the_congo,1978,24993
democratic_republic_of_the_congo,1979,25887
democratic_republic_of_the_congo,1980,26711
democratic_republic_of_the_congo,1981,27501
democratic_republic_of_the_congo,1982,28338
democratic_republic_of_the_congo,1983,29251
democratic_republic_of_the_congo,1984,30245
democratic_republic_of_the_congo,1985,31265
democratic_republic_of_the_congo,1986,32265
democratic_republic_of_the_congo,1987,33299
democratic_republic_of_the_congo,1988,34383
democratic_republic_of_the_congo,1989,35487
democratic_republic_of_the_congo,1990,36684
democratic_republic_of_the_congo,1991,37926
democratic_republic_of_the_congo,1992,39229
democratic_republic_of_the_congo,1993,40656
democratic_republic_of_the_congo,1994,42627
democratic_republic_of_the_congo,1995,44434
democratic_republic_of_the_congo,1996,45296
democratic_republic_of_the_congo,1997,46030
democratic_republic_of_the_congo,1998,47298
democratic_republic_of_the_congo,1999,48913
democratic_republic_of_the_congo,2000,50507
democratic_republic_of_the_congo,2001,52133
democratic_republic_of_the_congo,2002,53751
democratic_republic_of_the_congo,2003,55344
democratic_republic_of_the_congo,2004,56998
democratic_republic_of_the_congo,2005,58776
democratic_republic_of_the_congo,2006,60616
democratic_republic_of_the_congo,2007,62478
democratic_republic_of_the_congo,2008,64391
democratic_republic_of_the_congo,2009,66412
democratic_republic_of_the_congo,2010,68563
democratic_republic_of_the_congo,2011,70849
democratic_republic_of_the_congo,2012,73255
democratic_republic_of_the_congo,2013,75789
democratic_republic_of_the_congo,2014,78403
democratic_republic_of_the_congo,2015,81036
democratic_republic_of_the_congo,2016,83956
democratic_republic_of_the_congo,2017,87083
democratic_republic_of_the_congo,2018,90048
democratic_republic_of_the_congo,2019,92947
democratic_republic_of_the_congo,2020,95990
democratic_republic_of_the_congo,2021,99149
democratic_republic_of_the_congo,2022,102400
denmark,1961,4611.4
denmark,1962,4647.5
denmark,1963,4684.3
denmark,1964,4721.9
denmark,1965,4758.8
denmark,1966,4797.2
denmark,1967,4835.2
denmark,1968,4864.8
denmark,1969,4891.8
denmark,1970,4928.7
denmark,1971,4963.1
denmark,1972,4991.6
denmark,1973,5021.8
denmark,1974,5045.6
denmark,1975,5060.4
denmark,1976,5072.8
denmark,1977,5088.6
denmark,1978,5104.3
denmark,1979,5116.9
denmark,1980,5123.1
denmark,1981,5121.6
denmark,1982,5117.9
denmark,1983,5114.5
denmark,1984,5111.8
denmark,1985,5113.9
denmark,1986,5120.7
denmark,1987,5127.1
denmark,1988,5129.6
denmark,1989,5132.7
denmark,1990,5141.0
denmark,1991,5154.3
denmark,1992,5171.4
denmark,1993,5188.6
denmark,1994,5206.2
denmark,1995,5233.4
denmark,1996,5263.1
denmark,1997,5285.0
denmark,1998,5304.3
denmark,1999,5321.8
denmark,2000,5339.7
denmark,2001,5358.8
denmark,2002,5376.0
denmark,2003,5390.6
denmark,2004,5404.6
denmark,2005,5419.6
denmark,2006,5437.4
denmark,2007,5461.6
denmark,2008,5493.8
denmark,2009,5523.2
denmark,2010,5547.9
denmark,2011,5570.8
denmark,2012,5611.0
denmark,2013,5615.3
denmark,2014,5643.8
denmark,2015,5683.7
denmark,2016,5728.2
denmark,2017,5765.2
denmark,2018,5793.8
denmark,2019,5814.6
denmark,2020,5831.5
denmark,2021,5856.8
denmark,2022,5902.9
djibouti,1961,89.390
djibouti,1962,93.283
djibouti,1963,97.872
djibouti,1964,103.20
djibouti,1965,109.09
djibouti,1966,115.27
djibouti,1967,121.65
djibouti,1968,128.25
djibouti,1969,136.08
djibouti,1970,145.18
djibouti,1971,155.14
djibouti,1972,166.26
djibouti,1973,178.45
djibouti,1974,192.61
djibouti,1975,209.91
djibouti,1976,230.74
djibouti,1977,254.61
djibouti,1978,280.03
djibouti,1979,304.51
djibouti,1980,325.81
djibouti,1981,343.05
djibouti,1982,356.88
djibouti,1983,369.55
djibouti,1984,384.05
djibouti,1985,402.69
djibouti,1986,426.34
djibouti,1987,454.40
djibouti,1988,484.52
djibouti,1989,523.36
djibouti,1990,579.54
djibouti,1991,631.09
djibouti,1992,626.01
djibouti,1993,614.25
djibouti,1994,626.71
djibouti,1995,633.07
djibouti,1996,648.35
djibouti,1997,671.82
djibouti,1998,699.35
djibouti,1999,724.22
djibouti,2000,747.32
djibouti,2001,771.31
djibouti,2002,795.57
djibouti,2003,813.52
djibouti,2004,826.12
djibouti,2005,839.17
djibouti,2006,855.76
djibouti,2007,874.53
djibouti,2008,892.73
djibouti,2009,911.53
djibouti,2010,930.25
djibouti,2011,948.56
djibouti,2012,966.75
djibouti,2013,984.82
djibouti,2014,1002.7
djibouti,2015,1020.3
djibouti,2016,1037.7
djibouti,2017,1054.8
djibouti,2018,1071.9
djibouti,2019,1088.7
djibouti,2020,1105.2
djibouti,2021,1121.2
djibouti,2022,1137.1
dominica,1961,60.209
dominica,1962,60.948
dominica,1963,61.739
dominica,1964,62.587
dominica,1965,63.505
dominica,1966,64.507
dominica,1967,65.585
dominica,1968,66.732
dominica,1969,67.934
dominica,1970,68.908
dominica,1971,69.532
dominica,1972,70.060
dominica,1973,70.585
dominica,1974,71.091
dominica,1975,71.570
dominica,1976,72.017
dominica,1977,72.406
dominica,1978,72.724
dominica,1979,72.959
dominica,1980,73.083
dominica,1981,72.986
dominica,1982,72.688
dominica,1983,72.365
dominica,1984,72.056
dominica,1985,71.744
dominica,1986,71.406
dominica,1987,71.023
dominica,1988,70.608
dominica,1989,70.153
dominica,1990,69.627
dominica,1991,69.296
dominica,1992,69.325
dominica,1993,69.433
dominica,1994,69.477
dominica,1995,69.469
dominica,1996,69.410
dominica,1997,69.299
dominica,1998,69.124
dominica,1999,68.870
dominica,2000,68.511
dominica,2001,68.288
dominica,2002,68.367
dominica,2003,68.531
dominica,2004,68.649
dominica,2005,68.734
dominica,2006,68.806
dominica,2007,68.847
dominica,2008,68.854
dominica,2009,68.864
dominica,2010,68.859
dominica,2011,69.053
dominica,2012,69.118
dominica,2013,69.715
dominica,2014,70.373
dominica,2015,70.410
dominica,2016,69.606
dominica,2017,68.496
dominica,2018,68.174
dominica,2019,67.880
dominica,2020,67.573
dominica,2021,67.202
dominica,2022,66.826
dominican_republic,1961,3373.2
dominican_republic,1962,3479.9
dominican_republic,1963,3588.3
dominican_republic,1964,3698.6
dominican_republic,1965,3809.0
dominican_republic,1966,3921.8
dominican_republic,1967,4038.9
dominican_republic,1968,4157.2
dominican_republic,1969,4277.0
dominican_republic,1970,4399.3
dominican_republic,1971,4524.2
dominican_republic,1972,4651.9
dominican_republic,1973,4782.2
dominican_republic,1974,4914.2
dominican_republic,1975,5046.8
dominican_republic,1976,5180.4
dominican_republic,1977,5315.4
dominican_republic,1978,5451.9
dominican_republic,1979,5589.7
dominican_republic,1980,5729.0
dominican_republic,1981,5868.5
dominican_republic,1982,6007.1
dominican_republic,1983,6147.2
dominican_republic,1984,6289.0
dominican_republic,1985,6430.4
dominican_republic,1986,6571.2
dominican_republic,1987,6712.5
dominican_republic,1988,6855.7
dominican_republic,1989,7002.3
dominican_republic,1990,7151.2
dominican_republic,1991,7299.9
dominican_republic,1992,7447.5
dominican_republic,1993,7594.6
dominican_republic,1994,7741.7
dominican_republic,1995,7888.1
dominican_republic,1996,8032.9
dominican_republic,1997,8174.1
dominican_republic,1998,8310.4
dominican_republic,1999,8446.2
dominican_republic,2000,8584.2
dominican_republic,2001,8720.3
dominican_republic,2002,8852.2
dominican_republic,2003,8980.6
dominican_republic,2004,9104.9
dominican_republic,2005,9225.0
dominican_republic,2006,9341.2
dominican_republic,2007,9455.7
dominican_republic,2008,9573.1
dominican_republic,2009,9695.3
dominican_republic,2010,9820.2
dominican_republic,2011,9945.6
dominican_republic,2012,10070
dominican_republic,2013,10194
dominican_republic,2014,10316
dominican_republic,2015,10435
dominican_republic,2016,10551
dominican_republic,2017,10667
dominican_republic,2018,10782
dominican_republic,2019,10894
dominican_republic,2020,11008
dominican_republic,2021,11123
dominican_republic,2022,11231
eastern_and_south_eastern_asia,2000,2033200
eastern_and_south_eastern_asia,2001,2051100
eastern_and_south_eastern_asia,2002,2067600
eastern_and_south_eastern_asia,2003,2083300
eastern_and_south_eastern_asia,2004,2098800
eastern_and_south_eastern_asia,2005,2114500
eastern_and_south_eastern_asia,2006,2130700
eastern_and_south_eastern_asia,2007,2147200
eastern_and_south_eastern_asia,2008,2164000
eastern_and_south_eastern_asia,2009,2181100
eastern_and_south_eastern_asia,2010,2198500
eastern_and_south_eastern_asia,2011,2215600
eastern_and_south_eastern_asia,2012,2233600
eastern_and_south_eastern_asia,2013,2251600
eastern_and_south_eastern_asia,2014,2268700
eastern_and_south_eastern_asia,2015,2284800
eastern_and_south_eastern_asia,2016,2300400
eastern_and_south_eastern_asia,2017,2316100
eastern_and_south_eastern_asia,2018,2329500
eastern_and_south_eastern_asia,2019,2340400
eastern_and_south_eastern_asia,2020,2348700
eastern_and_south_eastern_asia,2021,2353400
eastern_and_south_eastern_asia,2022,2356300
eastern_asia,2000,1506100
eastern_asia,2001,1516200
eastern_asia,2002,1525200
eastern_asia,2003,1533600
eastern_asia,2004,1541900
eastern_asia,2005,1550400
eastern_asia,2006,1559000
eastern_asia,2007,1567300
eastern_asia,2008,1575900
eastern_asia,2009,1585200
eastern_asia,2010,1594800
eastern_asia,2011,1604000
eastern_asia,2012,1614000
eastern_asia,2013,1624100
eastern_asia,2014,1633700
eastern_asia,2015,1642500
eastern_asia,2016,1650900
eastern_asia,2017,1659600
eastern_asia,2018,1666600
eastern_asia,2019,1671200
eastern_asia,2020,1673700
eastern_asia,2021,1673500
eastern_asia,2022,1671400
ecuador,1961,4722.3
ecuador,1962,4859.3
ecuador,1963,5001.7
ecuador,1964,5149.9
ecuador,1965,5304.0
ecuador,1966,5463.7
ecuador,1967,5629.1
ecuador,1968,5799.7
ecuador,1969,5975.2
ecuador,1970,6155.4
ecuador,1971,6340.1
ecuador,1972,6529.0
ecuador,1973,6722.0
ecuador,1974,6918.6
ecuador,1975,7118.3
ecuador,1976,7320.9
ecuador,1977,7526.8
ecuador,1978,7736.2
ecuador,1979,7948.9
ecuador,1980,8165.9
ecuador,1981,8386.9
ecuador,1982,8611.3
ecuador,1983,8840.4
ecuador,1984,9074.8
ecuador,1985,9311.2
ecuador,1986,9546.0
ecuador,1987,9779.3
ecuador,1988,10011
ecuador,1989,10242
ecuador,1990,10474
ecuador,1991,10702
ecuador,1992,10930
ecuador,1993,11154
ecuador,1994,11372
ecuador,1995,11591
ecuador,1996,11811
ecuador,1997,12031
ecuador,1998,12251
ecuador,1999,12471
ecuador,2000,12689
ecuador,2001,12911
ecuador,2002,13138
ecuador,2003,13372
ecuador,2004,13609
ecuador,2005,13846
ecuador,2006,14086
ecuador,2007,14329
ecuador,2008,14575
ecuador,2009,14826
ecuador,2010,15077
ecuador,2011,15326
ecuador,2012,15572
ecuador,2013,15807
ecuador,2014,16035
ecuador,2015,16266
ecuador,2016,16505
ecuador,2017,16760
ecuador,2018,17050
ecuador,2019,17340
ecuador,2020,17546
ecuador,2021,17682
ecuador,2022,17824
egypt,1961,27601
egypt,1962,28337
egypt,1963,29092
egypt,1964,29859
egypt,1965,30629
egypt,1966,31407
egypt,1967,32196
egypt,1968,32998
egypt,1969,33812
egypt,1970,34624
egypt,1971,35433
egypt,1972,36258
egypt,1973,37102
egypt,1974,37970
egypt,1975,38875
egypt,1976,39796
egypt,1977,40749
egypt,1978,41761
egypt,1979,42819
egypt,1980,43950
egypt,1981,45147
egypt,1982,46408
egypt,1983,47786
egypt,1984,49247
egypt,1985,50735
egypt,1986,52206
egypt,1987,53674
egypt,1988,55188
egypt,1989,56711
egypt,1990,58397
egypt,1991,60029
egypt,1992,61481
egypt,1993,62916
egypt,1994,64286
egypt,1995,65653
egypt,1996,67028
egypt,1997,68432
egypt,1998,69943
egypt,1999,71521
egypt,2000,73083
egypt,2001,74652
egypt,2002,76239
egypt,2003,77854
egypt,2004,79477
egypt,2005,81101
egypt,2006,82700
egypt,2007,84276
egypt,2008,85865
egypt,2009,87502
egypt,2010,89196
egypt,2011,91093
egypt,2012,93161
egypt,2013,95334
egypt,2014,97529
egypt,2015,99597
egypt,2016,101640
egypt,2017,103700
egypt,2018,105680
egypt,2019,107550
egypt,2020,109320
egypt,2021,110960
egypt,2022,112620
el_salvador,1961,2870.0
el_salvador,1962,2949.2
el_salvador,1963,3028.7
el_salvador,1964,3111.9
el_salvador,1965,3199.5
el_salvador,1966,3291.0
el_salvador,1967,3385.2
el_salvador,1968,3480.8
el_salvador,1969,3576.5
el_salvador,1970,3668.8
el_salvador,1971,3757.5
el_salvador,1972,3846.8
el_salvador,1973,3938.1
el_salvador,1974,4029.7
el_salvador,1975,4120.4
el_salvador,1976,4210.3
el_salvador,1977,4301.3
el_salvador,1978,4394.1
el_salvador,1979,4480.4
el_salvador,1980,4540.4
el_salvador,1981,4570.6
el_salvador,1982,4622.5
el_salvador,1983,4707.4
el_salvador,1984,4798.0
el_salvador,1985,4894.7
el_salvador,1986,4992.8
el_salvador,1987,5092.4
el_salvador,1988,5195.8
el_salvador,1989,5299.0
el_salvador,1990,5399.7
el_salvador,1991,5495.1
el_salvador,1992,5585.6
el_salvador,1993,5660.0
el_salvador,1994,5714.1
el_salvador,1995,5762.1
el_salvador,1996,5805.3
el_salvador,1997,5844.6
el_salvador,1998,5880.8
el_salvador,1999,5913.9
el_salvador,2000,5943.4
el_salvador,2001,5968.1
el_salvador,2002,5986.6
el_salvador,2003,5998.6
el_salvador,2004,6004.7
el_salvador,2005,6005.6
el_salvador,2006,6002.3
el_salvador,2007,6009.8
el_salvador,2008,6029.3
el_salvador,2009,6048.3
el_salvador,2010,6068.2
el_salvador,2011,6090.1
el_salvador,2012,6114.0
el_salvador,2013,6138.8
el_salvador,2014,6163.0
el_salvador,2015,6183.7
el_salvador,2016,6200.8
el_salvador,2017,6213.5
el_salvador,2018,6219.8
el_salvador,2019,6222.3
el_salvador,2020,6234.7
el_salvador,2021,6255.8
el_salvador,2022,6280.3
equatorial_guinea,1961,274.90
equatorial_guinea,1962,280.29
equatorial_guinea,1963,285.96
equatorial_guinea,1964,291.94
equatorial_guinea,1965,298.24
equatorial_guinea,1966,304.86
equatorial_guinea,1967,311.81
equatorial_guinea,1968,318.85
equatorial_guinea,1969,322.52
equatorial_guinea,1970,320.80
equatorial_guinea,1971,315.94
equatorial_guinea,1972,309.47
equatorial_guinea,1973,302.28
equatorial_guinea,1974,294.95
equatorial_guinea,1975,287.90
equatorial_guinea,1976,281.03
equatorial_guinea,1977,276.78
equatorial_guinea,1978,276.53
equatorial_guinea,1979,279.85
equatorial_guinea,1980,288.64
equatorial_guinea,1981,303.25
equatorial_guinea,1982,322.22
equatorial_guinea,1983,343.42
equatorial_guinea,1984,364.90
equatorial_guinea,1985,385.55
equatorial_guinea,1986,404.73
equatorial_guinea,1987,422.52
equatorial_guinea,1988,439.65
equatorial_guinea,1989,456.81
equatorial_guinea,1990,474.27
equatorial_guinea,1991,492.22
equatorial_guinea,1992,510.77
equatorial_guinea,1993,530.02
equatorial_guinea,1994,550.14
equatorial_guinea,1995,571.26
equatorial_guinea,1996,593.49
equatorial_guinea,1997,616.89
equatorial_guinea,1998,641.47
equatorial_guinea,1999,667.21
equatorial_guinea,2000,703.28
equatorial_guinea,2001,749.84
equatorial_guinea,2002,797.96
equatorial_guinea,2003,847.86
equatorial_guinea,2004,899.92
equatorial_guinea,2005,947.37
equatorial_guinea,2006,990.34
equatorial_guinea,2007,1036.0
equatorial_guinea,2008,1084.5
equatorial_guinea,2009,1135.7
equatorial_guinea,2010,1189.1
equatorial_guinea,2011,1241.8
equatorial_guinea,2012,1293.5
equatorial_guinea,2013,1346.2
equatorial_guinea,2014,1399.8
equatorial_guinea,2015,1453.9
equatorial_guinea,2016,1508.2
equatorial_guinea,2017,1562.4
equatorial_guinea,2018,1616.4
equatorial_guinea,2019,1670.2
equatorial_guinea,2020,1716.5
equatorial_guinea,2021,1758.8
equatorial_guinea,2022,1803.5
eritrea,1993,1856.0
eritrea,1994,1913.9
eritrea,1995,2025.3
eritrea,1996,2128.5
eritrea,1997,2152.1
eritrea,1998,2180.4
eritrea,1999,2212.8
eritrea,2000,2247.0
eritrea,2001,2312.1
eritrea,2002,2393.0
eritrea,2003,2493.9
eritrea,2004,2598.3
eritrea,2005,2661.2
eritrea,2006,2703.5
eritrea,2007,2743.2
eritrea,2008,2816.3
eritrea,2009,2887.9
eritrea,2010,2945.2
eritrea,2011,2998.5
eritrea,2012,3037.0
eritrea,2013,3074.4
eritrea,2014,3095.2
eritrea,2015,3105.5
eritrea,2016,3124.7
eritrea,2017,3150.3
eritrea,2018,3192.8
eritrea,2019,3240.2
eritrea,2020,3291.3
eritrea,2021,3350.2
eritrea,2022,3409.4
estonia,1992,1540.2
estonia,1993,1504.3
estonia,1994,1475.7
estonia,1995,1452.8
estonia,1996,1434.7
estonia,1997,1421.5
estonia,1998,1411.2
estonia,1999,1403.6
estonia,2000,1397.0
estonia,2001,1388.2
estonia,2002,1379.4
estonia,2003,1370.8
estonia,2004,1362.7
estonia,2005,1354.8
estonia,2006,1346.9
estonia,2007,1340.7
estonia,2008,1337.1
estonia,2009,1334.5
estonia,2010,1331.4
estonia,2011,1327.4
estonia,2012,1322.6
estonia,2013,1317.9
estonia,2014,1314.5
estonia,2015,1314.6
estonia,2016,1315.8
estonia,2017,1317.4
estonia,2018,1322.0
estonia,2019,1326.8
estonia,2020,1329.7
estonia,2021,1331.7
estonia,2022,1350.1
eswatini,1961,353.26
eswatini,1962,361.37
eswatini,1963,369.76
eswatini,1964,378.66
eswatini,1965,388.34
eswatini,1966,398.77
eswatini,1967,409.03
eswatini,1968,419.15
eswatini,1969,429.88
eswatini,1970,441.22
eswatini,1971,453.18
eswatini,1972,465.79
eswatini,1973,479.04
eswatini,1974,492.99
eswatini,1975,507.67
eswatini,1976,523.33
eswatini,1977,540.35
eswatini,1978,558.45
eswatini,1979,577.20
eswatini,1980,596.64
eswatini,1981,616.81
eswatini,1982,637.65
eswatini,1983,658.96
eswatini,1984,680.78
eswatini,1985,706.20
eswatini,1986,734.73
eswatini,1987,763.81
eswatini,1988,799.80
eswatini,1989,837.80
eswatini,1990,872.43
eswatini,1991,908.19
eswatini,1992,943.42
eswatini,1993,971.32
eswatini,1994,971.21
eswatini,1995,970.43
eswatini,1996,989.84
eswatini,1997,1006.6
eswatini,1998,1019.7
eswatini,1999,1030.8
eswatini,2000,1041.4
eswatini,2001,1051.1
eswatini,2002,1059.4
eswatini,2003,1066.7
eswatini,2004,1073.2
eswatini,2005,1079.0
eswatini,2006,1084.4
eswatini,2007,1090.7
eswatini,2008,1098.1
eswatini,2009,1105.2
eswatini,2010,1111.7
eswatini,2011,1117.8
eswatini,2012,1123.9
eswatini,2013,1130.0
eswatini,2014,1136.3
eswatini,2015,1142.8
eswatini,2016,1149.5
eswatini,2017,1158.2
eswatini,2018,1168.9
eswatini,2019,1179.9
eswatini,2020,1192.7
eswatini,2021,1206.6
eswatini,2022,1218.9
ethiopia,1993,53709
ethiopia,1994,55612
ethiopia,1995,57537
ethiopia,1996,59468
ethiopia,1997,61405
ethiopia,1998,63364
ethiopia,1999,65375
ethiopia,2000,67411
ethiopia,2001,69488
ethiopia,2002,71636
ethiopia,2003,73833
ethiopia,2004,76077
ethiopia,2005,78367
ethiopia,2006,80703
ethiopia,2007,83103
ethiopia,2008,85544
ethiopia,2009,88008
ethiopia,2010,90539
ethiopia,2011,93150
ethiopia,2012,95799
ethiopia,2013,98439
ethiopia,2014,101120
ethiopia,2015,103870
ethiopia,2016,106720
ethiopia,2017,109670
ethiopia,2018,112660
ethiopia,2019,115740
ethiopia,2020,118920
ethiopia,2021,122140
ethiopia,2022,125380
europe,2000,717880
europe,2001,717980
europe,2002,718900
europe,2003,720170
europe,2004,721070
europe,2005,721900
europe,2006,730720
europe,2007,731930
europe,2008,733590
europe,2009,734980
europe,2010,736200
europe,2011,737410
europe,2012,738510
europe,2013,739490
europe,2014,740670
europe,2015,742290
europe,2016,744080
europe,2017,745500
europe,2018,746630
europe,2019,747580
europe,2020,747610
europe,2021,746710
europe,2022,745080
europe_and_northern_america,2000,1030400
europe_and_northern_america,2001,1033600
europe_and_northern_america,2002,1037600
europe_and_northern_america,2003,1042000
europe_and_northern_america,2004,1046100
europe_and_northern_america,2005,1050200
europe_and_northern_america,2006,1062300
europe_and_northern_america,2007,1067000
europe_and_northern_america,2008,1072100
europe_and_northern_america,2009,1077000
europe_and_northern_america,2010,1081600
europe_and_northern_america,2011,1086200
europe_and_northern_america,2012,1090700
europe_and_northern_america,2013,1095000
europe_and_northern_america,2014,1099500
europe_and_northern_america,2015,1104500
europe_and_northern_america,2016,1109700
europe_and_northern_america,2017,1114600
europe_and_northern_america,2018,1119100
europe_and_northern_america,2019,1123300
europe_and_northern_america,2020,1125300
europe_and_northern_america,2021,1125400
europe_and_northern_america,2022,1125600
faroe_islands,1961,34.557
faroe_islands,1962,34.963
faroe_islands,1963,35.391
faroe_islands,1964,35.847
faroe_islands,1965,36.347
faroe_islands,1966,36.816
faroe_islands,1967,37.202
faroe_islands,1968,37.560
faroe_islands,1969,37.907
faroe_islands,1970,38.269
faroe_islands,1971,38.703
faroe_islands,1972,39.172
faroe_islands,1973,39.636
faroe_islands,1974,40.106
faroe_islands,1975,40.568
faroe_islands,1976,41.020
faroe_islands,1977,41.468
faroe_islands,1978,41.968
faroe_islands,1979,42.521
faroe_islands,1980,43.072
faroe_islands,1981,43.626
faroe_islands,1982,44.171
faroe_islands,1983,44.670
faroe_islands,1984,45.141
faroe_islands,1985,45.578
faroe_islands,1986,46.002
faroe_islands,1987,46.459
faroe_islands,1988,46.953
faroe_islands,1989,47.509
faroe_islands,1990,47.497
faroe_islands,1991,46.816
faroe_islands,1992,46.023
faroe_islands,1993,45.135
faroe_islands,1994,44.170
faroe_islands,1995,43.838
faroe_islands,1996,44.177
faroe_islands,1997,44.540
faroe_islands,1998,44.894
faroe_islands,1999,45.215
faroe_islands,2000,45.663
faroe_islands,2001,46.240
faroe_islands,2002,46.827
faroe_islands,2003,47.423
faroe_islands,2004,48.017
faroe_islands,2005,48.361
faroe_islands,2006,48.428
faroe_islands,2007,48.474
faroe_islands,2008,48.498
faroe_islands,2009,48.489
faroe_islands,2010,48.169
faroe_islands,2011,47.934
faroe_islands,2012,48.091
faroe_islands,2013,48.279
faroe_islands,2014,48.490
faroe_islands,2015,48.894
faroe_islands,2016,49.523
faroe_islands,2017,50.243
faroe_islands,2018,51.034
faroe_islands,2019,51.842
faroe_islands,2020,52.587
faroe_islands,2021,53.300
faroe_islands,2022,54.011
fiji,1961,417.41
fiji,1962,430.54
fiji,1963,444.28
fiji,1964,458.32
fiji,1965,472.57
fiji,1966,486.49
fiji,1967,498.87
fiji,1968,510.00
fiji,1969,520.80
fiji,1970,531.19
fiji,1971,541.12
fiji,1972,550.50
fiji,1973,559.22
fiji,1974,567.49
fiji,1975,575.91
fiji,1976,585.53
fiji,1977,597.80
fiji,1978,612.09
fiji,1979,626.86
fiji,1980,641.98
fiji,1981,657.47
fiji,1982,673.41
fiji,1983,689.84
fiji,1984,706.72
fiji,1985,723.76
fiji,1986,739.31
fiji,1987,750.54
fiji,1988,758.70
fiji,1989,766.32
fiji,1990,773.32
fiji,1991,779.66
fiji,1992,785.35
fiji,1993,790.37
fiji,1994,794.77
fiji,1995,798.75
fiji,1996,803.79
fiji,1997,812.14
fiji,1998,822.26
fiji,1999,831.83
fiji,2000,840.91
fiji,2001,849.60
fiji,2002,858.05
fiji,2003,866.29
fiji,2004,874.37
fiji,2005,882.38
fiji,2006,890.37
fiji,2007,897.83
fiji,2008,903.40
fiji,2009,907.24
fiji,2010,910.42
fiji,2011,912.99
fiji,2012,914.92
fiji,2013,916.35
fiji,2014,917.59
fiji,2015,918.58
fiji,2016,919.17
fiji,2017,918.76
fiji,2018,917.18
fiji,2019,914.90
fiji,2020,914.96
fiji,2021,916.71
fiji,2022,919.42
finland,1961,4461.0
finland,1962,4491.7
finland,1963,4523.9
finland,1964,4549.1
finland,1965,4564.1
finland,1966,4581.4
finland,1967,4606.6
finland,1968,4627.3
finland,1969,4624.1
finland,1970,4606.3
finland,1971,4612.1
finland,1972,4639.5
finland,1973,4665.9
finland,1974,4690.4
finland,1975,4711.2
finland,1976,4725.3
finland,1977,4738.6
finland,1978,4752.2
finland,1979,4764.4
finland,1980,4779.4
finland,1981,4799.8
finland,1982,4826.9
finland,1983,4855.8
finland,1984,4881.8
finland,1985,4902.3
finland,1986,4918.3
finland,1987,4932.3
finland,1988,4946.6
finland,1989,4964.5
finland,1990,4986.6
finland,1991,5013.9
finland,1992,5042.1
finland,1993,5066.6
finland,1994,5088.5
finland,1995,5107.9
finland,1996,5124.7
finland,1997,5139.9
finland,1998,5153.5
finland,1999,5165.5
finland,2000,5176.2
finland,2001,5188.0
finland,2002,5200.5
finland,2003,5213.0
finland,2004,5228.1
finland,2005,5246.1
finland,2006,5266.2
finland,2007,5288.7
finland,2008,5313.4
finland,2009,5338.9
finland,2010,5363.4
finland,2011,5388.2
finland,2012,5414.0
finland,2013,5439.1
finland,2014,5461.7
finland,2015,5479.7
finland,2016,5495.5
finland,2017,5508.4
finland,2018,5515.7
finland,2019,5521.8
finland,2020,5529.6
finland,2021,5541.1
finland,2022,5569.3
france,1961,46894
france,1962,47353
france,1963,47818
france,1964,48319
france,1965,48773
france,1966,49185
france,1967,49575
france,1968,49947
france,1969,50355
france,1970,50813
france,1971,51293
france,1972,51744
france,1973,52162
france,1974,52505
france,1975,52746
france,1976,52959
france,1977,53197
france,1978,53430
france,1979,53661
france,1980,53941
france,1981,54255
france,1982,54582
france,1983,54889
france,1984,55177
france,1985,55467
france,1986,55753
france,1987,56048
france,1988,56362
france,1989,56685
france,1990,56990
france,1991,57272
france,1992,57555
france,1993,57801
france,1994,58000
france,1995,58192
france,1996,58381
france,1997,58569
france,1998,58779
france,1999,59084
france,2000,59484
france,2001,59905
france,2002,60327
france,2003,60741
france,2004,61175
france,2005,61625
france,2006,62050
france,2007,62432
france,2008,62780
france,2009,63106
france,2010,63417
france,2011,63734
france,2012,64058
france,2013,64388
france,2014,64692
france,2015,64916
france,2016,65087
france,2017,65285
france,2018,65520
france,2019,65729
france,2020,65905
france,2021,66084
france,2022,66277
gabon,1961,518.27
gabon,1962,524.65
gabon,1963,531.45
gabon,1964,538.66
gabon,1965,546.31
gabon,1966,554.46
gabon,1967,563.11
gabon,1968,572.26
gabon,1969,583.28
gabon,1970,595.85
gabon,1971,608.35
gabon,1972,620.96
gabon,1973,634.00
gabon,1974,647.69
gabon,1975,662.20
gabon,1976,677.63
gabon,1977,693.98
gabon,1978,711.25
gabon,1979,729.38
gabon,1980,748.39
gabon,1981,768.38
gabon,1982,789.29
gabon,1983,811.00
gabon,1984,833.50
gabon,1985,856.73
gabon,1986,880.71
gabon,1987,905.48
gabon,1988,931.02
gabon,1989,957.14
gabon,1990,983.73
gabon,1991,1010.8
gabon,1992,1038.4
gabon,1993,1066.4
gabon,1994,1094.7
gabon,1995,1123.2
gabon,1996,1152.0
gabon,1997,1181.4
gabon,1998,1211.7
gabon,1999,1243.0
gabon,2000,1275.6
gabon,2001,1309.6
gabon,2002,1345.1
gabon,2003,1382.3
gabon,2004,1421.6
gabon,2005,1463.5
gabon,2006,1508.3
gabon,2007,1556.2
gabon,2008,1607.2
gabon,2009,1661.6
gabon,2010,1719.9
gabon,2011,1782.0
gabon,2012,1846.9
gabon,2013,1913.1
gabon,2014,1978.4
gabon,2015,2041.0
gabon,2016,2100.3
gabon,2017,2156.9
gabon,2018,2212.3
gabon,2019,2267.7
gabon,2020,2322.5
gabon,2021,2376.7
gabon,2022,2430.7
gambia,1961,408.93
gambia,1962,420.16
gambia,1963,431.76
gambia,1964,443.69
gambia,1965,455.95
gambia,1966,468.52
gambia,1967,481.59
gambia,1968,495.27
gambia,1969,509.44
gambia,1970,524.11
gambia,1971,539.39
gambia,1972,555.37
gambia,1973,571.99
gambia,1974,589.09
gambia,1975,606.82
gambia,1976,625.67
gambia,1977,645.77
gambia,1978,667.10
gambia,1979,689.78
gambia,1980,713.91
gambia,1981,739.13
gambia,1982,765.75
gambia,1983,794.52
gambia,1984,825.63
gambia,1985,858.87
gambia,1986,894.02
gambia,1987,931.09
gambia,1988,970.16
gambia,1989,1011.4
gambia,1990,1054.7
gambia,1991,1100.0
gambia,1992,1145.6
gambia,1993,1188.4
gambia,1994,1227.2
gambia,1995,1264.3
gambia,1996,1301.4
gambia,1997,1338.9
gambia,1998,1377.0
gambia,1999,1415.8
gambia,2000,1455.1
gambia,2001,1495.0
gambia,2002,1535.7
gambia,2003,1577.6
gambia,2004,1621.3
gambia,2005,1667.0
gambia,2006,1715.3
gambia,2007,1765.8
gambia,2008,1817.9
gambia,2009,1871.4
gambia,2010,1926.6
gambia,2011,1983.8
gambia,2012,2043.1
gambia,2013,2103.8
gambia,2014,2164.5
gambia,2015,2224.5
gambia,2016,2283.8
gambia,2017,2342.2
gambia,2018,2399.6
gambia,2019,2456.8
gambia,2020,2515.7
gambia,2021,2576.0
gambia,2022,2636.5
georgia,1992,5294.2
georgia,1993,5178.8
georgia,1994,5046.3
georgia,1995,4925.7
georgia,1996,4812.8
georgia,1997,4695.4
georgia,1998,4576.5
georgia,1999,4455.6
georgia,2000,4328.4
georgia,2001,4209.6
georgia,2002,4127.8
georgia,2003,4085.5
georgia,2004,4056.1
georgia,2005,4026.1
georgia,2006,3996.6
georgia,2007,3967.6
georgia,2008,3941.2
georgia,2009,3918.9
georgia,2010,3895.9
georgia,2011,3868.7
georgia,2012,3839.2
georgia,2013,3809.1
georgia,2014,3792.9
georgia,2015,3791.6
georgia,2016,3792.1
georgia,2017,3792.9
georgia,2018,3794.9
georgia,2019,3796.7
georgia,2020,3795.7
georgia,2021,3788.5
georgia,2022,3794.8
germany,1961,73376
germany,1962,73997
germany,1963,74698
germany,1964,75313
germany,1965,75967
germany,1966,76611
germany,1967,76971
germany,1968,77321
germany,1969,77944
germany,1970,78205
germany,1971,78346
germany,1972,78720
germany,1973,78967
germany,1974,78997
germany,1975,78702
germany,1976,78365
germany,1977,78186
germany,1978,78115
germany,1979,78148
germany,1980,78315
germany,1981,78448
germany,1982,78394
germany,1983,78224
germany,1984,77998
germany,1985,77863
germany,1986,77924
germany,1987,78062
germany,1988,78386
germany,1989,79007
germany,1990,79708
germany,1991,80303
germany,1992,80935
germany,1993,81487
germany,1994,81774
germany,1995,82020
germany,1996,82263
germany,1997,82390
germany,1998,82012
germany,1999,81678
germany,2000,81797
germany,2001,81934
germany,2002,82068
germany,2003,82112
germany,2004,82093
germany,2005,82047
germany,2006,81702
germany,2007,81299
germany,2008,81111
germany,2009,80935
germany,2010,80831
germany,2011,80858
germany,2012,80916
germany,2013,81042
germany,2014,81376
germany,2015,82078
germany,2016,82760
germany,2017,83104
germany,2018,83369
germany,2019,83559
germany,2020,83629
germany,2021,83697
germany,2022,84086
ghana,1961,7162.7
ghana,1962,7337.4
ghana,1963,7514.7
ghana,1964,7695.7
ghana,1965,7882.6
ghana,1966,8074.5
ghana,1967,8271.9
ghana,1968,8475.7
ghana,1969,8690.4
ghana,1970,8925.8
ghana,1971,9176.3
ghana,1972,9438.2
ghana,1973,9714.6
ghana,1974,10001
ghana,1975,10294
ghana,1976,10595
ghana,1977,10912
ghana,1978,11248
ghana,1979,11597
ghana,1980,11941
ghana,1981,12282
ghana,1982,12644
ghana,1983,13030
ghana,1984,13371
ghana,1985,13661
ghana,1986,13965
ghana,1987,14289
ghana,1988,14637
ghana,1989,15007
ghana,1990,15395
ghana,1991,15787
ghana,1992,16185
ghana,1993,16590
ghana,1994,16993
ghana,1995,17399
ghana,1996,17810
ghana,1997,18239
ghana,1998,18688
ghana,1999,19150
ghana,2000,19637
ghana,2001,20167
ghana,2002,20729
ghana,2003,21297
ghana,2004,21868
ghana,2005,22449
ghana,2006,23041
ghana,2007,23642
ghana,2008,24250
ghana,2009,24863
ghana,2010,25475
ghana,2011,26095
ghana,2012,26734
ghana,2013,27386
ghana,2014,28042
ghana,2015,28696
ghana,2016,29357
ghana,2017,30008
ghana,2018,30638
ghana,2019,31259
ghana,2020,31888
ghana,2021,32519
ghana,2022,33149
greece,1961,8447.0
greece,1962,8473.4
greece,1963,8488.4
greece,1964,8504.0
greece,1965,8521.4
greece,1966,8580.0
greece,1967,8655.2
greece,1968,8717.9
greece,1969,8747.1
greece,1970,8747.8
greece,1971,8787.0
greece,1972,8849.4
greece,1973,8893.4
greece,1974,8929.1
greece,1975,9017.0
greece,1976,9160.2
greece,1977,9282.0
greece,1978,9390.0
greece,1979,9526.0
greece,1980,9653.4
greece,1981,9754.4
greece,1982,9837.5
greece,1983,9911.5
greece,1984,9978.8
greece,1985,10037
greece,1986,10089
greece,1987,10135
greece,1988,10177
greece,1989,10218
greece,1990,10258
greece,1991,10307
greece,1992,10360
greece,1993,10413
greece,1994,10466
greece,1995,10519
greece,1996,10570
greece,1997,10622
greece,1998,10675
greece,1999,10728
greece,2000,10783
greece,2001,10843
greece,2002,10890
greece,2003,10918
greece,2004,10947
greece,2005,10981
greece,2006,11016
greece,2007,11046
greece,2008,11077
greece,2009,11108
greece,2010,11125
greece,2011,11109
greece,2012,11048
greece,2013,10968
greece,2014,10893
greece,2015,10821
greece,2016,10776
greece,2017,10754
greece,2018,10731
greece,2019,10719
greece,2020,10699
greece,2021,10580
greece,2022,10412
grenada,1961,95.335
grenada,1962,96.375
grenada,1963,97.195
grenada,1964,97.760
grenada,1965,98.067
grenada,1966,98.121
grenada,1967,98.066
grenada,1968,98.078
grenada,1969,98.204
grenada,1970,98.414
grenada,1971,98.648
grenada,1972,98.777
grenada,1973,98.709
grenada,1974,98.486
grenada,1975,98.126
grenada,1976,97.632
grenada,1977,97.017
grenada,1978,96.305
grenada,1979,95.490
grenada,1980,94.538
grenada,1981,94.052
grenada,1982,94.383
grenada,1983,94.948
grenada,1984,95.498
grenada,1985,96.111
grenada,1986,96.790
grenada,1987,97.526
grenada,1988,98.308
grenada,1989,99.121
grenada,1990,99.957
grenada,1991,100.79
grenada,1992,101.60
grenada,1993,102.38
grenada,1994,103.14
grenada,1995,103.87
grenada,1996,104.58
grenada,1997,105.29
grenada,1998,106.01
grenada,1999,106.73
grenada,2000,107.45
grenada,2001,107.99
grenada,2002,108.40
grenada,2003,108.88
grenada,2004,109.32
grenada,2005,109.73
grenada,2006,110.14
grenada,2007,110.52
grenada,2008,110.90
grenada,2009,111.25
grenada,2010,111.59
grenada,2011,112.08
grenada,2012,112.78
grenada,2013,113.49
grenada,2014,114.13
grenada,2015,114.68
grenada,2016,115.13
grenada,2017,115.44
grenada,2018,115.69
grenada,2019,115.98
grenada,2020,116.34
grenada,2021,116.69
grenada,2022,116.91
guatemala,1961,4186.2
guatemala,1962,4312.0
guatemala,1963,4440.3
guatemala,1964,4571.1
guatemala,1965,4705.0
guatemala,1966,4841.0
guatemala,1967,4978.9
guatemala,1968,5118.1
guatemala,1969,5257.1
guatemala,1970,5397.0
guatemala,1971,5538.4
guatemala,1972,5682.8
guatemala,1973,5831.6
guatemala,1974,5981.2
guatemala,1975,6128.7
guatemala,1976,6262.4
guatemala,1977,6401.5
guatemala,1978,6561.5
guatemala,1979,6727.8
guatemala,1980,6900.2
guatemala,1981,7075.6
guatemala,1982,7240.2
guatemala,1983,7419.6
guatemala,1984,7630.7
guatemala,1985,7849.7
guatemala,1986,8070.8
guatemala,1987,8296.5
guatemala,1988,8532.1
guatemala,1989,8775.5
guatemala,1990,9024.8
guatemala,1991,9272.6
guatemala,1992,9522.3
guatemala,1993,9779.8
guatemala,1994,10044
guatemala,1995,10313
guatemala,1996,10584
guatemala,1997,10858
guatemala,1998,11139
guatemala,1999,11423
guatemala,2000,11698
guatemala,2001,11969
guatemala,2002,12247
guatemala,2003,12526
guatemala,2004,12807
guatemala,2005,13088
guatemala,2006,13367
guatemala,2007,13652
guatemala,2008,13935
guatemala,2009,14216
guatemala,2010,14500
guatemala,2011,14792
guatemala,2012,15090
guatemala,2013,15387
guatemala,2014,15682
guatemala,2015,15972
guatemala,2016,16269
guatemala,2017,16567
guatemala,2018,16846
guatemala,2019,17104
guatemala,2020,17357
guatemala,2021,17599
guatemala,2022,17848
guinea,1961,3619.6
guinea,1962,3684.3
guinea,1963,3751.0
guinea,1964,3819.7
guinea,1965,3890.7
guinea,1966,3964.2
guinea,1967,4040.2
guinea,1968,4118.6
guinea,1969,4198.3
guinea,1970,4277.5
guinea,1971,4355.2
guinea,1972,4431.3
guinea,1973,4506.3
guinea,1974,4580.5
guinea,1975,4653.9
guinea,1976,4727.0
guinea,1977,4801.1
guinea,1978,4877.9
guinea,1979,4959.3
guinea,1980,5047.4
guinea,1981,5143.3
guinea,1982,5247.7
guinea,1983,5359.8
guinea,1984,5480.1
guinea,1985,5610.4
guinea,1986,5750.7
guinea,1987,5900.2
guinea,1988,6056.6
guinea,1989,6215.8
guinea,1990,6434.4
guinea,1991,6697.2
guinea,1992,6914.4
guinea,1993,7128.2
guinea,1994,7345.1
guinea,1995,7553.2
guinea,1996,7770.0
guinea,1997,7931.4
guinea,1998,8082.0
guinea,1999,8265.1
guinea,2000,8428.8
guinea,2001,8540.0
guinea,2002,8674.1
guinea,2003,8870.8
guinea,2004,9062.7
guinea,2005,9245.8
guinea,2006,9441.2
guinea,2007,9662.3
guinea,2008,9898.9
guinea,2009,10144
guinea,2010,10396
guinea,2011,10657
guinea,2012,10922
guinea,2013,11192
guinea,2014,11473
guinea,2015,11767
guinea,2016,12073
guinea,2017,12386
guinea,2018,12705
guinea,2019,13034
guinea,2020,13371
guinea,2021,13711
guinea,2022,14055
guinea_bissau,1961,582.53
guinea_bissau,1962,589.47
guinea_bissau,1963,594.42
guinea_bissau,1964,588.54
guinea_bissau,1965,575.00
guinea_bissau,1966,566.91
guinea_bissau,1967,569.01
guinea_bissau,1968,578.17
guinea_bissau,1969,581.61
guinea_bissau,1970,584.40
guinea_bissau,1971,586.22
guinea_bissau,1972,586.62
guinea_bissau,1973,592.81
guinea_bissau,1974,613.34
guinea_bissau,1975,650.97
guinea_bissau,1976,694.19
guinea_bissau,1977,741.79
guinea_bissau,1978,791.69
guinea_bissau,1979,819.87
guinea_bissau,1980,829.30
guinea_bissau,1981,842.43
guinea_bissau,1982,855.89
guinea_bissau,1983,869.59
guinea_bissau,1984,883.52
guinea_bissau,1985,897.70
guinea_bissau,1986,912.13
guinea_bissau,1987,926.86
guinea_bissau,1988,942.06
guinea_bissau,1989,957.79
guinea_bissau,1990,973.67
guinea_bissau,1991,994.64
guinea_bissau,1992,1024.4
guinea_bissau,1993,1058.7
guinea_bissau,1994,1092.0
guinea_bissau,1995,1119.9
guinea_bissau,1996,1143.5
guinea_bissau,1997,1165.5
guinea_bissau,1998,1187.5
guinea_bissau,1999,1210.2
guinea_bissau,2000,1234.7
guinea_bissau,2001,1261.3
guinea_bissau,2002,1289.3
guinea_bissau,2003,1318.8
guinea_bissau,2004,1349.6
guinea_bissau,2005,1381.6
guinea_bissau,2006,1415.3
guinea_bissau,2007,1451.0
guinea_bissau,2008,1488.1
guinea_bissau,2009,1526.4
guinea_bissau,2010,1566.3
guinea_bissau,2011,1608.1
guinea_bissau,2012,1651.4
guinea_bissau,2013,1696.0
guinea_bissau,2014,1741.1
guinea_bissau,2015,1786.5
guinea_bissau,2016,1831.9
guinea_bissau,2017,1877.1
guinea_bissau,2018,1922.2
guinea_bissau,2019,1967.7
guinea_bissau,2020,2013.3
guinea_bissau,2021,2058.8
guinea_bissau,2022,2105.5
guyana,1961,582.57
guyana,1962,595.46
guyana,1963,608.54
guyana,1964,621.76
guyana,1965,635.13
guyana,1966,648.65
guyana,1967,662.31
guyana,1968,676.16
guyana,1969,690.22
guyana,1970,702.71
guyana,1971,712.66
guyana,1972,721.62
guyana,1973,730.14
guyana,1974,738.06
guyana,1975,745.39
guyana,1976,752.25
guyana,1977,758.65
guyana,1978,764.59
guyana,1979,770.06
guyana,1980,774.37
guyana,1981,776.45
guyana,1982,776.71
guyana,1983,775.89
guyana,1984,774.11
guyana,1985,771.48
guyana,1986,768.10
guyana,1987,764.12
guyana,1988,759.66
guyana,1989,754.87
guyana,1990,749.89
guyana,1991,747.86
guyana,1992,749.91
guyana,1993,752.97
guyana,1994,755.82
guyana,1995,758.39
guyana,1996,760.53
guyana,1997,762.25
guyana,1998,763.59
guyana,1999,764.48
guyana,2000,764.83
guyana,2001,764.48
guyana,2002,763.65
guyana,2003,763.10
guyana,2004,762.42
guyana,2005,760.91
guyana,2006,758.97
guyana,2007,756.86
guyana,2008,754.61
guyana,2009,752.09
guyana,2010,749.26
guyana,2011,746.15
guyana,2012,746.29
guyana,2013,750.02
guyana,2014,754.23
guyana,2015,758.78
guyana,2016,763.55
guyana,2017,768.48
guyana,2018,791.56
guyana,2019,807.66
guyana,2020,807.48
guyana,2021,815.48
guyana,2022,821.64
haiti,1961,3929.0
haiti,1962,4001.6
haiti,1963,4073.1
haiti,1964,4146.2
haiti,1965,4223.8
haiti,1966,4302.6
haiti,1967,4383.0
haiti,1968,4465.3
haiti,1969,4549.3
haiti,1970,4635.1
haiti,1971,4723.2
haiti,1972,4813.9
haiti,1973,4906.7
haiti,1974,5001.8
haiti,1975,5099.1
haiti,1976,5198.4
haiti,1977,5299.5
haiti,1978,5402.6
haiti,1979,5507.6
haiti,1980,5614.5
haiti,1981,5723.7
haiti,1982,5835.9
haiti,1983,5951.1
haiti,1984,6069.2
haiti,1985,6190.9
haiti,1986,6316.1
haiti,1987,6445.1
haiti,1988,6578.1
haiti,1989,6714.7
haiti,1990,6854.4
haiti,1991,6995.4
haiti,1992,7136.6
haiti,1993,7278.2
haiti,1994,7419.8
haiti,1995,7562.5
haiti,1996,7707.6
haiti,1997,7854.3
haiti,1998,8002.1
haiti,1999,8151.3
haiti,2000,8303.2
haiti,2001,8455.9
haiti,2002,8607.6
haiti,2003,8759.9
haiti,2004,8910.3
haiti,2005,9061.3
haiti,2006,9216.6
haiti,2007,9373.3
haiti,2008,9530.8
haiti,2009,9689.6
haiti,2010,9803.3
haiti,2011,9914.9
haiti,2012,10070
haiti,2013,10222
haiti,2014,10373
haiti,2015,10523
haiti,2016,10671
haiti,2017,10818
haiti,2018,10962
haiti,2019,11105
haiti,2020,11244
haiti,2021,11375
haiti,2022,11504
holy_see,1961,0.91700
holy_see,1962,0.91700
holy_see,1963,0.91700
holy_see,1964,0.92100
holy_see,1965,0.90800
holy_see,1966,0.86600
holy_see,1967,0.81300
holy_see,1968,0.77100
holy_see,1969,0.75500
holy_see,1970,0.75200
holy_see,1971,0.75100
holy_see,1972,0.74900
holy_see,1973,0.74600
holy_see,1974,0.74300
holy_see,1975,0.74000
holy_see,1976,0.73800
holy_see,1977,0.73700
holy_see,1978,0.73500
holy_see,1979,0.73400
holy_see,1980,0.73300
holy_see,1981,0.73300
holy_see,1982,0.73000
holy_see,1983,0.72700
holy_see,1984,0.72400
holy_see,1985,0.71900
holy_see,1986,0.71300
holy_see,1987,0.70900
holy_see,1988,0.70700
holy_see,1989,0.70500
holy_see,1990,0.70000
holy_see,1991,0.69100
holy_see,1992,0.68500
holy_see,1993,0.68300
holy_see,1994,0.67900
holy_see,1995,0.67600
holy_see,1996,0.67300
holy_see,1997,0.66800
holy_see,1998,0.66000
holy_see,1999,0.65400
holy_see,2000,0.65100
holy_see,2001,0.64900
holy_see,2002,0.64400
holy_see,2003,0.63800
holy_see,2004,0.63300
holy_see,2005,0.62800
holy_see,2006,0.62200
holy_see,2007,0.61700
holy_see,2008,0.61300
holy_see,2009,0.60400
holy_see,2010,0.59600
holy_see,2011,0.59000
holy_see,2012,0.58100
holy_see,2013,0.57400
holy_see,2014,0.56900
holy_see,2015,0.56400
holy_see,2016,0.55600
holy_see,2017,0.54700
holy_see,2018,0.53700
holy_see,2019,0.52800
holy_see,2020,0.52000
holy_see,2021,0.51100
holy_see,2022,0.51000
honduras,1961,2121.2
honduras,1962,2182.1
honduras,1963,2244.9
honduras,1964,2309.9
honduras,1965,2377.2
honduras,1966,2446.8
honduras,1967,2518.6
honduras,1968,2593.1
honduras,1969,2670.3
honduras,1970,2750.7
honduras,1971,2834.6
honduras,1972,2922.1
honduras,1973,3011.5
honduras,1974,3099.8
honduras,1975,3193.2
honduras,1976,3294.5
honduras,1977,3398.7
honduras,1978,3505.5
honduras,1979,3615.0
honduras,1980,3727.2
honduras,1981,3841.8
honduras,1982,3958.7
honduras,1983,4078.2
honduras,1984,4199.9
honduras,1985,4323.3
honduras,1986,4448.9
honduras,1987,4576.9
honduras,1988,4707.7
honduras,1989,4841.8
honduras,1990,4980.5
honduras,1991,5123.8
honduras,1992,5271.4
honduras,1993,5423.2
honduras,1994,5579.2
honduras,1995,5739.6
honduras,1996,5904.0
honduras,1997,6071.5
honduras,1998,6234.4
honduras,1999,6400.5
honduras,2000,6577.8
honduras,2001,6758.0
honduras,2002,6938.9
honduras,2003,7119.2
honduras,2004,7299.0
honduras,2005,7478.4
honduras,2006,7656.8
honduras,2007,7834.8
honduras,2008,8012.6
honduras,2009,8189.9
honduras,2010,8365.9
honduras,2011,8540.6
honduras,2012,8715.1
honduras,2013,8889.3
honduras,2014,9063.1
honduras,2015,9237.3
honduras,2016,9412.4
honduras,2017,9588.1
honduras,2018,9765.2
honduras,2019,9943.6
honduras,2020,10120
honduras,2021,10290
honduras,2022,10464
hungary,1961,10027
hungary,1962,10058
hungary,1963,10084
hungary,1964,10114
hungary,1965,10141
hungary,1966,10170
hungary,1967,10207
hungary,1968,10245
hungary,1969,10282
hungary,1970,10315
hungary,1971,10344
hungary,1972,10374
hungary,1973,10407
hungary,1974,10454
hungary,1975,10516
hungary,1976,10574
hungary,1977,10623
hungary,1978,10660
hungary,1979,10688
hungary,1980,10695
hungary,1981,10679
hungary,1982,10656
hungary,1983,10623
hungary,1984,10584
hungary,1985,10547
hungary,1986,10511
hungary,1987,10475
hungary,1988,10441
hungary,1989,10403
hungary,1990,10381
hungary,1991,10378
hungary,1992,10371
hungary,1993,10357
hungary,1994,10340
hungary,1995,10323
hungary,1996,10302
hungary,1997,10279
hungary,1998,10252
hungary,1999,10220
hungary,2000,10191
hungary,2001,10167
hungary,2002,10138
hungary,2003,10109
hungary,2004,10086
hungary,2005,10066
hungary,2006,10050
hungary,2007,10034
hungary,2008,10017
hungary,2009,10001
hungary,2010,9979.1
hungary,2011,9946.7
hungary,2012,9916.6
hungary,2013,9889.3
hungary,2014,9862.8
hungary,2015,9839.2
hungary,2016,9810.5
hungary,2017,9785.6
hungary,2018,9774.4
hungary,2019,9770.3
hungary,2020,9749.5
hungary,2021,9707.9
hungary,2022,9684.3
iceland,1961,179.00
iceland,1962,182.34
iceland,1963,185.64
iceland,1964,189.03
iceland,1965,192.33
iceland,1966,195.60
iceland,1967,198.78
iceland,1968,201.50
iceland,1969,203.38
iceland,1970,204.48
iceland,1971,206.16
iceland,1972,209.20
iceland,1973,212.38
iceland,1974,215.27
iceland,1975,218.03
iceland,1976,220.19
iceland,1977,221.83
iceland,1978,223.57
iceland,1979,225.76
iceland,1980,228.14
iceland,1981,230.75
iceland,1982,233.84
iceland,1983,236.96
iceland,1984,239.50
iceland,1985,241.40
iceland,1986,243.18
iceland,1987,245.85
iceland,1988,249.73
iceland,1989,252.85
iceland,1990,254.83
iceland,1991,257.81
iceland,1992,261.08
iceland,1993,263.75
iceland,1994,266.05
iceland,1995,267.51
iceland,1996,268.96
iceland,1997,271.19
iceland,1998,274.11
iceland,1999,277.45
iceland,2000,281.28
iceland,2001,285.05
iceland,2002,287.61
iceland,2003,289.61
iceland,2004,292.17
iceland,2005,296.83
iceland,2006,303.87
iceland,2007,311.65
iceland,2008,317.51
iceland,2009,318.61
iceland,2010,318.16
iceland,2011,319.14
iceland,2012,320.84
iceland,2013,323.88
iceland,2014,327.51
iceland,2015,330.95
iceland,2016,335.57
iceland,2017,343.53
iceland,2018,352.85
iceland,2019,360.70
iceland,2020,366.61
iceland,2021,372.64
iceland,2022,380.36
india,1961,446560
india,1962,457280
india,1963,468140
india,1964,479230
india,1965,490140
india,1966,500740
india,1967,511610
india,1968,522720
india,1969,533880
india,1970,545860
india,1971,558100
india,1972,570480
india,1973,583470
india,1974,597040
india,1975,611310
india,1976,625860
india,1977,640800
india,1978,655730
india,1979,671160
india,1980,687350
india,1981,703700
india,1982,720310
india,1983,737370
india,1984,754880
india,1985,772650
india,1986,790690
india,1987,808930
india,1988,827340
india,1989,846040
india,1990,864970
india,1991,883930
india,1992,902960
india,1993,922120
india,1994,941160
india,1995,960300
india,1996,979680
india,1997,999130
india,1998,1018700
india,1999,1038200
india,2000,1057900
india,2001,1077900
india,2002,1097600
india,2003,1116800
india,2004,1136000
india,2005,1154700
india,2006,1172900
india,2007,1190700
india,2008,1207900
india,2009,1225500
india,2010,1243500
india,2011,1261200
india,2012,1278700
india,2013,1295800
india,2014,1312300
india,2015,1328000
india,2016,1343900
india,2017,1359700
india,2018,1374700
india,2019,1389000
india,2020,1402600
india,2021,1414200
india,2022,1425400
indonesia,1961,90791
indonesia,1962,93376
indonesia,1963,96051
indonesia,1964,98834
indonesia,1965,101370
indonesia,1966,103790
indonesia,1967,106530
indonesia,1968,109450
indonesia,1969,112520
indonesia,1970,115660
indonesia,1971,118830
indonesia,1972,122040
indonesia,1973,125290
indonesia,1974,128560
indonesia,1975,131840
indonesia,1976,135170
indonesia,1977,138530
indonesia,1978,141950
indonesia,1979,145430
indonesia,1980,148950
indonesia,1981,152490
indonesia,1982,156050
indonesia,1983,159650
indonesia,1984,163250
indonesia,1985,166780
indonesia,1986,170180
indonesia,1987,173510
indonesia,1988,176860
indonesia,1989,180200
indonesia,1990,183500
indonesia,1991,186780
indonesia,1992,190040
indonesia,1993,193310
indonesia,1994,196590
indonesia,1995,199890
indonesia,1996,203200
indonesia,1997,206540
indonesia,1998,209830
indonesia,1999,213000
indonesia,2000,216080
indonesia,2001,219100
indonesia,2002,222090
indonesia,2003,225050
indonesia,2004,227930
indonesia,2005,230870
indonesia,2006,233950
indonesia,2007,237060
indonesia,2008,240160
indonesia,2009,243220
indonesia,2010,246310
indonesia,2011,249470
indonesia,2012,252700
indonesia,2013,255850
indonesia,2014,258880
indonesia,2015,261800
indonesia,2016,264630
indonesia,2017,267350
indonesia,2018,269950
indonesia,2019,272490
indonesia,2020,274810
indonesia,2021,276760
indonesia,2022,278830
iran_islamic_republic_of,1961,22126
iran_islamic_republic_of,1962,22808
iran_islamic_republic_of,1963,23519
iran_islamic_republic_of,1964,24263
iran_islamic_republic_of,1965,25037
iran_islamic_republic_of,1966,25829
iran_islamic_republic_of,1967,26628
iran_islamic_republic_of,1968,27437
iran_islamic_republic_of,1969,28273
iran_islamic_republic_of,1970,29145
iran_islamic_republic_of,1971,30029
iran_islamic_republic_of,1972,30921
iran_islamic_republic_of,1973,31840
iran_islamic_republic_of,1974,32796
iran_islamic_republic_of,1975,33803
iran_islamic_republic_of,1976,34837
iran_islamic_republic_of,1977,35933
iran_islamic_republic_of,1978,37127
iran_islamic_republic_of,1979,38425
iran_islamic_republic_of,1980,39842
iran_islamic_republic_of,1981,41989
iran_islamic_republic_of,1982,44272
iran_islamic_republic_of,1983,46030
iran_islamic_republic_of,1984,47794
iran_islamic_republic_of,1985,49582
iran_islamic_republic_of,1986,51446
iran_islamic_republic_of,1987,53323
iran_islamic_republic_of,1988,55073
iran_islamic_republic_of,1989,56705
iran_islamic_republic_of,1990,58380
iran_islamic_republic_of,1991,59987
iran_islamic_republic_of,1992,61185
iran_islamic_republic_of,1993,61404
iran_islamic_republic_of,1994,61521
iran_islamic_republic_of,1995,62206
iran_islamic_republic_of,1996,62881
iran_islamic_republic_of,1997,63640
iran_islamic_republic_of,1998,64520
iran_islamic_republic_of,1999,65445
iran_islamic_republic_of,2000,66419
iran_islamic_republic_of,2001,67452
iran_islamic_republic_of,2002,68011
iran_islamic_republic_of,2003,68769
iran_islamic_republic_of,2004,70256
iran_islamic_republic_of,2005,71828
iran_islamic_republic_of,2006,73393
iran_islamic_republic_of,2007,74603
iran_islamic_republic_of,2008,75514
iran_islamic_republic_of,2009,76458
iran_islamic_republic_of,2010,77421
iran_islamic_republic_of,2011,78384
iran_islamic_republic_of,2012,79371
iran_islamic_republic_of,2013,80415
iran_islamic_republic_of,2014,81502
iran_islamic_republic_of,2015,82619
iran_islamic_republic_of,2016,83812
iran_islamic_republic_of,2017,85027
iran_islamic_republic_of,2018,86118
iran_islamic_republic_of,2019,87052
iran_islamic_republic_of,2020,87723
iran_islamic_republic_of,2021,88455
iran_islamic_republic_of,2022,89524
iraq,1961,7194.6
iraq,1962,7413.9
iraq,1963,7667.9
iraq,1964,7929.6
iraq,1965,8202.1
iraq,1966,8485.1
iraq,1967,8778.9
iraq,1968,9085.0
iraq,1969,9403.4
iraq,1970,9735.6
iraq,1971,10078
iraq,1972,10430
iraq,1973,10796
iraq,1974,11168
iraq,1975,11544
iraq,1976,11928
iraq,1977,12331
iraq,1978,12753
iraq,1979,13170
iraq,1980,13592
iraq,1981,14006
iraq,1982,14406
iraq,1983,14841
iraq,1984,15311
iraq,1985,15683
iraq,1986,16074
iraq,1987,16521
iraq,1988,16909
iraq,1989,17365
iraq,1990,17581
iraq,1991,17767
iraq,1992,18301
iraq,1993,19201
iraq,1994,20140
iraq,1995,20826
iraq,1996,21501
iraq,1997,22177
iraq,1998,22884
iraq,1999,23637
iraq,2000,24424
iraq,2001,25198
iraq,2002,26007
iraq,2003,26803
iraq,2004,27578
iraq,2005,28407
iraq,2006,28617
iraq,2007,28392
iraq,2008,28971
iraq,2009,30058
iraq,2010,31045
iraq,2011,32161
iraq,2012,33655
iraq,2013,35282
iraq,2014,36550
iraq,2015,37561
iraq,2016,38470
iraq,2017,39337
iraq,2018,40266
iraq,2019,41192
iraq,2020,42117
iraq,2021,43071
iraq,2022,44071
ireland,1961,2824.7
ireland,1962,2831.5
ireland,1963,2843.0
ireland,1964,2857.2
ireland,1965,2873.2
ireland,1966,2888.9
ireland,1967,2905.4
ireland,1968,2922.8
ireland,1969,2940.8
ireland,1970,2961.4
ireland,1971,2993.1
ireland,1972,3037.2
ireland,1973,3084.4
ireland,1974,3132.2
ireland,1975,3180.1
ireland,1976,3228.4
ireland,1977,3277.8
ireland,1978,3329.2
ireland,1979,3375.8
ireland,1980,3415.2
ireland,1981,3448.8
ireland,1982,3475.5
ireland,1983,3497.6
ireland,1984,3516.0
ireland,1985,3531.3
ireland,1986,3541.9
ireland,1987,3540.4
ireland,1988,3525.1
ireland,1989,3511.1
ireland,1990,3514.0
ireland,1991,3534.3
ireland,1992,3558.4
ireland,1993,3576.1
ireland,1994,3590.2
ireland,1995,3610.7
ireland,1996,3638.5
ireland,1997,3672.3
ireland,1998,3711.1
ireland,1999,3752.9
ireland,2000,3802.6
ireland,2001,3863.0
ireland,2002,3928.4
ireland,2003,3992.9
ireland,2004,4066.1
ireland,2005,4155.3
ireland,2006,4268.8
ireland,2007,4393.5
ireland,2008,4486.0
ireland,2009,4533.8
ireland,2010,4559.1
ireland,2011,4579.6
ireland,2012,4600.1
ireland,2013,4624.7
ireland,2014,4658.2
ireland,2015,4702.5
ireland,2016,4753.5
ireland,2017,4810.3
ireland,2018,4872.6
ireland,2019,4933.5
ireland,2020,4982.6
ireland,2021,5028.4
ireland,2022,5110.0
israel,1961,1956.9
israel,1962,2041.0
israel,1963,2135.0
israel,1964,2231.9
israel,1965,2331.5
israel,1966,2433.8
israel,1967,2538.7
israel,1968,2645.5
israel,1969,2754.2
israel,1970,2864.8
israel,1971,2977.3
israel,1972,3079.4
israel,1973,3163.0
israel,1974,3240.0
israel,1975,3318.1
israel,1976,3398.3
israel,1977,3479.6
israel,1978,3560.4
israel,1979,3640.9
israel,1980,3721.7
israel,1981,3802.2
israel,1982,3883.6
israel,1983,3959.6
israel,1984,4033.7
israel,1985,4105.4
israel,1986,4169.0
israel,1987,4236.9
israel,1988,4307.3
israel,1989,4381.5
israel,1990,4545.0
israel,1991,4779.9
israel,1992,4957.2
israel,1993,5086.0
israel,1994,5216.7
israel,1995,5354.7
israel,1996,5499.6
israel,1997,5646.5
israel,1998,5790.1
israel,1999,5946.1
israel,2000,6111.2
israel,2001,6260.0
israel,2002,6387.7
israel,2003,6502.8
israel,2004,6615.1
israel,2005,6728.2
israel,2006,6844.0
israel,2007,6962.5
israel,2008,7082.6
israel,2009,7206.1
israel,2010,7336.7
israel,2011,7471.0
israel,2012,7607.8
israel,2013,7749.4
israel,2014,7897.2
israel,2015,8052.9
israel,2016,8210.0
israel,2017,8361.8
israel,2018,8510.1
israel,2019,8657.5
israel,2020,8800.4
israel,2021,8942.9
israel,2022,9103.2
italy,1961,49815
italy,1962,50171
italy,1963,50571
italy,1964,51020
italy,1965,51481
italy,1966,51919
italy,1967,52338
italy,1968,52712
italy,1969,53060
italy,1970,53390
italy,1971,53708
italy,1972,54068
italy,1973,54451
italy,1974,54821
italy,1975,55166
italy,1976,55459
italy,1977,55715
italy,1978,55939
italy,1979,56132
italy,1980,56412
italy,1981,56647
italy,1982,56719
italy,1983,56766
italy,1984,56810
italy,1985,56856
italy,1986,56876
italy,1987,56892
italy,1988,56929
italy,1989,56977
italy,1990,57031
italy,1991,57075
italy,1992,57125
italy,1993,57171
italy,1994,57420
italy,1995,57403
italy,1996,57162
italy,1997,57189
italy,1998,57215
italy,1999,57241
italy,2000,57272
italy,2001,57306
italy,2002,57421
italy,2003,57740
italy,2004,58177
italy,2005,58520
italy,2006,58754
italy,2007,59109
italy,2008,59562
italy,2009,59904
italy,2010,60164
italy,2011,60368
italy,2012,60532
italy,2013,60654
italy,2014,60664
italy,2015,60575
italy,2016,60478
italy,2017,60390
italy,2018,60277
italy,2019,60130
italy,2020,59913
italy,2021,59729
italy,2022,59619
jamaica,1961,1673.3
jamaica,1962,1696.9
jamaica,1963,1721.1
jamaica,1964,1745.6
jamaica,1965,1769.2
jamaica,1966,1791.5
jamaica,1967,1812.9
jamaica,1968,1833.8
jamaica,1969,1855.1
jamaica,1970,1878.2
jamaica,1971,1903.7
jamaica,1972,1931.5
jamaica,1973,1961.2
jamaica,1974,1990.9
jamaica,1975,2019.0
jamaica,1976,2045.6
jamaica,1977,2070.7
jamaica,1978,2094.8
jamaica,1979,2119.5
jamaica,1980,2145.7
jamaica,1981,2173.8
jamaica,1982,2203.9
jamaica,1983,2234.8
jamaica,1984,2264.6
jamaica,1985,2290.7
jamaica,1986,2312.1
jamaica,1987,2329.8
jamaica,1988,2345.8
jamaica,1989,2361.9
jamaica,1990,2379.9
jamaica,1991,2400.9
jamaica,1992,2424.7
jamaica,1993,2449.9
jamaica,1994,2475.2
jamaica,1995,2500.2
jamaica,1996,2524.5
jamaica,1997,2547.8
jamaica,1998,2569.7
jamaica,1999,2589.8
jamaica,2000,2607.8
jamaica,2001,2624.4
jamaica,2002,2640.6
jamaica,2003,2656.6
jamaica,2004,2672.2
jamaica,2005,2687.1
jamaica,2006,2701.0
jamaica,2007,2713.8
jamaica,2008,2725.6
jamaica,2009,2737.0
jamaica,2010,2748.6
jamaica,2011,2760.5
jamaica,2012,2772.4
jamaica,2013,2783.7
jamaica,2014,2793.7
jamaica,2015,2802.5
jamaica,2016,2809.9
jamaica,2017,2815.8
jamaica,2018,2820.1
jamaica,2019,2823.3
jamaica,2020,2830.7
jamaica,2021,2837.7
jamaica,2022,2839.1
japan,1961,97218
japan,1962,98076
japan,1963,98958
japan,1964,99890
japan,1965,100920
japan,1966,101890
japan,1967,102970
japan,1968,104240
japan,1969,105480
japan,1970,106710
japan,1971,107950
japan,1972,109240
japan,1973,110610
japan,1974,112010
japan,1975,113320
japan,1976,114500
japan,1977,115570
japan,1978,116580
japan,1979,117520
japan,1980,118360
japan,1981,118990
japan,1982,119490
japan,1983,119950
japan,1984,120380
japan,1985,120830
japan,1986,121370
japan,1987,121940
japan,1988,122480
japan,1989,122950
japan,1990,123400
japan,1991,123890
japan,1992,124380
japan,1993,124840
japan,1994,125290
japan,1995,125670
japan,1996,125980
japan,1997,126270
japan,1998,126550
japan,1999,126800
japan,2000,127030
japan,2001,127260
japan,2002,127480
japan,2003,127670
japan,2004,127820
japan,2005,127910
japan,2006,128000
japan,2007,128090
japan,2008,128160
japan,2009,128190
japan,2010,128190
japan,2011,128100
japan,2012,127930
japan,2013,127720
japan,2014,127490
japan,2015,127280
japan,2016,127160
japan,2017,127060
japan,2018,126910
japan,2019,126700
japan,2020,126300
japan,2021,125680
japan,2022,125000
jordan,1961,897.59
jordan,1962,940.55
jordan,1963,984.71
jordan,1964,1035.6
jordan,1965,1099.4
jordan,1966,1178.4
jordan,1967,1271.2
jordan,1968,1372.5
jordan,1969,1473.1
jordan,1970,1565.2
jordan,1971,1645.1
jordan,1972,1714.6
jordan,1973,1778.1
jordan,1974,1839.2
jordan,1975,1899.1
jordan,1976,1958.2
jordan,1977,2019.0
jordan,1978,2083.6
jordan,1979,2153.9
jordan,1980,2234.2
jordan,1981,2325.5
jordan,1982,2426.9
jordan,1983,2537.3
jordan,1984,2654.7
jordan,1985,2778.8
jordan,1986,2909.9
jordan,1987,3047.6
jordan,1988,3193.0
jordan,1989,3349.6
jordan,1990,3621.9
jordan,1991,3915.1
jordan,1992,4127.7
jordan,1993,4348.0
jordan,1994,4561.4
jordan,1995,4752.1
jordan,1996,4912.5
jordan,1997,5046.3
jordan,1998,5164.3
jordan,1999,5276.4
jordan,2000,5386.9
jordan,2001,5498.9
jordan,2002,5616.1
jordan,2003,5741.8
jordan,2004,5882.1
jordan,2005,6029.6
jordan,2006,6427.4
jordan,2007,6827.2
jordan,2008,6989.9
jordan,2009,7141.8
jordan,2010,7297.0
jordan,2011,7480.4
jordan,2012,7587.1
jordan,2013,7991.8
jordan,2014,8791.7
jordan,2015,9544.7
jordan,2016,10006
jordan,2017,10234
jordan,2018,10462
jordan,2019,10672
jordan,2020,10865
jordan,2021,11066
jordan,2022,11256
kazakhstan,1992,17333
kazakhstan,1993,17274
kazakhstan,1994,17044
kazakhstan,1995,16731
kazakhstan,1996,16416
kazakhstan,1997,16043
kazakhstan,1998,15648
kazakhstan,1999,15456
kazakhstan,2000,15501
kazakhstan,2001,15576
kazakhstan,2002,15657
kazakhstan,2003,15747
kazakhstan,2004,15850
kazakhstan,2005,15968
kazakhstan,2006,16104
kazakhstan,2007,16257
kazakhstan,2008,16427
kazakhstan,2009,16620
kazakhstan,2010,16837
kazakhstan,2011,17066
kazakhstan,2012,17306
kazakhstan,2013,17557
kazakhstan,2014,17816
kazakhstan,2015,18084
kazakhstan,2016,18364
kazakhstan,2017,18652
kazakhstan,2018,18933
kazakhstan,2019,19210
kazakhstan,2020,19482
kazakhstan,2021,19744
kazakhstan,2022,20035
kenya,1961,7987.8
kenya,1962,8299.3
kenya,1963,8628.0
kenya,1964,8973.5
kenya,1965,9338.1
kenya,1966,9717.8
kenya,1967,10111
kenya,1968,10519
kenya,1969,10940
kenya,1970,11369
kenya,1971,11789
kenya,1972,12206
kenya,1973,12635
kenya,1974,13070
kenya,1975,13512
kenya,1976,13958
kenya,1977,14429
kenya,1978,14934
kenya,1979,15461
kenya,1980,16018
kenya,1981,16602
kenya,1982,17206
kenya,1983,17846
kenya,1984,18515
kenya,1985,19202
kenya,1986,19902
kenya,1987,20616
kenya,1988,21356
kenya,1989,22118
kenya,1990,22893
kenya,1991,23647
kenya,1992,24382
kenya,1993,25117
kenya,1994,25857
kenya,1995,26602
kenya,1996,27344
kenya,1997,28102
kenya,1998,28888
kenya,1999,29733
kenya,2000,30643
kenya,2001,31619
kenya,2002,32630
kenya,2003,33652
kenya,2004,34713
kenya,2005,35796
kenya,2006,36904
kenya,2007,38036
kenya,2008,39206
kenya,2009,40409
kenya,2010,41599
kenya,2011,42758
kenya,2012,43888
kenya,2013,44987
kenya,2014,46051
kenya,2015,47089
kenya,2016,48140
kenya,2017,49198
kenya,2018,50207
kenya,2019,51203
kenya,2020,52217
kenya,2021,53219
kenya,2022,54252
kiribati,1961,48.323
kiribati,1962,49.538
kiribati,1963,50.791
kiribati,1964,52.088
kiribati,1965,53.439
kiribati,1966,54.425
kiribati,1967,54.996
kiribati,1968,55.529
kiribati,1969,56.360
kiribati,1970,57.510
kiribati,1971,58.652
kiribati,1972,59.778
kiribati,1973,60.824
kiribati,1974,61.219
kiribati,1975,60.987
kiribati,1976,60.661
kiribati,1977,60.267
kiribati,1978,59.864
kiribati,1979,60.172
kiribati,1980,61.148
kiribati,1981,62.121
kiribati,1982,63.134
kiribati,1983,64.169
kiribati,1984,65.228
kiribati,1985,66.496
kiribati,1986,68.059
kiribati,1987,69.733
kiribati,1988,71.427
kiribati,1989,73.147
kiribati,1990,74.855
kiribati,1991,76.367
kiribati,1992,77.641
kiribati,1993,78.841
kiribati,1994,80.021
kiribati,1995,81.234
kiribati,1996,82.623
kiribati,1997,84.147
kiribati,1998,85.657
kiribati,1999,87.126
kiribati,2000,88.613
kiribati,2001,90.335
kiribati,2002,92.264
kiribati,2003,94.175
kiribati,2004,96.085
kiribati,2005,98.035
kiribati,2006,100.02
kiribati,2007,102.07
kiribati,2008,104.22
kiribati,2009,106.47
kiribati,2010,108.70
kiribati,2011,110.65
kiribati,2012,112.28
kiribati,2013,113.84
kiribati,2014,115.33
kiribati,2015,116.81
kiribati,2016,118.48
kiribati,2017,120.28
kiribati,2018,122.08
kiribati,2019,123.92
kiribati,2020,126.10
kiribati,2021,128.38
kiribati,2022,130.47
kuwait,1961,345.94
kuwait,1962,385.00
kuwait,1963,427.69
kuwait,1964,473.12
kuwait,1965,521.17
kuwait,1966,572.59
kuwait,1967,628.09
kuwait,1968,687.72
kuwait,1969,749.45
kuwait,1970,809.11
kuwait,1971,865.08
kuwait,1972,920.35
kuwait,1973,977.65
kuwait,1974,1038.3
kuwait,1975,1104.9
kuwait,1976,1178.7
kuwait,1977,1258.0
kuwait,1978,1340.3
kuwait,1979,1423.5
kuwait,1980,1504.8
kuwait,1981,1583.4
kuwait,1982,1662.5
kuwait,1983,1744.3
kuwait,1984,1820.7
kuwait,1985,1894.2
kuwait,1986,1972.5
kuwait,1987,2053.0
kuwait,1988,2134.7
kuwait,1989,2217.5
kuwait,1990,1684.8
kuwait,1991,1351.4
kuwait,1992,1635.0
kuwait,1993,1672.2
kuwait,1994,1664.4
kuwait,1995,1681.5
kuwait,1996,1730.2
kuwait,1997,1787.7
kuwait,1998,1844.3
kuwait,1999,1900.0
kuwait,2000,1954.7
kuwait,2001,2008.1
kuwait,2002,2060.0
kuwait,2003,2109.9
kuwait,2004,2157.3
kuwait,2005,2236.8
kuwait,2006,2364.7
kuwait,2007,2507.9
kuwait,2008,2651.4
kuwait,2009,2795.5
kuwait,2010,2943.4
kuwait,2011,3132.8
kuwait,2012,3337.0
kuwait,2013,3507.7
kuwait,2014,3665.8
kuwait,2015,3834.5
kuwait,2016,4004.0
kuwait,2017,4154.7
kuwait,2018,4323.4
kuwait,2019,4442.2
kuwait,2020,4400.1
kuwait,2021,4360.7
kuwait,2022,4589.5
kyrgyzstan,1992,4600.3
kyrgyzstan,1993,4626.8
kyrgyzstan,1994,4649.2
kyrgyzstan,1995,4713.6
kyrgyzstan,1996,4782.9
kyrgyzstan,1997,4848.0
kyrgyzstan,1998,4907.8
kyrgyzstan,1999,4968.6
kyrgyzstan,2000,5025.1
kyrgyzstan,2001,5072.0
kyrgyzstan,2002,5116.3
kyrgyzstan,2003,5159.4
kyrgyzstan,2004,5203.0
kyrgyzstan,2005,5246.3
kyrgyzstan,2006,5282.5
kyrgyzstan,2007,5313.4
kyrgyzstan,2008,5342.5
kyrgyzstan,2009,5398.0
kyrgyzstan,2010,5491.8
kyrgyzstan,2011,5594.5
kyrgyzstan,2012,5696.5
kyrgyzstan,2013,5797.3
kyrgyzstan,2014,5898.3
kyrgyzstan,2015,6001.9
kyrgyzstan,2016,6108.5
kyrgyzstan,2017,6220.1
kyrgyzstan,2018,6341.7
kyrgyzstan,2019,6494.0
kyrgyzstan,2020,6664.1
kyrgyzstan,2021,6820.5
kyrgyzstan,2022,6955.8
land_locked_developing_countries,2000,332020
land_locked_developing_countries,2001,338850
land_locked_developing_countries,2002,346930
land_locked_developing_countries,2003,355610
land_locked_developing_countries,2004,364020
land_locked_developing_countries,2005,372580
land_locked_developing_countries,2006,381480
land_locked_developing_countries,2007,390100
land_locked_developing_countries,2008,399070
land_locked_developing_countries,2009,408670
land_locked_developing_countries,2010,418360
land_locked_developing_countries,2011,428550
land_locked_developing_countries,2012,449720
land_locked_developing_countries,2013,460530
land_locked_developing_countries,2014,471370
land_locked_developing_countries,2015,482100
land_locked_developing_countries,2016,492880
land_locked_developing_countries,2017,503810
land_locked_developing_countries,2018,515440
land_locked_developing_countries,2019,528050
land_locked_developing_countries,2020,541140
land_locked_developing_countries,2021,553890
land_locked_developing_countries,2022,566130
lao_people_s_democratic_republic,1961,2169.8
lao_people_s_democratic_republic,1962,2219.9
lao_people_s_democratic_republic,1963,2271.1
lao_people_s_democratic_republic,1964,2322.8
lao_people_s_democratic_republic,1965,2376.2
lao_people_s_democratic_republic,1966,2431.1
lao_people_s_democratic_republic,1967,2487.7
lao_people_s_democratic_republic,1968,2546.4
lao_people_s_democratic_republic,1969,2607.0
lao_people_s_democratic_republic,1970,2669.7
lao_people_s_democratic_republic,1971,2734.6
lao_people_s_democratic_republic,1972,2801.7
lao_people_s_democratic_republic,1973,2870.6
lao_people_s_democratic_republic,1974,2939.8
lao_people_s_democratic_republic,1975,3005.5
lao_people_s_democratic_republic,1976,3064.9
lao_people_s_democratic_republic,1977,3118.9
lao_people_s_democratic_republic,1978,3171.7
lao_people_s_democratic_republic,1979,3228.2
lao_people_s_democratic_republic,1980,3292.6
lao_people_s_democratic_republic,1981,3366.6
lao_people_s_democratic_republic,1982,3450.0
lao_people_s_democratic_republic,1983,3541.0
lao_people_s_democratic_republic,1984,3637.8
lao_people_s_democratic_republic,1985,3740.0
lao_people_s_democratic_republic,1986,3846.7
lao_people_s_democratic_republic,1987,3957.6
lao_people_s_democratic_republic,1988,4072.6
lao_people_s_democratic_republic,1989,4191.0
lao_people_s_democratic_republic,1990,4312.0
lao_people_s_democratic_republic,1991,4435.1
lao_people_s_democratic_republic,1992,4559.6
lao_people_s_democratic_republic,1993,4685.1
lao_people_s_democratic_republic,1994,4809.2
lao_people_s_democratic_republic,1995,4929.4
lao_people_s_democratic_republic,1996,5045.7
lao_people_s_democratic_republic,1997,5152.0
lao_people_s_democratic_republic,1998,5248.3
lao_people_s_democratic_republic,1999,5340.8
lao_people_s_democratic_republic,2000,5431.2
lao_people_s_democratic_republic,2001,5521.5
lao_people_s_democratic_republic,2002,5610.9
lao_people_s_democratic_republic,2003,5697.9
lao_people_s_democratic_republic,2004,5781.6
lao_people_s_democratic_republic,2005,5869.5
lao_people_s_democratic_republic,2006,5963.2
lao_people_s_democratic_republic,2007,6056.2
lao_people_s_democratic_republic,2008,6149.0
lao_people_s_democratic_republic,2009,6241.6
lao_people_s_democratic_republic,2010,6334.2
lao_people_s_democratic_republic,2011,6426.6
lao_people_s_democratic_republic,2012,6519.0
lao_people_s_democratic_republic,2013,6611.4
lao_people_s_democratic_republic,2014,6703.2
lao_people_s_democratic_republic,2015,6801.6
lao_people_s_democratic_republic,2016,6908.8
lao_people_s_democratic_republic,2017,7018.1
lao_people_s_democratic_republic,2018,7128.0
lao_people_s_democratic_republic,2019,7237.6
lao_people_s_democratic_republic,2020,7346.5
lao_people_s_democratic_republic,2021,7453.2
lao_people_s_democratic_republic,2022,7559.0
latin_america_and_the_caribbean,2000,521100
latin_america_and_the_caribbean,2001,528400
latin_america_and_the_caribbean,2002,535510
latin_america_and_the_caribbean,2003,542450
latin_america_and_the_caribbean,2004,549260
latin_america_and_the_caribbean,2005,555970
latin_america_and_the_caribbean,2006,562610
latin_america_and_the_caribbean,2007,569220
latin_america_and_the_caribbean,2008,575800
latin_america_and_the_caribbean,2009,582290
latin_america_and_the_caribbean,2010,588650
latin_america_and_the_caribbean,2011,595210
latin_america_and_the_caribbean,2012,601540
latin_america_and_the_caribbean,2013,607800
latin_america_and_the_caribbean,2014,613980
latin_america_and_the_caribbean,2015,620010
latin_america_and_the_caribbean,2016,625890
latin_america_and_the_caribbean,2017,631540
latin_america_and_the_caribbean,2018,636980
latin_america_and_the_caribbean,2019,642160
latin_america_and_the_caribbean,2020,646690
latin_america_and_the_caribbean,2021,650430
latin_america_and_the_caribbean,2022,654330
latvia,1992,2614.8
latvia,1993,2563.8
latvia,1994,2521.2
latvia,1995,2485.9
latvia,1996,2457.9
latvia,1997,2433.2
latvia,1998,2410.2
latvia,1999,2390.8
latvia,2000,2368.3
latvia,2001,2338.3
latvia,2002,2311.4
latvia,2003,2289.0
latvia,2004,2264.2
latvia,2005,2239.8
latvia,2006,2219.0
latvia,2007,2200.8
latvia,2008,2177.7
latvia,2009,2142.0
latvia,2010,2097.8
latvia,2011,2059.9
latvia,2012,2034.6
latvia,2013,2013.0
latvia,2014,1994.1
latvia,2015,1977.9
latvia,2016,1959.9
latvia,2017,1942.6
latvia,2018,1927.6
latvia,2019,1914.3
latvia,2020,1901.1
latvia,2021,1885.6
latvia,2022,1881.1
least_developed_countries,2000,673960
least_developed_countries,2001,690220
least_developed_countries,2002,707610
least_developed_countries,2003,725470
least_developed_countries,2004,743080
least_developed_countries,2005,761110
least_developed_countries,2006,779610
least_developed_countries,2007,797910
least_developed_countries,2008,816670
least_developed_countries,2009,836100
least_developed_countries,2010,855770
least_developed_countries,2011,876110
least_developed_countries,2012,897120
least_developed_countries,2013,918720
least_developed_countries,2014,940740
least_developed_countries,2015,962970
least_developed_countries,2016,985890
least_developed_countries,2017,1009500
least_developed_countries,2018,1033600
least_developed_countries,2019,1058500
least_developed_countries,2020,1084200
least_developed_countries,2021,1109700
least_developed_countries,2022,1135100
lebanon,1961,1850.1
lebanon,1962,1909.6
lebanon,1963,1970.3
lebanon,1964,2030.5
lebanon,1965,2088.8
lebanon,1966,2148.3
lebanon,1967,2206.7
lebanon,1968,2266.4
lebanon,1969,2328.2
lebanon,1970,2386.1
lebanon,1971,2446.3
lebanon,1972,2509.7
lebanon,1973,2572.9
lebanon,1974,2635.2
lebanon,1975,2693.2
lebanon,1976,2726.5
lebanon,1977,2762.2
lebanon,1978,2822.7
lebanon,1979,2882.6
lebanon,1980,2944.8
lebanon,1981,3009.0
lebanon,1982,3054.9
lebanon,1983,3095.0
lebanon,1984,3152.7
lebanon,1985,3217.4
lebanon,1986,3300.4
lebanon,1987,3385.6
lebanon,1988,3454.6
lebanon,1989,3525.3
lebanon,1990,3595.2
lebanon,1991,3668.9
lebanon,1992,3747.4
lebanon,1993,3820.6
lebanon,1994,3889.8
lebanon,1995,3960.7
lebanon,1996,4034.8
lebanon,1997,4108.4
lebanon,1998,4181.3
lebanon,1999,4255.3
lebanon,2000,4329.3
lebanon,2001,4401.9
lebanon,2002,4463.5
lebanon,2003,4525.5
lebanon,2004,4599.3
lebanon,2005,4671.1
lebanon,2006,4751.1
lebanon,2007,4844.1
lebanon,2008,4925.4
lebanon,2009,4992.3
lebanon,2010,5041.3
lebanon,2011,5096.0
lebanon,2012,5235.7
lebanon,2013,5743.4
lebanon,2014,6347.0
lebanon,2015,6472.5
lebanon,2016,6323.1
lebanon,2017,6160.1
lebanon,2018,5984.1
lebanon,2019,5794.6
lebanon,2020,5702.4
lebanon,2021,5718.1
lebanon,2022,5744.5
lesotho,1961,758.82
lesotho,1962,781.81
lesotho,1963,805.37
lesotho,1964,829.44
lesotho,1965,854.09
lesotho,1966,881.87
lesotho,1967,913.98
lesotho,1968,948.11
lesotho,1969,983.20
lesotho,1970,1019.3
lesotho,1971,1056.2
lesotho,1972,1094.1
lesotho,1973,1132.7
lesotho,1974,1172.4
lesotho,1975,1213.6
lesotho,1976,1253.2
lesotho,1977,1290.0
lesotho,1978,1327.2
lesotho,1979,1366.2
lesotho,1980,1406.5
lesotho,1981,1448.1
lesotho,1982,1490.7
lesotho,1983,1534.4
lesotho,1984,1579.0
lesotho,1985,1624.4
lesotho,1986,1666.1
lesotho,1987,1703.4
lesotho,1988,1739.8
lesotho,1989,1775.4
lesotho,1990,1809.7
lesotho,1991,1842.4
lesotho,1992,1873.3
lesotho,1993,1901.8
lesotho,1994,1927.7
lesotho,1995,1951.4
lesotho,1996,1972.4
lesotho,1997,1988.1
lesotho,1998,1998.0
lesotho,1999,2003.2
lesotho,2000,2003.9
lesotho,2001,2000.9
lesotho,2002,1994.7
lesotho,2003,1985.1
lesotho,2004,1971.1
lesotho,2005,1953.1
lesotho,2006,1945.1
lesotho,2007,1953.3
lesotho,2008,1966.5
lesotho,2009,1980.9
lesotho,2010,1996.3
lesotho,2011,2014.0
lesotho,2012,2034.4
lesotho,2013,2056.5
lesotho,2014,2080.1
lesotho,2015,2104.6
lesotho,2016,2130.4
lesotho,2017,2157.1
lesotho,2018,2183.6
lesotho,2019,2209.4
lesotho,2020,2235.7
lesotho,2021,2261.5
lesotho,2022,2286.1
liberia,1961,1167.7
liberia,1962,1197.0
liberia,1963,1227.4
liberia,1964,1258.7
liberia,1965,1291.2
liberia,1966,1324.4
liberia,1967,1358.4
liberia,1968,1393.5
liberia,1969,1429.6
liberia,1970,1466.7
liberia,1971,1504.1
liberia,1972,1542.7
liberia,1973,1583.6
liberia,1974,1626.4
liberia,1975,1670.9
liberia,1976,1717.1
liberia,1977,1766.0
liberia,1978,1818.2
liberia,1979,1872.7
liberia,1980,1929.3
liberia,1981,1986.9
liberia,1982,2045.1
liberia,1983,2107.1
liberia,1984,2173.3
liberia,1985,2240.5
liberia,1986,2308.5
liberia,1987,2377.2
liberia,1988,2446.9
liberia,1989,2517.9
liberia,1990,2223.7
liberia,1991,1956.5
liberia,1992,2072.5
liberia,1993,2155.1
liberia,1994,2149.9
liberia,1995,2169.2
liberia,1996,2232.3
liberia,1997,2413.0
liberia,1998,2670.1
liberia,1999,2821.7
liberia,2000,2928.1
liberia,2001,3015.3
liberia,2002,3094.8
liberia,2003,3119.5
liberia,2004,3156.9
liberia,2005,3301.0
liberia,2006,3490.8
liberia,2007,3669.1
liberia,2008,3821.0
liberia,2009,3943.0
liberia,2010,4058.9
liberia,2011,4221.2
liberia,2012,4373.0
liberia,2013,4470.2
liberia,2014,4564.3
liberia,2015,4659.4
liberia,2016,4755.6
liberia,2017,4848.9
liberia,2018,4944.7
liberia,2019,5043.7
liberia,2020,5149.5
liberia,2021,5259.3
liberia,2022,5373.3
libya,1961,1555.7
libya,1962,1622.0
libya,1963,1690.5
libya,1964,1753.7
libya,1965,1804.0
libya,1966,1849.1
libya,1967,1898.2
libya,1968,1952.8
libya,1969,2014.3
libya,1970,2082.6
libya,1971,2153.5
libya,1972,2226.1
libya,1973,2314.2
libya,1974,2432.2
libya,1975,2571.6
libya,1976,2721.2
libya,1977,2881.5
libya,1978,3052.5
libya,1979,3233.8
libya,1980,3424.4
libya,1981,3621.5
libya,1982,3724.8
libya,1983,3719.0
libya,1984,3773.6
libya,1985,3898.7
libya,1986,4017.4
libya,1987,4129.7
libya,1988,4237.8
libya,1989,4342.9
libya,1990,4445.2
libya,1991,4544.4
libya,1992,4640.4
libya,1993,4733.0
libya,1994,4822.0
libya,1995,4906.8
libya,1996,4987.4
libya,1997,5064.6
libya,1998,5140.7
libya,1999,5218.0
libya,2000,5305.0
libya,2001,5403.6
libya,2002,5508.4
libya,2003,5619.4
libya,2004,5736.7
libya,2005,5858.8
libya,2006,5980.2
libya,2007,6104.4
libya,2008,6235.4
libya,2009,6366.7
libya,2010,6497.8
libya,2011,6343.2
libya,2012,6179.3
libya,2013,6304.6
libya,2014,6427.3
libya,2015,6531.8
libya,2016,6632.1
libya,2017,6738.8
libya,2018,6849.1
libya,2019,6951.0
libya,2020,7045.4
libya,2021,7135.2
libya,2022,7223.8
liechtenstein,1961,16.860
liechtenstein,1962,17.273
liechtenstein,1963,17.700
liechtenstein,1964,18.145
liechtenstein,1965,18.602
liechtenstein,1966,19.066
liechtenstein,1967,19.554
liechtenstein,1968,20.081
liechtenstein,1969,20.622
liechtenstein,1970,21.143
liechtenstein,1971,21.594
liechtenstein,1972,21.992
liechtenstein,1973,22.397
liechtenstein,1974,22.802
liechtenstein,1975,23.198
liechtenstein,1976,23.587
liechtenstein,1977,23.971
liechtenstein,1978,24.348
liechtenstein,1979,24.721
liechtenstein,1980,25.090
liechtenstein,1981,25.462
liechtenstein,1982,25.847
liechtenstein,1983,26.238
liechtenstein,1984,26.627
liechtenstein,1985,27.009
liechtenstein,1986,27.384
liechtenstein,1987,27.759
liechtenstein,1988,28.148
liechtenstein,1989,28.532
liechtenstein,1990,28.887
liechtenstein,1991,29.279
liechtenstein,1992,29.724
liechtenstein,1993,30.170
liechtenstein,1994,30.601
liechtenstein,1995,31.033
liechtenstein,1996,31.472
liechtenstein,1997,31.899
liechtenstein,1998,32.316
liechtenstein,1999,32.727
liechtenstein,2000,33.113
liechtenstein,2001,33.444
liechtenstein,2002,33.742
liechtenstein,2003,34.060
liechtenstein,2004,34.389
liechtenstein,2005,34.691
liechtenstein,2006,34.975
liechtenstein,2007,35.226
liechtenstein,2008,35.444
liechtenstein,2009,35.717
liechtenstein,2010,35.999
liechtenstein,2011,36.270
liechtenstein,2012,36.596
liechtenstein,2013,36.910
liechtenstein,2014,37.163
liechtenstein,2015,37.400
liechtenstein,2016,37.615
liechtenstein,2017,37.850
liechtenstein,2018,38.129
liechtenstein,2019,38.440
liechtenstein,2020,38.767
liechtenstein,2021,39.044
liechtenstein,2022,39.317
lithuania,1992,3697.5
lithuania,1993,3680.2
lithuania,1994,3654.9
lithuania,1995,3627.0
lithuania,1996,3599.7
lithuania,1997,3573.4
lithuania,1998,3547.8
lithuania,1999,3522.9
lithuania,2000,3500.4
lithuania,2001,3473.0
lithuania,2002,3444.1
lithuania,2003,3415.3
lithuania,2004,3376.7
lithuania,2005,3322.3
lithuania,2006,3269.8
lithuania,2007,3231.4
lithuania,2008,3198.5
lithuania,2009,3163.3
lithuania,2010,3097.7
lithuania,2011,3028.6
lithuania,2012,2988.3
lithuania,2013,2958.4
lithuania,2014,2933.2
lithuania,2015,2905.8
lithuania,2016,2869.1
lithuania,2017,2829.3
lithuania,2018,2802.5
lithuania,2019,2795.1
lithuania,2020,2795.8
lithuania,2021,2794.5
lithuania,2022,2816.9
luxembourg,1961,387.70
luxembourg,1962,390.30
luxembourg,1963,393.00
luxembourg,1964,395.60
luxembourg,1965,398.00
luxembourg,1966,400.20
luxembourg,1967,402.40
luxembourg,1968,404.30
luxembourg,1969,406.00
luxembourg,1970,407.50
luxembourg,1971,408.80
luxembourg,1972,409.80
luxembourg,1973,410.70
luxembourg,1974,411.50
luxembourg,1975,412.30
luxembourg,1976,413.20
luxembourg,1977,414.10
luxembourg,1978,414.90
luxembourg,1979,415.70
luxembourg,1980,416.30
luxembourg,1981,416.70
luxembourg,1982,417.00
luxembourg,1983,417.30
luxembourg,1984,417.50
luxembourg,1985,417.90
luxembourg,1986,418.40
luxembourg,1987,419.00
luxembourg,1988,419.80
luxembourg,1989,420.80
luxembourg,1990,422.00
luxembourg,1991,423.50
luxembourg,1992,425.30
luxembourg,1993,427.20
luxembourg,1994,429.00
luxembourg,1995,430.50
luxembourg,1996,431.80
luxembourg,1997,432.80
luxembourg,1998,433.80
luxembourg,1999,434.80
luxembourg,2000,436.13
luxembourg,2001,441.75
luxembourg,2002,446.39
luxembourg,2003,451.84
luxembourg,2004,458.30
luxembourg,2005,465.36
luxembourg,2006,472.87
luxembourg,2007,480.27
luxembourg,2008,488.99
luxembourg,2009,498.19
luxembourg,2010,507.41
luxembourg,2011,518.58
luxembourg,2012,530.95
luxembourg,2013,543.35
luxembourg,2014,556.28
luxembourg,2015,569.54
luxembourg,2016,583.51
luxembourg,2017,596.50
luxembourg,2018,608.10
luxembourg,2019,620.16
luxembourg,2020,630.60
luxembourg,2021,640.27
luxembourg,2022,653.31
madagascar,1961,5246.2
madagascar,1962,5384.1
madagascar,1963,5525.2
madagascar,1964,5669.9
madagascar,1965,5819.1
madagascar,1966,5974.3
madagascar,1967,6136.5
madagascar,1968,6306.5
madagascar,1969,6484.7
madagascar,1970,6672.0
madagascar,1971,6868.9
madagascar,1972,7074.4
madagascar,1973,7288.0
madagascar,1974,7509.7
madagascar,1975,7739.3
madagascar,1976,7976.8
madagascar,1977,8222.2
madagascar,1978,8475.9
madagascar,1979,8737.6
madagascar,1980,9006.0
madagascar,1981,9279.0
madagascar,1982,9557.7
madagascar,1983,9843.0
madagascar,1984,10135
madagascar,1985,10433
madagascar,1986,10737
madagascar,1987,11047
madagascar,1988,11369
madagascar,1989,11705
madagascar,1990,12056
madagascar,1991,12421
madagascar,1992,12801
madagascar,1993,13197
madagascar,1994,13614
madagascar,1995,14051
madagascar,1996,14511
madagascar,1997,14991
madagascar,1998,15489
madagascar,1999,16001
madagascar,2000,16516
madagascar,2001,17033
madagascar,2002,17550
madagascar,2003,18072
madagascar,2004,18607
madagascar,2005,19160
madagascar,2006,19731
madagascar,2007,20319
madagascar,2008,20924
madagascar,2009,21547
madagascar,2010,22183
madagascar,2011,22822
madagascar,2012,23462
madagascar,2013,24109
madagascar,2014,24764
madagascar,2015,25427
madagascar,2016,26100
madagascar,2017,26788
madagascar,2018,27495
madagascar,2019,28220
madagascar,2020,28954
madagascar,2021,29691
madagascar,2022,30437
malawi,1961,3715.5
malawi,1962,3806.3
malawi,1963,3900.5
malawi,1964,3997.3
malawi,1965,4096.2
malawi,1966,4197.9
malawi,1967,4303.0
malawi,1968,4411.1
malawi,1969,4521.2
malawi,1970,4633.9
malawi,1971,4751.4
malawi,1972,4874.5
malawi,1973,5003.9
malawi,1974,5141.3
malawi,1975,5287.4
malawi,1976,5443.4
malawi,1977,5615.0
malawi,1978,5810.1
malawi,1979,6028.7
malawi,1980,6265.5
malawi,1981,6516.5
malawi,1982,6778.9
malawi,1983,7051.7
malawi,1984,7332.8
malawi,1985,7620.5
malawi,1986,7906.5
malawi,1987,8293.2
malawi,1988,8753.3
malawi,1989,9176.2
malawi,1990,9545.9
malawi,1991,9844.2
malawi,1992,10135
malawi,1993,10284
malawi,1994,10165
malawi,1995,10150
malawi,1996,10352
malawi,1997,10562
malawi,1998,10793
malawi,1999,11048
malawi,2000,11316
malawi,2001,11593
malawi,2002,11880
malawi,2003,12182
malawi,2004,12501
malawi,2005,12840
malawi,2006,13199
malawi,2007,13576
malawi,2008,13976
malawi,2009,14396
malawi,2010,14826
malawi,2011,15265
malawi,2012,15710
malawi,2013,16162
malawi,2014,16622
malawi,2015,17086
malawi,2016,17558
malawi,2017,18040
malawi,2018,18528
malawi,2019,19026
malawi,2020,19534
malawi,2021,20047
malawi,2022,20569
malaysia,1961,8164.4
malaysia,1962,8380.2
malaysia,1963,8602.2
malaysia,1964,8828.4
malaysia,1965,9056.4
malaysia,1966,9284.7
malaysia,1967,9507.1
malaysia,1968,9725.3
malaysia,1969,9947.6
malaysia,1970,10179
malaysia,1971,10423
malaysia,1972,10677
malaysia,1973,10936
malaysia,1974,11201
malaysia,1975,11472
malaysia,1976,11750
malaysia,1977,12036
malaysia,1978,12328
malaysia,1979,12628
malaysia,1980,12983
malaysia,1981,13399
malaysia,1982,13833
malaysia,1983,14286
malaysia,1984,14759
malaysia,1985,15252
malaysia,1986,15760
malaysia,1987,16277
malaysia,1988,16797
malaysia,1989,17315
malaysia,1990,17833
malaysia,1991,18342
malaysia,1992,18835
malaysia,1993,19323
malaysia,1994,19820
malaysia,1995,20331
malaysia,1996,20850
malaysia,1997,21375
malaysia,1998,21907
malaysia,1999,22436
malaysia,2000,22968
malaysia,2001,23527
malaysia,2002,24102
malaysia,2003,24680
malaysia,2004,25257
malaysia,2005,25836
malaysia,2006,26418
malaysia,2007,26998
malaysia,2008,27570
malaysia,2009,28125
malaysia,2010,28656
malaysia,2011,29162
malaysia,2012,29663
malaysia,2013,30174
malaysia,2014,30696
malaysia,2015,31233
malaysia,2016,31790
malaysia,2017,32356
malaysia,2018,32911
malaysia,2019,33441
malaysia,2020,33890
malaysia,2021,34282
malaysia,2022,34695
maldives,1961,93.450
maldives,1962,95.802
maldives,1963,98.222
maldives,1964,100.66
maldives,1965,104.10
maldives,1966,108.51
maldives,1967,112.53
maldives,1968,116.08
maldives,1969,119.56
maldives,1970,123.22
maldives,1971,127.03
maldives,1972,130.97
maldives,1973,134.95
maldives,1974,138.98
maldives,1975,143.16
maldives,1976,147.53
maldives,1977,151.93
maldives,1978,156.16
maldives,1979,160.36
maldives,1980,164.84
maldives,1981,169.53
maldives,1982,174.33
maldives,1983,179.13
maldives,1984,184.20
maldives,1985,190.17
maldives,1986,196.94
maldives,1987,203.94
maldives,1988,210.88
maldives,1989,217.74
maldives,1990,224.76
maldives,1991,231.80
maldives,1992,238.54
maldives,1993,244.88
maldives,1994,250.82
maldives,1995,256.65
maldives,1996,262.35
maldives,1997,267.71
maldives,1998,272.72
maldives,1999,277.41
maldives,2000,282.02
maldives,2001,286.77
maldives,2002,291.62
maldives,2003,296.49
maldives,2004,301.41
maldives,2005,306.43
maldives,2006,313.85
maldives,2007,324.48
maldives,2008,336.17
maldives,2009,348.27
maldives,2010,360.79
maldives,2011,373.67
maldives,2012,386.82
maldives,2013,400.07
maldives,2014,413.62
maldives,2015,428.15
maldives,2016,443.31
maldives,2017,458.29
maldives,2018,473.10
maldives,2019,487.73
maldives,2020,502.12
maldives,2021,516.15
maldives,2022,524.11
mali,1961,5482.3
mali,1962,5563.9
mali,1963,5646.6
mali,1964,5730.1
mali,1965,5815.5
mali,1966,5902.2
mali,1967,5990.9
mali,1968,6083.0
mali,1969,6177.7
mali,1970,6276.5
mali,1971,6377.9
mali,1972,6483.7
mali,1973,6597.1
mali,1974,6715.4
mali,1975,6837.3
mali,1976,6961.0
mali,1977,7091.0
mali,1978,7229.7
mali,1979,7375.3
mali,1980,7530.5
mali,1981,7692.8
mali,1982,7860.2
mali,1983,8034.4
mali,1984,8208.6
mali,1985,8374.7
mali,1986,8531.3
mali,1987,8681.2
mali,1988,8834.0
mali,1989,8999.9
mali,1990,9178.8
mali,1991,9362.9
mali,1992,9553.5
mali,1993,9754.8
mali,1994,9967.0
mali,1995,10185
mali,1996,10407
mali,1997,10646
mali,1998,10920
mali,1999,11227
mali,2000,11559
mali,2001,11912
mali,2002,12288
mali,2003,12685
mali,2004,13102
mali,2005,13539
mali,2006,13990
mali,2007,14458
mali,2008,14941
mali,2009,15436
mali,2010,15945
mali,2011,16469
mali,2012,16957
mali,2013,17460
mali,2014,18020
mali,2015,18593
mali,2016,19191
mali,2017,19813
mali,2018,20442
mali,2019,21068
mali,2020,21714
mali,2021,22389
mali,2022,23073
malta,1961,330.85
malta,1962,330.49
malta,1963,329.81
malta,1964,328.79
malta,1965,327.40
malta,1966,325.68
malta,1967,323.81
malta,1968,323.51
malta,1969,324.75
malta,1970,326.01
malta,1971,327.29
malta,1972,328.61
malta,1973,330.05
malta,1974,331.68
malta,1975,333.45
malta,1976,335.29
malta,1977,337.16
malta,1978,339.06
malta,1979,340.97
malta,1980,342.88
malta,1981,344.75
malta,1982,346.64
malta,1983,348.59
malta,1984,350.55
malta,1985,352.57
malta,1986,355.08
malta,1987,358.08
malta,1988,361.22
malta,1989,364.52
malta,1990,367.91
malta,1991,371.33
malta,1992,374.80
malta,1993,378.22
malta,1994,381.45
malta,1995,384.55
malta,1996,387.62
malta,1997,390.68
malta,1998,393.77
malta,1999,396.89
malta,2000,399.89
malta,2001,402.78
malta,2002,405.56
malta,2003,408.23
malta,2004,410.80
malta,2005,413.32
malta,2006,415.45
malta,2007,417.20
malta,2008,418.97
malta,2009,420.80
malta,2010,422.65
malta,2011,424.63
malta,2012,426.61
malta,2013,428.45
malta,2014,434.49
malta,2015,444.98
malta,2016,455.27
malta,2017,467.90
malta,2018,484.56
malta,2019,504.01
malta,2020,518.21
malta,2021,524.38
malta,2022,528.19
marshall_islands,1961,18.600
marshall_islands,1962,19.290
marshall_islands,1963,19.750
marshall_islands,1964,20.440
marshall_islands,1965,20.900
marshall_islands,1966,21.590
marshall_islands,1967,22.280
marshall_islands,1968,22.970
marshall_islands,1969,23.890
marshall_islands,1970,24.110
marshall_islands,1971,25.030
marshall_islands,1972,25.260
marshall_islands,1973,25.720
marshall_islands,1974,26.180
marshall_islands,1975,26.640
marshall_islands,1976,27.100
marshall_islands,1977,27.560
marshall_islands,1978,28.250
marshall_islands,1979,29.400
marshall_islands,1980,30.550
marshall_islands,1981,31.690
marshall_islands,1982,33.300
marshall_islands,1983,35.140
marshall_islands,1984,36.750
marshall_islands,1985,38.580
marshall_islands,1986,40.190
marshall_islands,1987,41.800
marshall_islands,1988,43.410
marshall_islands,1989,45.010
marshall_islands,1990,46.390
marshall_islands,1991,45.568
marshall_islands,1992,46.388
marshall_islands,1993,47.093
marshall_islands,1994,47.712
marshall_islands,1995,48.266
marshall_islands,1996,48.775
marshall_islands,1997,49.259
marshall_islands,1998,49.717
marshall_islands,1999,50.202
marshall_islands,2000,50.706
marshall_islands,2001,51.123
marshall_islands,2002,51.425
marshall_islands,2003,51.639
marshall_islands,2004,51.791
marshall_islands,2005,51.906
marshall_islands,2006,51.992
marshall_islands,2007,52.035
marshall_islands,2008,52.030
marshall_islands,2009,52.019
marshall_islands,2010,52.044
marshall_islands,2011,51.907
marshall_islands,2012,51.419
marshall_islands,2013,50.681
marshall_islands,2014,49.796
marshall_islands,2015,48.800
marshall_islands,2016,47.709
marshall_islands,2017,46.529
marshall_islands,2018,45.285
marshall_islands,2019,44.007
marshall_islands,2020,42.706
marshall_islands,2021,41.367
marshall_islands,2022,40.077
mauritania,1961,846.17
mauritania,1962,869.18
mauritania,1963,893.42
mauritania,1964,918.96
mauritania,1965,945.84
mauritania,1966,974.16
mauritania,1967,1003.8
mauritania,1968,1034.7
mauritania,1969,1066.8
mauritania,1970,1099.8
mauritania,1971,1133.7
mauritania,1972,1168.4
mauritania,1973,1203.8
mauritania,1974,1240.2
mauritania,1975,1277.3
mauritania,1976,1315.3
mauritania,1977,1353.8
mauritania,1978,1392.7
mauritania,1979,1432.8
mauritania,1980,1474.0
mauritania,1981,1516.9
mauritania,1982,1561.2
mauritania,1983,1606.7
mauritania,1984,1653.7
mauritania,1985,1702.1
mauritania,1986,1751.8
mauritania,1987,1803.0
mauritania,1988,1855.9
mauritania,1989,1903.0
mauritania,1990,1951.9
mauritania,1991,2009.7
mauritania,1992,2088.1
mauritania,1993,2174.3
mauritania,1994,2249.5
mauritania,1995,2312.0
mauritania,1996,2358.2
mauritania,1997,2411.3
mauritania,1998,2474.7
mauritania,1999,2541.7
mauritania,2000,2613.4
mauritania,2001,2678.8
mauritania,2002,2738.7
mauritania,2003,2802.0
mauritania,2004,2868.7
mauritania,2005,2939.1
mauritania,2006,3013.7
mauritania,2007,3093.1
mauritania,2008,3183.3
mauritania,2009,3284.4
mauritania,2010,3391.0
mauritania,2011,3502.8
mauritania,2012,3619.0
mauritania,2013,3734.3
mauritania,2014,3848.5
mauritania,2015,3966.0
mauritania,2016,4086.7
mauritania,2017,4210.6
mauritania,2018,4337.7
mauritania,2019,4467.7
mauritania,2020,4600.1
mauritania,2021,4734.9
mauritania,2022,4875.6
mauritius,1961,692.53
mauritius,1962,705.27
mauritius,1963,720.35
mauritius,1964,736.54
mauritius,1965,752.66
mauritius,1966,768.65
mauritius,1967,784.26
mauritius,1968,799.28
mauritius,1969,813.74
mauritius,1970,827.70
mauritius,1971,841.11
mauritius,1972,853.60
mauritius,1973,865.14
mauritius,1974,876.46
mauritius,1975,888.02
mauritius,1976,899.85
mauritius,1977,912.15
mauritius,1978,925.28
mauritius,1979,939.39
mauritius,1980,954.22
mauritius,1981,969.22
mauritius,1982,983.61
mauritius,1983,997.37
mauritius,1984,1011.2
mauritius,1985,1025.1
mauritius,1986,1038.3
mauritius,1987,1051.1
mauritius,1988,1063.6
mauritius,1989,1076.0
mauritius,1990,1089.0
mauritius,1991,1103.0
mauritius,1992,1117.7
mauritius,1993,1132.4
mauritius,1994,1146.5
mauritius,1995,1159.8
mauritius,1996,1172.4
mauritius,1997,1184.3
mauritius,1998,1195.1
mauritius,1999,1205.9
mauritius,2000,1216.6
mauritius,2001,1225.8
mauritius,2002,1234.1
mauritius,2003,1242.1
mauritius,2004,1249.8
mauritius,2005,1257.2
mauritius,2006,1263.8
mauritius,2007,1269.5
mauritius,2008,1274.6
mauritius,2009,1279.0
mauritius,2010,1282.7
mauritius,2011,1286.3
mauritius,2012,1289.2
mauritius,2013,1291.0
mauritius,2014,1292.0
mauritius,2015,1292.3
mauritius,2016,1291.8
mauritius,2017,1290.7
mauritius,2018,1288.8
mauritius,2019,1286.3
mauritius,2020,1283.2
mauritius,2021,1279.6
mauritius,2022,1276.1
mexico,1961,37890
mexico,1962,39129
mexico,1963,40424
mexico,1964,41772
mexico,1965,43174
mexico,1966,44629
mexico,1967,46130
mexico,1968,47668
mexico,1969,49233
mexico,1970,50815
mexico,1971,52413
mexico,1972,54030
mexico,1973,55667
mexico,1974,57320
mexico,1975,58982
mexico,1976,60646
mexico,1977,62308
mexico,1978,63979
mexico,1979,65649
mexico,1980,67300
mexico,1981,68892
mexico,1982,70433
mexico,1983,71971
mexico,1984,73507
mexico,1985,75043
mexico,1986,76586
mexico,1987,78137
mexico,1988,79696
mexico,1989,81247
mexico,1990,82820
mexico,1991,84431
mexico,1992,86045
mexico,1993,87654
mexico,1994,89259
mexico,1995,90862
mexico,1996,92453
mexico,1997,94021
mexico,1998,95575
mexico,1999,97116
mexico,2000,98626
mexico,2001,100100
mexico,2002,101550
mexico,2003,102980
mexico,2004,104390
mexico,2005,105810
mexico,2006,107250
mexico,2007,108770
mexico,2008,110370
mexico,2009,112000
mexico,2010,113620
mexico,2011,115240
mexico,2012,116820
mexico,2013,118340
mexico,2014,119780
mexico,2015,121070
mexico,2016,122250
mexico,2017,123400
mexico,2018,124570
mexico,2019,125760
mexico,2020,126800
mexico,2021,127650
mexico,2022,128610
micronesia_federated_states_of,1961,38.370
micronesia_federated_states_of,1962,39.790
micronesia_federated_states_of,1963,40.740
micronesia_federated_states_of,1964,42.160
micronesia_federated_states_of,1965,43.110
micronesia_federated_states_of,1966,44.530
micronesia_federated_states_of,1967,45.950
micronesia_federated_states_of,1968,47.370
micronesia_federated_states_of,1969,49.260
micronesia_federated_states_of,1970,49.740
micronesia_federated_states_of,1971,51.630
micronesia_federated_states_of,1972,52.110
micronesia_federated_states_of,1973,53.050
micronesia_federated_states_of,1974,54.000
micronesia_federated_states_of,1975,54.950
micronesia_federated_states_of,1976,55.890
micronesia_federated_states_of,1977,56.840
micronesia_federated_states_of,1978,58.260
micronesia_federated_states_of,1979,60.630
micronesia_federated_states_of,1980,63.000
micronesia_federated_states_of,1981,65.370
micronesia_federated_states_of,1982,68.680
micronesia_federated_states_of,1983,72.470
micronesia_federated_states_of,1984,75.790
micronesia_federated_states_of,1985,79.580
micronesia_federated_states_of,1986,82.890
micronesia_federated_states_of,1987,86.210
micronesia_federated_states_of,1988,89.530
micronesia_federated_states_of,1989,92.840
micronesia_federated_states_of,1990,95.680
micronesia_federated_states_of,1991,102.75
micronesia_federated_states_of,1992,104.81
micronesia_federated_states_of,1993,107.07
micronesia_federated_states_of,1994,109.08
micronesia_federated_states_of,1995,110.23
micronesia_federated_states_of,1996,110.71
micronesia_federated_states_of,1997,111.07
micronesia_federated_states_of,1998,111.38
micronesia_federated_states_of,1999,111.68
micronesia_federated_states_of,2000,112.04
micronesia_federated_states_of,2001,112.36
micronesia_federated_states_of,2002,112.45
micronesia_federated_states_of,2003,112.28
micronesia_federated_states_of,2004,111.92
micronesia_federated_states_of,2005,111.41
micronesia_federated_states_of,2006,110.73
micronesia_federated_states_of,2007,109.88
micronesia_federated_states_of,2008,108.94
micronesia_federated_states_of,2009,107.96
micronesia_federated_states_of,2010,107.54
micronesia_federated_states_of,2011,107.70
micronesia_federated_states_of,2012,107.89
micronesia_federated_states_of,2013,108.12
micronesia_federated_states_of,2014,108.40
micronesia_federated_states_of,2015,108.72
micronesia_federated_states_of,2016,109.08
micronesia_federated_states_of,2017,109.48
micronesia_federated_states_of,2018,109.91
micronesia_federated_states_of,2019,110.28
micronesia_federated_states_of,2020,110.92
micronesia_federated_states_of,2021,111.62
micronesia_federated_states_of,2022,112.11
monaco,1961,21.901
monaco,1962,22.078
monaco,1963,22.385
monaco,1964,22.686
monaco,1965,22.941
monaco,1966,23.131
monaco,1967,23.230
monaco,1968,23.437
monaco,1969,23.831
monaco,1970,24.229
monaco,1971,24.576
monaco,1972,24.862
monaco,1973,25.072
monaco,1974,25.235
monaco,1975,25.500
monaco,1976,25.895
monaco,1977,26.273
monaco,1978,26.605
monaco,1979,26.892
monaco,1980,27.122
monaco,1981,27.293
monaco,1982,27.561
monaco,1983,27.960
monaco,1984,28.356
monaco,1985,28.731
monaco,1986,29.093
monaco,1987,29.446
monaco,1988,29.781
monaco,1989,30.084
monaco,1990,30.358
monaco,1991,30.625
monaco,1992,30.887
monaco,1993,31.136
monaco,1994,31.375
monaco,1995,31.609
monaco,1996,31.837
monaco,1997,32.063
monaco,1998,32.267
monaco,1999,32.410
monaco,2000,32.455
monaco,2001,32.447
monaco,2002,32.422
monaco,2003,32.374
monaco,2004,32.307
monaco,2005,32.210
monaco,2006,32.057
monaco,2007,31.837
monaco,2008,31.836
monaco,2009,32.364
monaco,2010,33.163
monaco,2011,33.946
monaco,2012,34.711
monaco,2013,35.447
monaco,2014,36.128
monaco,2015,36.757
monaco,2016,37.276
monaco,2017,37.678
monaco,2018,38.154
monaco,2019,38.109
monaco,2020,38.050
monaco,2021,38.527
monaco,2022,38.931
mongolia,1961,1009.3
mongolia,1962,1041.4
mongolia,1963,1071.4
mongolia,1964,1100.2
mongolia,1965,1131.2
mongolia,1966,1163.8
mongolia,1967,1197.0
mongolia,1968,1229.9
mongolia,1969,1262.3
mongolia,1970,1295.3
mongolia,1971,1330.1
mongolia,1972,1366.8
mongolia,1973,1405.5
mongolia,1974,1446.0
mongolia,1975,1488.3
mongolia,1976,1531.9
mongolia,1977,1576.2
mongolia,1978,1619.5
mongolia,1979,1660.7
mongolia,1980,1701.3
mongolia,1981,1742.9
mongolia,1982,1785.4
mongolia,1983,1829.1
mongolia,1984,1874.3
mongolia,1985,1921.5
mongolia,1986,1971.0
mongolia,1987,2022.8
mongolia,1988,2076.3
mongolia,1989,2124.2
mongolia,1990,2164.6
mongolia,1991,2202.8
mongolia,1992,2239.1
mongolia,1993,2273.5
mongolia,1994,2305.7
mongolia,1995,2335.7
mongolia,1996,2363.5
mongolia,1997,2389.1
mongolia,1998,2412.8
mongolia,1999,2434.0
mongolia,2000,2455.2
mongolia,2001,2477.7
mongolia,2002,2500.1
mongolia,2003,2521.8
mongolia,2004,2542.8
mongolia,2005,2563.5
mongolia,2006,2584.8
mongolia,2007,2608.0
mongolia,2008,2634.4
mongolia,2009,2665.3
mongolia,2010,2701.7
mongolia,2011,2745.2
mongolia,2012,2795.5
mongolia,2013,2851.9
mongolia,2014,2913.0
mongolia,2015,2976.5
mongolia,2016,3040.8
mongolia,2017,3104.4
mongolia,2018,3167.7
mongolia,2019,3232.1
mongolia,2020,3290.8
mongolia,2021,3339.7
mongolia,2022,3386.0
montenegro,2006,633.87
montenegro,2007,633.38
montenegro,2008,632.85
montenegro,2009,632.44
montenegro,2010,632.09
montenegro,2011,632.69
montenegro,2012,633.54
montenegro,2013,633.20
montenegro,2014,631.38
montenegro,2015,628.14
montenegro,2016,624.25
montenegro,2017,620.11
montenegro,2018,615.79
montenegro,2019,611.67
montenegro,2020,607.93
montenegro,2021,603.85
montenegro,2022,614.65
morocco,1961,11931
morocco,1962,12253
morocco,1963,12578
morocco,1964,12899
morocco,1965,13239
morocco,1966,13597
morocco,1967,13968
morocco,1968,14348
morocco,1969,14734
morocco,1970,15129
morocco,1971,15527
morocco,1972,15925
morocco,1973,16326
morocco,1974,16734
morocco,1975,17151
morocco,1976,17574
morocco,1977,18015
morocco,1978,18477
morocco,1979,18956
morocco,1980,19460
morocco,1981,19985
morocco,1982,20520
morocco,1983,21061
morocco,1984,21594
morocco,1985,22114
morocco,1986,22601
morocco,1987,23054
morocco,1988,23501
morocco,1989,23939
morocco,1990,24376
morocco,1991,24799
morocco,1992,25212
morocco,1993,25615
morocco,1994,26001
morocco,1995,26399
morocco,1996,26808
morocco,1997,27213
morocco,1998,27622
morocco,1999,28027
morocco,2000,28423
morocco,2001,28815
morocco,2002,29198
morocco,2003,29571
morocco,2004,29953
morocco,2005,30358
morocco,2006,30771
morocco,2007,31186
morocco,2008,31607
morocco,2009,32031
morocco,2010,32467
morocco,2011,32913
morocco,2012,33355
morocco,2013,33788
morocco,2014,34205
morocco,2015,34608
morocco,2016,35023
morocco,2017,35446
morocco,2018,35840
morocco,2019,36211
morocco,2020,36584
morocco,2021,36954
morocco,2022,37329
mozambique,1961,6834.9
mozambique,1962,6969.4
mozambique,1963,7109.8
mozambique,1964,7255.1
mozambique,1965,7406.4
mozambique,1966,7563.0
mozambique,1967,7724.6
mozambique,1968,7892.6
mozambique,1969,8067.0
mozambique,1970,8250.5
mozambique,1971,8456.3
mozambique,1972,8692.9
mozambique,1973,8954.2
mozambique,1974,9236.1
mozambique,1975,9540.8
mozambique,1976,9867.2
mozambique,1977,10225
mozambique,1978,10618
mozambique,1979,11029
mozambique,1980,11336
mozambique,1981,11568
mozambique,1982,11824
mozambique,1983,12074
mozambique,1984,12316
mozambique,1985,12549
mozambique,1986,12771
mozambique,1987,12823
mozambique,1988,12801
mozambique,1989,12907
mozambique,1990,13095
mozambique,1991,13352
mozambique,1992,13613
mozambique,1993,14051
mozambique,1994,15034
mozambique,1995,15961
mozambique,1996,16492
mozambique,1997,16950
mozambique,1998,17340
mozambique,1999,17735
mozambique,2000,18130
mozambique,2001,18538
mozambique,2002,18958
mozambique,2003,19392
mozambique,2004,19840
mozambique,2005,20305
mozambique,2006,20787
mozambique,2007,21288
mozambique,2008,21819
mozambique,2009,22392
mozambique,2010,22999
mozambique,2011,23649
mozambique,2012,24338
mozambique,2013,25052
mozambique,2014,25788
mozambique,2015,26548
mozambique,2016,27337
mozambique,2017,28166
mozambique,2018,29019
mozambique,2019,29884
mozambique,2020,30784
mozambique,2021,31708
mozambique,2022,32656
myanmar,1961,22211
myanmar,1962,22705
myanmar,1963,23213
myanmar,1964,23737
myanmar,1965,24279
myanmar,1966,24836
myanmar,1967,25406
myanmar,1968,25990
myanmar,1969,26585
myanmar,1970,27193
myanmar,1971,27807
myanmar,1972,28428
myanmar,1973,29026
myanmar,1974,29598
myanmar,1975,30177
myanmar,1976,30759
myanmar,1977,31356
myanmar,1978,31973
myanmar,1979,32597
myanmar,1980,33227
myanmar,1981,33859
myanmar,1982,34483
myanmar,1983,35163
myanmar,1984,35899
myanmar,1985,36623
myanmar,1986,37315
myanmar,1987,37972
myanmar,1988,38601
myanmar,1989,39215
myanmar,1990,39817
myanmar,1991,40394
myanmar,1992,40950
myanmar,1993,41502
myanmar,1994,42055
myanmar,1995,42605
myanmar,1996,43155
myanmar,1997,43709
myanmar,1998,44258
myanmar,1999,44788
myanmar,2000,45291
myanmar,2001,45771
myanmar,2002,46233
myanmar,2003,46667
myanmar,2004,47069
myanmar,2005,47438
myanmar,2006,47785
myanmar,2007,48125
myanmar,2008,48391
myanmar,2009,48660
myanmar,2010,49024
myanmar,2011,49420
myanmar,2012,49837
myanmar,2013,50263
myanmar,2014,50682
myanmar,2015,51089
myanmar,2016,51496
myanmar,2017,51895
myanmar,2018,52272
myanmar,2019,52641
myanmar,2020,53017
myanmar,2021,53387
myanmar,2022,53757
namibia,1961,603.07
namibia,1962,615.76
namibia,1963,629.59
namibia,1964,644.53
namibia,1965,660.56
namibia,1966,677.65
namibia,1967,696.04
namibia,1968,715.54
namibia,1969,736.12
namibia,1970,757.87
namibia,1971,780.58
namibia,1972,804.40
namibia,1973,828.93
namibia,1974,854.32
namibia,1975,881.03
namibia,1976,906.57
namibia,1977,931.10
namibia,1978,947.27
namibia,1979,962.83
namibia,1980,981.43
namibia,1981,992.50
namibia,1982,1010.3
namibia,1983,1037.5
namibia,1984,1066.0
namibia,1985,1096.9
namibia,1986,1131.1
namibia,1987,1167.9
namibia,1988,1209.7
namibia,1989,1288.9
namibia,1990,1369.3
namibia,1991,1415.7
namibia,1992,1461.3
namibia,1993,1508.7
namibia,1994,1556.3
namibia,1995,1602.2
namibia,1996,1646.1
namibia,1997,1689.3
namibia,1998,1732.7
namibia,1999,1776.4
namibia,2000,1818.6
namibia,2001,1857.0
namibia,2002,1890.0
namibia,2003,1917.5
namibia,2004,1942.1
namibia,2005,1966.6
namibia,2006,1991.9
namibia,2007,2018.6
namibia,2008,2047.1
namibia,2009,2077.4
namibia,2010,2109.8
namibia,2011,2146.3
namibia,2012,2194.7
namibia,2013,2252.5
namibia,2014,2312.1
namibia,2015,2374.3
namibia,2016,2439.2
namibia,2017,2506.9
namibia,2018,2577.3
namibia,2019,2650.5
namibia,2020,2728.8
namibia,2021,2810.5
namibia,2022,2889.7
nauru,1961,4.7740
nauru,1962,4.9790
nauru,1963,5.2260
nauru,1964,5.5150
nauru,1965,5.8320
nauru,1966,6.0430
nauru,1967,6.1350
nauru,1968,6.3280
nauru,1969,6.5810
nauru,1970,6.7100
nauru,1971,6.7620
nauru,1972,6.8120
nauru,1973,6.8660
nauru,1974,6.9230
nauru,1975,6.9870
nauru,1976,7.0640
nauru,1977,7.1630
nauru,1978,7.2980
nauru,1979,7.4680
nauru,1980,7.6490
nauru,1981,7.8390
nauru,1982,8.0400
nauru,1983,8.2160
nauru,1984,8.3770
nauru,1985,8.5510
nauru,1986,8.7420
nauru,1987,8.9460
nauru,1988,9.1650
nauru,1989,9.3900
nauru,1990,9.6220
nauru,1991,9.8500
nauru,1992,10.021
nauru,1993,10.102
nauru,1994,10.137
nauru,1995,10.165
nauru,1996,10.183
nauru,1997,10.197
nauru,1998,10.198
nauru,1999,10.187
nauru,2000,10.168
nauru,2001,10.130
nauru,2002,10.082
nauru,2003,10.059
nauru,2004,10.060
nauru,2005,10.049
nauru,2006,10.034
nauru,2007,10.020
nauru,2008,10.009
nauru,2009,10.016
nauru,2010,10.043
nauru,2011,10.098
nauru,2012,10.267
nauru,2013,10.517
nauru,2014,10.742
nauru,2015,10.954
nauru,2016,11.150
nauru,2017,11.324
nauru,2018,11.477
nauru,2019,11.587
nauru,2020,11.643
nauru,2021,11.709
nauru,2022,11.801
nepal,1961,10318
nepal,1962,10521
nepal,1963,10730
nepal,1964,10946
nepal,1965,11173
nepal,1966,11409
nepal,1967,11653
nepal,1968,11906
nepal,1969,12167
nepal,1970,12436
nepal,1971,12710
nepal,1972,12989
nepal,1973,13275
nepal,1974,13568
nepal,1975,13871
nepal,1976,14178
nepal,1977,14499
nepal,1978,14840
nepal,1979,15191
nepal,1980,15553
nepal,1981,15922
nepal,1982,16298
nepal,1983,16689
nepal,1984,17085
nepal,1985,17478
nepal,1986,17868
nepal,1987,18251
nepal,1988,18639
nepal,1989,19058
nepal,1990,19525
nepal,1991,20037
nepal,1992,20610
nepal,1993,21180
nepal,1994,21717
nepal,1995,22245
nepal,1996,22742
nepal,1997,23219
nepal,1998,23680
nepal,1999,24125
nepal,2000,24547
nepal,2001,24947
nepal,2002,25329
nepal,2003,25689
nepal,2004,26017
nepal,2005,26309
nepal,2006,26565
nepal,2007,26788
nepal,2008,26990
nepal,2009,27173
nepal,2010,27342
nepal,2011,27464
nepal,2012,27535
nepal,2013,27590
nepal,2014,27672
nepal,2015,27824
nepal,2016,27955
nepal,2017,28011
nepal,2018,28080
nepal,2019,28414
nepal,2020,28967
nepal,2021,29475
nepal,2022,29715
netherlands_kingdom_of_the,1961,11639
netherlands_kingdom_of_the,1962,11808
netherlands_kingdom_of_the,1963,11969
netherlands_kingdom_of_the,1964,12132
netherlands_kingdom_of_the,1965,12301
netherlands_kingdom_of_the,1966,12464
netherlands_kingdom_of_the,1967,12608
netherlands_kingdom_of_the,1968,12741
netherlands_kingdom_of_the,1969,12891
netherlands_kingdom_of_the,1970,13052
netherlands_kingdom_of_the,1971,13208
netherlands_kingdom_of_the,1972,13343
netherlands_kingdom_of_the,1973,13454
netherlands_kingdom_of_the,1974,13560
netherlands_kingdom_of_the,1975,13680
netherlands_kingdom_of_the,1976,13787
netherlands_kingdom_of_the,1977,13869
netherlands_kingdom_of_the,1978,13954
netherlands_kingdom_of_the,1979,14050
netherlands_kingdom_of_the,1980,14163
netherlands_kingdom_of_the,1981,14263
netherlands_kingdom_of_the,1982,14334
netherlands_kingdom_of_the,1983,14397
netherlands_kingdom_of_the,1984,14463
netherlands_kingdom_of_the,1985,14539
netherlands_kingdom_of_the,1986,14626
netherlands_kingdom_of_the,1987,14725
netherlands_kingdom_of_the,1988,14826
netherlands_kingdom_of_the,1989,14921
netherlands_kingdom_of_the,1990,15031
netherlands_kingdom_of_the,1991,15155
netherlands_kingdom_of_the,1992,15277
netherlands_kingdom_of_the,1993,15390
netherlands_kingdom_of_the,1994,15485
netherlands_kingdom_of_the,1995,15565
netherlands_kingdom_of_the,1996,15640
netherlands_kingdom_of_the,1997,15724
netherlands_kingdom_of_the,1998,15827
netherlands_kingdom_of_the,1999,15940
netherlands_kingdom_of_the,2000,16059
netherlands_kingdom_of_the,2001,16183
netherlands_kingdom_of_the,2002,16288
netherlands_kingdom_of_the,2003,16367
netherlands_kingdom_of_the,2004,16426
netherlands_kingdom_of_the,2005,16466
netherlands_kingdom_of_the,2006,16494
netherlands_kingdom_of_the,2007,16531
netherlands_kingdom_of_the,2008,16597
netherlands_kingdom_of_the,2009,16684
netherlands_kingdom_of_the,2010,16771
netherlands_kingdom_of_the,2011,16851
netherlands_kingdom_of_the,2012,16915
netherlands_kingdom_of_the,2013,16967
netherlands_kingdom_of_the,2014,17030
netherlands_kingdom_of_the,2015,17107
netherlands_kingdom_of_the,2016,17205
netherlands_kingdom_of_the,2017,17315
netherlands_kingdom_of_the,2018,17421
netherlands_kingdom_of_the,2019,17538
netherlands_kingdom_of_the,2020,17637
netherlands_kingdom_of_the,2021,17731
netherlands_kingdom_of_the,2022,17904
new_zealand,1961,2429.7
new_zealand,1962,2484.4
new_zealand,1963,2538.1
new_zealand,1964,2588.8
new_zealand,1965,2636.5
new_zealand,1966,2682.6
new_zealand,1967,2723.4
new_zealand,1968,2754.5
new_zealand,1969,2784.4
new_zealand,1970,2822.2
new_zealand,1971,2867.2
new_zealand,1972,2919.3
new_zealand,1973,2979.0
new_zealand,1974,3041.2
new_zealand,1975,3094.0
new_zealand,1976,3126.6
new_zealand,1977,3140.1
new_zealand,1978,3142.2
new_zealand,1979,3141.6
new_zealand,1980,3146.3
new_zealand,1981,3159.8
new_zealand,1982,3185.1
new_zealand,1983,3219.3
new_zealand,1984,3249.8
new_zealand,1985,3268.0
new_zealand,1986,3281.5
new_zealand,1987,3299.4
new_zealand,1988,3316.0
new_zealand,1989,3333.8
new_zealand,1990,3397.0
new_zealand,1991,3480.9
new_zealand,1992,3532.2
new_zealand,1993,3573.6
new_zealand,1994,3621.0
new_zealand,1995,3674.4
new_zealand,1996,3729.4
new_zealand,1997,3776.9
new_zealand,1998,3811.4
new_zealand,1999,3835.6
new_zealand,2000,3857.6
new_zealand,2001,3891.8
new_zealand,2002,3951.1
new_zealand,2003,4022.6
new_zealand,2004,4083.9
new_zealand,2005,4135.0
new_zealand,2006,4181.9
new_zealand,2007,4223.3
new_zealand,2008,4261.8
new_zealand,2009,4304.3
new_zealand,2010,4347.8
new_zealand,2011,4382.7
new_zealand,2012,4411.7
new_zealand,2013,4453.9
new_zealand,2014,4523.0
new_zealand,2015,4614.0
new_zealand,2016,4714.8
new_zealand,2017,4812.8
new_zealand,2018,4900.8
new_zealand,2019,4989.4
new_zealand,2020,5069.9
new_zealand,2021,5107.7
new_zealand,2022,5131.7
nicaragua,1961,1836.5
nicaragua,1962,1892.3
nicaragua,1963,1950.2
nicaragua,1964,2010.2
nicaragua,1965,2072.7
nicaragua,1966,2137.8
nicaragua,1967,2205.6
nicaragua,1968,2275.8
nicaragua,1969,2348.4
nicaragua,1970,2423.1
nicaragua,1971,2499.8
nicaragua,1972,2573.6
nicaragua,1973,2649.3
nicaragua,1974,2732.1
nicaragua,1975,2816.9
nicaragua,1976,2903.9
nicaragua,1977,2992.5
nicaragua,1978,3080.3
nicaragua,1979,3164.5
nicaragua,1980,3252.4
nicaragua,1981,3345.7
nicaragua,1982,3438.7
nicaragua,1983,3530.3
nicaragua,1984,3619.1
nicaragua,1985,3706.5
nicaragua,1986,3794.2
nicaragua,1987,3882.2
nicaragua,1988,3972.3
nicaragua,1989,4066.5
nicaragua,1990,4162.6
nicaragua,1991,4259.6
nicaragua,1992,4357.0
nicaragua,1993,4453.7
nicaragua,1994,4549.3
nicaragua,1995,4642.9
nicaragua,1996,4730.0
nicaragua,1997,4809.6
nicaragua,1998,4883.7
nicaragua,1999,4954.0
nicaragua,2000,5022.6
nicaragua,2001,5087.8
nicaragua,2002,5149.9
nicaragua,2003,5211.0
nicaragua,2004,5272.9
nicaragua,2005,5342.1
nicaragua,2006,5418.9
nicaragua,2007,5497.2
nicaragua,2008,5576.6
nicaragua,2009,5656.6
nicaragua,2010,5737.4
nicaragua,2011,5819.1
nicaragua,2012,5901.3
nicaragua,2013,5983.8
nicaragua,2014,6066.5
nicaragua,2015,6149.4
nicaragua,2016,6232.7
nicaragua,2017,6316.2
nicaragua,2018,6400.1
nicaragua,2019,6483.7
nicaragua,2020,6565.3
nicaragua,2021,6644.7
nicaragua,2022,6730.7
niger,1961,3608.2
niger,1962,3714.5
niger,1963,3823.9
niger,1964,3935.8
niger,1965,4049.7
niger,1966,4165.5
niger,1967,4283.6
niger,1968,4403.6
niger,1969,4525.7
niger,1970,4650.3
niger,1971,4776.2
niger,1972,4904.8
niger,1973,5037.9
niger,1974,5175.0
niger,1975,5317.0
niger,1976,5465.0
niger,1977,5619.7
niger,1978,5782.9
niger,1979,5955.6
niger,1980,6136.0
niger,1981,6322.0
niger,1982,6512.7
niger,1983,6708.6
niger,1984,6910.0
niger,1985,7118.5
niger,1986,7335.8
niger,1987,7561.1
niger,1988,7793.7
niger,1989,8034.8
niger,1990,8286.1
niger,1991,8546.9
niger,1992,8817.6
niger,1993,9100.8
niger,1994,9398.3
niger,1995,9714.5
niger,1996,10045
niger,1997,10384
niger,1998,10741
niger,1999,11117
niger,2000,11510
niger,2001,11921
niger,2002,12349
niger,2003,12797
niger,2004,13266
niger,2005,13756
niger,2006,14269
niger,2007,14804
niger,2008,15362
niger,2009,15944
niger,2010,16549
niger,2011,17176
niger,2012,17837
niger,2013,18520
niger,2014,19216
niger,2015,19939
niger,2016,20686
niger,2017,21435
niger,2018,22188
niger,2019,22948
niger,2020,23718
niger,2021,24502
niger,2022,25312
nigeria,1961,45989
nigeria,1962,46965
nigeria,1963,47974
nigeria,1964,49012
nigeria,1965,50087
nigeria,1966,51188
nigeria,1967,52293
nigeria,1968,53433
nigeria,1969,54632
nigeria,1970,55894
nigeria,1971,57215
nigeria,1972,58602
nigeria,1973,60082
nigeria,1974,61679
nigeria,1975,63411
nigeria,1976,65258
nigeria,1977,67235
nigeria,1978,69327
nigeria,1979,71498
nigeria,1980,73765
nigeria,1981,76068
nigeria,1982,78379
nigeria,1983,80438
nigeria,1984,82526
nigeria,1985,84898
nigeria,1986,87236
nigeria,1987,89592
nigeria,1988,92020
nigeria,1989,94531
nigeria,1990,97121
nigeria,1991,99720
nigeria,1992,102370
nigeria,1993,105120
nigeria,1994,107940
nigeria,1995,110820
nigeria,1996,113750
nigeria,1997,116750
nigeria,1998,119850
nigeria,1999,123050
nigeria,2000,126380
nigeria,2001,129860
nigeria,2002,133470
nigeria,2003,137200
nigeria,2004,141060
nigeria,2005,145020
nigeria,2006,149080
nigeria,2007,153270
nigeria,2008,157600
nigeria,2009,162050
nigeria,2010,166640
nigeria,2011,171380
nigeria,2012,176200
nigeria,2013,181050
nigeria,2014,185900
nigeria,2015,190670
nigeria,2016,195440
nigeria,2017,200250
nigeria,2018,204940
nigeria,2019,209490
nigeria,2020,214000
nigeria,2021,218530
nigeria,2022,223150
niue,1961,4.8490
niue,1962,4.9260
niue,1963,5.0300
niue,1964,5.1260
niue,1965,5.2010
niue,1966,5.2380
niue,1967,5.2390
niue,1968,5.2110
niue,1969,5.1620
niue,1970,5.1090
niue,1971,5.0380
niue,1972,4.8940
niue,1973,4.6930
niue,1974,4.4720
niue,1975,4.2290
niue,1976,3.9950
niue,1977,3.8460
niue,1978,3.7570
niue,1979,3.6520
niue,1980,3.5330
niue,1981,3.3930
niue,1982,3.2510
niue,1983,3.1080
niue,1984,2.9490
niue,1985,2.7830
niue,1986,2.6340
niue,1987,2.5590
niue,1988,2.5390
niue,1989,2.5130
niue,1990,2.4830
niue,1991,2.4510
niue,1992,2.4140
niue,1993,2.3760
niue,1994,2.3400
niue,1995,2.3030
niue,1996,2.2650
niue,1997,2.2230
niue,1998,2.1700
niue,1999,2.1110
niue,2000,2.0470
niue,2001,1.9880
niue,2002,1.9420
niue,2003,1.9080
niue,2004,1.8690
niue,2005,1.8270
niue,2006,1.7980
niue,2007,1.7840
niue,2008,1.7800
niue,2009,1.7770
niue,2010,1.7680
niue,2011,1.7570
niue,2012,1.7570
niue,2013,1.7620
niue,2014,1.7690
niue,2015,1.7790
niue,2016,1.7820
niue,2017,1.7800
niue,2018,1.7860
niue,2019,1.7930
niue,2020,1.7990
niue,2021,1.8130
niue,2022,1.8210
north_macedonia,1992,2032.5
north_macedonia,1993,2006.9
north_macedonia,1994,1992.7
north_macedonia,1995,1998.5
north_macedonia,1996,2012.6
north_macedonia,1997,2025.8
north_macedonia,1998,2037.6
north_macedonia,1999,2048.1
north_macedonia,2000,2057.3
north_macedonia,2001,2066.3
north_macedonia,2002,2074.5
north_macedonia,2003,2081.4
north_macedonia,2004,2086.6
north_macedonia,2005,2089.8
north_macedonia,2006,2089.2
north_macedonia,2007,2082.0
north_macedonia,2008,2070.8
north_macedonia,2009,2060.6
north_macedonia,2010,2051.5
north_macedonia,2011,2040.4
north_macedonia,2012,2027.3
north_macedonia,2013,2013.3
north_macedonia,2014,1997.8
north_macedonia,2015,1980.4
north_macedonia,2016,1961.3
north_macedonia,2017,1940.9
north_macedonia,2018,1919.7
north_macedonia,2019,1897.6
north_macedonia,2020,1872.0
north_macedonia,2021,1851.1
north_macedonia,2022,1840.2
northern_africa,2000,181600
northern_africa,2001,185180
northern_africa,2002,188790
northern_africa,2003,192400
northern_africa,2004,196080
northern_africa,2005,199870
northern_africa,2006,203740
northern_africa,2007,207720
northern_africa,2008,211890
northern_africa,2009,216250
northern_africa,2010,220690
northern_africa,2011,224990
northern_africa,2012,218720
northern_africa,2013,223220
northern_africa,2014,227940
northern_africa,2015,232670
northern_africa,2016,237440
northern_africa,2017,242450
northern_africa,2018,247400
northern_africa,2019,251970
northern_africa,2020,256300
northern_africa,2021,260480
northern_africa,2022,264720
northern_africa_and_western_asia,2000,368490
northern_africa_and_western_asia,2001,376280
northern_africa_and_western_asia,2002,384160
northern_africa_and_western_asia,2003,392080
northern_africa_and_western_asia,2004,400140
northern_africa_and_western_asia,2005,408550
northern_africa_and_western_asia,2006,417320
northern_africa_and_western_asia,2007,426610
northern_africa_and_western_asia,2008,436350
northern_africa_and_western_asia,2009,446130
northern_africa_and_western_asia,2010,455830
northern_africa_and_western_asia,2011,465720
northern_africa_and_western_asia,2012,465280
northern_africa_and_western_asia,2013,475600
northern_africa_and_western_asia,2014,486460
northern_africa_and_western_asia,2015,497570
northern_africa_and_western_asia,2016,508020
northern_africa_and_western_asia,2017,517510
northern_africa_and_western_asia,2018,526460
northern_africa_and_western_asia,2019,535330
northern_africa_and_western_asia,2020,543950
northern_africa_and_western_asia,2021,552430
northern_africa_and_western_asia,2022,562410
northern_america,2000,312500
northern_america,2001,315620
northern_america,2002,318740
northern_america,2003,321870
northern_america,2004,325040
northern_america,2005,328280
northern_america,2006,331620
northern_america,2007,335060
northern_america,2008,338550
northern_america,2009,341980
northern_america,2010,345390
northern_america,2011,348790
northern_america,2012,352160
northern_america,2013,355530
northern_america,2014,358880
northern_america,2015,362210
northern_america,2016,365660
northern_america,2017,369140
northern_america,2018,372480
northern_america,2019,375700
northern_america,2020,377730
northern_america,2021,378740
northern_america,2022,380480
norway,1961,3609.7
norway,1962,3638.8
norway,1963,3666.5
norway,1964,3694.3
norway,1965,3723.2
norway,1966,3752.8
norway,1967,3784.1
norway,1968,3816.1
norway,1969,3847.3
norway,1970,3875.3
norway,1971,3902.8
norway,1972,3932.9
norway,1973,3960.6
norway,1974,3985.3
norway,1975,4007.4
norway,1976,4026.2
norway,1977,4043.3
norway,1978,4058.7
norway,1979,4072.5
norway,1980,4085.6
norway,1981,4099.7
norway,1982,4114.7
norway,1983,4128.3
norway,1984,4140.0
norway,1985,4152.4
norway,1986,4167.3
norway,1987,4186.8
norway,1988,4209.5
norway,1989,4226.9
norway,1990,4241.4
norway,1991,4261.6
norway,1992,4286.3
norway,1993,4311.9
norway,1994,4336.5
norway,1995,4359.0
norway,1996,4381.1
norway,1997,4405.0
norway,1998,4431.3
norway,1999,4461.8
norway,2000,4490.9
norway,2001,4513.7
norway,2002,4538.0
norway,2003,4564.7
norway,2004,4591.7
norway,2005,4623.1
norway,2006,4660.5
norway,2007,4709.0
norway,2008,4768.1
norway,2009,4828.6
norway,2010,4889.2
norway,2011,4953.0
norway,2012,5018.5
norway,2013,5080.1
norway,2014,5137.4
norway,2015,5189.8
norway,2016,5236.0
norway,2017,5276.8
norway,2018,5311.8
norway,2019,5347.7
norway,2020,5379.3
norway,2021,5408.1
norway,2022,5456.8
oceania,2000,31357
oceania,2001,31851
oceania,2002,32370
oceania,2003,32898
oceania,2004,33423
oceania,2005,33960
oceania,2006,34544
oceania,2007,35194
oceania,2008,35894
oceania,2009,36597
oceania,2010,37258
oceania,2011,37894
oceania,2012,38554
oceania,2013,39238
oceania,2014,39922
oceania,2015,40619
oceania,2016,41351
oceania,2017,42098
oceania,2018,42819
oceania,2019,43508
oceania,2020,44083
oceania,2021,44562
oceania,2022,45053
oceania_excluding_australia_and_new_zealand,2000,8362.6
oceania_excluding_australia_and_new_zealand,2001,8589.8
oceania_excluding_australia_and_new_zealand,2002,8819.3
oceania_excluding_australia_and_new_zealand,2003,9052.2
oceania_excluding_australia_and_new_zealand,2004,9288.2
oceania_excluding_australia_and_new_zealand,2005,9526.4
oceania_excluding_australia_and_new_zealand,2006,9767.6
oceania_excluding_australia_and_new_zealand,2007,10012
oceania_excluding_australia_and_new_zealand,2008,10258
oceania_excluding_australia_and_new_zealand,2009,10506
oceania_excluding_australia_and_new_zealand,2010,10764
oceania_excluding_australia_and_new_zealand,2011,11027
oceania_excluding_australia_and_new_zealand,2012,11286
oceania_excluding_australia_and_new_zealand,2013,11544
oceania_excluding_australia_and_new_zealand,2014,11800
oceania_excluding_australia_and_new_zealand,2015,12053
oceania_excluding_australia_and_new_zealand,2016,12302
oceania_excluding_australia_and_new_zealand,2017,12550
oceania_excluding_australia_and_new_zealand,2018,12795
oceania_excluding_australia_and_new_zealand,2019,13032
oceania_excluding_australia_and_new_zealand,2020,13265
oceania_excluding_australia_and_new_zealand,2021,13494
oceania_excluding_australia_and_new_zealand,2022,13717
oman,1961,539.85
oman,1962,549.94
oman,1963,560.83
oman,1964,572.58
oman,1965,585.24
oman,1966,598.80
oman,1967,613.32
oman,1968,628.80
oman,1969,645.25
oman,1970,662.68
oman,1971,681.12
oman,1972,700.59
oman,1973,721.18
oman,1974,746.99
oman,1975,778.86
oman,1976,814.70
oman,1977,855.31
oman,1978,900.30
oman,1979,949.12
oman,1980,1001.2
oman,1981,1057.3
oman,1982,1117.7
oman,1983,1181.5
oman,1984,1247.7
oman,1985,1325.5
oman,1986,1413.4
oman,1987,1501.0
oman,1988,1588.6
oman,1989,1676.2
oman,1990,1764.0
oman,1991,1851.5
oman,1992,1938.2
oman,1993,2021.7
oman,1994,2081.8
oman,1995,2120.5
oman,1996,2156.9
oman,1997,2190.7
oman,1998,2222.5
oman,1999,2252.9
oman,2000,2282.1
oman,2001,2310.2
oman,2002,2337.1
oman,2003,2363.8
oman,2004,2404.8
oman,2005,2459.8
oman,2006,2514.8
oman,2007,2570.2
oman,2008,2626.5
oman,2009,2684.7
oman,2010,2757.4
oman,2011,3076.8
oman,2012,3547.1
oman,2013,3833.9
oman,2014,4002.4
oman,2015,4184.9
oman,2016,4390.9
oman,2017,4537.4
oman,2018,4597.9
oman,2019,4591.2
oman,2020,4522.5
oman,2021,4500.4
oman,2022,4730.2
pakistan,1961,46921
pakistan,1962,48156
pakistan,1963,49448
pakistan,1964,50800
pakistan,1965,52209
pakistan,1966,53679
pakistan,1967,55215
pakistan,1968,56811
pakistan,1969,58461
pakistan,1970,60167
pakistan,1971,61848
pakistan,1972,63583
pakistan,1973,65462
pakistan,1974,67415
pakistan,1975,69461
pakistan,1976,71620
pakistan,1977,73902
pakistan,1978,76307
pakistan,1979,78997
pakistan,1980,82291
pakistan,1981,85802
pakistan,1982,89089
pakistan,1983,92228
pakistan,1984,95165
pakistan,1985,98229
pakistan,1986,101610
pakistan,1987,105130
pakistan,1988,108720
pakistan,1989,112340
pakistan,1990,116160
pakistan,1991,120060
pakistan,1992,123550
pakistan,1993,127020
pakistan,1994,130750
pakistan,1995,134580
pakistan,1996,138560
pakistan,1997,142530
pakistan,1998,146520
pakistan,1999,150570
pakistan,2000,154880
pakistan,2001,159270
pakistan,2002,163220
pakistan,2003,167110
pakistan,2004,171290
pakistan,2005,175450
pakistan,2006,179680
pakistan,2007,184490
pakistan,2008,189500
pakistan,2009,194380
pakistan,2010,199240
pakistan,2011,203750
pakistan,2012,207670
pakistan,2013,211070
pakistan,2014,214260
pakistan,2015,217290
pakistan,2016,220140
pakistan,2017,223270
pakistan,2018,226930
pakistan,2019,230800
pakistan,2020,235000
pakistan,2021,239480
pakistan,2022,243700
palau,1961,5.8130
palau,1962,6.0290
palau,1963,6.1720
palau,1964,6.3880
palau,1965,6.5310
palau,1966,6.7460
palau,1967,6.9620
palau,1968,7.1770
palau,1969,7.4640
palau,1970,7.5360
palau,1971,7.8230
palau,1972,7.8950
palau,1973,8.0380
palau,1974,8.1820
palau,1975,8.3250
palau,1976,8.4690
palau,1977,8.6120
palau,1978,8.8280
palau,1979,9.1870
palau,1980,9.5450
palau,1981,9.9040
palau,1982,10.410
palau,1983,10.980
palau,1984,11.480
palau,1985,12.060
palau,1986,12.560
palau,1987,13.060
palau,1988,13.560
palau,1989,14.070
palau,1990,14.500
palau,1991,15.614
palau,1992,15.989
palau,1993,16.372
palau,1994,16.770
palau,1995,17.195
palau,1996,17.654
palau,1997,18.108
palau,1998,18.524
palau,1999,18.901
palau,2000,19.178
palau,2001,19.352
palau,2002,19.503
palau,2003,19.659
palau,2004,19.820
palau,2005,19.819
palau,2006,19.593
palau,2007,19.302
palau,2008,19.009
palau,2009,18.709
palau,2010,18.396
palau,2011,18.078
palau,2012,17.765
palau,2013,17.648
palau,2014,17.715
palau,2015,17.770
palau,2016,17.797
palau,2017,17.812
palau,2018,17.814
palau,2019,17.798
palau,2020,17.792
palau,2021,17.783
palau,2022,17.759
palestine,1961,1090.9
palestine,1962,1109.3
palestine,1963,1127.5
palestine,1964,1140.7
palestine,1965,1147.3
palestine,1966,1146.4
palestine,1967,1135.8
palestine,1968,1121.7
palestine,1969,1113.1
palestine,1970,1116.3
palestine,1971,1134.1
palestine,1972,1164.8
palestine,1973,1202.3
palestine,1974,1241.1
palestine,1975,1279.3
palestine,1976,1316.4
palestine,1977,1352.7
palestine,1978,1389.5
palestine,1979,1428.1
palestine,1980,1469.1
palestine,1981,1512.7
palestine,1982,1561.0
palestine,1983,1618.8
palestine,1984,1688.6
palestine,1985,1745.3
palestine,1986,1789.3
palestine,1987,1876.8
palestine,1988,1977.3
palestine,1989,2055.6
palestine,1990,2139.1
palestine,1991,2229.0
palestine,1992,2324.7
palestine,1993,2425.1
palestine,1994,2529.2
palestine,1995,2636.6
palestine,1996,2746.8
palestine,1997,2859.6
palestine,1998,2962.9
palestine,1999,3056.3
palestine,2000,3151.8
palestine,2001,3242.3
palestine,2002,3322.4
palestine,2003,3398.1
palestine,2004,3475.2
palestine,2005,3557.4
palestine,2006,3645.1
palestine,2007,3736.7
palestine,2008,3829.0
palestine,2009,3921.2
palestine,2010,4016.9
palestine,2011,4115.9
palestine,2012,4215.3
palestine,2013,4315.3
palestine,2014,4415.9
palestine,2015,4521.6
palestine,2016,4632.7
palestine,2017,4742.7
palestine,2018,4850.6
palestine,2019,4957.8
palestine,2020,5069.7
palestine,2021,5185.3
palestine,2022,5305.3
panama,1961,1159.9
panama,1962,1195.3
panama,1963,1232.1
panama,1964,1270.1
panama,1965,1308.8
panama,1966,1348.4
panama,1967,1388.6
panama,1968,1429.4
panama,1969,1470.9
panama,1970,1513.1
panama,1971,1556.1
panama,1972,1599.7
panama,1973,1643.7
panama,1974,1687.9
panama,1975,1732.4
panama,1976,1776.9
panama,1977,1821.5
panama,1978,1866.3
panama,1979,1911.6
panama,1980,1957.5
panama,1981,2004.4
panama,1982,2052.3
panama,1983,2101.1
panama,1984,2150.8
panama,1985,2200.9
panama,1986,2251.3
panama,1987,2302.0
panama,1988,2352.8
panama,1989,2403.8
panama,1990,2455.6
panama,1991,2508.3
panama,1992,2561.3
panama,1993,2615.1
panama,1994,2669.5
panama,1995,2724.6
panama,1996,2780.2
panama,1997,2836.7
panama,1998,2893.9
panama,1999,2951.8
panama,2000,3010.4
panama,2001,3069.5
panama,2002,3129.3
panama,2003,3189.8
panama,2004,3251.2
panama,2005,3313.0
panama,2006,3375.0
panama,2007,3437.5
panama,2008,3500.6
panama,2009,3564.4
panama,2010,3628.5
panama,2011,3693.5
panama,2012,3759.3
panama,2013,3825.3
panama,2014,3892.1
panama,2015,3960.0
panama,2016,4029.1
panama,2017,4098.7
panama,2018,4167.9
panama,2019,4234.7
panama,2020,4293.3
panama,2021,4345.4
panama,2022,4400.8
papua_new_guinea,1961,2046.1
papua_new_guinea,1962,2093.9
papua_new_guinea,1963,2141.4
papua_new_guinea,1964,2188.3
papua_new_guinea,1965,2235.8
papua_new_guinea,1966,2285.8
papua_new_guinea,1967,2337.5
papua_new_guinea,1968,2390.8
papua_new_guinea,1969,2446.9
papua_new_guinea,1970,2505.6
papua_new_guinea,1971,2566.4
papua_new_guinea,1972,2628.4
papua_new_guinea,1973,2690.6
papua_new_guinea,1974,2752.7
papua_new_guinea,1975,2814.8
papua_new_guinea,1976,2877.3
papua_new_guinea,1977,2940.3
papua_new_guinea,1978,3003.7
papua_new_guinea,1979,3067.3
papua_new_guinea,1980,3131.5
papua_new_guinea,1981,3197.0
papua_new_guinea,1982,3264.3
papua_new_guinea,1983,3333.6
papua_new_guinea,1984,3405.2
papua_new_guinea,1985,3478.9
papua_new_guinea,1986,3554.8
papua_new_guinea,1987,3632.5
papua_new_guinea,1988,3711.9
papua_new_guinea,1989,3796.1
papua_new_guinea,1990,3896.5
papua_new_guinea,1991,4021.8
papua_new_guinea,1992,4166.7
papua_new_guinea,1993,4320.9
papua_new_guinea,1994,4480.2
papua_new_guinea,1995,4644.3
papua_new_guinea,1996,4813.4
papua_new_guinea,1997,4987.9
papua_new_guinea,1998,5166.4
papua_new_guinea,1999,5349.3
papua_new_guinea,2000,5537.1
papua_new_guinea,2001,5728.4
papua_new_guinea,2002,5924.0
papua_new_guinea,2003,6124.0
papua_new_guinea,2004,6328.0
papua_new_guinea,2005,6535.9
papua_new_guinea,2006,6747.7
papua_new_guinea,2007,6963.3
papua_new_guinea,2008,7183.0
papua_new_guinea,2009,7406.4
papua_new_guinea,2010,7633.5
papua_new_guinea,2011,7859.3
papua_new_guinea,2012,8081.4
papua_new_guinea,2013,8302.7
papua_new_guinea,2014,8523.4
papua_new_guinea,2015,8743.2
papua_new_guinea,2016,8961.7
papua_new_guinea,2017,9178.7
papua_new_guinea,2018,9394.5
papua_new_guinea,2019,9609.0
papua_new_guinea,2020,9815.7
papua_new_guinea,2021,10013
papua_new_guinea,2022,10203
paraguay,1961,1927.4
paraguay,1962,1973.1
paraguay,1963,2021.9
paraguay,1964,2073.1
paraguay,1965,2125.2
paraguay,1966,2177.6
paraguay,1967,2230.0
paraguay,1968,2282.4
paraguay,1969,2335.0
paraguay,1970,2388.0
paraguay,1971,2442.5
paraguay,1972,2499.9
paraguay,1973,2561.1
paraguay,1974,2625.6
paraguay,1975,2691.6
paraguay,1976,2758.8
paraguay,1977,2827.9
paraguay,1978,2899.3
paraguay,1979,2974.0
paraguay,1980,3053.2
paraguay,1981,3137.6
paraguay,1982,3226.2
paraguay,1983,3318.1
paraguay,1984,3412.9
paraguay,1985,3510.7
paraguay,1986,3611.5
paraguay,1987,3714.9
paraguay,1988,3820.5
paraguay,1989,3927.8
paraguay,1990,4035.7
paraguay,1991,4144.4
paraguay,1992,4253.6
paraguay,1993,4362.7
paraguay,1994,4471.4
paraguay,1995,4579.8
paraguay,1996,4687.5
paraguay,1997,4794.4
paraguay,1998,4900.0
paraguay,1999,5003.1
paraguay,2000,5100.9
paraguay,2001,5187.7
paraguay,2002,5261.3
paraguay,2003,5326.4
paraguay,2004,5388.2
paraguay,2005,5448.1
paraguay,2006,5505.1
paraguay,2007,5559.4
paraguay,2008,5613.6
paraguay,2009,5671.2
paraguay,2010,5738.0
paraguay,2011,5814.6
paraguay,2012,5897.0
paraguay,2013,5982.4
paraguay,2014,6069.8
paraguay,2015,6159.1
paraguay,2016,6249.1
paraguay,2017,6338.7
paraguay,2018,6427.4
paraguay,2019,6515.1
paraguay,2020,6603.7
paraguay,2021,6684.2
paraguay,2022,6760.5
peru,1961,10475
peru,1962,10785
peru,1963,11102
peru,1964,11428
peru,1965,11761
peru,1966,12101
peru,1967,12449
peru,1968,12804
peru,1969,13167
peru,1970,13501
peru,1971,13838
peru,1972,14210
peru,1973,14583
peru,1974,14957
peru,1975,15334
peru,1976,15717
peru,1977,16110
peru,1978,16516
peru,1979,16933
peru,1980,17361
peru,1981,17799
peru,1982,18247
peru,1983,18706
peru,1984,19175
peru,1985,19648
peru,1986,20117
peru,1987,20582
peru,1988,21055
peru,1989,21533
peru,1990,22015
peru,1991,22484
peru,1992,22946
peru,1993,23414
peru,1994,23881
peru,1995,24349
peru,1996,24811
peru,1997,25274
peru,1998,25738
peru,1999,26187
peru,2000,26598
peru,2001,26965
peru,2002,27288
peru,2003,27580
peru,2004,27852
peru,2005,28101
peru,2006,28324
peru,2007,28531
peru,2008,28719
peru,2009,28897
peru,2010,29086
peru,2011,29304
peru,2012,29550
peru,2013,29818
peru,2014,30116
peru,2015,30458
peru,2016,30866
peru,2017,31325
peru,2018,31898
peru,2019,32449
peru,2020,32839
peru,2021,33156
peru,2022,33475
philippines,1961,28793
philippines,1962,29724
philippines,1963,30675
philippines,1964,31643
philippines,1965,32625
philippines,1966,33617
philippines,1967,34621
philippines,1968,35638
philippines,1969,36661
philippines,1970,37622
philippines,1971,38519
philippines,1972,39409
philippines,1973,40294
philippines,1974,41174
philippines,1975,42121
philippines,1976,43201
philippines,1977,44368
philippines,1978,45575
philippines,1979,46807
philippines,1980,48044
philippines,1981,49312
philippines,1982,50696
philippines,1983,52195
philippines,1984,53726
philippines,1985,55213
philippines,1986,56645
philippines,1987,58157
philippines,1988,59739
philippines,1989,61265
philippines,1990,62855
philippines,1991,64382
philippines,1992,65926
philippines,1993,67531
philippines,1994,69019
philippines,1995,70546
philippines,1996,72190
philippines,1997,73909
philippines,1998,75791
philippines,1999,77753
philippines,2000,79625
philippines,2001,81401
philippines,2002,83069
philippines,2003,84732
philippines,2004,86395
philippines,2005,88016
philippines,2006,89509
philippines,2007,91075
philippines,2008,92699
philippines,2009,94384
philippines,2010,96337
philippines,2011,98249
philippines,2012,100180
philippines,2013,102080
philippines,2014,103770
philippines,2015,105310
philippines,2016,106740
philippines,2017,108120
philippines,2018,109470
philippines,2019,110800
philippines,2020,112080
philippines,2021,113100
philippines,2022,113960
poland,1961,29980
poland,1962,30338
poland,1963,30674
poland,1964,30993
poland,1965,31288
poland,1966,31568
poland,1967,31829
poland,1968,32078
poland,1969,32323
poland,1970,32543
poland,1971,32771
poland,1972,33042
poland,1973,33333
poland,1974,33642
poland,1975,33964
poland,1976,34297
poland,1977,34629
poland,1978,34934
poland,1979,35248
poland,1980,35577
poland,1981,35901
poland,1982,36233
poland,1983,36574
poland,1984,36906
poland,1985,37201
poland,1986,37453
poland,1987,37666
poland,1988,37818
poland,1989,37938
poland,1990,38055
poland,1991,38153
poland,1992,38234
poland,1993,38295
poland,1994,38344
poland,1995,38365
poland,1996,38359
poland,1997,38348
poland,1998,38326
poland,1999,38288
poland,2000,38258
poland,2001,38247
poland,2002,38229
poland,2003,38204
poland,2004,38168
poland,2005,38124
poland,2006,38071
poland,2007,38020
poland,2008,37996
poland,2009,38002
poland,2010,38095
poland,2011,38209
poland,2012,38248
poland,2013,38259
poland,2014,38265
poland,2015,38266
poland,2016,38263
poland,2017,38255
poland,2018,38241
poland,2019,38226
poland,2020,38171
poland,2021,38040
poland,2022,38386
portugal,1961,8888.4
portugal,1962,8895.8
portugal,1963,8898.3
portugal,1964,8895.8
portugal,1965,8889.6
portugal,1966,8872.5
portugal,1967,8845.8
portugal,1968,8809.7
portugal,1969,8754.2
portugal,1970,8669.5
portugal,1971,8685.6
portugal,1972,8815.6
portugal,1973,8939.2
portugal,1974,9059.2
portugal,1975,9182.3
portugal,1976,9310.3
portugal,1977,9438.2
portugal,1978,9556.4
portugal,1979,9663.3
portugal,1980,9763.6
portugal,1981,9837.6
portugal,1982,9885.8
portugal,1983,9925.3
portugal,1984,9956.9
portugal,1985,9979.5
portugal,1986,9993.1
portugal,1987,10002
portugal,1988,10005
portugal,1989,10001
portugal,1990,9989.5
portugal,1991,9969.2
portugal,1992,9960.3
portugal,1993,9972.3
portugal,1994,9998.5
portugal,1995,10032
portugal,1996,10068
portugal,1997,10111
portugal,1998,10160
portugal,1999,10215
portugal,2000,10283
portugal,2001,10354
portugal,2002,10413
portugal,2003,10454
portugal,2004,10481
portugal,2005,10503
portugal,2006,10524
portugal,2007,10547
portugal,2008,10564
portugal,2009,10576
portugal,2010,10579
portugal,2011,10557
portugal,2012,10513
portugal,2013,10458
portugal,2014,10406
portugal,2015,10370
portugal,2016,10346
portugal,2017,10331
portugal,2018,10325
portugal,2019,10343
portugal,2020,10371
portugal,2021,10391
portugal,2022,10417
puerto_rico,1961,2401.2
puerto_rico,1962,2441.2
puerto_rico,1963,2480.6
puerto_rico,1964,2519.0
puerto_rico,1965,2556.6
puerto_rico,1966,2593.8
puerto_rico,1967,2630.5
puerto_rico,1968,2665.8
puerto_rico,1969,2698.4
puerto_rico,1970,2734.4
puerto_rico,1971,2778.0
puerto_rico,1972,2824.4
puerto_rico,1973,2871.1
puerto_rico,1974,2918.2
puerto_rico,1975,2966.1
puerto_rico,1976,3015.0
puerto_rico,1977,3064.4
puerto_rico,1978,3114.2
puerto_rico,1979,3165.0
puerto_rico,1980,3213.7
puerto_rico,1981,3256.6
puerto_rico,1982,3295.9
puerto_rico,1983,3332.6
puerto_rico,1984,3367.2
puerto_rico,1985,3399.3
puerto_rico,1986,3428.8
puerto_rico,1987,3457.1
puerto_rico,1988,3485.1
puerto_rico,1989,3512.0
puerto_rico,1990,3541.0
puerto_rico,1991,3573.7
puerto_rico,1992,3606.4
puerto_rico,1993,3637.2
puerto_rico,1994,3666.1
puerto_rico,1995,3693.6
puerto_rico,1996,3719.9
puerto_rico,1997,3745.6
puerto_rico,1998,3770.6
puerto_rico,1999,3794.5
puerto_rico,2000,3809.9
puerto_rico,2001,3813.0
puerto_rico,2002,3810.7
puerto_rico,2003,3806.0
puerto_rico,2004,3798.7
puerto_rico,2005,3788.4
puerto_rico,2006,3776.2
puerto_rico,2007,3763.1
puerto_rico,2008,3749.1
puerto_rico,2009,3735.0
puerto_rico,2010,3714.8
puerto_rico,2011,3683.7
puerto_rico,2012,3646.4
puerto_rico,2013,3606.8
puerto_rico,2014,3565.4
puerto_rico,2015,3521.8
puerto_rico,2016,3476.0
puerto_rico,2017,3371.9
puerto_rico,2018,3290.1
puerto_rico,2019,3288.0
puerto_rico,2020,3275.8
puerto_rico,2021,3253.2
puerto_rico,2022,3241.0
qatar,1961,39.680
qatar,1962,44.630
qatar,1963,50.380
qatar,1964,56.867
qatar,1965,64.065
qatar,1966,72.192
qatar,1967,81.439
qatar,1968,91.749
qatar,1969,103.03
qatar,1970,116.35
qatar,1971,131.35
qatar,1972,146.51
qatar,1973,161.84
qatar,1974,177.36
qatar,1975,193.09
qatar,1976,209.05
qatar,1977,225.28
qatar,1978,241.81
qatar,1979,258.67
qatar,1980,275.91
qatar,1981,293.55
qatar,1982,311.54
qatar,1983,329.71
qatar,1984,347.88
qatar,1985,365.94
qatar,1986,382.42
qatar,1987,397.00
qatar,1988,411.26
qatar,1989,425.65
qatar,1990,440.18
qatar,1991,454.85
qatar,1992,469.66
qatar,1993,484.55
qatar,1994,499.46
qatar,1995,514.33
qatar,1996,529.02
qatar,1997,550.50
qatar,1998,580.54
qatar,1999,612.50
qatar,2000,644.99
qatar,2001,677.92
qatar,2002,711.21
qatar,2003,744.68
qatar,2004,773.33
qatar,2005,825.41
qatar,2006,972.83
qatar,2007,1208.6
qatar,2008,1426.9
qatar,2009,1586.0
qatar,2010,1709.2
qatar,2011,1811.0
qatar,2012,1907.1
qatar,2013,2032.6
qatar,2014,2218.4
qatar,2015,2427.3
qatar,2016,2599.4
qatar,2017,2706.7
qatar,2018,2761.1
qatar,2019,2797.9
qatar,2020,2803.4
qatar,2021,2815.0
qatar,2022,2892.5
republic_of_korea,1961,26853
republic_of_korea,1962,27509
republic_of_korea,1963,28146
republic_of_korea,1964,28745
republic_of_korea,1965,29284
republic_of_korea,1966,29846
republic_of_korea,1967,30496
republic_of_korea,1968,31175
republic_of_korea,1969,31853
republic_of_korea,1970,32542
republic_of_korea,1971,33240
republic_of_korea,1972,33936
republic_of_korea,1973,34626
republic_of_korea,1974,35288
republic_of_korea,1975,35876
republic_of_korea,1976,36380
republic_of_korea,1977,36844
republic_of_korea,1978,37282
republic_of_korea,1979,37711
republic_of_korea,1980,38141
republic_of_korea,1981,38689
republic_of_korea,1982,39356
republic_of_korea,1983,40001
republic_of_korea,1984,40598
republic_of_korea,1985,41149
republic_of_korea,1986,41719
republic_of_korea,1987,42322
republic_of_korea,1988,42923
republic_of_korea,1989,43525
republic_of_korea,1990,44081
republic_of_korea,1991,44439
republic_of_korea,1992,44654
republic_of_korea,1993,44888
republic_of_korea,1994,45131
republic_of_korea,1995,45368
republic_of_korea,1996,45639
republic_of_korea,1997,45942
republic_of_korea,1998,46231
republic_of_korea,1999,46500
republic_of_korea,2000,46767
republic_of_korea,2001,47043
republic_of_korea,2002,47299
republic_of_korea,2003,47514
republic_of_korea,2004,47697
republic_of_korea,2005,47852
republic_of_korea,2006,48007
republic_of_korea,2007,48178
republic_of_korea,2008,48356
republic_of_korea,2009,48547
republic_of_korea,2010,48769
republic_of_korea,2011,49128
republic_of_korea,2012,49600
republic_of_korea,2013,50071
republic_of_korea,2014,50539
republic_of_korea,2015,50984
republic_of_korea,2016,51298
republic_of_korea,2017,51486
republic_of_korea,2018,51641
republic_of_korea,2019,51768
republic_of_korea,2020,51858
republic_of_korea,2021,51848
republic_of_korea,2022,51783
republic_of_moldova,1992,4455.7
republic_of_moldova,1993,4448.2
republic_of_moldova,1994,4434.5
republic_of_moldova,1995,4414.2
republic_of_moldova,1996,4387.7
republic_of_moldova,1997,4355.5
republic_of_moldova,1998,4318.7
republic_of_moldova,1999,4278.2
republic_of_moldova,2000,4235.0
republic_of_moldova,2001,4189.8
republic_of_moldova,2002,4142.9
republic_of_moldova,2003,4095.4
republic_of_moldova,2004,4046.7
republic_of_moldova,2005,3988.7
republic_of_moldova,2006,3921.3
republic_of_moldova,2007,3851.4
republic_of_moldova,2008,3779.5
republic_of_moldova,2009,3706.2
republic_of_moldova,2010,3632.0
republic_of_moldova,2011,3557.3
republic_of_moldova,2012,3482.6
republic_of_moldova,2013,3408.7
republic_of_moldova,2014,3342.7
republic_of_moldova,2015,3287.2
republic_of_moldova,2016,3237.8
republic_of_moldova,2017,3193.5
republic_of_moldova,2018,3153.8
republic_of_moldova,2019,3112.6
republic_of_moldova,2020,3069.1
republic_of_moldova,2021,3023.8
republic_of_moldova,2022,3040.0
romania,1961,18423
romania,1962,18512
romania,1963,18587
romania,1964,18655
romania,1965,18713
romania,1966,18776
romania,1967,18999
romania,1968,19361
romania,1969,19702
romania,1970,20012
romania,1971,20293
romania,1972,20556
romania,1973,20798
romania,1974,21034
romania,1975,21268
romania,1976,21498
romania,1977,21700
romania,1978,21868
romania,1979,22020
romania,1980,22155
romania,1981,22273
romania,1982,22374
romania,1983,22459
romania,1984,22534
romania,1985,22606
romania,1986,22675
romania,1987,22746
romania,1988,22815
romania,1989,22888
romania,1990,22940
romania,1991,22947
romania,1992,22912
romania,1993,22842
romania,1994,22756
romania,1995,22658
romania,1996,22542
romania,1997,22412
romania,1998,22285
romania,1999,22166
romania,2000,22046
romania,2001,21920
romania,2002,21770
romania,2003,21593
romania,2004,21403
romania,2005,21213
romania,2006,21036
romania,2007,20871
romania,2008,20719
romania,2009,20577
romania,2010,20433
romania,2011,20282
romania,2012,20158
romania,2013,20063
romania,2014,19968
romania,2015,19871
romania,2016,19777
romania,2017,19689
romania,2018,19598
romania,2019,19502
romania,2020,19392
romania,2021,19248
romania,2022,19167
russian_federation,1992,148920
russian_federation,1993,148140
russian_federation,1994,148200
russian_federation,1995,148290
russian_federation,1996,148080
russian_federation,1997,147850
russian_federation,1998,147640
russian_federation,1999,147240
russian_federation,2000,146720
russian_federation,2001,146120
russian_federation,2002,145940
russian_federation,2003,145790
russian_federation,2004,145180
russian_federation,2005,144600
russian_federation,2006,144100
russian_federation,2007,143860
russian_federation,2008,143810
russian_federation,2009,143870
russian_federation,2010,143930
russian_federation,2011,144040
russian_federation,2012,144290
russian_federation,2013,144600
russian_federation,2014,144930
russian_federation,2015,145310
russian_federation,2016,145780
russian_federation,2017,146190
russian_federation,2018,146430
russian_federation,2019,146530
russian_federation,2020,146370
russian_federation,2021,145840
russian_federation,2022,145580
rwanda,1961,3106.8
rwanda,1962,3186.0
rwanda,1963,3258.9
rwanda,1964,3334.8
rwanda,1965,3423.2
rwanda,1966,3521.6
rwanda,1967,3629.6
rwanda,1968,3744.0
rwanda,1969,3861.3
rwanda,1970,3980.7
rwanda,1971,4100.0
rwanda,1972,4220.3
rwanda,1973,4345.0
rwanda,1974,4474.2
rwanda,1975,4607.7
rwanda,1976,4746.0
rwanda,1977,4888.2
rwanda,1978,5035.2
rwanda,1979,5189.5
rwanda,1980,5353.3
rwanda,1981,5527.2
rwanda,1982,5711.5
rwanda,1983,5905.3
rwanda,1984,6107.6
rwanda,1985,6317.2
rwanda,1986,6531.9
rwanda,1987,6749.5
rwanda,1988,6968.1
rwanda,1989,7184.7
rwanda,1990,7375.3
rwanda,1991,7527.0
rwanda,1992,7683.3
rwanda,1993,7981.1
rwanda,1994,6792.4
rwanda,1995,5674.1
rwanda,1996,6708.8
rwanda,1997,7755.2
rwanda,1998,8081.7
rwanda,1999,8147.9
rwanda,2000,8213.9
rwanda,2001,8287.1
rwanda,2002,8400.2
rwanda,2003,8586.9
rwanda,2004,8816.8
rwanda,2005,9054.5
rwanda,2006,9299.2
rwanda,2007,9549.9
rwanda,2008,9804.3
rwanda,2009,10060
rwanda,2010,10318
rwanda,2011,10574
rwanda,2012,10830
rwanda,2013,11093
rwanda,2014,11365
rwanda,2015,11640
rwanda,2016,11919
rwanda,2017,12202
rwanda,2018,12488
rwanda,2019,12776
rwanda,2020,13066
rwanda,2021,13355
rwanda,2022,13651
saint_kitts_and_nevis,1961,55.334
saint_kitts_and_nevis,1962,54.461
saint_kitts_and_nevis,1963,53.441
saint_kitts_and_nevis,1964,52.326
saint_kitts_and_nevis,1965,51.139
saint_kitts_and_nevis,1966,49.898
saint_kitts_and_nevis,1967,48.605
saint_kitts_and_nevis,1968,47.245
saint_kitts_and_nevis,1969,45.731
saint_kitts_and_nevis,1970,44.606
saint_kitts_and_nevis,1971,44.206
saint_kitts_and_nevis,1972,44.033
saint_kitts_and_nevis,1973,43.880
saint_kitts_and_nevis,1974,43.738
saint_kitts_and_nevis,1975,43.606
saint_kitts_and_nevis,1976,43.482
saint_kitts_and_nevis,1977,43.358
saint_kitts_and_nevis,1978,43.217
saint_kitts_and_nevis,1979,43.033
saint_kitts_and_nevis,1980,42.850
saint_kitts_and_nevis,1981,42.698
saint_kitts_and_nevis,1982,42.532
saint_kitts_and_nevis,1983,42.334
saint_kitts_and_nevis,1984,42.113
saint_kitts_and_nevis,1985,41.874
saint_kitts_and_nevis,1986,41.618
saint_kitts_and_nevis,1987,41.348
saint_kitts_and_nevis,1988,41.062
saint_kitts_and_nevis,1989,40.758
saint_kitts_and_nevis,1990,40.432
saint_kitts_and_nevis,1991,40.358
saint_kitts_and_nevis,1992,40.715
saint_kitts_and_nevis,1993,41.242
saint_kitts_and_nevis,1994,41.776
saint_kitts_and_nevis,1995,42.326
saint_kitts_and_nevis,1996,42.877
saint_kitts_and_nevis,1997,43.428
saint_kitts_and_nevis,1998,43.998
saint_kitts_and_nevis,1999,44.601
saint_kitts_and_nevis,2000,45.248
saint_kitts_and_nevis,2001,45.761
saint_kitts_and_nevis,2002,46.020
saint_kitts_and_nevis,2003,46.176
saint_kitts_and_nevis,2004,46.315
saint_kitts_and_nevis,2005,46.437
saint_kitts_and_nevis,2006,46.569
saint_kitts_and_nevis,2007,46.706
saint_kitts_and_nevis,2008,46.835
saint_kitts_and_nevis,2009,46.916
saint_kitts_and_nevis,2010,46.846
saint_kitts_and_nevis,2011,46.886
saint_kitts_and_nevis,2012,47.033
saint_kitts_and_nevis,2013,47.069
saint_kitts_and_nevis,2014,47.089
saint_kitts_and_nevis,2015,47.087
saint_kitts_and_nevis,2016,47.075
saint_kitts_and_nevis,2017,47.050
saint_kitts_and_nevis,2018,47.008
saint_kitts_and_nevis,2019,46.952
saint_kitts_and_nevis,2020,46.870
saint_kitts_and_nevis,2021,46.763
saint_kitts_and_nevis,2022,46.709
saint_lucia,1961,93.490
saint_lucia,1962,94.505
saint_lucia,1963,95.519
saint_lucia,1964,96.505
saint_lucia,1965,97.493
saint_lucia,1966,98.463
saint_lucia,1967,99.504
saint_lucia,1968,100.67
saint_lucia,1969,101.88
saint_lucia,1970,103.17
saint_lucia,1971,104.56
saint_lucia,1972,106.00
saint_lucia,1973,107.50
saint_lucia,1974,109.08
saint_lucia,1975,110.72
saint_lucia,1976,112.42
saint_lucia,1977,114.14
saint_lucia,1978,115.83
saint_lucia,1979,117.53
saint_lucia,1980,119.29
saint_lucia,1981,121.17
saint_lucia,1982,123.09
saint_lucia,1983,125.04
saint_lucia,1984,127.07
saint_lucia,1985,129.16
saint_lucia,1986,131.24
saint_lucia,1987,133.23
saint_lucia,1988,135.00
saint_lucia,1989,136.51
saint_lucia,1990,137.86
saint_lucia,1991,139.52
saint_lucia,1992,141.62
saint_lucia,1993,143.73
saint_lucia,1994,145.89
saint_lucia,1995,148.21
saint_lucia,1996,150.44
saint_lucia,1997,152.57
saint_lucia,1998,154.68
saint_lucia,1999,156.70
saint_lucia,2000,158.62
saint_lucia,2001,160.24
saint_lucia,2002,161.64
saint_lucia,2003,162.98
saint_lucia,2004,164.24
saint_lucia,2005,165.45
saint_lucia,2006,166.64
saint_lucia,2007,167.76
saint_lucia,2008,168.81
saint_lucia,2009,169.87
saint_lucia,2010,170.91
saint_lucia,2011,171.80
saint_lucia,2012,172.59
saint_lucia,2013,173.37
saint_lucia,2014,174.14
saint_lucia,2015,174.91
saint_lucia,2016,175.65
saint_lucia,2017,176.34
saint_lucia,2018,177.02
saint_lucia,2019,177.66
saint_lucia,2020,178.25
saint_lucia,2021,178.52
saint_lucia,2022,178.78
saint_vincent_and_the_grenadines,1961,85.870
saint_vincent_and_the_grenadines,1962,87.236
saint_vincent_and_the_grenadines,1963,88.523
saint_vincent_and_the_grenadines,1964,89.749
saint_vincent_and_the_grenadines,1965,90.927
saint_vincent_and_the_grenadines,1966,92.052
saint_vincent_and_the_grenadines,1967,93.124
saint_vincent_and_the_grenadines,1968,94.123
saint_vincent_and_the_grenadines,1969,95.058
saint_vincent_and_the_grenadines,1970,95.964
saint_vincent_and_the_grenadines,1971,96.872
saint_vincent_and_the_grenadines,1972,97.790
saint_vincent_and_the_grenadines,1973,98.691
saint_vincent_and_the_grenadines,1974,99.556
saint_vincent_and_the_grenadines,1975,100.39
saint_vincent_and_the_grenadines,1976,101.20
saint_vincent_and_the_grenadines,1977,102.00
saint_vincent_and_the_grenadines,1978,102.78
saint_vincent_and_the_grenadines,1979,103.48
saint_vincent_and_the_grenadines,1980,104.21
saint_vincent_and_the_grenadines,1981,105.07
saint_vincent_and_the_grenadines,1982,105.97
saint_vincent_and_the_grenadines,1983,106.84
saint_vincent_and_the_grenadines,1984,107.69
saint_vincent_and_the_grenadines,1985,108.51
saint_vincent_and_the_grenadines,1986,109.28
saint_vincent_and_the_grenadines,1987,110.00
saint_vincent_and_the_grenadines,1988,110.66
saint_vincent_and_the_grenadines,1989,111.27
saint_vincent_and_the_grenadines,1990,111.81
saint_vincent_and_the_grenadines,1991,112.22
saint_vincent_and_the_grenadines,1992,112.51
saint_vincent_and_the_grenadines,1993,112.73
saint_vincent_and_the_grenadines,1994,112.92
saint_vincent_and_the_grenadines,1995,113.05
saint_vincent_and_the_grenadines,1996,113.12
saint_vincent_and_the_grenadines,1997,113.14
saint_vincent_and_the_grenadines,1998,113.18
saint_vincent_and_the_grenadines,1999,113.37
saint_vincent_and_the_grenadines,2000,113.55
saint_vincent_and_the_grenadines,2001,113.50
saint_vincent_and_the_grenadines,2002,113.35
saint_vincent_and_the_grenadines,2003,113.14
saint_vincent_and_the_grenadines,2004,112.83
saint_vincent_and_the_grenadines,2005,112.45
saint_vincent_and_the_grenadines,2006,112.01
saint_vincent_and_the_grenadines,2007,111.53
saint_vincent_and_the_grenadines,2008,111.03
saint_vincent_and_the_grenadines,2009,110.51
saint_vincent_and_the_grenadines,2010,109.96
saint_vincent_and_the_grenadines,2011,109.35
saint_vincent_and_the_grenadines,2012,108.74
saint_vincent_and_the_grenadines,2013,108.14
saint_vincent_and_the_grenadines,2014,107.53
saint_vincent_and_the_grenadines,2015,106.96
saint_vincent_and_the_grenadines,2016,106.35
saint_vincent_and_the_grenadines,2017,105.66
saint_vincent_and_the_grenadines,2018,104.93
saint_vincent_and_the_grenadines,2019,104.17
saint_vincent_and_the_grenadines,2020,103.53
saint_vincent_and_the_grenadines,2021,102.84
saint_vincent_and_the_grenadines,2022,102.05
samoa,1961,115.50
samoa,1962,118.60
samoa,1963,121.76
samoa,1964,124.89
samoa,1965,127.98
samoa,1966,131.07
samoa,1967,133.76
samoa,1968,136.02
samoa,1969,138.23
samoa,1970,140.40
samoa,1971,142.50
samoa,1972,144.54
samoa,1973,146.52
samoa,1974,149.43
samoa,1975,153.34
samoa,1976,157.11
samoa,1977,159.75
samoa,1978,161.38
samoa,1979,162.88
samoa,1980,164.32
samoa,1981,165.68
samoa,1982,166.48
samoa,1983,166.71
samoa,1984,166.80
samoa,1985,166.85
samoa,1986,167.06
samoa,1987,167.66
samoa,1988,168.35
samoa,1989,168.77
samoa,1990,169.04
samoa,1991,169.37
samoa,1992,170.33
samoa,1993,171.77
samoa,1994,173.16
samoa,1995,174.57
samoa,1996,176.07
samoa,1997,177.55
samoa,1998,178.91
samoa,1999,180.28
samoa,2000,181.69
samoa,2001,183.17
samoa,2002,184.47
samoa,2003,185.43
samoa,2004,186.25
samoa,2005,186.98
samoa,2006,187.71
samoa,2007,188.75
samoa,2008,190.11
samoa,2009,191.51
samoa,2010,193.02
samoa,2011,194.71
samoa,2012,196.50
samoa,2013,198.27
samoa,2014,200.04
samoa,2015,201.78
samoa,2016,203.50
samoa,2017,205.41
samoa,2018,207.58
samoa,2019,209.78
samoa,2020,211.94
samoa,2021,213.78
samoa,2022,215.26
san_marino,1961,15.799
san_marino,1962,16.183
san_marino,1963,16.580
san_marino,1964,16.977
san_marino,1965,17.305
san_marino,1966,17.523
san_marino,1967,17.688
san_marino,1968,17.861
san_marino,1969,18.026
san_marino,1970,18.168
san_marino,1971,18.419
san_marino,1972,18.787
san_marino,1973,18.992
san_marino,1974,19.030
san_marino,1975,19.046
san_marino,1976,19.110
san_marino,1977,20.017
san_marino,1978,21.026
san_marino,1979,21.320
san_marino,1980,21.585
san_marino,1981,21.840
san_marino,1982,22.055
san_marino,1983,22.229
san_marino,1984,22.346
san_marino,1985,22.485
san_marino,1986,22.636
san_marino,1987,22.686
san_marino,1988,22.843
san_marino,1989,23.154
san_marino,1990,23.475
san_marino,1991,23.797
san_marino,1992,24.125
san_marino,1993,24.472
san_marino,1994,24.823
san_marino,1995,25.158
san_marino,1996,25.482
san_marino,1997,25.800
san_marino,1998,26.125
san_marino,1999,26.459
san_marino,2000,26.799
san_marino,2001,27.143
san_marino,2002,27.491
san_marino,2003,27.843
san_marino,2004,28.203
san_marino,2005,28.572
san_marino,2006,28.942
san_marino,2007,29.316
san_marino,2008,29.701
san_marino,2009,30.090
san_marino,2010,30.624
san_marino,2011,32.169
san_marino,2012,33.467
san_marino,2013,33.620
san_marino,2014,33.725
san_marino,2015,33.901
san_marino,2016,34.161
san_marino,2017,34.378
san_marino,2018,34.529
san_marino,2019,34.653
san_marino,2020,34.769
san_marino,2021,34.572
san_marino,2022,34.090
sao_tome_and_principe,1961,68.707
sao_tome_and_principe,1962,69.403
sao_tome_and_principe,1963,70.112
sao_tome_and_principe,1964,70.865
sao_tome_and_principe,1965,71.680
sao_tome_and_principe,1966,72.576
sao_tome_and_principe,1967,73.596
sao_tome_and_principe,1968,74.765
sao_tome_and_principe,1969,76.083
sao_tome_and_principe,1970,77.626
sao_tome_and_principe,1971,79.330
sao_tome_and_principe,1972,81.041
sao_tome_and_principe,1973,82.798
sao_tome_and_principe,1974,84.672
sao_tome_and_principe,1975,86.708
sao_tome_and_principe,1976,88.922
sao_tome_and_principe,1977,91.301
sao_tome_and_principe,1978,93.794
sao_tome_and_principe,1979,96.252
sao_tome_and_principe,1980,98.544
sao_tome_and_principe,1981,100.61
sao_tome_and_principe,1982,102.51
sao_tome_and_principe,1983,104.38
sao_tome_and_principe,1984,106.39
sao_tome_and_principe,1985,108.66
sao_tome_and_principe,1986,111.15
sao_tome_and_principe,1987,113.92
sao_tome_and_principe,1988,116.94
sao_tome_and_principe,1989,119.98
sao_tome_and_principe,1990,122.98
sao_tome_and_principe,1991,125.70
sao_tome_and_principe,1992,128.11
sao_tome_and_principe,1993,130.47
sao_tome_and_principe,1994,132.73
sao_tome_and_principe,1995,134.90
sao_tome_and_principe,1996,136.96
sao_tome_and_principe,1997,138.92
sao_tome_and_principe,1998,140.75
sao_tome_and_principe,1999,142.44
sao_tome_and_principe,2000,144.02
sao_tome_and_principe,2001,146.38
sao_tome_and_principe,2002,149.92
sao_tome_and_principe,2003,153.81
sao_tome_and_principe,2004,157.71
sao_tome_and_principe,2005,161.64
sao_tome_and_principe,2006,165.64
sao_tome_and_principe,2007,169.70
sao_tome_and_principe,2008,173.79
sao_tome_and_principe,2009,177.85
sao_tome_and_principe,2010,181.80
sao_tome_and_principe,2011,185.65
sao_tome_and_principe,2012,189.44
sao_tome_and_principe,2013,193.15
sao_tome_and_principe,2014,196.77
sao_tome_and_principe,2015,200.29
sao_tome_and_principe,2016,203.69
sao_tome_and_principe,2017,206.97
sao_tome_and_principe,2018,210.19
sao_tome_and_principe,2019,213.39
sao_tome_and_principe,2020,217.44
sao_tome_and_principe,2021,221.96
sao_tome_and_principe,2022,226.31
saudi_arabia,1961,2526.3
saudi_arabia,1962,2620.9
saudi_arabia,1963,2719.3
saudi_arabia,1964,2822.0
saudi_arabia,1965,2928.8
saudi_arabia,1966,3039.9
saudi_arabia,1967,3157.2
saudi_arabia,1968,3282.7
saudi_arabia,1969,3417.1
saudi_arabia,1970,3562.5
saudi_arabia,1971,3724.0
saudi_arabia,1972,3905.7
saudi_arabia,1973,4106.3
saudi_arabia,1974,4323.6
saudi_arabia,1975,4556.3
saudi_arabia,1976,4807.9
saudi_arabia,1977,5083.0
saudi_arabia,1978,5381.9
saudi_arabia,1979,5703.7
saudi_arabia,1980,6048.0
saudi_arabia,1981,6420.6
saudi_arabia,1982,6824.5
saudi_arabia,1983,7252.9
saudi_arabia,1984,7697.3
saudi_arabia,1985,8151.8
saudi_arabia,1986,8628.6
saudi_arabia,1987,9130.2
saudi_arabia,1988,9629.2
saudi_arabia,1989,10128
saudi_arabia,1990,10641
saudi_arabia,1991,11161
saudi_arabia,1992,11687
saudi_arabia,1993,12216
saudi_arabia,1994,12750
saudi_arabia,1995,13289
saudi_arabia,1996,13831
saudi_arabia,1997,14375
saudi_arabia,1998,14922
saudi_arabia,1999,15472
saudi_arabia,2000,16178
saudi_arabia,2001,17041
saudi_arabia,2002,17911
saudi_arabia,2003,18787
saudi_arabia,2004,19669
saudi_arabia,2005,20560
saudi_arabia,2006,21459
saudi_arabia,2007,22368
saudi_arabia,2008,23288
saudi_arabia,2009,24218
saudi_arabia,2010,25157
saudi_arabia,2011,26106
saudi_arabia,2012,27062
saudi_arabia,2013,28027
saudi_arabia,2014,28998
saudi_arabia,2015,29975
saudi_arabia,2016,30718
saudi_arabia,2017,30782
saudi_arabia,2018,30365
saudi_arabia,2019,30473
saudi_arabia,2020,30991
saudi_arabia,2021,31328
saudi_arabia,2022,32175
senegal,1961,3436.4
senegal,1962,3534.7
senegal,1963,3635.9
senegal,1964,3740.5
senegal,1965,3849.8
senegal,1966,3964.3
senegal,1967,4083.9
senegal,1968,4207.6
senegal,1969,4335.0
senegal,1970,4466.3
senegal,1971,4601.9
senegal,1972,4741.6
senegal,1973,4885.2
senegal,1974,5029.4
senegal,1975,5170.8
senegal,1976,5308.6
senegal,1977,5439.5
senegal,1978,5568.1
senegal,1979,5702.9
senegal,1980,5845.6
senegal,1981,5997.2
senegal,1982,6157.0
senegal,1983,6324.5
senegal,1984,6499.4
senegal,1985,6683.3
senegal,1986,6878.2
senegal,1987,7081.5
senegal,1988,7289.6
senegal,1989,7502.2
senegal,1990,7720.5
senegal,1991,7943.1
senegal,1992,8168.4
senegal,1993,8396.3
senegal,1994,8624.1
senegal,1995,8848.1
senegal,1996,9067.0
senegal,1997,9283.5
senegal,1998,9503.0
senegal,1999,9730.9
senegal,2000,9968.3
senegal,2001,10213
senegal,2002,10466
senegal,2003,10721
senegal,2004,10976
senegal,2005,11235
senegal,2006,11500
senegal,2007,11770
senegal,2008,12049
senegal,2009,12337
senegal,2010,12635
senegal,2011,12959
senegal,2012,13310
senegal,2013,13711
senegal,2014,14152
senegal,2015,14593
senegal,2016,15035
senegal,2017,15475
senegal,2018,15914
senegal,2019,16353
senegal,2020,16789
senegal,2021,17221
senegal,2022,17651
serbia,2006,7511.4
serbia,2007,7483.0
serbia,2008,7454.3
serbia,2009,7425.3
serbia,2010,7395.9
serbia,2011,7364.9
serbia,2012,7324.6
serbia,2013,7276.2
serbia,2014,7227.2
serbia,2015,7177.3
serbia,2016,7126.1
serbia,2017,7073.5
serbia,2018,7020.0
serbia,2019,6966.2
serbia,2020,6907.8
serbia,2021,6835.4
serbia,2022,6791.2
seychelles,1961,44.108
seychelles,1962,45.063
seychelles,1963,46.075
seychelles,1964,47.140
seychelles,1965,48.270
seychelles,1966,49.456
seychelles,1967,50.667
seychelles,1968,51.885
seychelles,1969,53.081
seychelles,1970,54.252
seychelles,1971,55.511
seychelles,1972,56.889
seychelles,1973,58.300
seychelles,1974,59.739
seychelles,1975,61.218
seychelles,1976,62.743
seychelles,1977,64.104
seychelles,1978,64.987
seychelles,1979,65.603
seychelles,1980,66.260
seychelles,1981,66.950
seychelles,1982,67.650
seychelles,1983,68.360
seychelles,1984,69.083
seychelles,1985,69.823
seychelles,1986,70.564
seychelles,1987,71.338
seychelles,1988,72.210
seychelles,1989,73.118
seychelles,1990,73.983
seychelles,1991,74.817
seychelles,1992,75.617
seychelles,1993,76.409
seychelles,1994,77.261
seychelles,1995,78.126
seychelles,1996,78.882
seychelles,1997,79.650
seychelles,1998,80.722
seychelles,1999,82.021
seychelles,2000,83.318
seychelles,2001,84.606
seychelles,2002,85.857
seychelles,2003,87.034
seychelles,2004,88.156
seychelles,2005,89.266
seychelles,2006,90.373
seychelles,2007,91.468
seychelles,2008,92.547
seychelles,2009,93.628
seychelles,2010,94.971
seychelles,2011,97.024
seychelles,2012,99.543
seychelles,2013,102.09
seychelles,2014,104.65
seychelles,2015,107.23
seychelles,2016,109.82
seychelles,2017,112.43
seychelles,2018,115.04
seychelles,2019,117.65
seychelles,2020,120.29
seychelles,2021,122.99
seychelles,2022,125.52
sierra_leone,1961,2304.2
sierra_leone,1962,2342.2
sierra_leone,1963,2382.3
sierra_leone,1964,2424.4
sierra_leone,1965,2468.7
sierra_leone,1966,2514.6
sierra_leone,1967,2562.4
sierra_leone,1968,2611.5
sierra_leone,1969,2661.4
sierra_leone,1970,2712.3
sierra_leone,1971,2763.2
sierra_leone,1972,2814.4
sierra_leone,1973,2867.0
sierra_leone,1974,2920.5
sierra_leone,1975,2974.7
sierra_leone,1976,3028.8
sierra_leone,1977,3085.4
sierra_leone,1978,3145.5
sierra_leone,1979,3207.5
sierra_leone,1980,3272.1
sierra_leone,1981,3338.9
sierra_leone,1982,3408.2
sierra_leone,1983,3481.6
sierra_leone,1984,3558.8
sierra_leone,1985,3638.4
sierra_leone,1986,3728.4
sierra_leone,1987,3829.7
sierra_leone,1988,3934.5
sierra_leone,1989,4034.0
sierra_leone,1990,4196.8
sierra_leone,1991,4246.3
sierra_leone,1992,4166.4
sierra_leone,1993,4157.1
sierra_leone,1994,4173.1
sierra_leone,1995,4179.2
sierra_leone,1996,4199.2
sierra_leone,1997,4253.7
sierra_leone,1998,4295.8
sierra_leone,1999,4318.0
sierra_leone,2000,4423.6
sierra_leone,2001,4692.7
sierra_leone,2002,4971.4
sierra_leone,2003,5177.7
sierra_leone,2004,5355.7
sierra_leone,2005,5501.7
sierra_leone,2006,5624.5
sierra_leone,2007,5749.4
sierra_leone,2008,5894.7
sierra_leone,2009,6055.6
sierra_leone,2010,6222.7
sierra_leone,2011,6387.3
sierra_leone,2012,6551.1
sierra_leone,2013,6714.1
sierra_leone,2014,6876.4
sierra_leone,2015,7037.7
sierra_leone,2016,7205.3
sierra_leone,2017,7379.3
sierra_leone,2018,7554.6
sierra_leone,2019,7732.0
sierra_leone,2020,7912.6
sierra_leone,2021,8094.6
sierra_leone,2022,8276.8
singapore,1961,1670.5
singapore,1962,1721.2
singapore,1963,1771.5
singapore,1964,1821.5
singapore,1965,1870.8
singapore,1966,1919.1
singapore,1967,1965.7
singapore,1968,2010.1
singapore,1969,2052.2
singapore,1970,2091.6
singapore,1971,2128.4
singapore,1972,2164.3
singapore,1973,2200.1
singapore,1974,2235.1
singapore,1975,2268.5
singapore,1976,2300.7
singapore,1977,2331.5
singapore,1978,2360.6
singapore,1979,2388.2
singapore,1980,2437.5
singapore,1981,2531.8
singapore,1982,2627.4
singapore,1983,2686.0
singapore,1984,2720.9
singapore,1985,2735.0
singapore,1986,2744.7
singapore,1987,2781.6
singapore,1988,2849.0
singapore,1989,2938.7
singapore,1990,3039.6
singapore,1991,3136.3
singapore,1992,3226.5
singapore,1993,3317.9
singapore,1994,3417.8
singapore,1995,3533.6
singapore,1996,3664.6
singapore,1997,3796.6
singapore,1998,3901.4
singapore,1999,3966.6
singapore,2000,4035.2
singapore,2001,4116.2
singapore,2002,4146.9
singapore,2003,4138.2
singapore,2004,4172.8
singapore,2005,4268.4
singapore,2006,4407.1
singapore,2007,4596.5
singapore,2008,4806.7
singapore,2009,4968.6
singapore,2010,5077.0
singapore,2011,5182.2
singapore,2012,5293.3
singapore,2013,5385.6
singapore,2014,5457.9
singapore,2015,5525.3
singapore,2016,5577.9
singapore,2017,5604.1
singapore,2018,5634.4
singapore,2019,5669.6
singapore,2020,5620.1
singapore,2021,5546.3
singapore,2022,5649.9
slovakia,1993,5326.4
slovakia,1994,5343.2
slovakia,1995,5354.3
slovakia,1996,5362.4
slovakia,1997,5369.8
slovakia,1998,5374.8
slovakia,1999,5378.1
slovakia,2000,5380.0
slovakia,2001,5379.4
slovakia,2002,5377.7
slovakia,2003,5376.2
slovakia,2004,5376.0
slovakia,2005,5376.7
slovakia,2006,5376.8
slovakia,2007,5377.0
slovakia,2008,5379.1
slovakia,2009,5385.1
slovakia,2010,5391.9
slovakia,2011,5398.1
slovakia,2012,5404.9
slovakia,2013,5410.4
slovakia,2014,5415.2
slovakia,2015,5420.3
slovakia,2016,5427.3
slovakia,2017,5435.7
slovakia,2018,5443.2
slovakia,2019,5450.6
slovakia,2020,5455.0
slovakia,2021,5442.8
slovakia,2022,5473.2
slovenia,1992,1995.9
slovenia,1993,1990.8
slovenia,1994,1988.3
slovenia,1995,1988.1
slovenia,1996,1986.8
slovenia,1997,1984.4
slovenia,1998,1980.1
slovenia,1999,1981.2
slovenia,2000,1986.8
slovenia,2001,1989.7
slovenia,2002,1991.6
slovenia,2003,1992.5
slovenia,2004,1993.5
slovenia,2005,1996.9
slovenia,2006,2003.1
slovenia,2007,2014.2
slovenia,2008,2025.1
slovenia,2009,2035.6
slovenia,2010,2044.6
slovenia,2011,2048.8
slovenia,2012,2053.3
slovenia,2013,2056.4
slovenia,2014,2058.4
slovenia,2015,2059.9
slovenia,2016,2061.4
slovenia,2017,2062.4
slovenia,2018,2069.5
slovenia,2019,2083.4
slovenia,2020,2102.4
slovenia,2021,2113.5
slovenia,2022,2115.2
small_island_developing_states,2000,55681
small_island_developing_states,2001,56494
small_island_developing_states,2002,57250
small_island_developing_states,2003,57934
small_island_developing_states,2004,58626
small_island_developing_states,2005,59374
small_island_developing_states,2006,60171
small_island_developing_states,2007,61018
small_island_developing_states,2008,61885
small_island_developing_states,2009,62710
small_island_developing_states,2010,63441
small_island_developing_states,2011,64356
small_island_developing_states,2012,65119
small_island_developing_states,2013,65853
small_island_developing_states,2014,66552
small_island_developing_states,2015,67236
small_island_developing_states,2016,67890
small_island_developing_states,2017,68442
small_island_developing_states,2018,69060
small_island_developing_states,2019,69722
small_island_developing_states,2020,70237
small_island_developing_states,2021,70700
small_island_developing_states,2022,71314
solomon_islands,1961,142.91
solomon_islands,1962,146.20
solomon_islands,1963,149.59
solomon_islands,1964,153.09
solomon_islands,1965,156.69
solomon_islands,1966,160.39
solomon_islands,1967,164.25
solomon_islands,1968,168.28
solomon_islands,1969,172.48
solomon_islands,1970,176.58
solomon_islands,1971,180.64
solomon_islands,1972,184.99
solomon_islands,1973,189.77
solomon_islands,1974,195.04
solomon_islands,1975,200.74
solomon_islands,1976,207.19
solomon_islands,1977,214.42
solomon_islands,1978,222.03
solomon_islands,1979,229.95
solomon_islands,1980,238.13
solomon_islands,1981,246.56
solomon_islands,1982,255.20
solomon_islands,1983,264.07
solomon_islands,1984,273.16
solomon_islands,1985,282.45
solomon_islands,1986,291.84
solomon_islands,1987,301.41
solomon_islands,1988,311.26
solomon_islands,1989,321.28
solomon_islands,1990,331.44
solomon_islands,1991,341.74
solomon_islands,1992,352.20
solomon_islands,1993,362.84
solomon_islands,1994,373.68
solomon_islands,1995,384.73
solomon_islands,1996,396.01
solomon_islands,1997,407.47
solomon_islands,1998,419.07
solomon_islands,1999,430.50
solomon_islands,2000,440.47
solomon_islands,2001,449.13
solomon_islands,2002,457.67
solomon_islands,2003,466.15
solomon_islands,2004,474.61
solomon_islands,2005,483.08
solomon_islands,2006,491.59
solomon_islands,2007,500.16
solomon_islands,2008,508.79
solomon_islands,2009,518.14
solomon_islands,2010,532.97
solomon_islands,2011,552.95
solomon_islands,2012,573.61
solomon_islands,2013,594.95
solomon_islands,2014,616.91
solomon_islands,2015,639.41
solomon_islands,2016,662.38
solomon_islands,2017,685.67
solomon_islands,2018,709.10
solomon_islands,2019,728.15
solomon_islands,2020,744.50
solomon_islands,2021,762.59
solomon_islands,2022,781.07
somalia,1961,2952.1
somalia,1962,3030.1
somalia,1963,3110.4
somalia,1964,3192.8
somalia,1965,3277.9
somalia,1966,3365.1
somalia,1967,3454.5
somalia,1968,3546.6
somalia,1969,3641.0
somalia,1970,3738.4
somalia,1971,3837.7
somalia,1972,3939.4
somalia,1973,4045.6
somalia,1974,4151.8
somalia,1975,4257.5
somalia,1976,4365.8
somalia,1977,4484.1
somalia,1978,4814.9
somalia,1979,5449.1
somalia,1980,5936.2
somalia,1981,5982.8
somalia,1982,6003.8
somalia,1983,6198.4
somalia,1984,6428.4
somalia,1985,6693.3
somalia,1986,6974.8
somalia,1987,7228.3
somalia,1988,7235.4
somalia,1989,7114.8
somalia,1990,7082.8
somalia,1991,6813.8
somalia,1992,6495.1
somalia,1993,6681.4
somalia,1994,7026.8
somalia,1995,7285.0
somalia,1996,7554.5
somalia,1997,7824.5
somalia,1998,8155.4
somalia,1999,8492.1
somalia,2000,8838.7
somalia,2001,9198.5
somalia,2002,9550.1
somalia,2003,9909.2
somalia,2004,10281
somalia,2005,10644
somalia,2006,10976
somalia,2007,11323
somalia,2008,11663
somalia,2009,11961
somalia,2010,12262
somalia,2011,12349
somalia,2012,12461
somalia,2013,12870
somalia,2014,13339
somalia,2015,13807
somalia,2016,14349
somalia,2017,14917
somalia,2018,15452
somalia,2019,16031
somalia,2020,16651
somalia,2021,17271
somalia,2022,17802
south_africa,1961,16908
south_africa,1962,17419
south_africa,1963,17955
south_africa,1964,18511
south_africa,1965,19089
south_africa,1966,19690
south_africa,1967,20314
south_africa,1968,20957
south_africa,1969,21615
south_africa,1970,22280
south_africa,1971,22942
south_africa,1972,23609
south_africa,1973,24294
south_africa,1974,24989
south_africa,1975,25691
south_africa,1976,26395
south_africa,1977,27119
south_africa,1978,27870
south_africa,1979,28634
south_africa,1980,29519
south_africa,1981,30541
south_africa,1982,31615
south_africa,1983,32739
south_africa,1984,33893
south_africa,1985,35042
south_africa,1986,36181
south_africa,1987,37326
south_africa,1988,38481
south_africa,1989,39629
south_africa,1990,40746
south_africa,1991,41688
south_africa,1992,42444
south_africa,1993,43297
south_africa,1994,44004
south_africa,1995,44542
south_africa,1996,45123
south_africa,1997,45667
south_africa,1998,46224
south_africa,1999,46730
south_africa,2000,47160
south_africa,2001,47567
south_africa,2002,48019
south_africa,2003,48500
south_africa,2004,48991
south_africa,2005,49490
south_africa,2006,49998
south_africa,2007,50529
south_africa,2008,51115
south_africa,2009,51729
south_africa,2010,52344
south_africa,2011,52995
south_africa,2012,53783
south_africa,2013,54679
south_africa,2014,55595
south_africa,2015,56724
south_africa,2016,57260
south_africa,2017,57635
south_africa,2018,58613
south_africa,2019,59588
south_africa,2020,60562
south_africa,2021,61503
south_africa,2022,62378
south_sudan,2012,10756
south_sudan,2013,11166
south_sudan,2014,11235
south_sudan,2015,11108
south_sudan,2016,10830
south_sudan,2017,10259
south_sudan,2018,10123
south_sudan,2019,10423
south_sudan,2020,10698
south_sudan,2021,10866
south_sudan,2022,11021
south_eastern_asia,2000,527120
south_eastern_asia,2001,534860
south_eastern_asia,2002,542360
south_eastern_asia,2003,549710
south_eastern_asia,2004,556920
south_eastern_asia,2005,564150
south_eastern_asia,2006,571750
south_eastern_asia,2007,579870
south_eastern_asia,2008,588030
south_eastern_asia,2009,595900
south_eastern_asia,2010,603750
south_eastern_asia,2011,611620
south_eastern_asia,2012,619620
south_eastern_asia,2013,627520
south_eastern_asia,2014,635070
south_eastern_asia,2015,642380
south_eastern_asia,2016,649500
south_eastern_asia,2017,656430
south_eastern_asia,2018,662960
south_eastern_asia,2019,669200
south_eastern_asia,2020,674990
south_eastern_asia,2021,679970
south_eastern_asia,2022,684900
southern_asia,2000,1478600
southern_asia,2001,1507200
southern_asia,2002,1535200
southern_asia,2003,1563000
southern_asia,2004,1591100
southern_asia,2005,1618600
southern_asia,2006,1645700
southern_asia,2007,1672000
southern_asia,2008,1697500
southern_asia,2009,1723700
southern_asia,2010,1749900
southern_asia,2011,1775800
southern_asia,2012,1801200
southern_asia,2013,1825500
southern_asia,2014,1849200
southern_asia,2015,1871900
southern_asia,2016,1894500
southern_asia,2017,1917100
southern_asia,2018,1939500
southern_asia,2019,1961700
southern_asia,2020,1983500
southern_asia,2021,2003300
southern_asia,2022,2022500
spain,1961,30700
spain,1962,31040
spain,1963,31380
spain,1964,31742
spain,1965,32111
spain,1966,32466
spain,1967,32821
spain,1968,33170
spain,1969,33497
spain,1970,33813
spain,1971,34157
spain,1972,34540
spain,1973,34927
spain,1974,35362
spain,1975,35796
spain,1976,36176
spain,1977,36551
spain,1978,36905
spain,1979,37230
spain,1980,37538
spain,1981,37813
spain,1982,38047
spain,1983,38253
spain,1984,38437
spain,1985,38601
spain,1986,38736
spain,1987,38852
spain,1988,38952
spain,1989,39030
spain,1990,39085
spain,1991,39202
spain,1992,39420
spain,1993,39652
spain,1994,39859
spain,1995,40053
spain,1996,40237
spain,1997,40424
spain,1998,40617
spain,1999,40813
spain,2000,41020
spain,2001,41246
spain,2002,41756
spain,2003,42507
spain,2004,43235
spain,2005,43959
spain,2006,44695
spain,2007,45517
spain,2008,46235
spain,2009,46635
spain,2010,46840
spain,2011,46998
spain,2012,47018
spain,2013,46860
spain,2014,46720
spain,2015,46684
spain,2016,46733
spain,2017,46869
spain,2018,47093
spain,2019,47435
spain,2020,47679
spain,2021,47736
spain,2022,47828
sri_lanka,1961,9899.4
sri_lanka,1962,10144
sri_lanka,1963,10395
sri_lanka,1964,10653
sri_lanka,1965,10917
sri_lanka,1966,11184
sri_lanka,1967,11457
sri_lanka,1968,11736
sri_lanka,1969,12014
sri_lanka,1970,12287
sri_lanka,1971,12552
sri_lanka,1972,12809
sri_lanka,1973,13061
sri_lanka,1974,13306
sri_lanka,1975,13549
sri_lanka,1976,13797
sri_lanka,1977,14049
sri_lanka,1978,14310
sri_lanka,1979,14580
sri_lanka,1980,14848
sri_lanka,1981,15099
sri_lanka,1982,15287
sri_lanka,1983,15389
sri_lanka,1984,15442
sri_lanka,1985,15544
sri_lanka,1986,15731
sri_lanka,1987,15917
sri_lanka,1988,16079
sri_lanka,1989,16249
sri_lanka,1990,16352
sri_lanka,1991,16475
sri_lanka,1992,16739
sri_lanka,1993,17026
sri_lanka,1994,17276
sri_lanka,1995,17564
sri_lanka,1996,17905
sri_lanka,1997,18248
sri_lanka,1998,18596
sri_lanka,1999,18945
sri_lanka,2000,19293
sri_lanka,2001,19600
sri_lanka,2002,19806
sri_lanka,2003,19952
sri_lanka,2004,20088
sri_lanka,2005,20217
sri_lanka,2006,20352
sri_lanka,2007,20493
sri_lanka,2008,20629
sri_lanka,2009,20756
sri_lanka,2010,20879
sri_lanka,2011,21009
sri_lanka,2012,21169
sri_lanka,2013,21359
sri_lanka,2014,21547
sri_lanka,2015,21730
sri_lanka,2016,21911
sri_lanka,2017,22088
sri_lanka,2018,22253
sri_lanka,2019,22411
sri_lanka,2020,22562
sri_lanka,2021,22700
sri_lanka,2022,22835
sub_saharan_africa,2000,648980
sub_saharan_africa,2001,666510
sub_saharan_africa,2002,684620
sub_saharan_africa,2003,703330
sub_saharan_africa,2004,722700
sub_saharan_africa,2005,742670
sub_saharan_africa,2006,763190
sub_saharan_africa,2007,784340
sub_saharan_africa,2008,806180
sub_saharan_africa,2009,828530
sub_saharan_africa,2010,851530
sub_saharan_africa,2011,875160
sub_saharan_africa,2012,910130
sub_saharan_africa,2013,935560
sub_saharan_africa,2014,961290
sub_saharan_africa,2015,987410
sub_saharan_africa,2016,1013800
sub_saharan_africa,2017,1040500
sub_saharan_africa,2018,1068000
sub_saharan_africa,2019,1096000
sub_saharan_africa,2020,1124500
sub_saharan_africa,2021,1153300
sub_saharan_africa,2022,1182200
sudan,2012,36923
sudan,2013,37786
sudan,2014,38823
sudan,2015,40024
sudan,2016,41260
sudan,2017,42714
sudan,2018,44231
sudan,2019,45548
sudan,2020,46789
sudan,2021,48067
sudan,2022,49383
suriname,1961,272.79
suriname,1962,283.91
suriname,1963,297.03
suriname,1964,309.04
suriname,1965,320.00
suriname,1966,331.13
suriname,1967,342.68
suriname,1968,354.62
suriname,1969,366.91
suriname,1970,379.44
suriname,1971,391.93
suriname,1972,397.41
suriname,1973,395.77
suriname,1974,393.68
suriname,1975,391.17
suriname,1976,388.29
suriname,1977,385.07
suriname,1978,381.50
suriname,1979,377.60
suriname,1980,375.38
suriname,1981,375.46
suriname,1982,376.56
suriname,1983,378.75
suriname,1984,382.19
suriname,1985,386.97
suriname,1986,392.33
suriname,1987,396.91
suriname,1988,402.23
suriname,1989,408.41
suriname,1990,412.49
suriname,1991,415.01
suriname,1992,417.59
suriname,1993,419.35
suriname,1994,422.38
suriname,1995,429.61
suriname,1996,438.83
suriname,1997,448.07
suriname,1998,457.41
suriname,1999,466.92
suriname,2000,476.64
suriname,2001,486.56
suriname,2002,496.55
suriname,2003,506.41
suriname,2004,513.92
suriname,2005,519.31
suriname,2006,525.00
suriname,2007,531.02
suriname,2008,537.25
suriname,2009,543.57
suriname,2010,549.92
suriname,2011,556.27
suriname,2012,562.63
suriname,2013,569.02
suriname,2014,575.37
suriname,2015,581.63
suriname,2016,587.76
suriname,2017,593.71
suriname,2018,599.51
suriname,2019,605.77
suriname,2020,612.32
suriname,2021,617.90
suriname,2022,623.16
sweden,1961,7520.0
sweden,1962,7561.5
sweden,1963,7604.2
sweden,1964,7661.2
sweden,1965,7733.0
sweden,1966,7805.6
sweden,1967,7866.4
sweden,1968,7912.1
sweden,1969,7968.0
sweden,1970,8042.8
sweden,1971,8098.1
sweden,1972,8122.4
sweden,1973,8137.2
sweden,1974,8160.6
sweden,1975,8192.6
sweden,1976,8222.4
sweden,1977,8251.7
sweden,1978,8275.8
sweden,1979,8293.7
sweden,1980,8310.5
sweden,1981,8320.5
sweden,1982,8325.2
sweden,1983,8328.9
sweden,1984,8336.5
sweden,1985,8350.2
sweden,1986,8369.7
sweden,1987,8397.6
sweden,1988,8436.3
sweden,1989,8492.8
sweden,1990,8558.6
sweden,1991,8617.0
sweden,1992,8667.6
sweden,1993,8718.0
sweden,1994,8780.2
sweden,1995,8826.3
sweden,1996,8840.3
sweden,1997,8845.5
sweden,1998,8850.6
sweden,1999,8857.7
sweden,2000,8872.1
sweden,2001,8896.0
sweden,2002,8925.0
sweden,2003,8958.4
sweden,2004,8993.8
sweden,2005,9029.8
sweden,2006,9080.6
sweden,2007,9148.3
sweden,2008,9219.9
sweden,2009,9298.7
sweden,2010,9378.2
sweden,2011,9449.3
sweden,2012,9519.5
sweden,2013,9600.6
sweden,2014,9696.4
sweden,2015,9799.5
sweden,2016,9923.3
sweden,2017,10058
sweden,2018,10175
sweden,2019,10279
sweden,2020,10354
sweden,2021,10416
sweden,2022,10487
switzerland,1961,5434.1
switzerland,1962,5573.7
switzerland,1963,5694.2
switzerland,1964,5789.1
switzerland,1965,5856.4
switzerland,1966,5918.0
switzerland,1967,5991.7
switzerland,1968,6067.7
switzerland,1969,6136.4
switzerland,1970,6180.9
switzerland,1971,6213.5
switzerland,1972,6261.1
switzerland,1973,6307.4
switzerland,1974,6341.4
switzerland,1975,6338.6
switzerland,1976,6302.6
switzerland,1977,6281.4
switzerland,1978,6282.0
switzerland,1979,6294.7
switzerland,1980,6319.8
switzerland,1981,6354.6
switzerland,1982,6391.8
switzerland,1983,6419.3
switzerland,1984,6442.4
switzerland,1985,6471.0
switzerland,1986,6504.8
switzerland,1987,6545.8
switzerland,1988,6594.1
switzerland,1989,6647.8
switzerland,1990,6713.2
switzerland,1991,6796.9
switzerland,1992,6875.1
switzerland,1993,6938.1
switzerland,1994,6993.6
switzerland,1995,7040.5
switzerland,1996,7071.9
switzerland,1997,7089.2
switzerland,1998,7110.3
switzerland,1999,7144.1
switzerland,2000,7184.0
switzerland,2001,7226.4
switzerland,2002,7278.8
switzerland,2003,7333.4
switzerland,2004,7384.2
switzerland,2005,7431.8
switzerland,2006,7478.5
switzerland,2007,7545.4
switzerland,2008,7641.7
switzerland,2009,7737.6
switzerland,2010,7825.8
switzerland,2011,7914.4
switzerland,2012,7998.9
switzerland,2013,8091.2
switzerland,2014,8190.2
switzerland,2015,8283.9
switzerland,2016,8374.9
switzerland,2017,8453.6
switzerland,2018,8516.3
switzerland,2019,8577.5
switzerland,2020,8640.6
switzerland,2021,8707.0
switzerland,2022,8792.2
syrian_arab_republic,1961,4815.5
syrian_arab_republic,1962,4959.3
syrian_arab_republic,1963,5110.5
syrian_arab_republic,1964,5269.1
syrian_arab_republic,1965,5435.3
syrian_arab_republic,1966,5609.0
syrian_arab_republic,1967,5790.2
syrian_arab_republic,1968,5978.7
syrian_arab_republic,1969,6175.2
syrian_arab_republic,1970,6380.6
syrian_arab_republic,1971,6598.1
syrian_arab_republic,1972,6826.0
syrian_arab_republic,1973,7060.3
syrian_arab_republic,1974,7302.2
syrian_arab_republic,1975,7554.4
syrian_arab_republic,1976,7817.3
syrian_arab_republic,1977,8090.5
syrian_arab_republic,1978,8372.8
syrian_arab_republic,1979,8661.9
syrian_arab_republic,1980,8957.7
syrian_arab_republic,1981,9260.2
syrian_arab_republic,1982,9572.5
syrian_arab_republic,1983,9904.8
syrian_arab_republic,1984,10258
syrian_arab_republic,1985,10626
syrian_arab_republic,1986,11003
syrian_arab_republic,1987,11389
syrian_arab_republic,1988,11782
syrian_arab_republic,1989,12179
syrian_arab_republic,1990,12579
syrian_arab_republic,1991,12981
syrian_arab_republic,1992,13386
syrian_arab_republic,1993,13796
syrian_arab_republic,1994,14209
syrian_arab_republic,1995,14617
syrian_arab_republic,1996,15018
syrian_arab_republic,1997,15418
syrian_arab_republic,1998,15820
syrian_arab_republic,1999,16228
syrian_arab_republic,2000,16638
syrian_arab_republic,2001,17051
syrian_arab_republic,2002,17468
syrian_arab_republic,2003,17889
syrian_arab_republic,2004,18337
syrian_arab_republic,2005,18814
syrian_arab_republic,2006,19637
syrian_arab_republic,2007,20884
syrian_arab_republic,2008,21637
syrian_arab_republic,2009,21977
syrian_arab_republic,2010,22482
syrian_arab_republic,2011,22878
syrian_arab_republic,2012,22760
syrian_arab_republic,2013,21667
syrian_arab_republic,2014,20274
syrian_arab_republic,2015,19425
syrian_arab_republic,2016,19194
syrian_arab_republic,2017,19225
syrian_arab_republic,2018,19578
syrian_arab_republic,2019,20354
syrian_arab_republic,2020,21049
syrian_arab_republic,2021,21629
syrian_arab_republic,2022,22462
tajikistan,1992,5649.4
tajikistan,1993,5725.0
tajikistan,1994,5825.4
tajikistan,1995,5948.6
tajikistan,1996,6066.5
tajikistan,1997,6139.8
tajikistan,1998,6176.4
tajikistan,1999,6208.4
tajikistan,2000,6284.7
tajikistan,2001,6407.4
tajikistan,2002,6531.7
tajikistan,2003,6658.6
tajikistan,2004,6790.5
tajikistan,2005,6924.7
tajikistan,2006,7057.6
tajikistan,2007,7194.5
tajikistan,2008,7338.4
tajikistan,2009,7490.2
tajikistan,2010,7652.1
tajikistan,2011,7824.8
tajikistan,2012,8014.1
tajikistan,2013,8216.7
tajikistan,2014,8425.6
tajikistan,2015,8643.8
tajikistan,2016,8865.6
tajikistan,2017,9085.9
tajikistan,2018,9307.3
tajikistan,2019,9530.0
tajikistan,2020,9749.3
tajikistan,2021,9966.9
tajikistan,2022,10182
thailand,1961,27650
thailand,1962,28481
thailand,1963,29342
thailand,1964,30232
thailand,1965,31149
thailand,1966,32086
thailand,1967,33038
thailand,1968,34003
thailand,1969,34974
thailand,1970,35954
thailand,1971,36937
thailand,1972,37934
thailand,1973,38948
thailand,1974,39953
thailand,1975,40940
thailand,1976,41897
thailand,1977,42844
thailand,1978,43789
thailand,1979,44718
thailand,1980,45650
thailand,1981,46576
thailand,1982,47495
thailand,1983,48423
thailand,1984,49352
thailand,1985,50271
thailand,1986,51178
thailand,1987,52074
thailand,1988,52970
thailand,1989,53849
thailand,1990,54738
thailand,1991,55637
thailand,1992,56529
thailand,1993,57408
thailand,1994,58261
thailand,1995,59098
thailand,1996,59920
thailand,1997,60725
thailand,1998,61523
thailand,1999,62299
thailand,2000,63008
thailand,2001,63651
thailand,2002,64266
thailand,2003,64868
thailand,2004,65452
thailand,2005,66017
thailand,2006,66568
thailand,2007,67102
thailand,2008,67620
thailand,2009,68121
thailand,2010,68579
thailand,2011,69007
thailand,2012,69436
thailand,2013,69845
thailand,2014,70216
thailand,2015,70541
thailand,2016,70860
thailand,2017,71160
thailand,2018,71376
thailand,2019,71522
thailand,2020,71641
thailand,2021,71727
thailand,2022,71735
timor_leste,1961,475.29
timor_leste,1962,482.77
timor_leste,1963,490.56
timor_leste,1964,498.66
timor_leste,1965,507.03
timor_leste,1966,515.70
timor_leste,1967,524.65
timor_leste,1968,533.88
timor_leste,1969,543.36
timor_leste,1970,553.07
timor_leste,1971,562.97
timor_leste,1972,572.96
timor_leste,1973,582.86
timor_leste,1974,590.83
timor_leste,1975,598.16
timor_leste,1976,607.62
timor_leste,1977,618.32
timor_leste,1978,628.77
timor_leste,1979,638.72
timor_leste,1980,649.87
timor_leste,1981,660.49
timor_leste,1982,669.15
timor_leste,1983,677.71
timor_leste,1984,686.78
timor_leste,1985,696.66
timor_leste,1986,707.18
timor_leste,1987,718.48
timor_leste,1988,730.75
timor_leste,1989,744.86
timor_leste,1990,760.35
timor_leste,1991,778.28
timor_leste,1992,799.32
timor_leste,1993,821.44
timor_leste,1994,844.49
timor_leste,1995,868.15
timor_leste,1996,892.28
timor_leste,1997,917.18
timor_leste,1998,942.53
timor_leste,1999,834.70
timor_leste,2000,745.09
timor_leste,2001,812.25
timor_leste,2002,879.16
timor_leste,2003,916.88
timor_leste,2004,929.07
timor_leste,2005,948.31
timor_leste,2006,976.60
timor_leste,2007,1004.9
timor_leste,2008,1032.4
timor_leste,2009,1058.8
timor_leste,2010,1084.7
timor_leste,2011,1110.2
timor_leste,2012,1134.9
timor_leste,2013,1158.7
timor_leste,2014,1181.9
timor_leste,2015,1205.1
timor_leste,2016,1228.3
timor_leste,2017,1251.7
timor_leste,2018,1276.0
timor_leste,2019,1300.9
timor_leste,2020,1326.1
timor_leste,2021,1350.1
timor_leste,2022,1369.3
togo,1961,1702.7
togo,1962,1733.0
togo,1963,1765.1
togo,1964,1803.4
togo,1965,1853.8
togo,1966,1918.5
togo,1967,1995.9
togo,1968,2080.2
togo,1969,2164.8
togo,1970,2244.8
togo,1971,2318.0
togo,1972,2385.0
togo,1973,2448.7
togo,1974,2511.8
togo,1975,2574.6
togo,1976,2637.8
togo,1977,2701.9
togo,1978,2768.1
togo,1979,2839.9
togo,1980,2920.9
togo,1981,3013.0
togo,1982,3115.0
togo,1983,3222.9
togo,1984,3332.8
togo,1985,3441.1
togo,1986,3548.0
togo,1987,3657.5
togo,1988,3769.7
togo,1989,3883.4
togo,1990,3998.8
togo,1991,4115.6
togo,1992,4233.6
togo,1993,4207.5
togo,1994,4222.9
togo,1995,4410.8
togo,1996,4577.9
togo,1997,4725.0
togo,1998,4860.9
togo,1999,5000.3
togo,2000,5140.0
togo,2001,5277.4
togo,2002,5413.3
togo,2003,5552.2
togo,2004,5696.5
togo,2005,5844.6
togo,2006,6010.7
togo,2007,6188.3
togo,2008,6368.8
togo,2009,6551.9
togo,2010,6732.6
togo,2011,6916.5
togo,2012,7100.7
togo,2013,7285.4
togo,2014,7472.4
togo,2015,7663.2
togo,2016,7858.3
togo,2017,8057.1
togo,2018,8258.8
togo,2019,8463.1
togo,2020,8669.7
togo,2021,8878.4
togo,2022,9089.7
tokelau,1961,1.8390
tokelau,1962,1.8690
tokelau,1963,1.8820
tokelau,1964,1.8930
tokelau,1965,1.8990
tokelau,1966,1.8980
tokelau,1967,1.8740
tokelau,1968,1.8270
tokelau,1969,1.7770
tokelau,1970,1.7200
tokelau,1971,1.6660
tokelau,1972,1.6410
tokelau,1973,1.6430
tokelau,1974,1.6420
tokelau,1975,1.6390
tokelau,1976,1.6430
tokelau,1977,1.6530
tokelau,1978,1.6630
tokelau,1979,1.6660
tokelau,1980,1.6640
tokelau,1981,1.6640
tokelau,1982,1.6660
tokelau,1983,1.6890
tokelau,1984,1.7270
tokelau,1985,1.7610
tokelau,1986,1.7820
tokelau,1987,1.7780
tokelau,1988,1.7660
tokelau,1989,1.7630
tokelau,1990,1.7670
tokelau,1991,1.7740
tokelau,1992,1.7780
tokelau,1993,1.7750
tokelau,1994,1.7720
tokelau,1995,1.7710
tokelau,1996,1.7710
tokelau,1997,1.7820
tokelau,1998,1.8010
tokelau,1999,1.8210
tokelau,2000,1.8450
tokelau,2001,1.8640
tokelau,2002,1.8390
tokelau,2003,1.7740
tokelau,2004,1.7050
tokelau,2005,1.6310
tokelau,2006,1.5690
tokelau,2007,1.5520
tokelau,2008,1.5630
tokelau,2009,1.5740
tokelau,2010,1.5850
tokelau,2011,1.5990
tokelau,2012,1.6590
tokelau,2013,1.7260
tokelau,2014,1.7280
tokelau,2015,1.6980
tokelau,2016,1.6770
tokelau,2017,1.7420
tokelau,2018,1.8780
tokelau,2019,2.0140
tokelau,2020,2.1280
tokelau,2021,2.2050
tokelau,2022,2.2900
tonga,1961,68.037
tonga,1962,69.940
tonga,1963,71.885
tonga,1964,73.879
tonga,1965,75.924
tonga,1966,78.002
tonga,1967,79.814
tonga,1968,81.353
tonga,1969,82.885
tonga,1970,84.401
tonga,1971,85.896
tonga,1972,87.356
tonga,1973,88.805
tonga,1974,90.683
tonga,1975,93.017
tonga,1976,95.325
tonga,1977,96.725
tonga,1978,97.204
tonga,1979,97.544
tonga,1980,97.769
tonga,1981,97.909
tonga,1982,97.980
tonga,1983,97.998
tonga,1984,97.990
tonga,1985,97.984
tonga,1986,98.010
tonga,1987,98.376
tonga,1988,98.969
tonga,1989,99.403
tonga,1990,99.700
tonga,1991,99.895
tonga,1992,100.02
tonga,1993,100.10
tonga,1994,100.17
tonga,1995,100.22
tonga,1996,100.28
tonga,1997,100.67
tonga,1998,101.39
tonga,1999,102.05
tonga,2000,102.68
tonga,2001,103.29
tonga,2002,103.87
tonga,2003,104.46
tonga,2004,105.07
tonga,2005,105.67
tonga,2006,106.25
tonga,2007,106.73
tonga,2008,107.02
tonga,2009,107.20
tonga,2010,107.40
tonga,2011,107.57
tonga,2012,107.46
tonga,2013,107.08
tonga,2014,106.61
tonga,2015,106.09
tonga,2016,105.52
tonga,2017,105.36
tonga,2018,105.57
tonga,2019,105.67
tonga,2020,105.70
tonga,2021,105.49
tonga,2022,105.04
trinidad_and_tobago,1961,863.14
trinidad_and_tobago,1962,880.19
trinidad_and_tobago,1963,896.80
trinidad_and_tobago,1964,912.96
trinidad_and_tobago,1965,928.42
trinidad_and_tobago,1966,942.94
trinidad_and_tobago,1967,956.42
trinidad_and_tobago,1968,969.01
trinidad_and_tobago,1969,980.71
trinidad_and_tobago,1970,991.47
trinidad_and_tobago,1971,1002.6
trinidad_and_tobago,1972,1014.9
trinidad_and_tobago,1973,1027.9
trinidad_and_tobago,1974,1040.8
trinidad_and_tobago,1975,1053.5
trinidad_and_tobago,1976,1066.3
trinidad_and_tobago,1977,1079.6
trinidad_and_tobago,1978,1093.4
trinidad_and_tobago,1979,1107.6
trinidad_and_tobago,1980,1121.7
trinidad_and_tobago,1981,1135.1
trinidad_and_tobago,1982,1147.9
trinidad_and_tobago,1983,1160.5
trinidad_and_tobago,1984,1173.0
trinidad_and_tobago,1985,1187.4
trinidad_and_tobago,1986,1203.1
trinidad_and_tobago,1987,1217.4
trinidad_and_tobago,1988,1230.1
trinidad_and_tobago,1989,1241.6
trinidad_and_tobago,1990,1252.2
trinidad_and_tobago,1991,1262.2
trinidad_and_tobago,1992,1271.7
trinidad_and_tobago,1993,1280.5
trinidad_and_tobago,1994,1288.3
trinidad_and_tobago,1995,1295.2
trinidad_and_tobago,1996,1300.9
trinidad_and_tobago,1997,1305.8
trinidad_and_tobago,1998,1310.2
trinidad_and_tobago,1999,1314.7
trinidad_and_tobago,2000,1319.8
trinidad_and_tobago,2001,1325.6
trinidad_and_tobago,2002,1332.0
trinidad_and_tobago,2003,1338.7
trinidad_and_tobago,2004,1345.4
trinidad_and_tobago,2005,1352.0
trinidad_and_tobago,2006,1358.7
trinidad_and_tobago,2007,1365.4
trinidad_and_tobago,2008,1372.1
trinidad_and_tobago,2009,1379.1
trinidad_and_tobago,2010,1386.7
trinidad_and_tobago,2011,1395.0
trinidad_and_tobago,2012,1403.8
trinidad_and_tobago,2013,1412.7
trinidad_and_tobago,2014,1421.1
trinidad_and_tobago,2015,1429.2
trinidad_and_tobago,2016,1437.0
trinidad_and_tobago,2017,1445.3
trinidad_and_tobago,2018,1470.5
trinidad_and_tobago,2019,1484.9
trinidad_and_tobago,2020,1481.0
trinidad_and_tobago,2021,1487.7
trinidad_and_tobago,2022,1495.9
tunisia,1961,4316.3
tunisia,1962,4369.1
tunisia,1963,4427.1
tunisia,1964,4489.9
tunisia,1965,4561.4
tunisia,1966,4652.3
tunisia,1967,4761.0
tunisia,1968,4879.9
tunisia,1969,5004.7
tunisia,1970,5131.4
tunisia,1971,5261.7
tunisia,1972,5396.6
tunisia,1973,5537.2
tunisia,1974,5684.7
tunisia,1975,5839.3
tunisia,1976,5997.0
tunisia,1977,6155.9
tunisia,1978,6309.4
tunisia,1979,6456.4
tunisia,1980,6606.2
tunisia,1981,6758.3
tunisia,1982,6908.6
tunisia,1983,7053.8
tunisia,1984,7220.0
tunisia,1985,7409.9
tunisia,1986,7600.3
tunisia,1987,7790.0
tunisia,1988,7974.4
tunisia,1989,8151.7
tunisia,1990,8324.5
tunisia,1991,8501.8
tunisia,1992,8682.5
tunisia,1993,8857.9
tunisia,1994,9018.4
tunisia,1995,9161.3
tunisia,1996,9294.4
tunisia,1997,9421.3
tunisia,1998,9541.7
tunisia,1999,9656.0
tunisia,2000,9764.9
tunisia,2001,9869.7
tunisia,2002,9971.5
tunisia,2003,10072
tunisia,2004,10166
tunisia,2005,10255
tunisia,2006,10346
tunisia,2007,10442
tunisia,2008,10543
tunisia,2009,10651
tunisia,2010,10766
tunisia,2011,10886
tunisia,2012,11010
tunisia,2013,11141
tunisia,2014,11274
tunisia,2015,11402
tunisia,2016,11529
tunisia,2017,11650
tunisia,2018,11766
tunisia,2019,11875
tunisia,2020,11974
tunisia,2021,12049
tunisia,2022,12119
turkiye,1961,29119
turkiye,1962,29916
turkiye,1963,30727
turkiye,1964,31543
turkiye,1965,32345
turkiye,1966,33178
turkiye,1967,34050
turkiye,1968,34922
turkiye,1969,35788
turkiye,1970,36638
turkiye,1971,37519
turkiye,1972,38430
turkiye,1973,39330
turkiye,1974,40210
turkiye,1975,41053
turkiye,1976,41900
turkiye,1977,42773
turkiye,1978,43645
turkiye,1979,44510
turkiye,1980,45409
turkiye,1981,46321
turkiye,1982,47322
turkiye,1983,48447
turkiye,1984,49574
turkiye,1985,50687
turkiye,1986,51778
turkiye,1987,52844
turkiye,1988,53910
turkiye,1989,54977
turkiye,1990,56016
turkiye,1991,57010
turkiye,1992,57990
turkiye,1993,58999
turkiye,1994,60034
turkiye,1995,61025
turkiye,1996,61951
turkiye,1997,62853
turkiye,1998,63734
turkiye,1999,64592
turkiye,2000,65426
turkiye,2001,66245
turkiye,2002,67049
turkiye,2003,67832
turkiye,2004,68593
turkiye,2005,69330
turkiye,2006,70045
turkiye,2007,70751
turkiye,2008,71562
turkiye,2009,72465
turkiye,2010,73347
turkiye,2011,74215
turkiye,2012,75197
turkiye,2013,76403
turkiye,2014,78036
turkiye,2015,80014
turkiye,2016,81652
turkiye,2017,83084
turkiye,2018,84416
turkiye,2019,85358
turkiye,2020,86092
turkiye,2021,86686
turkiye,2022,87058
turkmenistan,1992,3944.7
turkmenistan,1993,4032.4
turkmenistan,1994,4116.7
turkmenistan,1995,4191.2
turkmenistan,1996,4263.8
turkmenistan,1997,4336.7
turkmenistan,1998,4410.5
turkmenistan,1999,4492.2
turkmenistan,2000,4582.7
turkmenistan,2001,4675.4
turkmenistan,2002,4769.5
turkmenistan,2003,4863.9
turkmenistan,2004,4958.1
turkmenistan,2005,5052.3
turkmenistan,2006,5147.1
turkmenistan,2007,5244.0
turkmenistan,2008,5345.0
turkmenistan,2009,5451.6
turkmenistan,2010,5564.4
turkmenistan,2011,5683.4
turkmenistan,2012,5808.5
turkmenistan,2013,5939.3
turkmenistan,2014,6075.3
turkmenistan,2015,6215.8
turkmenistan,2016,6360.0
turkmenistan,2017,6507.1
turkmenistan,2018,6655.5
turkmenistan,2019,6803.9
turkmenistan,2020,6949.9
turkmenistan,2021,7092.0
turkmenistan,2022,7230.2
tuvalu,1961,5.6480
tuvalu,1962,5.6990
tuvalu,1963,5.7510
tuvalu,1964,5.7520
tuvalu,1965,5.7150
tuvalu,1966,5.6860
tuvalu,1967,5.6520
tuvalu,1968,5.6240
tuvalu,1969,5.6310
tuvalu,1970,5.6630
tuvalu,1971,5.6850
tuvalu,1972,5.6920
tuvalu,1973,5.6810
tuvalu,1974,5.8220
tuvalu,1975,6.1170
tuvalu,1976,6.4040
tuvalu,1977,6.6860
tuvalu,1978,6.9570
tuvalu,1979,7.1840
tuvalu,1980,7.3660
tuvalu,1981,7.5260
tuvalu,1982,7.6640
tuvalu,1983,7.7890
tuvalu,1984,7.9020
tuvalu,1985,8.0460
tuvalu,1986,8.2170
tuvalu,1987,8.3710
tuvalu,1988,8.5180
tuvalu,1989,8.6620
tuvalu,1990,8.7980
tuvalu,1991,8.9280
tuvalu,1992,9.0380
tuvalu,1993,9.1260
tuvalu,1994,9.2070
tuvalu,1995,9.2800
tuvalu,1996,9.3420
tuvalu,1997,9.4000
tuvalu,1998,9.4510
tuvalu,1999,9.4960
tuvalu,2000,9.5440
tuvalu,2001,9.5860
tuvalu,2002,9.6230
tuvalu,2003,9.6950
tuvalu,2004,9.8160
tuvalu,2005,9.9400
tuvalu,2006,10.056
tuvalu,2007,10.182
tuvalu,2008,10.321
tuvalu,2009,10.461
tuvalu,2010,10.614
tuvalu,2011,10.780
tuvalu,2012,10.934
tuvalu,2013,11.001
tuvalu,2014,10.984
tuvalu,2015,10.963
tuvalu,2016,10.930
tuvalu,2017,10.869
tuvalu,2018,10.751
tuvalu,2019,10.581
tuvalu,2020,10.399
tuvalu,2021,10.194
tuvalu,2022,9.9920
uganda,1961,7862.2
uganda,1962,8092.2
uganda,1963,8333.7
uganda,1964,8586.4
uganda,1965,8849.2
uganda,1966,9122.9
uganda,1967,9408.9
uganda,1968,9708.6
uganda,1969,10015
uganda,1970,10322
uganda,1971,10618
uganda,1972,10886
uganda,1973,11144
uganda,1974,11425
uganda,1975,11725
uganda,1976,12037
uganda,1977,12360
uganda,1978,12692
uganda,1979,13002
uganda,1980,13276
uganda,1981,13556
uganda,1982,13874
uganda,1983,14222
uganda,1984,14608
uganda,1985,15024
uganda,1986,15468
uganda,1987,15954
uganda,1988,16470
uganda,1989,17011
uganda,1990,17570
uganda,1991,18156
uganda,1992,18785
uganda,1993,19445
uganda,1994,20109
uganda,1995,20666
uganda,1996,21232
uganda,1997,21856
uganda,1998,22516
uganda,1999,23257
uganda,2000,24000
uganda,2001,24746
uganda,2002,25533
uganda,2003,26352
uganda,2004,27155
uganda,2005,27963
uganda,2006,28794
uganda,2007,29653
uganda,2008,30540
uganda,2009,31451
uganda,2010,32391
uganda,2011,33355
uganda,2012,34337
uganda,2013,35337
uganda,2014,36396
uganda,2015,37531
uganda,2016,38799
uganda,2017,40177
uganda,2018,41566
uganda,2019,43000
uganda,2020,44457
uganda,2021,45911
uganda,2022,47313
ukraine,1992,52324
ukraine,1993,52350
ukraine,1994,52076
ukraine,1995,51666
ukraine,1996,51226
ukraine,1997,50787
ukraine,1998,50380
ukraine,1999,49976
ukraine,2000,49557
ukraine,2001,49107
ukraine,2002,48677
ukraine,2003,48315
ukraine,2004,47980
ukraine,2005,47586
ukraine,2006,47279
ukraine,2007,47063
ukraine,2008,46819
ukraine,2009,46624
ukraine,2010,46456
ukraine,2011,46308
ukraine,2012,46210
ukraine,2013,46127
ukraine,2014,45972
ukraine,2015,45785
ukraine,2016,45617
ukraine,2017,45436
ukraine,2018,45209
ukraine,2019,44957
ukraine,2020,44680
ukraine,2021,44299
ukraine,2022,41049
united_arab_emirates,1961,137.99
united_arab_emirates,1962,144.95
united_arab_emirates,1963,152.21
united_arab_emirates,1964,159.69
united_arab_emirates,1965,167.10
united_arab_emirates,1966,173.98
united_arab_emirates,1967,179.70
united_arab_emirates,1968,199.42
united_arab_emirates,1969,239.66
united_arab_emirates,1970,286.54
united_arab_emirates,1971,335.03
united_arab_emirates,1972,385.01
united_arab_emirates,1973,436.40
united_arab_emirates,1974,489.09
united_arab_emirates,1975,542.86
united_arab_emirates,1976,615.87
united_arab_emirates,1977,710.21
united_arab_emirates,1978,809.27
united_arab_emirates,1979,912.01
united_arab_emirates,1980,1015.7
united_arab_emirates,1981,1099.9
united_arab_emirates,1982,1166.4
united_arab_emirates,1983,1235.3
united_arab_emirates,1984,1306.0
united_arab_emirates,1985,1377.9
united_arab_emirates,1986,1467.4
united_arab_emirates,1987,1574.2
united_arab_emirates,1988,1681.8
united_arab_emirates,1989,1789.9
united_arab_emirates,1990,1898.2
united_arab_emirates,1991,2006.6
united_arab_emirates,1992,2114.7
united_arab_emirates,1993,2222.1
united_arab_emirates,1994,2328.2
united_arab_emirates,1995,2434.7
united_arab_emirates,1996,2597.6
united_arab_emirates,1997,2817.4
united_arab_emirates,1998,3040.4
united_arab_emirates,1999,3266.0
united_arab_emirates,2000,3493.6
united_arab_emirates,2001,3723.6
united_arab_emirates,2002,3956.8
united_arab_emirates,2003,4192.5
united_arab_emirates,2004,4429.0
united_arab_emirates,2005,4664.8
united_arab_emirates,2006,5009.1
united_arab_emirates,2007,5624.6
united_arab_emirates,2008,6302.7
united_arab_emirates,2009,6707.1
united_arab_emirates,2010,6938.4
united_arab_emirates,2011,7199.4
united_arab_emirates,2012,7497.1
united_arab_emirates,2013,7831.8
united_arab_emirates,2014,8236.9
united_arab_emirates,2015,8674.6
united_arab_emirates,2016,9030.9
united_arab_emirates,2017,9234.3
united_arab_emirates,2018,9346.9
united_arab_emirates,2019,9377.8
united_arab_emirates,2020,9448.5
united_arab_emirates,2021,9789.0
united_arab_emirates,2022,10242
united_kingdom_of_great_britain_and_northern_ireland,1961,52885
united_kingdom_of_great_britain_and_northern_ireland,1962,53273
united_kingdom_of_great_britain_and_northern_ireland,1963,53653
united_kingdom_of_great_britain_and_northern_ireland,1964,54009
united_kingdom_of_great_britain_and_northern_ireland,1965,54359
united_kingdom_of_great_britain_and_northern_ireland,1966,54676
united_kingdom_of_great_britain_and_northern_ireland,1967,54974
united_kingdom_of_great_britain_and_northern_ireland,1968,55241
united_kingdom_of_great_britain_and_northern_ireland,1969,55456
united_kingdom_of_great_britain_and_northern_ireland,1970,55664
united_kingdom_of_great_britain_and_northern_ireland,1971,55890
united_kingdom_of_great_britain_and_northern_ireland,1972,56079
united_kingdom_of_great_britain_and_northern_ireland,1973,56189
united_kingdom_of_great_britain_and_northern_ireland,1974,56225
united_kingdom_of_great_britain_and_northern_ireland,1975,56220
united_kingdom_of_great_britain_and_northern_ireland,1976,56201
united_kingdom_of_great_britain_and_northern_ireland,1977,56176
united_kingdom_of_great_britain_and_northern_ireland,1978,56176
united_kingdom_of_great_britain_and_northern_ireland,1979,56219
united_kingdom_of_great_britain_and_northern_ireland,1980,56282
united_kingdom_of_great_britain_and_northern_ireland,1981,56305
united_kingdom_of_great_britain_and_northern_ireland,1982,56293
united_kingdom_of_great_britain_and_northern_ireland,1983,56332
united_kingdom_of_great_britain_and_northern_ireland,1984,56451
united_kingdom_of_great_britain_and_northern_ireland,1985,56606
united_kingdom_of_great_britain_and_northern_ireland,1986,56752
united_kingdom_of_great_britain_and_northern_ireland,1987,56886
united_kingdom_of_great_britain_and_northern_ireland,1988,57027
united_kingdom_of_great_britain_and_northern_ireland,1989,57182
united_kingdom_of_great_britain_and_northern_ireland,1990,57368
united_kingdom_of_great_britain_and_northern_ireland,1991,57555
united_kingdom_of_great_britain_and_northern_ireland,1992,57719
united_kingdom_of_great_britain_and_northern_ireland,1993,57861
united_kingdom_of_great_britain_and_northern_ireland,1994,58003
united_kingdom_of_great_britain_and_northern_ireland,1995,58155
united_kingdom_of_great_britain_and_northern_ireland,1996,58299
united_kingdom_of_great_britain_and_northern_ireland,1997,58447
united_kingdom_of_great_britain_and_northern_ireland,1998,58627
united_kingdom_of_great_britain_and_northern_ireland,1999,58839
united_kingdom_of_great_britain_and_northern_ireland,2000,59057
united_kingdom_of_great_britain_and_northern_ireland,2001,59288
united_kingdom_of_great_britain_and_northern_ireland,2002,59541
united_kingdom_of_great_britain_and_northern_ireland,2003,59820
united_kingdom_of_great_britain_and_northern_ireland,2004,60170
united_kingdom_of_great_britain_and_northern_ireland,2005,60596
united_kingdom_of_great_britain_and_northern_ireland,2006,61051
united_kingdom_of_great_britain_and_northern_ireland,2007,61536
united_kingdom_of_great_britain_and_northern_ireland,2008,62027
united_kingdom_of_great_britain_and_northern_ireland,2009,62506
united_kingdom_of_great_britain_and_northern_ireland,2010,63006
united_kingdom_of_great_britain_and_northern_ireland,2011,63509
united_kingdom_of_great_britain_and_northern_ireland,2012,63960
united_kingdom_of_great_britain_and_northern_ireland,2013,64389
united_kingdom_of_great_britain_and_northern_ireland,2014,64866
united_kingdom_of_great_britain_and_northern_ireland,2015,65382
united_kingdom_of_great_britain_and_northern_ireland,2016,65893
united_kingdom_of_great_britain_and_northern_ireland,2017,66354
united_kingdom_of_great_britain_and_northern_ireland,2018,66752
united_kingdom_of_great_britain_and_northern_ireland,2019,67111
united_kingdom_of_great_britain_and_northern_ireland,2020,67352
united_kingdom_of_great_britain_and_northern_ireland,2021,67669
united_kingdom_of_great_britain_and_northern_ireland,2022,68179
united_republic_of_tanzania,1961,10188
united_republic_of_tanzania,1962,10488
united_republic_of_tanzania,1963,10800
united_republic_of_tanzania,1964,11128
united_republic_of_tanzania,1965,11471
united_republic_of_tanzania,1966,11827
united_republic_of_tanzania,1967,12200
united_republic_of_tanzania,1968,12602
united_republic_of_tanzania,1969,13037
united_republic_of_tanzania,1970,13493
united_republic_of_tanzania,1971,13971
united_republic_of_tanzania,1972,14479
united_republic_of_tanzania,1973,15010
united_republic_of_tanzania,1974,15562
united_republic_of_tanzania,1975,16138
united_republic_of_tanzania,1976,16736
united_republic_of_tanzania,1977,17353
united_republic_of_tanzania,1978,17977
united_republic_of_tanzania,1979,18592
united_republic_of_tanzania,1980,19190
united_republic_of_tanzania,1981,19785
united_republic_of_tanzania,1982,20399
united_republic_of_tanzania,1983,21080
united_republic_of_tanzania,1984,21779
united_republic_of_tanzania,1985,22502
united_republic_of_tanzania,1986,23259
united_republic_of_tanzania,1987,24030
united_republic_of_tanzania,1988,24770
united_republic_of_tanzania,1989,25439
united_republic_of_tanzania,1990,26110
united_republic_of_tanzania,1991,26780
united_republic_of_tanzania,1992,27458
united_republic_of_tanzania,1993,28333
united_republic_of_tanzania,1994,29442
united_republic_of_tanzania,1995,30383
united_republic_of_tanzania,1996,30946
united_republic_of_tanzania,1997,31578
united_republic_of_tanzania,1998,32420
united_republic_of_tanzania,1999,33300
united_republic_of_tanzania,2000,34260
united_republic_of_tanzania,2001,35198
united_republic_of_tanzania,2002,36121
united_republic_of_tanzania,2003,37090
united_republic_of_tanzania,2004,38110
united_republic_of_tanzania,2005,39182
united_republic_of_tanzania,2006,40295
united_republic_of_tanzania,2007,41436
united_republic_of_tanzania,2008,42571
united_republic_of_tanzania,2009,43634
united_republic_of_tanzania,2010,44758
united_republic_of_tanzania,2011,46029
united_republic_of_tanzania,2012,47374
united_republic_of_tanzania,2013,48824
united_republic_of_tanzania,2014,50352
united_republic_of_tanzania,2015,52021
united_republic_of_tanzania,2016,53824
united_republic_of_tanzania,2017,55653
united_republic_of_tanzania,2018,57437
united_republic_of_tanzania,2019,59175
united_republic_of_tanzania,2020,60973
united_republic_of_tanzania,2021,62830
united_republic_of_tanzania,2022,64712
united_states_of_america,1961,183490
united_states_of_america,1962,186720
united_states_of_america,1963,189830
united_states_of_america,1964,192820
united_states_of_america,1965,195650
united_states_of_america,1966,198270
united_states_of_america,1967,200700
united_states_of_america,1968,203010
united_states_of_america,1969,205300
united_states_of_america,1970,207800
united_states_of_america,1971,210430
united_states_of_america,1972,212840
united_states_of_america,1973,215010
united_states_of_america,1974,217080
united_states_of_america,1975,219130
united_states_of_america,1976,221170
united_states_of_america,1977,223260
united_states_of_america,1978,225400
united_states_of_america,1979,227580
united_states_of_america,1980,229860
united_states_of_america,1981,232200
united_states_of_america,1982,234580
united_states_of_america,1983,236990
united_states_of_america,1984,239350
united_states_of_america,1985,241690
united_states_of_america,1986,243950
united_states_of_america,1987,246160
united_states_of_america,1988,248390
united_states_of_america,1989,250680
united_states_of_america,1990,253370
united_states_of_america,1991,256470
united_states_of_america,1992,259610
united_states_of_america,1993,262630
united_states_of_america,1994,265470
united_states_of_america,1995,268210
united_states_of_america,1996,270860
united_states_of_america,1997,273470
united_states_of_america,1998,276120
united_states_of_america,1999,278790
united_states_of_america,2000,281480
united_states_of_america,2001,284280
united_states_of_america,2002,287080
united_states_of_america,2003,289910
united_states_of_america,2004,292790
united_states_of_america,2005,295720
united_states_of_america,2006,298730
united_states_of_america,2007,301840
united_states_of_america,2008,304970
united_states_of_america,2009,308020
united_states_of_america,2010,311060
united_states_of_america,2011,314110
united_states_of_america,2012,317120
united_states_of_america,2013,320110
united_states_of_america,2014,323120
united_states_of_america,2015,326130
united_states_of_america,2016,329180
united_states_of_america,2017,332200
united_states_of_america,2018,335060
united_states_of_america,2019,337790
united_states_of_america,2020,339440
united_states_of_america,2021,340160
united_states_of_america,2022,341530
uruguay,1961,2562.0
uruguay,1962,2593.3
uruguay,1963,2623.8
uruguay,1964,2653.2
uruguay,1965,2681.2
uruguay,1966,2707.6
uruguay,1967,2732.3
uruguay,1968,2754.6
uruguay,1969,2774.0
uruguay,1970,2790.8
uruguay,1971,2806.5
uruguay,1972,2821.6
uruguay,1973,2837.1
uruguay,1974,2853.9
uruguay,1975,2872.3
uruguay,1976,2891.4
uruguay,1977,2909.5
uruguay,1978,2925.7
uruguay,1979,2939.9
uruguay,1980,2952.0
uruguay,1981,2963.2
uruguay,1982,2975.5
uruguay,1983,2988.8
uruguay,1984,3002.5
uruguay,1985,3017.0
uruguay,1986,3032.8
uruguay,1987,3049.9
uruguay,1988,3068.0
uruguay,1989,3086.3
uruguay,1990,3104.4
uruguay,1991,3122.4
uruguay,1992,3139.7
uruguay,1993,3156.3
uruguay,1994,3172.8
uruguay,1995,3189.4
uruguay,1996,3206.3
uruguay,1997,3223.3
uruguay,1998,3239.3
uruguay,1999,3254.0
uruguay,2000,3266.2
uruguay,2001,3274.3
uruguay,2002,3278.9
uruguay,2003,3281.2
uruguay,2004,3283.1
uruguay,2005,3285.8
uruguay,2006,3289.5
uruguay,2007,3295.2
uruguay,2008,3302.2
uruguay,2009,3310.1
uruguay,2010,3318.6
uruguay,2011,3326.8
uruguay,2012,3335.4
uruguay,2013,3345.3
uruguay,2014,3356.3
uruguay,2015,3368.0
uruguay,2016,3379.3
uruguay,2017,3388.4
uruguay,2018,3394.5
uruguay,2019,3397.2
uruguay,2020,3399.0
uruguay,2021,3396.7
uruguay,2022,3390.9
uzbekistan,1992,21485
uzbekistan,1993,21988
uzbekistan,1994,22463
uzbekistan,1995,22918
uzbekistan,1996,23352
uzbekistan,1997,23759
uzbekistan,1998,24135
uzbekistan,1999,24476
uzbekistan,2000,24787
uzbekistan,2001,25090
uzbekistan,2002,25400
uzbekistan,2003,25711
uzbekistan,2004,26029
uzbekistan,2005,26357
uzbekistan,2006,26699
uzbekistan,2007,27076
uzbekistan,2008,27495
uzbekistan,2009,27939
uzbekistan,2010,28386
uzbekistan,2011,28823
uzbekistan,2012,29262
uzbekistan,2013,29724
uzbekistan,2014,30223
uzbekistan,2015,30749
uzbekistan,2016,31285
uzbekistan,2017,31819
uzbekistan,2018,32373
uzbekistan,2019,32965
uzbekistan,2020,33586
uzbekistan,2021,34244
uzbekistan,2022,34939
vanuatu,1961,66.264
vanuatu,1962,68.174
vanuatu,1963,70.159
vanuatu,1964,72.219
vanuatu,1965,74.358
vanuatu,1966,76.590
vanuatu,1967,78.921
vanuatu,1968,81.314
vanuatu,1969,83.755
vanuatu,1970,86.266
vanuatu,1971,88.862
vanuatu,1972,91.562
vanuatu,1973,94.362
vanuatu,1974,97.260
vanuatu,1975,100.27
vanuatu,1976,103.39
vanuatu,1977,106.62
vanuatu,1978,109.96
vanuatu,1979,113.04
vanuatu,1980,115.66
vanuatu,1981,118.25
vanuatu,1982,121.03
vanuatu,1983,124.00
vanuatu,1984,127.11
vanuatu,1985,130.36
vanuatu,1986,133.72
vanuatu,1987,137.19
vanuatu,1988,140.76
vanuatu,1989,144.39
vanuatu,1990,148.06
vanuatu,1991,151.79
vanuatu,1992,155.61
vanuatu,1993,159.46
vanuatu,1994,163.31
vanuatu,1995,167.14
vanuatu,1996,170.91
vanuatu,1997,174.63
vanuatu,1998,178.31
vanuatu,1999,182.05
vanuatu,2000,186.28
vanuatu,2001,191.03
vanuatu,2002,195.86
vanuatu,2003,200.75
vanuatu,2004,205.71
vanuatu,2005,210.76
vanuatu,2006,215.92
vanuatu,2007,221.28
vanuatu,2008,226.90
vanuatu,2009,232.73
vanuatu,2010,238.25
vanuatu,2011,243.47
vanuatu,2012,248.88
vanuatu,2013,254.48
vanuatu,2014,260.24
vanuatu,2015,266.10
vanuatu,2016,272.09
vanuatu,2017,278.51
vanuatu,2018,285.26
vanuatu,2019,291.99
vanuatu,2020,298.86
vanuatu,2021,305.87
vanuatu,2022,313.05
venezuela_bolivarian_republic_of,1961,8455.9
venezuela_bolivarian_republic_of,1962,8756.9
venezuela_bolivarian_republic_of,1963,9064.0
venezuela_bolivarian_republic_of,1964,9377.7
venezuela_bolivarian_republic_of,1965,9697.8
venezuela_bolivarian_republic_of,1966,10025
venezuela_bolivarian_republic_of,1967,10359
venezuela_bolivarian_republic_of,1968,10698
venezuela_bolivarian_republic_of,1969,11040
venezuela_bolivarian_republic_of,1970,11388
venezuela_bolivarian_republic_of,1971,11741
venezuela_bolivarian_republic_of,1972,12099
venezuela_bolivarian_republic_of,1973,12464
venezuela_bolivarian_republic_of,1974,12835
venezuela_bolivarian_republic_of,1975,13216
venezuela_bolivarian_republic_of,1976,13606
venezuela_bolivarian_republic_of,1977,14007
venezuela_bolivarian_republic_of,1978,14417
venezuela_bolivarian_republic_of,1979,14835
venezuela_bolivarian_republic_of,1980,15258
venezuela_bolivarian_republic_of,1981,15687
venezuela_bolivarian_republic_of,1982,16122
venezuela_bolivarian_republic_of,1983,16562
venezuela_bolivarian_republic_of,1984,17009
venezuela_bolivarian_republic_of,1985,17461
venezuela_bolivarian_republic_of,1986,17924
venezuela_bolivarian_republic_of,1987,18395
venezuela_bolivarian_republic_of,1988,18871
venezuela_bolivarian_republic_of,1989,19349
venezuela_bolivarian_republic_of,1990,19827
venezuela_bolivarian_republic_of,1991,20305
venezuela_bolivarian_republic_of,1992,20781
venezuela_bolivarian_republic_of,1993,21255
venezuela_bolivarian_republic_of,1994,21725
venezuela_bolivarian_republic_of,1995,22194
venezuela_bolivarian_republic_of,1996,22662
venezuela_bolivarian_republic_of,1997,23132
venezuela_bolivarian_republic_of,1998,23601
venezuela_bolivarian_republic_of,1999,24067
venezuela_bolivarian_republic_of,2000,24527
venezuela_bolivarian_republic_of,2001,24980
venezuela_bolivarian_republic_of,2002,25436
venezuela_bolivarian_republic_of,2003,25893
venezuela_bolivarian_republic_of,2004,26341
venezuela_bolivarian_republic_of,2005,26786
venezuela_bolivarian_republic_of,2006,27225
venezuela_bolivarian_republic_of,2007,27649
venezuela_bolivarian_republic_of,2008,28054
venezuela_bolivarian_republic_of,2009,28438
venezuela_bolivarian_republic_of,2010,28813
venezuela_bolivarian_republic_of,2011,29185
venezuela_bolivarian_republic_of,2012,29554
venezuela_bolivarian_republic_of,2013,29912
venezuela_bolivarian_republic_of,2014,30254
venezuela_bolivarian_republic_of,2015,30574
venezuela_bolivarian_republic_of,2016,30766
venezuela_bolivarian_republic_of,2017,30565
venezuela_bolivarian_republic_of,2018,29808
venezuela_bolivarian_republic_of,2019,28938
venezuela_bolivarian_republic_of,2020,28444
venezuela_bolivarian_republic_of,2021,28238
venezuela_bolivarian_republic_of,2022,28213
viet_nam,1961,33409
viet_nam,1962,34289
viet_nam,1963,35249
viet_nam,1964,36202
viet_nam,1965,37130
viet_nam,1966,38025
viet_nam,1967,38895
viet_nam,1968,39735
viet_nam,1969,40582
viet_nam,1970,41475
viet_nam,1971,42449
viet_nam,1972,43429
viet_nam,1973,44410
viet_nam,1974,45414
viet_nam,1975,46483
viet_nam,1976,47685
viet_nam,1977,48955
viet_nam,1978,50250
viet_nam,1979,51378
viet_nam,1980,52490
viet_nam,1981,53738
viet_nam,1982,55011
viet_nam,1983,56338
viet_nam,1984,57706
viet_nam,1985,59061
viet_nam,1986,60347
viet_nam,1987,61585
viet_nam,1988,62843
viet_nam,1989,64147
viet_nam,1990,65505
viet_nam,1991,66892
viet_nam,1992,68260
viet_nam,1993,69586
viet_nam,1994,70854
viet_nam,1995,72050
viet_nam,1996,73156
viet_nam,1997,74227
viet_nam,1998,75300
viet_nam,1999,76287
viet_nam,2000,77154
viet_nam,2001,77969
viet_nam,2002,78772
viet_nam,2003,79564
viet_nam,2004,80339
viet_nam,2005,81088
viet_nam,2006,82168
viet_nam,2007,83633
viet_nam,2008,85176
viet_nam,2009,86460
viet_nam,2010,87455
viet_nam,2011,88468
viet_nam,2012,89510
viet_nam,2013,90573
viet_nam,2014,91680
viet_nam,2015,92823
viet_nam,2016,94000
viet_nam,2017,95177
viet_nam,2018,96237
viet_nam,2019,97174
viet_nam,2020,98079
viet_nam,2021,98935
viet_nam,2022,99681
western_asia,2000,186890
western_asia,2001,191090
western_asia,2002,195370
western_asia,2003,199680
western_asia,2004,204070
western_asia,2005,208670
western_asia,2006,213580
western_asia,2007,218900
western_asia,2008,224460
western_asia,2009,229880
western_asia,2010,235140
western_asia,2011,240730
western_asia,2012,246560
western_asia,2013,252370
western_asia,2014,258520
western_asia,2015,264900
western_asia,2016,270590
western_asia,2017,275060
western_asia,2018,279060
western_asia,2019,283360
western_asia,2020,287650
western_asia,2021,291950
western_asia,2022,297690
world,2000,6168300
world,2001,6251700
world,2002,6334600
world,2003,6417300
world,2004,6500300
world,2005,6584000
world,2006,6676700
world,2007,6762600
world,2008,6849800
world,2009,6938200
world,2010,7027200
world,2011,7116700
world,2012,7207000
world,2013,7297700
world,2014,7387500
world,2015,7476500
world,2016,7564600
world,2017,7651700
world,2018,7736100
world,2019,7817500
world,2020,7893200
world,2021,7960700
world,2022,8027700
yemen,1961,5655.2
yemen,1962,5782.2
yemen,1963,5911.1
yemen,1964,6048.0
yemen,1965,6195.6
yemen,1966,6351.5
yemen,1967,6516.4
yemen,1968,6690.5
yemen,1969,6875.9
yemen,1970,7065.3
yemen,1971,7257.5
yemen,1972,7460.1
yemen,1973,7672.8
yemen,1974,7896.8
yemen,1975,8133.6
yemen,1976,8384.1
yemen,1977,8648.2
yemen,1978,8926.6
yemen,1979,9224.2
yemen,1980,9543.4
yemen,1981,9882.4
yemen,1982,10241
yemen,1983,10621
yemen,1984,11026
yemen,1985,11454
yemen,1986,11901
yemen,1987,12370
yemen,1988,12860
yemen,1989,13364
yemen,1990,13888
yemen,1991,14430
yemen,1992,14989
yemen,1993,15564
yemen,1994,16149
yemen,1995,16740
yemen,1996,17313
yemen,1997,17874
yemen,1998,18446
yemen,1999,19029
yemen,2000,19624
yemen,2001,20226
yemen,2002,20835
yemen,2003,21456
yemen,2004,22095
yemen,2005,22790
yemen,2006,23543
yemen,2007,24318
yemen,2008,25112
yemen,2009,25928
yemen,2010,26754
yemen,2011,27583
yemen,2012,28434
yemen,2013,29313
yemen,2014,30226
yemen,2015,31159
yemen,2016,32109
yemen,2017,33091
yemen,2018,34085
yemen,2019,35111
yemen,2020,36135
yemen,2021,37140
yemen,2022,38223
zambia,1961,3254.1
zambia,1962,3358.1
zambia,1963,3465.9
zambia,1964,3577.0
zambia,1965,3692.1
zambia,1966,3812.0
zambia,1967,3936.3
zambia,1968,4065.6
zambia,1969,4197.1
zambia,1970,4321.7
zambia,1971,4442.5
zambia,1972,4569.3
zambia,1973,4702.7
zambia,1974,4842.7
zambia,1975,4990.1
zambia,1976,5143.8
zambia,1977,5302.5
zambia,1978,5465.4
zambia,1979,5631.7
zambia,1980,5802.8
zambia,1981,5983.3
zambia,1982,6178.6
zambia,1983,6381.0
zambia,1984,6580.5
zambia,1985,6781.0
zambia,1986,6986.5
zambia,1987,7191.3
zambia,1988,7391.4
zambia,1989,7589.2
zambia,1990,7786.2
zambia,1991,7981.6
zambia,1992,8176.7
zambia,1993,8373.9
zambia,1994,8576.3
zambia,1995,8785.8
zambia,1996,9004.1
zambia,1997,9237.1
zambia,1998,9482.4
zambia,1999,9740.0
zambia,2000,10018
zambia,2001,10325
zambia,2002,10648
zambia,2003,10984
zambia,2004,11338
zambia,2005,11719
zambia,2006,12130
zambia,2007,12565
zambia,2008,13021
zambia,2009,13490
zambia,2010,13966
zambia,2011,14438
zambia,2012,14914
zambia,2013,15399
zambia,2014,15895
zambia,2015,16399
zambia,2016,16914
zambia,2017,17441
zambia,2018,17974
zambia,2019,18514
zambia,2020,19059
zambia,2021,19604
zambia,2022,20153
zimbabwe,1961,3930.4
zimbabwe,1962,4056.0
zimbabwe,1963,4185.9
zimbabwe,1964,4320.0
zimbabwe,1965,4458.5
zimbabwe,1966,4601.2
zimbabwe,1967,4748.3
zimbabwe,1968,4900.4
zimbabwe,1969,5058.2
zimbabwe,1970,5215.9
zimbabwe,1971,5374.7
zimbabwe,1972,5542.4
zimbabwe,1973,5720.4
zimbabwe,1974,5908.3
zimbabwe,1975,6098.7
zimbabwe,1976,6287.1
zimbabwe,1977,6449.5
zimbabwe,1978,6543.6
zimbabwe,1979,6647.6
zimbabwe,1980,7041.3
zimbabwe,1981,7498.6
zimbabwe,1982,7796.5
zimbabwe,1983,8098.4
zimbabwe,1984,8391.5
zimbabwe,1985,8686.8
zimbabwe,1986,8982.6
zimbabwe,1987,9284.6
zimbabwe,1988,9583.1
zimbabwe,1989,9864.8
zimbabwe,1990,10137
zimbabwe,1991,10405
zimbabwe,1992,10703
zimbabwe,1993,10860
zimbabwe,1994,10873
zimbabwe,1995,10975
zimbabwe,1996,11158
zimbabwe,1997,11370
zimbabwe,1998,11594
zimbabwe,1999,11783
zimbabwe,2000,11892
zimbabwe,2001,11972
zimbabwe,2002,12088
zimbabwe,2003,12232
zimbabwe,2004,12366
zimbabwe,2005,12483
zimbabwe,2006,12636
zimbabwe,2007,12804
zimbabwe,2008,12959
zimbabwe,2009,13143
zimbabwe,2010,13357
zimbabwe,2011,13595
zimbabwe,2012,13818
zimbabwe,2013,14014
zimbabwe,2014,14207
zimbabwe,2015,14399
zimbabwe,2016,14600
zimbabwe,2017,14812
zimbabwe,2018,15034
zimbabwe,2019,15271
zimbabwe,2020,15527
zimbabwe,2021,15797
zimbabwe,2022,16069
