area,year,agriculture_value_added_to_gdp
afghanistan,1970,878690000
afghanistan,1971,920010000
afghanistan,1972,801640000
afghanistan,1973,870870000
afghanistan,1974,1083100000
afghanistan,1975,1189000000
afghanistan,1976,1284000000
afghanistan,1977,1484200000
afghanistan,1978,1657200000
afghanistan,1979,1858600000
afghanistan,1980,1831200000
afghanistan,1981,1743200000
afghanistan,1982,1732800000
afghanistan,1983,1711800000
afghanistan,1984,1666200000
afghanistan,1985,1701700000
afghanistan,1986,1668900000
afghanistan,1987,1364600000
afghanistan,1988,1632400000
afghanistan,1989,2262900000
afghanistan,1990,1294400000
afghanistan,1991,1660000000
afghanistan,1992,1926500000
afghanistan,1993,1691400000
afghanistan,1994,1549800000
afghanistan,1995,2125800000
afghanistan,1996,1994900000
afghanistan,1997,1872000000
afghanistan,1998,1756700000
afghanistan,1999,1595000000
afghanistan,2000,2013200000
afghanistan,2001,1927800000
afghanistan,2002,1849800000
afghanistan,2003,2028000000
afghanistan,2004,1862400000
afghanistan,2005,2272600000
afghanistan,2006,2462200000
afghanistan,2007,3504400000
afghanistan,2008,3003000000
afghanistan,2009,3934800000
afghanistan,2010,4493100000
afghanistan,2011,5211100000
afghanistan,2012,5462800000
afghanistan,2013,5382100000
afghanistan,2014,5189000000
afghanistan,2015,4532800000
afghanistan,2016,4719600000
afghanistan,2017,4839100000
afghanistan,2018,4325500000
afghanistan,2019,5028400000
afghanistan,2020,5990000000
afghanistan,2021,5093700000
afghanistan,2022,4777200000
albania,1970,864790000
albania,1971,889760000
albania,1972,915350000
albania,1973,941150000
albania,1974,969060000
albania,1975,996630000
albania,1976,1023000000
albania,1977,1057900000
albania,1978,1084100000
albania,1979,896900000
albania,1980,835440000
albania,1981,833340000
albania,1982,839210000
albania,1983,912580000
albania,1984,874480000
albania,1985,933660000
albania,1986,946140000
albania,1987,916600000
albania,1988,899730000
albania,1989,1102600000
albania,1990,893980000
albania,1991,702680000
albania,1992,851650000
albania,1993,962500000
albania,1994,1064700000
albania,1995,1353000000
albania,1996,1165000000
albania,1997,701730000
albania,1998,735430000
albania,1999,835020000
albania,2000,854990000
albania,2001,892040000
albania,2002,959390000
albania,2003,1222300000
albania,2004,1474000000
albania,2005,1517400000
albania,2006,1575400000
albania,2007,1831500000
albania,2008,2168800000
albania,2009,2022800000
albania,2010,2141600000
albania,2011,2349600000
albania,2012,2312000000
albania,2013,2499700000
albania,2014,2644300000
albania,2015,2252400000
albania,2016,2354500000
albania,2017,2476600000
albania,2018,2793300000
albania,2019,2832300000
albania,2020,2915100000
albania,2021,3291700000
albania,2022,3522800000
algeria,1961,433780000
algeria,1962,361490000
algeria,1963,415710000
algeria,1964,379560000
algeria,1965,451850000
algeria,1966,314330000
algeria,1967,392910000
algeria,1968,471500000
algeria,1969,432200000
algeria,1970,683790000
algeria,1971,740680000
algeria,1972,877590000
algeria,1973,957230000
algeria,1974,1137400000
algeria,1975,1748700000
algeria,1976,1774800000
algeria,1977,1795200000
algeria,1978,2362300000
algeria,1979,2827900000
algeria,1980,3402300000
algeria,1981,3804700000
algeria,1982,3543600000
algeria,1983,3503700000
algeria,1984,3707500000
algeria,1985,4839500000
algeria,1986,5645900000
algeria,1987,6621900000
algeria,1988,6624800000
algeria,1989,6856000000
algeria,1990,7074600000
algeria,1991,4774900000
algeria,1992,5941400000
algeria,1993,5673500000
algeria,1994,4196200000
algeria,1995,4166400000
algeria,1996,5127100000
algeria,1997,4249000000
algeria,1998,5587200000
algeria,1999,5458100000
algeria,2000,4647000000
algeria,2001,5392200000
algeria,2002,5290000000
algeria,2003,6657800000
algeria,2004,8055800000
algeria,2005,7937300000
algeria,2006,8827500000
algeria,2007,10219000000
algeria,2008,11263000000
algeria,2009,12820000000
algeria,2010,13649000000
algeria,2011,16222000000
algeria,2012,18336000000
algeria,2013,20663000000
algeria,2014,21993000000
algeria,2015,19218000000
algeria,2016,19556000000
algeria,2017,19996000000
algeria,2018,20769000000
algeria,2019,21190000000
algeria,2020,20089000000
algeria,2021,19904000000
algeria,2022,24499000000
andorra,1970,395270
andorra,1971,449520
andorra,1972,570240
andorra,1973,758430
andorra,1974,937970
andorra,1975,1106600
andorra,1976,1142800
andorra,1977,1277200
andorra,1978,1548900
andorra,1979,2068700
andorra,1980,2243700
andorra,1981,1956300
andorra,1982,1891200
andorra,1983,1648800
andorra,1984,1656000
andorra,1985,1742800
andorra,1986,2430800
andorra,1987,3080100
andorra,1988,3622400
andorra,1989,3942500
andorra,1990,5219000
andorra,1991,5675700
andorra,1992,6069700
andorra,1993,4969200
andorra,1994,4711500
andorra,1995,6661700
andorra,1996,6616500
andorra,1997,5265500
andorra,1998,5482600
andorra,1999,3856800
andorra,2000,7389000
andorra,2001,6836600
andorra,2002,6776100
andorra,2003,9898000
andorra,2004,12007000
andorra,2005,12026000
andorra,2006,12219000
andorra,2007,14576000
andorra,2008,16626000
andorra,2009,15392000
andorra,2010,16079000
andorra,2011,17780000
andorra,2012,19170000
andorra,2013,18695000
andorra,2014,17566000
andorra,2015,14318000
andorra,2016,15110000
andorra,2017,16787000
andorra,2018,17584000
andorra,2019,16490000
andorra,2020,16173000
andorra,2021,17682000
andorra,2022,16458000
angola,1970,524020000
angola,1971,567550000
angola,1972,591440000
angola,1973,693460000
angola,1974,787170000
angola,1975,587030000
angola,1976,578550000
angola,1977,601640000
angola,1978,701920000
angola,1979,768770000
angola,1980,1002700000
angola,1981,935890000
angola,1982,935890000
angola,1983,1002700000
angola,1984,1103000000
angola,1985,1236700000
angola,1986,1203300000
angola,1987,1270100000
angola,1988,1671200000
angola,1989,2373200000
angola,1990,2440000000
angola,1991,3920300000
angola,1992,2660900000
angola,1993,1556300000
angola,1994,921180000
angola,1995,483150000
angola,1996,613150000
angola,1997,922280000
angola,1998,1112600000
angola,1999,517460000
angola,2000,691560000
angola,2001,974570000
angola,2002,892610000
angola,2003,1104100000
angola,2004,1472200000
angola,2005,1870900000
angola,2006,2719200000
angola,2007,3421400000
angola,2008,4254600000
angola,2009,4655200000
angola,2010,5179100000
angola,2011,6534900000
angola,2012,7772300000
angola,2013,8896400000
angola,2014,10997000000
angola,2015,10600000000
angola,2016,9941700000
angola,2017,12233000000
angola,2018,8724200000
angola,2019,6553400000
angola,2020,5452800000
angola,2021,8101400000
angola,2022,15565000000
antigua_and_barbuda,1970,1364800
antigua_and_barbuda,1971,1659900
antigua_and_barbuda,1972,2355700
antigua_and_barbuda,1973,3040400
antigua_and_barbuda,1974,3377500
antigua_and_barbuda,1975,3933700
antigua_and_barbuda,1976,3706400
antigua_and_barbuda,1977,3819800
antigua_and_barbuda,1978,3995400
antigua_and_barbuda,1979,3929600
antigua_and_barbuda,1980,4017400
antigua_and_barbuda,1981,4302800
antigua_and_barbuda,1982,4324700
antigua_and_barbuda,1983,4785700
antigua_and_barbuda,1984,4236900
antigua_and_barbuda,1985,5093100
antigua_and_barbuda,1986,5400400
antigua_and_barbuda,1987,6432200
antigua_and_barbuda,1988,7046900
antigua_and_barbuda,1989,7487200
antigua_and_barbuda,1990,8181900
antigua_and_barbuda,1991,8575800
antigua_and_barbuda,1992,9000400
antigua_and_barbuda,1993,9341100
antigua_and_barbuda,1994,9292600
antigua_and_barbuda,1995,9485000
antigua_and_barbuda,1996,10238000
antigua_and_barbuda,1997,11700000
antigua_and_barbuda,1998,12131000
antigua_and_barbuda,1999,12777000
antigua_and_barbuda,2000,13196000
antigua_and_barbuda,2001,12915000
antigua_and_barbuda,2002,14096000
antigua_and_barbuda,2003,14970000
antigua_and_barbuda,2004,14804000
antigua_and_barbuda,2005,17967000
antigua_and_barbuda,2006,19126000
antigua_and_barbuda,2007,21081000
antigua_and_barbuda,2008,21204000
antigua_and_barbuda,2009,18322000
antigua_and_barbuda,2010,18763000
antigua_and_barbuda,2011,21993000
antigua_and_barbuda,2012,22785000
antigua_and_barbuda,2013,23837000
antigua_and_barbuda,2014,20693000
antigua_and_barbuda,2015,21552000
antigua_and_barbuda,2016,22522000
antigua_and_barbuda,2017,26333000
antigua_and_barbuda,2018,27878000
antigua_and_barbuda,2019,29252000
antigua_and_barbuda,2020,30337000
antigua_and_barbuda,2021,30970000
antigua_and_barbuda,2022,32644000
argentina,1965,3657600000
argentina,1966,2942900000
argentina,1967,2420900000
argentina,1968,2570000000
argentina,1969,2871100000
argentina,1970,2651100000
argentina,1971,3740400000
argentina,1972,3643100000
argentina,1973,4371000000
argentina,1974,4222700000
argentina,1975,2940500000
argentina,1976,3849000000
argentina,1977,4412200000
argentina,1978,4146800000
argentina,1979,5014900000
argentina,1980,4499900000
argentina,1981,4755200000
argentina,1982,7240900000
argentina,1983,7068400000
argentina,1984,7201200000
argentina,1985,6322700000
argentina,1986,7759000000
argentina,1987,8274900000
argentina,1988,10703000000
argentina,1989,6923100000
argentina,1990,10788000000
argentina,1991,12237000000
argentina,1992,12877000000
argentina,1993,11426000000
argentina,1994,12306000000
argentina,1995,12977000000
argentina,1996,14351000000
argentina,1997,14375000000
argentina,1998,14761000000
argentina,1999,11881000000
argentina,2000,12502000000
argentina,2001,11539000000
argentina,2002,9785200000
argentina,2003,12575000000
argentina,2004,13877000000
argentina,2005,15927000000
argentina,2006,16256000000
argentina,2007,21594000000
argentina,2008,26761000000
argentina,2009,17738000000
argentina,2010,30418000000
argentina,2011,37104000000
argentina,2012,33617000000
argentina,2013,37124000000
argentina,2014,38064000000
argentina,2015,33256000000
argentina,2016,34927000000
argentina,2017,33672000000
argentina,2018,23816000000
argentina,2019,23814000000
argentina,2020,24522000000
argentina,2021,35648000000
argentina,2022,41907000000
armenia,1992,354350000
armenia,1993,570830000
armenia,1994,511910000
armenia,1995,523030000
armenia,1996,555150000
armenia,1997,481740000
armenia,1998,583130000
armenia,1999,497200000
armenia,2000,443590000
armenia,2001,542300000
armenia,2002,557450000
armenia,2003,604130000
armenia,2004,808810000
armenia,2005,934770000
armenia,2006,1193600000
armenia,2007,1678300000
armenia,2008,1899800000
armenia,2009,1460900000
armenia,2010,1574800000
armenia,2011,2062200000
armenia,2012,1902200000
armenia,2013,2050200000
armenia,2014,2098100000
armenia,2015,1817600000
armenia,2016,1728600000
armenia,2017,1728500000
armenia,2018,1736900000
armenia,2019,1569700000
armenia,2020,1434800000
armenia,2021,1574400000
armenia,2022,2024200000
australia,1970,2600900000
australia,1971,2984200000
australia,1972,4280600000
australia,1973,6952600000
australia,1974,6145300000
australia,1975,5757100000
australia,1976,5989900000
australia,1977,5321000000
australia,1978,8780800000
australia,1979,9886100000
australia,1980,9657100000
australia,1981,10252000000
australia,1982,7143000000
australia,1983,9888100000
australia,1984,9702300000
australia,1985,7630300000
australia,1986,7884500000
australia,1987,9919900000
australia,1988,13062000000
australia,1989,13420000000
australia,1990,10281000000
australia,1991,10033000000
australia,1992,10611000000
australia,1993,10592000000
australia,1994,10911000000
australia,1995,13249000000
australia,1996,14068000000
australia,1997,13246000000
australia,1998,11905000000
australia,1999,13298000000
australia,2000,14342000000
australia,2001,15435000000
australia,2002,12599000000
australia,2003,17157000000
australia,2004,19641000000
australia,2005,20847000000
australia,2006,18091000000
australia,2007,23118000000
australia,2008,24348000000
australia,2009,22425000000
australia,2010,29830000000
australia,2011,35107000000
australia,2012,36379000000
australia,2013,34290000000
australia,2014,34788000000
australia,2015,29964000000
australia,2016,35365000000
australia,2017,34736000000
australia,2018,30787000000
australia,2019,27720000000
australia,2020,33068000000
australia,2021,46894000000
australia,2022,42343000000
austria,1970,1070600000
austria,1971,1086400000
austria,1972,1318700000
austria,1973,1729900000
austria,1974,1910800000
austria,1975,2050200000
austria,1976,2193600000
austria,1977,2273300000
austria,1978,2739300000
austria,1979,3171300000
austria,1980,3550000000
austria,1981,2817800000
austria,1982,2598600000
austria,1983,2460800000
austria,1984,2435400000
austria,1985,2175400000
austria,1986,3195800000
austria,1987,3970400000
austria,1988,4064600000
austria,1989,4008500000
austria,1990,5155700000
austria,1991,4885700000
austria,1992,4785800000
austria,1993,4196600000
austria,1994,4827200000
austria,1995,5203400000
austria,1996,4703700000
austria,1997,4054600000
austria,1998,3914100000
austria,1999,3740300000
austria,2000,3241900000
austria,2001,3296900000
austria,2002,3334800000
austria,2003,3904200000
austria,2004,4443000000
austria,2005,3979300000
austria,2006,4378500000
austria,2007,5505100000
austria,2008,5775700000
austria,2009,4589000000
austria,2010,4966600000
austria,2011,6043900000
austria,2012,5521300000
austria,2013,5396200000
austria,2014,5307200000
austria,2015,4313700000
austria,2016,4392100000
austria,2017,5051100000
austria,2018,5144100000
austria,2019,4679000000
austria,2020,4646700000
austria,2021,5840800000
austria,2022,6517500000
azerbaijan,1992,1408400000
azerbaijan,1993,1142700000
azerbaijan,1994,1115200000
azerbaijan,1995,780810000
azerbaijan,1996,792910000
azerbaijan,1997,797520000
azerbaijan,1998,806980000
azerbaijan,1999,842900000
azerbaijan,2000,848120000
azerbaijan,2001,846870000
azerbaijan,2002,870220000
azerbaijan,2003,904140000
azerbaijan,2004,953810000
azerbaijan,2005,1203600000
azerbaijan,2006,1487900000
azerbaijan,2007,2215300000
azerbaijan,2008,2733600000
azerbaijan,2009,2711600000
azerbaijan,2010,2921100000
azerbaijan,2011,3347500000
azerbaijan,2012,3581400000
azerbaijan,2013,3979700000
azerbaijan,2014,4002300000
azerbaijan,2015,3278900000
azerbaijan,2016,2122400000
azerbaijan,2017,2291500000
azerbaijan,2018,2455700000
azerbaijan,2019,2743600000
azerbaijan,2020,2877100000
azerbaijan,2021,3139300000
azerbaijan,2022,3750800000
bahamas,1970,15263000
bahamas,1971,15816000
bahamas,1972,17013000
bahamas,1973,19460000
bahamas,1974,23589000
bahamas,1975,22007000
bahamas,1976,24282000
bahamas,1977,25821000
bahamas,1978,30032000
bahamas,1979,36446000
bahamas,1980,43560000
bahamas,1981,45770000
bahamas,1982,51575000
bahamas,1983,56150000
bahamas,1984,62028000
bahamas,1985,62972000
bahamas,1986,64761000
bahamas,1987,71918000
bahamas,1988,66188000
bahamas,1989,61612000
bahamas,1990,69914000
bahamas,1991,88218000
bahamas,1992,82817000
bahamas,1993,76115000
bahamas,1994,87218000
bahamas,1995,97220000
bahamas,1996,93669000
bahamas,1997,98900000
bahamas,1998,94200000
bahamas,1999,97400000
bahamas,2000,108600000
bahamas,2001,99700000
bahamas,2002,134400000
bahamas,2003,119500000
bahamas,2004,105200000
bahamas,2005,104700000
bahamas,2006,119000000
bahamas,2007,116100000
bahamas,2008,109800000
bahamas,2009,90800000
bahamas,2010,110800000
bahamas,2011,110000000
bahamas,2012,114990000
bahamas,2013,97157000
bahamas,2014,93358000
bahamas,2015,96536000
bahamas,2016,104220000
bahamas,2017,95940000
bahamas,2018,88283000
bahamas,2019,81222000
bahamas,2020,80710000
bahamas,2021,54981000
bahamas,2022,73864000
bahrain,1970,3467700
bahrain,1971,3749500
bahrain,1972,4775700
bahrain,1973,6655300
bahrain,1974,9335400
bahrain,1975,10029000
bahrain,1976,12891000
bahrain,1977,19095000
bahrain,1978,21692000
bahrain,1979,25736000
bahrain,1980,28556000
bahrain,1981,33153000
bahrain,1982,36418000
bahrain,1983,40688000
bahrain,1984,41190000
bahrain,1985,41190000
bahrain,1986,41190000
bahrain,1987,40186000
bahrain,1988,38427000
bahrain,1989,39683000
bahrain,1990,35916000
bahrain,1991,36920000
bahrain,1992,41692000
bahrain,1993,46726000
bahrain,1994,46173000
bahrain,1995,49940000
bahrain,1996,56287000
bahrain,1997,53467000
bahrain,1998,54652000
bahrain,1999,56190000
bahrain,2000,57759000
bahrain,2001,56410000
bahrain,2002,54623000
bahrain,2003,58176000
bahrain,2004,51341000
bahrain,2005,51565000
bahrain,2006,49723000
bahrain,2007,63519000
bahrain,2008,68088000
bahrain,2009,77368000
bahrain,2010,76536000
bahrain,2011,83703000
bahrain,2012,84789000
bahrain,2013,89419000
bahrain,2014,100130000
bahrain,2015,98193000
bahrain,2016,107080000
bahrain,2017,103110000
bahrain,2018,108890000
bahrain,2019,108700000
bahrain,2020,108640000
bahrain,2021,109700000
bahrain,2022,129320000
bangladesh,1961,2793600000
bangladesh,1962,2897300000
bangladesh,1963,3039900000
bangladesh,1964,2873800000
bangladesh,1965,3119800000
bangladesh,1966,3474000000
bangladesh,1967,4051300000
bangladesh,1968,4007900000
bangladesh,1969,4694000000
bangladesh,1970,2437200000
bangladesh,1971,2052200000
bangladesh,1972,2669500000
bangladesh,1973,2764500000
bangladesh,1974,3399500000
bangladesh,1975,4136600000
bangladesh,1976,3875900000
bangladesh,1977,3763800000
bangladesh,1978,4986600000
bangladesh,1979,5444500000
bangladesh,1980,5680700000
bangladesh,1981,5725300000
bangladesh,1982,5135200000
bangladesh,1983,5188600000
bangladesh,1984,6352400000
bangladesh,1985,6595400000
bangladesh,1986,6729900000
bangladesh,1987,7713200000
bangladesh,1988,7928900000
bangladesh,1989,8260500000
bangladesh,1990,8540700000
bangladesh,1991,8922600000
bangladesh,1992,8713500000
bangladesh,1993,8010100000
bangladesh,1994,8326500000
bangladesh,1995,9592400000
bangladesh,1996,9807200000
bangladesh,1997,10181000000
bangladesh,1998,10449000000
bangladesh,1999,11302000000
bangladesh,2000,11194000000
bangladesh,2001,10579000000
bangladesh,2002,10348000000
bangladesh,2003,10844000000
bangladesh,2004,11292000000
bangladesh,2005,11134000000
bangladesh,2006,12619000000
bangladesh,2007,14412000000
bangladesh,2008,16578000000
bangladesh,2009,18209000000
bangladesh,2010,20575000000
bangladesh,2011,22248000000
bangladesh,2012,22658000000
bangladesh,2013,26201000000
bangladesh,2014,29677000000
bangladesh,2015,32560000000
bangladesh,2016,35536000000
bangladesh,2017,37441000000
bangladesh,2018,39463000000
bangladesh,2019,41851000000
bangladesh,2020,44826000000
bangladesh,2021,48266000000
bangladesh,2022,48562000000
barbados,1970,15338000
barbados,1971,14781000
barbados,1972,17741000
barbados,1973,23063000
barbados,1974,29158000
barbados,1975,40477000
barbados,1976,33561000
barbados,1977,40072000
barbados,1978,40072000
barbados,1979,48025000
barbados,1980,66554000
barbados,1981,56328000
barbados,1982,53357000
barbados,1983,59212000
barbados,1984,60829000
barbados,1985,60305000
barbados,1986,63932000
barbados,1987,74988000
barbados,1988,75556000
barbados,1989,65636000
barbados,1990,69700000
barbados,1991,70250000
barbados,1992,67250000
barbados,1993,66800000
barbados,1994,52800000
barbados,1995,71400000
barbados,1996,79250000
barbados,1997,67150000
barbados,1998,56500000
barbados,1999,69300000
barbados,2000,61050000
barbados,2001,64700000
barbados,2002,58700000
barbados,2003,63500000
barbados,2004,56600000
barbados,2005,60600000
barbados,2006,61286000
barbados,2007,61223000
barbados,2008,56900000
barbados,2009,62900000
barbados,2010,60050000
barbados,2011,55800000
barbados,2012,65050000
barbados,2013,74800000
barbados,2014,74850000
barbados,2015,70950000
barbados,2016,72950000
barbados,2017,75450000
barbados,2018,85800000
barbados,2019,85050000
barbados,2020,91550000
barbados,2021,82450000
barbados,2022,82900000
belarus,1992,3999800000
belarus,1993,2893600000
belarus,1994,2067500000
belarus,1995,2193300000
belarus,1996,2198200000
belarus,1997,1899300000
belarus,1998,1843500000
belarus,1999,1547900000
belarus,2000,1282400000
belarus,2001,1290000000
belarus,2002,1473700000
belarus,2003,1525300000
belarus,2004,2021100000
belarus,2005,2583900000
belarus,2006,3183700000
belarus,2007,3774600000
belarus,2008,5286200000
belarus,2009,4136400000
belarus,2010,5089000000
belarus,2011,4942200000
belarus,2012,5340900000
belarus,2013,5142700000
belarus,2014,5755800000
belarus,2015,3547200000
belarus,2016,3290700000
belarus,2017,4140400000
belarus,2018,3956100000
belarus,2019,4376500000
belarus,2020,4343400000
belarus,2021,4672700000
belarus,2022,5617300000
belgium,1970,982890000
belgium,1971,1073500000
belgium,1972,1540200000
belgium,1973,1900300000
belgium,1974,1706000000
belgium,1975,1981400000
belgium,1976,2180400000
belgium,1977,2118400000
belgium,1978,2658800000
belgium,1979,2721700000
belgium,1980,2874300000
belgium,1981,2519800000
belgium,1982,2289000000
belgium,1983,2302300000
belgium,1984,2089800000
belgium,1985,2054300000
belgium,1986,2776900000
belgium,1987,3184100000
belgium,1988,3347700000
belgium,1989,3879800000
belgium,1990,4114700000
belgium,1991,4179200000
belgium,1992,4279500000
belgium,1993,3808900000
belgium,1994,3890900000
belgium,1995,3763500000
belgium,1996,3708600000
belgium,1997,3388300000
belgium,1998,3246200000
belgium,1999,2778300000
belgium,2000,2777800000
belgium,2001,2624000000
belgium,2002,2656900000
belgium,2003,3267100000
belgium,2004,3770000000
belgium,2005,3241200000
belgium,2006,3700700000
belgium,2007,4174000000
belgium,2008,3670300000
belgium,2009,3105800000
belgium,2010,3679800000
belgium,2011,3386900000
belgium,2012,3876300000
belgium,2013,3553300000
belgium,2014,3410400000
belgium,2015,3172300000
belgium,2016,2989700000
belgium,2017,3343900000
belgium,2018,3276300000
belgium,2019,3590400000
belgium,2020,3574200000
belgium,2021,3854400000
belgium,2022,3732300000
belize,1970,6026100
belize,1971,7879000
belize,1972,10563000
belize,1973,14607000
belize,1974,24261000
belize,1975,28974000
belize,1976,17485000
belize,1977,24547000
belize,1978,27490000
belize,1979,29286000
belize,1980,46598000
belize,1981,44403000
belize,1982,35323000
belize,1983,35922000
belize,1984,38616000
belize,1985,37219000
belize,1986,41110000
belize,1987,54328000
belize,1988,58956000
belize,1989,65415000
belize,1990,73203000
belize,1991,73024000
belize,1992,82382000
belize,1993,84181000
belize,1994,88038000
belize,1995,98088000
belize,1996,100490000
belize,1997,98874000
belize,1998,98865000
belize,1999,110610000
belize,2000,121130000
belize,2001,111450000
belize,2002,114170000
belize,2003,136860000
belize,2004,144850000
belize,2005,143590000
belize,2006,151400000
belize,2007,148300000
belize,2008,144880000
belize,2009,144240000
belize,2010,152970000
belize,2011,162350000
belize,2012,198880000
belize,2013,205130000
belize,2014,217660000
belize,2015,210840000
belize,2016,172530000
belize,2017,194020000
belize,2018,163630000
belize,2019,155950000
belize,2020,170950000
belize,2021,191620000
belize,2022,220240000
benin,1961,108860000
benin,1962,105710000
benin,1963,111010000
benin,1964,122840000
benin,1965,129360000
benin,1966,136760000
benin,1967,128860000
benin,1968,126840000
benin,1969,127330000
benin,1970,98109000
benin,1971,103890000
benin,1972,128350000
benin,1973,153710000
benin,1974,148130000
benin,1975,172740000
benin,1976,213480000
benin,1977,230600000
benin,1978,307590000
benin,1979,370060000
benin,1980,436800000
benin,1981,405320000
benin,1982,415930000
benin,1983,367160000
benin,1984,354040000
benin,1985,337420000
benin,1986,454210000
benin,1987,524970000
benin,1988,569240000
benin,1989,560590000
benin,1990,690660000
benin,1991,707840000
benin,1992,775060000
benin,1993,789130000
benin,1994,356610000
benin,1995,502910000
benin,1996,671070000
benin,1997,707660000
benin,1998,870400000
benin,1999,901890000
benin,2000,826590000
benin,2001,917520000
benin,2002,1059600000
benin,2003,1305200000
benin,2004,1638800000
benin,2005,1752200000
benin,2006,1940800000
benin,2007,2200400000
benin,2008,2615100000
benin,2009,2616800000
benin,2010,2461600000
benin,2011,2754900000
benin,2012,2871200000
benin,2013,3163000000
benin,2014,3398800000
benin,2015,3003300000
benin,2016,3280800000
benin,2017,3618600000
benin,2018,4002700000
benin,2019,3867900000
benin,2020,4252500000
benin,2021,5046100000
benin,2022,4679200000
bhutan,1970,26446000
bhutan,1971,28407000
bhutan,1972,30019000
bhutan,1973,33732000
bhutan,1974,39814000
bhutan,1975,37149000
bhutan,1976,37697000
bhutan,1977,42253000
bhutan,1978,40067000
bhutan,1979,44354000
bhutan,1980,57672000
bhutan,1981,59142000
bhutan,1982,61834000
bhutan,1983,68339000
bhutan,1984,69975000
bhutan,1985,72933000
bhutan,1986,82830000
bhutan,1987,90126000
bhutan,1988,101160000
bhutan,1989,95396000
bhutan,1990,101610000
bhutan,1991,81178000
bhutan,1992,83065000
bhutan,1993,73009000
bhutan,1994,89859000
bhutan,1995,92590000
bhutan,1996,94898000
bhutan,1997,110640000
bhutan,1998,108250000
bhutan,1999,111350000
bhutan,2000,117700000
bhutan,2001,121830000
bhutan,2002,137040000
bhutan,2003,151690000
bhutan,2004,168480000
bhutan,2005,160980000
bhutan,2006,169440000
bhutan,2007,195540000
bhutan,2008,201130000
bhutan,2009,199790000
bhutan,2010,228840000
bhutan,2011,254050000
bhutan,2012,248740000
bhutan,2013,247470000
bhutan,2014,276800000
bhutan,2015,280380000
bhutan,2016,291670000
bhutan,2017,335060000
bhutan,2018,350070000
bhutan,2019,353830000
bhutan,2020,385920000
bhutan,2021,437200000
bhutan,2022,425240000
bolivia_plurinational_state_of,1970,168350000
bolivia_plurinational_state_of,1971,252530000
bolivia_plurinational_state_of,1972,225650000
bolivia_plurinational_state_of,1973,249880000
bolivia_plurinational_state_of,1974,449780000
bolivia_plurinational_state_of,1975,499750000
bolivia_plurinational_state_of,1976,549730000
bolivia_plurinational_state_of,1977,552580000
bolivia_plurinational_state_of,1978,563350000
bolivia_plurinational_state_of,1979,581810000
bolivia_plurinational_state_of,1980,539550000
bolivia_plurinational_state_of,1981,626150000
bolivia_plurinational_state_of,1982,566280000
bolivia_plurinational_state_of,1983,654830000
bolivia_plurinational_state_of,1984,724560000
bolivia_plurinational_state_of,1985,647320000
bolivia_plurinational_state_of,1986,592380000
bolivia_plurinational_state_of,1987,617020000
bolivia_plurinational_state_of,1988,723450000
bolivia_plurinational_state_of,1989,719810000
bolivia_plurinational_state_of,1990,747350000
bolivia_plurinational_state_of,1991,830450000
bolivia_plurinational_state_of,1992,812950000
bolivia_plurinational_state_of,1993,840020000
bolivia_plurinational_state_of,1994,911790000
bolivia_plurinational_state_of,1995,997830000
bolivia_plurinational_state_of,1996,1049200000
bolivia_plurinational_state_of,1997,1182400000
bolivia_plurinational_state_of,1998,1072800000
bolivia_plurinational_state_of,1999,1098400000
bolivia_plurinational_state_of,2000,1088900000
bolivia_plurinational_state_of,2001,1079200000
bolivia_plurinational_state_of,2002,1024200000
bolivia_plurinational_state_of,2003,1085200000
bolivia_plurinational_state_of,2004,1168800000
bolivia_plurinational_state_of,2005,1126100000
bolivia_plurinational_state_of,2006,1252600000
bolivia_plurinational_state_of,2007,1313500000
bolivia_plurinational_state_of,2008,1741200000
bolivia_plurinational_state_of,2009,1933800000
bolivia_plurinational_state_of,2010,2041600000
bolivia_plurinational_state_of,2011,2341100000
bolivia_plurinational_state_of,2012,2657600000
bolivia_plurinational_state_of,2013,3055800000
bolivia_plurinational_state_of,2014,3213900000
bolivia_plurinational_state_of,2015,3379100000
bolivia_plurinational_state_of,2016,3791900000
bolivia_plurinational_state_of,2017,4347000000
bolivia_plurinational_state_of,2018,4625800000
bolivia_plurinational_state_of,2019,4998100000
bolivia_plurinational_state_of,2020,5128500000
bolivia_plurinational_state_of,2021,5221700000
bolivia_plurinational_state_of,2022,5487300000
bosnia_and_herzegovina,1992,883670000
bosnia_and_herzegovina,1993,696100000
bosnia_and_herzegovina,1994,517040000
bosnia_and_herzegovina,1995,359200000
bosnia_and_herzegovina,1996,571940000
bosnia_and_herzegovina,1997,664600000
bosnia_and_herzegovina,1998,676850000
bosnia_and_herzegovina,1999,603910000
bosnia_and_herzegovina,2000,501180000
bosnia_and_herzegovina,2001,529050000
bosnia_and_herzegovina,2002,597030000
bosnia_and_herzegovina,2003,688840000
bosnia_and_herzegovina,2004,871790000
bosnia_and_herzegovina,2005,931200000
bosnia_and_herzegovina,2006,1036200000
bosnia_and_herzegovina,2007,1215700000
bosnia_and_herzegovina,2008,1377500000
bosnia_and_herzegovina,2009,1246500000
bosnia_and_herzegovina,2010,1167400000
bosnia_and_herzegovina,2011,1259900000
bosnia_and_herzegovina,2012,1057300000
bosnia_and_herzegovina,2013,1243700000
bosnia_and_herzegovina,2014,1104400000
bosnia_and_herzegovina,2015,990420000
bosnia_and_herzegovina,2016,1055400000
bosnia_and_herzegovina,2017,995310000
bosnia_and_herzegovina,2018,1171400000
bosnia_and_herzegovina,2019,1116300000
bosnia_and_herzegovina,2020,1196300000
bosnia_and_herzegovina,2021,1188200000
bosnia_and_herzegovina,2022,1182900000
botswana,1961,13795000
botswana,1962,14498000
botswana,1963,15132000
botswana,1964,16051000
botswana,1965,15496000
botswana,1966,20223000
botswana,1967,24198000
botswana,1968,28940000
botswana,1969,29940000
botswana,1970,26233000
botswana,1971,34593000
botswana,1972,45057000
botswana,1973,66707000
botswana,1974,80363000
botswana,1975,80821000
botswana,1976,75279000
botswana,1977,85742000
botswana,1978,93717000
botswana,1979,99608000
botswana,1980,112180000
botswana,1981,113060000
botswana,1982,97445000
botswana,1983,88422000
botswana,1984,71398000
botswana,1985,52784000
botswana,1986,60390000
botswana,1987,74345000
botswana,1988,101760000
botswana,1989,131280000
botswana,1990,155700000
botswana,1991,156230000
botswana,1992,173470000
botswana,1993,169860000
botswana,1994,159980000
botswana,1995,219390000
botswana,1996,178930000
botswana,1997,177850000
botswana,1998,151710000
botswana,1999,164020000
botswana,2000,161770000
botswana,2001,142200000
botswana,2002,127220000
botswana,2003,191000000
botswana,2004,183490000
botswana,2005,158200000
botswana,2006,172310000
botswana,2007,203590000
botswana,2008,229650000
botswana,2009,240410000
botswana,2010,264250000
botswana,2011,320180000
botswana,2012,322840000
botswana,2013,284510000
botswana,2014,281490000
botswana,2015,263550000
botswana,2016,298020000
botswana,2017,296660000
botswana,2018,360620000
botswana,2019,348470000
botswana,2020,330330000
botswana,2021,335360000
botswana,2022,357960000
brazil,1961,2604800000
brazil,1962,3095500000
brazil,1963,3482100000
brazil,1964,3359600000
brazil,1965,3633400000
brazil,1966,3603500000
brazil,1967,3980900000
brazil,1968,4006300000
brazil,1969,4149000000
brazil,1970,3521400000
brazil,1971,4370200000
brazil,1972,5451800000
brazil,1973,7921700000
brazil,1974,9869400000
brazil,1975,11089000000
brazil,1976,13207000000
brazil,1977,17808000000
brazil,1978,16752000000
brazil,1979,18009000000
brazil,1980,18806000000
brazil,1981,22605000000
brazil,1982,20725000000
brazil,1983,20023000000
brazil,1984,21257000000
brazil,1985,21243000000
brazil,1986,24028000000
brazil,1987,23975000000
brazil,1988,28200000000
brazil,1989,33259000000
brazil,1990,40637000000
brazil,1991,38265000000
brazil,1992,24893000000
brazil,1993,27597000000
brazil,1994,50631000000
brazil,1995,37791000000
brazil,1996,39747000000
brazil,1997,40557000000
brazil,1998,40212000000
brazil,1999,27306000000
brazil,2000,30519000000
brazil,2001,27738000000
brazil,2002,28139000000
brazil,2003,34426000000
brazil,2004,37917000000
brazil,2005,41471000000
brazil,2006,48404000000
brazil,2007,61710000000
brazil,2008,77464000000
brazil,2009,74628000000
brazil,2010,90910000000
brazil,2011,114000000000
brazil,2012,103000000000
brazil,2013,111000000000
brazil,2014,106000000000
brazil,2015,77840000000
brazil,2016,87834000000
brazil,2017,94934000000
brazil,2018,84736000000
brazil,2019,79116000000
brazil,2020,84308000000
brazil,2021,124000000000
brazil,2022,131000000000
brunei_darussalam,1970,925480
brunei_darussalam,1971,1033200
brunei_darussalam,1972,1424600
brunei_darussalam,1973,2171000
brunei_darussalam,1974,6093900
brunei_darussalam,1975,6653800
brunei_darussalam,1976,6590700
brunei_darussalam,1977,7419300
brunei_darussalam,1978,8812200
brunei_darussalam,1979,10690000
brunei_darussalam,1980,13260000
brunei_darussalam,1981,12840000
brunei_darussalam,1982,15219000
brunei_darussalam,1983,15892000
brunei_darussalam,1984,16950000
brunei_darussalam,1985,18082000
brunei_darussalam,1986,17016000
brunei_darussalam,1987,23240000
brunei_darussalam,1988,27257000
brunei_darussalam,1989,30692000
brunei_darussalam,1990,36364000
brunei_darussalam,1991,40449000
brunei_darussalam,1992,43172000
brunei_darussalam,1993,47290000
brunei_darussalam,1994,52380000
brunei_darussalam,1995,58789000
brunei_darussalam,1996,61369000
brunei_darussalam,1997,68404000
brunei_darussalam,1998,61326000
brunei_darussalam,1999,60554000
brunei_darussalam,2000,65727000
brunei_darussalam,2001,67940000
brunei_darussalam,2002,68306000
brunei_darussalam,2003,85668000
brunei_darussalam,2004,94880000
brunei_darussalam,2005,96481000
brunei_darussalam,2006,86610000
brunei_darussalam,2007,90288000
brunei_darussalam,2008,98073000
brunei_darussalam,2009,104300000
brunei_darussalam,2010,100520000
brunei_darussalam,2011,106110000
brunei_darussalam,2012,124800000
brunei_darussalam,2013,123930000
brunei_darussalam,2014,147520000
brunei_darussalam,2015,142650000
brunei_darussalam,2016,137220000
brunei_darussalam,2017,131770000
brunei_darussalam,2018,138060000
brunei_darussalam,2019,132810000
brunei_darussalam,2020,146170000
brunei_darussalam,2021,175960000
brunei_darussalam,2022,182860000
bulgaria,1970,1474900000
bulgaria,1971,1457200000
bulgaria,1972,1704500000
bulgaria,1973,2036000000
bulgaria,1974,2205800000
bulgaria,1975,1950500000
bulgaria,1976,2083200000
bulgaria,1977,2085700000
bulgaria,1978,2304100000
bulgaria,1979,1584900000
bulgaria,1980,1638600000
bulgaria,1981,2169600000
bulgaria,1982,2435700000
bulgaria,1983,2206700000
bulgaria,1984,2581600000
bulgaria,1985,2052600000
bulgaria,1986,2375300000
bulgaria,1987,2356800000
bulgaria,1988,2629800000
bulgaria,1989,2523700000
bulgaria,1990,3984200000
bulgaria,1991,1231900000
bulgaria,1992,1048700000
bulgaria,1993,1129100000
bulgaria,1994,1170400000
bulgaria,1995,1750800000
bulgaria,1996,1179400000
bulgaria,1997,2317200000
bulgaria,1998,2015900000
bulgaria,1999,1767200000
bulgaria,2000,1453100000
bulgaria,2001,1503900000
bulgaria,2002,1592800000
bulgaria,2003,1923200000
bulgaria,2004,2210900000
bulgaria,2005,2175500000
bulgaria,2006,2095900000
bulgaria,2007,2066800000
bulgaria,2008,3197900000
bulgaria,2009,2203600000
bulgaria,2010,2044000000
bulgaria,2011,2688700000
bulgaria,2012,2405400000
bulgaria,2013,2520500000
bulgaria,2014,2602200000
bulgaria,2015,2062100000
bulgaria,2016,2186800000
bulgaria,2017,2392300000
bulgaria,2018,2246100000
bulgaria,2019,2233800000
bulgaria,2020,2450300000
bulgaria,2021,3670800000
bulgaria,2022,3483400000
burkina_faso,1961,134170000
burkina_faso,1962,143700000
burkina_faso,1963,151680000
burkina_faso,1964,158720000
burkina_faso,1965,149780000
burkina_faso,1966,157360000
burkina_faso,1967,150610000
burkina_faso,1968,145470000
burkina_faso,1969,153140000
burkina_faso,1970,125270000
burkina_faso,1971,122070000
burkina_faso,1972,174880000
burkina_faso,1973,187710000
burkina_faso,1974,210920000
burkina_faso,1975,272780000
burkina_faso,1976,242030000
burkina_faso,1977,301990000
burkina_faso,1978,404830000
burkina_faso,1979,493020000
burkina_faso,1980,528570000
burkina_faso,1981,508870000
burkina_faso,1982,450960000
burkina_faso,1983,412670000
burkina_faso,1984,388650000
burkina_faso,1985,492560000
burkina_faso,1986,559290000
burkina_faso,1987,616760000
burkina_faso,1988,698660000
burkina_faso,1989,676080000
burkina_faso,1990,811050000
burkina_faso,1991,873960000
burkina_faso,1992,904950000
burkina_faso,1993,905070000
burkina_faso,1994,584290000
burkina_faso,1995,739510000
burkina_faso,1996,880370000
burkina_faso,1997,772630000
burkina_faso,1998,959530000
burkina_faso,1999,923400000
burkina_faso,2000,737700000
burkina_faso,2001,858110000
burkina_faso,2002,950810000
burkina_faso,2003,1228000000
burkina_faso,2004,1272400000
burkina_faso,2005,1644800000
burkina_faso,2006,1650400000
burkina_faso,2007,1663200000
burkina_faso,2008,2571200000
burkina_faso,2009,2184200000
burkina_faso,2010,2438400000
burkina_faso,2011,2780100000
burkina_faso,2012,2984200000
burkina_faso,2013,3177500000
burkina_faso,2014,3299200000
burkina_faso,2015,2675900000
burkina_faso,2016,2786700000
burkina_faso,2017,2904000000
burkina_faso,2018,3336500000
burkina_faso,2019,2877400000
burkina_faso,2020,3393800000
burkina_faso,2021,3532900000
burkina_faso,2022,3931000000
burundi,1970,155060000
burundi,1971,159300000
burundi,1972,146080000
burundi,1973,188070000
burundi,1974,205450000
burundi,1975,250850000
burundi,1976,260210000
burundi,1977,292770000
burundi,1978,310950000
burundi,1979,399250000
burundi,1980,531940000
burundi,1981,559650000
burundi,1982,534230000
burundi,1983,578020000
burundi,1984,537950000
burundi,1985,641920000
burundi,1986,629510000
burundi,1987,570130000
burundi,1988,518910000
burundi,1989,520640000
burundi,1990,587440000
burundi,1991,579700000
burundi,1992,523380000
burundi,1993,452710000
burundi,1994,435390000
burundi,1995,420350000
burundi,1996,433520000
burundi,1997,471280000
burundi,1998,376500000
burundi,1999,327870000
burundi,2000,255290000
burundi,2001,235920000
burundi,2002,229060000
burundi,2003,189620000
burundi,2004,331100000
burundi,2005,456320000
burundi,2006,517470000
burundi,2007,473780000
burundi,2008,612580000
burundi,2009,654330000
burundi,2010,780960000
burundi,2011,820640000
burundi,2012,826470000
burundi,2013,940620000
burundi,2014,945900000
burundi,2015,990650000
burundi,2016,1041800000
burundi,2017,1233500000
burundi,2018,1172800000
burundi,2019,1149800000
burundi,2020,1169100000
burundi,2021,1269300000
burundi,2022,1315600000
cabo_verde,1970,13223000
cabo_verde,1971,14971000
cabo_verde,1972,16890000
cabo_verde,1973,20683000
cabo_verde,1974,20483000
cabo_verde,1975,24775000
cabo_verde,1976,23155000
cabo_verde,1977,21010000
cabo_verde,1978,23363000
cabo_verde,1979,24257000
cabo_verde,1980,35531000
cabo_verde,1981,29604000
cabo_verde,1982,23809000
cabo_verde,1983,22469000
cabo_verde,1984,21065000
cabo_verde,1985,24076000
cabo_verde,1986,34974000
cabo_verde,1987,55867000
cabo_verde,1988,62947000
cabo_verde,1989,58347000
cabo_verde,1990,59533000
cabo_verde,1991,57780000
cabo_verde,1992,56802000
cabo_verde,1993,67040000
cabo_verde,1994,70520000
cabo_verde,1995,89867000
cabo_verde,1996,84305000
cabo_verde,1997,77232000
cabo_verde,1998,77050000
cabo_verde,1999,109010000
cabo_verde,2000,93615000
cabo_verde,2001,79252000
cabo_verde,2002,79661000
cabo_verde,2003,96198000
cabo_verde,2004,103090000
cabo_verde,2005,96559000
cabo_verde,2006,101080000
cabo_verde,2007,100600000
cabo_verde,2008,104250000
cabo_verde,2009,112550000
cabo_verde,2010,106390000
cabo_verde,2011,110450000
cabo_verde,2012,111430000
cabo_verde,2013,118190000
cabo_verde,2014,116990000
cabo_verde,2015,112090000
cabo_verde,2016,116790000
cabo_verde,2017,107330000
cabo_verde,2018,99732000
cabo_verde,2019,86743000
cabo_verde,2020,88271000
cabo_verde,2021,94721000
cabo_verde,2022,85380000
cambodia,1970,365300000
cambodia,1971,364660000
cambodia,1972,359740000
cambodia,1973,307540000
cambodia,1974,317640000
cambodia,1975,342460000
cambodia,1976,361380000
cambodia,1977,327430000
cambodia,1978,350270000
cambodia,1979,330600000
cambodia,1980,340650000
cambodia,1981,373090000
cambodia,1982,395270000
cambodia,1983,428010000
cambodia,1984,465970000
cambodia,1985,509230000
cambodia,1986,534730000
cambodia,1987,656780000
cambodia,1988,788230000
cambodia,1989,833030000
cambodia,1990,864810000
cambodia,1991,1026700000
cambodia,1992,1047000000
cambodia,1993,1128400000
cambodia,1994,1263800000
cambodia,1995,1634700000
cambodia,1996,1559200000
cambodia,1997,1530500000
cambodia,1998,1392300000
cambodia,1999,1436900000
cambodia,2000,1317000000
cambodia,2001,1370000000
cambodia,2002,1335300000
cambodia,2003,1491400000
cambodia,2004,1568800000
cambodia,2005,1932600000
cambodia,2006,2186700000
cambodia,2007,2565600000
cambodia,2008,3390400000
cambodia,2009,3483700000
cambodia,2010,3808500000
cambodia,2011,4433500000
cambodia,2012,4711000000
cambodia,2013,4811300000
cambodia,2014,4822300000
cambodia,2015,4797700000
cambodia,2016,4952700000
cambodia,2017,5180900000
cambodia,2018,5409000000
cambodia,2019,5612500000
cambodia,2020,5872200000
cambodia,2021,6159900000
cambodia,2022,6559000000
cameroon,1965,266480000
cameroon,1966,271770000
cameroon,1967,290810000
cameroon,1968,331780000
cameroon,1969,354060000
cameroon,1970,258230000
cameroon,1971,295100000
cameroon,1972,380580000
cameroon,1973,532790000
cameroon,1974,586960000
cameroon,1975,764210000
cameroon,1976,806090000
cameroon,1977,922050000
cameroon,1978,1153400000
cameroon,1979,1430200000
cameroon,1980,1734300000
cameroon,1981,1497700000
cameroon,1982,1358000000
cameroon,1983,1334900000
cameroon,1984,1309300000
cameroon,1985,1387500000
cameroon,1986,1784700000
cameroon,1987,2006000000
cameroon,1988,1972900000
cameroon,1989,1930800000
cameroon,1990,2308000000
cameroon,1991,2510400000
cameroon,1992,2850800000
cameroon,1993,2951000000
cameroon,1994,1745700000
cameroon,1995,2080000000
cameroon,1996,2032600000
cameroon,1997,2046500000
cameroon,1998,2146800000
cameroon,1999,2194200000
cameroon,2000,1909700000
cameroon,2001,2037900000
cameroon,2002,2258200000
cameroon,2003,2784400000
cameroon,2004,3300100000
cameroon,2005,3263500000
cameroon,2006,3264400000
cameroon,2007,3789400000
cameroon,2008,4416900000
cameroon,2009,4559100000
cameroon,2010,4745800000
cameroon,2011,5107900000
cameroon,2012,5023300000
cameroon,2013,5639100000
cameroon,2014,6114200000
cameroon,2015,5539000000
cameroon,2016,5813600000
cameroon,2017,6026600000
cameroon,2018,6595200000
cameroon,2019,6665600000
cameroon,2020,7134000000
cameroon,2021,7667000000
cameroon,2022,7528500000
canada,1970,3667500000
canada,1971,3866000000
canada,1972,4164500000
canada,1973,6401900000
canada,1974,7983700000
canada,1975,8124300000
canada,1976,8613500000
canada,1977,7744100000
canada,1978,8678600000
canada,1979,10030000000
canada,1980,10627000000
canada,1981,12158000000
canada,1982,11467000000
canada,1983,11214000000
canada,1984,11753000000
canada,1985,11969000000
canada,1986,12502000000
canada,1987,12516000000
canada,1988,14159000000
canada,1989,15510000000
canada,1990,15840000000
canada,1991,15572000000
canada,1992,15023000000
canada,1993,15035000000
canada,1994,14784000000
canada,1995,16331000000
canada,1996,17583000000
canada,1997,14011000000
canada,1998,13738000000
canada,1999,14890000000
canada,2000,15568000000
canada,2001,15642000000
canada,2002,15107000000
canada,2003,18372000000
canada,2004,22237000000
canada,2005,22036000000
canada,2006,22415000000
canada,2007,23314000000
canada,2008,27461000000
canada,2009,21305000000
canada,2010,24150000000
canada,2011,31655000000
canada,2012,33125000000
canada,2013,34991000000
canada,2014,28614000000
canada,2015,29096000000
canada,2016,28459000000
canada,2017,31176000000
canada,2018,32333000000
canada,2019,32700000000
canada,2020,30971000000
canada,2021,37556000000
canada,2022,40133000000
central_african_republic,1965,65698000
central_african_republic,1966,62277000
central_african_republic,1967,60569000
central_african_republic,1968,65034000
central_african_republic,1969,63471000
central_african_republic,1970,77830000
central_african_republic,1971,86597000
central_african_republic,1972,102330000
central_african_republic,1973,119770000
central_african_republic,1974,142670000
central_african_republic,1975,172340000
central_african_republic,1976,220190000
central_african_republic,1977,246860000
central_african_republic,1978,294610000
central_african_republic,1979,339940000
central_african_republic,1980,388880000
central_african_republic,1981,357940000
central_african_republic,1982,352580000
central_african_republic,1983,294180000
central_african_republic,1984,282120000
central_african_republic,1985,328760000
central_african_republic,1986,456170000
central_african_republic,1987,461890000
central_african_republic,1988,503340000
central_african_republic,1989,476210000
central_african_republic,1990,566980000
central_african_republic,1991,515490000
central_african_republic,1992,539250000
central_african_republic,1993,487430000
central_african_republic,1994,316770000
central_african_republic,1995,427290000
central_african_republic,1996,439480000
central_african_republic,1997,419170000
central_african_republic,1998,433440000
central_african_republic,1999,419770000
central_african_republic,2000,393550000
central_african_republic,2001,413360000
central_african_republic,2002,438700000
central_african_republic,2003,537740000
central_african_republic,2004,580890000
central_african_republic,2005,606950000
central_african_republic,2006,636900000
central_african_republic,2007,715210000
central_african_republic,2008,820530000
central_african_republic,2009,789330000
central_african_republic,2010,799770000
central_african_republic,2011,914730000
central_african_republic,2012,924140000
central_african_republic,2013,545520000
central_african_republic,2014,643110000
central_african_republic,2015,534240000
central_african_republic,2016,582530000
central_african_republic,2017,679530000
central_african_republic,2018,693860000
central_african_republic,2019,710230000
central_african_republic,2020,744010000
central_african_republic,2021,799040000
central_african_republic,2022,764470000
chad,1961,129370000
chad,1962,137600000
chad,1963,141370000
chad,1964,143530000
chad,1965,149440000
chad,1966,158220000
chad,1967,179500000
chad,1968,179440000
chad,1969,181050000
chad,1970,132190000
chad,1971,144280000
chad,1972,149950000
chad,1973,166260000
chad,1974,193760000
chad,1975,279920000
chad,1976,262580000
chad,1977,266150000
chad,1978,316540000
chad,1979,284420000
chad,1980,295710000
chad,1981,343530000
chad,1982,318050000
chad,1983,358880000
chad,1984,357880000
chad,1985,351300000
chad,1986,400690000
chad,1987,451790000
chad,1988,514970000
chad,1989,478900000
chad,1990,567300000
chad,1991,596910000
chad,1992,612460000
chad,1993,499520000
chad,1994,453920000
chad,1995,524010000
chad,1996,624050000
chad,1997,612480000
chad,1998,703560000
chad,1999,603000000
chad,2000,582840000
chad,2001,711870000
chad,2002,778630000
chad,2003,1243700000
chad,2004,1423100000
chad,2005,1720800000
chad,2006,2045100000
chad,2007,2139100000
chad,2008,2738400000
chad,2009,2974200000
chad,2010,3598000000
chad,2011,3294000000
chad,2012,3654400000
chad,2013,4391600000
chad,2014,4420200000
chad,2015,3867700000
chad,2016,4716500000
chad,2017,5130000000
chad,2018,5741400000
chad,2019,4982800000
chad,2020,5291400000
chad,2021,5438700000
chad,2022,5237600000
chile,1961,454550000
chile,1962,454550000
chile,1963,437500000
chile,1964,478260000
chile,1965,500000000
chile,1966,615380000
chile,1967,568630000
chile,1968,521740000
chile,1969,546510000
chile,1970,510530000
chile,1971,673710000
chile,1972,789530000
chile,1973,872540000
chile,1974,725630000
chile,1975,390950000
chile,1976,684190000
chile,1977,1080500000
chile,1978,962760000
chile,1979,1239500000
chile,1980,1638800000
chile,1981,1758200000
chile,1982,1222000000
chile,1983,943870000
chile,1984,1135700000
chile,1985,1046900000
chile,1986,1305100000
chile,1987,1563800000
chile,1988,1760500000
chile,1989,1966000000
chile,1990,2146200000
chile,1991,2756200000
chile,1992,3313300000
chile,1993,3070300000
chile,1994,3282800000
chile,1995,3924700000
chile,1996,3965400000
chile,1997,4271500000
chile,1998,4195600000
chile,1999,3932100000
chile,2000,3987500000
chile,2001,3201000000
chile,2002,3343900000
chile,2003,3422300000
chile,2004,4052000000
chile,2005,5083200000
chile,2006,6001300000
chile,2007,6441600000
chile,2008,6665900000
chile,2009,6449400000
chile,2010,7902100000
chile,2011,9260700000
chile,2012,8827800000
chile,2013,9414600000
chile,2014,9722800000
chile,2015,8875900000
chile,2016,9997200000
chile,2017,11027000000
chile,2018,11602000000
chile,2019,11093000000
chile,2020,10271000000
chile,2021,11545000000
chile,2022,10657000000
china,1961,17918000000
china,1962,18405000000
china,1963,20209000000
china,1964,22707000000
china,1965,26448000000
china,1966,28524000000
china,1967,29011000000
china,1968,29503000000
china,1969,29905000000
china,1970,32513000000
china,1971,33865000000
china,1972,37184000000
china,1973,46024000000
china,1974,48623000000
china,1975,52683000000
china,1976,50252000000
china,1977,51162000000
china,1978,61030000000
china,1979,81685000000
china,1980,91538000000
china,1981,91485000000
china,1982,93911000000
china,1983,100000000000
china,1984,99826000000
china,1985,87320000000
china,1986,80764000000
china,1987,86857000000
china,1988,104000000000
china,1989,113000000000
china,1990,106000000000
china,1991,100000000000
china,1992,106000000000
china,1993,121000000000
china,1994,111000000000
china,1995,145000000000
china,1996,169000000000
china,1997,174000000000
china,1998,179000000000
china,1999,178000000000
china,2000,181000000000
china,2001,191000000000
china,2002,200000000000
china,2003,210000000000
china,2004,259000000000
china,2005,274000000000
china,2006,302000000000
china,2007,376000000000
china,2008,485000000000
china,2009,516000000000
china,2010,599000000000
china,2011,735000000000
china,2012,830000000000
china,2013,920000000000
china,2014,936000000000
china,2015,961000000000
china,2016,940000000000
china,2017,957000000000
china,2018,1020000000000
china,2019,1070000000000
china,2020,1180000000000
china,2021,1350000000000
china,2022,1370000000000
colombia,1965,1697100000
colombia,1966,1553800000
colombia,1967,1622700000
colombia,1968,1672700000
colombia,1969,1762900000
colombia,1970,1705000000
colombia,1971,1768900000
colombia,1972,2004700000
colombia,1973,2378500000
colombia,1974,2888200000
colombia,1975,2988500000
colombia,1976,3460700000
colombia,1977,4638200000
colombia,1978,5118500000
colombia,1979,5710700000
colombia,1980,6167200000
colombia,1981,6680100000
colombia,1982,6973700000
colombia,1983,6912200000
colombia,1984,6342100000
colombia,1985,5651300000
colombia,1986,5817600000
colombia,1987,6260800000
colombia,1988,6258700000
colombia,1989,6050100000
colombia,1990,6230400000
colombia,1991,6690800000
colombia,1992,6511400000
colombia,1993,6717100000
colombia,1994,8784700000
colombia,1995,9608200000
colombia,1996,9191300000
colombia,1997,9964100000
colombia,1998,9661400000
colombia,1999,8313500000
colombia,2000,8030200000
colombia,2001,7911000000
colombia,2002,8070200000
colombia,2003,7630500000
colombia,2004,8966200000
colombia,2005,10961000000
colombia,2006,11615000000
colombia,2007,14298000000
colombia,2008,16196000000
colombia,2009,15547000000
colombia,2010,18125000000
colombia,2011,20404000000
colombia,2012,20707000000
colombia,2013,20606000000
colombia,2014,20759000000
colombia,2015,17551000000
colombia,2016,18685000000
colombia,2017,19928000000
colombia,2018,20806000000
colombia,2019,20714000000
colombia,2020,20161000000
colombia,2021,24324000000
colombia,2022,28510000000
comoros,1970,8956000
comoros,1971,9904800
comoros,1972,11672000
comoros,1973,15575000
comoros,1974,17600000
comoros,1975,27335000
comoros,1976,26929000
comoros,1977,29799000
comoros,1978,38706000
comoros,1979,51526000
comoros,1980,61889000
comoros,1981,57577000
comoros,1982,52821000
comoros,1983,57458000
comoros,1984,54846000
comoros,1985,60922000
comoros,1986,89552000
comoros,1987,109900000
comoros,1988,120650000
comoros,1989,119730000
comoros,1990,148770000
comoros,1991,151410000
comoros,1992,162690000
comoros,1993,159450000
comoros,1994,107010000
comoros,1995,146680000
comoros,1996,145790000
comoros,1997,134170000
comoros,1998,136240000
comoros,1999,140790000
comoros,2000,151640000
comoros,2001,163720000
comoros,2002,184440000
comoros,2003,237380000
comoros,2004,275170000
comoros,2005,285250000
comoros,2006,302590000
comoros,2007,230100000
comoros,2008,265740000
comoros,2009,270810000
comoros,2010,275900000
comoros,2011,314600000
comoros,2012,306530000
comoros,2013,343590000
comoros,2014,344550000
comoros,2015,295470000
comoros,2016,317500000
comoros,2017,343690000
comoros,2018,393660000
comoros,2019,425670000
comoros,2020,438530000
comoros,2021,460260000
comoros,2022,452430000
congo,1961,31081000
congo,1962,32979000
congo,1963,36090000
congo,1964,39199000
congo,1965,37950000
congo,1966,42332000
congo,1967,47154000
congo,1968,49280000
congo,1969,46930000
congo,1970,72083000
congo,1971,77764000
congo,1972,96059000
congo,1973,114280000
congo,1974,108090000
congo,1975,131010000
congo,1976,130820000
congo,1977,149310000
congo,1978,174650000
congo,1979,211980000
congo,1980,247180000
congo,1981,194740000
congo,1982,210340000
congo,1983,197310000
congo,1984,188230000
congo,1985,199590000
congo,1986,277160000
congo,1987,340030000
congo,1988,347660000
congo,1989,327390000
congo,1990,348490000
congo,1991,294710000
congo,1992,329680000
congo,1993,279250000
congo,1994,203910000
congo,1995,252460000
congo,1996,230190000
congo,1997,216680000
congo,1998,223620000
congo,1999,209360000
congo,2000,190680000
congo,2001,149480000
congo,2002,183670000
congo,2003,199020000
congo,2004,242820000
congo,2005,405770000
congo,2006,388190000
congo,2007,431520000
congo,2008,492910000
congo,2009,511330000
congo,2010,530480000
congo,2011,622880000
congo,2012,672150000
congo,2013,764840000
congo,2014,815610000
congo,2015,721990000
congo,2016,739360000
congo,2017,865090000
congo,2018,1002900000
congo,2019,1026900000
congo,2020,1226100000
congo,2021,1206800000
congo,2022,1145400000
cook_islands,1970,2941500
cook_islands,1971,2898000
cook_islands,1972,2798700
cook_islands,1973,3278700
cook_islands,1974,3483800
cook_islands,1975,3089300
cook_islands,1976,2639800
cook_islands,1977,3330400
cook_islands,1978,3847800
cook_islands,1979,3291400
cook_islands,1980,2722500
cook_islands,1981,2104300
cook_islands,1982,1579800
cook_islands,1983,1385800
cook_islands,1984,1263400
cook_islands,1985,1244700
cook_islands,1986,1419800
cook_islands,1987,1839100
cook_islands,1988,3162900
cook_islands,1989,3370800
cook_islands,1990,3895400
cook_islands,1991,4151900
cook_islands,1992,3653400
cook_islands,1993,4097100
cook_islands,1994,4804400
cook_islands,1995,5338100
cook_islands,1996,6242300
cook_islands,1997,6103200
cook_islands,1998,6521400
cook_islands,1999,7133000
cook_islands,2000,6299600
cook_islands,2001,5102200
cook_islands,2002,5505300
cook_islands,2003,9049400
cook_islands,2004,8101700
cook_islands,2005,8498900
cook_islands,2006,6945400
cook_islands,2007,6633700
cook_islands,2008,7281400
cook_islands,2009,6021300
cook_islands,2010,7518300
cook_islands,2011,8077800
cook_islands,2012,9627100
cook_islands,2013,9521300
cook_islands,2014,10406000
cook_islands,2015,8638500
cook_islands,2016,8214400
cook_islands,2017,10096000
cook_islands,2018,9699000
cook_islands,2019,8778500
cook_islands,2020,7751200
cook_islands,2021,8703200
cook_islands,2022,9548900
costa_rica,1961,126240000
costa_rica,1962,123760000
costa_rica,1963,125230000
costa_rica,1964,133310000
costa_rica,1965,139470000
costa_rica,1966,150050000
costa_rica,1967,162280000
costa_rica,1968,180140000
costa_rica,1969,197620000
costa_rica,1970,195060000
costa_rica,1971,193580000
costa_rica,1972,218900000
costa_rica,1973,272110000
costa_rica,1974,284660000
costa_rica,1975,350860000
costa_rica,1976,432460000
costa_rica,1977,591570000
costa_rica,1978,632730000
costa_rica,1979,656850000
costa_rica,1980,756730000
costa_rica,1981,531340000
costa_rica,1982,561690000
costa_rica,1983,608940000
costa_rica,1984,682920000
costa_rica,1985,651080000
costa_rica,1986,809690000
costa_rica,1987,720520000
costa_rica,1988,728480000
costa_rica,1989,791630000
costa_rica,1990,792910000
costa_rica,1991,859550000
costa_rica,1992,1019100000
costa_rica,1993,1133500000
costa_rica,1994,1292000000
costa_rica,1995,1476400000
costa_rica,1996,1413500000
costa_rica,1997,1577200000
costa_rica,1998,1726500000
costa_rica,1999,1583600000
costa_rica,2000,1388600000
costa_rica,2001,1338700000
costa_rica,2002,1397200000
costa_rica,2003,1526800000
costa_rica,2004,1647500000
costa_rica,2005,1728300000
costa_rica,2006,1914700000
costa_rica,2007,2128000000
costa_rica,2008,2149000000
costa_rica,2009,2167500000
costa_rica,2010,2442200000
costa_rica,2011,2394700000
costa_rica,2012,2423400000
costa_rica,2013,2437100000
costa_rica,2014,2542500000
costa_rica,2015,2680500000
costa_rica,2016,2892000000
costa_rica,2017,2844100000
costa_rica,2018,2798800000
costa_rica,2019,2706900000
costa_rica,2020,2710600000
costa_rica,2021,2789500000
costa_rica,2022,2750200000
cote_d_ivoire,1961,286910000
cote_d_ivoire,1962,296210000
cote_d_ivoire,1963,336130000
cote_d_ivoire,1964,366600000
cote_d_ivoire,1965,364400000
cote_d_ivoire,1966,383430000
cote_d_ivoire,1967,376420000
cote_d_ivoire,1968,455640000
cote_d_ivoire,1969,456990000
cote_d_ivoire,1970,407510000
cote_d_ivoire,1971,427160000
cote_d_ivoire,1972,496510000
cote_d_ivoire,1973,714140000
cote_d_ivoire,1974,802820000
cote_d_ivoire,1975,1121800000
cote_d_ivoire,1976,1191900000
cote_d_ivoire,1977,1547400000
cote_d_ivoire,1978,2020300000
cote_d_ivoire,1979,2489900000
cote_d_ivoire,1980,2916900000
cote_d_ivoire,1981,2421100000
cote_d_ivoire,1982,1981400000
cote_d_ivoire,1983,1904800000
cote_d_ivoire,1984,1811400000
cote_d_ivoire,1985,1872700000
cote_d_ivoire,1986,2604600000
cote_d_ivoire,1987,2941400000
cote_d_ivoire,1988,3283600000
cote_d_ivoire,1989,3194300000
cote_d_ivoire,1990,3511300000
cote_d_ivoire,1991,3491600000
cote_d_ivoire,1992,3498400000
cote_d_ivoire,1993,3118300000
cote_d_ivoire,1994,2100100000
cote_d_ivoire,1995,2720600000
cote_d_ivoire,1996,3022200000
cote_d_ivoire,1997,2708700000
cote_d_ivoire,1998,3025700000
cote_d_ivoire,1999,2806600000
cote_d_ivoire,2000,2546400000
cote_d_ivoire,2001,2901800000
cote_d_ivoire,2002,3367100000
cote_d_ivoire,2003,4405400000
cote_d_ivoire,2004,3905100000
cote_d_ivoire,2005,3860000000
cote_d_ivoire,2006,4027500000
cote_d_ivoire,2007,4474500000
cote_d_ivoire,2008,5493500000
cote_d_ivoire,2009,5146900000
cote_d_ivoire,2010,6217100000
cote_d_ivoire,2011,7014900000
cote_d_ivoire,2012,6281600000
cote_d_ivoire,2013,7058600000
cote_d_ivoire,2014,8149500000
cote_d_ivoire,2015,8406900000
cote_d_ivoire,2016,8440700000
cote_d_ivoire,2017,8896800000
cote_d_ivoire,2018,10447000000
cote_d_ivoire,2019,10193000000
cote_d_ivoire,2020,11826000000
cote_d_ivoire,2021,12335000000
cote_d_ivoire,2022,11509000000
croatia,1992,1082500000
croatia,1993,1015700000
croatia,1994,1094800000
croatia,1995,1279400000
croatia,1996,1342600000
croatia,1997,1259700000
croatia,1998,1368700000
croatia,1999,1276900000
croatia,2000,1083600000
croatia,2001,1154500000
croatia,2002,1311500000
croatia,2003,1378100000
croatia,2004,1855200000
croatia,2005,1771700000
croatia,2006,2027600000
croatia,2007,2242400000
croatia,2008,2758200000
croatia,2009,2530700000
croatia,2010,2216200000
croatia,2011,2303300000
croatia,2012,1888900000
croatia,2013,2038700000
croatia,2014,1721700000
croatia,2015,1490700000
croatia,2016,1604100000
croatia,2017,1626500000
croatia,2018,1839300000
croatia,2019,1785700000
croatia,2020,1772200000
croatia,2021,2284500000
croatia,2022,2203100000
cuba,1970,636560000
cuba,1971,773020000
cuba,1972,909450000
cuba,1973,1117000000
cuba,1974,1276500000
cuba,1975,1455700000
cuba,1976,1540100000
cuba,1977,1588100000
cuba,1978,1999200000
cuba,1979,2200300000
cuba,1980,2207000000
cuba,1981,2245400000
cuba,1982,2352800000
cuba,1983,2515000000
cuba,1984,2739100000
cuba,1985,2366700000
cuba,1986,2772100000
cuba,1987,2938700000
cuba,1988,3243700000
cuba,1989,3171300000
cuba,1990,3445900000
cuba,1991,2865900000
cuba,1992,2531700000
cuba,1993,1974800000
cuba,1994,2073100000
cuba,1995,1932100000
cuba,1996,1784600000
cuba,1997,1823000000
cuba,1998,1574400000
cuba,1999,1737100000
cuba,2000,2017700000
cuba,2001,2021200000
cuba,2002,1997200000
cuba,2003,2062600000
cuba,2004,2091400000
cuba,2005,1860800000
cuba,2006,1795900000
cuba,2007,2290300000
cuba,2008,2321000000
cuba,2009,2439500000
cuba,2010,2325000000
cuba,2011,2505800000
cuba,2012,2816000000
cuba,2013,3028000000
cuba,2014,3176000000
cuba,2015,3344800000
cuba,2016,3599000000
cuba,2017,3681000000
cuba,2018,3784300000
cuba,2019,3689600000
cuba,2020,2965000000
cuba,2021,2683700000
cuba,2022,2833400000
cyprus,1970,92081000
cyprus,1971,121180000
cyprus,1972,136700000
cyprus,1973,125170000
cyprus,1974,147580000
cyprus,1975,116710000
cyprus,1976,139160000
cyprus,1977,147350000
cyprus,1978,159270000
cyprus,1979,195770000
cyprus,1980,222130000
cyprus,1981,207020000
cyprus,1982,214980000
cyprus,1983,183440000
cyprus,1984,218670000
cyprus,1985,194940000
cyprus,1986,243540000
cyprus,1987,295840000
cyprus,1988,330140000
cyprus,1989,340160000
cyprus,1990,411690000
cyprus,1991,383590000
cyprus,1992,425000000
cyprus,1993,397520000
cyprus,1994,388620000
cyprus,1995,474380000
cyprus,1996,458490000
cyprus,1997,373900000
cyprus,1998,443850000
cyprus,1999,408980000
cyprus,2000,363350000
cyprus,2001,401160000
cyprus,2002,431200000
cyprus,2003,487160000
cyprus,2004,533570000
cyprus,2005,511910000
cyprus,2006,464480000
cyprus,2007,486760000
cyprus,2008,582850000
cyprus,2009,515950000
cyprus,2010,530300000
cyprus,2011,592200000
cyprus,2012,501350000
cyprus,2013,487810000
cyprus,2014,427870000
cyprus,2015,371760000
cyprus,2016,450870000
cyprus,2017,424990000
cyprus,2018,442500000
cyprus,2019,457980000
cyprus,2020,466470000
cyprus,2021,479130000
cyprus,2022,464920000
czechia,1993,1810800000
czechia,1994,2048400000
czechia,1995,2427500000
czechia,1996,2624600000
czechia,1997,2169600000
czechia,1998,2342900000
czechia,1999,2097000000
czechia,2000,2009600000
czechia,2001,2172300000
czechia,2002,2186100000
czechia,2003,2442200000
czechia,2004,2894000000
czechia,2005,3133200000
czechia,2006,3383100000
czechia,2007,3972800000
czechia,2008,4546700000
czechia,2009,3644200000
czechia,2010,3220900000
czechia,2011,4551100000
czechia,2012,4701800000
czechia,2013,5005900000
czechia,2014,5052800000
czechia,2015,4157800000
czechia,2016,4096300000
czechia,2017,4498500000
czechia,2018,4821300000
czechia,2019,4699500000
czechia,2020,4822600000
czechia,2021,5200100000
czechia,2022,5524400000
democratic_people_s_republic_of_korea,1970,1392900000
democratic_people_s_republic_of_korea,1971,1537700000
democratic_people_s_republic_of_korea,1972,1697600000
democratic_people_s_republic_of_korea,1973,1874200000
democratic_people_s_republic_of_korea,1974,2069100000
democratic_people_s_republic_of_korea,1975,2284300000
democratic_people_s_republic_of_korea,1976,2377900000
democratic_people_s_republic_of_korea,1977,2475400000
democratic_people_s_republic_of_korea,1978,2576900000
democratic_people_s_republic_of_korea,1979,2682600000
democratic_people_s_republic_of_korea,1980,2792600000
democratic_people_s_republic_of_korea,1981,2895900000
democratic_people_s_republic_of_korea,1982,3637600000
democratic_people_s_republic_of_korea,1983,3633900000
democratic_people_s_republic_of_korea,1984,3463200000
democratic_people_s_republic_of_korea,1985,3413300000
democratic_people_s_republic_of_korea,1986,3859700000
democratic_people_s_republic_of_korea,1987,4068100000
democratic_people_s_republic_of_korea,1988,4012000000
democratic_people_s_republic_of_korea,1989,4458200000
democratic_people_s_republic_of_korea,1990,4032400000
democratic_people_s_republic_of_korea,1991,3828200000
democratic_people_s_republic_of_korea,1992,3553200000
democratic_people_s_republic_of_korea,1993,2999900000
democratic_people_s_republic_of_korea,1994,2450600000
democratic_people_s_republic_of_korea,1995,1339400000
democratic_people_s_republic_of_korea,1996,3066300000
democratic_people_s_republic_of_korea,1997,2986900000
democratic_people_s_republic_of_korea,1998,3044000000
democratic_people_s_republic_of_korea,1999,3229800000
democratic_people_s_republic_of_korea,2000,3222400000
democratic_people_s_republic_of_korea,2001,3346100000
democratic_people_s_republic_of_korea,2002,3296700000
democratic_people_s_republic_of_korea,2003,3009700000
democratic_people_s_republic_of_korea,2004,2987200000
democratic_people_s_republic_of_korea,2005,3259300000
democratic_people_s_republic_of_korea,2006,3207700000
democratic_people_s_republic_of_korea,2007,3049600000
democratic_people_s_republic_of_korea,2008,2875400000
democratic_people_s_republic_of_korea,2009,2519000000
democratic_people_s_republic_of_korea,2010,2905300000
democratic_people_s_republic_of_korea,2011,3616900000
democratic_people_s_republic_of_korea,2012,3718500000
democratic_people_s_republic_of_korea,2013,3708400000
democratic_people_s_republic_of_korea,2014,3800000000
democratic_people_s_republic_of_korea,2015,3524400000
democratic_people_s_republic_of_korea,2016,3641800000
democratic_people_s_republic_of_korea,2017,3963700000
democratic_people_s_republic_of_korea,2018,4070400000
democratic_people_s_republic_of_korea,2019,3468200000
democratic_people_s_republic_of_korea,2020,3544700000
democratic_people_s_republic_of_korea,2021,3978900000
democratic_people_s_republic_of_korea,2022,3507500000
democratic_republic_of_the_congo,1970,808380000
democratic_republic_of_the_congo,1971,892220000
democratic_republic_of_the_congo,1972,1012000000
democratic_republic_of_the_congo,1973,1293400000
democratic_republic_of_the_congo,1974,1598800000
democratic_republic_of_the_congo,1975,1898200000
democratic_republic_of_the_congo,1976,2370500000
democratic_republic_of_the_congo,1977,3015800000
democratic_republic_of_the_congo,1978,4446200000
democratic_republic_of_the_congo,1979,4464600000
democratic_republic_of_the_congo,1980,3962100000
democratic_republic_of_the_congo,1981,3414500000
democratic_republic_of_the_congo,1982,4152900000
democratic_republic_of_the_congo,1983,3867300000
democratic_republic_of_the_congo,1984,2098300000
democratic_republic_of_the_congo,1985,2251600000
democratic_republic_of_the_congo,1986,2748700000
democratic_republic_of_the_congo,1987,2149500000
democratic_republic_of_the_congo,1988,2458600000
democratic_republic_of_the_congo,1989,3989900000
democratic_republic_of_the_congo,1990,4593400000
democratic_republic_of_the_congo,1991,5871500000
democratic_republic_of_the_congo,1992,6377400000
democratic_republic_of_the_congo,1993,8709800000
democratic_republic_of_the_congo,1994,5205200000
democratic_republic_of_the_congo,1995,5058800000
democratic_republic_of_the_congo,1996,3045300000
democratic_republic_of_the_congo,1997,4474100000
democratic_republic_of_the_congo,1998,4581700000
democratic_republic_of_the_congo,1999,4587200000
democratic_republic_of_the_congo,2000,2666200000
democratic_republic_of_the_congo,2001,2744200000
democratic_republic_of_the_congo,2002,2320200000
democratic_republic_of_the_congo,2003,2328600000
democratic_republic_of_the_congo,2004,2459000000
democratic_republic_of_the_congo,2005,2581900000
democratic_republic_of_the_congo,2006,3065300000
democratic_republic_of_the_congo,2007,3615500000
democratic_republic_of_the_congo,2008,4475800000
democratic_republic_of_the_congo,2009,4415000000
democratic_republic_of_the_congo,2010,4621200000
democratic_republic_of_the_congo,2011,5404900000
democratic_republic_of_the_congo,2012,5990500000
democratic_republic_of_the_congo,2013,6311100000
democratic_republic_of_the_congo,2014,6665600000
democratic_republic_of_the_congo,2015,6965700000
democratic_republic_of_the_congo,2016,7772400000
democratic_republic_of_the_congo,2017,7488200000
democratic_republic_of_the_congo,2018,9034000000
democratic_republic_of_the_congo,2019,9447500000
democratic_republic_of_the_congo,2020,9551800000
democratic_republic_of_the_congo,2021,10486000000
democratic_republic_of_the_congo,2022,10933000000
denmark,1970,786270000
denmark,1971,869880000
denmark,1972,1111900000
denmark,1973,1621500000
denmark,1974,1761500000
denmark,1975,1786600000
denmark,1976,1915500000
denmark,1977,2321800000
denmark,1978,2842400000
denmark,1979,2795900000
denmark,1980,2898000000
denmark,1981,2679100000
denmark,1982,2810700000
denmark,1983,2444700000
denmark,1984,2750400000
denmark,1985,2643800000
denmark,1986,3415000000
denmark,1987,3776400000
denmark,1988,3653700000
denmark,1989,3935700000
denmark,1990,4544700000
denmark,1991,4218100000
denmark,1992,4269100000
denmark,1993,3855100000
denmark,1994,4061800000
denmark,1995,5276200000
denmark,1996,5240000000
denmark,1997,4576400000
denmark,1998,3795800000
denmark,1999,3454300000
denmark,2000,3532400000
denmark,2001,3855300000
denmark,2002,3181700000
denmark,2003,3513100000
denmark,2004,4078600000
denmark,2005,3029800000
denmark,2006,3296200000
denmark,2007,3751400000
denmark,2008,3031100000
denmark,2009,2677800000
denmark,2010,3870100000
denmark,2011,4513800000
denmark,2012,5413400000
denmark,2013,4473900000
denmark,2014,4880000000
denmark,2015,2898300000
denmark,2016,3009500000
denmark,2017,4333500000
denmark,2018,3663200000
denmark,2019,4387700000
denmark,2020,4902500000
denmark,2021,4417900000
denmark,2022,4693500000
djibouti,1970,3143400
djibouti,1971,3610000
djibouti,1972,4244700
djibouti,1973,4981900
djibouti,1974,5808400
djibouti,1975,6223100
djibouti,1976,6636000
djibouti,1977,9849400
djibouti,1978,17451000
djibouti,1979,9924300
djibouti,1980,10405000
djibouti,1981,11120000
djibouti,1982,13259000
djibouti,1983,13496000
djibouti,1984,13023000
djibouti,1985,12931000
djibouti,1986,13331000
djibouti,1987,12980000
djibouti,1988,13166000
djibouti,1989,12911000
djibouti,1990,12106000
djibouti,1991,12913000
djibouti,1992,13861000
djibouti,1993,14626000
djibouti,1994,15620000
djibouti,1995,14131000
djibouti,1996,15117000
djibouti,1997,15420000
djibouti,1998,15733000
djibouti,1999,16330000
djibouti,2000,17031000
djibouti,2001,17835000
djibouti,2002,18495000
djibouti,2003,19443000
djibouti,2004,20987000
djibouti,2005,22603000
djibouti,2006,24572000
djibouti,2007,30807000
djibouti,2008,34041000
djibouti,2009,35406000
djibouti,2010,31783000
djibouti,2011,27871000
djibouti,2012,25460000
djibouti,2013,24409000
djibouti,2014,26215000
djibouti,2015,28414000
djibouti,2016,33580000
djibouti,2017,39511000
djibouti,2018,36958000
djibouti,2019,40292000
djibouti,2020,43882000
djibouti,2021,43575000
djibouti,2022,51435000
dominica,1970,8084500
dominica,1971,8083100
dominica,1972,9711700
dominica,1973,12331000
dominica,1974,8803600
dominica,1975,8460100
dominica,1976,8722500
dominica,1977,11322000
dominica,1978,14759000
dominica,1979,12415000
dominica,1980,15626000
dominica,1981,17137000
dominica,1982,17563000
dominica,1983,18511000
dominica,1984,19944000
dominica,1985,21963000
dominica,1986,27193000
dominica,1987,30004000
dominica,1988,32289000
dominica,1989,28681000
dominica,1990,32919000
dominica,1991,34463000
dominica,1992,34693000
dominica,1993,34767000
dominica,1994,38085000
dominica,1995,33400000
dominica,1996,37915000
dominica,1997,38007000
dominica,1998,38900000
dominica,1999,40267000
dominica,2000,39700000
dominica,2001,38430000
dominica,2002,36119000
dominica,2003,37896000
dominica,2004,41119000
dominica,2005,41848000
dominica,2006,40981000
dominica,2007,44022000
dominica,2008,52989000
dominica,2009,61385000
dominica,2010,56622000
dominica,2011,62633000
dominica,2012,58411000
dominica,2013,69685000
dominica,2014,69993000
dominica,2015,76000000
dominica,2016,93759000
dominica,2017,69911000
dominica,2018,61156000
dominica,2019,73281000
dominica,2020,76419000
dominica,2021,94163000
dominica,2022,101290000
dominican_republic,1965,206400000
dominican_republic,1966,215600000
dominican_republic,1967,210400000
dominican_republic,1968,219300000
dominican_republic,1969,262100000
dominican_republic,1970,322430000
dominican_republic,1971,346260000
dominican_republic,1972,382140000
dominican_republic,1973,486970000
dominican_republic,1974,605530000
dominican_republic,1975,722040000
dominican_republic,1976,703260000
dominican_republic,1977,859950000
dominican_republic,1978,828090000
dominican_republic,1979,959360000
dominican_republic,1980,1248500000
dominican_republic,1981,1260900000
dominican_republic,1982,1319200000
dominican_republic,1983,1387400000
dominican_republic,1984,1789900000
dominican_republic,1985,728370000
dominican_republic,1986,832810000
dominican_republic,1987,888130000
dominican_republic,1988,790710000
dominican_republic,1989,1113800000
dominican_republic,1990,1222700000
dominican_republic,1991,1311300000
dominican_republic,1992,1409200000
dominican_republic,1993,1432200000
dominican_republic,1994,1429500000
dominican_republic,1995,1545600000
dominican_republic,1996,1570100000
dominican_republic,1997,1797200000
dominican_republic,1998,1876800000
dominican_republic,1999,1709900000
dominican_republic,2000,1609700000
dominican_republic,2001,1763900000
dominican_republic,2002,1745800000
dominican_republic,2003,1364800000
dominican_republic,2004,1560900000
dominican_republic,2005,2561000000
dominican_republic,2006,2601700000
dominican_republic,2007,2850800000
dominican_republic,2008,3019500000
dominican_republic,2009,2950300000
dominican_republic,2010,3220100000
dominican_republic,2011,3258700000
dominican_republic,2012,3276200000
dominican_republic,2013,3324100000
dominican_republic,2014,3488500000
dominican_republic,2015,3902600000
dominican_republic,2016,4168000000
dominican_republic,2017,4274000000
dominican_republic,2018,4404200000
dominican_republic,2019,4649200000
dominican_republic,2020,4763400000
dominican_republic,2021,5339600000
dominican_republic,2022,6571500000
ecuador,1961,290520000
ecuador,1962,295180000
ecuador,1963,309120000
ecuador,1964,321570000
ecuador,1965,747460000
ecuador,1966,681030000
ecuador,1967,725360000
ecuador,1968,756110000
ecuador,1969,817010000
ecuador,1970,744730000
ecuador,1971,695350000
ecuador,1972,822730000
ecuador,1973,987080000
ecuador,1974,1589300000
ecuador,1975,1727600000
ecuador,1976,1828200000
ecuador,1977,2061300000
ecuador,1978,2168900000
ecuador,1979,2270100000
ecuador,1980,2879500000
ecuador,1981,3437100000
ecuador,1982,3172500000
ecuador,1983,2897500000
ecuador,1984,3146500000
ecuador,1985,3236000000
ecuador,1986,3185600000
ecuador,1987,2975600000
ecuador,1988,2871400000
ecuador,1989,3110200000
ecuador,1990,3125800000
ecuador,1991,3542600000
ecuador,1992,3422100000
ecuador,1993,4430000000
ecuador,1994,5026500000
ecuador,1995,5351100000
ecuador,1996,5231900000
ecuador,1997,5660200000
ecuador,1998,4887700000
ecuador,1999,3450200000
ecuador,2000,2821900000
ecuador,2001,3097000000
ecuador,2002,3206300000
ecuador,2003,3516800000
ecuador,2004,3546400000
ecuador,2005,3935400000
ecuador,2006,4403200000
ecuador,2007,4772100000
ecuador,2008,5537400000
ecuador,2009,6198200000
ecuador,2010,6769900000
ecuador,2011,7611400000
ecuador,2012,7598800000
ecuador,2013,8342200000
ecuador,2014,9284100000
ecuador,2015,9387800000
ecuador,2016,9513100000
ecuador,2017,9730000000
ecuador,2018,9626000000
ecuador,2019,9514100000
ecuador,2020,9773000000
ecuador,2021,9994800000
ecuador,2022,10172000000
egypt,1965,1300300000
egypt,1966,1317500000
egypt,1967,1389400000
egypt,1968,1556800000
egypt,1969,1767800000
egypt,1970,2058100000
egypt,1971,1988400000
egypt,1972,2194400000
egypt,1973,2620000000
egypt,1974,3031600000
egypt,1975,3652100000
egypt,1976,4190100000
egypt,1977,4978100000
egypt,1978,5815500000
egypt,1979,3646900000
egypt,1980,4036500000
egypt,1981,2667100000
egypt,1982,3060000000
egypt,1983,3718200000
egypt,1984,3954900000
egypt,1985,4144000000
egypt,1986,4649300000
egypt,1987,5324000000
egypt,1988,5472800000
egypt,1989,5959000000
egypt,1990,6495800000
egypt,1991,6343200000
egypt,1992,6951200000
egypt,1993,8141300000
egypt,1994,9077200000
egypt,1995,10557000000
egypt,1996,10180000000
egypt,1997,10862000000
egypt,1998,12059000000
egypt,1999,12603000000
egypt,2000,12432000000
egypt,2001,10879000000
egypt,2002,10153000000
egypt,2003,9110000000
egypt,2004,10422000000
egypt,2005,12896000000
egypt,2006,14262000000
egypt,2007,17737000000
egypt,2008,20820000000
egypt,2009,24432000000
egypt,2010,28632000000
egypt,2011,32052000000
egypt,2012,31173000000
egypt,2013,30530000000
egypt,2014,34121000000
egypt,2015,36205000000
egypt,2016,31807000000
egypt,2017,22412000000
egypt,2018,28035000000
egypt,2019,35064000000
egypt,2020,42977000000
egypt,2021,48711000000
egypt,2022,44802000000
el_salvador,1965,363160000
el_salvador,1966,359600000
el_salvador,1967,375880000
el_salvador,1968,377640000
el_salvador,1969,380400000
el_salvador,1970,247570000
el_salvador,1971,246890000
el_salvador,1972,246550000
el_salvador,1973,312250000
el_salvador,1974,338330000
el_salvador,1975,348150000
el_salvador,1976,546610000
el_salvador,1977,804000000
el_salvador,1978,693940000
el_salvador,1979,849380000
el_salvador,1980,839900000
el_salvador,1981,713240000
el_salvador,1982,702740000
el_salvador,1983,731870000
el_salvador,1984,785710000
el_salvador,1985,884270000
el_salvador,1986,692570000
el_salvador,1987,541700000
el_salvador,1988,643640000
el_salvador,1989,637890000
el_salvador,1990,771470000
el_salvador,1991,829470000
el_salvador,1992,753710000
el_salvador,1993,850320000
el_salvador,1994,956990000
el_salvador,1995,1028600000
el_salvador,1996,1040100000
el_salvador,1997,1115700000
el_salvador,1998,1035500000
el_salvador,1999,895260000
el_salvador,2000,845310000
el_salvador,2001,821270000
el_salvador,2002,737430000
el_salvador,2003,726880000
el_salvador,2004,786150000
el_salvador,2005,907110000
el_salvador,2006,967380000
el_salvador,2007,1189600000
el_salvador,2008,1275300000
el_salvador,2009,1173800000
el_salvador,2010,1288000000
el_salvador,2011,1486800000
el_salvador,2012,1393200000
el_salvador,2013,1234400000
el_salvador,2014,1325500000
el_salvador,2015,1296100000
el_salvador,2016,1386700000
el_salvador,2017,1347100000
el_salvador,2018,1335600000
el_salvador,2019,1383400000
el_salvador,2020,1334500000
el_salvador,2021,1430500000
el_salvador,2022,1540200000
equatorial_guinea,1970,2971900
equatorial_guinea,1971,3086100
equatorial_guinea,1972,2952900
equatorial_guinea,1973,3756200
equatorial_guinea,1974,3991800
equatorial_guinea,1975,4939900
equatorial_guinea,1976,5135800
equatorial_guinea,1977,5697600
equatorial_guinea,1978,6442500
equatorial_guinea,1979,7267500
equatorial_guinea,1980,7867000
equatorial_guinea,1981,7455100
equatorial_guinea,1982,8883000
equatorial_guinea,1983,9878100
equatorial_guinea,1984,9849200
equatorial_guinea,1985,12463000
equatorial_guinea,1986,16477000
equatorial_guinea,1987,19877000
equatorial_guinea,1988,19376000
equatorial_guinea,1989,18601000
equatorial_guinea,1990,21731000
equatorial_guinea,1991,21342000
equatorial_guinea,1992,22095000
equatorial_guinea,1993,20739000
equatorial_guinea,1994,17834000
equatorial_guinea,1995,24277000
equatorial_guinea,1996,27348000
equatorial_guinea,1997,32982000
equatorial_guinea,1998,24702000
equatorial_guinea,1999,37772000
equatorial_guinea,2000,84711000
equatorial_guinea,2001,83813000
equatorial_guinea,2002,80209000
equatorial_guinea,2003,100590000
equatorial_guinea,2004,131380000
equatorial_guinea,2005,130520000
equatorial_guinea,2006,153140000
equatorial_guinea,2007,179460000
equatorial_guinea,2008,176310000
equatorial_guinea,2009,159020000
equatorial_guinea,2010,172990000
equatorial_guinea,2011,224710000
equatorial_guinea,2012,236360000
equatorial_guinea,2013,261550000
equatorial_guinea,2014,281320000
equatorial_guinea,2015,248810000
equatorial_guinea,2016,262160000
equatorial_guinea,2017,282510000
equatorial_guinea,2018,295730000
equatorial_guinea,2019,277040000
equatorial_guinea,2020,294200000
equatorial_guinea,2021,322740000
equatorial_guinea,2022,302230000
eritrea,1993,98161000
eritrea,1994,138220000
eritrea,1995,120340000
eritrea,1996,121450000
eritrea,1997,118310000
eritrea,1998,189260000
eritrea,1999,171410000
eritrea,2000,99237000
eritrea,2001,123850000
eritrea,2002,76015000
eritrea,2003,102950000
eritrea,2004,118030000
eritrea,2005,248240000
eritrea,2006,230580000
eritrea,2007,247500000
eritrea,2008,154800000
eritrea,2009,188390000
eritrea,2010,292270000
eritrea,2011,339300000
eritrea,2012,371660000
eritrea,2013,332490000
eritrea,2014,441790000
eritrea,2015,352160000
eritrea,2016,389680000
eritrea,2017,332450000
eritrea,2018,353540000
eritrea,2019,350230000
eritrea,2020,371460000
eritrea,2021,389930000
eritrea,2022,420150000
estonia,1992,294440000
estonia,1993,226390000
estonia,1994,208480000
estonia,1995,184880000
estonia,1996,197450000
estonia,1997,210750000
estonia,1998,286440000
estonia,1999,209120000
estonia,2000,221090000
estonia,2001,218550000
estonia,2002,261830000
estonia,2003,341660000
estonia,2004,439620000
estonia,2005,463650000
estonia,2006,535530000
estonia,2007,881060000
estonia,2008,827000000
estonia,2009,485380000
estonia,2010,619470000
estonia,2011,853130000
estonia,2012,763210000
estonia,2013,775400000
estonia,2014,841680000
estonia,2015,654020000
estonia,2016,508500000
estonia,2017,642450000
estonia,2018,639840000
estonia,2019,722170000
estonia,2020,626610000
estonia,2021,726200000
estonia,2022,944250000
eswatini,1961,13020000
eswatini,1962,15960000
eswatini,1963,21000000
eswatini,1964,23940000
eswatini,1965,23240000
eswatini,1966,27439000
eswatini,1967,20580000
eswatini,1968,18480000
eswatini,1969,30659000
eswatini,1970,37876000
eswatini,1971,44134000
eswatini,1972,47909000
eswatini,1973,61917000
eswatini,1974,73780000
eswatini,1975,79094000
eswatini,1976,78479000
eswatini,1977,91563000
eswatini,1978,106830000
eswatini,1979,128750000
eswatini,1980,162370000
eswatini,1981,186520000
eswatini,1982,160570000
eswatini,1983,178270000
eswatini,1984,118790000
eswatini,1985,78136000
eswatini,1986,93484000
eswatini,1987,98955000
eswatini,1988,122950000
eswatini,1989,130860000
eswatini,1990,103420000
eswatini,1991,140680000
eswatini,1992,125180000
eswatini,1993,91507000
eswatini,1994,129380000
eswatini,1995,146800000
eswatini,1996,159660000
eswatini,1997,164650000
eswatini,1998,151070000
eswatini,1999,154350000
eswatini,2000,214060000
eswatini,2001,186630000
eswatini,2002,179060000
eswatini,2003,272180000
eswatini,2004,267570000
eswatini,2005,348690000
eswatini,2006,368110000
eswatini,2007,373100000
eswatini,2008,329390000
eswatini,2009,331200000
eswatini,2010,450810000
eswatini,2011,468540000
eswatini,2012,498590000
eswatini,2013,465080000
eswatini,2014,408430000
eswatini,2015,379710000
eswatini,2016,341910000
eswatini,2017,370950000
eswatini,2018,397520000
eswatini,2019,384000000
eswatini,2020,323300000
eswatini,2021,386040000
eswatini,2022,357670000
ethiopia,1993,4425600000
ethiopia,1994,3766700000
ethiopia,1995,3939400000
ethiopia,1996,4213800000
ethiopia,1997,4503900000
ethiopia,1998,3723000000
ethiopia,1999,3324400000
ethiopia,2000,3663600000
ethiopia,2001,3455100000
ethiopia,2002,3030300000
ethiopia,2003,3209700000
ethiopia,2004,3913500000
ethiopia,2005,5100100000
ethiopia,2006,6488300000
ethiopia,2007,8173900000
ethiopia,2008,11783000000
ethiopia,2009,13173000000
ethiopia,2010,11105000000
ethiopia,2011,12573000000
ethiopia,2012,18712000000
ethiopia,2013,19194000000
ethiopia,2014,20864000000
ethiopia,2015,22744000000
ethiopia,2016,25037000000
ethiopia,2017,25941000000
ethiopia,2018,25041000000
ethiopia,2019,31132000000
ethiopia,2020,34357000000
ethiopia,2021,37301000000
ethiopia,2022,44780000000
fiji,1963,48986000
fiji,1964,46216000
fiji,1965,44579000
fiji,1966,43785000
fiji,1967,43143000
fiji,1968,44086000
fiji,1969,44373000
fiji,1970,58793000
fiji,1971,59616000
fiji,1972,73927000
fiji,1973,98754000
fiji,1974,135040000
fiji,1975,166410000
fiji,1976,169660000
fiji,1977,159580000
fiji,1978,172890000
fiji,1979,208720000
fiji,1980,253880000
fiji,1981,230840000
fiji,1982,230500000
fiji,1983,193980000
fiji,1984,211000000
fiji,1985,194420000
fiji,1986,253880000
fiji,1987,255430000
fiji,1988,203270000
fiji,1989,228190000
fiji,1990,235850000
fiji,1991,248180000
fiji,1992,264570000
fiji,1993,273410000
fiji,1994,321350000
fiji,1995,332400000
fiji,1996,361980000
fiji,1997,303740000
fiji,1998,233420000
fiji,1999,312230000
fiji,2000,247010000
fiji,2001,210120000
fiji,2002,238530000
fiji,2003,281380000
fiji,2004,326490000
fiji,2005,355510000
fiji,2006,372910000
fiji,2007,416850000
fiji,2008,372250000
fiji,2009,285180000
fiji,2010,286620000
fiji,2011,348540000
fiji,2012,384320000
fiji,2013,423760000
fiji,2014,393360000
fiji,2015,368610000
fiji,2016,525760000
fiji,2017,563850000
fiji,2018,608710000
fiji,2019,614740000
fiji,2020,634930000
fiji,2021,657660000
fiji,2022,629640000
finland,1970,1246100000
finland,1971,1372300000
finland,1972,1440800000
finland,1973,1841100000
finland,1974,2285200000
finland,1975,2854300000
finland,1976,2932500000
finland,1977,2864100000
finland,1978,2986300000
finland,1979,3576300000
finland,1980,4603500000
finland,1981,4019200000
finland,1982,4102400000
finland,1983,3856700000
finland,1984,3830600000
finland,1985,3843000000
finland,1986,4821500000
finland,1987,4837100000
finland,1988,5665900000
finland,1989,6212800000
finland,1990,7633700000
finland,1991,6164800000
finland,1992,4814300000
finland,1993,3901200000
finland,1994,4324300000
finland,1995,5095200000
finland,1996,4557500000
finland,1997,4344100000
finland,1998,3886300000
finland,1999,3902500000
finland,2000,3712900000
finland,2001,3577600000
finland,2002,3734400000
finland,2003,4342900000
finland,2004,4691000000
finland,2005,4666000000
finland,2006,4340500000
finland,2007,6094700000
finland,2008,6275300000
finland,2009,5690100000
finland,2010,6027500000
finland,2011,6389100000
finland,2012,5978500000
finland,2013,6422300000
finland,2014,6583300000
finland,2015,5283600000
finland,2016,5559500000
finland,2017,5920700000
finland,2018,6580300000
finland,2019,6308200000
finland,2020,6667000000
finland,2021,7224200000
finland,2022,6475900000
france,1961,6156900000
france,1962,7472300000
france,1963,7521400000
france,1964,7545300000
france,1965,7946600000
france,1966,8399700000
france,1967,9045400000
france,1968,9548900000
france,1969,9523300000
france,1970,9888600000
france,1971,10121000000
france,1972,13859000000
france,1973,18006000000
france,1974,15548000000
france,1975,17477000000
france,1976,17091000000
france,1977,17830000000
france,1978,21132000000
france,1979,25378000000
france,1980,25299000000
france,1981,21739000000
france,1982,23703000000
france,1983,20131000000
france,1984,17826000000
france,1985,18462000000
france,1986,24955000000
france,1987,28848000000
france,1988,29030000000
france,1989,32036000000
france,1990,39811000000
france,1991,33182000000
france,1992,36335000000
france,1993,30370000000
france,1994,33465000000
france,1995,39141000000
france,1996,38607000000
france,1997,34059000000
france,1998,35511000000
france,1999,33379000000
france,2000,28585000000
france,2001,29002000000
france,2002,30049000000
france,2003,34051000000
france,2004,38565000000
france,2005,36896000000
france,2006,35206000000
france,2007,42858000000
france,2008,44222000000
france,2009,35594000000
france,2010,42388000000
france,2011,47221000000
france,2012,43795000000
france,2013,41003000000
france,2014,44390000000
france,2015,39149000000
france,2016,35515000000
france,2017,40028000000
france,2018,46019000000
france,2019,41546000000
france,2020,41816000000
france,2021,47860000000
france,2022,53110000000
gabon,1961,59028000
gabon,1962,65597000
gabon,1963,68100000
gabon,1964,65093000
gabon,1965,59577000
gabon,1966,61869000
gabon,1967,65447000
gabon,1968,54127000
gabon,1969,59240000
gabon,1970,52700000
gabon,1971,46208000
gabon,1972,49441000
gabon,1973,77820000
gabon,1974,130380000
gabon,1975,175930000
gabon,1976,142860000
gabon,1977,148210000
gabon,1978,147940000
gabon,1979,147720000
gabon,1980,290370000
gabon,1981,228570000
gabon,1982,205330000
gabon,1983,199480000
gabon,1984,204450000
gabon,1985,210370000
gabon,1986,291880000
gabon,1987,330480000
gabon,1988,335330000
gabon,1989,339750000
gabon,1990,407350000
gabon,1991,384860000
gabon,1992,431150000
gabon,1993,428450000
gabon,1994,355880000
gabon,1995,372260000
gabon,1996,377480000
gabon,1997,359350000
gabon,1998,294210000
gabon,1999,317880000
gabon,2000,294460000
gabon,2001,280640000
gabon,2002,302890000
gabon,2003,382720000
gabon,2004,423730000
gabon,2005,477480000
gabon,2006,506760000
gabon,2007,616700000
gabon,2008,655990000
gabon,2009,608450000
gabon,2010,561910000
gabon,2011,624120000
gabon,2012,575880000
gabon,2013,585580000
gabon,2014,658350000
gabon,2015,619610000
gabon,2016,697430000
gabon,2017,786010000
gabon,2018,916920000
gabon,2019,937340000
gabon,2020,1015100000
gabon,2021,1216500000
gabon,2022,1209000000
gambia,1966,14252000
gambia,1967,15066000
gambia,1968,13272000
gambia,1969,14544000
gambia,1970,83605000
gambia,1971,86487000
gambia,1972,107260000
gambia,1973,179970000
gambia,1974,211870000
gambia,1975,238110000
gambia,1976,203670000
gambia,1977,194500000
gambia,1978,210970000
gambia,1979,212700000
gambia,1980,275960000
gambia,1981,289160000
gambia,1982,234400000
gambia,1983,216210000
gambia,1984,227490000
gambia,1985,328560000
gambia,1986,238060000
gambia,1987,238000000
gambia,1988,277360000
gambia,1989,270490000
gambia,1990,275220000
gambia,1991,244440000
gambia,1992,241310000
gambia,1993,253340000
gambia,1994,279940000
gambia,1995,327370000
gambia,1996,296840000
gambia,1997,322510000
gambia,1998,314660000
gambia,1999,381490000
gambia,2000,374530000
gambia,2001,340820000
gambia,2002,272020000
gambia,2003,254040000
gambia,2004,303020000
gambia,2005,329800000
gambia,2006,269860000
gambia,2007,301580000
gambia,2008,465030000
gambia,2009,460190000
gambia,2010,543140000
gambia,2011,383470000
gambia,2012,387620000
gambia,2013,360710000
gambia,2014,276120000
gambia,2015,306080000
gambia,2016,320760000
gambia,2017,316070000
gambia,2018,331990000
gambia,2019,362790000
gambia,2020,384980000
gambia,2021,483120000
gambia,2022,482220000
georgia,1992,2244100000
georgia,1993,2401400000
georgia,1994,2138300000
georgia,1995,1383800000
georgia,1996,1240400000
georgia,1997,1179500000
georgia,1998,1158200000
georgia,1999,845480000
georgia,2000,769480000
georgia,2001,824250000
georgia,2002,798030000
georgia,2003,940940000
georgia,2004,1026400000
georgia,2005,1156500000
georgia,2006,1059400000
georgia,2007,1142600000
georgia,2008,1270800000
georgia,2009,1065400000
georgia,2010,1034700000
georgia,2011,1379600000
georgia,2012,1348000000
georgia,2013,1481200000
georgia,2014,1503000000
georgia,2015,1168400000
georgia,2016,1104800000
georgia,2017,1013600000
georgia,2018,1190100000
georgia,2019,1136800000
georgia,2020,1155000000
georgia,2021,1204400000
georgia,2022,1498000000
germany,1970,6314900000
germany,1971,6846600000
germany,1972,8177100000
germany,1973,10366000000
germany,1974,10640000000
germany,1975,12360000000
germany,1976,13219000000
germany,1977,14795000000
germany,1978,17372000000
germany,1979,18488000000
germany,1980,18288000000
germany,1981,15316000000
germany,1982,15715000000
germany,1983,13540000000
germany,1984,12593000000
germany,1985,11342000000
germany,1986,16217000000
germany,1987,17802000000
germany,1988,20028000000
germany,1989,21003000000
germany,1990,21251000000
germany,1991,20587000000
germany,1992,21433000000
germany,1993,19916000000
germany,1994,21511000000
germany,1995,25739000000
germany,1996,26026000000
germany,1997,22814000000
germany,1998,21837000000
germany,1999,21029000000
germany,2000,19330000000
germany,2001,21063000000
germany,2002,18629000000
germany,2003,20773000000
germany,2004,26718000000
germany,2005,20687000000
germany,2006,22069000000
germany,2007,26645000000
germany,2008,31271000000
germany,2009,23625000000
germany,2010,27296000000
germany,2011,34075000000
germany,2012,29909000000
germany,2013,35186000000
germany,2014,35132000000
germany,2015,22980000000
germany,2016,24218000000
germany,2017,31437000000
germany,2018,27388000000
germany,2019,30758000000
germany,2020,28729000000
germany,2021,30460000000
germany,2022,37514000000
ghana,1961,460840000
ghana,1962,523870000
ghana,1963,553290000
ghana,1964,612120000
ghana,1965,893660000
ghana,1966,920280000
ghana,1967,702820000
ghana,1968,696180000
ghana,1969,901110000
ghana,1970,1692100000
ghana,1971,1737600000
ghana,1972,1604200000
ghana,1973,1573300000
ghana,1974,1913300000
ghana,1975,1706400000
ghana,1976,1842400000
ghana,1977,2224500000
ghana,1978,2790000000
ghana,1979,2909400000
ghana,1980,3077900000
ghana,1981,2980000000
ghana,1982,3181200000
ghana,1983,3286400000
ghana,1984,3049800000
ghana,1985,3014000000
ghana,1986,3442600000
ghana,1987,3915600000
ghana,1988,4198300000
ghana,1989,4186700000
ghana,1990,4299800000
ghana,1991,4892300000
ghana,1992,4677300000
ghana,1993,3588700000
ghana,1994,3350900000
ghana,1995,4081100000
ghana,1996,4397000000
ghana,1997,4014500000
ghana,1998,4386800000
ghana,1999,4495400000
ghana,2000,2861300000
ghana,2001,3049300000
ghana,2002,3528400000
ghana,2003,4541200000
ghana,2004,5487500000
ghana,2005,6543600000
ghana,2006,7385700000
ghana,2007,8446500000
ghana,2008,10487000000
ghana,2009,10064000000
ghana,2010,11276000000
ghana,2011,11703000000
ghana,2012,11602000000
ghana,2013,12976000000
ghana,2014,10717000000
ghana,2015,9998100000
ghana,2016,11707000000
ghana,2017,11816000000
ghana,2018,12202000000
ghana,2019,11841000000
ghana,2020,13206000000
ghana,2021,15632000000
ghana,2022,14433000000
greece,1970,1445200000
greece,1971,1607200000
greece,1972,1887600000
greece,1973,2715300000
greece,1974,3082200000
greece,1975,3189800000
greece,1976,3436300000
greece,1977,3539900000
greece,1978,4439700000
greece,1979,4929200000
greece,1980,5838200000
greece,1981,5475200000
greece,1982,5853200000
greece,1983,4841400000
greece,1984,4833800000
greece,1985,4761500000
greece,1986,5186700000
greece,1987,5885300000
greece,1988,7056800000
greece,1989,7255900000
greece,1990,7772500000
greece,1991,9194100000
greece,1992,8957200000
greece,1993,7968400000
greece,1994,9065200000
greece,1995,10096000000
greece,1996,9604700000
greece,1997,8934900000
greece,1998,8615300000
greece,1999,8626300000
greece,2000,7159300000
greece,2001,7085600000
greece,2002,7672100000
greece,2003,10095000000
greece,2004,10284000000
greece,2005,10615000000
greece,2006,8749100000
greece,2007,9673400000
greece,2008,9951000000
greece,2009,9255800000
greece,2010,8870400000
greece,2011,8800300000
greece,2012,8328900000
greece,2013,8079000000
greece,2014,8427900000
greece,2015,7559500000
greece,2016,6785200000
greece,2017,7706800000
greece,2018,7708900000
greece,2019,7817200000
greece,2020,7728100000
greece,2021,7892900000
greece,2022,8179800000
grenada,1970,3206700
grenada,1971,3870000
grenada,1972,5562300
grenada,1973,6475400
grenada,1974,8656700
grenada,1975,12266000
grenada,1976,13101000
grenada,1977,12274000
grenada,1978,13735000
grenada,1979,17180000
grenada,1980,17704000
grenada,1981,19176000
grenada,1982,17337000
grenada,1983,17150000
grenada,1984,18352000
grenada,1985,17981000
grenada,1986,20168000
grenada,1987,25639000
grenada,1988,26796000
grenada,1989,26627000
grenada,1990,23969000
grenada,1991,26036000
grenada,1992,23444000
grenada,1993,22396000
grenada,1994,22519000
grenada,1995,23897000
grenada,1996,21426000
grenada,1997,21321000
grenada,1998,22669000
grenada,1999,25163000
grenada,2000,26856000
grenada,2001,27926000
grenada,2002,33989000
grenada,2003,34693000
grenada,2004,30037000
grenada,2005,20619000
grenada,2006,27185000
grenada,2007,26985000
grenada,2008,31119000
grenada,2009,35681000
grenada,2010,34797000
grenada,2011,34633000
grenada,2012,38652000
grenada,2013,40744000
grenada,2014,55616000
grenada,2015,74061000
grenada,2016,65889000
grenada,2017,60467000
grenada,2018,60721000
grenada,2019,56784000
grenada,2020,51159000
grenada,2021,59933000
grenada,2022,62354000
guatemala,1965,382560000
guatemala,1966,396520000
guatemala,1967,398450000
guatemala,1968,449770000
guatemala,1969,468220000
guatemala,1970,274740000
guatemala,1971,290410000
guatemala,1972,313990000
guatemala,1973,378540000
guatemala,1974,465900000
guatemala,1975,540180000
guatemala,1976,629390000
guatemala,1977,761530000
guatemala,1978,828720000
guatemala,1979,925450000
guatemala,1980,1034000000
guatemala,1981,1136000000
guatemala,1982,1156900000
guatemala,1983,1211500000
guatemala,1984,1281900000
guatemala,1985,1526700000
guatemala,1986,1142700000
guatemala,1987,972180000
guatemala,1988,1070900000
guatemala,1989,1138900000
guatemala,1990,1045800000
guatemala,1991,1278900000
guatemala,1992,1394500000
guatemala,1993,1497400000
guatemala,1994,1679400000
guatemala,1995,1869700000
guatemala,1996,2005600000
guatemala,1997,2229100000
guatemala,1998,2401400000
guatemala,1999,2230000000
guatemala,2000,2325300000
guatemala,2001,2500200000
guatemala,2002,2776800000
guatemala,2003,2785600000
guatemala,2004,2954500000
guatemala,2005,3232100000
guatemala,2006,3264200000
guatemala,2007,3744400000
guatemala,2008,4182800000
guatemala,2009,4216400000
guatemala,2010,4380100000
guatemala,2011,5058700000
guatemala,2012,5097200000
guatemala,2013,5488400000
guatemala,2014,5828300000
guatemala,2015,6198100000
guatemala,2016,6381700000
guatemala,2017,6947800000
guatemala,2018,6918900000
guatemala,2019,7260900000
guatemala,2020,7714800000
guatemala,2021,8002100000
guatemala,2022,8841500000
guinea,1970,149480000
guinea,1971,165500000
guinea,1972,176660000
guinea,1973,189240000
guinea,1974,217050000
guinea,1975,244020000
guinea,1976,277980000
guinea,1977,285370000
guinea,1978,325850000
guinea,1979,348320000
guinea,1980,390550000
guinea,1981,431010000
guinea,1982,464850000
guinea,1983,486120000
guinea,1984,510730000
guinea,1985,563290000
guinea,1986,593180000
guinea,1987,613170000
guinea,1988,655500000
guinea,1989,691730000
guinea,1990,841010000
guinea,1991,821120000
guinea,1992,755910000
guinea,1993,707640000
guinea,1994,1050100000
guinea,1995,1451100000
guinea,1996,1501400000
guinea,1997,1295000000
guinea,1998,1162600000
guinea,1999,1103300000
guinea,2000,931680000
guinea,2001,893840000
guinea,2002,882470000
guinea,2003,642250000
guinea,2004,760090000
guinea,2005,586870000
guinea,2006,657640000
guinea,2007,1056500000
guinea,2008,1112900000
guinea,2009,1098900000
guinea,2010,1198300000
guinea,2011,1090400000
guinea,2012,1285600000
guinea,2013,1469700000
guinea,2014,1538300000
guinea,2015,1625000000
guinea,2016,1513400000
guinea,2017,2119500000
guinea,2018,2647200000
guinea,2019,3552600000
guinea,2020,3705800000
guinea,2021,4381600000
guinea,2022,5785300000
guinea_bissau,1970,133290000
guinea_bissau,1971,124930000
guinea_bissau,1972,149270000
guinea_bissau,1973,172290000
guinea_bissau,1974,182690000
guinea_bissau,1975,242560000
guinea_bissau,1976,219800000
guinea_bissau,1977,181340000
guinea_bissau,1978,234230000
guinea_bissau,1979,256190000
guinea_bissau,1980,197860000
guinea_bissau,1981,251710000
guinea_bissau,1982,195590000
guinea_bissau,1983,178210000
guinea_bissau,1984,189630000
guinea_bissau,1985,193060000
guinea_bissau,1986,216100000
guinea_bissau,1987,254690000
guinea_bissau,1988,215670000
guinea_bissau,1989,253470000
guinea_bissau,1990,271710000
guinea_bissau,1991,290130000
guinea_bissau,1992,327190000
guinea_bissau,1993,378450000
guinea_bissau,1994,393590000
guinea_bissau,1995,414280000
guinea_bissau,1996,290660000
guinea_bissau,1997,165350000
guinea_bissau,1998,154210000
guinea_bissau,1999,175640000
guinea_bissau,2000,153440000
guinea_bissau,2001,146250000
guinea_bissau,2002,173670000
guinea_bissau,2003,201730000
guinea_bissau,2004,223020000
guinea_bissau,2005,260290000
guinea_bissau,2006,250110000
guinea_bissau,2007,300500000
guinea_bissau,2008,403510000
guinea_bissau,2009,363790000
guinea_bissau,2010,382820000
guinea_bissau,2011,494520000
guinea_bissau,2012,463920000
guinea_bissau,2013,461570000
guinea_bissau,2014,433330000
guinea_bissau,2015,490080000
guinea_bissau,2016,546450000
guinea_bissau,2017,663720000
guinea_bissau,2018,462280000
guinea_bissau,2019,437600000
guinea_bissau,2020,441890000
guinea_bissau,2021,507290000
guinea_bissau,2022,502350000
guyana,1961,44333000
guyana,1962,45733000
guyana,1963,42991000
guyana,1964,42758000
guyana,1965,46000000
guyana,1966,43647000
guyana,1967,47118000
guyana,1968,39900000
guyana,1969,44700000
guyana,1970,44628000
guyana,1971,50977000
guyana,1972,50225000
guyana,1973,51914000
guyana,1974,124510000
guyana,1975,153190000
guyana,1976,96676000
guyana,1977,87974000
guyana,1978,109100000
guyana,1979,110110000
guyana,1980,132180000
guyana,1981,109180000
guyana,1982,100030000
guyana,1983,101020000
guyana,1984,117790000
guyana,1985,134610000
guyana,1986,145270000
guyana,1987,137870000
guyana,1988,99313000
guyana,1989,194900000
guyana,1990,189820000
guyana,1991,184890000
guyana,1992,218650000
guyana,1993,225470000
guyana,1994,272390000
guyana,1995,339080000
guyana,1996,353580000
guyana,1997,364710000
guyana,1998,324290000
guyana,1999,332020000
guyana,2000,288330000
guyana,2001,333180000
guyana,2002,414490000
guyana,2003,520330000
guyana,2004,631360000
guyana,2005,685110000
guyana,2006,809140000
guyana,2007,829800000
guyana,2008,959820000
guyana,2009,931470000
guyana,2010,979360000
guyana,2011,948080000
guyana,2012,1033600000
guyana,2013,1068900000
guyana,2014,1015200000
guyana,2015,1088900000
guyana,2016,913900000
guyana,2017,1080600000
guyana,2018,935300000
guyana,2019,910340000
guyana,2020,921960000
guyana,2021,1082000000
guyana,2022,1476200000
haiti,1970,193500000
haiti,1971,205240000
haiti,1972,207870000
haiti,1973,254720000
haiti,1974,298770000
haiti,1975,369670000
haiti,1976,444270000
haiti,1977,447930000
haiti,1978,447490000
haiti,1979,491120000
haiti,1980,591140000
haiti,1981,614120000
haiti,1982,635040000
haiti,1983,666920000
haiti,1984,769950000
haiti,1985,852060000
haiti,1986,976490000
haiti,1987,870560000
haiti,1988,830710000
haiti,1989,873510000
haiti,1990,981470000
haiti,1991,975330000
haiti,1992,801380000
haiti,1993,633140000
haiti,1994,836820000
haiti,1995,752850000
haiti,1996,701530000
haiti,1997,835120000
haiti,1998,1005000000
haiti,1999,1191000000
haiti,2000,1094300000
haiti,2001,1021500000
haiti,2002,895520000
haiti,2003,797970000
haiti,2004,984490000
haiti,2005,1226700000
haiti,2006,1345000000
haiti,2007,1803600000
haiti,2008,1873000000
haiti,2009,2089400000
haiti,2010,2430300000
haiti,2011,2592400000
haiti,2012,2645500000
haiti,2013,2857900000
haiti,2014,2665300000
haiti,2015,2448700000
haiti,2016,2411800000
haiti,2017,2879700000
haiti,2018,2950500000
haiti,2019,2729400000
haiti,2020,3157200000
haiti,2021,3925900000
haiti,2022,3801900000
honduras,1961,125600000
honduras,1962,137250000
honduras,1963,141150000
honduras,1964,157600000
honduras,1965,185350000
honduras,1966,198900000
honduras,1967,211550000
honduras,1968,224000000
honduras,1969,218600000
honduras,1970,233960000
honduras,1971,252280000
honduras,1972,274890000
honduras,1973,312150000
honduras,1974,335970000
honduras,1975,338420000
honduras,1976,420270000
honduras,1977,548550000
honduras,1978,569930000
honduras,1979,626130000
honduras,1980,664000000
honduras,1981,689660000
honduras,1982,691490000
honduras,1983,715320000
honduras,1984,755020000
honduras,1985,859480000
honduras,1986,855200000
honduras,1987,940110000
honduras,1988,1064100000
honduras,1989,1191800000
honduras,1990,743670000
honduras,1991,730270000
honduras,1992,730200000
honduras,1993,757770000
honduras,1994,876110000
honduras,1995,906320000
honduras,1996,958980000
honduras,1997,1148100000
honduras,1998,1049000000
honduras,1999,902630000
honduras,2000,1033000000
honduras,2001,1007600000
honduras,2002,957620000
honduras,2003,956280000
honduras,2004,1079700000
honduras,2005,1216800000
honduras,2006,1294400000
honduras,2007,1472400000
honduras,2008,1686700000
honduras,2009,1579100000
honduras,2010,1836000000
honduras,2011,2518300000
honduras,2012,2513600000
honduras,2013,2255300000
honduras,2014,2477100000
honduras,2015,2562900000
honduras,2016,2616900000
honduras,2017,2931300000
honduras,2018,2794300000
honduras,2019,2698100000
honduras,2020,2887300000
honduras,2021,3145400000
honduras,2022,3987700000
hungary,1970,997310000
hungary,1971,1141300000
hungary,1972,1263900000
hungary,1973,1659500000
hungary,1974,1790500000
hungary,1975,1934900000
hungary,1976,2216600000
hungary,1977,2504100000
hungary,1978,2764700000
hungary,1979,2972300000
hungary,1980,3750800000
hungary,1981,3966500000
hungary,1982,4099800000
hungary,1983,3624500000
hungary,1984,3497500000
hungary,1985,3363100000
hungary,1986,4028600000
hungary,1987,4074200000
hungary,1988,4201900000
hungary,1989,4032700000
hungary,1990,4173500000
hungary,1991,3115600000
hungary,1992,2868400000
hungary,1993,2675000000
hungary,1994,2975900000
hungary,1995,3333400000
hungary,1996,3388600000
hungary,1997,2990200000
hungary,1998,2940200000
hungary,1999,2606000000
hungary,2000,2330000000
hungary,2001,2641500000
hungary,2002,2880400000
hungary,2003,3327700000
hungary,2004,4531800000
hungary,2005,4213000000
hungary,2006,4091300000
hungary,2007,4887700000
hungary,2008,5466900000
hungary,2009,4006100000
hungary,2010,4010400000
hungary,2011,5670900000
hungary,2012,5012300000
hungary,2013,5314900000
hungary,2014,5551200000
hungary,2015,4743600000
hungary,2016,5003100000
hungary,2017,5372700000
hungary,2018,5597900000
hungary,2019,5465800000
hungary,2020,5330800000
hungary,2021,6348800000
hungary,2022,5741400000
iceland,1970,52518000
iceland,1971,67371000
iceland,1972,82233000
iceland,1973,115820000
iceland,1974,155970000
iceland,1975,126900000
iceland,1976,146250000
iceland,1977,224570000
iceland,1978,267920000
iceland,1979,299870000
iceland,1980,338300000
iceland,1981,329160000
iceland,1982,247000000
iceland,1983,213470000
iceland,1984,235270000
iceland,1985,284880000
iceland,1986,398270000
iceland,1987,563660000
iceland,1988,604810000
iceland,1989,529710000
iceland,1990,619880000
iceland,1991,683120000
iceland,1992,681450000
iceland,1993,594790000
iceland,1994,580180000
iceland,1995,667200000
iceland,1996,679350000
iceland,1997,609050000
iceland,1998,689580000
iceland,1999,682700000
iceland,2000,629900000
iceland,2001,615010000
iceland,2002,698320000
iceland,2003,734170000
iceland,2004,730520000
iceland,2005,792720000
iceland,2006,830250000
iceland,2007,894270000
iceland,2008,864300000
iceland,2009,743350000
iceland,2010,864150000
iceland,2011,976920000
iceland,2012,965940000
iceland,2013,942300000
iceland,2014,941120000
iceland,2015,926770000
iceland,2016,951220000
iceland,2017,933800000
iceland,2018,1025000000
iceland,2019,1081000000
iceland,2020,1000000000
iceland,2021,1105500000
iceland,2022,1133200000
india,1961,15783000000
india,1962,16115000000
india,1963,18965000000
india,1964,23172000000
india,1965,23108000000
india,1966,18286000000
india,1967,21358000000
india,1968,22015000000
india,1969,24079000000
india,1970,25160000000
india,1971,25729000000
india,1972,27918000000
india,1973,36087000000
india,1974,37781000000
india,1975,36221000000
india,1976,34591000000
india,1977,41995000000
india,1978,46034000000
india,1979,48016000000
india,1980,62413000000
india,1981,64012000000
india,1982,62475000000
india,1983,70312000000
india,1984,66614000000
india,1985,65681000000
india,1986,68749000000
india,1987,74978000000
india,1988,86228000000
india,1989,82375000000
india,1990,88952000000
india,1991,79919000000
india,1992,78356000000
india,1993,77177000000
india,1994,86421000000
india,1995,90911000000
india,1996,99531000000
india,1997,104000000000
india,1998,104000000000
india,1999,104000000000
india,2000,100000000000
india,2001,104000000000
india,2002,97635000000
india,2003,115000000000
india,2004,125000000000
india,2005,145000000000
india,2006,158000000000
india,2007,198000000000
india,2008,213000000000
india,2009,221000000000
india,2010,285000000000
india,2011,322000000000
india,2012,313000000000
india,2013,329000000000
india,2014,343000000000
india,2015,347000000000
india,2016,375000000000
india,2017,435000000000
india,2018,443000000000
india,2019,478000000000
india,2020,499000000000
india,2021,550000000000
india,2022,580000000000
indonesia,1970,4192300000
indonesia,1971,4056600000
indonesia,1972,4275100000
indonesia,1973,6306700000
indonesia,1974,8138200000
indonesia,1975,9315800000
indonesia,1976,11198000000
indonesia,1977,13744000000
indonesia,1978,14651000000
indonesia,1979,13945000000
indonesia,1980,17391000000
indonesia,1981,20941000000
indonesia,1982,21993000000
indonesia,1983,18869000000
indonesia,1984,19223000000
indonesia,1985,19578000000
indonesia,1986,18728000000
indonesia,1987,17106000000
indonesia,1988,19280000000
indonesia,1989,21222000000
indonesia,1990,21451000000
indonesia,1991,22599000000
indonesia,1992,25095000000
indonesia,1993,27285000000
indonesia,1994,29532000000
indonesia,1995,33457000000
indonesia,1996,36611000000
indonesia,1997,33531000000
indonesia,1998,16669000000
indonesia,1999,26519000000
indonesia,2000,24988000000
indonesia,2001,23810000000
indonesia,2002,29351000000
indonesia,2003,34601000000
indonesia,2004,35735000000
indonesia,2005,36419000000
indonesia,2006,45905000000
indonesia,2007,57539000000
indonesia,2008,71713000000
indonesia,2009,80076000000
indonesia,2010,105000000000
indonesia,2011,121000000000
indonesia,2012,123000000000
indonesia,2013,122000000000
indonesia,2014,119000000000
indonesia,2015,116000000000
indonesia,2016,126000000000
indonesia,2017,134000000000
indonesia,2018,133000000000
indonesia,2019,142000000000
indonesia,2020,145000000000
indonesia,2021,158000000000
indonesia,2022,164000000000
iran_islamic_republic_of,1961,1102400000
iran_islamic_republic_of,1962,1118400000
iran_islamic_republic_of,1963,1097000000
iran_islamic_republic_of,1964,1117200000
iran_islamic_republic_of,1965,1152400000
iran_islamic_republic_of,1966,1184300000
iran_islamic_republic_of,1967,1247800000
iran_islamic_republic_of,1968,1367100000
iran_islamic_republic_of,1969,1412500000
iran_islamic_republic_of,1970,1425900000
iran_islamic_republic_of,1971,1745700000
iran_islamic_republic_of,1972,2050600000
iran_islamic_republic_of,1973,2672400000
iran_islamic_republic_of,1974,3202700000
iran_islamic_republic_of,1975,3480600000
iran_islamic_republic_of,1976,4433200000
iran_islamic_republic_of,1977,4562500000
iran_islamic_republic_of,1978,5818500000
iran_islamic_republic_of,1979,7746100000
iran_islamic_republic_of,1980,10576000000
iran_islamic_republic_of,1981,14057000000
iran_islamic_republic_of,1982,16248000000
iran_islamic_republic_of,1983,17459000000
iran_islamic_republic_of,1984,20382000000
iran_islamic_republic_of,1985,9738400000
iran_islamic_republic_of,1986,11207000000
iran_islamic_republic_of,1987,14287000000
iran_islamic_republic_of,1988,14211000000
iran_islamic_republic_of,1989,14182000000
iran_islamic_republic_of,1990,12037000000
iran_islamic_republic_of,1991,12628000000
iran_islamic_republic_of,1992,13223000000
iran_islamic_republic_of,1993,12399000000
iran_islamic_republic_of,1994,12068000000
iran_islamic_republic_of,1995,14422000000
iran_islamic_republic_of,1996,12506000000
iran_islamic_republic_of,1997,10777000000
iran_islamic_republic_of,1998,12341000000
iran_islamic_republic_of,1999,10944000000
iran_islamic_republic_of,2000,9622900000
iran_islamic_republic_of,2001,9616500000
iran_islamic_republic_of,2002,11086000000
iran_islamic_republic_of,2003,11005000000
iran_islamic_republic_of,2004,13093000000
iran_islamic_republic_of,2005,14545000000
iran_islamic_republic_of,2006,18502000000
iran_islamic_republic_of,2007,24244000000
iran_islamic_republic_of,2008,24053000000
iran_islamic_republic_of,2009,27140000000
iran_islamic_republic_of,2010,29683000000
iran_islamic_republic_of,2011,30154000000
iran_islamic_republic_of,2012,44077000000
iran_islamic_republic_of,2013,50678000000
iran_islamic_republic_of,2014,44303000000
iran_islamic_republic_of,2015,42103000000
iran_islamic_republic_of,2016,45604000000
iran_islamic_republic_of,2017,49500000000
iran_islamic_republic_of,2018,35305000000
iran_islamic_republic_of,2019,41639000000
iran_islamic_republic_of,2020,39956000000
iran_islamic_republic_of,2021,44406000000
iran_islamic_republic_of,2022,47827000000
iraq,1968,470180000
iraq,1969,451970000
iraq,1970,560180000
iraq,1971,602430000
iraq,1972,729600000
iraq,1973,661090000
iraq,1974,489510000
iraq,1975,574300000
iraq,1976,767220000
iraq,1977,856230000
iraq,1978,1000900000
iraq,1979,946920000
iraq,1980,897890000
iraq,1981,1485900000
iraq,1982,1865700000
iraq,1983,1850000000
iraq,1984,2343100000
iraq,1985,2589400000
iraq,1986,2956400000
iraq,1987,3526300000
iraq,1988,3783000000
iraq,1989,4029700000
iraq,1990,5202800000
iraq,1991,2790800000
iraq,1992,1557600000
iraq,1993,1078700000
iraq,1994,908390000
iraq,1995,764370000
iraq,1996,1191800000
iraq,1997,867690000
iraq,1998,1153300000
iraq,1999,1258900000
iraq,2000,971990000
iraq,2001,1484400000
iraq,2002,1794900000
iraq,2003,2001200000
iraq,2004,2542200000
iraq,2005,3440300000
iraq,2006,3775600000
iraq,2007,4379400000
iraq,2008,4757300000
iraq,2009,6727600000
iraq,2010,7150600000
iraq,2011,8477200000
iraq,2012,8990900000
iraq,2013,11189000000
iraq,2014,11260000000
iraq,2015,6991000000
iraq,2016,6626100000
iraq,2017,5573000000
iraq,2018,6402300000
iraq,2019,8808100000
iraq,2020,11016000000
iraq,2021,6876200000
iraq,2022,7533000000
ireland,1970,598230000
ireland,1971,671970000
ireland,1972,932890000
ireland,1973,1143500000
ireland,1974,1047100000
ireland,1975,1395000000
ireland,1976,1356600000
ireland,1977,1789300000
ireland,1978,2225700000
ireland,1979,2311400000
ireland,1980,2197900000
ireland,1981,1923800000
ireland,1982,2018400000
ireland,1983,1967700000
ireland,1984,1959100000
ireland,1985,1763000000
ireland,1986,2206100000
ireland,1987,2869100000
ireland,1988,3268000000
ireland,1989,3283400000
ireland,1990,3496900000
ireland,1991,3261500000
ireland,1992,3859600000
ireland,1993,3444300000
ireland,1994,3548700000
ireland,1995,3858200000
ireland,1996,3554600000
ireland,1997,3237100000
ireland,1998,3134800000
ireland,1999,2542900000
ireland,2000,2503900000
ireland,2001,2178300000
ireland,2002,2221100000
ireland,2003,2431600000
ireland,2004,3054100000
ireland,2005,2189000000
ireland,2006,2136900000
ireland,2007,2813800000
ireland,2008,2332000000
ireland,2009,1313900000
ireland,2010,2116400000
ireland,2011,2883300000
ireland,2012,2223700000
ireland,2013,2580300000
ireland,2014,3217600000
ireland,2015,2607500000
ireland,2016,2824300000
ireland,2017,3962500000
ireland,2018,3438600000
ireland,2019,3613300000
ireland,2020,3957400000
ireland,2021,5091000000
ireland,2022,5896700000
israel,1970,361700000
israel,1971,368720000
israel,1972,444020000
israel,1973,544990000
israel,1974,786890000
israel,1975,772030000
israel,1976,880840000
israel,1977,908380000
israel,1978,827590000
israel,1979,1051200000
israel,1980,1199300000
israel,1981,1290300000
israel,1982,1013000000
israel,1983,983880000
israel,1984,1047900000
israel,1985,1092700000
israel,1986,1254800000
israel,1987,1370400000
israel,1988,1459700000
israel,1989,1359000000
israel,1990,1553900000
israel,1991,1428000000
israel,1992,1686900000
israel,1993,1434000000
israel,1994,1688700000
israel,1995,1819300000
israel,1996,1852300000
israel,1997,1827500000
israel,1998,2038900000
israel,1999,1785000000
israel,2000,1762300000
israel,2001,2011200000
israel,2002,1924700000
israel,2003,1896800000
israel,2004,1919900000
israel,2005,2357000000
israel,2006,2450900000
israel,2007,2730200000
israel,2008,3397300000
israel,2009,3852100000
israel,2010,4383400000
israel,2011,4952800000
israel,2012,3923400000
israel,2013,4523700000
israel,2014,4363500000
israel,2015,4303900000
israel,2016,4666100000
israel,2017,5130000000
israel,2018,5219300000
israel,2019,5387300000
israel,2020,5440500000
israel,2021,6160400000
israel,2022,6109500000
italy,1970,9082100000
italy,1971,9556300000
italy,1972,10230000000
italy,1973,13194000000
italy,1974,13445000000
italy,1975,16185000000
italy,1976,14852000000
italy,1977,16314000000
italy,1978,19676000000
italy,1979,23620000000
italy,1980,27056000000
italy,1981,22898000000
italy,1982,21644000000
italy,1983,22640000000
italy,1984,20338000000
italy,1985,19776000000
italy,1986,26813000000
italy,1987,32143000000
italy,1988,31919000000
italy,1989,32292000000
italy,1990,37595000000
italy,1991,40417000000
italy,1992,41177000000
italy,1993,32035000000
italy,1994,32890000000
italy,1995,34979000000
italy,1996,39041000000
italy,1997,35542000000
italy,1998,35167000000
italy,1999,34082000000
italy,2000,29323000000
italy,2001,29054000000
italy,2002,30135000000
italy,2003,37116000000
italy,2004,42324000000
italy,2005,37774000000
italy,2006,37901000000
italy,2007,41911000000
italy,2008,44971000000
italy,2009,39500000000
italy,2010,37890000000
italy,2011,43168000000
italy,2012,41131000000
italy,2013,45922000000
italy,2014,43136000000
italy,2015,37916000000
italy,2016,36172000000
italy,2017,38700000000
italy,2018,40697000000
italy,2019,38361000000
italy,2020,38105000000
italy,2021,40926000000
italy,2022,39353000000
jamaica,1970,101180000
jamaica,1971,131080000
jamaica,1972,146930000
jamaica,1973,148990000
jamaica,1974,190440000
jamaica,1975,236690000
jamaica,1976,264770000
jamaica,1977,307800000
jamaica,1978,236260000
jamaica,1979,196460000
jamaica,1980,247510000
jamaica,1981,250980000
jamaica,1982,249910000
jamaica,1983,262110000
jamaica,1984,155170000
jamaica,1985,135810000
jamaica,1986,215250000
jamaica,1987,261510000
jamaica,1988,285250000
jamaica,1989,317540000
jamaica,1990,308770000
jamaica,1991,285130000
jamaica,1992,324710000
jamaica,1993,416020000
jamaica,1994,463820000
jamaica,1995,565480000
jamaica,1996,591790000
jamaica,1997,641250000
jamaica,1998,630150000
jamaica,1999,593620000
jamaica,2000,561160000
jamaica,2001,562810000
jamaica,2002,538870000
jamaica,2003,491680000
jamaica,2004,506920000
jamaica,2005,583130000
jamaica,2006,615100000
jamaica,2007,591020000
jamaica,2008,671640000
jamaica,2009,663270000
jamaica,2010,696590000
jamaica,2011,815740000
jamaica,2012,854570000
jamaica,2013,852980000
jamaica,2014,830130000
jamaica,2015,895640000
jamaica,2016,928920000
jamaica,2017,982100000
jamaica,2018,1037000000
jamaica,2019,1111300000
jamaica,2020,1199400000
jamaica,2021,1222600000
jamaica,2022,1384800000
japan,1970,11772000000
japan,1971,11508000000
japan,1972,15729000000
japan,1973,23199000000
japan,1974,24266000000
japan,1975,25902000000
japan,1976,28244000000
japan,1977,33063000000
japan,1978,42361000000
japan,1979,41466000000
japan,1980,36845000000
japan,1981,38968000000
japan,1982,35165000000
japan,1983,38041000000
japan,1984,39838000000
japan,1985,40703000000
japan,1986,56742000000
japan,1987,65193000000
japan,1988,74041000000
japan,1989,71802000000
japan,1990,71755000000
japan,1991,76582000000
japan,1992,79757000000
japan,1993,83698000000
japan,1994,94583000000
japan,1995,91226000000
japan,1996,81410000000
japan,1997,68641000000
japan,1998,65709000000
japan,1999,73066000000
japan,2000,75414000000
japan,2001,59824000000
japan,2002,57576000000
japan,2003,58710000000
japan,2004,60232000000
japan,2005,53708000000
japan,2006,49813000000
japan,2007,48241000000
japan,2008,53830000000
japan,2009,57249000000
japan,2010,63827000000
japan,2011,67335000000
japan,2012,70429000000
japan,2013,55601000000
japan,2014,48804000000
japan,2015,45966000000
japan,2016,56290000000
japan,2017,55642000000
japan,2018,52639000000
japan,2019,53173000000
japan,2020,51906000000
japan,2021,47598000000
japan,2022,42575000000
jordan,1965,84850000
jordan,1966,66088000
jordan,1967,99412000
jordan,1968,54327000
jordan,1969,87370000
jordan,1970,45546000
jordan,1971,69779000
jordan,1972,77662000
jordan,1973,55854000
jordan,1974,98092000
jordan,1975,84777000
jordan,1976,117160000
jordan,1977,132060000
jordan,1978,199930000
jordan,1979,151380000
jordan,1980,242900000
jordan,1981,236990000
jordan,1982,241980000
jordan,1983,315910000
jordan,1984,242120000
jordan,1985,294080000
jordan,1986,391960000
jordan,1987,489470000
jordan,1988,429810000
jordan,1989,299650000
jordan,1990,348410000
jordan,1991,386350000
jordan,1992,446190000
jordan,1993,352900000
jordan,1994,339020000
jordan,1995,305090000
jordan,1996,275400000
jordan,1997,256940000
jordan,1998,250620000
jordan,1999,200730000
jordan,2000,209400000
jordan,2001,215310000
jordan,2002,257970000
jordan,2003,308310000
jordan,2004,349880000
jordan,2005,426450000
jordan,2006,477760000
jordan,2007,531940000
jordan,2008,651960000
jordan,2009,794220000
jordan,2010,970090000
jordan,2011,1034800000
jordan,2012,1045600000
jordan,2013,1234500000
jordan,2014,1462300000
jordan,2015,1694800000
jordan,2016,1797700000
jordan,2017,1848200000
jordan,2018,1900000000
jordan,2019,1945600000
jordan,2020,2008500000
jordan,2021,2095800000
jordan,2022,2215500000
kazakhstan,1992,6108200000
kazakhstan,1993,4039000000
kazakhstan,1994,3279600000
kazakhstan,1995,2534200000
kazakhstan,1996,2556200000
kazakhstan,1997,2528400000
kazakhstan,1998,1896100000
kazakhstan,1999,1667900000
kazakhstan,2000,1483600000
kazakhstan,2001,1932800000
kazakhstan,2002,1969900000
kazakhstan,2003,2424200000
kazakhstan,2004,3073700000
kazakhstan,2005,3638500000
kazakhstan,2006,4451800000
kazakhstan,2007,5934800000
kazakhstan,2008,7093500000
kazakhstan,2009,7087900000
kazakhstan,2010,6677700000
kazakhstan,2011,9610100000
kazakhstan,2012,8919700000
kazakhstan,2013,10657000000
kazakhstan,2014,9586300000
kazakhstan,2015,8685700000
kazakhstan,2016,6254400000
kazakhstan,2017,7534600000
kazakhstan,2018,7883500000
kazakhstan,2019,8113900000
kazakhstan,2020,9223500000
kazakhstan,2021,9914800000
kazakhstan,2022,11832000000
kenya,1961,270190000
kenya,1962,326190000
kenya,1963,356270000
kenya,1964,367860000
kenya,1965,323510000
kenya,1966,404180000
kenya,1967,414850000
kenya,1968,429070000
kenya,1969,450600000
kenya,1970,566810000
kenya,1971,586470000
kenya,1972,688030000
kenya,1973,809960000
kenya,1974,944980000
kenya,1975,998360000
kenya,1976,1174700000
kenya,1977,1688100000
kenya,1978,1726200000
kenya,1979,1850100000
kenya,1980,1984200000
kenya,1981,1878700000
kenya,1982,1890900000
kenya,1983,1813900000
kenya,1984,1855500000
kenya,1985,1782100000
kenya,1986,2115200000
kenya,1987,2198100000
kenya,1988,2333200000
kenya,1989,2241800000
kenya,1990,2163300000
kenya,1991,1888500000
kenya,1992,1855100000
kenya,1993,1360200000
kenya,1994,1690200000
kenya,1995,2420500000
kenya,1996,2350300000
kenya,1997,2576100000
kenya,1998,2773800000
kenya,1999,2629400000
kenya,2000,2585600000
kenya,2001,2526400000
kenya,2002,2375500000
kenya,2003,2686700000
kenya,2004,2802900000
kenya,2005,3173300000
kenya,2006,3743700000
kenya,2007,4647900000
kenya,2008,5628800000
kenya,2009,6883500000
kenya,2010,7976700000
kenya,2011,8855800000
kenya,2012,10619000000
kenya,2013,11481000000
kenya,2014,12529000000
kenya,2015,13652000000
kenya,2016,14989000000
kenya,2017,17140000000
kenya,2018,18731000000
kenya,2019,20940000000
kenya,2020,22852000000
kenya,2021,23561000000
kenya,2022,24006000000
kiribati,1970,2521600
kiribati,1971,2305100
kiribati,1972,3017900
kiribati,1973,4509800
kiribati,1974,5336400
kiribati,1975,5683900
kiribati,1976,4689800
kiribati,1977,4886600
kiribati,1978,6287700
kiribati,1979,6331100
kiribati,1980,4026800
kiribati,1981,4341900
kiribati,1982,3053600
kiribati,1983,4317300
kiribati,1984,7468400
kiribati,1985,3677300
kiribati,1986,2360300
kiribati,1987,2694500
kiribati,1988,6463500
kiribati,1989,4733700
kiribati,1990,2590200
kiribati,1991,3921300
kiribati,1992,23934000
kiribati,1993,21765000
kiribati,1994,24199000
kiribati,1995,23806000
kiribati,1996,26040000
kiribati,1997,23454000
kiribati,1998,20610000
kiribati,1999,20773000
kiribati,2000,16056000
kiribati,2001,14651000
kiribati,2002,16085000
kiribati,2003,21183000
kiribati,2004,23537000
kiribati,2005,22755000
kiribati,2006,24298000
kiribati,2007,30734000
kiribati,2008,34828000
kiribati,2009,35238000
kiribati,2010,37571000
kiribati,2011,45562000
kiribati,2012,46297000
kiribati,2013,42663000
kiribati,2014,42671000
kiribati,2015,36921000
kiribati,2016,47016000
kiribati,2017,57389000
kiribati,2018,49736000
kiribati,2019,45378000
kiribati,2020,47022000
kiribati,2021,52563000
kiribati,2022,56251000
kuwait,1970,5600000
kuwait,1971,8424700
kuwait,1972,9120000
kuwait,1973,13487000
kuwait,1974,17056000
kuwait,1975,20687000
kuwait,1976,23941000
kuwait,1977,27917000
kuwait,1978,36357000
kuwait,1979,43421000
kuwait,1980,55494000
kuwait,1981,86088000
kuwait,1982,79886000
kuwait,1983,61755000
kuwait,1984,94575000
kuwait,1985,129670000
kuwait,1986,137650000
kuwait,1987,107660000
kuwait,1988,100350000
kuwait,1989,159980000
kuwait,1990,162940000
kuwait,1991,31660000
kuwait,1992,51156000
kuwait,1993,69574000
kuwait,1994,104420000
kuwait,1995,113920000
kuwait,1996,124240000
kuwait,1997,118680000
kuwait,1998,114850000
kuwait,1999,128110000
kuwait,2000,133660000
kuwait,2001,156510000
kuwait,2002,197420000
kuwait,2003,218110000
kuwait,2004,237530000
kuwait,2005,243150000
kuwait,2006,237790000
kuwait,2007,246290000
kuwait,2008,234350000
kuwait,2009,277980000
kuwait,2010,519880000
kuwait,2011,673960000
kuwait,2012,625140000
kuwait,2013,617090000
kuwait,2014,732370000
kuwait,2015,616250000
kuwait,2016,567290000
kuwait,2017,633590000
kuwait,2018,618300000
kuwait,2019,523700000
kuwait,2020,484690000
kuwait,2021,590470000
kuwait,2022,743420000
kyrgyzstan,1992,820960000
kyrgyzstan,1993,740090000
kyrgyzstan,1994,592620000
kyrgyzstan,1995,606790000
kyrgyzstan,1996,845920000
kyrgyzstan,1997,727770000
kyrgyzstan,1998,591310000
kyrgyzstan,1999,435780000
kyrgyzstan,2000,468290000
kyrgyzstan,2001,527400000
kyrgyzstan,2002,552310000
kyrgyzstan,2003,645910000
kyrgyzstan,2004,661400000
kyrgyzstan,2005,700600000
kyrgyzstan,2006,812660000
kyrgyzstan,2007,1021900000
kyrgyzstan,2008,1206900000
kyrgyzstan,2009,879690000
kyrgyzstan,2010,836530000
kyrgyzstan,2011,1026700000
kyrgyzstan,2012,1100000000
kyrgyzstan,2013,1073700000
kyrgyzstan,2014,1099200000
kyrgyzstan,2015,939000000
kyrgyzstan,2016,874420000
kyrgyzstan,2017,963990000
kyrgyzstan,2018,965680000
kyrgyzstan,2019,1034800000
kyrgyzstan,2020,1056200000
kyrgyzstan,2021,1204700000
kyrgyzstan,2022,1324800000
lao_people_s_democratic_republic,1970,49244000
lao_people_s_democratic_republic,1971,54314000
lao_people_s_democratic_republic,1972,58613000
lao_people_s_democratic_republic,1973,67234000
lao_people_s_democratic_republic,1974,76000000
lao_people_s_democratic_republic,1975,88510000
lao_people_s_democratic_republic,1976,96091000
lao_people_s_democratic_republic,1977,100040000
lao_people_s_democratic_republic,1978,108300000
lao_people_s_democratic_republic,1979,115260000
lao_people_s_democratic_republic,1980,137170000
lao_people_s_democratic_republic,1981,173310000
lao_people_s_democratic_republic,1982,197680000
lao_people_s_democratic_republic,1983,216850000
lao_people_s_democratic_republic,1984,243010000
lao_people_s_democratic_republic,1985,247700000
lao_people_s_democratic_republic,1986,277210000
lao_people_s_democratic_republic,1987,284170000
lao_people_s_democratic_republic,1988,298040000
lao_people_s_democratic_republic,1989,358450000
lao_people_s_democratic_republic,1990,402220000
lao_people_s_democratic_republic,1991,451940000
lao_people_s_democratic_republic,1992,526970000
lao_people_s_democratic_republic,1993,576470000
lao_people_s_democratic_republic,1994,680500000
lao_people_s_democratic_republic,1995,744670000
lao_people_s_democratic_republic,1996,758800000
lao_people_s_democratic_republic,1997,905870000
lao_people_s_democratic_republic,1998,434480000
lao_people_s_democratic_republic,1999,499040000
lao_people_s_democratic_republic,2000,581490000
lao_people_s_democratic_republic,2001,573100000
lao_people_s_democratic_republic,2002,587030000
lao_people_s_democratic_republic,2003,645950000
lao_people_s_democratic_republic,2004,722260000
lao_people_s_democratic_republic,2005,774030000
lao_people_s_democratic_republic,2006,922940000
lao_people_s_democratic_republic,2007,1089000000
lao_people_s_democratic_republic,2008,1316100000
lao_people_s_democratic_republic,2009,1411900000
lao_people_s_democratic_republic,2010,1610600000
lao_people_s_democratic_republic,2011,1875100000
lao_people_s_democratic_republic,2012,1890300000
lao_people_s_democratic_republic,2013,2141300000
lao_people_s_democratic_republic,2014,2368200000
lao_people_s_democratic_republic,2015,2531000000
lao_people_s_democratic_republic,2016,2723400000
lao_people_s_democratic_republic,2017,2765500000
lao_people_s_democratic_republic,2018,2850000000
lao_people_s_democratic_republic,2019,3007900000
lao_people_s_democratic_republic,2020,3151200000
lao_people_s_democratic_republic,2021,3043000000
lao_people_s_democratic_republic,2022,2738800000
latvia,1992,954420000
latvia,1993,540300000
latvia,1994,435530000
latvia,1995,424040000
latvia,1996,403930000
latvia,1997,324270000
latvia,1998,273810000
latvia,1999,275570000
latvia,2000,355400000
latvia,2001,369050000
latvia,2002,429950000
latvia,2003,463250000
latvia,2004,605870000
latvia,2005,633070000
latvia,2006,702320000
latvia,2007,1019900000
latvia,2008,1059400000
latvia,2009,847820000
latvia,2010,972290000
latvia,2011,1022000000
latvia,2012,973400000
latvia,2013,958470000
latvia,2014,1109900000
latvia,2015,952370000
latvia,2016,914780000
latvia,2017,1082900000
latvia,2018,1237800000
latvia,2019,1286800000
latvia,2020,1376300000
latvia,2021,1631500000
latvia,2022,2052800000
lebanon,1970,74886000
lebanon,1971,79422000
lebanon,1972,113780000
lebanon,1973,139930000
lebanon,1974,177940000
lebanon,1975,164560000
lebanon,1976,75484000
lebanon,1977,131840000
lebanon,1978,146880000
lebanon,1979,169690000
lebanon,1980,216670000
lebanon,1981,192280000
lebanon,1982,131120000
lebanon,1983,139000000
lebanon,1984,97609000
lebanon,1985,83992000
lebanon,1986,103680000
lebanon,1987,80133000
lebanon,1988,131500000
lebanon,1989,104270000
lebanon,1990,108880000
lebanon,1991,131930000
lebanon,1992,251680000
lebanon,1993,347850000
lebanon,1994,471420000
lebanon,1995,604710000
lebanon,1996,668800000
lebanon,1997,718250000
lebanon,1998,723680000
lebanon,1999,746500000
lebanon,2000,760820000
lebanon,2001,728760000
lebanon,2002,766940000
lebanon,2003,772600000
lebanon,2004,808500000
lebanon,2005,769530000
lebanon,2006,984360000
lebanon,2007,1214700000
lebanon,2008,1316700000
lebanon,2009,1398600000
lebanon,2010,1484700000
lebanon,2011,1519100000
lebanon,2012,1657000000
lebanon,2013,1854300000
lebanon,2014,1934800000
lebanon,2015,1640000000
lebanon,2016,1394900000
lebanon,2017,1481000000
lebanon,2018,1774400000
lebanon,2019,1646800000
lebanon,2020,3487700000
lebanon,2021,1601900000
lebanon,2022,1768400000
lesotho,1961,31920000
lesotho,1962,36913000
lesotho,1963,39410000
lesotho,1964,42442000
lesotho,1965,43511000
lesotho,1966,31385000
lesotho,1967,27284000
lesotho,1968,28532000
lesotho,1969,27819000
lesotho,1970,17010000
lesotho,1971,12146000
lesotho,1972,19831000
lesotho,1973,34210000
lesotho,1974,33937000
lesotho,1975,30575000
lesotho,1976,25428000
lesotho,1977,40684000
lesotho,1978,45278000
lesotho,1979,55653000
lesotho,1980,64106000
lesotho,1981,74004000
lesotho,1982,52584000
lesotho,1983,56059000
lesotho,1984,45707000
lesotho,1985,38820000
lesotho,1986,45437000
lesotho,1987,52362000
lesotho,1988,61219000
lesotho,1989,57689000
lesotho,1990,67468000
lesotho,1991,45305000
lesotho,1992,66523000
lesotho,1993,62615000
lesotho,1994,66640000
lesotho,1995,77522000
lesotho,1996,67929000
lesotho,1997,64400000
lesotho,1998,68977000
lesotho,1999,71964000
lesotho,2000,63225000
lesotho,2001,62257000
lesotho,2002,45194000
lesotho,2003,65052000
lesotho,2004,79701000
lesotho,2005,83135000
lesotho,2006,76739000
lesotho,2007,82256000
lesotho,2008,86526000
lesotho,2009,95811000
lesotho,2010,108640000
lesotho,2011,117190000
lesotho,2012,121320000
lesotho,2013,119810000
lesotho,2014,96684000
lesotho,2015,89241000
lesotho,2016,104120000
lesotho,2017,114410000
lesotho,2018,108580000
lesotho,2019,106690000
lesotho,2020,108920000
lesotho,2021,143680000
lesotho,2022,139540000
liberia,1964,59685000
liberia,1965,61222000
liberia,1966,60197000
liberia,1967,62844000
liberia,1968,64125000
liberia,1969,75566000
liberia,1970,73265000
liberia,1971,74041000
liberia,1972,74352000
liberia,1973,58550000
liberia,1974,74972000
liberia,1975,63854000
liberia,1976,79766000
liberia,1977,98127000
liberia,1978,120670000
liberia,1979,142500000
liberia,1980,162180000
liberia,1981,302950000
liberia,1982,290500000
liberia,1983,341200000
liberia,1984,365880000
liberia,1985,358340000
liberia,1986,350480000
liberia,1987,389450000
liberia,1988,420250000
liberia,1989,437270000
liberia,1990,300130000
liberia,1991,277870000
liberia,1992,164570000
liberia,1993,115890000
liberia,1994,99516000
liberia,1995,158390000
liberia,1996,182010000
liberia,1997,277290000
liberia,1998,344480000
liberia,1999,411660000
liberia,2000,432430000
liberia,2001,480190000
liberia,2002,524180000
liberia,2003,404430000
liberia,2004,460640000
liberia,2005,404000000
liberia,2006,445000000
liberia,2007,516000000
liberia,2008,585000000
liberia,2009,663000000
liberia,2010,639000000
liberia,2011,745000000
liberia,2012,968000000
liberia,2013,1258000000
liberia,2014,1636000000
liberia,2015,1588600000
liberia,2016,1776000000
liberia,2017,1773000000
liberia,2018,1770100000
liberia,2019,1747200000
liberia,2020,1828200000
liberia,2021,1915300000
liberia,2022,2200000000
libya,1970,101220000
libya,1971,101140000
libya,1972,144750000
libya,1973,218400000
libya,1974,238670000
libya,1975,305810000
libya,1976,367790000
libya,1977,332000000
libya,1978,450420000
libya,1979,517920000
libya,1980,675070000
libya,1981,777250000
libya,1982,814140000
libya,1983,940670000
libya,1984,954690000
libya,1985,1044700000
libya,1986,1175700000
libya,1987,1136000000
libya,1988,1955100000
libya,1989,2054900000
libya,1990,2355100000
libya,1991,2599800000
libya,1992,2771900000
libya,1993,2609700000
libya,1994,2253300000
libya,1995,2116500000
libya,1996,2332400000
libya,1997,2606600000
libya,1998,2827400000
libya,1999,2964000000
libya,2000,2661400000
libya,2001,2181300000
libya,2002,997180000
libya,2003,987510000
libya,2004,954400000
libya,2005,1015000000
libya,2006,912040000
libya,2007,1048600000
libya,2008,1199700000
libya,2009,1312300000
libya,2010,1356500000
libya,2011,1472900000
libya,2012,1680200000
libya,2013,1820100000
libya,2014,2017600000
libya,2015,2136900000
libya,2016,2301800000
libya,2017,2602200000
libya,2018,2806800000
libya,2019,2831700000
libya,2020,1814900000
libya,2021,1511300000
libya,2022,1599600000
liechtenstein,1970,2442200
liechtenstein,1971,2843500
liechtenstein,1972,3387000
liechtenstein,1973,4550600
liechtenstein,1974,5482600
liechtenstein,1975,6308100
liechtenstein,1976,7103400
liechtenstein,1977,8330700
liechtenstein,1978,11516000
liechtenstein,1979,13747000
liechtenstein,1980,15412000
liechtenstein,1981,13191000
liechtenstein,1982,13559000
liechtenstein,1983,13860000
liechtenstein,1984,14533000
liechtenstein,1985,14507000
liechtenstein,1986,20614000
liechtenstein,1987,25870000
liechtenstein,1988,29657000
liechtenstein,1989,29461000
liechtenstein,1990,33417000
liechtenstein,1991,33345000
liechtenstein,1992,32864000
liechtenstein,1993,29917000
liechtenstein,1994,31058000
liechtenstein,1995,36589000
liechtenstein,1996,31688000
liechtenstein,1997,30212000
liechtenstein,1998,5661000
liechtenstein,1999,5179600
liechtenstein,2000,4684000
liechtenstein,2001,4201100
liechtenstein,2002,4596900
liechtenstein,2003,4824200
liechtenstein,2004,6011600
liechtenstein,2005,5450700
liechtenstein,2006,5295500
liechtenstein,2007,6039900
liechtenstein,2008,7075300
liechtenstein,2009,6373800
liechtenstein,2010,6319600
liechtenstein,2011,7711400
liechtenstein,2012,6933800
liechtenstein,2013,7448200
liechtenstein,2014,8198300
liechtenstein,2015,6921700
liechtenstein,2016,7205200
liechtenstein,2017,8733700
liechtenstein,2018,9305800
liechtenstein,2019,8955200
liechtenstein,2020,13527000
liechtenstein,2021,12803000
liechtenstein,2022,13353000
lithuania,1992,993310000
lithuania,1993,906680000
lithuania,1994,607690000
lithuania,1995,661850000
lithuania,1996,917260000
lithuania,1997,953380000
lithuania,1998,861200000
lithuania,1999,700320000
lithuania,2000,643790000
lithuania,2001,596500000
lithuania,2002,680780000
lithuania,2003,830700000
lithuania,2004,944090000
lithuania,2005,1130300000
lithuania,2006,1166100000
lithuania,2007,1379400000
lithuania,2008,1571100000
lithuania,2009,948300000
lithuania,2010,1123000000
lithuania,2011,1521100000
lithuania,2012,1708900000
lithuania,2013,1648900000
lithuania,2014,1662800000
lithuania,2015,1416800000
lithuania,2016,1337300000
lithuania,2017,1675100000
lithuania,2018,1547800000
lithuania,2019,1699200000
lithuania,2020,2001300000
lithuania,2021,2268700000
lithuania,2022,2816900000
luxembourg,1970,39644000
luxembourg,1971,40444000
luxembourg,1972,53298000
luxembourg,1973,70887000
luxembourg,1974,67070000
luxembourg,1975,73025000
luxembourg,1976,65403000
luxembourg,1977,77483000
luxembourg,1978,100460000
luxembourg,1979,111940000
luxembourg,1980,107800000
luxembourg,1981,95465000
luxembourg,1982,107310000
luxembourg,1983,87570000
luxembourg,1984,80174000
luxembourg,1985,86408000
luxembourg,1986,116620000
luxembourg,1987,133950000
luxembourg,1988,141530000
luxembourg,1989,147700000
luxembourg,1990,167380000
luxembourg,1991,132520000
luxembourg,1992,156220000
luxembourg,1993,152730000
luxembourg,1994,158460000
luxembourg,1995,194900000
luxembourg,1996,170270000
luxembourg,1997,139200000
luxembourg,1998,156620000
luxembourg,1999,156210000
luxembourg,2000,126400000
luxembourg,2001,119730000
luxembourg,2002,162570000
luxembourg,2003,137420000
luxembourg,2004,187410000
luxembourg,2005,134250000
luxembourg,2006,133660000
luxembourg,2007,187130000
luxembourg,2008,180380000
luxembourg,2009,126580000
luxembourg,2010,150740000
luxembourg,2011,154730000
luxembourg,2012,172140000
luxembourg,2013,170720000
luxembourg,2014,198960000
luxembourg,2015,134350000
luxembourg,2016,133180000
luxembourg,2017,154140000
luxembourg,2018,166610000
luxembourg,2019,150520000
luxembourg,2020,146730000
luxembourg,2021,163170000
luxembourg,2022,196770000
madagascar,1966,204140000
madagascar,1967,218590000
madagascar,1968,225630000
madagascar,1969,226080000
madagascar,1970,328350000
madagascar,1971,354890000
madagascar,1972,421620000
madagascar,1973,556010000
madagascar,1974,790510000
madagascar,1975,936290000
madagascar,1976,874910000
madagascar,1977,933930000
madagascar,1978,1027200000
madagascar,1979,1234300000
madagascar,1980,1456800000
madagascar,1981,1426000000
madagascar,1982,1447400000
madagascar,1983,1507800000
madagascar,1984,1244100000
madagascar,1985,1208800000
madagascar,1986,1457200000
madagascar,1987,1094100000
madagascar,1988,979920000
madagascar,1989,1011400000
madagascar,1990,1227100000
madagascar,1991,1110200000
madagascar,1992,1251800000
madagascar,1993,1440900000
madagascar,1994,1472300000
madagascar,1995,1301500000
madagascar,1996,1599300000
madagascar,1997,1397600000
madagascar,1998,1419400000
madagascar,1999,1380900000
madagascar,2000,1386600000
madagascar,2001,1574700000
madagascar,2002,1772400000
madagascar,2003,1979900000
madagascar,2004,1543600000
madagascar,2005,1748400000
madagascar,2006,1872400000
madagascar,2007,2392600000
madagascar,2008,2901400000
madagascar,2009,2929800000
madagascar,2010,2902800000
madagascar,2011,3355800000
madagascar,2012,3242200000
madagascar,2013,3291400000
madagascar,2014,3236600000
madagascar,2015,2914900000
madagascar,2016,2978000000
madagascar,2017,3234800000
madagascar,2018,3298700000
madagascar,2019,3237900000
madagascar,2020,3279900000
madagascar,2021,3375000000
madagascar,2022,3349500000
malawi,1961,84840000
malawi,1962,89040000
malawi,1963,93940000
malawi,1964,93660000
malawi,1965,110040000
malawi,1966,119560000
malawi,1967,118750000
malawi,1968,103920000
malawi,1969,110880000
malawi,1970,470010000
malawi,1971,584010000
malawi,1972,665500000
malawi,1973,486630000
malawi,1974,596830000
malawi,1975,632120000
malawi,1976,718970000
malawi,1977,928690000
malawi,1978,984530000
malawi,1979,1096500000
malawi,1980,1158800000
malawi,1981,987920000
malawi,1982,937510000
malawi,1983,958720000
malawi,1984,979820000
malawi,1985,872070000
malawi,1986,879150000
malawi,1987,893740000
malawi,1988,1031400000
malawi,1989,1253500000
malawi,1990,1407100000
malawi,1991,1698500000
malawi,1992,1222100000
malawi,1993,1802800000
malawi,1994,513300000
malawi,1995,729850000
malawi,1996,1035300000
malawi,1997,1024300000
malawi,1998,1146000000
malawi,1999,1214100000
malawi,2000,1237400000
malawi,2001,1204800000
malawi,2002,1356900000
malawi,2003,1162400000
malawi,2004,1206800000
malawi,2005,1203300000
malawi,2006,1234100000
malawi,2007,1219600000
malawi,2008,1595000000
malawi,2009,1883900000
malawi,2010,2061100000
malawi,2011,2348300000
malawi,2012,1780900000
malawi,2013,1679100000
malawi,2014,1931300000
malawi,2015,2034900000
malawi,2016,1667500000
malawi,2017,2050400000
malawi,2018,2137100000
malawi,2019,2536100000
malawi,2020,2944100000
malawi,2021,3192800000
malawi,2022,3465900000
malaysia,1961,863110000
malaysia,1962,860020000
malaysia,1963,881650000
malaysia,1964,889890000
malaysia,1965,916670000
malaysia,1966,991510000
malaysia,1967,1007600000
malaysia,1968,1043700000
malaysia,1969,1214300000
malaysia,1970,1113500000
malaysia,1971,1188300000
malaysia,1972,1425400000
malaysia,1973,2184700000
malaysia,1974,3083000000
malaysia,1975,2865600000
malaysia,1976,3249000000
malaysia,1977,3707200000
malaysia,1978,4107400000
malaysia,1979,5276900000
malaysia,1980,5639000000
malaysia,1981,5456200000
malaysia,1982,5763400000
malaysia,1983,5684100000
malaysia,1984,6905900000
malaysia,1985,6327700000
malaysia,1986,5598000000
malaysia,1987,6423500000
malaysia,1988,7079600000
malaysia,1989,7024400000
malaysia,1990,6699000000
malaysia,1991,7053600000
malaysia,1992,8619800000
malaysia,1993,9223000000
malaysia,1994,10175000000
malaysia,1995,11503000000
malaysia,1996,11780000000
malaysia,1997,11120000000
malaysia,1998,9608200000
malaysia,1999,8581600000
malaysia,2000,8065000000
malaysia,2001,7432900000
malaysia,2002,9061100000
malaysia,2003,10256000000
malaysia,2004,11566000000
malaysia,2005,11859000000
malaysia,2006,14008000000
malaysia,2007,19329000000
malaysia,2008,23009000000
malaysia,2009,18646000000
malaysia,2010,25731000000
malaysia,2011,34125000000
malaysia,2012,30796000000
malaysia,2013,29461000000
malaysia,2014,29997000000
malaysia,2015,24975000000
malaysia,2016,25494000000
malaysia,2017,27438000000
malaysia,2018,26953000000
malaysia,2019,26444000000
malaysia,2020,27556000000
malaysia,2021,35762000000
malaysia,2022,36275000000
maldives,1970,7800800
maldives,1971,8953700
maldives,1972,10521000
maldives,1973,12621000
maldives,1974,15409000
maldives,1975,9359400
maldives,1976,10641000
maldives,1977,9018300
maldives,1978,8758500
maldives,1979,12359000
maldives,1980,13621000
maldives,1981,13907000
maldives,1982,17082000
maldives,1983,15869000
maldives,1984,15562000
maldives,1985,17475000
maldives,1986,18463000
maldives,1987,17908000
maldives,1988,20705000
maldives,1989,22527000
maldives,1990,24125000
maldives,1991,27164000
maldives,1992,29129000
maldives,1993,30739000
maldives,1994,32527000
maldives,1995,37391000
maldives,1996,39890000
maldives,1997,42056000
maldives,1998,44596000
maldives,1999,47425000
maldives,2000,47986000
maldives,2001,54926000
maldives,2002,54905000
maldives,2003,55880000
maldives,2004,68509000
maldives,2005,89905000
maldives,2006,103890000
maldives,2007,115190000
maldives,2008,156190000
maldives,2009,127100000
maldives,2010,145820000
maldives,2011,149420000
maldives,2012,149810000
maldives,2013,178370000
maldives,2014,196230000
maldives,2015,228510000
maldives,2016,248220000
maldives,2017,253880000
maldives,2018,276920000
maldives,2019,257330000
maldives,2020,281230000
maldives,2021,278890000
maldives,2022,303810000
mali,1967,170030000
mali,1968,199020000
mali,1969,192990000
mali,1970,272030000
mali,1971,320970000
mali,1972,355000000
mali,1973,380390000
mali,1974,324420000
mali,1975,624640000
mali,1976,676950000
mali,1977,757400000
mali,1978,833510000
mali,1979,1147500000
mali,1980,956900000
mali,1981,857460000
mali,1982,732740000
mali,1983,598910000
mali,1984,554370000
mali,1985,459250000
mali,1986,739340000
mali,1987,931370000
mali,1988,959640000
mali,1989,1014700000
mali,1990,1193900000
mali,1991,1382900000
mali,1992,1293200000
mali,1993,1318600000
mali,1994,872470000
mali,1995,1059400000
mali,1996,1146100000
mali,1997,1018000000
mali,1998,1141000000
mali,1999,1203100000
mali,2000,957060000
mali,2001,1120400000
mali,2002,1251600000
mali,2003,1376700000
mali,2004,1601000000
mali,2005,1959600000
mali,2006,1995800000
mali,2007,2467100000
mali,2008,3126700000
mali,2009,3182900000
mali,2010,3451900000
mali,2011,4420000000
mali,2012,4670200000
mali,2013,4794100000
mali,2014,5301300000
mali,2015,4875500000
mali,2016,5171900000
mali,2017,5668500000
mali,2018,6332600000
mali,2019,6356500000
mali,2020,6230700000
mali,2021,6790800000
mali,2022,6769200000
malta,1970,14780000
malta,1971,15853000
malta,1972,18465000
malta,1973,21047000
malta,1974,22840000
malta,1975,25357000
malta,1976,28495000
malta,1977,32348000
malta,1978,31219000
malta,1979,34072000
malta,1980,40756000
malta,1981,41197000
malta,1982,43098000
malta,1983,45886000
malta,1984,44454000
malta,1985,43750000
malta,1986,55043000
malta,1987,65708000
malta,1988,67586000
malta,1989,67957000
malta,1990,75129000
malta,1991,76818000
malta,1992,78154000
malta,1993,69539000
malta,1994,71862000
malta,1995,84016000
malta,1996,86384000
malta,1997,84566000
malta,1998,94537000
malta,1999,90063000
malta,2000,76182000
malta,2001,89806000
malta,2002,95367000
malta,2003,106880000
malta,2004,115580000
malta,2005,117880000
malta,2006,127200000
malta,2007,145970000
malta,2008,96371000
malta,2009,125110000
malta,2010,114250000
malta,2011,95483000
malta,2012,99884000
malta,2013,112850000
malta,2014,116590000
malta,2015,102370000
malta,2016,108070000
malta,2017,89923000
malta,2018,102510000
malta,2019,74445000
malta,2020,116500000
malta,2021,160730000
malta,2022,169940000
marshall_islands,1970,760390
marshall_islands,1971,824450
marshall_islands,1972,901930
marshall_islands,1973,1049700
marshall_islands,1974,1376100
marshall_islands,1975,1509400
marshall_islands,1976,1641700
marshall_islands,1977,1827600
marshall_islands,1978,2008400
marshall_islands,1979,2310100
marshall_islands,1980,2415600
marshall_islands,1981,2805000
marshall_islands,1982,3157900
marshall_islands,1983,3775800
marshall_islands,1984,4080800
marshall_islands,1985,3970000
marshall_islands,1986,5064500
marshall_islands,1987,5684800
marshall_islands,1988,6412100
marshall_islands,1989,6580500
marshall_islands,1990,7037200
marshall_islands,1991,7595900
marshall_islands,1992,8095100
marshall_islands,1993,8597700
marshall_islands,1994,11220000
marshall_islands,1995,11599000
marshall_islands,1996,9994800
marshall_islands,1997,9476000
marshall_islands,1998,8401300
marshall_islands,1999,9026900
marshall_islands,2000,9244400
marshall_islands,2001,9076400
marshall_islands,2002,8511500
marshall_islands,2003,9005900
marshall_islands,2004,9593400
marshall_islands,2005,9826800
marshall_islands,2006,10120000
marshall_islands,2007,11053000
marshall_islands,2008,12912000
marshall_islands,2009,14474000
marshall_islands,2010,17059000
marshall_islands,2011,23944000
marshall_islands,2012,32226000
marshall_islands,2013,29578000
marshall_islands,2014,22404000
marshall_islands,2015,22912000
marshall_islands,2016,25852000
marshall_islands,2017,34080000
marshall_islands,2018,36148000
marshall_islands,2019,42826000
marshall_islands,2020,48967000
marshall_islands,2021,65661000
marshall_islands,2022,53983000
mauritania,1961,43749000
mauritania,1962,44133000
mauritania,1963,45668000
mauritania,1964,49505000
mauritania,1965,52192000
mauritania,1966,54602000
mauritania,1967,58203000
mauritania,1968,60934000
mauritania,1969,48737000
mauritania,1970,164790000
mauritania,1971,169220000
mauritania,1972,194060000
mauritania,1973,192270000
mauritania,1974,265440000
mauritania,1975,350290000
mauritania,1976,398690000
mauritania,1977,361390000
mauritania,1978,390370000
mauritania,1979,561620000
mauritania,1980,784970000
mauritania,1981,926460000
mauritania,1982,739680000
mauritania,1983,642530000
mauritania,1984,394520000
mauritania,1985,375510000
mauritania,1986,562680000
mauritania,1987,775210000
mauritania,1988,823340000
mauritania,1989,832010000
mauritania,1990,777610000
mauritania,1991,833080000
mauritania,1992,820880000
mauritania,1993,678450000
mauritania,1994,710770000
mauritania,1995,729110000
mauritania,1996,705950000
mauritania,1997,631790000
mauritania,1998,527220000
mauritania,1999,521830000
mauritania,2000,441830000
mauritania,2001,434230000
mauritania,2002,430580000
mauritania,2003,495940000
mauritania,2004,558580000
mauritania,2005,589420000
mauritania,2006,650930000
mauritania,2007,801120000
mauritania,2008,966280000
mauritania,2009,904170000
mauritania,2010,941880000
mauritania,2011,981950000
mauritania,2012,1082300000
mauritania,2013,1176100000
mauritania,2014,1238200000
mauritania,2015,1272200000
mauritania,2016,1391000000
mauritania,2017,1544900000
mauritania,2018,1767900000
mauritania,2019,1746500000
mauritania,2020,1649000000
mauritania,2021,1857200000
mauritania,2022,2059600000
mauritius,1970,39960000
mauritius,1971,47760000
mauritius,1972,66123000
mauritius,1973,90771000
mauritius,1974,231980000
mauritius,1975,171570000
mauritius,1976,146990000
mauritius,1977,148800000
mauritius,1978,165970000
mauritius,1979,203160000
mauritius,1980,124540000
mauritius,1981,147270000
mauritius,1982,147340000
mauritius,1983,130140000
mauritius,1984,130570000
mauritius,1985,142920000
mauritius,1986,190950000
mauritius,1987,225370000
mauritius,1988,230630000
mauritius,1989,226500000
mauritius,1990,269020000
mauritius,1991,267100000
mauritius,1992,308790000
mauritius,1993,283290000
mauritius,1994,291640000
mauritius,1995,351590000
mauritius,1996,382370000
mauritius,1997,331940000
mauritius,1998,323340000
mauritius,1999,217030000
mauritius,2000,266060000
mauritius,2001,283630000
mauritius,2002,251320000
mauritius,2003,301170000
mauritius,2004,347110000
mauritius,2005,322990000
mauritius,2006,344860000
mauritius,2007,356650000
mauritius,2008,407090000
mauritius,2009,354260000
mauritius,2010,364310000
mauritius,2011,426600000
mauritius,2012,426760000
mauritius,2013,409430000
mauritius,2014,417320000
mauritius,2015,368860000
mauritius,2016,390080000
mauritius,2017,410680000
mauritius,2018,377820000
mauritius,2019,390820000
mauritius,2020,358420000
mauritius,2021,376440000
mauritius,2022,437320000
mexico,1965,2871800000
mexico,1966,2941000000
mexico,1967,3119800000
mexico,1968,3206300000
mexico,1969,3393400000
mexico,1970,4774400000
mexico,1971,5240500000
mexico,1972,5513000000
mexico,1973,7084800000
mexico,1974,9175700000
mexico,1975,10864000000
mexico,1976,10451000000
mexico,1977,9512000000
mexico,1978,11603000000
mexico,1979,13599000000
mexico,1980,17158000000
mexico,1981,21959000000
mexico,1982,13651000000
mexico,1983,12403000000
mexico,1984,16152000000
mexico,1985,17939000000
mexico,1986,13059000000
mexico,1987,13063000000
mexico,1988,14446000000
mexico,1989,17216000000
mexico,1990,20532000000
mexico,1991,23589000000
mexico,1992,24231000000
mexico,1993,25417000000
mexico,1994,24159000000
mexico,1995,15703000000
mexico,1996,19793000000
mexico,1997,22084000000
mexico,1998,21784000000
mexico,1999,22032000000
mexico,2000,23444000000
mexico,2001,25677000000
mexico,2002,25215000000
mexico,2003,24554000000
mexico,2004,26108000000
mexico,2005,27029000000
mexico,2006,30026000000
mexico,2007,33532000000
mexico,2008,35181000000
mexico,2009,29252000000
mexico,2010,34180000000
mexico,2011,36572000000
mexico,2012,38265000000
mexico,2013,40149000000
mexico,2014,41306000000
mexico,2015,37432000000
mexico,2016,36106000000
mexico,2017,39264000000
mexico,2018,41420000000
mexico,2019,43231000000
mexico,2020,41604000000
mexico,2021,49791000000
mexico,2022,57145000000
micronesia_federated_states_of,1970,4969800
micronesia_federated_states_of,1971,5444000
micronesia_federated_states_of,1972,6273100
micronesia_federated_states_of,1973,8702400
micronesia_federated_states_of,1974,11520000
micronesia_federated_states_of,1975,11526000
micronesia_federated_states_of,1976,11699000
micronesia_federated_states_of,1977,11822000
micronesia_federated_states_of,1978,13410000
micronesia_federated_states_of,1979,15063000
micronesia_federated_states_of,1980,16041000
micronesia_federated_states_of,1981,19112000
micronesia_federated_states_of,1982,20007000
micronesia_federated_states_of,1983,21021000
micronesia_federated_states_of,1984,21162000
micronesia_federated_states_of,1985,25473000
micronesia_federated_states_of,1986,28044000
micronesia_federated_states_of,1987,29271000
micronesia_federated_states_of,1988,32346000
micronesia_federated_states_of,1989,34065000
micronesia_federated_states_of,1990,37216000
micronesia_federated_states_of,1991,41393000
micronesia_federated_states_of,1992,44669000
micronesia_federated_states_of,1993,48664000
micronesia_federated_states_of,1994,50048000
micronesia_federated_states_of,1995,53003000
micronesia_federated_states_of,1996,51078000
micronesia_federated_states_of,1997,47578000
micronesia_federated_states_of,1998,55711000
micronesia_federated_states_of,1999,52238000
micronesia_federated_states_of,2000,56304000
micronesia_federated_states_of,2001,55677000
micronesia_federated_states_of,2002,56488000
micronesia_federated_states_of,2003,57101000
micronesia_federated_states_of,2004,52751000
micronesia_federated_states_of,2005,56129000
micronesia_federated_states_of,2006,56641000
micronesia_federated_states_of,2007,64149000
micronesia_federated_states_of,2008,68946000
micronesia_federated_states_of,2009,70161000
micronesia_federated_states_of,2010,73482000
micronesia_federated_states_of,2011,82077000
micronesia_federated_states_of,2012,91980000
micronesia_federated_states_of,2013,83781000
micronesia_federated_states_of,2014,79507000
micronesia_federated_states_of,2015,82926000
micronesia_federated_states_of,2016,90266000
micronesia_federated_states_of,2017,101310000
micronesia_federated_states_of,2018,90484000
micronesia_federated_states_of,2019,95809000
micronesia_federated_states_of,2020,90175000
micronesia_federated_states_of,2021,90000000
micronesia_federated_states_of,2022,95941000
monaco,1970,0.0000
monaco,1971,0.0000
monaco,1972,0.0000
monaco,1973,0.0000
monaco,1974,0.0000
monaco,1975,0.0000
monaco,1976,0.0000
monaco,1977,0.0000
monaco,1978,0.0000
monaco,1979,0.0000
monaco,1980,0.0000
monaco,1981,0.0000
monaco,1982,0.0000
monaco,1983,0.0000
monaco,1984,0.0000
monaco,1985,0.0000
monaco,1986,0.0000
monaco,1987,0.0000
monaco,1988,0.0000
monaco,1989,0.0000
monaco,1990,0.0000
monaco,1991,0.0000
monaco,1992,0.0000
monaco,1993,0.0000
monaco,1994,0.0000
monaco,1995,0.0000
monaco,1996,0.0000
monaco,1997,0.0000
monaco,1998,0.0000
monaco,1999,0.0000
monaco,2000,0.0000
monaco,2001,0.0000
monaco,2002,0.0000
monaco,2003,0.0000
monaco,2004,0.0000
monaco,2005,0.0000
monaco,2006,0.0000
monaco,2007,0.0000
monaco,2008,0.0000
monaco,2009,0.0000
monaco,2010,0.0000
monaco,2011,0.0000
monaco,2012,0.0000
monaco,2013,0.0000
monaco,2014,0.0000
monaco,2015,0.0000
monaco,2016,0.0000
monaco,2017,0.0000
monaco,2018,0.0000
monaco,2019,0.0000
monaco,2020,0.0000
monaco,2021,0.0000
monaco,2022,0.0000
mongolia,1970,18548000
mongolia,1971,20406000
mongolia,1972,22049000
mongolia,1973,25329000
mongolia,1974,28802000
mongolia,1975,33452000
mongolia,1976,36707000
mongolia,1977,42195000
mongolia,1978,48019000
mongolia,1979,54769000
mongolia,1980,64401000
mongolia,1981,72111000
mongolia,1982,89402000
mongolia,1983,100110000
mongolia,1984,101870000
mongolia,1985,105330000
mongolia,1986,134030000
mongolia,1987,124570000
mongolia,1988,136000000
mongolia,1989,157680000
mongolia,1990,162370000
mongolia,1991,147730000
mongolia,1992,317380000
mongolia,1993,311350000
mongolia,1994,353250000
mongolia,1995,459670000
mongolia,1996,520700000
mongolia,1997,388800000
mongolia,1998,356490000
mongolia,1999,326020000
mongolia,2000,296700000
mongolia,2001,275790000
mongolia,2002,246270000
mongolia,2003,271070000
mongolia,2004,376750000
mongolia,2005,476070000
mongolia,2006,577590000
mongolia,2007,749790000
mongolia,2008,1031100000
mongolia,2009,785800000
mongolia,2010,843510000
mongolia,2011,1073000000
mongolia,2012,1383900000
mongolia,2013,1687800000
mongolia,2014,1631200000
mongolia,2015,1636000000
mongolia,2016,1412000000
mongolia,2017,1278600000
mongolia,2018,1506000000
mongolia,2019,1642000000
mongolia,2020,1726100000
mongolia,2021,2012200000
mongolia,2022,2233800000
montenegro,2006,223500000
montenegro,2007,266070000
montenegro,2008,338230000
montenegro,2009,343880000
montenegro,2010,317790000
montenegro,2011,366390000
montenegro,2012,304640000
montenegro,2013,358710000
montenegro,2014,371600000
montenegro,2015,326730000
montenegro,2016,326660000
montenegro,2017,332870000
montenegro,2018,370740000
montenegro,2019,354360000
montenegro,2020,361180000
montenegro,2021,378680000
montenegro,2022,376530000
morocco,1965,691240000
morocco,1966,604090000
morocco,1967,662190000
morocco,1968,733520000
morocco,1969,705860000
morocco,1970,861540000
morocco,1971,1029900000
morocco,1972,1180100000
morocco,1973,1420800000
morocco,1974,1732900000
morocco,1975,1758000000
morocco,1976,2017600000
morocco,1977,1977500000
morocco,1978,2737800000
morocco,1979,3116200000
morocco,1980,3788800000
morocco,1981,2156900000
morocco,1982,2579800000
morocco,1983,2309400000
morocco,1984,2089700000
morocco,1985,2334700000
morocco,1986,3542900000
morocco,1987,3146300000
morocco,1988,4172900000
morocco,1989,4295700000
morocco,1990,4995200000
morocco,1991,6111900000
morocco,1992,4782600000
morocco,1993,4300800000
morocco,1994,6145600000
morocco,1995,5266200000
morocco,1996,7726900000
morocco,1997,5636000000
morocco,1998,6736400000
morocco,1999,5772800000
morocco,2000,4615600000
morocco,2001,5205800000
morocco,2002,5576000000
morocco,2003,7249300000
morocco,2004,7847700000
morocco,2005,7366900000
morocco,2006,9337400000
morocco,2007,8586300000
morocco,2008,11007000000
morocco,2009,11984000000
morocco,2010,11884000000
morocco,2011,13013000000
morocco,2012,11769000000
morocco,2013,13849000000
morocco,2014,12334000000
morocco,2015,13025000000
morocco,2016,11517000000
morocco,2017,13229000000
morocco,2018,14397000000
morocco,2019,13978000000
morocco,2020,12941000000
morocco,2021,17012000000
morocco,2022,13525000000
mozambique,1970,1328900000
mozambique,1971,1479800000
mozambique,1972,1656700000
mozambique,1973,1949500000
mozambique,1974,2041400000
mozambique,1975,2112300000
mozambique,1976,1918100000
mozambique,1977,1956100000
mozambique,1978,2030800000
mozambique,1979,2114900000
mozambique,1980,2162600000
mozambique,1981,1985900000
mozambique,1982,2045700000
mozambique,1983,2131400000
mozambique,1984,1975000000
mozambique,1985,4295300000
mozambique,1986,4576200000
mozambique,1987,1656900000
mozambique,1988,1357400000
mozambique,1989,1597800000
mozambique,1990,1388100000
mozambique,1991,1308200000
mozambique,1992,831630000
mozambique,1993,954260000
mozambique,1994,892410000
mozambique,1995,959720000
mozambique,1996,1247500000
mozambique,1997,1471000000
mozambique,1998,1498000000
mozambique,1999,1432900000
mozambique,2000,1129100000
mozambique,2001,1029800000
mozambique,2002,1352900000
mozambique,2003,1496000000
mozambique,2004,1785100000
mozambique,2005,2032800000
mozambique,2006,2293100000
mozambique,2007,2596500000
mozambique,2008,3468600000
mozambique,2009,3422900000
mozambique,2010,3116500000
mozambique,2011,3871900000
mozambique,2012,4258400000
mozambique,2013,4171000000
mozambique,2014,4432600000
mozambique,2015,3819900000
mozambique,2016,2851600000
mozambique,2017,3458700000
mozambique,2018,3835800000
mozambique,2019,3842500000
mozambique,2020,3826800000
mozambique,2021,4348300000
mozambique,2022,4919500000
myanmar,1970,1098800000
myanmar,1971,1122300000
myanmar,1972,1044300000
myanmar,1973,1436500000
myanmar,1974,1815900000
myanmar,1975,1732300000
myanmar,1976,1906700000
myanmar,1977,1883100000
myanmar,1978,2067900000
myanmar,1979,2460300000
myanmar,1980,2748500000
myanmar,1981,2815700000
myanmar,1982,2895200000
myanmar,1983,2978600000
myanmar,1984,3106600000
myanmar,1985,3183900000
myanmar,1986,2713900000
myanmar,1987,2902900000
myanmar,1988,2389300000
myanmar,1989,3025500000
myanmar,1990,3170800000
myanmar,1991,3359700000
myanmar,1992,3638100000
myanmar,1993,4378900000
myanmar,1994,4860300000
myanmar,1995,4977100000
myanmar,1996,5178600000
myanmar,1997,5375800000
myanmar,1998,3499200000
myanmar,1999,3939700000
myanmar,2000,4164300000
myanmar,2001,4356600000
myanmar,2002,5654100000
myanmar,2003,5024000000
myanmar,2004,4938800000
myanmar,2005,5570200000
myanmar,2006,6083500000
myanmar,2007,7898800000
myanmar,2008,10417000000
myanmar,2009,12551000000
myanmar,2010,15274000000
myanmar,2011,18812000000
myanmar,2012,18664000000
myanmar,2013,18352000000
myanmar,2014,18451000000
myanmar,2015,16744000000
myanmar,2016,16377000000
myanmar,2017,15419000000
myanmar,2018,15324000000
myanmar,2019,15170000000
myanmar,2020,17413000000
myanmar,2021,16333000000
myanmar,2022,14614000000
namibia,1970,50481000
namibia,1971,56381000
namibia,1972,56491000
namibia,1973,71658000
namibia,1974,87361000
namibia,1975,93360000
namibia,1976,89810000
namibia,1977,98835000
namibia,1978,115510000
namibia,1979,143020000
namibia,1980,194330000
namibia,1981,196670000
namibia,1982,179210000
namibia,1983,185140000
namibia,1984,154800000
namibia,1985,118880000
namibia,1986,140160000
namibia,1987,210110000
namibia,1988,228680000
namibia,1989,214420000
namibia,1990,252640000
namibia,1991,298890000
namibia,1992,242920000
namibia,1993,241250000
namibia,1994,371390000
namibia,1995,375860000
namibia,1996,372180000
namibia,1997,353600000
namibia,1998,332640000
namibia,1999,339130000
namibia,2000,420900000
namibia,2001,344190000
namibia,2002,336230000
namibia,2003,503250000
namibia,2004,590850000
namibia,2005,753650000
namibia,2006,771380000
namibia,2007,747080000
namibia,2008,647540000
namibia,2009,732570000
namibia,2010,967760000
namibia,2011,1021500000
namibia,2012,1048400000
namibia,2013,951230000
namibia,2014,1011200000
namibia,2015,753840000
namibia,2016,720530000
namibia,2017,989260000
namibia,2018,1062900000
namibia,2019,888450000
namibia,2020,969280000
namibia,2021,1181200000
namibia,2022,1082200000
nauru,1970,915470
nauru,1971,1072600
nauru,1972,1450700
nauru,1973,1536600
nauru,1974,2028200
nauru,1975,2334900
nauru,1976,2649700
nauru,1977,2492000
nauru,1978,2316500
nauru,1979,2442800
nauru,1980,2519500
nauru,1981,2999300
nauru,1982,2894300
nauru,1983,2576200
nauru,1984,2690900
nauru,1985,2128800
nauru,1986,2133800
nauru,1987,2416600
nauru,1988,2671800
nauru,1989,3057300
nauru,1990,3480200
nauru,1991,3421900
nauru,1992,2897300
nauru,1993,2359100
nauru,1994,2474000
nauru,1995,2420600
nauru,1996,2255600
nauru,1997,2068300
nauru,1998,1533400
nauru,1999,1217800
nauru,2000,1230500
nauru,2001,1373900
nauru,2002,1600600
nauru,2003,1880500
nauru,2004,1993000
nauru,2005,2046600
nauru,2006,1972900
nauru,2007,2142100
nauru,2008,2180900
nauru,2009,2207200
nauru,2010,2596700
nauru,2011,2698400
nauru,2012,2687100
nauru,2013,2974500
nauru,2014,3128300
nauru,2015,2470200
nauru,2016,2851500
nauru,2017,3062100
nauru,2018,3297900
nauru,2019,3186200
nauru,2020,3236300
nauru,2021,3702100
nauru,2022,3534400
nepal,1965,474870000
nepal,1966,622920000
nepal,1967,557680000
nepal,1968,520420000
nepal,1969,523850000
nepal,1970,692570000
nepal,1971,705670000
nepal,1972,831040000
nepal,1973,743830000
nepal,1974,992470000
nepal,1975,1070700000
nepal,1976,947400000
nepal,1977,856240000
nepal,1978,988160000
nepal,1979,1147400000
nepal,1980,1160700000
nepal,1981,1295300000
nepal,1982,1378000000
nepal,1983,1351600000
nepal,1984,1412700000
nepal,1985,1285100000
nepal,1986,1316800000
nepal,1987,1445900000
nepal,1988,1625900000
nepal,1989,1613100000
nepal,1990,1770400000
nepal,1991,1531100000
nepal,1992,1571400000
nepal,1993,1485600000
nepal,1994,1680800000
nepal,1995,1698900000
nepal,1996,1760800000
nepal,1997,1932000000
nepal,1998,1756600000
nepal,1999,1998500000
nepal,2000,2103100000
nepal,2001,2076400000
nepal,2002,2133700000
nepal,2003,2271600000
nepal,2004,2529800000
nepal,2005,2798600000
nepal,2006,2916400000
nepal,2007,3424600000
nepal,2008,3554600000
nepal,2009,4005000000
nepal,2010,5424000000
nepal,2011,6489100000
nepal,2012,6207400000
nepal,2013,5999800000
nepal,2014,6159800000
nepal,2015,6276200000
nepal,2016,6197900000
nepal,2017,6977900000
nepal,2018,7087200000
nepal,2019,7396200000
nepal,2020,7288200000
nepal,2021,8113600000
nepal,2022,8299300000
netherlands_kingdom_of_the,1969,1868200000
netherlands_kingdom_of_the,1970,1972300000
netherlands_kingdom_of_the,1971,2140800000
netherlands_kingdom_of_the,1972,2597000000
netherlands_kingdom_of_the,1973,3359400000
netherlands_kingdom_of_the,1974,3525100000
netherlands_kingdom_of_the,1975,4337300000
netherlands_kingdom_of_the,1976,4716800000
netherlands_kingdom_of_the,1977,4647900000
netherlands_kingdom_of_the,1978,5505200000
netherlands_kingdom_of_the,1979,6284800000
netherlands_kingdom_of_the,1980,6723300000
netherlands_kingdom_of_the,1981,6347200000
netherlands_kingdom_of_the,1982,6298600000
netherlands_kingdom_of_the,1983,5833900000
netherlands_kingdom_of_the,1984,5437300000
netherlands_kingdom_of_the,1985,5465300000
netherlands_kingdom_of_the,1986,7880100000
netherlands_kingdom_of_the,1987,9499500000
netherlands_kingdom_of_the,1988,10030000000
netherlands_kingdom_of_the,1989,10706000000
netherlands_kingdom_of_the,1990,12772000000
netherlands_kingdom_of_the,1991,12774000000
netherlands_kingdom_of_the,1992,13206000000
netherlands_kingdom_of_the,1993,11264000000
netherlands_kingdom_of_the,1994,12181000000
netherlands_kingdom_of_the,1995,14040000000
netherlands_kingdom_of_the,1996,12962000000
netherlands_kingdom_of_the,1997,12370000000
netherlands_kingdom_of_the,1998,11200000000
netherlands_kingdom_of_the,1999,10411000000
netherlands_kingdom_of_the,2000,9572500000
netherlands_kingdom_of_the,2001,9592800000
netherlands_kingdom_of_the,2002,9799100000
netherlands_kingdom_of_the,2003,11922000000
netherlands_kingdom_of_the,2004,12265000000
netherlands_kingdom_of_the,2005,12728000000
netherlands_kingdom_of_the,2006,14270000000
netherlands_kingdom_of_the,2007,15399000000
netherlands_kingdom_of_the,2008,15501000000
netherlands_kingdom_of_the,2009,13482000000
netherlands_kingdom_of_the,2010,15056000000
netherlands_kingdom_of_the,2011,14275000000
netherlands_kingdom_of_the,2012,13923000000
netherlands_kingdom_of_the,2013,15705000000
netherlands_kingdom_of_the,2014,15488000000
netherlands_kingdom_of_the,2015,13196000000
netherlands_kingdom_of_the,2016,13841000000
netherlands_kingdom_of_the,2017,15473000000
netherlands_kingdom_of_the,2018,15088000000
netherlands_kingdom_of_the,2019,14889000000
netherlands_kingdom_of_the,2020,14548000000
netherlands_kingdom_of_the,2021,15619000000
netherlands_kingdom_of_the,2022,15171000000
new_zealand,1970,788380000
new_zealand,1971,888020000
new_zealand,1972,1238200000
new_zealand,1973,1486100000
new_zealand,1974,1164400000
new_zealand,1975,1357700000
new_zealand,1976,1498700000
new_zealand,1977,1435500000
new_zealand,1978,1646600000
new_zealand,1979,2414900000
new_zealand,1980,2336700000
new_zealand,1981,2167800000
new_zealand,1982,1787500000
new_zealand,1983,1837300000
new_zealand,1984,1968800000
new_zealand,1985,1741600000
new_zealand,1986,1802300000
new_zealand,1987,2346300000
new_zealand,1988,2991400000
new_zealand,1989,3003900000
new_zealand,1990,2719800000
new_zealand,1991,3018700000
new_zealand,1992,2826300000
new_zealand,1993,3348300000
new_zealand,1994,3496000000
new_zealand,1995,4073800000
new_zealand,1996,4473300000
new_zealand,1997,4211800000
new_zealand,1998,3400000000
new_zealand,1999,3760600000
new_zealand,2000,4221000000
new_zealand,2001,4318700000
new_zealand,2002,3659300000
new_zealand,2003,4807500000
new_zealand,2004,5496900000
new_zealand,2005,5182800000
new_zealand,2006,5559500000
new_zealand,2007,8325300000
new_zealand,2008,6673800000
new_zealand,2009,6979300000
new_zealand,2010,9652500000
new_zealand,2011,10577000000
new_zealand,2012,9722200000
new_zealand,2013,13428000000
new_zealand,2014,9615600000
new_zealand,2015,7961800000
new_zealand,2016,10484000000
new_zealand,2017,12218000000
new_zealand,2018,12002000000
new_zealand,2019,12120000000
new_zealand,2020,12154000000
new_zealand,2021,14661000000
new_zealand,2022,14098000000
nicaragua,1970,167230000
nicaragua,1971,177030000
nicaragua,1972,189360000
nicaragua,1973,233670000
nicaragua,1974,317910000
nicaragua,1975,307770000
nicaragua,1976,360520000
nicaragua,1977,443500000
nicaragua,1978,457330000
nicaragua,1979,375110000
nicaragua,1980,369520000
nicaragua,1981,357800000
nicaragua,1982,424990000
nicaragua,1983,494460000
nicaragua,1984,546950000
nicaragua,1985,501190000
nicaragua,1986,445390000
nicaragua,1987,629570000
nicaragua,1988,569600000
nicaragua,1989,646080000
nicaragua,1990,627700000
nicaragua,1991,627070000
nicaragua,1992,677720000
nicaragua,1993,724090000
nicaragua,1994,735050000
nicaragua,1995,832020000
nicaragua,1996,922950000
nicaragua,1997,876830000
nicaragua,1998,890320000
nicaragua,1999,826230000
nicaragua,2000,908510000
nicaragua,2001,900560000
nicaragua,2002,858990000
nicaragua,2003,832350000
nicaragua,2004,925840000
nicaragua,2005,1021000000
nicaragua,2006,1075400000
nicaragua,2007,1222000000
nicaragua,2008,1381800000
nicaragua,2009,1333400000
nicaragua,2010,1487400000
nicaragua,2011,1845900000
nicaragua,2012,1854900000
nicaragua,2013,1811200000
nicaragua,2014,1985100000
nicaragua,2015,2055100000
nicaragua,2016,1981700000
nicaragua,2017,2067400000
nicaragua,2018,1995800000
nicaragua,2019,1972100000
nicaragua,2020,1995100000
nicaragua,2021,2196700000
nicaragua,2022,2630400000
niger,1961,358930000
niger,1962,404110000
niger,1963,427690000
niger,1964,433170000
niger,1965,455910000
niger,1966,469660000
niger,1967,470610000
niger,1968,443520000
niger,1969,415700000
niger,1970,252650000
niger,1971,271030000
niger,1972,338280000
niger,1973,362780000
niger,1974,417310000
niger,1975,520070000
niger,1976,639420000
niger,1977,746340000
niger,1978,925900000
niger,1979,1116400000
niger,1980,1358300000
niger,1981,1142800000
niger,1982,1068700000
niger,1983,943360000
niger,1984,657410000
niger,1985,665910000
niger,1986,812670000
niger,1987,890800000
niger,1988,952060000
niger,1989,861300000
niger,1990,1057700000
niger,1991,1062300000
niger,1992,1148800000
niger,1993,1064200000
niger,1994,619290000
niger,1995,754120000
niger,1996,828160000
niger,1997,738400000
niger,1998,994040000
niger,1999,983550000
niger,2000,811040000
niger,2001,976260000
niger,2002,1138200000
niger,2003,1403900000
niger,2004,1405700000
niger,2005,1724200000
niger,2006,1892300000
niger,2007,2140300000
niger,2008,2810600000
niger,2009,2538200000
niger,2010,2824000000
niger,2011,2970700000
niger,2012,3195900000
niger,2013,3348400000
niger,2014,3665400000
niger,2015,3136800000
niger,2016,3666900000
niger,2017,4006200000
niger,2018,4824000000
niger,2019,4768100000
niger,2020,5274600000
niger,2021,5441100000
niger,2022,5743100000
nigeria,1970,5554500000
nigeria,1971,6976300000
nigeria,1972,7937300000
nigeria,1973,8142600000
nigeria,1974,11528000000
nigeria,1975,14424000000
nigeria,1976,16274000000
nigeria,1977,18694000000
nigeria,1978,21293000000
nigeria,1979,25164000000
nigeria,1980,30927000000
nigeria,1981,27606000000
nigeria,1982,29884000000
nigeria,1983,32851000000
nigeria,1984,39614000000
nigeria,1985,38306000000
nigeria,1986,20349000000
nigeria,1987,12522000000
nigeria,1988,16259000000
nigeria,1989,11985000000
nigeria,1990,13265000000
nigeria,1991,12436000000
nigeria,1992,10643000000
nigeria,1993,13384000000
nigeria,1994,12462000000
nigeria,1995,12872000000
nigeria,1996,14039000000
nigeria,1997,15384000000
nigeria,1998,16245000000
nigeria,1999,15454000000
nigeria,2000,14832000000
nigeria,2001,18119000000
nigeria,2002,35259000000
nigeria,2003,35489000000
nigeria,2004,37139000000
nigeria,2005,45952000000
nigeria,2006,58400000000
nigeria,2007,67976000000
nigeria,2008,85202000000
nigeria,2009,78075000000
nigeria,2010,86820000000
nigeria,2011,91237000000
nigeria,2012,100000000000
nigeria,2013,107000000000
nigeria,2014,114000000000
nigeria,2015,102000000000
nigeria,2016,84908000000
nigeria,2017,78330000000
nigeria,2018,89424000000
nigeria,2019,104000000000
nigeria,2020,104000000000
nigeria,2021,101000000000
nigeria,2022,113000000000
north_macedonia,1992,366530000
north_macedonia,1993,278440000
north_macedonia,1994,390900000
north_macedonia,1995,518570000
north_macedonia,1996,514150000
north_macedonia,1997,431140000
north_macedonia,1998,432000000
north_macedonia,1999,429190000
north_macedonia,2000,380930000
north_macedonia,2001,361490000
north_macedonia,2002,408690000
north_macedonia,2003,570720000
north_macedonia,2004,656590000
north_macedonia,2005,609350000
north_macedonia,2006,616780000
north_macedonia,2007,744650000
north_macedonia,2008,1134000000
north_macedonia,2009,974980000
north_macedonia,2010,952080000
north_macedonia,2011,981330000
north_macedonia,2012,887290000
north_macedonia,2013,1084700000
north_macedonia,2014,1156400000
north_macedonia,2015,978980000
north_macedonia,2016,978950000
north_macedonia,2017,890210000
north_macedonia,2018,1074300000
north_macedonia,2019,1025200000
north_macedonia,2020,1059200000
north_macedonia,2021,1000700000
north_macedonia,2022,1015300000
norway,1970,653660000
norway,1971,740090000
norway,1972,796270000
norway,1973,1001800000
norway,1974,1192700000
norway,1975,1353200000
norway,1976,1582900000
norway,1977,1840700000
norway,1978,1967500000
norway,1979,2008500000
norway,1980,2336600000
norway,1981,2301800000
norway,1982,2141800000
norway,1983,1823900000
norway,1984,1905800000
norway,1985,1870600000
norway,1986,2462000000
norway,1987,3012100000
norway,1988,3144600000
norway,1989,2981700000
norway,1990,3574600000
norway,1991,3547300000
norway,1992,3438100000
norway,1993,3146400000
norway,1994,3310100000
norway,1995,3936900000
norway,1996,3641800000
norway,1997,3326800000
norway,1998,3490600000
norway,1999,3329800000
norway,2000,3059000000
norway,2001,2691600000
norway,2002,2887500000
norway,2003,2882300000
norway,2004,3542900000
norway,2005,4214200000
norway,2006,4737300000
norway,2007,4832900000
norway,2008,5033000000
norway,2009,4795700000
norway,2010,6572600000
norway,2011,6541900000
norway,2012,5524000000
norway,2013,6591100000
norway,2014,6941200000
norway,2015,5751900000
norway,2016,7544700000
norway,2017,7708600000
norway,2018,7965400000
norway,2019,7285700000
norway,2020,6778900000
norway,2021,8093800000
norway,2022,8978100000
oman,1965,38365000
oman,1966,39765000
oman,1967,39492000
oman,1968,36237000
oman,1969,38637000
oman,1970,43132000
oman,1971,43780000
oman,1972,47957000
oman,1973,51557000
oman,1974,54539000
oman,1975,63315000
oman,1976,61089000
oman,1977,80451000
oman,1978,102480000
oman,1979,134530000
oman,1980,175590000
oman,1981,201910000
oman,1982,216870000
oman,1983,241100000
oman,1984,234820000
oman,1985,242600000
oman,1986,247490000
oman,1987,281880000
oman,1988,294510000
oman,1989,304180000
oman,1990,312240000
oman,1991,308480000
oman,1992,300960000
oman,1993,309020000
oman,1994,338630000
oman,1995,400600000
oman,1996,403890000
oman,1997,434230000
oman,1998,448880000
oman,1999,460460000
oman,2000,437370000
oman,2001,454080000
oman,2002,467390000
oman,2003,477360000
oman,2004,479640000
oman,2005,502430000
oman,2006,521720000
oman,2007,579670000
oman,2008,679850000
oman,2009,714480000
oman,2010,810580000
oman,2011,852790000
oman,2012,887680000
oman,2013,1027300000
oman,2014,1031500000
oman,2015,1361400000
oman,2016,1491600000
oman,2017,1604600000
oman,2018,1692400000
oman,2019,1756500000
oman,2020,1874500000
oman,2021,1870400000
oman,2022,2516900000
pakistan,1961,1718600000
pakistan,1962,1725300000
pakistan,1963,1798600000
pakistan,1964,1994700000
pakistan,1965,2191900000
pakistan,1966,2220100000
pakistan,1967,2616500000
pakistan,1968,2938700000
pakistan,1969,2947900000
pakistan,1970,4838200000
pakistan,1971,4920600000
pakistan,1972,2981300000
pakistan,1973,3163400000
pakistan,1974,4094000000
pakistan,1975,4888300000
pakistan,1976,5588800000
pakistan,1977,6409500000
pakistan,1978,7371500000
pakistan,1979,7893400000
pakistan,1980,9062000000
pakistan,1981,11137000000
pakistan,1982,11233000000
pakistan,1983,10934000000
pakistan,1984,10742000000
pakistan,1985,10990000000
pakistan,1986,11166000000
pakistan,1987,11223000000
pakistan,1988,12535000000
pakistan,1989,12933000000
pakistan,1990,13127000000
pakistan,1991,14136000000
pakistan,1992,16247000000
pakistan,1993,15292000000
pakistan,1994,16899000000
pakistan,1995,19933000000
pakistan,1996,19672000000
pakistan,1997,20871000000
pakistan,1998,21706000000
pakistan,1999,21562000000
pakistan,2000,20974000000
pakistan,2001,18597000000
pakistan,2002,19752000000
pakistan,2003,22347000000
pakistan,2004,24358000000
pakistan,2005,26903000000
pakistan,2006,29456000000
pakistan,2007,33428000000
pakistan,2008,34538000000
pakistan,2009,37580000000
pakistan,2010,41937000000
pakistan,2011,55342000000
pakistan,2012,53372000000
pakistan,2013,55491000000
pakistan,2014,62983000000
pakistan,2015,68304000000
pakistan,2016,69743000000
pakistan,2017,74046000000
pakistan,2018,69650000000
pakistan,2019,60363000000
pakistan,2020,64197000000
pakistan,2021,77658000000
pakistan,2022,72714000000
palau,1970,1856400
palau,1971,2039600
palau,1972,2240800
palau,1973,2464900
palau,1974,2705300
palau,1975,2969300
palau,1976,3265000
palau,1977,3586900
palau,1978,3970300
palau,1979,4308000
palau,1980,4729900
palau,1981,5247900
palau,1982,5875900
palau,1983,6630700
palau,1984,6629000
palau,1985,8010800
palau,1986,9680600
palau,1987,11699000
palau,1988,14137000
palau,1989,17084000
palau,1990,20645000
palau,1991,24534000
palau,1992,27354000
palau,1993,14475000
palau,1994,10996000
palau,1995,9869200
palau,1996,7676700
palau,1997,6066700
palau,1998,5797900
palau,1999,7187100
palau,2000,7818700
palau,2001,6831000
palau,2002,6817300
palau,2003,6893900
palau,2004,6766000
palau,2005,7051300
palau,2006,7949300
palau,2007,7185000
palau,2008,7859600
palau,2009,7328700
palau,2010,8038500
palau,2011,8363800
palau,2012,8814600
palau,2013,9425500
palau,2014,8967100
palau,2015,8773200
palau,2016,9450300
palau,2017,10078000
palau,2018,9840300
palau,2019,9566500
palau,2020,8758600
palau,2021,8316500
palau,2022,8628400
palestine,1970,22132000
palestine,1971,25397000
palestine,1972,36858000
palestine,1973,45951000
palestine,1974,71972000
palestine,1975,72248000
palestine,1976,84895000
palestine,1977,87412000
palestine,1978,90883000
palestine,1979,105590000
palestine,1980,134030000
palestine,1981,123770000
palestine,1982,131540000
palestine,1983,136390000
palestine,1984,134370000
palestine,1985,125390000
palestine,1986,201440000
palestine,1987,221730000
palestine,1988,233300000
palestine,1989,224110000
palestine,1990,240900000
palestine,1991,261670000
palestine,1992,317870000
palestine,1993,339460000
palestine,1994,377100000
palestine,1995,388000000
palestine,1996,443800000
palestine,1997,429300000
palestine,1998,476500000
palestine,1999,454900000
palestine,2000,417600000
palestine,2001,339200000
palestine,2002,285600000
palestine,2003,277000000
palestine,2004,512800000
palestine,2005,460800000
palestine,2006,609000000
palestine,2007,519100000
palestine,2008,740400000
palestine,2009,810300000
palestine,2010,871600000
palestine,2011,933200000
palestine,2012,989600000
palestine,2013,1027000000
palestine,2014,1096100000
palestine,2015,1035200000
palestine,2016,1171400000
palestine,2017,1135500000
palestine,2018,1197900000
palestine,2019,1208600000
palestine,2020,1103000000
palestine,2021,1143900000
palestine,2022,1304200000
panama,1970,136500000
panama,1971,150510000
panama,1972,157140000
panama,1973,169920000
panama,1974,168030000
panama,1975,198410000
panama,1976,221610000
panama,1977,256630000
panama,1978,283040000
panama,1979,305860000
panama,1980,335300000
panama,1981,371730000
panama,1982,382860000
panama,1983,420610000
panama,1984,410090000
panama,1985,440750000
panama,1986,489540000
panama,1987,497230000
panama,1988,461200000
panama,1989,493990000
panama,1990,509880000
panama,1991,531640000
panama,1992,546210000
panama,1993,568070000
panama,1994,593880000
panama,1995,609460000
panama,1996,623430000
panama,1997,661850000
panama,1998,730230000
panama,1999,716880000
panama,2000,760010000
panama,2001,826090000
panama,2002,852310000
panama,2003,923090000
panama,2004,948740000
panama,2005,966790000
panama,2006,1008300000
panama,2007,1032200000
panama,2008,1138300000
panama,2009,1043000000
panama,2010,1086900000
panama,2011,1153900000
panama,2012,1281500000
panama,2013,1409600000
panama,2014,1507600000
panama,2015,1610500000
panama,2016,1622100000
panama,2017,1609500000
panama,2018,1595200000
panama,2019,1643600000
panama,2020,1681300000
panama,2021,1789700000
panama,2022,2004500000
papua_new_guinea,1961,120060000
papua_new_guinea,1962,123760000
papua_new_guinea,1963,121520000
papua_new_guinea,1964,129920000
papua_new_guinea,1965,143130000
papua_new_guinea,1966,161610000
papua_new_guinea,1967,185350000
papua_new_guinea,1968,208090000
papua_new_guinea,1969,230480000
papua_new_guinea,1970,250330000
papua_new_guinea,1971,266740000
papua_new_guinea,1972,299670000
papua_new_guinea,1973,394800000
papua_new_guinea,1974,442720000
papua_new_guinea,1975,434230000
papua_new_guinea,1976,516880000
papua_new_guinea,1977,583600000
papua_new_guinea,1978,756770000
papua_new_guinea,1979,837540000
papua_new_guinea,1980,909220000
papua_new_guinea,1981,899600000
papua_new_guinea,1982,828290000
papua_new_guinea,1983,835470000
papua_new_guinea,1984,906330000
papua_new_guinea,1985,782050000
papua_new_guinea,1986,833710000
papua_new_guinea,1987,918330000
papua_new_guinea,1988,1042400000
papua_new_guinea,1989,975270000
papua_new_guinea,1990,912770000
papua_new_guinea,1991,962490000
papua_new_guinea,1992,1047900000
papua_new_guinea,1993,1341600000
papua_new_guinea,1994,1731000000
papua_new_guinea,1995,1600800000
papua_new_guinea,1996,1594400000
papua_new_guinea,1997,1687100000
papua_new_guinea,1998,1240200000
papua_new_guinea,1999,1150700000
papua_new_guinea,2000,1162600000
papua_new_guinea,2001,1032600000
papua_new_guinea,2002,1111900000
papua_new_guinea,2003,1323000000
papua_new_guinea,2004,1381000000
papua_new_guinea,2005,1582900000
papua_new_guinea,2006,1704700000
papua_new_guinea,2007,1871600000
papua_new_guinea,2008,2354600000
papua_new_guinea,2009,2514900000
papua_new_guinea,2010,2794300000
papua_new_guinea,2011,3453100000
papua_new_guinea,2012,4104400000
papua_new_guinea,2013,4094900000
papua_new_guinea,2014,4106400000
papua_new_guinea,2015,3792200000
papua_new_guinea,2016,3708900000
papua_new_guinea,2017,4014000000
papua_new_guinea,2018,4110400000
papua_new_guinea,2019,4201800000
papua_new_guinea,2020,4472900000
papua_new_guinea,2021,4958900000
papua_new_guinea,2022,5352100000
paraguay,1970,119800000
paraguay,1971,138630000
paraguay,1972,166530000
paraguay,1973,235830000
paraguay,1974,295740000
paraguay,1975,350490000
paraguay,1976,368820000
paraguay,1977,448430000
paraguay,1978,515780000
paraguay,1979,674010000
paraguay,1980,823490000
paraguay,1981,981310000
paraguay,1982,950690000
paraguay,1983,1055300000
paraguay,1984,960030000
paraguay,1985,826240000
paraguay,1986,924280000
paraguay,1987,779050000
paraguay,1988,1123300000
paraguay,1989,810110000
paraguay,1990,918990000
paraguay,1991,1042800000
paraguay,1992,992180000
paraguay,1993,1058800000
paraguay,1994,1171200000
paraguay,1995,1369400000
paraguay,1996,1473500000
paraguay,1997,1341600000
paraguay,1998,1141100000
paraguay,1999,1050800000
paraguay,2000,986150000
paraguay,2001,859910000
paraguay,2002,724970000
paraguay,2003,918490000
paraguay,2004,1236000000
paraguay,2005,1294300000
paraguay,2006,1535700000
paraguay,2007,2203900000
paraguay,2008,3302800000
paraguay,2009,2224500000
paraguay,2010,3547900000
paraguay,2011,4657100000
paraguay,2012,3341200000
paraguay,2013,4953100000
paraguay,2014,4752800000
paraguay,2015,3418500000
paraguay,2016,3860300000
paraguay,2017,3971800000
paraguay,2018,4002500000
paraguay,2019,3666400000
paraguay,2020,3801200000
paraguay,2021,4506000000
paraguay,2022,4578800000
peru,1961,555470000
peru,1962,597150000
peru,1963,615180000
peru,1964,719220000
peru,1965,830640000
peru,1966,987760000
peru,1967,1044300000
peru,1968,958490000
peru,1969,1027400000
peru,1970,1085300000
peru,1971,1162800000
peru,1972,1214500000
peru,1973,1421200000
peru,1974,1731300000
peru,1975,2179800000
peru,1976,1955000000
peru,1977,1792600000
peru,1978,1292000000
peru,1979,1473000000
peru,1980,1713700000
peru,1981,2109800000
peru,1982,1988300000
peru,1983,1707600000
peru,1984,1869100000
peru,1985,1378300000
peru,1986,2440500000
peru,1987,3670700000
peru,1988,2580100000
peru,1989,2740400000
peru,1990,2134500000
peru,1991,2717600000
peru,1992,2820500000
peru,1993,2888100000
peru,1994,3777600000
peru,1995,4290100000
peru,1996,4700500000
peru,1997,4679500000
peru,1998,4649100000
peru,1999,4149200000
peru,2000,4175400000
peru,2001,4108500000
peru,2002,4122800000
peru,2003,4295900000
peru,2004,4630900000
peru,2005,5214800000
peru,2006,5854600000
peru,2007,6853500000
peru,2008,8637000000
peru,2009,8947700000
peru,2010,10073000000
peru,2011,12195000000
peru,2012,12956000000
peru,2013,13415000000
peru,2014,13662000000
peru,2015,13373000000
peru,2016,13308000000
peru,2017,14306000000
peru,2018,15328000000
peru,2019,15647000000
peru,2020,15541000000
peru,2021,16149000000
peru,2022,19006000000
philippines,1961,1943200000
philippines,1962,1181700000
philippines,1963,1336400000
philippines,1964,1398700000
philippines,1965,1570600000
philippines,1966,1729200000
philippines,1967,1863500000
philippines,1968,2216800000
philippines,1969,2515700000
philippines,1970,1992500000
philippines,1971,2265700000
philippines,1972,2377400000
philippines,1973,3104100000
philippines,1974,4312500000
philippines,1975,4547000000
philippines,1976,5022900000
philippines,1977,5655800000
philippines,1978,6417600000
philippines,1979,7549100000
philippines,1980,8118200000
philippines,1981,8832100000
philippines,1982,8619800000
philippines,1983,7372100000
philippines,1984,7748200000
philippines,1985,7549700000
philippines,1986,7147300000
philippines,1987,7966200000
philippines,1988,8678100000
philippines,1989,9637300000
philippines,1990,9677300000
philippines,1991,9496400000
philippines,1992,11545000000
philippines,1993,11730000000
philippines,1994,14091000000
philippines,1995,16019000000
philippines,1996,17050000000
philippines,1997,15480000000
philippines,1998,10985000000
philippines,1999,13012000000
philippines,2000,11664000000
philippines,2001,10499000000
philippines,2002,11338000000
philippines,2003,11446000000
philippines,2004,13285000000
philippines,2005,14521000000
philippines,2006,17056000000
philippines,2007,21223000000
philippines,2008,26365000000
philippines,2009,25587000000
philippines,2010,28648000000
philippines,2011,33015000000
philippines,2012,34301000000
philippines,2013,35412000000
philippines,2014,36506000000
philippines,2015,33698000000
philippines,2016,32516000000
philippines,2017,33449000000
philippines,2018,33471000000
philippines,2019,33237000000
philippines,2020,36845000000
philippines,2021,39681000000
philippines,2022,38607000000
poland,1970,3839900000
poland,1971,4253000000
poland,1972,4702000000
poland,1973,5563600000
poland,1974,6237500000
poland,1975,6650800000
poland,1976,7426400000
poland,1977,8220200000
poland,1978,9288100000
poland,1979,10368000000
poland,1980,8087400000
poland,1981,7682400000
poland,1982,9150200000
poland,1983,10544000000
poland,1984,10496000000
poland,1985,10664000000
poland,1986,10591000000
poland,1987,7990500000
poland,1988,9339400000
poland,1989,10976000000
poland,1990,4693500000
poland,1991,4926500000
poland,1992,5446500000
poland,1993,5605000000
poland,1994,5917700000
poland,1995,7936500000
poland,1996,8274900000
poland,1997,7174400000
poland,1998,6771900000
poland,1999,5530700000
poland,2000,5384900000
poland,2001,6210900000
poland,2002,5426200000
poland,2003,5684900000
poland,2004,8399700000
poland,2005,8936200000
poland,2006,9277300000
poland,2007,13066000000
poland,2008,13834000000
poland,2009,11252000000
poland,2010,13959000000
poland,2011,16763000000
poland,2012,14898000000
poland,2013,16743000000
poland,2014,16135000000
poland,2015,11942000000
poland,2016,12434000000
poland,2017,15794000000
poland,2018,14217000000
poland,2019,14123000000
poland,2020,15399000000
poland,2021,15275000000
poland,2022,19543000000
portugal,1970,2055800000
portugal,1971,2239100000
portugal,1972,2569000000
portugal,1973,3531700000
portugal,1974,3919400000
portugal,1975,4352000000
portugal,1976,4234100000
portugal,1977,4085500000
portugal,1978,4487100000
portugal,1979,4931900000
portugal,1980,5442200000
portugal,1981,4585500000
portugal,1982,4298900000
portugal,1983,3470800000
portugal,1984,3359000000
portugal,1985,3461300000
portugal,1986,4609000000
portugal,1987,5873600000
portugal,1988,5493700000
portugal,1989,5214100000
portugal,1990,6076400000
portugal,1991,6267600000
portugal,1992,6146600000
portugal,1993,5240800000
portugal,1994,5108000000
portugal,1995,5670300000
portugal,1996,5629900000
portugal,1997,4483200000
portugal,1998,4390000000
portugal,1999,4191200000
portugal,2000,3679200000
portugal,2001,3597200000
portugal,2002,3653100000
portugal,2003,4370600000
portugal,2004,4919200000
portugal,2005,4541900000
portugal,2006,4699400000
portugal,2007,4799100000
portugal,2008,5152000000
portugal,2009,4753400000
portugal,2010,4607900000
portugal,2011,4489600000
portugal,2012,4160600000
portugal,2013,4743500000
portugal,2014,4766700000
portugal,2015,4184500000
portugal,2016,4261500000
portugal,2017,4639400000
portugal,2018,4934800000
portugal,2019,5012200000
portugal,2020,4979000000
portugal,2021,5494900000
portugal,2022,4726900000
puerto_rico,1970,202290000
puerto_rico,1971,245110000
puerto_rico,1972,260340000
puerto_rico,1973,252030000
puerto_rico,1974,396050000
puerto_rico,1975,375280000
puerto_rico,1976,396050000
puerto_rico,1977,366970000
puerto_rico,1978,455590000
puerto_rico,1979,480520000
puerto_rico,1980,526220000
puerto_rico,1981,508220000
puerto_rico,1982,537300000
puerto_rico,1983,541450000
puerto_rico,1984,477750000
puerto_rico,1985,494370000
puerto_rico,1986,516520000
puerto_rico,1987,569150000
puerto_rico,1988,552530000
puerto_rico,1989,613460000
puerto_rico,1990,601000000
puerto_rico,1991,621770000
puerto_rico,1992,581610000
puerto_rico,1993,564990000
puerto_rico,1994,510980000
puerto_rico,1995,440360000
puerto_rico,1996,520680000
puerto_rico,1997,645310000
puerto_rico,1998,605150000
puerto_rico,1999,465290000
puerto_rico,2000,732550000
puerto_rico,2001,481900000
puerto_rico,2002,382200000
puerto_rico,2003,421400000
puerto_rico,2004,503300000
puerto_rico,2005,499300000
puerto_rico,2006,515600000
puerto_rico,2007,430200000
puerto_rico,2008,518700000
puerto_rico,2009,567100000
puerto_rico,2010,822000000
puerto_rico,2011,795000000
puerto_rico,2012,816400000
puerto_rico,2013,846700000
puerto_rico,2014,867100000
puerto_rico,2015,854900000
puerto_rico,2016,840600000
puerto_rico,2017,846880000
puerto_rico,2018,714700000
puerto_rico,2019,717300000
puerto_rico,2020,681700000
puerto_rico,2021,710100000
puerto_rico,2022,750100000
qatar,1970,3870900
qatar,1971,5114900
qatar,1972,7421400
qatar,1973,10783000
qatar,1974,13789000
qatar,1975,18063000
qatar,1976,22708000
qatar,1977,24501000
qatar,1978,28631000
qatar,1979,32332000
qatar,1980,41018000
qatar,1981,47253000
qatar,1982,52198000
qatar,1983,53571000
qatar,1984,56593000
qatar,1985,58516000
qatar,1986,65110000
qatar,1987,65110000
qatar,1988,63736000
qatar,1989,58791000
qatar,1990,57692000
qatar,1991,65385000
qatar,1992,73901000
qatar,1993,77198000
qatar,1994,77747000
qatar,1995,79945000
qatar,1996,79670000
qatar,1997,79670000
qatar,1998,70330000
qatar,1999,72253000
qatar,2000,66209000
qatar,2001,65934000
qatar,2002,49725000
qatar,2003,55220000
qatar,2004,57692000
qatar,2005,59341000
qatar,2006,74176000
qatar,2007,87637000
qatar,2008,143680000
qatar,2009,120600000
qatar,2010,147530000
qatar,2011,162080000
qatar,2012,175990000
qatar,2013,190820000
qatar,2014,241630000
qatar,2015,260920000
qatar,2016,278990000
qatar,2017,345950000
qatar,2018,400140000
qatar,2019,458570000
qatar,2020,489190000
qatar,2021,536030000
qatar,2022,604730000
republic_of_korea,1965,1123500000
republic_of_korea,1966,1299500000
republic_of_korea,1967,1409300000
republic_of_korea,1968,1667200000
republic_of_korea,1969,2039400000
republic_of_korea,1970,2385100000
republic_of_korea,1971,2687600000
republic_of_korea,1972,2879100000
republic_of_korea,1973,3414600000
republic_of_korea,1974,4724200000
republic_of_korea,1975,5334100000
republic_of_korea,1976,6891500000
republic_of_korea,1977,8377500000
republic_of_korea,1978,10351000000
republic_of_korea,1979,12410000000
republic_of_korea,1980,9331900000
republic_of_korea,1981,10959000000
republic_of_korea,1982,10973000000
republic_of_korea,1983,11080000000
republic_of_korea,1984,11577000000
republic_of_korea,1985,11906000000
republic_of_korea,1986,12184000000
republic_of_korea,1987,13773000000
republic_of_korea,1988,18404000000
republic_of_korea,1989,21091000000
republic_of_korea,1990,21554000000
republic_of_korea,1991,22565000000
republic_of_korea,1992,23492000000
republic_of_korea,1993,23226000000
republic_of_korea,1994,26233000000
republic_of_korea,1995,30191000000
republic_of_korea,1996,30268000000
republic_of_korea,1997,25498000000
republic_of_korea,1998,16199000000
republic_of_korea,1999,21143000000
republic_of_korea,2000,22228000000
republic_of_korea,2001,19528000000
republic_of_korea,2002,20115000000
republic_of_korea,2003,20833000000
republic_of_korea,2004,23462000000
republic_of_korea,2005,24494000000
republic_of_korea,2006,26304000000
republic_of_korea,2007,26776000000
republic_of_korea,2008,22437000000
republic_of_korea,2009,21150000000
republic_of_korea,2010,24529000000
republic_of_korea,2011,27686000000
republic_of_korea,2012,27949000000
republic_of_korea,2013,28774000000
republic_of_korea,2014,30528000000
republic_of_korea,2015,29373000000
republic_of_korea,2016,27888000000
republic_of_korea,2017,30054000000
republic_of_korea,2018,30121000000
republic_of_korea,2019,27541000000
republic_of_korea,2020,29034000000
republic_of_korea,2021,33744000000
republic_of_korea,2022,27480000000
republic_of_moldova,1992,949850000
republic_of_moldova,1993,863890000
republic_of_moldova,1994,532690000
republic_of_moldova,1995,575290000
republic_of_moldova,1996,517690000
republic_of_moldova,1997,556950000
republic_of_moldova,1998,486810000
republic_of_moldova,1999,324270000
republic_of_moldova,2000,364110000
republic_of_moldova,2001,369290000
republic_of_moldova,2002,388640000
republic_of_moldova,2003,403760000
republic_of_moldova,2004,508190000
republic_of_moldova,2005,545100000
republic_of_moldova,2006,549640000
republic_of_moldova,2007,488700000
republic_of_moldova,2008,593380000
republic_of_moldova,2009,514060000
republic_of_moldova,2010,778500000
republic_of_moldova,2011,957910000
republic_of_moldova,2012,909950000
republic_of_moldova,2013,1096900000
republic_of_moldova,2014,1323000000
republic_of_moldova,2015,999760000
republic_of_moldova,2016,996000000
republic_of_moldova,2017,1160700000
republic_of_moldova,2018,1141800000
republic_of_moldova,2019,1192600000
republic_of_moldova,2020,1080000000
republic_of_moldova,2021,1449500000
republic_of_moldova,2022,1142700000
romania,1970,1937000000
romania,1971,2747500000
romania,1972,3030200000
romania,1973,3067100000
romania,1974,2784500000
romania,1975,3084500000
romania,1976,3914500000
romania,1977,3671100000
romania,1978,4336700000
romania,1979,4221500000
romania,1980,4535900000
romania,1981,6345900000
romania,1982,8698500000
romania,1983,6594200000
romania,1984,5639000000
romania,1985,7035200000
romania,1986,7067700000
romania,1987,7713800000
romania,1988,8474400000
romania,1989,7478900000
romania,1990,8080900000
romania,1991,5274800000
romania,1992,3611000000
romania,1993,5360600000
romania,1994,5793100000
romania,1995,6798400000
romania,1996,6475900000
romania,1997,6229400000
romania,1998,5995700000
romania,1999,4547800000
romania,2000,4043500000
romania,2001,5311800000
romania,2002,5225000000
romania,2003,6887300000
romania,2004,9525800000
romania,2005,8354900000
romania,2006,9543200000
romania,2007,9605000000
romania,2008,13506000000
romania,2009,10649000000
romania,2010,8804700000
romania,2011,11463000000
romania,2012,8133400000
romania,2013,10457000000
romania,2014,9882900000
romania,2015,7873100000
romania,2016,7953000000
romania,2017,9328100000
romania,2018,11106000000
romania,2019,11095000000
romania,2020,10504000000
romania,2021,13612000000
romania,2022,13445000000
russian_federation,1992,35886000000
russian_federation,1993,34808000000
russian_federation,1994,25088000000
russian_federation,1995,26367000000
russian_federation,1996,25454000000
russian_federation,1997,23583000000
russian_federation,1998,13703000000
russian_federation,1999,12494000000
russian_federation,2000,14502000000
russian_federation,2001,17457000000
russian_federation,2002,19234000000
russian_federation,2003,23688000000
russian_federation,2004,28989000000
russian_federation,2005,32524000000
russian_federation,2006,38234000000
russian_federation,2007,49127000000
russian_federation,2008,62353000000
russian_federation,2009,49951000000
russian_federation,2010,51004000000
russian_federation,2011,64462000000
russian_federation,2012,64615000000
russian_federation,2013,68627000000
russian_federation,2014,69203000000
russian_federation,2015,52809000000
russian_federation,2016,49031000000
russian_federation,2017,55941000000
russian_federation,2018,56254000000
russian_federation,2019,59772000000
russian_federation,2020,59818000000
russian_federation,2021,71088000000
russian_federation,2022,87408000000
rwanda,1965,111290000
rwanda,1966,93229000
rwanda,1967,105070000
rwanda,1968,112420000
rwanda,1969,124150000
rwanda,1970,136570000
rwanda,1971,167620000
rwanda,1972,186340000
rwanda,1973,231050000
rwanda,1974,301370000
rwanda,1975,342570000
rwanda,1976,382060000
rwanda,1977,422260000
rwanda,1978,467640000
rwanda,1979,662180000
rwanda,1980,700240000
rwanda,1981,697710000
rwanda,1982,673490000
rwanda,1983,678960000
rwanda,1984,782200000
rwanda,1985,873690000
rwanda,1986,869660000
rwanda,1987,1001100000
rwanda,1988,1073800000
rwanda,1989,1149500000
rwanda,1990,984160000
rwanda,1991,633150000
rwanda,1992,655650000
rwanda,1993,704970000
rwanda,1994,532760000
rwanda,1995,502890000
rwanda,1996,576360000
rwanda,1997,751930000
rwanda,1998,800330000
rwanda,1999,679760000
rwanda,2000,644090000
rwanda,2001,625290000
rwanda,2002,593230000
rwanda,2003,706770000
rwanda,2004,805270000
rwanda,2005,991350000
rwanda,2006,996900000
rwanda,2007,1060400000
rwanda,2008,1283700000
rwanda,2009,1439400000
rwanda,2010,1488500000
rwanda,2011,1640800000
rwanda,2012,1896500000
rwanda,2013,1948500000
rwanda,2014,2035600000
rwanda,2015,2045800000
rwanda,2016,2187400000
rwanda,2017,2437700000
rwanda,2018,2373700000
rwanda,2019,2438400000
rwanda,2020,2711800000
rwanda,2021,2663300000
rwanda,2022,3314500000
saint_kitts_and_nevis,1970,2572900
saint_kitts_and_nevis,1971,3098700
saint_kitts_and_nevis,1972,3595000
saint_kitts_and_nevis,1973,3841700
saint_kitts_and_nevis,1974,5009100
saint_kitts_and_nevis,1975,5075600
saint_kitts_and_nevis,1976,4660700
saint_kitts_and_nevis,1977,4655600
saint_kitts_and_nevis,1978,4266700
saint_kitts_and_nevis,1979,4733300
saint_kitts_and_nevis,1980,5766700
saint_kitts_and_nevis,1981,4670400
saint_kitts_and_nevis,1982,7014800
saint_kitts_and_nevis,1983,5481500
saint_kitts_and_nevis,1984,6555600
saint_kitts_and_nevis,1985,5474100
saint_kitts_and_nevis,1986,7640700
saint_kitts_and_nevis,1987,8733300
saint_kitts_and_nevis,1988,9400000
saint_kitts_and_nevis,1989,8185200
saint_kitts_and_nevis,1990,7603700
saint_kitts_and_nevis,1991,8351900
saint_kitts_and_nevis,1992,9648100
saint_kitts_and_nevis,1993,10163000
saint_kitts_and_nevis,1994,9544400
saint_kitts_and_nevis,1995,9081500
saint_kitts_and_nevis,1996,9292600
saint_kitts_and_nevis,1997,11419000
saint_kitts_and_nevis,1998,8670400
saint_kitts_and_nevis,1999,7114800
saint_kitts_and_nevis,2000,6511100
saint_kitts_and_nevis,2001,7955600
saint_kitts_and_nevis,2002,8581500
saint_kitts_and_nevis,2003,8355600
saint_kitts_and_nevis,2004,9033300
saint_kitts_and_nevis,2005,9088900
saint_kitts_and_nevis,2006,7659300
saint_kitts_and_nevis,2007,7963000
saint_kitts_and_nevis,2008,9518500
saint_kitts_and_nevis,2009,8688900
saint_kitts_and_nevis,2010,9877800
saint_kitts_and_nevis,2011,11163000
saint_kitts_and_nevis,2012,9611100
saint_kitts_and_nevis,2013,9477800
saint_kitts_and_nevis,2014,8933300
saint_kitts_and_nevis,2015,8133300
saint_kitts_and_nevis,2016,7955600
saint_kitts_and_nevis,2017,9485200
saint_kitts_and_nevis,2018,9811100
saint_kitts_and_nevis,2019,9892600
saint_kitts_and_nevis,2020,9859300
saint_kitts_and_nevis,2021,12248000
saint_kitts_and_nevis,2022,12600000
saint_lucia,1970,4291700
saint_lucia,1971,4909700
saint_lucia,1972,5637800
saint_lucia,1973,6314900
saint_lucia,1974,8592500
saint_lucia,1975,10048000
saint_lucia,1976,10203000
saint_lucia,1977,11385000
saint_lucia,1978,13986000
saint_lucia,1979,15914000
saint_lucia,1980,15637000
saint_lucia,1981,17184000
saint_lucia,1982,19444000
saint_lucia,1983,22622000
saint_lucia,1984,25022000
saint_lucia,1985,30360000
saint_lucia,1986,44875000
saint_lucia,1987,34468000
saint_lucia,1988,48386000
saint_lucia,1989,44775000
saint_lucia,1990,55752000
saint_lucia,1991,52506000
saint_lucia,1992,61679000
saint_lucia,1993,51355000
saint_lucia,1994,46082000
saint_lucia,1995,48891000
saint_lucia,1996,45937000
saint_lucia,1997,38003000
saint_lucia,1998,48983000
saint_lucia,1999,45360000
saint_lucia,2000,46813000
saint_lucia,2001,36533000
saint_lucia,2002,40757000
saint_lucia,2003,37492000
saint_lucia,2004,39406000
saint_lucia,2005,32502000
saint_lucia,2006,37556000
saint_lucia,2007,38704000
saint_lucia,2008,51333000
saint_lucia,2009,50852000
saint_lucia,2010,39889000
saint_lucia,2011,36778000
saint_lucia,2012,37852000
saint_lucia,2013,43556000
saint_lucia,2014,38778000
saint_lucia,2015,38926000
saint_lucia,2016,38815000
saint_lucia,2017,31333000
saint_lucia,2018,33630000
saint_lucia,2019,36185000
saint_lucia,2020,29741000
saint_lucia,2021,29000000
saint_lucia,2022,32927000
saint_vincent_and_the_grenadines,1970,2694000
saint_vincent_and_the_grenadines,1971,2922700
saint_vincent_and_the_grenadines,1972,4039500
saint_vincent_and_the_grenadines,1973,4399600
saint_vincent_and_the_grenadines,1974,4773600
saint_vincent_and_the_grenadines,1975,4934400
saint_vincent_and_the_grenadines,1976,4651000
saint_vincent_and_the_grenadines,1977,5277900
saint_vincent_and_the_grenadines,1978,7432100
saint_vincent_and_the_grenadines,1979,7109000
saint_vincent_and_the_grenadines,1980,7109000
saint_vincent_and_the_grenadines,1981,9873500
saint_vincent_and_the_grenadines,1982,11453000
saint_vincent_and_the_grenadines,1983,13141000
saint_vincent_and_the_grenadines,1984,15510000
saint_vincent_and_the_grenadines,1985,17772000
saint_vincent_and_the_grenadines,1986,19675000
saint_vincent_and_the_grenadines,1987,19460000
saint_vincent_and_the_grenadines,1988,28005000
saint_vincent_and_the_grenadines,1989,28364000
saint_vincent_and_the_grenadines,1990,34468000
saint_vincent_and_the_grenadines,1991,32991000
saint_vincent_and_the_grenadines,1992,38922000
saint_vincent_and_the_grenadines,1993,30950000
saint_vincent_and_the_grenadines,1994,23797000
saint_vincent_and_the_grenadines,1995,33855000
saint_vincent_and_the_grenadines,1996,32532000
saint_vincent_and_the_grenadines,1997,27817000
saint_vincent_and_the_grenadines,1998,33063000
saint_vincent_and_the_grenadines,1999,33756000
saint_vincent_and_the_grenadines,2000,36231000
saint_vincent_and_the_grenadines,2001,31640000
saint_vincent_and_the_grenadines,2002,34076000
saint_vincent_and_the_grenadines,2003,31079000
saint_vincent_and_the_grenadines,2004,32185000
saint_vincent_and_the_grenadines,2005,38261000
saint_vincent_and_the_grenadines,2006,39563000
saint_vincent_and_the_grenadines,2007,42523000
saint_vincent_and_the_grenadines,2008,44223000
saint_vincent_and_the_grenadines,2009,45323000
saint_vincent_and_the_grenadines,2010,45137000
saint_vincent_and_the_grenadines,2011,45187000
saint_vincent_and_the_grenadines,2012,44914000
saint_vincent_and_the_grenadines,2013,50047000
saint_vincent_and_the_grenadines,2014,50525000
saint_vincent_and_the_grenadines,2015,49242000
saint_vincent_and_the_grenadines,2016,54976000
saint_vincent_and_the_grenadines,2017,57134000
saint_vincent_and_the_grenadines,2018,62870000
saint_vincent_and_the_grenadines,2019,63763000
saint_vincent_and_the_grenadines,2020,74722000
saint_vincent_and_the_grenadines,2021,46723000
saint_vincent_and_the_grenadines,2022,44273000
samoa,1970,10338000
samoa,1971,12151000
samoa,1972,14147000
samoa,1973,18722000
samoa,1974,21154000
samoa,1975,21140000
samoa,1976,19222000
samoa,1977,22228000
samoa,1978,24470000
samoa,1979,27758000
samoa,1980,28510000
samoa,1981,26795000
samoa,1982,27484000
samoa,1983,25364000
samoa,1984,24748000
samoa,1985,21679000
samoa,1986,22892000
samoa,1987,25282000
samoa,1988,30229000
samoa,1989,27825000
samoa,1990,28282000
samoa,1991,28955000
samoa,1992,29644000
samoa,1993,29268000
samoa,1994,55201000
samoa,1995,44878000
samoa,1996,51315000
samoa,1997,61926000
samoa,1998,48321000
samoa,1999,44154000
samoa,2000,43757000
samoa,2001,40350000
samoa,2002,43284000
samoa,2003,44988000
samoa,2004,57916000
samoa,2005,60854000
samoa,2006,62616000
samoa,2007,73665000
samoa,2008,77371000
samoa,2009,75636000
samoa,2010,65192000
samoa,2011,70986000
samoa,2012,73307000
samoa,2013,79237000
samoa,2014,67120000
samoa,2015,69835000
samoa,2016,82617000
samoa,2017,84646000
samoa,2018,78734000
samoa,2019,85470000
samoa,2020,83350000
samoa,2021,79620000
samoa,2022,95738000
san_marino,1970,28139
san_marino,1971,30941
san_marino,1972,36045
san_marino,1973,43551
san_marino,1974,49527
san_marino,1975,56509
san_marino,1976,55769
san_marino,1977,63921
san_marino,1978,78184
san_marino,1979,97692
san_marino,1980,118430
san_marino,1981,106880
san_marino,1982,106030
san_marino,1983,109940
san_marino,1984,108660
san_marino,1985,112220
san_marino,1986,158900
san_marino,1987,199950
san_marino,1988,221260
san_marino,1989,230410
san_marino,1990,293170
san_marino,1991,309330
san_marino,1992,327340
san_marino,1993,291160
san_marino,1994,315720
san_marino,1995,358040
san_marino,1996,416380
san_marino,1997,390650
san_marino,1998,411240
san_marino,1999,459580
san_marino,2000,395410
san_marino,2001,391780
san_marino,2002,406350
san_marino,2003,500500
san_marino,2004,570720
san_marino,2005,509360
san_marino,2006,511080
san_marino,2007,565150
san_marino,2008,528520
san_marino,2009,573630
san_marino,2010,477860
san_marino,2011,440270
san_marino,2012,391470
san_marino,2013,352370
san_marino,2014,474970
san_marino,2015,284530
san_marino,2016,199910
san_marino,2017,313040
san_marino,2018,271590
san_marino,2019,246920
san_marino,2020,217820
san_marino,2021,308470
san_marino,2022,296620
sao_tome_and_principe,1970,9770300
sao_tome_and_principe,1971,9790500
sao_tome_and_principe,1972,10878000
sao_tome_and_principe,1973,14706000
sao_tome_and_principe,1974,15181000
sao_tome_and_principe,1975,15780000
sao_tome_and_principe,1976,13663000
sao_tome_and_principe,1977,12920000
sao_tome_and_principe,1978,14452000
sao_tome_and_principe,1979,17265000
sao_tome_and_principe,1980,21441000
sao_tome_and_principe,1981,21923000
sao_tome_and_principe,1982,21086000
sao_tome_and_principe,1983,19721000
sao_tome_and_principe,1984,20536000
sao_tome_and_principe,1985,21722000
sao_tome_and_principe,1986,30438000
sao_tome_and_principe,1987,30444000
sao_tome_and_principe,1988,25994000
sao_tome_and_principe,1989,25874000
sao_tome_and_principe,1990,31323000
sao_tome_and_principe,1991,28219000
sao_tome_and_principe,1992,23859000
sao_tome_and_principe,1993,34544000
sao_tome_and_principe,1994,31828000
sao_tome_and_principe,1995,26052000
sao_tome_and_principe,1996,31956000
sao_tome_and_principe,1997,21652000
sao_tome_and_principe,1998,14650000
sao_tome_and_principe,1999,15108000
sao_tome_and_principe,2000,14528000
sao_tome_and_principe,2001,14907000
sao_tome_and_principe,2002,17910000
sao_tome_and_principe,2003,20710000
sao_tome_and_principe,2004,21740000
sao_tome_and_principe,2005,23254000
sao_tome_and_principe,2006,24484000
sao_tome_and_principe,2007,27453000
sao_tome_and_principe,2008,17820000
sao_tome_and_principe,2009,20312000
sao_tome_and_principe,2010,22237000
sao_tome_and_principe,2011,26353000
sao_tome_and_principe,2012,29051000
sao_tome_and_principe,2013,35946000
sao_tome_and_principe,2014,39693000
sao_tome_and_principe,2015,38020000
sao_tome_and_principe,2016,39612000
sao_tome_and_principe,2017,41187000
sao_tome_and_principe,2018,46168000
sao_tome_and_principe,2019,52924000
sao_tome_and_principe,2020,66666000
sao_tome_and_principe,2021,65861000
sao_tome_and_principe,2022,70618000
saudi_arabia,1968,206670000
saudi_arabia,1969,220670000
saudi_arabia,1970,227240000
saudi_arabia,1971,236560000
saudi_arabia,1972,271530000
saudi_arabia,1973,327830000
saudi_arabia,1974,376820000
saudi_arabia,1975,428110000
saudi_arabia,1976,495710000
saudi_arabia,1977,851280000
saudi_arabia,1978,1203700000
saudi_arabia,1979,1324700000
saudi_arabia,1980,1569100000
saudi_arabia,1981,1791000000
saudi_arabia,1982,2378800000
saudi_arabia,1983,2726000000
saudi_arabia,1984,3231600000
saudi_arabia,1985,3743700000
saudi_arabia,1986,4207500000
saudi_arabia,1987,4804900000
saudi_arabia,1988,5491700000
saudi_arabia,1989,5957200000
saudi_arabia,1990,6620700000
saudi_arabia,1991,7084900000
saudi_arabia,1992,7587900000
saudi_arabia,1993,7965700000
saudi_arabia,1994,8215600000
saudi_arabia,1995,8372600000
saudi_arabia,1996,8505300000
saudi_arabia,1997,8870500000
saudi_arabia,1998,9013000000
saudi_arabia,1999,9144000000
saudi_arabia,2000,9287900000
saudi_arabia,2001,9455300000
saudi_arabia,2002,9551500000
saudi_arabia,2003,9650700000
saudi_arabia,2004,10009000000
saudi_arabia,2005,10463000000
saudi_arabia,2006,11005000000
saudi_arabia,2007,11409000000
saudi_arabia,2008,11917000000
saudi_arabia,2009,12145000000
saudi_arabia,2010,13834000000
saudi_arabia,2011,14583000000
saudi_arabia,2012,15363000000
saudi_arabia,2013,16359000000
saudi_arabia,2014,17545000000
saudi_arabia,2015,18564000000
saudi_arabia,2016,19627000000
saudi_arabia,2017,20502000000
saudi_arabia,2018,21009000000
saudi_arabia,2019,21463000000
saudi_arabia,2020,21736000000
saudi_arabia,2021,23424000000
saudi_arabia,2022,26660000000
senegal,1961,188110000
senegal,1962,183570000
senegal,1963,196070000
senegal,1964,211610000
senegal,1965,226790000
senegal,1966,238890000
senegal,1967,218700000
senegal,1968,250090000
senegal,1969,215500000
senegal,1970,251110000
senegal,1971,225900000
senegal,1972,321140000
senegal,1973,338880000
senegal,1974,402600000
senegal,1975,688080000
senegal,1976,697540000
senegal,1977,647640000
senegal,1978,556640000
senegal,1979,788060000
senegal,1980,682300000
senegal,1981,535410000
senegal,1982,678850000
senegal,1983,645110000
senegal,1984,478660000
senegal,1985,584900000
senegal,1986,1015700000
senegal,1987,1206200000
senegal,1988,1353200000
senegal,1989,1084800000
senegal,1990,1371000000
senegal,1991,1272600000
senegal,1992,1379600000
senegal,1993,1246900000
senegal,1994,829520000
senegal,1995,1093600000
senegal,1996,1159400000
senegal,1997,1040500000
senegal,1998,1107700000
senegal,1999,1145200000
senegal,2000,986070000
senegal,2001,1056800000
senegal,2002,933110000
senegal,2003,1355300000
senegal,2004,1428500000
senegal,2005,1670600000
senegal,2006,1565600000
senegal,2007,1711500000
senegal,2008,2465300000
senegal,2009,2590300000
senegal,2010,2568100000
senegal,2011,2303400000
senegal,2012,2489900000
senegal,2013,2595800000
senegal,2014,2643100000
senegal,2015,2536800000
senegal,2016,2744500000
senegal,2017,3145700000
senegal,2018,3464600000
senegal,2019,3486300000
senegal,2020,3961400000
senegal,2021,4264600000
senegal,2022,4642100000
serbia,2006,2214500000
serbia,2007,2641600000
serbia,2008,3885700000
serbia,2009,3252400000
serbia,2010,2761100000
serbia,2011,3667300000
serbia,2012,2786800000
serbia,2013,3588100000
serbia,2014,3325400000
serbia,2015,2662400000
serbia,2016,2771600000
serbia,2017,2657000000
serbia,2018,3212000000
serbia,2019,3067400000
serbia,2020,3384600000
serbia,2021,3969700000
serbia,2022,4106100000
seychelles,1970,1831900
seychelles,1971,2184500
seychelles,1972,3035700
seychelles,1973,3676500
seychelles,1974,4298300
seychelles,1975,4679500
seychelles,1976,4996300
seychelles,1977,6428400
seychelles,1978,7926500
seychelles,1979,10115000
seychelles,1980,11221000
seychelles,1981,11025000
seychelles,1982,9195800
seychelles,1983,12727000
seychelles,1984,11356000
seychelles,1985,11303000
seychelles,1986,13982000
seychelles,1987,14340000
seychelles,1988,14384000
seychelles,1989,14197000
seychelles,1990,19957000
seychelles,1991,20982000
seychelles,1992,24576000
seychelles,1993,29217000
seychelles,1994,29025000
seychelles,1995,30478000
seychelles,1996,27336000
seychelles,1997,32200000
seychelles,1998,26965000
seychelles,1999,33820000
seychelles,2000,28422000
seychelles,2001,27868000
seychelles,2002,31898000
seychelles,2003,29491000
seychelles,2004,29016000
seychelles,2005,29913000
seychelles,2006,30296000
seychelles,2007,27829000
seychelles,2008,24400000
seychelles,2009,18983000
seychelles,2010,21862000
seychelles,2011,22759000
seychelles,2012,21497000
seychelles,2013,35929000
seychelles,2014,32321000
seychelles,2015,29368000
seychelles,2016,30032000
seychelles,2017,35683000
seychelles,2018,37021000
seychelles,2019,39763000
seychelles,2020,27134000
seychelles,2021,31914000
seychelles,2022,43790000
sierra_leone,1964,129540000
sierra_leone,1965,111580000
sierra_leone,1966,116270000
sierra_leone,1967,119370000
sierra_leone,1968,106980000
sierra_leone,1969,109380000
sierra_leone,1970,120750000
sierra_leone,1971,129200000
sierra_leone,1972,143630000
sierra_leone,1973,166390000
sierra_leone,1974,210640000
sierra_leone,1975,249610000
sierra_leone,1976,247560000
sierra_leone,1977,280420000
sierra_leone,1978,337920000
sierra_leone,1979,368430000
sierra_leone,1980,400690000
sierra_leone,1981,449380000
sierra_leone,1982,549630000
sierra_leone,1983,509270000
sierra_leone,1984,684540000
sierra_leone,1985,537590000
sierra_leone,1986,362070000
sierra_leone,1987,311900000
sierra_leone,1988,477130000
sierra_leone,1989,432250000
sierra_leone,1990,401540000
sierra_leone,1991,486490000
sierra_leone,1992,423950000
sierra_leone,1993,474310000
sierra_leone,1994,570620000
sierra_leone,1995,534370000
sierra_leone,1996,591110000
sierra_leone,1997,548710000
sierra_leone,1998,425230000
sierra_leone,1999,426530000
sierra_leone,2000,396060000
sierra_leone,2001,492200000
sierra_leone,2002,579210000
sierra_leone,2003,642400000
sierra_leone,2004,702340000
sierra_leone,2005,815200000
sierra_leone,2006,948100000
sierra_leone,2007,1126200000
sierra_leone,2008,1344300000
sierra_leone,2009,1356000000
sierra_leone,2010,1364900000
sierra_leone,2011,1606400000
sierra_leone,2012,1923400000
sierra_leone,2013,2360900000
sierra_leone,2014,2597500000
sierra_leone,2015,2496000000
sierra_leone,2016,2230500000
sierra_leone,2017,2254300000
sierra_leone,2018,2407500000
sierra_leone,2019,2370700000
sierra_leone,2020,2416900000
sierra_leone,2021,2441100000
sierra_leone,2022,2000400000
singapore,1970,49261000
singapore,1971,58708000
singapore,1972,65316000
singapore,1973,96730000
singapore,1974,105870000
singapore,1975,124780000
singapore,1976,124090000
singapore,1977,133520000
singapore,1978,134300000
singapore,1979,150610000
singapore,1980,182370000
singapore,1981,210210000
singapore,1982,213320000
singapore,1983,212250000
singapore,1984,209320000
singapore,1985,171080000
singapore,1986,134650000
singapore,1987,119090000
singapore,1988,110710000
singapore,1989,111880000
singapore,1990,125790000
singapore,1991,113690000
singapore,1992,102890000
singapore,1993,104720000
singapore,1994,127600000
singapore,1995,127210000
singapore,1996,144460000
singapore,1997,133080000
singapore,1998,95483000
singapore,1999,95991000
singapore,2000,88517000
singapore,2001,73951000
singapore,2002,65733000
singapore,2003,59695000
singapore,2004,64015000
singapore,2005,70356000
singapore,2006,72627000
singapore,2007,77566000
singapore,2008,80220000
singapore,2009,78995000
singapore,2010,86541000
singapore,2011,96997000
singapore,2012,98425000
singapore,2013,105490000
singapore,2014,108910000
singapore,2015,100380000
singapore,2016,100610000
singapore,2017,105730000
singapore,2018,113430000
singapore,2019,121690000
singapore,2020,114510000
singapore,2021,133240000
singapore,2022,131290000
slovakia,1993,329370000
slovakia,1994,404370000
slovakia,1995,451920000
slovakia,1996,498090000
slovakia,1997,453140000
slovakia,1998,484840000
slovakia,1999,342280000
slovakia,2000,354370000
slovakia,2001,453950000
slovakia,2002,506860000
slovakia,2003,615200000
slovakia,2004,719100000
slovakia,2005,793750000
slovakia,2006,1056800000
slovakia,2007,1769200000
slovakia,2008,2450400000
slovakia,2009,1856600000
slovakia,2010,1428400000
slovakia,2011,1877500000
slovakia,2012,1799700000
slovakia,2013,2198000000
slovakia,2014,2784500000
slovakia,2015,1951400000
slovakia,2016,2015700000
slovakia,2017,1999400000
slovakia,2018,2276700000
slovakia,2019,1824100000
slovakia,2020,1845600000
slovakia,2021,2108800000
slovakia,2022,2559100000
slovenia,1992,761840000
slovenia,1993,669270000
slovenia,1994,667240000
slovenia,1995,860500000
slovenia,1996,807130000
slovenia,1997,779250000
slovenia,1998,792620000
slovenia,1999,679570000
slovenia,2000,626100000
slovenia,2001,582060000
slovenia,2002,699780000
slovenia,2003,667420000
slovenia,2004,836160000
slovenia,2005,878030000
slovenia,2006,836610000
slovenia,2007,983150000
slovenia,2008,1015500000
slovenia,2009,914590000
slovenia,2010,912110000
slovenia,2011,1103800000
slovenia,2012,914610000
slovenia,2013,954110000
slovenia,2014,1007200000
slovenia,2015,903430000
slovenia,2016,885860000
slovenia,2017,893910000
slovenia,2018,1216500000
slovenia,2019,1099100000
slovenia,2020,1121700000
slovenia,2021,1041300000
slovenia,2022,1101900000
solomon_islands,1970,14810000
solomon_islands,1971,15995000
solomon_islands,1972,17449000
solomon_islands,1973,23378000
solomon_islands,1974,33706000
solomon_islands,1975,29964000
solomon_islands,1976,33344000
solomon_islands,1977,37650000
solomon_islands,1978,45448000
solomon_islands,1979,60210000
solomon_islands,1980,66087000
solomon_islands,1981,75168000
solomon_islands,1982,75447000
solomon_islands,1983,55882000
solomon_islands,1984,83457000
solomon_islands,1985,72530000
solomon_islands,1986,62188000
solomon_islands,1987,55808000
solomon_islands,1988,74257000
solomon_islands,1989,68843000
solomon_islands,1990,82648000
solomon_islands,1991,81886000
solomon_islands,1992,100130000
solomon_islands,1993,104750000
solomon_islands,1994,120070000
solomon_islands,1995,158790000
solomon_islands,1996,167120000
solomon_islands,1997,176300000
solomon_islands,1998,143670000
solomon_islands,1999,149720000
solomon_islands,2000,133930000
solomon_islands,2001,100470000
solomon_islands,2002,105460000
solomon_islands,2003,149640000
solomon_islands,2004,166330000
solomon_islands,2005,172750000
solomon_islands,2006,189470000
solomon_islands,2007,214270000
solomon_islands,2008,244840000
solomon_islands,2009,245150000
solomon_islands,2010,291570000
solomon_islands,2011,349200000
solomon_islands,2012,395130000
solomon_islands,2013,432300000
solomon_islands,2014,464220000
solomon_islands,2015,434530000
solomon_islands,2016,475190000
solomon_islands,2017,489150000
solomon_islands,2018,548750000
solomon_islands,2019,529000000
solomon_islands,2020,524120000
solomon_islands,2021,530760000
solomon_islands,2022,534190000
somalia,1970,178310000
somalia,1971,167480000
somalia,1972,248470000
somalia,1973,232640000
somalia,1974,256080000
somalia,1975,391800000
somalia,1976,484180000
somalia,1977,248480000
somalia,1978,276540000
somalia,1979,264200000
somalia,1980,369630000
somalia,1981,419590000
somalia,1982,459310000
somalia,1983,408110000
somalia,1984,466860000
somalia,1985,515180000
somalia,1986,479110000
somalia,1987,569710000
somalia,1988,623600000
somalia,1989,684410000
somalia,1990,737660000
somalia,1991,438670000
somalia,1992,418580000
somalia,1993,739570000
somalia,1994,861410000
somalia,1995,878530000
somalia,1996,1026400000
somalia,1997,1255700000
somalia,1998,1697800000
somalia,1999,1702100000
somalia,2000,1831200000
somalia,2001,1194600000
somalia,2002,1150700000
somalia,2003,1492400000
somalia,2004,2035100000
somalia,2005,2448000000
somalia,2006,2636900000
somalia,2007,2857500000
somalia,2008,3109700000
somalia,2009,1553500000
somalia,2010,1418100000
somalia,2011,1534600000
somalia,2012,2137400000
somalia,2013,2601600000
somalia,2014,3070800000
somalia,2015,3505500000
somalia,2016,3908500000
somalia,2017,4363000000
somalia,2018,4376600000
somalia,2019,4980800000
somalia,2020,4866400000
somalia,2021,5202100000
somalia,2022,5509400000
south_africa,1961,850710000
south_africa,1962,870310000
south_africa,1963,948710000
south_africa,1964,904280000
south_africa,1965,961780000
south_africa,1966,1083600000
south_africa,1967,1330000000
south_africa,1968,1208200000
south_africa,1969,1269800000
south_africa,1970,1230400000
south_africa,1971,1474300000
south_africa,1972,1523100000
south_africa,1973,1988700000
south_africa,1974,2997000000
south_africa,1975,2739900000
south_africa,1976,2310200000
south_africa,1977,2663500000
south_africa,1978,2908900000
south_africa,1979,3183400000
south_africa,1980,4789000000
south_africa,1981,5108600000
south_africa,1982,4079000000
south_africa,1983,3548500000
south_africa,1984,3391700000
south_africa,1985,2789800000
south_africa,1986,3051500000
south_africa,1987,4509100000
south_africa,1988,5005800000
south_africa,1989,4799700000
south_africa,1990,4806900000
south_africa,1991,5222500000
south_africa,1992,4753000000
south_africa,1993,5037900000
south_africa,1994,5765100000
south_africa,1995,5360900000
south_africa,1996,5577100000
south_africa,1997,5518600000
south_africa,1998,4641800000
south_africa,1999,4312800000
south_africa,2000,3968000000
south_africa,2001,3808900000
south_africa,2002,3817100000
south_africa,2003,5228800000
south_africa,2004,6169300000
south_africa,2005,6023200000
south_africa,2006,6232100000
south_africa,2007,7847000000
south_africa,2008,8132400000
south_africa,2009,7912400000
south_africa,2010,8797100000
south_africa,2011,9365100000
south_africa,2012,8586800000
south_africa,2013,7720600000
south_africa,2014,8097200000
south_africa,2015,7740400000
south_africa,2016,7811500000
south_africa,2017,9497700000
south_africa,2018,9156900000
south_africa,2019,7593200000
south_africa,2020,8736100000
south_africa,2021,10744000000
south_africa,2022,11470000000
south_sudan,2012,358430000
south_sudan,2013,595630000
south_sudan,2014,724710000
south_sudan,2015,255540000
south_sudan,2016,127330000
south_sudan,2017,103490000
south_sudan,2018,104130000
south_sudan,2019,157710000
south_sudan,2020,250620000
south_sudan,2021,139450000
south_sudan,2022,129330000
spain,1970,3904700000
spain,1971,4691100000
spain,1972,5607000000
spain,1973,7232900000
spain,1974,8467700000
spain,1975,9858200000
spain,1976,9642500000
spain,1977,10537000000
spain,1978,12628000000
spain,1979,14874000000
spain,1980,15081000000
spain,1981,11235000000
spain,1982,11004000000
spain,1983,9351800000
spain,1984,9843400000
spain,1985,9692400000
spain,1986,12910000000
spain,1987,16338000000
spain,1988,19655000000
spain,1989,20056000000
spain,1990,25648000000
spain,1991,25781000000
spain,1992,24772000000
spain,1993,22032000000
spain,1994,22031000000
spain,1995,23875000000
spain,1996,28205000000
spain,1997,25387000000
spain,1998,25700000000
spain,1999,24228000000
spain,2000,22355000000
spain,2001,23069000000
spain,2002,24612000000
spain,2003,31068000000
spain,2004,33384000000
spain,2005,31934000000
spain,2006,30370000000
spain,2007,36918000000
spain,2008,38494000000
spain,2009,33653000000
spain,2010,34540000000
spain,2011,35095000000
spain,2012,31906000000
spain,2013,35526000000
spain,2014,34733000000
spain,2015,32691000000
spain,2016,34815000000
spain,2017,36601000000
spain,2018,39185000000
spain,2019,34425000000
spain,2020,35935000000
spain,2021,39478000000
spain,2022,33108000000
sri_lanka,1961,475330000
sri_lanka,1962,445920000
sri_lanka,1963,401350000
sri_lanka,1964,405530000
sri_lanka,1965,485120000
sri_lanka,1966,502370000
sri_lanka,1967,559280000
sri_lanka,1968,569730000
sri_lanka,1969,576360000
sri_lanka,1970,650560000
sri_lanka,1971,642950000
sri_lanka,1972,677750000
sri_lanka,1973,802520000
sri_lanka,1974,1055800000
sri_lanka,1975,824720000
sri_lanka,1976,782740000
sri_lanka,1977,921280000
sri_lanka,1978,590760000
sri_lanka,1979,744050000
sri_lanka,1980,825280000
sri_lanka,1981,902590000
sri_lanka,1982,925160000
sri_lanka,1983,987140000
sri_lanka,1984,1117600000
sri_lanka,1985,1080700000
sri_lanka,1986,1075500000
sri_lanka,1987,1117800000
sri_lanka,1988,1224100000
sri_lanka,1989,1200700000
sri_lanka,1990,1385000000
sri_lanka,1991,1509600000
sri_lanka,1992,1545200000
sri_lanka,1993,1636000000
sri_lanka,1994,1789500000
sri_lanka,1995,1844200000
sri_lanka,1996,1952800000
sri_lanka,1997,2049300000
sri_lanka,1998,2074400000
sri_lanka,1999,2067900000
sri_lanka,2000,1992500000
sri_lanka,2001,1828500000
sri_lanka,2002,1853600000
sri_lanka,2003,1896200000
sri_lanka,2004,1967200000
sri_lanka,2005,2189600000
sri_lanka,2006,2357500000
sri_lanka,2007,2863600000
sri_lanka,2008,4354000000
sri_lanka,2009,4419000000
sri_lanka,2010,5305600000
sri_lanka,2011,6459000000
sri_lanka,2012,5572600000
sri_lanka,2013,6102000000
sri_lanka,2014,6668900000
sri_lanka,2015,6996000000
sri_lanka,2016,6391200000
sri_lanka,2017,7012800000
sri_lanka,2018,7174000000
sri_lanka,2019,6459100000
sri_lanka,2020,6956200000
sri_lanka,2021,7891300000
sri_lanka,2022,6665800000
sudan,2012,21344000000
sudan,2013,19549000000
sudan,2014,25062000000
sudan,2015,26818000000
sudan,2016,21763000000
sudan,2017,27540000000
sudan,2018,8964100000
sudan,2019,7096300000
sudan,2020,7007000000
sudan,2021,6941800000
sudan,2022,7390600000
suriname,1961,10000000
suriname,1962,10200000
suriname,1963,11050000
suriname,1964,12150000
suriname,1965,14200000
suriname,1966,15700000
suriname,1967,17250000
suriname,1968,18950000
suriname,1969,17950000
suriname,1970,23983000
suriname,1971,26328000
suriname,1972,28184000
suriname,1973,31522000
suriname,1974,38635000
suriname,1975,40076000
suriname,1976,49667000
suriname,1977,63094000
suriname,1978,62820000
suriname,1979,79467000
suriname,1980,84057000
suriname,1981,95977000
suriname,1982,98854000
suriname,1983,86934000
suriname,1984,92141000
suriname,1985,97724000
suriname,1986,113450000
suriname,1987,139890000
suriname,1988,160220000
suriname,1989,67739000
suriname,1990,131840000
suriname,1991,152540000
suriname,1992,198310000
suriname,1993,320510000
suriname,1994,292630000
suriname,1995,256050000
suriname,1996,337670000
suriname,1997,286340000
suriname,1998,246070000
suriname,1999,204680000
suriname,2000,239260000
suriname,2001,201370000
suriname,2002,194700000
suriname,2003,218910000
suriname,2004,206400000
suriname,2005,233360000
suriname,2006,267520000
suriname,2007,304190000
suriname,2008,330210000
suriname,2009,407590000
suriname,2010,453490000
suriname,2011,432610000
suriname,2012,478310000
suriname,2013,512180000
suriname,2014,576950000
suriname,2015,533550000
suriname,2016,357160000
suriname,2017,392130000
suriname,2018,400920000
suriname,2019,365750000
suriname,2020,338390000
suriname,2021,296220000
suriname,2022,291810000
sweden,1970,2573500000
sweden,1971,2991600000
sweden,1972,3064900000
sweden,1973,3538300000
sweden,1974,4929900000
sweden,1975,5890300000
sweden,1976,6382800000
sweden,1977,6119500000
sweden,1978,6114500000
sweden,1979,6441900000
sweden,1980,6829800000
sweden,1981,6317600000
sweden,1982,5743300000
sweden,1983,5203600000
sweden,1984,5401200000
sweden,1985,5595400000
sweden,1986,7111600000
sweden,1987,8201400000
sweden,1988,8863300000
sweden,1989,9168300000
sweden,1990,10058000000
sweden,1991,8859600000
sweden,1992,8726800000
sweden,1993,6157800000
sweden,1994,6642800000
sweden,1995,7722800000
sweden,1996,7451000000
sweden,1997,6623400000
sweden,1998,6259300000
sweden,1999,5838200000
sweden,2000,5106500000
sweden,2001,4714400000
sweden,2002,5069300000
sweden,2003,6214100000
sweden,2004,7039000000
sweden,2005,4917500000
sweden,2006,5763400000
sweden,2007,7754100000
sweden,2008,8114900000
sweden,2009,6271600000
sweden,2010,8178000000
sweden,2011,9590100000
sweden,2012,8547700000
sweden,2013,8606300000
sweden,2014,8399500000
sweden,2015,7321800000
sweden,2016,7212700000
sweden,2017,7809800000
sweden,2018,7736300000
sweden,2019,7432300000
sweden,2020,7272300000
sweden,2021,8240100000
sweden,2022,8660700000
switzerland,1970,573150000
switzerland,1971,688880000
switzerland,1972,844890000
switzerland,1973,1135700000
switzerland,1974,1310200000
switzerland,1975,1501100000
switzerland,1976,1567300000
switzerland,1977,1683000000
switzerland,1978,2340700000
switzerland,1979,2617700000
switzerland,1980,2865800000
switzerland,1981,2525900000
switzerland,1982,2579300000
switzerland,1983,2590300000
switzerland,1984,2603400000
switzerland,1985,2453200000
switzerland,1986,3378300000
switzerland,1987,4217100000
switzerland,1988,4570700000
switzerland,1989,4375600000
switzerland,1990,5232700000
switzerland,1991,4960100000
switzerland,1992,4762600000
switzerland,1993,4252100000
switzerland,1994,4385600000
switzerland,1995,4935400000
switzerland,1996,4148300000
switzerland,1997,3670600000
switzerland,1998,3556300000
switzerland,1999,3253900000
switzerland,2000,2942600000
switzerland,2001,2639200000
switzerland,2002,2887800000
switzerland,2003,3030700000
switzerland,2004,3776600000
switzerland,2005,3424200000
switzerland,2006,3326700000
switzerland,2007,3794300000
switzerland,2008,4444800000
switzerland,2009,4004100000
switzerland,2010,3970000000
switzerland,2011,4844400000
switzerland,2012,4355900000
switzerland,2013,4679000000
switzerland,2014,5150300000
switzerland,2015,4348300000
switzerland,2016,4526400000
switzerland,2017,4389000000
switzerland,2018,4670900000
switzerland,2019,4672300000
switzerland,2020,5234600000
switzerland,2021,5091400000
switzerland,2022,5029800000
syrian_arab_republic,1970,354360000
syrian_arab_republic,1971,412820000
syrian_arab_republic,1972,595130000
syrian_arab_republic,1973,430510000
syrian_arab_republic,1974,826670000
syrian_arab_republic,1975,950000000
syrian_arab_republic,1976,1235100000
syrian_arab_republic,1977,1282100000
syrian_arab_republic,1978,1756700000
syrian_arab_republic,1979,1758200000
syrian_arab_republic,1980,2658700000
syrian_arab_republic,1981,3271500000
syrian_arab_republic,1982,3552300000
syrian_arab_republic,1983,4006900000
syrian_arab_republic,1984,3796200000
syrian_arab_republic,1985,2107600000
syrian_arab_republic,1986,2321200000
syrian_arab_republic,1987,2586600000
syrian_arab_republic,1988,3643800000
syrian_arab_republic,1989,2432200000
syrian_arab_republic,1990,3156300000
syrian_arab_republic,1991,3818400000
syrian_arab_republic,1992,4581300000
syrian_arab_republic,1993,4512200000
syrian_arab_republic,1994,3449600000
syrian_arab_republic,1995,3818200000
syrian_arab_republic,1996,4196800000
syrian_arab_republic,1997,4169300000
syrian_arab_republic,1998,5133300000
syrian_arab_republic,1999,4335100000
syrian_arab_republic,2000,4864100000
syrian_arab_republic,2001,5356600000
syrian_arab_republic,2002,5415800000
syrian_arab_republic,2003,5142500000
syrian_arab_republic,2004,5506400000
syrian_arab_republic,2005,5762600000
syrian_arab_republic,2006,7104100000
syrian_arab_republic,2007,7836400000
syrian_arab_republic,2008,9858000000
syrian_arab_republic,2009,12335000000
syrian_arab_republic,2010,11934000000
syrian_arab_republic,2011,13894000000
syrian_arab_republic,2012,10975000000
syrian_arab_republic,2013,6782400000
syrian_arab_republic,2014,6294600000
syrian_arab_republic,2015,6686300000
syrian_arab_republic,2016,4548900000
syrian_arab_republic,2017,6886400000
syrian_arab_republic,2018,8611600000
syrian_arab_republic,2019,10578000000
syrian_arab_republic,2020,6359400000
syrian_arab_republic,2021,3298800000
syrian_arab_republic,2022,6521200000
tajikistan,1992,536860000
tajikistan,1993,330600000
tajikistan,1994,241710000
tajikistan,1995,415620000
tajikistan,1996,345920000
tajikistan,1997,271440000
tajikistan,1998,304940000
tajikistan,1999,253840000
tajikistan,2000,216210000
tajikistan,2001,257270000
tajikistan,2002,271510000
tajikistan,2003,376270000
tajikistan,2004,399120000
tajikistan,2005,490030000
tajikistan,2006,607110000
tajikistan,2007,722820000
tajikistan,2008,1025400000
tajikistan,2009,923790000
tajikistan,2010,1105100000
tajikistan,2011,1554700000
tajikistan,2012,1782500000
tajikistan,2013,1741700000
tajikistan,2014,2172600000
tajikistan,2015,1730200000
tajikistan,2016,1424400000
tajikistan,2017,1528600000
tajikistan,2018,1535300000
tajikistan,2019,1732100000
tajikistan,2020,1845600000
tajikistan,2021,2006500000
tajikistan,2022,2580600000
thailand,1961,1087300000
thailand,1962,1125100000
thailand,1963,1170700000
thailand,1964,1191400000
thailand,1965,1401100000
thailand,1966,1763300000
thailand,1967,1648900000
thailand,1968,1744200000
thailand,1969,1920500000
thailand,1970,1912800000
thailand,1971,1837800000
thailand,1972,2161800000
thailand,1973,3130100000
thailand,1974,3859100000
thailand,1975,4170400000
thailand,1976,4725200000
thailand,1977,5109000000
thailand,1978,6133400000
thailand,1979,6849400000
thailand,1980,7791900000
thailand,1981,7712300000
thailand,1982,7033300000
thailand,1983,8324300000
thailand,1984,7612200000
thailand,1985,6373300000
thailand,1986,6995900000
thailand,1987,8239700000
thailand,1988,10339000000
thailand,1989,12887000000
thailand,1990,8832700000
thailand,1991,10438000000
thailand,1992,11645000000
thailand,1993,10344000000
thailand,1994,12655000000
thailand,1995,15373000000
thailand,1996,16589000000
thailand,1997,13614000000
thailand,1998,11662000000
thailand,1999,11265000000
thailand,2000,10743000000
thailand,2001,10321000000
thailand,2002,11674000000
thailand,2003,14377000000
thailand,2004,16064000000
thailand,2005,17407000000
thailand,2006,20850000000
thailand,2007,24579000000
thailand,2008,29349000000
thailand,2009,27571000000
thailand,2010,35892000000
thailand,2011,42985000000
thailand,2012,45736000000
thailand,2013,47591000000
thailand,2014,41096000000
thailand,2015,35606000000
thailand,2016,35046000000
thailand,2017,38363000000
thailand,2018,41563000000
thailand,2019,44218000000
thailand,2020,43554000000
thailand,2021,44027000000
thailand,2022,43700000000
timor_leste,1990,43126000
timor_leste,1991,49459000
timor_leste,1992,62937000
timor_leste,1993,73600000
timor_leste,1994,81000000
timor_leste,1995,92800000
timor_leste,1996,111700000
timor_leste,1997,115300000
timor_leste,1998,160600000
timor_leste,1999,116600000
timor_leste,2000,104380000
timor_leste,2001,102960000
timor_leste,2002,115910000
timor_leste,2003,122050000
timor_leste,2004,135760000
timor_leste,2005,133650000
timor_leste,2006,146140000
timor_leste,2007,162830000
timor_leste,2008,195570000
timor_leste,2009,181470000
timor_leste,2010,225740000
timor_leste,2011,231030000
timor_leste,2012,299380000
timor_leste,2013,297570000
timor_leste,2014,304720000
timor_leste,2015,283510000
timor_leste,2016,279910000
timor_leste,2017,271480000
timor_leste,2018,276520000
timor_leste,2019,287180000
timor_leste,2020,283800000
timor_leste,2021,312230000
timor_leste,2022,327840000
togo,1961,69722000
togo,1962,70608000
togo,1963,74281000
togo,1964,81215000
togo,1965,83653000
togo,1966,94839000
togo,1967,102440000
togo,1968,107850000
togo,1969,115020000
togo,1970,93248000
togo,1971,95440000
togo,1972,111500000
togo,1973,125240000
togo,1974,114800000
togo,1975,140380000
togo,1976,145490000
togo,1977,177670000
togo,1978,197540000
togo,1979,263150000
togo,1980,286360000
togo,1981,242460000
togo,1982,198040000
togo,1983,235990000
togo,1984,214810000
togo,1985,229420000
togo,1986,329640000
togo,1987,373890000
togo,1988,413840000
togo,1989,389730000
togo,1990,491360000
togo,1991,470160000
togo,1992,533670000
togo,1993,486760000
togo,1994,306760000
togo,1995,442010000
togo,1996,534970000
togo,1997,565360000
togo,1998,496130000
togo,1999,520370000
togo,2000,406670000
togo,2001,414560000
togo,2002,493490000
togo,2003,567820000
togo,2004,600110000
togo,2005,673280000
togo,2006,623540000
togo,2007,635710000
togo,2008,943160000
togo,2009,1004000000
togo,2010,999460000
togo,2011,1075800000
togo,2012,1135600000
togo,2013,1152200000
togo,2014,1234700000
togo,2015,1088200000
togo,2016,1237600000
togo,2017,1297600000
togo,2018,1381200000
togo,2019,1364600000
togo,2020,1422200000
togo,2021,1574000000
togo,2022,1516700000
tonga,1970,6975900
tonga,1971,7865600
tonga,1972,9546400
tonga,1973,14014000
tonga,1974,18433000
tonga,1975,18003000
tonga,1976,15685000
tonga,1977,16992000
tonga,1978,19488000
tonga,1979,21174000
tonga,1980,31764000
tonga,1981,26790000
tonga,1982,28031000
tonga,1983,28671000
tonga,1984,27836000
tonga,1985,23314000
tonga,1986,28834000
tonga,1987,34479000
tonga,1988,45934000
tonga,1989,46147000
tonga,1990,47512000
tonga,1991,59633000
tonga,1992,63721000
tonga,1993,62821000
tonga,1994,42211000
tonga,1995,43244000
tonga,1996,45105000
tonga,1997,43457000
tonga,1998,40715000
tonga,1999,44134000
tonga,2000,37495000
tonga,2001,30527000
tonga,2002,32860000
tonga,2003,39652000
tonga,2004,48464000
tonga,2005,46388000
tonga,2006,45704000
tonga,2007,50680000
tonga,2008,49693000
tonga,2009,49684000
tonga,2010,61034000
tonga,2011,74891000
tonga,2012,77226000
tonga,2013,75361000
tonga,2014,70601000
tonga,2015,68022000
tonga,2016,69945000
tonga,2017,77527000
tonga,2018,81871000
tonga,2019,99770000
tonga,2020,86748000
tonga,2021,77031000
tonga,2022,87563000
trinidad_and_tobago,1970,69635000
trinidad_and_tobago,1971,74929000
trinidad_and_tobago,1972,96953000
trinidad_and_tobago,1973,98630000
trinidad_and_tobago,1974,114460000
trinidad_and_tobago,1975,139600000
trinidad_and_tobago,1976,170100000
trinidad_and_tobago,1977,189320000
trinidad_and_tobago,1978,219060000
trinidad_and_tobago,1979,233570000
trinidad_and_tobago,1980,244450000
trinidad_and_tobago,1981,364130000
trinidad_and_tobago,1982,438850000
trinidad_and_tobago,1983,455530000
trinidad_and_tobago,1984,356880000
trinidad_and_tobago,1985,387970000
trinidad_and_tobago,1986,246630000
trinidad_and_tobago,1987,249040000
trinidad_and_tobago,1988,227360000
trinidad_and_tobago,1989,198670000
trinidad_and_tobago,1990,220790000
trinidad_and_tobago,1991,224060000
trinidad_and_tobago,1992,229390000
trinidad_and_tobago,1993,187390000
trinidad_and_tobago,1994,176000000
trinidad_and_tobago,1995,177370000
trinidad_and_tobago,1996,184670000
trinidad_and_tobago,1997,172370000
trinidad_and_tobago,1998,157000000
trinidad_and_tobago,1999,180750000
trinidad_and_tobago,2000,172990000
trinidad_and_tobago,2001,171100000
trinidad_and_tobago,2002,204130000
trinidad_and_tobago,2003,188000000
trinidad_and_tobago,2004,180020000
trinidad_and_tobago,2005,204250000
trinidad_and_tobago,2006,203210000
trinidad_and_tobago,2007,228410000
trinidad_and_tobago,2008,269760000
trinidad_and_tobago,2009,265130000
trinidad_and_tobago,2010,291170000
trinidad_and_tobago,2011,340140000
trinidad_and_tobago,2012,360300000
trinidad_and_tobago,2013,360910000
trinidad_and_tobago,2014,428510000
trinidad_and_tobago,2015,448180000
trinidad_and_tobago,2016,383850000
trinidad_and_tobago,2017,413520000
trinidad_and_tobago,2018,418170000
trinidad_and_tobago,2019,376860000
trinidad_and_tobago,2020,369750000
trinidad_and_tobago,2021,360330000
trinidad_and_tobago,2022,323660000
tunisia,1965,206100000
tunisia,1966,185900000
tunisia,1967,176950000
tunisia,1968,213520000
tunisia,1969,205330000
tunisia,1970,228970000
tunisia,1971,305090000
tunisia,1972,448340000
tunisia,1973,503580000
tunisia,1974,620330000
tunisia,1975,747200000
tunisia,1976,747630000
tunisia,1977,754940000
tunisia,1978,841190000
tunisia,1979,909310000
tunisia,1980,1154000000
tunisia,1981,1075900000
tunisia,1982,999370000
tunisia,1983,926110000
tunisia,1984,1037600000
tunisia,1985,1236300000
tunisia,1986,1088600000
tunisia,1987,1485000000
tunisia,1988,1107100000
tunisia,1989,1210700000
tunisia,1990,1808100000
tunisia,1991,2031800000
tunisia,1992,2333600000
tunisia,1993,2006900000
tunisia,1994,1833600000
tunisia,1995,1913700000
tunisia,1996,2508900000
tunisia,1997,2330800000
tunisia,1998,2311300000
tunisia,1999,2433400000
tunisia,2000,2148700000
tunisia,2001,2079000000
tunisia,2002,1920400000
tunisia,2003,2550900000
tunisia,2004,3088000000
tunisia,2005,2959300000
tunisia,2006,3190400000
tunisia,2007,3363100000
tunisia,2008,3520900000
tunisia,2009,3674900000
tunisia,2010,3319100000
tunisia,2011,3971000000
tunisia,2012,4234600000
tunisia,2013,4284300000
tunisia,2014,4453800000
tunisia,2015,4214400000
tunisia,2016,3781900000
tunisia,2017,3788800000
tunisia,2018,4221100000
tunisia,2019,4092600000
tunisia,2020,4415600000
tunisia,2021,4733400000
tunisia,2022,4526500000
turkiye,1961,4133300000
turkiye,1962,4711100000
turkiye,1963,5522200000
turkiye,1964,5644400000
turkiye,1965,5522200000
turkiye,1966,6655600000
turkiye,1967,6966700000
turkiye,1968,7277800000
turkiye,1969,7955600000
turkiye,1970,6659800000
turkiye,1971,5990400000
turkiye,1972,6887600000
turkiye,1973,8583100000
turkiye,1974,12599000000
turkiye,1975,15517000000
turkiye,1976,16393000000
turkiye,1977,18129000000
turkiye,1978,20364000000
turkiye,1979,24519000000
turkiye,1980,17677000000
turkiye,1981,16871000000
turkiye,1982,14181000000
turkiye,1983,12679000000
turkiye,1984,12501000000
turkiye,1985,13012000000
turkiye,1986,14523000000
turkiye,1987,15266000000
turkiye,1988,15412000000
turkiye,1989,17466000000
turkiye,1990,25881000000
turkiye,1991,22635000000
turkiye,1992,23430000000
turkiye,1993,27337000000
turkiye,1994,19856000000
turkiye,1995,26116000000
turkiye,1996,30061000000
turkiye,1997,26988000000
turkiye,1998,34356000000
turkiye,1999,26813000000
turkiye,2000,27520000000
turkiye,2001,17730000000
turkiye,2002,24483000000
turkiye,2003,30815000000
turkiye,2004,38137000000
turkiye,2005,46405000000
turkiye,2006,45095000000
turkiye,2007,50806000000
turkiye,2008,57203000000
turkiye,2009,52411000000
turkiye,2010,69670000000
turkiye,2011,68562000000
turkiye,2012,67758000000
turkiye,2013,63944000000
turkiye,2014,61568000000
turkiye,2015,59364000000
turkiye,2016,53418000000
turkiye,2017,51871000000
turkiye,2018,45115000000
turkiye,2019,48718000000
turkiye,2020,48046000000
turkiye,2021,45369000000
turkiye,2022,58753000000
turkmenistan,1992,286410000
turkmenistan,1993,497430000
turkmenistan,1994,752030000
turkmenistan,1995,353220000
turkmenistan,1996,299670000
turkmenistan,1997,537850000
turkmenistan,1998,721170000
turkmenistan,1999,958080000
turkmenistan,2000,1131900000
turkmenistan,2001,1605800000
turkmenistan,2002,1821200000
turkmenistan,2003,2156000000
turkmenistan,2004,2231700000
turkmenistan,2005,2626800000
turkmenistan,2006,2788600000
turkmenistan,2007,3487000000
turkmenistan,2008,2318900000
turkmenistan,2009,2125600000
turkmenistan,2010,2561100000
turkmenistan,2011,2597200000
turkmenistan,2012,2989500000
turkmenistan,2013,3321800000
turkmenistan,2014,3610500000
turkmenistan,2015,3355200000
turkmenistan,2016,3807700000
turkmenistan,2017,4216600000
turkmenistan,2018,4501100000
turkmenistan,2019,4881100000
turkmenistan,2020,4886100000
turkmenistan,2021,5931800000
turkmenistan,2022,7111700000
tuvalu,1970,375590
tuvalu,1971,399140
tuvalu,1972,439640
tuvalu,1973,549540
tuvalu,1974,584870
tuvalu,1975,558020
tuvalu,1976,551060
tuvalu,1977,513540
tuvalu,1978,560800
tuvalu,1979,592360
tuvalu,1980,608100
tuvalu,1981,687040
tuvalu,1982,542630
tuvalu,1983,595970
tuvalu,1984,699740
tuvalu,1985,381310
tuvalu,1986,722690
tuvalu,1987,703870
tuvalu,1988,1341500
tuvalu,1989,1816100
tuvalu,1990,2195800
tuvalu,1991,2204300
tuvalu,1992,2230400
tuvalu,1993,2029800
tuvalu,1994,2422500
tuvalu,1995,2541700
tuvalu,1996,2965900
tuvalu,1997,3034000
tuvalu,1998,2605700
tuvalu,1999,2599900
tuvalu,2000,2596400
tuvalu,2001,2536000
tuvalu,2002,2809900
tuvalu,2003,3362000
tuvalu,2004,4180200
tuvalu,2005,4534200
tuvalu,2006,5219300
tuvalu,2007,6281500
tuvalu,2008,6696600
tuvalu,2009,6539700
tuvalu,2010,8388200
tuvalu,2011,9786400
tuvalu,2012,9472500
tuvalu,2013,7607600
tuvalu,2014,6254600
tuvalu,2015,4818900
tuvalu,2016,4534600
tuvalu,2017,4828500
tuvalu,2018,4856500
tuvalu,2019,4449100
tuvalu,2020,4473200
tuvalu,2021,5258300
tuvalu,2022,5037800
uganda,1961,220420000
uganda,1962,220830000
uganda,1963,245240000
uganda,1964,278290000
uganda,1965,434170000
uganda,1966,444680000
uganda,1967,443560000
uganda,1968,461060000
uganda,1969,530390000
uganda,1970,616400000
uganda,1971,681960000
uganda,1972,741090000
uganda,1973,867130000
uganda,1974,1050200000
uganda,1975,1207200000
uganda,1976,1271800000
uganda,1977,1370300000
uganda,1978,1411500000
uganda,1979,1327400000
uganda,1980,1409000000
uganda,1981,1613800000
uganda,1982,1778200000
uganda,1983,2073100000
uganda,1984,1886000000
uganda,1985,2155600000
uganda,1986,2527100000
uganda,1987,2985100000
uganda,1988,3260100000
uganda,1989,2942800000
uganda,1990,1870200000
uganda,1991,1453200000
uganda,1992,1642400000
uganda,1993,1497000000
uganda,1994,2518100000
uganda,1995,2667500000
uganda,1996,2420100000
uganda,1997,2564300000
uganda,1998,2375600000
uganda,1999,2186800000
uganda,2000,2010800000
uganda,2001,1942000000
uganda,2002,1850900000
uganda,2003,2095900000
uganda,2004,2408800000
uganda,2005,2980700000
uganda,2006,3080400000
uganda,2007,3470300000
uganda,2008,4380500000
uganda,2009,9187200000
uganda,2010,8506800000
uganda,2011,7886800000
uganda,2012,8019600000
uganda,2013,7555500000
uganda,2014,8156100000
uganda,2015,6600500000
uganda,2016,7380200000
uganda,2017,7242100000
uganda,2018,7819900000
uganda,2019,8903600000
uganda,2020,9426300000
uganda,2021,10167000000
uganda,2022,12110000000
ukraine,1992,16350000000
ukraine,1993,14831000000
ukraine,1994,7897400000
ukraine,1995,6693100000
ukraine,1996,5445100000
ukraine,1997,6272100000
ukraine,1998,5050700000
ukraine,1999,3747500000
ukraine,2000,4516900000
ukraine,2001,5493900000
ukraine,2002,5539900000
ukraine,2003,5460800000
ukraine,2004,7015600000
ukraine,2005,7920200000
ukraine,2006,8099400000
ukraine,2007,9345000000
ukraine,2008,12294000000
ukraine,2009,8393700000
ukraine,2010,10130000000
ukraine,2011,13374000000
ukraine,2012,13739000000
ukraine,2013,16106000000
ukraine,2014,13557000000
ukraine,2015,10978000000
ukraine,2016,10947000000
ukraine,2017,11408000000
ukraine,2018,13272000000
ukraine,2019,13796000000
ukraine,2020,14581000000
ukraine,2021,21746000000
ukraine,2022,13197000000
united_arab_emirates,1970,5172700
united_arab_emirates,1971,7090900
united_arab_emirates,1972,10483000
united_arab_emirates,1973,20923000
united_arab_emirates,1974,57650000
united_arab_emirates,1975,71911000
united_arab_emirates,1976,94621000
united_arab_emirates,1977,108920000
united_arab_emirates,1978,135090000
united_arab_emirates,1979,154300000
united_arab_emirates,1980,193140000
united_arab_emirates,1981,244350000
united_arab_emirates,1982,269820000
united_arab_emirates,1983,282560000
united_arab_emirates,1984,318170000
united_arab_emirates,1985,339640000
united_arab_emirates,1986,363220000
united_arab_emirates,1987,375720000
united_arab_emirates,1988,392470000
united_arab_emirates,1989,446950000
united_arab_emirates,1990,484930000
united_arab_emirates,1991,604510000
united_arab_emirates,1992,675740000
united_arab_emirates,1993,744370000
united_arab_emirates,1994,980700000
united_arab_emirates,1995,1061600000
united_arab_emirates,1996,1191600000
united_arab_emirates,1997,1427400000
united_arab_emirates,1998,1491200000
united_arab_emirates,1999,1780200000
united_arab_emirates,2000,2133000000
united_arab_emirates,2001,2089300000
united_arab_emirates,2002,2186300000
united_arab_emirates,2003,2165700000
united_arab_emirates,2004,2224400000
united_arab_emirates,2005,2277300000
united_arab_emirates,2006,2196100000
united_arab_emirates,2007,2276100000
united_arab_emirates,2008,2376300000
united_arab_emirates,2009,2360000000
united_arab_emirates,2010,2206500000
united_arab_emirates,2011,2350500000
united_arab_emirates,2012,2415100000
united_arab_emirates,2013,2534100000
united_arab_emirates,2014,2603500000
united_arab_emirates,2015,2679600000
united_arab_emirates,2016,2772600000
united_arab_emirates,2017,2974800000
united_arab_emirates,2018,3038300000
united_arab_emirates,2019,3121200000
united_arab_emirates,2020,3368500000
united_arab_emirates,2021,3916900000
united_arab_emirates,2022,4176900000
united_kingdom_of_great_britain_and_northern_ireland,1970,2935000000
united_kingdom_of_great_britain_and_northern_ireland,1971,3309300000
united_kingdom_of_great_britain_and_northern_ireland,1972,3799800000
united_kingdom_of_great_britain_and_northern_ireland,1973,4295200000
united_kingdom_of_great_britain_and_northern_ireland,1974,4650600000
united_kingdom_of_great_britain_and_northern_ireland,1975,5447500000
united_kingdom_of_great_britain_and_northern_ireland,1976,4994400000
united_kingdom_of_great_britain_and_northern_ireland,1977,5341400000
united_kingdom_of_great_britain_and_northern_ireland,1978,6432200000
united_kingdom_of_great_britain_and_northern_ireland,1979,7864600000
united_kingdom_of_great_britain_and_northern_ireland,1980,9497200000
united_kingdom_of_great_britain_and_northern_ireland,1981,8695300000
united_kingdom_of_great_britain_and_northern_ireland,1982,7896400000
united_kingdom_of_great_britain_and_northern_ireland,1983,7177800000
united_kingdom_of_great_britain_and_northern_ireland,1984,6434100000
united_kingdom_of_great_britain_and_northern_ireland,1985,6472300000
united_kingdom_of_great_britain_and_northern_ireland,1986,8131700000
united_kingdom_of_great_britain_and_northern_ireland,1987,10140000000
united_kingdom_of_great_britain_and_northern_ireland,1988,12624000000
united_kingdom_of_great_britain_and_northern_ireland,1989,13188000000
united_kingdom_of_great_britain_and_northern_ireland,1990,14276000000
united_kingdom_of_great_britain_and_northern_ireland,1991,14640000000
united_kingdom_of_great_britain_and_northern_ireland,1992,14989000000
united_kingdom_of_great_britain_and_northern_ireland,1993,13606000000
united_kingdom_of_great_britain_and_northern_ireland,1994,15112000000
united_kingdom_of_great_britain_and_northern_ireland,1995,16370000000
united_kingdom_of_great_britain_and_northern_ireland,1996,15049000000
united_kingdom_of_great_britain_and_northern_ireland,1997,14616000000
united_kingdom_of_great_britain_and_northern_ireland,1998,15480000000
united_kingdom_of_great_britain_and_northern_ireland,1999,14251000000
united_kingdom_of_great_britain_and_northern_ireland,2000,13653000000
united_kingdom_of_great_britain_and_northern_ireland,2001,12534000000
united_kingdom_of_great_britain_and_northern_ireland,2002,15932000000
united_kingdom_of_great_britain_and_northern_ireland,2003,17473000000
united_kingdom_of_great_britain_and_northern_ireland,2004,17641000000
united_kingdom_of_great_britain_and_northern_ireland,2005,13858000000
united_kingdom_of_great_britain_and_northern_ireland,2006,15456000000
united_kingdom_of_great_britain_and_northern_ireland,2007,17384000000
united_kingdom_of_great_britain_and_northern_ireland,2008,19759000000
united_kingdom_of_great_britain_and_northern_ireland,2009,16312000000
united_kingdom_of_great_britain_and_northern_ireland,2010,14582000000
united_kingdom_of_great_britain_and_northern_ireland,2011,18182000000
united_kingdom_of_great_britain_and_northern_ireland,2012,17011000000
united_kingdom_of_great_britain_and_northern_ireland,2013,17639000000
united_kingdom_of_great_britain_and_northern_ireland,2014,22833000000
united_kingdom_of_great_britain_and_northern_ireland,2015,18480000000
united_kingdom_of_great_britain_and_northern_ireland,2016,15568000000
united_kingdom_of_great_britain_and_northern_ireland,2017,15921000000
united_kingdom_of_great_britain_and_northern_ireland,2018,16398000000
united_kingdom_of_great_britain_and_northern_ireland,2019,17243000000
united_kingdom_of_great_britain_and_northern_ireland,2020,17808000000
united_kingdom_of_great_britain_and_northern_ireland,2021,22291000000
united_kingdom_of_great_britain_and_northern_ireland,2022,23608000000
united_republic_of_tanzania,1970,381530000
united_republic_of_tanzania,1971,388390000
united_republic_of_tanzania,1972,448040000
united_republic_of_tanzania,1973,515160000
united_republic_of_tanzania,1974,603430000
united_republic_of_tanzania,1975,767570000
united_republic_of_tanzania,1976,939070000
united_republic_of_tanzania,1977,1183000000
united_republic_of_tanzania,1978,1428900000
united_republic_of_tanzania,1979,1598900000
united_republic_of_tanzania,1980,1779500000
united_republic_of_tanzania,1981,2163700000
united_republic_of_tanzania,1982,2606900000
united_republic_of_tanzania,1983,2723000000
united_republic_of_tanzania,1984,2545800000
united_republic_of_tanzania,1985,2839500000
united_republic_of_tanzania,1986,2148600000
united_republic_of_tanzania,1987,1406900000
united_republic_of_tanzania,1988,1813300000
united_republic_of_tanzania,1989,1911400000
united_republic_of_tanzania,1990,1736500000
united_republic_of_tanzania,1991,2037000000
united_republic_of_tanzania,1992,1799200000
united_republic_of_tanzania,1993,1676400000
united_republic_of_tanzania,1994,1725100000
united_republic_of_tanzania,1995,2106900000
united_republic_of_tanzania,1996,2627400000
united_republic_of_tanzania,1997,3006400000
united_republic_of_tanzania,1998,3168200000
united_republic_of_tanzania,1999,3236100000
united_republic_of_tanzania,2000,3323300000
united_republic_of_tanzania,2001,3328200000
united_republic_of_tanzania,2002,3418600000
united_republic_of_tanzania,2003,3677700000
united_republic_of_tanzania,2004,4141500000
united_republic_of_tanzania,2005,4289900000
united_republic_of_tanzania,2006,4816900000
united_republic_of_tanzania,2007,5143700000
united_republic_of_tanzania,2008,7008300000
united_republic_of_tanzania,2009,7667000000
united_republic_of_tanzania,2010,8249000000
united_republic_of_tanzania,2011,8758600000
united_republic_of_tanzania,2012,10692000000
united_republic_of_tanzania,2013,12486000000
united_republic_of_tanzania,2014,13174000000
united_republic_of_tanzania,2015,12933000000
united_republic_of_tanzania,2016,13937000000
united_republic_of_tanzania,2017,15636000000
united_republic_of_tanzania,2018,16230000000
united_republic_of_tanzania,2019,16636000000
united_republic_of_tanzania,2020,17839000000
united_republic_of_tanzania,2021,18943000000
united_republic_of_tanzania,2022,18943000000
united_states_of_america,1970,25085000000
united_states_of_america,1971,26983000000
united_states_of_america,1972,31274000000
united_states_of_america,1973,45962000000
united_states_of_america,1974,44559000000
united_states_of_america,1975,45880000000
united_states_of_america,1976,44889000000
united_states_of_america,1977,45385000000
united_states_of_america,1978,52976000000
united_states_of_america,1979,62548000000
united_states_of_america,1980,56277000000
united_states_of_america,1981,68407000000
united_states_of_america,1982,65189000000
united_states_of_america,1983,52976000000
united_states_of_america,1984,70305000000
united_states_of_america,1985,70882000000
united_states_of_america,1986,68902000000
united_states_of_america,1987,74266000000
united_states_of_america,1988,74433000000
united_states_of_america,1989,85209000000
united_states_of_america,1990,90472000000
united_states_of_america,1991,85961000000
united_states_of_america,1992,93312000000
united_states_of_america,1993,90472000000
united_states_of_america,1994,98993000000
united_states_of_america,1995,91725000000
united_states_of_america,1996,109000000000
united_states_of_america,1997,109000000000
united_states_of_america,1998,99800000000
united_states_of_america,1999,92600000000
united_states_of_america,2000,98300000000
united_states_of_america,2001,99800000000
united_states_of_america,2002,95900000000
united_states_of_america,2003,115000000000
united_states_of_america,2004,144000000000
united_states_of_america,2005,130000000000
united_states_of_america,2006,126000000000
united_states_of_america,2007,146000000000
united_states_of_america,2008,146000000000
united_states_of_america,2009,129000000000
united_states_of_america,2010,145000000000
united_states_of_america,2011,179000000000
united_states_of_america,2012,179000000000
united_states_of_america,2013,215000000000
united_states_of_america,2014,200000000000
united_states_of_america,2015,181000000000
united_states_of_america,2016,167000000000
united_states_of_america,2017,177000000000
united_states_of_america,2018,177000000000
united_states_of_america,2019,162000000000
united_states_of_america,2020,161000000000
united_states_of_america,2021,226000000000
united_states_of_america,2022,271000000000
uruguay,1970,365530000
uruguay,1971,452820000
uruguay,1972,471540000
uruguay,1973,677180000
uruguay,1974,814280000
uruguay,1975,514980000
uruguay,1976,494090000
uruguay,1977,638270000
uruguay,1978,661760000
uruguay,1979,1039100000
uruguay,1980,1321300000
uruguay,1981,1251900000
uruguay,1982,971010000
uruguay,1983,656750000
uruguay,1984,681470000
uruguay,1985,617910000
uruguay,1986,714550000
uruguay,1987,970310000
uruguay,1988,974260000
uruguay,1989,936090000
uruguay,1990,910820000
uruguay,1991,982080000
uruguay,1992,1090400000
uruguay,1993,1061400000
uruguay,1994,1330100000
uruguay,1995,1597100000
uruguay,1996,1579600000
uruguay,1997,1570400000
uruguay,1998,1732300000
uruguay,1999,1394700000
uruguay,2000,1368100000
uruguay,2001,1167600000
uruguay,2002,1024500000
uruguay,2003,1161100000
uruguay,2004,1505100000
uruguay,2005,1518500000
uruguay,2006,1745300000
uruguay,2007,1989700000
uruguay,2008,2784300000
uruguay,2009,2497100000
uruguay,2010,2901300000
uruguay,2011,4386100000
uruguay,2012,4466700000
uruguay,2013,4868800000
uruguay,2014,4436800000
uruguay,2015,3893800000
uruguay,2016,3839000000
uruguay,2017,3514500000
uruguay,2018,3797700000
uruguay,2019,4107900000
uruguay,2020,3523800000
uruguay,2021,5036200000
uruguay,2022,5043300000
uzbekistan,1992,4871000000
uzbekistan,1993,3822400000
uzbekistan,1994,8740100000
uzbekistan,1995,7213900000
uzbekistan,1996,5962600000
uzbekistan,1997,8356700000
uzbekistan,1998,7649800000
uzbekistan,1999,9441400000
uzbekistan,2000,7828700000
uzbekistan,2001,5295900000
uzbekistan,2002,5632100000
uzbekistan,2003,5473700000
uzbekistan,2004,6050500000
uzbekistan,2005,7175800000
uzbekistan,2006,8250600000
uzbekistan,2007,9834600000
uzbekistan,2008,11053000000
uzbekistan,2009,11939000000
uzbekistan,2010,13464000000
uzbekistan,2011,17965000000
uzbekistan,2012,19671000000
uzbekistan,2013,20352000000
uzbekistan,2014,23200000000
uzbekistan,2015,25187000000
uzbekistan,2016,25218000000
uzbekistan,2017,17792000000
uzbekistan,2018,14044000000
uzbekistan,2019,14698000000
uzbekistan,2020,14968000000
uzbekistan,2021,17134000000
uzbekistan,2022,18864000000
vanuatu,1970,11385000
vanuatu,1971,12300000
vanuatu,1972,16345000
vanuatu,1973,19939000
vanuatu,1974,19883000
vanuatu,1975,24053000
vanuatu,1976,23232000
vanuatu,1977,24338000
vanuatu,1978,29701000
vanuatu,1979,39086000
vanuatu,1980,37174000
vanuatu,1981,32365000
vanuatu,1982,32165000
vanuatu,1983,34682000
vanuatu,1984,46436000
vanuatu,1985,45311000
vanuatu,1986,36278000
vanuatu,1987,34120000
vanuatu,1988,36540000
vanuatu,1989,35001000
vanuatu,1990,39808000
vanuatu,1991,42777000
vanuatu,1992,45697000
vanuatu,1993,55973000
vanuatu,1994,60038000
vanuatu,1995,78618000
vanuatu,1996,81758000
vanuatu,1997,83487000
vanuatu,1998,69538000
vanuatu,1999,67647000
vanuatu,2000,63458000
vanuatu,2001,61653000
vanuatu,2002,63816000
vanuatu,2003,71790000
vanuatu,2004,86135000
vanuatu,2005,87976000
vanuatu,2006,92199000
vanuatu,2007,108230000
vanuatu,2008,122760000
vanuatu,2009,120550000
vanuatu,2010,145240000
vanuatu,2011,181250000
vanuatu,2012,195550000
vanuatu,2013,200390000
vanuatu,2014,205340000
vanuatu,2015,164120000
vanuatu,2016,168330000
vanuatu,2017,188070000
vanuatu,2018,194100000
vanuatu,2019,198630000
vanuatu,2020,207970000
vanuatu,2021,211200000
vanuatu,2022,215850000
venezuela_bolivarian_republic_of,1961,418000000
venezuela_bolivarian_republic_of,1962,458700000
venezuela_bolivarian_republic_of,1963,510000000
venezuela_bolivarian_republic_of,1964,446840000
venezuela_bolivarian_republic_of,1965,485200000
venezuela_bolivarian_republic_of,1966,538780000
venezuela_bolivarian_republic_of,1967,582530000
venezuela_bolivarian_republic_of,1968,647200000
venezuela_bolivarian_republic_of,1969,729290000
venezuela_bolivarian_republic_of,1970,909090000
venezuela_bolivarian_republic_of,1971,909090000
venezuela_bolivarian_republic_of,1972,930230000
venezuela_bolivarian_republic_of,1973,930230000
venezuela_bolivarian_republic_of,1974,1162800000
venezuela_bolivarian_republic_of,1975,1627900000
venezuela_bolivarian_republic_of,1976,1627900000
venezuela_bolivarian_republic_of,1977,2093000000
venezuela_bolivarian_republic_of,1978,2325600000
venezuela_bolivarian_republic_of,1979,2558100000
venezuela_bolivarian_republic_of,1980,3255800000
venezuela_bolivarian_republic_of,1981,3720900000
venezuela_bolivarian_republic_of,1982,3953500000
venezuela_bolivarian_republic_of,1983,4418600000
venezuela_bolivarian_republic_of,1984,3277900000
venezuela_bolivarian_republic_of,1985,3733300000
venezuela_bolivarian_republic_of,1986,4206200000
venezuela_bolivarian_republic_of,1987,3103400000
venezuela_bolivarian_republic_of,1988,4206900000
venezuela_bolivarian_republic_of,1989,2796100000
venezuela_bolivarian_republic_of,1990,2772300000
venezuela_bolivarian_republic_of,1991,3079600000
venezuela_bolivarian_republic_of,1992,3392600000
venezuela_bolivarian_republic_of,1993,3390500000
venezuela_bolivarian_republic_of,1994,3145900000
venezuela_bolivarian_republic_of,1995,4258000000
venezuela_bolivarian_republic_of,1996,3146000000
venezuela_bolivarian_republic_of,1997,3859700000
venezuela_bolivarian_republic_of,1998,4521800000
venezuela_bolivarian_republic_of,1999,4262700000
venezuela_bolivarian_republic_of,2000,4607600000
venezuela_bolivarian_republic_of,2001,5201300000
venezuela_bolivarian_republic_of,2002,3573800000
venezuela_bolivarian_republic_of,2003,3602500000
venezuela_bolivarian_republic_of,2004,4181700000
venezuela_bolivarian_republic_of,2005,5377200000
venezuela_bolivarian_republic_of,2006,6709400000
venezuela_bolivarian_republic_of,2007,8784800000
venezuela_bolivarian_republic_of,2008,13124000000
venezuela_bolivarian_republic_of,2009,18653000000
venezuela_bolivarian_republic_of,2010,21168000000
venezuela_bolivarian_republic_of,2011,15865000000
venezuela_bolivarian_republic_of,2012,19127000000
venezuela_bolivarian_republic_of,2013,18205000000
venezuela_bolivarian_republic_of,2014,18252000000
venezuela_bolivarian_republic_of,2015,14748000000
venezuela_bolivarian_republic_of,2016,20082000000
venezuela_bolivarian_republic_of,2017,21373000000
venezuela_bolivarian_republic_of,2018,4368800000
venezuela_bolivarian_republic_of,2019,4048200000
venezuela_bolivarian_republic_of,2020,5304400000
venezuela_bolivarian_republic_of,2021,5704800000
venezuela_bolivarian_republic_of,2022,6109400000
viet_nam,1970,1185800000
viet_nam,1971,1292100000
viet_nam,1972,1383100000
viet_nam,1973,1431600000
viet_nam,1974,1540300000
viet_nam,1975,1664900000
viet_nam,1976,1940300000
viet_nam,1977,2313300000
viet_nam,1978,2790600000
viet_nam,1979,3051300000
viet_nam,1980,1024000000
viet_nam,1981,804560000
viet_nam,1982,936750000
viet_nam,1983,1406700000
viet_nam,1984,2155700000
viet_nam,1985,2063200000
viet_nam,1986,2164900000
viet_nam,1987,2222300000
viet_nam,1988,2568700000
viet_nam,1989,2653700000
viet_nam,1990,2512900000
viet_nam,1991,3101700000
viet_nam,1992,3356700000
viet_nam,1993,3946500000
viet_nam,1994,4476200000
viet_nam,1995,5650100000
viet_nam,1996,6860900000
viet_nam,1997,6934500000
viet_nam,1998,7031400000
viet_nam,1999,7312900000
viet_nam,2000,7666200000
viet_nam,2001,7614400000
viet_nam,2002,8094200000
viet_nam,2003,8937300000
viet_nam,2004,9930300000
viet_nam,2005,11123000000
viet_nam,2006,12571000000
viet_nam,2007,14723000000
viet_nam,2008,20802000000
viet_nam,2009,20971000000
viet_nam,2010,22632000000
viet_nam,2011,28062000000
viet_nam,2012,31685000000
viet_nam,2013,32517000000
viet_nam,2014,34738000000
viet_nam,2015,34632000000
viet_nam,2016,35526000000
viet_nam,2017,36379000000
viet_nam,2018,38164000000
viet_nam,2019,39403000000
viet_nam,2020,43866000000
viet_nam,2021,45988000000
viet_nam,2022,48554000000
yemen,1989,792220000
yemen,1990,855830000
yemen,1991,777220000
yemen,1992,880550000
yemen,1993,869440000
yemen,1994,958530000
yemen,1995,1017400000
yemen,1996,1038500000
yemen,1997,1075900000
yemen,1998,1199200000
yemen,1999,1216800000
yemen,2000,1307700000
yemen,2001,1373300000
yemen,2002,1411500000
yemen,2003,1508400000
yemen,2004,1644400000
yemen,2005,1807700000
yemen,2006,2109100000
yemen,2007,2530700000
yemen,2008,3033200000
yemen,2009,3586500000
yemen,2010,3715400000
yemen,2011,4332800000
yemen,2012,4733500000
yemen,2013,5126500000
yemen,2014,4572900000
yemen,2015,4451000000
yemen,2016,3444900000
yemen,2017,3468900000
yemen,2018,5063700000
yemen,2019,2515600000
yemen,2020,1815100000
yemen,2021,1723600000
yemen,2022,2123200000
zambia,1961,88857000
zambia,1962,85571000
zambia,1963,93571000
zambia,1964,100570000
zambia,1965,155000000
zambia,1966,170000000
zambia,1967,175710000
zambia,1968,182860000
zambia,1969,190000000
zambia,1970,139150000
zambia,1971,158050000
zambia,1972,207860000
zambia,1973,216300000
zambia,1974,246000000
zambia,1975,309040000
zambia,1976,390360000
zambia,1977,349600000
zambia,1978,349430000
zambia,1979,365030000
zambia,1980,446540000
zambia,1981,462840000
zambia,1982,519240000
zambia,1983,500970000
zambia,1984,422970000
zambia,1985,319310000
zambia,1986,310220000
zambia,1987,302530000
zambia,1988,579690000
zambia,1989,567630000
zambia,1990,574260000
zambia,1991,534040000
zambia,1992,703420000
zambia,1993,997780000
zambia,1994,432500000
zambia,1995,536380000
zambia,1996,478350000
zambia,1997,601670000
zambia,1998,561360000
zambia,1999,619260000
zambia,2000,581480000
zambia,2001,635760000
zambia,2002,644230000
zambia,2003,765530000
zambia,2004,969310000
zambia,2005,1215500000
zambia,2006,1684700000
zambia,2007,1701700000
zambia,2008,2051500000
zambia,2009,1770800000
zambia,2010,1909200000
zambia,2011,2263400000
zambia,2012,2377300000
zambia,2013,2307200000
zambia,2014,1840700000
zambia,2015,1058100000
zambia,2016,1305100000
zambia,2017,1850700000
zambia,2018,879120000
zambia,2019,666840000
zambia,2020,539170000
zambia,2021,751530000
zambia,2022,902330000
zimbabwe,1965,246080000
zimbabwe,1966,270790000
zimbabwe,1967,305340000
zimbabwe,1968,250100000
zimbabwe,1969,341500000
zimbabwe,1970,270560000
zimbabwe,1971,354720000
zimbabwe,1972,449320000
zimbabwe,1973,463960000
zimbabwe,1974,682580000
zimbabwe,1975,715630000
zimbabwe,1976,706940000
zimbabwe,1977,671420000
zimbabwe,1978,541560000
zimbabwe,1979,596520000
zimbabwe,1980,883820000
zimbabwe,1981,1171300000
zimbabwe,1982,1113200000
zimbabwe,1983,678270000
zimbabwe,1984,751350000
zimbabwe,1985,1475500000
zimbabwe,1986,1267200000
zimbabwe,1987,1117500000
zimbabwe,1988,1463400000
zimbabwe,1989,1398500000
zimbabwe,1990,1642500000
zimbabwe,1991,1399700000
zimbabwe,1992,575270000
zimbabwe,1993,1137100000
zimbabwe,1994,1486300000
zimbabwe,1995,1209600000
zimbabwe,1996,2238800000
zimbabwe,1997,2318100000
zimbabwe,1998,1503900000
zimbabwe,1999,1787800000
zimbabwe,2000,1686400000
zimbabwe,2001,2122200000
zimbabwe,2002,2038800000
zimbabwe,2003,1519100000
zimbabwe,2004,695990000
zimbabwe,2005,683950000
zimbabwe,2006,1114400000
zimbabwe,2007,1558200000
zimbabwe,2008,1117500000
zimbabwe,2009,1038400000
zimbabwe,2010,1157200000
zimbabwe,2011,1222100000
zimbabwe,2012,1376800000
zimbabwe,2013,1364000000
zimbabwe,2014,1704900000
zimbabwe,2015,1653800000
zimbabwe,2016,1618000000
zimbabwe,2017,1597400000
zimbabwe,2018,1730700000
zimbabwe,2019,2218600000
zimbabwe,2020,1900600000
zimbabwe,2021,2134400000
zimbabwe,2022,1893900000
