area,year,sdg_6_4_1_industrial_water_use_efficiency
afghanistan,1988,190.29
afghanistan,1989,81.386
afghanistan,1990,69.439
afghanistan,1991,45.924
afghanistan,1992,25.459
afghanistan,1993,14.298
afghanistan,1994,7.8443
afghanistan,1995,9.1693
afghanistan,1996,8.8804
afghanistan,1997,8.8059
afghanistan,1998,8.9532
afghanistan,1999,9.2285
afghanistan,2000,9.5881
afghanistan,2001,9.5361
afghanistan,2002,12.236
afghanistan,2003,11.253
afghanistan,2004,11.859
afghanistan,2005,11.777
afghanistan,2006,12.340
afghanistan,2007,14.028
afghanistan,2008,12.370
afghanistan,2009,11.136
afghanistan,2010,10.481
afghanistan,2011,11.621
afghanistan,2012,11.301
afghanistan,2013,10.646
afghanistan,2014,10.692
afghanistan,2015,10.222
afghanistan,2016,9.7476
afghanistan,2017,10.288
afghanistan,2018,13.816
afghanistan,2019,18.225
afghanistan,2020,14.062
afghanistan,2021,12.130
afghanistan,2022,13.192
albania,1990,18.362
albania,1991,10.553
albania,1992,6.3739
albania,1993,6.3260
albania,1994,6.2615
albania,1995,6.7488
albania,1996,3.8463
albania,1997,3.5280
albania,1998,3.1812
albania,1999,3.7301
albania,2000,4.4356
albania,2001,5.5003
albania,2002,6.3351
albania,2003,6.4849
albania,2004,6.8412
albania,2005,7.3547
albania,2006,8.4047
albania,2007,9.7214
albania,2008,10.912
albania,2009,11.319
albania,2010,11.931
albania,2011,13.647
albania,2012,13.833
albania,2013,14.735
albania,2014,15.022
albania,2015,15.587
albania,2016,16.681
albania,2017,19.647
albania,2018,22.899
albania,2019,11.402
albania,2020,134.30
albania,2021,244.06
albania,2022,241.54
algeria,1980,270.99
algeria,1981,264.32
algeria,1982,268.43
algeria,1983,270.33
algeria,1984,279.14
algeria,1985,269.65
algeria,1986,138.07
algeria,1987,92.649
algeria,1988,67.944
algeria,1989,57.993
algeria,1990,53.738
algeria,1991,58.185
algeria,1992,56.514
algeria,1993,53.870
algeria,1994,56.468
algeria,1995,62.001
algeria,1996,68.772
algeria,1997,73.253
algeria,1998,69.428
algeria,1999,79.743
algeria,2000,103.23
algeria,2001,98.183
algeria,2002,103.29
algeria,2003,116.78
algeria,2004,127.49
algeria,2005,150.85
algeria,2006,160.12
algeria,2007,164.76
algeria,2008,174.54
algeria,2009,146.56
algeria,2010,163.17
algeria,2011,167.95
algeria,2012,170.23
algeria,2013,211.18
algeria,2014,302.26
algeria,2015,473.48
algeria,2016,306.88
algeria,2017,324.62
algeria,2018,338.43
algeria,2019,311.96
algeria,2020,250.49
algeria,2021,324.36
algeria,2022,351.16
angola,1987,284.78
angola,1988,236.48
angola,1989,200.88
angola,1990,181.01
angola,1991,148.98
angola,1992,160.10
angola,1993,118.07
angola,1994,143.09
angola,1995,150.25
angola,1996,161.33
angola,1997,144.42
angola,1998,128.60
angola,1999,162.57
angola,2000,156.73
angola,2001,137.20
angola,2002,127.75
angola,2003,117.71
angola,2004,128.07
angola,2005,156.25
angola,2006,166.26
angola,2007,201.10
angola,2008,219.60
angola,2009,160.86
angola,2010,201.56
angola,2011,223.83
angola,2012,246.95
angola,2013,242.61
angola,2014,220.02
angola,2015,200.89
angola,2016,198.80
angola,2017,196.84
angola,2018,220.81
angola,2019,227.43
angola,2020,196.21
angola,2021,208.85
angola,2022,202.18
antigua_and_barbuda,1990,84.842
antigua_and_barbuda,1991,82.376
antigua_and_barbuda,1992,72.802
antigua_and_barbuda,1993,64.809
antigua_and_barbuda,1994,63.562
antigua_and_barbuda,1995,63.802
antigua_and_barbuda,1996,66.682
antigua_and_barbuda,1997,69.101
antigua_and_barbuda,1998,73.541
antigua_and_barbuda,1999,76.372
antigua_and_barbuda,2000,78.185
antigua_and_barbuda,2001,59.740
antigua_and_barbuda,2002,62.026
antigua_and_barbuda,2003,69.400
antigua_and_barbuda,2004,67.564
antigua_and_barbuda,2005,80.191
antigua_and_barbuda,2006,115.61
antigua_and_barbuda,2007,118.74
antigua_and_barbuda,2008,116.66
antigua_and_barbuda,2009,101.23
antigua_and_barbuda,2010,67.079
antigua_and_barbuda,2011,51.540
antigua_and_barbuda,2012,53.985
antigua_and_barbuda,2013,60.846
antigua_and_barbuda,2014,65.312
antigua_and_barbuda,2015,65.467
antigua_and_barbuda,2016,75.710
antigua_and_barbuda,2017,88.389
antigua_and_barbuda,2018,110.03
antigua_and_barbuda,2019,114.23
antigua_and_barbuda,2020,87.109
antigua_and_barbuda,2021,98.587
antigua_and_barbuda,2022,109.00
argentina,1995,31.077
argentina,1996,29.817
argentina,1997,29.856
argentina,1998,27.613
argentina,1999,23.836
argentina,2000,21.704
argentina,2001,20.064
argentina,2002,22.933
argentina,2003,26.703
argentina,2004,29.411
argentina,2005,31.740
argentina,2006,35.256
argentina,2007,35.956
argentina,2008,35.992
argentina,2009,32.541
argentina,2010,36.207
argentina,2011,38.348
argentina,2012,36.771
argentina,2013,36.747
argentina,2014,36.256
argentina,2015,35.500
argentina,2016,32.564
argentina,2017,32.533
argentina,2018,34.637
argentina,2019,33.083
argentina,2020,29.208
argentina,2021,35.474
argentina,2022,37.777
armenia,1995,6.1748
armenia,1996,6.9493
armenia,1997,7.5850
armenia,1998,7.9373
armenia,1999,9.2029
armenia,2000,11.477
armenia,2001,12.724
armenia,2002,17.449
armenia,2003,19.550
armenia,2004,15.238
armenia,2005,23.321
armenia,2006,22.324
armenia,2007,22.422
armenia,2008,21.635
armenia,2009,13.867
armenia,2010,13.458
armenia,2011,11.662
armenia,2012,9.8240
armenia,2013,17.902
armenia,2014,12.495
armenia,2015,20.009
armenia,2016,19.967
armenia,2017,19.719
armenia,2018,19.040
armenia,2019,23.650
armenia,2020,14.856
armenia,2021,26.520
armenia,2022,20.779
australia,2001,78.633
australia,2002,81.729
australia,2003,83.817
australia,2004,88.563
australia,2005,94.038
australia,2006,95.604
australia,2007,96.129
australia,2008,101.11
australia,2009,92.245
australia,2010,101.70
australia,2011,98.537
australia,2012,96.203
australia,2013,107.66
australia,2014,96.072
australia,2015,89.234
australia,2016,75.043
australia,2017,104.24
australia,2018,103.70
australia,2019,112.42
australia,2020,106.39
australia,2021,114.01
australia,2022,120.18
australia_and_new_zealand,2000,966.48
australia_and_new_zealand,2001,78.453
australia_and_new_zealand,2002,78.193
australia_and_new_zealand,2003,76.584
australia_and_new_zealand,2004,77.623
australia_and_new_zealand,2005,79.146
australia_and_new_zealand,2006,77.519
australia_and_new_zealand,2007,77.215
australia_and_new_zealand,2008,79.675
australia_and_new_zealand,2009,71.984
australia_and_new_zealand,2010,77.016
australia_and_new_zealand,2011,75.903
australia_and_new_zealand,2012,74.140
australia_and_new_zealand,2013,80.850
australia_and_new_zealand,2014,74.611
australia_and_new_zealand,2015,70.680
australia_and_new_zealand,2016,63.015
australia_and_new_zealand,2017,81.358
australia_and_new_zealand,2018,82.493
australia_and_new_zealand,2019,87.661
australia_and_new_zealand,2020,84.634
australia_and_new_zealand,2021,91.157
australia_and_new_zealand,2022,95.787
austria,1980,20.729
austria,1981,20.336
austria,1982,20.117
austria,1983,20.570
austria,1984,19.791
austria,1985,20.607
austria,1986,20.419
austria,1987,19.832
austria,1988,20.055
austria,1989,20.127
austria,1990,20.840
austria,1991,22.066
austria,1992,22.597
austria,1993,22.508
austria,1994,23.936
austria,1995,25.667
austria,1996,25.200
austria,1997,24.784
austria,1998,25.421
austria,1999,26.175
austria,2000,27.300
austria,2001,27.649
austria,2002,27.502
austria,2003,27.984
austria,2004,28.788
austria,2005,29.526
austria,2006,31.072
austria,2007,33.032
austria,2008,33.151
austria,2009,30.591
austria,2010,31.496
austria,2011,33.048
austria,2012,34.040
austria,2013,34.412
austria,2014,35.186
austria,2015,36.149
austria,2016,38.069
austria,2017,39.662
austria,2018,41.360
austria,2019,42.534
austria,2020,39.825
austria,2021,42.961
austria,2022,43.450
azerbaijan,1992,1.2522
azerbaijan,1993,0.86959
azerbaijan,1994,0.78150
azerbaijan,1995,0.75613
azerbaijan,1996,0.92182
azerbaijan,1997,1.0740
azerbaijan,1998,0.99129
azerbaijan,1999,0.86057
azerbaijan,2000,8.1061
azerbaijan,2001,8.7644
azerbaijan,2002,11.458
azerbaijan,2003,10.853
azerbaijan,2004,12.166
azerbaijan,2005,16.154
azerbaijan,2006,22.151
azerbaijan,2007,33.033
azerbaijan,2008,40.653
azerbaijan,2009,55.551
azerbaijan,2010,56.819
azerbaijan,2011,53.512
azerbaijan,2012,43.817
azerbaijan,2013,43.155
azerbaijan,2014,40.309
azerbaijan,2015,39.618
azerbaijan,2016,36.912
azerbaijan,2017,44.301
azerbaijan,2018,52.621
azerbaijan,2019,44.991
azerbaijan,2020,36.666
azerbaijan,2021,42.894
azerbaijan,2022,51.933
bahrain,1990,337.29
bahrain,1991,297.27
bahrain,1992,284.38
bahrain,1993,304.94
bahrain,1994,289.45
bahrain,1995,297.29
bahrain,1996,287.80
bahrain,1997,278.90
bahrain,1998,228.05
bahrain,1999,255.96
bahrain,2000,335.01
bahrain,2001,315.17
bahrain,2002,314.14
bahrain,2003,326.11
bahrain,2004,348.02
bahrain,2005,407.42
bahrain,2006,467.73
bahrain,2007,513.54
bahrain,2008,604.32
bahrain,2009,527.28
bahrain,2010,577.90
bahrain,2011,654.52
bahrain,2012,654.64
bahrain,2013,699.28
bahrain,2014,710.38
bahrain,2015,846.50
bahrain,2016,867.62
bahrain,2017,950.52
bahrain,2018,1010.8
bahrain,2019,1011.9
bahrain,2020,906.02
bahrain,2021,1057.6
bahrain,2022,1040.6
bangladesh,1987,37.544
bangladesh,1988,33.175
bangladesh,1989,30.206
bangladesh,1990,30.417
bangladesh,1991,29.086
bangladesh,1992,29.672
bangladesh,1993,30.819
bangladesh,1994,30.999
bangladesh,1995,31.025
bangladesh,1996,31.261
bangladesh,1997,31.726
bangladesh,1998,32.972
bangladesh,1999,32.275
bangladesh,2000,32.920
bangladesh,2001,34.170
bangladesh,2002,34.853
bangladesh,2003,35.089
bangladesh,2004,36.228
bangladesh,2005,37.947
bangladesh,2006,36.181
bangladesh,2007,39.548
bangladesh,2008,42.344
bangladesh,2009,47.077
bangladesh,2010,50.473
bangladesh,2011,55.175
bangladesh,2012,61.118
bangladesh,2013,69.595
bangladesh,2014,76.264
bangladesh,2015,85.795
bangladesh,2016,96.520
bangladesh,2017,103.27
bangladesh,2018,113.66
bangladesh,2019,125.92
bangladesh,2020,129.63
bangladesh,2021,141.89
bangladesh,2022,154.46
barbados,1996,75.859
barbados,1997,86.189
barbados,1998,88.812
barbados,1999,86.946
barbados,2000,90.585
barbados,2001,84.930
barbados,2002,83.835
barbados,2003,89.363
barbados,2004,89.854
barbados,2005,93.109
barbados,2006,115.35
barbados,2007,106.42
barbados,2008,110.56
barbados,2009,103.30
barbados,2010,89.140
barbados,2011,91.934
barbados,2012,88.684
barbados,2013,87.863
barbados,2014,85.574
barbados,2015,85.806
barbados,2016,83.757
barbados,2017,82.114
barbados,2018,78.284
barbados,2019,76.122
barbados,2020,73.688
barbados,2021,71.199
barbados,2022,79.127
belarus,1995,9.2070
belarus,1996,10.040
belarus,1997,12.196
belarus,1998,13.513
belarus,1999,14.015
belarus,2000,14.266
belarus,2001,14.510
belarus,2002,15.915
belarus,2003,17.143
belarus,2004,20.835
belarus,2005,23.936
belarus,2006,26.422
belarus,2007,28.927
belarus,2008,34.045
belarus,2009,32.776
belarus,2010,35.113
belarus,2011,39.426
belarus,2012,39.314
belarus,2013,39.795
belarus,2014,59.096
belarus,2015,53.451
belarus,2016,31.815
belarus,2017,35.142
belarus,2018,36.032
belarus,2019,37.872
belarus,2020,39.686
belarus,2021,39.941
belarus,2022,39.477
belgium,1980,8.7093
belgium,1981,7.9205
belgium,1982,8.1387
belgium,1983,8.0784
belgium,1984,8.1175
belgium,1985,8.4997
belgium,1986,8.6021
belgium,1987,8.4898
belgium,1988,9.2384
belgium,1989,9.6280
belgium,1990,9.8589
belgium,1991,9.4566
belgium,1992,9.4494
belgium,1993,9.0379
belgium,1994,9.3979
belgium,1995,9.8314
belgium,1996,10.281
belgium,1997,11.343
belgium,1998,11.421
belgium,1999,11.479
belgium,2000,12.059
belgium,2001,12.617
belgium,2002,13.432
belgium,2003,13.454
belgium,2004,14.151
belgium,2005,14.608
belgium,2006,14.814
belgium,2007,15.714
belgium,2008,15.431
belgium,2009,14.470
belgium,2010,16.119
belgium,2011,17.354
belgium,2012,18.420
belgium,2013,19.914
belgium,2014,22.130
belgium,2015,25.018
belgium,2016,23.804
belgium,2017,23.316
belgium,2018,24.235
belgium,2019,25.656
belgium,2020,22.001
belgium,2021,20.549
belgium,2022,21.825
belize,1988,66.207
belize,1989,41.823
belize,1990,33.314
belize,1991,27.726
belize,1992,24.236
belize,1993,21.763
belize,1994,16.545
belize,1995,14.403
belize,1996,13.104
belize,1997,11.689
belize,1998,10.941
belize,1999,11.020
belize,2000,12.890
belize,2001,12.285
belize,2002,12.313
belize,2003,11.777
belize,2004,12.471
belize,2005,12.354
belize,2006,14.302
belize,2007,15.814
belize,2008,16.618
belize,2009,14.949
belize,2010,13.845
belize,2011,14.317
belize,2012,13.504
belize,2013,12.565
belize,2014,12.854
belize,2015,12.540
belize,2016,13.343
belize,2017,11.921
belize,2018,12.088
belize,2019,13.003
belize,2020,11.551
belize,2021,15.718
belize,2022,15.646
benin,1985,21.853
benin,1986,15.864
benin,1987,15.080
benin,1988,15.650
benin,1989,15.596
benin,1990,16.144
benin,1991,15.621
benin,1992,16.377
benin,1993,15.955
benin,1994,43.086
benin,1995,42.484
benin,1996,42.423
benin,1997,42.267
benin,1998,38.634
benin,1999,36.687
benin,2000,39.203
benin,2001,46.221
benin,2002,47.351
benin,2003,49.826
benin,2004,48.908
benin,2005,52.650
benin,2006,53.583
benin,2007,51.927
benin,2008,49.296
benin,2009,51.396
benin,2010,52.354
benin,2011,53.903
benin,2012,51.095
benin,2013,56.369
benin,2014,56.605
benin,2015,57.113
benin,2016,58.566
benin,2017,59.462
benin,2018,61.596
benin,2019,73.651
benin,2020,76.025
benin,2021,82.199
benin,2022,90.224
bhutan,1987,29.945
bhutan,1988,27.411
bhutan,1989,30.872
bhutan,1990,32.886
bhutan,1991,35.578
bhutan,1992,37.665
bhutan,1993,38.367
bhutan,1994,40.391
bhutan,1995,45.371
bhutan,1996,48.042
bhutan,1997,45.871
bhutan,1998,47.151
bhutan,1999,52.701
bhutan,2000,61.566
bhutan,2001,74.144
bhutan,2002,81.422
bhutan,2003,83.986
bhutan,2004,87.729
bhutan,2005,92.261
bhutan,2006,89.730
bhutan,2007,100.41
bhutan,2008,96.793
bhutan,2009,106.01
bhutan,2010,131.69
bhutan,2011,160.10
bhutan,2012,172.10
bhutan,2013,169.14
bhutan,2014,169.83
bhutan,2015,184.57
bhutan,2016,205.81
bhutan,2017,209.65
bhutan,2018,204.42
bhutan,2019,182.23
bhutan,2020,110.50
bhutan,2021,135.23
bhutan,2022,158.74
bolivia_plurinational_state_of,1987,50.585
bolivia_plurinational_state_of,1988,54.625
bolivia_plurinational_state_of,1989,58.138
bolivia_plurinational_state_of,1990,62.605
bolivia_plurinational_state_of,1991,63.807
bolivia_plurinational_state_of,1992,63.912
bolivia_plurinational_state_of,1993,63.087
bolivia_plurinational_state_of,1994,65.811
bolivia_plurinational_state_of,1995,73.702
bolivia_plurinational_state_of,1996,76.696
bolivia_plurinational_state_of,1997,78.553
bolivia_plurinational_state_of,1998,83.623
bolivia_plurinational_state_of,1999,82.598
bolivia_plurinational_state_of,2000,89.393
bolivia_plurinational_state_of,2001,92.205
bolivia_plurinational_state_of,2002,98.094
bolivia_plurinational_state_of,2003,104.57
bolivia_plurinational_state_of,2004,119.89
bolivia_plurinational_state_of,2005,127.58
bolivia_plurinational_state_of,2006,148.47
bolivia_plurinational_state_of,2007,166.23
bolivia_plurinational_state_of,2008,195.04
bolivia_plurinational_state_of,2009,205.25
bolivia_plurinational_state_of,2010,220.77
bolivia_plurinational_state_of,2011,235.78
bolivia_plurinational_state_of,2012,239.59
bolivia_plurinational_state_of,2013,248.72
bolivia_plurinational_state_of,2014,253.32
bolivia_plurinational_state_of,2015,238.78
bolivia_plurinational_state_of,2016,248.75
bolivia_plurinational_state_of,2017,271.46
bolivia_plurinational_state_of,2018,281.75
bolivia_plurinational_state_of,2019,275.01
bolivia_plurinational_state_of,2020,230.48
bolivia_plurinational_state_of,2021,278.19
bolivia_plurinational_state_of,2022,286.44
bosnia_and_herzegovina,2000,148.84
bosnia_and_herzegovina,2001,110.64
bosnia_and_herzegovina,2002,89.283
bosnia_and_herzegovina,2003,77.108
bosnia_and_herzegovina,2004,68.835
bosnia_and_herzegovina,2005,67.701
bosnia_and_herzegovina,2006,63.240
bosnia_and_herzegovina,2007,65.857
bosnia_and_herzegovina,2008,66.224
bosnia_and_herzegovina,2009,67.098
bosnia_and_herzegovina,2010,59.148
bosnia_and_herzegovina,2011,44.814
bosnia_and_herzegovina,2012,35.348
bosnia_and_herzegovina,2013,35.170
bosnia_and_herzegovina,2014,44.599
bosnia_and_herzegovina,2015,46.317
bosnia_and_herzegovina,2016,44.376
bosnia_and_herzegovina,2017,44.861
bosnia_and_herzegovina,2018,42.472
bosnia_and_herzegovina,2019,70.939
bosnia_and_herzegovina,2020,53.080
bosnia_and_herzegovina,2021,63.540
bosnia_and_herzegovina,2022,8.5416
botswana,1992,111.05
botswana,1993,101.75
botswana,1994,99.356
botswana,1995,102.50
botswana,1996,107.29
botswana,1997,110.88
botswana,1998,100.78
botswana,1999,109.05
botswana,2000,110.51
botswana,2001,104.54
botswana,2002,107.35
botswana,2003,100.10
botswana,2004,101.25
botswana,2005,115.34
botswana,2006,131.32
botswana,2007,140.03
botswana,2008,134.71
botswana,2009,96.545
botswana,2010,124.68
botswana,2011,152.22
botswana,2012,123.81
botswana,2013,153.45
botswana,2014,187.76
botswana,2015,157.26
botswana,2016,236.61
botswana,2017,228.77
botswana,2018,191.61
botswana,2019,177.70
botswana,2020,125.09
botswana,2021,192.06
botswana,2022,260.90
brazil,1996,21.593
brazil,1997,22.371
brazil,1998,21.468
brazil,1999,21.343
brazil,2000,23.845
brazil,2001,23.535
brazil,2002,24.413
brazil,2003,25.178
brazil,2004,28.051
brazil,2005,28.815
brazil,2006,29.134
brazil,2007,28.743
brazil,2008,28.963
brazil,2009,25.652
brazil,2010,27.945
brazil,2011,28.592
brazil,2012,27.640
brazil,2013,27.313
brazil,2014,26.188
brazil,2015,24.205
brazil,2016,24.375
brazil,2017,29.338
brazil,2018,33.137
brazil,2019,33.411
brazil,2020,30.969
brazil,2021,33.903
brazil,2022,33.592
bulgaria,1990,2.6721
bulgaria,1991,1.7564
bulgaria,1992,1.6614
bulgaria,1993,1.4156
bulgaria,1994,1.3486
bulgaria,1995,1.1470
bulgaria,1996,1.1257
bulgaria,1997,1.3057
bulgaria,1998,1.4163
bulgaria,1999,1.3961
bulgaria,2000,1.4741
bulgaria,2001,1.5593
bulgaria,2002,1.3422
bulgaria,2003,1.4420
bulgaria,2004,1.4827
bulgaria,2005,1.7743
bulgaria,2006,2.0062
bulgaria,2007,2.2972
bulgaria,2008,2.4020
bulgaria,2009,2.5387
bulgaria,2010,2.3093
bulgaria,2011,2.2859
bulgaria,2012,2.7186
bulgaria,2013,2.4986
bulgaria,2014,2.4964
bulgaria,2015,2.5437
bulgaria,2016,2.6544
bulgaria,2017,2.6746
bulgaria,2018,2.7019
bulgaria,2019,2.8171
bulgaria,2020,2.9237
bulgaria,2021,2.6274
bulgaria,2022,2.8583
burkina_faso,1993,781.63
burkina_faso,1994,393.46
burkina_faso,1995,275.93
burkina_faso,1996,217.32
burkina_faso,1997,198.43
burkina_faso,1998,158.93
burkina_faso,1999,97.886
burkina_faso,2000,66.525
burkina_faso,2001,62.545
burkina_faso,2002,61.322
burkina_faso,2003,68.267
burkina_faso,2004,67.591
burkina_faso,2005,61.797
burkina_faso,2006,66.631
burkina_faso,2007,76.300
burkina_faso,2008,73.395
burkina_faso,2009,84.676
burkina_faso,2010,105.18
burkina_faso,2011,123.07
burkina_faso,2012,124.80
burkina_faso,2013,118.18
burkina_faso,2014,127.52
burkina_faso,2015,128.23
burkina_faso,2016,138.17
burkina_faso,2017,149.20
burkina_faso,2018,161.68
burkina_faso,2019,169.69
burkina_faso,2020,228.26
burkina_faso,2021,240.57
burkina_faso,2022,225.36
burundi,1988,287.13
burundi,1989,164.40
burundi,1990,104.62
burundi,1991,79.244
burundi,1992,61.768
burundi,1993,49.171
burundi,1994,41.430
burundi,1995,28.830
burundi,1996,19.492
burundi,1997,19.001
burundi,1998,18.071
burundi,1999,17.743
burundi,2000,16.406
burundi,2001,17.579
burundi,2002,18.349
burundi,2003,20.420
burundi,2004,16.720
burundi,2005,20.400
burundi,2006,19.630
burundi,2007,22.576
burundi,2008,21.120
burundi,2009,24.477
burundi,2010,23.624
burundi,2011,23.543
burundi,2012,25.884
burundi,2013,26.830
burundi,2014,27.711
burundi,2015,27.782
burundi,2016,31.644
burundi,2017,32.845
burundi,2018,36.541
burundi,2019,37.073
burundi,2020,36.604
burundi,2021,37.230
burundi,2022,38.036
cabo_verde,2001,328.93
cabo_verde,2002,283.92
cabo_verde,2003,211.06
cabo_verde,2004,174.62
cabo_verde,2005,170.22
cabo_verde,2006,166.90
cabo_verde,2007,154.87
cabo_verde,2008,162.71
cabo_verde,2009,145.16
cabo_verde,2010,127.16
cabo_verde,2011,118.08
cabo_verde,2012,100.77
cabo_verde,2013,96.226
cabo_verde,2014,96.810
cabo_verde,2015,81.936
cabo_verde,2016,68.030
cabo_verde,2017,69.658
cabo_verde,2018,83.634
cabo_verde,2019,83.764
cabo_verde,2020,47.454
cabo_verde,2021,54.606
cabo_verde,2022,56.984
cambodia,1987,65.779
cambodia,1988,58.198
cambodia,1989,65.395
cambodia,1990,37.440
cambodia,1991,34.665
cambodia,1992,33.217
cambodia,1993,29.372
cambodia,1994,29.667
cambodia,1995,29.455
cambodia,1996,34.583
cambodia,1997,37.074
cambodia,1998,36.947
cambodia,1999,42.058
cambodia,2000,52.667
cambodia,2001,54.309
cambodia,2002,59.634
cambodia,2003,63.258
cambodia,2004,68.161
cambodia,2005,71.790
cambodia,2006,79.475
cambodia,2007,83.340
cambodia,2008,79.722
cambodia,2009,77.095
cambodia,2010,82.488
cambodia,2011,89.519
cambodia,2012,99.769
cambodia,2013,112.31
cambodia,2014,128.12
cambodia,2015,148.39
cambodia,2016,169.17
cambodia,2017,189.74
cambodia,2018,213.62
cambodia,2019,242.17
cambodia,2020,236.99
cambodia,2021,260.74
cambodia,2022,282.96
cameroon,1987,48.257
cameroon,1988,46.570
cameroon,1989,44.908
cameroon,1990,44.584
cameroon,1991,45.220
cameroon,1992,45.982
cameroon,1993,48.178
cameroon,1994,52.001
cameroon,1995,52.034
cameroon,1996,56.861
cameroon,1997,57.393
cameroon,1998,59.031
cameroon,1999,62.254
cameroon,2000,68.155
cameroon,2001,59.048
cameroon,2002,59.284
cameroon,2003,59.771
cameroon,2004,56.789
cameroon,2005,54.633
cameroon,2006,58.278
cameroon,2007,57.303
cameroon,2008,60.159
cameroon,2009,59.243
cameroon,2010,59.309
cameroon,2011,60.817
cameroon,2012,65.785
cameroon,2013,69.308
cameroon,2014,69.837
cameroon,2015,71.973
cameroon,2016,72.406
cameroon,2017,74.242
cameroon,2018,80.267
cameroon,2019,80.153
cameroon,2020,77.375
cameroon,2021,86.138
cameroon,2022,91.719
canada,1991,5.6908
canada,1992,5.6495
canada,1993,5.9706
canada,1994,6.6712
canada,1995,7.1950
canada,1996,7.4847
canada,1997,7.6867
canada,1998,7.8216
canada,1999,8.7390
canada,2000,9.9457
canada,2001,9.6780
canada,2002,9.5193
canada,2003,9.7230
canada,2004,10.220
canada,2005,10.788
canada,2006,10.873
canada,2007,10.955
canada,2008,11.692
canada,2009,9.8417
canada,2010,10.977
canada,2011,11.927
canada,2012,12.142
canada,2013,12.671
canada,2014,13.605
canada,2015,12.400
canada,2016,11.891
canada,2017,12.743
canada,2018,13.018
canada,2019,13.203
canada,2020,12.696
canada,2021,13.214
canada,2022,13.663
central_african_republic,1987,84.671
central_african_republic,1988,84.566
central_african_republic,1989,84.206
central_african_republic,1990,78.489
central_african_republic,1991,77.203
central_african_republic,1992,66.995
central_african_republic,1993,65.309
central_african_republic,1994,60.556
central_african_republic,1995,57.065
central_african_republic,1996,40.335
central_african_republic,1997,33.925
central_african_republic,1998,32.160
central_african_republic,1999,32.498
central_african_republic,2000,32.507
central_african_republic,2001,31.355
central_african_republic,2002,29.739
central_african_republic,2003,25.721
central_african_republic,2004,26.644
central_african_republic,2005,27.313
central_african_republic,2006,31.100
central_african_republic,2007,34.501
central_african_republic,2008,39.470
central_african_republic,2009,44.485
central_african_republic,2010,46.552
central_african_republic,2011,52.592
central_african_republic,2012,57.636
central_african_republic,2013,31.663
central_african_republic,2014,25.562
central_african_republic,2015,30.252
central_african_republic,2016,31.106
central_african_republic,2017,31.159
central_african_republic,2018,32.081
central_african_republic,2019,33.694
central_african_republic,2020,33.663
central_african_republic,2021,34.008
central_african_republic,2022,34.279
central_and_southern_asia,2000,15.788
central_and_southern_asia,2001,15.875
central_and_southern_asia,2002,17.262
central_and_southern_asia,2003,18.168
central_and_southern_asia,2004,20.017
central_and_southern_asia,2005,22.106
central_and_southern_asia,2006,23.329
central_and_southern_asia,2007,24.384
central_and_southern_asia,2008,25.281
central_and_southern_asia,2009,25.038
central_and_southern_asia,2010,25.760
central_and_southern_asia,2011,27.057
central_and_southern_asia,2012,27.107
central_and_southern_asia,2013,27.599
central_and_southern_asia,2014,27.630
central_and_southern_asia,2015,28.877
central_and_southern_asia,2016,30.083
central_and_southern_asia,2017,30.256
central_and_southern_asia,2018,35.127
central_and_southern_asia,2019,35.468
central_and_southern_asia,2020,33.167
central_and_southern_asia,2021,35.559
central_and_southern_asia,2022,37.862
central_asia,2000,4.2332
central_asia,2001,4.5038
central_asia,2002,4.7978
central_asia,2003,5.1620
central_asia,2004,5.4093
central_asia,2005,6.7431
central_asia,2006,7.0754
central_asia,2007,7.0810
central_asia,2008,8.4590
central_asia,2009,8.3064
central_asia,2010,8.5263
central_asia,2011,9.2272
central_asia,2012,9.4769
central_asia,2013,9.3229
central_asia,2014,8.8293
central_asia,2015,9.7147
central_asia,2016,9.1553
central_asia,2017,8.2015
central_asia,2018,11.571
central_asia,2019,13.805
central_asia,2020,12.913
central_asia,2021,12.272
central_asia,2022,13.259
chad,1987,94.868
chad,1988,37.063
chad,1989,26.032
chad,1990,20.297
chad,1991,15.810
chad,1992,12.455
chad,1993,9.7371
chad,1994,8.8799
chad,1995,8.5582
chad,1996,7.3908
chad,1997,7.2824
chad,1998,6.8874
chad,1999,6.3347
chad,2000,5.2614
chad,2001,6.4397
chad,2002,7.2494
chad,2003,10.207
chad,2004,18.671
chad,2005,21.230
chad,2006,23.331
chad,2007,29.668
chad,2008,32.435
chad,2009,28.545
chad,2010,35.795
chad,2011,44.866
chad,2012,53.298
chad,2013,45.349
chad,2014,51.747
chad,2015,53.347
chad,2016,43.767
chad,2017,34.267
chad,2018,39.816
chad,2019,42.940
chad,2020,44.605
chad,2021,53.760
chad,2022,72.968
chile,1975,14.746
chile,1976,14.026
chile,1977,12.553
chile,1978,12.523
chile,1979,13.509
chile,1980,13.615
chile,1981,12.910
chile,1982,10.529
chile,1983,10.406
chile,1984,10.041
chile,1985,10.186
chile,1986,9.9349
chile,1987,10.422
chile,1988,12.237
chile,1989,12.488
chile,1990,12.321
chile,1991,12.025
chile,1992,12.297
chile,1993,13.006
chile,1994,14.303
chile,1995,16.402
chile,1996,16.645
chile,1997,17.580
chile,1998,16.726
chile,1999,16.660
chile,2000,17.660
chile,2001,15.924
chile,2002,14.271
chile,2003,12.905
chile,2004,13.506
chile,2005,13.152
chile,2006,14.471
chile,2007,15.922
chile,2008,14.730
chile,2009,15.511
chile,2010,18.751
chile,2011,21.189
chile,2012,23.194
chile,2013,25.940
chile,2014,29.912
chile,2015,33.233
chile,2016,38.596
chile,2017,40.082
chile,2018,39.138
chile,2019,37.940
chile,2020,39.472
chile,2021,47.778
chile,2022,50.676
china,1980,4.5686
china,1981,4.8941
china,1982,5.5277
china,1983,6.5797
china,1984,8.0452
china,1985,8.4067
china,1986,8.6336
china,1987,8.9632
china,1988,9.3942
china,1989,8.9736
china,1990,8.5084
china,1991,7.3763
china,1992,7.1639
china,1993,7.4063
china,1994,8.1037
china,1995,8.8325
china,1996,9.4886
china,1997,10.056
china,1998,10.261
china,1999,10.648
china,2000,11.275
china,2001,11.715
china,2002,12.357
china,2003,13.590
china,2004,13.432
china,2005,14.937
china,2006,16.314
china,2007,17.677
china,2008,20.043
china,2009,21.259
china,2010,23.022
china,2011,25.554
china,2012,27.301
china,2013,28.970
china,2014,31.616
china,2015,32.060
china,2016,34.546
china,2017,38.125
china,2018,43.341
china,2019,44.821
china,2020,53.372
china,2021,67.149
china,2022,68.782
colombia,2000,110.02
colombia,2001,65.864
colombia,2002,48.735
colombia,2003,41.146
colombia,2004,36.524
colombia,2005,32.749
colombia,2006,31.033
colombia,2007,28.924
colombia,2008,28.373
colombia,2009,43.409
colombia,2010,102.62
colombia,2011,122.59
colombia,2012,41.083
colombia,2013,44.338
colombia,2014,43.841
colombia,2015,41.825
colombia,2016,29.143
colombia,2017,28.271
colombia,2018,28.991
colombia,2019,28.852
colombia,2020,56.295
colombia,2021,67.357
colombia,2022,79.265
comoros,1999,137.27
comoros,2000,140.85
comoros,2001,142.66
comoros,2002,144.34
comoros,2003,146.14
comoros,2004,146.89
comoros,2005,148.69
comoros,2006,147.28
comoros,2007,148.55
comoros,2008,151.75
comoros,2009,157.97
comoros,2010,155.68
comoros,2011,167.37
comoros,2012,170.93
comoros,2013,195.71
comoros,2014,204.34
comoros,2015,195.89
comoros,2016,190.06
comoros,2017,184.61
comoros,2018,186.78
comoros,2019,185.51
comoros,2020,185.59
comoros,2021,216.70
comoros,2022,217.31
congo,1987,172.72
congo,1988,147.25
congo,1989,182.78
congo,1990,208.00
congo,1991,188.13
congo,1992,186.27
congo,1993,186.69
congo,1994,240.96
congo,1995,243.71
congo,1996,297.76
congo,1997,321.78
congo,1998,286.14
congo,1999,378.99
congo,2000,500.80
congo,2001,465.71
congo,2002,455.32
congo,2003,309.18
congo,2004,244.95
congo,2005,201.64
congo,2006,221.59
congo,2007,188.51
congo,2008,224.79
congo,2009,218.11
congo,2010,285.59
congo,2011,290.60
congo,2012,315.41
congo,2013,297.04
congo,2014,295.17
congo,2015,246.26
congo,2016,176.47
congo,2017,199.86
congo,2018,233.06
congo,2019,217.78
congo,2020,137.11
congo,2021,188.13
congo,2022,154.79
costa_rica,2012,116.15
costa_rica,2013,69.175
costa_rica,2014,55.430
costa_rica,2015,40.486
costa_rica,2016,43.111
costa_rica,2017,46.491
costa_rica,2018,46.373
costa_rica,2019,46.265
costa_rica,2020,45.791
costa_rica,2021,50.116
costa_rica,2022,52.172
cote_d_ivoire,1987,39.476
cote_d_ivoire,1988,34.013
cote_d_ivoire,1989,33.390
cote_d_ivoire,1990,30.471
cote_d_ivoire,1991,21.458
cote_d_ivoire,1992,17.685
cote_d_ivoire,1993,14.831
cote_d_ivoire,1994,12.279
cote_d_ivoire,1995,12.914
cote_d_ivoire,1996,14.612
cote_d_ivoire,1997,18.756
cote_d_ivoire,1998,18.766
cote_d_ivoire,1999,20.613
cote_d_ivoire,2000,19.951
cote_d_ivoire,2001,15.189
cote_d_ivoire,2002,14.568
cote_d_ivoire,2003,14.141
cote_d_ivoire,2004,14.417
cote_d_ivoire,2005,14.780
cote_d_ivoire,2006,15.972
cote_d_ivoire,2007,16.404
cote_d_ivoire,2008,18.348
cote_d_ivoire,2009,20.324
cote_d_ivoire,2010,19.267
cote_d_ivoire,2011,20.640
cote_d_ivoire,2012,23.825
cote_d_ivoire,2013,28.935
cote_d_ivoire,2014,33.876
cote_d_ivoire,2015,36.394
cote_d_ivoire,2016,39.966
cote_d_ivoire,2017,41.237
cote_d_ivoire,2018,40.561
cote_d_ivoire,2019,49.685
cote_d_ivoire,2020,48.526
cote_d_ivoire,2021,51.761
cote_d_ivoire,2022,58.171
croatia,2002,138.50
croatia,2003,125.62
croatia,2004,116.04
croatia,2005,105.30
croatia,2006,98.601
croatia,2007,93.015
croatia,2008,85.827
croatia,2009,71.135
croatia,2010,18.112
croatia,2011,17.379
croatia,2012,15.341
croatia,2013,15.410
croatia,2014,14.422
croatia,2015,15.450
croatia,2016,15.676
croatia,2017,19.283
croatia,2018,19.672
croatia,2019,19.698
croatia,2020,18.078
croatia,2021,20.560
croatia,2022,22.121
cuba,1975,38.288
cuba,1976,34.066
cuba,1977,31.985
cuba,1978,29.984
cuba,1979,27.041
cuba,1980,23.359
cuba,1981,25.594
cuba,1982,25.372
cuba,1983,24.654
cuba,1984,24.724
cuba,1985,24.304
cuba,1986,22.816
cuba,1987,19.395
cuba,1988,19.566
cuba,1989,18.879
cuba,1990,17.555
cuba,1991,14.873
cuba,1992,12.934
cuba,1993,10.411
cuba,1994,10.940
cuba,1995,11.382
cuba,1996,12.910
cuba,1997,13.700
cuba,1998,12.830
cuba,1999,13.330
cuba,2000,14.119
cuba,2001,14.147
cuba,2002,13.815
cuba,2003,13.582
cuba,2004,14.145
cuba,2005,15.509
cuba,2006,17.494
cuba,2007,19.002
cuba,2008,19.978
cuba,2009,20.655
cuba,2010,21.547
cuba,2011,21.649
cuba,2012,23.589
cuba,2013,24.101
cuba,2014,23.240
cuba,2015,24.546
cuba,2016,25.316
cuba,2017,27.524
cuba,2018,28.783
cuba,2019,28.282
cuba,2020,23.798
cuba,2021,20.245
cuba,2022,21.013
cyprus,1986,1652.3
cyprus,1987,882.93
cyprus,1988,638.16
cyprus,1989,502.30
cyprus,1990,422.56
cyprus,1991,440.67
cyprus,1992,462.11
cyprus,1993,445.44
cyprus,1994,467.39
cyprus,1995,514.37
cyprus,1996,548.55
cyprus,1997,568.40
cyprus,1998,613.02
cyprus,1999,654.15
cyprus,2000,692.79
cyprus,2001,593.83
cyprus,2002,550.21
cyprus,2003,505.94
cyprus,2004,477.67
cyprus,2005,448.46
cyprus,2006,426.24
cyprus,2007,424.26
cyprus,2008,505.91
cyprus,2009,497.57
cyprus,2010,505.13
cyprus,2011,497.50
cyprus,2012,477.78
cyprus,2013,453.07
cyprus,2014,508.93
cyprus,2015,263.38
cyprus,2016,459.22
cyprus,2017,125.55
cyprus,2018,146.03
cyprus,2019,164.41
cyprus,2020,161.12
cyprus,2021,161.06
cyprus,2022,166.62
czechia,1993,16.985
czechia,1994,18.096
czechia,1995,21.675
czechia,1996,23.924
czechia,1997,25.200
czechia,1998,25.028
czechia,1999,25.071
czechia,2000,26.789
czechia,2001,28.300
czechia,2002,28.376
czechia,2003,29.383
czechia,2004,32.666
czechia,2005,35.811
czechia,2006,39.718
czechia,2007,42.921
czechia,2008,43.440
czechia,2009,40.744
czechia,2010,43.940
czechia,2011,46.912
czechia,2012,46.621
czechia,2013,47.340
czechia,2014,53.067
czechia,2015,59.914
czechia,2016,58.136
czechia,2017,60.993
czechia,2018,66.615
czechia,2019,74.419
czechia,2020,78.698
czechia,2021,81.976
czechia,2022,74.078
democratic_people_s_republic_of_korea,1987,3.6073
democratic_people_s_republic_of_korea,1988,3.8104
democratic_people_s_republic_of_korea,1989,4.0320
democratic_people_s_republic_of_korea,1990,4.5843
democratic_people_s_republic_of_korea,1991,4.2804
democratic_people_s_republic_of_korea,1992,3.8786
democratic_people_s_republic_of_korea,1993,3.7733
democratic_people_s_republic_of_korea,1994,3.5565
democratic_people_s_republic_of_korea,1995,3.5513
democratic_people_s_republic_of_korea,1996,3.3723
democratic_people_s_republic_of_korea,1997,3.1026
democratic_people_s_republic_of_korea,1998,3.1779
democratic_people_s_republic_of_korea,1999,3.7545
democratic_people_s_republic_of_korea,2000,4.1727
democratic_people_s_republic_of_korea,2001,4.3707
democratic_people_s_republic_of_korea,2002,4.4716
democratic_people_s_republic_of_korea,2003,4.7367
democratic_people_s_republic_of_korea,2004,4.9248
democratic_people_s_republic_of_korea,2005,5.3415
democratic_people_s_republic_of_korea,2006,5.2975
democratic_people_s_republic_of_korea,2007,5.4494
democratic_people_s_republic_of_korea,2008,5.9999
democratic_people_s_republic_of_korea,2009,5.9391
democratic_people_s_republic_of_korea,2010,6.1137
democratic_people_s_republic_of_korea,2011,6.1789
democratic_people_s_republic_of_korea,2012,6.1469
democratic_people_s_republic_of_korea,2013,6.1945
democratic_people_s_republic_of_korea,2014,6.1306
democratic_people_s_republic_of_korea,2015,5.9227
democratic_people_s_republic_of_korea,2016,6.2084
democratic_people_s_republic_of_korea,2017,5.7681
democratic_people_s_republic_of_korea,2018,5.2276
democratic_people_s_republic_of_korea,2019,5.3938
democratic_people_s_republic_of_korea,2020,4.9957
democratic_people_s_republic_of_korea,2021,5.0423
democratic_people_s_republic_of_korea,2022,5.3949
democratic_republic_of_the_congo,1990,140.83
democratic_republic_of_the_congo,1991,66.288
democratic_republic_of_the_congo,1992,49.619
democratic_republic_of_the_congo,1993,40.179
democratic_republic_of_the_congo,1994,33.778
democratic_republic_of_the_congo,1995,33.536
democratic_republic_of_the_congo,1996,59.288
democratic_republic_of_the_congo,1997,34.631
democratic_republic_of_the_congo,1998,30.716
democratic_republic_of_the_congo,1999,25.362
democratic_republic_of_the_congo,2000,27.722
democratic_republic_of_the_congo,2001,35.866
democratic_republic_of_the_congo,2002,38.938
democratic_republic_of_the_congo,2003,35.474
democratic_republic_of_the_congo,2004,40.300
democratic_republic_of_the_congo,2005,41.690
democratic_republic_of_the_congo,2006,40.727
democratic_republic_of_the_congo,2007,44.041
democratic_republic_of_the_congo,2008,51.509
democratic_republic_of_the_congo,2009,52.974
democratic_republic_of_the_congo,2010,61.592
democratic_republic_of_the_congo,2011,69.338
democratic_republic_of_the_congo,2012,72.347
democratic_republic_of_the_congo,2013,80.476
democratic_republic_of_the_congo,2014,93.030
democratic_republic_of_the_congo,2015,99.160
democratic_republic_of_the_congo,2016,99.431
democratic_republic_of_the_congo,2017,104.25
democratic_republic_of_the_congo,2018,112.03
democratic_republic_of_the_congo,2019,107.66
democratic_republic_of_the_congo,2020,106.20
democratic_republic_of_the_congo,2021,127.99
democratic_republic_of_the_congo,2022,149.04
denmark,1970,409.46
denmark,1971,459.53
denmark,1972,523.54
denmark,1973,595.87
denmark,1974,660.16
denmark,1975,739.73
denmark,1976,751.84
denmark,1977,759.89
denmark,1978,743.38
denmark,1979,748.31
denmark,1980,790.54
denmark,1981,328.57
denmark,1982,215.84
denmark,1983,163.82
denmark,1984,139.29
denmark,1985,120.54
denmark,1986,125.98
denmark,1987,128.36
denmark,1988,127.97
denmark,1989,149.57
denmark,1990,180.53
denmark,1991,190.39
denmark,1992,208.56
denmark,1993,214.91
denmark,1994,245.62
denmark,1995,280.84
denmark,1996,317.34
denmark,1997,367.29
denmark,1998,419.65
denmark,1999,500.13
denmark,2000,632.75
denmark,2001,724.04
denmark,2002,880.40
denmark,2003,933.28
denmark,2004,1047.3
denmark,2005,1186.4
denmark,2006,1337.3
denmark,2007,1405.5
denmark,2008,1578.8
denmark,2009,1428.0
denmark,2010,749.11
denmark,2011,536.66
denmark,2012,413.50
denmark,2013,544.91
denmark,2014,799.12
denmark,2015,1548.7
denmark,2016,1510.7
denmark,2017,1731.2
denmark,2018,1309.4
denmark,2019,1219.8
denmark,2020,1022.1
denmark,2021,1240.7
denmark,2022,1362.7
dominican_republic,2000,158.05
dominican_republic,2001,93.330
dominican_republic,2002,75.711
dominican_republic,2003,60.112
dominican_republic,2004,50.567
dominican_republic,2005,44.870
dominican_republic,2006,40.807
dominican_republic,2007,36.313
dominican_republic,2008,31.095
dominican_republic,2009,25.711
dominican_republic,2010,24.617
dominican_republic,2011,25.097
dominican_republic,2012,24.807
dominican_republic,2013,26.246
dominican_republic,2014,28.100
dominican_republic,2015,28.571
dominican_republic,2016,29.731
dominican_republic,2017,31.819
dominican_republic,2018,35.099
dominican_republic,2019,37.226
dominican_republic,2020,36.200
dominican_republic,2021,44.280
dominican_republic,2022,46.955
eastern_and_south_eastern_asia,2000,20.498
eastern_and_south_eastern_asia,2001,19.956
eastern_and_south_eastern_asia,2002,19.958
eastern_and_south_eastern_asia,2003,20.452
eastern_and_south_eastern_asia,2004,20.243
eastern_and_south_eastern_asia,2005,21.081
eastern_and_south_eastern_asia,2006,22.274
eastern_and_south_eastern_asia,2007,23.606
eastern_and_south_eastern_asia,2008,25.419
eastern_and_south_eastern_asia,2009,25.833
eastern_and_south_eastern_asia,2010,28.112
eastern_and_south_eastern_asia,2011,30.124
eastern_and_south_eastern_asia,2012,32.078
eastern_and_south_eastern_asia,2013,33.934
eastern_and_south_eastern_asia,2014,36.662
eastern_and_south_eastern_asia,2015,37.642
eastern_and_south_eastern_asia,2016,40.053
eastern_and_south_eastern_asia,2017,42.154
eastern_and_south_eastern_asia,2018,46.449
eastern_and_south_eastern_asia,2019,49.408
eastern_and_south_eastern_asia,2020,53.877
eastern_and_south_eastern_asia,2021,63.742
eastern_and_south_eastern_asia,2022,64.862
eastern_asia,2000,20.213
eastern_asia,2001,20.196
eastern_asia,2002,20.717
eastern_asia,2003,21.727
eastern_asia,2004,21.801
eastern_asia,2005,23.174
eastern_asia,2006,24.249
eastern_asia,2007,25.411
eastern_asia,2008,27.362
eastern_asia,2009,27.650
eastern_asia,2010,29.852
eastern_asia,2011,31.920
eastern_asia,2012,33.780
eastern_asia,2013,35.587
eastern_asia,2014,38.339
eastern_asia,2015,39.315
eastern_asia,2016,41.856
eastern_asia,2017,45.619
eastern_asia,2018,50.615
eastern_asia,2019,52.012
eastern_asia,2020,58.662
eastern_asia,2021,70.833
eastern_asia,2022,72.375
ecuador,2000,45.185
ecuador,2001,36.428
ecuador,2002,34.046
ecuador,2003,31.968
ecuador,2004,35.045
ecuador,2005,37.323
ecuador,2006,42.174
ecuador,2007,43.789
ecuador,2008,51.585
ecuador,2009,44.364
ecuador,2010,48.968
ecuador,2011,57.256
ecuador,2012,60.653
ecuador,2013,62.715
ecuador,2014,64.226
ecuador,2015,54.895
ecuador,2016,54.193
ecuador,2017,56.273
ecuador,2018,57.332
ecuador,2019,57.471
ecuador,2020,49.409
ecuador,2021,52.569
ecuador,2022,54.574
egypt,1993,7.9772
egypt,1994,8.2373
egypt,1995,8.7408
egypt,1996,9.8918
egypt,1997,11.044
egypt,1998,10.682
egypt,1999,10.852
egypt,2000,12.688
egypt,2001,14.190
egypt,2002,15.487
egypt,2003,16.979
egypt,2004,20.479
egypt,2005,23.088
egypt,2006,27.044
egypt,2007,30.254
egypt,2008,36.404
egypt,2009,41.153
egypt,2010,47.581
egypt,2011,81.133
egypt,2012,88.979
egypt,2013,92.856
egypt,2014,95.257
egypt,2015,90.833
egypt,2016,83.273
egypt,2017,20.142
egypt,2018,22.055
egypt,2019,23.752
egypt,2020,22.003
egypt,2021,23.144
egypt,2022,26.087
el_salvador,1992,22.593
el_salvador,1993,23.183
el_salvador,1994,22.505
el_salvador,1995,21.183
el_salvador,1996,19.641
el_salvador,1997,18.934
el_salvador,1998,18.732
el_salvador,1999,18.641
el_salvador,2000,18.156
el_salvador,2001,18.817
el_salvador,2002,19.410
el_salvador,2003,19.433
el_salvador,2004,19.050
el_salvador,2005,19.262
el_salvador,2006,20.557
el_salvador,2007,21.592
el_salvador,2008,24.115
el_salvador,2009,23.142
el_salvador,2010,24.626
el_salvador,2011,27.338
el_salvador,2012,29.253
el_salvador,2013,31.032
el_salvador,2014,33.040
el_salvador,2015,35.505
el_salvador,2016,38.126
el_salvador,2017,41.055
el_salvador,2018,44.162
el_salvador,2019,48.780
el_salvador,2020,45.193
el_salvador,2021,54.757
el_salvador,2022,61.486
equatorial_guinea,1987,86.156
equatorial_guinea,1988,48.608
equatorial_guinea,1989,45.706
equatorial_guinea,1990,42.872
equatorial_guinea,1991,40.911
equatorial_guinea,1992,68.981
equatorial_guinea,1993,86.578
equatorial_guinea,1994,110.54
equatorial_guinea,1995,113.25
equatorial_guinea,1996,260.29
equatorial_guinea,1997,564.37
equatorial_guinea,1998,660.78
equatorial_guinea,1999,784.24
equatorial_guinea,2000,846.86
equatorial_guinea,2001,1383.7
equatorial_guinea,2002,1636.8
equatorial_guinea,2003,1828.6
equatorial_guinea,2004,2540.4
equatorial_guinea,2005,2667.1
equatorial_guinea,2006,2866.5
equatorial_guinea,2007,3241.8
equatorial_guinea,2008,3966.0
equatorial_guinea,2009,3582.0
equatorial_guinea,2010,3238.8
equatorial_guinea,2011,3598.1
equatorial_guinea,2012,3858.4
equatorial_guinea,2013,3461.3
equatorial_guinea,2014,3361.9
equatorial_guinea,2015,2563.5
equatorial_guinea,2016,2061.9
equatorial_guinea,2017,2117.6
equatorial_guinea,2018,2002.2
equatorial_guinea,2019,1712.3
equatorial_guinea,2020,1424.5
equatorial_guinea,2021,1600.6
equatorial_guinea,2022,1697.7
eritrea,2000,5.6908
eritrea,2001,6.3851
eritrea,2002,11.051
eritrea,2003,19.608
eritrea,2004,306.80
eritrea,2005,321.34
eritrea,2006,282.10
eritrea,2007,301.17
eritrea,2008,326.47
eritrea,2009,308.34
eritrea,2010,475.25
eritrea,2011,622.04
eritrea,2012,617.34
eritrea,2013,551.07
eritrea,2014,744.01
eritrea,2015,602.74
eritrea,2016,660.89
eritrea,2017,582.64
eritrea,2018,663.05
eritrea,2019,690.10
eritrea,2020,683.82
eritrea,2021,704.86
eritrea,2022,723.38
estonia,1992,1.3561
estonia,1993,1.3760
estonia,1994,1.5815
estonia,1995,1.9719
estonia,1996,1.9480
estonia,1997,2.1623
estonia,1998,2.1261
estonia,1999,1.9435
estonia,2000,2.2231
estonia,2001,2.3768
estonia,2002,2.4891
estonia,2003,2.6855
estonia,2004,2.7529
estonia,2005,3.1075
estonia,2006,3.4925
estonia,2007,3.7243
estonia,2008,3.3576
estonia,2009,2.8227
estonia,2010,2.1911
estonia,2011,2.5186
estonia,2012,2.9650
estonia,2013,2.7569
estonia,2014,2.8390
estonia,2015,3.0818
estonia,2016,2.8670
estonia,2017,2.9705
estonia,2018,3.4355
estonia,2019,5.8523
estonia,2020,6.6551
estonia,2021,6.0813
estonia,2022,4.8951
eswatini,1980,17.790
eswatini,1981,17.995
eswatini,1982,18.152
eswatini,1983,15.688
eswatini,1984,17.043
eswatini,1985,15.457
eswatini,1986,22.424
eswatini,1987,31.071
eswatini,1988,38.872
eswatini,1989,44.224
eswatini,1990,49.525
eswatini,1991,49.578
eswatini,1992,52.221
eswatini,1993,58.278
eswatini,1994,57.842
eswatini,1995,64.923
eswatini,1996,66.191
eswatini,1997,71.876
eswatini,1998,74.991
eswatini,1999,76.708
eswatini,2000,78.308
eswatini,2001,69.876
eswatini,2002,63.839
eswatini,2003,58.152
eswatini,2004,56.653
eswatini,2005,55.213
eswatini,2006,58.889
eswatini,2007,62.846
eswatini,2008,62.229
eswatini,2009,63.186
eswatini,2010,61.271
eswatini,2011,60.916
eswatini,2012,64.907
eswatini,2013,65.147
eswatini,2014,65.596
eswatini,2015,68.037
eswatini,2016,68.335
eswatini,2017,66.458
eswatini,2018,66.421
eswatini,2019,68.863
eswatini,2020,60.828
eswatini,2021,67.267
eswatini,2022,67.603
ethiopia,2002,94.586
ethiopia,2003,63.887
ethiopia,2004,53.833
ethiopia,2005,45.358
ethiopia,2006,49.571
ethiopia,2007,54.927
ethiopia,2008,54.818
ethiopia,2009,57.973
ethiopia,2010,63.072
ethiopia,2011,73.547
ethiopia,2012,79.316
ethiopia,2013,102.39
ethiopia,2014,141.96
ethiopia,2015,193.49
ethiopia,2016,281.88
ethiopia,2017,332.13
ethiopia,2018,413.35
ethiopia,2019,406.26
ethiopia,2020,399.98
ethiopia,2021,399.01
ethiopia,2022,440.11
europe,2000,18.789
europe,2001,19.417
europe,2002,19.083
europe,2003,19.428
europe,2004,20.438
europe,2005,21.386
europe,2006,23.029
europe,2007,24.366
europe,2008,24.594
europe,2009,21.868
europe,2010,22.981
europe,2011,24.069
europe,2012,24.289
europe,2013,25.152
europe,2014,26.213
europe,2015,29.009
europe,2016,29.620
europe,2017,31.089
europe,2018,32.122
europe,2019,32.952
europe,2020,31.266
europe,2021,33.582
europe,2022,35.624
europe_and_northern_america,2000,12.931
europe_and_northern_america,2001,12.830
europe_and_northern_america,2002,12.560
europe_and_northern_america,2003,12.812
europe_and_northern_america,2004,13.385
europe_and_northern_america,2005,13.981
europe_and_northern_america,2006,15.046
europe_and_northern_america,2007,15.904
europe_and_northern_america,2008,16.173
europe_and_northern_america,2009,14.667
europe_and_northern_america,2010,15.660
europe_and_northern_america,2011,16.552
europe_and_northern_america,2012,16.998
europe_and_northern_america,2013,17.770
europe_and_northern_america,2014,18.743
europe_and_northern_america,2015,19.740
europe_and_northern_america,2016,19.782
europe_and_northern_america,2017,20.508
europe_and_northern_america,2018,21.312
europe_and_northern_america,2019,21.526
europe_and_northern_america,2020,20.154
europe_and_northern_america,2021,21.656
europe_and_northern_america,2022,22.880
fiji,1987,64.558
fiji,1988,56.867
fiji,1989,64.292
fiji,1990,68.716
fiji,1991,66.406
fiji,1992,66.034
fiji,1993,68.028
fiji,1994,69.410
fiji,1995,65.094
fiji,1996,65.221
fiji,1997,65.512
fiji,1998,64.482
fiji,1999,61.487
fiji,2000,61.690
fiji,2001,66.778
fiji,2002,64.762
fiji,2003,59.267
fiji,2004,66.156
fiji,2005,60.201
fiji,2006,62.815
fiji,2007,57.956
fiji,2008,60.647
fiji,2009,62.567
fiji,2010,65.646
fiji,2011,64.515
fiji,2012,62.500
fiji,2013,64.354
fiji,2014,63.673
fiji,2015,66.236
fiji,2016,71.359
fiji,2017,72.268
fiji,2018,74.388
fiji,2019,76.074
fiji,2020,68.687
fiji,2021,62.074
fiji,2022,68.205
finland,1990,22.220
finland,1991,18.229
finland,1992,16.849
finland,1993,16.897
finland,1994,18.020
finland,1995,19.244
finland,1996,20.058
finland,1997,22.169
finland,1998,25.423
finland,1999,27.398
finland,2000,30.802
finland,2001,31.131
finland,2002,30.889
finland,2003,30.988
finland,2004,32.329
finland,2005,33.633
finland,2006,36.381
finland,2007,39.418
finland,2008,38.595
finland,2009,30.210
finland,2010,31.794
finland,2011,31.857
finland,2012,29.452
finland,2013,29.279
finland,2014,29.178
finland,2015,30.209
finland,2016,33.595
finland,2017,36.163
finland,2018,26.959
finland,2019,26.966
finland,2020,26.539
finland,2021,38.549
finland,2022,44.800
france,1985,13.174
france,1986,13.105
france,1987,13.025
france,1988,13.351
france,1989,13.326
france,1990,13.404
france,1991,13.088
france,1992,12.843
france,1993,12.816
france,1994,13.401
france,1995,14.567
france,1996,15.177
france,1997,16.662
france,1998,16.871
france,1999,17.093
france,2000,17.635
france,2001,17.605
france,2002,17.370
france,2003,16.855
france,2004,16.767
france,2005,16.501
france,2006,17.145
france,2007,18.379
france,2008,19.039
france,2009,18.710
france,2010,18.458
france,2011,17.450
france,2012,18.888
france,2013,19.871
france,2014,18.778
france,2015,19.099
france,2016,20.662
france,2017,20.515
france,2018,20.709
france,2019,22.395
france,2020,21.870
france,2021,21.744
france,2022,23.184
gabon,1987,184.91
gabon,1988,172.64
gabon,1989,237.13
gabon,1990,283.09
gabon,1991,289.02
gabon,1992,273.00
gabon,1993,278.26
gabon,1994,384.42
gabon,1995,407.11
gabon,1996,457.56
gabon,1997,468.56
gabon,1998,377.40
gabon,1999,404.53
gabon,2000,473.28
gabon,2001,422.50
gabon,2002,391.94
gabon,2003,382.24
gabon,2004,401.07
gabon,2005,439.30
gabon,2006,421.27
gabon,2007,434.41
gabon,2008,451.27
gabon,2009,365.27
gabon,2010,429.55
gabon,2011,509.03
gabon,2012,517.14
gabon,2013,524.84
gabon,2014,508.07
gabon,2015,479.49
gabon,2016,457.09
gabon,2017,462.47
gabon,2018,484.19
gabon,2019,509.43
gabon,2020,433.21
gabon,2021,544.13
gabon,2022,588.82
gambia,1982,291.51
gambia,1983,76.537
gambia,1984,37.023
gambia,1985,18.705
gambia,1986,12.568
gambia,1987,12.666
gambia,1988,13.987
gambia,1989,13.535
gambia,1990,11.995
gambia,1991,11.114
gambia,1992,10.224
gambia,1993,9.6012
gambia,1994,8.4878
gambia,1995,7.8703
gambia,1996,10.562
gambia,1997,7.3446
gambia,1998,7.3445
gambia,1999,7.1481
gambia,2000,6.7979
gambia,2001,6.7818
gambia,2002,6.6318
gambia,2003,5.9985
gambia,2004,5.7521
gambia,2005,5.2914
gambia,2006,5.5448
gambia,2007,5.3926
gambia,2008,5.3179
gambia,2009,5.1448
gambia,2010,5.2192
gambia,2011,5.7395
gambia,2012,6.3936
gambia,2013,6.5344
gambia,2014,7.1999
gambia,2015,9.9938
gambia,2016,12.724
gambia,2017,11.388
gambia,2018,11.376
gambia,2019,12.010
gambia,2020,11.610
gambia,2021,11.585
gambia,2022,12.771
georgia,1992,2.4582
georgia,1993,0.76465
georgia,1994,0.83077
georgia,1995,1.0688
georgia,1996,2.2706
georgia,1997,2.7269
georgia,1998,3.0856
georgia,1999,3.5598
georgia,2000,4.4960
georgia,2001,3.9001
georgia,2002,3.8657
georgia,2003,4.0565
georgia,2004,3.8942
georgia,2005,3.8054
georgia,2006,3.7825
georgia,2007,4.1372
georgia,2008,3.8387
georgia,2009,3.8241
georgia,2010,4.5221
georgia,2011,5.8707
georgia,2012,7.4523
georgia,2013,8.0475
georgia,2014,9.4168
georgia,2015,11.031
georgia,2016,12.732
georgia,2017,13.663
georgia,2018,13.733
georgia,2019,9.5679
georgia,2020,9.0806
georgia,2021,10.013
georgia,2022,10.165
germany,1991,19.445
germany,1992,19.882
germany,1993,18.707
germany,1994,19.129
germany,1995,19.279
germany,1996,19.052
germany,1997,19.344
germany,1998,20.241
germany,1999,20.518
germany,2000,21.683
germany,2001,22.252
germany,2002,21.307
germany,2003,21.901
germany,2004,22.921
germany,2005,23.929
germany,2006,26.110
germany,2007,28.436
germany,2008,27.564
germany,2009,22.750
germany,2010,26.763
germany,2011,31.535
germany,2012,35.749
germany,2013,39.648
germany,2014,41.274
germany,2015,45.513
germany,2016,46.287
germany,2017,53.442
germany,2018,57.386
germany,2019,62.056
germany,2020,58.814
germany,2021,60.730
germany,2022,61.894
ghana,1970,77.968
ghana,1971,79.483
ghana,1972,73.446
ghana,1973,79.416
ghana,1974,76.441
ghana,1975,80.186
ghana,1976,69.127
ghana,1977,55.890
ghana,1978,46.192
ghana,1979,44.027
ghana,1980,39.396
ghana,1981,27.821
ghana,1982,15.564
ghana,1983,16.120
ghana,1984,27.175
ghana,1985,47.732
ghana,1986,51.683
ghana,1987,47.593
ghana,1988,48.011
ghana,1989,50.969
ghana,1990,47.749
ghana,1991,47.294
ghana,1992,47.920
ghana,1993,59.486
ghana,1994,59.002
ghana,1995,60.000
ghana,1996,57.766
ghana,1997,62.514
ghana,1998,63.883
ghana,1999,65.553
ghana,2000,66.833
ghana,2001,69.428
ghana,2002,72.954
ghana,2003,76.424
ghana,2004,78.623
ghana,2005,83.283
ghana,2006,86.910
ghana,2007,85.445
ghana,2008,87.671
ghana,2009,85.265
ghana,2010,88.180
ghana,2011,135.76
ghana,2012,159.00
ghana,2013,162.70
ghana,2014,167.93
ghana,2015,150.73
ghana,2016,137.47
ghana,2017,161.19
ghana,2018,181.89
ghana,2019,194.68
ghana,2020,187.42
ghana,2021,185.47
ghana,2022,219.30
greece,1975,268.08
greece,1976,276.23
greece,1977,278.60
greece,1978,282.01
greece,1979,291.51
greece,1980,279.77
greece,1981,235.30
greece,1982,187.36
greece,1983,167.51
greece,1984,149.59
greece,1985,140.32
greece,1986,143.24
greece,1987,132.88
greece,1988,137.57
greece,1989,142.40
greece,1990,137.13
greece,1991,132.07
greece,1992,127.28
greece,1993,126.36
greece,1994,122.64
greece,1995,117.98
greece,1996,116.10
greece,1997,116.01
greece,1998,122.90
greece,1999,134.29
greece,2000,138.93
greece,2001,148.78
greece,2002,153.72
greece,2003,172.69
greece,2004,263.53
greece,2005,417.02
greece,2006,214.39
greece,2007,125.00
greece,2008,127.58
greece,2009,139.37
greece,2010,167.65
greece,2011,197.24
greece,2012,175.45
greece,2013,169.39
greece,2014,158.90
greece,2015,167.09
greece,2016,60.187
greece,2017,56.872
greece,2018,60.951
greece,2019,61.291
greece,2020,59.509
greece,2021,73.468
greece,2022,86.309
guatemala,1992,28.225
guatemala,1993,25.378
guatemala,1994,23.170
guatemala,1995,21.706
guatemala,1996,20.237
guatemala,1997,19.449
guatemala,1998,18.687
guatemala,1999,18.114
guatemala,2000,17.252
guatemala,2001,16.164
guatemala,2002,15.863
guatemala,2003,15.514
guatemala,2004,15.251
guatemala,2005,14.897
guatemala,2006,15.487
guatemala,2007,16.286
guatemala,2008,17.076
guatemala,2009,16.671
guatemala,2010,16.894
guatemala,2011,18.124
guatemala,2012,18.722
guatemala,2013,19.063
guatemala,2014,20.197
guatemala,2015,21.001
guatemala,2016,21.430
guatemala,2017,21.414
guatemala,2018,21.702
guatemala,2019,22.987
guatemala,2020,22.959
guatemala,2021,24.980
guatemala,2022,26.461
guinea,1987,44.683
guinea,1988,42.680
guinea,1989,39.852
guinea,1990,43.111
guinea,1991,38.707
guinea,1992,31.768
guinea,1993,33.663
guinea,1994,30.664
guinea,1995,29.438
guinea,1996,30.955
guinea,1997,28.772
guinea,1998,27.521
guinea,1999,29.731
guinea,2000,30.196
guinea,2001,29.561
guinea,2002,32.367
guinea,2003,35.779
guinea,2004,34.572
guinea,2005,36.252
guinea,2006,36.138
guinea,2007,34.217
guinea,2008,38.148
guinea,2009,36.268
guinea,2010,38.098
guinea,2011,40.901
guinea,2012,41.715
guinea,2013,40.382
guinea,2014,41.812
guinea,2015,38.206
guinea,2016,48.286
guinea,2017,55.843
guinea,2018,57.723
guinea,2019,57.891
guinea,2020,58.936
guinea,2021,63.725
guinea,2022,66.656
guinea_bissau,1991,131.02
guinea_bissau,1992,18.686
guinea_bissau,1993,11.329
guinea_bissau,1994,11.456
guinea_bissau,1995,9.6637
guinea_bissau,1996,7.6619
guinea_bissau,1997,14.158
guinea_bissau,1998,12.738
guinea_bissau,1999,14.065
guinea_bissau,2000,12.142
guinea_bissau,2001,11.488
guinea_bissau,2002,11.518
guinea_bissau,2003,11.565
guinea_bissau,2004,9.8475
guinea_bissau,2005,8.8139
guinea_bissau,2006,8.8030
guinea_bissau,2007,8.6198
guinea_bissau,2008,9.3319
guinea_bissau,2009,9.2526
guinea_bissau,2010,9.4267
guinea_bissau,2011,9.4800
guinea_bissau,2012,10.333
guinea_bissau,2013,11.471
guinea_bissau,2014,11.426
guinea_bissau,2015,10.253
guinea_bissau,2016,11.253
guinea_bissau,2017,11.856
guinea_bissau,2018,12.274
guinea_bissau,2019,14.012
guinea_bissau,2020,13.937
guinea_bissau,2021,14.605
guinea_bissau,2022,15.479
guyana,1992,43.142
guyana,1993,57.403
guyana,1994,60.322
guyana,1995,55.009
guyana,1996,59.963
guyana,1997,60.652
guyana,1998,54.903
guyana,1999,52.929
guyana,2000,49.443
guyana,2001,43.432
guyana,2002,38.451
guyana,2003,32.680
guyana,2004,30.029
guyana,2005,27.943
guyana,2006,32.236
guyana,2007,37.082
guyana,2008,39.371
guyana,2009,40.310
guyana,2010,42.542
guyana,2011,48.890
guyana,2012,51.022
guyana,2013,50.500
guyana,2014,48.515
guyana,2015,47.881
guyana,2016,59.779
guyana,2017,56.128
guyana,2018,60.032
guyana,2019,69.247
guyana,2020,135.53
guyana,2021,213.93
guyana,2022,472.53
haiti,1991,291.44
haiti,1992,266.79
haiti,1993,293.35
haiti,1994,272.03
haiti,1995,451.85
haiti,1996,272.18
haiti,1997,173.99
haiti,1998,142.31
haiti,1999,121.24
haiti,2000,100.60
haiti,2001,89.799
haiti,2002,76.738
haiti,2003,78.361
haiti,2004,69.536
haiti,2005,63.723
haiti,2006,65.698
haiti,2007,61.515
haiti,2008,62.833
haiti,2009,59.785
haiti,2010,51.586
haiti,2011,56.361
haiti,2012,59.841
haiti,2013,62.924
haiti,2014,67.559
haiti,2015,67.987
haiti,2016,65.309
haiti,2017,65.381
haiti,2018,68.167
haiti,2019,65.994
haiti,2020,59.548
haiti,2021,68.674
haiti,2022,78.369
honduras,1992,31.804
honduras,1993,33.439
honduras,1994,29.024
honduras,1995,29.580
honduras,1996,28.398
honduras,1997,28.655
honduras,1998,29.370
honduras,1999,30.005
honduras,2000,30.494
honduras,2001,28.969
honduras,2002,28.856
honduras,2003,29.801
honduras,2004,30.775
honduras,2005,32.207
honduras,2006,35.434
honduras,2007,36.815
honduras,2008,37.981
honduras,2009,35.356
honduras,2010,36.363
honduras,2011,39.056
honduras,2012,41.258
honduras,2013,41.888
honduras,2014,41.255
honduras,2015,42.703
honduras,2016,44.293
honduras,2017,47.390
honduras,2018,49.104
honduras,2019,49.267
honduras,2020,43.001
honduras,2021,50.184
honduras,2022,50.917
hungary,1970,11.203
hungary,1971,11.078
hungary,1972,11.032
hungary,1973,11.306
hungary,1974,12.059
hungary,1975,12.352
hungary,1976,11.735
hungary,1977,12.065
hungary,1978,12.135
hungary,1979,11.809
hungary,1980,9.6772
hungary,1981,9.5842
hungary,1982,9.3620
hungary,1983,8.9756
hungary,1984,8.8224
hungary,1985,8.4365
hungary,1986,7.6992
hungary,1987,7.4281
hungary,1988,6.3697
hungary,1989,6.1090
hungary,1990,4.8945
hungary,1991,4.1065
hungary,1992,3.5455
hungary,1993,3.4037
hungary,1994,3.5615
hungary,1995,3.7291
hungary,1996,3.7507
hungary,1997,4.2879
hungary,1998,4.5602
hungary,1999,4.6752
hungary,2000,4.9428
hungary,2001,5.3348
hungary,2002,5.6405
hungary,2003,5.7123
hungary,2004,5.9886
hungary,2005,6.2855
hungary,2006,6.5467
hungary,2007,6.1973
hungary,2008,6.1800
hungary,2009,5.5870
hungary,2010,5.8596
hungary,2011,6.1893
hungary,2012,6.2130
hungary,2013,7.1734
hungary,2014,8.7559
hungary,2015,9.4709
hungary,2016,8.7654
hungary,2017,9.0910
hungary,2018,9.1391
hungary,2019,10.334
hungary,2020,9.1036
hungary,2021,9.9628
hungary,2022,9.6571
iceland,1980,187.73
iceland,1981,195.73
iceland,1982,204.13
iceland,1983,178.63
iceland,1984,197.05
iceland,1985,194.96
iceland,1986,198.96
iceland,1987,210.09
iceland,1988,179.70
iceland,1989,160.65
iceland,1990,144.39
iceland,1991,170.05
iceland,1992,200.73
iceland,1993,188.17
iceland,1994,185.14
iceland,1995,174.11
iceland,1996,171.09
iceland,1997,177.34
iceland,1998,177.66
iceland,1999,161.58
iceland,2000,165.80
iceland,2001,183.68
iceland,2002,166.67
iceland,2003,163.93
iceland,2004,179.89
iceland,2005,61.258
iceland,2006,41.496
iceland,2007,28.903
iceland,2008,25.962
iceland,2009,16.023
iceland,2010,14.715
iceland,2011,13.182
iceland,2012,12.449
iceland,2013,12.860
iceland,2014,13.791
iceland,2015,13.966
iceland,2016,14.569
iceland,2017,15.305
iceland,2018,16.177
iceland,2019,16.431
iceland,2020,15.577
iceland,2021,16.393
iceland,2022,18.375
india,1975,3.2543
india,1976,3.5747
india,1977,3.9565
india,1978,4.4904
india,1979,4.5372
india,1980,4.9101
india,1981,5.6239
india,1982,6.1719
india,1983,6.9487
india,1984,7.6680
india,1985,8.5211
india,1986,8.1127
india,1987,7.7234
india,1988,7.8913
india,1989,8.0755
india,1990,7.9467
india,1991,7.8829
india,1992,8.6037
india,1993,9.2668
india,1994,10.565
india,1995,12.289
india,1996,13.510
india,1997,14.605
india,1998,15.603
india,1999,17.199
india,2000,19.560
india,2001,18.758
india,2002,18.857
india,2003,19.167
india,2004,21.616
india,2005,22.499
india,2006,24.435
india,2007,25.098
india,2008,25.063
india,2009,25.674
india,2010,26.507
india,2011,27.214
india,2012,27.880
india,2013,28.393
india,2014,29.706
india,2015,31.471
india,2016,33.243
india,2017,35.048
india,2018,37.347
india,2019,35.682
india,2020,34.198
india,2021,39.314
india,2022,40.783
indonesia,1990,243.37
indonesia,1991,95.427
indonesia,1992,60.908
indonesia,1993,46.824
indonesia,1994,40.137
indonesia,1995,36.614
indonesia,1996,34.990
indonesia,1997,32.518
indonesia,1998,25.169
indonesia,1999,21.927
indonesia,2000,21.888
indonesia,2001,15.611
indonesia,2002,11.763
indonesia,2003,9.7381
indonesia,2004,8.6901
indonesia,2005,8.2908
indonesia,2006,9.3701
indonesia,2007,10.615
indonesia,2008,12.379
indonesia,2009,13.781
indonesia,2010,15.545
indonesia,2011,18.409
indonesia,2012,21.239
indonesia,2013,24.289
indonesia,2014,27.976
indonesia,2015,31.672
indonesia,2016,37.707
indonesia,2017,39.628
indonesia,2018,42.082
indonesia,2019,43.316
indonesia,2020,41.640
indonesia,2021,45.131
indonesia,2022,49.548
iran_islamic_republic_of,1993,55.664
iran_islamic_republic_of,1994,67.460
iran_islamic_republic_of,1995,78.034
iran_islamic_republic_of,1996,87.351
iran_islamic_republic_of,1997,80.499
iran_islamic_republic_of,1998,67.812
iran_islamic_republic_of,1999,81.211
iran_islamic_republic_of,2000,92.686
iran_islamic_republic_of,2001,91.262
iran_islamic_republic_of,2002,110.79
iran_islamic_republic_of,2003,115.58
iran_islamic_republic_of,2004,122.68
iran_islamic_republic_of,2005,135.69
iran_islamic_republic_of,2006,140.41
iran_islamic_republic_of,2007,153.80
iran_islamic_republic_of,2008,153.83
iran_islamic_republic_of,2009,141.96
iran_islamic_republic_of,2010,155.09
iran_islamic_republic_of,2011,161.91
iran_islamic_republic_of,2012,142.32
iran_islamic_republic_of,2013,145.95
iran_islamic_republic_of,2014,137.65
iran_islamic_republic_of,2015,108.18
iran_islamic_republic_of,2016,128.40
iran_islamic_republic_of,2017,140.61
iran_islamic_republic_of,2018,144.42
iran_islamic_republic_of,2019,125.89
iran_islamic_republic_of,2020,108.39
iran_islamic_republic_of,2021,116.44
iran_islamic_republic_of,2022,121.81
iraq,1975,64.102
iraq,1976,86.263
iraq,1977,91.056
iraq,1978,115.63
iraq,1979,171.84
iraq,1980,186.42
iraq,1981,121.46
iraq,1982,122.45
iraq,1983,115.32
iraq,1984,127.50
iraq,1985,143.21
iraq,1986,39.981
iraq,1987,31.594
iraq,1988,22.681
iraq,1989,15.637
iraq,1990,10.187
iraq,1991,0.94063
iraq,1992,6.2769
iraq,1993,7.6355
iraq,1994,6.1738
iraq,1995,4.5609
iraq,1996,5.6872
iraq,1997,6.4982
iraq,1998,6.0040
iraq,1999,6.9516
iraq,2000,7.2944
iraq,2001,7.0372
iraq,2002,6.6192
iraq,2003,5.4004
iraq,2004,7.4958
iraq,2005,8.4563
iraq,2006,9.3497
iraq,2007,10.164
iraq,2008,12.601
iraq,2009,11.815
iraq,2010,15.235
iraq,2011,21.147
iraq,2012,27.218
iraq,2013,33.576
iraq,2014,40.172
iraq,2015,37.923
iraq,2016,39.719
iraq,2017,19.147
iraq,2018,18.222
iraq,2019,18.729
iraq,2020,17.249
iraq,2021,20.741
iraq,2022,26.174
ireland,1980,30.141
ireland,1981,29.622
ireland,1982,29.690
ireland,1983,29.328
ireland,1984,29.821
ireland,1985,31.362
ireland,1986,30.373
ireland,1987,31.273
ireland,1988,32.174
ireland,1989,33.686
ireland,1990,38.653
ireland,1991,38.242
ireland,1992,40.066
ireland,1993,40.443
ireland,1994,44.250
ireland,1995,55.166
ireland,1996,63.187
ireland,1997,81.003
ireland,1998,102.06
ireland,1999,127.01
ireland,2000,155.41
ireland,2001,200.79
ireland,2002,254.72
ireland,2003,283.96
ireland,2004,353.50
ireland,2005,474.81
ireland,2006,705.64
ireland,2007,1199.0
ireland,2008,563.15
ireland,2009,359.77
ireland,2010,254.19
ireland,2011,214.88
ireland,2012,176.23
ireland,2013,153.39
ireland,2014,152.86
ireland,2015,277.11
ireland,2016,244.54
ireland,2017,240.02
ireland,2018,244.11
ireland,2019,245.61
ireland,2020,278.17
ireland,2021,321.14
ireland,2022,376.95
israel,1970,190.82
israel,1971,205.49
israel,1972,226.47
israel,1973,218.14
israel,1974,224.88
israel,1975,212.45
israel,1976,213.07
israel,1977,197.34
israel,1978,194.41
israel,1979,187.29
israel,1980,181.88
israel,1981,213.41
israel,1982,212.51
israel,1983,212.76
israel,1984,218.69
israel,1985,195.80
israel,1986,191.60
israel,1987,214.92
israel,1988,214.28
israel,1989,222.09
israel,1990,232.55
israel,1991,249.17
israel,1992,269.36
israel,1993,277.30
israel,1994,288.06
israel,1995,288.92
israel,1996,302.30
israel,1997,305.61
israel,1998,301.14
israel,1999,295.55
israel,2000,316.24
israel,2001,295.59
israel,2002,287.98
israel,2003,298.25
israel,2004,318.76
israel,2005,330.67
israel,2006,349.04
israel,2007,369.23
israel,2008,365.81
israel,2009,344.61
israel,2010,359.75
israel,2011,384.70
israel,2012,415.44
israel,2013,429.08
israel,2014,441.48
israel,2015,476.26
israel,2016,992.20
israel,2017,517.59
israel,2018,551.44
israel,2019,570.99
israel,2020,545.13
israel,2021,564.00
israel,2022,638.33
italy,1970,30.902
italy,1971,28.814
italy,1972,27.619
italy,1973,29.133
italy,1974,30.587
italy,1975,27.643
italy,1976,28.841
italy,1977,27.726
italy,1978,26.569
italy,1979,27.179
italy,1980,27.003
italy,1981,27.427
italy,1982,26.874
italy,1983,26.310
italy,1984,27.364
italy,1985,28.190
italy,1986,28.632
italy,1987,29.512
italy,1988,30.906
italy,1989,32.868
italy,1990,32.722
italy,1991,31.061
italy,1992,29.722
italy,1993,28.218
italy,1994,27.903
italy,1995,28.026
italy,1996,27.182
italy,1997,26.607
italy,1998,26.019
italy,1999,25.205
italy,2000,25.299
italy,2001,26.658
italy,2002,27.705
italy,2003,28.285
italy,2004,29.982
italy,2005,31.558
italy,2006,33.910
italy,2007,36.989
italy,2008,38.168
italy,2009,35.023
italy,2010,38.428
italy,2011,41.448
italy,2012,42.119
italy,2013,44.307
italy,2014,43.392
italy,2015,44.286
italy,2016,45.578
italy,2017,46.560
italy,2018,47.266
italy,2019,47.170
italy,2020,42.527
italy,2021,47.841
italy,2022,48.145
jamaica,1993,50.596
jamaica,1994,50.183
jamaica,1995,48.317
jamaica,1996,44.292
jamaica,1997,41.266
jamaica,1998,37.663
jamaica,1999,37.257
jamaica,2000,36.058
jamaica,2001,35.533
jamaica,2002,33.457
jamaica,2003,34.578
jamaica,2004,35.999
jamaica,2005,34.846
jamaica,2006,15.201
jamaica,2007,10.011
jamaica,2008,6.5570
jamaica,2009,4.5717
jamaica,2010,3.6716
jamaica,2011,3.2403
jamaica,2012,2.7898
jamaica,2013,2.4962
jamaica,2014,2.2813
jamaica,2015,4.8618
jamaica,2016,2.1296
jamaica,2017,2.8950
jamaica,2018,4.5673
jamaica,2019,8.1354
jamaica,2020,68.061
jamaica,2021,56.405
jamaica,2022,55.127
japan,1980,50.672
japan,1981,52.871
japan,1982,53.925
japan,1983,54.347
japan,1984,57.680
japan,1985,61.075
japan,1986,61.880
japan,1987,64.712
japan,1988,70.184
japan,1989,74.956
japan,1990,79.773
japan,1991,81.977
japan,1992,80.252
japan,1993,79.823
japan,1994,79.818
japan,1995,84.295
japan,1996,84.996
japan,1997,82.242
japan,1998,77.447
japan,1999,74.242
japan,2000,73.641
japan,2001,78.731
japan,2002,87.795
japan,2003,87.688
japan,2004,88.944
japan,2005,90.340
japan,2006,91.050
japan,2007,92.175
japan,2008,92.470
japan,2009,84.474
japan,2010,93.224
japan,2011,89.539
japan,2012,91.261
japan,2013,93.465
japan,2014,95.556
japan,2015,101.26
japan,2016,103.09
japan,2017,107.46
japan,2018,113.21
japan,2019,114.29
japan,2020,86.536
japan,2021,89.154
japan,2022,89.338
jordan,1975,36.716
jordan,1976,36.254
jordan,1977,41.317
jordan,1978,51.674
jordan,1979,72.105
jordan,1980,87.298
jordan,1981,116.79
jordan,1982,123.08
jordan,1983,119.71
jordan,1984,127.21
jordan,1985,112.25
jordan,1986,117.33
jordan,1987,103.90
jordan,1988,85.938
jordan,1989,73.611
jordan,1990,74.089
jordan,1991,78.360
jordan,1992,83.050
jordan,1993,82.995
jordan,1994,93.010
jordan,1995,95.441
jordan,1996,85.503
jordan,1997,88.775
jordan,1998,92.368
jordan,1999,92.882
jordan,2000,97.119
jordan,2001,114.55
jordan,2002,115.72
jordan,2003,126.40
jordan,2004,140.36
jordan,2005,151.18
jordan,2006,168.94
jordan,2007,158.07
jordan,2008,228.67
jordan,2009,234.48
jordan,2010,209.37
jordan,2011,218.86
jordan,2012,262.47
jordan,2013,226.04
jordan,2014,174.84
jordan,2015,245.20
jordan,2016,276.47
jordan,2017,286.05
jordan,2018,267.55
jordan,2019,255.24
jordan,2020,245.51
jordan,2021,254.85
jordan,2022,267.56
kazakhstan,1993,3.3455
kazakhstan,1994,3.1560
kazakhstan,1995,2.6912
kazakhstan,1996,2.4916
kazakhstan,1997,2.6299
kazakhstan,1998,2.7880
kazakhstan,1999,3.4839
kazakhstan,2000,4.7003
kazakhstan,2001,5.2765
kazakhstan,2002,5.5800
kazakhstan,2003,5.8682
kazakhstan,2004,6.4139
kazakhstan,2005,8.1006
kazakhstan,2006,8.3517
kazakhstan,2007,7.9989
kazakhstan,2008,8.8811
kazakhstan,2009,8.3004
kazakhstan,2010,8.2883
kazakhstan,2011,8.7892
kazakhstan,2012,8.8270
kazakhstan,2013,8.4913
kazakhstan,2014,7.7369
kazakhstan,2015,8.7100
kazakhstan,2016,8.0281
kazakhstan,2017,8.6686
kazakhstan,2018,13.280
kazakhstan,2019,17.003
kazakhstan,2020,14.564
kazakhstan,2021,12.352
kazakhstan,2022,12.646
kenya,1990,77.718
kenya,1991,81.270
kenya,1992,73.561
kenya,1993,66.620
kenya,1994,67.399
kenya,1995,62.816
kenya,1996,67.853
kenya,1997,65.102
kenya,1998,64.156
kenya,1999,62.659
kenya,2000,62.812
kenya,2001,63.612
kenya,2002,63.277
kenya,2003,64.530
kenya,2004,68.483
kenya,2005,73.627
kenya,2006,74.332
kenya,2007,78.148
kenya,2008,72.027
kenya,2009,67.057
kenya,2010,71.774
kenya,2011,80.703
kenya,2012,81.396
kenya,2013,84.415
kenya,2014,87.630
kenya,2015,91.394
kenya,2016,37.437
kenya,2017,37.462
kenya,2018,39.652
kenya,2019,41.105
kenya,2020,42.487
kenya,2021,45.343
kenya,2022,49.640
kuwait,1993,2005.7
kuwait,1994,1929.7
kuwait,1995,1827.2
kuwait,1996,1851.0
kuwait,1997,1661.5
kuwait,1998,1282.5
kuwait,1999,1319.5
kuwait,2000,1474.3
kuwait,2001,1425.6
kuwait,2002,1480.2
kuwait,2003,1752.9
kuwait,2004,2016.7
kuwait,2005,2372.6
kuwait,2006,2644.6
kuwait,2007,2647.6
kuwait,2008,2971.9
kuwait,2009,2377.5
kuwait,2010,2635.6
kuwait,2011,3191.5
kuwait,2012,3509.2
kuwait,2013,3463.3
kuwait,2014,3336.2
kuwait,2015,2606.8
kuwait,2016,2481.1
kuwait,2017,2543.4
kuwait,2018,2851.6
kuwait,2019,2741.4
kuwait,2020,1932.3
kuwait,2021,2365.4
kuwait,2022,2484.6
kyrgyzstan,1994,2.3567
kyrgyzstan,1995,1.6731
kyrgyzstan,1996,1.6583
kyrgyzstan,1997,2.2192
kyrgyzstan,1998,2.2189
kyrgyzstan,1999,2.6980
kyrgyzstan,2000,2.5794
kyrgyzstan,2001,2.5725
kyrgyzstan,2002,1.9629
kyrgyzstan,2003,2.0391
kyrgyzstan,2004,2.3790
kyrgyzstan,2005,2.0486
kyrgyzstan,2006,1.8248
kyrgyzstan,2007,1.9605
kyrgyzstan,2008,2.8968
kyrgyzstan,2009,3.3662
kyrgyzstan,2010,3.6046
kyrgyzstan,2011,3.9751
kyrgyzstan,2012,3.2246
kyrgyzstan,2013,4.1953
kyrgyzstan,2014,4.1638
kyrgyzstan,2015,4.6102
kyrgyzstan,2016,5.0696
kyrgyzstan,2017,5.3291
kyrgyzstan,2018,5.4786
kyrgyzstan,2019,6.1413
kyrgyzstan,2020,5.5274
kyrgyzstan,2021,5.4171
kyrgyzstan,2022,5.4794
land_locked_developing_countries,2000,6.4977
land_locked_developing_countries,2001,6.7921
land_locked_developing_countries,2002,7.2103
land_locked_developing_countries,2003,7.5736
land_locked_developing_countries,2004,7.8818
land_locked_developing_countries,2005,9.3905
land_locked_developing_countries,2006,10.597
land_locked_developing_countries,2007,11.429
land_locked_developing_countries,2008,12.804
land_locked_developing_countries,2009,12.656
land_locked_developing_countries,2010,13.395
land_locked_developing_countries,2011,14.611
land_locked_developing_countries,2012,14.848
land_locked_developing_countries,2013,15.181
land_locked_developing_countries,2014,14.697
land_locked_developing_countries,2015,16.256
land_locked_developing_countries,2016,15.667
land_locked_developing_countries,2017,14.861
land_locked_developing_countries,2018,19.822
land_locked_developing_countries,2019,22.460
land_locked_developing_countries,2020,20.648
land_locked_developing_countries,2021,20.401
land_locked_developing_countries,2022,22.387
lao_people_s_democratic_republic,1987,2.1707
lao_people_s_democratic_republic,1988,2.0559
lao_people_s_democratic_republic,1989,2.2461
lao_people_s_democratic_republic,1990,2.4186
lao_people_s_democratic_republic,1991,2.5978
lao_people_s_democratic_republic,1992,2.6920
lao_people_s_democratic_republic,1993,2.9133
lao_people_s_democratic_republic,1994,3.2105
lao_people_s_democratic_republic,1995,3.4249
lao_people_s_democratic_republic,1996,3.8443
lao_people_s_democratic_republic,1997,6.2040
lao_people_s_democratic_republic,1998,3.9726
lao_people_s_democratic_republic,1999,4.0560
lao_people_s_democratic_republic,2000,3.9350
lao_people_s_democratic_republic,2001,4.2639
lao_people_s_democratic_republic,2002,4.4638
lao_people_s_democratic_republic,2003,5.1124
lao_people_s_democratic_republic,2004,5.3004
lao_people_s_democratic_republic,2005,6.5518
lao_people_s_democratic_republic,2006,8.0959
lao_people_s_democratic_republic,2007,9.4704
lao_people_s_democratic_republic,2008,10.048
lao_people_s_democratic_republic,2009,10.608
lao_people_s_democratic_republic,2010,12.336
lao_people_s_democratic_republic,2011,13.885
lao_people_s_democratic_republic,2012,17.446
lao_people_s_democratic_republic,2013,16.869
lao_people_s_democratic_republic,2014,17.442
lao_people_s_democratic_republic,2015,17.460
lao_people_s_democratic_republic,2016,17.955
lao_people_s_democratic_republic,2017,19.474
lao_people_s_democratic_republic,2018,21.020
lao_people_s_democratic_republic,2019,23.123
lao_people_s_democratic_republic,2020,24.129
lao_people_s_democratic_republic,2021,25.396
lao_people_s_democratic_republic,2022,16.165
latin_america_and_the_caribbean,2000,43.043
latin_america_and_the_caribbean,2001,31.754
latin_america_and_the_caribbean,2002,31.234
latin_america_and_the_caribbean,2003,30.609
latin_america_and_the_caribbean,2004,33.219
latin_america_and_the_caribbean,2005,34.323
latin_america_and_the_caribbean,2006,35.963
latin_america_and_the_caribbean,2007,36.313
latin_america_and_the_caribbean,2008,36.665
latin_america_and_the_caribbean,2009,32.907
latin_america_and_the_caribbean,2010,36.478
latin_america_and_the_caribbean,2011,38.622
latin_america_and_the_caribbean,2012,37.245
latin_america_and_the_caribbean,2013,36.466
latin_america_and_the_caribbean,2014,35.434
latin_america_and_the_caribbean,2015,35.460
latin_america_and_the_caribbean,2016,33.022
latin_america_and_the_caribbean,2017,36.051
latin_america_and_the_caribbean,2018,36.370
latin_america_and_the_caribbean,2019,35.724
latin_america_and_the_caribbean,2020,33.032
latin_america_and_the_caribbean,2021,39.325
latin_america_and_the_caribbean,2022,41.809
latvia,2007,131.37
latvia,2008,117.88
latvia,2009,85.963
latvia,2010,75.317
latvia,2011,75.641
latvia,2012,76.838
latvia,2013,84.042
latvia,2014,117.17
latvia,2015,126.41
latvia,2016,123.07
latvia,2017,129.72
latvia,2018,125.61
latvia,2019,138.28
latvia,2020,163.02
latvia,2021,158.11
latvia,2022,188.64
least_developed_countries,2000,33.503
least_developed_countries,2001,33.097
least_developed_countries,2002,33.290
least_developed_countries,2003,33.427
least_developed_countries,2004,35.738
least_developed_countries,2005,39.182
least_developed_countries,2006,41.345
least_developed_countries,2007,45.872
least_developed_countries,2008,49.625
least_developed_countries,2009,46.221
least_developed_countries,2010,53.390
least_developed_countries,2011,58.691
least_developed_countries,2012,66.951
least_developed_countries,2013,71.806
least_developed_countries,2014,73.109
least_developed_countries,2015,73.427
least_developed_countries,2016,78.538
least_developed_countries,2017,82.811
least_developed_countries,2018,93.201
least_developed_countries,2019,98.478
least_developed_countries,2020,96.862
least_developed_countries,2021,104.23
least_developed_countries,2022,108.93
lebanon,1975,85.874
lebanon,1976,41.129
lebanon,1977,58.433
lebanon,1978,54.826
lebanon,1979,58.179
lebanon,1980,54.438
lebanon,1981,57.027
lebanon,1982,35.030
lebanon,1983,41.812
lebanon,1984,58.779
lebanon,1985,71.199
lebanon,1986,64.676
lebanon,1987,73.609
lebanon,1988,52.853
lebanon,1989,28.710
lebanon,1990,35.833
lebanon,1991,45.971
lebanon,1992,65.327
lebanon,1993,72.354
lebanon,1994,75.139
lebanon,1995,73.590
lebanon,1996,63.207
lebanon,1997,50.873
lebanon,1998,50.755
lebanon,1999,42.753
lebanon,2000,38.098
lebanon,2001,34.265
lebanon,2002,28.758
lebanon,2003,26.328
lebanon,2004,24.957
lebanon,2005,23.916
lebanon,2006,15.943
lebanon,2007,13.725
lebanon,2008,13.202
lebanon,2009,12.114
lebanon,2010,10.036
lebanon,2011,9.5279
lebanon,2012,9.2709
lebanon,2013,9.1695
lebanon,2014,8.4186
lebanon,2015,7.4384
lebanon,2016,7.7051
lebanon,2017,7.2760
lebanon,2018,6.3604
lebanon,2019,5.0935
lebanon,2020,5.9389
lebanon,2021,2.6192
lebanon,2022,3.9480
lesotho,1987,8.9247
lesotho,1988,10.167
lesotho,1989,11.211
lesotho,1990,13.074
lesotho,1991,16.143
lesotho,1992,16.911
lesotho,1993,18.303
lesotho,1994,19.144
lesotho,1995,18.112
lesotho,1996,19.854
lesotho,1997,18.242
lesotho,1998,17.540
lesotho,1999,17.356
lesotho,2000,19.967
lesotho,2001,22.906
lesotho,2002,23.687
lesotho,2003,23.620
lesotho,2004,23.569
lesotho,2005,23.459
lesotho,2006,26.580
lesotho,2007,30.134
lesotho,2008,34.025
lesotho,2009,26.666
lesotho,2010,25.544
lesotho,2011,28.683
lesotho,2012,27.714
lesotho,2013,26.390
lesotho,2014,30.795
lesotho,2015,33.790
lesotho,2016,31.316
lesotho,2017,27.597
lesotho,2018,30.756
lesotho,2019,29.451
lesotho,2020,27.688
lesotho,2021,29.709
lesotho,2022,27.972
liberia,1987,19.663
liberia,1988,17.761
liberia,1989,17.541
liberia,1990,5.4740
liberia,1991,4.2751
liberia,1992,2.3386
liberia,1993,1.3932
liberia,1994,0.93982
liberia,1995,0.31152
liberia,1996,0.22364
liberia,1997,0.27697
liberia,1998,0.30892
liberia,1999,0.046253
liberia,2000,0.13982
liberia,2001,1.6221
liberia,2002,1.6875
liberia,2003,0.92796
liberia,2004,1.4100
liberia,2005,1.3096
liberia,2006,1.6738
liberia,2007,2.2974
liberia,2008,2.5471
liberia,2009,2.9793
liberia,2010,3.1516
liberia,2011,2.9375
liberia,2012,3.7387
liberia,2013,4.5579
liberia,2014,5.8581
liberia,2015,4.2831
liberia,2016,3.2556
liberia,2017,3.6455
liberia,2018,4.0379
liberia,2019,3.7874
liberia,2020,3.5959
liberia,2021,3.7408
liberia,2022,3.9993
libya,1990,268.49
libya,1991,281.81
libya,1992,251.13
libya,1993,216.01
libya,1994,204.43
libya,1995,196.13
libya,1996,192.54
libya,1997,194.01
libya,1998,146.17
libya,1999,162.81
libya,2000,193.45
libya,2001,186.51
libya,2002,241.98
libya,2003,300.55
libya,2004,344.26
libya,2005,408.82
libya,2006,402.34
libya,2007,375.36
libya,2008,345.18
libya,2009,256.80
libya,2010,257.83
libya,2011,82.877
libya,2012,200.36
libya,2013,143.74
libya,2014,77.046
libya,2015,54.859
libya,2016,39.391
libya,2017,83.372
libya,2018,116.80
libya,2019,100.38
libya,2020,66.767
libya,2021,90.107
libya,2022,72.389
lithuania,1995,1.0119
lithuania,1996,1.1051
lithuania,1997,1.3005
lithuania,1998,1.5316
lithuania,1999,1.5652
lithuania,2000,1.8183
lithuania,2001,2.1830
lithuania,2002,2.4318
lithuania,2003,3.0396
lithuania,2004,3.8170
lithuania,2005,4.6177
lithuania,2006,5.6862
lithuania,2007,7.0565
lithuania,2008,8.2259
lithuania,2009,6.6826
lithuania,2010,8.6188
lithuania,2011,12.555
lithuania,2012,17.482
lithuania,2013,26.955
lithuania,2014,59.358
lithuania,2015,52.949
lithuania,2016,84.368
lithuania,2017,147.71
lithuania,2018,176.79
lithuania,2019,86.497
lithuania,2020,55.321
lithuania,2021,76.801
lithuania,2022,136.10
luxembourg,1995,381.08
luxembourg,1996,364.17
luxembourg,1997,383.91
luxembourg,1998,420.21
luxembourg,1999,416.38
luxembourg,2000,466.65
luxembourg,2001,507.99
luxembourg,2002,564.29
luxembourg,2003,638.54
luxembourg,2004,703.89
luxembourg,2005,758.84
luxembourg,2006,859.54
luxembourg,2007,1186.9
luxembourg,2008,1264.1
luxembourg,2009,1277.4
luxembourg,2010,1819.7
luxembourg,2011,1449.3
luxembourg,2012,1401.3
luxembourg,2013,2655.1
luxembourg,2014,1873.6
luxembourg,2015,3094.8
luxembourg,2016,5248.8
luxembourg,2017,3856.0
luxembourg,2018,3348.0
luxembourg,2019,1577.8
luxembourg,2020,1483.6
luxembourg,2021,1180.8
luxembourg,2022,3562.0
madagascar,1985,95.747
madagascar,1986,39.070
madagascar,1987,27.237
madagascar,1988,20.611
madagascar,1989,19.780
madagascar,1990,16.460
madagascar,1991,13.393
madagascar,1992,11.524
madagascar,1993,10.630
madagascar,1994,9.3315
madagascar,1995,8.7777
madagascar,1996,7.9774
madagascar,1997,7.1643
madagascar,1998,7.1054
madagascar,1999,6.7763
madagascar,2000,7.3301
madagascar,2001,7.7794
madagascar,2002,6.5588
madagascar,2003,7.2577
madagascar,2004,7.9588
madagascar,2005,8.4666
madagascar,2006,9.8235
madagascar,2007,10.647
madagascar,2008,12.319
madagascar,2009,10.811
madagascar,2010,10.296
madagascar,2011,10.470
madagascar,2012,10.424
madagascar,2013,11.181
madagascar,2014,12.543
madagascar,2015,12.610
madagascar,2016,13.456
madagascar,2017,14.535
madagascar,2018,16.148
madagascar,2019,17.648
madagascar,2020,14.100
madagascar,2021,16.768
madagascar,2022,17.930
malawi,1985,19.374
malawi,1986,20.882
malawi,1987,22.221
malawi,1988,20.981
malawi,1989,20.278
malawi,1990,24.203
malawi,1991,25.593
malawi,1992,24.509
malawi,1993,21.523
malawi,1994,16.845
malawi,1995,16.184
malawi,1996,16.922
malawi,1997,15.852
malawi,1998,15.587
malawi,1999,15.171
malawi,2000,14.396
malawi,2001,12.244
malawi,2002,11.760
malawi,2003,12.945
malawi,2004,11.303
malawi,2005,10.738
malawi,2006,12.532
malawi,2007,15.104
malawi,2008,14.155
malawi,2009,14.527
malawi,2010,15.442
malawi,2011,17.529
malawi,2012,18.060
malawi,2013,20.341
malawi,2014,23.008
malawi,2015,25.628
malawi,2016,28.021
malawi,2017,30.867
malawi,2018,32.929
malawi,2019,34.990
malawi,2020,36.322
malawi,2021,37.226
malawi,2022,34.849
malaysia,1990,29.865
malaysia,1991,29.079
malaysia,1992,27.616
malaysia,1993,26.568
malaysia,1994,26.525
malaysia,1995,27.735
malaysia,1996,32.203
malaysia,1997,35.312
malaysia,1998,31.775
malaysia,1999,35.907
malaysia,2000,40.965
malaysia,2001,39.056
malaysia,2002,40.194
malaysia,2003,44.117
malaysia,2004,49.347
malaysia,2005,49.861
malaysia,2006,52.939
malaysia,2007,53.963
malaysia,2008,57.509
malaysia,2009,50.763
malaysia,2010,53.591
malaysia,2011,55.614
malaysia,2012,59.086
malaysia,2013,61.189
malaysia,2014,65.128
malaysia,2015,65.814
malaysia,2016,66.855
malaysia,2017,71.871
malaysia,2018,75.915
malaysia,2019,77.270
malaysia,2020,69.684
malaysia,2021,75.996
malaysia,2022,86.248
maldives,1987,522.24
maldives,1988,531.94
maldives,1989,547.89
maldives,1990,601.84
maldives,1991,622.29
maldives,1992,644.26
maldives,1993,661.26
maldives,1994,666.39
maldives,1995,687.17
maldives,1996,632.09
maldives,1997,742.47
maldives,1998,859.45
maldives,1999,929.35
maldives,2000,846.37
maldives,2001,890.39
maldives,2002,917.63
maldives,2003,1029.2
maldives,2004,922.47
maldives,2005,807.93
maldives,2006,772.15
maldives,2007,727.09
maldives,2008,1031.1
maldives,2009,758.53
maldives,2010,778.99
maldives,2011,935.68
maldives,2012,928.98
maldives,2013,795.19
maldives,2014,908.99
maldives,2015,1245.2
maldives,2016,1391.9
maldives,2017,1503.7
maldives,2018,1871.9
maldives,2019,1841.1
maldives,2020,1141.2
maldives,2021,1209.9
maldives,2022,1559.6
mali,1987,10.759
mali,1988,10.927
mali,1989,12.394
mali,1990,13.983
mali,1991,17.962
mali,1992,18.218
mali,1993,19.629
mali,1994,21.249
mali,1995,35.449
mali,1996,43.735
mali,1997,57.518
mali,1998,67.304
mali,1999,79.600
mali,2000,108.03
mali,2001,140.97
mali,2002,163.17
mali,2003,204.49
mali,2004,211.15
mali,2005,266.09
mali,2006,385.46
mali,2007,387.50
mali,2008,398.21
mali,2009,485.01
mali,2010,505.08
mali,2011,491.45
mali,2012,533.84
mali,2013,490.46
mali,2014,563.85
mali,2015,581.63
mali,2016,643.78
mali,2017,724.34
mali,2018,828.60
mali,2019,910.34
mali,2020,924.72
mali,2021,929.63
mali,2022,965.58
malta,1996,12736
malta,1997,6429.2
malta,1998,4579.8
malta,1999,3480.5
malta,2000,3306.7
malta,2001,2493.1
malta,2002,2367.1
malta,2003,2253.5
malta,2004,1850.3
malta,2005,1671.3
malta,2006,1457.9
malta,2007,1293.3
malta,2008,1435.2
malta,2009,1219.8
malta,2010,1314.2
malta,2011,1293.4
malta,2012,1296.7
malta,2013,1245.7
malta,2014,1189.8
malta,2015,1181.3
malta,2016,1186.8
malta,2017,1305.2
malta,2018,1413.2
malta,2019,1604.3
malta,2020,1611.0
malta,2021,1671.3
malta,2022,1789.5
mauritania,1980,14.999
mauritania,1981,15.358
mauritania,1982,15.600
mauritania,1983,15.684
mauritania,1984,17.400
mauritania,1985,19.899
mauritania,1986,20.532
mauritania,1987,17.988
mauritania,1988,18.653
mauritania,1989,21.940
mauritania,1990,22.060
mauritania,1991,22.907
mauritania,1992,21.907
mauritania,1993,26.929
mauritania,1994,27.359
mauritania,1995,26.561
mauritania,1996,29.539
mauritania,1997,29.607
mauritania,1998,33.097
mauritania,1999,32.601
mauritania,2000,31.309
mauritania,2001,29.050
mauritania,2002,27.956
mauritania,2003,27.260
mauritania,2004,29.749
mauritania,2005,38.305
mauritania,2006,64.372
mauritania,2007,52.272
mauritania,2008,50.514
mauritania,2009,44.057
mauritania,2010,54.504
mauritania,2011,67.978
mauritania,2012,60.178
mauritania,2013,64.441
mauritania,2014,47.834
mauritania,2015,38.410
mauritania,2016,43.568
mauritania,2017,43.612
mauritania,2018,46.566
mauritania,2019,59.146
mauritania,2020,69.072
mauritania,2021,72.325
mauritania,2022,72.784
mauritius,1974,13.447
mauritius,1975,15.201
mauritius,1976,19.615
mauritius,1977,19.893
mauritius,1978,20.597
mauritius,1979,21.020
mauritius,1980,17.565
mauritius,1981,18.231
mauritius,1982,18.129
mauritius,1983,17.221
mauritius,1984,18.008
mauritius,1985,20.121
mauritius,1986,23.029
mauritius,1987,25.431
mauritius,1988,26.500
mauritius,1989,26.159
mauritius,1990,27.788
mauritius,1991,27.471
mauritius,1992,25.926
mauritius,1993,25.855
mauritius,1994,25.812
mauritius,1995,26.207
mauritius,1996,27.940
mauritius,1997,28.831
mauritius,1998,30.811
mauritius,1999,31.532
mauritius,2000,33.494
mauritius,2001,43.234
mauritius,2002,55.425
mauritius,2003,81.989
mauritius,2004,107.03
mauritius,2005,148.07
mauritius,2006,131.59
mauritius,2007,305.91
mauritius,2008,282.56
mauritius,2009,202.24
mauritius,2010,203.32
mauritius,2011,204.78
mauritius,2012,187.43
mauritius,2013,160.72
mauritius,2014,160.44
mauritius,2015,147.33
mauritius,2016,170.29
mauritius,2017,173.05
mauritius,2018,194.51
mauritius,2019,212.06
mauritius,2020,196.72
mauritius,2021,227.77
mauritius,2022,225.91
mexico,2001,45.480
mexico,2002,42.618
mexico,2003,38.744
mexico,2004,42.254
mexico,2005,44.398
mexico,2006,47.858
mexico,2007,48.194
mexico,2008,48.579
mexico,2009,41.488
mexico,2010,44.967
mexico,2011,49.090
mexico,2012,50.672
mexico,2013,45.138
mexico,2014,46.529
mexico,2015,45.623
mexico,2016,45.380
mexico,2017,55.504
mexico,2018,45.623
mexico,2019,44.470
mexico,2020,39.749
mexico,2021,43.971
mexico,2022,50.463
mongolia,1993,7.8318
mongolia,1994,8.0915
mongolia,1995,8.4837
mongolia,1996,6.1387
mongolia,1997,6.8024
mongolia,1998,5.1032
mongolia,1999,5.0601
mongolia,2000,4.9319
mongolia,2001,4.6819
mongolia,2002,4.6285
mongolia,2003,5.6360
mongolia,2004,6.6434
mongolia,2005,7.9293
mongolia,2006,9.8224
mongolia,2007,10.392
mongolia,2008,8.9094
mongolia,2009,8.0540
mongolia,2010,10.484
mongolia,2011,13.210
mongolia,2012,16.811
mongolia,2013,21.905
mongolia,2014,29.723
mongolia,2015,37.642
mongolia,2016,21.707
mongolia,2017,26.347
mongolia,2018,28.888
mongolia,2019,30.640
mongolia,2020,28.242
mongolia,2021,28.908
mongolia,2022,29.076
montenegro,2006,7.1648
montenegro,2007,6.4202
montenegro,2008,7.7442
montenegro,2009,1.5904
montenegro,2010,0.93898
montenegro,2011,0.69823
montenegro,2012,0.46691
montenegro,2013,0.35252
montenegro,2014,0.29003
montenegro,2015,0.27571
montenegro,2016,0.28721
montenegro,2017,0.28194
montenegro,2018,0.26606
montenegro,2019,0.26694
montenegro,2020,0.21455
montenegro,2021,0.14904
montenegro,2022,0.20765
morocco,1992,30.384
morocco,1993,29.230
morocco,1994,29.808
morocco,1995,29.156
morocco,1996,30.205
morocco,1997,30.901
morocco,1998,31.570
morocco,1999,31.894
morocco,2000,32.921
morocco,2001,21.419
morocco,2002,16.142
morocco,2003,19.452
morocco,2004,23.395
morocco,2005,26.381
morocco,2006,31.307
morocco,2007,36.880
morocco,2008,52.308
morocco,2009,63.984
morocco,2010,93.365
morocco,2011,104.22
morocco,2012,106.82
morocco,2013,110.72
morocco,2014,116.73
morocco,2015,119.02
morocco,2016,121.68
morocco,2017,127.67
morocco,2018,130.68
morocco,2019,133.54
morocco,2020,127.31
morocco,2021,138.00
morocco,2022,150.31
mozambique,1990,42.092
mozambique,1991,40.572
mozambique,1992,36.660
mozambique,1993,28.574
mozambique,1994,33.065
mozambique,1995,28.375
mozambique,1996,32.374
mozambique,1997,36.531
mozambique,1998,44.049
mozambique,1999,41.699
mozambique,2000,39.084
mozambique,2001,43.991
mozambique,2002,33.191
mozambique,2003,36.686
mozambique,2004,38.507
mozambique,2005,35.358
mozambique,2006,42.699
mozambique,2007,46.649
mozambique,2008,45.139
mozambique,2009,46.850
mozambique,2010,51.055
mozambique,2011,56.536
mozambique,2012,63.995
mozambique,2013,68.912
mozambique,2014,84.360
mozambique,2015,102.17
mozambique,2016,123.11
mozambique,2017,144.65
mozambique,2018,161.64
mozambique,2019,155.97
mozambique,2020,137.91
mozambique,2021,143.83
mozambique,2022,157.25
myanmar,1987,6.2909
myanmar,1988,4.5987
myanmar,1989,4.8777
myanmar,1990,4.3753
myanmar,1991,3.7275
myanmar,1992,3.5903
myanmar,1993,3.3269
myanmar,1994,3.1876
myanmar,1995,3.6295
myanmar,1996,3.8541
myanmar,1997,3.8220
myanmar,1998,3.6671
myanmar,1999,3.4963
myanmar,2000,4.0684
myanmar,2001,4.4923
myanmar,2002,5.7190
myanmar,2003,6.5943
myanmar,2004,7.9177
myanmar,2005,8.9860
myanmar,2006,10.923
myanmar,2007,12.899
myanmar,2008,15.908
myanmar,2009,18.883
myanmar,2010,22.456
myanmar,2011,28.233
myanmar,2012,31.226
myanmar,2013,33.845
myanmar,2014,38.786
myanmar,2015,41.475
myanmar,2016,43.533
myanmar,2017,47.814
myanmar,2018,51.618
myanmar,2019,55.251
myanmar,2020,53.690
myanmar,2021,54.320
myanmar,2022,58.251
namibia,1991,129.33
namibia,1992,122.69
namibia,1993,103.07
namibia,1994,103.30
namibia,1995,89.691
namibia,1996,84.905
namibia,1997,86.094
namibia,1998,87.144
namibia,1999,79.458
namibia,2000,86.609
namibia,2001,98.356
namibia,2002,103.75
namibia,2003,94.212
namibia,2004,108.86
namibia,2005,107.69
namibia,2006,143.63
namibia,2007,156.04
namibia,2008,173.09
namibia,2009,142.86
namibia,2010,143.16
namibia,2011,159.13
namibia,2012,169.92
namibia,2013,154.13
namibia,2014,162.29
namibia,2015,176.66
namibia,2016,164.15
namibia,2017,150.76
namibia,2018,154.12
namibia,2019,154.09
namibia,2020,131.59
namibia,2021,124.79
namibia,2022,149.54
nepal,1993,242.65
nepal,1994,132.74
nepal,1995,93.676
nepal,1996,74.396
nepal,1997,61.759
nepal,1998,52.723
nepal,1999,46.091
nepal,2000,42.883
nepal,2001,46.760
nepal,2002,50.161
nepal,2003,54.707
nepal,2004,60.703
nepal,2005,67.308
nepal,2006,68.839
nepal,2007,70.542
nepal,2008,77.238
nepal,2009,77.840
nepal,2010,78.042
nepal,2011,79.842
nepal,2012,87.593
nepal,2013,88.810
nepal,2014,92.149
nepal,2015,92.958
nepal,2016,90.466
nepal,2017,99.322
nepal,2018,110.95
nepal,2019,117.14
nepal,2020,103.24
nepal,2021,106.77
nepal,2022,112.22
netherlands_kingdom_of_the,1991,17.291
netherlands_kingdom_of_the,1992,17.919
netherlands_kingdom_of_the,1993,18.785
netherlands_kingdom_of_the,1994,20.071
netherlands_kingdom_of_the,1995,21.891
netherlands_kingdom_of_the,1996,23.420
netherlands_kingdom_of_the,1997,21.328
netherlands_kingdom_of_the,1998,20.059
netherlands_kingdom_of_the,1999,18.836
netherlands_kingdom_of_the,2000,18.433
netherlands_kingdom_of_the,2001,17.805
netherlands_kingdom_of_the,2002,15.757
netherlands_kingdom_of_the,2003,14.272
netherlands_kingdom_of_the,2004,13.644
netherlands_kingdom_of_the,2005,13.176
netherlands_kingdom_of_the,2006,14.094
netherlands_kingdom_of_the,2007,15.037
netherlands_kingdom_of_the,2008,16.127
netherlands_kingdom_of_the,2009,14.140
netherlands_kingdom_of_the,2010,13.815
netherlands_kingdom_of_the,2011,14.362
netherlands_kingdom_of_the,2012,14.306
netherlands_kingdom_of_the,2013,15.237
netherlands_kingdom_of_the,2014,16.489
netherlands_kingdom_of_the,2015,17.828
netherlands_kingdom_of_the,2016,20.352
netherlands_kingdom_of_the,2017,21.173
netherlands_kingdom_of_the,2018,22.883
netherlands_kingdom_of_the,2019,21.639
netherlands_kingdom_of_the,2020,21.645
netherlands_kingdom_of_the,2021,24.254
netherlands_kingdom_of_the,2022,26.689
new_zealand,1985,135.16
new_zealand,1986,116.76
new_zealand,1987,104.17
new_zealand,1988,96.711
new_zealand,1989,93.170
new_zealand,1990,86.652
new_zealand,1991,80.161
new_zealand,1992,78.372
new_zealand,1993,80.688
new_zealand,1994,84.703
new_zealand,1995,83.341
new_zealand,1996,80.819
new_zealand,1997,79.618
new_zealand,1998,75.025
new_zealand,1999,77.128
new_zealand,2000,122.43
new_zealand,2001,77.213
new_zealand,2002,60.345
new_zealand,2003,47.631
new_zealand,2004,41.206
new_zealand,2005,36.580
new_zealand,2006,31.227
new_zealand,2007,30.415
new_zealand,2008,28.252
new_zealand,2009,24.742
new_zealand,2010,23.375
new_zealand,2011,23.791
new_zealand,2012,24.052
new_zealand,2013,23.808
new_zealand,2014,26.341
new_zealand,2015,27.305
new_zealand,2016,26.850
new_zealand,2017,28.871
new_zealand,2018,29.723
new_zealand,2019,30.361
new_zealand,2020,29.868
new_zealand,2021,29.583
new_zealand,2022,31.716
nicaragua,1998,42.764
nicaragua,1999,38.844
nicaragua,2000,33.422
nicaragua,2001,32.275
nicaragua,2002,28.399
nicaragua,2003,24.654
nicaragua,2004,24.115
nicaragua,2005,22.433
nicaragua,2006,23.467
nicaragua,2007,24.751
nicaragua,2008,27.000
nicaragua,2009,26.392
nicaragua,2010,32.116
nicaragua,2011,40.566
nicaragua,2012,52.241
nicaragua,2013,65.019
nicaragua,2014,79.268
nicaragua,2015,105.50
nicaragua,2016,145.89
nicaragua,2017,217.40
nicaragua,2018,402.49
nicaragua,2019,4454.0
nicaragua,2020,4657.1
nicaragua,2021,5542.1
nicaragua,2022,5539.6
niger,1988,106.69
niger,1989,90.982
niger,1990,71.646
niger,1991,60.305
niger,1992,49.944
niger,1993,41.910
niger,1994,47.149
niger,1995,38.095
niger,1996,37.590
niger,1997,36.119
niger,1998,33.247
niger,1999,28.622
niger,2000,27.911
niger,2001,27.483
niger,2002,26.558
niger,2003,27.012
niger,2004,27.371
niger,2005,26.589
niger,2006,29.559
niger,2007,33.242
niger,2008,43.959
niger,2009,52.103
niger,2010,65.512
niger,2011,81.408
niger,2012,135.53
niger,2013,86.696
niger,2014,60.704
niger,2015,60.545
niger,2016,57.893
niger,2017,58.131
niger,2018,56.086
niger,2019,59.660
niger,2020,60.787
niger,2021,63.321
niger,2022,69.980
nigeria,1987,71.882
nigeria,1988,67.273
nigeria,1989,66.349
nigeria,1990,66.981
nigeria,1991,64.126
nigeria,1992,63.427
nigeria,1993,50.423
nigeria,1994,43.632
nigeria,1995,48.005
nigeria,1996,48.191
nigeria,1997,43.946
nigeria,1998,34.617
nigeria,1999,33.787
nigeria,2000,38.946
nigeria,2001,32.205
nigeria,2002,28.819
nigeria,2003,33.416
nigeria,2004,38.272
nigeria,2005,38.861
nigeria,2006,37.548
nigeria,2007,37.828
nigeria,2008,41.012
nigeria,2009,37.907
nigeria,2010,49.070
nigeria,2011,57.631
nigeria,2012,57.422
nigeria,2013,57.776
nigeria,2014,58.656
nigeria,2015,49.045
nigeria,2016,43.404
nigeria,2017,53.897
nigeria,2018,63.343
nigeria,2019,69.049
nigeria,2020,69.502
nigeria,2021,79.851
nigeria,2022,81.116
north_macedonia,1996,3.3369
north_macedonia,1997,4.0900
north_macedonia,1998,5.1297
north_macedonia,1999,6.5318
north_macedonia,2000,9.8053
north_macedonia,2001,7.7658
north_macedonia,2002,6.6186
north_macedonia,2003,3.3044
north_macedonia,2004,2.1012
north_macedonia,2005,1.6571
north_macedonia,2006,3.0878
north_macedonia,2007,6.9599
north_macedonia,2008,7.6229
north_macedonia,2009,7.8888
north_macedonia,2010,9.8105
north_macedonia,2011,11.879
north_macedonia,2012,12.899
north_macedonia,2013,16.083
north_macedonia,2014,23.543
north_macedonia,2015,40.099
north_macedonia,2016,93.825
north_macedonia,2017,98.654
north_macedonia,2018,102.27
north_macedonia,2019,92.900
north_macedonia,2020,134.05
north_macedonia,2021,163.72
north_macedonia,2022,69.926
northern_africa,2000,27.490
northern_africa,2001,27.372
northern_africa,2002,29.576
northern_africa,2003,34.571
northern_africa,2004,40.669
northern_africa,2005,48.333
northern_africa,2006,55.154
northern_africa,2007,60.458
northern_africa,2008,68.829
northern_africa,2009,66.761
northern_africa,2010,77.280
northern_africa,2011,87.259
northern_africa,2012,120.54
northern_africa,2013,122.09
northern_africa,2014,120.79
northern_africa,2015,116.90
northern_africa,2016,108.97
northern_africa,2017,39.695
northern_africa,2018,45.116
northern_africa,2019,44.956
northern_africa,2020,39.449
northern_africa,2021,44.337
northern_africa,2022,46.071
northern_africa_and_western_asia,2000,41.064
northern_africa_and_western_asia,2001,37.793
northern_africa_and_western_asia,2002,37.004
northern_africa_and_western_asia,2003,39.486
northern_africa_and_western_asia,2004,54.849
northern_africa_and_western_asia,2005,64.352
northern_africa_and_western_asia,2006,72.503
northern_africa_and_western_asia,2007,78.864
northern_africa_and_western_asia,2008,91.337
northern_africa_and_western_asia,2009,83.122
northern_africa_and_western_asia,2010,96.197
northern_africa_and_western_asia,2011,117.10
northern_africa_and_western_asia,2012,130.35
northern_africa_and_western_asia,2013,135.67
northern_africa_and_western_asia,2014,135.37
northern_africa_and_western_asia,2015,133.05
northern_africa_and_western_asia,2016,137.43
northern_africa_and_western_asia,2017,85.082
northern_africa_and_western_asia,2018,87.534
northern_africa_and_western_asia,2019,82.815
northern_africa_and_western_asia,2020,79.259
northern_africa_and_western_asia,2021,90.152
northern_africa_and_western_asia,2022,102.11
northern_america,2000,9.5416
northern_america,2001,9.1338
northern_america,2002,8.9203
northern_america,2003,9.2055
northern_america,2004,9.6266
northern_america,2005,10.127
northern_america,2006,10.880
northern_america,2007,11.441
northern_america,2008,11.602
northern_america,2009,10.653
northern_america,2010,11.444
northern_america,2011,12.173
northern_america,2012,12.710
northern_america,2013,13.488
northern_america,2014,14.384
northern_america,2015,14.509
northern_america,2016,14.286
northern_america,2017,14.691
northern_america,2018,15.390
northern_america,2019,15.381
northern_america,2020,14.324
northern_america,2021,15.346
northern_america,2022,16.195
norway,1996,83.254
norway,1997,93.234
norway,1998,87.077
norway,1999,101.83
norway,2000,125.97
norway,2001,116.03
norway,2002,103.65
norway,2003,99.386
norway,2004,104.42
norway,2005,110.33
norway,2006,113.99
norway,2007,103.24
norway,2008,119.70
norway,2009,106.25
norway,2010,107.95
norway,2011,117.96
norway,2012,121.16
norway,2013,118.65
norway,2014,115.60
norway,2015,106.44
norway,2016,95.346
norway,2017,104.73
norway,2018,112.83
norway,2019,103.09
norway,2020,93.254
norway,2021,129.82
norway,2022,181.38
oceania,2000,613.58
oceania,2001,76.622
oceania,2002,76.155
oceania,2003,74.641
oceania,2004,75.608
oceania,2005,77.027
oceania,2006,75.809
oceania,2007,75.751
oceania,2008,78.005
oceania,2009,70.602
oceania,2010,75.775
oceania,2011,74.708
oceania,2012,72.854
oceania,2013,79.183
oceania,2014,73.784
oceania,2015,70.235
oceania,2016,62.973
oceania,2017,80.719
oceania,2018,81.870
oceania,2019,86.871
oceania,2020,83.695
oceania,2021,90.035
oceania,2022,94.939
oceania_excluding_australia_and_new_zealand,2000,47.573
oceania_excluding_australia_and_new_zealand,2001,42.099
oceania_excluding_australia_and_new_zealand,2002,38.393
oceania_excluding_australia_and_new_zealand,2003,39.210
oceania_excluding_australia_and_new_zealand,2004,39.368
oceania_excluding_australia_and_new_zealand,2005,39.374
oceania_excluding_australia_and_new_zealand,2006,43.556
oceania_excluding_australia_and_new_zealand,2007,47.029
oceania_excluding_australia_and_new_zealand,2008,44.003
oceania_excluding_australia_and_new_zealand,2009,41.418
oceania_excluding_australia_and_new_zealand,2010,49.461
oceania_excluding_australia_and_new_zealand,2011,48.335
oceania_excluding_australia_and_new_zealand,2012,44.740
oceania_excluding_australia_and_new_zealand,2013,44.350
oceania_excluding_australia_and_new_zealand,2014,55.837
oceania_excluding_australia_and_new_zealand,2015,60.311
oceania_excluding_australia_and_new_zealand,2016,61.851
oceania_excluding_australia_and_new_zealand,2017,66.649
oceania_excluding_australia_and_new_zealand,2018,67.351
oceania_excluding_australia_and_new_zealand,2019,69.361
oceania_excluding_australia_and_new_zealand,2020,61.643
oceania_excluding_australia_and_new_zealand,2021,62.344
oceania_excluding_australia_and_new_zealand,2022,74.405
oman,1991,737.83
oman,1992,745.61
oman,1993,700.60
oman,1994,686.16
oman,1995,715.37
oman,1996,752.65
oman,1997,770.04
oman,1998,643.33
oman,1999,695.71
oman,2000,822.97
oman,2001,927.99
oman,2002,1061.4
oman,2003,1228.0
oman,2004,790.75
oman,2005,665.66
oman,2006,551.57
oman,2007,455.88
oman,2008,468.56
oman,2009,386.29
oman,2010,385.80
oman,2011,384.92
oman,2012,376.20
oman,2013,345.68
oman,2014,265.75
oman,2015,195.56
oman,2016,157.16
oman,2017,164.17
oman,2018,182.24
oman,2019,171.51
oman,2020,149.71
oman,2021,166.68
oman,2022,171.02
pakistan,1975,4.2392
pakistan,1976,4.3101
pakistan,1977,4.3968
pakistan,1978,4.4330
pakistan,1979,4.5867
pakistan,1980,5.1363
pakistan,1981,4.2301
pakistan,1982,4.3782
pakistan,1983,4.4859
pakistan,1984,4.6768
pakistan,1985,4.9829
pakistan,1986,5.5347
pakistan,1987,5.8664
pakistan,1988,6.1868
pakistan,1989,6.1247
pakistan,1990,6.4653
pakistan,1991,6.5717
pakistan,1992,6.5992
pakistan,1993,6.3901
pakistan,1994,6.3648
pakistan,1995,6.0992
pakistan,1996,6.2722
pakistan,1997,6.0077
pakistan,1998,6.0417
pakistan,1999,5.8703
pakistan,2000,6.0010
pakistan,2001,7.0601
pakistan,2002,7.9239
pakistan,2003,9.3739
pakistan,2004,12.362
pakistan,2005,15.245
pakistan,2006,18.827
pakistan,2007,23.724
pakistan,2008,31.106
pakistan,2009,28.663
pakistan,2010,29.721
pakistan,2011,30.674
pakistan,2012,33.504
pakistan,2013,34.336
pakistan,2014,35.986
pakistan,2015,35.948
pakistan,2016,36.404
pakistan,2017,38.265
pakistan,2018,42.831
pakistan,2019,46.107
pakistan,2020,42.237
pakistan,2021,45.055
pakistan,2022,51.829
palestine,2000,90.445
palestine,2001,72.835
palestine,2002,41.662
palestine,2003,51.814
palestine,2004,46.539
palestine,2005,51.296
palestine,2006,45.823
palestine,2007,48.810
palestine,2008,55.088
palestine,2009,63.515
palestine,2010,78.650
palestine,2011,90.689
palestine,2012,97.611
palestine,2013,90.734
palestine,2014,91.940
palestine,2015,79.562
palestine,2016,93.008
palestine,2017,83.326
palestine,2018,87.622
palestine,2019,79.818
palestine,2020,63.760
palestine,2021,63.164
palestine,2022,69.547
panama,2000,203.96
panama,2001,171.51
panama,2002,152.26
panama,2003,162.53
panama,2004,165.91
panama,2005,162.22
panama,2006,198.98
panama,2007,304.88
panama,2008,424.61
panama,2009,499.68
panama,2010,625.12
panama,2011,731.65
panama,2012,934.68
panama,2013,1253.2
panama,2014,1931.8
panama,2015,2158.5
panama,2016,2403.3
panama,2017,2616.4
panama,2018,2719.7
panama,2019,2821.9
panama,2020,1836.4
panama,2021,2447.5
panama,2022,2723.0
papua_new_guinea,1987,70.213
papua_new_guinea,1988,59.963
papua_new_guinea,1989,36.555
papua_new_guinea,1990,32.473
papua_new_guinea,1991,35.173
papua_new_guinea,1992,44.010
papua_new_guinea,1993,46.391
papua_new_guinea,1994,36.292
papua_new_guinea,1995,30.782
papua_new_guinea,1996,32.024
papua_new_guinea,1997,22.527
papua_new_guinea,1998,23.570
papua_new_guinea,1999,26.796
papua_new_guinea,2000,28.353
papua_new_guinea,2001,24.968
papua_new_guinea,2002,21.723
papua_new_guinea,2003,22.765
papua_new_guinea,2004,22.686
papua_new_guinea,2005,23.946
papua_new_guinea,2006,26.520
papua_new_guinea,2007,27.912
papua_new_guinea,2008,27.693
papua_new_guinea,2009,25.385
papua_new_guinea,2010,31.412
papua_new_guinea,2011,29.906
papua_new_guinea,2012,27.356
papua_new_guinea,2013,27.194
papua_new_guinea,2014,38.574
papua_new_guinea,2015,43.762
papua_new_guinea,2016,46.086
papua_new_guinea,2017,50.055
papua_new_guinea,2018,50.720
papua_new_guinea,2019,52.661
papua_new_guinea,2020,45.642
papua_new_guinea,2021,46.858
papua_new_guinea,2022,58.875
paraguay,1987,153.00
paraguay,1988,159.89
paraguay,1989,170.22
paraguay,1990,172.14
paraguay,1991,169.73
paraguay,1992,170.39
paraguay,1993,169.79
paraguay,1994,164.60
paraguay,1995,171.09
paraguay,1996,166.74
paraguay,1997,161.44
paraguay,1998,159.25
paraguay,1999,160.62
paraguay,2000,146.46
paraguay,2001,110.94
paraguay,2002,80.651
paraguay,2003,70.827
paraguay,2004,61.113
paraguay,2005,52.775
paraguay,2006,49.377
paraguay,2007,46.021
paraguay,2008,44.903
paraguay,2009,44.603
paraguay,2010,47.272
paraguay,2011,48.958
paraguay,2012,49.159
paraguay,2013,52.671
paraguay,2014,57.503
paraguay,2015,60.679
paraguay,2016,63.127
paraguay,2017,66.973
paraguay,2018,67.046
paraguay,2019,66.957
paraguay,2020,68.375
paraguay,2021,74.883
paraguay,2022,73.387
peru,2008,163.81
peru,2009,72.866
peru,2010,55.884
peru,2011,46.252
peru,2012,37.201
peru,2013,31.082
peru,2014,25.262
peru,2015,21.590
peru,2016,19.839
peru,2017,18.818
peru,2018,17.941
peru,2019,17.051
peru,2020,14.983
peru,2021,44.524
peru,2022,42.454
philippines,1995,16.786
philippines,1996,16.860
philippines,1997,16.808
philippines,1998,15.462
philippines,1999,14.681
philippines,2000,15.394
philippines,2001,12.413
philippines,2002,10.688
philippines,2003,9.5400
philippines,2004,8.6147
philippines,2005,8.0550
philippines,2006,7.5534
philippines,2007,8.0657
philippines,2008,7.4982
philippines,2009,7.2864
philippines,2010,7.9839
philippines,2011,7.4297
philippines,2012,7.8548
philippines,2013,8.2132
philippines,2014,8.8997
philippines,2015,8.4250
philippines,2016,8.4592
philippines,2017,5.9732
philippines,2018,6.3459
philippines,2019,10.961
philippines,2020,8.4274
philippines,2021,8.1181
philippines,2022,7.7105
poland,1992,7.2225
poland,1993,6.9074
poland,1994,6.1018
poland,1995,6.9768
poland,1996,7.0783
poland,1997,7.3655
poland,1998,7.7823
poland,1999,7.9343
poland,2000,7.9524
poland,2001,7.6121
poland,2002,7.5700
poland,2003,8.1730
poland,2004,9.3300
poland,2005,9.7681
poland,2006,10.631
poland,2007,11.586
poland,2008,12.342
poland,2009,13.233
poland,2010,13.716
poland,2011,15.001
poland,2012,14.980
poland,2013,14.064
poland,2014,15.527
poland,2015,17.285
poland,2016,17.597
poland,2017,18.470
poland,2018,21.117
poland,2019,22.685
poland,2020,23.242
poland,2021,23.032
poland,2022,24.606
portugal,1991,10.647
portugal,1992,11.452
portugal,1993,11.934
portugal,1994,13.580
portugal,1995,16.155
portugal,1996,19.167
portugal,1997,23.083
portugal,1998,27.381
portugal,1999,27.665
portugal,2000,28.062
portugal,2001,27.920
portugal,2002,26.932
portugal,2003,24.974
portugal,2004,24.588
portugal,2005,23.675
portugal,2006,23.367
portugal,2007,23.593
portugal,2008,22.857
portugal,2009,20.644
portugal,2010,20.867
portugal,2011,19.575
portugal,2012,18.043
portugal,2013,17.497
portugal,2014,17.339
portugal,2015,17.740
portugal,2016,17.883
portugal,2017,18.584
portugal,2018,19.159
portugal,2019,19.361
portugal,2020,18.305
portugal,2021,19.557
portugal,2022,20.449
puerto_rico,1990,8.5788
puerto_rico,1991,8.8011
puerto_rico,1992,9.6757
puerto_rico,1993,10.457
puerto_rico,1994,11.119
puerto_rico,1995,11.694
puerto_rico,1996,11.800
puerto_rico,1997,12.419
puerto_rico,1998,14.075
puerto_rico,1999,14.352
puerto_rico,2000,14.638
puerto_rico,2001,16.291
puerto_rico,2002,16.763
puerto_rico,2003,16.529
puerto_rico,2004,16.767
puerto_rico,2005,16.092
puerto_rico,2006,15.726
puerto_rico,2007,15.515
puerto_rico,2008,15.548
puerto_rico,2009,16.030
puerto_rico,2010,16.514
puerto_rico,2011,16.977
puerto_rico,2012,17.799
puerto_rico,2013,18.812
puerto_rico,2014,19.824
puerto_rico,2015,21.376
puerto_rico,2016,21.275
puerto_rico,2017,20.174
puerto_rico,2018,19.522
puerto_rico,2019,19.848
puerto_rico,2020,19.034
puerto_rico,2021,18.352
puerto_rico,2022,17.898
qatar,1994,1169.8
qatar,1995,1136.2
qatar,1996,1105.8
qatar,1997,1428.2
qatar,1998,1274.9
qatar,1999,1419.6
qatar,2000,1731.3
qatar,2001,1935.3
qatar,2002,2342.5
qatar,2003,2784.8
qatar,2004,3659.6
qatar,2005,4715.0
qatar,2006,4625.7
qatar,2007,4695.9
qatar,2008,5306.2
qatar,2009,4541.0
qatar,2010,5294.2
qatar,2011,5879.1
qatar,2012,5720.6
qatar,2013,5455.2
qatar,2014,1253.7
qatar,2015,801.57
qatar,2016,604.64
qatar,2017,2681.8
qatar,2018,2776.1
qatar,2019,2139.6
qatar,2020,1870.0
qatar,2021,2469.3
qatar,2022,2776.4
republic_of_korea,1990,68.849
republic_of_korea,1991,71.482
republic_of_korea,1992,67.390
republic_of_korea,1993,67.595
republic_of_korea,1994,68.823
republic_of_korea,1995,71.406
republic_of_korea,1996,70.421
republic_of_korea,1997,70.417
republic_of_korea,1998,61.462
republic_of_korea,1999,62.846
republic_of_korea,2000,64.408
republic_of_korea,2001,60.941
republic_of_korea,2002,61.416
republic_of_korea,2003,63.986
republic_of_korea,2004,71.284
republic_of_korea,2005,73.147
republic_of_korea,2006,75.458
republic_of_korea,2007,79.988
republic_of_korea,2008,81.696
republic_of_korea,2009,82.649
republic_of_korea,2010,91.163
republic_of_korea,2011,96.139
republic_of_korea,2012,97.449
republic_of_korea,2013,100.78
republic_of_korea,2014,101.88
republic_of_korea,2015,104.27
republic_of_korea,2016,107.60
republic_of_korea,2017,113.95
republic_of_korea,2018,115.84
republic_of_korea,2019,113.23
republic_of_korea,2020,110.90
republic_of_korea,2021,117.18
republic_of_korea,2022,120.80
republic_of_moldova,1992,2.3914
republic_of_moldova,1993,2.8106
republic_of_moldova,1994,1.7658
republic_of_moldova,1995,1.3659
republic_of_moldova,1996,1.2255
republic_of_moldova,1997,1.2013
republic_of_moldova,1998,0.81282
republic_of_moldova,1999,0.75679
republic_of_moldova,2000,0.75982
republic_of_moldova,2001,0.91987
republic_of_moldova,2002,0.96312
republic_of_moldova,2003,1.0799
republic_of_moldova,2004,1.1958
republic_of_moldova,2005,1.2355
republic_of_moldova,2006,1.3684
republic_of_moldova,2007,1.5278
republic_of_moldova,2008,1.6788
republic_of_moldova,2009,1.3493
republic_of_moldova,2010,1.4612
republic_of_moldova,2011,1.6467
republic_of_moldova,2012,1.7360
republic_of_moldova,2013,2.0126
republic_of_moldova,2014,2.2089
republic_of_moldova,2015,2.1392
republic_of_moldova,2016,2.2337
republic_of_moldova,2017,2.5819
republic_of_moldova,2018,2.8889
republic_of_moldova,2019,2.9986
republic_of_moldova,2020,2.9569
republic_of_moldova,2021,2.9583
republic_of_moldova,2022,2.6932
romania,1970,5.0209
romania,1971,5.0245
romania,1972,5.1984
romania,1973,5.4506
romania,1974,5.5450
romania,1975,6.0031
romania,1976,5.9321
romania,1977,6.1357
romania,1978,6.0427
romania,1979,6.0761
romania,1980,5.6132
romania,1981,5.2656
romania,1982,5.2214
romania,1983,5.8585
romania,1984,6.3300
romania,1985,6.3363
romania,1986,6.6952
romania,1987,6.8192
romania,1988,6.7020
romania,1989,6.1623
romania,1990,5.2685
romania,1991,4.0066
romania,1992,3.6114
romania,1993,3.4260
romania,1994,4.0775
romania,1995,4.2403
romania,1996,4.8097
romania,1997,4.4637
romania,1998,3.9395
romania,1999,3.7115
romania,2000,4.1809
romania,2001,5.2772
romania,2002,5.5050
romania,2003,6.0411
romania,2004,7.5257
romania,2005,9.1750
romania,2006,11.844
romania,2007,11.367
romania,2008,11.680
romania,2009,12.791
romania,2010,11.491
romania,2011,12.333
romania,2012,11.589
romania,2013,10.842
romania,2014,11.862
romania,2015,11.529
romania,2016,12.029
romania,2017,12.114
romania,2018,13.784
romania,2019,12.573
romania,2020,12.085
romania,2021,12.239
romania,2022,15.344
russian_federation,1994,6.3366
russian_federation,1995,5.3496
russian_federation,1996,5.4625
russian_federation,1997,5.5387
russian_federation,1998,5.3018
russian_federation,1999,5.6810
russian_federation,2000,6.5095
russian_federation,2001,6.6343
russian_federation,2002,5.7038
russian_federation,2003,6.0433
russian_federation,2004,7.3150
russian_federation,2005,8.1851
russian_federation,2006,8.6948
russian_federation,2007,9.3681
russian_federation,2008,9.7828
russian_federation,2009,8.2660
russian_federation,2010,9.0293
russian_federation,2011,9.2688
russian_federation,2012,9.6814
russian_federation,2013,9.5736
russian_federation,2014,10.038
russian_federation,2015,12.806
russian_federation,2016,12.639
russian_federation,2017,13.668
russian_federation,2018,14.416
russian_federation,2019,14.571
russian_federation,2020,13.228
russian_federation,2021,14.794
russian_federation,2022,14.910
rwanda,1987,20.304
rwanda,1988,19.729
rwanda,1989,19.599
rwanda,1990,29.515
rwanda,1991,26.068
rwanda,1992,28.629
rwanda,1993,25.448
rwanda,1994,12.540
rwanda,1995,12.919
rwanda,1996,17.840
rwanda,1997,22.459
rwanda,1998,25.864
rwanda,1999,30.932
rwanda,2000,31.642
rwanda,2001,30.309
rwanda,2002,30.758
rwanda,2003,26.510
rwanda,2004,27.429
rwanda,2005,27.039
rwanda,2006,32.742
rwanda,2007,36.541
rwanda,2008,43.634
rwanda,2009,46.529
rwanda,2010,54.251
rwanda,2011,68.675
rwanda,2012,78.337
rwanda,2013,82.847
rwanda,2014,92.861
rwanda,2015,105.52
rwanda,2016,112.33
rwanda,2017,128.89
rwanda,2018,150.84
rwanda,2019,193.25
rwanda,2020,184.21
rwanda,2021,226.30
rwanda,2022,262.61
saint_vincent_and_the_grenadines,2013,43229
saint_vincent_and_the_grenadines,2014,42005
saint_vincent_and_the_grenadines,2015,44864
saint_vincent_and_the_grenadines,2016,46172
saint_vincent_and_the_grenadines,2017,47891
saint_vincent_and_the_grenadines,2018,48611
saint_vincent_and_the_grenadines,2019,44081
saint_vincent_and_the_grenadines,2020,39400
saint_vincent_and_the_grenadines,2021,42122
saint_vincent_and_the_grenadines,2022,48183
sao_tome_and_principe,2016,75.722
sao_tome_and_principe,2017,80.002
sao_tome_and_principe,2018,70.867
sao_tome_and_principe,2019,68.696
sao_tome_and_principe,2020,70.127
sao_tome_and_principe,2021,73.240
sao_tome_and_principe,2022,72.337
saudi_arabia,1992,868.01
saudi_arabia,1993,743.57
saudi_arabia,1994,702.01
saudi_arabia,1995,687.50
saudi_arabia,1996,715.87
saudi_arabia,1997,670.21
saudi_arabia,1998,558.21
saudi_arabia,1999,563.16
saudi_arabia,2000,654.38
saudi_arabia,2001,479.70
saudi_arabia,2002,385.55
saudi_arabia,2003,388.07
saudi_arabia,2004,384.33
saudi_arabia,2005,408.31
saudi_arabia,2006,396.06
saudi_arabia,2007,392.79
saudi_arabia,2008,431.79
saudi_arabia,2009,334.21
saudi_arabia,2010,363.23
saudi_arabia,2011,428.71
saudi_arabia,2012,432.95
saudi_arabia,2013,402.22
saudi_arabia,2014,381.21
saudi_arabia,2015,295.80
saudi_arabia,2016,276.76
saudi_arabia,2017,297.88
saudi_arabia,2018,239.88
saudi_arabia,2019,226.06
saudi_arabia,2020,183.57
saudi_arabia,2021,218.70
saudi_arabia,2022,286.29
senegal,1987,42.088
senegal,1988,44.789
senegal,1989,43.173
senegal,1990,42.589
senegal,1991,39.778
senegal,1992,39.506
senegal,1993,38.508
senegal,1994,42.857
senegal,1995,41.059
senegal,1996,40.412
senegal,1997,37.094
senegal,1998,37.141
senegal,1999,38.437
senegal,2000,39.969
senegal,2001,42.607
senegal,2002,44.891
senegal,2003,49.105
senegal,2004,57.135
senegal,2005,60.461
senegal,2006,66.314
senegal,2007,75.230
senegal,2008,79.846
senegal,2009,90.970
senegal,2010,104.59
senegal,2011,132.16
senegal,2012,160.57
senegal,2013,211.95
senegal,2014,274.78
senegal,2015,422.64
senegal,2016,739.50
senegal,2017,2490.3
senegal,2018,3304.9
senegal,2019,3430.9
senegal,2020,3410.9
senegal,2021,3798.1
senegal,2022,3766.9
serbia,2012,2.7755
serbia,2013,2.9956
serbia,2014,2.9751
serbia,2015,2.4784
serbia,2016,2.4827
serbia,2017,2.2001
serbia,2018,2.1879
serbia,2019,2.2931
serbia,2020,2.3319
serbia,2021,2.7547
serbia,2022,2.7273
seychelles,1989,24.520
seychelles,1990,27.982
seychelles,1991,31.847
seychelles,1992,47.291
seychelles,1993,51.438
seychelles,1994,50.712
seychelles,1995,54.345
seychelles,1996,54.528
seychelles,1997,76.413
seychelles,1998,92.392
seychelles,1999,103.26
seychelles,2000,106.29
seychelles,2001,60.414
seychelles,2002,47.364
seychelles,2003,31.193
seychelles,2004,27.147
seychelles,2005,33.046
seychelles,2006,34.932
seychelles,2007,40.422
seychelles,2008,40.890
seychelles,2009,37.424
seychelles,2010,40.902
seychelles,2011,50.839
seychelles,2012,49.101
seychelles,2013,42.556
seychelles,2014,45.870
seychelles,2015,43.346
seychelles,2016,47.159
seychelles,2017,42.942
seychelles,2018,46.794
seychelles,2019,49.074
seychelles,2020,54.820
seychelles,2021,45.391
seychelles,2022,41.892
sierra_leone,1987,31.488
sierra_leone,1988,26.090
sierra_leone,1989,23.809
sierra_leone,1990,11.511
sierra_leone,1991,9.6190
sierra_leone,1992,7.8923
sierra_leone,1993,7.1559
sierra_leone,1994,6.9497
sierra_leone,1995,5.6763
sierra_leone,1996,4.0704
sierra_leone,1997,3.2683
sierra_leone,1998,2.9332
sierra_leone,1999,2.5753
sierra_leone,2000,2.5939
sierra_leone,2001,2.6074
sierra_leone,2002,3.5310
sierra_leone,2003,4.4135
sierra_leone,2004,5.3662
sierra_leone,2005,5.2314
sierra_leone,2006,4.9965
sierra_leone,2007,5.0666
sierra_leone,2008,4.3591
sierra_leone,2009,3.7463
sierra_leone,2010,4.6981
sierra_leone,2011,5.0546
sierra_leone,2012,10.911
sierra_leone,2013,19.356
sierra_leone,2014,14.854
sierra_leone,2015,3.2262
sierra_leone,2016,5.3301
sierra_leone,2017,4.1658
sierra_leone,2018,4.4567
sierra_leone,2019,4.9062
sierra_leone,2020,4.5006
sierra_leone,2021,5.3333
sierra_leone,2022,6.1131
singapore,1975,67.777
singapore,1976,54.553
singapore,1977,45.627
singapore,1978,39.925
singapore,1979,39.271
singapore,1980,39.665
singapore,1981,39.060
singapore,1982,36.012
singapore,1983,36.600
singapore,1984,37.230
singapore,1985,30.895
singapore,1986,29.290
singapore,1987,30.282
singapore,1988,32.509
singapore,1989,32.470
singapore,1990,32.358
singapore,1991,34.819
singapore,1992,34.934
singapore,1993,36.863
singapore,1994,38.079
singapore,1995,39.267
singapore,1996,40.397
singapore,1997,41.127
singapore,1998,39.839
singapore,1999,39.057
singapore,2000,43.556
singapore,2001,37.764
singapore,2002,38.322
singapore,2003,37.834
singapore,2004,42.556
singapore,2005,43.666
singapore,2006,50.314
singapore,2007,54.347
singapore,2008,56.323
singapore,2009,63.683
singapore,2010,79.899
singapore,2011,90.468
singapore,2012,107.22
singapore,2013,123.34
singapore,2014,159.72
singapore,2015,208.25
singapore,2016,206.73
singapore,2017,221.73
singapore,2018,250.12
singapore,2019,236.96
singapore,2020,220.37
singapore,2021,341.52
singapore,2022,540.22
slovakia,1993,8.4410
slovakia,1994,10.331
slovakia,1995,13.024
slovakia,1996,14.008
slovakia,1997,14.045
slovakia,1998,16.269
slovakia,1999,16.620
slovakia,2000,19.806
slovakia,2001,21.470
slovakia,2002,21.310
slovakia,2003,23.991
slovakia,2004,27.885
slovakia,2005,32.653
slovakia,2006,45.262
slovakia,2007,66.349
slovakia,2008,75.405
slovakia,2009,68.454
slovakia,2010,81.863
slovakia,2011,85.003
slovakia,2012,65.672
slovakia,2013,110.38
slovakia,2014,97.124
slovakia,2015,103.22
slovakia,2016,103.23
slovakia,2017,103.62
slovakia,2018,107.74
slovakia,2019,108.79
slovakia,2020,100.58
slovakia,2021,110.68
slovakia,2022,120.71
slovenia,2002,13.245
slovenia,2003,13.492
slovenia,2004,13.634
slovenia,2005,13.582
slovenia,2006,14.489
slovenia,2007,15.822
slovenia,2008,15.719
slovenia,2009,13.061
slovenia,2010,12.799
slovenia,2011,13.148
slovenia,2012,13.098
slovenia,2013,9.9878
slovenia,2014,12.863
slovenia,2015,14.722
slovenia,2016,15.383
slovenia,2017,15.710
slovenia,2018,15.840
slovenia,2019,17.055
slovenia,2020,15.173
slovenia,2021,17.712
slovenia,2022,21.709
small_island_developing_states,2000,23.909
small_island_developing_states,2001,23.334
small_island_developing_states,2002,23.659
small_island_developing_states,2003,23.811
small_island_developing_states,2004,25.071
small_island_developing_states,2005,25.423
small_island_developing_states,2006,26.533
small_island_developing_states,2007,26.519
small_island_developing_states,2008,26.145
small_island_developing_states,2009,25.582
small_island_developing_states,2010,27.089
small_island_developing_states,2011,27.786
small_island_developing_states,2012,28.777
small_island_developing_states,2013,29.452
small_island_developing_states,2014,31.349
small_island_developing_states,2015,36.113
small_island_developing_states,2016,32.436
small_island_developing_states,2017,35.078
small_island_developing_states,2018,39.019
small_island_developing_states,2019,40.690
small_island_developing_states,2020,39.779
small_island_developing_states,2021,44.100
small_island_developing_states,2022,47.873
somalia,2001,216.80
somalia,2002,115.46
somalia,2003,82.668
somalia,2004,89.089
somalia,2005,94.670
somalia,2006,101.06
somalia,2007,108.18
somalia,2008,115.34
somalia,2009,123.30
somalia,2010,131.75
somalia,2011,140.69
somalia,2012,150.30
somalia,2013,146.65
somalia,2014,169.55
somalia,2015,209.25
somalia,2016,245.32
somalia,2017,267.54
somalia,2018,275.88
somalia,2019,286.05
somalia,2020,278.50
somalia,2021,287.82
somalia,2022,294.85
south_africa,1990,38.200
south_africa,1991,40.403
south_africa,1992,41.328
south_africa,1993,43.322
south_africa,1994,46.184
south_africa,1995,50.361
south_africa,1996,51.205
south_africa,1997,51.943
south_africa,1998,51.597
south_africa,1999,51.717
south_africa,2000,55.802
south_africa,2001,55.945
south_africa,2002,55.735
south_africa,2003,52.319
south_africa,2004,51.583
south_africa,2005,51.999
south_africa,2006,50.678
south_africa,2007,52.762
south_africa,2008,56.286
south_africa,2009,50.435
south_africa,2010,48.986
south_africa,2011,47.456
south_africa,2012,45.861
south_africa,2013,45.820
south_africa,2014,28.571
south_africa,2015,20.415
south_africa,2016,18.715
south_africa,2017,18.021
south_africa,2018,18.370
south_africa,2019,17.699
south_africa,2020,16.956
south_africa,2021,18.567
south_africa,2022,17.000
south_sudan,2012,8.9880
south_sudan,2013,11.111
south_sudan,2014,13.540
south_sudan,2015,11.460
south_sudan,2016,10.840
south_sudan,2017,11.756
south_sudan,2018,13.010
south_sudan,2019,14.174
south_sudan,2020,10.186
south_sudan,2021,13.918
south_sudan,2022,16.490
south_eastern_asia,2000,22.534
south_eastern_asia,2001,18.555
south_eastern_asia,2002,16.165
south_eastern_asia,2003,14.829
south_eastern_asia,2004,14.065
south_eastern_asia,2005,13.505
south_eastern_asia,2006,14.715
south_eastern_asia,2007,16.142
south_eastern_asia,2008,17.314
south_eastern_asia,2009,18.003
south_eastern_asia,2010,20.020
south_eastern_asia,2011,21.499
south_eastern_asia,2012,23.747
south_eastern_asia,2013,25.557
south_eastern_asia,2014,28.010
south_eastern_asia,2015,28.963
south_eastern_asia,2016,30.618
south_eastern_asia,2017,27.248
south_eastern_asia,2018,28.912
south_eastern_asia,2019,36.382
south_eastern_asia,2020,33.283
south_eastern_asia,2021,34.510
south_eastern_asia,2022,35.431
southern_asia,2000,21.607
southern_asia,2001,21.447
southern_asia,2002,23.116
southern_asia,2003,24.005
southern_asia,2004,26.751
southern_asia,2005,28.567
southern_asia,2006,30.588
southern_asia,2007,32.401
southern_asia,2008,32.925
southern_asia,2009,32.559
southern_asia,2010,33.920
southern_asia,2011,35.207
southern_asia,2012,35.294
southern_asia,2013,36.252
southern_asia,2014,37.313
southern_asia,2015,37.533
southern_asia,2016,40.513
southern_asia,2017,43.093
southern_asia,2018,45.826
southern_asia,2019,44.205
southern_asia,2020,41.813
southern_asia,2021,47.058
southern_asia,2022,49.350
spain,1986,14.757
spain,1987,17.050
spain,1988,20.027
spain,1989,24.067
spain,1990,28.557
spain,1991,33.556
spain,1992,31.695
spain,1993,29.668
spain,1994,29.626
spain,1995,30.606
spain,1996,30.795
spain,1997,31.961
spain,1998,32.391
spain,1999,33.184
spain,2000,34.388
spain,2001,35.491
spain,2002,35.513
spain,2003,35.928
spain,2004,36.100
spain,2005,37.353
spain,2006,41.372
spain,2007,44.917
spain,2008,43.109
spain,2009,38.589
spain,2010,34.735
spain,2011,33.098
spain,2012,30.558
spain,2013,29.207
spain,2014,30.231
spain,2015,32.855
spain,2016,34.509
spain,2017,38.186
spain,2018,37.678
spain,2019,39.769
spain,2020,35.621
spain,2021,38.229
spain,2022,40.436
sri_lanka,1990,25.380
sri_lanka,1991,22.050
sri_lanka,1992,20.142
sri_lanka,1993,19.335
sri_lanka,1994,18.656
sri_lanka,1995,18.319
sri_lanka,1996,17.495
sri_lanka,1997,17.556
sri_lanka,1998,16.703
sri_lanka,1999,16.286
sri_lanka,2000,16.656
sri_lanka,2001,14.737
sri_lanka,2002,14.180
sri_lanka,2003,13.820
sri_lanka,2004,13.489
sri_lanka,2005,13.952
sri_lanka,2006,14.558
sri_lanka,2007,15.466
sri_lanka,2008,16.846
sri_lanka,2009,18.132
sri_lanka,2010,19.508
sri_lanka,2011,22.603
sri_lanka,2012,26.617
sri_lanka,2013,26.735
sri_lanka,2014,28.951
sri_lanka,2015,28.615
sri_lanka,2016,31.362
sri_lanka,2017,34.534
sri_lanka,2018,33.941
sri_lanka,2019,33.086
sri_lanka,2020,30.234
sri_lanka,2021,33.408
sri_lanka,2022,31.323
sub_saharan_africa,2000,40.956
sub_saharan_africa,2001,38.798
sub_saharan_africa,2002,37.817
sub_saharan_africa,2003,38.789
sub_saharan_africa,2004,41.877
sub_saharan_africa,2005,44.241
sub_saharan_africa,2006,45.120
sub_saharan_africa,2007,47.043
sub_saharan_africa,2008,51.275
sub_saharan_africa,2009,47.108
sub_saharan_africa,2010,54.503
sub_saharan_africa,2011,61.479
sub_saharan_africa,2012,62.359
sub_saharan_africa,2013,64.220
sub_saharan_africa,2014,56.776
sub_saharan_africa,2015,47.491
sub_saharan_africa,2016,44.109
sub_saharan_africa,2017,46.944
sub_saharan_africa,2018,51.885
sub_saharan_africa,2019,53.254
sub_saharan_africa,2020,52.218
sub_saharan_africa,2021,57.390
sub_saharan_africa,2022,56.857
sudan,2012,163.32
sudan,2013,205.86
sudan,2014,188.25
sudan,2015,178.59
sudan,2016,208.56
sudan,2017,210.27
sudan,2018,293.43
sudan,2019,269.22
sudan,2020,252.28
sudan,2021,261.06
sudan,2022,248.05
suriname,1987,20.845
suriname,1988,23.914
suriname,1989,26.241
suriname,1990,26.054
suriname,1991,23.539
suriname,1992,23.904
suriname,1993,20.535
suriname,1994,30.063
suriname,1995,31.197
suriname,1996,27.423
suriname,1997,28.713
suriname,1998,26.099
suriname,1999,27.612
suriname,2000,35.738
suriname,2001,17.971
suriname,2002,13.384
suriname,2003,10.317
suriname,2004,10.675
suriname,2005,10.196
suriname,2006,9.8001
suriname,2007,10.240
suriname,2008,11.847
suriname,2009,10.639
suriname,2010,11.818
suriname,2011,12.955
suriname,2012,13.771
suriname,2013,13.163
suriname,2014,12.498
suriname,2015,9.5854
suriname,2016,8.8991
suriname,2017,13.179
suriname,2018,13.047
suriname,2019,12.398
suriname,2020,11.383
suriname,2021,11.540
suriname,2022,14.037
sweden,1970,19.213
sweden,1971,18.912
sweden,1972,18.763
sweden,1973,19.966
sweden,1974,22.308
sweden,1975,22.264
sweden,1976,21.663
sweden,1977,19.683
sweden,1978,18.906
sweden,1979,19.962
sweden,1980,21.581
sweden,1981,21.885
sweden,1982,23.506
sweden,1983,25.698
sweden,1984,29.785
sweden,1985,32.763
sweden,1986,34.371
sweden,1987,36.824
sweden,1988,39.376
sweden,1989,42.156
sweden,1990,40.133
sweden,1991,36.606
sweden,1992,34.337
sweden,1993,34.179
sweden,1994,38.685
sweden,1995,45.143
sweden,1996,46.208
sweden,1997,49.685
sweden,1998,52.666
sweden,1999,54.597
sweden,2000,58.358
sweden,2001,57.550
sweden,2002,57.764
sweden,2003,57.501
sweden,2004,58.677
sweden,2005,59.697
sweden,2006,63.729
sweden,2007,66.700
sweden,2008,61.777
sweden,2009,52.807
sweden,2010,58.782
sweden,2011,63.027
sweden,2012,62.553
sweden,2013,62.592
sweden,2014,65.715
sweden,2015,73.183
sweden,2016,74.253
sweden,2017,78.860
sweden,2018,81.492
sweden,2019,82.704
sweden,2020,80.708
sweden,2021,89.463
sweden,2022,93.277
switzerland,2012,231.78
switzerland,2013,236.66
switzerland,2014,239.84
switzerland,2015,241.17
switzerland,2016,246.78
switzerland,2017,252.34
switzerland,2018,259.78
switzerland,2019,265.91
switzerland,2020,260.63
switzerland,2021,288.89
switzerland,2022,285.47
syrian_arab_republic,1993,10.305
syrian_arab_republic,1994,9.9128
syrian_arab_republic,1995,10.215
syrian_arab_republic,1996,14.663
syrian_arab_republic,1997,16.201
syrian_arab_republic,1998,14.558
syrian_arab_republic,1999,16.239
syrian_arab_republic,2000,13.871
syrian_arab_republic,2001,13.735
syrian_arab_republic,2002,14.021
syrian_arab_republic,2003,13.061
syrian_arab_republic,2004,14.606
syrian_arab_republic,2005,16.354
syrian_arab_republic,2006,18.915
syrian_arab_republic,2007,19.315
syrian_arab_republic,2008,20.587
syrian_arab_republic,2009,17.345
syrian_arab_republic,2010,20.282
syrian_arab_republic,2011,23.198
syrian_arab_republic,2012,12.669
syrian_arab_republic,2013,8.6463
syrian_arab_republic,2014,6.5197
syrian_arab_republic,2015,4.9630
syrian_arab_republic,2016,4.8643
syrian_arab_republic,2017,5.1170
syrian_arab_republic,2018,5.5764
syrian_arab_republic,2019,4.8560
syrian_arab_republic,2020,6.7853
syrian_arab_republic,2021,8.9151
syrian_arab_republic,2022,6.8375
tajikistan,1994,2.9158
tajikistan,1995,3.1306
tajikistan,1996,2.1665
tajikistan,1997,2.0662
tajikistan,1998,2.3553
tajikistan,1999,2.6674
tajikistan,2000,2.9420
tajikistan,2001,3.2013
tajikistan,2002,3.3404
tajikistan,2003,3.3941
tajikistan,2004,3.3931
tajikistan,2005,3.1153
tajikistan,2006,3.2298
tajikistan,2007,3.4019
tajikistan,2008,3.4423
tajikistan,2009,3.6178
tajikistan,2010,3.9771
tajikistan,2011,3.2524
tajikistan,2012,3.6737
tajikistan,2013,4.3741
tajikistan,2014,4.5468
tajikistan,2015,5.5062
tajikistan,2016,7.8145
tajikistan,2017,1.2973
tajikistan,2018,1.9003
tajikistan,2019,1.9379
tajikistan,2020,2.0621
tajikistan,2021,2.4013
tajikistan,2022,1.7891
thailand,1982,18.344
thailand,1983,19.514
thailand,1984,20.986
thailand,1985,20.905
thailand,1986,22.220
thailand,1987,23.876
thailand,1988,27.417
thailand,1989,29.458
thailand,1990,34.403
thailand,1991,36.196
thailand,1992,36.044
thailand,1993,37.697
thailand,1994,39.112
thailand,1995,40.674
thailand,1996,41.068
thailand,1997,37.531
thailand,1998,32.380
thailand,1999,33.185
thailand,2000,33.567
thailand,2001,32.936
thailand,2002,34.476
thailand,2003,36.870
thailand,2004,37.925
thailand,2005,39.132
thailand,2006,40.698
thailand,2007,42.153
thailand,2008,42.971
thailand,2009,41.252
thailand,2010,46.519
thailand,2011,44.510
thailand,2012,46.902
thailand,2013,47.203
thailand,2014,47.469
thailand,2015,48.254
thailand,2016,48.815
thailand,2017,49.817
thailand,2018,51.561
thailand,2019,50.572
thailand,2020,47.280
thailand,2021,50.625
thailand,2022,51.375
timor_leste,2000,29.045
timor_leste,2001,32.832
timor_leste,2002,32.031
timor_leste,2003,32.295
timor_leste,2004,21.801
timor_leste,2005,22.113
timor_leste,2006,21.811
timor_leste,2007,25.303
timor_leste,2008,40.947
timor_leste,2009,58.764
timor_leste,2010,58.633
timor_leste,2011,88.578
timor_leste,2012,91.618
timor_leste,2013,148.78
timor_leste,2014,131.22
timor_leste,2015,145.60
timor_leste,2016,156.90
timor_leste,2017,124.45
timor_leste,2018,129.59
timor_leste,2019,298.09
timor_leste,2020,474.44
timor_leste,2021,846.20
timor_leste,2022,580.64
togo,1987,28.143
togo,1988,30.415
togo,1989,37.833
togo,1990,41.277
togo,1991,48.516
togo,1992,48.892
togo,1993,34.820
togo,1994,44.138
togo,1995,53.973
togo,1996,60.180
togo,1997,63.359
togo,1998,64.096
togo,1999,65.788
togo,2000,81.353
togo,2001,84.843
togo,2002,103.32
togo,2003,90.890
togo,2004,70.634
togo,2005,67.957
togo,2006,96.254
togo,2007,131.24
togo,2008,123.85
togo,2009,116.95
togo,2010,120.05
togo,2011,131.75
togo,2012,127.98
togo,2013,152.04
togo,2014,173.56
togo,2015,173.37
togo,2016,167.27
togo,2017,168.37
togo,2018,179.77
togo,2019,174.31
togo,2020,179.95
togo,2021,196.04
togo,2022,209.17
trinidad_and_tobago,1997,41.523
trinidad_and_tobago,1998,40.194
trinidad_and_tobago,1999,44.543
trinidad_and_tobago,2000,54.984
trinidad_and_tobago,2001,50.103
trinidad_and_tobago,2002,50.084
trinidad_and_tobago,2003,69.717
trinidad_and_tobago,2004,78.198
trinidad_and_tobago,2005,88.476
trinidad_and_tobago,2006,102.92
trinidad_and_tobago,2007,98.949
trinidad_and_tobago,2008,109.51
trinidad_and_tobago,2009,82.841
trinidad_and_tobago,2010,84.835
trinidad_and_tobago,2011,87.237
trinidad_and_tobago,2012,83.290
trinidad_and_tobago,2013,82.103
trinidad_and_tobago,2014,82.422
trinidad_and_tobago,2015,67.617
trinidad_and_tobago,2016,62.256
trinidad_and_tobago,2017,60.769
trinidad_and_tobago,2018,64.489
trinidad_and_tobago,2019,60.972
trinidad_and_tobago,2020,47.156
trinidad_and_tobago,2021,61.814
trinidad_and_tobago,2022,78.192
tunisia,1990,48.655
tunisia,1991,48.121
tunisia,1992,50.056
tunisia,1993,49.357
tunisia,1994,51.772
tunisia,1995,51.628
tunisia,1996,52.314
tunisia,1997,54.106
tunisia,1998,54.004
tunisia,1999,56.742
tunisia,2000,60.198
tunisia,2001,57.043
tunisia,2002,55.958
tunisia,2003,54.395
tunisia,2004,55.566
tunisia,2005,57.897
tunisia,2006,60.779
tunisia,2007,67.166
tunisia,2008,73.992
tunisia,2009,65.733
tunisia,2010,68.210
tunisia,2011,69.234
tunisia,2012,83.726
tunisia,2013,97.675
tunisia,2014,109.96
tunisia,2015,117.67
tunisia,2016,150.03
tunisia,2017,122.96
tunisia,2018,252.68
tunisia,2019,169.87
tunisia,2020,152.79
tunisia,2021,170.85
tunisia,2022,176.55
turkiye,1992,28.945
turkiye,1993,33.071
turkiye,1994,35.126
turkiye,1995,40.069
turkiye,1996,45.303
turkiye,1997,55.414
turkiye,1998,59.129
turkiye,1999,59.166
turkiye,2000,70.000
turkiye,2001,37.487
turkiye,2002,27.531
turkiye,2003,23.063
turkiye,2004,91.239
turkiye,2005,98.247
turkiye,2006,107.32
turkiye,2007,112.04
turkiye,2008,109.34
turkiye,2009,86.297
turkiye,2010,87.322
turkiye,2011,100.65
turkiye,2012,97.057
turkiye,2013,94.974
turkiye,2014,89.130
turkiye,2015,131.70
turkiye,2016,231.04
turkiye,2017,247.49
turkiye,2018,244.56
turkiye,2019,218.56
turkiye,2020,220.42
turkiye,2021,260.73
turkiye,2022,259.94
turkmenistan,1994,36.604
turkmenistan,1995,38.752
turkmenistan,1996,39.767
turkmenistan,1997,21.604
turkmenistan,1998,19.603
turkmenistan,1999,20.346
turkmenistan,2000,18.602
turkmenistan,2001,18.425
turkmenistan,2002,17.981
turkmenistan,2003,17.455
turkmenistan,2004,6.1531
turkmenistan,2005,6.8124
turkmenistan,2006,7.2902
turkmenistan,2007,8.5274
turkmenistan,2008,15.706
turkmenistan,2009,16.759
turkmenistan,2010,18.895
turkmenistan,2011,23.743
turkmenistan,2012,25.457
turkmenistan,2013,24.159
turkmenistan,2014,23.985
turkmenistan,2015,22.094
turkmenistan,2016,20.715
turkmenistan,2017,18.230
turkmenistan,2018,19.291
turkmenistan,2019,17.788
turkmenistan,2020,17.957
turkmenistan,2021,18.592
turkmenistan,2022,18.781
uganda,1970,25.504
uganda,1971,24.080
uganda,1972,22.281
uganda,1973,20.742
uganda,1974,19.368
uganda,1975,17.961
uganda,1976,16.957
uganda,1977,16.145
uganda,1978,14.813
uganda,1979,12.376
uganda,1980,11.041
uganda,1981,11.524
uganda,1982,11.813
uganda,1983,10.414
uganda,1984,8.3106
uganda,1985,7.3580
uganda,1986,8.4701
uganda,1987,8.3605
uganda,1988,9.8571
uganda,1989,9.5061
uganda,1990,11.219
uganda,1991,12.240
uganda,1992,11.929
uganda,1993,13.838
uganda,1994,14.337
uganda,1995,16.999
uganda,1996,19.786
uganda,1997,21.373
uganda,1998,23.354
uganda,1999,25.302
uganda,2000,26.078
uganda,2001,32.684
uganda,2002,40.409
uganda,2003,40.720
uganda,2004,43.606
uganda,2005,46.978
uganda,2006,48.628
uganda,2007,53.501
uganda,2008,60.107
uganda,2009,69.987
uganda,2010,115.02
uganda,2011,123.19
uganda,2012,115.90
uganda,2013,143.74
uganda,2014,110.79
uganda,2015,144.73
uganda,2016,128.17
uganda,2017,143.08
uganda,2018,153.67
uganda,2019,163.87
uganda,2020,163.65
uganda,2021,175.58
uganda,2022,182.34
ukraine,1992,4.9908
ukraine,1993,3.1753
ukraine,1994,2.8951
ukraine,1995,2.3714
ukraine,1996,1.9640
ukraine,1997,1.7968
ukraine,1998,1.8527
ukraine,1999,2.0261
ukraine,2000,1.8338
ukraine,2001,2.0234
ukraine,2002,2.3038
ukraine,2003,2.7349
ukraine,2004,3.2265
ukraine,2005,3.6634
ukraine,2006,4.0084
ukraine,2007,4.4078
ukraine,2008,4.1240
ukraine,2009,3.0106
ukraine,2010,3.2075
ukraine,2011,3.5174
ukraine,2012,3.7583
ukraine,2013,3.8100
ukraine,2014,3.9999
ukraine,2015,4.0780
ukraine,2016,4.3053
ukraine,2017,4.6883
ukraine,2018,4.7933
ukraine,2019,4.5470
ukraine,2020,4.2044
ukraine,2021,5.5517
ukraine,2022,4.7639
united_arab_emirates,1980,950.18
united_arab_emirates,1981,832.22
united_arab_emirates,1982,641.12
united_arab_emirates,1983,544.92
united_arab_emirates,1984,538.18
united_arab_emirates,1985,477.54
united_arab_emirates,1986,303.87
united_arab_emirates,1987,321.39
united_arab_emirates,1988,286.31
united_arab_emirates,1989,325.09
united_arab_emirates,1990,392.49
united_arab_emirates,1991,361.15
united_arab_emirates,1992,344.66
united_arab_emirates,1993,310.01
united_arab_emirates,1994,306.13
united_arab_emirates,1995,314.01
united_arab_emirates,1996,371.77
united_arab_emirates,1997,440.97
united_arab_emirates,1998,443.24
united_arab_emirates,1999,553.65
united_arab_emirates,2000,839.43
united_arab_emirates,2001,951.87
united_arab_emirates,2002,1147.9
united_arab_emirates,2003,1684.9
united_arab_emirates,2004,1785.4
united_arab_emirates,2005,1866.2
united_arab_emirates,2006,2244.0
united_arab_emirates,2007,2275.5
united_arab_emirates,2008,2652.6
united_arab_emirates,2009,2304.0
united_arab_emirates,2010,2652.5
united_arab_emirates,2011,3296.0
united_arab_emirates,2012,3523.3
united_arab_emirates,2013,3765.1
united_arab_emirates,2014,4008.9
united_arab_emirates,2015,3708.4
united_arab_emirates,2016,3948.0
united_arab_emirates,2017,4114.8
united_arab_emirates,2018,4645.3
united_arab_emirates,2019,4407.4
united_arab_emirates,2020,3883.7
united_arab_emirates,2021,4609.3
united_arab_emirates,2022,3712.8
united_kingdom_of_great_britain_and_northern_ireland,2000,64.886
united_kingdom_of_great_britain_and_northern_ireland,2001,73.631
united_kingdom_of_great_britain_and_northern_ireland,2002,86.289
united_kingdom_of_great_britain_and_northern_ireland,2003,104.96
united_kingdom_of_great_britain_and_northern_ireland,2004,132.87
united_kingdom_of_great_britain_and_northern_ireland,2005,187.50
united_kingdom_of_great_britain_and_northern_ireland,2006,300.40
united_kingdom_of_great_britain_and_northern_ireland,2007,393.06
united_kingdom_of_great_britain_and_northern_ireland,2008,430.33
united_kingdom_of_great_britain_and_northern_ireland,2009,321.59
united_kingdom_of_great_britain_and_northern_ireland,2010,474.53
united_kingdom_of_great_britain_and_northern_ireland,2011,634.54
united_kingdom_of_great_britain_and_northern_ireland,2012,380.64
united_kingdom_of_great_britain_and_northern_ireland,2013,450.00
united_kingdom_of_great_britain_and_northern_ireland,2014,527.18
united_kingdom_of_great_britain_and_northern_ireland,2015,481.62
united_kingdom_of_great_britain_and_northern_ireland,2016,447.18
united_kingdom_of_great_britain_and_northern_ireland,2017,466.25
united_kingdom_of_great_britain_and_northern_ireland,2018,479.88
united_kingdom_of_great_britain_and_northern_ireland,2019,478.01
united_kingdom_of_great_britain_and_northern_ireland,2020,413.41
united_kingdom_of_great_britain_and_northern_ireland,2021,443.01
united_kingdom_of_great_britain_and_northern_ireland,2022,463.94
united_republic_of_tanzania,1970,46.750
united_republic_of_tanzania,1971,52.484
united_republic_of_tanzania,1972,54.072
united_republic_of_tanzania,1973,55.210
united_republic_of_tanzania,1974,52.802
united_republic_of_tanzania,1975,54.788
united_republic_of_tanzania,1976,60.432
united_republic_of_tanzania,1977,61.481
united_republic_of_tanzania,1978,62.606
united_republic_of_tanzania,1979,60.094
united_republic_of_tanzania,1980,57.142
united_republic_of_tanzania,1981,53.234
united_republic_of_tanzania,1982,47.008
united_republic_of_tanzania,1983,38.661
united_republic_of_tanzania,1984,39.886
united_republic_of_tanzania,1985,45.789
united_republic_of_tanzania,1986,48.122
united_republic_of_tanzania,1987,58.535
united_republic_of_tanzania,1988,64.110
united_republic_of_tanzania,1989,80.711
united_republic_of_tanzania,1990,97.158
united_republic_of_tanzania,1991,89.502
united_republic_of_tanzania,1992,100.16
united_republic_of_tanzania,1993,106.39
united_republic_of_tanzania,1994,106.08
united_republic_of_tanzania,1995,102.83
united_republic_of_tanzania,1996,106.23
united_republic_of_tanzania,1997,109.32
united_republic_of_tanzania,1998,125.91
united_republic_of_tanzania,1999,129.05
united_republic_of_tanzania,2000,129.59
united_republic_of_tanzania,2001,136.80
united_republic_of_tanzania,2002,162.88
united_republic_of_tanzania,2003,188.67
united_republic_of_tanzania,2004,202.23
united_republic_of_tanzania,2005,217.94
united_republic_of_tanzania,2006,245.65
united_republic_of_tanzania,2007,260.16
united_republic_of_tanzania,2008,281.28
united_republic_of_tanzania,2009,268.68
united_republic_of_tanzania,2010,312.34
united_republic_of_tanzania,2011,387.82
united_republic_of_tanzania,2012,384.91
united_republic_of_tanzania,2013,412.97
united_republic_of_tanzania,2014,430.34
united_republic_of_tanzania,2015,448.26
united_republic_of_tanzania,2016,495.15
united_republic_of_tanzania,2017,534.11
united_republic_of_tanzania,2018,641.21
united_republic_of_tanzania,2019,725.44
united_republic_of_tanzania,2020,790.95
united_republic_of_tanzania,2021,820.20
united_republic_of_tanzania,2022,793.79
united_states_of_america,1990,7.4528
united_states_of_america,1991,7.1165
united_states_of_america,1992,7.1234
united_states_of_america,1993,7.2711
united_states_of_america,1994,7.7212
united_states_of_america,1995,8.0097
united_states_of_america,1996,8.2113
united_states_of_america,1997,8.5064
united_states_of_america,1998,8.7501
united_states_of_america,1999,9.1005
united_states_of_america,2000,9.4964
united_states_of_america,2001,9.0737
united_states_of_america,2002,8.8543
united_states_of_america,2003,9.1481
united_states_of_america,2004,9.5607
united_states_of_america,2005,10.053
united_states_of_america,2006,10.878
united_states_of_america,2007,11.496
united_states_of_america,2008,11.588
united_states_of_america,2009,10.747
united_states_of_america,2010,11.498
united_states_of_america,2011,12.201
united_states_of_america,2012,12.778
united_states_of_america,2013,13.589
united_states_of_america,2014,14.482
united_states_of_america,2015,14.783
united_states_of_america,2016,14.597
united_states_of_america,2017,14.943
united_states_of_america,2018,15.697
united_states_of_america,2019,15.661
united_states_of_america,2020,14.532
united_states_of_america,2021,15.622
united_states_of_america,2022,16.522
uruguay,1970,144.84
uruguay,1971,137.51
uruguay,1972,117.14
uruguay,1973,119.60
uruguay,1974,128.04
uruguay,1975,137.60
uruguay,1976,133.47
uruguay,1977,125.74
uruguay,1978,130.64
uruguay,1979,149.16
uruguay,1980,147.05
uruguay,1981,134.02
uruguay,1982,105.93
uruguay,1983,99.621
uruguay,1984,98.525
uruguay,1985,100.25
uruguay,1986,105.79
uruguay,1987,110.58
uruguay,1988,105.55
uruguay,1989,99.111
uruguay,1990,95.658
uruguay,1991,97.544
uruguay,1992,104.18
uruguay,1993,95.150
uruguay,1994,92.248
uruguay,1995,89.512
uruguay,1996,90.788
uruguay,1997,91.832
uruguay,1998,93.115
uruguay,1999,89.298
uruguay,2000,79.797
uruguay,2001,58.177
uruguay,2002,42.988
uruguay,2003,38.450
uruguay,2004,35.242
uruguay,2005,35.200
uruguay,2006,33.039
uruguay,2007,31.188
uruguay,2008,32.872
uruguay,2009,32.475
uruguay,2010,30.526
uruguay,2011,27.785
uruguay,2012,26.796
uruguay,2013,24.527
uruguay,2014,23.893
uruguay,2015,22.805
uruguay,2016,20.848
uruguay,2017,18.925
uruguay,2018,18.309
uruguay,2019,16.938
uruguay,2020,15.449
uruguay,2021,16.768
uruguay,2022,15.922
uzbekistan,1994,4.0787
uzbekistan,1995,3.6295
uzbekistan,1996,3.5527
uzbekistan,1997,2.8676
uzbekistan,1998,2.3514
uzbekistan,1999,2.0919
uzbekistan,2000,1.8466
uzbekistan,2001,1.7772
uzbekistan,2002,1.9630
uzbekistan,2003,2.3844
uzbekistan,2004,3.1326
uzbekistan,2005,4.4347
uzbekistan,2006,4.7351
uzbekistan,2007,5.0177
uzbekistan,2008,5.6789
uzbekistan,2009,6.2549
uzbekistan,2010,6.4678
uzbekistan,2011,6.3249
uzbekistan,2012,6.8772
uzbekistan,2013,7.5650
uzbekistan,2014,8.0630
uzbekistan,2015,9.1808
uzbekistan,2016,9.1288
uzbekistan,2017,9.8004
uzbekistan,2018,13.058
uzbekistan,2019,16.889
uzbekistan,2020,17.571
uzbekistan,2021,19.283
uzbekistan,2022,30.176
venezuela_bolivarian_republic_of,1970,135.12
venezuela_bolivarian_republic_of,1971,137.55
venezuela_bolivarian_republic_of,1972,146.22
venezuela_bolivarian_republic_of,1973,167.05
venezuela_bolivarian_republic_of,1974,194.81
venezuela_bolivarian_republic_of,1975,188.22
venezuela_bolivarian_republic_of,1976,207.63
venezuela_bolivarian_republic_of,1977,220.31
venezuela_bolivarian_republic_of,1978,222.75
venezuela_bolivarian_republic_of,1979,224.56
venezuela_bolivarian_republic_of,1980,208.03
venezuela_bolivarian_republic_of,1981,194.59
venezuela_bolivarian_republic_of,1982,183.98
venezuela_bolivarian_republic_of,1983,164.91
venezuela_bolivarian_republic_of,1984,163.98
venezuela_bolivarian_republic_of,1985,157.14
venezuela_bolivarian_republic_of,1986,159.20
venezuela_bolivarian_republic_of,1987,159.66
venezuela_bolivarian_republic_of,1988,165.83
venezuela_bolivarian_republic_of,1989,164.72
venezuela_bolivarian_republic_of,1990,185.20
venezuela_bolivarian_republic_of,1991,182.94
venezuela_bolivarian_republic_of,1992,184.05
venezuela_bolivarian_republic_of,1993,173.28
venezuela_bolivarian_republic_of,1994,167.04
venezuela_bolivarian_republic_of,1995,161.79
venezuela_bolivarian_republic_of,1996,187.95
venezuela_bolivarian_republic_of,1997,172.55
venezuela_bolivarian_republic_of,1998,147.15
venezuela_bolivarian_republic_of,1999,142.15
venezuela_bolivarian_republic_of,2000,162.81
venezuela_bolivarian_republic_of,2001,149.51
venezuela_bolivarian_republic_of,2002,144.36
venezuela_bolivarian_republic_of,2003,136.42
venezuela_bolivarian_republic_of,2004,165.99
venezuela_bolivarian_republic_of,2005,186.04
venezuela_bolivarian_republic_of,2006,200.50
venezuela_bolivarian_republic_of,2007,206.88
venezuela_bolivarian_republic_of,2008,226.30
venezuela_bolivarian_republic_of,2009,176.66
venezuela_bolivarian_republic_of,2010,206.87
venezuela_bolivarian_republic_of,2011,217.08
venezuela_bolivarian_republic_of,2012,212.71
venezuela_bolivarian_republic_of,2013,214.87
venezuela_bolivarian_republic_of,2014,171.75
venezuela_bolivarian_republic_of,2015,199.17
venezuela_bolivarian_republic_of,2016,131.11
venezuela_bolivarian_republic_of,2017,109.57
venezuela_bolivarian_republic_of,2018,123.52
venezuela_bolivarian_republic_of,2019,104.03
venezuela_bolivarian_republic_of,2020,57.031
venezuela_bolivarian_republic_of,2021,56.986
venezuela_bolivarian_republic_of,2022,64.055
viet_nam,1980,2.9604
viet_nam,1981,2.6468
viet_nam,1982,2.4823
viet_nam,1983,2.3434
viet_nam,1984,2.2670
viet_nam,1985,2.1791
viet_nam,1986,2.2195
viet_nam,1987,2.2393
viet_nam,1988,2.4059
viet_nam,1989,2.3973
viet_nam,1990,2.4663
viet_nam,1991,2.7397
viet_nam,1992,3.3763
viet_nam,1993,3.8616
viet_nam,1994,4.1304
viet_nam,1995,4.3930
viet_nam,1996,4.8751
viet_nam,1997,5.6125
viet_nam,1998,5.9463
viet_nam,1999,6.5842
viet_nam,2000,7.4168
viet_nam,2001,8.3159
viet_nam,2002,9.0844
viet_nam,2003,10.082
viet_nam,2004,10.313
viet_nam,2005,11.499
viet_nam,2006,13.271
viet_nam,2007,15.094
viet_nam,2008,16.406
viet_nam,2009,18.339
viet_nam,2010,17.420
viet_nam,2011,19.609
viet_nam,2012,21.442
viet_nam,2013,22.298
viet_nam,2014,23.310
viet_nam,2015,23.859
viet_nam,2016,25.197
viet_nam,2017,27.963
viet_nam,2018,31.082
viet_nam,2019,33.399
viet_nam,2020,34.054
viet_nam,2021,35.721
viet_nam,2022,39.415
western_asia,2000,46.445
western_asia,2001,41.795
western_asia,2002,39.770
western_asia,2003,41.152
western_asia,2004,60.744
western_asia,2005,70.847
western_asia,2006,79.323
western_asia,2007,86.013
western_asia,2008,99.938
western_asia,2009,89.290
western_asia,2010,103.03
western_asia,2011,125.62
western_asia,2012,132.96
western_asia,2013,139.20
western_asia,2014,138.95
western_asia,2015,137.26
western_asia,2016,145.47
western_asia,2017,114.13
western_asia,2018,111.80
western_asia,2019,103.98
western_asia,2020,105.05
western_asia,2021,117.84
western_asia,2022,135.37
world,2000,16.679
world,2001,16.231
world,2002,16.122
world,2003,16.568
world,2004,17.399
world,2005,18.363
world,2006,19.742
world,2007,20.904
world,2008,21.936
world,2009,20.737
world,2010,22.587
world,2011,24.246
world,2012,25.246
world,2013,26.420
world,2014,27.689
world,2015,28.496
world,2016,29.032
world,2017,30.209
world,2018,32.340
world,2019,32.953
world,2020,32.372
world,2021,36.700
world,2022,38.433
yemen,1990,109.74
yemen,1991,93.563
yemen,1992,85.170
yemen,1993,77.994
yemen,1994,81.784
yemen,1995,115.45
yemen,1996,168.50
yemen,1997,172.59
yemen,1998,127.28
yemen,1999,162.24
yemen,2000,192.65
yemen,2001,184.11
yemen,2002,193.29
yemen,2003,210.02
yemen,2004,234.47
yemen,2005,272.05
yemen,2006,276.29
yemen,2007,274.86
yemen,2008,303.35
yemen,2009,246.52
yemen,2010,285.35
yemen,2011,249.65
yemen,2012,221.21
yemen,2013,236.30
yemen,2014,207.03
yemen,2015,72.279
yemen,2016,62.762
yemen,2017,54.746
yemen,2018,55.423
yemen,2019,57.741
yemen,2020,58.007
yemen,2021,57.202
yemen,2022,58.356
zambia,1992,26.257
zambia,1993,22.558
zambia,1994,18.785
zambia,1995,17.401
zambia,1996,17.484
zambia,1997,16.904
zambia,1998,13.885
zambia,1999,11.839
zambia,2000,12.440
zambia,2001,13.137
zambia,2002,14.319
zambia,2003,15.571
zambia,2004,18.044
zambia,2005,20.210
zambia,2006,24.937
zambia,2007,28.635
zambia,2008,30.074
zambia,2009,31.984
zambia,2010,37.946
zambia,2011,40.395
zambia,2012,43.571
zambia,2013,48.420
zambia,2014,48.172
zambia,2015,49.620
zambia,2016,52.800
zambia,2017,55.999
zambia,2018,56.117
zambia,2019,58.151
zambia,2020,66.822
zambia,2021,74.959
zambia,2022,66.006
zimbabwe,1987,22.671
zimbabwe,1988,21.439
zimbabwe,1989,20.801
zimbabwe,1990,18.557
zimbabwe,1991,19.921
zimbabwe,1992,18.865
zimbabwe,1993,14.080
zimbabwe,1994,12.937
zimbabwe,1995,10.686
zimbabwe,1996,9.4237
zimbabwe,1997,8.3932
zimbabwe,1998,7.6960
zimbabwe,1999,6.6164
zimbabwe,2000,5.5100
zimbabwe,2001,4.6699
zimbabwe,2002,3.5172
zimbabwe,2003,4.3970
zimbabwe,2004,6.2212
zimbabwe,2005,10.217
zimbabwe,2006,15.054
zimbabwe,2007,9.8279
zimbabwe,2008,6.2304
zimbabwe,2009,11.839
zimbabwe,2010,14.865
zimbabwe,2011,19.942
zimbabwe,2012,32.079
zimbabwe,2013,35.417
zimbabwe,2014,41.408
zimbabwe,2015,47.777
zimbabwe,2016,48.624
zimbabwe,2017,64.494
zimbabwe,2018,66.392
zimbabwe,2019,73.719
zimbabwe,2020,71.968
zimbabwe,2021,67.377
zimbabwe,2022,100.25
