area,year,harvested_irrigated_temporary_crop_area_sweet_potatoes
ago,2005,0.78600
bgd,1998,15.000
bol,2008,0.42100
tcd,2002,0.050000
prk,1995,19.000
egy,2002,8.3880
eth,2002,11.700
hnd,2008,0.19400
idn,2005,178.30
irn,2003,186.70
mli,2011,16.870
ner,2011,0.064000
omn,2004,0.17750
pak,2008,0.88000
kor,2006,14.000
zaf,2000,4.1000
ven,2008,0.60000
vnm,2005,99.530
