area,year,pct_of_the_area_equipped_for_irrigation_actually_irrigated
afghanistan,1990,84.628
afghanistan,1991,81.702
afghanistan,1992,78.809
afghanistan,1993,75.951
afghanistan,1994,73.528
afghanistan,1995,71.106
afghanistan,1996,68.686
afghanistan,1997,66.268
afghanistan,1998,63.851
afghanistan,1999,61.435
afghanistan,2000,62.352
afghanistan,2001,66.760
afghanistan,2002,66.708
afghanistan,2003,54.676
afghanistan,2004,85.786
afghanistan,2005,65.025
afghanistan,2006,69.015
afghanistan,2007,71.914
afghanistan,2008,70.200
afghanistan,2009,68.298
afghanistan,2010,57.232
afghanistan,2011,59.102
afghanistan,2012,63.716
afghanistan,2013,64.589
afghanistan,2014,65.212
afghanistan,2015,67.862
afghanistan,2016,67.488
afghanistan,2017,67.488
afghanistan,2018,67.488
afghanistan,2019,67.488
afghanistan,2020,67.488
afghanistan,2021,67.488
afghanistan,2022,67.488
albania,2001,18.321
albania,2002,26.783
albania,2003,27.076
albania,2004,24.497
albania,2005,23.845
albania,2006,25.867
albania,2007,26.824
albania,2008,29.696
albania,2009,51.609
albania,2010,51.508
albania,2011,51.483
albania,2012,59.162
albania,2013,60.812
albania,2014,52.742
albania,2015,63.667
albania,2016,58.232
albania,2017,48.251
albania,2018,232.38
albania,2019,50.182
albania,2020,50.626
albania,2021,52.049
albania,2022,53.225
algeria,1992,65.941
algeria,1993,67.492
algeria,1994,69.036
algeria,1995,70.570
algeria,1996,72.097
algeria,1997,73.614
algeria,1998,75.124
algeria,1999,76.625
algeria,2000,78.118
algeria,2001,79.603
algeria,2002,80.759
algeria,2003,81.725
algeria,2004,82.544
algeria,2005,83.247
algeria,2006,83.857
algeria,2007,84.392
algeria,2008,84.864
algeria,2009,85.380
algeria,2010,85.834
algeria,2011,86.235
algeria,2012,86.592
algeria,2013,86.007
algeria,2014,85.430
algeria,2015,84.861
algeria,2016,81.112
algeria,2017,78.022
algeria,2018,78.022
algeria,2019,78.022
algeria,2020,78.022
algeria,2021,78.022
algeria,2022,78.022
andorra,2000,100.00
andorra,2001,100.00
andorra,2002,100.00
andorra,2003,100.00
andorra,2004,100.00
andorra,2005,100.00
andorra,2006,100.00
andorra,2007,100.00
andorra,2008,100.00
andorra,2009,100.00
andorra,2010,100.00
andorra,2011,100.00
andorra,2012,100.00
andorra,2013,100.00
andorra,2014,100.00
andorra,2015,100.00
andorra,2016,100.00
andorra,2017,100.00
andorra,2018,100.00
andorra,2019,100.00
andorra,2020,100.00
andorra,2021,100.00
andorra,2022,100.00
angola,1994,29.000
angola,1995,27.588
angola,1996,41.731
angola,1997,38.535
angola,1998,35.354
angola,1999,32.187
angola,2000,29.033
angola,2001,25.893
angola,2002,22.767
angola,2003,19.654
angola,2004,16.555
angola,2005,13.469
angola,2006,13.469
angola,2007,13.469
angola,2008,13.469
angola,2009,13.469
angola,2010,13.469
angola,2011,13.469
angola,2012,13.469
angola,2013,13.469
angola,2014,13.469
angola,2015,13.469
angola,2016,13.469
angola,2017,13.469
angola,2018,13.469
angola,2019,13.469
angola,2020,13.469
angola,2021,13.469
angola,2022,13.469
antigua_and_barbuda,2014,100.00
antigua_and_barbuda,2015,100.00
antigua_and_barbuda,2016,100.00
antigua_and_barbuda,2017,100.00
antigua_and_barbuda,2018,100.00
antigua_and_barbuda,2019,100.00
antigua_and_barbuda,2020,100.00
antigua_and_barbuda,2021,100.00
antigua_and_barbuda,2022,100.00
argentina,1988,84.464
argentina,1989,82.826
argentina,1990,81.273
argentina,1991,79.798
argentina,1992,78.396
argentina,1993,77.061
argentina,1994,75.789
argentina,1995,83.391
argentina,1996,73.416
argentina,1997,72.307
argentina,1998,71.246
argentina,1999,70.229
argentina,2000,69.254
argentina,2001,68.319
argentina,2002,63.416
argentina,2003,66.844
argentina,2004,70.197
argentina,2005,73.475
argentina,2006,76.683
argentina,2007,79.821
argentina,2008,82.892
argentina,2009,85.899
argentina,2010,88.843
argentina,2011,91.727
argentina,2012,94.059
argentina,2013,96.812
argentina,2014,100.11
argentina,2015,104.14
argentina,2016,109.16
argentina,2017,115.60
argentina,2018,124.16
argentina,2019,124.16
argentina,2020,124.16
argentina,2021,124.16
argentina,2022,124.16
armenia,1995,60.400
armenia,1996,62.853
armenia,1997,60.885
armenia,1998,60.994
armenia,1999,63.560
armenia,2000,63.673
armenia,2001,63.786
armenia,2002,63.899
armenia,2003,71.869
armenia,2004,82.069
armenia,2005,95.588
armenia,2006,114.36
armenia,2007,107.07
armenia,2008,99.455
armenia,2009,92.795
armenia,2010,86.388
armenia,2011,79.985
armenia,2012,73.284
armenia,2013,66.586
armenia,2014,59.638
armenia,2015,60.741
armenia,2016,61.843
armenia,2017,63.025
armenia,2018,53.131
armenia,2019,53.351
armenia,2020,54.958
armenia,2021,53.145
armenia,2022,53.145
australia,2006,62.869
australia,2007,87.965
australia,2008,75.049
australia,2009,72.572
australia,2010,77.134
australia,2011,86.069
australia,2012,95.313
australia,2013,104.88
australia,2014,100.47
australia,2015,93.980
australia,2016,100.00
australia,2017,100.01
australia,2018,99.991
australia,2019,100.01
australia,2020,100.00
australia,2021,100.00
australia,2022,100.00
australia_and_new_zealand,2000,0.0000
australia_and_new_zealand,2001,0.0000
australia_and_new_zealand,2002,12.984
australia_and_new_zealand,2003,13.446
australia_and_new_zealand,2004,14.124
australia_and_new_zealand,2005,14.789
australia_and_new_zealand,2006,65.312
australia_and_new_zealand,2007,86.820
australia_and_new_zealand,2008,76.237
australia_and_new_zealand,2009,74.677
australia_and_new_zealand,2010,78.615
australia_and_new_zealand,2011,85.859
australia_and_new_zealand,2012,93.219
australia_and_new_zealand,2013,101.10
australia_and_new_zealand,2014,98.381
australia_and_new_zealand,2015,94.158
australia_and_new_zealand,2016,99.329
australia_and_new_zealand,2017,100.01
australia_and_new_zealand,2018,99.993
australia_and_new_zealand,2019,100.01
australia_and_new_zealand,2020,100.00
australia_and_new_zealand,2021,100.00
australia_and_new_zealand,2022,100.00
austria,1995,47.556
austria,1996,46.033
austria,1997,44.512
austria,1998,43.188
austria,1999,41.853
austria,2000,40.507
austria,2001,39.654
austria,2002,38.770
austria,2003,37.857
austria,2004,35.287
austria,2005,33.512
austria,2006,35.215
austria,2007,37.426
austria,2008,34.776
austria,2009,32.033
austria,2010,28.792
austria,2011,34.446
austria,2012,39.150
austria,2013,43.124
austria,2014,41.704
austria,2015,40.105
austria,2016,38.296
austria,2017,38.292
austria,2018,38.292
austria,2019,38.292
austria,2020,31.223
austria,2021,38.292
austria,2022,38.292
azerbaijan,1992,92.414
azerbaijan,1993,91.989
azerbaijan,1994,92.388
azerbaijan,1995,92.431
azerbaijan,1996,92.490
azerbaijan,1997,93.407
azerbaijan,1998,93.426
azerbaijan,1999,94.162
azerbaijan,2000,94.642
azerbaijan,2001,94.727
azerbaijan,2002,94.811
azerbaijan,2003,94.951
azerbaijan,2004,94.759
azerbaijan,2005,94.650
azerbaijan,2006,94.739
azerbaijan,2007,94.696
azerbaijan,2008,94.786
azerbaijan,2009,95.342
azerbaijan,2010,95.298
azerbaijan,2011,96.440
azerbaijan,2012,97.241
azerbaijan,2013,97.833
azerbaijan,2014,98.624
azerbaijan,2015,100.00
azerbaijan,2016,100.00
azerbaijan,2017,100.00
azerbaijan,2018,100.00
azerbaijan,2019,100.00
azerbaijan,2020,100.00
azerbaijan,2021,100.00
azerbaijan,2022,100.00
bahrain,1994,100.00
bahrain,1995,99.582
bahrain,1996,99.199
bahrain,1997,98.846
bahrain,1998,98.520
bahrain,1999,98.217
bahrain,2000,97.936
bahrain,2001,100.00
bahrain,2002,100.63
bahrain,2003,101.27
bahrain,2004,101.91
bahrain,2005,102.57
bahrain,2006,103.23
bahrain,2007,103.90
bahrain,2008,104.58
bahrain,2009,105.27
bahrain,2010,105.96
bahrain,2011,106.67
bahrain,2012,107.39
bahrain,2013,108.11
bahrain,2014,108.85
bahrain,2015,108.85
bahrain,2016,108.85
bahrain,2017,108.85
bahrain,2018,108.85
bahrain,2019,108.85
bahrain,2020,108.85
bahrain,2021,108.85
bahrain,2022,108.85
bangladesh,1989,105.59
bangladesh,1990,98.136
bangladesh,1991,88.323
bangladesh,1992,88.323
bangladesh,1993,82.544
bangladesh,1994,77.476
bangladesh,1995,72.994
bangladesh,1996,71.100
bangladesh,1997,69.302
bangladesh,1998,67.592
bangladesh,1999,65.965
bangladesh,2000,64.414
bangladesh,2001,62.935
bangladesh,2002,61.522
bangladesh,2003,60.171
bangladesh,2004,58.878
bangladesh,2005,57.639
bangladesh,2006,56.452
bangladesh,2007,55.312
bangladesh,2008,54.218
bangladesh,2009,54.218
bangladesh,2010,54.218
bangladesh,2011,54.218
bangladesh,2012,54.218
bangladesh,2013,54.218
bangladesh,2014,54.218
bangladesh,2015,54.218
bangladesh,2016,54.218
bangladesh,2017,54.218
bangladesh,2018,54.218
bangladesh,2019,54.218
bangladesh,2020,54.218
bangladesh,2021,54.218
bangladesh,2022,54.218
barbados,2005,100.00
barbados,2006,100.00
barbados,2007,100.00
barbados,2008,100.00
barbados,2009,100.00
barbados,2010,100.00
barbados,2011,100.00
barbados,2012,100.00
barbados,2013,100.00
barbados,2014,100.00
barbados,2015,100.00
barbados,2016,100.00
barbados,2017,100.00
barbados,2018,100.00
barbados,2019,100.00
barbados,2020,100.00
barbados,2021,100.00
barbados,2022,100.00
belarus,2011,100.00
belarus,2012,83.934
belarus,2013,69.595
belarus,2014,69.697
belarus,2015,70.530
belarus,2016,71.287
belarus,2017,72.277
belarus,2018,100.00
belarus,2019,100.00
belarus,2020,100.00
belarus,2021,100.00
belarus,2022,109.54
belgium,2003,8.4823
belgium,2004,12.017
belgium,2005,15.569
belgium,2006,20.107
belgium,2007,24.325
belgium,2008,25.921
belgium,2009,28.136
belgium,2010,31.416
belgium,2011,30.799
belgium,2012,30.316
belgium,2013,29.927
belgium,2014,34.833
belgium,2015,39.021
belgium,2016,42.638
belgium,2017,42.638
belgium,2018,42.638
belgium,2019,42.638
belgium,2020,42.638
belgium,2021,42.638
belgium,2022,42.638
belize,2005,100.00
belize,2006,100.00
belize,2007,100.00
belize,2008,100.00
belize,2009,100.00
belize,2010,100.00
belize,2011,100.00
belize,2012,100.00
belize,2013,100.00
belize,2014,100.00
belize,2015,100.00
belize,2016,100.00
belize,2017,100.00
belize,2018,100.00
belize,2019,100.00
belize,2020,100.00
belize,2021,100.00
belize,2022,100.00
benin,2002,76.065
benin,2003,74.543
benin,2004,73.397
benin,2005,72.504
benin,2006,71.787
benin,2007,71.199
benin,2008,74.653
benin,2009,70.709
benin,2010,70.709
benin,2011,70.709
benin,2012,70.709
benin,2013,70.709
benin,2014,70.709
benin,2015,70.709
benin,2016,70.709
benin,2017,70.709
benin,2018,70.709
benin,2019,70.709
benin,2020,70.709
benin,2021,70.709
benin,2022,70.709
bhutan,1995,100.00
bhutan,1996,100.00
bhutan,1997,100.00
bhutan,1998,100.00
bhutan,1999,100.00
bhutan,2000,100.00
bhutan,2001,100.00
bhutan,2002,100.00
bhutan,2003,100.00
bhutan,2004,100.00
bhutan,2005,100.00
bhutan,2006,100.00
bhutan,2007,100.00
bhutan,2008,100.00
bhutan,2009,100.00
bhutan,2010,86.744
bhutan,2011,100.00
bhutan,2012,100.00
bhutan,2013,100.00
bhutan,2014,100.00
bhutan,2015,100.00
bhutan,2016,100.00
bhutan,2017,100.00
bhutan,2018,100.00
bhutan,2019,100.00
bhutan,2020,100.00
bhutan,2021,100.00
bhutan,2022,100.00
bolivia_plurinational_state_of,2000,100.00
bolivia_plurinational_state_of,2001,100.00
bolivia_plurinational_state_of,2002,100.00
bolivia_plurinational_state_of,2003,100.00
bolivia_plurinational_state_of,2004,100.00
bolivia_plurinational_state_of,2005,100.00
bolivia_plurinational_state_of,2006,100.00
bolivia_plurinational_state_of,2007,100.00
bolivia_plurinational_state_of,2008,100.00
bolivia_plurinational_state_of,2009,100.00
bolivia_plurinational_state_of,2010,100.00
bolivia_plurinational_state_of,2011,100.00
bolivia_plurinational_state_of,2012,100.00
bolivia_plurinational_state_of,2013,100.00
bolivia_plurinational_state_of,2014,100.00
bolivia_plurinational_state_of,2015,100.00
bolivia_plurinational_state_of,2016,100.00
bolivia_plurinational_state_of,2017,100.00
bolivia_plurinational_state_of,2018,100.00
bolivia_plurinational_state_of,2019,100.00
bolivia_plurinational_state_of,2020,100.00
bolivia_plurinational_state_of,2021,100.00
bolivia_plurinational_state_of,2022,100.00
botswana,1992,100.00
botswana,1993,103.91
botswana,1994,107.78
botswana,1995,111.62
botswana,1996,115.43
botswana,1997,119.20
botswana,1998,122.95
botswana,1999,126.67
botswana,2000,130.35
botswana,2001,134.01
botswana,2002,137.63
botswana,2003,132.15
botswana,2004,127.36
botswana,2005,123.15
botswana,2006,119.42
botswana,2007,116.08
botswana,2008,113.08
botswana,2009,110.38
botswana,2010,107.92
botswana,2011,105.68
botswana,2012,103.63
botswana,2013,101.74
botswana,2014,100.00
botswana,2015,100.00
botswana,2016,100.00
botswana,2017,100.00
botswana,2018,100.00
botswana,2019,100.00
botswana,2020,95.178
botswana,2021,108.89
botswana,2022,100.00
brazil,1998,126.08
brazil,1999,120.63
brazil,2000,115.90
brazil,2001,111.75
brazil,2002,108.07
brazil,2003,104.79
brazil,2004,101.86
brazil,2005,99.206
brazil,2006,96.805
brazil,2007,94.113
brazil,2008,91.636
brazil,2009,89.350
brazil,2010,87.229
brazil,2011,90.893
brazil,2012,94.764
brazil,2013,98.864
brazil,2014,103.22
brazil,2015,102.92
brazil,2016,100.57
brazil,2017,105.70
brazil,2018,101.52
brazil,2019,97.505
brazil,2020,92.972
brazil,2021,91.732
brazil,2022,90.556
brunei_darussalam,1995,63.000
brunei_darussalam,1996,63.000
brunei_darussalam,1997,63.000
brunei_darussalam,1998,63.000
brunei_darussalam,1999,63.000
brunei_darussalam,2000,63.000
brunei_darussalam,2001,63.000
brunei_darussalam,2002,63.000
brunei_darussalam,2003,63.000
brunei_darussalam,2004,63.000
brunei_darussalam,2005,63.000
brunei_darussalam,2006,63.000
brunei_darussalam,2007,63.000
brunei_darussalam,2008,63.000
brunei_darussalam,2009,63.000
brunei_darussalam,2010,63.000
brunei_darussalam,2011,63.000
brunei_darussalam,2012,63.000
brunei_darussalam,2013,63.000
brunei_darussalam,2014,63.000
brunei_darussalam,2015,63.000
brunei_darussalam,2016,63.000
brunei_darussalam,2017,63.000
brunei_darussalam,2018,63.000
brunei_darussalam,2019,63.000
brunei_darussalam,2020,63.000
brunei_darussalam,2021,63.000
brunei_darussalam,2022,63.000
bulgaria,2003,27.655
bulgaria,2004,27.048
bulgaria,2005,48.073
bulgaria,2006,58.419
bulgaria,2007,69.459
bulgaria,2008,56.472
bulgaria,2009,45.750
bulgaria,2010,21.853
bulgaria,2011,31.113
bulgaria,2012,56.635
bulgaria,2013,85.414
bulgaria,2014,79.056
bulgaria,2015,73.381
bulgaria,2016,68.286
bulgaria,2017,68.273
bulgaria,2018,68.273
bulgaria,2019,68.273
bulgaria,2020,76.678
bulgaria,2021,68.273
bulgaria,2022,68.273
burkina_faso,1992,100.00
burkina_faso,1993,104.99
burkina_faso,1994,110.01
burkina_faso,1995,115.06
burkina_faso,1996,120.14
burkina_faso,1997,125.24
burkina_faso,1998,130.37
burkina_faso,1999,133.20
burkina_faso,2000,135.95
burkina_faso,2001,138.63
burkina_faso,2002,128.41
burkina_faso,2003,120.10
burkina_faso,2004,113.22
burkina_faso,2005,107.43
burkina_faso,2006,102.48
burkina_faso,2007,98.209
burkina_faso,2008,94.482
burkina_faso,2009,91.202
burkina_faso,2010,88.293
burkina_faso,2011,84.999
burkina_faso,2012,84.999
burkina_faso,2013,84.999
burkina_faso,2014,84.999
burkina_faso,2015,84.999
burkina_faso,2016,84.999
burkina_faso,2017,84.999
burkina_faso,2018,84.999
burkina_faso,2019,84.999
burkina_faso,2020,84.999
burkina_faso,2021,84.999
burkina_faso,2022,84.999
cabo_verde,1980,79.556
cabo_verde,1981,77.371
cabo_verde,1982,75.307
cabo_verde,1983,73.355
cabo_verde,1984,71.505
cabo_verde,1985,69.751
cabo_verde,1986,68.083
cabo_verde,1987,66.498
cabo_verde,1988,64.987
cabo_verde,1989,65.045
cabo_verde,1990,65.102
cabo_verde,1991,65.160
cabo_verde,1992,65.217
cabo_verde,1993,65.274
cabo_verde,1994,65.332
cabo_verde,1995,65.389
cabo_verde,1996,65.446
cabo_verde,1997,65.504
cabo_verde,1998,65.330
cabo_verde,1999,65.168
cabo_verde,2000,65.017
cabo_verde,2001,64.875
cabo_verde,2002,64.742
cabo_verde,2003,64.616
cabo_verde,2004,64.498
cabo_verde,2005,66.653
cabo_verde,2006,68.835
cabo_verde,2007,71.045
cabo_verde,2008,73.285
cabo_verde,2009,75.554
cabo_verde,2010,77.853
cabo_verde,2011,80.182
cabo_verde,2012,82.543
cabo_verde,2013,84.936
cabo_verde,2014,87.361
cabo_verde,2015,89.820
cabo_verde,2016,92.312
cabo_verde,2017,94.839
cabo_verde,2018,97.402
cabo_verde,2019,83.247
cabo_verde,2020,83.247
cabo_verde,2021,83.247
cabo_verde,2022,83.247
cambodia,1993,89.722
cambodia,1994,90.329
cambodia,1995,90.937
cambodia,1996,91.545
cambodia,1997,92.152
cambodia,1998,92.760
cambodia,1999,93.367
cambodia,2000,93.975
cambodia,2001,89.722
cambodia,2002,99.206
cambodia,2003,103.83
cambodia,2004,108.45
cambodia,2005,113.08
cambodia,2006,89.706
cambodia,2007,117.70
cambodia,2008,117.70
cambodia,2009,117.70
cambodia,2010,117.70
cambodia,2011,117.70
cambodia,2012,117.70
cambodia,2013,117.70
cambodia,2014,117.70
cambodia,2015,117.70
cambodia,2016,117.70
cambodia,2017,117.70
cambodia,2018,117.70
cambodia,2019,117.70
cambodia,2020,117.70
cambodia,2021,117.70
cambodia,2022,117.70
canada,2006,69.458
canada,2007,62.943
canada,2008,56.427
canada,2009,49.912
canada,2010,43.397
canada,2011,45.961
canada,2012,48.526
canada,2013,48.314
canada,2014,48.101
canada,2015,52.326
canada,2016,56.550
canada,2017,56.646
canada,2018,56.741
canada,2019,53.244
canada,2020,49.746
canada,2021,56.011
canada,2022,62.276
central_african_republic,1987,51.111
central_african_republic,1988,51.111
central_african_republic,1989,51.111
central_african_republic,1990,51.111
central_african_republic,1991,51.111
central_african_republic,1992,51.111
central_african_republic,1993,51.111
central_african_republic,1994,51.111
central_african_republic,1995,51.111
central_african_republic,1996,51.111
central_african_republic,1997,51.111
central_african_republic,1998,51.111
central_african_republic,1999,51.111
central_african_republic,2000,51.111
central_african_republic,2001,51.111
central_african_republic,2002,51.111
central_african_republic,2003,51.111
central_african_republic,2004,51.111
central_african_republic,2005,51.111
central_african_republic,2006,51.111
central_african_republic,2007,51.111
central_african_republic,2008,51.111
central_african_republic,2009,51.111
central_african_republic,2010,51.111
central_african_republic,2011,51.111
central_african_republic,2012,51.111
central_african_republic,2013,51.111
central_african_republic,2014,51.111
central_african_republic,2015,51.111
central_african_republic,2016,51.111
central_african_republic,2017,51.111
central_african_republic,2018,51.111
central_african_republic,2019,51.111
central_african_republic,2020,51.111
central_african_republic,2021,51.111
central_african_republic,2022,51.111
central_and_southern_asia,2000,71.326
central_and_southern_asia,2001,71.584
central_and_southern_asia,2002,71.096
central_and_southern_asia,2003,70.170
central_and_southern_asia,2004,70.510
central_and_southern_asia,2005,69.513
central_and_southern_asia,2006,70.280
central_and_southern_asia,2007,70.615
central_and_southern_asia,2008,70.874
central_and_southern_asia,2009,70.819
central_and_southern_asia,2010,71.647
central_and_southern_asia,2011,71.823
central_and_southern_asia,2012,72.019
central_and_southern_asia,2013,72.160
central_and_southern_asia,2014,72.169
central_and_southern_asia,2015,72.350
central_and_southern_asia,2016,72.925
central_and_southern_asia,2017,72.798
central_and_southern_asia,2018,88.392
central_and_southern_asia,2019,88.304
central_and_southern_asia,2020,89.238
central_and_southern_asia,2021,88.817
central_and_southern_asia,2022,88.747
central_asia,2000,69.629
central_asia,2001,74.992
central_asia,2002,75.379
central_asia,2003,74.115
central_asia,2004,72.926
central_asia,2005,73.491
central_asia,2006,72.773
central_asia,2007,72.197
central_asia,2008,72.284
central_asia,2009,71.349
central_asia,2010,83.301
central_asia,2011,82.912
central_asia,2012,82.495
central_asia,2013,82.107
central_asia,2014,82.316
central_asia,2015,81.915
central_asia,2016,90.319
central_asia,2017,88.508
central_asia,2018,87.321
central_asia,2019,89.093
central_asia,2020,90.123
central_asia,2021,84.883
central_asia,2022,84.049
chad,1988,91.797
chad,1989,91.049
chad,1990,90.407
chad,1991,89.850
chad,1992,89.362
chad,1993,88.932
chad,1994,88.549
chad,1995,88.206
chad,1996,87.897
chad,1997,87.618
chad,1998,87.364
chad,1999,87.132
chad,2000,86.919
chad,2001,86.724
chad,2002,86.543
chad,2003,86.543
chad,2004,86.543
chad,2005,86.543
chad,2006,86.543
chad,2007,86.543
chad,2008,86.543
chad,2009,86.543
chad,2010,86.543
chad,2011,86.543
chad,2012,86.543
chad,2013,86.543
chad,2014,86.543
chad,2015,86.543
chad,2016,86.543
chad,2017,86.543
chad,2018,86.543
chad,2019,86.543
chad,2020,86.543
chad,2021,86.543
chad,2022,86.543
chile,2007,98.647
chile,2008,98.695
chile,2009,98.698
chile,2010,98.701
chile,2011,98.704
chile,2012,98.706
chile,2013,98.709
chile,2014,98.712
chile,2015,98.671
chile,2016,98.665
chile,2017,98.669
chile,2018,98.669
chile,2019,98.669
chile,2020,98.669
chile,2021,98.669
chile,2022,98.669
china,1975,85.343
china,1976,85.539
china,1977,85.736
china,1978,85.933
china,1979,86.129
china,1980,86.326
china,1981,84.476
china,1982,82.711
china,1983,81.285
china,1984,82.054
china,1985,83.188
china,1986,83.581
china,1987,84.339
china,1988,85.094
china,1989,85.846
china,1990,86.594
china,1991,87.339
china,1992,88.080
china,1993,87.926
china,1994,87.773
china,1995,87.623
china,1996,85.986
china,1997,87.533
china,1998,87.490
china,1999,87.449
china,2000,90.773
china,2001,87.371
china,2002,87.334
china,2003,87.299
china,2004,87.264
china,2005,87.231
china,2006,86.146
china,2007,85.758
china,2008,85.382
china,2009,85.018
china,2010,84.664
china,2011,84.320
china,2012,83.987
china,2013,83.662
china,2014,87.928
china,2015,92.095
china,2016,92.788
china,2017,92.656
china,2018,92.230
china,2019,91.749
china,2020,91.377
china,2021,91.377
china,2022,91.377
colombia,2011,36.247
colombia,2012,36.955
colombia,2013,37.797
colombia,2014,38.814
colombia,2015,40.067
colombia,2016,45.325
colombia,2017,52.171
colombia,2018,61.454
colombia,2019,74.755
colombia,2020,95.403
colombia,2021,95.390
colombia,2022,95.390
comoros,1987,65.385
comoros,1988,65.385
comoros,1989,65.385
comoros,1990,65.385
comoros,1991,65.385
comoros,1992,65.385
comoros,1993,65.385
comoros,1994,65.385
comoros,1995,65.385
comoros,1996,65.385
comoros,1997,65.385
comoros,1998,65.385
comoros,1999,65.385
comoros,2000,65.385
comoros,2001,65.385
comoros,2002,65.385
comoros,2003,65.385
comoros,2004,65.385
comoros,2005,65.385
comoros,2006,65.385
comoros,2007,65.385
comoros,2008,65.385
comoros,2009,65.385
comoros,2010,65.385
comoros,2011,65.385
comoros,2012,65.385
comoros,2013,65.385
comoros,2014,65.385
comoros,2015,65.385
comoros,2016,65.385
comoros,2017,65.385
comoros,2018,65.385
comoros,2019,65.385
comoros,2020,65.385
comoros,2021,65.385
comoros,2022,65.385
costa_rica,1997,100.02
costa_rica,1998,99.942
costa_rica,1999,99.865
costa_rica,2000,99.788
costa_rica,2001,99.710
costa_rica,2002,99.633
costa_rica,2003,99.555
costa_rica,2004,99.477
costa_rica,2005,99.399
costa_rica,2006,99.321
costa_rica,2007,99.417
costa_rica,2008,99.513
costa_rica,2009,99.609
costa_rica,2010,99.705
costa_rica,2011,99.802
costa_rica,2012,99.898
costa_rica,2013,100.00
costa_rica,2014,63.600
costa_rica,2015,63.600
costa_rica,2016,63.600
costa_rica,2017,63.600
costa_rica,2018,63.600
costa_rica,2019,63.600
costa_rica,2020,63.600
costa_rica,2021,63.600
costa_rica,2022,63.600
cote_d_ivoire,1994,92.000
cote_d_ivoire,1995,92.000
cote_d_ivoire,1996,92.000
cote_d_ivoire,1997,92.000
cote_d_ivoire,1998,92.000
cote_d_ivoire,1999,92.000
cote_d_ivoire,2000,92.000
cote_d_ivoire,2001,92.000
cote_d_ivoire,2002,92.000
cote_d_ivoire,2003,92.000
cote_d_ivoire,2004,92.000
cote_d_ivoire,2005,92.000
cote_d_ivoire,2006,92.000
cote_d_ivoire,2007,92.000
cote_d_ivoire,2008,92.000
cote_d_ivoire,2009,92.000
cote_d_ivoire,2010,92.000
cote_d_ivoire,2011,92.000
cote_d_ivoire,2012,92.000
cote_d_ivoire,2013,92.000
cote_d_ivoire,2014,92.000
cote_d_ivoire,2015,92.000
cote_d_ivoire,2016,92.000
cote_d_ivoire,2017,92.000
cote_d_ivoire,2018,92.000
cote_d_ivoire,2019,92.000
cote_d_ivoire,2020,92.000
cote_d_ivoire,2021,92.000
cote_d_ivoire,2022,92.000
croatia,2007,31.506
croatia,2008,64.603
croatia,2009,63.160
croatia,2010,62.226
croatia,2011,58.493
croatia,2012,55.091
croatia,2013,51.913
croatia,2014,45.357
croatia,2015,39.388
croatia,2016,33.929
croatia,2017,34.919
croatia,2018,35.632
croatia,2019,36.170
croatia,2020,35.920
croatia,2021,36.170
croatia,2022,73.077
cuba,1997,84.786
cuba,1998,84.959
cuba,1999,85.141
cuba,2000,85.332
cuba,2001,85.534
cuba,2002,85.746
cuba,2003,85.971
cuba,2004,86.209
cuba,2005,86.461
cuba,2006,86.729
cuba,2007,87.014
cuba,2008,87.318
cuba,2009,87.642
cuba,2010,87.990
cuba,2011,82.280
cuba,2012,76.953
cuba,2013,76.953
cuba,2014,76.953
cuba,2015,76.953
cuba,2016,76.953
cuba,2017,76.953
cuba,2018,76.953
cuba,2019,76.953
cuba,2020,76.953
cuba,2021,76.953
cuba,2022,76.953
cyprus,1994,83.600
cyprus,1995,83.326
cyprus,1996,83.065
cyprus,1997,82.820
cyprus,1998,82.591
cyprus,1999,82.376
cyprus,2000,82.174
cyprus,2001,81.984
cyprus,2002,81.804
cyprus,2003,81.634
cyprus,2004,81.473
cyprus,2005,99.062
cyprus,2006,75.150
cyprus,2007,68.268
cyprus,2008,68.243
cyprus,2009,68.846
cyprus,2010,70.181
cyprus,2011,67.788
cyprus,2012,66.007
cyprus,2013,64.819
cyprus,2014,63.090
cyprus,2015,62.024
cyprus,2016,61.589
cyprus,2017,62.992
cyprus,2018,65.024
cyprus,2019,67.057
cyprus,2020,69.802
cyprus,2021,69.090
cyprus,2022,69.090
czechia,2003,34.345
czechia,2004,35.560
czechia,2005,36.828
czechia,2006,43.513
czechia,2007,51.674
czechia,2008,54.003
czechia,2009,56.617
czechia,2010,59.572
czechia,2011,57.079
czechia,2012,54.678
czechia,2013,52.363
czechia,2014,53.219
czechia,2015,53.915
czechia,2016,54.504
czechia,2017,55.748
czechia,2018,57.148
czechia,2019,58.719
czechia,2020,60.495
czechia,2021,60.495
czechia,2022,60.495
democratic_republic_of_the_congo,1995,76.190
democratic_republic_of_the_congo,1996,74.857
democratic_republic_of_the_congo,1997,73.524
democratic_republic_of_the_congo,1998,72.190
democratic_republic_of_the_congo,1999,70.857
democratic_republic_of_the_congo,2000,69.524
democratic_republic_of_the_congo,2001,69.524
democratic_republic_of_the_congo,2002,69.524
democratic_republic_of_the_congo,2003,69.524
democratic_republic_of_the_congo,2004,69.524
democratic_republic_of_the_congo,2005,69.524
democratic_republic_of_the_congo,2006,69.524
democratic_republic_of_the_congo,2007,69.524
democratic_republic_of_the_congo,2008,69.524
democratic_republic_of_the_congo,2009,69.524
democratic_republic_of_the_congo,2010,69.524
democratic_republic_of_the_congo,2011,69.524
democratic_republic_of_the_congo,2012,69.524
democratic_republic_of_the_congo,2013,69.524
democratic_republic_of_the_congo,2014,69.524
democratic_republic_of_the_congo,2015,69.524
democratic_republic_of_the_congo,2016,69.524
democratic_republic_of_the_congo,2017,69.524
democratic_republic_of_the_congo,2018,69.524
democratic_republic_of_the_congo,2019,69.524
democratic_republic_of_the_congo,2020,69.524
democratic_republic_of_the_congo,2021,69.524
democratic_republic_of_the_congo,2022,69.524
denmark,2003,44.898
denmark,2004,51.596
denmark,2005,58.292
denmark,2006,58.329
denmark,2007,58.367
denmark,2008,61.311
denmark,2009,64.065
denmark,2010,66.647
denmark,2011,63.035
denmark,2012,59.202
denmark,2013,55.128
denmark,2014,59.003
denmark,2015,66.813
denmark,2016,71.043
denmark,2017,71.053
denmark,2018,76.513
denmark,2019,86.427
denmark,2020,78.762
denmark,2021,75.254
denmark,2022,78.882
djibouti,1989,60.386
djibouti,1990,57.234
djibouti,1991,54.369
djibouti,1992,51.754
djibouti,1993,49.357
djibouti,1994,47.153
djibouti,1995,45.119
djibouti,1996,43.235
djibouti,1997,41.487
djibouti,1998,39.859
djibouti,1999,38.340
djibouti,2000,38.340
djibouti,2001,38.340
djibouti,2002,38.340
djibouti,2003,38.340
djibouti,2004,38.340
djibouti,2005,38.340
djibouti,2006,38.340
djibouti,2007,38.340
djibouti,2008,38.340
djibouti,2009,38.340
djibouti,2010,38.340
djibouti,2011,38.340
djibouti,2012,38.340
djibouti,2013,38.340
djibouti,2014,38.340
djibouti,2015,38.340
djibouti,2016,38.340
djibouti,2017,38.340
djibouti,2018,38.340
djibouti,2019,38.340
djibouti,2020,38.340
djibouti,2021,38.340
djibouti,2022,38.340
dominican_republic,1999,100.00
dominican_republic,2000,95.802
dominican_republic,2001,90.952
dominican_republic,2002,86.196
dominican_republic,2003,81.531
dominican_republic,2004,76.953
dominican_republic,2005,78.539
dominican_republic,2006,80.094
dominican_republic,2007,81.622
dominican_republic,2008,83.122
dominican_republic,2009,81.199
dominican_republic,2010,85.279
dominican_republic,2011,85.940
dominican_republic,2012,86.579
dominican_republic,2013,88.687
dominican_republic,2014,90.794
dominican_republic,2015,92.901
dominican_republic,2016,95.009
dominican_republic,2017,97.116
dominican_republic,2018,99.224
dominican_republic,2019,99.224
dominican_republic,2020,99.224
dominican_republic,2021,99.224
dominican_republic,2022,99.224
eastern_and_south_eastern_asia,2000,75.792
eastern_and_south_eastern_asia,2001,73.426
eastern_and_south_eastern_asia,2002,73.364
eastern_and_south_eastern_asia,2003,73.260
eastern_and_south_eastern_asia,2004,73.031
eastern_and_south_eastern_asia,2005,73.001
eastern_and_south_eastern_asia,2006,72.298
eastern_and_south_eastern_asia,2007,77.746
eastern_and_south_eastern_asia,2008,77.679
eastern_and_south_eastern_asia,2009,78.542
eastern_and_south_eastern_asia,2010,78.402
eastern_and_south_eastern_asia,2011,78.233
eastern_and_south_eastern_asia,2012,77.987
eastern_and_south_eastern_asia,2013,77.837
eastern_and_south_eastern_asia,2014,80.859
eastern_and_south_eastern_asia,2015,83.873
eastern_and_south_eastern_asia,2016,84.326
eastern_and_south_eastern_asia,2017,84.232
eastern_and_south_eastern_asia,2018,83.894
eastern_and_south_eastern_asia,2019,83.776
eastern_and_south_eastern_asia,2020,83.274
eastern_and_south_eastern_asia,2021,83.239
eastern_and_south_eastern_asia,2022,83.183
eastern_asia,2000,87.442
eastern_asia,2001,84.465
eastern_asia,2002,84.456
eastern_asia,2003,84.426
eastern_asia,2004,84.407
eastern_asia,2005,84.388
eastern_asia,2006,83.431
eastern_asia,2007,83.247
eastern_asia,2008,83.068
eastern_asia,2009,84.128
eastern_asia,2010,83.846
eastern_asia,2011,83.528
eastern_asia,2012,83.218
eastern_asia,2013,82.916
eastern_asia,2014,86.893
eastern_asia,2015,90.798
eastern_asia,2016,91.436
eastern_asia,2017,91.256
eastern_asia,2018,90.805
eastern_asia,2019,90.341
eastern_asia,2020,89.980
eastern_asia,2021,89.972
eastern_asia,2022,89.972
ecuador,2000,72.639
ecuador,2001,71.031
ecuador,2002,69.635
ecuador,2003,68.412
ecuador,2004,67.330
ecuador,2005,66.368
ecuador,2006,65.506
ecuador,2007,64.729
ecuador,2008,64.025
ecuador,2009,63.385
ecuador,2010,62.800
ecuador,2011,61.368
ecuador,2012,60.000
ecuador,2013,58.692
ecuador,2014,57.439
ecuador,2015,56.239
ecuador,2016,55.088
ecuador,2017,55.088
ecuador,2018,55.088
ecuador,2019,55.088
ecuador,2020,55.088
ecuador,2021,55.088
ecuador,2022,55.088
egypt,1993,100.00
egypt,1994,99.999
egypt,1995,99.998
egypt,1996,99.997
egypt,1997,99.996
egypt,1998,99.995
egypt,1999,99.994
egypt,2000,99.993
egypt,2001,99.992
egypt,2002,100.00
egypt,2003,99.310
egypt,2004,98.639
egypt,2005,97.976
egypt,2006,97.322
egypt,2007,96.677
egypt,2008,96.041
egypt,2009,95.412
egypt,2010,94.792
egypt,2011,94.530
egypt,2012,92.587
egypt,2013,90.986
egypt,2014,91.375
egypt,2015,89.581
egypt,2016,89.511
egypt,2017,89.511
egypt,2018,89.511
egypt,2019,89.511
egypt,2020,89.511
egypt,2021,89.511
egypt,2022,89.511
el_salvador,2012,74.818
el_salvador,2013,1.3465
el_salvador,2014,0.63877
el_salvador,2015,0.39982
el_salvador,2016,0.27977
el_salvador,2017,0.20755
el_salvador,2018,0.15933
el_salvador,2019,0.15582
el_salvador,2020,0.11712
el_salvador,2021,0.093819
el_salvador,2022,0.078251
eritrea,1993,62.483
eritrea,1994,62.483
eritrea,1995,62.483
eritrea,1996,62.483
eritrea,1997,62.483
eritrea,1998,62.483
eritrea,1999,62.483
eritrea,2000,62.483
eritrea,2001,62.483
eritrea,2002,62.483
eritrea,2003,62.483
eritrea,2004,62.483
eritrea,2005,62.483
eritrea,2006,62.483
eritrea,2007,62.483
eritrea,2008,62.483
eritrea,2009,62.483
eritrea,2010,62.483
eritrea,2011,62.483
eritrea,2012,62.483
eritrea,2013,62.483
eritrea,2014,62.483
eritrea,2015,62.483
eritrea,2016,62.483
eritrea,2017,62.483
eritrea,2018,62.483
eritrea,2019,62.483
eritrea,2020,62.483
eritrea,2021,62.483
eritrea,2022,62.483
estonia,1995,44.076
estonia,1996,44.074
estonia,1997,44.071
estonia,1998,44.068
estonia,1999,44.065
estonia,2000,44.061
estonia,2001,44.056
estonia,2002,44.050
estonia,2003,44.043
estonia,2004,44.033
estonia,2005,44.021
estonia,2006,46.110
estonia,2007,48.991
estonia,2008,53.122
estonia,2009,59.593
estonia,2010,70.870
estonia,2011,71.471
estonia,2012,71.775
estonia,2013,72.093
estonia,2014,71.031
estonia,2015,70.798
estonia,2016,70.696
estonia,2017,70.696
estonia,2018,70.696
estonia,2019,70.696
estonia,2020,111.11
estonia,2021,70.696
estonia,2022,70.696
eswatini,1990,100.00
eswatini,1991,100.00
eswatini,1992,100.00
eswatini,1993,100.00
eswatini,1994,100.00
eswatini,1995,100.00
eswatini,1996,100.00
eswatini,1997,100.00
eswatini,1998,100.00
eswatini,1999,100.00
eswatini,2000,100.00
eswatini,2001,100.00
eswatini,2002,89.948
eswatini,2003,89.948
eswatini,2004,89.948
eswatini,2005,89.948
eswatini,2006,89.948
eswatini,2007,89.948
eswatini,2008,89.948
eswatini,2009,89.948
eswatini,2010,89.948
eswatini,2011,89.948
eswatini,2012,89.948
eswatini,2013,89.948
eswatini,2014,89.948
eswatini,2015,89.948
eswatini,2016,89.948
eswatini,2017,89.948
eswatini,2018,89.948
eswatini,2019,89.948
eswatini,2020,89.948
eswatini,2021,89.948
eswatini,2022,89.948
europe,2000,31.087
europe,2001,29.882
europe,2002,31.721
europe,2003,42.566
europe,2004,42.508
europe,2005,57.015
europe,2006,57.288
europe,2007,56.237
europe,2008,56.064
europe,2009,56.703
europe,2010,56.047
europe,2011,56.921
europe,2012,57.856
europe,2013,55.482
europe,2014,55.273
europe,2015,55.323
europe,2016,48.844
europe,2017,50.642
europe,2018,50.552
europe,2019,50.805
europe,2020,49.878
europe,2021,48.408
europe,2022,50.406
europe_and_northern_america,2000,58.331
europe_and_northern_america,2001,58.005
europe_and_northern_america,2002,59.354
europe_and_northern_america,2003,68.309
europe_and_northern_america,2004,73.792
europe_and_northern_america,2005,87.337
europe_and_northern_america,2006,93.938
europe_and_northern_america,2007,71.926
europe_and_northern_america,2008,70.420
europe_and_northern_america,2009,70.847
europe_and_northern_america,2010,70.605
europe_and_northern_america,2011,71.260
europe_and_northern_america,2012,71.955
europe_and_northern_america,2013,70.416
europe_and_northern_america,2014,70.302
europe_and_northern_america,2015,70.332
europe_and_northern_america,2016,66.417
europe_and_northern_america,2017,69.222
europe_and_northern_america,2018,67.394
europe_and_northern_america,2019,67.469
europe_and_northern_america,2020,68.527
europe_and_northern_america,2021,68.044
europe_and_northern_america,2022,71.953
fiji,2003,100.00
fiji,2004,100.00
fiji,2005,100.00
fiji,2006,100.00
fiji,2007,100.00
fiji,2008,100.00
fiji,2009,100.00
fiji,2010,100.00
fiji,2011,100.00
fiji,2012,100.00
fiji,2013,100.00
fiji,2014,100.00
fiji,2015,100.00
fiji,2016,100.00
fiji,2017,100.00
fiji,2018,100.00
fiji,2019,100.00
fiji,2020,100.00
fiji,2021,100.00
fiji,2022,100.00
finland,2005,0.0000
finland,2006,0.0000
finland,2007,0.0000
finland,2008,6.7633
finland,2009,14.043
finland,2010,21.901
finland,2011,16.528
finland,2012,12.476
finland,2013,9.3117
finland,2014,11.417
finland,2015,15.327
finland,2016,14.619
finland,2017,7.2727
finland,2018,7.2727
finland,2019,7.2727
finland,2020,5.6180
finland,2021,5.6180
finland,2022,5.6180
france,2003,72.880
france,2004,68.113
france,2005,62.715
france,2006,60.313
france,2007,56.612
france,2008,60.605
france,2009,64.306
france,2010,67.641
france,2011,61.907
france,2012,56.222
france,2013,50.637
france,2014,51.167
france,2015,51.163
france,2016,51.194
france,2017,55.361
france,2018,59.529
france,2019,63.696
france,2020,64.228
france,2021,64.228
france,2022,64.228
gambia,1991,64.671
gambia,1992,62.432
gambia,1993,60.344
gambia,1994,58.390
gambia,1995,56.559
gambia,1996,54.840
gambia,1997,53.222
gambia,1998,51.696
gambia,1999,50.256
gambia,2000,50.256
gambia,2001,50.256
gambia,2002,50.256
gambia,2003,50.256
gambia,2004,50.256
gambia,2005,50.256
gambia,2006,50.256
gambia,2007,50.256
gambia,2008,50.256
gambia,2009,50.256
gambia,2010,50.256
gambia,2011,21.600
gambia,2012,50.256
gambia,2013,50.256
gambia,2014,50.256
gambia,2015,50.256
gambia,2016,50.256
gambia,2017,50.256
gambia,2018,50.256
gambia,2019,50.256
gambia,2020,50.256
gambia,2021,50.256
gambia,2022,50.256
georgia,1992,70.401
georgia,1993,66.853
georgia,1994,63.305
georgia,1995,59.757
georgia,1996,63.000
georgia,1997,40.923
georgia,1998,38.166
georgia,1999,35.409
georgia,2000,32.651
georgia,2001,31.213
georgia,2002,29.774
georgia,2003,28.335
georgia,2004,26.897
georgia,2005,25.458
georgia,2006,24.019
georgia,2007,21.270
georgia,2008,19.915
georgia,2009,18.560
georgia,2010,17.205
georgia,2011,15.849
georgia,2012,14.494
georgia,2013,13.139
georgia,2014,11.784
georgia,2015,10.429
georgia,2016,39.512
georgia,2017,39.563
georgia,2018,36.673
georgia,2019,43.148
georgia,2020,52.803
georgia,2021,44.136
georgia,2022,48.292
germany,2006,45.492
germany,2007,49.247
germany,2008,52.601
germany,2009,55.615
germany,2010,58.338
germany,2011,56.425
germany,2012,54.611
germany,2013,52.887
germany,2014,57.984
germany,2015,66.795
germany,2016,66.784
germany,2017,63.010
germany,2018,62.738
germany,2019,65.921
germany,2020,65.921
germany,2021,78.182
germany,2022,69.967
ghana,1994,60.998
ghana,1995,75.434
ghana,1996,81.759
ghana,1997,85.309
ghana,1998,87.582
ghana,1999,89.162
ghana,2000,90.324
ghana,2001,91.087
ghana,2002,91.851
ghana,2003,92.615
ghana,2004,93.379
ghana,2005,94.142
ghana,2006,94.906
ghana,2007,95.670
ghana,2008,96.434
ghana,2009,97.197
ghana,2010,97.961
ghana,2011,97.961
ghana,2012,97.961
ghana,2013,97.961
ghana,2014,97.961
ghana,2015,97.961
ghana,2016,97.961
ghana,2017,97.961
ghana,2018,97.961
ghana,2019,97.961
ghana,2020,97.961
ghana,2021,97.961
ghana,2022,97.961
greece,1990,82.493
greece,1991,83.834
greece,1992,85.099
greece,1993,86.294
greece,1994,89.384
greece,1995,92.470
greece,1996,91.760
greece,1997,91.073
greece,1998,89.987
greece,1999,88.926
greece,2000,87.888
greece,2001,86.840
greece,2002,85.888
greece,2003,85.020
greece,2004,83.671
greece,2005,82.383
greece,2006,82.341
greece,2007,82.299
greece,2008,81.332
greece,2009,80.244
greece,2010,79.013
greece,2011,78.196
greece,2012,77.463
greece,2013,76.800
greece,2014,74.820
greece,2015,72.841
greece,2016,79.489
greece,2017,68.992
greece,2018,67.122
greece,2019,65.251
greece,2020,63.381
greece,2021,63.381
greece,2022,63.381
grenada,1997,0.0000
grenada,1998,9.0909
grenada,1999,18.182
grenada,2000,27.273
grenada,2001,36.364
grenada,2002,45.455
grenada,2003,54.545
grenada,2004,63.636
grenada,2005,72.727
grenada,2006,81.818
grenada,2007,90.909
grenada,2008,100.00
grenada,2009,100.00
grenada,2010,100.00
grenada,2011,100.00
grenada,2012,100.00
grenada,2013,100.00
grenada,2014,100.00
grenada,2015,100.00
grenada,2016,100.00
grenada,2017,100.00
grenada,2018,100.00
grenada,2019,100.00
grenada,2020,100.00
grenada,2021,100.00
grenada,2022,100.00
guatemala,1997,100.00
guatemala,1998,113.39
guatemala,1999,124.77
guatemala,2000,134.56
guatemala,2001,143.07
guatemala,2002,150.54
guatemala,2003,99.997
guatemala,2004,99.101
guatemala,2005,98.221
guatemala,2006,97.357
guatemala,2007,96.508
guatemala,2008,95.673
guatemala,2009,94.853
guatemala,2010,94.046
guatemala,2011,93.254
guatemala,2012,92.474
guatemala,2013,92.474
guatemala,2014,92.474
guatemala,2015,92.474
guatemala,2016,92.474
guatemala,2017,92.474
guatemala,2018,92.474
guatemala,2019,92.474
guatemala,2020,92.474
guatemala,2021,92.474
guatemala,2022,92.474
guinea,2000,100.44
guinea,2001,99.989
guinea,2002,95.857
guinea,2003,91.725
guinea,2004,87.593
guinea,2005,83.461
guinea,2006,79.329
guinea,2007,75.197
guinea,2008,71.065
guinea,2009,66.933
guinea,2010,62.801
guinea,2011,58.669
guinea,2012,54.537
guinea,2013,50.405
guinea,2014,46.273
guinea,2015,42.141
guinea,2016,38.009
guinea,2017,33.877
guinea,2018,29.745
guinea,2019,25.613
guinea,2020,21.481
guinea,2021,21.481
guinea,2022,21.481
guinea_bissau,1994,100.00
guinea_bissau,1995,99.970
guinea_bissau,1996,99.991
guinea_bissau,1997,99.991
guinea_bissau,1998,99.991
guinea_bissau,1999,99.991
guinea_bissau,2000,99.991
guinea_bissau,2001,99.991
guinea_bissau,2002,99.991
guinea_bissau,2003,99.991
guinea_bissau,2004,99.991
guinea_bissau,2005,99.991
guinea_bissau,2006,99.991
guinea_bissau,2007,99.991
guinea_bissau,2008,99.991
guinea_bissau,2009,99.991
guinea_bissau,2010,99.991
guinea_bissau,2011,99.991
guinea_bissau,2012,99.991
guinea_bissau,2013,99.991
guinea_bissau,2014,99.991
guinea_bissau,2015,99.991
guinea_bissau,2016,99.991
guinea_bissau,2017,99.991
guinea_bissau,2018,99.991
guinea_bissau,2019,99.991
guinea_bissau,2020,99.991
guinea_bissau,2021,99.991
guinea_bissau,2022,99.991
guyana,2010,88.741
guyana,2011,88.951
guyana,2012,89.161
guyana,2013,89.161
guyana,2014,89.161
guyana,2015,89.161
guyana,2016,3445.9
guyana,2017,89.161
guyana,2018,89.161
guyana,2019,89.161
guyana,2020,89.161
guyana,2021,89.161
guyana,2022,89.161
haiti,1991,71.497
haiti,1992,72.222
haiti,1993,72.946
haiti,1994,73.670
haiti,1995,74.394
haiti,1996,75.119
haiti,1997,75.843
haiti,1998,76.567
haiti,1999,77.292
haiti,2000,78.016
haiti,2001,78.740
haiti,2002,79.464
haiti,2003,80.189
haiti,2004,80.913
haiti,2005,81.637
haiti,2006,82.362
haiti,2007,83.086
haiti,2008,83.810
haiti,2009,79.741
haiti,2010,85.259
haiti,2011,85.983
haiti,2012,86.707
haiti,2013,87.432
haiti,2014,87.432
haiti,2015,87.432
haiti,2016,87.432
haiti,2017,87.432
haiti,2018,87.432
haiti,2019,87.432
haiti,2020,87.432
haiti,2021,87.432
haiti,2022,87.432
honduras,1991,75.003
honduras,1992,77.610
honduras,1993,80.217
honduras,1994,82.824
honduras,1995,85.431
honduras,1996,88.038
honduras,1997,90.645
honduras,1998,93.252
honduras,1999,95.859
honduras,2000,98.466
honduras,2001,101.07
honduras,2002,103.68
honduras,2003,106.29
honduras,2004,108.89
honduras,2005,98.349
honduras,2006,111.50
honduras,2007,92.920
honduras,2008,111.50
honduras,2009,91.003
honduras,2010,111.50
honduras,2011,111.50
honduras,2012,111.50
honduras,2013,111.50
honduras,2014,111.50
honduras,2015,111.50
honduras,2016,111.50
honduras,2017,111.50
honduras,2018,111.50
honduras,2019,111.50
honduras,2020,111.50
honduras,2021,111.50
honduras,2022,111.50
hungary,2000,28.493
hungary,2001,40.787
hungary,2002,57.802
hungary,2003,71.353
hungary,2004,70.346
hungary,2005,49.191
hungary,2006,55.419
hungary,2007,62.168
hungary,2008,52.750
hungary,2009,46.235
hungary,2010,41.455
hungary,2011,55.856
hungary,2012,69.103
hungary,2013,45.876
hungary,2014,53.745
hungary,2015,57.379
hungary,2016,43.776
hungary,2017,51.275
hungary,2018,48.025
hungary,2019,53.222
hungary,2020,63.979
hungary,2021,46.981
hungary,2022,58.666
india,1962,94.339
india,1963,94.339
india,1964,94.339
india,1965,94.339
india,1966,94.338
india,1967,94.338
india,1968,94.339
india,1969,94.339
india,1970,94.339
india,1971,94.339
india,1972,94.340
india,1973,94.058
india,1974,93.789
india,1975,93.534
india,1976,93.291
india,1977,93.058
india,1978,93.612
india,1979,94.139
india,1980,94.643
india,1981,95.124
india,1982,95.584
india,1983,94.669
india,1984,93.790
india,1985,92.943
india,1986,92.128
india,1987,91.342
india,1988,92.830
india,1989,94.282
india,1990,95.619
india,1991,96.923
india,1992,97.944
india,1993,98.940
india,1994,98.361
india,1995,97.813
india,1996,97.292
india,1997,96.539
india,1998,95.825
india,1999,95.149
india,2000,94.507
india,2001,93.897
india,2002,93.300
india,2003,92.715
india,2004,92.143
india,2005,91.585
india,2006,92.369
india,2007,93.140
india,2008,93.898
india,2009,93.897
india,2010,93.897
india,2011,93.897
india,2012,93.897
india,2013,93.896
india,2014,93.896
india,2015,93.896
india,2016,93.896
india,2017,93.896
india,2018,93.896
india,2019,93.896
india,2020,93.896
india,2021,93.896
india,2022,93.896
iran_islamic_republic_of,1993,100.00
iran_islamic_republic_of,1994,97.943
iran_islamic_republic_of,1995,95.929
iran_islamic_republic_of,1996,93.963
iran_islamic_republic_of,1997,92.041
iran_islamic_republic_of,1998,90.162
iran_islamic_republic_of,1999,88.325
iran_islamic_republic_of,2000,86.529
iran_islamic_republic_of,2001,84.772
iran_islamic_republic_of,2002,83.053
iran_islamic_republic_of,2003,81.371
iran_islamic_republic_of,2004,80.034
iran_islamic_republic_of,2005,78.715
iran_islamic_republic_of,2006,77.414
iran_islamic_republic_of,2007,76.180
iran_islamic_republic_of,2008,74.985
iran_islamic_republic_of,2009,73.828
iran_islamic_republic_of,2010,73.828
iran_islamic_republic_of,2011,73.828
iran_islamic_republic_of,2012,73.828
iran_islamic_republic_of,2013,73.828
iran_islamic_republic_of,2014,73.828
iran_islamic_republic_of,2015,73.828
iran_islamic_republic_of,2016,73.828
iran_islamic_republic_of,2017,73.828
iran_islamic_republic_of,2018,73.828
iran_islamic_republic_of,2019,73.828
iran_islamic_republic_of,2020,73.828
iran_islamic_republic_of,2021,73.828
iran_islamic_republic_of,2022,73.828
iraq,1990,54.900
iraq,1991,54.894
iraq,1992,54.894
iraq,1993,54.894
iraq,1994,54.894
iraq,1995,54.894
iraq,1996,54.894
iraq,1997,54.894
iraq,1998,54.894
iraq,1999,54.894
iraq,2000,54.894
iraq,2001,54.894
iraq,2002,54.894
iraq,2003,54.894
iraq,2004,54.894
iraq,2005,54.894
iraq,2006,54.894
iraq,2007,54.894
iraq,2008,54.894
iraq,2009,54.894
iraq,2010,54.894
iraq,2011,54.894
iraq,2012,54.894
iraq,2013,54.894
iraq,2014,54.894
iraq,2015,54.894
iraq,2016,54.894
iraq,2017,54.894
iraq,2018,54.894
iraq,2019,54.894
iraq,2020,54.894
iraq,2021,54.894
iraq,2022,54.894
ireland,1998,100.00
ireland,1999,100.00
ireland,2000,100.00
ireland,2001,100.00
ireland,2002,100.00
ireland,2003,100.00
ireland,2004,100.00
ireland,2005,100.00
ireland,2006,100.00
ireland,2007,100.00
ireland,2008,100.00
ireland,2009,100.00
ireland,2010,100.00
ireland,2011,100.00
ireland,2012,100.00
ireland,2013,100.00
ireland,2014,100.00
ireland,2015,100.00
ireland,2016,100.00
ireland,2017,100.00
ireland,2018,100.00
ireland,2019,100.00
ireland,2020,100.00
ireland,2021,100.00
ireland,2022,100.00
israel,2006,80.667
israel,2007,83.018
israel,2008,85.370
israel,2009,87.721
israel,2010,90.073
israel,2011,92.424
israel,2012,94.776
israel,2013,97.127
israel,2014,99.479
israel,2015,101.83
israel,2016,104.18
israel,2017,106.53
israel,2018,106.53
israel,2019,106.53
israel,2020,106.53
israel,2021,106.53
israel,2022,106.53
italy,1990,69.907
italy,1991,79.981
italy,1992,78.626
italy,1993,72.615
italy,1994,77.172
italy,1995,100.00
italy,1996,89.527
italy,1997,100.00
italy,1998,89.753
italy,1999,78.006
italy,2000,63.615
italy,2001,63.489
italy,2002,69.134
italy,2003,68.720
italy,2004,69.636
italy,2005,65.769
italy,2006,67.448
italy,2007,67.480
italy,2008,66.514
italy,2009,65.512
italy,2010,64.471
italy,2011,66.951
italy,2012,69.318
italy,2013,71.578
italy,2014,68.290
italy,2015,65.067
italy,2016,62.069
italy,2017,61.899
italy,2018,61.909
italy,2019,61.916
italy,2020,67.486
italy,2021,67.475
italy,2022,67.348
jamaica,1997,100.02
jamaica,1998,100.01
jamaica,1999,100.01
jamaica,2000,100.01
jamaica,2001,100.01
jamaica,2002,100.01
jamaica,2003,100.01
jamaica,2004,100.01
jamaica,2005,100.01
jamaica,2006,100.00
jamaica,2007,100.00
jamaica,2008,100.00
jamaica,2009,100.00
jamaica,2010,100.00
jamaica,2011,88.996
jamaica,2012,80.174
jamaica,2013,72.943
jamaica,2014,66.908
jamaica,2015,66.908
jamaica,2016,66.908
jamaica,2017,66.908
jamaica,2018,66.908
jamaica,2019,66.908
jamaica,2020,66.908
jamaica,2021,66.908
jamaica,2022,66.908
japan,1990,99.358
japan,1991,99.313
japan,1992,99.660
japan,1993,100.00
japan,1994,99.504
japan,1995,99.000
japan,1996,98.488
japan,1997,97.967
japan,1998,97.437
japan,1999,96.899
japan,2000,96.351
japan,2001,95.794
japan,2002,95.227
japan,2003,94.650
japan,2004,94.063
japan,2005,93.465
japan,2006,92.857
japan,2007,96.584
japan,2008,100.52
japan,2009,104.69
japan,2010,109.11
japan,2011,108.38
japan,2012,107.69
japan,2013,107.01
japan,2014,106.36
japan,2015,105.74
japan,2016,105.13
japan,2017,102.93
japan,2018,100.84
japan,2019,100.00
japan,2020,99.163
japan,2021,98.946
japan,2022,98.946
jordan,2006,91.312
jordan,2007,94.809
jordan,2008,83.543
jordan,2009,82.516
jordan,2010,77.072
jordan,2011,82.532
jordan,2012,83.934
jordan,2013,78.301
jordan,2014,77.756
jordan,2015,79.541
jordan,2016,77.939
jordan,2017,84.914
jordan,2018,93.113
jordan,2019,100.00
jordan,2020,96.084
jordan,2021,89.336
jordan,2022,89.336
kazakhstan,2010,57.375
kazakhstan,2011,57.071
kazakhstan,2012,56.775
kazakhstan,2013,56.488
kazakhstan,2014,56.210
kazakhstan,2015,55.939
kazakhstan,2016,95.643
kazakhstan,2017,92.085
kazakhstan,2018,84.798
kazakhstan,2019,102.58
kazakhstan,2020,98.277
kazakhstan,2021,75.565
kazakhstan,2022,70.933
kenya,1992,91.215
kenya,1993,90.883
kenya,1994,90.578
kenya,1995,90.297
kenya,1996,90.038
kenya,1997,89.798
kenya,1998,89.576
kenya,1999,89.369
kenya,2000,89.175
kenya,2001,88.995
kenya,2002,88.825
kenya,2003,88.666
kenya,2004,84.178
kenya,2005,80.122
kenya,2006,76.439
kenya,2007,73.080
kenya,2008,70.004
kenya,2009,67.176
kenya,2010,64.568
kenya,2011,61.192
kenya,2012,58.151
kenya,2013,55.399
kenya,2014,52.895
kenya,2015,50.608
kenya,2016,48.510
kenya,2017,48.510
kenya,2018,48.510
kenya,2019,48.510
kenya,2020,48.510
kenya,2021,48.510
kenya,2022,48.510
kuwait,1994,100.00
kuwait,1995,97.800
kuwait,1996,95.893
kuwait,1997,94.224
kuwait,1998,92.751
kuwait,1999,91.442
kuwait,2000,90.270
kuwait,2001,93.539
kuwait,2002,96.782
kuwait,2003,100.00
kuwait,2004,100.00
kuwait,2005,100.00
kuwait,2006,100.00
kuwait,2007,92.926
kuwait,2008,86.773
kuwait,2009,81.374
kuwait,2010,76.598
kuwait,2011,72.342
kuwait,2012,68.526
kuwait,2013,65.086
kuwait,2014,61.967
kuwait,2015,59.128
kuwait,2016,58.575
kuwait,2017,68.905
kuwait,2018,68.905
kuwait,2019,68.905
kuwait,2020,68.905
kuwait,2021,68.905
kuwait,2022,68.905
kyrgyzstan,1994,100.00
kyrgyzstan,1995,99.997
kyrgyzstan,1996,99.993
kyrgyzstan,1997,99.990
kyrgyzstan,1998,99.986
kyrgyzstan,1999,99.983
kyrgyzstan,2000,99.979
kyrgyzstan,2001,99.976
kyrgyzstan,2002,99.972
kyrgyzstan,2003,99.968
kyrgyzstan,2004,99.965
kyrgyzstan,2005,99.961
kyrgyzstan,2006,99.936
kyrgyzstan,2007,99.912
kyrgyzstan,2008,99.887
kyrgyzstan,2009,99.863
kyrgyzstan,2010,99.804
kyrgyzstan,2011,99.961
kyrgyzstan,2012,99.804
kyrgyzstan,2013,99.961
kyrgyzstan,2014,99.961
kyrgyzstan,2015,99.961
kyrgyzstan,2016,99.961
kyrgyzstan,2017,99.961
kyrgyzstan,2018,99.961
kyrgyzstan,2019,99.961
kyrgyzstan,2020,99.961
kyrgyzstan,2021,99.961
kyrgyzstan,2022,99.961
land_locked_developing_countries,2000,66.534
land_locked_developing_countries,2001,69.778
land_locked_developing_countries,2002,69.515
land_locked_developing_countries,2003,66.762
land_locked_developing_countries,2004,70.811
land_locked_developing_countries,2005,67.763
land_locked_developing_countries,2006,68.239
land_locked_developing_countries,2007,68.043
land_locked_developing_countries,2008,67.513
land_locked_developing_countries,2009,66.430
land_locked_developing_countries,2010,69.513
land_locked_developing_countries,2011,69.721
land_locked_developing_countries,2012,70.660
land_locked_developing_countries,2013,70.743
land_locked_developing_countries,2014,70.648
land_locked_developing_countries,2015,71.955
land_locked_developing_countries,2016,75.941
land_locked_developing_countries,2017,75.328
land_locked_developing_countries,2018,74.656
land_locked_developing_countries,2019,75.177
land_locked_developing_countries,2020,75.734
land_locked_developing_countries,2021,73.324
land_locked_developing_countries,2022,73.179
lao_people_s_democratic_republic,1995,88.867
lao_people_s_democratic_republic,1996,101.11
lao_people_s_democratic_republic,1997,111.67
lao_people_s_democratic_republic,1998,120.88
lao_people_s_democratic_republic,1999,128.98
lao_people_s_democratic_republic,2000,100.00
lao_people_s_democratic_republic,2001,129.52
lao_people_s_democratic_republic,2002,123.56
lao_people_s_democratic_republic,2003,118.18
lao_people_s_democratic_republic,2004,67.771
lao_people_s_democratic_republic,2005,87.323
lao_people_s_democratic_republic,2006,97.847
lao_people_s_democratic_republic,2007,98.495
lao_people_s_democratic_republic,2008,99.092
lao_people_s_democratic_republic,2009,99.644
lao_people_s_democratic_republic,2010,100.16
lao_people_s_democratic_republic,2011,100.63
lao_people_s_democratic_republic,2012,101.08
lao_people_s_democratic_republic,2013,101.49
lao_people_s_democratic_republic,2014,89.161
lao_people_s_democratic_republic,2015,86.753
lao_people_s_democratic_republic,2016,92.163
lao_people_s_democratic_republic,2017,99.993
lao_people_s_democratic_republic,2018,100.00
lao_people_s_democratic_republic,2019,100.00
lao_people_s_democratic_republic,2020,100.00
lao_people_s_democratic_republic,2021,100.00
lao_people_s_democratic_republic,2022,100.00
latin_america_and_the_caribbean,2000,81.806
latin_america_and_the_caribbean,2001,81.274
latin_america_and_the_caribbean,2002,80.230
latin_america_and_the_caribbean,2003,79.762
latin_america_and_the_caribbean,2004,80.120
latin_america_and_the_caribbean,2005,80.543
latin_america_and_the_caribbean,2006,80.996
latin_america_and_the_caribbean,2007,82.144
latin_america_and_the_caribbean,2008,82.726
latin_america_and_the_caribbean,2009,80.111
latin_america_and_the_caribbean,2010,83.590
latin_america_and_the_caribbean,2011,86.029
latin_america_and_the_caribbean,2012,87.928
latin_america_and_the_caribbean,2013,80.991
latin_america_and_the_caribbean,2014,72.684
latin_america_and_the_caribbean,2015,67.230
latin_america_and_the_caribbean,2016,61.503
latin_america_and_the_caribbean,2017,58.053
latin_america_and_the_caribbean,2018,54.471
latin_america_and_the_caribbean,2019,51.053
latin_america_and_the_caribbean,2020,44.627
latin_america_and_the_caribbean,2021,39.338
latin_america_and_the_caribbean,2022,35.466
latvia,2005,0.0000
latvia,2006,38.272
latvia,2007,74.699
latvia,2008,69.643
latvia,2009,65.595
latvia,2010,62.281
latvia,2011,62.887
latvia,2012,63.750
latvia,2013,65.079
latvia,2014,72.981
latvia,2015,80.547
latvia,2016,87.798
latvia,2017,88.170
latvia,2018,88.542
latvia,2019,77.970
latvia,2020,72.236
latvia,2021,72.236
latvia,2022,72.236
least_developed_countries,2000,59.400
least_developed_countries,2001,59.638
least_developed_countries,2002,59.010
least_developed_countries,2003,56.466
least_developed_countries,2004,61.239
least_developed_countries,2005,57.272
least_developed_countries,2006,57.542
least_developed_countries,2007,57.780
least_developed_countries,2008,56.975
least_developed_countries,2009,56.395
least_developed_countries,2010,53.279
least_developed_countries,2011,53.495
least_developed_countries,2012,49.694
least_developed_countries,2013,49.286
least_developed_countries,2014,49.287
least_developed_countries,2015,50.255
least_developed_countries,2016,50.293
least_developed_countries,2017,50.417
least_developed_countries,2018,50.397
least_developed_countries,2019,50.259
least_developed_countries,2020,50.365
least_developed_countries,2021,50.281
least_developed_countries,2022,50.449
lebanon,1998,86.532
lebanon,1999,85.650
lebanon,2000,84.785
lebanon,2001,83.938
lebanon,2002,83.108
lebanon,2003,82.294
lebanon,2004,81.496
lebanon,2005,80.713
lebanon,2006,79.945
lebanon,2007,79.191
lebanon,2008,78.452
lebanon,2009,77.726
lebanon,2010,77.013
lebanon,2011,80.724
lebanon,2012,84.811
lebanon,2013,89.334
lebanon,2014,94.367
lebanon,2015,100.00
lebanon,2016,100.00
lebanon,2017,100.00
lebanon,2018,100.00
lebanon,2019,100.00
lebanon,2020,100.00
lebanon,2021,100.00
lebanon,2022,100.00
lesotho,1994,7.4000
lesotho,1995,6.4991
lesotho,1996,5.5283
lesotho,1997,4.5451
lesotho,1998,3.5494
lesotho,1999,2.5408
lesotho,2000,2.5408
lesotho,2001,2.5408
lesotho,2002,2.5408
lesotho,2003,2.5408
lesotho,2004,2.5408
lesotho,2005,2.5408
lesotho,2006,2.5408
lesotho,2007,2.5408
lesotho,2008,2.5408
lesotho,2009,2.5408
lesotho,2010,2.5408
lesotho,2011,2.5408
lesotho,2012,2.5408
lesotho,2013,2.5408
lesotho,2014,2.5408
lesotho,2015,2.5408
lesotho,2016,2.5408
lesotho,2017,2.5408
lesotho,2018,2.5408
lesotho,2019,2.5408
lesotho,2020,2.5408
lesotho,2021,2.5408
lesotho,2022,2.5408
libya,1990,51.100
libya,1991,52.681
libya,1992,54.298
libya,1993,55.915
libya,1994,57.532
libya,1995,59.149
libya,1996,60.766
libya,1997,62.383
libya,1998,64.000
libya,1999,65.617
libya,2000,67.234
libya,2001,68.509
libya,2002,69.834
libya,2003,71.211
libya,2004,72.644
libya,2005,74.135
libya,2006,75.689
libya,2007,77.309
libya,2008,79.000
libya,2009,79.000
libya,2010,79.000
libya,2011,79.000
libya,2012,79.000
libya,2013,79.000
libya,2014,79.000
libya,2015,79.000
libya,2016,79.000
libya,2017,79.000
libya,2018,79.000
libya,2019,79.000
libya,2020,79.000
libya,2021,79.000
libya,2022,79.000
lithuania,2005,5.2036
lithuania,2006,13.845
lithuania,2007,74.627
lithuania,2008,33.543
lithuania,2009,41.698
lithuania,2010,60.794
lithuania,2011,44.674
lithuania,2012,35.526
lithuania,2013,39.216
lithuania,2014,41.581
lithuania,2015,43.798
lithuania,2016,45.880
lithuania,2017,45.880
lithuania,2018,45.880
lithuania,2019,45.880
lithuania,2020,45.880
lithuania,2021,45.880
lithuania,2022,45.880
luxembourg,2002,100.00
luxembourg,2003,115.38
luxembourg,2004,141.03
luxembourg,2005,192.31
luxembourg,2006,346.15
luxembourg,2015,100.00
luxembourg,2016,100.00
luxembourg,2017,100.00
luxembourg,2018,100.00
luxembourg,2019,100.00
luxembourg,2020,100.00
luxembourg,2021,100.00
luxembourg,2022,100.00
madagascar,2000,66.130
madagascar,2001,66.130
madagascar,2002,66.130
madagascar,2003,66.130
madagascar,2004,66.130
madagascar,2005,66.130
madagascar,2006,66.130
madagascar,2007,66.130
madagascar,2008,66.130
madagascar,2009,66.130
madagascar,2010,66.130
madagascar,2011,66.130
madagascar,2012,66.130
madagascar,2013,60.787
madagascar,2014,66.130
madagascar,2015,66.130
madagascar,2016,66.130
madagascar,2017,66.130
madagascar,2018,66.130
madagascar,2019,66.130
madagascar,2020,66.130
madagascar,2021,66.130
madagascar,2022,66.130
malawi,1992,96.000
malawi,1993,97.037
malawi,1994,97.815
malawi,1995,98.455
malawi,1996,98.992
malawi,1997,99.447
malawi,1998,99.839
malawi,1999,100.18
malawi,2000,100.48
malawi,2001,101.25
malawi,2002,101.94
malawi,2003,102.56
malawi,2004,103.13
malawi,2005,103.65
malawi,2006,104.12
malawi,2007,104.11
malawi,2008,104.10
malawi,2009,104.10
malawi,2010,104.09
malawi,2011,104.08
malawi,2012,101.01
malawi,2013,98.306
malawi,2014,95.915
malawi,2015,93.783
malawi,2016,91.870
malawi,2017,90.145
malawi,2018,88.580
malawi,2019,87.155
malawi,2020,85.851
malawi,2021,92.604
malawi,2022,93.457
malaysia,1994,100.00
malaysia,1995,100.00
malaysia,1996,100.00
malaysia,1997,100.00
malaysia,1998,100.00
malaysia,1999,100.00
malaysia,2000,100.00
malaysia,2001,100.00
malaysia,2002,100.00
malaysia,2003,100.00
malaysia,2004,100.00
malaysia,2005,100.00
malaysia,2006,100.00
malaysia,2007,100.00
malaysia,2008,100.00
malaysia,2009,100.00
malaysia,2010,100.00
malaysia,2011,100.00
malaysia,2012,100.00
malaysia,2013,100.00
malaysia,2014,100.00
malaysia,2015,100.00
malaysia,2016,100.00
malaysia,2017,100.00
malaysia,2018,100.00
malaysia,2019,100.00
malaysia,2020,100.00
malaysia,2021,100.00
malaysia,2022,100.00
mali,2000,74.531
mali,2001,70.843
mali,2002,67.503
mali,2003,64.464
mali,2004,61.687
mali,2005,59.139
mali,2006,56.793
mali,2007,54.627
mali,2008,52.619
mali,2009,50.754
mali,2010,49.016
mali,2011,47.377
mali,2012,47.377
mali,2013,47.377
mali,2014,47.377
mali,2015,47.377
mali,2016,47.377
mali,2017,47.377
mali,2018,47.377
mali,2019,47.377
mali,2020,47.377
mali,2021,47.377
mali,2022,47.377
malta,1990,94.800
malta,1991,102.57
malta,1992,109.52
malta,1993,115.74
malta,1994,121.34
malta,1995,126.42
malta,1996,114.37
malta,1997,105.76
malta,1998,99.303
malta,1999,94.282
malta,2000,90.265
malta,2001,91.121
malta,2002,91.899
malta,2003,92.609
malta,2004,86.278
malta,2005,81.457
malta,2006,84.727
malta,2007,87.813
malta,2008,88.482
malta,2009,89.158
malta,2010,89.841
malta,2011,88.762
malta,2012,87.879
malta,2013,87.143
malta,2014,93.126
malta,2015,100.00
malta,2016,87.143
malta,2017,100.00
malta,2018,100.00
malta,2019,100.00
malta,2020,100.00
malta,2021,100.00
malta,2022,100.00
mauritania,1994,54.400
mauritania,1995,58.563
mauritania,1996,57.694
mauritania,1997,56.825
mauritania,1998,55.956
mauritania,1999,55.088
mauritania,2000,54.219
mauritania,2001,53.350
mauritania,2002,52.482
mauritania,2003,51.613
mauritania,2004,50.744
mauritania,2005,50.744
mauritania,2006,50.744
mauritania,2007,50.744
mauritania,2008,50.744
mauritania,2009,50.744
mauritania,2010,50.744
mauritania,2011,50.744
mauritania,2012,50.744
mauritania,2013,50.744
mauritania,2014,50.744
mauritania,2015,50.744
mauritania,2016,50.744
mauritania,2017,50.744
mauritania,2018,50.744
mauritania,2019,50.744
mauritania,2020,50.744
mauritania,2021,50.744
mauritania,2022,50.744
mauritius,2002,98.002
mauritius,2003,94.790
mauritius,2004,94.276
mauritius,2005,96.284
mauritius,2006,91.407
mauritius,2007,90.447
mauritius,2008,88.467
mauritius,2009,86.680
mauritius,2010,92.581
mauritius,2011,90.877
mauritius,2012,91.298
mauritius,2013,91.081
mauritius,2014,99.876
mauritius,2015,98.086
mauritius,2016,98.457
mauritius,2017,98.706
mauritius,2018,91.841
mauritius,2019,100.00
mauritius,2020,100.00
mauritius,2021,100.00
mauritius,2022,100.00
mexico,1997,88.000
mexico,1998,87.685
mexico,1999,87.375
mexico,2000,87.067
mexico,2001,86.870
mexico,2002,86.674
mexico,2003,86.478
mexico,2004,87.963
mexico,2005,89.504
mexico,2006,91.104
mexico,2007,92.767
mexico,2008,95.605
mexico,2009,85.965
mexico,2010,99.368
mexico,2011,100.17
mexico,2012,100.98
mexico,2013,101.78
mexico,2014,89.503
mexico,2015,89.190
mexico,2016,81.359
mexico,2017,82.092
mexico,2018,83.101
mexico,2019,82.719
mexico,2020,81.618
mexico,2021,78.063
mexico,2022,77.638
mongolia,1993,74.614
mongolia,1994,74.140
mongolia,1995,73.671
mongolia,1996,73.209
mongolia,1997,72.752
mongolia,1998,72.301
mongolia,1999,71.855
mongolia,2000,71.415
mongolia,2001,70.980
mongolia,2002,70.551
mongolia,2003,70.126
mongolia,2004,69.707
mongolia,2005,69.293
mongolia,2006,68.883
mongolia,2007,68.479
mongolia,2008,68.079
mongolia,2009,67.683
mongolia,2010,67.293
mongolia,2011,66.906
mongolia,2012,66.525
mongolia,2013,66.147
mongolia,2014,65.774
mongolia,2015,78.961
mongolia,2016,71.648
mongolia,2017,72.001
mongolia,2018,71.526
mongolia,2019,71.526
mongolia,2020,71.526
mongolia,2021,71.526
mongolia,2022,71.526
morocco,2000,97.505
morocco,2001,97.512
morocco,2002,97.518
morocco,2003,97.524
morocco,2004,97.530
morocco,2005,97.198
morocco,2006,96.868
morocco,2007,96.540
morocco,2008,96.214
morocco,2009,95.891
morocco,2010,95.570
morocco,2011,95.251
morocco,2012,95.251
morocco,2013,95.251
morocco,2014,95.251
morocco,2015,95.251
morocco,2016,95.251
morocco,2017,95.251
morocco,2018,95.251
morocco,2019,95.251
morocco,2020,95.251
morocco,2021,95.251
morocco,2022,95.251
mozambique,1987,35.000
mozambique,1988,35.956
mozambique,1989,36.948
mozambique,1990,37.980
mozambique,1991,39.052
mozambique,1992,40.168
mozambique,1993,42.000
mozambique,1994,41.659
mozambique,1995,41.987
mozambique,1996,40.525
mozambique,1997,39.113
mozambique,1998,37.749
mozambique,1999,36.430
mozambique,2000,35.155
mozambique,2001,33.920
mozambique,2002,35.985
mozambique,2003,38.049
mozambique,2004,40.113
mozambique,2005,42.177
mozambique,2006,44.241
mozambique,2007,46.305
mozambique,2008,48.370
mozambique,2009,50.434
mozambique,2010,52.498
mozambique,2011,52.498
mozambique,2012,52.498
mozambique,2013,52.498
mozambique,2014,52.498
mozambique,2015,52.498
mozambique,2016,52.498
mozambique,2017,52.498
mozambique,2018,52.498
mozambique,2019,52.498
mozambique,2020,52.498
mozambique,2021,52.498
mozambique,2022,52.498
myanmar,1980,100.00
myanmar,1981,99.335
myanmar,1982,98.692
myanmar,1983,99.133
myanmar,1984,99.569
myanmar,1985,100.00
myanmar,1986,100.00
myanmar,1987,100.00
myanmar,1988,100.00
myanmar,1989,100.00
myanmar,1990,100.00
myanmar,1991,108.12
myanmar,1992,115.97
myanmar,1993,123.57
myanmar,1994,110.21
myanmar,1995,100.00
myanmar,1996,100.00
myanmar,1997,100.00
myanmar,1998,110.57
myanmar,1999,107.50
myanmar,2000,100.39
myanmar,2001,101.26
myanmar,2002,100.13
myanmar,2003,100.00
myanmar,2004,100.00
myanmar,2005,100.00
myanmar,2006,100.00
myanmar,2007,100.00
myanmar,2008,100.00
myanmar,2009,100.00
myanmar,2010,100.00
myanmar,2011,100.00
myanmar,2012,100.00
myanmar,2013,100.00
myanmar,2014,100.00
myanmar,2015,100.00
myanmar,2016,100.00
myanmar,2017,100.00
myanmar,2018,100.00
myanmar,2019,100.00
myanmar,2020,100.00
myanmar,2021,100.00
myanmar,2022,100.00
namibia,1992,100.00
namibia,1993,97.691
namibia,1994,95.517
namibia,1995,93.437
namibia,1996,91.445
namibia,1997,89.537
namibia,1998,87.707
namibia,1999,85.950
namibia,2000,84.262
namibia,2001,82.639
namibia,2002,81.078
namibia,2003,81.078
namibia,2004,81.078
namibia,2005,81.078
namibia,2006,81.078
namibia,2007,81.078
namibia,2008,81.078
namibia,2009,81.078
namibia,2010,81.078
namibia,2011,81.078
namibia,2012,81.078
namibia,2013,81.078
namibia,2014,81.078
namibia,2015,81.078
namibia,2016,81.078
namibia,2017,81.078
namibia,2018,81.078
namibia,2019,81.078
namibia,2020,81.078
namibia,2021,81.078
namibia,2022,81.078
netherlands_kingdom_of_the,2003,17.738
netherlands_kingdom_of_the,2004,20.463
netherlands_kingdom_of_the,2005,22.803
netherlands_kingdom_of_the,2006,34.132
netherlands_kingdom_of_the,2007,44.235
netherlands_kingdom_of_the,2008,38.691
netherlands_kingdom_of_the,2009,33.367
netherlands_kingdom_of_the,2010,28.253
netherlands_kingdom_of_the,2011,25.580
netherlands_kingdom_of_the,2012,22.956
netherlands_kingdom_of_the,2013,20.378
netherlands_kingdom_of_the,2014,26.414
netherlands_kingdom_of_the,2015,32.181
netherlands_kingdom_of_the,2016,38.534
netherlands_kingdom_of_the,2017,47.669
netherlands_kingdom_of_the,2018,56.804
netherlands_kingdom_of_the,2019,48.841
netherlands_kingdom_of_the,2020,67.739
netherlands_kingdom_of_the,2021,19.351
netherlands_kingdom_of_the,2022,58.392
new_zealand,2002,82.164
new_zealand,2003,82.171
new_zealand,2004,82.176
new_zealand,2005,82.181
new_zealand,2006,82.186
new_zealand,2007,82.190
new_zealand,2008,80.681
new_zealand,2009,82.243
new_zealand,2010,83.736
new_zealand,2011,85.162
new_zealand,2012,86.527
new_zealand,2013,89.276
new_zealand,2014,91.998
new_zealand,2015,94.692
new_zealand,2016,97.359
new_zealand,2017,100.00
new_zealand,2018,100.00
new_zealand,2019,100.00
new_zealand,2020,100.00
new_zealand,2021,100.00
new_zealand,2022,100.00
nicaragua,1997,83.000
nicaragua,1998,82.667
nicaragua,1999,82.515
nicaragua,2000,82.392
nicaragua,2001,82.290
nicaragua,2002,80.405
nicaragua,2003,78.863
nicaragua,2004,77.579
nicaragua,2005,76.492
nicaragua,2006,75.561
nicaragua,2007,74.754
nicaragua,2008,74.048
nicaragua,2009,73.425
nicaragua,2010,72.871
nicaragua,2011,72.376
nicaragua,2012,74.703
nicaragua,2013,77.541
nicaragua,2014,81.079
nicaragua,2015,85.612
nicaragua,2016,91.629
nicaragua,2017,100.00
nicaragua,2018,100.00
nicaragua,2019,100.00
nicaragua,2020,100.00
nicaragua,2021,100.00
nicaragua,2022,100.00
niger,2000,89.025
niger,2001,89.034
niger,2002,89.044
niger,2003,89.053
niger,2004,89.062
niger,2005,89.071
niger,2006,88.795
niger,2007,88.553
niger,2008,88.339
niger,2009,88.149
niger,2010,87.979
niger,2011,87.967
niger,2012,88.778
niger,2013,89.605
niger,2014,90.429
niger,2015,87.668
niger,2016,86.802
niger,2017,86.495
niger,2018,86.495
niger,2019,86.495
niger,2020,86.495
niger,2021,86.495
niger,2022,86.495
nigeria,1991,74.000
nigeria,1992,74.321
nigeria,1993,74.613
nigeria,1994,74.891
nigeria,1995,75.155
nigeria,1996,75.406
nigeria,1997,75.645
nigeria,1998,75.874
nigeria,1999,76.092
nigeria,2000,76.300
nigeria,2001,75.882
nigeria,2002,75.465
nigeria,2003,75.050
nigeria,2004,74.638
nigeria,2005,73.059
nigeria,2006,71.546
nigeria,2007,70.095
nigeria,2008,68.701
nigeria,2009,67.361
nigeria,2010,67.302
nigeria,2011,66.073
nigeria,2012,66.073
nigeria,2013,66.073
nigeria,2014,66.073
nigeria,2015,66.073
nigeria,2016,66.073
nigeria,2017,66.073
nigeria,2018,66.073
nigeria,2019,66.073
nigeria,2020,66.073
nigeria,2021,66.073
nigeria,2022,66.073
northern_africa,2000,83.026
northern_africa,2001,83.263
northern_africa,2002,83.443
northern_africa,2003,83.345
northern_africa,2004,83.073
northern_africa,2005,82.739
northern_africa,2006,82.413
northern_africa,2007,82.213
northern_africa,2008,82.053
northern_africa,2009,81.831
northern_africa,2010,81.613
northern_africa,2011,81.521
northern_africa,2012,72.513
northern_africa,2013,71.965
northern_africa,2014,72.051
northern_africa,2015,71.434
northern_africa,2016,70.996
northern_africa,2017,70.373
northern_africa,2018,70.845
northern_africa,2019,70.863
northern_africa,2020,70.869
northern_africa,2021,70.869
northern_africa,2022,70.869
northern_africa_and_western_asia,2000,74.292
northern_africa_and_western_asia,2001,74.309
northern_africa_and_western_asia,2002,74.298
northern_africa_and_western_asia,2003,74.306
northern_africa_and_western_asia,2004,74.276
northern_africa_and_western_asia,2005,74.098
northern_africa_and_western_asia,2006,74.977
northern_africa_and_western_asia,2007,76.160
northern_africa_and_western_asia,2008,77.503
northern_africa_and_western_asia,2009,75.995
northern_africa_and_western_asia,2010,73.816
northern_africa_and_western_asia,2011,72.093
northern_africa_and_western_asia,2012,67.208
northern_africa_and_western_asia,2013,66.626
northern_africa_and_western_asia,2014,66.268
northern_africa_and_western_asia,2015,65.742
northern_africa_and_western_asia,2016,66.395
northern_africa_and_western_asia,2017,66.261
northern_africa_and_western_asia,2018,66.592
northern_africa_and_western_asia,2019,66.663
northern_africa_and_western_asia,2020,62.343
northern_africa_and_western_asia,2021,62.495
northern_africa_and_western_asia,2022,62.697
northern_america,2000,83.519
northern_america,2001,83.309
northern_america,2002,83.098
northern_america,2003,93.355
northern_america,2004,106.36
northern_america,2005,123.40
northern_america,2006,141.07
northern_america,2007,84.137
northern_america,2008,81.415
northern_america,2009,81.416
northern_america,2010,81.418
northern_america,2011,82.210
northern_america,2012,83.009
northern_america,2013,82.273
northern_america,2014,82.264
northern_america,2015,82.449
northern_america,2016,82.635
northern_america,2017,86.544
northern_america,2018,83.541
northern_america,2019,83.388
northern_america,2020,83.235
northern_america,2021,83.509
northern_america,2022,90.296
norway,2005,37.041
norway,2006,42.233
norway,2007,48.228
norway,2008,46.528
norway,2009,45.027
norway,2010,43.292
norway,2011,36.378
norway,2012,29.243
norway,2013,21.876
norway,2014,21.876
norway,2015,21.876
norway,2016,21.876
norway,2017,21.876
norway,2018,21.876
norway,2019,21.876
norway,2020,21.876
norway,2021,21.876
norway,2022,21.876
oceania,2000,0.016383
oceania,2001,0.015539
oceania,2002,12.981
oceania,2003,13.572
oceania,2004,14.248
oceania,2005,14.910
oceania,2006,65.345
oceania,2007,86.839
oceania,2008,76.271
oceania,2009,74.713
oceania,2010,78.646
oceania,2011,85.880
oceania,2012,93.229
oceania,2013,101.10
oceania,2014,98.383
oceania,2015,94.167
oceania,2016,99.330
oceania,2017,100.01
oceania,2018,99.993
oceania,2019,100.01
oceania,2020,100.00
oceania,2021,100.00
oceania,2022,100.00
oceania_excluding_australia_and_new_zealand,2000,11.410
oceania_excluding_australia_and_new_zealand,2001,10.845
oceania_excluding_australia_and_new_zealand,2002,10.333
oceania_excluding_australia_and_new_zealand,2003,100.00
oceania_excluding_australia_and_new_zealand,2004,100.00
oceania_excluding_australia_and_new_zealand,2005,100.00
oceania_excluding_australia_and_new_zealand,2006,100.00
oceania_excluding_australia_and_new_zealand,2007,99.799
oceania_excluding_australia_and_new_zealand,2008,99.799
oceania_excluding_australia_and_new_zealand,2009,99.799
oceania_excluding_australia_and_new_zealand,2010,99.799
oceania_excluding_australia_and_new_zealand,2011,99.799
oceania_excluding_australia_and_new_zealand,2012,99.799
oceania_excluding_australia_and_new_zealand,2013,99.799
oceania_excluding_australia_and_new_zealand,2014,99.799
oceania_excluding_australia_and_new_zealand,2015,99.799
oceania_excluding_australia_and_new_zealand,2016,99.799
oceania_excluding_australia_and_new_zealand,2017,99.799
oceania_excluding_australia_and_new_zealand,2018,99.799
oceania_excluding_australia_and_new_zealand,2019,99.799
oceania_excluding_australia_and_new_zealand,2020,99.799
oceania_excluding_australia_and_new_zealand,2021,99.799
oceania_excluding_australia_and_new_zealand,2022,99.799
oman,1993,100.00
oman,1994,102.61
oman,1995,105.23
oman,1996,107.88
oman,1997,110.55
oman,1998,113.24
oman,1999,115.95
oman,2000,118.69
oman,2001,121.45
oman,2002,124.23
oman,2003,127.03
oman,2004,129.86
oman,2005,125.85
oman,2006,122.20
oman,2007,118.88
oman,2008,115.83
oman,2009,113.02
oman,2010,110.43
oman,2011,108.04
oman,2012,105.81
oman,2013,103.74
oman,2014,101.81
oman,2015,100.00
oman,2016,49.047
oman,2017,50.842
oman,2018,100.00
oman,2019,100.00
oman,2020,100.00
oman,2021,87.052
oman,2022,87.052
pakistan,2018,93.047
pakistan,2019,91.696
pakistan,2020,96.748
pakistan,2021,96.748
pakistan,2022,96.748
panama,1997,81.013
panama,1998,80.948
panama,1999,80.883
panama,2000,80.816
panama,2001,82.843
panama,2002,84.896
panama,2003,86.973
panama,2004,89.076
panama,2005,91.206
panama,2006,93.363
panama,2007,95.547
panama,2008,97.759
panama,2009,100.00
panama,2010,100.00
panama,2011,100.00
panama,2012,100.00
panama,2013,100.00
panama,2014,100.00
panama,2015,100.00
panama,2016,100.00
panama,2017,100.00
panama,2018,100.00
panama,2019,100.00
panama,2020,100.00
panama,2021,100.00
panama,2022,100.00
paraguay,2012,100.00
paraguay,2013,100.00
paraguay,2014,100.00
paraguay,2015,100.00
paraguay,2016,100.00
paraguay,2017,100.00
paraguay,2018,100.00
paraguay,2019,100.00
paraguay,2020,100.00
paraguay,2021,100.00
paraguay,2022,100.00
peru,1994,64.141
peru,1995,64.608
peru,1996,65.064
peru,1997,65.496
peru,1998,65.907
peru,1999,66.299
peru,2000,66.672
peru,2001,67.028
peru,2002,67.368
peru,2003,67.693
peru,2004,68.005
peru,2005,68.303
peru,2006,68.588
peru,2007,68.863
peru,2008,69.126
peru,2009,69.380
peru,2010,69.623
peru,2011,69.858
peru,2012,70.078
peru,2013,70.084
peru,2014,70.084
peru,2015,70.084
peru,2016,70.084
peru,2017,70.084
peru,2018,70.084
peru,2019,70.084
peru,2020,70.084
peru,2021,70.084
peru,2022,70.084
philippines,1993,95.000
philippines,1994,93.447
philippines,1995,92.035
philippines,1996,90.665
philippines,1997,89.335
philippines,1998,88.043
philippines,1999,86.789
philippines,2000,85.569
philippines,2001,84.384
philippines,2002,83.230
philippines,2003,82.108
philippines,2004,81.016
philippines,2005,79.952
philippines,2006,78.269
philippines,2007,80.001
philippines,2008,81.811
philippines,2009,83.705
philippines,2010,85.688
philippines,2011,87.768
philippines,2012,84.833
philippines,2013,87.612
philippines,2014,86.124
philippines,2015,84.980
philippines,2016,79.256
philippines,2017,77.914
philippines,2018,76.592
philippines,2019,74.604
philippines,2020,73.328
philippines,2021,72.023
philippines,2022,69.657
poland,2003,47.663
poland,2004,52.718
poland,2005,56.723
poland,2006,59.401
poland,2007,62.276
poland,2008,59.903
poland,2009,57.018
poland,2010,53.439
poland,2011,55.490
poland,2012,57.699
poland,2013,60.084
poland,2014,52.950
poland,2015,50.322
poland,2016,48.952
poland,2017,28.769
poland,2018,16.218
poland,2019,13.639
poland,2020,11.766
poland,2021,11.767
poland,2022,11.767
portugal,1990,71.904
portugal,1991,69.695
portugal,1992,67.411
portugal,1993,65.048
portugal,1994,62.941
portugal,1995,60.735
portugal,1996,56.971
portugal,1997,53.215
portugal,1998,49.654
portugal,1999,46.074
portugal,2000,42.476
portugal,2001,40.766
portugal,2002,38.868
portugal,2003,36.752
portugal,2004,54.304
portugal,2005,73.504
portugal,2006,72.874
portugal,2007,72.207
portugal,2008,75.390
portugal,2009,78.621
portugal,2010,86.217
portugal,2011,83.240
portugal,2012,84.597
portugal,2013,86.480
portugal,2014,86.647
portugal,2015,86.758
portugal,2016,86.619
portugal,2017,86.619
portugal,2018,86.619
portugal,2019,86.619
portugal,2020,86.619
portugal,2021,86.619
portugal,2022,86.619
puerto_rico,2007,71.597
puerto_rico,2008,71.597
puerto_rico,2009,71.597
puerto_rico,2010,71.597
puerto_rico,2011,71.597
puerto_rico,2012,71.597
puerto_rico,2013,71.597
puerto_rico,2014,71.597
puerto_rico,2015,71.597
puerto_rico,2016,71.597
puerto_rico,2017,71.597
puerto_rico,2018,71.597
puerto_rico,2019,71.597
puerto_rico,2020,71.597
puerto_rico,2021,71.597
puerto_rico,2022,71.597
qatar,1990,100.00
qatar,1991,82.417
qatar,1992,72.627
qatar,1993,66.400
qatar,1994,63.880
qatar,1995,61.390
qatar,1996,58.921
qatar,1997,56.472
qatar,1998,54.043
qatar,1999,51.634
qatar,2000,49.244
qatar,2001,46.873
qatar,2002,48.088
qatar,2003,49.331
qatar,2004,50.603
qatar,2005,55.013
qatar,2006,59.529
qatar,2007,64.155
qatar,2008,68.896
qatar,2009,73.755
qatar,2010,78.738
qatar,2011,83.849
qatar,2012,89.092
qatar,2013,94.474
qatar,2014,100.00
qatar,2015,100.00
qatar,2016,100.00
qatar,2017,100.00
qatar,2018,100.00
qatar,2019,100.00
qatar,2020,100.00
qatar,2021,100.00
qatar,2022,101.72
republic_of_korea,2009,100.00
republic_of_korea,2010,90.740
republic_of_korea,2011,90.740
republic_of_korea,2012,90.740
republic_of_korea,2013,90.740
republic_of_korea,2014,90.740
republic_of_korea,2015,90.740
republic_of_korea,2016,90.740
republic_of_korea,2017,90.740
republic_of_korea,2018,90.740
republic_of_korea,2019,90.740
republic_of_korea,2020,90.740
republic_of_korea,2021,90.740
republic_of_korea,2022,90.740
republic_of_moldova,1992,72.115
republic_of_moldova,1993,69.872
republic_of_moldova,1994,67.617
republic_of_moldova,1995,63.354
republic_of_moldova,1996,59.072
republic_of_moldova,1997,54.769
republic_of_moldova,1998,50.446
republic_of_moldova,1999,46.104
republic_of_moldova,2000,42.739
republic_of_moldova,2001,39.193
republic_of_moldova,2002,35.450
republic_of_moldova,2003,31.493
republic_of_moldova,2004,27.303
republic_of_moldova,2005,22.860
republic_of_moldova,2006,18.138
republic_of_moldova,2007,13.113
republic_of_moldova,2008,12.717
republic_of_moldova,2009,12.294
republic_of_moldova,2010,11.432
republic_of_moldova,2011,26.164
republic_of_moldova,2012,40.896
republic_of_moldova,2013,55.629
republic_of_moldova,2014,70.361
republic_of_moldova,2015,85.093
republic_of_moldova,2016,99.956
republic_of_moldova,2017,99.956
republic_of_moldova,2018,99.865
republic_of_moldova,2019,99.955
republic_of_moldova,2020,100.00
republic_of_moldova,2021,100.09
republic_of_moldova,2022,100.09
romania,2003,26.506
romania,2004,46.893
romania,2005,11.051
romania,2006,42.134
romania,2007,28.180
romania,2008,66.487
romania,2009,69.214
romania,2010,31.883
romania,2011,89.760
romania,2012,113.99
romania,2013,66.322
romania,2014,145.02
romania,2015,54.938
romania,2016,4.8587
romania,2017,6.7323
romania,2018,8.4789
romania,2019,9.1100
romania,2020,14.938
romania,2021,10.881
romania,2022,16.685
russian_federation,1994,79.391
russian_federation,1995,77.790
russian_federation,1996,76.030
russian_federation,1997,74.088
russian_federation,1998,71.932
russian_federation,1999,69.526
russian_federation,2000,66.825
russian_federation,2001,63.768
russian_federation,2002,60.283
russian_federation,2003,56.270
russian_federation,2004,51.603
russian_federation,2005,46.105
russian_federation,2006,39.533
russian_federation,2007,38.576
russian_federation,2008,37.745
russian_federation,2009,37.015
russian_federation,2010,36.370
russian_federation,2011,35.795
russian_federation,2012,35.280
russian_federation,2013,34.816
russian_federation,2014,34.395
russian_federation,2015,34.012
russian_federation,2016,33.190
russian_federation,2017,36.763
russian_federation,2018,32.507
russian_federation,2019,32.507
russian_federation,2020,32.507
russian_federation,2021,32.507
russian_federation,2022,32.507
rwanda,2008,93.412
rwanda,2009,93.412
rwanda,2010,93.412
rwanda,2011,93.412
rwanda,2012,93.412
rwanda,2013,93.412
rwanda,2014,93.412
rwanda,2015,93.412
rwanda,2016,93.412
rwanda,2017,93.412
rwanda,2018,93.412
rwanda,2019,14.436
rwanda,2020,93.412
rwanda,2021,11.655
rwanda,2022,93.412
saint_vincent_and_the_grenadines,2014,0.0000
saint_vincent_and_the_grenadines,2015,0.0000
saint_vincent_and_the_grenadines,2016,0.0000
saint_vincent_and_the_grenadines,2017,0.0000
saint_vincent_and_the_grenadines,2018,0.0000
saint_vincent_and_the_grenadines,2019,0.0000
saint_vincent_and_the_grenadines,2020,0.0000
saint_vincent_and_the_grenadines,2021,0.0000
saint_vincent_and_the_grenadines,2022,0.0000
sao_tome_and_principe,2016,29.308
sao_tome_and_principe,2017,29.308
sao_tome_and_principe,2018,29.308
sao_tome_and_principe,2019,29.308
sao_tome_and_principe,2020,29.308
sao_tome_and_principe,2021,29.308
sao_tome_and_principe,2022,29.308
saudi_arabia,1992,100.00
saudi_arabia,1993,96.235
saudi_arabia,1994,92.476
saudi_arabia,1995,88.720
saudi_arabia,1996,84.970
saudi_arabia,1997,81.224
saudi_arabia,1998,77.483
saudi_arabia,1999,73.746
saudi_arabia,2000,73.700
saudi_arabia,2001,73.655
saudi_arabia,2002,73.609
saudi_arabia,2003,73.564
saudi_arabia,2004,73.519
saudi_arabia,2005,67.257
saudi_arabia,2006,61.979
saudi_arabia,2007,57.469
saudi_arabia,2008,53.570
saudi_arabia,2009,50.167
saudi_arabia,2010,47.171
saudi_arabia,2011,44.512
saudi_arabia,2012,42.137
saudi_arabia,2013,40.003
saudi_arabia,2014,38.074
saudi_arabia,2015,36.323
saudi_arabia,2016,36.323
saudi_arabia,2017,36.323
saudi_arabia,2018,36.323
saudi_arabia,2019,36.323
saudi_arabia,2020,36.323
saudi_arabia,2021,36.323
saudi_arabia,2022,36.323
senegal,1997,82.783
senegal,1998,79.128
senegal,1999,75.783
senegal,2000,72.708
senegal,2001,69.873
senegal,2002,57.452
senegal,2003,57.452
senegal,2004,57.452
senegal,2005,57.452
senegal,2006,57.452
senegal,2007,57.452
senegal,2008,57.452
senegal,2009,57.452
senegal,2010,57.452
senegal,2011,57.452
senegal,2012,57.452
senegal,2013,57.452
senegal,2014,57.452
senegal,2015,57.452
senegal,2016,57.452
senegal,2017,57.452
senegal,2018,57.452
senegal,2019,57.452
senegal,2020,57.452
senegal,2021,57.452
senegal,2022,57.452
serbia,2006,33.189
serbia,2007,34.023
serbia,2008,34.837
serbia,2009,35.630
serbia,2010,36.403
serbia,2011,37.157
serbia,2012,45.044
serbia,2013,53.830
serbia,2014,63.679
serbia,2015,71.335
serbia,2016,58.305
serbia,2017,72.267
serbia,2018,100.00
serbia,2019,100.00
serbia,2020,100.00
serbia,2021,100.00
serbia,2022,100.00
seychelles,2003,76.923
seychelles,2004,76.923
seychelles,2005,76.923
seychelles,2006,76.923
seychelles,2007,76.923
seychelles,2008,76.923
seychelles,2009,76.923
seychelles,2010,76.923
seychelles,2011,76.923
seychelles,2012,76.923
seychelles,2013,76.923
seychelles,2014,76.923
seychelles,2015,76.923
seychelles,2016,76.923
seychelles,2017,76.923
seychelles,2018,76.923
seychelles,2019,76.923
seychelles,2020,76.923
seychelles,2021,76.923
seychelles,2022,76.923
slovakia,2000,60.492
slovakia,2001,58.845
slovakia,2002,57.227
slovakia,2003,55.638
slovakia,2004,39.626
slovakia,2005,23.698
slovakia,2006,23.235
slovakia,2007,22.727
slovakia,2008,20.534
slovakia,2009,17.633
slovakia,2010,13.615
slovakia,2011,17.089
slovakia,2012,20.773
slovakia,2013,24.689
slovakia,2014,27.632
slovakia,2015,33.901
slovakia,2016,35.019
slovakia,2017,38.813
slovakia,2018,33.460
slovakia,2019,30.840
slovakia,2020,40.838
slovakia,2021,39.440
slovakia,2022,54.278
slovenia,2015,100.00
slovenia,2016,100.00
slovenia,2017,100.00
slovenia,2018,100.00
slovenia,2019,100.00
slovenia,2020,100.00
slovenia,2021,100.00
slovenia,2022,100.00
small_island_developing_states,2000,74.151
small_island_developing_states,2001,73.152
small_island_developing_states,2002,75.599
small_island_developing_states,2003,74.998
small_island_developing_states,2004,74.175
small_island_developing_states,2005,75.193
small_island_developing_states,2006,75.530
small_island_developing_states,2007,76.886
small_island_developing_states,2008,77.314
small_island_developing_states,2009,76.730
small_island_developing_states,2010,87.557
small_island_developing_states,2011,84.652
small_island_developing_states,2012,82.537
small_island_developing_states,2013,82.836
small_island_developing_states,2014,83.215
small_island_developing_states,2015,83.673
small_island_developing_states,2016,93.365
small_island_developing_states,2017,84.633
small_island_developing_states,2018,85.026
small_island_developing_states,2019,85.075
small_island_developing_states,2020,85.077
small_island_developing_states,2021,85.072
small_island_developing_states,2022,85.061
solomon_islands,2007,74.576
solomon_islands,2008,74.576
solomon_islands,2009,74.576
solomon_islands,2010,74.576
solomon_islands,2011,74.576
solomon_islands,2012,74.576
solomon_islands,2013,74.576
solomon_islands,2014,74.576
solomon_islands,2015,74.576
solomon_islands,2016,74.576
solomon_islands,2017,74.576
solomon_islands,2018,74.576
solomon_islands,2019,74.576
solomon_islands,2020,74.576
solomon_islands,2021,74.576
solomon_islands,2022,74.576
somalia,2000,32.500
somalia,2001,32.500
somalia,2002,32.500
somalia,2003,32.500
somalia,2004,32.500
somalia,2005,32.500
somalia,2006,32.500
somalia,2007,32.500
somalia,2008,32.500
somalia,2009,32.500
somalia,2010,32.500
somalia,2011,32.500
somalia,2012,32.500
somalia,2013,32.500
somalia,2014,32.500
somalia,2015,32.500
somalia,2016,32.500
somalia,2017,32.500
somalia,2018,32.500
somalia,2019,32.500
somalia,2020,32.500
somalia,2021,32.500
somalia,2022,32.500
south_africa,1999,100.00
south_africa,2000,100.00
south_africa,2001,99.734
south_africa,2002,99.469
south_africa,2003,99.205
south_africa,2004,98.943
south_africa,2005,98.682
south_africa,2006,98.423
south_africa,2007,98.165
south_africa,2008,97.908
south_africa,2009,97.653
south_africa,2010,97.399
south_africa,2011,93.567
south_africa,2012,89.701
south_africa,2013,88.940
south_africa,2014,88.192
south_africa,2015,87.457
south_africa,2016,86.733
south_africa,2017,86.022
south_africa,2018,82.468
south_africa,2019,71.765
south_africa,2020,70.419
south_africa,2021,66.882
south_africa,2022,31.281
south_eastern_asia,2000,38.979
south_eastern_asia,2001,38.542
south_eastern_asia,2002,38.913
south_eastern_asia,2003,39.135
south_eastern_asia,2004,38.791
south_eastern_asia,2005,39.188
south_eastern_asia,2006,38.768
south_eastern_asia,2007,60.985
south_eastern_asia,2008,61.020
south_eastern_asia,2009,61.050
south_eastern_asia,2010,61.093
south_eastern_asia,2011,61.135
south_eastern_asia,2012,60.911
south_eastern_asia,2013,60.992
south_eastern_asia,2014,60.697
south_eastern_asia,2015,60.525
south_eastern_asia,2016,60.194
south_eastern_asia,2017,60.134
south_eastern_asia,2018,59.952
south_eastern_asia,2019,60.533
south_eastern_asia,2020,59.639
south_eastern_asia,2021,59.545
south_eastern_asia,2022,59.366
southern_asia,2000,71.518
southern_asia,2001,71.236
southern_asia,2002,70.667
southern_asia,2003,69.774
southern_asia,2004,70.268
southern_asia,2005,69.121
southern_asia,2006,70.034
southern_asia,2007,70.460
southern_asia,2008,70.738
southern_asia,2009,70.768
southern_asia,2010,70.529
southern_asia,2011,70.764
southern_asia,2012,71.023
southern_asia,2013,71.219
southern_asia,2014,71.213
southern_asia,2015,71.444
southern_asia,2016,71.433
southern_asia,2017,71.433
southern_asia,2018,88.485
southern_asia,2019,88.237
southern_asia,2020,89.163
southern_asia,2021,89.163
southern_asia,2022,89.163
spain,2005,89.360
spain,2006,86.418
spain,2007,88.968
spain,2008,83.616
spain,2009,91.152
spain,2010,84.864
spain,2011,94.267
spain,2012,99.472
spain,2013,81.828
spain,2014,82.056
spain,2015,82.976
spain,2016,83.578
spain,2017,83.569
spain,2018,82.670
spain,2019,81.494
spain,2020,82.998
spain,2021,82.998
spain,2022,82.998
sri_lanka,2006,81.140
sri_lanka,2007,81.140
sri_lanka,2008,81.140
sri_lanka,2009,81.140
sri_lanka,2010,81.140
sri_lanka,2011,81.140
sri_lanka,2012,81.140
sri_lanka,2013,81.140
sri_lanka,2014,81.140
sri_lanka,2015,81.140
sri_lanka,2016,81.140
sri_lanka,2017,81.140
sri_lanka,2018,81.140
sri_lanka,2019,81.140
sri_lanka,2020,81.140
sri_lanka,2021,81.140
sri_lanka,2022,81.140
sub_saharan_africa,2000,75.863
sub_saharan_africa,2001,73.180
sub_saharan_africa,2002,72.615
sub_saharan_africa,2003,71.932
sub_saharan_africa,2004,71.038
sub_saharan_africa,2005,70.176
sub_saharan_africa,2006,69.658
sub_saharan_africa,2007,68.334
sub_saharan_africa,2008,67.254
sub_saharan_africa,2009,66.029
sub_saharan_africa,2010,62.713
sub_saharan_africa,2011,61.340
sub_saharan_africa,2012,59.856
sub_saharan_africa,2013,57.503
sub_saharan_africa,2014,57.436
sub_saharan_africa,2015,56.867
sub_saharan_africa,2016,56.758
sub_saharan_africa,2017,56.557
sub_saharan_africa,2018,55.722
sub_saharan_africa,2019,53.072
sub_saharan_africa,2020,52.791
sub_saharan_africa,2021,51.702
sub_saharan_africa,2022,38.222
suriname,1995,100.00
suriname,1996,100.00
suriname,1997,100.00
suriname,1998,100.00
suriname,1999,100.72
suriname,2000,101.43
suriname,2001,102.15
suriname,2002,103.02
suriname,2003,103.89
suriname,2004,104.76
suriname,2005,105.63
suriname,2006,106.50
suriname,2007,107.37
suriname,2008,108.24
suriname,2009,109.11
suriname,2010,109.98
suriname,2011,100.00
suriname,2012,110.85
suriname,2013,110.85
suriname,2014,110.85
suriname,2015,110.85
suriname,2016,110.85
suriname,2017,110.85
suriname,2018,110.85
suriname,2019,110.85
suriname,2020,110.85
suriname,2021,110.85
suriname,2022,110.85
sweden,2003,28.350
sweden,2004,28.774
sweden,2005,29.251
sweden,2006,31.534
sweden,2007,33.922
sweden,2008,35.481
sweden,2009,37.011
sweden,2010,38.513
sweden,2011,36.855
sweden,2012,35.136
sweden,2013,33.353
sweden,2014,33.387
sweden,2015,33.421
sweden,2016,33.455
sweden,2017,36.522
sweden,2018,39.543
sweden,2019,42.518
sweden,2020,45.449
sweden,2021,45.449
sweden,2022,45.449
switzerland,2010,59.311
switzerland,2011,59.857
switzerland,2012,60.430
switzerland,2013,61.034
switzerland,2014,61.670
switzerland,2015,62.343
switzerland,2016,63.054
switzerland,2017,63.054
switzerland,2018,63.054
switzerland,2019,63.054
switzerland,2020,63.054
switzerland,2021,63.054
switzerland,2022,63.054
syrian_arab_republic,2000,97.953
syrian_arab_republic,2001,95.501
syrian_arab_republic,2002,91.374
syrian_arab_republic,2003,87.588
syrian_arab_republic,2004,84.104
syrian_arab_republic,2005,85.196
syrian_arab_republic,2006,86.318
syrian_arab_republic,2007,86.627
syrian_arab_republic,2008,89.273
syrian_arab_republic,2009,97.715
syrian_arab_republic,2010,90.231
syrian_arab_republic,2011,90.231
syrian_arab_republic,2012,90.231
syrian_arab_republic,2013,90.231
syrian_arab_republic,2014,90.231
syrian_arab_republic,2015,90.231
syrian_arab_republic,2016,90.231
syrian_arab_republic,2017,90.231
syrian_arab_republic,2018,90.231
syrian_arab_republic,2019,90.231
syrian_arab_republic,2020,90.231
syrian_arab_republic,2021,90.231
syrian_arab_republic,2022,90.231
tajikistan,1994,100.00
tajikistan,1995,99.344
tajikistan,1996,98.691
tajikistan,1997,98.041
tajikistan,1998,97.393
tajikistan,1999,96.748
tajikistan,2000,96.106
tajikistan,2001,95.467
tajikistan,2002,96.440
tajikistan,2003,94.196
tajikistan,2004,93.564
tajikistan,2005,92.936
tajikistan,2006,92.309
tajikistan,2007,91.686
tajikistan,2008,91.065
tajikistan,2009,91.874
tajikistan,2010,92.872
tajikistan,2011,93.869
tajikistan,2012,94.866
tajikistan,2013,95.863
tajikistan,2014,96.860
tajikistan,2015,97.857
tajikistan,2016,98.855
tajikistan,2017,100.08
tajikistan,2018,100.46
tajikistan,2019,100.46
tajikistan,2020,100.46
tajikistan,2021,100.46
tajikistan,2022,100.46
thailand,1988,91.000
thailand,1989,90.362
thailand,1990,89.724
thailand,1991,89.086
thailand,1992,88.448
thailand,1993,87.810
thailand,1994,87.172
thailand,1995,86.534
thailand,1996,85.896
thailand,1997,85.258
thailand,1998,84.620
thailand,1999,83.982
thailand,2000,83.344
thailand,2001,82.706
thailand,2002,82.068
thailand,2003,81.430
thailand,2004,80.792
thailand,2005,80.154
thailand,2006,79.516
thailand,2007,78.878
thailand,2008,78.878
thailand,2009,78.878
thailand,2010,78.878
thailand,2011,78.878
thailand,2012,78.878
thailand,2013,78.878
thailand,2014,78.878
thailand,2015,78.878
thailand,2016,78.878
thailand,2017,78.878
thailand,2018,78.878
thailand,2019,78.878
thailand,2020,78.878
thailand,2021,78.878
thailand,2022,78.878
timor_leste,2002,83.434
timor_leste,2003,83.434
timor_leste,2004,83.434
timor_leste,2005,83.434
timor_leste,2006,83.434
timor_leste,2007,83.434
timor_leste,2008,83.434
timor_leste,2009,83.434
timor_leste,2010,83.434
timor_leste,2011,83.434
timor_leste,2012,83.434
timor_leste,2013,83.434
timor_leste,2014,83.434
timor_leste,2015,83.434
timor_leste,2016,83.434
timor_leste,2017,83.434
timor_leste,2018,83.434
timor_leste,2019,83.434
timor_leste,2020,83.434
timor_leste,2021,83.434
timor_leste,2022,83.434
togo,1990,100.00
togo,1991,37.965
togo,1992,46.914
togo,1993,55.522
togo,1994,63.807
togo,1995,71.787
togo,1996,79.478
togo,1997,79.478
togo,1998,79.478
togo,1999,79.478
togo,2000,79.478
togo,2001,79.478
togo,2002,79.478
togo,2003,79.478
togo,2004,79.478
togo,2005,79.478
togo,2006,79.478
togo,2007,79.478
togo,2008,79.478
togo,2009,79.478
togo,2010,79.478
togo,2011,79.478
togo,2012,79.478
togo,2013,79.478
togo,2014,79.478
togo,2015,79.478
togo,2016,79.478
togo,2017,79.478
togo,2018,79.478
togo,2019,79.478
togo,2020,79.478
togo,2021,79.478
togo,2022,79.478
trinidad_and_tobago,1981,84.000
trinidad_and_tobago,1982,84.063
trinidad_and_tobago,1983,84.125
trinidad_and_tobago,1984,84.188
trinidad_and_tobago,1985,84.250
trinidad_and_tobago,1986,84.313
trinidad_and_tobago,1987,84.375
trinidad_and_tobago,1988,84.438
trinidad_and_tobago,1989,84.500
trinidad_and_tobago,1990,84.563
trinidad_and_tobago,1991,84.625
trinidad_and_tobago,1992,84.688
trinidad_and_tobago,1993,84.750
trinidad_and_tobago,1994,84.813
trinidad_and_tobago,1995,84.875
trinidad_and_tobago,1996,84.938
trinidad_and_tobago,1997,85.000
trinidad_and_tobago,1998,74.430
trinidad_and_tobago,1999,73.664
trinidad_and_tobago,2000,73.045
trinidad_and_tobago,2001,72.535
trinidad_and_tobago,2002,72.107
trinidad_and_tobago,2003,71.742
trinidad_and_tobago,2004,71.429
trinidad_and_tobago,2005,71.429
trinidad_and_tobago,2006,71.429
trinidad_and_tobago,2007,71.429
trinidad_and_tobago,2008,71.429
trinidad_and_tobago,2009,71.429
trinidad_and_tobago,2010,71.429
trinidad_and_tobago,2011,71.429
trinidad_and_tobago,2012,71.429
trinidad_and_tobago,2013,71.429
trinidad_and_tobago,2014,71.429
trinidad_and_tobago,2015,71.429
trinidad_and_tobago,2016,71.429
trinidad_and_tobago,2017,71.429
trinidad_and_tobago,2018,71.429
trinidad_and_tobago,2019,71.429
trinidad_and_tobago,2020,71.429
trinidad_and_tobago,2021,71.429
trinidad_and_tobago,2022,71.429
tunisia,1991,83.636
tunisia,1992,85.463
tunisia,1993,87.281
tunisia,1994,89.089
tunisia,1995,90.888
tunisia,1996,92.678
tunisia,1997,94.459
tunisia,1998,96.230
tunisia,1999,97.993
tunisia,2000,99.746
tunisia,2001,100.25
tunisia,2002,100.38
tunisia,2003,100.50
tunisia,2004,96.309
tunisia,2005,92.488
tunisia,2006,88.991
tunisia,2007,88.140
tunisia,2008,87.308
tunisia,2009,86.495
tunisia,2010,85.700
tunisia,2011,84.922
tunisia,2012,84.057
tunisia,2013,84.627
tunisia,2014,85.204
tunisia,2015,85.786
tunisia,2016,86.374
tunisia,2017,81.394
tunisia,2018,93.103
tunisia,2019,93.197
tunisia,2020,93.228
tunisia,2021,93.228
tunisia,2022,93.228
turkiye,1994,74.000
turkiye,1995,75.326
turkiye,1996,76.615
turkiye,1997,77.870
turkiye,1998,79.093
turkiye,1999,80.284
turkiye,2000,81.445
turkiye,2001,82.577
turkiye,2002,83.420
turkiye,2003,84.236
turkiye,2004,85.028
turkiye,2005,85.797
turkiye,2006,86.702
turkiye,2007,95.156
turkiye,2008,103.41
turkiye,2009,96.629
turkiye,2010,90.011
turkiye,2011,83.548
turkiye,2012,77.234
turkiye,2013,78.275
turkiye,2014,79.520
turkiye,2015,81.034
turkiye,2016,82.915
turkiye,2017,85.315
turkiye,2018,88.484
turkiye,2019,92.861
turkiye,2020,53.220
turkiye,2021,53.237
turkiye,2022,54.574
turkmenistan,1994,100.00
turkmenistan,1995,99.979
turkmenistan,1996,99.981
turkmenistan,1997,99.983
turkmenistan,1998,99.985
turkmenistan,1999,99.987
turkmenistan,2000,99.989
turkmenistan,2001,99.991
turkmenistan,2002,99.993
turkmenistan,2003,99.995
turkmenistan,2004,99.997
turkmenistan,2005,99.998
turkmenistan,2006,100.00
turkmenistan,2007,98.310
turkmenistan,2008,96.619
turkmenistan,2009,94.929
turkmenistan,2010,93.238
turkmenistan,2011,91.548
turkmenistan,2012,89.857
turkmenistan,2013,88.167
turkmenistan,2014,86.476
turkmenistan,2015,84.786
turkmenistan,2016,83.095
turkmenistan,2017,81.405
turkmenistan,2018,79.714
turkmenistan,2019,78.024
turkmenistan,2020,84.433
turkmenistan,2021,76.334
turkmenistan,2022,76.334
uganda,1998,64.481
uganda,1999,66.940
uganda,2000,69.315
uganda,2001,71.609
uganda,2002,73.827
uganda,2003,75.973
uganda,2004,78.049
uganda,2005,80.059
uganda,2006,82.007
uganda,2007,83.895
uganda,2008,85.725
uganda,2009,87.501
uganda,2010,90.661
uganda,2011,93.828
uganda,2012,94.999
uganda,2013,94.999
uganda,2014,94.999
uganda,2015,94.999
uganda,2016,94.999
uganda,2017,94.999
uganda,2018,94.999
uganda,2019,94.999
uganda,2020,94.999
uganda,2021,94.999
uganda,2022,94.999
ukraine,1995,71.373
ukraine,1996,65.170
ukraine,1997,59.514
ukraine,1998,53.858
ukraine,1999,55.931
ukraine,2000,37.068
ukraine,2001,20.856
ukraine,2002,28.027
ukraine,2003,28.077
ukraine,2004,25.988
ukraine,2005,28.520
ukraine,2006,21.812
ukraine,2007,19.724
ukraine,2008,17.635
ukraine,2009,15.547
ukraine,2010,16.988
ukraine,2011,14.242
ukraine,2012,14.434
ukraine,2013,18.534
ukraine,2014,14.286
ukraine,2015,17.373
ukraine,2016,20.461
ukraine,2017,23.548
ukraine,2018,23.548
ukraine,2019,24.516
ukraine,2020,27.668
ukraine,2021,28.816
ukraine,2022,29.608
united_arab_emirates,1993,81.750
united_arab_emirates,1994,67.432
united_arab_emirates,1995,57.785
united_arab_emirates,1996,50.829
united_arab_emirates,1997,45.576
united_arab_emirates,1998,41.469
united_arab_emirates,1999,38.169
united_arab_emirates,2000,35.461
united_arab_emirates,2001,33.197
united_arab_emirates,2002,31.278
united_arab_emirates,2003,29.629
united_arab_emirates,2004,32.987
united_arab_emirates,2005,37.031
united_arab_emirates,2006,41.996
united_arab_emirates,2007,48.236
united_arab_emirates,2008,56.316
united_arab_emirates,2009,67.190
united_arab_emirates,2010,82.609
united_arab_emirates,2011,84.205
united_arab_emirates,2012,86.085
united_arab_emirates,2013,88.335
united_arab_emirates,2014,91.073
united_arab_emirates,2015,94.478
united_arab_emirates,2016,98.829
united_arab_emirates,2017,102.82
united_arab_emirates,2018,103.99
united_arab_emirates,2019,100.00
united_arab_emirates,2020,100.00
united_arab_emirates,2021,100.00
united_arab_emirates,2022,100.00
united_kingdom_of_great_britain_and_northern_ireland,2005,100.01
united_kingdom_of_great_britain_and_northern_ireland,2006,91.429
united_kingdom_of_great_britain_and_northern_ireland,2007,100.08
united_kingdom_of_great_britain_and_northern_ireland,2008,84.369
united_kingdom_of_great_britain_and_northern_ireland,2009,75.413
united_kingdom_of_great_britain_and_northern_ireland,2010,69.761
united_kingdom_of_great_britain_and_northern_ireland,2011,54.379
united_kingdom_of_great_britain_and_northern_ireland,2012,46.167
united_kingdom_of_great_britain_and_northern_ireland,2013,42.581
united_kingdom_of_great_britain_and_northern_ireland,2014,56.147
united_kingdom_of_great_britain_and_northern_ireland,2015,67.388
united_kingdom_of_great_britain_and_northern_ireland,2016,36.109
united_kingdom_of_great_britain_and_northern_ireland,2017,75.299
united_kingdom_of_great_britain_and_northern_ireland,2018,75.299
united_kingdom_of_great_britain_and_northern_ireland,2019,75.299
united_kingdom_of_great_britain_and_northern_ireland,2020,75.299
united_kingdom_of_great_britain_and_northern_ireland,2021,75.299
united_kingdom_of_great_britain_and_northern_ireland,2022,75.299
united_states_of_america,1997,84.149
united_states_of_america,1998,83.939
united_states_of_america,1999,83.729
united_states_of_america,2000,83.519
united_states_of_america,2001,83.309
united_states_of_america,2002,83.098
united_states_of_america,2003,93.355
united_states_of_america,2004,106.36
united_states_of_america,2005,123.40
united_states_of_america,2006,146.68
united_states_of_america,2007,85.096
united_states_of_america,2008,82.545
united_states_of_america,2009,82.841
united_states_of_america,2010,83.136
united_states_of_america,2011,83.855
united_states_of_america,2012,84.581
united_states_of_america,2013,83.821
united_states_of_america,2014,83.822
united_states_of_america,2015,83.823
united_states_of_america,2016,83.824
united_states_of_america,2017,87.907
united_states_of_america,2018,84.763
united_states_of_america,2019,84.763
united_states_of_america,2020,84.763
united_states_of_america,2021,84.763
united_states_of_america,2022,91.678
uruguay,1998,100.00
uruguay,1999,101.60
uruguay,2000,103.18
uruguay,2001,104.73
uruguay,2002,106.26
uruguay,2003,107.76
uruguay,2004,109.24
uruguay,2005,110.70
uruguay,2006,112.14
uruguay,2007,113.55
uruguay,2008,114.94
uruguay,2009,116.32
uruguay,2010,117.67
uruguay,2011,94.828
uruguay,2012,96.364
uruguay,2013,92.920
uruguay,2014,89.655
uruguay,2015,86.554
uruguay,2016,83.605
uruguay,2017,89.025
uruguay,2018,91.858
uruguay,2019,76.495
uruguay,2020,73.129
uruguay,2021,70.354
uruguay,2022,66.506
uzbekistan,1994,98.200
uzbekistan,1995,97.100
uzbekistan,1996,96.034
uzbekistan,1997,94.967
uzbekistan,1998,93.901
uzbekistan,1999,92.835
uzbekistan,2000,91.769
uzbekistan,2001,90.703
uzbekistan,2002,89.637
uzbekistan,2003,88.571
uzbekistan,2004,87.504
uzbekistan,2005,88.137
uzbekistan,2006,86.438
uzbekistan,2007,86.438
uzbekistan,2008,86.438
uzbekistan,2009,86.438
uzbekistan,2010,86.438
uzbekistan,2011,86.438
uzbekistan,2012,86.438
uzbekistan,2013,86.438
uzbekistan,2014,88.011
uzbekistan,2015,88.011
uzbekistan,2016,88.116
uzbekistan,2017,85.907
uzbekistan,2018,86.438
uzbekistan,2019,86.027
uzbekistan,2020,85.967
uzbekistan,2021,85.947
uzbekistan,2022,85.927
venezuela_bolivarian_republic_of,1989,54.000
venezuela_bolivarian_republic_of,1990,54.000
venezuela_bolivarian_republic_of,1991,54.000
venezuela_bolivarian_republic_of,1992,54.000
venezuela_bolivarian_republic_of,1993,53.999
venezuela_bolivarian_republic_of,1994,53.999
venezuela_bolivarian_republic_of,1995,53.999
venezuela_bolivarian_republic_of,1996,53.999
venezuela_bolivarian_republic_of,1997,53.999
venezuela_bolivarian_republic_of,1998,53.999
venezuela_bolivarian_republic_of,1999,60.608
venezuela_bolivarian_republic_of,2000,66.257
venezuela_bolivarian_republic_of,2001,71.140
venezuela_bolivarian_republic_of,2002,75.403
venezuela_bolivarian_republic_of,2003,79.157
venezuela_bolivarian_republic_of,2004,82.488
venezuela_bolivarian_republic_of,2005,85.464
venezuela_bolivarian_republic_of,2006,88.139
venezuela_bolivarian_republic_of,2007,90.556
venezuela_bolivarian_republic_of,2008,92.777
venezuela_bolivarian_republic_of,2009,92.751
venezuela_bolivarian_republic_of,2010,92.751
venezuela_bolivarian_republic_of,2011,92.751
venezuela_bolivarian_republic_of,2012,92.751
venezuela_bolivarian_republic_of,2013,92.751
venezuela_bolivarian_republic_of,2014,92.751
venezuela_bolivarian_republic_of,2015,92.751
venezuela_bolivarian_republic_of,2016,92.751
venezuela_bolivarian_republic_of,2017,92.751
venezuela_bolivarian_republic_of,2018,92.751
venezuela_bolivarian_republic_of,2019,92.751
venezuela_bolivarian_republic_of,2020,92.751
venezuela_bolivarian_republic_of,2021,92.751
venezuela_bolivarian_republic_of,2022,92.751
viet_nam,1990,72.414
viet_nam,1991,71.795
viet_nam,1992,71.186
viet_nam,1993,70.588
viet_nam,1994,70.000
viet_nam,1995,73.979
viet_nam,1996,77.610
viet_nam,1997,80.936
viet_nam,1998,83.994
viet_nam,1999,86.816
viet_nam,2000,89.427
viet_nam,2001,91.850
viet_nam,2002,94.106
viet_nam,2003,96.210
viet_nam,2004,98.178
viet_nam,2005,99.998
viet_nam,2006,99.523
viet_nam,2007,99.048
viet_nam,2008,98.572
viet_nam,2009,98.097
viet_nam,2010,97.622
viet_nam,2011,97.147
viet_nam,2012,96.672
viet_nam,2013,96.197
viet_nam,2014,95.722
viet_nam,2015,95.246
viet_nam,2016,94.771
viet_nam,2017,94.296
viet_nam,2018,93.821
viet_nam,2019,100.00
viet_nam,2020,93.346
viet_nam,2021,93.346
viet_nam,2022,93.346
western_asia,2000,69.362
western_asia,2001,69.293
western_asia,2002,69.181
western_asia,2003,69.239
western_asia,2004,69.324
western_asia,2005,69.229
western_asia,2006,70.797
western_asia,2007,72.773
western_asia,2008,74.962
western_asia,2009,72.715
western_asia,2010,69.470
western_asia,2011,66.854
western_asia,2012,64.263
western_asia,2013,63.588
western_asia,2014,62.923
western_asia,2015,62.359
western_asia,2016,63.495
western_asia,2017,63.576
western_asia,2018,63.746
western_asia,2019,63.760
western_asia,2020,56.939
western_asia,2021,57.185
western_asia,2022,57.526
world,2000,70.503
world,2001,69.888
world,2002,70.036
world,2003,71.190
world,2004,72.128
world,2005,73.590
world,2006,74.997
world,2007,74.318
world,2008,74.185
world,2009,74.168
world,2010,74.444
world,2011,74.642
world,2012,74.516
world,2013,73.812
world,2014,74.021
world,2015,74.414
world,2016,73.611
world,2017,73.586
world,2018,78.092
world,2019,77.406
world,2020,76.251
world,2021,74.819
world,2022,73.704
zambia,1992,99.000
zambia,1993,120.76
zambia,1994,141.28
zambia,1995,161.05
zambia,1996,180.11
zambia,1997,198.49
zambia,1998,216.24
zambia,1999,233.38
zambia,2000,249.95
zambia,2001,265.97
zambia,2002,100.01
zambia,2003,100.01
zambia,2004,100.01
zambia,2005,100.01
zambia,2006,100.01
zambia,2007,100.01
zambia,2008,100.01
zambia,2009,100.01
zambia,2010,100.01
zambia,2011,100.01
zambia,2012,100.01
zambia,2013,100.01
zambia,2014,100.01
zambia,2015,100.01
zambia,2016,100.01
zambia,2017,100.01
zambia,2018,100.01
zambia,2019,100.01
zambia,2020,100.01
zambia,2021,100.01
zambia,2022,100.01
zimbabwe,1999,71.400
zimbabwe,2000,72.051
zimbabwe,2001,72.714
zimbabwe,2002,73.390
zimbabwe,2003,74.078
zimbabwe,2004,74.780
zimbabwe,2005,75.494
zimbabwe,2006,76.223
zimbabwe,2007,76.966
zimbabwe,2008,77.723
zimbabwe,2009,78.496
zimbabwe,2010,79.283
zimbabwe,2011,80.087
zimbabwe,2012,80.908
zimbabwe,2013,81.745
zimbabwe,2014,70.800
zimbabwe,2015,70.607
zimbabwe,2016,75.826
zimbabwe,2017,73.825
zimbabwe,2018,68.542
zimbabwe,2019,68.025
zimbabwe,2020,56.780
zimbabwe,2021,56.780
zimbabwe,2022,56.780
