area,year,national_rainfall_index_nri
afghanistan,1964,307.00
afghanistan,1965,300.84
afghanistan,1966,294.68
afghanistan,1967,288.52
afghanistan,1968,282.36
afghanistan,1969,276.20
afghanistan,1970,276.90
afghanistan,1971,277.60
afghanistan,1972,278.30
afghanistan,1973,279.00
afghanistan,1974,279.70
afghanistan,1975,286.80
afghanistan,1976,293.90
afghanistan,1977,301.00
afghanistan,1978,308.10
afghanistan,1979,315.20
afghanistan,1980,322.30
afghanistan,1981,313.15
afghanistan,1982,304.00
afghanistan,1983,294.85
afghanistan,1984,285.70
afghanistan,1985,276.55
afghanistan,1986,267.40
afghanistan,1987,302.15
afghanistan,1988,336.90
afghanistan,1989,328.92
afghanistan,1990,320.94
afghanistan,1991,312.96
afghanistan,1992,304.98
afghanistan,1993,297.00
afghanistan,1994,281.00
afghanistan,1995,265.00
afghanistan,1996,249.00
afghanistan,1997,233.00
afghanistan,1998,217.00
afghanistan,1999,201.00
afghanistan,2000,185.00
afghanistan,2001,185.00
afghanistan,2002,185.00
afghanistan,2003,185.00
afghanistan,2004,185.00
afghanistan,2005,185.00
afghanistan,2006,185.00
afghanistan,2007,185.00
afghanistan,2008,185.00
afghanistan,2009,185.00
afghanistan,2010,185.00
afghanistan,2011,185.00
afghanistan,2012,185.00
afghanistan,2013,185.00
afghanistan,2014,185.00
afghanistan,2015,185.00
afghanistan,2016,185.00
afghanistan,2017,185.00
afghanistan,2018,185.00
afghanistan,2019,185.00
afghanistan,2020,185.00
afghanistan,2021,185.00
afghanistan,2022,185.00
albania,1964,1312.0
albania,1965,1319.8
albania,1966,1327.5
albania,1967,1335.3
albania,1968,1343.0
albania,1969,1343.2
albania,1970,1343.4
albania,1971,1343.6
albania,1972,1343.8
albania,1973,1344.0
albania,1974,1340.4
albania,1975,1336.8
albania,1976,1333.2
albania,1977,1329.6
albania,1978,1326.0
albania,1979,1282.0
albania,1980,1238.0
albania,1981,1194.0
albania,1982,1150.0
albania,1983,1106.0
albania,1984,1062.0
albania,1985,1024.9
albania,1986,987.73
albania,1987,950.60
albania,1988,913.47
albania,1989,876.33
albania,1990,839.20
albania,1991,892.65
albania,1992,946.10
albania,1993,999.55
albania,1994,1053.0
albania,1995,1063.4
albania,1996,1073.8
albania,1997,1084.1
albania,1998,1094.5
albania,1999,1104.9
albania,2000,1115.3
albania,2001,1125.6
albania,2002,1136.0
albania,2003,1136.0
albania,2004,1136.0
albania,2005,1136.0
albania,2006,1136.0
albania,2007,1136.0
albania,2008,1136.0
albania,2009,1136.0
albania,2010,1136.0
albania,2011,1136.0
albania,2012,1136.0
albania,2013,1136.0
albania,2014,1136.0
albania,2015,1136.0
albania,2016,1136.0
albania,2017,1136.0
albania,2018,1136.0
albania,2019,1136.0
albania,2020,1136.0
albania,2021,1136.0
albania,2022,1136.0
algeria,1964,288.80
algeria,1965,292.10
algeria,1966,295.40
algeria,1967,298.70
algeria,1968,302.00
algeria,1969,305.30
algeria,1970,308.60
algeria,1971,311.90
algeria,1972,304.53
algeria,1973,297.17
algeria,1974,289.80
algeria,1975,295.78
algeria,1976,301.77
algeria,1977,307.75
algeria,1978,313.73
algeria,1979,319.72
algeria,1980,325.70
algeria,1981,318.22
algeria,1982,310.74
algeria,1983,303.26
algeria,1984,295.78
algeria,1985,288.30
algeria,1986,290.63
algeria,1987,292.97
algeria,1988,295.30
algeria,1989,297.63
algeria,1990,299.97
algeria,1991,302.30
algeria,1992,291.45
algeria,1993,280.60
algeria,1994,269.75
algeria,1995,258.90
algeria,1996,253.10
algeria,1997,247.30
algeria,1998,241.50
algeria,1999,241.50
algeria,2000,241.50
algeria,2001,241.50
algeria,2002,241.50
algeria,2003,241.50
algeria,2004,241.50
algeria,2005,241.50
algeria,2006,241.50
algeria,2007,241.50
algeria,2008,241.50
algeria,2009,241.50
algeria,2010,241.50
algeria,2011,241.50
algeria,2012,241.50
algeria,2013,241.50
algeria,2014,241.50
algeria,2015,241.50
algeria,2016,241.50
algeria,2017,241.50
algeria,2018,241.50
algeria,2019,241.50
algeria,2020,241.50
algeria,2021,241.50
algeria,2022,241.50
angola,1967,1114.0
angola,1968,1130.3
angola,1969,1146.7
angola,1970,1163.0
angola,1971,1160.2
angola,1972,1157.4
angola,1973,1154.6
angola,1974,1151.8
angola,1975,1149.0
angola,1976,1131.1
angola,1977,1113.3
angola,1978,1095.4
angola,1979,1077.6
angola,1980,1059.7
angola,1981,1041.9
angola,1982,1024.0
angola,1983,1045.5
angola,1984,1067.0
angola,1985,1088.5
angola,1986,1110.0
angola,1987,1113.0
angola,1988,1116.0
angola,1989,1119.0
angola,1990,1122.0
angola,1991,1111.5
angola,1992,1101.0
angola,1993,1090.5
angola,1994,1080.0
angola,1995,1091.4
angola,1996,1102.8
angola,1997,1114.2
angola,1998,1125.6
angola,1999,1137.0
angola,2000,1137.0
angola,2001,1137.0
angola,2002,1137.0
angola,2003,1137.0
angola,2004,1137.0
angola,2005,1137.0
angola,2006,1137.0
angola,2007,1137.0
angola,2008,1137.0
angola,2009,1137.0
angola,2010,1137.0
angola,2011,1137.0
angola,2012,1137.0
angola,2013,1137.0
angola,2014,1137.0
angola,2015,1137.0
angola,2016,1137.0
angola,2017,1137.0
angola,2018,1137.0
angola,2019,1137.0
angola,2020,1137.0
angola,2021,1137.0
angola,2022,1137.0
argentina,1963,781.60
argentina,1964,784.69
argentina,1965,787.77
argentina,1966,790.86
argentina,1967,793.94
argentina,1968,797.03
argentina,1969,800.11
argentina,1970,803.20
argentina,1971,814.63
argentina,1972,826.05
argentina,1973,837.48
argentina,1974,848.90
argentina,1975,859.42
argentina,1976,869.95
argentina,1977,880.48
argentina,1978,891.00
argentina,1979,903.93
argentina,1980,916.87
argentina,1981,929.80
argentina,1982,942.73
argentina,1983,955.67
argentina,1984,968.60
argentina,1985,966.97
argentina,1986,965.33
argentina,1987,963.70
argentina,1988,962.07
argentina,1989,960.43
argentina,1990,958.80
argentina,1991,948.59
argentina,1992,938.37
argentina,1993,928.16
argentina,1994,917.94
argentina,1995,907.73
argentina,1996,897.51
argentina,1997,887.30
argentina,1998,922.24
argentina,1999,957.18
argentina,2000,992.12
argentina,2001,1027.1
argentina,2002,1062.0
argentina,2003,1062.0
argentina,2004,1062.0
argentina,2005,1062.0
argentina,2006,1062.0
argentina,2007,1062.0
argentina,2008,1062.0
argentina,2009,1062.0
argentina,2010,1062.0
argentina,2011,1062.0
argentina,2012,1062.0
argentina,2013,1062.0
argentina,2014,1062.0
argentina,2015,1062.0
argentina,2016,1062.0
argentina,2017,1062.0
argentina,2018,1062.0
argentina,2019,1062.0
argentina,2020,1062.0
argentina,2021,1062.0
argentina,2022,1062.0
armenia,1992,416.20
armenia,1993,426.95
armenia,1994,437.70
armenia,1995,416.30
armenia,1996,394.90
armenia,1997,373.50
armenia,1998,352.10
armenia,1999,352.10
armenia,2000,352.10
armenia,2001,352.10
armenia,2002,352.10
armenia,2003,352.10
armenia,2004,352.10
armenia,2005,352.10
armenia,2006,352.10
armenia,2007,352.10
armenia,2008,352.10
armenia,2009,352.10
armenia,2010,352.10
armenia,2011,352.10
armenia,2012,352.10
armenia,2013,352.10
armenia,2014,352.10
armenia,2015,352.10
armenia,2016,352.10
armenia,2017,352.10
armenia,2018,352.10
armenia,2019,352.10
armenia,2020,352.10
armenia,2021,352.10
armenia,2022,352.10
australia,1964,596.40
australia,1965,605.86
australia,1966,615.33
australia,1967,624.79
australia,1968,634.25
australia,1969,643.71
australia,1970,653.17
australia,1971,662.64
australia,1972,672.10
australia,1973,691.38
australia,1974,710.66
australia,1975,729.94
australia,1976,749.22
australia,1977,768.50
australia,1978,749.73
australia,1979,730.95
australia,1980,712.17
australia,1981,693.40
australia,1982,679.30
australia,1983,665.20
australia,1984,651.10
australia,1985,637.00
australia,1986,648.54
australia,1987,660.08
australia,1988,671.62
australia,1989,683.16
australia,1990,694.70
australia,1991,684.83
australia,1992,674.97
australia,1993,665.10
australia,1994,655.23
australia,1995,645.37
australia,1996,635.50
australia,1997,651.82
australia,1998,668.14
australia,1999,684.46
australia,2000,700.78
australia,2001,717.10
australia,2002,717.10
australia,2003,717.10
australia,2004,717.10
australia,2005,717.10
australia,2006,717.10
australia,2007,717.10
australia,2008,717.10
australia,2009,717.10
australia,2010,717.10
australia,2011,717.10
australia,2012,717.10
australia,2013,717.10
australia,2014,717.10
australia,2015,717.10
australia,2016,717.10
australia,2017,717.10
australia,2018,717.10
australia,2019,717.10
australia,2020,717.10
australia,2021,717.10
australia,2022,717.10
austria,1964,1075.0
austria,1965,1067.0
austria,1966,1059.0
austria,1967,1051.0
austria,1968,1043.0
austria,1969,1035.0
austria,1970,1027.0
austria,1971,1019.0
austria,1972,1011.0
austria,1973,1017.6
austria,1974,1024.2
austria,1975,1030.8
austria,1976,1037.4
austria,1977,1044.0
austria,1978,1066.0
austria,1979,1088.0
austria,1980,1110.0
austria,1981,1081.2
austria,1982,1052.5
austria,1983,1023.7
austria,1984,994.93
austria,1985,966.17
austria,1986,937.40
austria,1987,947.65
austria,1988,957.90
austria,1989,968.15
austria,1990,978.40
austria,1991,988.65
austria,1992,998.90
austria,1993,1020.7
austria,1994,1042.5
austria,1995,1064.4
austria,1996,1086.2
austria,1997,1108.0
austria,1998,1114.0
austria,1999,1120.0
austria,2000,1126.0
austria,2001,1126.0
austria,2002,1126.0
austria,2003,1126.0
austria,2004,1126.0
austria,2005,1126.0
austria,2006,1126.0
austria,2007,1126.0
austria,2008,1126.0
austria,2009,1126.0
austria,2010,1126.0
austria,2011,1126.0
austria,2012,1126.0
austria,2013,1126.0
austria,2014,1126.0
austria,2015,1126.0
austria,2016,1126.0
austria,2017,1126.0
austria,2018,1126.0
austria,2019,1126.0
austria,2020,1126.0
austria,2021,1126.0
austria,2022,1126.0
azerbaijan,1992,553.10
azerbaijan,1993,546.65
azerbaijan,1994,540.20
azerbaijan,1995,520.08
azerbaijan,1996,499.95
azerbaijan,1997,479.82
azerbaijan,1998,459.70
azerbaijan,1999,459.70
azerbaijan,2000,459.70
azerbaijan,2001,459.70
azerbaijan,2002,459.70
azerbaijan,2003,459.70
azerbaijan,2004,459.70
azerbaijan,2005,459.70
azerbaijan,2006,459.70
azerbaijan,2007,459.70
azerbaijan,2008,459.70
azerbaijan,2009,459.70
azerbaijan,2010,459.70
azerbaijan,2011,459.70
azerbaijan,2012,459.70
azerbaijan,2013,459.70
azerbaijan,2014,459.70
azerbaijan,2015,459.70
azerbaijan,2016,459.70
azerbaijan,2017,459.70
azerbaijan,2018,459.70
azerbaijan,2019,459.70
azerbaijan,2020,459.70
azerbaijan,2021,459.70
azerbaijan,2022,459.70
bahamas,1964,1128.0
bahamas,1965,1137.0
bahamas,1966,1146.0
bahamas,1967,1155.0
bahamas,1968,1164.0
bahamas,1969,1173.0
bahamas,1970,1182.0
bahamas,1971,1191.0
bahamas,1972,1200.0
bahamas,1973,1216.0
bahamas,1974,1232.0
bahamas,1975,1248.0
bahamas,1976,1308.0
bahamas,1977,1368.0
bahamas,1978,1428.0
bahamas,1979,1404.0
bahamas,1980,1380.0
bahamas,1981,1356.0
bahamas,1982,1332.0
bahamas,1983,1308.0
bahamas,1984,1284.0
bahamas,1985,1234.0
bahamas,1986,1184.1
bahamas,1987,1134.1
bahamas,1988,1084.1
bahamas,1989,1034.2
bahamas,1990,984.20
bahamas,1991,1076.1
bahamas,1992,1168.1
bahamas,1993,1260.0
bahamas,1994,1270.0
bahamas,1995,1280.0
bahamas,1996,1290.0
bahamas,1997,1300.0
bahamas,1998,1310.0
bahamas,1999,1320.0
bahamas,2000,1320.0
bahamas,2001,1320.0
bahamas,2002,1320.0
bahamas,2003,1320.0
bahamas,2004,1320.0
bahamas,2005,1320.0
bahamas,2006,1320.0
bahamas,2007,1320.0
bahamas,2008,1320.0
bahamas,2009,1320.0
bahamas,2010,1320.0
bahamas,2011,1320.0
bahamas,2012,1320.0
bahamas,2013,1320.0
bahamas,2014,1320.0
bahamas,2015,1320.0
bahamas,2016,1320.0
bahamas,2017,1320.0
bahamas,2018,1320.0
bahamas,2019,1320.0
bahamas,2020,1320.0
bahamas,2021,1320.0
bahamas,2022,1320.0
bangladesh,1963,2360.0
bangladesh,1964,2379.2
bangladesh,1965,2398.3
bangladesh,1966,2417.5
bangladesh,1967,2436.7
bangladesh,1968,2455.8
bangladesh,1969,2475.0
bangladesh,1970,2514.8
bangladesh,1971,2554.5
bangladesh,1972,2594.3
bangladesh,1973,2634.0
bangladesh,1974,2596.9
bangladesh,1975,2559.8
bangladesh,1976,2522.7
bangladesh,1977,2485.6
bangladesh,1978,2448.4
bangladesh,1979,2411.3
bangladesh,1980,2374.2
bangladesh,1981,2337.1
bangladesh,1982,2300.0
bangladesh,1983,2362.2
bangladesh,1984,2424.4
bangladesh,1985,2486.6
bangladesh,1986,2548.8
bangladesh,1987,2611.0
bangladesh,1988,2429.5
bangladesh,1989,2248.0
bangladesh,1990,2211.0
bangladesh,1991,2174.0
bangladesh,1992,2137.0
bangladesh,1993,2100.0
bangladesh,1994,2063.0
bangladesh,1995,2104.0
bangladesh,1996,2145.0
bangladesh,1997,2186.0
bangladesh,1998,2227.0
bangladesh,1999,2268.0
bangladesh,2000,2309.0
bangladesh,2001,2309.0
bangladesh,2002,2309.0
bangladesh,2003,2309.0
bangladesh,2004,2309.0
bangladesh,2005,2309.0
bangladesh,2006,2309.0
bangladesh,2007,2309.0
bangladesh,2008,2309.0
bangladesh,2009,2309.0
bangladesh,2010,2309.0
bangladesh,2011,2309.0
bangladesh,2012,2309.0
bangladesh,2013,2309.0
bangladesh,2014,2309.0
bangladesh,2015,2309.0
bangladesh,2016,2309.0
bangladesh,2017,2309.0
bangladesh,2018,2309.0
bangladesh,2019,2309.0
bangladesh,2020,2309.0
bangladesh,2021,2309.0
bangladesh,2022,2309.0
belarus,1992,593.53
belarus,1993,586.87
belarus,1994,580.20
belarus,1995,586.12
belarus,1996,592.03
belarus,1997,597.95
belarus,1998,603.87
belarus,1999,609.78
belarus,2000,615.70
belarus,2001,615.70
belarus,2002,615.70
belarus,2003,615.70
belarus,2004,615.70
belarus,2005,615.70
belarus,2006,615.70
belarus,2007,615.70
belarus,2008,615.70
belarus,2009,615.70
belarus,2010,615.70
belarus,2011,615.70
belarus,2012,615.70
belarus,2013,615.70
belarus,2014,615.70
belarus,2015,615.70
belarus,2016,615.70
belarus,2017,615.70
belarus,2018,615.70
belarus,2019,615.70
belarus,2020,615.70
belarus,2021,615.70
belarus,2022,615.70
belgium,1967,790.50
belgium,1968,796.75
belgium,1969,803.00
belgium,1970,791.87
belgium,1971,780.73
belgium,1972,769.60
belgium,1973,758.47
belgium,1974,747.33
belgium,1975,736.20
belgium,1976,787.75
belgium,1977,839.30
belgium,1978,890.85
belgium,1979,942.40
belgium,1980,942.61
belgium,1981,942.83
belgium,1982,943.04
belgium,1983,943.26
belgium,1984,943.47
belgium,1985,943.69
belgium,1986,943.90
belgium,1987,912.34
belgium,1988,880.78
belgium,1989,849.22
belgium,1990,817.66
belgium,1991,786.10
belgium,1992,819.23
belgium,1993,852.35
belgium,1994,885.48
belgium,1995,918.60
belgium,1996,948.88
belgium,1997,979.16
belgium,1998,1009.4
belgium,1999,1039.7
belgium,2000,1070.0
belgium,2001,1070.0
belgium,2002,1070.0
belgium,2003,1070.0
belgium,2004,1070.0
belgium,2005,1070.0
belgium,2006,1070.0
belgium,2007,1070.0
belgium,2008,1070.0
belgium,2009,1070.0
belgium,2010,1070.0
belgium,2011,1070.0
belgium,2012,1070.0
belgium,2013,1070.0
belgium,2014,1070.0
belgium,2015,1070.0
belgium,2016,1070.0
belgium,2017,1070.0
belgium,2018,1070.0
belgium,2019,1070.0
belgium,2020,1070.0
belgium,2021,1070.0
belgium,2022,1070.0
belize,1965,1771.0
belize,1966,1780.2
belize,1967,1789.4
belize,1968,1798.6
belize,1969,1807.8
belize,1970,1817.0
belize,1971,1827.0
belize,1972,1837.0
belize,1973,1847.0
belize,1974,1857.0
belize,1975,1904.5
belize,1976,1952.0
belize,1977,1999.5
belize,1978,2047.0
belize,1979,2094.5
belize,1980,2142.0
belize,1981,2031.3
belize,1982,1920.7
belize,1983,1810.0
belize,1984,1864.6
belize,1985,1919.2
belize,1986,1973.8
belize,1987,2028.4
belize,1988,2083.0
belize,1989,2066.4
belize,1990,2049.8
belize,1991,2033.1
belize,1992,2016.5
belize,1993,1999.9
belize,1994,1983.3
belize,1995,1966.6
belize,1996,1950.0
belize,1997,1981.5
belize,1998,2013.0
belize,1999,2013.0
belize,2000,2013.0
belize,2001,2013.0
belize,2002,2013.0
belize,2003,2013.0
belize,2004,2013.0
belize,2005,2013.0
belize,2006,2013.0
belize,2007,2013.0
belize,2008,2013.0
belize,2009,2013.0
belize,2010,2013.0
belize,2011,2013.0
belize,2012,2013.0
belize,2013,2013.0
belize,2014,2013.0
belize,2015,2013.0
belize,2016,2013.0
belize,2017,2013.0
belize,2018,2013.0
belize,2019,2013.0
belize,2020,2013.0
belize,2021,2013.0
belize,2022,2013.0
benin,1966,1039.0
benin,1967,1030.8
benin,1968,1022.5
benin,1969,1014.3
benin,1970,1006.0
benin,1971,1001.3
benin,1972,996.60
benin,1973,991.90
benin,1974,994.06
benin,1975,996.21
benin,1976,998.37
benin,1977,1000.5
benin,1978,1002.7
benin,1979,1004.8
benin,1980,1007.0
benin,1981,993.57
benin,1982,980.14
benin,1983,966.71
benin,1984,953.29
benin,1985,939.86
benin,1986,926.43
benin,1987,913.00
benin,1988,1015.0
benin,1989,1117.0
benin,1990,1106.1
benin,1991,1095.3
benin,1992,1084.4
benin,1993,1073.6
benin,1994,1062.7
benin,1995,1051.9
benin,1996,1041.0
benin,1997,1027.4
benin,1998,1013.8
benin,1999,1000.3
benin,2000,986.67
benin,2001,973.08
benin,2002,959.50
benin,2003,959.50
benin,2004,959.50
benin,2005,959.50
benin,2006,959.50
benin,2007,959.50
benin,2008,959.50
benin,2009,959.50
benin,2010,959.50
benin,2011,959.50
benin,2012,959.50
benin,2013,959.50
benin,2014,959.50
benin,2015,959.50
benin,2016,959.50
benin,2017,959.50
benin,2018,959.50
benin,2019,959.50
benin,2020,959.50
benin,2021,959.50
benin,2022,959.50
bhutan,1963,2377.0
bhutan,1964,2427.1
bhutan,1965,2477.3
bhutan,1966,2527.4
bhutan,1967,2577.5
bhutan,1968,2627.6
bhutan,1969,2677.8
bhutan,1970,2727.9
bhutan,1971,2778.0
bhutan,1972,2806.2
bhutan,1973,2834.3
bhutan,1974,2862.5
bhutan,1975,2890.7
bhutan,1976,2918.8
bhutan,1977,2947.0
bhutan,1978,2812.3
bhutan,1979,2677.5
bhutan,1980,2542.8
bhutan,1981,2408.0
bhutan,1982,2479.7
bhutan,1983,2551.3
bhutan,1984,2623.0
bhutan,1985,2694.7
bhutan,1986,2766.3
bhutan,1987,2838.0
bhutan,1988,2792.5
bhutan,1989,2747.0
bhutan,1990,2690.0
bhutan,1991,2633.0
bhutan,1992,2576.0
bhutan,1993,2519.0
bhutan,1994,2462.0
bhutan,1995,2405.0
bhutan,1996,2348.0
bhutan,1997,2391.5
bhutan,1998,2435.0
bhutan,1999,2478.5
bhutan,2000,2522.0
bhutan,2001,2565.5
bhutan,2002,2609.0
bhutan,2003,2609.0
bhutan,2004,2609.0
bhutan,2005,2609.0
bhutan,2006,2609.0
bhutan,2007,2609.0
bhutan,2008,2609.0
bhutan,2009,2609.0
bhutan,2010,2609.0
bhutan,2011,2609.0
bhutan,2012,2609.0
bhutan,2013,2609.0
bhutan,2014,2609.0
bhutan,2015,2609.0
bhutan,2016,2609.0
bhutan,2017,2609.0
bhutan,2018,2609.0
bhutan,2019,2609.0
bhutan,2020,2609.0
bhutan,2021,2609.0
bhutan,2022,2609.0
bolivia_plurinational_state_of,1967,1435.0
bolivia_plurinational_state_of,1968,1443.7
bolivia_plurinational_state_of,1969,1452.3
bolivia_plurinational_state_of,1970,1461.0
bolivia_plurinational_state_of,1971,1496.0
bolivia_plurinational_state_of,1972,1531.0
bolivia_plurinational_state_of,1973,1566.0
bolivia_plurinational_state_of,1974,1601.0
bolivia_plurinational_state_of,1975,1636.0
bolivia_plurinational_state_of,1976,1671.0
bolivia_plurinational_state_of,1977,1733.5
bolivia_plurinational_state_of,1978,1796.0
bolivia_plurinational_state_of,1979,1784.3
bolivia_plurinational_state_of,1980,1772.7
bolivia_plurinational_state_of,1981,1761.0
bolivia_plurinational_state_of,1982,1749.3
bolivia_plurinational_state_of,1983,1737.7
bolivia_plurinational_state_of,1984,1726.0
bolivia_plurinational_state_of,1985,1694.7
bolivia_plurinational_state_of,1986,1663.3
bolivia_plurinational_state_of,1987,1632.0
bolivia_plurinational_state_of,1988,1600.7
bolivia_plurinational_state_of,1989,1569.3
bolivia_plurinational_state_of,1990,1538.0
bolivia_plurinational_state_of,1991,1528.4
bolivia_plurinational_state_of,1992,1518.8
bolivia_plurinational_state_of,1993,1509.2
bolivia_plurinational_state_of,1994,1499.6
bolivia_plurinational_state_of,1995,1490.0
bolivia_plurinational_state_of,1996,1492.2
bolivia_plurinational_state_of,1997,1494.3
bolivia_plurinational_state_of,1998,1496.5
bolivia_plurinational_state_of,1999,1498.7
bolivia_plurinational_state_of,2000,1500.8
bolivia_plurinational_state_of,2001,1503.0
bolivia_plurinational_state_of,2002,1503.0
bolivia_plurinational_state_of,2003,1503.0
bolivia_plurinational_state_of,2004,1503.0
bolivia_plurinational_state_of,2005,1503.0
bolivia_plurinational_state_of,2006,1503.0
bolivia_plurinational_state_of,2007,1503.0
bolivia_plurinational_state_of,2008,1503.0
bolivia_plurinational_state_of,2009,1503.0
bolivia_plurinational_state_of,2010,1503.0
bolivia_plurinational_state_of,2011,1503.0
bolivia_plurinational_state_of,2012,1503.0
bolivia_plurinational_state_of,2013,1503.0
bolivia_plurinational_state_of,2014,1503.0
bolivia_plurinational_state_of,2015,1503.0
bolivia_plurinational_state_of,2016,1503.0
bolivia_plurinational_state_of,2017,1503.0
bolivia_plurinational_state_of,2018,1503.0
bolivia_plurinational_state_of,2019,1503.0
bolivia_plurinational_state_of,2020,1503.0
bolivia_plurinational_state_of,2021,1503.0
bolivia_plurinational_state_of,2022,1503.0
bosnia_and_herzegovina,1992,883.90
bosnia_and_herzegovina,1993,896.00
bosnia_and_herzegovina,1994,908.10
bosnia_and_herzegovina,1995,920.20
bosnia_and_herzegovina,1996,932.30
bosnia_and_herzegovina,1997,944.40
bosnia_and_herzegovina,1998,963.05
bosnia_and_herzegovina,1999,981.70
bosnia_and_herzegovina,2000,1000.4
bosnia_and_herzegovina,2001,1019.0
bosnia_and_herzegovina,2002,1019.0
bosnia_and_herzegovina,2003,1019.0
bosnia_and_herzegovina,2004,1019.0
bosnia_and_herzegovina,2005,1019.0
bosnia_and_herzegovina,2006,1019.0
bosnia_and_herzegovina,2007,1019.0
bosnia_and_herzegovina,2008,1019.0
bosnia_and_herzegovina,2009,1019.0
bosnia_and_herzegovina,2010,1019.0
bosnia_and_herzegovina,2011,1019.0
bosnia_and_herzegovina,2012,1019.0
bosnia_and_herzegovina,2013,1019.0
bosnia_and_herzegovina,2014,1019.0
bosnia_and_herzegovina,2015,1019.0
bosnia_and_herzegovina,2016,1019.0
bosnia_and_herzegovina,2017,1019.0
bosnia_and_herzegovina,2018,1019.0
bosnia_and_herzegovina,2019,1019.0
bosnia_and_herzegovina,2020,1019.0
bosnia_and_herzegovina,2021,1019.0
bosnia_and_herzegovina,2022,1019.0
botswana,1966,402.10
botswana,1967,403.46
botswana,1968,404.82
botswana,1969,406.18
botswana,1970,407.54
botswana,1971,408.90
botswana,1972,433.84
botswana,1973,458.78
botswana,1974,483.72
botswana,1975,508.66
botswana,1976,533.60
botswana,1977,507.77
botswana,1978,481.95
botswana,1979,456.13
botswana,1980,430.30
botswana,1981,410.72
botswana,1982,391.13
botswana,1983,371.55
botswana,1984,351.97
botswana,1985,332.38
botswana,1986,312.80
botswana,1987,332.57
botswana,1988,352.35
botswana,1989,372.13
botswana,1990,391.90
botswana,1991,375.43
botswana,1992,358.95
botswana,1993,342.48
botswana,1994,326.00
botswana,1995,346.88
botswana,1996,367.76
botswana,1997,388.64
botswana,1998,409.52
botswana,1999,430.40
botswana,2000,430.40
botswana,2001,430.40
botswana,2002,430.40
botswana,2003,430.40
botswana,2004,430.40
botswana,2005,430.40
botswana,2006,430.40
botswana,2007,430.40
botswana,2008,430.40
botswana,2009,430.40
botswana,2010,430.40
botswana,2011,430.40
botswana,2012,430.40
botswana,2013,430.40
botswana,2014,430.40
botswana,2015,430.40
botswana,2016,430.40
botswana,2017,430.40
botswana,2018,430.40
botswana,2019,430.40
botswana,2020,430.40
botswana,2021,430.40
botswana,2022,430.40
brazil,1967,1888.0
brazil,1968,1883.7
brazil,1969,1879.3
brazil,1970,1875.0
brazil,1971,1906.6
brazil,1972,1938.2
brazil,1973,1969.8
brazil,1974,2001.4
brazil,1975,2033.0
brazil,1976,2021.3
brazil,1977,2009.5
brazil,1978,1997.8
brazil,1979,1986.0
brazil,1980,1980.6
brazil,1981,1975.2
brazil,1982,1969.8
brazil,1983,1964.4
brazil,1984,1959.0
brazil,1985,1964.0
brazil,1986,1969.0
brazil,1987,1974.0
brazil,1988,1979.0
brazil,1989,1984.0
brazil,1990,1989.0
brazil,1991,1973.4
brazil,1992,1957.8
brazil,1993,1942.2
brazil,1994,1926.6
brazil,1995,1911.0
brazil,1996,1915.6
brazil,1997,1920.2
brazil,1998,1924.8
brazil,1999,1929.4
brazil,2000,1934.0
brazil,2001,1934.0
brazil,2002,1934.0
brazil,2003,1934.0
brazil,2004,1934.0
brazil,2005,1934.0
brazil,2006,1934.0
brazil,2007,1934.0
brazil,2008,1934.0
brazil,2009,1934.0
brazil,2010,1934.0
brazil,2011,1934.0
brazil,2012,1934.0
brazil,2013,1934.0
brazil,2014,1934.0
brazil,2015,1934.0
brazil,2016,1934.0
brazil,2017,1934.0
brazil,2018,1934.0
brazil,2019,1934.0
brazil,2020,1934.0
brazil,2021,1934.0
brazil,2022,1934.0
brunei_darussalam,1964,3204.0
brunei_darussalam,1965,3168.0
brunei_darussalam,1966,3132.0
brunei_darussalam,1967,3154.5
brunei_darussalam,1968,3177.0
brunei_darussalam,1969,3199.5
brunei_darussalam,1970,3222.0
brunei_darussalam,1971,3244.5
brunei_darussalam,1972,3267.0
brunei_darussalam,1973,3289.5
brunei_darussalam,1974,3312.0
brunei_darussalam,1975,3318.0
brunei_darussalam,1976,3324.0
brunei_darussalam,1977,3330.0
brunei_darussalam,1978,3336.0
brunei_darussalam,1979,3342.0
brunei_darussalam,1980,3348.0
brunei_darussalam,1981,3420.0
brunei_darussalam,1982,3492.0
brunei_darussalam,1983,3564.0
brunei_darussalam,1984,3636.0
brunei_darussalam,1985,3708.0
brunei_darussalam,1986,3780.0
brunei_darussalam,1987,3528.0
brunei_darussalam,1988,3276.0
brunei_darussalam,1989,3024.0
brunei_darussalam,1990,2772.0
brunei_darussalam,1991,2826.0
brunei_darussalam,1992,2880.0
brunei_darussalam,1993,2934.0
brunei_darussalam,1994,2988.0
brunei_darussalam,1995,3103.2
brunei_darussalam,1996,3218.4
brunei_darussalam,1997,3333.6
brunei_darussalam,1998,3448.8
brunei_darussalam,1999,3564.0
brunei_darussalam,2000,3564.0
brunei_darussalam,2001,3564.0
brunei_darussalam,2002,3564.0
brunei_darussalam,2003,3564.0
brunei_darussalam,2004,3564.0
brunei_darussalam,2005,3564.0
brunei_darussalam,2006,3564.0
brunei_darussalam,2007,3564.0
brunei_darussalam,2008,3564.0
brunei_darussalam,2009,3564.0
brunei_darussalam,2010,3564.0
brunei_darussalam,2011,3564.0
brunei_darussalam,2012,3564.0
brunei_darussalam,2013,3564.0
brunei_darussalam,2014,3564.0
brunei_darussalam,2015,3564.0
brunei_darussalam,2016,3564.0
brunei_darussalam,2017,3564.0
brunei_darussalam,2018,3564.0
brunei_darussalam,2019,3564.0
brunei_darussalam,2020,3564.0
brunei_darussalam,2021,3564.0
brunei_darussalam,2022,3564.0
bulgaria,1964,686.00
bulgaria,1965,684.52
bulgaria,1966,683.03
bulgaria,1967,681.55
bulgaria,1968,680.07
bulgaria,1969,678.58
bulgaria,1970,677.10
bulgaria,1971,663.40
bulgaria,1972,649.70
bulgaria,1973,636.00
bulgaria,1974,641.43
bulgaria,1975,646.86
bulgaria,1976,652.29
bulgaria,1977,657.71
bulgaria,1978,663.14
bulgaria,1979,668.57
bulgaria,1980,674.00
bulgaria,1981,629.10
bulgaria,1982,584.20
bulgaria,1983,539.30
bulgaria,1984,538.05
bulgaria,1985,536.80
bulgaria,1986,535.55
bulgaria,1987,534.30
bulgaria,1988,533.05
bulgaria,1989,531.80
bulgaria,1990,533.11
bulgaria,1991,534.43
bulgaria,1992,535.74
bulgaria,1993,537.06
bulgaria,1994,538.37
bulgaria,1995,539.69
bulgaria,1996,541.00
bulgaria,1997,541.77
bulgaria,1998,542.53
bulgaria,1999,543.30
bulgaria,2000,543.30
bulgaria,2001,543.30
bulgaria,2002,543.30
bulgaria,2003,543.30
bulgaria,2004,543.30
bulgaria,2005,543.30
bulgaria,2006,543.30
bulgaria,2007,543.30
bulgaria,2008,543.30
bulgaria,2009,543.30
bulgaria,2010,543.30
bulgaria,2011,543.30
bulgaria,2012,543.30
bulgaria,2013,543.30
bulgaria,2014,543.30
bulgaria,2015,543.30
bulgaria,2016,543.30
bulgaria,2017,543.30
bulgaria,2018,543.30
bulgaria,2019,543.30
bulgaria,2020,543.30
bulgaria,2021,543.30
bulgaria,2022,543.30
burkina_faso,1965,884.20
burkina_faso,1966,869.36
burkina_faso,1967,854.52
burkina_faso,1968,839.68
burkina_faso,1969,824.84
burkina_faso,1970,810.00
burkina_faso,1971,804.76
burkina_faso,1972,799.52
burkina_faso,1973,794.28
burkina_faso,1974,789.04
burkina_faso,1975,783.80
burkina_faso,1976,777.84
burkina_faso,1977,771.88
burkina_faso,1978,765.92
burkina_faso,1979,759.96
burkina_faso,1980,754.00
burkina_faso,1981,745.87
burkina_faso,1982,737.74
burkina_faso,1983,729.61
burkina_faso,1984,721.49
burkina_faso,1985,713.36
burkina_faso,1986,705.23
burkina_faso,1987,697.10
burkina_faso,1988,715.46
burkina_faso,1989,733.82
burkina_faso,1990,752.18
burkina_faso,1991,770.54
burkina_faso,1992,788.90
burkina_faso,1993,784.70
burkina_faso,1994,780.50
burkina_faso,1995,776.30
burkina_faso,1996,772.84
burkina_faso,1997,769.38
burkina_faso,1998,765.92
burkina_faso,1999,762.46
burkina_faso,2000,759.00
burkina_faso,2001,759.00
burkina_faso,2002,759.00
burkina_faso,2003,759.00
burkina_faso,2004,759.00
burkina_faso,2005,759.00
burkina_faso,2006,759.00
burkina_faso,2007,759.00
burkina_faso,2008,759.00
burkina_faso,2009,759.00
burkina_faso,2010,759.00
burkina_faso,2011,759.00
burkina_faso,2012,759.00
burkina_faso,2013,759.00
burkina_faso,2014,759.00
burkina_faso,2015,759.00
burkina_faso,2016,759.00
burkina_faso,2017,759.00
burkina_faso,2018,759.00
burkina_faso,2019,759.00
burkina_faso,2020,759.00
burkina_faso,2021,759.00
burkina_faso,2022,759.00
burundi,1966,1085.0
burundi,1967,1076.7
burundi,1968,1068.3
burundi,1969,1060.0
burundi,1970,1058.9
burundi,1971,1057.7
burundi,1972,1056.6
burundi,1973,1055.4
burundi,1974,1054.3
burundi,1975,1053.1
burundi,1976,1052.0
burundi,1977,1041.0
burundi,1978,1030.0
burundi,1979,1015.6
burundi,1980,1001.3
burundi,1981,986.92
burundi,1982,972.56
burundi,1983,958.20
burundi,1984,958.81
burundi,1985,959.43
burundi,1986,960.04
burundi,1987,960.66
burundi,1988,961.27
burundi,1989,961.89
burundi,1990,962.50
burundi,1991,972.80
burundi,1992,983.10
burundi,1993,993.40
burundi,1994,1003.7
burundi,1995,1014.0
burundi,1996,1011.3
burundi,1997,1008.6
burundi,1998,1005.9
burundi,1999,1003.2
burundi,2000,1000.5
burundi,2001,997.80
burundi,2002,997.80
burundi,2003,997.80
burundi,2004,997.80
burundi,2005,997.80
burundi,2006,997.80
burundi,2007,997.80
burundi,2008,997.80
burundi,2009,997.80
burundi,2010,997.80
burundi,2011,997.80
burundi,2012,997.80
burundi,2013,997.80
burundi,2014,997.80
burundi,2015,997.80
burundi,2016,997.80
burundi,2017,997.80
burundi,2018,997.80
burundi,2019,997.80
burundi,2020,997.80
burundi,2021,997.80
burundi,2022,997.80
cabo_verde,1963,144.00
cabo_verde,1964,72.000
cabo_verde,1965,108.00
cabo_verde,1966,111.60
cabo_verde,1967,115.20
cabo_verde,1968,118.80
cabo_verde,1969,122.40
cabo_verde,1970,126.00
cabo_verde,1971,129.60
cabo_verde,1972,133.20
cabo_verde,1973,136.80
cabo_verde,1974,140.40
cabo_verde,1975,144.00
cabo_verde,1976,144.00
cabo_verde,1977,144.00
cabo_verde,1978,144.00
cabo_verde,1979,144.00
cabo_verde,1980,144.00
cabo_verde,1981,144.00
cabo_verde,1982,144.00
cabo_verde,1983,144.00
cabo_verde,1984,144.00
cabo_verde,1985,144.00
cabo_verde,1986,144.00
cabo_verde,1987,144.00
cabo_verde,1988,144.00
cabo_verde,1989,144.00
cabo_verde,1990,144.00
cabo_verde,1991,144.00
cabo_verde,1992,144.00
cabo_verde,1993,144.00
cabo_verde,1994,144.00
cabo_verde,1995,144.00
cabo_verde,1996,144.00
cabo_verde,1997,144.00
cabo_verde,1998,144.00
cabo_verde,1999,144.00
cabo_verde,2000,144.00
cabo_verde,2001,144.00
cabo_verde,2002,144.00
cabo_verde,2003,144.00
cabo_verde,2004,144.00
cabo_verde,2005,144.00
cabo_verde,2006,144.00
cabo_verde,2007,144.00
cabo_verde,2008,144.00
cabo_verde,2009,144.00
cabo_verde,2010,144.00
cabo_verde,2011,144.00
cabo_verde,2012,144.00
cabo_verde,2013,144.00
cabo_verde,2014,144.00
cabo_verde,2015,144.00
cabo_verde,2016,144.00
cabo_verde,2017,144.00
cabo_verde,2018,144.00
cabo_verde,2019,144.00
cabo_verde,2020,144.00
cabo_verde,2021,144.00
cabo_verde,2022,144.00
cambodia,1967,2136.0
cambodia,1968,2089.6
cambodia,1969,2043.2
cambodia,1970,1996.8
cambodia,1971,1950.4
cambodia,1972,1904.0
cambodia,1973,1951.3
cambodia,1974,1998.5
cambodia,1975,2045.8
cambodia,1976,2093.0
cambodia,1977,2093.5
cambodia,1978,2094.0
cambodia,1979,2093.3
cambodia,1980,2092.6
cambodia,1981,2091.9
cambodia,1982,2091.1
cambodia,1983,2090.4
cambodia,1984,2089.7
cambodia,1985,2089.0
cambodia,1986,2035.5
cambodia,1987,1982.0
cambodia,1988,1928.5
cambodia,1989,1875.0
cambodia,1990,1917.4
cambodia,1991,1959.9
cambodia,1992,2002.3
cambodia,1993,2044.7
cambodia,1994,2087.1
cambodia,1995,2129.6
cambodia,1996,2172.0
cambodia,1997,2207.2
cambodia,1998,2242.4
cambodia,1999,2277.6
cambodia,2000,2312.8
cambodia,2001,2348.0
cambodia,2002,2348.0
cambodia,2003,2348.0
cambodia,2004,2348.0
cambodia,2005,2348.0
cambodia,2006,2348.0
cambodia,2007,2348.0
cambodia,2008,2348.0
cambodia,2009,2348.0
cambodia,2010,2348.0
cambodia,2011,2348.0
cambodia,2012,2348.0
cambodia,2013,2348.0
cambodia,2014,2348.0
cambodia,2015,2348.0
cambodia,2016,2348.0
cambodia,2017,2348.0
cambodia,2018,2348.0
cambodia,2019,2348.0
cambodia,2020,2348.0
cambodia,2021,2348.0
cambodia,2022,2348.0
cameroon,1965,1820.0
cameroon,1966,1805.7
cameroon,1967,1791.3
cameroon,1968,1777.0
cameroon,1969,1768.1
cameroon,1970,1759.3
cameroon,1971,1750.4
cameroon,1972,1741.6
cameroon,1973,1732.7
cameroon,1974,1723.9
cameroon,1975,1715.0
cameroon,1976,1729.6
cameroon,1977,1744.2
cameroon,1978,1758.8
cameroon,1979,1773.4
cameroon,1980,1788.0
cameroon,1981,1754.3
cameroon,1982,1720.7
cameroon,1983,1687.0
cameroon,1984,1653.3
cameroon,1985,1619.7
cameroon,1986,1586.0
cameroon,1987,1606.3
cameroon,1988,1626.5
cameroon,1989,1646.8
cameroon,1990,1667.0
cameroon,1991,1673.4
cameroon,1992,1679.8
cameroon,1993,1686.2
cameroon,1994,1692.6
cameroon,1995,1699.0
cameroon,1996,1698.2
cameroon,1997,1697.3
cameroon,1998,1696.5
cameroon,1999,1695.7
cameroon,2000,1694.8
cameroon,2001,1694.0
cameroon,2002,1694.0
cameroon,2003,1694.0
cameroon,2004,1694.0
cameroon,2005,1694.0
cameroon,2006,1694.0
cameroon,2007,1694.0
cameroon,2008,1694.0
cameroon,2009,1694.0
cameroon,2010,1694.0
cameroon,2011,1694.0
cameroon,2012,1694.0
cameroon,2013,1694.0
cameroon,2014,1694.0
cameroon,2015,1694.0
cameroon,2016,1694.0
cameroon,2017,1694.0
cameroon,2018,1694.0
cameroon,2019,1694.0
cameroon,2020,1694.0
cameroon,2021,1694.0
cameroon,2022,1694.0
canada,1965,726.50
canada,1966,725.94
canada,1967,725.39
canada,1968,724.83
canada,1969,724.27
canada,1970,723.71
canada,1971,723.16
canada,1972,722.60
canada,1973,725.82
canada,1974,729.04
canada,1975,732.26
canada,1976,735.48
canada,1977,738.70
canada,1978,737.10
canada,1979,735.50
canada,1980,733.90
canada,1981,732.30
canada,1982,730.70
canada,1983,733.20
canada,1984,735.70
canada,1985,738.20
canada,1986,740.70
canada,1987,730.55
canada,1988,720.40
canada,1989,710.25
canada,1990,700.10
canada,1991,689.95
canada,1992,679.80
canada,1993,670.05
canada,1994,660.30
canada,1995,650.55
canada,1996,640.80
canada,1997,651.36
canada,1998,661.92
canada,1999,672.48
canada,2000,683.04
canada,2001,693.60
canada,2002,693.60
canada,2003,693.60
canada,2004,693.60
canada,2005,693.60
canada,2006,693.60
canada,2007,693.60
canada,2008,693.60
canada,2009,693.60
canada,2010,693.60
canada,2011,693.60
canada,2012,693.60
canada,2013,693.60
canada,2014,693.60
canada,2015,693.60
canada,2016,693.60
canada,2017,693.60
canada,2018,693.60
canada,2019,693.60
canada,2020,693.60
canada,2021,693.60
canada,2022,693.60
central_african_republic,1963,1399.0
central_african_republic,1964,1395.1
central_african_republic,1965,1391.3
central_african_republic,1966,1387.4
central_african_republic,1967,1383.6
central_african_republic,1968,1379.7
central_african_republic,1969,1375.9
central_african_republic,1970,1372.0
central_african_republic,1971,1368.5
central_african_republic,1972,1365.0
central_african_republic,1973,1361.5
central_african_republic,1974,1358.0
central_african_republic,1975,1362.7
central_african_republic,1976,1367.4
central_african_republic,1977,1372.1
central_african_republic,1978,1376.9
central_african_republic,1979,1381.6
central_african_republic,1980,1386.3
central_african_republic,1981,1391.0
central_african_republic,1982,1375.2
central_african_republic,1983,1359.3
central_african_republic,1984,1343.5
central_african_republic,1985,1327.7
central_african_republic,1986,1311.8
central_african_republic,1987,1296.0
central_african_republic,1988,1309.3
central_african_republic,1989,1322.5
central_african_republic,1990,1335.8
central_african_republic,1991,1349.0
central_african_republic,1992,1355.0
central_african_republic,1993,1361.0
central_african_republic,1994,1367.0
central_african_republic,1995,1373.0
central_african_republic,1996,1366.0
central_african_republic,1997,1359.0
central_african_republic,1998,1352.0
central_african_republic,1999,1345.0
central_african_republic,2000,1338.0
central_african_republic,2001,1331.0
central_african_republic,2002,1331.0
central_african_republic,2003,1331.0
central_african_republic,2004,1331.0
central_african_republic,2005,1331.0
central_african_republic,2006,1331.0
central_african_republic,2007,1331.0
central_african_republic,2008,1331.0
central_african_republic,2009,1331.0
central_african_republic,2010,1331.0
central_african_republic,2011,1331.0
central_african_republic,2012,1331.0
central_african_republic,2013,1331.0
central_african_republic,2014,1331.0
central_african_republic,2015,1331.0
central_african_republic,2016,1331.0
central_african_republic,2017,1331.0
central_african_republic,2018,1331.0
central_african_republic,2019,1331.0
central_african_republic,2020,1331.0
central_african_republic,2021,1331.0
central_african_republic,2022,1331.0
chad,1967,740.90
chad,1968,683.00
chad,1969,678.83
chad,1970,674.65
chad,1971,670.48
chad,1972,666.30
chad,1973,662.13
chad,1974,657.95
chad,1975,653.77
chad,1976,649.60
chad,1977,677.05
chad,1978,704.50
chad,1979,684.33
chad,1980,664.16
chad,1981,643.99
chad,1982,623.81
chad,1983,603.64
chad,1984,583.47
chad,1985,563.30
chad,1986,576.91
chad,1987,590.53
chad,1988,604.14
chad,1989,617.76
chad,1990,631.37
chad,1991,644.99
chad,1992,658.60
chad,1993,665.55
chad,1994,672.50
chad,1995,679.45
chad,1996,686.40
chad,1997,678.76
chad,1998,671.12
chad,1999,663.48
chad,2000,655.84
chad,2001,648.20
chad,2002,648.20
chad,2003,648.20
chad,2004,648.20
chad,2005,648.20
chad,2006,648.20
chad,2007,648.20
chad,2008,648.20
chad,2009,648.20
chad,2010,648.20
chad,2011,648.20
chad,2012,648.20
chad,2013,648.20
chad,2014,648.20
chad,2015,648.20
chad,2016,648.20
chad,2017,648.20
chad,2018,648.20
chad,2019,648.20
chad,2020,648.20
chad,2021,648.20
chad,2022,648.20
chile,1966,2307.0
chile,1967,2231.0
chile,1968,2155.0
chile,1969,2149.0
chile,1970,2143.0
chile,1971,2137.0
chile,1972,2131.0
chile,1973,2125.0
chile,1974,2112.5
chile,1975,2100.0
chile,1976,2087.5
chile,1977,2075.0
chile,1978,2062.5
chile,1979,2050.0
chile,1980,2049.1
chile,1981,2048.3
chile,1982,2047.4
chile,1983,2046.6
chile,1984,2045.7
chile,1985,2044.9
chile,1986,2044.0
chile,1987,2074.5
chile,1988,2105.0
chile,1989,2135.5
chile,1990,2166.0
chile,1991,2221.3
chile,1992,2276.7
chile,1993,2332.0
chile,1994,2350.9
chile,1995,2369.8
chile,1996,2388.6
chile,1997,2407.5
chile,1998,2426.4
chile,1999,2445.3
chile,2000,2464.1
chile,2001,2483.0
chile,2002,2483.0
chile,2003,2483.0
chile,2004,2483.0
chile,2005,2483.0
chile,2006,2483.0
chile,2007,2483.0
chile,2008,2483.0
chile,2009,2483.0
chile,2010,2483.0
chile,2011,2483.0
chile,2012,2483.0
chile,2013,2483.0
chile,2014,2483.0
chile,2015,2483.0
chile,2016,2483.0
chile,2017,2483.0
chile,2018,2483.0
chile,2019,2483.0
chile,2020,2483.0
chile,2021,2483.0
chile,2022,2483.0
china,1967,995.80
china,1968,1026.0
china,1969,1026.6
china,1970,1027.1
china,1971,1027.7
china,1972,1028.2
china,1973,1028.8
china,1974,1029.3
china,1975,1029.9
china,1976,1030.4
china,1977,1031.0
china,1978,1033.6
china,1979,1036.2
china,1980,1038.8
china,1981,1041.4
china,1982,1044.0
china,1983,1034.3
china,1984,1024.7
china,1985,1015.0
china,1986,1010.4
china,1987,1005.8
china,1988,1001.3
china,1989,996.67
china,1990,992.08
china,1991,987.50
china,1992,1024.8
china,1993,1062.0
china,1994,1059.8
china,1995,1057.7
china,1996,1055.5
china,1997,1053.3
china,1998,1051.2
china,1999,1049.0
china,2000,1049.0
china,2001,1049.0
china,2002,1049.0
china,2003,1049.0
china,2004,1049.0
china,2005,1049.0
china,2006,1049.0
china,2007,1049.0
china,2008,1049.0
china,2009,1049.0
china,2010,1049.0
china,2011,1049.0
china,2012,1049.0
china,2013,1049.0
china,2014,1049.0
china,2015,1049.0
china,2016,1049.0
china,2017,1049.0
china,2018,1049.0
china,2019,1049.0
china,2020,1049.0
china,2021,1049.0
china,2022,1049.0
colombia,1966,2811.0
colombia,1967,2834.0
colombia,1968,2857.0
colombia,1969,2880.0
colombia,1970,2903.0
colombia,1971,2926.0
colombia,1972,2949.0
colombia,1973,2914.5
colombia,1974,2880.0
colombia,1975,2845.5
colombia,1976,2811.0
colombia,1977,2844.0
colombia,1978,2877.0
colombia,1979,2875.1
colombia,1980,2873.3
colombia,1981,2871.4
colombia,1982,2869.5
colombia,1983,2867.6
colombia,1984,2865.8
colombia,1985,2863.9
colombia,1986,2862.0
colombia,1987,2848.3
colombia,1988,2834.7
colombia,1989,2821.0
colombia,1990,2869.4
colombia,1991,2917.8
colombia,1992,2966.2
colombia,1993,3014.6
colombia,1994,3063.0
colombia,1995,3029.5
colombia,1996,2996.0
colombia,1997,2962.5
colombia,1998,2929.0
colombia,1999,2895.5
colombia,2000,2862.0
colombia,2001,2862.0
colombia,2002,2862.0
colombia,2003,2862.0
colombia,2004,2862.0
colombia,2005,2862.0
colombia,2006,2862.0
colombia,2007,2862.0
colombia,2008,2862.0
colombia,2009,2862.0
colombia,2010,2862.0
colombia,2011,2862.0
colombia,2012,2862.0
colombia,2013,2862.0
colombia,2014,2862.0
colombia,2015,2862.0
colombia,2016,2862.0
colombia,2017,2862.0
colombia,2018,2862.0
colombia,2019,2862.0
colombia,2020,2862.0
colombia,2021,2862.0
colombia,2022,2862.0
comoros,1966,2124.0
comoros,1967,2167.2
comoros,1968,2210.4
comoros,1969,2253.6
comoros,1970,2296.8
comoros,1971,2340.0
comoros,1972,2360.6
comoros,1973,2381.1
comoros,1974,2401.7
comoros,1975,2422.3
comoros,1976,2442.9
comoros,1977,2463.4
comoros,1978,2484.0
comoros,1979,2499.0
comoros,1980,2514.0
comoros,1981,2529.0
comoros,1982,2544.0
comoros,1983,2559.0
comoros,1984,2574.0
comoros,1985,2589.0
comoros,1986,2604.0
comoros,1987,2619.0
comoros,1988,2634.0
comoros,1989,2649.0
comoros,1990,2664.0
comoros,1991,2601.0
comoros,1992,2538.0
comoros,1993,2475.0
comoros,1994,2412.0
comoros,1995,2390.4
comoros,1996,2368.8
comoros,1997,2347.2
comoros,1998,2325.6
comoros,1999,2304.0
comoros,2000,2304.0
comoros,2001,2304.0
comoros,2002,2304.0
comoros,2003,2304.0
comoros,2004,2304.0
comoros,2005,2304.0
comoros,2006,2304.0
comoros,2007,2304.0
comoros,2008,2304.0
comoros,2009,2304.0
comoros,2010,2304.0
comoros,2011,2304.0
comoros,2012,2304.0
comoros,2013,2304.0
comoros,2014,2304.0
comoros,2015,2304.0
comoros,2016,2304.0
comoros,2017,2304.0
comoros,2018,2304.0
comoros,2019,2304.0
comoros,2020,2304.0
comoros,2021,2304.0
comoros,2022,2304.0
congo,1964,1659.0
congo,1965,1659.3
congo,1966,1659.6
congo,1967,1659.9
congo,1968,1660.1
congo,1969,1660.4
congo,1970,1660.7
congo,1971,1661.0
congo,1972,1654.0
congo,1973,1647.0
congo,1974,1640.0
congo,1975,1633.0
congo,1976,1626.2
congo,1977,1619.3
congo,1978,1612.5
congo,1979,1605.7
congo,1980,1598.8
congo,1981,1592.0
congo,1982,1593.8
congo,1983,1595.7
congo,1984,1597.5
congo,1985,1599.3
congo,1986,1601.2
congo,1987,1603.0
congo,1988,1607.3
congo,1989,1611.7
congo,1990,1616.0
congo,1991,1581.0
congo,1992,1546.0
congo,1993,1511.0
congo,1994,1476.0
congo,1995,1505.5
congo,1996,1535.0
congo,1997,1564.5
congo,1998,1594.0
congo,1999,1623.5
congo,2000,1653.0
congo,2001,1653.0
congo,2002,1653.0
congo,2003,1653.0
congo,2004,1653.0
congo,2005,1653.0
congo,2006,1653.0
congo,2007,1653.0
congo,2008,1653.0
congo,2009,1653.0
congo,2010,1653.0
congo,2011,1653.0
congo,2012,1653.0
congo,2013,1653.0
congo,2014,1653.0
congo,2015,1653.0
congo,2016,1653.0
congo,2017,1653.0
congo,2018,1653.0
congo,2019,1653.0
congo,2020,1653.0
congo,2021,1653.0
congo,2022,1653.0
costa_rica,1963,2953.0
costa_rica,1964,2975.1
costa_rica,1965,2997.3
costa_rica,1966,3019.4
costa_rica,1967,3041.5
costa_rica,1968,3063.6
costa_rica,1969,3085.8
costa_rica,1970,3107.9
costa_rica,1971,3130.0
costa_rica,1972,3110.7
costa_rica,1973,3091.3
costa_rica,1974,3072.0
costa_rica,1975,3074.3
costa_rica,1976,3076.7
costa_rica,1977,3079.0
costa_rica,1978,3081.3
costa_rica,1979,3083.7
costa_rica,1980,3086.0
costa_rica,1981,3032.2
costa_rica,1982,2978.3
costa_rica,1983,2924.5
costa_rica,1984,2870.7
costa_rica,1985,2816.8
costa_rica,1986,2763.0
costa_rica,1987,2849.2
costa_rica,1988,2935.4
costa_rica,1989,3021.6
costa_rica,1990,3107.8
costa_rica,1991,3194.0
costa_rica,1992,3167.7
costa_rica,1993,3141.3
costa_rica,1994,3115.0
costa_rica,1995,3065.0
costa_rica,1996,3015.0
costa_rica,1997,2965.0
costa_rica,1998,2915.0
costa_rica,1999,2865.0
costa_rica,2000,2865.0
costa_rica,2001,2865.0
costa_rica,2002,2865.0
costa_rica,2003,2865.0
costa_rica,2004,2865.0
costa_rica,2005,2865.0
costa_rica,2006,2865.0
costa_rica,2007,2865.0
costa_rica,2008,2865.0
costa_rica,2009,2865.0
costa_rica,2010,2865.0
costa_rica,2011,2865.0
costa_rica,2012,2865.0
costa_rica,2013,2865.0
costa_rica,2014,2865.0
costa_rica,2015,2865.0
costa_rica,2016,2865.0
costa_rica,2017,2865.0
costa_rica,2018,2865.0
costa_rica,2019,2865.0
costa_rica,2020,2865.0
costa_rica,2021,2865.0
costa_rica,2022,2865.0
cote_d_ivoire,1964,1355.0
cote_d_ivoire,1965,1343.8
cote_d_ivoire,1966,1332.6
cote_d_ivoire,1967,1321.4
cote_d_ivoire,1968,1310.2
cote_d_ivoire,1969,1299.0
cote_d_ivoire,1970,1295.6
cote_d_ivoire,1971,1292.1
cote_d_ivoire,1972,1288.7
cote_d_ivoire,1973,1285.3
cote_d_ivoire,1974,1281.9
cote_d_ivoire,1975,1278.4
cote_d_ivoire,1976,1275.0
cote_d_ivoire,1977,1288.5
cote_d_ivoire,1978,1302.0
cote_d_ivoire,1979,1315.5
cote_d_ivoire,1980,1329.0
cote_d_ivoire,1981,1321.3
cote_d_ivoire,1982,1313.6
cote_d_ivoire,1983,1305.9
cote_d_ivoire,1984,1298.1
cote_d_ivoire,1985,1290.4
cote_d_ivoire,1986,1282.7
cote_d_ivoire,1987,1275.0
cote_d_ivoire,1988,1186.0
cote_d_ivoire,1989,1195.8
cote_d_ivoire,1990,1205.5
cote_d_ivoire,1991,1215.3
cote_d_ivoire,1992,1225.0
cote_d_ivoire,1993,1234.8
cote_d_ivoire,1994,1244.5
cote_d_ivoire,1995,1254.3
cote_d_ivoire,1996,1264.0
cote_d_ivoire,1997,1244.8
cote_d_ivoire,1998,1225.5
cote_d_ivoire,1999,1206.3
cote_d_ivoire,2000,1187.0
cote_d_ivoire,2001,1187.0
cote_d_ivoire,2002,1187.0
cote_d_ivoire,2003,1187.0
cote_d_ivoire,2004,1187.0
cote_d_ivoire,2005,1187.0
cote_d_ivoire,2006,1187.0
cote_d_ivoire,2007,1187.0
cote_d_ivoire,2008,1187.0
cote_d_ivoire,2009,1187.0
cote_d_ivoire,2010,1187.0
cote_d_ivoire,2011,1187.0
cote_d_ivoire,2012,1187.0
cote_d_ivoire,2013,1187.0
cote_d_ivoire,2014,1187.0
cote_d_ivoire,2015,1187.0
cote_d_ivoire,2016,1187.0
cote_d_ivoire,2017,1187.0
cote_d_ivoire,2018,1187.0
cote_d_ivoire,2019,1187.0
cote_d_ivoire,2020,1187.0
cote_d_ivoire,2021,1187.0
cote_d_ivoire,2022,1187.0
croatia,1992,792.42
croatia,1993,804.60
croatia,1994,807.87
croatia,1995,811.13
croatia,1996,814.40
croatia,1997,817.67
croatia,1998,820.93
croatia,1999,824.20
croatia,2000,824.20
croatia,2001,824.20
croatia,2002,824.20
croatia,2003,824.20
croatia,2004,824.20
croatia,2005,824.20
croatia,2006,824.20
croatia,2007,824.20
croatia,2008,824.20
croatia,2009,824.20
croatia,2010,824.20
croatia,2011,824.20
croatia,2012,824.20
croatia,2013,824.20
croatia,2014,824.20
croatia,2015,824.20
croatia,2016,824.20
croatia,2017,824.20
croatia,2018,824.20
croatia,2019,824.20
croatia,2020,824.20
croatia,2021,824.20
croatia,2022,824.20
cuba,1964,1325.0
cuba,1965,1334.6
cuba,1966,1344.3
cuba,1967,1353.9
cuba,1968,1363.5
cuba,1969,1373.1
cuba,1970,1382.8
cuba,1971,1392.4
cuba,1972,1402.0
cuba,1973,1358.8
cuba,1974,1315.5
cuba,1975,1272.3
cuba,1976,1229.0
cuba,1977,1282.7
cuba,1978,1336.3
cuba,1979,1390.0
cuba,1980,1367.3
cuba,1981,1344.5
cuba,1982,1321.8
cuba,1983,1299.0
cuba,1984,1276.3
cuba,1985,1253.5
cuba,1986,1230.8
cuba,1987,1208.0
cuba,1988,1208.3
cuba,1989,1208.7
cuba,1990,1209.0
cuba,1991,1234.3
cuba,1992,1259.7
cuba,1993,1285.0
cuba,1994,1264.8
cuba,1995,1244.6
cuba,1996,1224.3
cuba,1997,1204.1
cuba,1998,1183.9
cuba,1999,1163.7
cuba,2000,1143.4
cuba,2001,1123.2
cuba,2002,1103.0
cuba,2003,1103.0
cuba,2004,1103.0
cuba,2005,1103.0
cuba,2006,1103.0
cuba,2007,1103.0
cuba,2008,1103.0
cuba,2009,1103.0
cuba,2010,1103.0
cuba,2011,1103.0
cuba,2012,1103.0
cuba,2013,1103.0
cuba,2014,1103.0
cuba,2015,1103.0
cuba,2016,1103.0
cuba,2017,1103.0
cuba,2018,1103.0
cuba,2019,1103.0
cuba,2020,1103.0
cuba,2021,1103.0
cuba,2022,1103.0
cyprus,1965,569.50
cyprus,1966,561.67
cyprus,1967,553.83
cyprus,1968,546.00
cyprus,1969,538.17
cyprus,1970,530.33
cyprus,1971,522.50
cyprus,1972,508.95
cyprus,1973,495.40
cyprus,1974,481.85
cyprus,1975,468.30
cyprus,1976,454.75
cyprus,1977,441.20
cyprus,1978,481.85
cyprus,1979,522.50
cyprus,1980,523.78
cyprus,1981,525.06
cyprus,1982,526.34
cyprus,1983,527.62
cyprus,1984,528.90
cyprus,1985,489.76
cyprus,1986,450.62
cyprus,1987,411.48
cyprus,1988,372.34
cyprus,1989,333.20
cyprus,1990,334.53
cyprus,1991,335.86
cyprus,1992,337.19
cyprus,1993,338.51
cyprus,1994,339.84
cyprus,1995,341.17
cyprus,1996,342.50
cyprus,1997,342.80
cyprus,1998,343.10
cyprus,1999,343.40
cyprus,2000,343.70
cyprus,2001,344.00
cyprus,2002,344.30
cyprus,2003,344.30
cyprus,2004,344.30
cyprus,2005,344.30
cyprus,2006,344.30
cyprus,2007,344.30
cyprus,2008,344.30
cyprus,2009,344.30
cyprus,2010,344.30
cyprus,2011,344.30
cyprus,2012,344.30
cyprus,2013,344.30
cyprus,2014,344.30
cyprus,2015,344.30
cyprus,2016,344.30
cyprus,2017,344.30
cyprus,2018,344.30
cyprus,2019,344.30
cyprus,2020,344.30
cyprus,2021,344.30
cyprus,2022,344.30
czechia,1993,609.04
czechia,1994,633.56
czechia,1995,658.08
czechia,1996,682.60
czechia,1997,694.85
czechia,1998,707.10
czechia,1999,707.10
czechia,2000,707.10
czechia,2001,707.10
czechia,2002,707.10
czechia,2003,707.10
czechia,2004,707.10
czechia,2005,707.10
czechia,2006,707.10
czechia,2007,707.10
czechia,2008,707.10
czechia,2009,707.10
czechia,2010,707.10
czechia,2011,707.10
czechia,2012,707.10
czechia,2013,707.10
czechia,2014,707.10
czechia,2015,707.10
czechia,2016,707.10
czechia,2017,707.10
czechia,2018,707.10
czechia,2019,707.10
czechia,2020,707.10
czechia,2021,707.10
czechia,2022,707.10
democratic_republic_of_the_congo,1964,1592.0
democratic_republic_of_the_congo,1965,1588.7
democratic_republic_of_the_congo,1966,1585.3
democratic_republic_of_the_congo,1967,1582.0
democratic_republic_of_the_congo,1968,1578.7
democratic_republic_of_the_congo,1969,1575.3
democratic_republic_of_the_congo,1970,1572.0
democratic_republic_of_the_congo,1971,1564.0
democratic_republic_of_the_congo,1972,1556.0
democratic_republic_of_the_congo,1973,1548.0
democratic_republic_of_the_congo,1974,1540.0
democratic_republic_of_the_congo,1975,1548.2
democratic_republic_of_the_congo,1976,1556.3
democratic_republic_of_the_congo,1977,1564.5
democratic_republic_of_the_congo,1978,1572.7
democratic_republic_of_the_congo,1979,1580.8
democratic_republic_of_the_congo,1980,1589.0
democratic_republic_of_the_congo,1981,1584.7
democratic_republic_of_the_congo,1982,1580.3
democratic_republic_of_the_congo,1983,1576.0
democratic_republic_of_the_congo,1984,1571.7
democratic_republic_of_the_congo,1985,1567.3
democratic_republic_of_the_congo,1986,1563.0
democratic_republic_of_the_congo,1987,1559.0
democratic_republic_of_the_congo,1988,1555.0
democratic_republic_of_the_congo,1989,1551.0
democratic_republic_of_the_congo,1990,1547.0
democratic_republic_of_the_congo,1991,1543.0
democratic_republic_of_the_congo,1992,1541.5
democratic_republic_of_the_congo,1993,1540.0
democratic_republic_of_the_congo,1994,1538.5
democratic_republic_of_the_congo,1995,1537.0
democratic_republic_of_the_congo,1996,1535.5
democratic_republic_of_the_congo,1997,1534.0
democratic_republic_of_the_congo,1998,1546.3
democratic_republic_of_the_congo,1999,1558.7
democratic_republic_of_the_congo,2000,1571.0
democratic_republic_of_the_congo,2001,1571.0
democratic_republic_of_the_congo,2002,1571.0
democratic_republic_of_the_congo,2003,1571.0
democratic_republic_of_the_congo,2004,1571.0
democratic_republic_of_the_congo,2005,1571.0
democratic_republic_of_the_congo,2006,1571.0
democratic_republic_of_the_congo,2007,1571.0
democratic_republic_of_the_congo,2008,1571.0
democratic_republic_of_the_congo,2009,1571.0
democratic_republic_of_the_congo,2010,1571.0
democratic_republic_of_the_congo,2011,1571.0
democratic_republic_of_the_congo,2012,1571.0
democratic_republic_of_the_congo,2013,1571.0
democratic_republic_of_the_congo,2014,1571.0
democratic_republic_of_the_congo,2015,1571.0
democratic_republic_of_the_congo,2016,1571.0
democratic_republic_of_the_congo,2017,1571.0
democratic_republic_of_the_congo,2018,1571.0
democratic_republic_of_the_congo,2019,1571.0
democratic_republic_of_the_congo,2020,1571.0
democratic_republic_of_the_congo,2021,1571.0
democratic_republic_of_the_congo,2022,1571.0
denmark,1965,672.00
denmark,1966,649.25
denmark,1967,626.50
denmark,1968,603.75
denmark,1969,581.00
denmark,1970,582.84
denmark,1971,584.67
denmark,1972,586.51
denmark,1973,588.35
denmark,1974,590.19
denmark,1975,592.02
denmark,1976,593.86
denmark,1977,595.70
denmark,1978,635.90
denmark,1979,676.10
denmark,1980,672.74
denmark,1981,669.38
denmark,1982,666.02
denmark,1983,662.66
denmark,1984,659.30
denmark,1985,649.99
denmark,1986,640.67
denmark,1987,631.36
denmark,1988,622.05
denmark,1989,612.74
denmark,1990,603.42
denmark,1991,594.11
denmark,1992,584.80
denmark,1993,579.56
denmark,1994,574.32
denmark,1995,569.08
denmark,1996,563.84
denmark,1997,558.60
denmark,1998,626.30
denmark,1999,694.00
denmark,2000,694.00
denmark,2001,694.00
denmark,2002,694.00
denmark,2003,694.00
denmark,2004,694.00
denmark,2005,694.00
denmark,2006,694.00
denmark,2007,694.00
denmark,2008,694.00
denmark,2009,694.00
denmark,2010,694.00
denmark,2011,694.00
denmark,2012,694.00
denmark,2013,694.00
denmark,2014,694.00
denmark,2015,694.00
denmark,2016,694.00
denmark,2017,694.00
denmark,2018,694.00
denmark,2019,694.00
denmark,2020,694.00
denmark,2021,694.00
denmark,2022,694.00
djibouti,1963,95.370
djibouti,1964,93.476
djibouti,1965,91.581
djibouti,1966,89.687
djibouti,1967,87.793
djibouti,1968,85.899
djibouti,1969,84.004
djibouti,1970,82.110
djibouti,1971,84.740
djibouti,1972,87.370
djibouti,1973,90.000
djibouti,1974,92.630
djibouti,1975,95.260
djibouti,1976,97.890
djibouti,1977,101.43
djibouti,1978,104.97
djibouti,1979,108.52
djibouti,1980,112.06
djibouti,1981,115.60
djibouti,1982,107.70
djibouti,1983,99.800
djibouti,1984,91.900
djibouti,1985,84.000
djibouti,1986,91.100
djibouti,1987,98.200
djibouti,1988,105.30
djibouti,1989,112.40
djibouti,1990,161.66
djibouti,1991,210.92
djibouti,1992,260.18
djibouti,1993,309.44
djibouti,1994,358.70
djibouti,1995,308.44
djibouti,1996,258.18
djibouti,1997,207.92
djibouti,1998,157.66
djibouti,1999,107.40
djibouti,2000,107.40
djibouti,2001,107.40
djibouti,2002,107.40
djibouti,2003,107.40
djibouti,2004,107.40
djibouti,2005,107.40
djibouti,2006,107.40
djibouti,2007,107.40
djibouti,2008,107.40
djibouti,2009,107.40
djibouti,2010,107.40
djibouti,2011,107.40
djibouti,2012,107.40
djibouti,2013,107.40
djibouti,2014,107.40
djibouti,2015,107.40
djibouti,2016,107.40
djibouti,2017,107.40
djibouti,2018,107.40
djibouti,2019,107.40
djibouti,2020,107.40
djibouti,2021,107.40
djibouti,2022,107.40
dominican_republic,1965,1340.0
dominican_republic,1966,1344.7
dominican_republic,1967,1349.4
dominican_republic,1968,1354.1
dominican_republic,1969,1358.9
dominican_republic,1970,1363.6
dominican_republic,1971,1368.3
dominican_republic,1972,1373.0
dominican_republic,1973,1244.0
dominican_republic,1974,1250.8
dominican_republic,1975,1257.6
dominican_republic,1976,1264.3
dominican_republic,1977,1271.1
dominican_republic,1978,1277.9
dominican_republic,1979,1284.7
dominican_republic,1980,1291.4
dominican_republic,1981,1298.2
dominican_republic,1982,1305.0
dominican_republic,1983,1341.5
dominican_republic,1984,1378.0
dominican_republic,1985,1346.8
dominican_republic,1986,1315.6
dominican_republic,1987,1284.4
dominican_republic,1988,1253.2
dominican_republic,1989,1222.0
dominican_republic,1990,1229.4
dominican_republic,1991,1236.8
dominican_republic,1992,1244.2
dominican_republic,1993,1251.6
dominican_republic,1994,1259.0
dominican_republic,1995,1204.2
dominican_republic,1996,1149.5
dominican_republic,1997,1094.7
dominican_republic,1998,1040.0
dominican_republic,1999,985.19
dominican_republic,2000,930.42
dominican_republic,2001,875.66
dominican_republic,2002,820.90
dominican_republic,2003,820.90
dominican_republic,2004,820.90
dominican_republic,2005,820.90
dominican_republic,2006,820.90
dominican_republic,2007,820.90
dominican_republic,2008,820.90
dominican_republic,2009,820.90
dominican_republic,2010,820.90
dominican_republic,2011,820.90
dominican_republic,2012,820.90
dominican_republic,2013,820.90
dominican_republic,2014,820.90
dominican_republic,2015,820.90
dominican_republic,2016,820.90
dominican_republic,2017,820.90
dominican_republic,2018,820.90
dominican_republic,2019,820.90
dominican_republic,2020,820.90
dominican_republic,2021,820.90
dominican_republic,2022,820.90
ecuador,1967,2236.0
ecuador,1968,2486.0
ecuador,1969,2736.0
ecuador,1970,2711.0
ecuador,1971,2686.0
ecuador,1972,2661.0
ecuador,1973,2636.0
ecuador,1974,2574.0
ecuador,1975,2512.0
ecuador,1976,2450.0
ecuador,1977,2388.0
ecuador,1978,2326.0
ecuador,1979,2334.6
ecuador,1980,2343.1
ecuador,1981,2351.7
ecuador,1982,2360.2
ecuador,1983,2368.8
ecuador,1984,2377.3
ecuador,1985,2385.9
ecuador,1986,2394.4
ecuador,1987,2403.0
ecuador,1988,2301.3
ecuador,1989,2199.7
ecuador,1990,2098.0
ecuador,1991,2145.0
ecuador,1992,2192.0
ecuador,1993,2239.0
ecuador,1994,2286.0
ecuador,1995,2333.0
ecuador,1996,2393.5
ecuador,1997,2454.0
ecuador,1998,2514.5
ecuador,1999,2575.0
ecuador,2000,2575.0
ecuador,2001,2575.0
ecuador,2002,2575.0
ecuador,2003,2575.0
ecuador,2004,2575.0
ecuador,2005,2575.0
ecuador,2006,2575.0
ecuador,2007,2575.0
ecuador,2008,2575.0
ecuador,2009,2575.0
ecuador,2010,2575.0
ecuador,2011,2575.0
ecuador,2012,2575.0
ecuador,2013,2575.0
ecuador,2014,2575.0
ecuador,2015,2575.0
ecuador,2016,2575.0
ecuador,2017,2575.0
ecuador,2018,2575.0
ecuador,2019,2575.0
ecuador,2020,2575.0
ecuador,2021,2575.0
ecuador,2022,2575.0
egypt,1966,123.50
egypt,1967,122.07
egypt,1968,120.63
egypt,1969,119.20
egypt,1970,115.14
egypt,1971,111.07
egypt,1972,107.00
egypt,1973,102.94
egypt,1974,98.875
egypt,1975,94.810
egypt,1976,98.058
egypt,1977,101.31
egypt,1978,104.55
egypt,1979,107.80
egypt,1980,110.57
egypt,1981,113.33
egypt,1982,116.10
egypt,1983,118.87
egypt,1984,121.63
egypt,1985,124.40
egypt,1986,130.97
egypt,1987,137.54
egypt,1988,144.11
egypt,1989,150.69
egypt,1990,157.26
egypt,1991,163.83
egypt,1992,170.40
egypt,1993,151.28
egypt,1994,132.16
egypt,1995,113.04
egypt,1996,93.920
egypt,1997,96.033
egypt,1998,98.147
egypt,1999,100.26
egypt,2000,102.37
egypt,2001,104.49
egypt,2002,106.60
egypt,2003,106.60
egypt,2004,106.60
egypt,2005,106.60
egypt,2006,106.60
egypt,2007,106.60
egypt,2008,106.60
egypt,2009,106.60
egypt,2010,106.60
egypt,2011,106.60
egypt,2012,106.60
egypt,2013,106.60
egypt,2014,106.60
egypt,2015,106.60
egypt,2016,106.60
egypt,2017,106.60
egypt,2018,106.60
egypt,2019,106.60
egypt,2020,106.60
egypt,2021,106.60
egypt,2022,106.60
el_salvador,1964,1766.0
el_salvador,1965,1776.7
el_salvador,1966,1787.4
el_salvador,1967,1798.1
el_salvador,1968,1808.9
el_salvador,1969,1819.6
el_salvador,1970,1830.3
el_salvador,1971,1841.0
el_salvador,1972,1782.3
el_salvador,1973,1723.5
el_salvador,1974,1664.8
el_salvador,1975,1606.0
el_salvador,1976,1630.3
el_salvador,1977,1654.7
el_salvador,1978,1679.0
el_salvador,1979,1662.8
el_salvador,1980,1646.6
el_salvador,1981,1630.4
el_salvador,1982,1614.2
el_salvador,1983,1598.0
el_salvador,1984,1611.8
el_salvador,1985,1625.6
el_salvador,1986,1639.4
el_salvador,1987,1653.2
el_salvador,1988,1667.0
el_salvador,1989,1694.2
el_salvador,1990,1721.4
el_salvador,1991,1748.6
el_salvador,1992,1775.8
el_salvador,1993,1803.0
el_salvador,1994,1741.5
el_salvador,1995,1680.0
el_salvador,1996,1618.5
el_salvador,1997,1557.0
el_salvador,1998,1495.5
el_salvador,1999,1434.0
el_salvador,2000,1434.0
el_salvador,2001,1434.0
el_salvador,2002,1434.0
el_salvador,2003,1434.0
el_salvador,2004,1434.0
el_salvador,2005,1434.0
el_salvador,2006,1434.0
el_salvador,2007,1434.0
el_salvador,2008,1434.0
el_salvador,2009,1434.0
el_salvador,2010,1434.0
el_salvador,2011,1434.0
el_salvador,2012,1434.0
el_salvador,2013,1434.0
el_salvador,2014,1434.0
el_salvador,2015,1434.0
el_salvador,2016,1434.0
el_salvador,2017,1434.0
el_salvador,2018,1434.0
el_salvador,2019,1434.0
el_salvador,2020,1434.0
el_salvador,2021,1434.0
el_salvador,2022,1434.0
equatorial_guinea,1967,2803.0
equatorial_guinea,1968,2838.3
equatorial_guinea,1969,2873.5
equatorial_guinea,1970,2908.8
equatorial_guinea,1971,2944.0
equatorial_guinea,1972,2643.5
equatorial_guinea,1973,2343.0
equatorial_guinea,1974,2353.7
equatorial_guinea,1975,2364.3
equatorial_guinea,1976,2375.0
equatorial_guinea,1977,2385.7
equatorial_guinea,1978,2396.3
equatorial_guinea,1979,2407.0
equatorial_guinea,1980,2435.9
equatorial_guinea,1981,2464.7
equatorial_guinea,1982,2493.6
equatorial_guinea,1983,2522.4
equatorial_guinea,1984,2551.3
equatorial_guinea,1985,2580.1
equatorial_guinea,1986,2609.0
equatorial_guinea,1987,2616.3
equatorial_guinea,1988,2623.5
equatorial_guinea,1989,2630.8
equatorial_guinea,1990,2638.0
equatorial_guinea,1991,2643.8
equatorial_guinea,1992,2649.6
equatorial_guinea,1993,2655.4
equatorial_guinea,1994,2661.2
equatorial_guinea,1995,2667.0
equatorial_guinea,1996,2623.0
equatorial_guinea,1997,2579.0
equatorial_guinea,1998,2535.0
equatorial_guinea,1999,2491.0
equatorial_guinea,2000,2447.0
equatorial_guinea,2001,2447.0
equatorial_guinea,2002,2447.0
equatorial_guinea,2003,2447.0
equatorial_guinea,2004,2447.0
equatorial_guinea,2005,2447.0
equatorial_guinea,2006,2447.0
equatorial_guinea,2007,2447.0
equatorial_guinea,2008,2447.0
equatorial_guinea,2009,2447.0
equatorial_guinea,2010,2447.0
equatorial_guinea,2011,2447.0
equatorial_guinea,2012,2447.0
equatorial_guinea,2013,2447.0
equatorial_guinea,2014,2447.0
equatorial_guinea,2015,2447.0
equatorial_guinea,2016,2447.0
equatorial_guinea,2017,2447.0
equatorial_guinea,2018,2447.0
equatorial_guinea,2019,2447.0
equatorial_guinea,2020,2447.0
equatorial_guinea,2021,2447.0
equatorial_guinea,2022,2447.0
eritrea,1993,405.00
eritrea,1994,396.00
eritrea,1995,387.00
eritrea,1996,378.00
eritrea,1997,369.00
eritrea,1998,360.00
eritrea,1999,351.00
eritrea,2000,342.00
eritrea,2001,333.00
eritrea,2002,333.00
eritrea,2003,333.00
eritrea,2004,333.00
eritrea,2005,333.00
eritrea,2006,333.00
eritrea,2007,333.00
eritrea,2008,333.00
eritrea,2009,333.00
eritrea,2010,333.00
eritrea,2011,333.00
eritrea,2012,333.00
eritrea,2013,333.00
eritrea,2014,333.00
eritrea,2015,333.00
eritrea,2016,333.00
eritrea,2017,333.00
eritrea,2018,333.00
eritrea,2019,333.00
eritrea,2020,333.00
eritrea,2021,333.00
eritrea,2022,333.00
estonia,1992,658.40
estonia,1993,652.50
estonia,1994,648.06
estonia,1995,643.61
estonia,1996,639.17
estonia,1997,634.73
estonia,1998,630.29
estonia,1999,625.84
estonia,2000,621.40
estonia,2001,621.40
estonia,2002,621.40
estonia,2003,621.40
estonia,2004,621.40
estonia,2005,621.40
estonia,2006,621.40
estonia,2007,621.40
estonia,2008,621.40
estonia,2009,621.40
estonia,2010,621.40
estonia,2011,621.40
estonia,2012,621.40
estonia,2013,621.40
estonia,2014,621.40
estonia,2015,621.40
estonia,2016,621.40
estonia,2017,621.40
estonia,2018,621.40
estonia,2019,621.40
estonia,2020,621.40
estonia,2021,621.40
estonia,2022,621.40
eswatini,1963,854.80
eswatini,1964,847.06
eswatini,1965,839.33
eswatini,1966,831.59
eswatini,1967,823.85
eswatini,1968,816.11
eswatini,1969,808.38
eswatini,1970,800.64
eswatini,1971,792.90
eswatini,1972,833.08
eswatini,1973,873.25
eswatini,1974,913.42
eswatini,1975,953.60
eswatini,1976,921.63
eswatini,1977,889.66
eswatini,1978,857.69
eswatini,1979,825.71
eswatini,1980,793.74
eswatini,1981,761.77
eswatini,1982,729.80
eswatini,1983,720.08
eswatini,1984,710.35
eswatini,1985,700.63
eswatini,1986,690.90
eswatini,1987,738.13
eswatini,1988,785.35
eswatini,1989,832.58
eswatini,1990,879.80
eswatini,1991,856.05
eswatini,1992,832.30
eswatini,1993,808.55
eswatini,1994,784.80
eswatini,1995,767.70
eswatini,1996,750.60
eswatini,1997,733.50
eswatini,1998,716.40
eswatini,1999,699.30
eswatini,2000,682.20
eswatini,2001,665.10
eswatini,2002,648.00
eswatini,2003,648.00
eswatini,2004,648.00
eswatini,2005,648.00
eswatini,2006,648.00
eswatini,2007,648.00
eswatini,2008,648.00
eswatini,2009,648.00
eswatini,2010,648.00
eswatini,2011,648.00
eswatini,2012,648.00
eswatini,2013,648.00
eswatini,2014,648.00
eswatini,2015,648.00
eswatini,2016,648.00
eswatini,2017,648.00
eswatini,2018,648.00
eswatini,2019,648.00
eswatini,2020,648.00
eswatini,2021,648.00
eswatini,2022,648.00
ethiopia,1993,1132.0
ethiopia,1994,1122.2
ethiopia,1995,1112.3
ethiopia,1996,1102.5
ethiopia,1997,1092.7
ethiopia,1998,1082.8
ethiopia,1999,1073.0
ethiopia,2000,1073.0
ethiopia,2001,1073.0
ethiopia,2002,1073.0
ethiopia,2003,1073.0
ethiopia,2004,1073.0
ethiopia,2005,1073.0
ethiopia,2006,1073.0
ethiopia,2007,1073.0
ethiopia,2008,1073.0
ethiopia,2009,1073.0
ethiopia,2010,1073.0
ethiopia,2011,1073.0
ethiopia,2012,1073.0
ethiopia,2013,1073.0
ethiopia,2014,1073.0
ethiopia,2015,1073.0
ethiopia,2016,1073.0
ethiopia,2017,1073.0
ethiopia,2018,1073.0
ethiopia,2019,1073.0
ethiopia,2020,1073.0
ethiopia,2021,1073.0
ethiopia,2022,1073.0
fiji,1963,2360.0
fiji,1964,2344.6
fiji,1965,2329.1
fiji,1966,2313.7
fiji,1967,2298.3
fiji,1968,2282.9
fiji,1969,2267.4
fiji,1970,2252.0
fiji,1971,2400.2
fiji,1972,2548.4
fiji,1973,2696.6
fiji,1974,2844.8
fiji,1975,2993.0
fiji,1976,2927.7
fiji,1977,2862.4
fiji,1978,2797.1
fiji,1979,2731.9
fiji,1980,2666.6
fiji,1981,2601.3
fiji,1982,2536.0
fiji,1983,2466.0
fiji,1984,2396.0
fiji,1985,2326.0
fiji,1986,2256.0
fiji,1987,2291.3
fiji,1988,2326.5
fiji,1989,2361.8
fiji,1990,2397.0
fiji,1991,2392.3
fiji,1992,2387.6
fiji,1993,2382.9
fiji,1994,2378.1
fiji,1995,2373.4
fiji,1996,2368.7
fiji,1997,2364.0
fiji,1998,2366.4
fiji,1999,2368.8
fiji,2000,2371.2
fiji,2001,2373.6
fiji,2002,2376.0
fiji,2003,2376.0
fiji,2004,2376.0
fiji,2005,2376.0
fiji,2006,2376.0
fiji,2007,2376.0
fiji,2008,2376.0
fiji,2009,2376.0
fiji,2010,2376.0
fiji,2011,2376.0
fiji,2012,2376.0
fiji,2013,2376.0
fiji,2014,2376.0
fiji,2015,2376.0
fiji,2016,2376.0
fiji,2017,2376.0
fiji,2018,2376.0
fiji,2019,2376.0
fiji,2020,2376.0
fiji,2021,2376.0
fiji,2022,2376.0
finland,1965,538.40
finland,1966,534.87
finland,1967,531.34
finland,1968,527.81
finland,1969,524.29
finland,1970,520.76
finland,1971,517.23
finland,1972,513.70
finland,1973,512.23
finland,1974,510.77
finland,1975,509.30
finland,1976,512.60
finland,1977,515.90
finland,1978,519.20
finland,1979,522.50
finland,1980,525.80
finland,1981,529.10
finland,1982,532.40
finland,1983,552.45
finland,1984,572.50
finland,1985,575.66
finland,1986,578.81
finland,1987,581.97
finland,1988,585.13
finland,1989,588.29
finland,1990,591.44
finland,1991,594.60
finland,1992,585.15
finland,1993,575.70
finland,1994,566.25
finland,1995,556.80
finland,1996,547.35
finland,1997,537.90
finland,1998,528.10
finland,1999,518.30
finland,2000,518.30
finland,2001,518.30
finland,2002,518.30
finland,2003,518.30
finland,2004,518.30
finland,2005,518.30
finland,2006,518.30
finland,2007,518.30
finland,2008,518.30
finland,2009,518.30
finland,2010,518.30
finland,2011,518.30
finland,2012,518.30
finland,2013,518.30
finland,2014,518.30
finland,2015,518.30
finland,2016,518.30
finland,2017,518.30
finland,2018,518.30
finland,2019,518.30
finland,2020,518.30
finland,2021,518.30
finland,2022,518.30
france,1963,846.20
france,1964,838.01
france,1965,829.83
france,1966,821.64
france,1967,813.46
france,1968,805.27
france,1969,797.09
france,1970,788.90
france,1971,785.20
france,1972,781.50
france,1973,777.80
france,1974,774.10
france,1975,770.40
france,1976,788.90
france,1977,807.40
france,1978,825.90
france,1979,844.40
france,1980,862.90
france,1981,881.40
france,1982,899.90
france,1983,780.90
france,1984,751.88
france,1985,722.87
france,1986,693.85
france,1987,664.83
france,1988,635.82
france,1989,606.80
france,1990,641.98
france,1991,677.17
france,1992,712.35
france,1993,747.53
france,1994,782.72
france,1995,817.90
france,1996,817.91
france,1997,817.93
france,1998,817.94
france,1999,817.96
france,2000,817.97
france,2001,817.99
france,2002,818.00
france,2003,818.00
france,2004,818.00
france,2005,818.00
france,2006,818.00
france,2007,818.00
france,2008,818.00
france,2009,818.00
france,2010,818.00
france,2011,818.00
france,2012,818.00
france,2013,818.00
france,2014,818.00
france,2015,818.00
france,2016,818.00
france,2017,818.00
france,2018,818.00
france,2019,818.00
france,2020,818.00
france,2021,818.00
france,2022,818.00
gabon,1966,1838.0
gabon,1967,1850.4
gabon,1968,1862.8
gabon,1969,1875.2
gabon,1970,1887.6
gabon,1971,1900.0
gabon,1972,1906.0
gabon,1973,1912.0
gabon,1974,1918.0
gabon,1975,1924.0
gabon,1976,1906.0
gabon,1977,1888.0
gabon,1978,1870.0
gabon,1979,1852.0
gabon,1980,1834.0
gabon,1981,1816.0
gabon,1982,1881.7
gabon,1983,1947.3
gabon,1984,2013.0
gabon,1985,2015.5
gabon,1986,2018.0
gabon,1987,2020.5
gabon,1988,2023.0
gabon,1989,2025.5
gabon,1990,2028.0
gabon,1991,1944.8
gabon,1992,1861.5
gabon,1993,1778.3
gabon,1994,1695.0
gabon,1995,1716.0
gabon,1996,1737.0
gabon,1997,1758.0
gabon,1998,1779.0
gabon,1999,1800.0
gabon,2000,1821.0
gabon,2001,1842.0
gabon,2002,1842.0
gabon,2003,1842.0
gabon,2004,1842.0
gabon,2005,1842.0
gabon,2006,1842.0
gabon,2007,1842.0
gabon,2008,1842.0
gabon,2009,1842.0
gabon,2010,1842.0
gabon,2011,1842.0
gabon,2012,1842.0
gabon,2013,1842.0
gabon,2014,1842.0
gabon,2015,1842.0
gabon,2016,1842.0
gabon,2017,1842.0
gabon,2018,1842.0
gabon,2019,1842.0
gabon,2020,1842.0
gabon,2021,1842.0
gabon,2022,1842.0
gambia,1965,944.70
gambia,1966,889.48
gambia,1967,834.26
gambia,1968,779.04
gambia,1969,723.82
gambia,1970,668.60
gambia,1971,689.23
gambia,1972,709.85
gambia,1973,730.48
gambia,1974,751.10
gambia,1975,747.86
gambia,1976,744.61
gambia,1977,741.37
gambia,1978,738.13
gambia,1979,734.89
gambia,1980,731.64
gambia,1981,728.40
gambia,1982,724.62
gambia,1983,720.84
gambia,1984,717.06
gambia,1985,713.28
gambia,1986,709.50
gambia,1987,725.52
gambia,1988,741.53
gambia,1989,757.55
gambia,1990,773.57
gambia,1991,789.58
gambia,1992,805.60
gambia,1993,750.80
gambia,1994,733.87
gambia,1995,716.93
gambia,1996,700.00
gambia,1997,683.07
gambia,1998,666.13
gambia,1999,649.20
gambia,2000,632.27
gambia,2001,615.33
gambia,2002,598.40
gambia,2003,598.40
gambia,2004,598.40
gambia,2005,598.40
gambia,2006,598.40
gambia,2007,598.40
gambia,2008,598.40
gambia,2009,598.40
gambia,2010,598.40
gambia,2011,598.40
gambia,2012,598.40
gambia,2013,598.40
gambia,2014,598.40
gambia,2015,598.40
gambia,2016,598.40
gambia,2017,598.40
gambia,2018,598.40
gambia,2019,598.40
gambia,2020,598.40
gambia,2021,598.40
gambia,2022,598.40
georgia,1992,1304.8
georgia,1993,1277.4
georgia,1994,1250.0
georgia,1995,1222.5
georgia,1996,1195.0
georgia,1997,1167.5
georgia,1998,1140.0
georgia,1999,1140.0
georgia,2000,1140.0
georgia,2001,1140.0
georgia,2002,1140.0
georgia,2003,1140.0
georgia,2004,1140.0
georgia,2005,1140.0
georgia,2006,1140.0
georgia,2007,1140.0
georgia,2008,1140.0
georgia,2009,1140.0
georgia,2010,1140.0
georgia,2011,1140.0
georgia,2012,1140.0
georgia,2013,1140.0
georgia,2014,1140.0
georgia,2015,1140.0
georgia,2016,1140.0
georgia,2017,1140.0
georgia,2018,1140.0
georgia,2019,1140.0
georgia,2020,1140.0
georgia,2021,1140.0
georgia,2022,1140.0
germany,1967,785.80
germany,1968,732.00
germany,1969,678.20
germany,1970,676.63
germany,1971,675.05
germany,1972,673.48
germany,1973,671.90
germany,1974,689.10
germany,1975,706.30
germany,1976,723.50
germany,1977,740.70
germany,1978,757.90
germany,1979,775.10
germany,1980,771.20
germany,1981,767.30
germany,1982,763.40
germany,1983,759.50
germany,1984,755.60
germany,1985,753.58
germany,1986,751.55
germany,1987,749.52
germany,1988,747.50
germany,1989,745.48
germany,1990,743.45
germany,1991,741.42
germany,1992,739.40
germany,1993,790.90
germany,1994,796.48
germany,1995,802.05
germany,1996,807.63
germany,1997,813.20
germany,1998,818.77
germany,1999,824.35
germany,2000,829.92
germany,2001,835.50
germany,2002,835.50
germany,2003,835.50
germany,2004,835.50
germany,2005,835.50
germany,2006,835.50
germany,2007,835.50
germany,2008,835.50
germany,2009,835.50
germany,2010,835.50
germany,2011,835.50
germany,2012,835.50
germany,2013,835.50
germany,2014,835.50
germany,2015,835.50
germany,2016,835.50
germany,2017,835.50
germany,2018,835.50
germany,2019,835.50
germany,2020,835.50
germany,2021,835.50
germany,2022,835.50
ghana,1966,1311.0
ghana,1967,1294.0
ghana,1968,1277.0
ghana,1969,1260.0
ghana,1970,1246.8
ghana,1971,1233.5
ghana,1972,1220.3
ghana,1973,1207.0
ghana,1974,1209.8
ghana,1975,1212.6
ghana,1976,1215.4
ghana,1977,1218.2
ghana,1978,1221.0
ghana,1979,1224.6
ghana,1980,1228.1
ghana,1981,1231.7
ghana,1982,1235.2
ghana,1983,1238.8
ghana,1984,1242.3
ghana,1985,1245.9
ghana,1986,1249.4
ghana,1987,1253.0
ghana,1988,1192.0
ghana,1989,1194.7
ghana,1990,1197.4
ghana,1991,1200.1
ghana,1992,1202.9
ghana,1993,1205.6
ghana,1994,1208.3
ghana,1995,1211.0
ghana,1996,1196.9
ghana,1997,1182.7
ghana,1998,1168.6
ghana,1999,1154.4
ghana,2000,1140.3
ghana,2001,1126.1
ghana,2002,1112.0
ghana,2003,1112.0
ghana,2004,1112.0
ghana,2005,1112.0
ghana,2006,1112.0
ghana,2007,1112.0
ghana,2008,1112.0
ghana,2009,1112.0
ghana,2010,1112.0
ghana,2011,1112.0
ghana,2012,1112.0
ghana,2013,1112.0
ghana,2014,1112.0
ghana,2015,1112.0
ghana,2016,1112.0
ghana,2017,1112.0
ghana,2018,1112.0
ghana,2019,1112.0
ghana,2020,1112.0
ghana,2021,1112.0
ghana,2022,1112.0
greece,1965,679.20
greece,1966,685.61
greece,1967,692.03
greece,1968,698.44
greece,1969,704.86
greece,1970,711.27
greece,1971,717.69
greece,1972,724.10
greece,1973,696.30
greece,1974,668.50
greece,1975,684.90
greece,1976,701.30
greece,1977,717.70
greece,1978,734.10
greece,1979,722.33
greece,1980,710.55
greece,1981,698.77
greece,1982,687.00
greece,1983,675.23
greece,1984,663.45
greece,1985,651.67
greece,1986,639.90
greece,1987,609.27
greece,1988,578.65
greece,1989,548.02
greece,1990,517.40
greece,1991,532.96
greece,1992,548.51
greece,1993,564.07
greece,1994,579.63
greece,1995,595.19
greece,1996,610.74
greece,1997,626.30
greece,1998,612.05
greece,1999,597.80
greece,2000,597.80
greece,2001,597.80
greece,2002,597.80
greece,2003,597.80
greece,2004,597.80
greece,2005,597.80
greece,2006,597.80
greece,2007,597.80
greece,2008,597.80
greece,2009,597.80
greece,2010,597.80
greece,2011,597.80
greece,2012,597.80
greece,2013,597.80
greece,2014,597.80
greece,2015,597.80
greece,2016,597.80
greece,2017,597.80
greece,2018,597.80
greece,2019,597.80
greece,2020,597.80
greece,2021,597.80
greece,2022,597.80
guatemala,1964,2362.0
guatemala,1965,2422.0
guatemala,1966,2482.0
guatemala,1967,2542.0
guatemala,1968,2602.0
guatemala,1969,2555.5
guatemala,1970,2509.0
guatemala,1971,2462.5
guatemala,1972,2416.0
guatemala,1973,2369.5
guatemala,1974,2323.0
guatemala,1975,2276.5
guatemala,1976,2230.0
guatemala,1977,2319.5
guatemala,1978,2409.0
guatemala,1979,2498.5
guatemala,1980,2588.0
guatemala,1981,2549.5
guatemala,1982,2511.0
guatemala,1983,2472.5
guatemala,1984,2434.0
guatemala,1985,2395.5
guatemala,1986,2357.0
guatemala,1987,2403.0
guatemala,1988,2449.0
guatemala,1989,2461.1
guatemala,1990,2473.3
guatemala,1991,2485.4
guatemala,1992,2497.5
guatemala,1993,2509.6
guatemala,1994,2521.8
guatemala,1995,2533.9
guatemala,1996,2546.0
guatemala,1997,2436.0
guatemala,1998,2326.0
guatemala,1999,2216.0
guatemala,2000,2216.0
guatemala,2001,2216.0
guatemala,2002,2216.0
guatemala,2003,2216.0
guatemala,2004,2216.0
guatemala,2005,2216.0
guatemala,2006,2216.0
guatemala,2007,2216.0
guatemala,2008,2216.0
guatemala,2009,2216.0
guatemala,2010,2216.0
guatemala,2011,2216.0
guatemala,2012,2216.0
guatemala,2013,2216.0
guatemala,2014,2216.0
guatemala,2015,2216.0
guatemala,2016,2216.0
guatemala,2017,2216.0
guatemala,2018,2216.0
guatemala,2019,2216.0
guatemala,2020,2216.0
guatemala,2021,2216.0
guatemala,2022,2216.0
guinea,1966,2073.0
guinea,1967,2021.2
guinea,1968,1969.4
guinea,1969,1917.6
guinea,1970,1865.8
guinea,1971,1814.0
guinea,1972,1824.8
guinea,1973,1835.5
guinea,1974,1846.3
guinea,1975,1857.0
guinea,1976,1836.1
guinea,1977,1815.3
guinea,1978,1794.4
guinea,1979,1773.6
guinea,1980,1752.7
guinea,1981,1731.9
guinea,1982,1711.0
guinea,1983,1569.0
guinea,1984,1600.8
guinea,1985,1632.6
guinea,1986,1664.4
guinea,1987,1696.2
guinea,1988,1728.0
guinea,1989,1738.3
guinea,1990,1748.5
guinea,1991,1758.8
guinea,1992,1769.0
guinea,1993,1779.3
guinea,1994,1789.5
guinea,1995,1799.8
guinea,1996,1810.0
guinea,1997,1775.6
guinea,1998,1741.2
guinea,1999,1706.8
guinea,2000,1672.4
guinea,2001,1638.0
guinea,2002,1638.0
guinea,2003,1638.0
guinea,2004,1638.0
guinea,2005,1638.0
guinea,2006,1638.0
guinea,2007,1638.0
guinea,2008,1638.0
guinea,2009,1638.0
guinea,2010,1638.0
guinea,2011,1638.0
guinea,2012,1638.0
guinea,2013,1638.0
guinea,2014,1638.0
guinea,2015,1638.0
guinea,2016,1638.0
guinea,2017,1638.0
guinea,2018,1638.0
guinea,2019,1638.0
guinea,2020,1638.0
guinea,2021,1638.0
guinea,2022,1638.0
guinea_bissau,1964,1888.0
guinea_bissau,1965,1833.7
guinea_bissau,1966,1779.4
guinea_bissau,1967,1725.1
guinea_bissau,1968,1670.9
guinea_bissau,1969,1616.6
guinea_bissau,1970,1562.3
guinea_bissau,1971,1508.0
guinea_bissau,1972,1523.0
guinea_bissau,1973,1538.0
guinea_bissau,1974,1553.0
guinea_bissau,1975,1530.3
guinea_bissau,1976,1507.5
guinea_bissau,1977,1484.8
guinea_bissau,1978,1462.0
guinea_bissau,1979,1439.3
guinea_bissau,1980,1416.5
guinea_bissau,1981,1393.8
guinea_bissau,1982,1371.0
guinea_bissau,1983,1362.7
guinea_bissau,1984,1354.3
guinea_bissau,1985,1346.0
guinea_bissau,1986,1400.8
guinea_bissau,1987,1455.5
guinea_bissau,1988,1510.3
guinea_bissau,1989,1565.0
guinea_bissau,1990,1567.5
guinea_bissau,1991,1570.0
guinea_bissau,1992,1572.5
guinea_bissau,1993,1575.0
guinea_bissau,1994,1535.9
guinea_bissau,1995,1496.8
guinea_bissau,1996,1457.7
guinea_bissau,1997,1418.6
guinea_bissau,1998,1379.4
guinea_bissau,1999,1340.3
guinea_bissau,2000,1301.2
guinea_bissau,2001,1262.1
guinea_bissau,2002,1223.0
guinea_bissau,2003,1223.0
guinea_bissau,2004,1223.0
guinea_bissau,2005,1223.0
guinea_bissau,2006,1223.0
guinea_bissau,2007,1223.0
guinea_bissau,2008,1223.0
guinea_bissau,2009,1223.0
guinea_bissau,2010,1223.0
guinea_bissau,2011,1223.0
guinea_bissau,2012,1223.0
guinea_bissau,2013,1223.0
guinea_bissau,2014,1223.0
guinea_bissau,2015,1223.0
guinea_bissau,2016,1223.0
guinea_bissau,2017,1223.0
guinea_bissau,2018,1223.0
guinea_bissau,2019,1223.0
guinea_bissau,2020,1223.0
guinea_bissau,2021,1223.0
guinea_bissau,2022,1223.0
guyana,1966,2144.0
guyana,1967,2175.7
guyana,1968,2207.3
guyana,1969,2239.0
guyana,1970,2270.7
guyana,1971,2302.3
guyana,1972,2334.0
guyana,1973,2289.0
guyana,1974,2244.0
guyana,1975,2199.0
guyana,1976,2187.0
guyana,1977,2175.0
guyana,1978,2163.0
guyana,1979,2151.0
guyana,1980,2139.0
guyana,1981,2118.2
guyana,1982,2097.3
guyana,1983,2076.5
guyana,1984,2055.7
guyana,1985,2034.8
guyana,1986,2014.0
guyana,1987,2132.5
guyana,1988,2251.0
guyana,1989,2251.1
guyana,1990,2251.3
guyana,1991,2251.4
guyana,1992,2251.6
guyana,1993,2251.7
guyana,1994,2251.9
guyana,1995,2252.0
guyana,1996,2227.0
guyana,1997,2202.0
guyana,1998,2177.0
guyana,1999,2177.0
guyana,2000,2177.0
guyana,2001,2177.0
guyana,2002,2177.0
guyana,2003,2177.0
guyana,2004,2177.0
guyana,2005,2177.0
guyana,2006,2177.0
guyana,2007,2177.0
guyana,2008,2177.0
guyana,2009,2177.0
guyana,2010,2177.0
guyana,2011,2177.0
guyana,2012,2177.0
guyana,2013,2177.0
guyana,2014,2177.0
guyana,2015,2177.0
guyana,2016,2177.0
guyana,2017,2177.0
guyana,2018,2177.0
guyana,2019,2177.0
guyana,2020,2177.0
guyana,2021,2177.0
guyana,2022,2177.0
haiti,1964,1355.0
haiti,1965,1353.6
haiti,1966,1352.1
haiti,1967,1350.7
haiti,1968,1349.3
haiti,1969,1347.9
haiti,1970,1346.4
haiti,1971,1345.0
haiti,1972,1300.0
haiti,1973,1255.0
haiti,1974,1292.3
haiti,1975,1329.6
haiti,1976,1366.9
haiti,1977,1404.1
haiti,1978,1441.4
haiti,1979,1478.7
haiti,1980,1516.0
haiti,1981,1499.3
haiti,1982,1482.5
haiti,1983,1465.8
haiti,1984,1449.0
haiti,1985,1418.2
haiti,1986,1387.3
haiti,1987,1356.5
haiti,1988,1325.7
haiti,1989,1294.8
haiti,1990,1264.0
haiti,1991,1291.5
haiti,1992,1319.0
haiti,1993,1346.5
haiti,1994,1374.0
haiti,1995,1401.5
haiti,1996,1429.0
haiti,1997,1395.2
haiti,1998,1361.3
haiti,1999,1327.5
haiti,2000,1293.7
haiti,2001,1259.8
haiti,2002,1226.0
haiti,2003,1226.0
haiti,2004,1226.0
haiti,2005,1226.0
haiti,2006,1226.0
haiti,2007,1226.0
haiti,2008,1226.0
haiti,2009,1226.0
haiti,2010,1226.0
haiti,2011,1226.0
haiti,2012,1226.0
haiti,2013,1226.0
haiti,2014,1226.0
haiti,2015,1226.0
haiti,2016,1226.0
haiti,2017,1226.0
haiti,2018,1226.0
haiti,2019,1226.0
haiti,2020,1226.0
haiti,2021,1226.0
haiti,2022,1226.0
honduras,1963,1948.0
honduras,1964,1951.1
honduras,1965,1954.3
honduras,1966,1957.4
honduras,1967,1960.6
honduras,1968,1963.7
honduras,1969,1966.9
honduras,1970,1970.0
honduras,1971,1933.9
honduras,1972,1897.7
honduras,1973,1861.6
honduras,1974,1825.4
honduras,1975,1789.3
honduras,1976,1753.1
honduras,1977,1717.0
honduras,1978,2250.0
honduras,1979,2213.2
honduras,1980,2176.4
honduras,1981,2139.7
honduras,1982,2102.9
honduras,1983,2066.1
honduras,1984,2029.3
honduras,1985,1992.6
honduras,1986,1955.8
honduras,1987,1919.0
honduras,1988,1897.0
honduras,1989,1875.0
honduras,1990,1853.0
honduras,1991,1831.0
honduras,1992,1848.5
honduras,1993,1866.0
honduras,1994,1883.5
honduras,1995,1901.0
honduras,1996,1830.3
honduras,1997,1759.5
honduras,1998,1688.8
honduras,1999,1618.0
honduras,2000,1618.0
honduras,2001,1618.0
honduras,2002,1618.0
honduras,2003,1618.0
honduras,2004,1618.0
honduras,2005,1618.0
honduras,2006,1618.0
honduras,2007,1618.0
honduras,2008,1618.0
honduras,2009,1618.0
honduras,2010,1618.0
honduras,2011,1618.0
honduras,2012,1618.0
honduras,2013,1618.0
honduras,2014,1618.0
honduras,2015,1618.0
honduras,2016,1618.0
honduras,2017,1618.0
honduras,2018,1618.0
honduras,2019,1618.0
honduras,2020,1618.0
honduras,2021,1618.0
honduras,2022,1618.0
hungary,1964,620.60
hungary,1965,616.77
hungary,1966,612.95
hungary,1967,609.13
hungary,1968,605.30
hungary,1969,601.48
hungary,1970,597.65
hungary,1971,593.83
hungary,1972,590.00
hungary,1973,586.58
hungary,1974,583.15
hungary,1975,579.73
hungary,1976,576.30
hungary,1977,575.35
hungary,1978,574.40
hungary,1979,577.16
hungary,1980,579.91
hungary,1981,582.67
hungary,1982,585.43
hungary,1983,588.19
hungary,1984,590.94
hungary,1985,593.70
hungary,1986,578.47
hungary,1987,563.23
hungary,1988,548.00
hungary,1989,542.20
hungary,1990,536.40
hungary,1991,530.60
hungary,1992,524.80
hungary,1993,519.00
hungary,1994,513.20
hungary,1995,523.81
hungary,1996,534.43
hungary,1997,545.04
hungary,1998,555.66
hungary,1999,566.27
hungary,2000,576.89
hungary,2001,587.50
hungary,2002,587.50
hungary,2003,587.50
hungary,2004,587.50
hungary,2005,587.50
hungary,2006,587.50
hungary,2007,587.50
hungary,2008,587.50
hungary,2009,587.50
hungary,2010,587.50
hungary,2011,587.50
hungary,2012,587.50
hungary,2013,587.50
hungary,2014,587.50
hungary,2015,587.50
hungary,2016,587.50
hungary,2017,587.50
hungary,2018,587.50
hungary,2019,587.50
hungary,2020,587.50
hungary,2021,587.50
hungary,2022,587.50
iceland,1967,816.00
iceland,1968,852.80
iceland,1969,889.60
iceland,1970,926.40
iceland,1971,963.20
iceland,1972,974.90
iceland,1973,986.60
iceland,1974,998.30
iceland,1975,1010.0
iceland,1976,997.10
iceland,1977,984.20
iceland,1978,971.30
iceland,1979,958.40
iceland,1980,945.50
iceland,1981,932.60
iceland,1982,939.78
iceland,1983,946.96
iceland,1984,954.14
iceland,1985,961.32
iceland,1986,968.50
iceland,1987,993.80
iceland,1988,1019.1
iceland,1989,1044.4
iceland,1990,1069.7
iceland,1991,1095.0
iceland,1992,1078.0
iceland,1993,1061.1
iceland,1994,1044.1
iceland,1995,1027.1
iceland,1996,1010.2
iceland,1997,993.20
iceland,1998,923.40
iceland,1999,923.40
iceland,2000,923.40
iceland,2001,923.40
iceland,2002,923.40
iceland,2003,923.40
iceland,2004,923.40
iceland,2005,923.40
iceland,2006,923.40
iceland,2007,923.40
iceland,2008,923.40
iceland,2009,923.40
iceland,2010,923.40
iceland,2011,923.40
iceland,2012,923.40
iceland,2013,923.40
iceland,2014,923.40
iceland,2015,923.40
iceland,2016,923.40
iceland,2017,923.40
iceland,2018,923.40
iceland,2019,923.40
iceland,2020,923.40
iceland,2021,923.40
iceland,2022,923.40
india,1967,1568.0
india,1968,1605.5
india,1969,1643.0
india,1970,1681.5
india,1971,1720.0
india,1972,1758.5
india,1973,1797.0
india,1974,1771.1
india,1975,1745.3
india,1976,1719.4
india,1977,1693.5
india,1978,1667.6
india,1979,1641.8
india,1980,1615.9
india,1981,1590.0
india,1982,1605.8
india,1983,1621.5
india,1984,1637.3
india,1985,1653.0
india,1986,1649.8
india,1987,1646.5
india,1988,1643.3
india,1989,1640.0
india,1990,1652.3
india,1991,1664.7
india,1992,1677.0
india,1993,1689.3
india,1994,1701.7
india,1995,1714.0
india,1996,1671.6
india,1997,1629.2
india,1998,1586.8
india,1999,1544.4
india,2000,1502.0
india,2001,1502.0
india,2002,1502.0
india,2003,1502.0
india,2004,1502.0
india,2005,1502.0
india,2006,1502.0
india,2007,1502.0
india,2008,1502.0
india,2009,1502.0
india,2010,1502.0
india,2011,1502.0
india,2012,1502.0
india,2013,1502.0
india,2014,1502.0
india,2015,1502.0
india,2016,1502.0
india,2017,1502.0
india,2018,1502.0
india,2019,1502.0
india,2020,1502.0
india,2021,1502.0
india,2022,1502.0
indonesia,1967,2763.0
indonesia,1968,2831.7
indonesia,1969,2900.3
indonesia,1970,2969.0
indonesia,1971,2950.3
indonesia,1972,2931.7
indonesia,1973,2913.0
indonesia,1974,2894.3
indonesia,1975,2875.7
indonesia,1976,2857.0
indonesia,1977,2855.0
indonesia,1978,2853.0
indonesia,1979,2876.9
indonesia,1980,2900.7
indonesia,1981,2924.6
indonesia,1982,2948.4
indonesia,1983,2972.3
indonesia,1984,2996.1
indonesia,1985,3020.0
indonesia,1986,2978.2
indonesia,1987,2936.3
indonesia,1988,2894.5
indonesia,1989,2852.7
indonesia,1990,2810.8
indonesia,1991,2769.0
indonesia,1992,2793.0
indonesia,1993,2817.0
indonesia,1994,2831.0
indonesia,1995,2845.0
indonesia,1996,2859.0
indonesia,1997,2873.0
indonesia,1998,2887.0
indonesia,1999,2901.0
indonesia,2000,2915.0
indonesia,2001,2929.0
indonesia,2002,2929.0
indonesia,2003,2929.0
indonesia,2004,2929.0
indonesia,2005,2929.0
indonesia,2006,2929.0
indonesia,2007,2929.0
indonesia,2008,2929.0
indonesia,2009,2929.0
indonesia,2010,2929.0
indonesia,2011,2929.0
indonesia,2012,2929.0
indonesia,2013,2929.0
indonesia,2014,2929.0
indonesia,2015,2929.0
indonesia,2016,2929.0
indonesia,2017,2929.0
indonesia,2018,2929.0
indonesia,2019,2929.0
indonesia,2020,2929.0
indonesia,2021,2929.0
indonesia,2022,2929.0
iran_islamic_republic_of,1965,281.00
iran_islamic_republic_of,1966,297.97
iran_islamic_republic_of,1967,314.93
iran_islamic_republic_of,1968,331.90
iran_islamic_republic_of,1969,330.08
iran_islamic_republic_of,1970,328.26
iran_islamic_republic_of,1971,326.43
iran_islamic_republic_of,1972,324.61
iran_islamic_republic_of,1973,322.79
iran_islamic_republic_of,1974,320.97
iran_islamic_republic_of,1975,319.14
iran_islamic_republic_of,1976,317.32
iran_islamic_republic_of,1977,315.50
iran_islamic_republic_of,1978,309.98
iran_islamic_republic_of,1979,304.45
iran_islamic_republic_of,1980,298.93
iran_islamic_republic_of,1981,293.40
iran_islamic_republic_of,1982,289.27
iran_islamic_republic_of,1983,285.15
iran_islamic_republic_of,1984,281.02
iran_islamic_republic_of,1985,276.90
iran_islamic_republic_of,1986,288.17
iran_islamic_republic_of,1987,299.43
iran_islamic_republic_of,1988,310.70
iran_islamic_republic_of,1989,308.01
iran_islamic_republic_of,1990,305.32
iran_islamic_republic_of,1991,302.64
iran_islamic_republic_of,1992,299.95
iran_islamic_republic_of,1993,297.26
iran_islamic_republic_of,1994,294.57
iran_islamic_republic_of,1995,291.89
iran_islamic_republic_of,1996,289.20
iran_islamic_republic_of,1997,268.68
iran_islamic_republic_of,1998,248.15
iran_islamic_republic_of,1999,227.63
iran_islamic_republic_of,2000,207.10
iran_islamic_republic_of,2001,207.10
iran_islamic_republic_of,2002,207.10
iran_islamic_republic_of,2003,207.10
iran_islamic_republic_of,2004,207.10
iran_islamic_republic_of,2005,207.10
iran_islamic_republic_of,2006,207.10
iran_islamic_republic_of,2007,207.10
iran_islamic_republic_of,2008,207.10
iran_islamic_republic_of,2009,207.10
iran_islamic_republic_of,2010,207.10
iran_islamic_republic_of,2011,207.10
iran_islamic_republic_of,2012,207.10
iran_islamic_republic_of,2013,207.10
iran_islamic_republic_of,2014,207.10
iran_islamic_republic_of,2015,207.10
iran_islamic_republic_of,2016,207.10
iran_islamic_republic_of,2017,207.10
iran_islamic_republic_of,2018,207.10
iran_islamic_republic_of,2019,207.10
iran_islamic_republic_of,2020,207.10
iran_islamic_republic_of,2021,207.10
iran_islamic_republic_of,2022,207.10
iraq,1965,260.50
iraq,1966,270.17
iraq,1967,279.84
iraq,1968,289.51
iraq,1969,299.19
iraq,1970,308.86
iraq,1971,318.53
iraq,1972,328.20
iraq,1973,310.90
iraq,1974,293.60
iraq,1975,276.30
iraq,1976,275.60
iraq,1977,274.90
iraq,1978,274.20
iraq,1979,273.50
iraq,1980,272.80
iraq,1981,270.72
iraq,1982,268.64
iraq,1983,266.56
iraq,1984,264.48
iraq,1985,262.40
iraq,1986,265.47
iraq,1987,268.54
iraq,1988,271.61
iraq,1989,274.69
iraq,1990,277.76
iraq,1991,280.83
iraq,1992,283.90
iraq,1993,330.10
iraq,1994,309.08
iraq,1995,288.06
iraq,1996,267.04
iraq,1997,246.02
iraq,1998,225.00
iraq,1999,225.00
iraq,2000,225.00
iraq,2001,225.00
iraq,2002,225.00
iraq,2003,225.00
iraq,2004,225.00
iraq,2005,225.00
iraq,2006,225.00
iraq,2007,225.00
iraq,2008,225.00
iraq,2009,225.00
iraq,2010,225.00
iraq,2011,225.00
iraq,2012,225.00
iraq,2013,225.00
iraq,2014,225.00
iraq,2015,225.00
iraq,2016,225.00
iraq,2017,225.00
iraq,2018,225.00
iraq,2019,225.00
iraq,2020,225.00
iraq,2021,225.00
iraq,2022,225.00
ireland,1967,1098.0
ireland,1968,1084.4
ireland,1969,1070.8
ireland,1970,1057.2
ireland,1971,1043.6
ireland,1972,1030.0
ireland,1973,991.60
ireland,1974,1018.7
ireland,1975,1045.7
ireland,1976,1072.8
ireland,1977,1099.9
ireland,1978,1126.9
ireland,1979,1154.0
ireland,1980,1137.4
ireland,1981,1120.8
ireland,1982,1104.2
ireland,1983,1087.6
ireland,1984,1071.0
ireland,1985,1078.1
ireland,1986,1085.3
ireland,1987,1092.4
ireland,1988,1099.5
ireland,1989,1106.6
ireland,1990,1113.8
ireland,1991,1120.9
ireland,1992,1128.0
ireland,1993,1126.8
ireland,1994,1125.6
ireland,1995,1124.4
ireland,1996,1123.2
ireland,1997,1122.0
ireland,1998,1148.7
ireland,1999,1175.3
ireland,2000,1202.0
ireland,2001,1202.0
ireland,2002,1202.0
ireland,2003,1202.0
ireland,2004,1202.0
ireland,2005,1202.0
ireland,2006,1202.0
ireland,2007,1202.0
ireland,2008,1202.0
ireland,2009,1202.0
ireland,2010,1202.0
ireland,2011,1202.0
ireland,2012,1202.0
ireland,2013,1202.0
ireland,2014,1202.0
ireland,2015,1202.0
ireland,2016,1202.0
ireland,2017,1202.0
ireland,2018,1202.0
ireland,2019,1202.0
ireland,2020,1202.0
ireland,2021,1202.0
ireland,2022,1202.0
israel,1965,422.10
israel,1966,407.32
israel,1967,392.55
israel,1968,377.77
israel,1969,363.00
israel,1970,359.70
israel,1971,356.40
israel,1972,353.10
israel,1973,349.80
israel,1974,346.50
israel,1975,343.20
israel,1976,374.77
israel,1977,406.35
israel,1978,437.93
israel,1979,469.50
israel,1980,457.42
israel,1981,445.33
israel,1982,433.25
israel,1983,421.17
israel,1984,409.08
israel,1985,397.00
israel,1986,415.07
israel,1987,433.13
israel,1988,451.20
israel,1989,441.10
israel,1990,431.00
israel,1991,420.90
israel,1992,410.80
israel,1993,400.70
israel,1994,390.60
israel,1995,380.50
israel,1996,370.40
israel,1997,374.64
israel,1998,378.88
israel,1999,383.12
israel,2000,387.36
israel,2001,391.60
israel,2002,391.60
israel,2003,391.60
israel,2004,391.60
israel,2005,391.60
israel,2006,391.60
israel,2007,391.60
israel,2008,391.60
israel,2009,391.60
israel,2010,391.60
israel,2011,391.60
israel,2012,391.60
israel,2013,391.60
israel,2014,391.60
israel,2015,391.60
israel,2016,391.60
israel,2017,391.60
israel,2018,391.60
israel,2019,391.60
israel,2020,391.60
israel,2021,391.60
israel,2022,391.60
italy,1964,877.30
italy,1965,868.38
italy,1966,859.46
italy,1967,850.54
italy,1968,841.62
italy,1969,832.70
italy,1970,842.53
italy,1971,852.37
italy,1972,862.20
italy,1973,872.03
italy,1974,881.87
italy,1975,891.70
italy,1976,891.16
italy,1977,890.62
italy,1978,890.08
italy,1979,889.54
italy,1980,889.00
italy,1981,866.04
italy,1982,843.08
italy,1983,820.12
italy,1984,797.16
italy,1985,774.20
italy,1986,769.13
italy,1987,764.07
italy,1988,759.00
italy,1989,762.94
italy,1990,766.88
italy,1991,770.82
italy,1992,774.76
italy,1993,778.70
italy,1994,786.06
italy,1995,793.41
italy,1996,800.77
italy,1997,808.13
italy,1998,815.49
italy,1999,822.84
italy,2000,830.20
italy,2001,830.20
italy,2002,830.20
italy,2003,830.20
italy,2004,830.20
italy,2005,830.20
italy,2006,830.20
italy,2007,830.20
italy,2008,830.20
italy,2009,830.20
italy,2010,830.20
italy,2011,830.20
italy,2012,830.20
italy,2013,830.20
italy,2014,830.20
italy,2015,830.20
italy,2016,830.20
italy,2017,830.20
italy,2018,830.20
italy,2019,830.20
italy,2020,830.20
italy,2021,830.20
italy,2022,830.20
jamaica,1964,1392.0
jamaica,1965,1393.9
jamaica,1966,1395.8
jamaica,1967,1397.6
jamaica,1968,1399.5
jamaica,1969,1401.4
jamaica,1970,1403.3
jamaica,1971,1405.1
jamaica,1972,1407.0
jamaica,1973,1382.0
jamaica,1974,1357.0
jamaica,1975,1362.3
jamaica,1976,1367.5
jamaica,1977,1372.8
jamaica,1978,1378.0
jamaica,1979,1371.3
jamaica,1980,1364.5
jamaica,1981,1357.8
jamaica,1982,1351.0
jamaica,1983,1344.3
jamaica,1984,1337.5
jamaica,1985,1330.8
jamaica,1986,1324.0
jamaica,1987,1270.7
jamaica,1988,1217.3
jamaica,1989,1164.0
jamaica,1990,1177.0
jamaica,1991,1190.0
jamaica,1992,1203.0
jamaica,1993,1216.0
jamaica,1994,1229.0
jamaica,1995,1242.0
jamaica,1996,1255.0
jamaica,1997,1268.0
jamaica,1998,1328.0
jamaica,1999,1328.0
jamaica,2000,1328.0
jamaica,2001,1328.0
jamaica,2002,1328.0
jamaica,2003,1328.0
jamaica,2004,1328.0
jamaica,2005,1328.0
jamaica,2006,1328.0
jamaica,2007,1328.0
jamaica,2008,1328.0
jamaica,2009,1328.0
jamaica,2010,1328.0
jamaica,2011,1328.0
jamaica,2012,1328.0
jamaica,2013,1328.0
jamaica,2014,1328.0
jamaica,2015,1328.0
jamaica,2016,1328.0
jamaica,2017,1328.0
jamaica,2018,1328.0
jamaica,2019,1328.0
jamaica,2020,1328.0
jamaica,2021,1328.0
jamaica,2022,1328.0
japan,1963,1669.0
japan,1964,1650.9
japan,1965,1632.7
japan,1966,1614.6
japan,1967,1596.4
japan,1968,1578.3
japan,1969,1560.1
japan,1970,1542.0
japan,1971,1544.5
japan,1972,1547.0
japan,1973,1549.5
japan,1974,1552.0
japan,1975,1557.9
japan,1976,1563.7
japan,1977,1569.6
japan,1978,1575.4
japan,1979,1581.3
japan,1980,1587.1
japan,1981,1593.0
japan,1982,1578.7
japan,1983,1564.3
japan,1984,1550.0
japan,1985,1535.7
japan,1986,1521.3
japan,1987,1507.0
japan,1988,1586.7
japan,1989,1666.3
japan,1990,1746.0
japan,1991,1695.2
japan,1992,1644.4
japan,1993,1593.6
japan,1994,1542.8
japan,1995,1492.0
japan,1996,1506.3
japan,1997,1520.7
japan,1998,1535.0
japan,1999,1549.3
japan,2000,1563.7
japan,2001,1578.0
japan,2002,1578.0
japan,2003,1578.0
japan,2004,1578.0
japan,2005,1578.0
japan,2006,1578.0
japan,2007,1578.0
japan,2008,1578.0
japan,2009,1578.0
japan,2010,1578.0
japan,2011,1578.0
japan,2012,1578.0
japan,2013,1578.0
japan,2014,1578.0
japan,2015,1578.0
japan,2016,1578.0
japan,2017,1578.0
japan,2018,1578.0
japan,2019,1578.0
japan,2020,1578.0
japan,2021,1578.0
japan,2022,1578.0
jordan,1964,225.50
jordan,1965,220.74
jordan,1966,215.98
jordan,1967,211.22
jordan,1968,206.46
jordan,1969,201.70
jordan,1970,201.15
jordan,1971,200.60
jordan,1972,200.05
jordan,1973,199.50
jordan,1974,198.95
jordan,1975,198.40
jordan,1976,209.84
jordan,1977,221.29
jordan,1978,232.73
jordan,1979,244.17
jordan,1980,255.61
jordan,1981,267.06
jordan,1982,278.50
jordan,1983,262.32
jordan,1984,246.15
jordan,1985,229.97
jordan,1986,213.80
jordan,1987,218.47
jordan,1988,223.13
jordan,1989,227.80
jordan,1990,232.47
jordan,1991,237.13
jordan,1992,241.80
jordan,1993,183.70
jordan,1994,179.34
jordan,1995,174.97
jordan,1996,170.61
jordan,1997,166.25
jordan,1998,161.89
jordan,1999,157.53
jordan,2000,153.16
jordan,2001,148.80
jordan,2002,148.80
jordan,2003,148.80
jordan,2004,148.80
jordan,2005,148.80
jordan,2006,148.80
jordan,2007,148.80
jordan,2008,148.80
jordan,2009,148.80
jordan,2010,148.80
jordan,2011,148.80
jordan,2012,148.80
jordan,2013,148.80
jordan,2014,148.80
jordan,2015,148.80
jordan,2016,148.80
jordan,2017,148.80
jordan,2018,148.80
jordan,2019,148.80
jordan,2020,148.80
jordan,2021,148.80
jordan,2022,148.80
kazakhstan,1992,254.96
kazakhstan,1993,253.04
kazakhstan,1994,251.13
kazakhstan,1995,249.22
kazakhstan,1996,247.31
kazakhstan,1997,245.40
kazakhstan,1998,255.10
kazakhstan,1999,264.80
kazakhstan,2000,274.50
kazakhstan,2001,274.50
kazakhstan,2002,274.50
kazakhstan,2003,274.50
kazakhstan,2004,274.50
kazakhstan,2005,274.50
kazakhstan,2006,274.50
kazakhstan,2007,274.50
kazakhstan,2008,274.50
kazakhstan,2009,274.50
kazakhstan,2010,274.50
kazakhstan,2011,274.50
kazakhstan,2012,274.50
kazakhstan,2013,274.50
kazakhstan,2014,274.50
kazakhstan,2015,274.50
kazakhstan,2016,274.50
kazakhstan,2017,274.50
kazakhstan,2018,274.50
kazakhstan,2019,274.50
kazakhstan,2020,274.50
kazakhstan,2021,274.50
kazakhstan,2022,274.50
kenya,1967,970.70
kenya,1968,933.30
kenya,1969,895.90
kenya,1970,859.08
kenya,1971,822.25
kenya,1972,785.42
kenya,1973,748.60
kenya,1974,773.94
kenya,1975,799.29
kenya,1976,824.63
kenya,1977,849.98
kenya,1978,875.32
kenya,1979,900.67
kenya,1980,926.01
kenya,1981,951.36
kenya,1982,976.70
kenya,1983,942.30
kenya,1984,907.90
kenya,1985,873.50
kenya,1986,839.10
kenya,1987,870.60
kenya,1988,902.10
kenya,1989,917.04
kenya,1990,931.98
kenya,1991,946.92
kenya,1992,961.86
kenya,1993,976.80
kenya,1994,967.46
kenya,1995,958.13
kenya,1996,948.79
kenya,1997,939.45
kenya,1998,930.11
kenya,1999,920.77
kenya,2000,911.44
kenya,2001,902.10
kenya,2002,902.10
kenya,2003,902.10
kenya,2004,902.10
kenya,2005,902.10
kenya,2006,902.10
kenya,2007,902.10
kenya,2008,902.10
kenya,2009,902.10
kenya,2010,902.10
kenya,2011,902.10
kenya,2012,902.10
kenya,2013,902.10
kenya,2014,902.10
kenya,2015,902.10
kenya,2016,902.10
kenya,2017,902.10
kenya,2018,902.10
kenya,2019,902.10
kenya,2020,902.10
kenya,2021,902.10
kenya,2022,902.10
kuwait,1963,68.520
kuwait,1964,70.610
kuwait,1965,72.700
kuwait,1966,74.790
kuwait,1967,76.880
kuwait,1968,78.970
kuwait,1969,89.025
kuwait,1970,99.080
kuwait,1971,109.14
kuwait,1972,119.19
kuwait,1973,129.25
kuwait,1974,139.30
kuwait,1975,133.04
kuwait,1976,126.78
kuwait,1977,120.52
kuwait,1978,114.26
kuwait,1979,108.00
kuwait,1980,105.82
kuwait,1981,103.64
kuwait,1982,101.47
kuwait,1983,99.290
kuwait,1984,97.112
kuwait,1985,94.935
kuwait,1986,92.757
kuwait,1987,90.580
kuwait,1988,88.258
kuwait,1989,85.936
kuwait,1990,83.614
kuwait,1991,81.292
kuwait,1992,78.970
kuwait,1993,90.980
kuwait,1994,102.99
kuwait,1995,115.00
kuwait,1996,103.09
kuwait,1997,91.175
kuwait,1998,79.263
kuwait,1999,67.350
kuwait,2000,67.350
kuwait,2001,67.350
kuwait,2002,67.350
kuwait,2003,67.350
kuwait,2004,67.350
kuwait,2005,67.350
kuwait,2006,67.350
kuwait,2007,67.350
kuwait,2008,67.350
kuwait,2009,67.350
kuwait,2010,67.350
kuwait,2011,67.350
kuwait,2012,67.350
kuwait,2013,67.350
kuwait,2014,67.350
kuwait,2015,67.350
kuwait,2016,67.350
kuwait,2017,67.350
kuwait,2018,67.350
kuwait,2019,67.350
kuwait,2020,67.350
kuwait,2021,67.350
kuwait,2022,67.350
kyrgyzstan,1992,385.25
kyrgyzstan,1993,391.32
kyrgyzstan,1994,397.40
kyrgyzstan,1995,392.42
kyrgyzstan,1996,387.44
kyrgyzstan,1997,382.46
kyrgyzstan,1998,377.48
kyrgyzstan,1999,372.50
kyrgyzstan,2000,372.50
kyrgyzstan,2001,372.50
kyrgyzstan,2002,372.50
kyrgyzstan,2003,372.50
kyrgyzstan,2004,372.50
kyrgyzstan,2005,372.50
kyrgyzstan,2006,372.50
kyrgyzstan,2007,372.50
kyrgyzstan,2008,372.50
kyrgyzstan,2009,372.50
kyrgyzstan,2010,372.50
kyrgyzstan,2011,372.50
kyrgyzstan,2012,372.50
kyrgyzstan,2013,372.50
kyrgyzstan,2014,372.50
kyrgyzstan,2015,372.50
kyrgyzstan,2016,372.50
kyrgyzstan,2017,372.50
kyrgyzstan,2018,372.50
kyrgyzstan,2019,372.50
kyrgyzstan,2020,372.50
kyrgyzstan,2021,372.50
kyrgyzstan,2022,372.50
lao_people_s_democratic_republic,1963,1752.0
lao_people_s_democratic_republic,1964,1748.0
lao_people_s_democratic_republic,1965,1744.0
lao_people_s_democratic_republic,1966,1740.0
lao_people_s_democratic_republic,1967,1736.0
lao_people_s_democratic_republic,1968,1732.0
lao_people_s_democratic_republic,1969,1728.0
lao_people_s_democratic_republic,1970,1724.0
lao_people_s_democratic_republic,1971,1720.0
lao_people_s_democratic_republic,1972,1689.0
lao_people_s_democratic_republic,1973,1658.0
lao_people_s_democratic_republic,1974,1677.7
lao_people_s_democratic_republic,1975,1697.4
lao_people_s_democratic_republic,1976,1717.1
lao_people_s_democratic_republic,1977,1736.9
lao_people_s_democratic_republic,1978,1756.6
lao_people_s_democratic_republic,1979,1776.3
lao_people_s_democratic_republic,1980,1796.0
lao_people_s_democratic_republic,1981,1740.5
lao_people_s_democratic_republic,1982,1685.0
lao_people_s_democratic_republic,1983,1629.5
lao_people_s_democratic_republic,1984,1574.0
lao_people_s_democratic_republic,1985,1549.5
lao_people_s_democratic_republic,1986,1525.0
lao_people_s_democratic_republic,1987,1500.5
lao_people_s_democratic_republic,1988,1476.0
lao_people_s_democratic_republic,1989,1505.1
lao_people_s_democratic_republic,1990,1534.3
lao_people_s_democratic_republic,1991,1563.4
lao_people_s_democratic_republic,1992,1592.6
lao_people_s_democratic_republic,1993,1621.7
lao_people_s_democratic_republic,1994,1650.9
lao_people_s_democratic_republic,1995,1680.0
lao_people_s_democratic_republic,1996,1716.1
lao_people_s_democratic_republic,1997,1752.3
lao_people_s_democratic_republic,1998,1788.4
lao_people_s_democratic_republic,1999,1824.6
lao_people_s_democratic_republic,2000,1860.7
lao_people_s_democratic_republic,2001,1896.9
lao_people_s_democratic_republic,2002,1933.0
lao_people_s_democratic_republic,2003,1933.0
lao_people_s_democratic_republic,2004,1933.0
lao_people_s_democratic_republic,2005,1933.0
lao_people_s_democratic_republic,2006,1933.0
lao_people_s_democratic_republic,2007,1933.0
lao_people_s_democratic_republic,2008,1933.0
lao_people_s_democratic_republic,2009,1933.0
lao_people_s_democratic_republic,2010,1933.0
lao_people_s_democratic_republic,2011,1933.0
lao_people_s_democratic_republic,2012,1933.0
lao_people_s_democratic_republic,2013,1933.0
lao_people_s_democratic_republic,2014,1933.0
lao_people_s_democratic_republic,2015,1933.0
lao_people_s_democratic_republic,2016,1933.0
lao_people_s_democratic_republic,2017,1933.0
lao_people_s_democratic_republic,2018,1933.0
lao_people_s_democratic_republic,2019,1933.0
lao_people_s_democratic_republic,2020,1933.0
lao_people_s_democratic_republic,2021,1933.0
lao_people_s_democratic_republic,2022,1933.0
latvia,1992,638.75
latvia,1993,634.60
latvia,1994,630.45
latvia,1995,626.30
latvia,1996,622.12
latvia,1997,617.94
latvia,1998,613.76
latvia,1999,609.58
latvia,2000,605.40
latvia,2001,605.40
latvia,2002,605.40
latvia,2003,605.40
latvia,2004,605.40
latvia,2005,605.40
latvia,2006,605.40
latvia,2007,605.40
latvia,2008,605.40
latvia,2009,605.40
latvia,2010,605.40
latvia,2011,605.40
latvia,2012,605.40
latvia,2013,605.40
latvia,2014,605.40
latvia,2015,605.40
latvia,2016,605.40
latvia,2017,605.40
latvia,2018,605.40
latvia,2019,605.40
latvia,2020,605.40
latvia,2021,605.40
latvia,2022,605.40
lebanon,1964,693.80
lebanon,1965,708.14
lebanon,1966,722.49
lebanon,1967,736.83
lebanon,1968,751.17
lebanon,1969,765.51
lebanon,1970,779.86
lebanon,1971,794.20
lebanon,1972,778.26
lebanon,1973,762.32
lebanon,1974,746.38
lebanon,1975,730.44
lebanon,1976,714.50
lebanon,1977,718.22
lebanon,1978,721.94
lebanon,1979,725.66
lebanon,1980,729.38
lebanon,1981,733.10
lebanon,1982,714.00
lebanon,1983,694.90
lebanon,1984,700.48
lebanon,1985,706.06
lebanon,1986,711.63
lebanon,1987,717.21
lebanon,1988,722.79
lebanon,1989,728.37
lebanon,1990,733.94
lebanon,1991,739.52
lebanon,1992,745.10
lebanon,1993,711.28
lebanon,1994,677.46
lebanon,1995,643.64
lebanon,1996,609.82
lebanon,1997,576.00
lebanon,1998,569.83
lebanon,1999,563.67
lebanon,2000,557.50
lebanon,2001,557.50
lebanon,2002,557.50
lebanon,2003,557.50
lebanon,2004,557.50
lebanon,2005,557.50
lebanon,2006,557.50
lebanon,2007,557.50
lebanon,2008,557.50
lebanon,2009,557.50
lebanon,2010,557.50
lebanon,2011,557.50
lebanon,2012,557.50
lebanon,2013,557.50
lebanon,2014,557.50
lebanon,2015,557.50
lebanon,2016,557.50
lebanon,2017,557.50
lebanon,2018,557.50
lebanon,2019,557.50
lebanon,2020,557.50
lebanon,2021,557.50
lebanon,2022,557.50
lesotho,1964,778.20
lesotho,1965,756.22
lesotho,1966,734.24
lesotho,1967,712.26
lesotho,1968,690.28
lesotho,1969,668.30
lesotho,1970,684.49
lesotho,1971,700.67
lesotho,1972,716.86
lesotho,1973,733.05
lesotho,1974,749.24
lesotho,1975,765.42
lesotho,1976,781.61
lesotho,1977,797.80
lesotho,1978,760.93
lesotho,1979,724.07
lesotho,1980,687.20
lesotho,1981,682.74
lesotho,1982,678.29
lesotho,1983,673.83
lesotho,1984,669.37
lesotho,1985,664.91
lesotho,1986,660.46
lesotho,1987,656.00
lesotho,1988,663.37
lesotho,1989,670.73
lesotho,1990,678.10
lesotho,1991,703.08
lesotho,1992,728.05
lesotho,1993,753.02
lesotho,1994,778.00
lesotho,1995,767.23
lesotho,1996,756.45
lesotho,1997,745.67
lesotho,1998,734.90
lesotho,1999,734.90
lesotho,2000,734.90
lesotho,2001,734.90
lesotho,2002,734.90
lesotho,2003,734.90
lesotho,2004,734.90
lesotho,2005,734.90
lesotho,2006,734.90
lesotho,2007,734.90
lesotho,2008,734.90
lesotho,2009,734.90
lesotho,2010,734.90
lesotho,2011,734.90
lesotho,2012,734.90
lesotho,2013,734.90
lesotho,2014,734.90
lesotho,2015,734.90
lesotho,2016,734.90
lesotho,2017,734.90
lesotho,2018,734.90
lesotho,2019,734.90
lesotho,2020,734.90
lesotho,2021,734.90
lesotho,2022,734.90
liberia,1965,2668.0
liberia,1966,2646.4
liberia,1967,2624.9
liberia,1968,2603.3
liberia,1969,2581.7
liberia,1970,2560.1
liberia,1971,2538.6
liberia,1972,2517.0
liberia,1973,2428.5
liberia,1974,2340.0
liberia,1975,2321.3
liberia,1976,2302.5
liberia,1977,2283.8
liberia,1978,2265.0
liberia,1979,2246.3
liberia,1980,2227.5
liberia,1981,2208.8
liberia,1982,2190.0
liberia,1983,2184.4
liberia,1984,2178.8
liberia,1985,2173.2
liberia,1986,2167.6
liberia,1987,2162.0
liberia,1988,2238.0
liberia,1989,2314.0
liberia,1990,2390.0
liberia,1991,2373.2
liberia,1992,2356.3
liberia,1993,2339.5
liberia,1994,2322.7
liberia,1995,2305.8
liberia,1996,2289.0
liberia,1997,2313.8
liberia,1998,2338.6
liberia,1999,2363.4
liberia,2000,2388.2
liberia,2001,2413.0
liberia,2002,2413.0
liberia,2003,2413.0
liberia,2004,2413.0
liberia,2005,2413.0
liberia,2006,2413.0
liberia,2007,2413.0
liberia,2008,2413.0
liberia,2009,2413.0
liberia,2010,2413.0
liberia,2011,2413.0
liberia,2012,2413.0
liberia,2013,2413.0
liberia,2014,2413.0
liberia,2015,2413.0
liberia,2016,2413.0
liberia,2017,2413.0
liberia,2018,2413.0
liberia,2019,2413.0
liberia,2020,2413.0
liberia,2021,2413.0
liberia,2022,2413.0
libya,1965,175.10
libya,1966,179.23
libya,1967,183.37
libya,1968,187.50
libya,1969,187.96
libya,1970,188.41
libya,1971,188.87
libya,1972,189.32
libya,1973,189.78
libya,1974,190.23
libya,1975,190.69
libya,1976,191.14
libya,1977,191.60
libya,1978,193.85
libya,1979,196.10
libya,1980,190.20
libya,1981,184.30
libya,1982,178.40
libya,1983,172.50
libya,1984,166.60
libya,1985,164.43
libya,1986,162.25
libya,1987,160.07
libya,1988,157.90
libya,1989,155.72
libya,1990,153.55
libya,1991,151.38
libya,1992,149.20
libya,1993,160.38
libya,1994,171.55
libya,1995,182.72
libya,1996,193.90
libya,1997,180.57
libya,1998,167.25
libya,1999,153.93
libya,2000,140.60
libya,2001,140.60
libya,2002,140.60
libya,2003,140.60
libya,2004,140.60
libya,2005,140.60
libya,2006,140.60
libya,2007,140.60
libya,2008,140.60
libya,2009,140.60
libya,2010,140.60
libya,2011,140.60
libya,2012,140.60
libya,2013,140.60
libya,2014,140.60
libya,2015,140.60
libya,2016,140.60
libya,2017,140.60
libya,2018,140.60
libya,2019,140.60
libya,2020,140.60
libya,2021,140.60
libya,2022,140.60
lithuania,1992,618.53
lithuania,1993,624.09
lithuania,1994,629.64
lithuania,1995,635.20
lithuania,1996,622.75
lithuania,1997,610.30
lithuania,1998,597.85
lithuania,1999,585.40
lithuania,2000,585.40
lithuania,2001,585.40
lithuania,2002,585.40
lithuania,2003,585.40
lithuania,2004,585.40
lithuania,2005,585.40
lithuania,2006,585.40
lithuania,2007,585.40
lithuania,2008,585.40
lithuania,2009,585.40
lithuania,2010,585.40
lithuania,2011,585.40
lithuania,2012,585.40
lithuania,2013,585.40
lithuania,2014,585.40
lithuania,2015,585.40
lithuania,2016,585.40
lithuania,2017,585.40
lithuania,2018,585.40
lithuania,2019,585.40
lithuania,2020,585.40
lithuania,2021,585.40
lithuania,2022,585.40
madagascar,1963,1700.0
madagascar,1964,1701.0
madagascar,1965,1702.0
madagascar,1966,1703.0
madagascar,1967,1704.0
madagascar,1968,1705.0
madagascar,1969,1706.0
madagascar,1970,1707.0
madagascar,1971,1708.0
madagascar,1972,1739.6
madagascar,1973,1771.2
madagascar,1974,1802.8
madagascar,1975,1834.4
madagascar,1976,1866.0
madagascar,1977,1837.0
madagascar,1978,1808.0
madagascar,1979,1779.0
madagascar,1980,1750.0
madagascar,1981,1721.0
madagascar,1982,1788.5
madagascar,1983,1856.0
madagascar,1984,1809.8
madagascar,1985,1763.6
madagascar,1986,1717.4
madagascar,1987,1671.2
madagascar,1988,1625.0
madagascar,1989,1647.4
madagascar,1990,1669.8
madagascar,1991,1692.2
madagascar,1992,1714.6
madagascar,1993,1737.0
madagascar,1994,1704.3
madagascar,1995,1671.7
madagascar,1996,1639.0
madagascar,1997,1606.3
madagascar,1998,1573.7
madagascar,1999,1541.0
madagascar,2000,1541.0
madagascar,2001,1541.0
madagascar,2002,1541.0
madagascar,2003,1541.0
madagascar,2004,1541.0
madagascar,2005,1541.0
madagascar,2006,1541.0
madagascar,2007,1541.0
madagascar,2008,1541.0
madagascar,2009,1541.0
madagascar,2010,1541.0
madagascar,2011,1541.0
madagascar,2012,1541.0
madagascar,2013,1541.0
madagascar,2014,1541.0
madagascar,2015,1541.0
madagascar,2016,1541.0
madagascar,2017,1541.0
madagascar,2018,1541.0
madagascar,2019,1541.0
madagascar,2020,1541.0
madagascar,2021,1541.0
madagascar,2022,1541.0
malawi,1965,1111.0
malawi,1966,1119.3
malawi,1967,1127.7
malawi,1968,1136.0
malawi,1969,1130.3
malawi,1970,1124.6
malawi,1971,1118.9
malawi,1972,1113.1
malawi,1973,1107.4
malawi,1974,1101.7
malawi,1975,1096.0
malawi,1976,1123.6
malawi,1977,1151.2
malawi,1978,1178.8
malawi,1979,1206.4
malawi,1980,1234.0
malawi,1981,1205.8
malawi,1982,1177.5
malawi,1983,1149.3
malawi,1984,1121.0
malawi,1985,1108.5
malawi,1986,1096.0
malawi,1987,1083.5
malawi,1988,1071.0
malawi,1989,1058.5
malawi,1990,1046.0
malawi,1991,1035.7
malawi,1992,1025.3
malawi,1993,1015.0
malawi,1994,1027.2
malawi,1995,1039.4
malawi,1996,1051.7
malawi,1997,1063.9
malawi,1998,1076.1
malawi,1999,1088.3
malawi,2000,1100.6
malawi,2001,1112.8
malawi,2002,1125.0
malawi,2003,1125.0
malawi,2004,1125.0
malawi,2005,1125.0
malawi,2006,1125.0
malawi,2007,1125.0
malawi,2008,1125.0
malawi,2009,1125.0
malawi,2010,1125.0
malawi,2011,1125.0
malawi,2012,1125.0
malawi,2013,1125.0
malawi,2014,1125.0
malawi,2015,1125.0
malawi,2016,1125.0
malawi,2017,1125.0
malawi,2018,1125.0
malawi,2019,1125.0
malawi,2020,1125.0
malawi,2021,1125.0
malawi,2022,1125.0
malaysia,1963,3039.0
malaysia,1964,3022.3
malaysia,1965,3005.7
malaysia,1966,2989.0
malaysia,1967,2972.3
malaysia,1968,2955.7
malaysia,1969,2939.0
malaysia,1970,2959.9
malaysia,1971,2980.8
malaysia,1972,3001.6
malaysia,1973,3022.5
malaysia,1974,3043.4
malaysia,1975,3064.3
malaysia,1976,3085.1
malaysia,1977,3106.0
malaysia,1978,3067.0
malaysia,1979,3028.0
malaysia,1980,2989.0
malaysia,1981,2950.0
malaysia,1982,2964.6
malaysia,1983,2979.2
malaysia,1984,2993.8
malaysia,1985,3008.4
malaysia,1986,3023.0
malaysia,1987,2960.6
malaysia,1988,2898.2
malaysia,1989,2835.8
malaysia,1990,2773.4
malaysia,1991,2711.0
malaysia,1992,2817.8
malaysia,1993,2924.6
malaysia,1994,3031.4
malaysia,1995,3138.2
malaysia,1996,3245.0
malaysia,1997,3234.8
malaysia,1998,3224.6
malaysia,1999,3214.4
malaysia,2000,3204.2
malaysia,2001,3194.0
malaysia,2002,3194.0
malaysia,2003,3194.0
malaysia,2004,3194.0
malaysia,2005,3194.0
malaysia,2006,3194.0
malaysia,2007,3194.0
malaysia,2008,3194.0
malaysia,2009,3194.0
malaysia,2010,3194.0
malaysia,2011,3194.0
malaysia,2012,3194.0
malaysia,2013,3194.0
malaysia,2014,3194.0
malaysia,2015,3194.0
malaysia,2016,3194.0
malaysia,2017,3194.0
malaysia,2018,3194.0
malaysia,2019,3194.0
malaysia,2020,3194.0
malaysia,2021,3194.0
malaysia,2022,3194.0
mali,1965,718.80
mali,1966,705.35
mali,1967,691.90
mali,1968,678.45
mali,1969,665.00
mali,1970,651.55
mali,1971,638.10
mali,1972,640.43
mali,1973,642.77
mali,1974,645.10
mali,1975,642.63
mali,1976,640.16
mali,1977,637.69
mali,1978,635.21
mali,1979,632.74
mali,1980,630.27
mali,1981,627.80
mali,1982,584.73
mali,1983,541.67
mali,1984,498.60
mali,1985,520.82
mali,1986,543.04
mali,1987,565.26
mali,1988,587.48
mali,1989,609.70
mali,1990,608.44
mali,1991,607.19
mali,1992,605.93
mali,1993,604.67
mali,1994,603.41
mali,1995,602.16
mali,1996,600.90
mali,1997,595.08
mali,1998,589.25
mali,1999,583.42
mali,2000,577.60
mali,2001,577.60
mali,2002,577.60
mali,2003,577.60
mali,2004,577.60
mali,2005,577.60
mali,2006,577.60
mali,2007,577.60
mali,2008,577.60
mali,2009,577.60
mali,2010,577.60
mali,2011,577.60
mali,2012,577.60
mali,2013,577.60
mali,2014,577.60
mali,2015,577.60
mali,2016,577.60
mali,2017,577.60
mali,2018,577.60
mali,2019,577.60
mali,2020,577.60
mali,2021,577.60
mali,2022,577.60
mauritania,1964,262.30
mauritania,1965,242.97
mauritania,1966,223.65
mauritania,1967,204.32
mauritania,1968,185.00
mauritania,1969,188.85
mauritania,1970,192.70
mauritania,1971,196.55
mauritania,1972,200.40
mauritania,1973,204.25
mauritania,1974,208.10
mauritania,1975,201.18
mauritania,1976,194.26
mauritania,1977,187.34
mauritania,1978,180.42
mauritania,1979,173.50
mauritania,1980,167.32
mauritania,1981,161.14
mauritania,1982,154.96
mauritania,1983,148.78
mauritania,1984,142.60
mauritania,1985,144.96
mauritania,1986,147.31
mauritania,1987,149.67
mauritania,1988,152.03
mauritania,1989,154.39
mauritania,1990,156.74
mauritania,1991,159.10
mauritania,1992,173.95
mauritania,1993,188.80
mauritania,1994,203.65
mauritania,1995,218.50
mauritania,1996,209.10
mauritania,1997,199.70
mauritania,1998,190.30
mauritania,1999,190.30
mauritania,2000,190.30
mauritania,2001,190.30
mauritania,2002,190.30
mauritania,2003,190.30
mauritania,2004,190.30
mauritania,2005,190.30
mauritania,2006,190.30
mauritania,2007,190.30
mauritania,2008,190.30
mauritania,2009,190.30
mauritania,2010,190.30
mauritania,2011,190.30
mauritania,2012,190.30
mauritania,2013,190.30
mauritania,2014,190.30
mauritania,2015,190.30
mauritania,2016,190.30
mauritania,2017,190.30
mauritania,2018,190.30
mauritania,2019,190.30
mauritania,2020,190.30
mauritania,2021,190.30
mauritania,2022,190.30
mexico,1965,1189.0
mexico,1966,1199.4
mexico,1967,1209.8
mexico,1968,1220.2
mexico,1969,1230.6
mexico,1970,1241.0
mexico,1971,1225.8
mexico,1972,1210.5
mexico,1973,1195.3
mexico,1974,1180.0
mexico,1975,1176.8
mexico,1976,1173.7
mexico,1977,1170.5
mexico,1978,1167.3
mexico,1979,1164.2
mexico,1980,1161.0
mexico,1981,1153.5
mexico,1982,1146.0
mexico,1983,1138.5
mexico,1984,1131.0
mexico,1985,1123.5
mexico,1986,1116.0
mexico,1987,1157.5
mexico,1988,1199.0
mexico,1989,1195.5
mexico,1990,1192.0
mexico,1991,1188.5
mexico,1992,1185.0
mexico,1993,1181.5
mexico,1994,1178.0
mexico,1995,1174.5
mexico,1996,1171.0
mexico,1997,1151.2
mexico,1998,1131.3
mexico,1999,1111.5
mexico,2000,1091.7
mexico,2001,1071.8
mexico,2002,1052.0
mexico,2003,1052.0
mexico,2004,1052.0
mexico,2005,1052.0
mexico,2006,1052.0
mexico,2007,1052.0
mexico,2008,1052.0
mexico,2009,1052.0
mexico,2010,1052.0
mexico,2011,1052.0
mexico,2012,1052.0
mexico,2013,1052.0
mexico,2014,1052.0
mexico,2015,1052.0
mexico,2016,1052.0
mexico,2017,1052.0
mexico,2018,1052.0
mexico,2019,1052.0
mexico,2020,1052.0
mexico,2021,1052.0
mexico,2022,1052.0
mongolia,1966,223.00
mongolia,1967,220.50
mongolia,1968,218.00
mongolia,1969,215.50
mongolia,1970,213.00
mongolia,1971,214.64
mongolia,1972,216.28
mongolia,1973,217.92
mongolia,1974,219.56
mongolia,1975,221.20
mongolia,1976,217.20
mongolia,1977,213.20
mongolia,1978,209.20
mongolia,1979,205.20
mongolia,1980,201.20
mongolia,1981,197.20
mongolia,1982,200.75
mongolia,1983,204.30
mongolia,1984,207.85
mongolia,1985,211.40
mongolia,1986,214.95
mongolia,1987,218.50
mongolia,1988,216.50
mongolia,1989,217.41
mongolia,1990,218.32
mongolia,1991,219.23
mongolia,1992,220.14
mongolia,1993,221.06
mongolia,1994,221.97
mongolia,1995,222.88
mongolia,1996,223.79
mongolia,1997,224.70
mongolia,1998,208.97
mongolia,1999,193.23
mongolia,2000,177.50
mongolia,2001,177.50
mongolia,2002,177.50
mongolia,2003,177.50
mongolia,2004,177.50
mongolia,2005,177.50
mongolia,2006,177.50
mongolia,2007,177.50
mongolia,2008,177.50
mongolia,2009,177.50
mongolia,2010,177.50
mongolia,2011,177.50
mongolia,2012,177.50
mongolia,2013,177.50
mongolia,2014,177.50
mongolia,2015,177.50
mongolia,2016,177.50
mongolia,2017,177.50
mongolia,2018,177.50
mongolia,2019,177.50
mongolia,2020,177.50
mongolia,2021,177.50
mongolia,2022,177.50
morocco,1967,386.90
morocco,1968,444.60
morocco,1969,429.61
morocco,1970,414.63
morocco,1971,399.64
morocco,1972,384.66
morocco,1973,369.67
morocco,1974,354.69
morocco,1975,339.70
morocco,1976,340.70
morocco,1977,341.70
morocco,1978,342.70
morocco,1979,343.70
morocco,1980,344.70
morocco,1981,345.70
morocco,1982,346.70
morocco,1983,321.13
morocco,1984,295.57
morocco,1985,270.00
morocco,1986,285.80
morocco,1987,301.60
morocco,1988,317.40
morocco,1989,314.28
morocco,1990,311.16
morocco,1991,308.04
morocco,1992,304.92
morocco,1993,301.80
morocco,1994,299.81
morocco,1995,297.83
morocco,1996,295.84
morocco,1997,293.86
morocco,1998,291.87
morocco,1999,289.89
morocco,2000,287.90
morocco,2001,287.90
morocco,2002,287.90
morocco,2003,287.90
morocco,2004,287.90
morocco,2005,287.90
morocco,2006,287.90
morocco,2007,287.90
morocco,2008,287.90
morocco,2009,287.90
morocco,2010,287.90
morocco,2011,287.90
morocco,2012,287.90
morocco,2013,287.90
morocco,2014,287.90
morocco,2015,287.90
morocco,2016,287.90
morocco,2017,287.90
morocco,2018,287.90
morocco,2019,287.90
morocco,2020,287.90
morocco,2021,287.90
morocco,2022,287.90
mozambique,1967,1039.0
mozambique,1968,1029.9
mozambique,1969,1020.7
mozambique,1970,1011.6
mozambique,1971,1002.4
mozambique,1972,993.30
mozambique,1973,970.03
mozambique,1974,946.77
mozambique,1975,923.50
mozambique,1976,943.92
mozambique,1977,964.33
mozambique,1978,984.75
mozambique,1979,1005.2
mozambique,1980,1025.6
mozambique,1981,1046.0
mozambique,1982,1022.4
mozambique,1983,998.73
mozambique,1984,975.10
mozambique,1985,965.18
mozambique,1986,955.27
mozambique,1987,945.35
mozambique,1988,935.43
mozambique,1989,925.52
mozambique,1990,915.60
mozambique,1991,904.40
mozambique,1992,893.20
mozambique,1993,882.00
mozambique,1994,899.57
mozambique,1995,917.14
mozambique,1996,934.71
mozambique,1997,952.29
mozambique,1998,969.86
mozambique,1999,987.43
mozambique,2000,1005.0
mozambique,2001,1005.0
mozambique,2002,1005.0
mozambique,2003,1005.0
mozambique,2004,1005.0
mozambique,2005,1005.0
mozambique,2006,1005.0
mozambique,2007,1005.0
mozambique,2008,1005.0
mozambique,2009,1005.0
mozambique,2010,1005.0
mozambique,2011,1005.0
mozambique,2012,1005.0
mozambique,2013,1005.0
mozambique,2014,1005.0
mozambique,2015,1005.0
mozambique,2016,1005.0
mozambique,2017,1005.0
mozambique,2018,1005.0
mozambique,2019,1005.0
mozambique,2020,1005.0
mozambique,2021,1005.0
mozambique,2022,1005.0
myanmar,1963,2651.0
myanmar,1964,2670.4
myanmar,1965,2689.8
myanmar,1966,2709.1
myanmar,1967,2728.5
myanmar,1968,2747.9
myanmar,1969,2767.3
myanmar,1970,2786.6
myanmar,1971,2806.0
myanmar,1972,2765.8
myanmar,1973,2725.6
myanmar,1974,2685.4
myanmar,1975,2645.2
myanmar,1976,2605.0
myanmar,1977,2575.2
myanmar,1978,2545.3
myanmar,1979,2515.5
myanmar,1980,2485.7
myanmar,1981,2455.8
myanmar,1982,2426.0
myanmar,1983,2337.4
myanmar,1984,2248.8
myanmar,1985,2160.2
myanmar,1986,2071.6
myanmar,1987,1983.0
myanmar,1988,2210.0
myanmar,1989,2437.0
myanmar,1990,2664.0
myanmar,1991,2657.8
myanmar,1992,2651.6
myanmar,1993,2645.4
myanmar,1994,2639.2
myanmar,1995,2633.0
myanmar,1996,2572.2
myanmar,1997,2511.4
myanmar,1998,2450.6
myanmar,1999,2389.8
myanmar,2000,2329.0
myanmar,2001,2329.0
myanmar,2002,2329.0
myanmar,2003,2329.0
myanmar,2004,2329.0
myanmar,2005,2329.0
myanmar,2006,2329.0
myanmar,2007,2329.0
myanmar,2008,2329.0
myanmar,2009,2329.0
myanmar,2010,2329.0
myanmar,2011,2329.0
myanmar,2012,2329.0
myanmar,2013,2329.0
myanmar,2014,2329.0
myanmar,2015,2329.0
myanmar,2016,2329.0
myanmar,2017,2329.0
myanmar,2018,2329.0
myanmar,2019,2329.0
myanmar,2020,2329.0
myanmar,2021,2329.0
myanmar,2022,2329.0
namibia,1966,370.90
namibia,1967,370.85
namibia,1968,370.80
namibia,1969,370.75
namibia,1970,370.70
namibia,1971,370.65
namibia,1972,370.60
namibia,1973,382.52
namibia,1974,394.44
namibia,1975,406.36
namibia,1976,418.28
namibia,1977,430.20
namibia,1978,387.55
namibia,1979,344.90
namibia,1980,337.98
namibia,1981,331.07
namibia,1982,324.15
namibia,1983,317.23
namibia,1984,310.32
namibia,1985,303.40
namibia,1986,307.54
namibia,1987,311.68
namibia,1988,315.82
namibia,1989,319.96
namibia,1990,324.10
namibia,1991,329.83
namibia,1992,335.57
namibia,1993,341.30
namibia,1994,341.04
namibia,1995,340.79
namibia,1996,340.53
namibia,1997,340.28
namibia,1998,340.02
namibia,1999,339.77
namibia,2000,339.51
namibia,2001,339.26
namibia,2002,339.00
namibia,2003,339.00
namibia,2004,339.00
namibia,2005,339.00
namibia,2006,339.00
namibia,2007,339.00
namibia,2008,339.00
namibia,2009,339.00
namibia,2010,339.00
namibia,2011,339.00
namibia,2012,339.00
namibia,2013,339.00
namibia,2014,339.00
namibia,2015,339.00
namibia,2016,339.00
namibia,2017,339.00
namibia,2018,339.00
namibia,2019,339.00
namibia,2020,339.00
namibia,2021,339.00
namibia,2022,339.00
nepal,1967,1630.0
nepal,1968,1665.0
nepal,1969,1700.0
nepal,1970,1735.0
nepal,1971,1716.5
nepal,1972,1698.0
nepal,1973,1679.5
nepal,1974,1661.0
nepal,1975,1660.7
nepal,1976,1660.3
nepal,1977,1660.0
nepal,1978,1659.7
nepal,1979,1659.3
nepal,1980,1659.0
nepal,1981,1693.0
nepal,1982,1727.0
nepal,1983,1761.0
nepal,1984,1743.0
nepal,1985,1725.0
nepal,1986,1707.0
nepal,1987,1689.0
nepal,1988,1671.0
nepal,1989,1653.0
nepal,1990,1640.2
nepal,1991,1627.3
nepal,1992,1614.5
nepal,1993,1601.7
nepal,1994,1588.8
nepal,1995,1576.0
nepal,1996,1605.2
nepal,1997,1634.3
nepal,1998,1663.5
nepal,1999,1692.7
nepal,2000,1721.8
nepal,2001,1751.0
nepal,2002,1751.0
nepal,2003,1751.0
nepal,2004,1751.0
nepal,2005,1751.0
nepal,2006,1751.0
nepal,2007,1751.0
nepal,2008,1751.0
nepal,2009,1751.0
nepal,2010,1751.0
nepal,2011,1751.0
nepal,2012,1751.0
nepal,2013,1751.0
nepal,2014,1751.0
nepal,2015,1751.0
nepal,2016,1751.0
nepal,2017,1751.0
nepal,2018,1751.0
nepal,2019,1751.0
nepal,2020,1751.0
nepal,2021,1751.0
nepal,2022,1751.0
netherlands_kingdom_of_the,1967,830.10
netherlands_kingdom_of_the,1968,765.35
netherlands_kingdom_of_the,1969,700.60
netherlands_kingdom_of_the,1970,706.00
netherlands_kingdom_of_the,1971,711.40
netherlands_kingdom_of_the,1972,716.80
netherlands_kingdom_of_the,1973,722.20
netherlands_kingdom_of_the,1974,743.02
netherlands_kingdom_of_the,1975,763.83
netherlands_kingdom_of_the,1976,784.65
netherlands_kingdom_of_the,1977,805.47
netherlands_kingdom_of_the,1978,826.28
netherlands_kingdom_of_the,1979,847.10
netherlands_kingdom_of_the,1980,831.58
netherlands_kingdom_of_the,1981,816.05
netherlands_kingdom_of_the,1982,800.52
netherlands_kingdom_of_the,1983,785.00
netherlands_kingdom_of_the,1984,776.40
netherlands_kingdom_of_the,1985,767.80
netherlands_kingdom_of_the,1986,759.20
netherlands_kingdom_of_the,1987,750.60
netherlands_kingdom_of_the,1988,742.00
netherlands_kingdom_of_the,1989,733.40
netherlands_kingdom_of_the,1990,724.80
netherlands_kingdom_of_the,1991,745.00
netherlands_kingdom_of_the,1992,765.20
netherlands_kingdom_of_the,1993,785.40
netherlands_kingdom_of_the,1994,805.60
netherlands_kingdom_of_the,1995,825.80
netherlands_kingdom_of_the,1996,835.41
netherlands_kingdom_of_the,1997,845.03
netherlands_kingdom_of_the,1998,854.64
netherlands_kingdom_of_the,1999,864.26
netherlands_kingdom_of_the,2000,873.87
netherlands_kingdom_of_the,2001,883.49
netherlands_kingdom_of_the,2002,893.10
netherlands_kingdom_of_the,2003,893.10
netherlands_kingdom_of_the,2004,893.10
netherlands_kingdom_of_the,2005,893.10
netherlands_kingdom_of_the,2006,893.10
netherlands_kingdom_of_the,2007,893.10
netherlands_kingdom_of_the,2008,893.10
netherlands_kingdom_of_the,2009,893.10
netherlands_kingdom_of_the,2010,893.10
netherlands_kingdom_of_the,2011,893.10
netherlands_kingdom_of_the,2012,893.10
netherlands_kingdom_of_the,2013,893.10
netherlands_kingdom_of_the,2014,893.10
netherlands_kingdom_of_the,2015,893.10
netherlands_kingdom_of_the,2016,893.10
netherlands_kingdom_of_the,2017,893.10
netherlands_kingdom_of_the,2018,893.10
netherlands_kingdom_of_the,2019,893.10
netherlands_kingdom_of_the,2020,893.10
netherlands_kingdom_of_the,2021,893.10
netherlands_kingdom_of_the,2022,893.10
new_zealand,1966,1394.0
new_zealand,1967,1386.2
new_zealand,1968,1378.3
new_zealand,1969,1370.5
new_zealand,1970,1362.7
new_zealand,1971,1354.8
new_zealand,1972,1347.0
new_zealand,1973,1344.0
new_zealand,1974,1341.0
new_zealand,1975,1338.0
new_zealand,1976,1335.0
new_zealand,1977,1327.8
new_zealand,1978,1320.6
new_zealand,1979,1313.4
new_zealand,1980,1306.2
new_zealand,1981,1299.0
new_zealand,1982,1297.2
new_zealand,1983,1295.3
new_zealand,1984,1293.5
new_zealand,1985,1291.7
new_zealand,1986,1289.8
new_zealand,1987,1288.0
new_zealand,1988,1329.3
new_zealand,1989,1370.7
new_zealand,1990,1412.0
new_zealand,1991,1401.0
new_zealand,1992,1390.0
new_zealand,1993,1379.0
new_zealand,1994,1368.0
new_zealand,1995,1357.0
new_zealand,1996,1346.0
new_zealand,1997,1335.0
new_zealand,1998,1244.5
new_zealand,1999,1154.0
new_zealand,2000,1154.0
new_zealand,2001,1154.0
new_zealand,2002,1154.0
new_zealand,2003,1154.0
new_zealand,2004,1154.0
new_zealand,2005,1154.0
new_zealand,2006,1154.0
new_zealand,2007,1154.0
new_zealand,2008,1154.0
new_zealand,2009,1154.0
new_zealand,2010,1154.0
new_zealand,2011,1154.0
new_zealand,2012,1154.0
new_zealand,2013,1154.0
new_zealand,2014,1154.0
new_zealand,2015,1154.0
new_zealand,2016,1154.0
new_zealand,2017,1154.0
new_zealand,2018,1154.0
new_zealand,2019,1154.0
new_zealand,2020,1154.0
new_zealand,2021,1154.0
new_zealand,2022,1154.0
nicaragua,1963,2388.0
nicaragua,1964,2377.4
nicaragua,1965,2366.9
nicaragua,1966,2356.3
nicaragua,1967,2345.8
nicaragua,1968,2335.2
nicaragua,1969,2324.7
nicaragua,1970,2314.1
nicaragua,1971,2303.6
nicaragua,1972,2293.0
nicaragua,1973,2260.7
nicaragua,1974,2228.3
nicaragua,1975,2196.0
nicaragua,1976,2290.2
nicaragua,1977,2384.3
nicaragua,1978,2478.5
nicaragua,1979,2572.7
nicaragua,1980,2666.8
nicaragua,1981,2761.0
nicaragua,1982,2646.4
nicaragua,1983,2531.8
nicaragua,1984,2417.2
nicaragua,1985,2302.6
nicaragua,1986,2188.0
nicaragua,1987,2193.5
nicaragua,1988,2199.0
nicaragua,1989,2204.5
nicaragua,1990,2210.0
nicaragua,1991,2215.5
nicaragua,1992,2221.0
nicaragua,1993,2188.3
nicaragua,1994,2155.7
nicaragua,1995,2123.0
nicaragua,1996,2095.5
nicaragua,1997,2068.0
nicaragua,1998,2040.5
nicaragua,1999,2013.0
nicaragua,2000,2013.0
nicaragua,2001,2013.0
nicaragua,2002,2013.0
nicaragua,2003,2013.0
nicaragua,2004,2013.0
nicaragua,2005,2013.0
nicaragua,2006,2013.0
nicaragua,2007,2013.0
nicaragua,2008,2013.0
nicaragua,2009,2013.0
nicaragua,2010,2013.0
nicaragua,2011,2013.0
nicaragua,2012,2013.0
nicaragua,2013,2013.0
nicaragua,2014,2013.0
nicaragua,2015,2013.0
nicaragua,2016,2013.0
nicaragua,2017,2013.0
nicaragua,2018,2013.0
nicaragua,2019,2013.0
nicaragua,2020,2013.0
nicaragua,2021,2013.0
nicaragua,2022,2013.0
niger,1967,397.80
niger,1968,316.20
niger,1969,317.34
niger,1970,318.48
niger,1971,319.61
niger,1972,320.75
niger,1973,321.89
niger,1974,323.02
niger,1975,324.16
niger,1976,325.30
niger,1977,326.10
niger,1978,326.90
niger,1979,327.70
niger,1980,318.68
niger,1981,309.67
niger,1982,300.65
niger,1983,291.63
niger,1984,282.62
niger,1985,273.60
niger,1986,284.03
niger,1987,294.46
niger,1988,304.89
niger,1989,315.31
niger,1990,325.74
niger,1991,336.17
niger,1992,346.60
niger,1993,338.23
niger,1994,329.87
niger,1995,321.50
niger,1996,319.65
niger,1997,317.80
niger,1998,315.95
niger,1999,314.10
niger,2000,312.25
niger,2001,310.40
niger,2002,310.40
niger,2003,310.40
niger,2004,310.40
niger,2005,310.40
niger,2006,310.40
niger,2007,310.40
niger,2008,310.40
niger,2009,310.40
niger,2010,310.40
niger,2011,310.40
niger,2012,310.40
niger,2013,310.40
niger,2014,310.40
niger,2015,310.40
niger,2016,310.40
niger,2017,310.40
niger,2018,310.40
niger,2019,310.40
niger,2020,310.40
niger,2021,310.40
niger,2022,310.40
nigeria,1965,1420.0
nigeria,1966,1404.4
nigeria,1967,1388.8
nigeria,1968,1373.2
nigeria,1969,1357.6
nigeria,1970,1342.0
nigeria,1971,1343.2
nigeria,1972,1344.3
nigeria,1973,1345.5
nigeria,1974,1346.7
nigeria,1975,1347.8
nigeria,1976,1349.0
nigeria,1977,1369.7
nigeria,1978,1390.3
nigeria,1979,1411.0
nigeria,1980,1391.1
nigeria,1981,1371.3
nigeria,1982,1351.4
nigeria,1983,1331.6
nigeria,1984,1311.7
nigeria,1985,1291.9
nigeria,1986,1272.0
nigeria,1987,1291.8
nigeria,1988,1311.5
nigeria,1989,1331.3
nigeria,1990,1351.0
nigeria,1991,1353.0
nigeria,1992,1355.0
nigeria,1993,1357.0
nigeria,1994,1359.0
nigeria,1995,1361.0
nigeria,1996,1363.0
nigeria,1997,1365.0
nigeria,1998,1347.5
nigeria,1999,1330.0
nigeria,2000,1312.5
nigeria,2001,1295.0
nigeria,2002,1295.0
nigeria,2003,1295.0
nigeria,2004,1295.0
nigeria,2005,1295.0
nigeria,2006,1295.0
nigeria,2007,1295.0
nigeria,2008,1295.0
nigeria,2009,1295.0
nigeria,2010,1295.0
nigeria,2011,1295.0
nigeria,2012,1295.0
nigeria,2013,1295.0
nigeria,2014,1295.0
nigeria,2015,1295.0
nigeria,2016,1295.0
nigeria,2017,1295.0
nigeria,2018,1295.0
nigeria,2019,1295.0
nigeria,2020,1295.0
nigeria,2021,1295.0
nigeria,2022,1295.0
north_macedonia,1992,559.11
north_macedonia,1993,561.89
north_macedonia,1994,564.67
north_macedonia,1995,567.44
north_macedonia,1996,570.22
north_macedonia,1997,573.00
north_macedonia,1998,621.50
north_macedonia,1999,621.50
north_macedonia,2000,621.50
north_macedonia,2001,621.50
north_macedonia,2002,621.50
north_macedonia,2003,621.50
north_macedonia,2004,621.50
north_macedonia,2005,621.50
north_macedonia,2006,621.50
north_macedonia,2007,621.50
north_macedonia,2008,621.50
north_macedonia,2009,621.50
north_macedonia,2010,621.50
north_macedonia,2011,621.50
north_macedonia,2012,621.50
north_macedonia,2013,621.50
north_macedonia,2014,621.50
north_macedonia,2015,621.50
north_macedonia,2016,621.50
north_macedonia,2017,621.50
north_macedonia,2018,621.50
north_macedonia,2019,621.50
north_macedonia,2020,621.50
north_macedonia,2021,621.50
north_macedonia,2022,621.50
norway,1966,1237.0
norway,1967,1220.3
norway,1968,1203.7
norway,1969,1187.0
norway,1970,1198.4
norway,1971,1209.8
norway,1972,1221.2
norway,1973,1232.6
norway,1974,1244.0
norway,1975,1249.7
norway,1976,1255.4
norway,1977,1261.1
norway,1978,1266.9
norway,1979,1272.6
norway,1980,1278.3
norway,1981,1284.0
norway,1982,1293.3
norway,1983,1302.5
norway,1984,1311.8
norway,1985,1321.0
norway,1986,1411.3
norway,1987,1501.5
norway,1988,1591.8
norway,1989,1682.0
norway,1990,1620.2
norway,1991,1558.4
norway,1992,1496.6
norway,1993,1434.8
norway,1994,1373.0
norway,1995,1383.3
norway,1996,1393.5
norway,1997,1403.8
norway,1998,1414.0
norway,1999,1414.0
norway,2000,1414.0
norway,2001,1414.0
norway,2002,1414.0
norway,2003,1414.0
norway,2004,1414.0
norway,2005,1414.0
norway,2006,1414.0
norway,2007,1414.0
norway,2008,1414.0
norway,2009,1414.0
norway,2010,1414.0
norway,2011,1414.0
norway,2012,1414.0
norway,2013,1414.0
norway,2014,1414.0
norway,2015,1414.0
norway,2016,1414.0
norway,2017,1414.0
norway,2018,1414.0
norway,2019,1414.0
norway,2020,1414.0
norway,2021,1414.0
norway,2022,1414.0
oman,1966,75.530
oman,1967,72.424
oman,1968,69.318
oman,1969,66.212
oman,1970,63.106
oman,1971,60.000
oman,1972,55.270
oman,1973,50.540
oman,1974,47.124
oman,1975,43.708
oman,1976,40.292
oman,1977,36.876
oman,1978,33.460
oman,1979,35.666
oman,1980,37.873
oman,1981,40.079
oman,1982,42.285
oman,1983,44.491
oman,1984,46.697
oman,1985,48.904
oman,1986,51.110
oman,1987,49.227
oman,1988,47.343
oman,1989,45.460
oman,1990,56.633
oman,1991,67.807
oman,1992,78.980
oman,1993,90.153
oman,1994,101.33
oman,1995,112.50
oman,1996,82.813
oman,1997,53.127
oman,1998,23.440
oman,1999,23.440
oman,2000,23.440
oman,2001,23.440
oman,2002,23.440
oman,2003,23.440
oman,2004,23.440
oman,2005,23.440
oman,2006,23.440
oman,2007,23.440
oman,2008,23.440
oman,2009,23.440
oman,2010,23.440
oman,2011,23.440
oman,2012,23.440
oman,2013,23.440
oman,2014,23.440
oman,2015,23.440
oman,2016,23.440
oman,2017,23.440
oman,2018,23.440
oman,2019,23.440
oman,2020,23.440
oman,2021,23.440
oman,2022,23.440
pakistan,1964,466.30
pakistan,1965,456.50
pakistan,1966,446.70
pakistan,1967,436.90
pakistan,1968,427.10
pakistan,1969,444.27
pakistan,1970,461.44
pakistan,1971,478.61
pakistan,1972,495.79
pakistan,1973,512.96
pakistan,1974,530.13
pakistan,1975,547.30
pakistan,1976,545.48
pakistan,1977,543.65
pakistan,1978,541.83
pakistan,1979,540.00
pakistan,1980,540.57
pakistan,1981,541.14
pakistan,1982,541.71
pakistan,1983,542.29
pakistan,1984,542.86
pakistan,1985,543.43
pakistan,1986,544.00
pakistan,1987,547.02
pakistan,1988,550.05
pakistan,1989,553.08
pakistan,1990,556.10
pakistan,1991,552.55
pakistan,1992,549.00
pakistan,1993,545.45
pakistan,1994,541.90
pakistan,1995,495.32
pakistan,1996,448.75
pakistan,1997,402.18
pakistan,1998,355.60
pakistan,1999,355.60
pakistan,2000,355.60
pakistan,2001,355.60
pakistan,2002,355.60
pakistan,2003,355.60
pakistan,2004,355.60
pakistan,2005,355.60
pakistan,2006,355.60
pakistan,2007,355.60
pakistan,2008,355.60
pakistan,2009,355.60
pakistan,2010,355.60
pakistan,2011,355.60
pakistan,2012,355.60
pakistan,2013,355.60
pakistan,2014,355.60
pakistan,2015,355.60
pakistan,2016,355.60
pakistan,2017,355.60
pakistan,2018,355.60
pakistan,2019,355.60
pakistan,2020,355.60
pakistan,2021,355.60
pakistan,2022,355.60
panama,1963,2536.0
panama,1964,2524.9
panama,1965,2513.8
panama,1966,2502.7
panama,1967,2491.6
panama,1968,2480.4
panama,1969,2469.3
panama,1970,2458.2
panama,1971,2447.1
panama,1972,2436.0
panama,1973,2478.0
panama,1974,2520.0
panama,1975,2495.2
panama,1976,2470.4
panama,1977,2445.6
panama,1978,2420.8
panama,1979,2396.0
panama,1980,2376.3
panama,1981,2356.6
panama,1982,2336.9
panama,1983,2317.1
panama,1984,2297.4
panama,1985,2277.7
panama,1986,2258.0
panama,1987,2299.8
panama,1988,2341.6
panama,1989,2383.4
panama,1990,2425.2
panama,1991,2467.0
panama,1992,2444.0
panama,1993,2421.0
panama,1994,2398.0
panama,1995,2375.0
panama,1996,2352.0
panama,1997,2329.0
panama,1998,2461.0
panama,1999,2461.0
panama,2000,2461.0
panama,2001,2461.0
panama,2002,2461.0
panama,2003,2461.0
panama,2004,2461.0
panama,2005,2461.0
panama,2006,2461.0
panama,2007,2461.0
panama,2008,2461.0
panama,2009,2461.0
panama,2010,2461.0
panama,2011,2461.0
panama,2012,2461.0
panama,2013,2461.0
panama,2014,2461.0
panama,2015,2461.0
panama,2016,2461.0
panama,2017,2461.0
panama,2018,2461.0
panama,2019,2461.0
panama,2020,2461.0
panama,2021,2461.0
panama,2022,2461.0
papua_new_guinea,1964,3246.0
papua_new_guinea,1965,3269.3
papua_new_guinea,1966,3292.7
papua_new_guinea,1967,3316.0
papua_new_guinea,1968,3339.3
papua_new_guinea,1969,3362.7
papua_new_guinea,1970,3386.0
papua_new_guinea,1971,3339.8
papua_new_guinea,1972,3293.5
papua_new_guinea,1973,3247.3
papua_new_guinea,1974,3201.0
papua_new_guinea,1975,3203.6
papua_new_guinea,1976,3206.2
papua_new_guinea,1977,3208.8
papua_new_guinea,1978,3211.4
papua_new_guinea,1979,3214.0
papua_new_guinea,1980,3215.5
papua_new_guinea,1981,3217.0
papua_new_guinea,1982,3218.5
papua_new_guinea,1983,3220.0
papua_new_guinea,1984,3221.5
papua_new_guinea,1985,3223.0
papua_new_guinea,1986,3225.8
papua_new_guinea,1987,3228.6
papua_new_guinea,1988,3231.4
papua_new_guinea,1989,3234.2
papua_new_guinea,1990,3237.0
papua_new_guinea,1991,3185.8
papua_new_guinea,1992,3134.6
papua_new_guinea,1993,3083.4
papua_new_guinea,1994,3032.2
papua_new_guinea,1995,2981.0
papua_new_guinea,1996,3034.8
papua_new_guinea,1997,3088.6
papua_new_guinea,1998,3142.4
papua_new_guinea,1999,3196.2
papua_new_guinea,2000,3250.0
papua_new_guinea,2001,3250.0
papua_new_guinea,2002,3250.0
papua_new_guinea,2003,3250.0
papua_new_guinea,2004,3250.0
papua_new_guinea,2005,3250.0
papua_new_guinea,2006,3250.0
papua_new_guinea,2007,3250.0
papua_new_guinea,2008,3250.0
papua_new_guinea,2009,3250.0
papua_new_guinea,2010,3250.0
papua_new_guinea,2011,3250.0
papua_new_guinea,2012,3250.0
papua_new_guinea,2013,3250.0
papua_new_guinea,2014,3250.0
papua_new_guinea,2015,3250.0
papua_new_guinea,2016,3250.0
papua_new_guinea,2017,3250.0
papua_new_guinea,2018,3250.0
papua_new_guinea,2019,3250.0
papua_new_guinea,2020,3250.0
papua_new_guinea,2021,3250.0
papua_new_guinea,2022,3250.0
paraguay,1963,1123.0
paraguay,1964,1118.9
paraguay,1965,1114.7
paraguay,1966,1110.6
paraguay,1967,1106.4
paraguay,1968,1102.3
paraguay,1969,1098.1
paraguay,1970,1094.0
paraguay,1971,1102.2
paraguay,1972,1110.3
paraguay,1973,1118.5
paraguay,1974,1126.7
paraguay,1975,1134.8
paraguay,1976,1143.0
paraguay,1977,1149.8
paraguay,1978,1156.6
paraguay,1979,1163.4
paraguay,1980,1170.2
paraguay,1981,1177.0
paraguay,1982,1206.8
paraguay,1983,1236.5
paraguay,1984,1266.3
paraguay,1985,1296.0
paraguay,1986,1284.8
paraguay,1987,1273.6
paraguay,1988,1262.4
paraguay,1989,1251.2
paraguay,1990,1240.0
paraguay,1991,1219.8
paraguay,1992,1199.5
paraguay,1993,1179.3
paraguay,1994,1159.0
paraguay,1995,1168.9
paraguay,1996,1178.7
paraguay,1997,1188.6
paraguay,1998,1198.4
paraguay,1999,1208.3
paraguay,2000,1218.1
paraguay,2001,1228.0
paraguay,2002,1228.0
paraguay,2003,1228.0
paraguay,2004,1228.0
paraguay,2005,1228.0
paraguay,2006,1228.0
paraguay,2007,1228.0
paraguay,2008,1228.0
paraguay,2009,1228.0
paraguay,2010,1228.0
paraguay,2011,1228.0
paraguay,2012,1228.0
paraguay,2013,1228.0
paraguay,2014,1228.0
paraguay,2015,1228.0
paraguay,2016,1228.0
paraguay,2017,1228.0
paraguay,2018,1228.0
paraguay,2019,1228.0
paraguay,2020,1228.0
paraguay,2021,1228.0
paraguay,2022,1228.0
peru,1967,2179.0
peru,1968,2215.7
peru,1969,2252.3
peru,1970,2289.0
peru,1971,2352.3
peru,1972,2415.7
peru,1973,2479.0
peru,1974,2453.8
peru,1975,2428.6
peru,1976,2403.4
peru,1977,2378.2
peru,1978,2353.0
peru,1979,2333.3
peru,1980,2313.7
peru,1981,2294.0
peru,1982,2274.3
peru,1983,2254.7
peru,1984,2235.0
peru,1985,2210.0
peru,1986,2185.0
peru,1987,2160.0
peru,1988,2135.0
peru,1989,2110.0
peru,1990,2085.0
peru,1991,2093.4
peru,1992,2101.8
peru,1993,2110.2
peru,1994,2118.6
peru,1995,2127.0
peru,1996,2147.4
peru,1997,2167.8
peru,1998,2188.2
peru,1999,2208.6
peru,2000,2229.0
peru,2001,2229.0
peru,2002,2229.0
peru,2003,2229.0
peru,2004,2229.0
peru,2005,2229.0
peru,2006,2229.0
peru,2007,2229.0
peru,2008,2229.0
peru,2009,2229.0
peru,2010,2229.0
peru,2011,2229.0
peru,2012,2229.0
peru,2013,2229.0
peru,2014,2229.0
peru,2015,2229.0
peru,2016,2229.0
peru,2017,2229.0
peru,2018,2229.0
peru,2019,2229.0
peru,2020,2229.0
peru,2021,2229.0
peru,2022,2229.0
philippines,1965,2437.0
philippines,1966,2440.4
philippines,1967,2443.9
philippines,1968,2447.3
philippines,1969,2450.7
philippines,1970,2454.1
philippines,1971,2457.6
philippines,1972,2461.0
philippines,1973,2488.4
philippines,1974,2515.8
philippines,1975,2543.2
philippines,1976,2570.6
philippines,1977,2598.0
philippines,1978,2484.3
philippines,1979,2370.5
philippines,1980,2256.8
philippines,1981,2143.0
philippines,1982,2201.5
philippines,1983,2260.0
philippines,1984,2318.5
philippines,1985,2377.0
philippines,1986,2353.4
philippines,1987,2329.8
philippines,1988,2306.2
philippines,1989,2282.6
philippines,1990,2259.0
philippines,1991,2207.3
philippines,1992,2155.5
philippines,1993,2103.8
philippines,1994,2052.0
philippines,1995,2136.0
philippines,1996,2220.0
philippines,1997,2304.0
philippines,1998,2388.0
philippines,1999,2472.0
philippines,2000,2556.0
philippines,2001,2640.0
philippines,2002,2640.0
philippines,2003,2640.0
philippines,2004,2640.0
philippines,2005,2640.0
philippines,2006,2640.0
philippines,2007,2640.0
philippines,2008,2640.0
philippines,2009,2640.0
philippines,2010,2640.0
philippines,2011,2640.0
philippines,2012,2640.0
philippines,2013,2640.0
philippines,2014,2640.0
philippines,2015,2640.0
philippines,2016,2640.0
philippines,2017,2640.0
philippines,2018,2640.0
philippines,2019,2640.0
philippines,2020,2640.0
philippines,2021,2640.0
philippines,2022,2640.0
poland,1965,612.60
poland,1966,608.53
poland,1967,604.46
poland,1968,600.39
poland,1969,596.31
poland,1970,592.24
poland,1971,588.17
poland,1972,584.10
poland,1973,544.10
poland,1974,558.14
poland,1975,572.18
poland,1976,586.22
poland,1977,600.26
poland,1978,614.30
poland,1979,605.94
poland,1980,597.58
poland,1981,589.21
poland,1982,580.85
poland,1983,572.49
poland,1984,564.13
poland,1985,555.76
poland,1986,547.40
poland,1987,549.88
poland,1988,552.35
poland,1989,554.83
poland,1990,557.30
poland,1991,560.92
poland,1992,564.54
poland,1993,568.16
poland,1994,571.78
poland,1995,575.40
poland,1996,580.50
poland,1997,585.60
poland,1998,590.70
poland,1999,595.80
poland,2000,600.90
poland,2001,600.90
poland,2002,600.90
poland,2003,600.90
poland,2004,600.90
poland,2005,600.90
poland,2006,600.90
poland,2007,600.90
poland,2008,600.90
poland,2009,600.90
poland,2010,600.90
poland,2011,600.90
poland,2012,600.90
poland,2013,600.90
poland,2014,600.90
poland,2015,600.90
poland,2016,600.90
poland,2017,600.90
poland,2018,600.90
poland,2019,600.90
poland,2020,600.90
poland,2021,600.90
poland,2022,600.90
portugal,1965,1104.0
portugal,1966,1078.3
portugal,1967,1052.7
portugal,1968,1027.0
portugal,1969,1000.4
portugal,1970,973.70
portugal,1971,947.05
portugal,1972,920.40
portugal,1973,893.75
portugal,1974,867.10
portugal,1975,860.49
portugal,1976,853.87
portugal,1977,847.26
portugal,1978,840.64
portugal,1979,834.03
portugal,1980,827.41
portugal,1981,820.80
portugal,1982,869.60
portugal,1983,918.40
portugal,1984,967.20
portugal,1985,1016.0
portugal,1986,959.10
portugal,1987,902.20
portugal,1988,845.30
portugal,1989,788.40
portugal,1990,731.50
portugal,1991,774.68
portugal,1992,817.86
portugal,1993,861.04
portugal,1994,904.22
portugal,1995,947.40
portugal,1996,942.95
portugal,1997,938.50
portugal,1998,934.05
portugal,1999,929.60
portugal,2000,925.15
portugal,2001,920.70
portugal,2002,920.70
portugal,2003,920.70
portugal,2004,920.70
portugal,2005,920.70
portugal,2006,920.70
portugal,2007,920.70
portugal,2008,920.70
portugal,2009,920.70
portugal,2010,920.70
portugal,2011,920.70
portugal,2012,920.70
portugal,2013,920.70
portugal,2014,920.70
portugal,2015,920.70
portugal,2016,920.70
portugal,2017,920.70
portugal,2018,920.70
portugal,2019,920.70
portugal,2020,920.70
portugal,2021,920.70
portugal,2022,920.70
puerto_rico,1966,1395.0
puerto_rico,1967,1400.5
puerto_rico,1968,1406.0
puerto_rico,1969,1411.5
puerto_rico,1970,1417.0
puerto_rico,1971,1422.5
puerto_rico,1972,1428.0
puerto_rico,1973,1431.0
puerto_rico,1974,1434.0
puerto_rico,1975,1437.0
puerto_rico,1976,1528.3
puerto_rico,1977,1619.7
puerto_rico,1978,1711.0
puerto_rico,1979,1671.9
puerto_rico,1980,1632.7
puerto_rico,1981,1593.6
puerto_rico,1982,1554.4
puerto_rico,1983,1515.3
puerto_rico,1984,1476.1
puerto_rico,1985,1437.0
puerto_rico,1986,1425.0
puerto_rico,1987,1413.0
puerto_rico,1988,1401.0
puerto_rico,1989,1389.0
puerto_rico,1990,1316.0
puerto_rico,1991,1243.0
puerto_rico,1992,1170.0
puerto_rico,1993,1097.0
puerto_rico,1994,1024.0
puerto_rico,1995,1033.9
puerto_rico,1996,1043.7
puerto_rico,1997,1053.6
puerto_rico,1998,1063.4
puerto_rico,1999,1073.3
puerto_rico,2000,1083.1
puerto_rico,2001,1093.0
puerto_rico,2002,1093.0
puerto_rico,2003,1093.0
puerto_rico,2004,1093.0
puerto_rico,2005,1093.0
puerto_rico,2006,1093.0
puerto_rico,2007,1093.0
puerto_rico,2008,1093.0
puerto_rico,2009,1093.0
puerto_rico,2010,1093.0
puerto_rico,2011,1093.0
puerto_rico,2012,1093.0
puerto_rico,2013,1093.0
puerto_rico,2014,1093.0
puerto_rico,2015,1093.0
puerto_rico,2016,1093.0
puerto_rico,2017,1093.0
puerto_rico,2018,1093.0
puerto_rico,2019,1093.0
puerto_rico,2020,1093.0
puerto_rico,2021,1093.0
puerto_rico,2022,1093.0
qatar,1965,63.000
qatar,1966,66.000
qatar,1967,69.000
qatar,1968,72.000
qatar,1969,70.714
qatar,1970,69.429
qatar,1971,68.143
qatar,1972,66.857
qatar,1973,65.571
qatar,1974,64.286
qatar,1975,63.000
qatar,1976,57.600
qatar,1977,52.200
qatar,1978,46.800
qatar,1979,41.400
qatar,1980,36.000
qatar,1981,39.938
qatar,1982,43.875
qatar,1983,47.813
qatar,1984,51.750
qatar,1985,55.688
qatar,1986,59.625
qatar,1987,63.563
qatar,1988,67.500
qatar,1989,71.438
qatar,1990,75.375
qatar,1991,79.313
qatar,1992,83.250
qatar,1993,87.188
qatar,1994,91.125
qatar,1995,95.063
qatar,1996,99.000
qatar,1997,67.500
qatar,1998,36.000
qatar,1999,36.000
qatar,2000,36.000
qatar,2001,36.000
qatar,2002,36.000
qatar,2003,36.000
qatar,2004,36.000
qatar,2005,36.000
qatar,2006,36.000
qatar,2007,36.000
qatar,2008,36.000
qatar,2009,36.000
qatar,2010,36.000
qatar,2011,36.000
qatar,2012,36.000
qatar,2013,36.000
qatar,2014,36.000
qatar,2015,36.000
qatar,2016,36.000
qatar,2017,36.000
qatar,2018,36.000
qatar,2019,36.000
qatar,2020,36.000
qatar,2021,36.000
qatar,2022,36.000
republic_of_moldova,1992,538.70
republic_of_moldova,1993,557.67
republic_of_moldova,1994,576.63
republic_of_moldova,1995,595.60
republic_of_moldova,1996,587.84
republic_of_moldova,1997,580.09
republic_of_moldova,1998,572.33
republic_of_moldova,1999,564.57
republic_of_moldova,2000,556.81
republic_of_moldova,2001,549.06
republic_of_moldova,2002,541.30
republic_of_moldova,2003,541.30
republic_of_moldova,2004,541.30
republic_of_moldova,2005,541.30
republic_of_moldova,2006,541.30
republic_of_moldova,2007,541.30
republic_of_moldova,2008,541.30
republic_of_moldova,2009,541.30
republic_of_moldova,2010,541.30
republic_of_moldova,2011,541.30
republic_of_moldova,2012,541.30
republic_of_moldova,2013,541.30
republic_of_moldova,2014,541.30
republic_of_moldova,2015,541.30
republic_of_moldova,2016,541.30
republic_of_moldova,2017,541.30
republic_of_moldova,2018,541.30
republic_of_moldova,2019,541.30
republic_of_moldova,2020,541.30
republic_of_moldova,2021,541.30
republic_of_moldova,2022,541.30
romania,1965,607.10
romania,1966,623.31
romania,1967,639.53
romania,1968,655.74
romania,1969,671.96
romania,1970,688.17
romania,1971,704.39
romania,1972,720.60
romania,1973,704.80
romania,1974,689.00
romania,1975,673.20
romania,1976,657.40
romania,1977,641.60
romania,1978,725.10
romania,1979,705.96
romania,1980,686.81
romania,1981,667.67
romania,1982,648.52
romania,1983,629.38
romania,1984,610.23
romania,1985,591.09
romania,1986,571.94
romania,1987,552.80
romania,1988,567.15
romania,1989,581.50
romania,1990,592.54
romania,1991,603.59
romania,1992,614.63
romania,1993,625.67
romania,1994,636.71
romania,1995,647.76
romania,1996,658.80
romania,1997,656.52
romania,1998,654.24
romania,1999,651.96
romania,2000,649.68
romania,2001,647.40
romania,2002,647.40
romania,2003,647.40
romania,2004,647.40
romania,2005,647.40
romania,2006,647.40
romania,2007,647.40
romania,2008,647.40
romania,2009,647.40
romania,2010,647.40
romania,2011,647.40
romania,2012,647.40
romania,2013,647.40
romania,2014,647.40
romania,2015,647.40
romania,2016,647.40
romania,2017,647.40
romania,2018,647.40
romania,2019,647.40
romania,2020,647.40
romania,2021,647.40
romania,2022,647.40
russian_federation,1992,478.93
russian_federation,1993,484.15
russian_federation,1994,489.38
russian_federation,1995,494.60
russian_federation,1996,493.54
russian_federation,1997,492.48
russian_federation,1998,491.42
russian_federation,1999,490.36
russian_federation,2000,489.30
russian_federation,2001,489.30
russian_federation,2002,489.30
russian_federation,2003,489.30
russian_federation,2004,489.30
russian_federation,2005,489.30
russian_federation,2006,489.30
russian_federation,2007,489.30
russian_federation,2008,489.30
russian_federation,2009,489.30
russian_federation,2010,489.30
russian_federation,2011,489.30
russian_federation,2012,489.30
russian_federation,2013,489.30
russian_federation,2014,489.30
russian_federation,2015,489.30
russian_federation,2016,489.30
russian_federation,2017,489.30
russian_federation,2018,489.30
russian_federation,2019,489.30
russian_federation,2020,489.30
russian_federation,2021,489.30
russian_federation,2022,489.30
rwanda,1967,1070.0
rwanda,1968,1069.0
rwanda,1969,1068.0
rwanda,1970,1067.0
rwanda,1971,1060.8
rwanda,1972,1054.5
rwanda,1973,1048.3
rwanda,1974,1042.0
rwanda,1975,1036.9
rwanda,1976,1031.7
rwanda,1977,1026.6
rwanda,1978,1021.4
rwanda,1979,1016.3
rwanda,1980,1011.1
rwanda,1981,1006.0
rwanda,1982,1012.0
rwanda,1983,1018.0
rwanda,1984,1024.0
rwanda,1985,1030.0
rwanda,1986,1036.0
rwanda,1987,1036.3
rwanda,1988,1036.5
rwanda,1989,1036.8
rwanda,1990,1037.0
rwanda,1991,1043.2
rwanda,1992,1049.4
rwanda,1993,1055.6
rwanda,1994,1061.8
rwanda,1995,1068.0
rwanda,1996,1065.3
rwanda,1997,1062.7
rwanda,1998,1060.0
rwanda,1999,1057.3
rwanda,2000,1054.7
rwanda,2001,1052.0
rwanda,2002,1052.0
rwanda,2003,1052.0
rwanda,2004,1052.0
rwanda,2005,1052.0
rwanda,2006,1052.0
rwanda,2007,1052.0
rwanda,2008,1052.0
rwanda,2009,1052.0
rwanda,2010,1052.0
rwanda,2011,1052.0
rwanda,2012,1052.0
rwanda,2013,1052.0
rwanda,2014,1052.0
rwanda,2015,1052.0
rwanda,2016,1052.0
rwanda,2017,1052.0
rwanda,2018,1052.0
rwanda,2019,1052.0
rwanda,2020,1052.0
rwanda,2021,1052.0
rwanda,2022,1052.0
saudi_arabia,1967,179.50
saudi_arabia,1968,157.80
saudi_arabia,1969,162.04
saudi_arabia,1970,166.28
saudi_arabia,1971,170.52
saudi_arabia,1972,174.76
saudi_arabia,1973,179.00
saudi_arabia,1974,180.65
saudi_arabia,1975,182.30
saudi_arabia,1976,183.95
saudi_arabia,1977,185.60
saudi_arabia,1978,187.25
saudi_arabia,1979,188.90
saudi_arabia,1980,190.55
saudi_arabia,1981,192.20
saudi_arabia,1982,191.80
saudi_arabia,1983,191.40
saudi_arabia,1984,191.00
saudi_arabia,1985,190.60
saudi_arabia,1986,190.20
saudi_arabia,1987,189.80
saudi_arabia,1988,175.50
saudi_arabia,1989,173.86
saudi_arabia,1990,172.22
saudi_arabia,1991,170.59
saudi_arabia,1992,168.95
saudi_arabia,1993,167.31
saudi_arabia,1994,165.68
saudi_arabia,1995,164.04
saudi_arabia,1996,162.40
saudi_arabia,1997,155.64
saudi_arabia,1998,148.88
saudi_arabia,1999,142.12
saudi_arabia,2000,135.36
saudi_arabia,2001,128.60
saudi_arabia,2002,128.60
saudi_arabia,2003,128.60
saudi_arabia,2004,128.60
saudi_arabia,2005,128.60
saudi_arabia,2006,128.60
saudi_arabia,2007,128.60
saudi_arabia,2008,128.60
saudi_arabia,2009,128.60
saudi_arabia,2010,128.60
saudi_arabia,2011,128.60
saudi_arabia,2012,128.60
saudi_arabia,2013,128.60
saudi_arabia,2014,128.60
saudi_arabia,2015,128.60
saudi_arabia,2016,128.60
saudi_arabia,2017,128.60
saudi_arabia,2018,128.60
saudi_arabia,2019,128.60
saudi_arabia,2020,128.60
saudi_arabia,2021,128.60
saudi_arabia,2022,128.60
senegal,1967,894.70
senegal,1968,806.93
senegal,1969,719.17
senegal,1970,631.40
senegal,1971,645.25
senegal,1972,659.10
senegal,1973,672.95
senegal,1974,686.80
senegal,1975,700.65
senegal,1976,714.50
senegal,1977,702.23
senegal,1978,689.97
senegal,1979,677.70
senegal,1980,674.60
senegal,1981,671.50
senegal,1982,668.40
senegal,1983,665.30
senegal,1984,662.20
senegal,1985,659.10
senegal,1986,657.30
senegal,1987,655.50
senegal,1988,653.70
senegal,1989,651.90
senegal,1990,650.10
senegal,1991,648.30
senegal,1992,646.50
senegal,1993,660.65
senegal,1994,674.80
senegal,1995,688.95
senegal,1996,703.10
senegal,1997,681.92
senegal,1998,660.73
senegal,1999,639.55
senegal,2000,618.37
senegal,2001,597.18
senegal,2002,576.00
senegal,2003,576.00
senegal,2004,576.00
senegal,2005,576.00
senegal,2006,576.00
senegal,2007,576.00
senegal,2008,576.00
senegal,2009,576.00
senegal,2010,576.00
senegal,2011,576.00
senegal,2012,576.00
senegal,2013,576.00
senegal,2014,576.00
senegal,2015,576.00
senegal,2016,576.00
senegal,2017,576.00
senegal,2018,576.00
senegal,2019,576.00
senegal,2020,576.00
senegal,2021,576.00
senegal,2022,576.00
sierra_leone,1967,2681.0
sierra_leone,1968,2625.0
sierra_leone,1969,2569.0
sierra_leone,1970,2513.0
sierra_leone,1971,2497.4
sierra_leone,1972,2481.8
sierra_leone,1973,2466.2
sierra_leone,1974,2450.6
sierra_leone,1975,2435.0
sierra_leone,1976,2457.1
sierra_leone,1977,2479.3
sierra_leone,1978,2501.4
sierra_leone,1979,2523.6
sierra_leone,1980,2545.7
sierra_leone,1981,2567.9
sierra_leone,1982,2590.0
sierra_leone,1983,2448.5
sierra_leone,1984,2307.0
sierra_leone,1985,2317.8
sierra_leone,1986,2328.7
sierra_leone,1987,2339.5
sierra_leone,1988,2350.3
sierra_leone,1989,2361.2
sierra_leone,1990,2372.0
sierra_leone,1991,2396.0
sierra_leone,1992,2420.0
sierra_leone,1993,2444.0
sierra_leone,1994,2468.0
sierra_leone,1995,2492.0
sierra_leone,1996,2516.0
sierra_leone,1997,2540.0
sierra_leone,1998,2541.2
sierra_leone,1999,2542.4
sierra_leone,2000,2543.6
sierra_leone,2001,2544.8
sierra_leone,2002,2546.0
sierra_leone,2003,2546.0
sierra_leone,2004,2546.0
sierra_leone,2005,2546.0
sierra_leone,2006,2546.0
sierra_leone,2007,2546.0
sierra_leone,2008,2546.0
sierra_leone,2009,2546.0
sierra_leone,2010,2546.0
sierra_leone,2011,2546.0
sierra_leone,2012,2546.0
sierra_leone,2013,2546.0
sierra_leone,2014,2546.0
sierra_leone,2015,2546.0
sierra_leone,2016,2546.0
sierra_leone,2017,2546.0
sierra_leone,2018,2546.0
sierra_leone,2019,2546.0
sierra_leone,2020,2546.0
sierra_leone,2021,2546.0
sierra_leone,2022,2546.0
slovakia,1993,685.33
slovakia,1994,693.80
slovakia,1995,702.27
slovakia,1996,710.73
slovakia,1997,719.20
slovakia,1998,740.95
slovakia,1999,762.70
slovakia,2000,762.70
slovakia,2001,762.70
slovakia,2002,762.70
slovakia,2003,762.70
slovakia,2004,762.70
slovakia,2005,762.70
slovakia,2006,762.70
slovakia,2007,762.70
slovakia,2008,762.70
slovakia,2009,762.70
slovakia,2010,762.70
slovakia,2011,762.70
slovakia,2012,762.70
slovakia,2013,762.70
slovakia,2014,762.70
slovakia,2015,762.70
slovakia,2016,762.70
slovakia,2017,762.70
slovakia,2018,762.70
slovakia,2019,762.70
slovakia,2020,762.70
slovakia,2021,762.70
slovakia,2022,762.70
slovenia,1992,896.34
slovenia,1993,897.22
slovenia,1994,898.10
slovenia,1995,910.90
slovenia,1996,923.70
slovenia,1997,936.50
slovenia,1998,949.30
slovenia,1999,949.30
slovenia,2000,949.30
slovenia,2001,949.30
slovenia,2002,949.30
slovenia,2003,949.30
slovenia,2004,949.30
slovenia,2005,949.30
slovenia,2006,949.30
slovenia,2007,949.30
slovenia,2008,949.30
slovenia,2009,949.30
slovenia,2010,949.30
slovenia,2011,949.30
slovenia,2012,949.30
slovenia,2013,949.30
slovenia,2014,949.30
slovenia,2015,949.30
slovenia,2016,949.30
slovenia,2017,949.30
slovenia,2018,949.30
slovenia,2019,949.30
slovenia,2020,949.30
slovenia,2021,949.30
slovenia,2022,949.30
solomon_islands,1966,3365.0
solomon_islands,1967,3422.3
solomon_islands,1968,3479.5
solomon_islands,1969,3536.8
solomon_islands,1970,3594.0
solomon_islands,1971,3432.7
solomon_islands,1972,3271.3
solomon_islands,1973,3110.0
solomon_islands,1974,3125.6
solomon_islands,1975,3141.1
solomon_islands,1976,3156.7
solomon_islands,1977,3172.3
solomon_islands,1978,3187.9
solomon_islands,1979,3203.4
solomon_islands,1980,3219.0
solomon_islands,1981,3187.5
solomon_islands,1982,3156.0
solomon_islands,1983,3124.5
solomon_islands,1984,3093.0
solomon_islands,1985,3061.5
solomon_islands,1986,3030.0
solomon_islands,1987,3126.8
solomon_islands,1988,3223.5
solomon_islands,1989,3320.3
solomon_islands,1990,3417.0
solomon_islands,1991,3367.9
solomon_islands,1992,3318.7
solomon_islands,1993,3269.6
solomon_islands,1994,3220.4
solomon_islands,1995,3171.3
solomon_islands,1996,3122.1
solomon_islands,1997,3073.0
solomon_islands,1998,3009.0
solomon_islands,1999,2945.0
solomon_islands,2000,2945.0
solomon_islands,2001,2945.0
solomon_islands,2002,2945.0
solomon_islands,2003,2945.0
solomon_islands,2004,2945.0
solomon_islands,2005,2945.0
solomon_islands,2006,2945.0
solomon_islands,2007,2945.0
solomon_islands,2008,2945.0
solomon_islands,2009,2945.0
solomon_islands,2010,2945.0
solomon_islands,2011,2945.0
solomon_islands,2012,2945.0
solomon_islands,2013,2945.0
solomon_islands,2014,2945.0
solomon_islands,2015,2945.0
solomon_islands,2016,2945.0
solomon_islands,2017,2945.0
solomon_islands,2018,2945.0
solomon_islands,2019,2945.0
solomon_islands,2020,2945.0
solomon_islands,2021,2945.0
solomon_islands,2022,2945.0
somalia,1964,461.30
somalia,1965,446.12
somalia,1966,430.94
somalia,1967,415.76
somalia,1968,400.58
somalia,1969,385.40
somalia,1970,375.43
somalia,1971,365.45
somalia,1972,355.48
somalia,1973,345.50
somalia,1974,378.12
somalia,1975,410.74
somalia,1976,443.36
somalia,1977,475.98
somalia,1978,508.60
somalia,1979,493.36
somalia,1980,478.13
somalia,1981,462.89
somalia,1982,447.65
somalia,1983,432.41
somalia,1984,417.18
somalia,1985,401.94
somalia,1986,386.70
somalia,1987,389.52
somalia,1988,392.34
somalia,1989,395.16
somalia,1990,397.98
somalia,1991,400.80
somalia,1992,419.80
somalia,1993,438.80
somalia,1994,457.80
somalia,1995,447.90
somalia,1996,438.00
somalia,1997,428.10
somalia,1998,418.20
somalia,1999,408.30
somalia,2000,408.30
somalia,2001,408.30
somalia,2002,408.30
somalia,2003,408.30
somalia,2004,408.30
somalia,2005,408.30
somalia,2006,408.30
somalia,2007,408.30
somalia,2008,408.30
somalia,2009,408.30
somalia,2010,408.30
somalia,2011,408.30
somalia,2012,408.30
somalia,2013,408.30
somalia,2014,408.30
somalia,2015,408.30
somalia,2016,408.30
somalia,2017,408.30
somalia,2018,408.30
somalia,2019,408.30
somalia,2020,408.30
somalia,2021,408.30
somalia,2022,408.30
south_africa,1964,523.20
south_africa,1965,524.90
south_africa,1966,526.60
south_africa,1967,528.30
south_africa,1968,530.00
south_africa,1969,531.70
south_africa,1970,545.20
south_africa,1971,558.70
south_africa,1972,572.20
south_africa,1973,585.70
south_africa,1974,599.20
south_africa,1975,612.70
south_africa,1976,626.20
south_africa,1977,639.70
south_africa,1978,607.10
south_africa,1979,574.50
south_africa,1980,541.90
south_africa,1981,539.62
south_africa,1982,537.34
south_africa,1983,535.06
south_africa,1984,532.78
south_africa,1985,530.50
south_africa,1986,532.64
south_africa,1987,534.78
south_africa,1988,536.92
south_africa,1989,539.06
south_africa,1990,541.20
south_africa,1991,554.10
south_africa,1992,567.00
south_africa,1993,579.90
south_africa,1994,592.80
south_africa,1995,583.90
south_africa,1996,575.00
south_africa,1997,566.10
south_africa,1998,557.20
south_africa,1999,548.30
south_africa,2000,548.30
south_africa,2001,548.30
south_africa,2002,548.30
south_africa,2003,548.30
south_africa,2004,548.30
south_africa,2005,548.30
south_africa,2006,548.30
south_africa,2007,548.30
south_africa,2008,548.30
south_africa,2009,548.30
south_africa,2010,548.30
south_africa,2011,548.30
south_africa,2012,548.30
south_africa,2013,548.30
south_africa,2014,548.30
south_africa,2015,548.30
south_africa,2016,548.30
south_africa,2017,548.30
south_africa,2018,548.30
south_africa,2019,548.30
south_africa,2020,548.30
south_africa,2021,548.30
south_africa,2022,548.30
spain,1965,690.20
spain,1966,696.27
spain,1967,702.33
spain,1968,708.40
spain,1969,714.47
spain,1970,720.53
spain,1971,726.60
spain,1972,679.37
spain,1973,632.13
spain,1974,584.90
spain,1975,587.44
spain,1976,589.98
spain,1977,592.51
spain,1978,595.05
spain,1979,597.59
spain,1980,600.13
spain,1981,602.66
spain,1982,605.20
spain,1983,601.27
spain,1984,597.35
spain,1985,593.42
spain,1986,589.50
spain,1987,585.88
spain,1988,582.27
spain,1989,578.65
spain,1990,575.03
spain,1991,571.42
spain,1992,567.80
spain,1993,596.20
spain,1994,588.67
spain,1995,581.15
spain,1996,573.63
spain,1997,566.10
spain,1998,558.58
spain,1999,551.05
spain,2000,543.52
spain,2001,536.00
spain,2002,536.00
spain,2003,536.00
spain,2004,536.00
spain,2005,536.00
spain,2006,536.00
spain,2007,536.00
spain,2008,536.00
spain,2009,536.00
spain,2010,536.00
spain,2011,536.00
spain,2012,536.00
spain,2013,536.00
spain,2014,536.00
spain,2015,536.00
spain,2016,536.00
spain,2017,536.00
spain,2018,536.00
spain,2019,536.00
spain,2020,536.00
spain,2021,536.00
spain,2022,536.00
sri_lanka,1967,2074.0
sri_lanka,1968,2029.5
sri_lanka,1969,1985.0
sri_lanka,1970,1897.8
sri_lanka,1971,1810.5
sri_lanka,1972,1723.3
sri_lanka,1973,1636.0
sri_lanka,1974,1654.3
sri_lanka,1975,1672.5
sri_lanka,1976,1690.8
sri_lanka,1977,1709.0
sri_lanka,1978,1727.3
sri_lanka,1979,1745.5
sri_lanka,1980,1763.8
sri_lanka,1981,1782.0
sri_lanka,1982,1776.3
sri_lanka,1983,1770.5
sri_lanka,1984,1764.8
sri_lanka,1985,1759.0
sri_lanka,1986,1742.0
sri_lanka,1987,1725.0
sri_lanka,1988,1708.0
sri_lanka,1989,1691.0
sri_lanka,1990,1674.0
sri_lanka,1991,1657.0
sri_lanka,1992,1671.8
sri_lanka,1993,1686.6
sri_lanka,1994,1701.4
sri_lanka,1995,1716.2
sri_lanka,1996,1731.0
sri_lanka,1997,1716.0
sri_lanka,1998,1701.0
sri_lanka,1999,1686.0
sri_lanka,2000,1671.0
sri_lanka,2001,1656.0
sri_lanka,2002,1656.0
sri_lanka,2003,1656.0
sri_lanka,2004,1656.0
sri_lanka,2005,1656.0
sri_lanka,2006,1656.0
sri_lanka,2007,1656.0
sri_lanka,2008,1656.0
sri_lanka,2009,1656.0
sri_lanka,2010,1656.0
sri_lanka,2011,1656.0
sri_lanka,2012,1656.0
sri_lanka,2013,1656.0
sri_lanka,2014,1656.0
sri_lanka,2015,1656.0
sri_lanka,2016,1656.0
sri_lanka,2017,1656.0
sri_lanka,2018,1656.0
sri_lanka,2019,1656.0
sri_lanka,2020,1656.0
sri_lanka,2021,1656.0
sri_lanka,2022,1656.0
suriname,1966,2238.0
suriname,1967,2314.3
suriname,1968,2390.5
suriname,1969,2466.8
suriname,1970,2543.0
suriname,1971,2459.7
suriname,1972,2376.3
suriname,1973,2293.0
suriname,1974,2271.0
suriname,1975,2249.0
suriname,1976,2227.0
suriname,1977,2205.0
suriname,1978,2183.0
suriname,1979,2161.0
suriname,1980,2139.0
suriname,1981,2086.5
suriname,1982,2034.0
suriname,1983,1981.5
suriname,1984,1929.0
suriname,1985,1876.5
suriname,1986,1824.0
suriname,1987,1986.5
suriname,1988,2149.0
suriname,1989,2117.7
suriname,1990,2086.4
suriname,1991,2055.1
suriname,1992,2023.9
suriname,1993,1992.6
suriname,1994,1961.3
suriname,1995,1930.0
suriname,1996,1902.7
suriname,1997,1875.3
suriname,1998,1848.0
suriname,1999,1848.0
suriname,2000,1848.0
suriname,2001,1848.0
suriname,2002,1848.0
suriname,2003,1848.0
suriname,2004,1848.0
suriname,2005,1848.0
suriname,2006,1848.0
suriname,2007,1848.0
suriname,2008,1848.0
suriname,2009,1848.0
suriname,2010,1848.0
suriname,2011,1848.0
suriname,2012,1848.0
suriname,2013,1848.0
suriname,2014,1848.0
suriname,2015,1848.0
suriname,2016,1848.0
suriname,2017,1848.0
suriname,2018,1848.0
suriname,2019,1848.0
suriname,2020,1848.0
suriname,2021,1848.0
suriname,2022,1848.0
sweden,1965,614.10
sweden,1966,609.47
sweden,1967,604.84
sweden,1968,600.21
sweden,1969,595.59
sweden,1970,590.96
sweden,1971,586.33
sweden,1972,581.70
sweden,1973,614.80
sweden,1974,614.92
sweden,1975,615.04
sweden,1976,615.17
sweden,1977,615.29
sweden,1978,615.41
sweden,1979,615.53
sweden,1980,615.66
sweden,1981,615.78
sweden,1982,615.90
sweden,1983,678.60
sweden,1984,678.18
sweden,1985,677.76
sweden,1986,677.34
sweden,1987,676.92
sweden,1988,676.50
sweden,1989,672.23
sweden,1990,667.96
sweden,1991,663.69
sweden,1992,659.41
sweden,1993,655.14
sweden,1994,650.87
sweden,1995,646.60
sweden,1996,664.53
sweden,1997,682.47
sweden,1998,700.40
sweden,1999,700.40
sweden,2000,700.40
sweden,2001,700.40
sweden,2002,700.40
sweden,2003,700.40
sweden,2004,700.40
sweden,2005,700.40
sweden,2006,700.40
sweden,2007,700.40
sweden,2008,700.40
sweden,2009,700.40
sweden,2010,700.40
sweden,2011,700.40
sweden,2012,700.40
sweden,2013,700.40
sweden,2014,700.40
sweden,2015,700.40
sweden,2016,700.40
sweden,2017,700.40
sweden,2018,700.40
sweden,2019,700.40
sweden,2020,700.40
sweden,2021,700.40
sweden,2022,700.40
switzerland,1963,1179.0
switzerland,1964,1153.8
switzerland,1965,1128.5
switzerland,1966,1103.3
switzerland,1967,1078.1
switzerland,1968,1052.9
switzerland,1969,1027.7
switzerland,1970,1002.4
switzerland,1971,977.20
switzerland,1972,1005.5
switzerland,1973,1033.7
switzerland,1974,1062.0
switzerland,1975,1057.8
switzerland,1976,1053.5
switzerland,1977,1049.3
switzerland,1978,1045.0
switzerland,1979,1040.8
switzerland,1980,1036.5
switzerland,1981,1032.3
switzerland,1982,1028.0
switzerland,1983,1056.5
switzerland,1984,1085.0
switzerland,1985,1106.0
switzerland,1986,1127.0
switzerland,1987,1148.0
switzerland,1988,1169.0
switzerland,1989,1190.0
switzerland,1990,1211.0
switzerland,1991,1219.3
switzerland,1992,1227.7
switzerland,1993,1236.0
switzerland,1994,1262.8
switzerland,1995,1289.5
switzerland,1996,1316.3
switzerland,1997,1343.0
switzerland,1998,1369.8
switzerland,1999,1396.5
switzerland,2000,1423.3
switzerland,2001,1450.0
switzerland,2002,1450.0
switzerland,2003,1450.0
switzerland,2004,1450.0
switzerland,2005,1450.0
switzerland,2006,1450.0
switzerland,2007,1450.0
switzerland,2008,1450.0
switzerland,2009,1450.0
switzerland,2010,1450.0
switzerland,2011,1450.0
switzerland,2012,1450.0
switzerland,2013,1450.0
switzerland,2014,1450.0
switzerland,2015,1450.0
switzerland,2016,1450.0
switzerland,2017,1450.0
switzerland,2018,1450.0
switzerland,2019,1450.0
switzerland,2020,1450.0
switzerland,2021,1450.0
switzerland,2022,1450.0
syrian_arab_republic,1965,493.90
syrian_arab_republic,1966,488.98
syrian_arab_republic,1967,484.07
syrian_arab_republic,1968,479.15
syrian_arab_republic,1969,474.23
syrian_arab_republic,1970,469.32
syrian_arab_republic,1971,464.40
syrian_arab_republic,1972,453.57
syrian_arab_republic,1973,442.75
syrian_arab_republic,1974,431.93
syrian_arab_republic,1975,421.10
syrian_arab_republic,1976,428.42
syrian_arab_republic,1977,435.74
syrian_arab_republic,1978,443.06
syrian_arab_republic,1979,450.38
syrian_arab_republic,1980,457.70
syrian_arab_republic,1981,459.87
syrian_arab_republic,1982,462.03
syrian_arab_republic,1983,464.20
syrian_arab_republic,1984,463.14
syrian_arab_republic,1985,462.09
syrian_arab_republic,1986,461.03
syrian_arab_republic,1987,459.98
syrian_arab_republic,1988,458.92
syrian_arab_republic,1989,457.87
syrian_arab_republic,1990,456.81
syrian_arab_republic,1991,455.76
syrian_arab_republic,1992,454.70
syrian_arab_republic,1993,450.66
syrian_arab_republic,1994,446.62
syrian_arab_republic,1995,442.58
syrian_arab_republic,1996,438.54
syrian_arab_republic,1997,434.50
syrian_arab_republic,1998,414.93
syrian_arab_republic,1999,395.37
syrian_arab_republic,2000,375.80
syrian_arab_republic,2001,375.80
syrian_arab_republic,2002,375.80
syrian_arab_republic,2003,375.80
syrian_arab_republic,2004,375.80
syrian_arab_republic,2005,375.80
syrian_arab_republic,2006,375.80
syrian_arab_republic,2007,375.80
syrian_arab_republic,2008,375.80
syrian_arab_republic,2009,375.80
syrian_arab_republic,2010,375.80
syrian_arab_republic,2011,375.80
syrian_arab_republic,2012,375.80
syrian_arab_republic,2013,375.80
syrian_arab_republic,2014,375.80
syrian_arab_republic,2015,375.80
syrian_arab_republic,2016,375.80
syrian_arab_republic,2017,375.80
syrian_arab_republic,2018,375.80
syrian_arab_republic,2019,375.80
syrian_arab_republic,2020,375.80
syrian_arab_republic,2021,375.80
syrian_arab_republic,2022,375.80
tajikistan,1992,495.81
tajikistan,1993,489.59
tajikistan,1994,483.37
tajikistan,1995,477.14
tajikistan,1996,470.92
tajikistan,1997,464.70
tajikistan,1998,401.65
tajikistan,1999,338.60
tajikistan,2000,338.60
tajikistan,2001,338.60
tajikistan,2002,338.60
tajikistan,2003,338.60
tajikistan,2004,338.60
tajikistan,2005,338.60
tajikistan,2006,338.60
tajikistan,2007,338.60
tajikistan,2008,338.60
tajikistan,2009,338.60
tajikistan,2010,338.60
tajikistan,2011,338.60
tajikistan,2012,338.60
tajikistan,2013,338.60
tajikistan,2014,338.60
tajikistan,2015,338.60
tajikistan,2016,338.60
tajikistan,2017,338.60
tajikistan,2018,338.60
tajikistan,2019,338.60
tajikistan,2020,338.60
tajikistan,2021,338.60
tajikistan,2022,338.60
thailand,1965,1681.0
thailand,1966,1681.7
thailand,1967,1682.3
thailand,1968,1683.0
thailand,1969,1683.7
thailand,1970,1684.3
thailand,1971,1685.0
thailand,1972,1684.0
thailand,1973,1683.0
thailand,1974,1669.9
thailand,1975,1656.8
thailand,1976,1643.6
thailand,1977,1630.5
thailand,1978,1617.4
thailand,1979,1604.3
thailand,1980,1591.1
thailand,1981,1578.0
thailand,1982,1568.0
thailand,1983,1558.0
thailand,1984,1548.0
thailand,1985,1535.4
thailand,1986,1522.9
thailand,1987,1510.3
thailand,1988,1497.7
thailand,1989,1485.1
thailand,1990,1472.6
thailand,1991,1460.0
thailand,1992,1516.8
thailand,1993,1573.5
thailand,1994,1630.3
thailand,1995,1687.0
thailand,1996,1693.2
thailand,1997,1699.3
thailand,1998,1705.5
thailand,1999,1711.7
thailand,2000,1717.8
thailand,2001,1724.0
thailand,2002,1724.0
thailand,2003,1724.0
thailand,2004,1724.0
thailand,2005,1724.0
thailand,2006,1724.0
thailand,2007,1724.0
thailand,2008,1724.0
thailand,2009,1724.0
thailand,2010,1724.0
thailand,2011,1724.0
thailand,2012,1724.0
thailand,2013,1724.0
thailand,2014,1724.0
thailand,2015,1724.0
thailand,2016,1724.0
thailand,2017,1724.0
thailand,2018,1724.0
thailand,2019,1724.0
thailand,2020,1724.0
thailand,2021,1724.0
thailand,2022,1724.0
togo,1966,1202.0
togo,1967,1207.0
togo,1968,1212.0
togo,1969,1217.0
togo,1970,1205.5
togo,1971,1194.0
togo,1972,1182.5
togo,1973,1171.0
togo,1974,1174.7
togo,1975,1178.4
togo,1976,1182.1
togo,1977,1185.9
togo,1978,1189.6
togo,1979,1193.3
togo,1980,1197.0
togo,1981,1185.7
togo,1982,1174.4
togo,1983,1163.1
togo,1984,1151.9
togo,1985,1140.6
togo,1986,1129.3
togo,1987,1118.0
togo,1988,1294.0
togo,1989,1278.8
togo,1990,1263.7
togo,1991,1248.5
togo,1992,1233.3
togo,1993,1218.2
togo,1994,1203.0
togo,1995,1170.0
togo,1996,1137.0
togo,1997,1104.0
togo,1998,1071.0
togo,1999,1071.0
togo,2000,1071.0
togo,2001,1071.0
togo,2002,1071.0
togo,2003,1071.0
togo,2004,1071.0
togo,2005,1071.0
togo,2006,1071.0
togo,2007,1071.0
togo,2008,1071.0
togo,2009,1071.0
togo,2010,1071.0
togo,2011,1071.0
togo,2012,1071.0
togo,2013,1071.0
togo,2014,1071.0
togo,2015,1071.0
togo,2016,1071.0
togo,2017,1071.0
togo,2018,1071.0
togo,2019,1071.0
togo,2020,1071.0
togo,2021,1071.0
togo,2022,1071.0
trinidad_and_tobago,1965,1853.0
trinidad_and_tobago,1966,1877.1
trinidad_and_tobago,1967,1901.3
trinidad_and_tobago,1968,1925.4
trinidad_and_tobago,1969,1949.6
trinidad_and_tobago,1970,1973.7
trinidad_and_tobago,1971,1997.9
trinidad_and_tobago,1972,2022.0
trinidad_and_tobago,1973,1999.3
trinidad_and_tobago,1974,1976.5
trinidad_and_tobago,1975,1953.8
trinidad_and_tobago,1976,1931.0
trinidad_and_tobago,1977,2067.7
trinidad_and_tobago,1978,2204.3
trinidad_and_tobago,1979,2341.0
trinidad_and_tobago,1980,2220.0
trinidad_and_tobago,1981,2099.0
trinidad_and_tobago,1982,1978.0
trinidad_and_tobago,1983,1857.0
trinidad_and_tobago,1984,1852.4
trinidad_and_tobago,1985,1847.8
trinidad_and_tobago,1986,1843.1
trinidad_and_tobago,1987,1838.5
trinidad_and_tobago,1988,1833.9
trinidad_and_tobago,1989,1829.3
trinidad_and_tobago,1990,1824.6
trinidad_and_tobago,1991,1820.0
trinidad_and_tobago,1992,1838.0
trinidad_and_tobago,1993,1856.0
trinidad_and_tobago,1994,1874.0
trinidad_and_tobago,1995,1892.0
trinidad_and_tobago,1996,1910.0
trinidad_and_tobago,1997,1928.0
trinidad_and_tobago,1998,1898.3
trinidad_and_tobago,1999,1868.7
trinidad_and_tobago,2000,1839.0
trinidad_and_tobago,2001,1839.0
trinidad_and_tobago,2002,1839.0
trinidad_and_tobago,2003,1839.0
trinidad_and_tobago,2004,1839.0
trinidad_and_tobago,2005,1839.0
trinidad_and_tobago,2006,1839.0
trinidad_and_tobago,2007,1839.0
trinidad_and_tobago,2008,1839.0
trinidad_and_tobago,2009,1839.0
trinidad_and_tobago,2010,1839.0
trinidad_and_tobago,2011,1839.0
trinidad_and_tobago,2012,1839.0
trinidad_and_tobago,2013,1839.0
trinidad_and_tobago,2014,1839.0
trinidad_and_tobago,2015,1839.0
trinidad_and_tobago,2016,1839.0
trinidad_and_tobago,2017,1839.0
trinidad_and_tobago,2018,1839.0
trinidad_and_tobago,2019,1839.0
trinidad_and_tobago,2020,1839.0
trinidad_and_tobago,2021,1839.0
trinidad_and_tobago,2022,1839.0
tunisia,1965,340.10
tunisia,1966,342.95
tunisia,1967,345.80
tunisia,1968,348.65
tunisia,1969,351.50
tunisia,1970,354.35
tunisia,1971,357.20
tunisia,1972,368.00
tunisia,1973,378.80
tunisia,1974,389.60
tunisia,1975,400.40
tunisia,1976,389.88
tunisia,1977,379.36
tunisia,1978,368.84
tunisia,1979,358.32
tunisia,1980,347.80
tunisia,1981,328.87
tunisia,1982,309.93
tunisia,1983,291.00
tunisia,1984,301.99
tunisia,1985,312.98
tunisia,1986,323.96
tunisia,1987,334.95
tunisia,1988,345.94
tunisia,1989,356.93
tunisia,1990,367.91
tunisia,1991,378.90
tunisia,1992,383.40
tunisia,1993,387.90
tunisia,1994,392.40
tunisia,1995,396.90
tunisia,1996,373.30
tunisia,1997,349.70
tunisia,1998,326.10
tunisia,1999,326.10
tunisia,2000,326.10
tunisia,2001,326.10
tunisia,2002,326.10
tunisia,2003,326.10
tunisia,2004,326.10
tunisia,2005,326.10
tunisia,2006,326.10
tunisia,2007,326.10
tunisia,2008,326.10
tunisia,2009,326.10
tunisia,2010,326.10
tunisia,2011,326.10
tunisia,2012,326.10
tunisia,2013,326.10
tunisia,2014,326.10
tunisia,2015,326.10
tunisia,2016,326.10
tunisia,2017,326.10
tunisia,2018,326.10
tunisia,2019,326.10
tunisia,2020,326.10
tunisia,2021,326.10
tunisia,2022,326.10
turkiye,1965,682.90
turkiye,1966,673.97
turkiye,1967,665.03
turkiye,1968,656.10
turkiye,1969,647.17
turkiye,1970,638.23
turkiye,1971,629.30
turkiye,1972,605.67
turkiye,1973,582.03
turkiye,1974,558.40
turkiye,1975,583.42
turkiye,1976,608.45
turkiye,1977,633.48
turkiye,1978,658.50
turkiye,1979,650.10
turkiye,1980,641.70
turkiye,1981,633.30
turkiye,1982,624.90
turkiye,1983,616.50
turkiye,1984,608.10
turkiye,1985,599.70
turkiye,1986,594.61
turkiye,1987,589.53
turkiye,1988,584.44
turkiye,1989,579.36
turkiye,1990,574.27
turkiye,1991,569.19
turkiye,1992,564.10
turkiye,1993,589.13
turkiye,1994,614.17
turkiye,1995,639.20
turkiye,1996,635.67
turkiye,1997,632.14
turkiye,1998,628.61
turkiye,1999,625.09
turkiye,2000,621.56
turkiye,2001,618.03
turkiye,2002,614.50
turkiye,2003,614.50
turkiye,2004,614.50
turkiye,2005,614.50
turkiye,2006,614.50
turkiye,2007,614.50
turkiye,2008,614.50
turkiye,2009,614.50
turkiye,2010,614.50
turkiye,2011,614.50
turkiye,2012,614.50
turkiye,2013,614.50
turkiye,2014,614.50
turkiye,2015,614.50
turkiye,2016,614.50
turkiye,2017,614.50
turkiye,2018,614.50
turkiye,2019,614.50
turkiye,2020,614.50
turkiye,2021,614.50
turkiye,2022,614.50
turkmenistan,1992,146.60
turkmenistan,1993,137.60
turkmenistan,1994,128.60
turkmenistan,1995,117.16
turkmenistan,1996,105.71
turkmenistan,1997,94.268
turkmenistan,1998,82.824
turkmenistan,1999,71.380
turkmenistan,2000,71.380
turkmenistan,2001,71.380
turkmenistan,2002,71.380
turkmenistan,2003,71.380
turkmenistan,2004,71.380
turkmenistan,2005,71.380
turkmenistan,2006,71.380
turkmenistan,2007,71.380
turkmenistan,2008,71.380
turkmenistan,2009,71.380
turkmenistan,2010,71.380
turkmenistan,2011,71.380
turkmenistan,2012,71.380
turkmenistan,2013,71.380
turkmenistan,2014,71.380
turkmenistan,2015,71.380
turkmenistan,2016,71.380
turkmenistan,2017,71.380
turkmenistan,2018,71.380
turkmenistan,2019,71.380
turkmenistan,2020,71.380
turkmenistan,2021,71.380
turkmenistan,2022,71.380
uganda,1967,1246.0
uganda,1968,1250.0
uganda,1969,1254.0
uganda,1970,1258.0
uganda,1971,1262.0
uganda,1972,1266.0
uganda,1973,1252.0
uganda,1974,1238.0
uganda,1975,1224.0
uganda,1976,1210.0
uganda,1977,1207.2
uganda,1978,1204.4
uganda,1979,1201.6
uganda,1980,1198.8
uganda,1981,1196.0
uganda,1982,1179.0
uganda,1983,1162.0
uganda,1984,1176.3
uganda,1985,1190.5
uganda,1986,1204.8
uganda,1987,1219.0
uganda,1988,1233.3
uganda,1989,1247.5
uganda,1990,1261.8
uganda,1991,1276.0
uganda,1992,1276.3
uganda,1993,1276.5
uganda,1994,1276.8
uganda,1995,1277.0
uganda,1996,1301.3
uganda,1997,1325.7
uganda,1998,1350.0
uganda,1999,1350.0
uganda,2000,1350.0
uganda,2001,1350.0
uganda,2002,1350.0
uganda,2003,1350.0
uganda,2004,1350.0
uganda,2005,1350.0
uganda,2006,1350.0
uganda,2007,1350.0
uganda,2008,1350.0
uganda,2009,1350.0
uganda,2010,1350.0
uganda,2011,1350.0
uganda,2012,1350.0
uganda,2013,1350.0
uganda,2014,1350.0
uganda,2015,1350.0
uganda,2016,1350.0
uganda,2017,1350.0
uganda,2018,1350.0
uganda,2019,1350.0
uganda,2020,1350.0
uganda,2021,1350.0
uganda,2022,1350.0
ukraine,1992,1786.5
ukraine,1993,1804.0
ukraine,1994,1805.0
ukraine,1995,1806.0
ukraine,1996,1807.0
ukraine,1997,1808.0
ukraine,1998,1809.0
ukraine,1999,1810.0
ukraine,2000,1811.0
ukraine,2001,1812.0
ukraine,2002,1813.0
ukraine,2003,1813.0
ukraine,2004,1813.0
ukraine,2005,1813.0
ukraine,2006,1813.0
ukraine,2007,1813.0
ukraine,2008,1813.0
ukraine,2009,1813.0
ukraine,2010,1813.0
ukraine,2011,1813.0
ukraine,2012,1813.0
ukraine,2013,1813.0
ukraine,2014,1813.0
ukraine,2015,1813.0
ukraine,2016,1813.0
ukraine,2017,1813.0
ukraine,2018,1813.0
ukraine,2019,1813.0
ukraine,2020,1813.0
ukraine,2021,1813.0
ukraine,2022,1813.0
united_arab_emirates,1965,72.000
united_arab_emirates,1966,75.817
united_arab_emirates,1967,79.633
united_arab_emirates,1968,83.450
united_arab_emirates,1969,81.814
united_arab_emirates,1970,80.179
united_arab_emirates,1971,78.543
united_arab_emirates,1972,76.907
united_arab_emirates,1973,75.271
united_arab_emirates,1974,73.636
united_arab_emirates,1975,72.000
united_arab_emirates,1976,62.693
united_arab_emirates,1977,53.385
united_arab_emirates,1978,44.078
united_arab_emirates,1979,34.770
united_arab_emirates,1980,41.010
united_arab_emirates,1981,47.250
united_arab_emirates,1982,53.490
united_arab_emirates,1983,59.730
united_arab_emirates,1984,57.684
united_arab_emirates,1985,55.639
united_arab_emirates,1986,53.593
united_arab_emirates,1987,51.547
united_arab_emirates,1988,49.501
united_arab_emirates,1989,47.456
united_arab_emirates,1990,45.410
united_arab_emirates,1991,63.648
united_arab_emirates,1992,81.886
united_arab_emirates,1993,100.12
united_arab_emirates,1994,118.36
united_arab_emirates,1995,136.60
united_arab_emirates,1996,124.51
united_arab_emirates,1997,112.41
united_arab_emirates,1998,100.32
united_arab_emirates,1999,88.229
united_arab_emirates,2000,76.136
united_arab_emirates,2001,64.043
united_arab_emirates,2002,51.950
united_arab_emirates,2003,51.950
united_arab_emirates,2004,51.950
united_arab_emirates,2005,51.950
united_arab_emirates,2006,51.950
united_arab_emirates,2007,51.950
united_arab_emirates,2008,51.950
united_arab_emirates,2009,51.950
united_arab_emirates,2010,51.950
united_arab_emirates,2011,51.950
united_arab_emirates,2012,51.950
united_arab_emirates,2013,51.950
united_arab_emirates,2014,51.950
united_arab_emirates,2015,51.950
united_arab_emirates,2016,51.950
united_arab_emirates,2017,51.950
united_arab_emirates,2018,51.950
united_arab_emirates,2019,51.950
united_arab_emirates,2020,51.950
united_arab_emirates,2021,51.950
united_arab_emirates,2022,51.950
united_kingdom_of_great_britain_and_northern_ireland,1965,1017.0
united_kingdom_of_great_britain_and_northern_ireland,1966,988.40
united_kingdom_of_great_britain_and_northern_ireland,1967,959.80
united_kingdom_of_great_britain_and_northern_ireland,1968,931.20
united_kingdom_of_great_britain_and_northern_ireland,1969,902.60
united_kingdom_of_great_britain_and_northern_ireland,1970,895.29
united_kingdom_of_great_britain_and_northern_ireland,1971,887.97
united_kingdom_of_great_britain_and_northern_ireland,1972,880.66
united_kingdom_of_great_britain_and_northern_ireland,1973,873.34
united_kingdom_of_great_britain_and_northern_ireland,1974,866.03
united_kingdom_of_great_britain_and_northern_ireland,1975,858.71
united_kingdom_of_great_britain_and_northern_ireland,1976,851.40
united_kingdom_of_great_britain_and_northern_ireland,1977,888.32
united_kingdom_of_great_britain_and_northern_ireland,1978,925.24
united_kingdom_of_great_britain_and_northern_ireland,1979,962.16
united_kingdom_of_great_britain_and_northern_ireland,1980,999.08
united_kingdom_of_great_britain_and_northern_ireland,1981,1036.0
united_kingdom_of_great_britain_and_northern_ireland,1982,996.15
united_kingdom_of_great_britain_and_northern_ireland,1983,956.30
united_kingdom_of_great_britain_and_northern_ireland,1984,970.44
united_kingdom_of_great_britain_and_northern_ireland,1985,984.58
united_kingdom_of_great_britain_and_northern_ireland,1986,998.72
united_kingdom_of_great_britain_and_northern_ireland,1987,1012.9
united_kingdom_of_great_britain_and_northern_ireland,1988,1027.0
united_kingdom_of_great_britain_and_northern_ireland,1989,1016.8
united_kingdom_of_great_britain_and_northern_ireland,1990,1006.6
united_kingdom_of_great_britain_and_northern_ireland,1991,996.37
united_kingdom_of_great_britain_and_northern_ireland,1992,986.16
united_kingdom_of_great_britain_and_northern_ireland,1993,975.94
united_kingdom_of_great_britain_and_northern_ireland,1994,965.73
united_kingdom_of_great_britain_and_northern_ireland,1995,955.52
united_kingdom_of_great_britain_and_northern_ireland,1996,945.31
united_kingdom_of_great_britain_and_northern_ireland,1997,935.10
united_kingdom_of_great_britain_and_northern_ireland,1998,1082.0
united_kingdom_of_great_britain_and_northern_ireland,1999,1082.0
united_kingdom_of_great_britain_and_northern_ireland,2000,1082.0
united_kingdom_of_great_britain_and_northern_ireland,2001,1082.0
united_kingdom_of_great_britain_and_northern_ireland,2002,1082.0
united_kingdom_of_great_britain_and_northern_ireland,2003,1082.0
united_kingdom_of_great_britain_and_northern_ireland,2004,1082.0
united_kingdom_of_great_britain_and_northern_ireland,2005,1082.0
united_kingdom_of_great_britain_and_northern_ireland,2006,1082.0
united_kingdom_of_great_britain_and_northern_ireland,2007,1082.0
united_kingdom_of_great_britain_and_northern_ireland,2008,1082.0
united_kingdom_of_great_britain_and_northern_ireland,2009,1082.0
united_kingdom_of_great_britain_and_northern_ireland,2010,1082.0
united_kingdom_of_great_britain_and_northern_ireland,2011,1082.0
united_kingdom_of_great_britain_and_northern_ireland,2012,1082.0
united_kingdom_of_great_britain_and_northern_ireland,2013,1082.0
united_kingdom_of_great_britain_and_northern_ireland,2014,1082.0
united_kingdom_of_great_britain_and_northern_ireland,2015,1082.0
united_kingdom_of_great_britain_and_northern_ireland,2016,1082.0
united_kingdom_of_great_britain_and_northern_ireland,2017,1082.0
united_kingdom_of_great_britain_and_northern_ireland,2018,1082.0
united_kingdom_of_great_britain_and_northern_ireland,2019,1082.0
united_kingdom_of_great_britain_and_northern_ireland,2020,1082.0
united_kingdom_of_great_britain_and_northern_ireland,2021,1082.0
united_kingdom_of_great_britain_and_northern_ireland,2022,1082.0
united_republic_of_tanzania,1966,1057.0
united_republic_of_tanzania,1967,1035.1
united_republic_of_tanzania,1968,1013.3
united_republic_of_tanzania,1969,991.40
united_republic_of_tanzania,1970,982.16
united_republic_of_tanzania,1971,972.91
united_republic_of_tanzania,1972,963.67
united_republic_of_tanzania,1973,954.43
united_republic_of_tanzania,1974,945.19
united_republic_of_tanzania,1975,935.94
united_republic_of_tanzania,1976,926.70
united_republic_of_tanzania,1977,955.02
united_republic_of_tanzania,1978,983.35
united_republic_of_tanzania,1979,1011.7
united_republic_of_tanzania,1980,1040.0
united_republic_of_tanzania,1981,1047.8
united_republic_of_tanzania,1982,1055.7
united_republic_of_tanzania,1983,1063.5
united_republic_of_tanzania,1984,1071.3
united_republic_of_tanzania,1985,1079.2
united_republic_of_tanzania,1986,1087.0
united_republic_of_tanzania,1987,1101.8
united_republic_of_tanzania,1988,1116.5
united_republic_of_tanzania,1989,1131.3
united_republic_of_tanzania,1990,1146.0
united_republic_of_tanzania,1991,1119.7
united_republic_of_tanzania,1992,1093.3
united_republic_of_tanzania,1993,1067.0
united_republic_of_tanzania,1994,1072.9
united_republic_of_tanzania,1995,1078.8
united_republic_of_tanzania,1996,1084.6
united_republic_of_tanzania,1997,1090.5
united_republic_of_tanzania,1998,1096.4
united_republic_of_tanzania,1999,1102.3
united_republic_of_tanzania,2000,1108.1
united_republic_of_tanzania,2001,1114.0
united_republic_of_tanzania,2002,1114.0
united_republic_of_tanzania,2003,1114.0
united_republic_of_tanzania,2004,1114.0
united_republic_of_tanzania,2005,1114.0
united_republic_of_tanzania,2006,1114.0
united_republic_of_tanzania,2007,1114.0
united_republic_of_tanzania,2008,1114.0
united_republic_of_tanzania,2009,1114.0
united_republic_of_tanzania,2010,1114.0
united_republic_of_tanzania,2011,1114.0
united_republic_of_tanzania,2012,1114.0
united_republic_of_tanzania,2013,1114.0
united_republic_of_tanzania,2014,1114.0
united_republic_of_tanzania,2015,1114.0
united_republic_of_tanzania,2016,1114.0
united_republic_of_tanzania,2017,1114.0
united_republic_of_tanzania,2018,1114.0
united_republic_of_tanzania,2019,1114.0
united_republic_of_tanzania,2020,1114.0
united_republic_of_tanzania,2021,1114.0
united_republic_of_tanzania,2022,1114.0
united_states_of_america,1965,928.50
united_states_of_america,1966,934.42
united_states_of_america,1967,940.35
united_states_of_america,1968,946.27
united_states_of_america,1969,952.20
united_states_of_america,1970,963.36
united_states_of_america,1971,974.52
united_states_of_america,1972,985.68
united_states_of_america,1973,996.84
united_states_of_america,1974,1008.0
united_states_of_america,1975,999.60
united_states_of_america,1976,991.20
united_states_of_america,1977,982.80
united_states_of_america,1978,974.40
united_states_of_america,1979,966.00
united_states_of_america,1980,957.60
united_states_of_america,1981,949.20
united_states_of_america,1982,957.67
united_states_of_america,1983,966.13
united_states_of_america,1984,974.60
united_states_of_america,1985,980.27
united_states_of_america,1986,985.95
united_states_of_america,1987,991.63
united_states_of_america,1988,997.30
united_states_of_america,1989,1003.0
united_states_of_america,1990,1008.6
united_states_of_america,1991,1014.3
united_states_of_america,1992,1020.0
united_states_of_america,1993,1016.3
united_states_of_america,1994,1012.5
united_states_of_america,1995,1008.8
united_states_of_america,1996,1005.0
united_states_of_america,1997,993.95
united_states_of_america,1998,982.90
united_states_of_america,1999,971.85
united_states_of_america,2000,960.80
united_states_of_america,2001,949.75
united_states_of_america,2002,938.70
united_states_of_america,2003,938.70
united_states_of_america,2004,938.70
united_states_of_america,2005,938.70
united_states_of_america,2006,938.70
united_states_of_america,2007,938.70
united_states_of_america,2008,938.70
united_states_of_america,2009,938.70
united_states_of_america,2010,938.70
united_states_of_america,2011,938.70
united_states_of_america,2012,938.70
united_states_of_america,2013,938.70
united_states_of_america,2014,938.70
united_states_of_america,2015,938.70
united_states_of_america,2016,938.70
united_states_of_america,2017,938.70
united_states_of_america,2018,938.70
united_states_of_america,2019,938.70
united_states_of_america,2020,938.70
united_states_of_america,2021,938.70
united_states_of_america,2022,938.70
uruguay,1963,1312.0
uruguay,1964,1292.0
uruguay,1965,1272.0
uruguay,1966,1252.0
uruguay,1967,1232.0
uruguay,1968,1212.0
uruguay,1969,1192.0
uruguay,1970,1197.9
uruguay,1971,1203.7
uruguay,1972,1209.6
uruguay,1973,1215.4
uruguay,1974,1221.3
uruguay,1975,1227.1
uruguay,1976,1233.0
uruguay,1977,1259.2
uruguay,1978,1285.4
uruguay,1979,1311.6
uruguay,1980,1337.8
uruguay,1981,1364.0
uruguay,1982,1362.2
uruguay,1983,1360.3
uruguay,1984,1358.5
uruguay,1985,1356.7
uruguay,1986,1354.8
uruguay,1987,1353.0
uruguay,1988,1324.0
uruguay,1989,1295.0
uruguay,1990,1266.0
uruguay,1991,1246.5
uruguay,1992,1227.0
uruguay,1993,1207.5
uruguay,1994,1188.0
uruguay,1995,1239.7
uruguay,1996,1291.4
uruguay,1997,1343.1
uruguay,1998,1394.9
uruguay,1999,1446.6
uruguay,2000,1498.3
uruguay,2001,1550.0
uruguay,2002,1550.0
uruguay,2003,1550.0
uruguay,2004,1550.0
uruguay,2005,1550.0
uruguay,2006,1550.0
uruguay,2007,1550.0
uruguay,2008,1550.0
uruguay,2009,1550.0
uruguay,2010,1550.0
uruguay,2011,1550.0
uruguay,2012,1550.0
uruguay,2013,1550.0
uruguay,2014,1550.0
uruguay,2015,1550.0
uruguay,2016,1550.0
uruguay,2017,1550.0
uruguay,2018,1550.0
uruguay,2019,1550.0
uruguay,2020,1550.0
uruguay,2021,1550.0
uruguay,2022,1550.0
uzbekistan,1992,244.53
uzbekistan,1993,243.24
uzbekistan,1994,241.96
uzbekistan,1995,240.67
uzbekistan,1996,239.39
uzbekistan,1997,238.10
uzbekistan,1998,213.45
uzbekistan,1999,188.80
uzbekistan,2000,188.80
uzbekistan,2001,188.80
uzbekistan,2002,188.80
uzbekistan,2003,188.80
uzbekistan,2004,188.80
uzbekistan,2005,188.80
uzbekistan,2006,188.80
uzbekistan,2007,188.80
uzbekistan,2008,188.80
uzbekistan,2009,188.80
uzbekistan,2010,188.80
uzbekistan,2011,188.80
uzbekistan,2012,188.80
uzbekistan,2013,188.80
uzbekistan,2014,188.80
uzbekistan,2015,188.80
uzbekistan,2016,188.80
uzbekistan,2017,188.80
uzbekistan,2018,188.80
uzbekistan,2019,188.80
uzbekistan,2020,188.80
uzbekistan,2021,188.80
uzbekistan,2022,188.80
venezuela_bolivarian_republic_of,1966,1811.0
venezuela_bolivarian_republic_of,1967,1812.5
venezuela_bolivarian_republic_of,1968,1814.0
venezuela_bolivarian_republic_of,1969,1815.5
venezuela_bolivarian_republic_of,1970,1817.0
venezuela_bolivarian_republic_of,1971,1818.5
venezuela_bolivarian_republic_of,1972,1820.0
venezuela_bolivarian_republic_of,1973,1775.7
venezuela_bolivarian_republic_of,1974,1731.3
venezuela_bolivarian_republic_of,1975,1687.0
venezuela_bolivarian_republic_of,1976,1717.4
venezuela_bolivarian_republic_of,1977,1747.9
venezuela_bolivarian_republic_of,1978,1778.3
venezuela_bolivarian_republic_of,1979,1808.7
venezuela_bolivarian_republic_of,1980,1839.1
venezuela_bolivarian_republic_of,1981,1869.6
venezuela_bolivarian_republic_of,1982,1900.0
venezuela_bolivarian_republic_of,1983,1885.0
venezuela_bolivarian_republic_of,1984,1870.0
venezuela_bolivarian_republic_of,1985,1855.0
venezuela_bolivarian_republic_of,1986,1840.0
venezuela_bolivarian_republic_of,1987,1804.7
venezuela_bolivarian_republic_of,1988,1769.3
venezuela_bolivarian_republic_of,1989,1734.0
venezuela_bolivarian_republic_of,1990,1751.5
venezuela_bolivarian_republic_of,1991,1769.0
venezuela_bolivarian_republic_of,1992,1786.5
venezuela_bolivarian_republic_of,1993,1804.0
venezuela_bolivarian_republic_of,1994,1805.0
venezuela_bolivarian_republic_of,1995,1806.0
venezuela_bolivarian_republic_of,1996,1807.0
venezuela_bolivarian_republic_of,1997,1808.0
venezuela_bolivarian_republic_of,1998,1809.0
venezuela_bolivarian_republic_of,1999,1810.0
venezuela_bolivarian_republic_of,2000,1811.0
venezuela_bolivarian_republic_of,2001,1812.0
venezuela_bolivarian_republic_of,2002,1813.0
venezuela_bolivarian_republic_of,2003,1813.0
venezuela_bolivarian_republic_of,2004,1813.0
venezuela_bolivarian_republic_of,2005,1813.0
venezuela_bolivarian_republic_of,2006,1813.0
venezuela_bolivarian_republic_of,2007,1813.0
venezuela_bolivarian_republic_of,2008,1813.0
venezuela_bolivarian_republic_of,2009,1813.0
venezuela_bolivarian_republic_of,2010,1813.0
venezuela_bolivarian_republic_of,2011,1813.0
venezuela_bolivarian_republic_of,2012,1813.0
venezuela_bolivarian_republic_of,2013,1813.0
venezuela_bolivarian_republic_of,2014,1813.0
venezuela_bolivarian_republic_of,2015,1813.0
venezuela_bolivarian_republic_of,2016,1813.0
venezuela_bolivarian_republic_of,2017,1813.0
venezuela_bolivarian_republic_of,2018,1813.0
venezuela_bolivarian_republic_of,2019,1813.0
venezuela_bolivarian_republic_of,2020,1813.0
venezuela_bolivarian_republic_of,2021,1813.0
venezuela_bolivarian_republic_of,2022,1813.0
viet_nam,1963,1773.0
viet_nam,1964,1756.4
viet_nam,1965,1739.8
viet_nam,1966,1723.2
viet_nam,1967,1706.6
viet_nam,1968,1690.0
viet_nam,1969,1669.2
viet_nam,1970,1648.3
viet_nam,1971,1627.5
viet_nam,1972,1606.7
viet_nam,1973,1585.8
viet_nam,1974,1565.0
viet_nam,1975,1592.2
viet_nam,1976,1619.3
viet_nam,1977,1646.5
viet_nam,1978,1673.7
viet_nam,1979,1700.8
viet_nam,1980,1728.0
viet_nam,1981,1704.3
viet_nam,1982,1680.7
viet_nam,1983,1657.0
viet_nam,1984,1643.2
viet_nam,1985,1629.4
viet_nam,1986,1615.6
viet_nam,1987,1601.8
viet_nam,1988,1588.0
viet_nam,1989,1606.1
viet_nam,1990,1624.2
viet_nam,1991,1642.3
viet_nam,1992,1660.4
viet_nam,1993,1678.6
viet_nam,1994,1696.7
viet_nam,1995,1714.8
viet_nam,1996,1732.9
viet_nam,1997,1751.0
viet_nam,1998,1811.0
viet_nam,1999,1871.0
viet_nam,2000,1931.0
viet_nam,2001,1991.0
viet_nam,2002,1991.0
viet_nam,2003,1991.0
viet_nam,2004,1991.0
viet_nam,2005,1991.0
viet_nam,2006,1991.0
viet_nam,2007,1991.0
viet_nam,2008,1991.0
viet_nam,2009,1991.0
viet_nam,2010,1991.0
viet_nam,2011,1991.0
viet_nam,2012,1991.0
viet_nam,2013,1991.0
viet_nam,2014,1991.0
viet_nam,2015,1991.0
viet_nam,2016,1991.0
viet_nam,2017,1991.0
viet_nam,2018,1991.0
viet_nam,2019,1991.0
viet_nam,2020,1991.0
viet_nam,2021,1991.0
viet_nam,2022,1991.0
yemen,1964,290.20
yemen,1965,277.34
yemen,1966,264.48
yemen,1967,251.62
yemen,1968,238.76
yemen,1969,225.90
yemen,1970,230.83
yemen,1971,235.77
yemen,1972,240.70
yemen,1973,245.63
yemen,1974,250.57
yemen,1975,255.50
yemen,1976,261.98
yemen,1977,268.46
yemen,1978,274.94
yemen,1979,281.42
yemen,1980,287.90
yemen,1981,282.93
yemen,1982,277.97
yemen,1983,273.00
yemen,1984,268.03
yemen,1985,263.07
yemen,1986,258.10
yemen,1987,256.47
yemen,1988,254.83
yemen,1989,253.20
yemen,1990,265.03
yemen,1991,276.87
yemen,1992,288.70
yemen,1993,300.53
yemen,1994,312.37
yemen,1995,324.20
yemen,1996,305.90
yemen,1997,287.60
yemen,1998,269.30
yemen,1999,251.00
yemen,2000,232.70
yemen,2001,232.70
yemen,2002,232.70
yemen,2003,232.70
yemen,2004,232.70
yemen,2005,232.70
yemen,2006,232.70
yemen,2007,232.70
yemen,2008,232.70
yemen,2009,232.70
yemen,2010,232.70
yemen,2011,232.70
yemen,2012,232.70
yemen,2013,232.70
yemen,2014,232.70
yemen,2015,232.70
yemen,2016,232.70
yemen,2017,232.70
yemen,2018,232.70
yemen,2019,232.70
yemen,2020,232.70
yemen,2021,232.70
yemen,2022,232.70
zambia,1964,1036.0
zambia,1965,1044.5
zambia,1966,1053.0
zambia,1967,1061.5
zambia,1968,1070.0
zambia,1969,1075.9
zambia,1970,1081.7
zambia,1971,1087.6
zambia,1972,1093.4
zambia,1973,1099.3
zambia,1974,1105.1
zambia,1975,1111.0
zambia,1976,1117.4
zambia,1977,1123.8
zambia,1978,1130.2
zambia,1979,1136.6
zambia,1980,1143.0
zambia,1981,1091.8
zambia,1982,1040.5
zambia,1983,989.30
zambia,1984,988.10
zambia,1985,986.90
zambia,1986,985.70
zambia,1987,984.50
zambia,1988,983.30
zambia,1989,982.10
zambia,1990,980.90
zambia,1991,981.75
zambia,1992,982.60
zambia,1993,983.45
zambia,1994,984.30
zambia,1995,985.15
zambia,1996,986.00
zambia,1997,1005.8
zambia,1998,1025.5
zambia,1999,1045.3
zambia,2000,1065.0
zambia,2001,1065.0
zambia,2002,1065.0
zambia,2003,1065.0
zambia,2004,1065.0
zambia,2005,1065.0
zambia,2006,1065.0
zambia,2007,1065.0
zambia,2008,1065.0
zambia,2009,1065.0
zambia,2010,1065.0
zambia,2011,1065.0
zambia,2012,1065.0
zambia,2013,1065.0
zambia,2014,1065.0
zambia,2015,1065.0
zambia,2016,1065.0
zambia,2017,1065.0
zambia,2018,1065.0
zambia,2019,1065.0
zambia,2020,1065.0
zambia,2021,1065.0
zambia,2022,1065.0
zimbabwe,1966,656.00
zimbabwe,1967,653.42
zimbabwe,1968,650.84
zimbabwe,1969,648.26
zimbabwe,1970,645.68
zimbabwe,1971,643.10
zimbabwe,1972,677.64
zimbabwe,1973,712.18
zimbabwe,1974,746.72
zimbabwe,1975,781.26
zimbabwe,1976,815.80
zimbabwe,1977,783.58
zimbabwe,1978,751.35
zimbabwe,1979,719.13
zimbabwe,1980,686.90
zimbabwe,1981,645.33
zimbabwe,1982,603.75
zimbabwe,1983,562.17
zimbabwe,1984,520.60
zimbabwe,1985,522.62
zimbabwe,1986,524.63
zimbabwe,1987,526.65
zimbabwe,1988,528.67
zimbabwe,1989,530.68
zimbabwe,1990,532.70
zimbabwe,1991,599.63
zimbabwe,1992,666.57
zimbabwe,1993,733.50
zimbabwe,1994,732.13
zimbabwe,1995,730.75
zimbabwe,1996,729.38
zimbabwe,1997,728.00
zimbabwe,1998,726.63
zimbabwe,1999,725.25
zimbabwe,2000,723.88
zimbabwe,2001,722.50
zimbabwe,2002,722.50
zimbabwe,2003,722.50
zimbabwe,2004,722.50
zimbabwe,2005,722.50
zimbabwe,2006,722.50
zimbabwe,2007,722.50
zimbabwe,2008,722.50
zimbabwe,2009,722.50
zimbabwe,2010,722.50
zimbabwe,2011,722.50
zimbabwe,2012,722.50
zimbabwe,2013,722.50
zimbabwe,2014,722.50
zimbabwe,2015,722.50
zimbabwe,2016,722.50
zimbabwe,2017,722.50
zimbabwe,2018,722.50
zimbabwe,2019,722.50
zimbabwe,2020,722.50
zimbabwe,2021,722.50
zimbabwe,2022,722.50
