area,year,total_harvested_irrigated_crop_area_full_control_irrigation
afghanistan,2011,2176.0
afghanistan,2012,2176.0
afghanistan,2013,2176.0
afghanistan,2014,2176.0
afghanistan,2015,2176.0
afghanistan,2016,2176.0
afghanistan,2017,2176.0
afghanistan,2018,2176.0
afghanistan,2019,2176.0
afghanistan,2020,2176.0
afghanistan,2021,2176.0
afghanistan,2022,2176.0
albania,2006,102.70
albania,2007,102.70
albania,2008,102.70
albania,2009,102.70
albania,2010,102.70
albania,2011,102.70
albania,2012,102.70
albania,2013,102.70
albania,2014,102.70
albania,2015,102.70
albania,2016,102.70
albania,2017,102.70
albania,2018,102.70
albania,2019,102.70
albania,2020,102.70
albania,2021,102.70
albania,2022,102.70
algeria,2001,453.30
algeria,2002,511.14
algeria,2003,568.99
algeria,2004,626.83
algeria,2005,684.67
algeria,2006,742.51
algeria,2007,800.36
algeria,2008,858.20
algeria,2009,905.77
algeria,2010,953.33
algeria,2011,1000.9
algeria,2012,1048.5
algeria,2013,1096.0
algeria,2014,1143.6
algeria,2015,1191.2
algeria,2016,1238.7
algeria,2017,1286.3
algeria,2018,1333.9
algeria,2019,1381.4
algeria,2020,1429.0
algeria,2021,1424.0
algeria,2022,1490.0
angola,2005,11.520
angola,2006,11.520
angola,2007,11.520
angola,2008,11.520
angola,2009,11.520
angola,2010,11.520
angola,2011,11.520
angola,2012,11.520
angola,2013,11.520
angola,2014,11.520
angola,2015,11.520
angola,2016,11.520
angola,2017,11.520
angola,2018,11.520
angola,2019,11.520
angola,2020,11.520
angola,2021,11.520
angola,2022,11.520
antigua_and_barbuda,1997,0.13000
antigua_and_barbuda,1998,0.14497
antigua_and_barbuda,1999,0.15994
antigua_and_barbuda,2000,0.17491
antigua_and_barbuda,2001,0.18988
antigua_and_barbuda,2002,0.20485
antigua_and_barbuda,2003,0.21982
antigua_and_barbuda,2004,0.23479
antigua_and_barbuda,2005,0.24976
antigua_and_barbuda,2006,0.26474
antigua_and_barbuda,2007,0.27971
antigua_and_barbuda,2008,0.29468
antigua_and_barbuda,2009,0.30965
antigua_and_barbuda,2010,0.32462
antigua_and_barbuda,2011,0.33959
antigua_and_barbuda,2012,0.35456
antigua_and_barbuda,2013,0.36953
antigua_and_barbuda,2014,0.38450
antigua_and_barbuda,2015,0.38450
antigua_and_barbuda,2016,0.38450
antigua_and_barbuda,2017,0.38450
antigua_and_barbuda,2018,0.38450
antigua_and_barbuda,2019,0.38450
antigua_and_barbuda,2020,0.38450
antigua_and_barbuda,2021,0.38450
antigua_and_barbuda,2022,0.38450
argentina,1997,1550.0
argentina,1998,1618.2
argentina,1999,1686.4
argentina,2000,1754.5
argentina,2001,1822.7
argentina,2002,1890.9
argentina,2003,1959.1
argentina,2004,2027.3
argentina,2005,2095.5
argentina,2006,2163.6
argentina,2007,2231.8
argentina,2008,2300.0
argentina,2009,2300.0
argentina,2010,2300.0
argentina,2011,2300.0
argentina,2012,2300.0
argentina,2013,2300.0
argentina,2014,2300.0
argentina,2015,2300.0
argentina,2016,2300.0
argentina,2017,2300.0
argentina,2018,2300.0
argentina,2019,2300.0
argentina,2020,2300.0
argentina,2021,2300.0
argentina,2022,2300.0
armenia,1995,172.60
armenia,1996,172.91
armenia,1997,173.22
armenia,1998,173.53
armenia,1999,173.84
armenia,2000,174.15
armenia,2001,174.45
armenia,2002,174.76
armenia,2003,175.07
armenia,2004,175.38
armenia,2005,175.69
armenia,2006,176.00
armenia,2007,172.64
armenia,2008,169.29
armenia,2009,165.93
armenia,2010,162.58
armenia,2011,159.22
armenia,2012,155.87
armenia,2013,152.51
armenia,2014,149.16
armenia,2015,145.80
armenia,2016,131.20
armenia,2017,127.50
armenia,2018,82.000
armenia,2019,82.800
armenia,2020,85.400
armenia,2021,87.400
armenia,2022,87.600
australia,2006,2546.0
australia,2007,2198.5
australia,2008,1851.0
australia,2009,1761.0
australia,2010,1841.0
australia,2011,2020.0
australia,2012,2199.0
australia,2013,2378.0
australia,2014,2238.0
australia,2015,2055.7
australia,2016,2147.9
australia,2017,2243.7
australia,2018,2298.2
australia,2019,1954.8
australia,2020,1520.9
australia,2021,1944.9
australia,2022,1976.2
australia_and_new_zealand,2006,2546.0
australia_and_new_zealand,2007,2707.5
australia_and_new_zealand,2008,2383.1
australia_and_new_zealand,2009,2316.2
australia_and_new_zealand,2010,2419.3
australia_and_new_zealand,2011,2621.4
australia_and_new_zealand,2012,2823.5
australia_and_new_zealand,2013,3025.7
australia_and_new_zealand,2014,2908.8
australia_and_new_zealand,2015,2749.6
australia_and_new_zealand,2016,2864.9
australia_and_new_zealand,2017,2983.8
australia_and_new_zealand,2018,3037.8
australia_and_new_zealand,2019,2694.0
australia_and_new_zealand,2020,2260.1
australia_and_new_zealand,2021,2684.1
australia_and_new_zealand,2022,2715.4
austria,2008,43.400
austria,2009,43.400
austria,2010,43.400
austria,2011,43.400
austria,2012,43.400
austria,2013,43.400
austria,2014,43.400
austria,2015,43.400
austria,2016,43.400
austria,2017,43.400
austria,2018,43.400
austria,2019,43.400
austria,2020,43.400
austria,2021,43.400
austria,2022,43.400
azerbaijan,1995,762.80
azerbaijan,1996,832.71
azerbaijan,1997,902.62
azerbaijan,1998,972.53
azerbaijan,1999,1042.4
azerbaijan,2000,1112.4
azerbaijan,2001,1182.3
azerbaijan,2002,1252.2
azerbaijan,2003,1322.1
azerbaijan,2004,1392.0
azerbaijan,2005,1382.7
azerbaijan,2006,1373.4
azerbaijan,2007,1364.1
azerbaijan,2008,1354.8
azerbaijan,2009,1345.4
azerbaijan,2010,1336.1
azerbaijan,2011,1326.8
azerbaijan,2012,1317.5
azerbaijan,2013,1308.2
azerbaijan,2014,1298.9
azerbaijan,2015,1289.6
azerbaijan,2016,1280.3
azerbaijan,2017,1270.9
azerbaijan,2018,1261.6
azerbaijan,2019,1252.3
azerbaijan,2020,1243.0
azerbaijan,2021,1246.4
azerbaijan,2022,1245.1
bahrain,1994,3.1650
bahrain,1995,3.3067
bahrain,1996,3.4483
bahrain,1997,3.5900
bahrain,1998,3.7317
bahrain,1999,3.8733
bahrain,2000,4.0150
bahrain,2001,4.0150
bahrain,2002,4.0150
bahrain,2003,4.0150
bahrain,2004,4.0150
bahrain,2005,4.0150
bahrain,2006,4.0150
bahrain,2007,4.0150
bahrain,2008,4.0150
bahrain,2009,4.0150
bahrain,2010,4.0150
bahrain,2011,4.0150
bahrain,2012,4.0150
bahrain,2013,4.0150
bahrain,2014,4.0150
bahrain,2015,4.0150
bahrain,2016,4.0150
bahrain,2017,4.0150
bahrain,2018,4.0150
bahrain,2019,4.0150
bahrain,2020,4.0150
bahrain,2021,4.0150
bahrain,2022,4.0150
bangladesh,1979,1495.0
bangladesh,1980,1569.0
bangladesh,1981,1639.0
bangladesh,1982,1726.0
bangladesh,1983,1848.0
bangladesh,1984,1920.0
bangladesh,1985,2073.0
bangladesh,1986,2098.0
bangladesh,1987,2199.0
bangladesh,1988,2347.0
bangladesh,1989,2737.0
bangladesh,1990,2934.0
bangladesh,1991,3027.0
bangladesh,1992,3103.7
bangladesh,1993,3180.3
bangladesh,1994,3257.0
bangladesh,1995,3451.3
bangladesh,1996,3645.6
bangladesh,1997,3839.9
bangladesh,1998,4034.1
bangladesh,1999,4228.4
bangladesh,2000,4422.7
bangladesh,2001,4617.0
bangladesh,2002,4811.3
bangladesh,2003,5005.6
bangladesh,2004,5199.9
bangladesh,2005,5394.1
bangladesh,2006,5588.4
bangladesh,2007,5782.7
bangladesh,2008,5977.0
bangladesh,2009,5977.0
bangladesh,2010,5977.0
bangladesh,2011,5977.0
bangladesh,2012,5977.0
bangladesh,2013,5977.0
bangladesh,2014,5977.0
bangladesh,2015,5977.0
bangladesh,2016,5977.0
bangladesh,2017,5977.0
bangladesh,2018,5977.0
bangladesh,2019,5977.0
bangladesh,2020,5977.0
bangladesh,2021,5977.0
bangladesh,2022,5977.0
belarus,2011,30.600
belarus,2012,25.600
belarus,2013,20.600
belarus,2014,20.700
belarus,2015,21.300
belarus,2016,21.600
belarus,2017,21.900
belarus,2018,30.300
belarus,2019,21.400
belarus,2020,21.300
belarus,2021,21.300
belarus,2022,20.700
belgium,2008,5.7000
belgium,2009,5.7000
belgium,2010,5.7000
belgium,2011,5.7000
belgium,2012,5.7000
belgium,2013,5.7000
belgium,2014,5.7000
belgium,2015,5.7000
belgium,2016,5.7000
belgium,2017,5.7000
belgium,2018,5.7000
belgium,2019,5.7000
belgium,2020,5.7000
belgium,2021,5.7000
belgium,2022,5.7000
belize,1997,3.0000
belize,1998,3.0685
belize,1999,3.1370
belize,2000,3.2055
belize,2001,3.2740
belize,2002,3.3425
belize,2003,3.4110
belize,2004,3.4795
belize,2005,3.5480
belize,2006,3.5480
belize,2007,3.5480
belize,2008,3.5480
belize,2009,3.5480
belize,2010,3.5480
belize,2011,3.5480
belize,2012,3.5480
belize,2013,3.5480
belize,2014,3.5480
belize,2015,3.5480
belize,2016,3.5480
belize,2017,3.5480
belize,2018,3.5480
belize,2019,3.5480
belize,2020,3.5480
belize,2021,3.5480
belize,2022,3.5480
benin,1993,8.4440
benin,1994,9.3344
benin,1995,10.225
benin,1996,11.115
benin,1997,12.006
benin,1998,12.896
benin,1999,13.786
benin,2000,14.677
benin,2001,15.567
benin,2002,16.458
benin,2003,17.348
benin,2004,18.238
benin,2005,19.129
benin,2006,20.019
benin,2007,20.910
benin,2008,21.800
benin,2009,21.800
benin,2010,21.800
benin,2011,21.800
benin,2012,21.800
benin,2013,21.800
benin,2014,21.800
benin,2015,21.800
benin,2016,21.800
benin,2017,21.800
benin,2018,21.800
benin,2019,21.800
benin,2020,21.800
benin,2021,21.800
benin,2022,21.800
bhutan,1994,27.900
bhutan,1995,28.131
bhutan,1996,28.362
bhutan,1997,28.592
bhutan,1998,28.823
bhutan,1999,29.054
bhutan,2000,29.285
bhutan,2001,29.515
bhutan,2002,29.746
bhutan,2003,29.977
bhutan,2004,30.208
bhutan,2005,30.438
bhutan,2006,30.669
bhutan,2007,30.900
bhutan,2008,30.900
bhutan,2009,30.900
bhutan,2010,30.900
bhutan,2011,30.900
bhutan,2012,30.900
bhutan,2013,30.900
bhutan,2014,30.900
bhutan,2015,30.900
bhutan,2016,30.900
bhutan,2017,30.900
bhutan,2018,30.900
bhutan,2019,30.900
bhutan,2020,30.900
bhutan,2021,30.900
bhutan,2022,30.900
bolivia_plurinational_state_of,2008,284.20
bolivia_plurinational_state_of,2009,283.36
bolivia_plurinational_state_of,2010,282.51
bolivia_plurinational_state_of,2011,281.67
bolivia_plurinational_state_of,2012,280.83
bolivia_plurinational_state_of,2013,279.99
bolivia_plurinational_state_of,2014,279.14
bolivia_plurinational_state_of,2015,278.30
bolivia_plurinational_state_of,2016,278.30
bolivia_plurinational_state_of,2017,278.30
bolivia_plurinational_state_of,2018,278.30
bolivia_plurinational_state_of,2019,278.30
bolivia_plurinational_state_of,2020,278.30
bolivia_plurinational_state_of,2021,278.30
bolivia_plurinational_state_of,2022,278.30
botswana,1991,1.4810
botswana,1992,1.4636
botswana,1993,1.4463
botswana,1994,1.4289
botswana,1995,1.4115
botswana,1996,1.3942
botswana,1997,1.3768
botswana,1998,1.3595
botswana,1999,1.3421
botswana,2000,1.3247
botswana,2001,1.3074
botswana,2002,1.2900
botswana,2003,1.4075
botswana,2004,1.5250
botswana,2005,1.6425
botswana,2006,1.7600
botswana,2007,1.8775
botswana,2008,1.9950
botswana,2009,2.1125
botswana,2010,2.2300
botswana,2011,2.3475
botswana,2012,2.4650
botswana,2013,2.5825
botswana,2014,2.7000
botswana,2015,3.0000
botswana,2016,3.5000
botswana,2017,3.7500
botswana,2018,3.7746
botswana,2019,3.7993
botswana,2020,3.8239
botswana,2021,3.4439
botswana,2022,3.7801
brazil,2006,5329.0
brazil,2007,5550.9
brazil,2008,5772.8
brazil,2009,5994.7
brazil,2010,6216.6
brazil,2011,6438.5
brazil,2012,6660.4
brazil,2013,6882.3
brazil,2014,7104.2
brazil,2015,7326.1
brazil,2016,7548.0
brazil,2017,7192.0
brazil,2018,7487.0
brazil,2019,7796.0
brazil,2020,8141.0
brazil,2021,8195.0
brazil,2022,8515.0
brunei_darussalam,1995,1.0000
brunei_darussalam,1996,1.0000
brunei_darussalam,1997,1.0000
brunei_darussalam,1998,1.0000
brunei_darussalam,1999,1.0000
brunei_darussalam,2000,1.0000
brunei_darussalam,2001,1.0000
brunei_darussalam,2002,1.0000
brunei_darussalam,2003,1.0000
brunei_darussalam,2004,1.0000
brunei_darussalam,2005,1.0000
brunei_darussalam,2006,1.0000
brunei_darussalam,2007,1.0000
brunei_darussalam,2008,1.0000
brunei_darussalam,2009,1.0000
brunei_darussalam,2010,1.0000
brunei_darussalam,2011,1.0000
brunei_darussalam,2012,1.0000
brunei_darussalam,2013,1.0000
brunei_darussalam,2014,1.0000
brunei_darussalam,2015,1.0000
brunei_darussalam,2016,1.0000
brunei_darussalam,2017,1.0000
brunei_darussalam,2018,1.0000
brunei_darussalam,2019,1.0000
brunei_darussalam,2020,1.0000
brunei_darussalam,2021,1.0000
brunei_darussalam,2022,1.0000
bulgaria,2008,72.640
bulgaria,2009,72.640
bulgaria,2010,72.640
bulgaria,2011,72.640
bulgaria,2012,72.640
bulgaria,2013,72.640
bulgaria,2014,72.640
bulgaria,2015,72.640
bulgaria,2016,72.640
bulgaria,2017,72.640
bulgaria,2018,72.640
bulgaria,2019,72.640
bulgaria,2020,72.640
bulgaria,2021,72.640
bulgaria,2022,72.640
burkina_faso,1992,45.730
burkina_faso,1993,42.674
burkina_faso,1994,39.619
burkina_faso,1995,36.563
burkina_faso,1996,33.508
burkina_faso,1997,30.452
burkina_faso,1998,27.397
burkina_faso,1999,24.341
burkina_faso,2000,21.286
burkina_faso,2001,18.230
burkina_faso,2002,20.172
burkina_faso,2003,22.114
burkina_faso,2004,24.056
burkina_faso,2005,25.998
burkina_faso,2006,27.940
burkina_faso,2007,29.882
burkina_faso,2008,31.824
burkina_faso,2009,33.766
burkina_faso,2010,35.708
burkina_faso,2011,37.650
burkina_faso,2012,37.650
burkina_faso,2013,37.650
burkina_faso,2014,37.650
burkina_faso,2015,37.650
burkina_faso,2016,37.650
burkina_faso,2017,37.650
burkina_faso,2018,37.650
burkina_faso,2019,37.650
burkina_faso,2020,37.650
burkina_faso,2021,37.650
burkina_faso,2022,37.650
burundi,2000,6.9600
burundi,2001,6.9600
burundi,2002,6.9600
burundi,2003,6.9600
burundi,2004,6.9600
burundi,2005,6.9600
burundi,2006,6.9600
burundi,2007,6.9600
burundi,2008,6.9600
burundi,2009,6.9600
burundi,2010,6.9600
burundi,2011,6.9600
burundi,2012,6.9600
burundi,2013,6.9600
burundi,2014,6.9600
burundi,2015,6.9600
burundi,2016,6.9600
burundi,2017,6.9600
burundi,2018,6.9600
burundi,2019,6.9600
burundi,2020,6.9600
burundi,2021,6.9600
burundi,2022,6.9600
cabo_verde,1985,2.3070
cabo_verde,1986,2.2953
cabo_verde,1987,2.2836
cabo_verde,1988,2.2719
cabo_verde,1989,2.2603
cabo_verde,1990,2.2486
cabo_verde,1991,2.2369
cabo_verde,1992,2.2252
cabo_verde,1993,2.2135
cabo_verde,1994,2.2018
cabo_verde,1995,2.1902
cabo_verde,1996,2.1785
cabo_verde,1997,2.1668
cabo_verde,1998,2.1551
cabo_verde,1999,2.1434
cabo_verde,2000,2.1317
cabo_verde,2001,2.1201
cabo_verde,2002,2.1084
cabo_verde,2003,2.0967
cabo_verde,2004,2.0850
cabo_verde,2005,2.1556
cabo_verde,2006,2.2262
cabo_verde,2007,2.2968
cabo_verde,2008,2.3673
cabo_verde,2009,2.4379
cabo_verde,2010,2.5085
cabo_verde,2011,2.5791
cabo_verde,2012,2.6497
cabo_verde,2013,2.7203
cabo_verde,2014,2.7909
cabo_verde,2015,2.8615
cabo_verde,2016,2.9320
cabo_verde,2017,3.0026
cabo_verde,2018,3.0732
cabo_verde,2019,3.1438
cabo_verde,2020,3.1438
cabo_verde,2021,3.1438
cabo_verde,2022,3.1438
cambodia,2006,384.50
cambodia,2007,384.50
cambodia,2008,384.50
cambodia,2009,384.50
cambodia,2010,384.50
cambodia,2011,384.50
cambodia,2012,384.50
cambodia,2013,384.50
cambodia,2014,384.50
cambodia,2015,384.50
cambodia,2016,384.50
cambodia,2017,384.50
cambodia,2018,384.50
cambodia,2019,384.50
cambodia,2020,384.50
cambodia,2021,384.50
cambodia,2022,384.50
cameroon,2000,34.000
cameroon,2001,34.000
cameroon,2002,34.000
cameroon,2003,34.000
cameroon,2004,34.000
cameroon,2005,34.000
cameroon,2006,34.000
cameroon,2007,34.000
cameroon,2008,34.000
cameroon,2009,34.000
cameroon,2010,34.000
cameroon,2011,34.000
cameroon,2012,34.000
cameroon,2013,34.000
cameroon,2014,34.000
cameroon,2015,34.000
cameroon,2016,34.000
cameroon,2017,34.000
cameroon,2018,34.000
cameroon,2019,34.000
cameroon,2020,34.000
cameroon,2021,34.000
cameroon,2022,34.000
canada,2010,770.10
canada,2011,724.05
canada,2012,678.00
canada,2013,631.95
canada,2014,585.90
canada,2015,637.35
canada,2016,688.80
canada,2017,688.80
canada,2018,688.80
canada,2019,688.80
canada,2020,688.80
canada,2021,688.80
canada,2022,688.80
central_african_republic,1987,0.090000
central_african_republic,1988,0.090000
central_african_republic,1989,0.090000
central_african_republic,1990,0.090000
central_african_republic,1991,0.090000
central_african_republic,1992,0.090000
central_african_republic,1993,0.090000
central_african_republic,1994,0.090000
central_african_republic,1995,0.090000
central_african_republic,1996,0.090000
central_african_republic,1997,0.090000
central_african_republic,1998,0.090000
central_african_republic,1999,0.090000
central_african_republic,2000,0.090000
central_african_republic,2001,0.090000
central_african_republic,2002,0.090000
central_african_republic,2003,0.090000
central_african_republic,2004,0.090000
central_african_republic,2005,0.090000
central_african_republic,2006,0.090000
central_african_republic,2007,0.090000
central_african_republic,2008,0.090000
central_african_republic,2009,0.090000
central_african_republic,2010,0.090000
central_african_republic,2011,0.090000
central_african_republic,2012,0.090000
central_african_republic,2013,0.090000
central_african_republic,2014,0.090000
central_african_republic,2015,0.090000
central_african_republic,2016,0.090000
central_african_republic,2017,0.090000
central_african_republic,2018,0.090000
central_african_republic,2019,0.090000
central_african_republic,2020,0.090000
central_african_republic,2021,0.090000
central_african_republic,2022,0.090000
central_and_southern_asia,2000,97053
central_and_southern_asia,2001,120400
central_and_southern_asia,2002,120780
central_and_southern_asia,2003,121150
central_and_southern_asia,2004,121140
central_and_southern_asia,2005,123530
central_and_southern_asia,2006,128670
central_and_southern_asia,2007,131140
central_and_southern_asia,2008,133610
central_and_southern_asia,2009,134110
central_and_southern_asia,2010,134620
central_and_southern_asia,2011,137400
central_and_southern_asia,2012,138010
central_and_southern_asia,2013,138610
central_and_southern_asia,2014,138150
central_and_southern_asia,2015,137700
central_and_southern_asia,2016,137240
central_and_southern_asia,2017,136410
central_and_southern_asia,2018,135910
central_and_southern_asia,2019,132680
central_and_southern_asia,2020,136930
central_and_southern_asia,2021,137070
central_and_southern_asia,2022,137100
central_asia,2000,9474.7
central_asia,2001,9371.4
central_asia,2002,9268.0
central_asia,2003,9164.6
central_asia,2004,9061.3
central_asia,2005,8957.9
central_asia,2006,8953.3
central_asia,2007,8930.4
central_asia,2008,8907.5
central_asia,2009,8884.5
central_asia,2010,8860.9
central_asia,2011,8940.2
central_asia,2012,9019.5
central_asia,2013,9098.7
central_asia,2014,9178.0
central_asia,2015,9257.3
central_asia,2016,9336.5
central_asia,2017,9039.4
central_asia,2018,9083.3
central_asia,2019,9200.7
central_asia,2020,9382.9
central_asia,2021,9386.4
central_asia,2022,9468.0
chad,2002,26.800
chad,2003,26.800
chad,2004,26.800
chad,2005,26.800
chad,2006,26.800
chad,2007,26.800
chad,2008,26.800
chad,2009,26.800
chad,2010,26.800
chad,2011,26.800
chad,2012,26.800
chad,2013,26.800
chad,2014,26.800
chad,2015,26.800
chad,2016,26.800
chad,2017,26.800
chad,2018,26.800
chad,2019,26.800
chad,2020,26.800
chad,2021,26.800
chad,2022,26.800
chile,2007,1094.0
chile,2008,1080.5
chile,2009,1067.0
chile,2010,1053.5
chile,2011,1040.0
chile,2012,1026.5
chile,2013,1013.0
chile,2014,999.50
chile,2015,986.00
chile,2016,986.00
chile,2017,986.00
chile,2018,986.00
chile,2019,986.00
chile,2020,986.00
chile,2021,986.00
chile,2022,986.00
china,2006,95486
china,2007,95486
china,2008,95486
china,2009,95486
china,2010,95486
china,2011,95486
china,2012,95486
china,2013,95486
china,2014,95486
china,2015,95486
china,2016,95486
china,2017,95486
china,2018,95486
china,2019,95486
china,2020,95486
china,2021,95486
china,2022,95486
colombia,1994,124.70
colombia,1995,148.19
colombia,1996,171.68
colombia,1997,195.16
colombia,1998,218.65
colombia,1999,242.14
colombia,2000,265.63
colombia,2001,289.12
colombia,2002,312.61
colombia,2003,336.09
colombia,2004,359.58
colombia,2005,383.07
colombia,2006,406.56
colombia,2007,430.05
colombia,2008,453.54
colombia,2009,477.02
colombia,2010,500.51
colombia,2011,524.00
colombia,2012,524.00
colombia,2013,524.00
colombia,2014,524.00
colombia,2015,524.00
colombia,2016,524.00
colombia,2017,524.00
colombia,2018,524.00
colombia,2019,524.00
colombia,2020,524.00
colombia,2021,524.00
colombia,2022,524.00
congo,1993,0.43400
congo,1994,0.43400
congo,1995,0.43400
congo,1996,0.43400
congo,1997,0.43400
congo,1998,0.43400
congo,1999,0.43400
congo,2000,0.43400
congo,2001,0.43400
congo,2002,0.43400
congo,2003,0.43400
congo,2004,0.43400
congo,2005,0.43400
congo,2006,0.43400
congo,2007,0.43400
congo,2008,0.43400
congo,2009,0.43400
congo,2010,0.43400
congo,2011,0.43400
congo,2012,0.43400
congo,2013,0.43400
congo,2014,0.43400
congo,2015,0.43400
congo,2016,0.43400
congo,2017,0.43400
congo,2018,0.43400
congo,2019,0.43400
congo,2020,0.43400
congo,2021,0.43400
congo,2022,0.43400
costa_rica,2013,101.50
costa_rica,2014,144.70
costa_rica,2015,144.70
costa_rica,2016,144.70
costa_rica,2017,144.70
costa_rica,2018,144.70
costa_rica,2019,144.70
costa_rica,2020,144.70
costa_rica,2021,144.70
costa_rica,2022,144.70
cote_d_ivoire,1994,43.540
cote_d_ivoire,1995,42.751
cote_d_ivoire,1996,41.963
cote_d_ivoire,1997,41.174
cote_d_ivoire,1998,40.386
cote_d_ivoire,1999,39.597
cote_d_ivoire,2000,38.809
cote_d_ivoire,2001,38.020
cote_d_ivoire,2002,37.231
cote_d_ivoire,2003,36.443
cote_d_ivoire,2004,35.654
cote_d_ivoire,2005,34.866
cote_d_ivoire,2006,34.077
cote_d_ivoire,2007,33.289
cote_d_ivoire,2008,32.500
cote_d_ivoire,2009,35.042
cote_d_ivoire,2010,37.583
cote_d_ivoire,2011,40.125
cote_d_ivoire,2012,42.667
cote_d_ivoire,2013,45.208
cote_d_ivoire,2014,47.750
cote_d_ivoire,2015,47.750
cote_d_ivoire,2016,47.750
cote_d_ivoire,2017,47.750
cote_d_ivoire,2018,47.750
cote_d_ivoire,2019,47.750
cote_d_ivoire,2020,47.750
cote_d_ivoire,2021,47.750
cote_d_ivoire,2022,47.750
cuba,2007,180.90
cuba,2008,243.08
cuba,2009,305.26
cuba,2010,367.44
cuba,2011,429.62
cuba,2012,491.80
cuba,2013,491.80
cuba,2014,491.80
cuba,2015,491.80
cuba,2016,491.80
cuba,2017,491.80
cuba,2018,491.80
cuba,2019,491.80
cuba,2020,491.80
cuba,2021,491.80
cuba,2022,491.80
cyprus,1994,33.970
cyprus,1995,33.776
cyprus,1996,33.583
cyprus,1997,33.389
cyprus,1998,33.196
cyprus,1999,33.002
cyprus,2000,32.809
cyprus,2001,32.615
cyprus,2002,32.421
cyprus,2003,32.228
cyprus,2004,32.034
cyprus,2005,31.841
cyprus,2006,31.647
cyprus,2007,31.454
cyprus,2008,31.260
cyprus,2009,30.410
cyprus,2010,29.559
cyprus,2011,28.709
cyprus,2012,27.859
cyprus,2013,27.009
cyprus,2014,26.158
cyprus,2015,25.308
cyprus,2016,25.026
cyprus,2017,25.048
cyprus,2018,26.597
cyprus,2019,25.393
cyprus,2020,25.830
cyprus,2021,26.330
cyprus,2022,26.660
czechia,2007,19.910
czechia,2008,19.910
czechia,2009,19.910
czechia,2010,19.910
czechia,2011,19.910
czechia,2012,19.910
czechia,2013,19.910
czechia,2014,19.910
czechia,2015,19.910
czechia,2016,19.910
czechia,2017,19.910
czechia,2018,19.910
czechia,2019,19.910
czechia,2020,19.910
czechia,2021,19.910
czechia,2022,19.910
democratic_people_s_republic_of_korea,1995,1351.0
democratic_people_s_republic_of_korea,1996,1351.0
democratic_people_s_republic_of_korea,1997,1351.0
democratic_people_s_republic_of_korea,1998,1351.0
democratic_people_s_republic_of_korea,1999,1351.0
democratic_people_s_republic_of_korea,2000,1351.0
democratic_people_s_republic_of_korea,2001,1351.0
democratic_people_s_republic_of_korea,2002,1351.0
democratic_people_s_republic_of_korea,2003,1351.0
democratic_people_s_republic_of_korea,2004,1351.0
democratic_people_s_republic_of_korea,2005,1351.0
democratic_people_s_republic_of_korea,2006,1351.0
democratic_people_s_republic_of_korea,2007,1351.0
democratic_people_s_republic_of_korea,2008,1351.0
democratic_people_s_republic_of_korea,2009,1351.0
democratic_people_s_republic_of_korea,2010,1351.0
democratic_people_s_republic_of_korea,2011,1351.0
democratic_people_s_republic_of_korea,2012,1351.0
democratic_people_s_republic_of_korea,2013,1351.0
democratic_people_s_republic_of_korea,2014,1351.0
democratic_people_s_republic_of_korea,2015,1351.0
democratic_people_s_republic_of_korea,2016,1351.0
democratic_people_s_republic_of_korea,2017,1351.0
democratic_people_s_republic_of_korea,2018,1351.0
democratic_people_s_republic_of_korea,2019,1351.0
democratic_people_s_republic_of_korea,2020,1351.0
democratic_people_s_republic_of_korea,2021,1351.0
democratic_people_s_republic_of_korea,2022,1351.0
democratic_republic_of_the_congo,1995,13.500
democratic_republic_of_the_congo,1996,13.025
democratic_republic_of_the_congo,1997,12.550
democratic_republic_of_the_congo,1998,12.075
democratic_republic_of_the_congo,1999,11.600
democratic_republic_of_the_congo,2000,11.125
democratic_republic_of_the_congo,2001,10.650
democratic_republic_of_the_congo,2002,10.175
democratic_republic_of_the_congo,2003,9.7000
democratic_republic_of_the_congo,2004,9.2250
democratic_republic_of_the_congo,2005,8.7500
democratic_republic_of_the_congo,2006,8.2750
democratic_republic_of_the_congo,2007,7.8000
democratic_republic_of_the_congo,2008,7.8000
democratic_republic_of_the_congo,2009,7.8000
democratic_republic_of_the_congo,2010,7.8000
democratic_republic_of_the_congo,2011,7.8000
democratic_republic_of_the_congo,2012,7.8000
democratic_republic_of_the_congo,2013,7.8000
democratic_republic_of_the_congo,2014,7.8000
democratic_republic_of_the_congo,2015,7.8000
democratic_republic_of_the_congo,2016,7.8000
democratic_republic_of_the_congo,2017,7.8000
democratic_republic_of_the_congo,2018,7.8000
democratic_republic_of_the_congo,2019,7.8000
democratic_republic_of_the_congo,2020,7.8000
democratic_republic_of_the_congo,2021,7.8000
democratic_republic_of_the_congo,2022,7.8000
denmark,2008,254.10
denmark,2009,254.10
denmark,2010,254.10
denmark,2011,254.10
denmark,2012,254.10
denmark,2013,254.10
denmark,2014,254.10
denmark,2015,254.10
denmark,2016,254.10
denmark,2017,254.10
denmark,2018,254.10
denmark,2019,254.10
denmark,2020,254.10
denmark,2021,254.10
denmark,2022,254.10
djibouti,1989,0.40700
djibouti,1990,0.42450
djibouti,1991,0.44200
djibouti,1992,0.45950
djibouti,1993,0.47700
djibouti,1994,0.49450
djibouti,1995,0.51200
djibouti,1996,0.52950
djibouti,1997,0.54700
djibouti,1998,0.56450
djibouti,1999,0.58200
djibouti,2000,0.58200
djibouti,2001,0.58200
djibouti,2002,0.58200
djibouti,2003,0.58200
djibouti,2004,0.58200
djibouti,2005,0.58200
djibouti,2006,0.58200
djibouti,2007,0.58200
djibouti,2008,0.58200
djibouti,2009,0.58200
djibouti,2010,0.58200
djibouti,2011,0.58200
djibouti,2012,0.58200
djibouti,2013,0.58200
djibouti,2014,0.58200
djibouti,2015,0.58200
djibouti,2016,0.58200
djibouti,2017,0.58200
djibouti,2018,0.58200
djibouti,2019,0.58200
djibouti,2020,0.58200
djibouti,2021,0.58200
djibouti,2022,0.58200
dominican_republic,2004,296.20
dominican_republic,2005,293.94
dominican_republic,2006,291.67
dominican_republic,2007,289.41
dominican_republic,2008,287.14
dominican_republic,2009,284.88
dominican_republic,2010,282.62
dominican_republic,2011,280.35
dominican_republic,2012,278.09
dominican_republic,2013,275.82
dominican_republic,2014,273.56
dominican_republic,2015,271.30
dominican_republic,2016,269.03
dominican_republic,2017,266.77
dominican_republic,2018,264.50
dominican_republic,2019,269.18
dominican_republic,2020,281.99
dominican_republic,2021,281.99
dominican_republic,2022,281.99
eastern_and_south_eastern_asia,2000,18536
eastern_and_south_eastern_asia,2001,19227
eastern_and_south_eastern_asia,2002,19951
eastern_and_south_eastern_asia,2003,20641
eastern_and_south_eastern_asia,2004,21332
eastern_and_south_eastern_asia,2005,35410
eastern_and_south_eastern_asia,2006,137250
eastern_and_south_eastern_asia,2007,137510
eastern_and_south_eastern_asia,2008,137590
eastern_and_south_eastern_asia,2009,137670
eastern_and_south_eastern_asia,2010,137740
eastern_and_south_eastern_asia,2011,137820
eastern_and_south_eastern_asia,2012,137900
eastern_and_south_eastern_asia,2013,137980
eastern_and_south_eastern_asia,2014,138060
eastern_and_south_eastern_asia,2015,138060
eastern_and_south_eastern_asia,2016,138000
eastern_and_south_eastern_asia,2017,138090
eastern_and_south_eastern_asia,2018,138080
eastern_and_south_eastern_asia,2019,138060
eastern_and_south_eastern_asia,2020,138050
eastern_and_south_eastern_asia,2021,138130
eastern_and_south_eastern_asia,2022,138140
eastern_asia,2000,2459.1
eastern_asia,2001,2505.0
eastern_asia,2002,2550.9
eastern_asia,2003,2596.7
eastern_asia,2004,2642.6
eastern_asia,2005,2688.5
eastern_asia,2006,101180
eastern_asia,2007,101180
eastern_asia,2008,101180
eastern_asia,2009,101180
eastern_asia,2010,101180
eastern_asia,2011,101180
eastern_asia,2012,101180
eastern_asia,2013,101180
eastern_asia,2014,101180
eastern_asia,2015,101180
eastern_asia,2016,101190
eastern_asia,2017,101180
eastern_asia,2018,101180
eastern_asia,2019,101190
eastern_asia,2020,101190
eastern_asia,2021,101190
eastern_asia,2022,101190
ecuador,2000,666.30
ecuador,2001,693.87
ecuador,2002,721.44
ecuador,2003,749.01
ecuador,2004,776.58
ecuador,2005,804.15
ecuador,2006,831.72
ecuador,2007,859.29
ecuador,2008,886.86
ecuador,2009,914.43
ecuador,2010,942.00
ecuador,2011,975.60
ecuador,2012,1009.2
ecuador,2013,1042.8
ecuador,2014,1076.4
ecuador,2015,1110.0
ecuador,2016,989.60
ecuador,2017,1088.0
ecuador,2018,974.60
ecuador,2019,974.60
ecuador,2020,974.60
ecuador,2021,974.60
ecuador,2022,974.60
egypt,1993,5379.0
egypt,1994,5451.0
egypt,1995,5523.0
egypt,1996,5595.0
egypt,1997,5667.0
egypt,1998,5739.0
egypt,1999,5811.0
egypt,2000,5883.0
egypt,2001,5955.0
egypt,2002,6027.0
egypt,2003,6065.3
egypt,2004,6103.5
egypt,2005,6141.8
egypt,2006,6180.0
egypt,2007,6218.3
egypt,2008,6256.5
egypt,2009,6294.8
egypt,2010,6333.0
egypt,2011,6333.0
egypt,2012,6333.0
egypt,2013,6333.0
egypt,2014,6333.0
egypt,2015,6333.0
egypt,2016,6333.0
egypt,2017,6333.0
egypt,2018,6333.0
egypt,2019,6333.0
egypt,2020,6333.0
egypt,2021,6333.0
egypt,2022,6333.0
el_salvador,1988,41.660
el_salvador,1989,41.217
el_salvador,1990,40.775
el_salvador,1991,40.332
el_salvador,1992,39.889
el_salvador,1993,39.447
el_salvador,1994,39.004
el_salvador,1995,38.562
el_salvador,1996,38.119
el_salvador,1997,37.676
el_salvador,1998,37.234
el_salvador,1999,36.791
el_salvador,2000,36.348
el_salvador,2001,35.906
el_salvador,2002,35.463
el_salvador,2003,35.021
el_salvador,2004,34.578
el_salvador,2005,34.135
el_salvador,2006,33.693
el_salvador,2007,33.250
el_salvador,2008,33.368
el_salvador,2009,33.486
el_salvador,2010,33.604
el_salvador,2011,33.722
el_salvador,2012,33.840
el_salvador,2013,3276.4
el_salvador,2014,6519.0
el_salvador,2015,9761.5
el_salvador,2016,13004
el_salvador,2017,16247
el_salvador,2018,19489
el_salvador,2019,22732
el_salvador,2020,25974
el_salvador,2021,29217
el_salvador,2022,32459
eritrea,1993,5.9690
eritrea,1994,5.9690
eritrea,1995,5.9690
eritrea,1996,5.9690
eritrea,1997,5.9690
eritrea,1998,5.9690
eritrea,1999,5.9690
eritrea,2000,5.9690
eritrea,2001,5.9690
eritrea,2002,5.9690
eritrea,2003,5.9690
eritrea,2004,5.9690
eritrea,2005,5.9690
eritrea,2006,5.9690
eritrea,2007,5.9690
eritrea,2008,5.9690
eritrea,2009,5.9690
eritrea,2010,5.9690
eritrea,2011,5.9690
eritrea,2012,5.9690
eritrea,2013,5.9690
eritrea,2014,5.9690
eritrea,2015,5.9690
eritrea,2016,5.9690
eritrea,2017,5.9690
eritrea,2018,5.9690
eritrea,2019,5.9690
eritrea,2020,5.9690
eritrea,2021,5.9690
eritrea,2022,5.9690
estonia,2010,0.32600
estonia,2011,0.32600
estonia,2012,0.32600
estonia,2013,0.32600
estonia,2014,0.32600
estonia,2015,0.32600
estonia,2016,0.32600
estonia,2017,0.32600
estonia,2018,0.32600
estonia,2019,0.32600
estonia,2020,0.32600
estonia,2021,0.32600
estonia,2022,0.32600
eswatini,2002,45.480
eswatini,2003,45.480
eswatini,2004,45.480
eswatini,2005,45.480
eswatini,2006,45.480
eswatini,2007,45.480
eswatini,2008,45.480
eswatini,2009,45.480
eswatini,2010,45.480
eswatini,2011,45.480
eswatini,2012,45.480
eswatini,2013,45.480
eswatini,2014,45.480
eswatini,2015,45.480
eswatini,2016,45.480
eswatini,2017,45.480
eswatini,2018,45.480
eswatini,2019,45.480
eswatini,2020,45.480
eswatini,2021,45.480
eswatini,2022,45.480
ethiopia,2002,410.60
ethiopia,2003,410.60
ethiopia,2004,410.60
ethiopia,2005,410.60
ethiopia,2006,410.60
ethiopia,2007,410.60
ethiopia,2008,410.60
ethiopia,2009,410.60
ethiopia,2010,410.60
ethiopia,2011,410.60
ethiopia,2012,410.60
ethiopia,2013,410.60
ethiopia,2014,410.60
ethiopia,2015,410.60
ethiopia,2016,410.60
ethiopia,2017,410.60
ethiopia,2018,410.60
ethiopia,2019,410.60
ethiopia,2020,410.60
ethiopia,2021,410.60
ethiopia,2022,410.60
europe,2000,5880.4
europe,2001,5661.5
europe,2002,5442.5
europe,2003,5955.0
europe,2004,5618.2
europe,2005,5281.4
europe,2006,5269.0
europe,2007,5680.9
europe,2008,12359
europe,2009,12279
europe,2010,12351
europe,2011,12431
europe,2012,12449
europe,2013,12467
europe,2014,12548
europe,2015,12672
europe,2016,12674
europe,2017,12933
europe,2018,13374
europe,2019,13286
europe,2020,13519
europe,2021,13281
europe,2022,13123
europe_and_northern_america,2000,5880.4
europe_and_northern_america,2001,5661.5
europe_and_northern_america,2002,5442.5
europe_and_northern_america,2003,5955.0
europe_and_northern_america,2004,5618.2
europe_and_northern_america,2005,5281.4
europe_and_northern_america,2006,5269.0
europe_and_northern_america,2007,5680.9
europe_and_northern_america,2008,35634
europe_and_northern_america,2009,35458
europe_and_northern_america,2010,36205
europe_and_northern_america,2011,36143
europe_and_northern_america,2012,36020
europe_and_northern_america,2013,35897
europe_and_northern_america,2014,35836
europe_and_northern_america,2015,35917
europe_and_northern_america,2016,35875
europe_and_northern_america,2017,36259
europe_and_northern_america,2018,36825
europe_and_northern_america,2019,36738
europe_and_northern_america,2020,35071
europe_and_northern_america,2021,34833
europe_and_northern_america,2022,34514
finland,2010,15.020
finland,2011,13.616
finland,2012,12.212
finland,2013,10.808
finland,2014,9.4040
finland,2015,8.0000
finland,2016,8.0000
finland,2017,4.0000
finland,2018,4.0000
finland,2019,4.0000
finland,2020,4.0000
finland,2021,4.0000
finland,2022,4.0000
france,2008,1512.0
france,2009,1495.2
france,2010,1478.4
france,2011,1461.5
france,2012,1444.7
france,2013,1427.9
france,2014,1411.1
france,2015,1394.3
france,2016,1377.5
france,2017,1489.6
france,2018,1601.7
france,2019,1713.9
france,2020,1826.0
france,2021,1826.0
france,2022,1826.0
gabon,1987,4.4500
gabon,1988,4.4500
gabon,1989,4.4500
gabon,1990,4.4500
gabon,1991,4.4500
gabon,1992,4.4500
gabon,1993,4.4500
gabon,1994,4.4500
gabon,1995,4.4500
gabon,1996,4.4500
gabon,1997,4.4500
gabon,1998,4.4500
gabon,1999,4.4500
gabon,2000,4.4500
gabon,2001,4.4500
gabon,2002,4.4500
gabon,2003,4.4500
gabon,2004,4.4500
gabon,2005,4.4500
gabon,2006,4.4500
gabon,2007,4.4500
gabon,2008,4.4500
gabon,2009,4.4500
gabon,2010,4.4500
gabon,2011,4.4500
gabon,2012,4.4500
gabon,2013,4.4500
gabon,2014,4.4500
gabon,2015,4.4500
gabon,2016,4.4500
gabon,2017,4.4500
gabon,2018,4.4500
gabon,2019,4.4500
gabon,2020,4.4500
gabon,2021,4.4500
gabon,2022,4.4500
gambia,1999,2.0000
gambia,2000,2.0000
gambia,2001,2.0000
gambia,2002,2.0000
gambia,2003,2.0000
gambia,2004,2.0000
gambia,2005,2.0000
gambia,2006,2.0000
gambia,2007,2.0000
gambia,2008,2.0000
gambia,2009,2.0000
gambia,2010,2.0000
gambia,2011,2.0000
gambia,2012,2.0000
gambia,2013,2.0000
gambia,2014,2.0000
gambia,2015,2.0000
gambia,2016,2.0000
gambia,2017,2.0000
gambia,2018,2.0000
gambia,2019,2.0000
gambia,2020,2.0000
gambia,2021,2.0000
gambia,2022,2.0000
georgia,2006,126.10
georgia,2007,117.92
georgia,2008,109.73
georgia,2009,101.55
georgia,2010,93.361
georgia,2011,85.177
georgia,2012,76.992
georgia,2013,68.807
georgia,2014,60.622
georgia,2015,52.438
georgia,2016,44.253
georgia,2017,47.475
georgia,2018,46.575
georgia,2019,56.093
georgia,2020,70.756
georgia,2021,60.996
georgia,2022,69.048
germany,2006,234.60
germany,2007,234.60
germany,2008,234.60
germany,2009,234.60
germany,2010,234.60
germany,2011,234.60
germany,2012,234.60
germany,2013,234.60
germany,2014,234.60
germany,2015,234.60
germany,2016,234.60
germany,2017,234.60
germany,2018,234.60
germany,2019,234.60
germany,2020,234.60
germany,2021,234.60
germany,2022,234.60
ghana,2010,60.500
ghana,2011,61.580
ghana,2012,62.660
ghana,2013,63.740
ghana,2014,64.820
ghana,2015,65.900
ghana,2016,66.980
ghana,2017,66.980
ghana,2018,66.980
ghana,2019,66.980
ghana,2020,66.980
ghana,2021,66.980
ghana,2022,66.980
greece,2008,1280.0
greece,2009,1274.3
greece,2010,1268.7
greece,2011,1263.0
greece,2012,1257.3
greece,2013,1251.6
greece,2014,1246.0
greece,2015,1240.3
greece,2016,1234.6
greece,2017,1228.9
greece,2018,1223.3
greece,2019,1217.6
greece,2020,1211.9
greece,2021,1219.1
greece,2022,1195.6
grenada,2008,0.36500
grenada,2009,0.36500
grenada,2010,0.36500
grenada,2011,0.36500
grenada,2012,0.36500
grenada,2013,0.36500
grenada,2014,0.36500
grenada,2015,0.36500
grenada,2016,0.36500
grenada,2017,0.36500
grenada,2018,0.36500
grenada,2019,0.36500
grenada,2020,0.36500
grenada,2021,0.36500
grenada,2022,0.36500
guatemala,2007,352.00
guatemala,2008,352.00
guatemala,2009,352.00
guatemala,2010,352.00
guatemala,2011,352.00
guatemala,2012,352.00
guatemala,2013,352.00
guatemala,2014,352.00
guatemala,2015,352.00
guatemala,2016,352.00
guatemala,2017,352.00
guatemala,2018,352.00
guatemala,2019,352.00
guatemala,2020,352.00
guatemala,2021,352.00
guatemala,2022,352.00
guinea,2001,20.390
guinea,2002,20.390
guinea,2003,20.390
guinea,2004,20.390
guinea,2005,20.390
guinea,2006,20.390
guinea,2007,20.390
guinea,2008,20.390
guinea,2009,20.390
guinea,2010,20.390
guinea,2011,20.390
guinea,2012,20.390
guinea,2013,20.390
guinea,2014,20.390
guinea,2015,20.390
guinea,2016,20.390
guinea,2017,20.390
guinea,2018,20.390
guinea,2019,20.390
guinea,2020,20.390
guinea,2021,20.390
guinea,2022,20.390
guinea_bissau,1996,8.5620
guinea_bissau,1997,8.5620
guinea_bissau,1998,8.5620
guinea_bissau,1999,8.5620
guinea_bissau,2000,8.5620
guinea_bissau,2001,8.5620
guinea_bissau,2002,8.5620
guinea_bissau,2003,8.5620
guinea_bissau,2004,8.5620
guinea_bissau,2005,8.5620
guinea_bissau,2006,8.5620
guinea_bissau,2007,8.5620
guinea_bissau,2008,8.5620
guinea_bissau,2009,8.5620
guinea_bissau,2010,8.5620
guinea_bissau,2011,8.5620
guinea_bissau,2012,8.5620
guinea_bissau,2013,8.5620
guinea_bissau,2014,8.5620
guinea_bissau,2015,8.5620
guinea_bissau,2016,8.5620
guinea_bissau,2017,8.5620
guinea_bissau,2018,8.5620
guinea_bissau,2019,8.5620
guinea_bissau,2020,8.5620
guinea_bissau,2021,8.5620
guinea_bissau,2022,8.5620
guyana,2010,179.00
guyana,2011,149.74
guyana,2012,120.48
guyana,2013,91.225
guyana,2014,61.967
guyana,2015,32.708
guyana,2016,3.4500
guyana,2017,3.4500
guyana,2018,3.4500
guyana,2019,3.4500
guyana,2020,3.4500
guyana,2021,3.4500
guyana,2022,3.4500
haiti,2009,109.50
haiti,2010,109.50
haiti,2011,109.50
haiti,2012,109.50
haiti,2013,109.50
haiti,2014,109.50
haiti,2015,109.50
haiti,2016,109.50
haiti,2017,109.50
haiti,2018,109.50
haiti,2019,109.50
haiti,2020,109.50
haiti,2021,109.50
haiti,2022,109.50
honduras,2006,72.000
honduras,2007,79.715
honduras,2008,87.430
honduras,2009,87.430
honduras,2010,87.430
honduras,2011,87.430
honduras,2012,87.430
honduras,2013,87.430
honduras,2014,87.430
honduras,2015,87.430
honduras,2016,87.430
honduras,2017,87.430
honduras,2018,87.430
honduras,2019,87.430
honduras,2020,87.430
honduras,2021,87.430
honduras,2022,87.430
hungary,2008,87.620
hungary,2009,87.620
hungary,2010,87.620
hungary,2011,87.620
hungary,2012,87.620
hungary,2013,87.620
hungary,2014,87.620
hungary,2015,87.620
hungary,2016,87.620
hungary,2017,87.620
hungary,2018,87.620
hungary,2019,87.620
hungary,2020,87.620
hungary,2021,87.620
hungary,2022,87.620
india,1961,27980
india,1962,28564
india,1963,29148
india,1964,29732
india,1965,30316
india,1966,30900
india,1967,32358
india,1968,33816
india,1969,35274
india,1970,36732
india,1971,38190
india,1972,39188
india,1973,40186
india,1974,41184
india,1975,42182
india,1976,43180
india,1977,44519
india,1978,45858
india,1979,47198
india,1980,48537
india,1981,49876
india,1982,51230
india,1983,52583
india,1984,53937
india,1985,54000
india,1986,54650
india,1987,55636
india,1988,57345
india,1989,59053
india,1990,60762
india,1991,62470
india,1992,64307
india,1993,66144
india,1994,67399
india,1995,68655
india,1996,69910
india,1997,71166
india,1998,72421
india,1999,73676
india,2000,74932
india,2001,76187
india,2002,76398
india,2003,76609
india,2004,76820
india,2005,79430
india,2006,82040
india,2007,84649
india,2008,87259
india,2009,88322
india,2010,89385
india,2011,90449
india,2012,91512
india,2013,92575
india,2014,92575
india,2015,92575
india,2016,92575
india,2017,92575
india,2018,92575
india,2019,92575
india,2020,92575
india,2021,92575
india,2022,92575
indonesia,2005,13388
indonesia,2006,13388
indonesia,2007,13388
indonesia,2008,13388
indonesia,2009,13388
indonesia,2010,13388
indonesia,2011,13388
indonesia,2012,13388
indonesia,2013,13388
indonesia,2014,13388
indonesia,2015,13388
indonesia,2016,13388
indonesia,2017,13388
indonesia,2018,13388
indonesia,2019,13388
indonesia,2020,13388
indonesia,2021,13388
indonesia,2022,13388
iran_islamic_republic_of,1985,6580.0
iran_islamic_republic_of,1986,6665.5
iran_islamic_republic_of,1987,6751.0
iran_islamic_republic_of,1988,6836.5
iran_islamic_republic_of,1989,6922.0
iran_islamic_republic_of,1990,7007.5
iran_islamic_republic_of,1991,7093.0
iran_islamic_republic_of,1992,7178.5
iran_islamic_republic_of,1993,7264.0
iran_islamic_republic_of,1994,7396.9
iran_islamic_republic_of,1995,7529.8
iran_islamic_republic_of,1996,7662.7
iran_islamic_republic_of,1997,7795.6
iran_islamic_republic_of,1998,7928.5
iran_islamic_republic_of,1999,8061.4
iran_islamic_republic_of,2000,8194.3
iran_islamic_republic_of,2001,8327.2
iran_islamic_republic_of,2002,8460.1
iran_islamic_republic_of,2003,8593.0
iran_islamic_republic_of,2004,8340.5
iran_islamic_republic_of,2005,8087.9
iran_islamic_republic_of,2006,7835.4
iran_islamic_republic_of,2007,7582.9
iran_islamic_republic_of,2008,7330.3
iran_islamic_republic_of,2009,7077.8
iran_islamic_republic_of,2010,6825.3
iran_islamic_republic_of,2011,6572.7
iran_islamic_republic_of,2012,6320.2
iran_islamic_republic_of,2013,6067.7
iran_islamic_republic_of,2014,5815.1
iran_islamic_republic_of,2015,5562.6
iran_islamic_republic_of,2016,5310.1
iran_islamic_republic_of,2017,5057.5
iran_islamic_republic_of,2018,4805.0
iran_islamic_republic_of,2019,1738.0
iran_islamic_republic_of,2020,4797.0
iran_islamic_republic_of,2021,4797.0
iran_islamic_republic_of,2022,4797.0
iraq,2010,2050.0
iraq,2011,2061.7
iraq,2012,2073.3
iraq,2013,2085.0
iraq,2014,2096.6
iraq,2015,2108.3
iraq,2016,2119.9
iraq,2017,2131.6
iraq,2018,2143.2
iraq,2019,2143.2
iraq,2020,2143.2
iraq,2021,2143.2
iraq,2022,2143.2
ireland,1998,1.1000
ireland,1999,1.1000
ireland,2000,1.1000
ireland,2001,1.1000
ireland,2002,1.1000
ireland,2003,1.1000
ireland,2004,1.1000
ireland,2005,1.1000
ireland,2006,1.1000
ireland,2007,1.1000
ireland,2008,1.1000
ireland,2009,1.1000
ireland,2010,1.1000
ireland,2011,1.1000
ireland,2012,1.1000
ireland,2013,1.1000
ireland,2014,1.1000
ireland,2015,1.1000
ireland,2016,1.1000
ireland,2017,1.1000
ireland,2018,1.1000
ireland,2019,1.1000
ireland,2020,1.1000
ireland,2021,1.1000
ireland,2022,1.1000
israel,1986,219.30
israel,1987,207.20
israel,1988,213.50
israel,1989,218.10
israel,1990,205.70
israel,1991,181.40
israel,1992,187.10
israel,1993,191.90
israel,1994,195.70
israel,1995,194.30
israel,1996,192.40
israel,1997,194.30
israel,1998,198.50
israel,1999,192.10
israel,2000,190.20
israel,2001,185.90
israel,2002,181.60
israel,2003,182.10
israel,2004,182.60
israel,2005,183.10
israel,2006,183.60
israel,2007,181.44
israel,2008,179.28
israel,2009,177.12
israel,2010,174.96
israel,2011,172.80
israel,2012,170.64
israel,2013,168.48
israel,2014,166.32
israel,2015,164.16
israel,2016,162.00
israel,2017,162.00
israel,2018,162.00
israel,2019,162.00
israel,2020,162.00
israel,2021,162.00
israel,2022,162.00
italy,2008,2666.0
italy,2009,2691.4
italy,2010,2716.9
italy,2011,2742.3
italy,2012,2767.8
italy,2013,2793.2
italy,2014,2818.7
italy,2015,2844.1
italy,2016,2869.6
italy,2017,2895.0
italy,2018,3132.0
italy,2019,2967.0
italy,2020,2967.0
italy,2021,2967.0
italy,2022,2967.0
jamaica,1997,25.220
jamaica,1998,25.640
jamaica,1999,26.060
jamaica,2000,26.480
jamaica,2001,26.900
jamaica,2002,27.320
jamaica,2003,27.740
jamaica,2004,28.160
jamaica,2005,28.580
jamaica,2006,29.000
jamaica,2007,29.420
jamaica,2008,29.840
jamaica,2009,30.260
jamaica,2010,30.680
jamaica,2011,30.680
jamaica,2012,30.680
jamaica,2013,30.680
jamaica,2014,30.680
jamaica,2015,30.680
jamaica,2016,30.680
jamaica,2017,30.680
jamaica,2018,30.680
jamaica,2019,30.680
jamaica,2020,30.680
jamaica,2021,30.680
jamaica,2022,30.680
japan,2006,2957.0
japan,2007,2957.0
japan,2008,2957.0
japan,2009,2957.0
japan,2010,2957.0
japan,2011,2957.0
japan,2012,2957.0
japan,2013,2957.0
japan,2014,2957.0
japan,2015,2957.0
japan,2016,2957.0
japan,2017,2957.0
japan,2018,2957.0
japan,2019,2957.0
japan,2020,2957.0
japan,2021,2957.0
japan,2022,2957.0
jordan,1991,68.910
jordan,1992,68.140
jordan,1993,67.370
jordan,1994,66.600
jordan,1995,69.240
jordan,1996,71.880
jordan,1997,74.520
jordan,1998,77.160
jordan,1999,78.750
jordan,2000,76.910
jordan,2001,73.450
jordan,2002,74.930
jordan,2003,71.320
jordan,2004,99.030
jordan,2005,80.050
jordan,2006,80.570
jordan,2007,81.090
jordan,2008,92.840
jordan,2009,94.820
jordan,2010,102.40
jordan,2011,96.450
jordan,2012,95.650
jordan,2013,103.40
jordan,2014,105.00
jordan,2015,103.50
jordan,2016,106.50
jordan,2017,94.475
jordan,2018,82.449
jordan,2019,82.449
jordan,2020,82.449
jordan,2021,82.449
jordan,2022,82.449
kazakhstan,1993,2313.0
kazakhstan,1994,2246.5
kazakhstan,1995,2179.9
kazakhstan,1996,2113.4
kazakhstan,1997,2046.9
kazakhstan,1998,1980.4
kazakhstan,1999,1913.8
kazakhstan,2000,1847.3
kazakhstan,2001,1780.8
kazakhstan,2002,1714.2
kazakhstan,2003,1647.7
kazakhstan,2004,1581.2
kazakhstan,2005,1514.6
kazakhstan,2006,1448.1
kazakhstan,2007,1381.6
kazakhstan,2008,1315.1
kazakhstan,2009,1248.5
kazakhstan,2010,1182.0
kazakhstan,2011,1218.3
kazakhstan,2012,1254.7
kazakhstan,2013,1291.0
kazakhstan,2014,1327.3
kazakhstan,2015,1363.7
kazakhstan,2016,1400.0
kazakhstan,2017,1059.9
kazakhstan,2018,1060.9
kazakhstan,2019,1135.4
kazakhstan,2020,1314.6
kazakhstan,2021,1317.1
kazakhstan,2022,1397.7
kenya,1990,73.030
kenya,1991,75.105
kenya,1992,77.179
kenya,1993,79.254
kenya,1994,81.328
kenya,1995,83.403
kenya,1996,85.478
kenya,1997,87.552
kenya,1998,89.627
kenya,1999,91.702
kenya,2000,93.776
kenya,2001,95.851
kenya,2002,97.925
kenya,2003,100.00
kenya,2004,105.74
kenya,2005,111.49
kenya,2006,117.23
kenya,2007,122.97
kenya,2008,128.71
kenya,2009,134.46
kenya,2010,140.20
kenya,2011,140.20
kenya,2012,140.20
kenya,2013,140.20
kenya,2014,140.20
kenya,2015,140.20
kenya,2016,140.20
kenya,2017,140.20
kenya,2018,140.20
kenya,2019,140.20
kenya,2020,140.20
kenya,2021,140.20
kenya,2022,140.20
kuwait,1994,4.7700
kuwait,1995,5.0438
kuwait,1996,5.3175
kuwait,1997,5.5912
kuwait,1998,5.8650
kuwait,1999,6.1387
kuwait,2000,6.4125
kuwait,2001,6.6863
kuwait,2002,6.9600
kuwait,2003,7.2337
kuwait,2004,7.5075
kuwait,2005,7.7813
kuwait,2006,8.0550
kuwait,2007,8.5922
kuwait,2008,9.1294
kuwait,2009,9.6667
kuwait,2010,10.204
kuwait,2011,10.741
kuwait,2012,11.278
kuwait,2013,11.816
kuwait,2014,12.353
kuwait,2015,12.890
kuwait,2016,13.170
kuwait,2017,14.840
kuwait,2018,14.840
kuwait,2019,14.840
kuwait,2020,14.840
kuwait,2021,14.840
kuwait,2022,14.840
kyrgyzstan,1994,1077.0
kyrgyzstan,1995,1071.9
kyrgyzstan,1996,1066.8
kyrgyzstan,1997,1061.7
kyrgyzstan,1998,1056.6
kyrgyzstan,1999,1051.5
kyrgyzstan,2000,1046.5
kyrgyzstan,2001,1041.4
kyrgyzstan,2002,1036.3
kyrgyzstan,2003,1031.2
kyrgyzstan,2004,1026.1
kyrgyzstan,2005,1021.0
kyrgyzstan,2006,1021.0
kyrgyzstan,2007,1021.0
kyrgyzstan,2008,1021.0
kyrgyzstan,2009,1021.0
kyrgyzstan,2010,1021.0
kyrgyzstan,2011,1021.0
kyrgyzstan,2012,1021.0
kyrgyzstan,2013,1021.0
kyrgyzstan,2014,1021.0
kyrgyzstan,2015,1021.0
kyrgyzstan,2016,1021.0
kyrgyzstan,2017,1021.0
kyrgyzstan,2018,1021.0
kyrgyzstan,2019,1021.0
kyrgyzstan,2020,1021.0
kyrgyzstan,2021,1021.0
kyrgyzstan,2022,1021.0
land_locked_developing_countries,2000,11632
land_locked_developing_countries,2001,11621
land_locked_developing_countries,2002,12098
land_locked_developing_countries,2003,12091
land_locked_developing_countries,2004,12084
land_locked_developing_countries,2005,11998
land_locked_developing_countries,2006,13910
land_locked_developing_countries,2007,14006
land_locked_developing_countries,2008,14295
land_locked_developing_countries,2009,14298
land_locked_developing_countries,2010,14301
land_locked_developing_countries,2011,16583
land_locked_developing_countries,2012,16861
land_locked_developing_countries,2013,16958
land_locked_developing_countries,2014,17055
land_locked_developing_countries,2015,17167
land_locked_developing_countries,2016,17241
land_locked_developing_countries,2017,16927
land_locked_developing_countries,2018,16916
land_locked_developing_countries,2019,17044
land_locked_developing_countries,2020,17264
land_locked_developing_countries,2021,17281
land_locked_developing_countries,2022,17377
lao_people_s_democratic_republic,1994,162.70
lao_people_s_democratic_republic,1995,181.70
lao_people_s_democratic_republic,1996,200.70
lao_people_s_democratic_republic,1997,219.70
lao_people_s_democratic_republic,1998,238.70
lao_people_s_democratic_republic,1999,257.70
lao_people_s_democratic_republic,2000,276.70
lao_people_s_democratic_republic,2001,295.70
lao_people_s_democratic_republic,2002,314.70
lao_people_s_democratic_republic,2003,333.70
lao_people_s_democratic_republic,2004,352.70
lao_people_s_democratic_republic,2005,371.70
lao_people_s_democratic_republic,2006,380.97
lao_people_s_democratic_republic,2007,390.23
lao_people_s_democratic_republic,2008,399.50
lao_people_s_democratic_republic,2009,408.77
lao_people_s_democratic_republic,2010,418.03
lao_people_s_democratic_republic,2011,427.30
lao_people_s_democratic_republic,2012,436.57
lao_people_s_democratic_republic,2013,445.83
lao_people_s_democratic_republic,2014,455.10
lao_people_s_democratic_republic,2015,473.80
lao_people_s_democratic_republic,2016,461.10
lao_people_s_democratic_republic,2017,439.00
lao_people_s_democratic_republic,2018,439.00
lao_people_s_democratic_republic,2019,439.00
lao_people_s_democratic_republic,2020,439.00
lao_people_s_democratic_republic,2021,439.00
lao_people_s_democratic_republic,2022,439.00
latin_america_and_the_caribbean,2000,10089
latin_america_and_the_caribbean,2001,10247
latin_america_and_the_caribbean,2002,10405
latin_america_and_the_caribbean,2003,10563
latin_america_and_the_caribbean,2004,11017
latin_america_and_the_caribbean,2005,11172
latin_america_and_the_caribbean,2006,16780
latin_america_and_the_caribbean,2007,19000
latin_america_and_the_caribbean,2008,20902
latin_america_and_the_caribbean,2009,21563
latin_america_and_the_caribbean,2010,22240
latin_america_and_the_caribbean,2011,22860
latin_america_and_the_caribbean,2012,23417
latin_america_and_the_caribbean,2013,27119
latin_america_and_the_caribbean,2014,30764
latin_america_and_the_caribbean,2015,34600
latin_america_and_the_caribbean,2016,38010
latin_america_and_the_caribbean,2017,40911
latin_america_and_the_caribbean,2018,44063
latin_america_and_the_caribbean,2019,47325
latin_america_and_the_caribbean,2020,51104
latin_america_and_the_caribbean,2021,54017
latin_america_and_the_caribbean,2022,57722
latvia,2007,0.62000
latvia,2008,0.62000
latvia,2009,0.62000
latvia,2010,0.62000
latvia,2011,0.62000
latvia,2012,0.62000
latvia,2013,0.62000
latvia,2014,0.62000
latvia,2015,0.62000
latvia,2016,0.62000
latvia,2017,0.62000
latvia,2018,0.62000
latvia,2019,0.62000
latvia,2020,0.62000
latvia,2021,0.62000
latvia,2022,0.62000
least_developed_countries,2000,9297.3
least_developed_countries,2001,9684.0
least_developed_countries,2002,10715
least_developed_countries,2003,11050
least_developed_countries,2004,11958
least_developed_countries,2005,12311
least_developed_countries,2006,14935
least_developed_countries,2007,15192
least_developed_countries,2008,15449
least_developed_countries,2009,15592
least_developed_countries,2010,15625
least_developed_countries,2011,17831
least_developed_countries,2012,18533
least_developed_countries,2013,18555
least_developed_countries,2014,18567
least_developed_countries,2015,18594
least_developed_countries,2016,18588
least_developed_countries,2017,18576
least_developed_countries,2018,18583
least_developed_countries,2019,18590
least_developed_countries,2020,18598
least_developed_countries,2021,18606
least_developed_countries,2022,18622
lebanon,1994,87.500
lebanon,1995,90.250
lebanon,1996,93.000
lebanon,1997,95.750
lebanon,1998,98.500
lebanon,1999,101.25
lebanon,2000,104.00
lebanon,2001,104.43
lebanon,2002,104.87
lebanon,2003,105.30
lebanon,2004,110.52
lebanon,2005,115.74
lebanon,2006,120.96
lebanon,2007,126.18
lebanon,2008,131.40
lebanon,2009,132.20
lebanon,2010,132.20
lebanon,2011,132.20
lebanon,2012,132.20
lebanon,2013,132.20
lebanon,2014,132.20
lebanon,2015,132.20
lebanon,2016,132.20
lebanon,2017,132.20
lebanon,2018,132.20
lebanon,2019,132.20
lebanon,2020,132.20
lebanon,2021,132.20
lebanon,2022,132.20
lesotho,1994,0.20300
lesotho,1995,0.20300
lesotho,1996,0.16900
lesotho,1997,0.13500
lesotho,1998,0.10100
lesotho,1999,0.067000
lesotho,2000,0.067000
lesotho,2001,0.067000
lesotho,2002,0.067000
lesotho,2003,0.067000
lesotho,2004,0.067000
lesotho,2005,0.067000
lesotho,2006,0.067000
lesotho,2007,0.067000
lesotho,2008,0.067000
lesotho,2009,0.067000
lesotho,2010,0.067000
lesotho,2011,0.067000
lesotho,2012,0.067000
lesotho,2013,0.067000
lesotho,2014,0.067000
lesotho,2015,0.067000
lesotho,2016,0.067000
lesotho,2017,0.067000
lesotho,2018,0.067000
lesotho,2019,0.067000
lesotho,2020,0.067000
lesotho,2021,0.067000
lesotho,2022,0.067000
liberia,1987,0.10000
liberia,1988,0.10000
liberia,1989,0.10000
liberia,1990,0.10000
liberia,1991,0.10000
liberia,1992,0.10000
liberia,1993,0.10000
liberia,1994,0.10000
liberia,1995,0.10000
liberia,1996,0.10000
liberia,1997,0.10000
liberia,1998,0.10000
liberia,1999,0.10000
liberia,2000,0.10000
liberia,2001,0.10000
liberia,2002,0.10000
liberia,2003,0.10000
liberia,2004,0.10000
liberia,2005,0.10000
liberia,2006,0.10000
liberia,2007,0.10000
liberia,2008,0.10000
liberia,2009,0.10000
liberia,2010,0.10000
liberia,2011,0.10000
liberia,2012,0.10000
liberia,2013,0.10000
liberia,2014,0.10000
liberia,2015,0.10000
liberia,2016,0.10000
liberia,2017,0.10000
liberia,2018,0.10000
liberia,2019,0.10000
liberia,2020,0.10000
liberia,2021,0.10000
liberia,2022,0.10000
libya,2000,406.00
libya,2001,406.00
libya,2002,406.00
libya,2003,406.00
libya,2004,406.00
libya,2005,406.00
libya,2006,406.00
libya,2007,406.00
libya,2008,406.00
libya,2009,406.00
libya,2010,406.00
libya,2011,406.00
libya,2012,406.00
libya,2013,406.00
libya,2014,406.00
libya,2015,406.00
libya,2016,406.00
libya,2017,406.00
libya,2018,406.00
libya,2019,406.00
libya,2020,406.00
libya,2021,406.00
libya,2022,406.00
lithuania,2007,1.0000
lithuania,2008,1.1773
lithuania,2009,1.3547
lithuania,2010,1.5320
lithuania,2011,1.5320
lithuania,2012,1.5320
lithuania,2013,1.5320
lithuania,2014,1.5320
lithuania,2015,1.5320
lithuania,2016,1.5320
lithuania,2017,1.5320
lithuania,2018,1.5320
lithuania,2019,1.5320
lithuania,2020,1.5320
lithuania,2021,1.5320
lithuania,2022,1.5320
luxembourg,2015,0.0000
luxembourg,2016,0.0000
luxembourg,2017,0.0000
luxembourg,2018,0.0000
luxembourg,2019,0.0000
luxembourg,2020,0.0000
luxembourg,2021,0.0000
luxembourg,2022,0.0000
madagascar,2000,826.40
madagascar,2001,855.73
madagascar,2002,885.05
madagascar,2003,914.38
madagascar,2004,943.70
madagascar,2005,973.02
madagascar,2006,1002.4
madagascar,2007,1031.7
madagascar,2008,1061.0
madagascar,2009,1061.0
madagascar,2010,1061.0
madagascar,2011,1061.0
madagascar,2012,1061.0
madagascar,2013,1061.0
madagascar,2014,1061.0
madagascar,2015,1061.0
madagascar,2016,1061.0
madagascar,2017,1061.0
madagascar,2018,1061.0
madagascar,2019,1061.0
madagascar,2020,1061.0
madagascar,2021,1061.0
madagascar,2022,1061.0
malawi,1992,31.500
malawi,1993,34.202
malawi,1994,36.904
malawi,1995,39.606
malawi,1996,42.308
malawi,1997,45.010
malawi,1998,47.712
malawi,1999,50.414
malawi,2000,53.116
malawi,2001,55.818
malawi,2002,58.520
malawi,2003,60.849
malawi,2004,63.179
malawi,2005,65.508
malawi,2006,67.838
malawi,2007,70.167
malawi,2008,72.497
malawi,2009,74.826
malawi,2010,77.156
malawi,2011,79.485
malawi,2012,81.814
malawi,2013,84.144
malawi,2014,86.473
malawi,2015,88.803
malawi,2016,91.132
malawi,2017,93.462
malawi,2018,95.791
malawi,2019,98.121
malawi,2020,100.45
malawi,2021,101.96
malawi,2022,117.60
malaysia,1996,477.60
malaysia,1997,477.60
malaysia,1998,477.60
malaysia,1999,477.60
malaysia,2000,477.60
malaysia,2001,477.60
malaysia,2002,477.60
malaysia,2003,477.60
malaysia,2004,477.60
malaysia,2005,477.60
malaysia,2006,477.60
malaysia,2007,477.60
malaysia,2008,477.60
malaysia,2009,477.60
malaysia,2010,477.60
malaysia,2011,477.60
malaysia,2012,477.60
malaysia,2013,477.60
malaysia,2014,477.60
malaysia,2015,477.60
malaysia,2016,477.60
malaysia,2017,477.60
malaysia,2018,477.60
malaysia,2019,477.60
malaysia,2020,477.60
malaysia,2021,477.60
malaysia,2022,477.60
maldives,2019,0.060000
maldives,2020,0.055000
maldives,2021,0.050000
maldives,2022,0.050000
mali,1987,273.60
mali,1988,265.75
mali,1989,257.91
mali,1990,250.06
mali,1991,242.22
mali,1992,234.37
mali,1993,226.52
mali,1994,218.68
mali,1995,210.83
mali,1996,202.98
mali,1997,195.14
mali,1998,187.29
mali,1999,179.45
mali,2000,171.60
mali,2001,175.05
mali,2002,178.51
mali,2003,181.96
mali,2004,185.42
mali,2005,188.87
mali,2006,192.33
mali,2007,195.78
mali,2008,199.24
mali,2009,202.69
mali,2010,206.15
mali,2011,209.60
mali,2012,209.60
mali,2013,209.60
mali,2014,209.60
mali,2015,209.60
mali,2016,209.60
mali,2017,209.60
mali,2018,209.60
mali,2019,209.60
mali,2020,209.60
mali,2021,209.60
mali,2022,209.60
malta,1990,1.8070
malta,1991,1.8627
malta,1992,1.9184
malta,1993,1.9742
malta,1994,2.0299
malta,1995,2.0856
malta,1996,2.1413
malta,1997,2.1971
malta,1998,2.2528
malta,1999,2.3085
malta,2000,2.3642
malta,2001,2.4199
malta,2002,2.4757
malta,2003,2.5314
malta,2004,2.5871
malta,2005,2.6428
malta,2006,2.6986
malta,2007,2.7543
malta,2008,2.8100
malta,2009,2.9309
malta,2010,3.0517
malta,2011,3.1726
malta,2012,3.2934
malta,2013,3.4143
malta,2014,3.5351
malta,2015,3.6560
malta,2016,3.4800
malta,2017,3.4800
malta,2018,3.4800
malta,2019,3.4800
malta,2020,3.6410
malta,2021,3.6410
malta,2022,3.6410
mauritania,2004,39.960
mauritania,2005,39.960
mauritania,2006,39.960
mauritania,2007,39.960
mauritania,2008,39.960
mauritania,2009,39.960
mauritania,2010,39.960
mauritania,2011,39.960
mauritania,2012,39.960
mauritania,2013,39.960
mauritania,2014,39.960
mauritania,2015,39.960
mauritania,2016,39.960
mauritania,2017,39.960
mauritania,2018,39.960
mauritania,2019,39.960
mauritania,2020,39.960
mauritania,2021,39.960
mauritania,2022,39.960
mauritius,2002,20.920
mauritius,2003,20.608
mauritius,2004,20.297
mauritius,2005,19.985
mauritius,2006,19.673
mauritius,2007,19.362
mauritius,2008,19.050
mauritius,2009,18.738
mauritius,2010,18.427
mauritius,2011,18.115
mauritius,2012,17.803
mauritius,2013,17.492
mauritius,2014,17.180
mauritius,2015,16.600
mauritius,2016,16.810
mauritius,2017,16.460
mauritius,2018,17.360
mauritius,2019,15.640
mauritius,2020,15.846
mauritius,2021,15.333
mauritius,2022,14.295
mexico,1995,5697.0
mexico,1996,5675.2
mexico,1997,5653.4
mexico,1998,5631.5
mexico,1999,5609.7
mexico,2000,5587.9
mexico,2001,5566.1
mexico,2002,5544.3
mexico,2003,5522.5
mexico,2004,5500.6
mexico,2005,5478.8
mexico,2006,5457.0
mexico,2007,5627.0
mexico,2008,5797.0
mexico,2009,5967.0
mexico,2010,6059.8
mexico,2011,6152.6
mexico,2012,6245.4
mexico,2013,6338.2
mexico,2014,6431.0
mexico,2015,6759.0
mexico,2016,6794.3
mexico,2017,6656.5
mexico,2018,6330.6
mexico,2019,6041.5
mexico,2020,6224.6
mexico,2021,5845.3
mexico,2022,5959.9
mongolia,1993,35.000
mongolia,1994,35.259
mongolia,1995,35.518
mongolia,1996,35.777
mongolia,1997,36.036
mongolia,1998,36.295
mongolia,1999,36.555
mongolia,2000,36.814
mongolia,2001,37.073
mongolia,2002,37.332
mongolia,2003,37.591
mongolia,2004,37.850
mongolia,2005,38.109
mongolia,2006,38.368
mongolia,2007,38.627
mongolia,2008,38.886
mongolia,2009,39.145
mongolia,2010,39.405
mongolia,2011,39.664
mongolia,2012,39.923
mongolia,2013,40.182
mongolia,2014,40.441
mongolia,2015,40.700
mongolia,2016,47.100
mongolia,2017,36.000
mongolia,2018,36.500
mongolia,2019,47.300
mongolia,2020,47.300
mongolia,2021,47.300
mongolia,2022,47.300
montenegro,2010,2.4120
montenegro,2011,2.4120
montenegro,2012,2.4120
montenegro,2013,2.4120
montenegro,2014,2.4120
montenegro,2015,2.4120
montenegro,2016,2.4120
montenegro,2017,2.4120
montenegro,2018,2.4120
montenegro,2019,2.4120
montenegro,2020,2.4120
montenegro,2021,2.4120
montenegro,2022,2.4120
morocco,1990,1073.0
morocco,1991,1117.7
morocco,1992,1162.4
morocco,1993,1207.1
morocco,1994,1251.8
morocco,1995,1296.5
morocco,1996,1341.2
morocco,1997,1385.9
morocco,1998,1430.6
morocco,1999,1475.3
morocco,2000,1520.0
morocco,2001,1501.3
morocco,2002,1482.5
morocco,2003,1463.8
morocco,2004,1445.0
morocco,2005,1483.0
morocco,2006,1521.0
morocco,2007,1559.0
morocco,2008,1597.0
morocco,2009,1635.0
morocco,2010,1673.0
morocco,2011,1711.0
morocco,2012,1711.0
morocco,2013,1711.0
morocco,2014,1711.0
morocco,2015,1711.0
morocco,2016,1711.0
morocco,2017,1711.0
morocco,2018,1711.0
morocco,2019,1711.0
morocco,2020,1711.0
morocco,2021,1711.0
morocco,2022,1711.0
mozambique,2001,40.810
mozambique,2002,43.164
mozambique,2003,45.519
mozambique,2004,47.873
mozambique,2005,50.228
mozambique,2006,52.582
mozambique,2007,54.937
mozambique,2008,57.291
mozambique,2009,59.646
mozambique,2010,62.000
mozambique,2011,62.000
mozambique,2012,62.000
mozambique,2013,62.000
mozambique,2014,62.000
mozambique,2015,62.000
mozambique,2016,62.000
mozambique,2017,62.000
mozambique,2018,62.000
mozambique,2019,62.000
mozambique,2020,62.000
mozambique,2021,62.000
mozambique,2022,62.000
myanmar,1995,1911.0
myanmar,1996,1989.5
myanmar,1997,2068.1
myanmar,1998,2146.6
myanmar,1999,2225.2
myanmar,2000,2303.7
myanmar,2001,2382.3
myanmar,2002,2460.8
myanmar,2003,2539.4
myanmar,2004,2617.9
myanmar,2005,2696.5
myanmar,2006,2775.0
myanmar,2007,2775.0
myanmar,2008,2775.0
myanmar,2009,2775.0
myanmar,2010,2775.0
myanmar,2011,2775.0
myanmar,2012,2775.0
myanmar,2013,2775.0
myanmar,2014,2775.0
myanmar,2015,2775.0
myanmar,2016,2775.0
myanmar,2017,2775.0
myanmar,2018,2775.0
myanmar,2019,2775.0
myanmar,2020,2775.0
myanmar,2021,2775.0
myanmar,2022,2775.0
namibia,1991,6.1420
namibia,1992,6.2721
namibia,1993,6.4022
namibia,1994,6.5323
namibia,1995,6.6624
namibia,1996,6.7925
namibia,1997,6.9225
namibia,1998,7.0526
namibia,1999,7.1827
namibia,2000,7.3128
namibia,2001,7.4429
namibia,2002,7.5730
namibia,2003,7.5730
namibia,2004,7.5730
namibia,2005,7.5730
namibia,2006,7.5730
namibia,2007,7.5730
namibia,2008,7.5730
namibia,2009,7.5730
namibia,2010,7.5730
namibia,2011,7.5730
namibia,2012,7.5730
namibia,2013,7.5730
namibia,2014,7.5730
namibia,2015,7.5730
namibia,2016,7.5730
namibia,2017,7.5730
namibia,2018,7.5730
namibia,2019,7.5730
namibia,2020,7.5730
namibia,2021,7.5730
namibia,2022,7.5730
nepal,2006,1909.0
nepal,2007,1909.0
nepal,2008,1909.0
nepal,2009,1909.0
nepal,2010,1909.0
nepal,2011,1909.0
nepal,2012,1909.0
nepal,2013,1909.0
nepal,2014,1909.0
nepal,2015,1909.0
nepal,2016,1909.0
nepal,2017,1909.0
nepal,2018,1909.0
nepal,2019,1909.0
nepal,2020,1909.0
nepal,2021,1909.0
nepal,2022,1909.0
netherlands_kingdom_of_the,2008,202.30
netherlands_kingdom_of_the,2009,192.58
netherlands_kingdom_of_the,2010,182.86
netherlands_kingdom_of_the,2011,173.14
netherlands_kingdom_of_the,2012,163.42
netherlands_kingdom_of_the,2013,153.70
netherlands_kingdom_of_the,2014,143.98
netherlands_kingdom_of_the,2015,134.26
netherlands_kingdom_of_the,2016,75.503
netherlands_kingdom_of_the,2017,142.77
netherlands_kingdom_of_the,2018,296.86
netherlands_kingdom_of_the,2019,255.24
netherlands_kingdom_of_the,2020,354.00
netherlands_kingdom_of_the,2021,101.13
netherlands_kingdom_of_the,2022,305.16
new_zealand,2007,509.00
new_zealand,2008,532.11
new_zealand,2009,555.22
new_zealand,2010,578.33
new_zealand,2011,601.44
new_zealand,2012,624.55
new_zealand,2013,647.66
new_zealand,2014,670.76
new_zealand,2015,693.87
new_zealand,2016,716.98
new_zealand,2017,740.09
new_zealand,2018,739.63
new_zealand,2019,739.16
new_zealand,2020,739.16
new_zealand,2021,739.16
new_zealand,2022,739.16
nicaragua,2011,144.10
nicaragua,2012,144.10
nicaragua,2013,144.10
nicaragua,2014,144.10
nicaragua,2015,144.10
nicaragua,2016,144.10
nicaragua,2017,144.10
nicaragua,2018,144.10
nicaragua,2019,144.10
nicaragua,2020,144.10
nicaragua,2021,144.10
nicaragua,2022,144.10
niger,1997,19.280
niger,1998,19.171
niger,1999,19.061
niger,2000,18.952
niger,2001,18.843
niger,2002,18.734
niger,2003,18.624
niger,2004,18.515
niger,2005,18.406
niger,2006,18.296
niger,2007,18.187
niger,2008,18.078
niger,2009,17.969
niger,2010,17.859
niger,2011,17.750
niger,2012,14.400
niger,2013,11.050
niger,2014,7.7000
niger,2015,9.5000
niger,2016,9.5000
niger,2017,13.500
niger,2018,13.500
niger,2019,13.500
niger,2020,13.500
niger,2021,13.500
niger,2022,13.500
nigeria,2004,225.80
nigeria,2005,225.80
nigeria,2006,225.80
nigeria,2007,225.80
nigeria,2008,225.80
nigeria,2009,225.80
nigeria,2010,225.80
nigeria,2011,225.80
nigeria,2012,225.80
nigeria,2013,225.80
nigeria,2014,225.80
nigeria,2015,225.80
nigeria,2016,225.80
nigeria,2017,225.80
nigeria,2018,225.80
nigeria,2019,225.80
nigeria,2020,225.80
nigeria,2021,225.80
nigeria,2022,225.80
north_macedonia,2007,79.640
north_macedonia,2008,79.640
north_macedonia,2009,79.640
north_macedonia,2010,79.640
north_macedonia,2011,79.640
north_macedonia,2012,79.640
north_macedonia,2013,79.640
north_macedonia,2014,79.640
north_macedonia,2015,79.640
north_macedonia,2016,79.640
north_macedonia,2017,79.640
north_macedonia,2018,79.640
north_macedonia,2019,79.640
north_macedonia,2020,79.640
north_macedonia,2021,79.640
north_macedonia,2022,79.640
northern_africa,2000,9103.2
northern_africa,2001,9614.5
northern_africa,2002,9730.3
northern_africa,2003,9812.4
northern_africa,2004,9894.4
northern_africa,2005,10033
northern_africa,2006,10172
northern_africa,2007,10311
northern_africa,2008,10450
northern_africa,2009,10578
northern_africa,2010,10707
northern_africa,2011,10797
northern_africa,2012,11490
northern_africa,2013,11546
northern_africa,2014,11603
northern_africa,2015,11660
northern_africa,2016,11716
northern_africa,2017,11724
northern_africa,2018,11825
northern_africa,2019,11864
northern_africa,2020,11883
northern_africa,2021,11878
northern_africa,2022,11944
northern_africa_and_western_asia,2000,13634
northern_africa_and_western_asia,2001,14231
northern_africa_and_western_asia,2002,14438
northern_africa_and_western_asia,2003,14610
northern_africa_and_western_asia,2004,19520
northern_africa_and_western_asia,2005,19482
northern_africa_and_western_asia,2006,19590
northern_africa_and_western_asia,2007,19523
northern_africa_and_western_asia,2008,19467
northern_africa_and_western_asia,2009,19385
northern_africa_and_western_asia,2010,21359
northern_africa_and_western_asia,2011,21242
northern_africa_and_western_asia,2012,21733
northern_africa_and_western_asia,2013,21596
northern_africa_and_western_asia,2014,21453
northern_africa_and_western_asia,2015,21340
northern_africa_and_western_asia,2016,21231
northern_africa_and_western_asia,2017,21091
northern_africa_and_western_asia,2018,20991
northern_africa_and_western_asia,2019,20890
northern_africa_and_western_asia,2020,20733
northern_africa_and_western_asia,2021,20731
northern_africa_and_western_asia,2022,20864
northern_america,2008,23275
northern_america,2009,23180
northern_america,2010,23854
northern_america,2011,23713
northern_america,2012,23571
northern_america,2013,23430
northern_america,2014,23288
northern_america,2015,23244
northern_america,2016,23201
northern_america,2017,23326
northern_america,2018,23452
northern_america,2019,23452
northern_america,2020,21552
northern_america,2021,21552
northern_america,2022,21392
norway,2007,55.000
norway,2008,55.000
norway,2009,55.000
norway,2010,55.000
norway,2011,55.000
norway,2012,55.000
norway,2013,55.000
norway,2014,55.000
norway,2015,55.000
norway,2016,55.000
norway,2017,55.000
norway,2018,55.000
norway,2019,55.000
norway,2020,55.000
norway,2021,55.000
norway,2022,55.000
oceania,2006,2546.0
oceania,2007,2707.5
oceania,2008,2383.1
oceania,2009,2316.2
oceania,2010,2419.3
oceania,2011,2621.4
oceania,2012,2823.5
oceania,2013,3025.7
oceania,2014,2908.8
oceania,2015,2749.6
oceania,2016,2864.9
oceania,2017,2983.8
oceania,2018,3037.8
oceania,2019,2694.0
oceania,2020,2260.1
oceania,2021,2684.1
oceania,2022,2715.4
oman,1993,70.930
oman,1994,70.265
oman,1995,69.599
oman,1996,68.934
oman,1997,68.268
oman,1998,67.603
oman,1999,66.937
oman,2000,66.272
oman,2001,65.606
oman,2002,64.941
oman,2003,64.275
oman,2004,63.610
oman,2005,64.767
oman,2006,65.923
oman,2007,67.080
oman,2008,67.080
oman,2009,67.080
oman,2010,67.080
oman,2011,67.080
oman,2012,67.080
oman,2013,67.080
oman,2014,67.080
oman,2015,67.080
oman,2016,67.080
oman,2017,67.080
oman,2018,67.080
oman,2019,67.080
oman,2020,67.080
oman,2021,67.080
oman,2022,67.080
pakistan,2001,21870
pakistan,2002,21810
pakistan,2003,21751
pakistan,2004,21691
pakistan,2005,21631
pakistan,2006,21571
pakistan,2007,21512
pakistan,2008,21452
pakistan,2009,21168
pakistan,2010,20884
pakistan,2011,20601
pakistan,2012,20317
pakistan,2013,20033
pakistan,2014,19749
pakistan,2015,19465
pakistan,2016,19181
pakistan,2017,18898
pakistan,2018,18614
pakistan,2019,18330
pakistan,2020,19340
pakistan,2021,19470
pakistan,2022,19420
palestine,1997,24.020
palestine,1998,29.072
palestine,1999,34.123
palestine,2000,39.175
palestine,2001,44.226
palestine,2002,49.278
palestine,2003,54.329
palestine,2004,59.381
palestine,2005,64.433
palestine,2006,69.484
palestine,2007,74.536
palestine,2008,79.587
palestine,2009,84.639
palestine,2010,89.691
palestine,2011,94.742
palestine,2012,99.794
palestine,2013,104.85
palestine,2014,109.90
palestine,2015,114.95
palestine,2016,120.00
palestine,2017,121.00
palestine,2018,124.00
palestine,2019,126.00
palestine,2020,90.250
palestine,2021,54.500
palestine,2022,54.500
panama,1997,27.890
panama,1998,32.987
panama,1999,38.083
panama,2000,43.180
panama,2001,43.347
panama,2002,43.513
panama,2003,43.680
panama,2004,43.847
panama,2005,44.013
panama,2006,44.180
panama,2007,44.347
panama,2008,44.513
panama,2009,44.680
panama,2010,44.680
panama,2011,44.680
panama,2012,44.680
panama,2013,44.680
panama,2014,44.680
panama,2015,44.680
panama,2016,44.680
panama,2017,44.680
panama,2018,44.680
panama,2019,44.680
panama,2020,44.680
panama,2021,44.680
panama,2022,44.680
paraguay,2012,136.20
paraguay,2013,136.20
paraguay,2014,136.20
paraguay,2015,136.20
paraguay,2016,136.20
paraguay,2017,136.20
paraguay,2018,136.20
paraguay,2019,136.20
paraguay,2020,136.20
paraguay,2021,136.20
paraguay,2022,136.20
peru,1994,1124.0
peru,1995,1184.6
peru,1996,1245.3
peru,1997,1305.9
peru,1998,1366.5
peru,1999,1427.1
peru,2000,1487.8
peru,2001,1548.4
peru,2002,1609.0
peru,2003,1669.6
peru,2004,1730.3
peru,2005,1790.9
peru,2006,1851.5
peru,2007,1912.1
peru,2008,1972.8
peru,2009,2033.4
peru,2010,2094.0
peru,2011,2154.6
peru,2012,2215.3
peru,2013,2275.9
peru,2014,2336.5
peru,2015,2397.1
peru,2016,2457.8
peru,2017,2518.4
peru,2018,2579.0
peru,2019,2579.0
peru,2020,2579.0
peru,2021,2579.0
peru,2022,2579.0
philippines,2006,2696.0
philippines,2007,2765.3
philippines,2008,2834.5
philippines,2009,2903.8
philippines,2010,2973.0
philippines,2011,3042.3
philippines,2012,3111.5
philippines,2013,3180.8
philippines,2014,3250.0
philippines,2015,3230.0
philippines,2016,3180.0
philippines,2017,3300.0
philippines,2018,3286.2
philippines,2019,3262.5
philippines,2020,3253.5
philippines,2021,3334.2
philippines,2022,3340.9
poland,2007,72.060
poland,2008,78.794
poland,2009,85.529
poland,2010,92.263
poland,2011,98.998
poland,2012,105.73
poland,2013,112.47
poland,2014,119.20
poland,2015,125.94
poland,2016,132.67
poland,2017,132.67
poland,2018,132.67
poland,2019,132.67
poland,2020,132.67
poland,2021,132.67
poland,2022,132.67
portugal,2008,421.50
portugal,2009,421.50
portugal,2010,421.50
portugal,2011,421.50
portugal,2012,421.50
portugal,2013,421.50
portugal,2014,421.50
portugal,2015,421.50
portugal,2016,421.50
portugal,2017,421.50
portugal,2018,421.50
portugal,2019,421.50
portugal,2020,421.50
portugal,2021,421.50
portugal,2022,421.50
puerto_rico,2007,15.780
puerto_rico,2008,16.044
puerto_rico,2009,16.308
puerto_rico,2010,16.571
puerto_rico,2011,16.835
puerto_rico,2012,17.099
puerto_rico,2013,17.363
puerto_rico,2014,17.626
puerto_rico,2015,17.890
puerto_rico,2016,17.890
puerto_rico,2017,17.890
puerto_rico,2018,17.890
puerto_rico,2019,17.890
puerto_rico,2020,17.890
puerto_rico,2021,17.890
puerto_rico,2022,17.890
qatar,1975,1.9740
qatar,1976,2.2572
qatar,1977,2.5404
qatar,1978,2.8236
qatar,1979,3.1068
qatar,1980,3.3900
qatar,1981,3.6732
qatar,1982,3.9564
qatar,1983,4.2396
qatar,1984,4.5228
qatar,1985,4.8060
qatar,1986,5.0892
qatar,1987,5.3724
qatar,1988,5.6556
qatar,1989,5.9388
qatar,1990,6.2220
qatar,1991,7.0803
qatar,1992,7.9387
qatar,1993,8.7970
qatar,1994,8.6271
qatar,1995,8.4572
qatar,1996,8.2873
qatar,1997,8.1174
qatar,1998,7.9475
qatar,1999,7.7775
qatar,2000,7.6076
qatar,2001,7.4377
qatar,2002,7.2678
qatar,2003,7.0979
qatar,2004,6.9280
qatar,2005,7.3372
qatar,2006,7.7464
qatar,2007,8.1556
qatar,2008,8.5648
qatar,2009,8.9740
qatar,2010,9.3832
qatar,2011,9.7924
qatar,2012,10.202
qatar,2013,10.611
qatar,2014,11.020
qatar,2015,11.800
qatar,2016,11.021
qatar,2017,11.590
qatar,2018,13.203
qatar,2019,12.897
qatar,2020,12.897
qatar,2021,13.647
qatar,2022,13.430
republic_of_korea,1996,888.80
republic_of_korea,1997,934.42
republic_of_korea,1998,980.04
republic_of_korea,1999,1025.7
republic_of_korea,2000,1071.3
republic_of_korea,2001,1116.9
republic_of_korea,2002,1162.5
republic_of_korea,2003,1208.1
republic_of_korea,2004,1253.8
republic_of_korea,2005,1299.4
republic_of_korea,2006,1345.0
republic_of_korea,2007,1345.0
republic_of_korea,2008,1345.0
republic_of_korea,2009,1345.0
republic_of_korea,2010,1345.0
republic_of_korea,2011,1345.0
republic_of_korea,2012,1345.0
republic_of_korea,2013,1345.0
republic_of_korea,2014,1345.0
republic_of_korea,2015,1345.0
republic_of_korea,2016,1345.0
republic_of_korea,2017,1345.0
republic_of_korea,2018,1345.0
republic_of_korea,2019,1345.0
republic_of_korea,2020,1345.0
republic_of_korea,2021,1345.0
republic_of_korea,2022,1345.0
republic_of_moldova,2007,32.000
republic_of_moldova,2008,51.650
republic_of_moldova,2009,71.300
republic_of_moldova,2010,90.950
republic_of_moldova,2011,110.60
republic_of_moldova,2012,130.25
republic_of_moldova,2013,149.90
republic_of_moldova,2014,169.55
republic_of_moldova,2015,189.20
republic_of_moldova,2016,208.85
republic_of_moldova,2017,228.50
republic_of_moldova,2018,222.50
republic_of_moldova,2019,222.20
republic_of_moldova,2020,222.20
republic_of_moldova,2021,222.20
republic_of_moldova,2022,222.20
romania,2008,173.40
romania,2009,180.80
romania,2010,188.20
romania,2011,195.60
romania,2012,203.00
romania,2013,210.40
romania,2014,217.80
romania,2015,225.20
romania,2016,232.60
romania,2017,240.00
romania,2018,240.00
romania,2019,240.00
romania,2020,240.00
romania,2021,240.00
romania,2022,240.00
russian_federation,1994,4095.0
russian_federation,1995,3832.0
russian_federation,1996,3569.0
russian_federation,1997,3306.0
russian_federation,1998,3043.0
russian_federation,1999,2780.0
russian_federation,2000,2516.9
russian_federation,2001,2253.9
russian_federation,2002,1990.9
russian_federation,2003,1727.9
russian_federation,2004,1464.9
russian_federation,2005,1201.9
russian_federation,2006,938.90
russian_federation,2007,985.02
russian_federation,2008,1031.1
russian_federation,2009,1077.3
russian_federation,2010,1123.4
russian_federation,2011,1169.5
russian_federation,2012,1215.6
russian_federation,2013,1261.8
russian_federation,2014,1307.9
russian_federation,2015,1354.0
russian_federation,2016,1315.0
russian_federation,2017,1329.0
russian_federation,2018,1245.0
russian_federation,2019,1245.0
russian_federation,2020,1245.0
russian_federation,2021,1245.0
russian_federation,2022,1245.0
rwanda,2007,4.0000
rwanda,2008,8.2500
rwanda,2009,12.500
rwanda,2010,16.750
rwanda,2011,21.000
rwanda,2012,25.250
rwanda,2013,29.500
rwanda,2014,33.750
rwanda,2015,38.000
rwanda,2016,42.250
rwanda,2017,46.500
rwanda,2018,50.750
rwanda,2019,55.000
rwanda,2020,61.563
rwanda,2021,68.126
rwanda,2022,68.126
saint_kitts_and_nevis,2012,0.025000
saint_kitts_and_nevis,2013,0.025000
saint_kitts_and_nevis,2014,0.025000
saint_kitts_and_nevis,2015,0.025000
saint_kitts_and_nevis,2016,0.025000
saint_kitts_and_nevis,2017,0.025000
saint_kitts_and_nevis,2018,0.025000
saint_kitts_and_nevis,2019,0.025000
saint_kitts_and_nevis,2020,0.025000
saint_kitts_and_nevis,2021,0.025000
saint_kitts_and_nevis,2022,0.025000
sao_tome_and_principe,1991,9.7000
sao_tome_and_principe,1992,9.5120
sao_tome_and_principe,1993,9.3240
sao_tome_and_principe,1994,9.1360
sao_tome_and_principe,1995,8.9480
sao_tome_and_principe,1996,8.7600
sao_tome_and_principe,1997,8.5720
sao_tome_and_principe,1998,8.3840
sao_tome_and_principe,1999,8.1960
sao_tome_and_principe,2000,8.0080
sao_tome_and_principe,2001,7.8200
sao_tome_and_principe,2002,7.6320
sao_tome_and_principe,2003,7.4440
sao_tome_and_principe,2004,7.2560
sao_tome_and_principe,2005,7.0680
sao_tome_and_principe,2006,6.8800
sao_tome_and_principe,2007,6.6920
sao_tome_and_principe,2008,6.5040
sao_tome_and_principe,2009,6.3160
sao_tome_and_principe,2010,6.1280
sao_tome_and_principe,2011,5.9400
sao_tome_and_principe,2012,5.7520
sao_tome_and_principe,2013,5.5640
sao_tome_and_principe,2014,5.3760
sao_tome_and_principe,2015,5.1880
sao_tome_and_principe,2016,5.0000
sao_tome_and_principe,2017,5.0000
sao_tome_and_principe,2018,5.0000
sao_tome_and_principe,2019,5.0000
sao_tome_and_principe,2020,5.0000
sao_tome_and_principe,2021,5.0000
sao_tome_and_principe,2022,5.0000
saudi_arabia,1975,557.70
saudi_arabia,1976,557.34
saudi_arabia,1977,556.98
saudi_arabia,1978,556.62
saudi_arabia,1979,556.26
saudi_arabia,1980,555.90
saudi_arabia,1981,623.50
saudi_arabia,1982,691.10
saudi_arabia,1983,758.70
saudi_arabia,1984,826.30
saudi_arabia,1985,893.90
saudi_arabia,1986,995.91
saudi_arabia,1987,1097.9
saudi_arabia,1988,1199.9
saudi_arabia,1989,1302.0
saudi_arabia,1990,1404.0
saudi_arabia,1991,1506.0
saudi_arabia,1992,1608.0
saudi_arabia,1993,1550.4
saudi_arabia,1994,1492.9
saudi_arabia,1995,1435.3
saudi_arabia,1996,1377.7
saudi_arabia,1997,1320.1
saudi_arabia,1998,1262.6
saudi_arabia,1999,1205.0
saudi_arabia,2000,1206.3
saudi_arabia,2001,1207.6
saudi_arabia,2002,1208.9
saudi_arabia,2003,1210.1
saudi_arabia,2004,1211.4
saudi_arabia,2005,1212.7
saudi_arabia,2006,1214.0
saudi_arabia,2007,1181.5
saudi_arabia,2008,1149.0
saudi_arabia,2009,1116.6
saudi_arabia,2010,1084.1
saudi_arabia,2011,1051.6
saudi_arabia,2012,1019.1
saudi_arabia,2013,986.67
saudi_arabia,2014,954.20
saudi_arabia,2015,954.20
saudi_arabia,2016,954.20
saudi_arabia,2017,954.20
saudi_arabia,2018,954.20
saudi_arabia,2019,954.20
saudi_arabia,2020,954.20
saudi_arabia,2021,954.20
saudi_arabia,2022,954.20
senegal,1993,52.310
senegal,1994,57.792
senegal,1995,63.275
senegal,1996,68.757
senegal,1997,74.240
senegal,1998,80.632
senegal,1999,87.024
senegal,2000,93.416
senegal,2001,99.808
senegal,2002,106.20
senegal,2003,106.20
senegal,2004,106.20
senegal,2005,106.20
senegal,2006,106.20
senegal,2007,106.20
senegal,2008,106.20
senegal,2009,106.20
senegal,2010,106.20
senegal,2011,106.20
senegal,2012,106.20
senegal,2013,106.20
senegal,2014,106.20
senegal,2015,106.20
senegal,2016,106.20
senegal,2017,106.20
senegal,2018,106.20
senegal,2019,106.20
senegal,2020,106.20
senegal,2021,106.20
senegal,2022,106.20
serbia,2011,34.170
serbia,2012,42.254
serbia,2013,50.338
serbia,2014,58.422
serbia,2015,66.506
serbia,2016,74.590
serbia,2017,69.700
serbia,2018,68.000
serbia,2019,62.800
serbia,2020,63.100
serbia,2021,63.800
serbia,2022,68.400
seychelles,2003,0.22400
seychelles,2004,0.22400
seychelles,2005,0.22400
seychelles,2006,0.22400
seychelles,2007,0.22400
seychelles,2008,0.22400
seychelles,2009,0.22400
seychelles,2010,0.22400
seychelles,2011,0.22400
seychelles,2012,0.22400
seychelles,2013,0.22400
seychelles,2014,0.22400
seychelles,2015,0.22400
seychelles,2016,0.22400
seychelles,2017,0.22400
seychelles,2018,0.22400
seychelles,2019,0.22400
seychelles,2020,0.22400
seychelles,2021,0.22400
seychelles,2022,0.22400
sierra_leone,1992,1.0000
sierra_leone,1993,1.0000
sierra_leone,1994,1.0000
sierra_leone,1995,1.0000
sierra_leone,1996,1.0000
sierra_leone,1997,1.0000
sierra_leone,1998,1.0000
sierra_leone,1999,1.0000
sierra_leone,2000,1.0000
sierra_leone,2001,1.0000
sierra_leone,2002,1.0000
sierra_leone,2003,1.0000
sierra_leone,2004,1.0000
sierra_leone,2005,1.0000
sierra_leone,2006,1.0000
sierra_leone,2007,1.0000
sierra_leone,2008,1.0000
sierra_leone,2009,1.0000
sierra_leone,2010,1.0000
sierra_leone,2011,1.0000
sierra_leone,2012,1.0000
sierra_leone,2013,1.0000
sierra_leone,2014,1.0000
sierra_leone,2015,1.0000
sierra_leone,2016,1.0000
sierra_leone,2017,1.0000
sierra_leone,2018,1.0000
sierra_leone,2019,1.0000
sierra_leone,2020,1.0000
sierra_leone,2021,1.0000
sierra_leone,2022,1.0000
singapore,2022,0.0000
slovakia,2008,39.090
slovakia,2009,37.748
slovakia,2010,36.406
slovakia,2011,35.064
slovakia,2012,33.721
slovakia,2013,32.379
slovakia,2014,31.037
slovakia,2015,29.695
slovakia,2016,28.353
slovakia,2017,27.011
slovakia,2018,25.669
slovakia,2019,24.326
slovakia,2020,22.984
slovakia,2021,21.642
slovakia,2022,20.300
slovenia,2010,3.5010
slovenia,2011,3.0065
slovenia,2012,2.5120
slovenia,2013,2.0175
slovenia,2014,1.5230
slovenia,2015,2.3600
slovenia,2016,2.3540
slovenia,2017,2.5110
slovenia,2018,2.5520
slovenia,2019,2.6460
slovenia,2020,3.3760
slovenia,2021,4.1290
slovenia,2022,4.4610
small_island_developing_states,2000,48.562
small_island_developing_states,2001,48.866
small_island_developing_states,2002,104.09
small_island_developing_states,2003,104.31
small_island_developing_states,2004,400.50
small_island_developing_states,2005,398.31
small_island_developing_states,2006,447.17
small_island_developing_states,2007,642.77
small_island_developing_states,2008,704.49
small_island_developing_states,2009,875.36
small_island_developing_states,2010,1115.7
small_island_developing_states,2011,1147.4
small_island_developing_states,2012,1177.9
small_island_developing_states,2013,1146.3
small_island_developing_states,2014,1114.6
small_island_developing_states,2015,1082.6
small_island_developing_states,2016,1051.2
small_island_developing_states,2017,1048.7
small_island_developing_states,2018,1047.4
small_island_developing_states,2019,1050.4
small_island_developing_states,2020,1063.5
small_island_developing_states,2021,1062.9
small_island_developing_states,2022,1061.9
somalia,1984,164.10
somalia,1985,158.09
somalia,1986,152.09
somalia,1987,146.08
somalia,1988,140.08
somalia,1989,134.07
somalia,1990,128.07
somalia,1991,122.06
somalia,1992,116.06
somalia,1993,110.05
somalia,1994,104.05
somalia,1995,98.042
somalia,1996,92.037
somalia,1997,86.032
somalia,1998,80.026
somalia,1999,74.021
somalia,2000,68.016
somalia,2001,62.011
somalia,2002,56.005
somalia,2003,50.000
somalia,2004,50.000
somalia,2005,50.000
somalia,2006,50.000
somalia,2007,50.000
somalia,2008,50.000
somalia,2009,50.000
somalia,2010,50.000
somalia,2011,50.000
somalia,2012,50.000
somalia,2013,50.000
somalia,2014,50.000
somalia,2015,50.000
somalia,2016,50.000
somalia,2017,50.000
somalia,2018,50.000
somalia,2019,50.000
somalia,2020,50.000
somalia,2021,50.000
somalia,2022,50.000
south_africa,2000,1664.0
south_africa,2001,1664.1
south_africa,2002,1664.3
south_africa,2003,1664.4
south_africa,2004,1664.5
south_africa,2005,1664.6
south_africa,2006,1664.8
south_africa,2007,1664.9
south_africa,2008,1665.0
south_africa,2009,1618.3
south_africa,2010,1571.6
south_africa,2011,1524.9
south_africa,2012,1478.2
south_africa,2013,1431.5
south_africa,2014,1384.8
south_africa,2015,1338.1
south_africa,2016,1291.4
south_africa,2017,1244.7
south_africa,2018,1198.0
south_africa,2019,1198.0
south_africa,2020,1198.0
south_africa,2021,1198.0
south_africa,2022,1198.0
south_sudan,2012,29.070
south_sudan,2013,29.070
south_sudan,2014,29.070
south_sudan,2015,29.070
south_sudan,2016,29.070
south_sudan,2017,29.070
south_sudan,2018,29.070
south_sudan,2019,29.070
south_sudan,2020,29.070
south_sudan,2021,29.070
south_sudan,2022,29.070
south_eastern_asia,2000,16077
south_eastern_asia,2001,16722
south_eastern_asia,2002,17400
south_eastern_asia,2003,18045
south_eastern_asia,2004,18689
south_eastern_asia,2005,32722
south_eastern_asia,2006,36071
south_eastern_asia,2007,36331
south_eastern_asia,2008,36409
south_eastern_asia,2009,36488
south_eastern_asia,2010,36566
south_eastern_asia,2011,36645
south_eastern_asia,2012,36723
south_eastern_asia,2013,36802
south_eastern_asia,2014,36880
south_eastern_asia,2015,36879
south_eastern_asia,2016,36816
south_eastern_asia,2017,36914
south_eastern_asia,2018,36900
south_eastern_asia,2019,36877
south_eastern_asia,2020,36868
south_eastern_asia,2021,36948
south_eastern_asia,2022,36955
southern_asia,2000,87578
southern_asia,2001,111030
southern_asia,2002,111510
southern_asia,2003,111990
southern_asia,2004,112080
southern_asia,2005,114570
southern_asia,2006,119720
southern_asia,2007,122210
southern_asia,2008,124700
southern_asia,2009,125230
southern_asia,2010,125760
southern_asia,2011,128460
southern_asia,2012,128990
southern_asia,2013,129510
southern_asia,2014,128980
southern_asia,2015,128440
southern_asia,2016,127900
southern_asia,2017,127370
southern_asia,2018,126830
southern_asia,2019,123480
southern_asia,2020,127550
southern_asia,2021,127680
southern_asia,2022,127630
spain,1962,1860.0
spain,1963,1898.8
spain,1964,1937.6
spain,1965,1976.4
spain,1966,2015.2
spain,1967,2054.0
spain,1968,2092.8
spain,1969,2131.6
spain,1970,2170.4
spain,1971,2209.2
spain,1972,2248.0
spain,1973,2255.4
spain,1974,2262.8
spain,1975,2270.2
spain,1976,2277.6
spain,1977,2285.0
spain,1978,2292.4
spain,1979,2299.8
spain,1980,2307.2
spain,1981,2314.6
spain,1982,2322.0
spain,1983,2322.6
spain,1984,2323.1
spain,1985,2323.7
spain,1986,2324.3
spain,1987,2324.9
spain,1988,2325.4
spain,1989,2326.0
spain,1990,2416.3
spain,1991,2506.5
spain,1992,2596.8
spain,1993,2687.0
spain,1994,2777.3
spain,1995,2867.5
spain,1996,2957.8
spain,1997,3048.0
spain,1998,3182.0
spain,1999,3316.0
spain,2000,3360.0
spain,2001,3404.0
spain,2002,3448.0
spain,2003,3492.0
spain,2004,3456.5
spain,2005,3421.0
spain,2006,3372.5
spain,2007,3324.0
spain,2008,3208.5
spain,2009,3093.0
spain,2010,3072.3
spain,2011,3051.5
spain,2012,3030.8
spain,2013,3010.0
spain,2014,3046.7
spain,2015,3083.3
spain,2016,3120.0
spain,2017,3120.1
spain,2018,3120.1
spain,2019,3120.2
spain,2020,3120.2
spain,2021,3120.2
spain,2022,3120.2
sri_lanka,2006,744.00
sri_lanka,2007,744.00
sri_lanka,2008,744.00
sri_lanka,2009,744.00
sri_lanka,2010,744.00
sri_lanka,2011,744.00
sri_lanka,2012,744.00
sri_lanka,2013,744.00
sri_lanka,2014,744.00
sri_lanka,2015,744.00
sri_lanka,2016,744.00
sri_lanka,2017,744.00
sri_lanka,2018,744.00
sri_lanka,2019,744.00
sri_lanka,2020,744.00
sri_lanka,2021,744.00
sri_lanka,2022,744.00
sub_saharan_africa,2000,3414.4
sub_saharan_africa,2001,3509.7
sub_saharan_africa,2002,4282.0
sub_saharan_africa,2003,4325.4
sub_saharan_africa,2004,4644.0
sub_saharan_africa,2005,4708.5
sub_saharan_africa,2006,4761.4
sub_saharan_africa,2007,4818.3
sub_saharan_africa,2008,4875.9
sub_saharan_africa,2009,4859.9
sub_saharan_africa,2010,4904.3
sub_saharan_africa,2011,4881.2
sub_saharan_africa,2012,4893.7
sub_saharan_africa,2013,4862.0
sub_saharan_africa,2014,4820.7
sub_saharan_africa,2015,4782.0
sub_saharan_africa,2016,4751.4
sub_saharan_africa,2017,4714.1
sub_saharan_africa,2018,4673.8
sub_saharan_africa,2019,4680.2
sub_saharan_africa,2020,4725.4
sub_saharan_africa,2021,4732.5
sub_saharan_africa,2022,4747.5
sudan,2012,1563.0
sudan,2013,1563.0
sudan,2014,1563.0
sudan,2015,1563.0
sudan,2016,1563.0
sudan,2017,1563.0
sudan,2018,1563.0
sudan,2019,1563.0
sudan,2020,1563.0
sudan,2021,1563.0
sudan,2022,1563.0
suriname,2006,51.120
suriname,2007,52.296
suriname,2008,53.472
suriname,2009,54.648
suriname,2010,55.824
suriname,2011,57.000
suriname,2012,57.000
suriname,2013,57.000
suriname,2014,57.000
suriname,2015,57.000
suriname,2016,57.000
suriname,2017,57.000
suriname,2018,57.000
suriname,2019,57.000
suriname,2020,57.000
suriname,2021,57.000
suriname,2022,57.000
sweden,2007,54.170
sweden,2008,55.649
sweden,2009,57.128
sweden,2010,58.608
sweden,2011,60.087
sweden,2012,61.566
sweden,2013,63.045
sweden,2014,64.525
sweden,2015,66.004
sweden,2016,67.483
sweden,2017,68.962
sweden,2018,70.442
sweden,2019,71.921
sweden,2020,73.400
sweden,2021,73.400
sweden,2022,73.400
switzerland,2010,36.180
switzerland,2011,38.817
switzerland,2012,41.453
switzerland,2013,44.090
switzerland,2014,46.727
switzerland,2015,49.363
switzerland,2016,52.000
switzerland,2017,52.000
switzerland,2018,52.000
switzerland,2019,52.000
switzerland,2020,52.000
switzerland,2021,52.000
switzerland,2022,52.000
syrian_arab_republic,1990,825.70
syrian_arab_republic,1991,951.80
syrian_arab_republic,1992,1077.9
syrian_arab_republic,1993,1204.0
syrian_arab_republic,1994,1229.0
syrian_arab_republic,1995,1254.0
syrian_arab_republic,1996,1290.0
syrian_arab_republic,1997,1326.0
syrian_arab_republic,1998,1362.0
syrian_arab_republic,1999,1283.0
syrian_arab_republic,2000,1334.0
syrian_arab_republic,2001,1334.0
syrian_arab_republic,2002,1334.0
syrian_arab_republic,2003,1334.0
syrian_arab_republic,2004,1334.0
syrian_arab_republic,2005,1334.0
syrian_arab_republic,2006,1334.0
syrian_arab_republic,2007,1334.0
syrian_arab_republic,2008,1334.0
syrian_arab_republic,2009,1334.0
syrian_arab_republic,2010,1334.0
syrian_arab_republic,2011,1334.0
syrian_arab_republic,2012,1334.0
syrian_arab_republic,2013,1334.0
syrian_arab_republic,2014,1334.0
syrian_arab_republic,2015,1334.0
syrian_arab_republic,2016,1334.0
syrian_arab_republic,2017,1334.0
syrian_arab_republic,2018,1334.0
syrian_arab_republic,2019,1334.0
syrian_arab_republic,2020,1334.0
syrian_arab_republic,2021,1334.0
syrian_arab_republic,2022,1334.0
tajikistan,1994,719.20
tajikistan,1995,719.87
tajikistan,1996,720.55
tajikistan,1997,721.22
tajikistan,1998,721.89
tajikistan,1999,722.57
tajikistan,2000,723.24
tajikistan,2001,723.91
tajikistan,2002,724.59
tajikistan,2003,725.26
tajikistan,2004,725.93
tajikistan,2005,726.61
tajikistan,2006,727.28
tajikistan,2007,727.95
tajikistan,2008,728.63
tajikistan,2009,729.30
tajikistan,2010,729.30
tajikistan,2011,729.30
tajikistan,2012,729.30
tajikistan,2013,729.30
tajikistan,2014,729.30
tajikistan,2015,729.30
tajikistan,2016,729.30
tajikistan,2017,729.30
tajikistan,2018,729.30
tajikistan,2019,729.30
tajikistan,2020,729.30
tajikistan,2021,729.30
tajikistan,2022,729.30
thailand,1972,1965.0
thailand,1973,2060.4
thailand,1974,2155.8
thailand,1975,2251.2
thailand,1976,2346.6
thailand,1977,2442.0
thailand,1978,2526.0
thailand,1979,2610.0
thailand,1980,2694.0
thailand,1981,2778.0
thailand,1982,2862.0
thailand,1983,3043.0
thailand,1984,3224.0
thailand,1985,3405.0
thailand,1986,3586.0
thailand,1987,3767.0
thailand,1988,3948.0
thailand,1989,4129.0
thailand,1990,4310.0
thailand,1991,4491.0
thailand,1992,4672.0
thailand,1993,4853.0
thailand,1994,5034.0
thailand,1995,5215.0
thailand,1996,5396.0
thailand,1997,5577.0
thailand,1998,5758.0
thailand,1999,5939.0
thailand,2000,6120.0
thailand,2001,6301.0
thailand,2002,6482.0
thailand,2003,6663.0
thailand,2004,6844.0
thailand,2005,7025.0
thailand,2006,7206.0
thailand,2007,7387.0
thailand,2008,7387.0
thailand,2009,7387.0
thailand,2010,7387.0
thailand,2011,7387.0
thailand,2012,7387.0
thailand,2013,7387.0
thailand,2014,7387.0
thailand,2015,7387.0
thailand,2016,7387.0
thailand,2017,7387.0
thailand,2018,7387.0
thailand,2019,7387.0
thailand,2020,7387.0
thailand,2021,7387.0
thailand,2022,7387.0
timor_leste,2002,34.000
timor_leste,2003,34.000
timor_leste,2004,34.000
timor_leste,2005,34.000
timor_leste,2006,34.000
timor_leste,2007,34.000
timor_leste,2008,34.000
timor_leste,2009,34.000
timor_leste,2010,34.000
timor_leste,2011,34.000
timor_leste,2012,34.000
timor_leste,2013,34.000
timor_leste,2014,34.000
timor_leste,2015,34.000
timor_leste,2016,34.000
timor_leste,2017,34.000
timor_leste,2018,34.000
timor_leste,2019,34.000
timor_leste,2020,34.000
timor_leste,2021,34.000
timor_leste,2022,34.000
togo,1990,1.4550
togo,1991,1.4203
togo,1992,1.3857
togo,1993,1.3510
togo,1994,1.3163
togo,1995,1.2817
togo,1996,1.2470
togo,1997,1.2470
togo,1998,1.2470
togo,1999,1.2470
togo,2000,1.2470
togo,2001,1.2470
togo,2002,1.2470
togo,2003,1.2470
togo,2004,1.2470
togo,2005,1.2470
togo,2006,1.2470
togo,2007,1.2470
togo,2008,1.2470
togo,2009,1.2470
togo,2010,1.2470
togo,2011,1.2470
togo,2012,1.2470
togo,2013,1.2470
togo,2014,1.2470
togo,2015,1.2470
togo,2016,1.2470
togo,2017,1.2470
togo,2018,1.2470
togo,2019,1.2470
togo,2020,1.2470
togo,2021,1.2470
togo,2022,1.2470
tunisia,1992,308.00
tunisia,1993,315.38
tunisia,1994,322.75
tunisia,1995,330.13
tunisia,1996,337.50
tunisia,1997,344.88
tunisia,1998,352.25
tunisia,1999,359.63
tunisia,2000,367.00
tunisia,2001,371.73
tunisia,2002,376.45
tunisia,2003,381.18
tunisia,2004,385.91
tunisia,2005,390.64
tunisia,2006,395.36
tunisia,2007,400.09
tunisia,2008,404.82
tunisia,2009,409.55
tunisia,2010,414.27
tunisia,2011,419.00
tunisia,2012,428.09
tunisia,2013,437.18
tunisia,2014,446.27
tunisia,2015,455.36
tunisia,2016,464.45
tunisia,2017,425.00
tunisia,2018,478.00
tunisia,2019,470.00
tunisia,2020,441.00
tunisia,2021,441.00
tunisia,2022,441.00
turkiye,2004,4206.0
turkiye,2005,4058.3
turkiye,2006,3910.6
turkiye,2007,3762.9
turkiye,2008,3615.3
turkiye,2009,3467.6
turkiye,2010,3319.9
turkiye,2011,3172.2
turkiye,2012,3024.5
turkiye,2013,2876.8
turkiye,2014,2729.1
turkiye,2015,2581.4
turkiye,2016,2433.8
turkiye,2017,2286.1
turkiye,2018,2138.4
turkiye,2019,1990.7
turkiye,2020,1843.0
turkiye,2021,1882.0
turkiye,2022,1945.0
turkmenistan,1994,1794.0
turkmenistan,1995,1812.3
turkmenistan,1996,1830.7
turkmenistan,1997,1849.0
turkmenistan,1998,1867.3
turkmenistan,1999,1885.7
turkmenistan,2000,1904.0
turkmenistan,2001,1922.3
turkmenistan,2002,1940.7
turkmenistan,2003,1959.0
turkmenistan,2004,1977.3
turkmenistan,2005,1995.7
turkmenistan,2006,2014.0
turkmenistan,2007,2014.0
turkmenistan,2008,2014.0
turkmenistan,2009,2014.0
turkmenistan,2010,2014.0
turkmenistan,2011,2014.0
turkmenistan,2012,2014.0
turkmenistan,2013,2014.0
turkmenistan,2014,2014.0
turkmenistan,2015,2014.0
turkmenistan,2016,2014.0
turkmenistan,2017,2014.0
turkmenistan,2018,2014.0
turkmenistan,2019,2014.0
turkmenistan,2020,2014.0
turkmenistan,2021,2014.0
turkmenistan,2022,2014.0
uganda,2012,15.150
uganda,2013,15.150
uganda,2014,15.150
uganda,2015,15.150
uganda,2016,15.150
uganda,2017,15.150
uganda,2018,15.150
uganda,2019,15.150
uganda,2020,15.150
uganda,2021,15.150
uganda,2022,15.150
ukraine,2003,731.40
ukraine,2004,693.09
ukraine,2005,654.78
ukraine,2006,616.47
ukraine,2007,578.16
ukraine,2008,539.85
ukraine,2009,501.55
ukraine,2010,463.24
ukraine,2011,424.93
ukraine,2012,386.62
ukraine,2013,348.31
ukraine,2014,310.00
ukraine,2015,314.00
ukraine,2016,329.00
ukraine,2017,355.50
ukraine,2018,382.00
ukraine,2019,408.50
ukraine,2020,435.00
ukraine,2021,443.00
ukraine,2022,101.00
united_arab_emirates,1993,54.510
united_arab_emirates,1994,71.919
united_arab_emirates,1995,89.328
united_arab_emirates,1996,106.74
united_arab_emirates,1997,124.15
united_arab_emirates,1998,141.56
united_arab_emirates,1999,158.96
united_arab_emirates,2000,176.37
united_arab_emirates,2001,193.78
united_arab_emirates,2002,211.19
united_arab_emirates,2003,228.60
united_arab_emirates,2004,213.87
united_arab_emirates,2005,199.15
united_arab_emirates,2006,184.42
united_arab_emirates,2007,169.70
united_arab_emirates,2008,154.97
united_arab_emirates,2009,140.25
united_arab_emirates,2010,125.52
united_arab_emirates,2011,110.79
united_arab_emirates,2012,96.067
united_arab_emirates,2013,81.342
united_arab_emirates,2014,66.616
united_arab_emirates,2015,51.890
united_arab_emirates,2016,49.613
united_arab_emirates,2017,56.066
united_arab_emirates,2018,52.473
united_arab_emirates,2019,58.150
united_arab_emirates,2020,57.931
united_arab_emirates,2021,61.160
united_arab_emirates,2022,57.780
united_kingdom_of_great_britain_and_northern_ireland,2007,138.20
united_kingdom_of_great_britain_and_northern_ireland,2008,138.20
united_kingdom_of_great_britain_and_northern_ireland,2009,138.20
united_kingdom_of_great_britain_and_northern_ireland,2010,138.20
united_kingdom_of_great_britain_and_northern_ireland,2011,138.20
united_kingdom_of_great_britain_and_northern_ireland,2012,138.20
united_kingdom_of_great_britain_and_northern_ireland,2013,138.20
united_kingdom_of_great_britain_and_northern_ireland,2014,138.20
united_kingdom_of_great_britain_and_northern_ireland,2015,138.20
united_kingdom_of_great_britain_and_northern_ireland,2016,138.20
united_kingdom_of_great_britain_and_northern_ireland,2017,138.20
united_kingdom_of_great_britain_and_northern_ireland,2018,138.20
united_kingdom_of_great_britain_and_northern_ireland,2019,138.20
united_kingdom_of_great_britain_and_northern_ireland,2020,138.20
united_kingdom_of_great_britain_and_northern_ireland,2021,138.20
united_kingdom_of_great_britain_and_northern_ireland,2022,138.20
united_republic_of_tanzania,2002,227.00
united_republic_of_tanzania,2003,236.58
united_republic_of_tanzania,2004,246.16
united_republic_of_tanzania,2005,255.75
united_republic_of_tanzania,2006,265.33
united_republic_of_tanzania,2007,274.91
united_republic_of_tanzania,2008,284.49
united_republic_of_tanzania,2009,294.07
united_republic_of_tanzania,2010,303.65
united_republic_of_tanzania,2011,313.24
united_republic_of_tanzania,2012,322.82
united_republic_of_tanzania,2013,332.40
united_republic_of_tanzania,2014,332.40
united_republic_of_tanzania,2015,332.40
united_republic_of_tanzania,2016,332.40
united_republic_of_tanzania,2017,332.40
united_republic_of_tanzania,2018,332.40
united_republic_of_tanzania,2019,332.40
united_republic_of_tanzania,2020,332.40
united_republic_of_tanzania,2021,332.40
united_republic_of_tanzania,2022,332.40
united_states_of_america,2008,23275
united_states_of_america,2009,23180
united_states_of_america,2010,23084
united_states_of_america,2011,22989
united_states_of_america,2012,22893
united_states_of_america,2013,22798
united_states_of_america,2014,22703
united_states_of_america,2015,22607
united_states_of_america,2016,22512
united_states_of_america,2017,22637
united_states_of_america,2018,22763
united_states_of_america,2019,22763
united_states_of_america,2020,20863
united_states_of_america,2021,20863
united_states_of_america,2022,20703
uruguay,2000,217.60
uruguay,2001,217.13
uruguay,2002,216.67
uruguay,2003,216.20
uruguay,2004,215.73
uruguay,2005,215.27
uruguay,2006,214.80
uruguay,2007,214.33
uruguay,2008,213.87
uruguay,2009,213.40
uruguay,2010,238.10
uruguay,2011,262.80
uruguay,2012,258.09
uruguay,2013,253.37
uruguay,2014,248.66
uruguay,2015,243.95
uruguay,2016,239.23
uruguay,2017,234.52
uruguay,2018,229.81
uruguay,2019,225.09
uruguay,2020,220.38
uruguay,2021,215.67
uruguay,2022,244.04
uzbekistan,1993,4309.0
uzbekistan,1994,4258.3
uzbekistan,1995,4207.5
uzbekistan,1996,4156.8
uzbekistan,1997,4106.0
uzbekistan,1998,4055.3
uzbekistan,1999,4004.5
uzbekistan,2000,3953.8
uzbekistan,2001,3903.0
uzbekistan,2002,3852.3
uzbekistan,2003,3801.5
uzbekistan,2004,3750.8
uzbekistan,2005,3700.0
uzbekistan,2006,3742.9
uzbekistan,2007,3785.9
uzbekistan,2008,3828.8
uzbekistan,2009,3871.7
uzbekistan,2010,3914.6
uzbekistan,2011,3957.6
uzbekistan,2012,4000.5
uzbekistan,2013,4043.4
uzbekistan,2014,4086.4
uzbekistan,2015,4129.3
uzbekistan,2016,4172.2
uzbekistan,2017,4215.1
uzbekistan,2018,4258.1
uzbekistan,2019,4301.0
uzbekistan,2020,4304.0
uzbekistan,2021,4305.0
uzbekistan,2022,4306.0
venezuela_bolivarian_republic_of,2008,978.80
venezuela_bolivarian_republic_of,2009,978.80
venezuela_bolivarian_republic_of,2010,978.80
venezuela_bolivarian_republic_of,2011,978.80
venezuela_bolivarian_republic_of,2012,978.80
venezuela_bolivarian_republic_of,2013,978.80
venezuela_bolivarian_republic_of,2014,978.80
venezuela_bolivarian_republic_of,2015,978.80
venezuela_bolivarian_republic_of,2016,978.80
venezuela_bolivarian_republic_of,2017,978.80
venezuela_bolivarian_republic_of,2018,978.80
venezuela_bolivarian_republic_of,2019,978.80
venezuela_bolivarian_republic_of,2020,978.80
venezuela_bolivarian_republic_of,2021,978.80
venezuela_bolivarian_republic_of,2022,978.80
viet_nam,1997,5800.0
viet_nam,1998,6166.0
viet_nam,1999,6532.0
viet_nam,2000,6898.0
viet_nam,2001,7264.0
viet_nam,2002,7630.0
viet_nam,2003,7996.0
viet_nam,2004,8362.0
viet_nam,2005,8728.0
viet_nam,2006,8728.0
viet_nam,2007,8728.0
viet_nam,2008,8728.0
viet_nam,2009,8728.0
viet_nam,2010,8728.0
viet_nam,2011,8728.0
viet_nam,2012,8728.0
viet_nam,2013,8728.0
viet_nam,2014,8728.0
viet_nam,2015,8728.0
viet_nam,2016,8728.0
viet_nam,2017,8728.0
viet_nam,2018,8728.0
viet_nam,2019,8728.0
viet_nam,2020,8728.0
viet_nam,2021,8728.0
viet_nam,2022,8728.0
western_asia,2000,4530.6
western_asia,2001,4616.4
western_asia,2002,4707.3
western_asia,2003,4797.8
western_asia,2004,9625.3
western_asia,2005,9448.6
western_asia,2006,9417.5
western_asia,2007,9212.3
western_asia,2008,9017.2
western_asia,2009,8807.2
western_asia,2010,10652
western_asia,2011,10445
western_asia,2012,10243
western_asia,2013,10050
western_asia,2014,9850.3
western_asia,2015,9680.5
western_asia,2016,9515.2
western_asia,2017,9367.1
western_asia,2018,9165.9
western_asia,2019,9025.4
western_asia,2020,8850.1
western_asia,2021,8853.5
western_asia,2022,8920.1
world,2000,148610
world,2001,173280
world,2002,175300
world,2003,177250
world,2004,183270
world,2005,199590
world,2006,314870
world,2007,320380
world,2008,354460
world,2009,355360
world,2010,359490
world,2011,362970
world,2012,364790
world,2013,369090
world,2014,372000
world,2015,375140
world,2016,377970
world,2017,380450
world,2018,383580
world,2019,383070
world,2020,388880
world,2021,392200
world,2022,395800
yemen,2004,527.00
yemen,2005,527.00
yemen,2006,527.00
yemen,2007,527.00
yemen,2008,527.00
yemen,2009,527.00
yemen,2010,527.00
yemen,2011,527.00
yemen,2012,527.00
yemen,2013,527.00
yemen,2014,527.00
yemen,2015,527.00
yemen,2016,527.00
yemen,2017,527.00
yemen,2018,527.00
yemen,2019,527.00
yemen,2020,527.00
yemen,2021,527.00
yemen,2022,527.00
zambia,1991,46.400
zambia,1992,47.217
zambia,1993,48.035
zambia,1994,48.852
zambia,1995,49.669
zambia,1996,50.486
zambia,1997,51.304
zambia,1998,52.121
zambia,1999,52.938
zambia,2000,53.755
zambia,2001,54.573
zambia,2002,55.390
zambia,2003,55.390
zambia,2004,55.390
zambia,2005,55.390
zambia,2006,55.390
zambia,2007,55.390
zambia,2008,55.390
zambia,2009,55.390
zambia,2010,55.390
zambia,2011,55.390
zambia,2012,55.390
zambia,2013,55.390
zambia,2014,55.390
zambia,2015,55.390
zambia,2016,55.390
zambia,2017,55.390
zambia,2018,55.390
zambia,2019,55.390
zambia,2020,55.390
zambia,2021,55.390
zambia,2022,55.390
zimbabwe,1975,150.00
zimbabwe,1976,153.00
zimbabwe,1977,156.00
zimbabwe,1978,159.00
zimbabwe,1979,162.00
zimbabwe,1980,165.00
zimbabwe,1981,166.50
zimbabwe,1982,168.00
zimbabwe,1983,169.50
zimbabwe,1984,171.00
zimbabwe,1985,172.50
zimbabwe,1986,174.00
zimbabwe,1987,175.50
zimbabwe,1988,177.00
zimbabwe,1989,178.50
zimbabwe,1990,180.89
zimbabwe,1991,183.28
zimbabwe,1992,185.67
zimbabwe,1993,188.06
zimbabwe,1994,190.45
zimbabwe,1995,192.84
zimbabwe,1996,195.23
zimbabwe,1997,197.62
zimbabwe,1998,200.01
zimbabwe,1999,202.40
zimbabwe,2000,201.26
zimbabwe,2001,200.12
zimbabwe,2002,198.98
zimbabwe,2003,197.85
zimbabwe,2004,196.71
zimbabwe,2005,195.57
zimbabwe,2006,194.43
zimbabwe,2007,193.29
zimbabwe,2008,192.15
zimbabwe,2009,191.01
zimbabwe,2010,189.87
zimbabwe,2011,188.74
zimbabwe,2012,187.60
zimbabwe,2013,186.46
zimbabwe,2014,185.32
zimbabwe,2015,184.18
zimbabwe,2016,183.04
zimbabwe,2017,181.90
zimbabwe,2018,180.76
zimbabwe,2019,182.14
zimbabwe,2020,218.21
zimbabwe,2021,218.21
zimbabwe,2022,218.21
