area,year,agriculture_value_added_pct_gdp
afghanistan,1970,50.243
afghanistan,1971,50.243
afghanistan,1972,50.242
afghanistan,1973,50.243
afghanistan,1974,50.245
afghanistan,1975,50.238
afghanistan,1976,50.244
afghanistan,1977,50.254
afghanistan,1978,50.218
afghanistan,1979,50.260
afghanistan,1980,50.284
afghanistan,1981,50.108
afghanistan,1982,50.388
afghanistan,1983,50.356
afghanistan,1984,49.582
afghanistan,1985,51.227
afghanistan,1986,50.259
afghanistan,1987,47.259
afghanistan,1988,61.269
afghanistan,1989,67.707
afghanistan,1990,35.741
afghanistan,1991,49.699
afghanistan,1992,55.445
afghanistan,1993,63.481
afghanistan,1994,73.290
afghanistan,1995,65.686
afghanistan,1996,63.849
afghanistan,1997,62.064
afghanistan,1998,60.328
afghanistan,1999,58.641
afghanistan,2000,57.001
afghanistan,2001,53.247
afghanistan,2002,43.166
afghanistan,2003,41.397
afghanistan,2004,33.837
afghanistan,2005,35.098
afghanistan,2006,33.762
afghanistan,2007,35.046
afghanistan,2008,29.167
afghanistan,2009,32.978
afghanistan,2010,29.668
afghanistan,2011,29.074
afghanistan,2012,27.598
afghanistan,2013,27.040
afghanistan,2014,26.609
afghanistan,2015,24.240
afghanistan,2016,25.897
afghanistan,2017,25.423
afghanistan,2018,22.939
afghanistan,2019,25.957
afghanistan,2020,29.976
afghanistan,2021,33.598
afghanistan,2022,33.701
albania,1970,38.171
albania,1971,38.177
albania,1972,38.179
albania,1973,38.157
albania,1974,38.197
albania,1975,38.183
albania,1976,38.089
albania,1977,38.318
albania,1978,38.142
albania,1979,37.807
albania,1980,39.006
albania,1981,37.615
albania,1982,36.801
albania,1983,39.585
albania,1984,38.426
albania,1985,40.167
albania,1986,39.470
albania,1987,38.542
albania,1988,36.568
albania,1989,37.496
albania,1990,41.663
albania,1991,43.996
albania,1992,56.173
albania,1993,56.603
albania,1994,56.603
albania,1995,56.546
albania,1996,36.411
albania,1997,31.543
albania,1998,28.786
albania,1999,25.919
albania,2000,24.515
albania,2001,22.716
albania,2002,22.025
albania,2003,21.978
albania,2004,20.537
albania,2005,18.845
albania,2006,17.708
albania,2007,17.154
albania,2008,16.837
albania,2009,16.794
albania,2010,17.956
albania,2011,18.227
albania,2012,18.767
albania,2013,19.565
albania,2014,19.990
albania,2015,19.780
albania,2016,19.850
albania,2017,19.022
albania,2018,18.429
albania,2019,18.389
albania,2020,19.225
albania,2021,18.358
albania,2022,18.623
algeria,1965,12.880
algeria,1966,9.1370
algeria,1967,10.330
algeria,1968,10.850
algeria,1969,9.0300
algeria,1970,13.264
algeria,1971,13.809
algeria,1972,12.229
algeria,1973,10.371
algeria,1974,8.5778
algeria,1975,11.241
algeria,1976,9.9989
algeria,1977,8.5522
algeria,1978,8.9569
algeria,1979,8.5174
algeria,1980,8.0524
algeria,1981,8.5954
algeria,1982,7.8581
algeria,1983,7.1941
algeria,1984,7.0180
algeria,1985,8.3632
algeria,1986,8.9727
algeria,1987,10.293
algeria,1988,11.295
algeria,1989,12.388
algeria,1990,11.457
algeria,1991,10.254
algeria,1992,12.099
algeria,1993,11.158
algeria,1994,9.9130
algeria,1995,9.9268
algeria,1996,10.947
algeria,1997,8.8396
algeria,1998,11.621
algeria,1999,11.247
algeria,2000,8.5006
algeria,2001,9.7939
algeria,2002,9.3103
algeria,2003,9.8106
algeria,2004,9.4405
algeria,2005,7.6913
algeria,2006,7.5431
algeria,2007,7.5706
algeria,2008,6.5867
algeria,2009,9.3434
algeria,2010,8.4664
algeria,2011,8.1103
algeria,2012,8.7707
algeria,2013,9.8511
algeria,2014,10.286
algeria,2015,11.579
algeria,2016,12.220
algeria,2017,11.756
algeria,2018,11.874
algeria,2019,12.337
algeria,2020,13.784
algeria,2021,12.176
algeria,2022,12.765
andorra,1970,0.39735
andorra,1971,0.39736
andorra,1972,0.39736
andorra,1973,0.39737
andorra,1974,0.39735
andorra,1975,0.39733
andorra,1976,0.39736
andorra,1977,0.39740
andorra,1978,0.39741
andorra,1979,0.39726
andorra,1980,0.39725
andorra,1981,0.39747
andorra,1982,0.39759
andorra,1983,0.39747
andorra,1984,0.39650
andorra,1985,0.39723
andorra,1986,0.39856
andorra,1987,0.39821
andorra,1988,0.39683
andorra,1989,0.39168
andorra,1990,0.40084
andorra,1991,0.40524
andorra,1992,0.39644
andorra,1993,0.38996
andorra,1994,0.36594
andorra,1995,0.44665
andorra,1996,0.42721
andorra,1997,0.35247
andorra,1998,0.35752
andorra,1999,0.24585
andorra,2000,0.51706
andorra,2001,0.44195
andorra,2002,0.38589
andorra,2003,0.41912
andorra,2004,0.41474
andorra,2005,0.38058
andorra,2006,0.35352
andorra,2007,0.36880
andorra,2008,0.40692
andorra,2009,0.41893
andorra,2010,0.46651
andorra,2011,0.49056
andorra,2012,0.60116
andorra,2013,0.58556
andorra,2014,0.53762
andorra,2015,0.51342
andorra,2016,0.52200
andorra,2017,0.55954
andorra,2018,0.54637
andorra,2019,0.52263
andorra,2020,0.55944
andorra,2021,0.53185
andorra,2022,0.48749
angola,1970,13.761
angola,1971,14.159
angola,1972,14.414
angola,1973,13.821
angola,1974,13.986
angola,1975,14.151
angola,1976,14.530
angola,1977,13.846
angola,1978,14.483
angola,1979,14.286
angola,1980,14.019
angola,1981,14.000
angola,1982,14.000
angola,1983,14.354
angola,1984,14.932
angola,1985,13.553
angola,1986,14.063
angola,1987,12.881
angola,1988,15.723
angola,1989,19.189
angola,1990,17.848
angola,1991,24.215
angola,1992,14.316
angola,1993,11.556
angola,1994,6.6460
angola,1995,7.2739
angola,1996,7.0269
angola,1997,9.0183
angola,1998,12.911
angola,1999,6.2897
angola,2000,5.6651
angola,2001,8.1563
angola,2002,5.8396
angola,2003,6.1984
angola,2004,6.2509
angola,2005,5.0604
angola,2006,5.1913
angola,2007,5.2423
angola,2008,4.8053
angola,2009,6.6212
angola,2010,6.1803
angola,2011,5.8457
angola,2012,6.0696
angola,2013,6.5075
angola,2014,7.5471
angola,2015,9.1225
angola,2016,9.8312
angola,2017,10.017
angola,2018,8.6077
angola,2019,7.8826
angola,2020,9.9465
angola,2021,11.589
angola,2022,13.738
antigua_and_barbuda,1970,4.0299
antigua_and_barbuda,1971,4.0333
antigua_and_barbuda,1972,4.1763
antigua_and_barbuda,1973,3.8801
antigua_and_barbuda,1974,4.0435
antigua_and_barbuda,1975,4.6053
antigua_and_barbuda,1976,5.2202
antigua_and_barbuda,1977,4.7261
antigua_and_barbuda,1978,4.3664
antigua_and_barbuda,1979,3.4873
antigua_and_barbuda,1980,2.9880
antigua_and_barbuda,1981,2.8289
antigua_and_barbuda,1982,2.5662
antigua_and_barbuda,1983,2.5556
antigua_and_barbuda,1984,1.9992
antigua_and_barbuda,1985,2.0807
antigua_and_barbuda,1986,1.8594
antigua_and_barbuda,1987,1.9077
antigua_and_barbuda,1988,1.7677
antigua_and_barbuda,1989,1.7063
antigua_and_barbuda,1990,1.7807
antigua_and_barbuda,1991,1.7803
antigua_and_barbuda,1992,1.8027
antigua_and_barbuda,1993,1.7454
antigua_and_barbuda,1994,1.5765
antigua_and_barbuda,1995,1.6431
antigua_and_barbuda,1996,1.6154
antigua_and_barbuda,1997,1.7190
antigua_and_barbuda,1998,1.6667
antigua_and_barbuda,1999,1.6676
antigua_and_barbuda,2000,1.6836
antigua_and_barbuda,2001,1.6691
antigua_and_barbuda,2002,1.7565
antigua_and_barbuda,2003,1.7822
antigua_and_barbuda,2004,1.6479
antigua_and_barbuda,2005,1.7701
antigua_and_barbuda,2006,1.6645
antigua_and_barbuda,2007,1.6187
antigua_and_barbuda,2008,1.5476
antigua_and_barbuda,2009,1.4916
antigua_and_barbuda,2010,1.6334
antigua_and_barbuda,2011,1.9332
antigua_and_barbuda,2012,1.8988
antigua_and_barbuda,2013,2.0176
antigua_and_barbuda,2014,1.6558
antigua_and_barbuda,2015,1.6123
antigua_and_barbuda,2016,1.5678
antigua_and_barbuda,2017,1.7939
antigua_and_barbuda,2018,1.7372
antigua_and_barbuda,2019,1.7460
antigua_and_barbuda,2020,2.1393
antigua_and_barbuda,2021,1.9846
antigua_and_barbuda,2022,1.8441
argentina,1965,12.900
argentina,1966,10.280
argentina,1967,9.9800
argentina,1968,9.7210
argentina,1969,9.1860
argentina,1970,7.8008
argentina,1971,9.2001
argentina,1972,9.5095
argentina,1973,10.132
argentina,1974,8.7002
argentina,1975,5.6920
argentina,1976,7.0369
argentina,1977,7.1661
argentina,1978,6.5020
argentina,1979,6.7845
argentina,1980,5.5035
argentina,1981,5.6173
argentina,1982,8.3189
argentina,1983,7.5059
argentina,1984,7.2356
argentina,1985,6.6186
argentina,1986,6.7626
argentina,1987,7.0174
argentina,1988,7.7834
argentina,1989,8.3366
argentina,1990,7.0424
argentina,1991,5.9522
argentina,1992,5.1937
argentina,1993,4.4534
argentina,1994,4.4065
argentina,1995,4.6395
argentina,1996,4.8643
argentina,1997,4.5272
argentina,1998,4.5539
argentina,1999,3.8647
argentina,2000,4.0573
argentina,2001,3.9607
argentina,2002,8.8487
argentina,2003,8.9540
argentina,2004,8.3625
argentina,2005,7.9388
argentina,2006,6.9356
argentina,2007,7.4524
argentina,2008,7.3190
argentina,2009,5.2736
argentina,2010,7.1322
argentina,2011,6.9987
argentina,2012,5.7817
argentina,2013,6.0529
argentina,2014,6.7127
argentina,2015,5.1567
argentina,2016,6.2646
argentina,2017,5.2316
argentina,2018,4.5379
argentina,2019,5.3186
argentina,2020,6.3570
argentina,2021,7.3063
argentina,2022,6.6399
armenia,1992,28.303
armenia,1993,48.842
armenia,1994,40.716
armenia,1995,38.119
armenia,1996,32.597
armenia,1997,27.567
armenia,1998,28.899
armenia,1999,25.264
armenia,2000,21.760
armenia,2001,24.005
armenia,2002,21.997
armenia,2003,20.181
armenia,2004,21.205
armenia,2005,17.887
armenia,2006,17.531
armenia,2007,17.095
armenia,2008,15.276
armenia,2009,15.841
armenia,2010,15.947
armenia,2011,19.067
armenia,2012,17.913
armenia,2013,18.435
armenia,2014,18.072
armenia,2015,17.223
armenia,2016,16.390
armenia,2017,14.994
armenia,2018,13.942
armenia,2019,11.526
armenia,2020,11.350
armenia,2021,11.344
armenia,2022,10.373
australia,1970,5.7520
australia,1971,5.9130
australia,1972,7.2062
australia,1973,8.1030
australia,1974,6.0083
australia,1975,5.2763
australia,1976,5.0949
australia,1977,4.5676
australia,1978,6.4601
australia,1979,6.5704
australia,1980,5.5667
australia,1981,5.0729
australia,1982,3.7178
australia,1983,5.1365
australia,1984,4.6948
australia,1985,4.1882
australia,1986,4.1190
australia,1987,4.3650
australia,1988,4.5396
australia,1989,4.1935
australia,1990,3.1713
australia,1991,3.0430
australia,1992,3.2527
australia,1993,3.3381
australia,1994,3.0096
australia,1995,3.3788
australia,1996,3.2294
australia,1997,3.0288
australia,1998,3.0476
australia,1999,3.1104
australia,2000,3.4969
australia,2001,3.9450
australia,2002,2.8874
australia,2003,3.0616
australia,2004,2.8859
australia,2005,2.7310
australia,2006,2.2060
australia,2007,2.3421
australia,2008,2.3011
australia,2009,2.2043
australia,2010,2.2923
australia,2011,2.2677
australia,2012,2.2853
australia,2013,2.2204
australia,2014,2.3753
australia,2015,2.4043
australia,2016,2.7040
australia,2017,2.4571
australia,2018,2.1131
australia,2019,2.0093
australia,2020,2.3003
australia,2021,2.6755
australia,2022,2.3834
austria,1970,6.9643
austria,1971,6.0835
austria,1972,5.9776
austria,1973,5.8613
austria,1974,5.4303
austria,1975,5.1180
austria,1976,5.1063
austria,1977,4.4101
austria,1978,4.4146
austria,1979,4.2889
austria,1980,4.3264
austria,1981,3.9669
austria,1982,3.6460
austria,1983,3.4122
austria,1984,3.5823
austria,1985,3.1352
austria,1986,3.2270
austria,1987,3.1975
austria,1988,3.0485
austria,1989,3.0116
austria,1990,3.0971
austria,1991,2.8113
austria,1992,2.4533
austria,1993,2.2044
austria,1994,2.3715
austria,1995,2.1586
austria,1996,1.9825
austria,1997,1.9055
austria,1998,1.7933
austria,1999,1.7222
austria,2000,1.6473
austria,2001,1.6707
austria,2002,1.5628
austria,2003,1.4919
austria,2004,1.4765
austria,2005,1.2594
austria,2006,1.3032
austria,2007,1.4164
austria,2008,1.3422
austria,2009,1.1468
austria,2010,1.2673
austria,2011,1.4019
austria,2012,1.3486
austria,2013,1.2547
austria,2014,1.2007
austria,2015,1.1298
austria,2016,1.1103
austria,2017,1.2105
austria,2018,1.1306
austria,2019,1.0524
austria,2020,1.0681
austria,2021,1.2186
austria,2022,1.3858
azerbaijan,1992,26.588
azerbaijan,1993,27.404
azerbaijan,1994,32.590
azerbaijan,1995,25.344
azerbaijan,1996,24.961
azerbaijan,1997,20.127
azerbaijan,1998,18.149
azerbaijan,1999,18.399
azerbaijan,2000,16.085
azerbaijan,2001,14.837
azerbaijan,2002,13.955
azerbaijan,2003,12.426
azerbaijan,2004,10.988
azerbaijan,2005,9.0868
azerbaijan,2006,7.0916
azerbaijan,2007,6.7030
azerbaijan,2008,5.5958
azerbaijan,2009,6.1219
azerbaijan,2010,5.5213
azerbaijan,2011,5.0757
azerbaijan,2012,5.1398
azerbaijan,2013,5.3663
azerbaijan,2014,5.3194
azerbaijan,2015,6.1776
azerbaijan,2016,5.6049
azerbaijan,2017,5.6074
azerbaijan,2018,5.2125
azerbaijan,2019,5.6953
azerbaijan,2020,6.7389
azerbaijan,2021,5.7260
azerbaijan,2022,4.7646
bahamas,1970,2.0005
bahamas,1971,2.0007
bahamas,1972,2.0014
bahamas,1973,2.0011
bahamas,1974,2.0005
bahamas,1975,1.9987
bahamas,1976,2.0018
bahamas,1977,2.0047
bahamas,1978,1.9998
bahamas,1979,1.9975
bahamas,1980,1.9895
bahamas,1981,2.0178
bahamas,1982,2.0192
bahamas,1983,1.9752
bahamas,1984,2.0430
bahamas,1985,1.9046
bahamas,1986,1.8119
bahamas,1987,1.8276
bahamas,1988,1.6177
bahamas,1989,1.3359
bahamas,1990,1.4665
bahamas,1991,1.8828
bahamas,1992,1.7687
bahamas,1993,1.6347
bahamas,1994,1.7772
bahamas,1995,1.8824
bahamas,1996,1.5978
bahamas,1997,1.5618
bahamas,1998,1.3786
bahamas,1999,1.2676
bahamas,2000,1.3446
bahamas,2001,1.1986
bahamas,2002,1.5133
bahamas,2003,1.3472
bahamas,2004,1.1618
bahamas,2005,1.0644
bahamas,2006,1.1704
bahamas,2007,1.0934
bahamas,2008,1.0431
bahamas,2009,0.90964
bahamas,2010,1.0975
bahamas,2011,1.0923
bahamas,2012,1.0726
bahamas,2013,0.91932
bahamas,2014,0.84018
bahamas,2015,0.82434
bahamas,2016,0.87372
bahamas,2017,0.76809
bahamas,2018,0.67795
bahamas,2019,0.59815
bahamas,2020,0.82740
bahamas,2021,0.47696
bahamas,2022,0.57270
bahrain,1970,0.82172
bahrain,1971,0.82408
bahrain,1972,0.82972
bahrain,1973,0.81135
bahrain,1974,0.83118
bahrain,1975,0.84664
bahrain,1976,0.75622
bahrain,1977,0.89067
bahrain,1978,0.88592
bahrain,1979,0.88142
bahrain,1980,0.75860
bahrain,1981,0.78016
bahrain,1982,0.81517
bahrain,1983,0.88896
bahrain,1984,0.86065
bahrain,1985,0.92045
bahrain,1986,1.1012
bahrain,1987,1.0574
bahrain,1988,0.92081
bahrain,1989,0.88613
bahrain,1990,0.73161
bahrain,1991,0.71034
bahrain,1992,0.76750
bahrain,1993,0.78578
bahrain,1994,0.72031
bahrain,1995,0.73582
bahrain,1996,0.79738
bahrain,1997,0.73088
bahrain,1998,0.78098
bahrain,1999,0.74105
bahrain,2000,0.63731
bahrain,2001,0.62843
bahrain,2002,0.56938
bahrain,2003,0.52530
bahrain,2004,0.39042
bahrain,2005,0.32292
bahrain,2006,0.26870
bahrain,2007,0.29231
bahrain,2008,0.26482
bahrain,2009,0.33729
bahrain,2010,0.29765
bahrain,2011,0.29087
bahrain,2012,0.27574
bahrain,2013,0.27480
bahrain,2014,0.29990
bahrain,2015,0.31624
bahrain,2016,0.33218
bahrain,2017,0.29066
bahrain,2018,0.28806
bahrain,2019,0.28121
bahrain,2020,0.31379
bahrain,2021,0.27910
bahrain,2022,0.29137
bangladesh,1961,57.990
bangladesh,1962,57.020
bangladesh,1963,57.150
bangladesh,1964,53.360
bangladesh,1965,52.820
bangladesh,1966,53.950
bangladesh,1967,55.850
bangladesh,1968,53.560
bangladesh,1969,55.410
bangladesh,1970,39.337
bangladesh,1971,36.792
bangladesh,1972,42.976
bangladesh,1973,40.834
bangladesh,1974,42.036
bangladesh,1975,48.811
bangladesh,1976,41.027
bangladesh,1977,37.829
bangladesh,1978,39.107
bangladesh,1979,36.891
bangladesh,1980,33.957
bangladesh,1981,33.742
bangladesh,1982,33.252
bangladesh,1983,32.922
bangladesh,1984,34.385
bangladesh,1985,34.407
bangladesh,1986,33.284
bangladesh,1987,33.573
bangladesh,1988,31.952
bangladesh,1989,30.646
bangladesh,1990,30.354
bangladesh,1991,29.676
bangladesh,1992,28.391
bangladesh,1993,25.280
bangladesh,1994,24.726
bangladesh,1995,25.333
bangladesh,1996,24.644
bangladesh,1997,24.730
bangladesh,1998,24.483
bangladesh,1999,25.251
bangladesh,2000,24.618
bangladesh,2001,23.285
bangladesh,2002,21.925
bangladesh,2003,20.978
bangladesh,2004,20.183
bangladesh,2005,19.321
bangladesh,2006,18.034
bangladesh,2007,17.732
bangladesh,2008,17.448
bangladesh,2009,16.889
bangladesh,2010,16.716
bangladesh,2011,16.459
bangladesh,2012,15.773
bangladesh,2013,15.042
bangladesh,2014,14.842
bangladesh,2015,14.232
bangladesh,2016,13.465
bangladesh,2017,12.958
bangladesh,2018,12.482
bangladesh,2019,11.978
bangladesh,2020,12.003
bangladesh,2021,11.637
bangladesh,2022,11.224
barbados,1970,7.0364
barbados,1971,6.0326
barbados,1972,6.3292
barbados,1973,6.7435
barbados,1974,7.1302
barbados,1975,8.4207
barbados,1976,6.4329
barbados,1977,6.7525
barbados,1978,6.0335
barbados,1979,5.9637
barbados,1980,6.4393
barbados,1981,4.9517
barbados,1982,4.4892
barbados,1983,4.6925
barbados,1984,4.4227
barbados,1985,4.1897
barbados,1986,4.0454
barbados,1987,4.3090
barbados,1988,4.0818
barbados,1989,3.2066
barbados,1990,3.3922
barbados,1991,3.4466
barbados,1992,3.4137
barbados,1993,3.2147
barbados,1994,2.4168
barbados,1995,3.1083
barbados,1996,3.2356
barbados,1997,2.5938
barbados,1998,1.9356
barbados,1999,2.2656
barbados,2000,1.9368
barbados,2001,2.0558
barbados,2002,1.8340
barbados,2003,1.9202
barbados,2004,1.5949
barbados,2005,1.5398
barbados,2006,1.4531
barbados,2007,1.3099
barbados,2008,1.1891
barbados,2009,1.4086
barbados,2010,1.3253
barbados,2011,1.1984
barbados,2012,1.4099
barbados,2013,1.5964
barbados,2014,1.5900
barbados,2015,1.4987
barbados,2016,1.5062
barbados,2017,1.5113
barbados,2018,1.6790
barbados,2019,1.5924
barbados,2020,1.9319
barbados,2021,1.6748
barbados,2022,1.4544
belarus,1992,21.793
belarus,1993,16.660
belarus,1994,13.197
belarus,1995,15.313
belarus,1996,14.664
belarus,1997,13.031
belarus,1998,11.714
belarus,1999,12.335
belarus,2000,11.907
belarus,2001,10.100
belarus,2002,9.7669
belarus,2003,8.2770
belarus,2004,8.4480
belarus,2005,8.2731
belarus,2006,8.3316
belarus,2007,8.0641
belarus,2008,8.4166
belarus,2009,8.1309
belarus,2010,8.8919
belarus,2011,8.0019
belarus,2012,8.1309
belarus,2013,6.8091
belarus,2014,7.3031
belarus,2015,6.2832
belarus,2016,6.8953
belarus,2017,7.5658
belarus,2018,6.5901
belarus,2019,6.7947
belarus,2020,7.0772
belarus,2021,6.7066
belarus,2022,7.7082
belgium,1970,3.6803
belgium,1971,3.5997
belgium,1972,4.1393
belgium,1973,3.9803
belgium,1974,3.0446
belgium,1975,3.0170
belgium,1976,3.0661
belgium,1977,2.5573
belgium,1978,2.6260
belgium,1979,2.3399
belgium,1980,2.2662
belgium,1981,2.4060
belgium,1982,2.4855
belgium,1983,2.6408
belgium,1984,2.5073
belgium,1985,2.3814
belgium,1986,2.3137
belgium,1987,2.1313
belgium,1988,2.0626
belgium,1989,2.3625
belgium,1990,2.0040
belgium,1991,1.9853
belgium,1992,1.8227
belgium,1993,1.6950
belgium,1994,1.5888
belgium,1995,1.3066
belgium,1996,1.3283
belgium,1997,1.3408
belgium,1998,1.2557
belgium,1999,1.0762
belgium,2000,1.1760
belgium,2001,1.1094
belgium,2002,1.0331
belgium,2003,1.0294
belgium,2004,1.0229
belgium,2005,0.84064
belgium,2006,0.90727
belgium,2007,0.88752
belgium,2008,0.71234
belgium,2009,0.64527
belgium,2010,0.76510
belgium,2011,0.64803
belgium,2012,0.78123
belgium,2013,0.68117
belgium,2014,0.63784
belgium,2015,0.68641
belgium,2016,0.62843
belgium,2017,0.66509
belgium,2018,0.60304
belgium,2019,0.67002
belgium,2020,0.67916
belgium,2021,0.64160
belgium,2022,0.64058
belize,1970,21.585
belize,1971,22.266
belize,1972,22.964
belize,1973,19.525
belize,1974,24.310
belize,1975,25.057
belize,1976,19.183
belize,1977,20.952
belize,1978,20.551
belize,1979,18.730
belize,1980,21.613
belize,1981,20.787
belize,1982,17.796
belize,1983,17.164
belize,1984,16.535
belize,1985,16.066
belize,1986,16.290
belize,1987,16.870
belize,1988,15.283
belize,1989,13.981
belize,1990,13.415
belize,1991,12.273
belize,1992,11.877
belize,1993,11.224
belize,1994,11.439
belize,1995,12.013
belize,1996,11.847
belize,1997,11.354
belize,1998,10.670
belize,1999,11.095
belize,2000,10.675
belize,2001,9.5406
belize,2002,9.2065
belize,2003,10.500
belize,2004,10.389
belize,2005,9.7802
belize,2006,9.5568
belize,2007,8.7277
belize,2008,8.3651
belize,2009,8.5782
belize,2010,8.7959
belize,2011,8.9260
belize,2012,10.470
belize,2013,10.146
belize,2014,10.242
belize,2015,9.6069
belize,2016,7.7003
belize,2017,8.5596
belize,2018,7.1368
belize,2019,6.5339
belize,2020,8.3485
belize,2021,7.9033
belize,2022,7.7809
benin,1961,46.190
benin,1962,44.710
benin,1963,43.720
benin,1964,45.530
benin,1965,44.620
benin,1966,45.150
benin,1967,42.080
benin,1968,38.870
benin,1969,38.500
benin,1970,30.463
benin,1971,30.397
benin,1972,30.492
benin,1973,29.811
benin,1974,26.743
benin,1975,25.631
benin,1976,29.742
benin,1977,29.342
benin,1978,32.248
benin,1979,31.854
benin,1980,29.425
benin,1981,28.863
benin,1982,30.368
benin,1983,31.027
benin,1984,31.177
benin,1985,29.872
benin,1986,31.481
benin,1987,31.105
benin,1988,32.534
benin,1989,34.547
benin,1990,34.655
benin,1991,35.044
benin,1992,33.942
benin,1993,34.119
benin,1994,21.946
benin,1995,21.448
benin,1996,24.323
benin,1997,24.693
benin,1998,25.953
benin,1999,24.534
benin,2000,23.541
benin,2001,25.048
benin,2002,25.383
benin,2003,24.454
benin,2004,26.521
benin,2005,26.689
benin,2006,27.616
benin,2007,26.971
benin,2008,26.826
benin,2009,26.979
benin,2010,25.841
benin,2011,25.797
benin,2012,25.769
benin,2013,25.275
benin,2014,25.618
benin,2015,26.392
benin,2016,27.754
benin,2017,28.489
benin,2018,28.065
benin,2019,26.876
benin,2020,27.109
benin,2021,28.529
benin,2022,26.897
bhutan,1970,42.810
bhutan,1971,42.828
bhutan,1972,42.824
bhutan,1973,42.778
bhutan,1974,42.881
bhutan,1975,42.814
bhutan,1976,42.639
bhutan,1977,43.191
bhutan,1978,42.610
bhutan,1979,42.115
bhutan,1980,44.848
bhutan,1981,40.868
bhutan,1982,40.629
bhutan,1983,40.006
bhutan,1984,41.697
bhutan,1985,42.353
bhutan,1986,40.650
bhutan,1987,36.743
bhutan,1988,38.230
bhutan,1989,37.526
bhutan,1990,37.137
bhutan,1991,34.819
bhutan,1992,35.391
bhutan,1993,33.057
bhutan,1994,34.621
bhutan,1995,32.023
bhutan,1996,31.049
bhutan,1997,31.051
bhutan,1998,30.040
bhutan,1999,27.713
bhutan,2000,26.801
bhutan,2001,25.573
bhutan,2002,25.518
bhutan,2003,24.388
bhutan,2004,23.975
bhutan,2005,20.200
bhutan,2006,19.365
bhutan,2007,16.737
bhutan,2008,16.381
bhutan,2009,16.190
bhutan,2010,14.783
bhutan,2011,14.296
bhutan,2012,13.964
bhutan,2013,14.091
bhutan,2014,14.514
bhutan,2015,13.735
bhutan,2016,13.015
bhutan,2017,12.930
bhutan,2018,13.551
bhutan,2019,12.934
bhutan,2020,15.703
bhutan,2021,15.795
bhutan,2022,14.671
bolivia_plurinational_state_of,1970,16.667
bolivia_plurinational_state_of,1971,23.077
bolivia_plurinational_state_of,1972,17.647
bolivia_plurinational_state_of,1973,19.231
bolivia_plurinational_state_of,1974,20.930
bolivia_plurinational_state_of,1975,20.833
bolivia_plurinational_state_of,1976,20.000
bolivia_plurinational_state_of,1977,20.000
bolivia_plurinational_state_of,1978,18.667
bolivia_plurinational_state_of,1979,17.778
bolivia_plurinational_state_of,1980,16.949
bolivia_plurinational_state_of,1981,17.279
bolivia_plurinational_state_of,1982,16.086
bolivia_plurinational_state_of,1983,19.458
bolivia_plurinational_state_of,1984,21.546
bolivia_plurinational_state_of,1985,19.016
bolivia_plurinational_state_of,1986,16.933
bolivia_plurinational_state_of,1987,16.296
bolivia_plurinational_state_of,1988,15.735
bolivia_plurinational_state_of,1989,15.263
bolivia_plurinational_state_of,1990,15.354
bolivia_plurinational_state_of,1991,15.542
bolivia_plurinational_state_of,1992,14.404
bolivia_plurinational_state_of,1993,14.648
bolivia_plurinational_state_of,1994,15.244
bolivia_plurinational_state_of,1995,14.859
bolivia_plurinational_state_of,1996,14.185
bolivia_plurinational_state_of,1997,14.918
bolivia_plurinational_state_of,1998,12.625
bolivia_plurinational_state_of,1999,13.258
bolivia_plurinational_state_of,2000,12.966
bolivia_plurinational_state_of,2001,13.256
bolivia_plurinational_state_of,2002,12.955
bolivia_plurinational_state_of,2003,13.427
bolivia_plurinational_state_of,2004,13.322
bolivia_plurinational_state_of,2005,11.793
bolivia_plurinational_state_of,2006,10.938
bolivia_plurinational_state_of,2007,10.011
bolivia_plurinational_state_of,2008,10.442
bolivia_plurinational_state_of,2009,11.152
bolivia_plurinational_state_of,2010,10.390
bolivia_plurinational_state_of,2011,9.7696
bolivia_plurinational_state_of,2012,9.8122
bolivia_plurinational_state_of,2013,9.9670
bolivia_plurinational_state_of,2014,9.7402
bolivia_plurinational_state_of,2015,10.239
bolivia_plurinational_state_of,2016,11.172
bolivia_plurinational_state_of,2017,11.589
bolivia_plurinational_state_of,2018,11.482
bolivia_plurinational_state_of,2019,12.222
bolivia_plurinational_state_of,2020,14.001
bolivia_plurinational_state_of,2021,12.923
bolivia_plurinational_state_of,2022,12.469
bosnia_and_herzegovina,1992,18.664
bosnia_and_herzegovina,1993,19.173
bosnia_and_herzegovina,1994,18.759
bosnia_and_herzegovina,1995,18.059
bosnia_and_herzegovina,1996,20.700
bosnia_and_herzegovina,1997,17.518
bosnia_and_herzegovina,1998,15.960
bosnia_and_herzegovina,1999,12.853
bosnia_and_herzegovina,2000,9.0015
bosnia_and_herzegovina,2001,9.1206
bosnia_and_herzegovina,2002,8.8735
bosnia_and_herzegovina,2003,8.1050
bosnia_and_herzegovina,2004,8.5835
bosnia_and_herzegovina,2005,8.2974
bosnia_and_herzegovina,2006,8.0543
bosnia_and_herzegovina,2007,7.7050
bosnia_and_herzegovina,2008,7.2073
bosnia_and_herzegovina,2009,7.0766
bosnia_and_herzegovina,2010,6.7968
bosnia_and_herzegovina,2011,6.7577
bosnia_and_herzegovina,2012,6.1377
bosnia_and_herzegovina,2013,6.8414
bosnia_and_herzegovina,2014,5.9511
bosnia_and_herzegovina,2015,6.0376
bosnia_and_herzegovina,2016,6.1656
bosnia_and_herzegovina,2017,5.4310
bosnia_and_herzegovina,2018,5.7188
bosnia_and_herzegovina,2019,5.4500
bosnia_and_herzegovina,2020,5.9144
bosnia_and_herzegovina,2021,5.0193
bosnia_and_herzegovina,2022,4.8333
botswana,1961,41.870
botswana,1962,40.460
botswana,1963,39.380
botswana,1964,38.430
botswana,1965,33.840
botswana,1966,39.300
botswana,1967,36.600
botswana,1968,33.900
botswana,1969,31.200
botswana,1970,28.500
botswana,1971,39.260
botswana,1972,39.285
botswana,1973,39.371
botswana,1974,34.122
botswana,1975,29.487
botswana,1976,25.350
botswana,1977,22.397
botswana,1978,20.556
botswana,1979,16.753
botswana,1980,13.160
botswana,1981,11.603
botswana,1982,11.418
botswana,1983,9.5448
botswana,1984,7.3618
botswana,1985,6.3019
botswana,1986,5.3955
botswana,1987,4.8213
botswana,1988,5.6913
botswana,1989,4.3466
botswana,1990,4.1839
botswana,1991,4.0396
botswana,1992,4.2630
botswana,1993,4.1605
botswana,1994,3.7561
botswana,1995,4.6377
botswana,1996,3.6910
botswana,1997,3.5427
botswana,1998,3.1669
botswana,1999,2.9908
botswana,2000,2.7947
botswana,2001,2.5904
botswana,2002,2.3493
botswana,2003,2.5651
botswana,2004,2.0754
botswana,2005,1.6210
botswana,2006,1.7390
botswana,2007,1.9266
botswana,2008,2.1401
botswana,2009,2.3760
botswana,2010,2.0910
botswana,2011,2.1189
botswana,2012,2.3148
botswana,2013,1.9935
botswana,2014,1.8196
botswana,2015,1.9478
botswana,2016,1.9759
botswana,2017,1.8420
botswana,2018,2.1173
botswana,2019,2.0872
botswana,2020,2.2125
botswana,2021,1.7898
botswana,2022,1.7588
brazil,1961,19.500
brazil,1962,17.350
brazil,1963,16.790
brazil,1964,17.290
brazil,1965,18.710
brazil,1966,15.690
brazil,1967,15.110
brazil,1968,14.050
brazil,1969,13.220
brazil,1970,9.9531
brazil,1971,11.058
brazil,1972,10.718
brazil,1973,11.001
brazil,1974,10.690
brazil,1975,10.215
brazil,1976,10.290
brazil,1977,11.922
brazil,1978,9.8775
brazil,1979,9.6318
brazil,1980,10.674
brazil,1981,10.075
brazil,1982,8.4338
brazil,1983,11.573
brazil,1984,12.086
brazil,1985,11.279
brazil,1986,10.613
brazil,1987,9.6560
brazil,1988,10.168
brazil,1989,8.8158
brazil,1990,9.9401
brazil,1991,10.060
brazil,1992,6.8319
brazil,1993,6.7496
brazil,1994,8.6810
brazil,1995,4.8343
brazil,1996,4.6562
brazil,1997,4.5792
brazil,1998,4.6875
brazil,1999,4.5748
brazil,2000,4.6562
brazil,2001,4.9534
brazil,2002,5.5197
brazil,2003,6.1669
brazil,2004,5.6653
brazil,2005,4.6512
brazil,2006,4.3700
brazil,2007,4.4169
brazil,2008,4.5678
brazil,2009,4.4768
brazil,2010,4.1158
brazil,2011,4.3420
brazil,2012,4.1683
brazil,2013,4.5069
brazil,2014,4.3256
brazil,2015,4.3191
brazil,2016,4.8914
brazil,2017,4.6006
brazil,2018,4.4204
brazil,2019,4.2050
brazil,2020,5.7115
brazil,2021,7.4869
brazil,2022,6.8132
brunei_darussalam,1970,0.41147
brunei_darussalam,1971,0.41646
brunei_darussalam,1972,0.41883
brunei_darussalam,1973,0.39911
brunei_darussalam,1974,0.45193
brunei_darussalam,1975,0.45345
brunei_darussalam,1976,0.36875
brunei_darussalam,1977,0.34092
brunei_darussalam,1978,0.36136
brunei_darussalam,1979,0.30355
brunei_darussalam,1980,0.21420
brunei_darussalam,1981,0.23414
brunei_darussalam,1982,0.28416
brunei_darussalam,1983,0.32912
brunei_darussalam,1984,0.35677
brunei_darussalam,1985,0.40859
brunei_darussalam,1986,0.63058
brunei_darussalam,1987,0.74973
brunei_darussalam,1988,0.92414
brunei_darussalam,1989,0.92775
brunei_darussalam,1990,0.93224
brunei_darussalam,1991,0.98630
brunei_darussalam,1992,0.93109
brunei_darussalam,1993,1.0395
brunei_darussalam,1994,1.1565
brunei_darussalam,1995,1.1208
brunei_darussalam,1996,1.0827
brunei_darussalam,1997,1.1880
brunei_darussalam,1998,1.3666
brunei_darussalam,1999,1.1881
brunei_darussalam,2000,0.98843
brunei_darussalam,2001,1.0947
brunei_darussalam,2002,1.0550
brunei_darussalam,2003,1.1790
brunei_darussalam,2004,1.0877
brunei_darussalam,2005,0.91353
brunei_darussalam,2006,0.68144
brunei_darussalam,2007,0.66532
brunei_darussalam,2008,0.61493
brunei_darussalam,2009,0.87702
brunei_darussalam,2010,0.73335
brunei_darussalam,2011,0.57278
brunei_darussalam,2012,0.65516
brunei_darussalam,2013,0.68494
brunei_darussalam,2014,0.86283
brunei_darussalam,2015,1.1032
brunei_darussalam,2016,1.2037
brunei_darussalam,2017,1.0865
brunei_darussalam,2018,1.0176
brunei_darussalam,2019,0.98606
brunei_darussalam,2020,1.2175
brunei_darussalam,2021,1.2563
brunei_darussalam,2022,1.0962
bulgaria,1970,16.388
bulgaria,1971,16.377
bulgaria,1972,16.378
bulgaria,1973,16.408
bulgaria,1974,16.346
bulgaria,1975,16.379
bulgaria,1976,16.501
bulgaria,1977,16.158
bulgaria,1978,16.479
bulgaria,1979,16.865
bulgaria,1980,15.128
bulgaria,1981,17.444
bulgaria,1982,18.023
bulgaria,1983,15.192
bulgaria,1984,16.591
bulgaria,1985,12.453
bulgaria,1986,13.556
bulgaria,1987,12.376
bulgaria,1988,12.023
bulgaria,1989,11.480
bulgaria,1990,19.223
bulgaria,1991,14.662
bulgaria,1992,11.067
bulgaria,1993,9.4635
bulgaria,1994,10.946
bulgaria,1995,9.2185
bulgaria,1996,9.5926
bulgaria,1997,20.477
bulgaria,1998,13.412
bulgaria,1999,12.959
bulgaria,2000,10.970
bulgaria,2001,10.603
bulgaria,2002,9.7107
bulgaria,2003,9.0955
bulgaria,2004,8.4522
bulgaria,2005,7.2837
bulgaria,2006,6.0962
bulgaria,2007,4.6517
bulgaria,2008,5.8697
bulgaria,2009,4.2358
bulgaria,2010,4.0324
bulgaria,2011,4.6614
bulgaria,2012,4.4302
bulgaria,2013,4.5154
bulgaria,2014,4.5588
bulgaria,2015,4.0620
bulgaria,2016,4.0549
bulgaria,2017,4.0432
bulgaria,2018,3.3861
bulgaria,2019,3.2428
bulgaria,2020,3.4903
bulgaria,2021,4.3681
bulgaria,2022,3.8613
burkina_faso,1961,39.620
burkina_faso,1962,39.490
burkina_faso,1963,40.100
burkina_faso,1964,40.540
burkina_faso,1965,37.180
burkina_faso,1966,37.780
burkina_faso,1967,34.210
burkina_faso,1968,32.360
burkina_faso,1969,32.800
burkina_faso,1970,24.746
burkina_faso,1971,23.622
burkina_faso,1972,26.503
burkina_faso,1973,24.583
burkina_faso,1974,25.079
burkina_faso,1975,27.265
burkina_faso,1976,25.229
burkina_faso,1977,26.053
burkina_faso,1978,27.100
burkina_faso,1979,24.596
burkina_faso,1980,24.311
burkina_faso,1981,25.256
burkina_faso,1982,24.402
burkina_faso,1983,24.440
burkina_faso,1984,25.747
burkina_faso,1985,27.921
burkina_faso,1986,24.171
burkina_faso,1987,22.905
burkina_faso,1988,23.503
burkina_faso,1989,22.748
burkina_faso,1990,23.015
burkina_faso,1991,24.534
burkina_faso,1992,23.726
burkina_faso,1993,24.895
burkina_faso,1994,27.130
burkina_faso,1995,27.351
burkina_faso,1996,29.955
burkina_faso,1997,27.781
burkina_faso,1998,30.107
burkina_faso,1999,27.252
burkina_faso,2000,24.914
burkina_faso,2001,26.920
burkina_faso,2002,26.372
burkina_faso,2003,25.961
burkina_faso,2004,23.381
burkina_faso,2005,26.771
burkina_faso,2006,25.229
burkina_faso,2007,21.839
burkina_faso,2008,27.314
burkina_faso,2009,23.205
burkina_faso,2010,24.143
burkina_faso,2011,23.044
burkina_faso,2012,23.756
burkina_faso,2013,23.641
burkina_faso,2014,23.694
burkina_faso,2015,22.633
burkina_faso,2016,21.715
burkina_faso,2017,20.586
burkina_faso,2018,20.997
burkina_faso,2019,17.777
burkina_faso,2020,18.767
burkina_faso,2021,17.674
burkina_faso,2022,20.499
burundi,1970,63.178
burundi,1971,63.085
burundi,1972,59.297
burundi,1973,61.562
burundi,1974,59.313
burundi,1975,60.463
burundi,1976,56.897
burundi,1977,53.892
burundi,1978,50.674
burundi,1979,50.357
burundi,1980,55.924
burundi,1981,56.352
burundi,1982,51.099
burundi,1983,52.216
burundi,1984,53.464
burundi,1985,54.811
burundi,1986,51.030
burundi,1987,49.061
burundi,1988,47.645
burundi,1989,46.009
burundi,1990,51.156
burundi,1991,49.657
burundi,1992,48.158
burundi,1993,46.439
burundi,1994,40.736
burundi,1995,42.017
burundi,1996,49.890
burundi,1997,48.444
burundi,1998,42.129
burundi,1999,40.571
burundi,2000,36.001
burundi,2001,35.618
burundi,2002,36.469
burundi,2003,31.842
burundi,2004,48.699
burundi,2005,40.848
burundi,2006,40.638
burundi,2007,34.934
burundi,2008,38.005
burundi,2009,36.853
burundi,2010,38.430
burundi,2011,36.704
burundi,2012,35.510
burundi,2013,38.367
burundi,2014,34.958
burundi,2015,35.248
burundi,2016,35.555
burundi,2017,37.403
burundi,2018,35.354
burundi,2019,34.134
burundi,2020,33.875
burundi,2021,33.917
burundi,2022,32.622
cabo_verde,1970,18.128
cabo_verde,1971,18.194
cabo_verde,1972,18.148
cabo_verde,1973,18.008
cabo_verde,1974,17.800
cabo_verde,1975,18.494
cabo_verde,1976,18.522
cabo_verde,1977,17.916
cabo_verde,1978,17.307
cabo_verde,1979,16.760
cabo_verde,1980,21.963
cabo_verde,1981,18.663
cabo_verde,1982,14.884
cabo_verde,1983,14.264
cabo_verde,1984,14.026
cabo_verde,1985,15.366
cabo_verde,1986,16.124
cabo_verde,1987,20.802
cabo_verde,1988,20.859
cabo_verde,1989,19.117
cabo_verde,1990,16.993
cabo_verde,1991,15.822
cabo_verde,1992,13.934
cabo_verde,1993,16.304
cabo_verde,1994,15.159
cabo_verde,1995,16.107
cabo_verde,1996,14.683
cabo_verde,1997,13.765
cabo_verde,1998,12.888
cabo_verde,1999,16.060
cabo_verde,2000,15.266
cabo_verde,2001,12.225
cabo_verde,2002,11.005
cabo_verde,2003,10.014
cabo_verde,2004,9.3340
cabo_verde,2005,8.2124
cabo_verde,2006,7.4499
cabo_verde,2007,6.0947
cabo_verde,2008,5.3158
cabo_verde,2009,6.0263
cabo_verde,2010,5.8291
cabo_verde,2011,5.3993
cabo_verde,2012,5.7909
cabo_verde,2013,5.8236
cabo_verde,2014,5.7351
cabo_verde,2015,6.4083
cabo_verde,2016,6.3135
cabo_verde,2017,5.3753
cabo_verde,2018,4.5228
cabo_verde,2019,3.8268
cabo_verde,2020,4.6996
cabo_verde,2021,4.5284
cabo_verde,2022,3.6884
cambodia,1970,47.582
cambodia,1971,47.584
cambodia,1972,47.585
cambodia,1973,47.581
cambodia,1974,47.576
cambodia,1975,47.586
cambodia,1976,47.595
cambodia,1977,47.586
cambodia,1978,47.560
cambodia,1979,47.550
cambodia,1980,47.637
cambodia,1981,47.643
cambodia,1982,47.538
cambodia,1983,47.433
cambodia,1984,47.499
cambodia,1985,48.072
cambodia,1986,47.672
cambodia,1987,47.016
cambodia,1988,46.907
cambodia,1989,47.827
cambodia,1990,50.939
cambodia,1991,45.668
cambodia,1992,43.739
cambodia,1993,46.364
cambodia,1994,47.225
cambodia,1995,49.397
cambodia,1996,44.463
cambodia,1997,44.447
cambodia,1998,44.480
cambodia,1999,40.904
cambodia,2000,35.919
cambodia,2001,34.320
cambodia,2002,31.129
cambodia,2003,31.971
cambodia,2004,29.390
cambodia,2005,30.710
cambodia,2006,30.059
cambodia,2007,29.697
cambodia,2008,32.751
cambodia,2009,33.491
cambodia,2010,33.877
cambodia,2011,34.557
cambodia,2012,33.520
cambodia,2013,31.595
cambodia,2014,28.871
cambodia,2015,26.580
cambodia,2016,24.743
cambodia,2017,23.361
cambodia,2018,22.013
cambodia,2019,20.712
cambodia,2020,22.696
cambodia,2021,22.848
cambodia,2022,22.230
cameroon,1965,32.730
cameroon,1966,31.850
cameroon,1967,31.130
cameroon,1968,31.510
cameroon,1969,30.720
cameroon,1970,19.624
cameroon,1971,20.003
cameroon,1972,19.997
cameroon,1973,20.611
cameroon,1974,21.259
cameroon,1975,21.075
cameroon,1976,20.402
cameroon,1977,19.951
cameroon,1978,18.959
cameroon,1979,17.667
cameroon,1980,17.189
cameroon,1981,15.817
cameroon,1982,14.293
cameroon,1983,13.466
cameroon,1984,13.408
cameroon,1985,14.457
cameroon,1986,15.210
cameroon,1987,15.683
cameroon,1988,15.780
cameroon,1989,16.104
cameroon,1990,16.637
cameroon,1991,18.102
cameroon,1992,19.384
cameroon,1993,18.237
cameroon,1994,19.610
cameroon,1995,19.145
cameroon,1996,18.322
cameroon,1997,18.968
cameroon,1998,19.001
cameroon,1999,18.979
cameroon,2000,18.118
cameroon,2001,18.621
cameroon,2002,18.272
cameroon,2003,17.474
cameroon,2004,17.561
cameroon,2005,16.734
cameroon,2006,15.625
cameroon,2007,15.858
cameroon,2008,16.001
cameroon,2009,16.387
cameroon,2010,17.270
cameroon,2011,16.697
cameroon,2012,16.657
cameroon,2013,16.724
cameroon,2014,16.826
cameroon,2015,17.209
cameroon,2016,17.193
cameroon,2017,16.695
cameroon,2018,16.499
cameroon,2019,16.802
cameroon,2020,17.497
cameroon,2021,16.911
cameroon,2022,16.978
canada,1970,4.1103
canada,1971,3.8360
canada,1972,3.6282
canada,1973,4.8110
canada,1974,4.9324
canada,1975,4.6413
canada,1976,4.1228
canada,1977,3.6187
canada,1978,3.9277
canada,1979,4.0858
canada,1980,3.8498
canada,1981,3.9571
canada,1982,3.6444
canada,1983,3.2804
canada,1984,3.2946
canada,1985,3.2685
canada,1986,3.2986
canada,1987,2.8896
canada,1988,2.7796
canada,1989,2.7345
canada,1990,2.6573
canada,1991,2.5423
canada,1992,2.5275
canada,1993,2.5965
canada,1994,2.5492
canada,1995,2.6951
canada,1996,2.7882
canada,1997,2.1391
canada,1998,2.1668
canada,1999,2.1948
canada,2000,2.0903
canada,2001,2.1167
canada,2002,1.9860
canada,2003,2.0514
canada,2004,2.1659
canada,2005,1.8783
canada,2006,1.6990
canada,2007,1.5873
canada,2008,1.7683
canada,2009,1.5499
canada,2010,1.4932
canada,2011,1.7657
canada,2012,1.8114
canada,2013,1.8943
canada,2014,1.5865
canada,2015,1.8697
canada,2016,1.8622
canada,2017,1.8900
canada,2018,1.8740
canada,2019,1.8754
canada,2020,1.8798
canada,2021,1.8764
canada,2022,1.8772
central_african_republic,1965,46.260
central_african_republic,1966,42.150
central_african_republic,1967,39.520
central_african_republic,1968,39.080
central_african_republic,1969,37.840
central_african_republic,1970,28.203
central_african_republic,1971,29.457
central_african_republic,1972,30.445
central_african_republic,1973,30.266
central_african_republic,1974,34.744
central_african_republic,1975,31.188
central_african_republic,1976,33.445
central_african_republic,1977,33.346
central_african_republic,1978,33.065
central_african_republic,1979,33.242
central_african_republic,1980,33.434
central_african_republic,1981,34.446
central_african_republic,1982,36.085
central_african_republic,1983,34.207
central_african_republic,1984,34.250
central_african_republic,1985,36.332
central_african_republic,1986,38.849
central_african_republic,1987,36.758
central_african_republic,1988,38.032
central_african_republic,1989,36.885
central_african_republic,1990,37.613
central_african_republic,1991,35.770
central_african_republic,1992,36.503
central_african_republic,1993,36.431
central_african_republic,1994,35.569
central_african_republic,1995,36.614
central_african_republic,1996,41.679
central_african_republic,1997,42.722
central_african_republic,1998,42.825
central_african_republic,1999,40.141
central_african_republic,2000,41.130
central_african_republic,2001,42.398
central_african_republic,2002,42.293
central_african_republic,2003,45.093
central_african_republic,2004,43.713
central_african_republic,2005,42.960
central_african_republic,2006,41.424
central_african_republic,2007,40.754
central_african_republic,2008,40.358
central_african_republic,2009,38.334
central_african_republic,2010,37.364
central_african_republic,2011,37.569
central_african_republic,2012,36.814
central_african_republic,2013,32.259
central_african_republic,2014,33.986
central_african_republic,2015,31.527
central_african_republic,2016,31.919
central_african_republic,2017,32.790
central_african_republic,2018,31.241
central_african_republic,2019,31.983
central_african_republic,2020,32.005
central_african_republic,2021,31.743
central_african_republic,2022,31.911
chad,1961,39.870
chad,1962,39.810
chad,1963,39.730
chad,1964,38.460
chad,1965,37.750
chad,1966,38.500
chad,1967,42.080
chad,1968,41.350
chad,1969,40.850
chad,1970,37.204
chad,1971,37.206
chad,1972,37.207
chad,1973,37.199
chad,1974,37.212
chad,1975,37.209
chad,1976,37.176
chad,1977,37.251
chad,1978,37.202
chad,1979,37.074
chad,1980,37.476
chad,1981,37.056
chad,1982,36.691
chad,1983,38.680
chad,1984,35.797
chad,1985,35.596
chad,1986,32.983
chad,1987,32.757
chad,1988,31.958
chad,1989,31.447
chad,1990,30.938
chad,1991,32.797
chad,1992,32.301
chad,1993,30.199
chad,1994,33.827
chad,1995,31.888
chad,1996,33.966
chad,1997,34.903
chad,1998,35.189
chad,1999,34.677
chad,2000,36.987
chad,2001,36.605
chad,2002,34.445
chad,2003,40.159
chad,2004,28.340
chad,2005,25.757
chad,2006,26.873
chad,2007,24.433
chad,2008,24.811
chad,2009,29.033
chad,2010,29.550
chad,2011,22.435
chad,2012,22.552
chad,2013,26.919
chad,2014,25.269
chad,2015,26.857
chad,2016,36.082
chad,2017,38.430
chad,2018,37.373
chad,2019,32.569
chad,2020,35.393
chad,2021,33.159
chad,2022,31.178
chile,1961,10.570
chile,1962,8.8990
chile,1963,8.1260
chile,1964,8.5110
chile,1965,8.7430
chile,1966,9.2660
chile,1967,8.6570
chile,1968,7.7250
chile,1969,6.9120
chile,1970,5.2741
chile,1971,5.8140
chile,1972,6.3109
chile,1973,4.8924
chile,1974,4.1979
chile,1975,4.8618
chile,1976,6.2312
chile,1977,7.2588
chile,1978,5.6122
chile,1979,5.3671
chile,1980,5.3345
chile,1981,4.7733
chile,1982,4.6429
chile,1983,4.3472
chile,1984,5.2768
chile,1985,5.5147
chile,1986,6.3950
chile,1987,6.5622
chile,1988,6.3295
chile,1989,6.1975
chile,1990,6.1465
chile,1991,6.9074
chile,1992,6.8698
chile,1993,5.9951
chile,1994,5.5985
chile,1995,5.2260
chile,1996,5.0220
chile,1997,4.9497
chile,1998,5.0723
chile,1999,5.1692
chile,2000,5.0885
chile,2001,4.4797
chile,2002,4.7703
chile,2003,4.4981
chile,2004,4.0822
chile,2005,4.1339
chile,2006,3.8771
chile,2007,3.7105
chile,2008,3.7107
chile,2009,3.7412
chile,2010,3.6159
chile,2011,3.6712
chile,2012,3.3048
chile,2013,3.3819
chile,2014,3.7317
chile,2015,3.6389
chile,2016,3.9919
chile,2017,3.9803
chile,2018,3.9274
chile,2019,3.9833
chile,2020,4.0420
chile,2021,3.6453
chile,2022,3.5444
china,1961,36.160
china,1962,39.420
china,1963,40.340
china,1964,38.450
china,1965,37.940
china,1966,37.590
china,1967,40.260
china,1968,42.150
china,1969,37.990
china,1970,33.756
china,1971,32.518
china,1972,31.183
china,1973,31.447
china,1974,31.714
china,1975,30.418
china,1976,30.190
china,1977,26.907
china,1978,25.837
china,1979,28.605
china,1980,27.402
china,1981,28.611
china,1982,29.779
china,1983,29.985
china,1984,28.806
china,1985,25.329
china,1986,23.706
china,1987,23.050
china,1988,22.256
china,1989,21.617
china,1990,22.489
china,1991,20.019
china,1992,17.843
china,1993,16.375
china,1994,15.897
china,1995,16.554
china,1996,16.492
china,1997,15.314
china,1998,14.959
china,1999,14.177
china,2000,13.063
china,2001,12.646
china,2002,12.214
china,2003,11.534
china,2004,12.183
china,2005,11.093
china,2006,10.240
china,2007,10.006
china,2008,10.078
china,2009,9.7030
china,2010,9.4785
china,2011,9.4228
china,2012,9.4347
china,2013,9.3409
china,2014,8.6904
china,2015,8.4541
china,2016,8.1368
china,2017,7.5634
china,2018,7.1642
china,2019,7.2751
china,2020,7.8487
china,2021,7.4178
china,2022,7.5013
colombia,1965,29.310
colombia,1966,28.500
colombia,1967,28.330
colombia,1968,28.260
colombia,1969,27.520
colombia,1970,16.836
colombia,1971,16.094
colombia,1972,16.428
colombia,1973,16.475
colombia,1974,16.648
colombia,1975,16.252
colombia,1976,16.071
colombia,1977,16.964
colombia,1978,15.676
colombia,1979,14.553
colombia,1980,13.150
colombia,1981,13.071
colombia,1982,12.745
colombia,1983,12.709
colombia,1984,11.805
colombia,1985,11.532
colombia,1986,11.856
colombia,1987,12.258
colombia,1988,11.366
colombia,1989,10.896
colombia,1990,11.016
colombia,1991,11.553
colombia,1992,10.504
colombia,1993,9.3623
colombia,1994,9.2770
colombia,1995,8.7682
colombia,1996,7.9868
colombia,1997,7.8853
colombia,1998,8.2789
colombia,1999,8.1319
colombia,2000,8.0925
colombia,2001,8.1074
colombia,2002,8.2916
colombia,2003,8.1150
colombia,2004,7.7079
colombia,2005,7.5273
colombia,2006,7.1868
colombia,2007,6.9346
colombia,2008,6.6874
colombia,2009,6.6897
colombia,2010,6.3249
colombia,2011,6.0917
colombia,2012,5.5827
colombia,2013,5.3927
colombia,2014,5.4470
colombia,2015,5.9804
colombia,2016,6.6064
colombia,2017,6.3897
colombia,2018,6.2257
colombia,2019,6.4107
colombia,2020,7.4662
colombia,2021,7.6353
colombia,2022,8.2894
comoros,1970,23.897
comoros,1971,23.897
comoros,1972,23.899
comoros,1973,23.896
comoros,1974,23.896
comoros,1975,23.905
comoros,1976,23.888
comoros,1977,23.895
comoros,1978,23.933
comoros,1979,23.835
comoros,1980,23.916
comoros,1981,24.048
comoros,1982,23.541
comoros,1983,24.590
comoros,1984,24.352
comoros,1985,25.396
comoros,1986,26.304
comoros,1987,26.702
comoros,1988,27.753
comoros,1989,28.753
comoros,1990,29.126
comoros,1991,29.440
comoros,1992,29.330
comoros,1993,29.033
comoros,1994,27.646
comoros,1995,30.356
comoros,1996,30.355
comoros,1997,30.360
comoros,1998,30.355
comoros,1999,30.355
comoros,2000,35.938
comoros,2001,35.937
comoros,2002,36.113
comoros,2003,36.113
comoros,2004,36.110
comoros,2005,36.230
comoros,2006,36.187
comoros,2007,28.957
comoros,2008,29.139
comoros,2009,30.033
comoros,2010,30.416
comoros,2011,30.790
comoros,2012,30.173
comoros,2013,30.790
comoros,2014,30.011
comoros,2015,30.599
comoros,2016,31.368
comoros,2017,31.899
comoros,2018,33.114
comoros,2019,35.620
comoros,2020,35.831
comoros,2021,35.512
comoros,2022,36.293
congo,1961,20.490
congo,1962,19.800
congo,1963,20.950
congo,1964,21.110
congo,1965,19.140
congo,1966,19.190
congo,1967,19.860
congo,1968,19.610
congo,1969,17.710
congo,1970,25.410
congo,1971,23.967
congo,1972,24.643
congo,1973,21.996
congo,1974,17.222
congo,1975,17.714
congo,1976,17.051
congo,1977,19.514
congo,1978,18.364
congo,1979,16.400
congo,1980,13.390
congo,1981,9.0267
congo,1982,8.9953
congo,1983,8.6927
congo,1984,7.9292
congo,1985,8.5343
congo,1986,13.849
congo,1987,13.675
congo,1988,14.788
congo,1989,12.940
congo,1990,11.979
congo,1991,9.7096
congo,1992,10.050
congo,1993,9.2972
congo,1994,9.8591
congo,1995,10.275
congo,1996,8.1044
congo,1997,8.4381
congo,1998,9.9846
congo,1999,7.9223
congo,2000,5.2614
congo,2001,4.9204
congo,2002,5.5160
congo,2003,5.1621
congo,2004,4.7670
congo,2005,6.1042
congo,2006,4.8131
congo,2007,4.9198
congo,2008,4.2482
congo,2009,5.2799
congo,2010,4.0385
congo,2011,3.9839
congo,2012,3.7988
congo,2013,4.2601
congo,2014,4.5577
congo,2015,5.8106
congo,2016,6.7637
congo,2017,7.3099
congo,2018,6.7884
congo,2019,7.3470
congo,2020,10.690
congo,2021,8.1889
congo,2022,7.4644
cook_islands,1970,26.373
cook_islands,1971,25.776
cook_islands,1972,24.063
cook_islands,1973,21.763
cook_islands,1974,19.683
cook_islands,1975,17.801
cook_islands,1976,16.100
cook_islands,1977,17.469
cook_islands,1978,17.359
cook_islands,1979,13.029
cook_islands,1980,9.7788
cook_islands,1981,7.3395
cook_islands,1982,5.5087
cook_islands,1983,4.8893
cook_islands,1984,4.2902
cook_islands,1985,4.0436
cook_islands,1986,3.5782
cook_islands,1987,3.6441
cook_islands,1988,4.9224
cook_islands,1989,5.1903
cook_islands,1990,5.3668
cook_islands,1991,5.2464
cook_islands,1992,4.4667
cook_islands,1993,4.4799
cook_islands,1994,4.4252
cook_islands,1995,4.6189
cook_islands,1996,5.3564
cook_islands,1997,5.6964
cook_islands,1998,6.9795
cook_islands,1999,7.1298
cook_islands,2000,6.3006
cook_islands,2001,4.8589
cook_islands,2002,4.5374
cook_islands,2003,5.4286
cook_islands,2004,4.1602
cook_islands,2005,4.2666
cook_islands,2006,3.3884
cook_islands,2007,2.9267
cook_islands,2008,3.2297
cook_islands,2009,2.7932
cook_islands,2010,3.1224
cook_islands,2011,2.9701
cook_islands,2012,3.2157
cook_islands,2013,3.2923
cook_islands,2014,3.2574
cook_islands,2015,2.8588
cook_islands,2016,2.6510
cook_islands,2017,2.9213
cook_islands,2018,2.6740
cook_islands,2019,2.4604
cook_islands,2020,2.7351
cook_islands,2021,3.5237
cook_islands,2022,3.2956
costa_rica,1970,15.514
costa_rica,1971,14.078
costa_rica,1972,13.848
costa_rica,1973,13.942
costa_rica,1974,13.380
costa_rica,1975,14.016
costa_rica,1976,14.042
costa_rica,1977,15.083
costa_rica,1978,14.068
costa_rica,1979,12.751
costa_rica,1980,12.269
costa_rica,1981,15.863
costa_rica,1982,16.880
costa_rica,1983,15.159
costa_rica,1984,14.615
costa_rica,1985,13.001
costa_rica,1986,14.401
costa_rica,1987,12.453
costa_rica,1988,12.369
costa_rica,1989,11.867
costa_rica,1990,10.879
costa_rica,1991,11.945
costa_rica,1992,11.900
costa_rica,1993,11.828
costa_rica,1994,12.320
costa_rica,1995,12.758
costa_rica,1996,12.102
costa_rica,1997,12.503
costa_rica,1998,12.619
costa_rica,1999,11.110
costa_rica,2000,9.2488
costa_rica,2001,8.3795
costa_rica,2002,8.4277
costa_rica,2003,8.8401
costa_rica,2004,8.8524
costa_rica,2005,8.6222
costa_rica,2006,8.4298
costa_rica,2007,7.9153
costa_rica,2008,6.9770
costa_rica,2009,7.0496
costa_rica,2010,6.4852
costa_rica,2011,5.5999
costa_rica,2012,5.1308
costa_rica,2013,4.7834
costa_rica,2014,4.8879
costa_rica,2015,4.7491
costa_rica,2016,4.9144
costa_rica,2017,4.6998
costa_rica,2018,4.4838
costa_rica,2019,4.2021
costa_rica,2020,4.3442
costa_rica,2021,4.3169
costa_rica,2022,4.0219
cote_d_ivoire,1961,46.410
cote_d_ivoire,1962,45.900
cote_d_ivoire,1963,44.170
cote_d_ivoire,1964,39.800
cote_d_ivoire,1965,39.620
cote_d_ivoire,1966,37.440
cote_d_ivoire,1967,34.760
cote_d_ivoire,1968,35.560
cote_d_ivoire,1969,33.570
cote_d_ivoire,1970,27.150
cote_d_ivoire,1971,26.745
cote_d_ivoire,1972,26.521
cote_d_ivoire,1973,28.113
cote_d_ivoire,1974,26.149
cote_d_ivoire,1975,28.808
cote_d_ivoire,1976,25.568
cote_d_ivoire,1977,24.698
cote_d_ivoire,1978,25.569
cote_d_ivoire,1979,27.236
cote_d_ivoire,1980,28.666
cote_d_ivoire,1981,28.711
cote_d_ivoire,1982,26.185
cote_d_ivoire,1983,27.854
cote_d_ivoire,1984,26.477
cote_d_ivoire,1985,26.839
cote_d_ivoire,1986,28.439
cote_d_ivoire,1987,29.159
cote_d_ivoire,1988,32.024
cote_d_ivoire,1989,29.813
cote_d_ivoire,1990,29.524
cote_d_ivoire,1991,30.280
cote_d_ivoire,1992,29.074
cote_d_ivoire,1993,27.961
cote_d_ivoire,1994,25.260
cote_d_ivoire,1995,24.499
cote_d_ivoire,1996,24.896
cote_d_ivoire,1997,23.108
cote_d_ivoire,1998,23.936
cote_d_ivoire,1999,22.343
cote_d_ivoire,2000,23.840
cote_d_ivoire,2001,25.926
cote_d_ivoire,2002,27.270
cote_d_ivoire,2003,28.781
cote_d_ivoire,2004,23.589
cote_d_ivoire,2005,22.593
cote_d_ivoire,2006,22.625
cote_d_ivoire,2007,21.997
cote_d_ivoire,2008,22.677
cote_d_ivoire,2009,21.200
cote_d_ivoire,2010,23.672
cote_d_ivoire,2011,24.532
cote_d_ivoire,2012,19.945
cote_d_ivoire,2013,18.191
cote_d_ivoire,2014,17.619
cote_d_ivoire,2015,18.364
cote_d_ivoire,2016,17.436
cote_d_ivoire,2017,16.942
cote_d_ivoire,2018,17.852
cote_d_ivoire,2019,17.017
cote_d_ivoire,2020,18.777
cote_d_ivoire,2021,17.176
cote_d_ivoire,2022,16.438
croatia,1992,8.8350
croatia,1993,7.8200
croatia,1994,6.3005
croatia,1995,5.6501
croatia,1996,5.5928
croatia,1997,5.2423
croatia,1998,5.3189
croatia,1999,5.4042
croatia,2000,4.9689
croatia,2001,4.9637
croatia,2002,4.8421
croatia,2003,3.9349
croatia,2004,4.4157
croatia,2005,3.8653
croatia,2006,3.9768
croatia,2007,3.6887
croatia,2008,3.8778
croatia,2009,3.9872
croatia,2010,3.6450
croatia,2011,3.6245
croatia,2012,3.2855
croatia,2013,3.4460
croatia,2014,2.9405
croatia,2015,2.9602
croatia,2016,3.0543
croatia,2017,2.8813
croatia,2018,2.9443
croatia,2019,2.8585
croatia,2020,3.0764
croatia,2021,3.3016
croatia,2022,3.0790
cuba,1970,11.182
cuba,1971,11.180
cuba,1972,11.179
cuba,1973,11.183
cuba,1974,11.192
cuba,1975,11.174
cuba,1976,11.169
cuba,1977,11.179
cuba,1978,11.203
cuba,1979,11.235
cuba,1980,11.084
cuba,1981,11.143
cuba,1982,11.229
cuba,1983,11.326
cuba,1984,11.394
cuba,1985,10.325
cuba,1986,11.443
cuba,1987,11.655
cuba,1988,11.813
cuba,1989,11.735
cuba,1990,12.030
cuba,1991,11.786
cuba,1992,11.463
cuba,1993,8.8292
cuba,1994,7.2874
cuba,1995,6.3497
cuba,1996,7.1335
cuba,1997,7.1872
cuba,1998,6.1173
cuba,1999,6.1241
cuba,2000,6.6012
cuba,2001,6.3796
cuba,2002,5.9457
cuba,2003,5.7452
cuba,2004,5.4744
cuba,2005,4.3637
cuba,2006,3.4050
cuba,2007,3.9081
cuba,2008,3.8170
cuba,2009,3.9296
cuba,2010,3.6143
cuba,2011,3.6049
cuba,2012,3.8501
cuba,2013,3.9249
cuba,2014,3.9377
cuba,2015,3.8355
cuba,2016,3.9389
cuba,2017,3.8007
cuba,2018,3.7824
cuba,2019,3.5673
cuba,2020,2.7619
cuba,2021,2.1182
cuba,2022,1.9250
cyprus,1970,14.946
cyprus,1971,16.801
cyprus,1972,15.580
cyprus,1973,11.721
cyprus,1974,15.598
cyprus,1975,14.789
cyprus,1976,15.253
cyprus,1977,12.672
cyprus,1978,10.470
cyprus,1979,9.8228
cyprus,1980,9.1953
cyprus,1981,8.8796
cyprus,1982,8.8904
cyprus,1983,7.5772
cyprus,1984,8.5773
cyprus,1985,7.1896
cyprus,1986,7.0290
cyprus,1987,7.1256
cyprus,1988,6.8936
cyprus,1989,6.6487
cyprus,1990,6.5781
cyprus,1991,5.9377
cyprus,1992,5.4896
cyprus,1993,5.3829
cyprus,1994,4.6734
cyprus,1995,4.8275
cyprus,1996,4.6299
cyprus,1997,3.9017
cyprus,1998,4.2906
cyprus,1999,3.8558
cyprus,2000,3.5763
cyprus,2001,3.7990
cyprus,2002,3.7234
cyprus,2003,3.3462
cyprus,2004,3.0650
cyprus,2005,2.6989
cyprus,2006,2.2393
cyprus,2007,2.0147
cyprus,2008,2.0932
cyprus,2009,1.9887
cyprus,2010,2.0574
cyprus,2011,2.1452
cyprus,2012,2.0015
cyprus,2013,2.0366
cyprus,2014,1.8447
cyprus,2015,1.8680
cyprus,2016,2.1437
cyprus,2017,1.8521
cyprus,2018,1.7287
cyprus,2019,1.7650
cyprus,2020,1.8491
cyprus,2021,1.6251
cyprus,2022,1.5916
czechia,1993,4.4309
czechia,1994,4.2808
czechia,1995,4.0361
czechia,1996,3.8948
czechia,1997,3.4893
czechia,1998,3.5070
czechia,1999,3.2176
czechia,2000,3.2505
czechia,2001,3.2035
czechia,2002,2.6596
czechia,2003,2.4400
czechia,2004,2.4154
czechia,2005,2.2846
czechia,2006,2.1650
czechia,2007,2.0889
czechia,2008,1.9199
czechia,2009,1.7568
czechia,2010,1.5406
czechia,2011,1.9825
czechia,2012,2.2512
czechia,2013,2.3648
czechia,2014,2.4135
czechia,2015,2.2112
czechia,2016,2.0870
czechia,2017,2.0576
czechia,2018,1.9363
czechia,2019,1.8608
czechia,2020,1.9606
czechia,2021,1.8454
czechia,2022,1.9015
democratic_people_s_republic_of_korea,1970,28.268
democratic_people_s_republic_of_korea,1971,28.268
democratic_people_s_republic_of_korea,1972,28.268
democratic_people_s_republic_of_korea,1973,28.268
democratic_people_s_republic_of_korea,1974,28.268
democratic_people_s_republic_of_korea,1975,28.268
democratic_people_s_republic_of_korea,1976,28.268
democratic_people_s_republic_of_korea,1977,28.268
democratic_people_s_republic_of_korea,1978,28.268
democratic_people_s_republic_of_korea,1979,28.268
democratic_people_s_republic_of_korea,1980,28.268
democratic_people_s_republic_of_korea,1981,28.268
democratic_people_s_republic_of_korea,1982,28.268
democratic_people_s_republic_of_korea,1983,28.268
democratic_people_s_republic_of_korea,1984,28.268
democratic_people_s_republic_of_korea,1985,28.268
democratic_people_s_republic_of_korea,1986,28.268
democratic_people_s_republic_of_korea,1987,28.268
democratic_people_s_republic_of_korea,1988,28.268
democratic_people_s_republic_of_korea,1989,28.268
democratic_people_s_republic_of_korea,1990,27.427
democratic_people_s_republic_of_korea,1991,27.969
democratic_people_s_republic_of_korea,1992,28.522
democratic_people_s_republic_of_korea,1993,27.922
democratic_people_s_republic_of_korea,1994,29.500
democratic_people_s_republic_of_korea,1995,27.621
democratic_people_s_republic_of_korea,1996,28.960
democratic_people_s_republic_of_korea,1997,28.935
democratic_people_s_republic_of_korea,1998,29.630
democratic_people_s_republic_of_korea,1999,31.418
democratic_people_s_republic_of_korea,2000,30.377
democratic_people_s_republic_of_korea,2001,30.359
democratic_people_s_republic_of_korea,2002,30.217
democratic_people_s_republic_of_korea,2003,27.235
democratic_people_s_republic_of_korea,2004,26.748
democratic_people_s_republic_of_korea,2005,25.011
democratic_people_s_republic_of_korea,2006,23.304
democratic_people_s_republic_of_korea,2007,21.215
democratic_people_s_republic_of_korea,2008,21.560
democratic_people_s_republic_of_korea,2009,20.930
democratic_people_s_republic_of_korea,2010,20.834
democratic_people_s_republic_of_korea,2011,23.053
democratic_people_s_republic_of_korea,2012,23.376
democratic_people_s_republic_of_korea,2013,22.387
democratic_people_s_republic_of_korea,2014,21.845
democratic_people_s_republic_of_korea,2015,21.645
democratic_people_s_republic_of_korea,2016,21.695
democratic_people_s_republic_of_korea,2017,22.826
democratic_people_s_republic_of_korea,2018,23.277
democratic_people_s_republic_of_korea,2019,21.236
democratic_people_s_republic_of_korea,2020,22.368
democratic_people_s_republic_of_korea,2021,23.754
democratic_people_s_republic_of_korea,2022,23.112
democratic_republic_of_the_congo,1970,16.939
democratic_republic_of_the_congo,1971,16.723
democratic_republic_of_the_congo,1972,17.192
democratic_republic_of_the_congo,1973,17.239
democratic_republic_of_the_congo,1974,17.474
democratic_republic_of_the_congo,1975,19.448
democratic_republic_of_the_congo,1976,25.772
democratic_republic_of_the_congo,1977,25.625
democratic_republic_of_the_congo,1978,26.617
democratic_republic_of_the_congo,1979,27.272
democratic_republic_of_the_congo,1980,25.336
democratic_republic_of_the_congo,1981,24.699
democratic_republic_of_the_congo,1982,30.122
democratic_republic_of_the_congo,1983,33.080
democratic_republic_of_the_congo,1984,29.833
democratic_republic_of_the_congo,1985,29.925
democratic_republic_of_the_congo,1986,31.618
democratic_republic_of_the_congo,1987,29.001
democratic_republic_of_the_congo,1988,28.980
democratic_republic_of_the_congo,1989,28.178
democratic_republic_of_the_congo,1990,30.556
democratic_republic_of_the_congo,1991,41.384
democratic_republic_of_the_congo,1992,49.021
democratic_republic_of_the_congo,1993,51.309
democratic_republic_of_the_congo,1994,56.544
democratic_republic_of_the_congo,1995,56.544
democratic_republic_of_the_congo,1996,33.262
democratic_republic_of_the_congo,1997,47.500
democratic_republic_of_the_congo,1998,46.500
democratic_republic_of_the_congo,1999,52.366
democratic_republic_of_the_congo,2000,31.972
democratic_republic_of_the_congo,2001,32.872
democratic_republic_of_the_congo,2002,26.584
democratic_republic_of_the_congo,2003,26.054
democratic_republic_of_the_congo,2004,23.879
democratic_republic_of_the_congo,2005,21.580
democratic_republic_of_the_congo,2006,21.210
democratic_republic_of_the_congo,2007,21.602
democratic_republic_of_the_congo,2008,22.618
democratic_republic_of_the_congo,2009,23.675
democratic_republic_of_the_congo,2010,21.428
democratic_republic_of_the_congo,2011,20.917
democratic_republic_of_the_congo,2012,20.441
democratic_republic_of_the_congo,2013,19.317
democratic_republic_of_the_congo,2014,18.562
democratic_republic_of_the_congo,2015,18.370
democratic_republic_of_the_congo,2016,19.268
democratic_republic_of_the_congo,2017,19.893
democratic_republic_of_the_congo,2018,19.162
democratic_republic_of_the_congo,2019,19.965
democratic_republic_of_the_congo,2020,21.082
democratic_republic_of_the_congo,2021,19.842
democratic_republic_of_the_congo,2022,17.479
denmark,1970,4.6047
denmark,1971,4.5578
denmark,1972,4.7860
denmark,1973,5.2764
denmark,1974,5.1565
denmark,1975,4.4141
denmark,1976,4.2971
denmark,1977,4.6636
denmark,1978,4.7089
denmark,1979,3.9733
denmark,1980,4.0744
denmark,1981,4.3296
denmark,1982,4.6525
denmark,1983,4.0312
denmark,1984,4.6534
denmark,1985,4.2194
denmark,1986,3.8772
denmark,1987,3.4515
denmark,1988,3.1619
denmark,1989,3.5013
denmark,1990,3.2873
denmark,1991,3.0297
denmark,1992,2.7918
denmark,1993,2.6922
denmark,1994,2.6010
denmark,1995,2.8519
denmark,1996,2.7927
denmark,1997,2.6371
denmark,1998,2.1446
denmark,1999,1.9410
denmark,2000,2.1519
denmark,2001,2.3395
denmark,2002,1.7811
denmark,2003,1.6108
denmark,2004,1.6225
denmark,2005,1.1456
denmark,2006,1.1652
denmark,2007,1.1744
denmark,2008,0.85779
denmark,2009,0.83359
denmark,2010,1.2019
denmark,2011,1.3121
denmark,2012,1.6547
denmark,2013,1.3021
denmark,2014,1.3825
denmark,2015,0.95758
denmark,2016,0.96116
denmark,2017,1.3048
denmark,2018,1.0266
denmark,2019,1.2663
denmark,2020,1.3819
denmark,2021,1.0890
denmark,2022,1.1729
djibouti,1970,4.4047
djibouti,1971,4.4759
djibouti,1972,4.3769
djibouti,1973,4.1122
djibouti,1974,3.8091
djibouti,1975,3.6744
djibouti,1976,3.2826
djibouti,1977,4.5231
djibouti,1978,7.3089
djibouti,1979,3.7591
djibouti,1980,3.4547
djibouti,1981,3.4783
djibouti,1982,3.9680
djibouti,1983,3.9977
djibouti,1984,3.8161
djibouti,1985,3.6385
djibouti,1986,3.4689
djibouti,1987,3.2558
djibouti,1988,3.0915
djibouti,1989,2.9486
djibouti,1990,2.6495
djibouti,1991,2.7693
djibouti,1992,2.8782
djibouti,1993,3.0334
djibouti,1994,3.0576
djibouti,1995,2.7727
djibouti,1996,3.0450
djibouti,1997,3.1396
djibouti,1998,3.1609
djibouti,1999,3.1101
djibouti,2000,3.1171
djibouti,2001,3.1313
djibouti,2002,3.1347
djibouti,2003,3.1198
djibouti,2004,3.1612
djibouti,2005,3.1896
djibouti,2006,3.1968
djibouti,2007,3.6332
djibouti,2008,3.4871
djibouti,2009,3.2367
djibouti,2010,2.5557
djibouti,2011,1.9172
djibouti,2012,1.4931
djibouti,2013,1.1949
djibouti,2014,1.1829
djibouti,2015,1.1619
djibouti,2016,1.2824
djibouti,2017,1.4280
djibouti,2018,1.2642
djibouti,2019,1.2725
djibouti,2020,1.2818
djibouti,2021,1.1773
djibouti,2022,1.2848
dominica,1970,35.082
dominica,1971,31.388
dominica,1972,35.082
dominica,1973,38.776
dominica,1974,21.962
dominica,1975,20.030
dominica,1976,21.176
dominica,1977,24.681
dominica,1978,25.835
dominica,1979,22.565
dominica,1980,21.463
dominica,1981,20.871
dominica,1982,19.618
dominica,1983,18.761
dominica,1984,18.272
dominica,1985,18.380
dominica,1986,20.118
dominica,1987,19.756
dominica,1988,18.871
dominica,1989,15.492
dominica,1990,16.342
dominica,1991,15.682
dominica,1992,14.822
dominica,1993,14.160
dominica,1994,14.406
dominica,1995,12.167
dominica,1996,12.972
dominica,1997,12.544
dominica,1998,12.065
dominica,1999,12.137
dominica,2000,11.905
dominica,2001,11.296
dominica,2002,10.840
dominica,2003,11.038
dominica,2004,11.198
dominica,2005,11.489
dominica,2006,10.501
dominica,2007,10.447
dominica,2008,11.565
dominica,2009,12.551
dominica,2010,11.466
dominica,2011,12.501
dominica,2012,12.019
dominica,2013,13.985
dominica,2014,13.455
dominica,2015,14.055
dominica,2016,16.271
dominica,2017,13.426
dominica,2018,11.024
dominica,2019,11.983
dominica,2020,15.084
dominica,2021,16.958
dominica,2022,16.549
dominican_republic,1965,25.680
dominican_republic,1966,24.860
dominican_republic,1967,23.000
dominican_republic,1968,23.300
dominican_republic,1969,24.280
dominican_republic,1970,17.343
dominican_republic,1971,16.602
dominican_republic,1972,15.364
dominican_republic,1973,16.594
dominican_republic,1974,16.538
dominican_republic,1975,16.030
dominican_republic,1976,14.221
dominican_republic,1977,14.980
dominican_republic,1978,13.976
dominican_republic,1979,13.941
dominican_republic,1980,15.046
dominican_republic,1981,13.864
dominican_republic,1982,13.235
dominican_republic,1983,12.856
dominican_republic,1984,13.811
dominican_republic,1985,12.965
dominican_republic,1986,12.247
dominican_republic,1987,13.966
dominican_republic,1988,13.621
dominican_republic,1989,13.310
dominican_republic,1990,12.841
dominican_republic,1991,13.289
dominican_republic,1992,12.315
dominican_republic,1993,11.030
dominican_republic,1994,10.140
dominican_republic,1995,9.8148
dominican_republic,1996,9.1934
dominican_republic,1997,9.1443
dominican_republic,1998,8.9918
dominican_republic,1999,7.8210
dominican_republic,2000,6.7183
dominican_republic,2001,6.9975
dominican_republic,2002,6.8051
dominican_republic,2003,6.6939
dominican_republic,2004,7.0205
dominican_republic,2005,7.2119
dominican_republic,2006,6.8587
dominican_republic,2007,6.5116
dominican_republic,2008,6.3358
dominican_republic,2009,6.1374
dominican_republic,2010,6.0575
dominican_republic,2011,5.6369
dominican_republic,2012,5.4011
dominican_republic,2013,5.3049
dominican_republic,2014,5.1935
dominican_republic,2015,5.4847
dominican_republic,2016,5.5073
dominican_republic,2017,5.3427
dominican_republic,2018,5.1478
dominican_republic,2019,5.2273
dominican_republic,2020,6.0415
dominican_republic,2021,5.6658
dominican_republic,2022,5.7880
ecuador,1961,32.990
ecuador,1962,33.990
ecuador,1963,33.290
ecuador,1964,31.310
ecuador,1965,32.540
ecuador,1966,29.260
ecuador,1967,29.850
ecuador,1968,30.820
ecuador,1969,27.440
ecuador,1970,26.029
ecuador,1971,25.259
ecuador,1972,25.836
ecuador,1973,25.375
ecuador,1974,24.094
ecuador,1975,22.355
ecuador,1976,20.118
ecuador,1977,18.703
ecuador,1978,18.200
ecuador,1979,16.023
ecuador,1980,16.111
ecuador,1981,15.766
ecuador,1982,15.926
ecuador,1983,16.901
ecuador,1984,18.613
ecuador,1985,18.879
ecuador,1986,20.811
ecuador,1987,21.348
ecuador,1988,22.011
ecuador,1989,22.401
ecuador,1990,20.521
ecuador,1991,20.863
ecuador,1992,18.922
ecuador,1993,23.403
ecuador,1994,22.146
ecuador,1995,21.912
ecuador,1996,20.750
ecuador,1997,20.109
ecuador,1998,17.476
ecuador,1999,17.571
ecuador,2000,15.405
ecuador,2001,12.657
ecuador,2002,11.231
ecuador,2003,10.843
ecuador,2004,9.6919
ecuador,2005,9.4812
ecuador,2006,9.4081
ecuador,2007,9.3557
ecuador,2008,8.9657
ecuador,2009,9.9139
ecuador,2010,9.7331
ecuador,2011,9.6011
ecuador,2012,8.6424
ecuador,2013,8.7693
ecuador,2014,9.1265
ecuador,2015,9.4549
ecuador,2016,9.5190
ecuador,2017,9.3293
ecuador,2018,8.9493
ecuador,2019,8.8005
ecuador,2020,9.8427
ecuador,2021,9.4143
ecuador,2022,8.8416
egypt,1965,28.600
egypt,1966,27.940
egypt,1967,28.560
egypt,1968,29.440
egypt,1969,29.850
egypt,1970,25.275
egypt,1971,23.043
egypt,1972,23.783
egypt,1973,27.322
egypt,1974,26.748
egypt,1975,28.807
egypt,1976,27.982
egypt,1977,26.015
egypt,1978,24.819
egypt,1979,23.354
egypt,1980,20.063
egypt,1981,19.777
egypt,1982,19.444
egypt,1983,19.657
egypt,1984,18.312
egypt,1985,17.423
egypt,1986,18.787
egypt,1987,19.464
egypt,1988,18.354
egypt,1989,18.174
egypt,1990,18.046
egypt,1991,16.182
egypt,1992,15.181
egypt,1993,16.083
egypt,1994,16.058
egypt,1995,16.054
egypt,1996,13.764
egypt,1997,13.316
egypt,1998,13.838
egypt,1999,13.713
egypt,2000,12.993
egypt,2001,11.992
egypt,2002,11.735
egypt,2003,12.298
egypt,2004,13.161
egypt,2005,13.653
egypt,2006,13.237
egypt,2007,13.420
egypt,2008,12.630
egypt,2009,12.999
egypt,2010,13.340
egypt,2011,13.869
egypt,2012,11.273
egypt,2013,11.275
egypt,2014,11.338
egypt,2015,11.394
egypt,2016,11.769
egypt,2017,11.485
egypt,2018,11.225
egypt,2019,11.049
egypt,2020,11.568
egypt,2021,11.437
egypt,2022,10.946
el_salvador,1970,26.623
el_salvador,1971,25.244
el_salvador,1972,23.653
el_salvador,1973,25.910
el_salvador,1974,23.718
el_salvador,1975,21.496
el_salvador,1976,26.486
el_salvador,1977,31.016
el_salvador,1978,24.943
el_salvador,1979,27.285
el_salvador,1980,26.042
el_salvador,1981,22.805
el_salvador,1982,21.670
el_salvador,1983,19.932
el_salvador,1984,18.636
el_salvador,1985,17.060
el_salvador,1986,18.805
el_salvador,1987,12.944
el_salvador,1988,13.006
el_salvador,1989,10.944
el_salvador,1990,16.014
el_salvador,1991,15.792
el_salvador,1992,12.965
el_salvador,1993,12.729
el_salvador,1994,12.462
el_salvador,1995,11.529
el_salvador,1996,10.850
el_salvador,1997,10.915
el_salvador,1998,9.4682
el_salvador,1999,7.9337
el_salvador,2000,7.1728
el_salvador,2001,6.6865
el_salvador,2002,5.8230
el_salvador,2003,5.4884
el_salvador,2004,5.7279
el_salvador,2005,6.1716
el_salvador,2006,6.0462
el_salvador,2007,6.9931
el_salvador,2008,7.0901
el_salvador,2009,6.6686
el_salvador,2010,6.9817
el_salvador,2011,7.3302
el_salvador,2012,6.5143
el_salvador,2013,5.6133
el_salvador,2014,5.8669
el_salvador,2015,5.5298
el_salvador,2016,5.7322
el_salvador,2017,5.3930
el_salvador,2018,5.1328
el_salvador,2019,5.1464
el_salvador,2020,5.3529
el_salvador,2021,4.8572
el_salvador,2022,4.7409
equatorial_guinea,1970,14.171
equatorial_guinea,1971,14.171
equatorial_guinea,1972,14.175
equatorial_guinea,1973,14.175
equatorial_guinea,1974,14.169
equatorial_guinea,1975,14.163
equatorial_guinea,1976,14.175
equatorial_guinea,1977,14.194
equatorial_guinea,1978,14.173
equatorial_guinea,1979,14.139
equatorial_guinea,1980,14.135
equatorial_guinea,1981,14.233
equatorial_guinea,1982,14.290
equatorial_guinea,1983,14.068
equatorial_guinea,1984,13.969
equatorial_guinea,1985,14.116
equatorial_guinea,1986,14.718
equatorial_guinea,1987,14.580
equatorial_guinea,1988,12.956
equatorial_guinea,1989,13.476
equatorial_guinea,1990,12.803
equatorial_guinea,1991,12.445
equatorial_guinea,1992,10.913
equatorial_guinea,1993,10.381
equatorial_guinea,1994,10.801
equatorial_guinea,1995,11.275
equatorial_guinea,1996,8.0387
equatorial_guinea,1997,5.0459
equatorial_guinea,1998,4.5073
equatorial_guinea,1999,4.1186
equatorial_guinea,2000,5.6069
equatorial_guinea,2001,3.7964
equatorial_guinea,2002,2.9525
equatorial_guinea,2003,2.7203
equatorial_guinea,2004,2.3374
equatorial_guinea,2005,1.5320
equatorial_guinea,2006,1.5183
equatorial_guinea,2007,1.3729
equatorial_guinea,2008,0.89270
equatorial_guinea,2009,1.0582
equatorial_guinea,2010,1.0614
equatorial_guinea,2011,1.0535
equatorial_guinea,2012,1.0557
equatorial_guinea,2013,1.1920
equatorial_guinea,2014,1.2942
equatorial_guinea,2015,1.8884
equatorial_guinea,2016,2.3322
equatorial_guinea,2017,2.3155
equatorial_guinea,2018,2.2580
equatorial_guinea,2019,2.4379
equatorial_guinea,2020,2.9131
equatorial_guinea,2021,2.6305
equatorial_guinea,2022,2.5684
eritrea,1993,19.435
eritrea,1994,21.913
eritrea,1995,18.812
eritrea,1996,16.227
eritrea,1997,15.128
eritrea,1998,23.385
eritrea,1999,21.596
eritrea,2000,14.049
eritrea,2001,16.461
eritrea,2002,10.423
eritrea,2003,11.830
eritrea,2004,10.642
eritrea,2005,22.600
eritrea,2006,24.600
eritrea,2007,24.265
eritrea,2008,16.777
eritrea,2009,14.529
eritrea,2010,18.388
eritrea,2011,16.431
eritrea,2012,16.482
eritrea,2013,16.981
eritrea,2014,16.964
eritrea,2015,17.492
eritrea,2016,17.927
eritrea,2017,17.461
eritrea,2018,17.627
eritrea,2019,17.672
eritrea,2020,17.587
eritrea,2021,17.628
eritrea,2022,17.629
estonia,1992,6.7849
estonia,1993,5.4064
estonia,1994,4.9735
estonia,1995,4.1306
estonia,1996,4.1281
estonia,1997,4.0887
estonia,1998,5.0518
estonia,1999,3.6281
estonia,2000,3.8850
estonia,2001,3.4940
estonia,2002,3.5535
estonia,2003,3.4602
estonia,2004,3.6195
estonia,2005,3.2873
estonia,2006,3.1443
estonia,2007,3.9255
estonia,2008,3.4014
estonia,2009,2.4712
estonia,2010,3.1711
estonia,2011,3.6799
estonia,2012,3.3153
estonia,2013,3.0882
estonia,2014,3.1644
estonia,2015,2.8583
estonia,2016,2.1138
estonia,2017,2.3861
estonia,2018,2.0893
estonia,2019,2.3235
estonia,2020,1.9975
estonia,2021,1.9526
estonia,2022,2.4817
eswatini,1961,31.500
eswatini,1962,36.110
eswatini,1963,40.330
eswatini,1964,38.450
eswatini,1965,34.660
eswatini,1966,37.400
eswatini,1967,29.050
eswatini,1968,24.180
eswatini,1969,32.540
eswatini,1970,24.480
eswatini,1971,22.959
eswatini,1972,22.681
eswatini,1973,22.585
eswatini,1974,21.747
eswatini,1975,19.966
eswatini,1976,19.374
eswatini,1977,20.330
eswatini,1978,21.176
eswatini,1979,21.521
eswatini,1980,20.139
eswatini,1981,20.923
eswatini,1982,19.403
eswatini,1983,20.281
eswatini,1984,16.528
eswatini,1985,14.504
eswatini,1986,13.756
eswatini,1987,11.015
eswatini,1988,11.721
eswatini,1989,12.070
eswatini,1990,8.2445
eswatini,1991,10.573
eswatini,1992,8.4890
eswatini,1993,6.1311
eswatini,1994,8.1344
eswatini,1995,7.7198
eswatini,1996,8.9014
eswatini,1997,8.5438
eswatini,1998,8.5151
eswatini,1999,8.9190
eswatini,2000,12.316
eswatini,2001,12.099
eswatini,2002,12.503
eswatini,2003,12.385
eswatini,2004,9.6595
eswatini,2005,10.972
eswatini,2006,11.184
eswatini,2007,10.754
eswatini,2008,9.9995
eswatini,2009,9.2504
eswatini,2010,10.156
eswatini,2011,9.7199
eswatini,2012,10.203
eswatini,2013,10.116
eswatini,2014,9.2342
eswatini,2015,9.3543
eswatini,2016,8.9599
eswatini,2017,8.4278
eswatini,2018,8.5213
eswatini,2019,8.5424
eswatini,2020,8.1184
eswatini,2021,8.1386
eswatini,2022,8.2665
ethiopia,1993,59.945
ethiopia,1994,52.699
ethiopia,1995,51.925
ethiopia,1996,51.165
ethiopia,1997,52.854
ethiopia,1998,48.184
ethiopia,1999,45.363
ethiopia,2000,45.623
ethiopia,2001,43.386
ethiopia,2002,39.401
ethiopia,2003,37.965
ethiopia,2004,39.388
ethiopia,2005,41.930
ethiopia,2006,43.303
ethiopia,2007,43.039
ethiopia,2008,46.011
ethiopia,2009,46.722
ethiopia,2010,42.206
ethiopia,2011,41.250
ethiopia,2012,44.331
ethiopia,2013,41.239
ethiopia,2014,38.520
ethiopia,2015,36.057
ethiopia,2016,34.697
ethiopia,2017,33.779
ethiopia,2018,31.219
ethiopia,2019,33.633
ethiopia,2020,35.558
ethiopia,2021,37.579
ethiopia,2022,37.639
fiji,1963,41.430
fiji,1964,36.850
fiji,1965,33.810
fiji,1966,31.990
fiji,1967,29.580
fiji,1968,29.710
fiji,1969,27.620
fiji,1970,26.625
fiji,1971,24.113
fiji,1972,23.337
fiji,1973,23.169
fiji,1974,24.138
fiji,1975,24.298
fiji,1976,24.370
fiji,1977,22.148
fiji,1978,20.835
fiji,1979,20.467
fiji,1980,21.110
fiji,1981,18.681
fiji,1982,19.304
fiji,1983,17.271
fiji,1984,17.912
fiji,1985,17.036
fiji,1986,19.676
fiji,1987,21.685
fiji,1988,18.312
fiji,1989,19.295
fiji,1990,17.639
fiji,1991,17.933
fiji,1992,17.265
fiji,1993,16.711
fiji,1994,17.601
fiji,1995,16.871
fiji,1996,17.004
fiji,1997,14.532
fiji,1998,14.120
fiji,1999,16.124
fiji,2000,14.719
fiji,2001,12.716
fiji,2002,13.010
fiji,2003,12.230
fiji,2004,12.056
fiji,2005,11.928
fiji,2006,12.122
fiji,2007,12.339
fiji,2008,10.566
fiji,2009,9.9344
fiji,2010,9.1266
fiji,2011,9.2340
fiji,2012,9.6758
fiji,2013,10.113
fiji,2014,8.0986
fiji,2015,7.8721
fiji,2016,10.664
fiji,2017,10.532
fiji,2018,10.906
fiji,2019,11.291
fiji,2020,14.325
fiji,2021,15.276
fiji,2022,12.643
finland,1970,11.025
finland,1971,11.008
finland,1972,9.8205
finland,1973,9.5015
finland,1974,9.2421
finland,1975,9.7327
finland,1976,9.2506
finland,1977,8.5832
finland,1978,8.2552
finland,1979,8.0637
finland,1980,8.5807
finland,1981,7.6628
finland,1982,7.7705
finland,1983,7.5662
finland,1984,7.2428
finland,1985,6.8778
finland,1986,6.5574
finland,1987,5.2809
finland,1988,5.1953
finland,1989,5.2206
finland,1990,5.3969
finland,1991,4.8251
finland,1992,4.2780
finland,1993,4.3730
finland,1994,4.1863
finland,1995,3.7971
finland,1996,3.4492
finland,1997,3.4231
finland,1998,2.8994
finland,1999,2.8862
finland,2000,2.9536
finland,2001,2.7643
finland,2002,2.6723
finland,2003,2.5358
finland,2004,2.3797
finland,2005,2.2783
finland,2006,2.0012
finland,2007,2.3804
finland,2008,2.2052
finland,2009,2.2537
finland,2010,2.4189
finland,2011,2.3212
finland,2012,2.3145
finland,2013,2.3674
finland,2014,2.3983
finland,2015,2.2537
finland,2016,2.3106
finland,2017,2.3159
finland,2018,2.3867
finland,2019,2.3493
finland,2020,2.4521
finland,2021,2.4342
finland,2022,2.2922
france,1965,8.9480
france,1966,8.7370
france,1967,8.6690
france,1968,8.3420
france,1969,7.7180
france,1970,6.6612
france,1971,6.0981
france,1972,6.8108
france,1973,6.8097
france,1974,5.4450
france,1975,4.8432
france,1976,4.5904
france,1977,4.3457
france,1978,4.1705
france,1979,4.1335
france,1980,3.6074
france,1981,3.5317
france,1982,4.0526
france,1983,3.5955
france,1984,3.3590
france,1985,3.3376
france,1986,3.2346
france,1987,3.0881
france,1988,2.8494
france,1989,3.1250
france,1990,3.1368
france,1991,2.6144
france,1992,2.5928
france,1993,2.2957
france,1994,2.4007
france,1995,2.4448
france,1996,2.4043
france,1997,2.3443
france,1998,2.3625
france,1999,2.2363
france,2000,2.0984
france,2001,2.1070
france,2002,2.0109
france,2003,1.8502
france,2004,1.8227
france,2005,1.6801
france,2006,1.5185
france,2007,1.6130
france,2008,1.5152
france,2009,1.3232
france,2010,1.6040
france,2011,1.6503
france,2012,1.6318
france,2013,1.4586
france,2014,1.5564
france,2015,1.6056
france,2016,1.4371
france,2017,1.5424
france,2018,1.6489
france,2019,1.5225
france,2020,1.5795
france,2021,1.6172
france,2022,1.9137
gabon,1970,12.858
gabon,1971,9.5641
gabon,1972,9.0728
gabon,1973,8.5044
gabon,1974,6.6678
gabon,1975,6.4385
gabon,1976,3.7486
gabon,1977,4.1660
gabon,1978,4.8891
gabon,1979,3.8496
gabon,1980,5.3561
gabon,1981,4.6728
gabon,1982,4.4815
gabon,1983,4.6440
gabon,1984,4.5337
gabon,1985,4.5348
gabon,1986,6.6454
gabon,1987,7.6847
gabon,1988,7.7810
gabon,1989,7.3272
gabon,1990,6.7448
gabon,1991,6.4000
gabon,1992,6.9267
gabon,1993,7.1206
gabon,1994,7.6297
gabon,1995,6.7448
gabon,1996,5.9564
gabon,1997,6.0378
gabon,1998,5.8671
gabon,1999,6.1576
gabon,2000,5.1870
gabon,2001,5.4161
gabon,2002,5.6057
gabon,2003,5.8366
gabon,2004,5.4018
gabon,2005,4.9846
gabon,2006,4.9112
gabon,2007,4.9578
gabon,2008,4.2298
gabon,2009,5.0430
gabon,2010,3.9134
gabon,2011,3.4318
gabon,2012,3.3537
gabon,2013,3.3289
gabon,2014,3.6214
gabon,2015,4.3112
gabon,2016,4.9732
gabon,2017,5.2647
gabon,2018,5.4361
gabon,2019,5.5548
gabon,2020,6.6285
gabon,2021,6.0174
gabon,2022,6.0051
gambia,1970,52.213
gambia,1971,51.505
gambia,1972,49.062
gambia,1973,48.311
gambia,1974,43.445
gambia,1975,40.720
gambia,1976,37.885
gambia,1977,34.247
gambia,1978,31.247
gambia,1979,28.735
gambia,1980,32.948
gambia,1981,32.592
gambia,1982,26.320
gambia,1983,24.556
gambia,1984,26.395
gambia,1985,30.214
gambia,1986,32.223
gambia,1987,28.805
gambia,1988,26.763
gambia,1989,25.108
gambia,1990,23.402
gambia,1991,21.307
gambia,1992,20.329
gambia,1993,20.189
gambia,1994,22.564
gambia,1995,25.061
gambia,1996,21.057
gambia,1997,24.148
gambia,1998,22.532
gambia,1999,28.175
gambia,2000,28.785
gambia,2001,29.833
gambia,2002,28.307
gambia,2003,31.385
gambia,2004,31.503
gambia,2005,32.091
gambia,2006,25.600
gambia,2007,23.566
gambia,2008,29.776
gambia,2009,31.734
gambia,2010,35.193
gambia,2011,27.202
gambia,2012,27.394
gambia,2013,26.222
gambia,2014,22.459
gambia,2015,22.209
gambia,2016,21.861
gambia,2017,21.002
gambia,2018,19.872
gambia,2019,20.004
gambia,2020,21.244
gambia,2021,23.579
gambia,2022,21.609
georgia,1992,54.758
georgia,1993,80.949
georgia,1994,78.750
georgia,1995,48.659
georgia,1996,38.490
georgia,1997,31.937
georgia,1998,30.470
georgia,1999,28.704
georgia,2000,23.920
georgia,2001,24.337
georgia,2002,22.340
georgia,2003,22.410
georgia,2004,19.035
georgia,2005,17.148
georgia,2006,13.003
georgia,2007,10.677
georgia,2008,9.4409
georgia,2009,9.4062
georgia,2010,8.4509
georgia,2011,9.1318
georgia,2012,8.1755
georgia,2013,8.6166
georgia,2014,8.5262
georgia,2015,7.8137
georgia,2016,7.2967
georgia,2017,6.2401
georgia,2018,6.7621
georgia,2019,6.5046
georgia,2020,7.2887
georgia,2021,6.4663
georgia,2022,6.0879
germany,1970,2.9258
germany,1971,2.7388
germany,1972,2.7276
germany,1973,2.6021
germany,1974,2.3893
germany,1975,2.5192
germany,1976,2.5433
germany,1977,2.4639
germany,1978,2.3461
germany,1979,2.0977
germany,1980,1.9244
germany,1981,1.9135
germany,1982,2.0237
germany,1983,1.7569
germany,1984,1.7367
germany,1985,1.5484
germany,1986,1.5500
germany,1987,1.3713
germany,1988,1.4294
germany,1989,1.5012
germany,1990,1.1995
germany,1991,1.1015
germany,1992,1.0054
germany,1993,0.96157
germany,1994,0.97554
germany,1995,0.99546
germany,1996,1.0422
germany,1997,1.0314
germany,1998,0.97532
germany,1999,0.95840
germany,2000,0.99479
germany,2001,1.0834
germany,2002,0.90050
germany,2003,0.83226
germany,2004,0.95106
germany,2005,0.72696
germany,2006,0.73759
germany,2007,0.77886
germany,2008,0.83833
germany,2009,0.69533
germany,2010,0.80370
germany,2011,0.91002
germany,2012,0.84792
germany,2013,0.94264
germany,2014,0.90455
germany,2015,0.68469
germany,2016,0.69843
germany,2017,0.85175
germany,2018,0.68909
germany,2019,0.79085
germany,2020,0.73895
germany,2021,0.71194
germany,2022,0.92016
ghana,1961,39.690
ghana,1962,42.260
ghana,1963,40.220
ghana,1964,39.370
ghana,1965,49.920
ghana,1966,47.920
ghana,1967,45.050
ghana,1968,47.140
ghana,1969,52.280
ghana,1970,36.020
ghana,1971,33.883
ghana,1972,35.799
ghana,1973,37.588
ghana,1974,39.248
ghana,1975,36.585
ghana,1976,38.810
ghana,1977,43.137
ghana,1978,46.598
ghana,1979,46.026
ghana,1980,44.454
ghana,1981,40.742
ghana,1982,44.009
ghana,1983,45.843
ghana,1984,37.794
ghana,1985,34.455
ghana,1986,36.666
ghana,1987,38.835
ghana,1988,38.077
ghana,1989,37.582
ghana,1990,32.541
ghana,1991,32.931
ghana,1992,32.015
ghana,1993,28.341
ghana,1994,29.004
ghana,1995,29.759
ghana,1996,29.897
ghana,1997,27.462
ghana,1998,27.640
ghana,1999,27.458
ghana,2000,27.070
ghana,2001,27.047
ghana,2002,26.976
ghana,2003,28.048
ghana,2004,29.128
ghana,2005,28.744
ghana,2006,27.338
ghana,2007,25.775
ghana,2008,27.771
ghana,2009,29.268
ghana,2010,26.478
ghana,2011,22.347
ghana,2012,20.900
ghana,2013,20.370
ghana,2014,19.584
ghana,2015,19.983
ghana,2016,20.844
ghana,2017,19.562
ghana,2018,18.137
ghana,2019,17.323
ghana,2020,18.854
ghana,2021,19.657
ghana,2022,19.565
greece,1970,11.003
greece,1971,11.019
greece,1972,11.184
greece,1973,12.156
greece,1974,12.164
greece,1975,11.178
greece,1976,11.027
greece,1977,9.7860
greece,1978,10.032
greece,1979,9.0472
greece,1980,10.270
greece,1981,10.460
greece,1982,10.719
greece,1983,9.7962
greece,1984,10.066
greece,1985,9.9578
greece,1986,9.1997
greece,1987,8.9653
greece,1988,9.2538
greece,1989,9.1659
greece,1990,7.9398
greece,1991,8.7443
greece,1992,7.7071
greece,1993,7.3231
greece,1994,7.7741
greece,1995,7.3758
greece,1996,6.5849
greece,1997,6.2416
greece,1998,5.9650
greece,1999,5.7835
greece,2000,5.4352
greece,2001,5.2027
greece,2002,4.9871
greece,2003,4.9998
greece,2004,4.2754
greece,2005,4.2842
greece,2006,3.2012
greece,2007,3.0373
greece,2008,2.8072
greece,2009,2.8050
greece,2010,2.9883
greece,2011,3.1138
greece,2012,3.4411
greece,2013,3.3826
greece,2014,3.5841
greece,2015,3.8647
greece,2016,3.5153
greece,2017,3.8564
greece,2018,3.6354
greece,2019,3.8086
greece,2020,4.1002
greece,2021,3.6768
greece,2022,3.7645
grenada,1970,16.782
grenada,1971,15.999
grenada,1972,17.209
grenada,1973,16.260
grenada,1974,21.026
grenada,1975,24.218
grenada,1976,25.827
grenada,1977,21.602
grenada,1978,19.566
grenada,1979,21.141
grenada,1980,20.086
grenada,1981,20.280
grenada,1982,16.597
grenada,1983,15.541
grenada,1984,15.299
grenada,1985,13.242
grenada,1986,13.191
grenada,1987,14.469
grenada,1988,13.686
grenada,1989,12.418
grenada,1990,10.152
grenada,1991,10.520
grenada,1992,9.2957
grenada,1993,8.8900
grenada,1994,8.5183
grenada,1995,8.5889
grenada,1996,7.1814
grenada,1997,6.6374
grenada,1998,6.4227
grenada,1999,6.6234
grenada,2000,5.1641
grenada,2001,5.3658
grenada,2002,6.2903
grenada,2003,5.8700
grenada,2004,5.0135
grenada,2005,2.9651
grenada,2006,3.8908
grenada,2007,3.5568
grenada,2008,3.7675
grenada,2009,4.6263
grenada,2010,4.5132
grenada,2011,4.4478
grenada,2012,4.8322
grenada,2013,4.8354
grenada,2014,6.1016
grenada,2015,7.4283
grenada,2016,6.2063
grenada,2017,5.3715
grenada,2018,5.2053
grenada,2019,4.6794
grenada,2020,4.9030
grenada,2021,5.3377
grenada,2022,5.2274
guatemala,1970,16.447
guatemala,1971,16.678
guatemala,1972,17.030
guatemala,1973,16.793
guatemala,1974,16.797
guatemala,1975,16.887
guatemala,1976,16.434
guatemala,1977,15.838
guatemala,1978,15.560
guatemala,1979,15.281
guatemala,1980,14.957
guatemala,1981,15.043
guatemala,1982,15.127
guatemala,1983,15.258
guatemala,1984,15.429
guatemala,1985,15.565
guatemala,1986,15.420
guatemala,1987,15.642
guatemala,1988,15.563
guatemala,1989,15.434
guatemala,1990,15.582
guatemala,1991,15.498
guatemala,1992,15.224
guatemala,1993,14.972
guatemala,1994,14.744
guatemala,1995,14.541
guatemala,1996,14.484
guatemala,1997,14.286
guatemala,1998,14.113
guatemala,1999,13.876
guatemala,2000,13.740
guatemala,2001,13.584
guatemala,2002,13.581
guatemala,2003,12.914
guatemala,2004,12.527
guatemala,2005,12.069
guatemala,2006,10.971
guatemala,2007,11.154
guatemala,2008,10.860
guatemala,2009,11.354
guatemala,2010,10.767
guatemala,2011,10.787
guatemala,2012,10.279
guatemala,2013,10.356
guatemala,2014,10.074
guatemala,2015,9.9670
guatemala,2016,9.6614
guatemala,2017,9.6963
guatemala,2018,9.4355
guatemala,2019,9.4087
guatemala,2020,9.9270
guatemala,2021,9.2990
guatemala,2022,9.3065
guinea,1970,19.528
guinea,1971,19.529
guinea,1972,19.531
guinea,1973,19.528
guinea,1974,19.524
guinea,1975,19.527
guinea,1976,19.537
guinea,1977,19.538
guinea,1978,19.517
guinea,1979,19.500
guinea,1980,19.544
guinea,1981,19.585
guinea,1982,19.542
guinea,1983,19.413
guinea,1984,19.414
guinea,1985,19.767
guinea,1986,19.789
guinea,1987,19.325
guinea,1988,18.771
guinea,1989,19.419
guinea,1990,21.532
guinea,1991,19.899
guinea,1992,17.003
guinea,1993,16.000
guinea,1994,22.663
guinea,1995,27.586
guinea,1996,27.276
guinea,1997,24.095
guinea,1998,23.698
guinea,1999,23.220
guinea,2000,21.822
guinea,2001,21.934
guinea,2002,21.632
guinea,2003,13.476
guinea,2004,15.117
guinea,2005,14.444
guinea,2006,15.584
guinea,2007,16.818
guinea,2008,15.980
guinea,2009,16.360
guinea,2010,17.485
guinea,2011,16.070
guinea,2012,16.832
guinea,2013,17.545
guinea,2014,17.524
guinea,2015,18.478
guinea,2016,17.590
guinea,2017,20.528
guinea,2018,22.326
guinea,2019,26.427
guinea,2020,26.303
guinea,2021,27.752
guinea,2022,27.752
guinea_bissau,1970,47.456
guinea_bissau,1971,44.851
guinea_bissau,1972,45.781
guinea_bissau,1973,42.883
guinea_bissau,1974,41.380
guinea_bissau,1975,47.772
guinea_bissau,1976,48.090
guinea_bissau,1977,46.154
guinea_bissau,1978,51.613
guinea_bissau,1979,51.589
guinea_bissau,1980,42.195
guinea_bissau,1981,49.271
guinea_bissau,1982,46.760
guinea_bissau,1983,42.441
guinea_bissau,1984,41.317
guinea_bissau,1985,46.487
guinea_bissau,1986,46.829
guinea_bissau,1987,50.983
guinea_bissau,1988,45.636
guinea_bissau,1989,44.588
guinea_bissau,1990,44.601
guinea_bissau,1991,44.726
guinea_bissau,1992,47.835
guinea_bissau,1993,52.845
guinea_bissau,1994,52.260
guinea_bissau,1995,51.798
guinea_bissau,1996,54.245
guinea_bissau,1997,40.093
guinea_bissau,1998,41.047
guinea_bissau,1999,43.276
guinea_bissau,2000,42.308
guinea_bissau,2001,38.476
guinea_bissau,2002,42.538
guinea_bissau,2003,42.345
guinea_bissau,2004,41.992
guinea_bissau,2005,44.358
guinea_bissau,2006,42.260
guinea_bissau,2007,43.176
guinea_bissau,2008,46.668
guinea_bissau,2009,44.000
guinea_bissau,2010,45.088
guinea_bissau,2011,45.022
guinea_bissau,2012,46.893
guinea_bissau,2013,44.136
guinea_bissau,2014,41.132
guinea_bissau,2015,46.788
guinea_bissau,2016,46.348
guinea_bissau,2017,49.158
guinea_bissau,2018,32.384
guinea_bissau,2019,32.051
guinea_bissau,2020,31.641
guinea_bissau,2021,32.025
guinea_bissau,2022,31.906
guyana,1961,26.400
guyana,1962,25.690
guyana,1963,26.990
guyana,1964,24.420
guyana,1965,24.050
guyana,1966,21.690
guyana,1967,21.370
guyana,1968,19.690
guyana,1969,20.420
guyana,1970,10.450
guyana,1971,11.269
guyana,1972,10.969
guyana,1973,10.634
guyana,1974,18.210
guyana,1975,19.048
guyana,1976,13.606
guyana,1977,12.508
guyana,1978,13.762
guyana,1979,13.278
guyana,1980,14.016
guyana,1981,12.057
guyana,1982,13.014
guyana,1983,13.061
guyana,1984,16.648
guyana,1985,18.274
guyana,1986,17.531
guyana,1987,25.125
guyana,1988,15.054
guyana,1989,32.132
guyana,1990,30.039
guyana,1991,33.269
guyana,1992,36.674
guyana,1993,30.306
guyana,1994,31.324
guyana,1995,34.203
guyana,1996,31.427
guyana,1997,30.529
guyana,1998,28.341
guyana,1999,29.968
guyana,2000,25.370
guyana,2001,27.038
guyana,2002,30.404
guyana,2003,34.376
guyana,2004,36.258
guyana,2005,34.632
guyana,2006,34.000
guyana,2007,30.385
guyana,2008,31.728
guyana,2009,29.424
guyana,2010,28.528
guyana,2011,25.684
guyana,2012,25.440
guyana,2013,25.648
guyana,2014,24.594
guyana,2015,25.443
guyana,2016,20.387
guyana,2017,22.758
guyana,2018,19.536
guyana,2019,17.595
guyana,2020,16.851
guyana,2021,13.455
guyana,2022,10.030
haiti,1970,44.055
haiti,1971,42.658
haiti,1972,42.134
haiti,1973,41.145
haiti,1974,39.845
haiti,1975,40.908
haiti,1976,38.111
haiti,1977,35.666
haiti,1978,34.636
haiti,1979,34.270
haiti,1980,32.212
haiti,1981,32.698
haiti,1982,32.482
haiti,1983,30.973
haiti,1984,31.966
haiti,1985,31.974
haiti,1986,32.906
haiti,1987,33.512
haiti,1988,30.460
haiti,1989,29.327
haiti,1990,27.910
haiti,1991,27.475
haiti,1992,30.698
haiti,1993,27.173
haiti,1994,29.262
haiti,1995,19.891
haiti,1996,16.118
haiti,1997,16.849
haiti,1998,16.772
haiti,1999,17.507
haiti,2000,17.201
haiti,2001,16.383
haiti,2002,15.544
haiti,2003,16.345
haiti,2004,15.603
haiti,2005,17.576
haiti,2006,17.699
haiti,2007,19.082
haiti,2008,18.518
haiti,2009,18.419
haiti,2010,20.233
haiti,2011,20.043
haiti,2012,19.470
haiti,2013,19.256
haiti,2014,17.830
haiti,2015,17.239
haiti,2016,18.011
haiti,2017,18.861
haiti,2018,18.757
haiti,2019,19.405
haiti,2020,19.080
haiti,2021,20.615
haiti,2022,20.275
honduras,1961,38.800
honduras,1962,38.760
honduras,1963,37.600
honduras,1964,37.860
honduras,1965,40.030
honduras,1966,39.580
honduras,1967,38.630
honduras,1968,37.950
honduras,1969,35.870
honduras,1970,28.381
honduras,1971,28.929
honduras,1972,28.695
honduras,1973,28.674
honduras,1974,27.223
honduras,1975,25.238
honduras,1976,26.134
honduras,1977,27.542
honduras,1978,24.760
honduras,1979,23.311
honduras,1980,21.691
honduras,1981,20.503
honduras,1982,19.963
honduras,1983,19.487
honduras,1984,19.068
honduras,1985,19.795
honduras,1986,18.823
honduras,1987,18.977
honduras,1988,19.284
honduras,1989,19.334
honduras,1990,20.446
honduras,1991,19.949
honduras,1992,17.900
honduras,1993,18.117
honduras,1994,21.396
honduras,1995,19.184
honduras,1996,19.700
honduras,1997,20.408
honduras,1998,16.709
honduras,1999,13.949
honduras,2000,14.372
honduras,2001,13.166
honduras,2002,12.183
honduras,2003,11.614
honduras,2004,12.171
honduras,2005,12.471
honduras,2006,11.857
honduras,2007,11.911
honduras,2008,12.150
honduras,2009,10.825
honduras,2010,11.591
honduras,2011,14.220
honduras,2012,13.566
honduras,2013,12.191
honduras,2014,12.538
honduras,2015,12.216
honduras,2016,12.050
honduras,2017,12.670
honduras,2018,11.610
honduras,2019,10.754
honduras,2020,12.117
honduras,2021,11.041
honduras,2022,12.572
hungary,1970,15.610
hungary,1971,16.414
hungary,1972,15.498
hungary,1973,16.432
hungary,1974,16.176
hungary,1975,15.329
hungary,1976,15.155
hungary,1977,15.330
hungary,1978,14.477
hungary,1979,13.480
hungary,1980,14.719
hungary,1981,15.178
hungary,1982,15.405
hungary,1983,15.007
hungary,1984,14.936
hungary,1985,14.182
hungary,1986,14.749
hungary,1987,13.572
hungary,1988,13.071
hungary,1989,12.375
hungary,1990,11.221
hungary,1991,8.9649
hungary,1992,7.4060
hungary,1993,6.6666
hungary,1994,6.8966
hungary,1995,7.1780
hungary,1996,7.2625
hungary,1997,6.3223
hungary,1998,6.0365
hungary,1999,5.3104
hungary,2000,4.9345
hungary,2001,4.9144
hungary,2002,4.2608
hungary,2003,3.9019
hungary,2004,4.3524
hungary,2005,3.7214
hungary,2006,3.5356
hungary,2007,3.4866
hungary,2008,3.4530
hungary,2009,3.0564
hungary,2010,3.0342
hungary,2011,3.9952
hungary,2012,3.8911
hungary,2013,3.9171
hungary,2014,3.9360
hungary,2015,3.7896
hungary,2016,3.8901
hungary,2017,3.7542
hungary,2018,3.4864
hungary,2019,3.3324
hungary,2020,3.3905
hungary,2021,3.4866
hungary,2022,3.2376
iceland,1970,9.9710
iceland,1971,10.052
iceland,1972,9.7937
iceland,1973,10.068
iceland,1974,10.294
iceland,1975,9.0199
iceland,1976,8.7603
iceland,1977,10.168
iceland,1978,10.666
iceland,1979,10.509
iceland,1980,10.005
iceland,1981,9.4234
iceland,1982,7.7028
iceland,1983,7.7179
iceland,1984,8.2134
iceland,1985,9.5468
iceland,1986,9.9827
iceland,1987,10.211
iceland,1988,9.9041
iceland,1989,9.3381
iceland,1990,9.5827
iceland,1991,9.8864
iceland,1992,9.6236
iceland,1993,9.5647
iceland,1994,9.0802
iceland,1995,9.3660
iceland,1996,9.1482
iceland,1997,8.0459
iceland,1998,8.1092
iceland,1999,7.6007
iceland,2000,6.9790
iceland,2001,7.4683
iceland,2002,7.4940
iceland,2003,6.4235
iceland,2004,5.2839
iceland,2005,4.7038
iceland,2006,4.7537
iceland,2007,4.1301
iceland,2008,4.7819
iceland,2009,5.6510
iceland,2010,6.2842
iceland,2011,6.4179
iceland,2012,6.5480
iceland,2013,5.8437
iceland,2014,5.2672
iceland,2015,5.2906
iceland,2016,4.5747
iceland,2017,3.7762
iceland,2018,3.9032
iceland,2019,4.3800
iceland,2020,4.6371
iceland,2021,4.3191
iceland,2022,4.0379
india,1961,41.770
india,1962,39.890
india,1963,41.080
india,1964,42.960
india,1965,40.910
india,1966,41.810
india,1967,44.530
india,1968,43.520
india,1969,43.290
india,1970,40.305
india,1971,38.459
india,1972,38.378
india,1973,41.551
india,1974,38.561
india,1975,35.603
india,1976,33.759
india,1977,35.278
india,1978,33.474
india,1979,31.576
india,1980,33.370
india,1981,32.079
india,1982,30.566
india,1983,31.549
india,1984,30.014
india,1985,28.552
india,1986,27.232
india,1987,26.856
india,1988,27.949
india,1989,27.096
india,1990,27.026
india,1991,27.445
india,1992,26.679
india,1993,26.865
india,1994,26.386
india,1995,24.453
india,1996,25.284
india,1997,24.358
india,1998,24.283
india,1999,22.598
india,2000,21.085
india,2001,21.156
india,2002,19.041
india,2003,19.138
india,2004,17.815
india,2005,17.620
india,2006,16.809
india,2007,16.750
india,2008,16.791
india,2009,16.782
india,2010,17.099
india,2011,17.192
india,2012,16.845
india,2013,17.148
india,2014,16.792
india,2015,16.175
india,2016,16.364
india,2017,16.558
india,2018,16.032
india,2019,16.756
india,2020,18.636
india,2021,17.326
india,2022,16.731
indonesia,1961,45.770
indonesia,1962,56.280
indonesia,1963,55.140
indonesia,1964,52.780
indonesia,1965,55.990
indonesia,1966,50.810
indonesia,1967,51.410
indonesia,1968,48.610
indonesia,1969,46.960
indonesia,1970,40.158
indonesia,1971,37.008
indonesia,1972,33.230
indonesia,1973,33.131
indonesia,1974,26.962
indonesia,1975,26.140
indonesia,1976,25.685
indonesia,1977,25.648
indonesia,1978,24.340
indonesia,1979,23.191
indonesia,1980,20.510
indonesia,1981,19.456
indonesia,1982,19.904
indonesia,1983,18.895
indonesia,1984,18.756
indonesia,1985,19.162
indonesia,1986,19.997
indonesia,1987,19.258
indonesia,1988,18.562
indonesia,1989,17.881
indonesia,1990,16.025
indonesia,1991,15.072
indonesia,1992,15.420
indonesia,1993,14.761
indonesia,1994,14.271
indonesia,1995,14.149
indonesia,1996,13.765
indonesia,1997,13.285
indonesia,1998,14.929
indonesia,1999,16.192
indonesia,2000,14.222
indonesia,2001,13.938
indonesia,2002,14.089
indonesia,2003,13.842
indonesia,2004,13.068
indonesia,2005,11.965
indonesia,2006,11.826
indonesia,2007,12.503
indonesia,2008,13.201
indonesia,2009,13.938
indonesia,2010,13.929
indonesia,2011,13.512
indonesia,2012,13.374
indonesia,2013,13.357
indonesia,2014,13.337
indonesia,2015,13.493
indonesia,2016,13.479
indonesia,2017,13.157
indonesia,2018,12.808
indonesia,2019,12.713
indonesia,2020,13.698
indonesia,2021,13.280
indonesia,2022,12.400
iran_islamic_republic_of,1961,26.300
iran_islamic_republic_of,1962,25.120
iran_islamic_republic_of,1963,23.540
iran_islamic_republic_of,1964,21.880
iran_islamic_republic_of,1965,19.650
iran_islamic_republic_of,1966,18.600
iran_islamic_republic_of,1967,17.570
iran_islamic_republic_of,1968,16.900
iran_islamic_republic_of,1969,15.470
iran_islamic_republic_of,1970,12.991
iran_islamic_republic_of,1971,12.713
iran_islamic_republic_of,1972,11.954
iran_islamic_republic_of,1973,9.8688
iran_islamic_republic_of,1974,6.9328
iran_islamic_republic_of,1975,6.6723
iran_islamic_republic_of,1976,6.4870
iran_islamic_republic_of,1977,5.6654
iran_islamic_republic_of,1978,7.4623
iran_islamic_republic_of,1979,8.5719
iran_islamic_republic_of,1980,11.060
iran_islamic_republic_of,1981,13.694
iran_islamic_republic_of,1982,12.774
iran_islamic_republic_of,1983,11.057
iran_islamic_republic_of,1984,12.308
iran_islamic_republic_of,1985,12.771
iran_islamic_republic_of,1986,15.228
iran_islamic_republic_of,1987,16.303
iran_islamic_republic_of,1988,15.385
iran_islamic_republic_of,1989,15.577
iran_islamic_republic_of,1990,12.491
iran_islamic_republic_of,1991,12.014
iran_islamic_republic_of,1992,12.054
iran_islamic_republic_of,1993,10.398
iran_islamic_republic_of,1994,10.552
iran_islamic_republic_of,1995,12.610
iran_islamic_republic_of,1996,9.9612
iran_islamic_republic_of,1997,9.2178
iran_islamic_republic_of,1998,10.914
iran_islamic_republic_of,1999,9.2708
iran_islamic_republic_of,2000,8.6215
iran_islamic_republic_of,2001,7.9135
iran_islamic_republic_of,2002,7.3882
iran_islamic_republic_of,2003,7.0927
iran_islamic_republic_of,2004,6.8896
iran_islamic_republic_of,2005,6.3545
iran_islamic_republic_of,2006,6.8002
iran_islamic_republic_of,2007,6.7095
iran_islamic_republic_of,2008,5.5880
iran_islamic_republic_of,2009,6.1769
iran_islamic_republic_of,2010,5.6667
iran_islamic_republic_of,2011,4.6421
iran_islamic_republic_of,2012,6.7969
iran_islamic_republic_of,2013,8.7749
iran_islamic_republic_of,2014,9.3784
iran_islamic_republic_of,2015,10.092
iran_islamic_republic_of,2016,9.7844
iran_islamic_republic_of,2017,9.8271
iran_islamic_republic_of,2018,11.134
iran_islamic_republic_of,2019,13.324
iran_islamic_republic_of,2020,12.212
iran_islamic_republic_of,2021,12.392
iran_islamic_republic_of,2022,12.015
iraq,1970,17.034
iraq,1971,16.304
iraq,1972,19.661
iraq,1973,14.201
iraq,1974,8.9282
iraq,1975,8.3823
iraq,1976,8.7978
iraq,1977,9.0768
iraq,1978,8.3843
iraq,1979,5.9101
iraq,1980,5.1188
iraq,1981,9.4351
iraq,1982,11.278
iraq,1983,11.735
iraq,1984,14.320
iraq,1985,15.343
iraq,1986,15.879
iraq,1987,15.483
iraq,1988,15.569
iraq,1989,17.512
iraq,1990,21.790
iraq,1991,33.371
iraq,1992,15.768
iraq,1993,15.290
iraq,1994,16.098
iraq,1995,15.718
iraq,1996,13.973
iraq,1997,9.3066
iraq,1998,9.6986
iraq,1999,6.0672
iraq,2000,4.1111
iraq,2001,6.0019
iraq,2002,7.3592
iraq,2003,8.6464
iraq,2004,6.9386
iraq,2005,6.8869
iraq,2006,5.8260
iraq,2007,4.9295
iraq,2008,3.8478
iraq,2009,5.2299
iraq,2010,5.1623
iraq,2011,4.5638
iraq,2012,4.1243
iraq,2013,4.7685
iraq,2014,4.9294
iraq,2015,4.1919
iraq,2016,3.9772
iraq,2017,2.9767
iraq,2018,2.8158
iraq,2019,3.7700
iraq,2020,6.0887
iraq,2021,3.3108
iraq,2022,2.8514
ireland,1970,13.607
ireland,1971,13.179
ireland,1972,14.765
ireland,1973,15.284
ireland,1974,13.261
ireland,1975,14.709
ireland,1976,14.350
ireland,1977,15.907
ireland,1978,15.194
ireland,1979,12.617
ireland,1980,10.107
ireland,1981,9.3071
ireland,1982,9.3988
ireland,1983,9.4757
ireland,1984,9.7434
ireland,1985,8.2887
ireland,1986,7.6827
ireland,1987,8.4585
ireland,1988,8.6521
ireland,1989,8.3674
ireland,1990,7.0920
ireland,1991,6.5506
ireland,1992,6.9018
ireland,1993,6.5711
ireland,1994,6.2150
ireland,1995,5.5801
ireland,1996,4.6901
ireland,1997,3.9067
ireland,1998,3.4754
ireland,1999,2.5722
ireland,2000,2.5049
ireland,2001,1.9939
ireland,2002,1.7353
ireland,2003,1.4800
ireland,2004,1.5741
ireland,2005,1.0335
ireland,2006,0.92117
ireland,2007,1.0432
ireland,2008,0.85005
ireland,2009,0.55793
ireland,2010,0.95465
ireland,2011,1.2071
ireland,2012,0.98774
ireland,2013,1.0840
ireland,2014,1.2407
ireland,2015,0.89224
ireland,2016,0.94663
ireland,2017,1.1750
ireland,2018,0.88923
ireland,2019,0.90575
ireland,2020,0.92331
ireland,2021,0.99164
ireland,2022,1.1075
israel,1970,6.0082
israel,1971,5.7891
israel,1972,5.3063
israel,1973,5.0641
israel,1974,5.3783
israel,1975,5.3269
israel,1976,5.7681
israel,1977,5.4813
israel,1978,5.0574
israel,1979,4.9835
israel,1980,5.0045
israel,1981,5.0760
israel,1982,3.6469
israel,1983,3.1766
israel,1984,3.6068
israel,1985,3.9867
israel,1986,3.6934
israel,1987,3.3575
israel,1988,2.9242
israel,1989,2.7331
israel,1990,2.6426
israel,1991,2.1214
israel,1992,2.2391
israel,1993,1.8940
israel,1994,1.9628
israel,1995,1.7276
israel,1996,1.6126
israel,1997,1.5325
israel,1998,1.6941
israel,1999,1.4732
israel,2000,1.2936
israel,2001,1.4940
israel,2002,1.5391
israel,2003,1.4445
israel,2004,1.3723
israel,2005,1.6023
israel,2006,1.5442
israel,2007,1.4833
israel,2008,1.5404
israel,2009,1.8132
israel,2010,1.8347
israel,2011,1.8521
israel,2012,1.4923
israel,2013,1.5199
israel,2014,1.3892
israel,2015,1.4217
israel,2016,1.4538
israel,2017,1.4361
israel,2018,1.3913
israel,2019,1.3480
israel,2020,1.3214
israel,2021,1.2580
israel,2022,1.1637
italy,1970,8.0089
italy,1971,7.6649
italy,1972,7.0427
italy,1973,7.5178
italy,1974,6.7367
italy,1975,7.1077
italy,1976,6.6088
italy,1977,6.3333
italy,1978,6.2451
italy,1979,5.9998
italy,1980,5.6694
italy,1981,5.3164
italy,1982,5.0658
italy,1983,5.1103
italy,1984,4.6446
italy,1985,4.3732
italy,1986,4.1872
italy,1987,3.9892
italy,1988,3.5801
italy,1989,3.4774
italy,1990,3.1826
italy,1991,3.2433
italy,1992,3.1190
italy,1993,3.0082
italy,1994,2.9919
italy,1995,2.9777
italy,1996,2.9746
italy,1997,2.8619
italy,1998,2.7689
italy,1999,2.7222
italy,2000,2.5636
italy,2001,2.4896
italy,2002,2.3714
italy,2003,2.3580
italy,2004,2.3470
italy,2005,2.0336
italy,2006,1.9458
italy,2007,1.8963
italy,2008,1.8746
italy,2009,1.8027
italy,2010,1.7755
italy,2011,1.8834
italy,2012,1.9708
italy,2013,2.1446
italy,2014,1.9979
italy,2015,2.0652
italy,2016,1.9284
italy,2017,1.9727
italy,2018,1.9454
italy,2019,1.9073
italy,2020,2.0082
italy,2021,1.8988
italy,2022,1.9225
jamaica,1970,5.8297
jamaica,1971,6.9002
jamaica,1972,6.3545
jamaica,1973,6.2835
jamaica,1974,6.4653
jamaica,1975,6.6718
jamaica,1976,7.1977
jamaica,1977,7.6371
jamaica,1978,7.2032
jamaica,1979,6.5115
jamaica,1980,7.4485
jamaica,1981,6.7932
jamaica,1982,6.1182
jamaica,1983,5.8396
jamaica,1984,5.2713
jamaica,1985,5.2140
jamaica,1986,6.8406
jamaica,1987,6.9528
jamaica,1988,6.4876
jamaica,1989,6.2895
jamaica,1990,5.8512
jamaica,1991,6.0448
jamaica,1992,7.6897
jamaica,1993,7.6472
jamaica,1994,8.5065
jamaica,1995,8.5971
jamaica,1996,8.0038
jamaica,1997,7.6339
jamaica,1998,7.1712
jamaica,1999,6.6796
jamaica,2000,6.2316
jamaica,2001,6.1210
jamaica,2002,5.5445
jamaica,2003,5.2139
jamaica,2004,4.9822
jamaica,2005,5.1862
jamaica,2006,5.1558
jamaica,2007,4.6175
jamaica,2008,4.8991
jamaica,2009,5.4723
jamaica,2010,5.2690
jamaica,2011,5.6473
jamaica,2012,5.7714
jamaica,2013,5.9705
jamaica,2014,5.9725
jamaica,2015,6.3083
jamaica,2016,6.5988
jamaica,2017,6.6318
jamaica,2018,6.5922
jamaica,2019,7.0196
jamaica,2020,8.6832
jamaica,2021,8.3408
jamaica,2022,8.0994
japan,1970,5.5370
japan,1971,4.7920
japan,1972,4.9457
japan,1973,5.3691
japan,1974,5.0594
japan,1975,4.9665
japan,1976,4.8185
japan,1977,4.5831
japan,1978,4.1792
japan,1979,3.9304
japan,1980,3.3332
japan,1981,3.1968
japan,1982,3.0995
japan,1983,3.0596
japan,1984,3.0218
japan,1985,2.9097
japan,1986,2.7293
japan,1987,2.5740
japan,1988,2.4104
japan,1989,2.3504
japan,1990,2.2904
japan,1991,2.1365
japan,1992,2.0404
japan,1993,1.8791
japan,1994,1.8921
japan,1995,1.6450
japan,1996,1.6535
japan,1997,1.5279
japan,1998,1.6033
japan,1999,1.5761
japan,2000,1.5179
japan,2001,1.3675
japan,2002,1.3765
japan,2003,1.2990
japan,2004,1.2310
japan,2005,1.1116
japan,2006,1.0825
japan,2007,1.0534
japan,2008,1.0541
japan,2009,1.0823
japan,2010,1.1083
japan,2011,1.0803
japan,2012,1.1229
japan,2013,1.0667
japan,2014,0.99661
japan,2015,1.0341
japan,2016,1.1250
japan,2017,1.1284
japan,2018,1.0442
japan,2019,1.0389
japan,2020,1.0281
japan,2021,0.95091
japan,2022,1.0060
jordan,1965,15.440
jordan,1966,11.020
jordan,1967,16.930
jordan,1968,10.570
jordan,1969,13.610
jordan,1970,7.4464
jordan,1971,10.685
jordan,1972,10.687
jordan,1973,6.7116
jordan,1974,10.200
jordan,1975,6.7364
jordan,1976,7.2161
jordan,1977,6.6097
jordan,1978,7.5679
jordan,1979,4.7309
jordan,1980,5.8695
jordan,1981,5.3701
jordan,1982,5.1541
jordan,1983,6.4365
jordan,1984,4.8334
jordan,1985,5.5707
jordan,1986,6.1482
jordan,1987,7.2738
jordan,1988,6.8895
jordan,1989,7.0386
jordan,1990,8.4040
jordan,1991,8.9344
jordan,1992,8.1346
jordan,1993,6.1047
jordan,1994,5.2713
jordan,1995,4.3948
jordan,1996,3.8549
jordan,1997,3.4386
jordan,1998,3.0715
jordan,1999,2.3885
jordan,2000,2.4001
jordan,2001,2.3262
jordan,2002,2.6106
jordan,2003,2.9325
jordan,2004,2.9733
jordan,2005,3.2850
jordan,2006,3.0770
jordan,2007,3.0147
jordan,2008,2.8773
jordan,2009,3.2367
jordan,2010,3.5752
jordan,2011,3.5050
jordan,2012,3.3051
jordan,2013,3.5830
jordan,2014,3.9684
jordan,2015,4.3923
jordan,2016,4.5063
jordan,2017,4.4420
jordan,2018,4.3808
jordan,2019,4.3719
jordan,2020,4.6086
jordan,2021,4.6452
jordan,2022,4.6689
kazakhstan,1992,23.098
kazakhstan,1993,16.438
kazakhstan,1994,14.948
kazakhstan,1995,12.329
kazakhstan,1996,12.152
kazakhstan,1997,11.407
kazakhstan,1998,8.5658
kazakhstan,1999,9.8863
kazakhstan,2000,8.1108
kazakhstan,2001,8.7248
kazakhstan,2002,7.9959
kazakhstan,2003,7.8622
kazakhstan,2004,7.1230
kazakhstan,2005,6.3695
kazakhstan,2006,5.4958
kazakhstan,2007,5.6603
kazakhstan,2008,5.3158
kazakhstan,2009,6.1469
kazakhstan,2010,4.5105
kazakhstan,2011,4.9890
kazakhstan,2012,4.2883
kazakhstan,2013,4.5035
kazakhstan,2014,4.3296
kazakhstan,2015,4.7105
kazakhstan,2016,4.5560
kazakhstan,2017,4.5170
kazakhstan,2018,4.3959
kazakhstan,2019,4.4663
kazakhstan,2020,5.3913
kazakhstan,2021,5.0300
kazakhstan,2022,5.2471
kenya,1961,36.820
kenya,1962,40.600
kenya,1963,41.540
kenya,1964,39.800
kenya,1965,35.280
kenya,1966,37.880
kenya,1967,36.510
kenya,1968,34.600
kenya,1969,33.790
kenya,1970,20.544
kenya,1971,19.181
kenya,1972,20.069
kenya,1973,20.029
kenya,1974,19.596
kenya,1975,18.881
kenya,1976,20.844
kenya,1977,23.173
kenya,1978,20.014
kenya,1979,18.701
kenya,1980,17.221
kenya,1981,17.290
kenya,1982,18.068
kenya,1983,18.642
kenya,1984,18.415
kenya,1985,17.856
kenya,1986,17.967
kenya,1987,16.959
kenya,1988,16.843
kenya,1989,16.531
kenya,1990,15.593
kenya,1991,14.440
kenya,1992,14.350
kenya,1993,15.155
kenya,1994,14.799
kenya,1995,16.455
kenya,1996,15.614
kenya,1997,15.720
kenya,1998,15.741
kenya,1999,16.341
kenya,2000,16.317
kenya,2001,15.477
kenya,2002,14.368
kenya,2003,14.338
kenya,2004,13.852
kenya,2005,13.469
kenya,2006,13.232
kenya,2007,13.275
kenya,2008,14.314
kenya,2009,16.255
kenya,2010,17.568
kenya,2011,18.895
kenya,2012,18.706
kenya,2013,18.617
kenya,2014,18.348
kenya,2015,19.470
kenya,2016,20.035
kenya,2017,20.894
kenya,2018,20.315
kenya,2019,20.861
kenya,2020,22.703
kenya,2021,21.477
kenya,2022,21.166
kiribati,1970,12.486
kiribati,1971,11.470
kiribati,1972,12.631
kiribati,1973,12.308
kiribati,1974,8.5742
kiribati,1975,10.108
kiribati,1976,11.917
kiribati,1977,14.049
kiribati,1978,16.562
kiribati,1979,18.636
kiribati,1980,12.363
kiribati,1981,12.597
kiribati,1982,9.5668
kiribati,1983,14.261
kiribati,1984,22.242
kiribati,1985,14.448
kiribati,1986,9.3400
kiribati,1987,9.3831
kiribati,1988,17.348
kiribati,1989,12.949
kiribati,1990,7.3261
kiribati,1991,8.8660
kiribati,1992,37.154
kiribati,1993,35.226
kiribati,1994,34.586
kiribati,1995,34.216
kiribati,1996,31.601
kiribati,1997,29.283
kiribati,1998,27.299
kiribati,1999,26.812
kiribati,2000,21.494
kiribati,2001,22.599
kiribati,2002,21.816
kiribati,2003,22.487
kiribati,2004,22.992
kiribati,2005,20.292
kiribati,2006,22.009
kiribati,2007,23.112
kiribati,2008,24.693
kiribati,2009,26.611
kiribati,2010,24.192
kiribati,2011,25.218
kiribati,2012,24.414
kiribati,2013,23.118
kiribati,2014,23.990
kiribati,2015,21.681
kiribati,2016,26.340
kiribati,2017,30.497
kiribati,2018,25.345
kiribati,2019,25.868
kiribati,2020,26.469
kiribati,2021,23.109
kiribati,2022,25.149
kuwait,1970,0.19493
kuwait,1971,0.21708
kuwait,1972,0.20506
kuwait,1973,0.24953
kuwait,1974,0.13117
kuwait,1975,0.17217
kuwait,1976,0.18248
kuwait,1977,0.19743
kuwait,1978,0.23452
kuwait,1979,0.17544
kuwait,1980,0.19342
kuwait,1981,0.34096
kuwait,1982,0.37013
kuwait,1983,0.29591
kuwait,1984,0.43580
kuwait,1985,0.60465
kuwait,1986,0.76879
kuwait,1987,0.48131
kuwait,1988,0.48502
kuwait,1989,0.65799
kuwait,1990,0.88213
kuwait,1991,0.28745
kuwait,1992,0.25747
kuwait,1993,0.29042
kuwait,1994,0.42005
kuwait,1995,0.42902
kuwait,1996,0.39453
kuwait,1997,0.39101
kuwait,1998,0.44265
kuwait,1999,0.42530
kuwait,2000,0.35436
kuwait,2001,0.44860
kuwait,2002,0.51769
kuwait,2003,0.45560
kuwait,2004,0.39964
kuwait,2005,0.30094
kuwait,2006,0.23414
kuwait,2007,0.21485
kuwait,2008,0.15901
kuwait,2009,0.26233
kuwait,2010,0.45044
kuwait,2011,0.43752
kuwait,2012,0.35918
kuwait,2013,0.35431
kuwait,2014,0.45025
kuwait,2015,0.53781
kuwait,2016,0.51852
kuwait,2017,0.52499
kuwait,2018,0.44739
kuwait,2019,0.38453
kuwait,2020,0.45747
kuwait,2021,0.42980
kuwait,2022,0.42393
kyrgyzstan,1992,37.534
kyrgyzstan,1993,39.097
kyrgyzstan,1994,38.356
kyrgyzstan,1995,40.672
kyrgyzstan,1996,46.308
kyrgyzstan,1997,41.178
kyrgyzstan,1998,36.047
kyrgyzstan,1999,34.874
kyrgyzstan,2000,34.180
kyrgyzstan,2001,34.533
kyrgyzstan,2002,34.397
kyrgyzstan,2003,33.615
kyrgyzstan,2004,29.898
kyrgyzstan,2005,28.477
kyrgyzstan,2006,28.674
kyrgyzstan,2007,26.874
kyrgyzstan,2008,23.480
kyrgyzstan,2009,18.756
kyrgyzstan,2010,17.448
kyrgyzstan,2011,16.565
kyrgyzstan,2012,16.654
kyrgyzstan,2013,14.638
kyrgyzstan,2014,14.719
kyrgyzstan,2015,14.061
kyrgyzstan,2016,12.834
kyrgyzstan,2017,12.515
kyrgyzstan,2018,11.675
kyrgyzstan,2019,11.665
kyrgyzstan,2020,13.574
kyrgyzstan,2021,13.782
kyrgyzstan,2022,12.120
lao_people_s_democratic_republic,1970,41.344
lao_people_s_democratic_republic,1971,41.339
lao_people_s_democratic_republic,1972,41.335
lao_people_s_democratic_republic,1973,41.343
lao_people_s_democratic_republic,1974,41.368
lao_people_s_democratic_republic,1975,41.335
lao_people_s_democratic_republic,1976,41.314
lao_people_s_democratic_republic,1977,41.318
lao_people_s_democratic_republic,1978,41.379
lao_people_s_democratic_republic,1979,41.494
lao_people_s_democratic_republic,1980,41.172
lao_people_s_democratic_republic,1981,41.206
lao_people_s_democratic_republic,1982,41.338
lao_people_s_democratic_republic,1983,41.684
lao_people_s_democratic_republic,1984,42.070
lao_people_s_democratic_republic,1985,39.561
lao_people_s_democratic_republic,1986,41.379
lao_people_s_democratic_republic,1987,41.993
lao_people_s_democratic_republic,1988,43.415
lao_people_s_democratic_republic,1989,44.001
lao_people_s_democratic_republic,1990,44.602
lao_people_s_democratic_republic,1991,42.187
lao_people_s_democratic_republic,1992,42.885
lao_people_s_democratic_republic,1993,41.562
lao_people_s_democratic_republic,1994,42.305
lao_people_s_democratic_republic,1995,40.200
lao_people_s_democratic_republic,1996,38.861
lao_people_s_democratic_republic,1997,49.776
lao_people_s_democratic_republic,1998,32.441
lao_people_s_democratic_republic,1999,32.930
lao_people_s_democratic_republic,2000,32.197
lao_people_s_democratic_republic,2001,31.362
lao_people_s_democratic_republic,2002,30.785
lao_people_s_democratic_republic,2003,29.573
lao_people_s_democratic_republic,2004,28.029
lao_people_s_democratic_republic,2005,26.271
lao_people_s_democratic_republic,2006,25.595
lao_people_s_democratic_republic,2007,23.830
lao_people_s_democratic_republic,2008,22.962
lao_people_s_democratic_republic,2009,23.310
lao_people_s_democratic_republic,2010,22.022
lao_people_s_democratic_republic,2011,21.046
lao_people_s_democratic_republic,2012,18.548
lao_people_s_democratic_republic,2013,17.930
lao_people_s_democratic_republic,2014,17.849
lao_people_s_democratic_republic,2015,17.588
lao_people_s_democratic_republic,2016,17.230
lao_people_s_democratic_republic,2017,16.200
lao_people_s_democratic_republic,2018,15.710
lao_people_s_democratic_republic,2019,16.050
lao_people_s_democratic_republic,2020,16.485
lao_people_s_democratic_republic,2021,15.953
lao_people_s_democratic_republic,2022,17.827
latvia,1992,16.175
latvia,1993,10.507
latvia,1994,8.2390
latvia,1995,7.8417
latvia,1996,6.7605
latvia,1997,4.9672
latvia,1998,3.8206
latvia,1999,3.6579
latvia,2000,4.4653
latvia,2001,4.4135
latvia,2002,4.4988
latvia,2003,3.9353
latvia,2004,4.1969
latvia,2005,3.7233
latvia,2006,3.2560
latvia,2007,3.2839
latvia,2008,2.9548
latvia,2009,3.2098
latvia,2010,4.0573
latvia,2011,3.6879
latvia,2012,3.4547
latvia,2013,3.1737
latvia,2014,3.5408
latvia,2015,3.4947
latvia,2016,3.2595
latvia,2017,3.5524
latvia,2018,3.5952
latvia,2019,3.7597
latvia,2020,4.0018
latvia,2021,4.1364
latvia,2022,5.0220
lebanon,1970,3.7640
lebanon,1971,3.5525
lebanon,1972,4.0803
lebanon,1973,3.8476
lebanon,1974,3.8084
lebanon,1975,3.7789
lebanon,1976,3.9555
lebanon,1977,3.6909
lebanon,1978,3.6902
lebanon,1979,3.6915
lebanon,1980,3.9777
lebanon,1981,3.6931
lebanon,1982,3.6925
lebanon,1983,3.6939
lebanon,1984,3.6931
lebanon,1985,3.6913
lebanon,1986,3.6914
lebanon,1987,3.6754
lebanon,1988,3.7820
lebanon,1989,3.6560
lebanon,1990,3.6905
lebanon,1991,3.0289
lebanon,1992,4.3891
lebanon,1993,4.3981
lebanon,1994,5.0346
lebanon,1995,5.2557
lebanon,1996,4.9059
lebanon,1997,4.6056
lebanon,1998,4.2796
lebanon,1999,4.3889
lebanon,2000,4.5616
lebanon,2001,4.2704
lebanon,2002,4.0986
lebanon,2003,3.9017
lebanon,2004,3.8209
lebanon,2005,3.5796
lebanon,2006,4.4697
lebanon,2007,4.8928
lebanon,2008,4.5219
lebanon,2009,3.9509
lebanon,2010,3.8620
lebanon,2011,3.8046
lebanon,2012,3.7645
lebanon,2013,3.9554
lebanon,2014,4.0228
lebanon,2015,3.2847
lebanon,2016,2.7271
lebanon,2017,2.7929
lebanon,2018,3.2319
lebanon,2019,3.1691
lebanon,2020,8.9407
lebanon,2021,4.3628
lebanon,2022,4.4995
lesotho,1961,94.220
lesotho,1962,94.850
lesotho,1963,89.650
lesotho,1964,88.380
lesotho,1965,83.100
lesotho,1966,57.930
lesotho,1967,48.560
lesotho,1968,48.890
lesotho,1969,45.760
lesotho,1970,21.415
lesotho,1971,15.923
lesotho,1972,21.944
lesotho,1973,25.010
lesotho,1974,21.768
lesotho,1975,18.842
lesotho,1976,15.872
lesotho,1977,19.397
lesotho,1978,15.655
lesotho,1979,17.679
lesotho,1980,15.479
lesotho,1981,17.595
lesotho,1982,13.623
lesotho,1983,14.227
lesotho,1984,13.171
lesotho,1985,13.968
lesotho,1986,14.635
lesotho,1987,12.594
lesotho,1988,12.820
lesotho,1989,11.450
lesotho,1990,11.476
lesotho,1991,6.9214
lesotho,1992,8.4731
lesotho,1993,8.0238
lesotho,1994,8.3460
lesotho,1995,8.6765
lesotho,1996,7.5895
lesotho,1997,6.6118
lesotho,1998,8.0744
lesotho,1999,8.4229
lesotho,2000,7.6906
lesotho,2001,8.2683
lesotho,2002,6.4559
lesotho,2003,6.2971
lesotho,2004,6.0582
lesotho,2005,5.6999
lesotho,2006,5.0386
lesotho,2007,4.8900
lesotho,2008,4.8970
lesotho,2009,5.5035
lesotho,2010,4.8622
lesotho,2011,4.5440
lesotho,2012,4.8953
lesotho,2013,5.0644
lesotho,2014,3.9607
lesotho,2015,3.7819
lesotho,2016,4.9241
lesotho,2017,4.9636
lesotho,2018,4.2498
lesotho,2019,4.4638
lesotho,2020,5.3091
lesotho,2021,5.9696
lesotho,2022,6.1006
liberia,1970,23.149
liberia,1971,22.186
liberia,1972,20.558
liberia,1973,13.845
liberia,1974,14.491
liberia,1975,10.269
liberia,1976,12.379
liberia,1977,13.622
liberia,1978,15.290
liberia,1979,15.674
liberia,1980,17.347
liberia,1981,28.170
liberia,1982,26.050
liberia,1983,30.812
liberia,1984,33.517
liberia,1985,33.289
liberia,1986,33.128
liberia,1987,35.044
liberia,1988,35.569
liberia,1989,35.915
liberia,1990,50.424
liberia,1991,51.568
liberia,1992,47.554
liberia,1993,46.660
liberia,1994,48.616
liberia,1995,75.886
liberia,1996,73.744
liberia,1997,66.241
liberia,1998,67.415
liberia,1999,66.828
liberia,2000,67.049
liberia,2001,75.287
liberia,2002,76.335
liberia,2003,76.443
liberia,2004,71.537
liberia,2005,57.205
liberia,2006,54.573
liberia,2007,54.373
liberia,2008,53.134
liberia,2009,57.403
liberia,2010,49.458
liberia,2011,48.440
liberia,2012,55.825
liberia,2013,64.979
liberia,2014,79.688
liberia,2015,59.521
liberia,2016,64.416
liberia,2017,64.170
liberia,2018,64.485
liberia,2019,67.663
liberia,2020,73.690
liberia,2021,66.885
liberia,2022,67.379
libya,1970,2.5438
libya,1971,2.0724
libya,1972,2.4766
libya,1973,2.7289
libya,1974,1.7022
libya,1975,2.2405
libya,1976,2.0757
libya,1977,1.5954
libya,1978,2.1932
libya,1979,1.8280
libya,1980,1.7679
libya,1981,2.3246
libya,1982,2.4787
libya,1983,2.9586
libya,1984,3.2994
libya,1985,3.4955
libya,1986,4.8344
libya,1987,5.0173
libya,1988,7.6489
libya,1989,7.5945
libya,1990,7.5755
libya,1991,7.5555
libya,1992,7.6051
libya,1993,7.9138
libya,1994,7.3225
libya,1995,7.4809
libya,1996,7.4556
libya,1997,7.8528
libya,1998,9.4572
libya,1999,8.8110
libya,2000,6.9182
libya,2001,6.4041
libya,2002,4.4693
libya,2003,3.6306
libya,2004,2.7157
libya,2005,2.0777
libya,2006,1.5177
libya,2007,1.5414
libya,2008,1.3836
libya,2009,2.1581
libya,2010,1.7995
libya,2011,3.0577
libya,2012,1.8156
libya,2013,2.4155
libya,2014,3.5167
libya,2015,4.3863
libya,2016,4.6118
libya,2017,3.8748
libya,2018,3.6601
libya,2019,4.0888
libya,2020,3.8746
libya,2021,3.8745
libya,2022,3.9459
liechtenstein,1970,2.2077
liechtenstein,1971,2.2081
liechtenstein,1972,2.2081
liechtenstein,1973,2.2071
liechtenstein,1974,2.2092
liechtenstein,1975,2.2079
liechtenstein,1976,2.2040
liechtenstein,1977,2.2157
liechtenstein,1978,2.2041
liechtenstein,1979,2.1923
liechtenstein,1980,2.2505
liechtenstein,1981,2.1694
liechtenstein,1982,2.1571
liechtenstein,1983,2.1727
liechtenstein,1984,2.2913
liechtenstein,1985,2.1294
liechtenstein,1986,2.0439
liechtenstein,1987,2.0369
liechtenstein,1988,2.0403
liechtenstein,1989,2.0301
liechtenstein,1990,1.9031
liechtenstein,1991,1.7561
liechtenstein,1992,1.6164
liechtenstein,1993,1.4878
liechtenstein,1994,1.3831
liechtenstein,1995,1.3575
liechtenstein,1996,1.1658
liechtenstein,1997,1.1786
liechtenstein,1998,0.20641
liechtenstein,1999,0.17579
liechtenstein,2000,0.17050
liechtenstein,2001,0.15244
liechtenstein,2002,0.15459
liechtenstein,2003,0.14204
liechtenstein,2004,0.15735
liechtenstein,2005,0.13472
liechtenstein,2006,0.11970
liechtenstein,2007,0.11868
liechtenstein,2008,0.12589
liechtenstein,2009,0.12794
liechtenstein,2010,0.11243
liechtenstein,2011,0.12148
liechtenstein,2012,0.11490
liechtenstein,2013,0.11653
liechtenstein,2014,0.12314
liechtenstein,2015,0.11042
liechtenstein,2016,0.11552
liechtenstein,2017,0.13490
liechtenstein,2018,0.13905
liechtenstein,2019,0.13914
liechtenstein,2020,0.21117
liechtenstein,2021,0.16605
liechtenstein,2022,0.17212
lithuania,1992,12.358
lithuania,1993,13.154
lithuania,1994,9.5660
lithuania,1995,9.8795
lithuania,1996,10.942
lithuania,1997,9.4219
lithuania,1998,7.6621
lithuania,1999,6.3829
lithuania,2000,5.5861
lithuania,2001,4.8743
lithuania,2002,4.7751
lithuania,2003,4.4229
lithuania,2004,4.1729
lithuania,2005,4.3285
lithuania,2006,3.8642
lithuania,2007,3.4754
lithuania,2008,3.2839
lithuania,2009,2.5365
lithuania,2010,3.0238
lithuania,2011,3.4902
lithuania,2012,3.9795
lithuania,2013,3.5449
lithuania,2014,3.4232
lithuania,2015,3.4207
lithuania,2016,3.1088
lithuania,2017,3.5075
lithuania,2018,2.8796
lithuania,2019,3.1002
lithuania,2020,3.5133
lithuania,2021,3.3963
lithuania,2022,3.9743
luxembourg,1970,2.7194
luxembourg,1971,2.6628
luxembourg,1972,2.8027
luxembourg,1973,2.7161
luxembourg,1974,2.1067
luxembourg,1975,2.3381
luxembourg,1976,1.9104
luxembourg,1977,2.0448
luxembourg,1978,2.1290
luxembourg,1979,2.0289
luxembourg,1980,1.7907
luxembourg,1981,1.8891
luxembourg,1982,2.3318
luxembourg,1983,1.9356
luxembourg,1984,1.8064
luxembourg,1985,1.8878
luxembourg,1986,1.7444
luxembourg,1987,1.6098
luxembourg,1988,1.5027
luxembourg,1989,1.4714
luxembourg,1990,1.3098
luxembourg,1991,0.95796
luxembourg,1992,1.0066
luxembourg,1993,0.95906
luxembourg,1994,0.89513
luxembourg,1995,0.93463
luxembourg,1996,0.81488
luxembourg,1997,0.71151
luxembourg,1998,0.77730
luxembourg,1999,0.71356
luxembourg,2000,0.59687
luxembourg,2001,0.56029
luxembourg,2002,0.69066
luxembourg,2003,0.46424
luxembourg,2004,0.53543
luxembourg,2005,0.35650
luxembourg,2006,0.31176
luxembourg,2007,0.36322
luxembourg,2008,0.30778
luxembourg,2009,0.23333
luxembourg,2010,0.26841
luxembourg,2011,0.25111
luxembourg,2012,0.28795
luxembourg,2013,0.26191
luxembourg,2014,0.28955
luxembourg,2015,0.22373
luxembourg,2016,0.21420
luxembourg,2017,0.23457
luxembourg,2018,0.23465
luxembourg,2019,0.21537
luxembourg,2020,0.19909
luxembourg,2021,0.19065
luxembourg,2022,0.24134
madagascar,1966,25.020
madagascar,1967,25.160
madagascar,1968,24.280
madagascar,1969,23.920
madagascar,1970,31.198
madagascar,1971,31.187
madagascar,1972,32.417
madagascar,1973,34.706
madagascar,1974,43.553
madagascar,1975,43.325
madagascar,1976,42.363
madagascar,1977,41.826
madagascar,1978,40.647
madagascar,1979,37.648
madagascar,1980,38.073
madagascar,1981,41.905
madagascar,1982,43.364
madagascar,1983,45.355
madagascar,1984,44.711
madagascar,1985,43.989
madagascar,1986,38.163
madagascar,1987,36.390
madagascar,1988,34.235
madagascar,1989,34.551
madagascar,1990,33.999
madagascar,1991,35.437
madagascar,1992,35.653
madagascar,1993,36.822
madagascar,1994,42.600
madagascar,1995,35.480
madagascar,1996,34.483
madagascar,1997,33.953
madagascar,1998,32.706
madagascar,1999,31.965
madagascar,2000,30.801
madagascar,2001,29.946
madagascar,2002,34.719
madagascar,2003,31.154
madagascar,2004,30.469
madagascar,2005,29.890
madagascar,2006,29.244
madagascar,2007,28.067
madagascar,2008,27.053
madagascar,2009,30.465
madagascar,2010,29.078
madagascar,2011,29.050
madagascar,2012,28.001
madagascar,2013,26.493
madagascar,2014,25.845
madagascar,2015,25.743
madagascar,2016,25.133
madagascar,2017,24.550
madagascar,2018,23.973
madagascar,2019,22.956
madagascar,2020,25.121
madagascar,2021,23.188
madagascar,2022,22.397
malawi,1961,50.290
malawi,1962,50.320
malawi,1963,50.950
malawi,1964,49.780
malawi,1965,49.940
malawi,1966,47.310
malawi,1967,46.440
malawi,1968,44.660
malawi,1969,44.270
malawi,1970,81.154
malawi,1971,80.164
malawi,1972,79.940
malawi,1973,60.615
malawi,1974,60.206
malawi,1975,57.050
malawi,1976,59.360
malawi,1977,63.746
malawi,1978,57.416
malawi,1979,59.586
malawi,1980,51.818
malawi,1981,44.175
malawi,1982,44.354
malawi,1983,43.506
malawi,1984,45.407
malawi,1985,43.006
malawi,1986,41.387
malawi,1987,40.287
malawi,1988,41.708
malawi,1989,42.198
malawi,1990,44.440
malawi,1991,46.431
malawi,1992,37.202
malawi,1993,49.906
malawi,1994,24.051
malawi,1995,29.505
malawi,1996,34.801
malawi,1997,32.612
malawi,1998,35.651
malawi,1999,37.835
malawi,2000,39.279
malawi,2001,38.844
malawi,2002,38.818
malawi,2003,36.223
malawi,2004,34.714
malawi,2005,32.915
malawi,2006,30.867
malawi,2007,27.511
malawi,2008,29.976
malawi,2009,30.429
malawi,2010,29.615
malawi,2011,27.937
malawi,2012,28.223
malawi,2013,27.402
malawi,2014,26.618
malawi,2015,24.767
malawi,2016,23.407
malawi,2017,22.926
malawi,2018,21.633
malawi,2019,22.947
malawi,2020,25.015
malawi,2021,25.533
malawi,2022,27.598
malaysia,1961,45.380
malaysia,1962,42.970
malaysia,1963,35.120
malaysia,1964,33.270
malaysia,1965,31.010
malaysia,1966,31.540
malaysia,1967,31.600
malaysia,1968,31.340
malaysia,1969,33.140
malaysia,1970,28.816
malaysia,1971,27.997
malaysia,1972,28.262
malaysia,1973,28.510
malaysia,1974,32.465
malaysia,1975,30.717
malaysia,1976,29.402
malaysia,1977,28.214
malaysia,1978,25.110
malaysia,1979,24.875
malaysia,1980,23.027
malaysia,1981,21.821
malaysia,1982,21.502
malaysia,1983,18.730
malaysia,1984,20.346
malaysia,1985,20.281
malaysia,1986,20.185
malaysia,1987,19.961
malaysia,1988,20.071
malaysia,1989,18.082
malaysia,1990,15.217
malaysia,1991,14.356
malaysia,1992,14.572
malaysia,1993,13.787
malaysia,1994,13.661
malaysia,1995,12.949
malaysia,1996,11.680
malaysia,1997,11.101
malaysia,1998,13.312
malaysia,1999,10.842
malaysia,2000,8.5990
malaysia,2001,8.0110
malaysia,2002,8.9851
malaysia,2003,9.3061
malaysia,2004,9.2710
malaysia,2005,8.2623
malaysia,2006,8.6100
malaysia,2007,9.9868
malaysia,2008,9.9686
malaysia,2009,9.2191
malaysia,2010,10.090
malaysia,2011,11.453
malaysia,2012,9.7938
malaysia,2013,9.1134
malaysia,2014,8.8732
malaysia,2015,8.2875
malaysia,2016,8.4625
malaysia,2017,8.5983
malaysia,2018,7.5121
malaysia,2019,7.2413
malaysia,2020,8.1685
malaysia,2021,9.5882
malaysia,2022,8.9279
maldives,1970,18.404
maldives,1971,18.949
maldives,1972,19.077
maldives,1973,18.628
maldives,1974,17.961
maldives,1975,17.406
maldives,1976,21.675
maldives,1977,19.713
maldives,1978,16.387
maldives,1979,14.626
maldives,1980,14.627
maldives,1981,14.124
maldives,1982,13.652
maldives,1983,12.143
maldives,1984,10.333
maldives,1985,10.526
maldives,1986,9.9692
maldives,1987,9.7149
maldives,1988,9.4128
maldives,1989,9.1068
maldives,1990,8.5946
maldives,1991,8.5151
maldives,1992,7.8340
maldives,1993,7.3043
maldives,1994,6.9997
maldives,1995,6.6022
maldives,1996,6.2395
maldives,1997,5.8296
maldives,1998,5.8170
maldives,1999,5.6700
maldives,2000,5.4146
maldives,2001,6.1914
maldives,2002,6.0116
maldives,2003,5.3112
maldives,2004,5.5842
maldives,2005,7.7280
maldives,2006,6.5952
maldives,2007,6.1654
maldives,2008,6.8756
maldives,2009,5.4195
maldives,2010,5.6341
maldives,2011,5.3856
maldives,2012,5.1906
maldives,2013,5.4134
maldives,2014,5.3072
maldives,2015,5.5336
maldives,2016,5.6286
maldives,2017,5.2711
maldives,2018,5.1240
maldives,2019,4.4940
maldives,2020,7.5749
maldives,2021,5.3078
maldives,2022,4.9236
mali,1967,69.060
mali,1968,64.960
mali,1969,64.460
mali,1970,84.913
mali,1971,83.808
mali,1972,81.927
mali,1973,75.784
mali,1974,68.872
mali,1975,89.074
mali,1976,81.510
mali,1977,78.366
mali,1978,74.411
mali,1979,81.018
mali,1980,57.953
mali,1981,56.302
mali,1982,54.810
mali,1983,50.978
mali,1984,48.014
mali,1985,36.439
mali,1986,40.203
mali,1987,42.810
mali,1988,42.643
mali,1989,44.965
mali,1990,43.705
mali,1991,45.975
mali,1992,41.780
mali,1993,43.161
mali,1994,39.065
mali,1995,37.343
mali,1996,36.410
mali,1997,35.448
mali,1998,34.840
mali,1999,34.979
mali,2000,32.397
mali,2001,32.331
mali,2002,32.178
mali,2003,29.269
mali,2004,29.406
mali,2005,31.378
mali,2006,28.925
mali,2007,30.288
mali,2008,32.066
mali,2009,31.263
mali,2010,32.325
mali,2011,34.057
mali,2012,37.534
mali,2013,36.194
mali,2014,36.845
mali,2015,37.232
mali,2016,36.873
mali,2017,36.890
mali,2018,37.096
mali,2019,36.785
mali,2020,35.675
mali,2021,35.168
mali,2022,35.954
malta,1970,5.6638
malta,1971,5.7571
malta,1972,6.0122
malta,1973,5.8513
malta,1974,5.8354
malta,1975,5.1334
malta,1976,5.1860
malta,1977,4.9685
malta,1978,3.7795
malta,1979,3.2695
malta,1980,3.1323
malta,1981,3.1832
malta,1982,3.3545
malta,1983,3.7821
malta,1984,3.8767
malta,1985,3.7607
malta,1986,3.6855
malta,1987,3.6050
malta,1988,3.2156
malta,1989,3.0819
malta,1990,2.8338
malta,1991,2.6838
malta,1992,2.4849
malta,1993,2.4663
malta,1994,2.3028
malta,1995,2.2582
malta,1996,2.2597
malta,1997,2.2291
malta,1998,2.3571
malta,1999,2.1852
malta,2000,1.8721
malta,2001,2.1967
malta,2002,2.1332
malta,2003,1.9616
malta,2004,1.8954
malta,2005,1.8402
malta,2006,1.8695
malta,2007,1.8302
malta,2008,1.0601
malta,2009,1.4387
malta,2010,1.2656
malta,2011,0.99191
malta,2012,1.0556
malta,2013,1.0699
malta,2014,1.0042
malta,2015,0.92331
malta,2016,0.92685
malta,2017,0.66686
malta,2018,0.66544
malta,2019,0.46550
malta,2020,0.76383
malta,2021,0.88867
malta,2022,0.93885
marshall_islands,1970,8.9594
marshall_islands,1971,8.9594
marshall_islands,1972,8.9594
marshall_islands,1973,8.9594
marshall_islands,1974,8.9594
marshall_islands,1975,8.9594
marshall_islands,1976,8.9594
marshall_islands,1977,8.9594
marshall_islands,1978,8.9593
marshall_islands,1979,8.9594
marshall_islands,1980,8.9597
marshall_islands,1981,8.9587
marshall_islands,1982,8.9599
marshall_islands,1983,8.9603
marshall_islands,1984,8.9558
marshall_islands,1985,8.9636
marshall_islands,1986,8.9616
marshall_islands,1987,8.9423
marshall_islands,1988,8.9870
marshall_islands,1989,8.9556
marshall_islands,1990,8.8842
marshall_islands,1991,9.1211
marshall_islands,1992,8.7405
marshall_islands,1993,8.4350
marshall_islands,1994,10.054
marshall_islands,1995,9.2720
marshall_islands,1996,8.5991
marshall_islands,1997,8.6150
marshall_islands,1998,7.4901
marshall_islands,1999,7.9598
marshall_islands,2000,8.0452
marshall_islands,2001,7.4121
marshall_islands,2002,6.4471
marshall_islands,2003,6.8617
marshall_islands,2004,7.2167
marshall_islands,2005,7.1381
marshall_islands,2006,7.0897
marshall_islands,2007,7.3749
marshall_islands,2008,8.8457
marshall_islands,2009,9.6096
marshall_islands,2010,10.641
marshall_islands,2011,13.956
marshall_islands,2012,17.918
marshall_islands,2013,15.948
marshall_islands,2014,12.099
marshall_islands,2015,12.520
marshall_islands,2016,12.880
marshall_islands,2017,16.022
marshall_islands,2018,16.481
marshall_islands,2019,18.452
marshall_islands,2020,20.258
marshall_islands,2021,25.299
marshall_islands,2022,19.302
mauritania,1961,43.370
mauritania,1962,43.020
mauritania,1963,43.840
mauritania,1964,34.950
mauritania,1965,32.200
mauritania,1966,31.730
mauritania,1967,32.170
mauritania,1968,31.480
mauritania,1969,27.810
mauritania,1970,36.062
mauritania,1971,34.537
mauritania,1972,33.892
mauritania,1973,29.616
mauritania,1974,32.243
mauritania,1975,32.727
mauritania,1976,33.242
mauritania,1977,29.419
mauritania,1978,32.296
mauritania,1979,37.292
mauritania,1980,42.261
mauritania,1981,46.194
mauritania,1982,40.062
mauritania,1983,34.236
mauritania,1984,24.165
mauritania,1985,24.535
mauritania,1986,31.284
mauritania,1987,38.036
mauritania,1988,38.406
mauritania,1989,38.038
mauritania,1990,33.978
mauritania,1991,33.949
mauritania,1992,33.016
mauritania,1993,31.942
mauritania,1994,31.579
mauritania,1995,30.753
mauritania,1996,29.435
mauritania,1997,27.106
mauritania,1998,25.941
mauritania,1999,26.277
mauritania,2000,24.829
mauritania,2001,24.869
mauritania,2002,24.230
mauritania,2003,24.179
mauritania,2004,22.918
mauritania,2005,20.070
mauritania,2006,16.607
mauritania,2007,18.433
mauritania,2008,18.559
mauritania,2009,19.178
mauritania,2010,16.733
mauritania,2011,14.516
mauritania,2012,16.086
mauritania,2013,16.283
mauritania,2014,18.814
mauritania,2015,20.630
mauritania,2016,21.739
mauritania,2017,22.719
mauritania,2018,23.656
mauritania,2019,21.652
mauritania,2020,19.618
mauritania,2021,18.579
mauritania,2022,18.729
mauritius,1970,19.443
mauritius,1971,20.661
mauritius,1972,22.813
mauritius,1973,24.994
mauritius,1974,38.443
mauritius,1975,28.287
mauritius,1976,19.510
mauritius,1977,16.882
mauritius,1978,15.275
mauritius,1979,15.675
mauritius,1980,10.283
mauritius,1981,12.047
mauritius,1982,12.768
mauritius,1983,11.154
mauritius,1984,11.726
mauritius,1985,12.411
mauritius,1986,12.198
mauritius,1987,11.504
mauritius,1988,10.417
mauritius,1989,10.004
mauritius,1990,9.8358
mauritius,1991,9.1167
mauritius,1992,9.0484
mauritius,1993,8.2066
mauritius,1994,7.7375
mauritius,1995,8.2289
mauritius,1996,8.1812
mauritius,1997,7.4999
mauritius,1998,7.3366
mauritius,1999,4.7850
mauritius,2000,5.4641
mauritius,2001,5.8877
mauritius,2002,4.9716
mauritius,2003,4.9588
mauritius,2004,5.0530
mauritius,2005,4.7672
mauritius,2006,4.9064
mauritius,2007,4.3760
mauritius,2008,4.0749
mauritius,2009,3.8806
mauritius,2010,3.6417
mauritius,2011,3.7036
mauritius,2012,3.6573
mauritius,2013,3.3306
mauritius,2014,3.1919
mauritius,2015,3.0720
mauritius,2016,3.0973
mauritius,2017,2.9947
mauritius,2018,2.5640
mauritius,2019,2.7072
mauritius,2020,3.1438
mauritius,2021,3.2801
mauritius,2022,3.3905
mexico,1965,13.740
mexico,1966,12.600
mexico,1967,12.290
mexico,1968,11.450
mexico,1969,10.950
mexico,1970,10.058
mexico,1971,10.009
mexico,1972,9.1365
mexico,1973,9.5971
mexico,1974,9.5448
mexico,1975,9.2427
mexico,1976,8.8042
mexico,1977,8.6932
mexico,1978,8.4619
mexico,1979,7.5699
mexico,1980,6.8945
mexico,1981,6.8753
mexico,1982,6.1501
mexico,1983,6.5202
mexico,1984,7.1982
mexico,1985,7.6094
mexico,1986,7.8950
mexico,1987,7.2882
mexico,1988,6.5820
mexico,1989,6.4426
mexico,1990,6.5213
mexico,1991,6.2595
mexico,1992,5.5606
mexico,1993,4.7942
mexico,1994,4.3638
mexico,1995,4.1306
mexico,1996,4.5799
mexico,1997,4.2189
mexico,1998,3.9076
mexico,1999,3.4902
mexico,2000,3.1593
mexico,2001,3.2255
mexico,2002,3.1104
mexico,2003,3.2074
mexico,2004,3.1859
mexico,2005,2.9457
mexico,2006,2.9430
mexico,2007,3.0419
mexico,2008,3.0288
mexico,2009,3.1006
mexico,2010,3.0920
mexico,2011,2.9757
mexico,2012,3.0487
mexico,2013,3.0245
mexico,2014,3.0271
mexico,2015,3.0852
mexico,2016,3.2463
mexico,2017,3.2975
mexico,2018,3.2970
mexico,2019,3.3122
mexico,2020,3.7119
mexico,2021,3.7919
mexico,2022,3.9052
micronesia_federated_states_of,1970,23.566
micronesia_federated_states_of,1971,23.566
micronesia_federated_states_of,1972,23.566
micronesia_federated_states_of,1973,23.566
micronesia_federated_states_of,1974,23.566
micronesia_federated_states_of,1975,23.566
micronesia_federated_states_of,1976,23.566
micronesia_federated_states_of,1977,23.566
micronesia_federated_states_of,1978,23.566
micronesia_federated_states_of,1979,23.566
micronesia_federated_states_of,1980,23.566
micronesia_federated_states_of,1981,23.566
micronesia_federated_states_of,1982,23.565
micronesia_federated_states_of,1983,23.566
micronesia_federated_states_of,1984,23.566
micronesia_federated_states_of,1985,23.564
micronesia_federated_states_of,1986,23.567
micronesia_federated_states_of,1987,23.567
micronesia_federated_states_of,1988,23.559
micronesia_federated_states_of,1989,23.574
micronesia_federated_states_of,1990,23.569
micronesia_federated_states_of,1991,23.532
micronesia_federated_states_of,1992,23.622
micronesia_federated_states_of,1993,23.555
micronesia_federated_states_of,1994,23.420
micronesia_federated_states_of,1995,23.891
micronesia_federated_states_of,1996,23.353
micronesia_federated_states_of,1997,23.014
micronesia_federated_states_of,1998,25.372
micronesia_federated_states_of,1999,23.683
micronesia_federated_states_of,2000,24.145
micronesia_federated_states_of,2001,23.208
micronesia_federated_states_of,2002,23.393
micronesia_federated_states_of,2003,23.314
micronesia_federated_states_of,2004,21.928
micronesia_federated_states_of,2005,22.394
micronesia_federated_states_of,2006,22.355
micronesia_federated_states_of,2007,24.982
micronesia_federated_states_of,2008,26.201
micronesia_federated_states_of,2009,25.032
micronesia_federated_states_of,2010,24.746
micronesia_federated_states_of,2011,26.366
micronesia_federated_states_of,2012,28.107
micronesia_federated_states_of,2013,26.412
micronesia_federated_states_of,2014,24.903
micronesia_federated_states_of,2015,26.202
micronesia_federated_states_of,2016,27.167
micronesia_federated_states_of,2017,27.630
micronesia_federated_states_of,2018,22.512
micronesia_federated_states_of,2019,23.254
micronesia_federated_states_of,2020,22.102
micronesia_federated_states_of,2021,22.276
micronesia_federated_states_of,2022,22.464
mongolia,1970,9.1766
mongolia,1971,9.1787
mongolia,1972,9.1756
mongolia,1973,9.1756
mongolia,1974,9.1849
mongolia,1975,9.1663
mongolia,1976,9.1754
mongolia,1977,9.2129
mongolia,1978,9.1106
mongolia,1979,9.2027
mongolia,1980,9.3239
mongolia,1981,8.8005
mongolia,1982,9.4856
mongolia,1983,9.6615
mongolia,1984,8.9594
mongolia,1985,8.4973
mongolia,1986,9.6863
mongolia,1987,8.4849
mongolia,1988,8.5127
mongolia,1989,9.1166
mongolia,1990,9.2825
mongolia,1991,8.9470
mongolia,1992,20.711
mongolia,1993,20.496
mongolia,1994,22.292
mongolia,1995,26.710
mongolia,1996,31.705
mongolia,1997,26.482
mongolia,1998,26.325
mongolia,1999,25.846
mongolia,2000,22.508
mongolia,2001,18.758
mongolia,2002,15.208
mongolia,2003,14.654
mongolia,2004,16.311
mongolia,2005,16.271
mongolia,2006,14.591
mongolia,2007,15.269
mongolia,2008,15.815
mongolia,2009,14.785
mongolia,2010,11.733
mongolia,2011,10.307
mongolia,2012,11.258
mongolia,2013,13.414
mongolia,2014,13.341
mongolia,2015,14.079
mongolia,2016,12.628
mongolia,2017,11.137
mongolia,2018,11.428
mongolia,2019,11.558
mongolia,2020,12.966
mongolia,2021,13.163
mongolia,2022,13.028
montenegro,2006,8.2114
montenegro,2007,7.2291
montenegro,2008,7.4405
montenegro,2009,8.2682
montenegro,2010,7.6781
montenegro,2011,8.0729
montenegro,2012,7.4525
montenegro,2013,8.0347
montenegro,2014,8.0998
montenegro,2015,8.0612
montenegro,2016,7.4682
montenegro,2017,6.8539
montenegro,2018,6.7322
montenegro,2019,6.3938
montenegro,2020,7.5549
montenegro,2021,6.4615
montenegro,2022,6.0440
morocco,1970,18.548
morocco,1971,20.720
morocco,1972,19.769
morocco,1973,19.390
morocco,1974,19.229
morocco,1975,16.666
morocco,1976,17.928
morocco,1977,15.243
morocco,1978,17.618
morocco,1979,16.681
morocco,1980,17.146
morocco,1981,12.023
morocco,1982,14.245
morocco,1983,14.109
morocco,1984,13.959
morocco,1985,15.450
morocco,1986,17.806
morocco,1987,14.328
morocco,1988,16.097
morocco,1989,16.014
morocco,1990,16.475
morocco,1991,18.701
morocco,1992,14.318
morocco,1993,13.667
morocco,1994,17.245
morocco,1995,13.598
morocco,1996,17.962
morocco,1997,14.366
morocco,1998,16.019
morocco,1999,13.827
morocco,2000,11.865
morocco,2001,13.133
morocco,2002,13.130
morocco,2003,13.847
morocco,2004,13.115
morocco,2005,11.779
morocco,2006,13.538
morocco,2007,10.863
morocco,2008,11.765
morocco,2009,12.612
morocco,2010,12.325
morocco,2011,12.270
morocco,2012,11.320
morocco,2013,12.115
morocco,2014,10.353
morocco,2015,11.796
morocco,2016,10.322
morocco,2017,11.160
morocco,2018,11.306
morocco,2019,10.842
morocco,2020,10.664
morocco,2021,11.996
morocco,2022,10.332
mozambique,1970,32.999
mozambique,1971,33.006
mozambique,1972,33.007
mozambique,1973,32.984
mozambique,1974,33.028
mozambique,1975,33.008
mozambique,1976,32.915
mozambique,1977,33.162
mozambique,1978,32.948
mozambique,1979,32.635
mozambique,1980,33.901
mozambique,1981,32.308
mozambique,1982,31.696
mozambique,1983,35.520
mozambique,1984,29.022
mozambique,1985,47.616
mozambique,1986,41.809
mozambique,1987,42.172
mozambique,1988,40.072
mozambique,1989,43.136
mozambique,1990,33.736
mozambique,1991,33.936
mozambique,1992,29.715
mozambique,1993,33.098
mozambique,1994,30.168
mozambique,1995,31.347
mozambique,1996,30.954
mozambique,1997,30.182
mozambique,1998,26.986
mozambique,1999,22.798
mozambique,2000,19.039
mozambique,2001,18.226
mozambique,2002,22.734
mozambique,2003,22.723
mozambique,2004,22.490
mozambique,2005,22.921
mozambique,2006,24.113
mozambique,2007,24.016
mozambique,2008,26.846
mozambique,2009,27.911
mozambique,2010,27.309
mozambique,2011,26.485
mozambique,2012,25.518
mozambique,2013,24.253
mozambique,2014,24.655
mozambique,2015,23.566
mozambique,2016,23.627
mozambique,2017,26.075
mozambique,2018,25.543
mozambique,2019,24.770
mozambique,2020,26.882
mozambique,2021,26.895
mozambique,2022,26.726
myanmar,1965,35.100
myanmar,1966,34.400
myanmar,1967,37.700
myanmar,1968,39.810
myanmar,1969,38.570
myanmar,1970,40.809
myanmar,1971,40.701
myanmar,1972,40.892
myanmar,1973,43.257
myanmar,1974,45.638
myanmar,1975,47.071
myanmar,1976,46.625
myanmar,1977,44.935
myanmar,1978,44.207
myanmar,1979,45.858
myanmar,1980,46.543
myanmar,1981,47.412
myanmar,1982,47.679
myanmar,1983,47.590
myanmar,1984,48.127
myanmar,1985,48.193
myanmar,1986,50.202
myanmar,1987,55.300
myanmar,1988,57.368
myanmar,1989,57.008
myanmar,1990,57.259
myanmar,1991,58.826
myanmar,1992,60.507
myanmar,1993,63.009
myanmar,1994,62.961
myanmar,1995,59.986
myanmar,1996,60.089
myanmar,1997,59.447
myanmar,1998,59.050
myanmar,1999,59.913
myanmar,2000,57.239
myanmar,2001,57.069
myanmar,2002,54.528
myanmar,2003,50.621
myanmar,2004,48.165
myanmar,2005,46.687
myanmar,2006,43.919
myanmar,2007,43.323
myanmar,2008,40.275
myanmar,2009,38.108
myanmar,2010,36.853
myanmar,2011,32.496
myanmar,2012,30.590
myanmar,2013,29.534
myanmar,2014,27.830
myanmar,2015,26.772
myanmar,2016,25.777
myanmar,2017,23.905
myanmar,2018,22.127
myanmar,2019,21.128
myanmar,2020,21.775
myanmar,2021,22.785
myanmar,2022,22.411
namibia,1970,8.3422
namibia,1971,8.3391
namibia,1972,8.3410
namibia,1973,8.3467
namibia,1974,8.3297
namibia,1975,8.3466
namibia,1976,8.3637
namibia,1977,8.2787
namibia,1978,8.3973
namibia,1979,8.4153
namibia,1980,8.0234
namibia,1981,8.7411
namibia,1982,8.4585
namibia,1983,8.0587
namibia,1984,7.9332
namibia,1985,7.3920
namibia,1986,7.7479
namibia,1987,9.1350
namibia,1988,9.1650
namibia,1989,8.4580
namibia,1990,9.0554
namibia,1991,9.9733
namibia,1992,7.0833
namibia,1993,7.4203
namibia,1994,10.129
namibia,1995,9.4474
namibia,1996,9.3299
namibia,1997,8.5102
namibia,1998,8.5886
namibia,1999,8.7662
namibia,2000,10.731
namibia,2001,9.6755
namibia,2002,10.039
namibia,2003,10.215
namibia,2004,8.9398
namibia,2005,10.368
namibia,2006,9.6465
namibia,2007,8.4407
namibia,2008,7.5317
namibia,2009,8.1481
namibia,2010,8.4554
namibia,2011,8.1136
namibia,2012,8.0545
namibia,2013,7.8215
namibia,2014,8.1389
namibia,2015,6.6504
namibia,2016,6.7201
namibia,2017,7.6762
namibia,2018,7.7683
namibia,2019,7.0840
namibia,2020,9.1582
namibia,2021,9.4904
namibia,2022,8.5840
nauru,1970,5.9646
nauru,1971,6.3707
nauru,1972,7.3127
nauru,1973,5.9819
nauru,1974,6.0695
nauru,1975,6.9522
nauru,1976,7.7666
nauru,1977,7.2969
nauru,1978,6.2589
nauru,1979,6.3968
nauru,1980,6.0122
nauru,1981,6.7118
nauru,1982,6.8164
nauru,1983,6.3253
nauru,1984,6.7123
nauru,1985,6.4424
nauru,1986,6.4003
nauru,1987,6.5174
nauru,1988,6.2017
nauru,1989,6.7069
nauru,1990,7.0678
nauru,1991,7.5136
nauru,1992,6.7928
nauru,1993,6.4092
nauru,1994,6.7433
nauru,1995,6.9448
nauru,1996,6.6838
nauru,1997,6.6880
nauru,1998,6.3894
nauru,1999,4.9550
nauru,2000,5.6662
nauru,2001,7.2173
nauru,2002,8.3966
nauru,2003,7.8024
nauru,2004,7.2151
nauru,2005,7.7839
nauru,2006,7.7699
nauru,2007,9.2686
nauru,2008,5.2493
nauru,2009,4.0690
nauru,2010,4.3807
nauru,2011,3.0695
nauru,2012,2.2293
nauru,2013,2.5170
nauru,2014,2.3552
nauru,2015,2.3671
nauru,2016,2.4131
nauru,2017,2.3785
nauru,2018,2.3862
nauru,2019,2.3926
nauru,2020,2.3858
nauru,2021,2.3882
nauru,2022,2.3889
nepal,1965,65.500
nepal,1966,70.510
nepal,1967,67.190
nepal,1968,68.420
nepal,1969,67.790
nepal,1970,66.544
nepal,1971,66.513
nepal,1972,67.520
nepal,1973,65.011
nepal,1974,68.086
nepal,1975,66.222
nepal,1976,63.420
nepal,1977,57.696
nepal,1978,56.494
nepal,1979,57.735
nepal,1980,55.563
nepal,1981,54.547
nepal,1982,54.861
nepal,1983,54.239
nepal,1984,54.986
nepal,1985,46.886
nepal,1986,46.724
nepal,1987,46.016
nepal,1988,45.863
nepal,1989,45.765
nepal,1990,46.834
nepal,1991,44.142
nepal,1992,41.828
nepal,1993,39.226
nepal,1994,38.810
nepal,1995,37.466
nepal,1996,37.357
nepal,1997,37.216
nepal,1998,35.884
nepal,1999,37.140
nepal,2000,36.701
nepal,2001,35.248
nepal,2002,35.686
nepal,2003,34.210
nepal,2004,33.357
nepal,2005,32.120
nepal,2006,30.341
nepal,2007,28.838
nepal,2008,27.684
nepal,2009,28.245
nepal,2010,29.535
nepal,2011,30.806
nepal,2012,30.076
nepal,2013,28.623
nepal,2014,27.462
nepal,2015,26.519
nepal,2016,25.518
nepal,2017,23.700
nepal,2018,22.335
nepal,2019,21.583
nepal,2020,22.180
nepal,2021,22.021
nepal,2022,21.061
netherlands_kingdom_of_the,1969,6.4220
netherlands_kingdom_of_the,1970,5.1678
netherlands_kingdom_of_the,1971,4.8021
netherlands_kingdom_of_the,1972,4.7471
netherlands_kingdom_of_the,1973,4.6486
netherlands_kingdom_of_the,1974,4.1244
netherlands_kingdom_of_the,1975,4.3095
netherlands_kingdom_of_the,1976,4.2954
netherlands_kingdom_of_the,1977,3.6234
netherlands_kingdom_of_the,1978,3.5089
netherlands_kingdom_of_the,1979,3.4979
netherlands_kingdom_of_the,1980,3.4450
netherlands_kingdom_of_the,1981,3.8670
netherlands_kingdom_of_the,1982,3.9743
netherlands_kingdom_of_the,1983,3.8020
netherlands_kingdom_of_the,1984,3.7783
netherlands_kingdom_of_the,1985,3.7994
netherlands_kingdom_of_the,1986,3.9230
netherlands_kingdom_of_the,1987,3.8767
netherlands_kingdom_of_the,1988,3.8296
netherlands_kingdom_of_the,1989,4.1444
netherlands_kingdom_of_the,1990,4.0122
netherlands_kingdom_of_the,1991,3.9005
netherlands_kingdom_of_the,1992,3.6383
netherlands_kingdom_of_the,1993,3.1859
netherlands_kingdom_of_the,1994,3.2128
netherlands_kingdom_of_the,1995,3.1043
netherlands_kingdom_of_the,1996,2.8773
netherlands_kingdom_of_the,1997,2.9679
netherlands_kingdom_of_the,1998,2.5570
netherlands_kingdom_of_the,1999,2.3297
netherlands_kingdom_of_the,2000,2.2986
netherlands_kingdom_of_the,2001,2.2246
netherlands_kingdom_of_the,2002,2.0777
netherlands_kingdom_of_the,2003,2.0598
netherlands_kingdom_of_the,2004,1.8663
netherlands_kingdom_of_the,2005,1.8579
netherlands_kingdom_of_the,2006,1.9460
netherlands_kingdom_of_the,2007,1.8171
netherlands_kingdom_of_the,2008,1.6350
netherlands_kingdom_of_the,2009,1.5532
netherlands_kingdom_of_the,2010,1.7785
netherlands_kingdom_of_the,2011,1.5790
netherlands_kingdom_of_the,2012,1.6595
netherlands_kingdom_of_the,2013,1.7909
netherlands_kingdom_of_the,2014,1.7383
netherlands_kingdom_of_the,2015,1.7243
netherlands_kingdom_of_the,2016,1.7665
netherlands_kingdom_of_the,2017,1.8556
netherlands_kingdom_of_the,2018,1.6507
netherlands_kingdom_of_the,2019,1.6358
netherlands_kingdom_of_the,2020,1.5991
netherlands_kingdom_of_the,2021,1.5169
netherlands_kingdom_of_the,2022,1.5050
new_zealand,1970,11.902
new_zealand,1971,11.187
new_zealand,1972,12.822
new_zealand,1973,11.697
new_zealand,1974,8.1643
new_zealand,1975,9.8210
new_zealand,1976,10.779
new_zealand,1977,9.4402
new_zealand,1978,8.9163
new_zealand,1979,11.501
new_zealand,1980,10.001
new_zealand,1981,8.6089
new_zealand,1982,7.1262
new_zealand,1983,7.3820
new_zealand,1984,8.2213
new_zealand,1985,7.2244
new_zealand,1986,5.9496
new_zealand,1987,6.1012
new_zealand,1988,6.4649
new_zealand,1989,6.7301
new_zealand,1990,5.9855
new_zealand,1991,6.8868
new_zealand,1992,6.7195
new_zealand,1993,7.3360
new_zealand,1994,6.5267
new_zealand,1995,6.4508
new_zealand,1996,6.4371
new_zealand,1997,6.0774
new_zealand,1998,5.9461
new_zealand,1999,6.2758
new_zealand,2000,7.7529
new_zealand,2001,7.9814
new_zealand,2002,5.8529
new_zealand,2003,5.7293
new_zealand,2004,5.3656
new_zealand,2005,4.5177
new_zealand,2006,4.9842
new_zealand,2007,6.0684
new_zealand,2008,5.0130
new_zealand,2009,5.7502
new_zealand,2010,6.5879
new_zealand,2011,6.2847
new_zealand,2012,5.5175
new_zealand,2013,7.0337
new_zealand,2014,4.7764
new_zealand,2015,4.4713
new_zealand,2016,5.5520
new_zealand,2017,5.9152
new_zealand,2018,5.6644
new_zealand,2019,5.6911
new_zealand,2020,5.7221
new_zealand,2021,5.7897
new_zealand,2022,5.7343
nicaragua,1970,14.666
nicaragua,1971,14.587
nicaragua,1972,14.641
nicaragua,1973,14.552
nicaragua,1974,14.236
nicaragua,1975,13.179
nicaragua,1976,13.287
nicaragua,1977,13.485
nicaragua,1978,14.547
nicaragua,1979,16.672
nicaragua,1980,12.989
nicaragua,1981,11.918
nicaragua,1982,12.664
nicaragua,1983,13.617
nicaragua,1984,14.654
nicaragua,1985,13.934
nicaragua,1986,12.234
nicaragua,1987,16.996
nicaragua,1988,16.965
nicaragua,1989,18.844
nicaragua,1990,17.657
nicaragua,1991,17.162
nicaragua,1992,17.492
nicaragua,1993,17.517
nicaragua,1994,19.099
nicaragua,1995,20.204
nicaragua,1996,21.495
nicaragua,1997,20.040
nicaragua,1998,19.271
nicaragua,1999,17.071
nicaragua,2000,17.840
nicaragua,2001,16.884
nicaragua,2002,16.499
nicaragua,2003,15.691
nicaragua,2004,16.036
nicaragua,2005,16.205
nicaragua,2006,15.900
nicaragua,2007,16.461
nicaragua,2008,16.263
nicaragua,2009,16.068
nicaragua,2010,16.983
nicaragua,2011,18.885
nicaragua,2012,17.612
nicaragua,2013,16.491
nicaragua,2014,16.709
nicaragua,2015,16.110
nicaragua,2016,14.915
nicaragua,2017,14.996
nicaragua,2018,15.322
nicaragua,2019,15.530
nicaragua,2020,15.736
nicaragua,2021,15.529
nicaragua,2022,16.784
niger,1961,73.890
niger,1962,76.000
niger,1963,72.950
niger,1964,74.320
niger,1965,67.700
niger,1966,66.870
niger,1967,70.710
niger,1968,69.170
niger,1969,66.420
niger,1970,43.487
niger,1971,43.532
niger,1972,43.331
niger,1973,43.597
niger,1974,43.668
niger,1975,42.729
niger,1976,44.393
niger,1977,43.882
niger,1978,40.210
niger,1979,37.034
niger,1980,36.995
niger,1981,35.688
niger,1982,36.612
niger,1983,36.161
niger,1984,31.102
niger,1985,31.957
niger,1986,30.155
niger,1987,28.573
niger,1988,29.378
niger,1989,28.478
niger,1990,29.458
niger,1991,31.171
niger,1992,32.447
niger,1993,32.740
niger,1994,30.807
niger,1995,31.014
niger,1996,31.812
niger,1997,30.803
niger,1998,36.293
niger,1999,36.502
niger,2000,34.500
niger,2001,38.136
niger,2002,38.991
niger,2003,39.059
niger,2004,35.647
niger,2005,37.599
niger,2006,38.100
niger,2007,37.126
niger,2008,38.752
niger,2009,35.213
niger,2010,37.005
niger,2011,34.539
niger,2012,34.864
niger,2013,32.998
niger,2014,33.699
niger,2015,32.417
niger,2016,35.263
niger,2017,35.817
niger,2018,37.662
niger,2019,36.915
niger,2020,38.377
niger,2021,36.481
niger,2022,37.258
nigeria,1970,18.901
nigeria,1971,20.463
nigeria,1972,19.145
nigeria,1973,17.094
nigeria,1974,14.947
nigeria,1975,14.707
nigeria,1976,13.602
nigeria,1977,13.429
nigeria,1978,13.707
nigeria,1979,13.386
nigeria,1980,12.683
nigeria,1981,12.240
nigeria,1982,13.503
nigeria,1983,14.991
nigeria,1984,18.308
nigeria,1985,18.228
nigeria,1986,18.020
nigeria,1987,20.552
nigeria,1988,23.372
nigeria,1989,21.276
nigeria,1990,21.556
nigeria,1991,20.885
nigeria,1992,20.321
nigeria,1993,23.491
nigeria,1994,25.174
nigeria,1995,25.487
nigeria,1996,26.199
nigeria,1997,27.417
nigeria,1998,27.908
nigeria,1999,26.028
nigeria,2000,21.357
nigeria,2001,24.475
nigeria,2002,36.965
nigeria,2003,33.827
nigeria,2004,27.230
nigeria,2005,26.089
nigeria,2006,24.735
nigeria,2007,24.663
nigeria,2008,25.280
nigeria,2009,26.749
nigeria,2010,23.894
nigeria,2011,22.235
nigeria,2012,21.860
nigeria,2013,20.759
nigeria,2014,19.990
nigeria,2015,20.632
nigeria,2016,20.983
nigeria,2017,20.847
nigeria,2018,21.204
nigeria,2019,21.906
nigeria,2020,24.143
nigeria,2021,23.357
nigeria,2022,23.692
north_macedonia,1992,13.381
north_macedonia,1993,9.3959
north_macedonia,1994,10.981
north_macedonia,1995,11.017
north_macedonia,1996,11.076
north_macedonia,1997,11.018
north_macedonia,1998,11.472
north_macedonia,1999,11.108
north_macedonia,2000,10.097
north_macedonia,2001,9.7447
north_macedonia,2002,10.171
north_macedonia,2003,11.538
north_macedonia,2004,11.554
north_macedonia,2005,9.7362
north_macedonia,2006,8.9894
north_macedonia,2007,8.9324
north_macedonia,2008,11.444
north_macedonia,2009,10.370
north_macedonia,2010,10.121
north_macedonia,2011,9.3508
north_macedonia,2012,9.1049
north_macedonia,2013,10.027
north_macedonia,2014,10.178
north_macedonia,2015,9.7270
north_macedonia,2016,9.1727
north_macedonia,2017,7.8731
north_macedonia,2018,8.4704
north_macedonia,2019,8.1323
north_macedonia,2020,8.5690
north_macedonia,2021,7.1475
north_macedonia,2022,7.4051
norway,1970,5.1011
norway,1971,5.0750
norway,1972,4.5872
norway,1973,4.4455
norway,1974,4.3936
norway,1975,4.1158
norway,1976,4.4040
norway,1977,4.4346
norway,1978,4.2290
norway,1979,3.7801
norway,1980,3.6261
norway,1981,3.6193
norway,1982,3.4188
norway,1983,2.9596
norway,1984,3.0710
norway,1985,2.8595
norway,1986,3.1286
norway,1987,3.1965
norway,1988,3.0859
norway,1989,2.9052
norway,1990,2.9840
norway,1991,2.9107
norway,1992,2.6277
norway,1993,2.6094
norway,1994,2.6036
norway,1995,2.5896
norway,1996,2.2271
norway,1997,2.0618
norway,1998,2.2632
norway,1999,2.0506
norway,2000,1.7841
norway,2001,1.5448
norway,2002,1.4738
norway,2003,1.2565
norway,2004,1.3356
norway,2005,1.3595
norway,2006,1.3656
norway,2007,1.2003
norway,2008,1.0826
norway,2009,1.2361
norway,2010,1.5248
norway,2011,1.3048
norway,2012,1.0773
norway,2013,1.2530
norway,2014,1.3834
norway,2015,1.4818
norway,2016,2.0339
norway,2017,1.9188
norway,2018,1.8112
norway,2019,1.7825
norway,2020,1.8439
norway,2021,1.6508
norway,2022,1.5495
oman,1961,74.230
oman,1962,61.190
oman,1963,60.280
oman,1964,60.180
oman,1965,60.620
oman,1966,58.680
oman,1967,36.860
oman,1968,19.190
oman,1969,16.100
oman,1970,16.069
oman,1971,13.884
oman,1972,12.483
oman,1973,10.192
oman,1974,3.1643
oman,1975,2.8837
oman,1976,2.2786
oman,1977,2.8027
oman,1978,3.5699
oman,1979,3.4401
oman,1980,2.8067
oman,1981,2.6737
oman,1982,2.7306
oman,1983,2.8712
oman,1984,2.5375
oman,1985,2.3598
oman,1986,3.0411
oman,1987,3.3034
oman,1988,3.5511
oman,1989,3.2819
oman,1990,2.7020
oman,1991,2.7504
oman,1992,2.4439
oman,1993,2.5010
oman,1994,2.5791
oman,1995,2.7788
oman,1996,2.4630
oman,1997,2.4856
oman,1998,2.7978
oman,1999,2.5821
oman,2000,1.9649
oman,2001,2.0449
oman,2002,2.0263
oman,2003,1.9300
oman,2004,1.6901
oman,2005,1.4150
oman,2006,1.2253
oman,2007,1.2001
oman,2008,0.97394
oman,2009,1.2884
oman,2010,1.2472
oman,2011,1.1004
oman,2012,1.0155
oman,2013,1.1422
oman,2014,1.1127
oman,2015,1.7297
oman,2016,1.9854
oman,2017,1.9845
oman,2018,1.8495
oman,2019,1.9947
oman,2020,2.4693
oman,2021,2.1208
oman,2022,2.1949
pakistan,1961,45.040
pakistan,1962,43.330
pakistan,1963,42.150
pakistan,1964,41.640
pakistan,1965,40.230
pakistan,1966,37.070
pakistan,1967,38.690
pakistan,1968,39.810
pakistan,1969,37.380
pakistan,1970,36.822
pakistan,1971,35.208
pakistan,1972,36.129
pakistan,1973,35.751
pakistan,1974,35.110
pakistan,1975,33.219
pakistan,1976,32.391
pakistan,1977,32.339
pakistan,1978,31.585
pakistan,1979,30.597
pakistan,1980,29.238
pakistan,1981,30.248
pakistan,1982,31.333
pakistan,1983,30.039
pakistan,1984,27.430
pakistan,1985,28.295
pakistan,1986,27.572
pakistan,1987,26.033
pakistan,1988,25.502
pakistan,1989,26.339
pakistan,1990,25.407
pakistan,1991,25.255
pakistan,1992,25.806
pakistan,1993,24.610
pakistan,1994,25.253
pakistan,1995,25.797
pakistan,1996,25.548
pakistan,1997,26.967
pakistan,1998,27.869
pakistan,1999,27.722
pakistan,2000,27.287
pakistan,2001,25.382
pakistan,2002,24.582
pakistan,2003,24.559
pakistan,2004,23.342
pakistan,2005,22.856
pakistan,2006,21.608
pakistan,2007,21.716
pakistan,2008,22.326
pakistan,2009,22.453
pakistan,2010,22.922
pakistan,2011,24.645
pakistan,2012,23.163
pakistan,2013,23.191
pakistan,2014,23.016
pakistan,2015,22.997
pakistan,2016,22.328
pakistan,2017,21.963
pakistan,2018,21.651
pakistan,2019,20.678
pakistan,2020,21.854
pakistan,2021,22.674
pakistan,2022,22.251
palau,1970,19.898
palau,1971,19.894
palau,1972,19.900
palau,1973,19.926
palau,1974,19.901
palau,1975,19.871
palau,1976,19.871
palau,1977,19.929
palau,1978,20.061
palau,1979,19.773
palau,1980,19.720
palau,1981,19.875
palau,1982,20.214
palau,1983,20.721
palau,1984,18.334
palau,1985,19.457
palau,1986,20.648
palau,1987,21.913
palau,1988,23.254
palau,1989,24.679
palau,1990,26.190
palau,1991,28.255
palau,1992,29.306
palau,1993,16.845
palau,1994,12.089
palau,1995,8.9403
palau,1996,5.8232
palau,1997,4.2492
palau,1998,3.9188
palau,1999,5.0219
palau,2000,5.2889
palau,2001,4.3191
palau,2002,4.2182
palau,2003,4.3642
palau,2004,3.9025
palau,2005,3.8169
palau,2006,4.1993
palau,2007,3.6872
palau,2008,3.9647
palau,2009,3.9898
palau,2010,4.3871
palau,2011,4.3049
palau,2012,4.1389
palau,2013,4.1987
palau,2014,3.6877
palau,2015,3.1284
palau,2016,3.1601
palau,2017,3.5285
palau,2018,3.4542
palau,2019,3.4299
palau,2020,3.4776
palau,2021,3.8183
palau,2022,3.8236
palestine,1970,12.479
palestine,1971,12.479
palestine,1972,12.479
palestine,1973,12.479
palestine,1974,12.479
palestine,1975,12.479
palestine,1976,12.480
palestine,1977,12.480
palestine,1978,12.478
palestine,1979,12.480
palestine,1980,12.480
palestine,1981,12.481
palestine,1982,12.479
palestine,1983,12.471
palestine,1984,12.487
palestine,1985,12.480
palestine,1986,12.490
palestine,1987,12.467
palestine,1988,12.430
palestine,1989,12.569
palestine,1990,12.444
palestine,1991,12.539
palestine,1992,12.352
palestine,1993,12.246
palestine,1994,13.263
palestine,1995,11.819
palestine,1996,13.016
palestine,1997,11.418
palestine,1998,11.714
palestine,1999,10.650
palestine,2000,9.6810
palestine,2001,8.4722
palestine,2002,8.0319
palestine,2003,6.9808
palestine,2004,11.140
palestine,2005,8.9900
palestine,2006,11.387
palestine,2007,8.9258
palestine,2008,10.128
palestine,2009,10.021
palestine,2010,9.0027
palestine,2011,8.3425
palestine,2012,8.1059
palestine,2013,7.5987
palestine,2014,7.8350
palestine,2015,7.4089
palestine,2016,7.6038
palestine,2017,7.0406
palestine,2018,7.3596
palestine,2019,7.0540
palestine,2020,7.1016
palestine,2021,6.3167
palestine,2022,6.8241
panama,1970,11.714
panama,1971,11.447
panama,1972,10.877
panama,1973,10.282
panama,1974,8.8967
panama,1975,9.3798
panama,1976,9.8640
panama,1977,10.774
panama,1978,10.022
panama,1979,9.4619
panama,1980,8.1394
panama,1981,8.0132
panama,1982,7.7948
panama,1983,8.1507
panama,1984,7.5170
panama,1985,7.5763
panama,1986,7.9645
panama,1987,7.8444
panama,1988,8.1416
panama,1989,8.6973
panama,1990,8.2578
panama,1991,7.8304
panama,1992,7.0771
panama,1993,6.7400
panama,1994,6.6078
panama,1995,6.6335
panama,1996,6.5815
panama,1997,6.4591
panama,1998,6.5735
panama,1999,6.1582
panama,2000,6.4364
panama,2001,6.8852
panama,2002,6.8347
panama,2003,7.0241
panama,2004,6.5848
panama,2005,6.1524
panama,2006,5.7903
panama,2007,4.8467
panama,2008,4.5103
panama,2009,3.8215
panama,2010,3.6561
panama,2011,3.2837
panama,2012,3.1185
panama,2013,3.0314
panama,2014,2.9519
panama,2015,2.9008
panama,2016,2.7204
panama,2017,2.5048
panama,2018,2.3705
panama,2019,2.3573
panama,2020,2.9452
panama,2021,2.6551
panama,2022,2.6194
papua_new_guinea,1961,50.310
papua_new_guinea,1962,48.660
papua_new_guinea,1963,45.320
papua_new_guinea,1964,43.870
papua_new_guinea,1965,43.030
papua_new_guinea,1966,42.970
papua_new_guinea,1967,43.730
papua_new_guinea,1968,44.730
papua_new_guinea,1969,43.750
papua_new_guinea,1970,22.812
papua_new_guinea,1971,21.773
papua_new_guinea,1972,20.442
papua_new_guinea,1973,17.804
papua_new_guinea,1974,17.630
papua_new_guinea,1975,18.706
papua_new_guinea,1976,20.697
papua_new_guinea,1977,21.223
papua_new_guinea,1978,22.650
papua_new_guinea,1979,21.788
papua_new_guinea,1980,21.310
papua_new_guinea,1981,21.486
papua_new_guinea,1982,20.865
papua_new_guinea,1983,21.118
papua_new_guinea,1984,23.145
papua_new_guinea,1985,21.119
papua_new_guinea,1986,20.420
papua_new_guinea,1987,18.945
papua_new_guinea,1988,18.493
papua_new_guinea,1989,17.836
papua_new_guinea,1990,18.380
papua_new_guinea,1991,16.478
papua_new_guinea,1992,15.837
papua_new_guinea,1993,17.839
papua_new_guinea,1994,21.523
papua_new_guinea,1995,21.880
papua_new_guinea,1996,20.479
papua_new_guinea,1997,22.671
papua_new_guinea,1998,21.804
papua_new_guinea,1999,22.169
papua_new_guinea,2000,21.981
papua_new_guinea,2001,22.269
papua_new_guinea,2002,24.136
papua_new_guinea,2003,23.556
papua_new_guinea,2004,21.876
papua_new_guinea,2005,21.521
papua_new_guinea,2006,20.403
papua_new_guinea,2007,19.609
papua_new_guinea,2008,20.175
papua_new_guinea,2009,21.643
papua_new_guinea,2010,19.608
papua_new_guinea,2011,19.200
papua_new_guinea,2012,19.274
papua_new_guinea,2013,19.260
papua_new_guinea,2014,17.692
papua_new_guinea,2015,17.457
papua_new_guinea,2016,17.866
papua_new_guinea,2017,17.650
papua_new_guinea,2018,16.974
papua_new_guinea,2019,16.976
papua_new_guinea,2020,18.755
papua_new_guinea,2021,18.990
papua_new_guinea,2022,16.932
paraguay,1970,17.613
paraguay,1971,18.235
paraguay,1972,18.930
paraguay,1973,20.708
paraguay,1974,19.387
paraguay,1975,20.271
paraguay,1976,18.977
paraguay,1977,18.737
paraguay,1978,17.614
paraguay,1979,17.245
paraguay,1980,16.184
paraguay,1981,15.252
paraguay,1982,14.208
paraguay,1983,14.207
paraguay,1984,15.759
paraguay,1985,15.891
paraguay,1986,14.944
paraguay,1987,15.021
paraguay,1988,16.272
paraguay,1989,16.231
paraguay,1990,15.260
paraguay,1991,14.588
paraguay,1992,13.455
paraguay,1993,13.464
paraguay,1994,13.036
paraguay,1995,13.117
paraguay,1996,13.005
paraguay,1997,11.682
paraguay,1998,11.136
paraguay,1999,11.119
paraguay,2000,10.737
paraguay,2001,10.307
paraguay,2002,8.8548
paraguay,2003,10.771
paraguay,2004,11.885
paraguay,2005,11.447
paraguay,2006,11.144
paraguay,2007,12.342
paraguay,2008,13.418
paraguay,2009,9.9479
paraguay,2010,13.014
paraguay,2011,13.796
paraguay,2012,10.042
paraguay,2013,12.865
paraguay,2014,11.771
paraguay,2015,9.4404
paraguay,2016,10.697
paraguay,2017,10.185
paraguay,2018,9.9502
paraguay,2019,9.6675
paraguay,2020,10.728
paraguay,2021,11.279
paraguay,2022,10.975
peru,1961,21.070
peru,1962,19.950
peru,1963,18.850
peru,1964,18.340
peru,1965,17.950
peru,1966,18.120
peru,1967,18.700
peru,1968,18.600
peru,1969,18.020
peru,1970,18.584
peru,1971,17.857
peru,1972,16.846
peru,1973,16.467
peru,1974,15.914
peru,1975,16.418
peru,1976,15.439
peru,1977,15.713
peru,1978,13.185
peru,1979,11.771
peru,1980,10.293
peru,1981,10.375
peru,1982,9.6119
peru,1983,10.637
peru,1984,11.107
peru,1985,9.4864
peru,1986,11.296
peru,1987,10.373
peru,1988,8.3470
peru,1989,7.8850
peru,1990,7.3302
peru,1991,7.9105
peru,1992,7.8600
peru,1993,8.3369
peru,1994,8.4580
peru,1995,8.0382
peru,1996,8.5040
peru,1997,8.0482
peru,1998,8.3783
peru,1999,8.2645
peru,2000,8.0694
peru,2001,7.8936
peru,2002,7.5240
peru,2003,7.3129
peru,2004,6.9344
peru,2005,6.8543
peru,2006,6.6035
peru,2007,6.7058
peru,2008,7.1609
peru,2009,7.4039
peru,2010,6.8280
peru,2011,7.1001
peru,2012,6.7252
peru,2013,6.6683
peru,2014,6.8042
peru,2015,7.0456
peru,2016,6.9350
peru,2017,6.7798
peru,2018,6.8858
peru,2019,6.8530
peru,2020,7.6954
peru,2021,7.2185
peru,2022,7.8333
philippines,1961,26.780
philippines,1962,26.860
philippines,1963,27.410
philippines,1964,26.530
philippines,1965,27.150
philippines,1966,27.140
philippines,1967,27.370
philippines,1968,29.200
philippines,1969,29.920
philippines,1970,26.359
philippines,1971,27.053
philippines,1972,26.217
philippines,1973,27.199
philippines,1974,27.630
philippines,1975,26.945
philippines,1976,25.917
philippines,1977,25.381
philippines,1978,24.911
philippines,1979,24.182
philippines,1980,22.032
philippines,1981,21.808
philippines,1982,20.423
philippines,1983,19.524
philippines,1984,21.685
philippines,1985,21.594
philippines,1986,21.029
philippines,1987,21.079
philippines,1988,20.110
philippines,1989,19.865
philippines,1990,19.160
philippines,1991,18.338
philippines,1992,19.107
philippines,1993,18.908
philippines,1994,19.260
philippines,1995,18.925
philippines,1996,18.014
philippines,1997,16.449
philippines,1998,14.747
philippines,1999,15.194
philippines,2000,13.941
philippines,2001,13.303
philippines,2002,13.448
philippines,2003,13.151
philippines,2004,13.984
philippines,2005,13.518
philippines,2006,13.361
philippines,2007,13.607
philippines,2008,14.516
philippines,2009,14.540
philippines,2010,13.749
philippines,2011,14.096
philippines,2012,13.096
philippines,2013,12.473
philippines,2014,12.272
philippines,2015,10.996
philippines,2016,10.205
philippines,2017,10.183
philippines,2018,9.6501
philippines,2019,8.8203
philippines,2020,10.185
philippines,2021,10.069
philippines,2022,9.5494
poland,1970,13.580
poland,1971,13.584
poland,1972,13.584
poland,1973,13.578
poland,1974,13.567
poland,1975,13.586
poland,1976,13.607
poland,1977,13.581
poland,1978,13.549
poland,1979,13.511
poland,1980,13.682
poland,1981,13.714
poland,1982,13.446
poland,1983,13.394
poland,1984,13.316
poland,1985,14.542
poland,1986,13.873
poland,1987,12.104
poland,1988,13.137
poland,1989,12.923
poland,1990,7.1060
poland,1991,5.7519
poland,1992,5.7652
poland,1993,5.8197
poland,1994,5.3339
poland,1995,5.5776
poland,1996,5.1656
poland,1997,4.5021
poland,1998,3.8766
poland,1999,3.2528
poland,2000,3.1267
poland,2001,3.2534
poland,2002,2.7258
poland,2003,2.6098
poland,2004,3.2926
poland,2005,2.9189
poland,2006,2.6920
poland,2007,3.0455
poland,2008,2.5926
poland,2009,2.5589
poland,2010,2.9345
poland,2011,3.1967
poland,2012,3.0084
poland,2013,3.2462
poland,2014,2.9930
poland,2015,2.5031
poland,2016,2.6454
poland,2017,3.0103
poland,2018,2.4146
poland,2019,2.3695
poland,2020,2.5688
poland,2021,2.2419
poland,2022,2.8400
portugal,1970,25.355
portugal,1971,24.327
portugal,1972,22.865
portugal,1973,23.400
portugal,1974,22.387
portugal,1975,22.486
portugal,1976,20.822
portugal,1977,19.059
portugal,1978,19.101
portugal,1979,18.527
portugal,1980,16.544
portugal,1981,14.340
portugal,1982,14.082
portugal,1983,12.741
portugal,1984,13.320
portugal,1985,12.765
portugal,1986,11.896
portugal,1987,12.191
portugal,1988,9.7503
portugal,1989,8.6050
portugal,1990,7.7191
portugal,1991,7.0235
portugal,1992,5.7126
portugal,1993,5.5159
portugal,1994,5.1238
portugal,1995,4.8004
portugal,1996,4.5907
portugal,1997,3.8311
portugal,1998,3.5417
portugal,1999,3.2892
portugal,2000,3.1097
portugal,2001,2.9607
portugal,2002,2.7229
portugal,2003,2.6512
portugal,2004,2.6021
portugal,2005,2.3035
portugal,2006,2.2531
portugal,2007,1.9982
portugal,2008,1.9638
portugal,2009,1.9506
portugal,2010,1.9371
portugal,2011,1.8340
portugal,2012,1.9241
portugal,2013,2.0955
portugal,2014,2.0761
portugal,2015,2.0994
portugal,2016,2.0658
portugal,2017,2.0959
portugal,2018,2.0365
portugal,2019,2.0885
portugal,2020,2.1739
portugal,2021,2.1504
portugal,2022,1.8548
puerto_rico,1970,3.9621
puerto_rico,1971,4.2803
puerto_rico,1972,4.0564
puerto_rico,1973,3.5495
puerto_rico,1974,5.0821
puerto_rico,1975,4.5142
puerto_rico,1976,4.3545
puerto_rico,1977,3.6513
puerto_rico,1978,4.0240
puerto_rico,1979,3.7165
puerto_rico,1980,3.5947
puerto_rico,1981,3.1410
puerto_rico,1982,3.1606
puerto_rico,1983,3.0905
puerto_rico,1984,2.4585
puerto_rico,1985,2.4029
puerto_rico,1986,2.3186
puerto_rico,1987,2.3505
puerto_rico,1988,2.0814
puerto_rico,1989,2.1401
puerto_rico,1990,1.9366
puerto_rico,1991,1.8991
puerto_rico,1992,1.6562
puerto_rico,1993,1.5090
puerto_rico,1994,1.2696
puerto_rico,1995,1.0183
puerto_rico,1996,1.1324
puerto_rico,1997,1.3206
puerto_rico,1998,1.1034
puerto_rico,1999,0.79327
puerto_rico,2000,1.1708
puerto_rico,2001,0.68666
puerto_rico,2002,0.52622
puerto_rico,2003,0.55536
puerto_rico,2004,0.62660
puerto_rico,2005,0.59501
puerto_rico,2006,0.59077
puerto_rico,2007,0.48054
puerto_rico,2008,0.55393
puerto_rico,2009,0.58837
puerto_rico,2010,0.83552
puerto_rico,2011,0.79221
puerto_rico,2012,0.80382
puerto_rico,2013,0.82645
puerto_rico,2014,0.84640
puerto_rico,2015,0.82698
puerto_rico,2016,0.80566
puerto_rico,2017,0.81868
puerto_rico,2018,0.70792
puerto_rico,2019,0.68232
puerto_rico,2020,0.66100
puerto_rico,2021,0.66758
puerto_rico,2022,0.66126
qatar,1970,0.71824
qatar,1971,0.71683
qatar,1972,0.72048
qatar,1973,0.71741
qatar,1974,0.71260
qatar,1975,0.73143
qatar,1976,0.70822
qatar,1977,0.69814
qatar,1978,0.72820
qatar,1979,0.57398
qatar,1980,0.52332
qatar,1981,0.54486
qatar,1982,0.68580
qatar,1983,0.82610
qatar,1984,0.82374
qatar,1985,0.95098
qatar,1986,1.2885
qatar,1987,1.1955
qatar,1988,1.0556
qatar,1989,0.90616
qatar,1990,0.78382
qatar,1991,0.94987
qatar,1992,0.96651
qatar,1993,1.0787
qatar,1994,1.0543
qatar,1995,0.98238
qatar,1996,0.87943
qatar,1997,0.70518
qatar,1998,0.68578
qatar,1999,0.58301
qatar,2000,0.37280
qatar,2001,0.37594
qatar,2002,0.25680
qatar,2003,0.23464
qatar,2004,0.18180
qatar,2005,0.13326
qatar,2006,0.12183
qatar,2007,0.10994
qatar,2008,0.12465
qatar,2009,0.12332
qatar,2010,0.11791
qatar,2011,0.096606
qatar,2012,0.094196
qatar,2013,0.096023
qatar,2014,0.11717
qatar,2015,0.16132
qatar,2016,0.18387
qatar,2017,0.21474
qatar,2018,0.21826
qatar,2019,0.26000
qatar,2020,0.33875
qatar,2021,0.29824
qatar,2022,0.25505
republic_of_korea,1965,39.360
republic_of_korea,1966,36.530
republic_of_korea,1967,32.370
republic_of_korea,1968,30.680
republic_of_korea,1969,29.950
republic_of_korea,1970,26.486
republic_of_korea,1971,27.138
republic_of_korea,1972,26.506
republic_of_korea,1973,24.607
republic_of_korea,1974,24.172
republic_of_korea,1975,24.486
republic_of_korea,1976,23.047
republic_of_korea,1977,21.790
republic_of_korea,1978,19.917
republic_of_korea,1979,18.536
republic_of_korea,1980,14.269
republic_of_korea,1981,15.025
republic_of_korea,1982,14.003
republic_of_korea,1983,12.625
republic_of_korea,1984,11.873
republic_of_korea,1985,11.754
republic_of_korea,1986,10.428
republic_of_korea,1987,9.3092
republic_of_korea,1988,9.2210
republic_of_korea,1989,8.5415
republic_of_korea,1990,7.6065
republic_of_korea,1991,6.8245
republic_of_korea,1992,6.6076
republic_of_korea,1993,5.9149
republic_of_korea,1994,5.6582
republic_of_korea,1995,5.3287
republic_of_korea,1996,4.9607
republic_of_korea,1997,4.4752
republic_of_korea,1998,4.2259
republic_of_korea,1999,4.2498
republic_of_korea,2000,3.8578
republic_of_korea,2001,3.5658
republic_of_korea,2002,3.2068
republic_of_korea,2003,2.9646
republic_of_korea,2004,2.9580
republic_of_korea,2005,2.6200
republic_of_korea,2006,2.4975
republic_of_korea,2007,2.2834
republic_of_korea,2008,2.1423
republic_of_korea,2009,2.2406
republic_of_korea,2010,2.1440
republic_of_korea,2011,2.2092
republic_of_korea,2012,2.1862
republic_of_korea,2013,2.0990
republic_of_korea,2014,2.0567
republic_of_korea,2015,2.0039
republic_of_korea,2016,1.8590
republic_of_korea,2017,1.8508
republic_of_korea,2018,1.7464
republic_of_korea,2019,1.6679
republic_of_korea,2020,1.7657
republic_of_korea,2021,1.8557
republic_of_korea,2022,1.6416
republic_of_moldova,1992,32.196
republic_of_moldova,1993,28.943
republic_of_moldova,1994,25.294
republic_of_moldova,1995,27.129
republic_of_moldova,1996,25.471
republic_of_moldova,1997,24.062
republic_of_moldova,1998,23.881
republic_of_moldova,1999,23.059
republic_of_moldova,2000,23.548
republic_of_moldova,2001,20.778
republic_of_moldova,2002,19.482
republic_of_moldova,2003,16.986
republic_of_moldova,2004,16.299
republic_of_moldova,2005,15.199
republic_of_moldova,2006,13.437
republic_of_moldova,2007,9.2518
republic_of_moldova,2008,8.1656
republic_of_moldova,2009,7.8743
republic_of_moldova,2010,11.161
republic_of_moldova,2011,11.384
republic_of_moldova,2012,10.448
republic_of_moldova,2013,11.550
republic_of_moldova,2014,14.071
republic_of_moldova,2015,12.821
republic_of_moldova,2016,12.480
republic_of_moldova,2017,12.200
republic_of_moldova,2018,10.147
republic_of_moldova,2019,10.161
republic_of_moldova,2020,9.3667
republic_of_moldova,2021,10.587
republic_of_moldova,2022,7.8747
romania,1970,15.322
romania,1971,18.305
romania,1972,17.494
romania,1973,15.206
romania,1974,13.180
romania,1975,13.553
romania,1976,15.303
romania,1977,13.277
romania,1978,13.304
romania,1979,12.001
romania,1980,12.513
romania,1981,14.430
romania,1982,16.959
romania,1983,13.933
romania,1984,13.902
romania,1985,13.949
romania,1986,12.872
romania,1987,12.562
romania,1988,13.348
romania,1989,13.222
romania,1990,20.028
romania,1991,17.329
romania,1992,17.482
romania,1993,19.274
romania,1994,18.258
romania,1995,18.163
romania,1996,17.539
romania,1997,17.511
romania,1998,14.379
romania,1999,12.649
romania,2000,10.854
romania,2001,13.150
romania,2002,11.342
romania,2003,11.914
romania,2004,12.706
romania,2005,8.4861
romania,2006,7.8208
romania,2007,5.5015
romania,2008,6.3019
romania,2009,6.1164
romania,2010,5.1783
romania,2011,5.9512
romania,2012,4.5404
romania,2013,5.5100
romania,2014,4.9486
romania,2015,4.4260
romania,2016,4.2923
romania,2017,4.4388
romania,2018,4.5646
romania,2019,4.4201
romania,2020,4.1789
romania,2021,4.7626
romania,2022,4.4715
russian_federation,1992,7.2786
russian_federation,1993,7.5537
russian_federation,1994,6.1059
russian_federation,1995,6.5541
russian_federation,1996,6.4461
russian_federation,1997,5.7828
russian_federation,1998,5.0217
russian_federation,1999,6.3325
russian_federation,2000,5.5441
russian_federation,2001,5.6531
russian_federation,2002,5.5277
russian_federation,2003,5.4509
russian_federation,2004,4.8581
russian_federation,2005,4.2157
russian_federation,2006,3.8248
russian_federation,2007,3.7432
russian_federation,2008,3.7179
russian_federation,2009,4.0459
russian_federation,2010,3.3123
russian_federation,2011,3.1507
russian_federation,2012,2.9260
russian_federation,2013,2.9936
russian_federation,2014,3.3606
russian_federation,2015,3.8731
russian_federation,2016,3.8402
russian_federation,2017,3.5536
russian_federation,2018,3.3943
russian_federation,2019,3.5303
russian_federation,2020,4.0064
russian_federation,2021,3.8700
russian_federation,2022,3.9014
rwanda,1965,74.790
rwanda,1966,74.870
rwanda,1967,65.850
rwanda,1968,65.280
rwanda,1969,65.790
rwanda,1970,59.951
rwanda,1971,61.212
rwanda,1972,60.474
rwanda,1973,60.426
rwanda,1974,60.080
rwanda,1975,56.694
rwanda,1976,56.697
rwanda,1977,53.523
rwanda,1978,48.866
rwanda,1979,56.492
rwanda,1980,52.816
rwanda,1981,46.929
rwanda,1982,45.294
rwanda,1983,43.426
rwanda,1984,46.635
rwanda,1985,48.196
rwanda,1986,42.661
rwanda,1987,43.915
rwanda,1988,43.666
rwanda,1989,45.839
rwanda,1990,40.417
rwanda,1991,34.931
rwanda,1992,34.241
rwanda,1993,38.018
rwanda,1994,46.668
rwanda,1995,40.881
rwanda,1996,41.483
rwanda,1997,38.550
rwanda,1998,36.573
rwanda,1999,31.528
rwanda,2000,31.141
rwanda,2001,31.803
rwanda,2002,30.160
rwanda,2003,33.043
rwanda,2004,33.892
rwanda,2005,33.802
rwanda,2006,30.038
rwanda,2007,26.067
rwanda,2008,24.797
rwanda,2009,25.380
rwanda,2010,24.321
rwanda,2011,23.844
rwanda,2012,24.787
rwanda,2013,24.931
rwanda,2014,24.702
rwanda,2015,23.995
rwanda,2016,25.168
rwanda,2017,26.345
rwanda,2018,24.618
rwanda,2019,23.545
rwanda,2020,26.626
rwanda,2021,24.059
rwanda,2022,24.898
saint_kitts_and_nevis,1970,10.356
saint_kitts_and_nevis,1971,10.374
saint_kitts_and_nevis,1972,10.275
saint_kitts_and_nevis,1973,10.418
saint_kitts_and_nevis,1974,10.429
saint_kitts_and_nevis,1975,9.9795
saint_kitts_and_nevis,1976,10.845
saint_kitts_and_nevis,1977,10.463
saint_kitts_and_nevis,1978,8.6312
saint_kitts_and_nevis,1979,8.0443
saint_kitts_and_nevis,1980,8.4235
saint_kitts_and_nevis,1981,5.7738
saint_kitts_and_nevis,1982,8.1547
saint_kitts_and_nevis,1983,6.3097
saint_kitts_and_nevis,1984,6.6484
saint_kitts_and_nevis,1985,4.9313
saint_kitts_and_nevis,1986,5.8467
saint_kitts_and_nevis,1987,5.9110
saint_kitts_and_nevis,1988,5.4432
saint_kitts_and_nevis,1989,4.2516
saint_kitts_and_nevis,1990,3.4998
saint_kitts_and_nevis,1991,3.7870
saint_kitts_and_nevis,1992,3.9846
saint_kitts_and_nevis,1993,3.8532
saint_kitts_and_nevis,1994,3.2337
saint_kitts_and_nevis,1995,2.8969
saint_kitts_and_nevis,1996,2.7827
saint_kitts_and_nevis,1997,3.0509
saint_kitts_and_nevis,1998,2.2645
saint_kitts_and_nevis,1999,1.7516
saint_kitts_and_nevis,2000,1.4884
saint_kitts_and_nevis,2001,1.6597
saint_kitts_and_nevis,2002,1.7184
saint_kitts_and_nevis,2003,1.7287
saint_kitts_and_nevis,2004,1.7134
saint_kitts_and_nevis,2005,1.5835
saint_kitts_and_nevis,2006,1.1383
saint_kitts_and_nevis,2007,1.1104
saint_kitts_and_nevis,2008,1.2239
saint_kitts_and_nevis,2009,1.1222
saint_kitts_and_nevis,2010,1.2685
saint_kitts_and_nevis,2011,1.3351
saint_kitts_and_nevis,2012,1.1644
saint_kitts_and_nevis,2013,1.0833
saint_kitts_and_nevis,2014,0.93722
saint_kitts_and_nevis,2015,0.84984
saint_kitts_and_nevis,2016,0.78916
saint_kitts_and_nevis,2017,0.89572
saint_kitts_and_nevis,2018,0.91103
saint_kitts_and_nevis,2019,0.89296
saint_kitts_and_nevis,2020,1.1146
saint_kitts_and_nevis,2021,1.4228
saint_kitts_and_nevis,2022,1.2867
saint_lucia,1970,10.411
saint_lucia,1971,10.411
saint_lucia,1972,10.433
saint_lucia,1973,10.389
saint_lucia,1974,10.410
saint_lucia,1975,10.500
saint_lucia,1976,10.257
saint_lucia,1977,10.474
saint_lucia,1978,10.988
saint_lucia,1979,10.305
saint_lucia,1980,8.6301
saint_lucia,1981,8.2820
saint_lucia,1982,8.6655
saint_lucia,1983,9.2998
saint_lucia,1984,9.3271
saint_lucia,1985,10.184
saint_lucia,1986,12.415
saint_lucia,1987,8.7091
saint_lucia,1988,10.729
saint_lucia,1989,8.7700
saint_lucia,1990,10.018
saint_lucia,1991,8.7680
saint_lucia,1992,9.2713
saint_lucia,1993,7.7156
saint_lucia,1994,6.6450
saint_lucia,1995,6.6153
saint_lucia,1996,5.8408
saint_lucia,1997,4.7419
saint_lucia,1998,5.5680
saint_lucia,1999,4.8970
saint_lucia,2000,5.0003
saint_lucia,2001,4.1351
saint_lucia,2002,4.5901
saint_lucia,2003,3.8871
saint_lucia,2004,3.7191
saint_lucia,2005,2.9028
saint_lucia,2006,2.9628
saint_lucia,2007,2.9083
saint_lucia,2008,3.5980
saint_lucia,2009,3.6332
saint_lucia,2010,2.6903
saint_lucia,2011,2.3450
saint_lucia,2012,2.3686
saint_lucia,2013,2.6230
saint_lucia,2014,2.2165
saint_lucia,2015,2.1537
saint_lucia,2016,2.0808
saint_lucia,2017,1.5684
saint_lucia,2018,1.6337
saint_lucia,2019,1.7266
saint_lucia,2020,2.0933
saint_lucia,2021,1.6354
saint_lucia,2022,1.5207
saint_vincent_and_the_grenadines,1970,12.715
saint_vincent_and_the_grenadines,1971,12.692
saint_vincent_and_the_grenadines,1972,12.751
saint_vincent_and_the_grenadines,1973,12.700
saint_vincent_and_the_grenadines,1974,12.625
saint_vincent_and_the_grenadines,1975,12.927
saint_vincent_and_the_grenadines,1976,12.548
saint_vincent_and_the_grenadines,1977,12.427
saint_vincent_and_the_grenadines,1978,13.833
saint_vincent_and_the_grenadines,1979,11.393
saint_vincent_and_the_grenadines,1980,10.166
saint_vincent_and_the_grenadines,1981,11.499
saint_vincent_and_the_grenadines,1982,11.508
saint_vincent_and_the_grenadines,1983,11.778
saint_vincent_and_the_grenadines,1984,12.774
saint_vincent_and_the_grenadines,1985,13.325
saint_vincent_and_the_grenadines,1986,13.082
saint_vincent_and_the_grenadines,1987,11.583
saint_vincent_and_the_grenadines,1988,14.438
saint_vincent_and_the_grenadines,1989,13.496
saint_vincent_and_the_grenadines,1990,14.714
saint_vincent_and_the_grenadines,1991,13.049
saint_vincent_and_the_grenadines,1992,13.895
saint_vincent_and_the_grenadines,1993,10.726
saint_vincent_and_the_grenadines,1994,8.0338
saint_vincent_and_the_grenadines,1995,10.435
saint_vincent_and_the_grenadines,1996,9.4344
saint_vincent_and_the_grenadines,1997,7.5817
saint_vincent_and_the_grenadines,1998,8.2852
saint_vincent_and_the_grenadines,1999,8.0738
saint_vincent_and_the_grenadines,2000,8.4664
saint_vincent_and_the_grenadines,2001,6.8475
saint_vincent_and_the_grenadines,2002,6.9862
saint_vincent_and_the_grenadines,2003,6.1048
saint_vincent_and_the_grenadines,2004,5.8529
saint_vincent_and_the_grenadines,2005,6.5973
saint_vincent_and_the_grenadines,2006,6.1481
saint_vincent_and_the_grenadines,2007,5.9590
saint_vincent_and_the_grenadines,2008,6.0359
saint_vincent_and_the_grenadines,2009,6.3451
saint_vincent_and_the_grenadines,2010,6.2651
saint_vincent_and_the_grenadines,2011,6.3306
saint_vincent_and_the_grenadines,2012,6.1524
saint_vincent_and_the_grenadines,2013,6.5439
saint_vincent_and_the_grenadines,2014,6.5540
saint_vincent_and_the_grenadines,2015,6.2604
saint_vincent_and_the_grenadines,2016,6.7513
saint_vincent_and_the_grenadines,2017,6.7691
saint_vincent_and_the_grenadines,2018,7.1094
saint_vincent_and_the_grenadines,2019,7.0010
saint_vincent_and_the_grenadines,2020,8.5975
saint_vincent_and_the_grenadines,2021,5.3567
saint_vincent_and_the_grenadines,2022,4.6765
samoa,1970,24.736
samoa,1971,24.736
samoa,1972,24.736
samoa,1973,24.736
samoa,1974,24.736
samoa,1975,24.736
samoa,1976,24.736
samoa,1977,24.736
samoa,1978,24.736
samoa,1979,24.736
samoa,1980,24.737
samoa,1981,24.734
samoa,1982,24.737
samoa,1983,24.738
samoa,1984,24.726
samoa,1985,24.748
samoa,1986,24.741
samoa,1987,24.690
samoa,1988,24.812
samoa,1989,24.721
samoa,1990,24.539
samoa,1991,25.175
samoa,1992,24.449
samoa,1993,23.993
samoa,1994,27.083
samoa,1995,22.271
samoa,1996,22.625
samoa,1997,25.077
samoa,1998,20.880
samoa,1999,18.702
samoa,2000,18.414
samoa,2001,16.388
samoa,2002,15.934
samoa,2003,13.601
samoa,2004,14.632
samoa,2005,13.623
samoa,2006,13.452
samoa,2007,11.032
samoa,2008,11.316
samoa,2009,12.087
samoa,2010,9.3300
samoa,2011,9.1142
samoa,2012,9.4630
samoa,2013,9.9254
samoa,2014,8.2050
samoa,2015,8.4591
samoa,2016,9.4942
samoa,2017,9.6004
samoa,2018,8.8063
samoa,2019,9.3660
samoa,2020,10.053
samoa,2021,9.2878
samoa,2022,11.168
san_marino,1970,0.035254
san_marino,1971,0.035257
san_marino,1972,0.035254
san_marino,1973,0.035256
san_marino,1974,0.035256
san_marino,1975,0.035255
san_marino,1976,0.035255
san_marino,1977,0.035255
san_marino,1978,0.035256
san_marino,1979,0.035255
san_marino,1980,0.035255
san_marino,1981,0.035255
san_marino,1982,0.035255
san_marino,1983,0.035255
san_marino,1984,0.035255
san_marino,1985,0.035256
san_marino,1986,0.035254
san_marino,1987,0.035256
san_marino,1988,0.035258
san_marino,1989,0.035250
san_marino,1990,0.035259
san_marino,1991,0.035265
san_marino,1992,0.035226
san_marino,1993,0.035286
san_marino,1994,0.035281
san_marino,1995,0.035111
san_marino,1996,0.035467
san_marino,1997,0.035266
san_marino,1998,0.034600
san_marino,1999,0.036535
san_marino,2000,0.034662
san_marino,2001,0.032603
san_marino,2002,0.031328
san_marino,2003,0.030235
san_marino,2004,0.029389
san_marino,2005,0.025123
san_marino,2006,0.023603
san_marino,2007,0.022719
san_marino,2008,0.019206
san_marino,2009,0.024278
san_marino,2010,0.022337
san_marino,2011,0.021435
san_marino,2012,0.021741
san_marino,2013,0.018894
san_marino,2014,0.025746
san_marino,2015,0.020054
san_marino,2016,0.013624
san_marino,2017,0.020479
san_marino,2018,0.016407
san_marino,2019,0.015277
san_marino,2020,0.014101
san_marino,2021,0.016625
san_marino,2022,0.016657
sao_tome_and_principe,1970,27.608
sao_tome_and_principe,1971,27.608
sao_tome_and_principe,1972,27.608
sao_tome_and_principe,1973,27.608
sao_tome_and_principe,1974,27.608
sao_tome_and_principe,1975,27.608
sao_tome_and_principe,1976,27.608
sao_tome_and_principe,1977,27.608
sao_tome_and_principe,1978,27.608
sao_tome_and_principe,1979,27.608
sao_tome_and_principe,1980,27.608
sao_tome_and_principe,1981,27.608
sao_tome_and_principe,1982,27.608
sao_tome_and_principe,1983,27.608
sao_tome_and_principe,1984,27.608
sao_tome_and_principe,1985,27.608
sao_tome_and_principe,1986,27.608
sao_tome_and_principe,1987,27.608
sao_tome_and_principe,1988,27.608
sao_tome_and_principe,1989,27.608
sao_tome_and_principe,1990,27.608
sao_tome_and_principe,1991,27.608
sao_tome_and_principe,1992,26.447
sao_tome_and_principe,1993,28.888
sao_tome_and_principe,1994,25.482
sao_tome_and_principe,1995,26.418
sao_tome_and_principe,1996,24.856
sao_tome_and_principe,1997,24.769
sao_tome_and_principe,1998,21.311
sao_tome_and_principe,1999,20.551
sao_tome_and_principe,2000,20.049
sao_tome_and_principe,2001,20.639
sao_tome_and_principe,2002,22.097
sao_tome_and_principe,2003,21.496
sao_tome_and_principe,2004,20.634
sao_tome_and_principe,2005,18.427
sao_tome_and_principe,2006,18.212
sao_tome_and_principe,2007,18.826
sao_tome_and_principe,2008,9.4777
sao_tome_and_principe,2009,10.814
sao_tome_and_principe,2010,11.262
sao_tome_and_principe,2011,11.300
sao_tome_and_principe,2012,11.502
sao_tome_and_principe,2013,11.866
sao_tome_and_principe,2014,11.377
sao_tome_and_principe,2015,11.946
sao_tome_and_principe,2016,11.398
sao_tome_and_principe,2017,10.879
sao_tome_and_principe,2018,11.115
sao_tome_and_principe,2019,12.290
sao_tome_and_principe,2020,13.992
sao_tome_and_principe,2021,12.466
sao_tome_and_principe,2022,12.916
saudi_arabia,1968,4.9350
saudi_arabia,1969,4.9190
saudi_arabia,1970,4.2259
saudi_arabia,1971,3.2925
saudi_arabia,1972,2.8096
saudi_arabia,1973,2.1932
saudi_arabia,1974,0.82975
saudi_arabia,1975,0.91528
saudi_arabia,1976,0.77447
saudi_arabia,1977,1.1475
saudi_arabia,1978,1.4997
saudi_arabia,1979,1.1843
saudi_arabia,1980,0.95364
saudi_arabia,1981,0.97182
saudi_arabia,1982,1.5523
saudi_arabia,1983,2.1103
saudi_arabia,1984,2.7013
saudi_arabia,1985,3.6034
saudi_arabia,1986,4.8426
saudi_arabia,1987,5.6144
saudi_arabia,1988,6.2308
saudi_arabia,1989,6.2564
saudi_arabia,1990,5.6359
saudi_arabia,1991,5.3654
saudi_arabia,1992,5.5425
saudi_arabia,1993,5.9987
saudi_arabia,1994,6.0859
saudi_arabia,1995,5.8488
saudi_arabia,1996,5.3678
saudi_arabia,1997,5.3520
saudi_arabia,1998,6.1407
saudi_arabia,1999,5.6543
saudi_arabia,2000,4.9009
saudi_arabia,2001,5.1349
saudi_arabia,2002,5.0376
saudi_arabia,2003,4.4719
saudi_arabia,2004,3.8683
saudi_arabia,2005,3.1854
saudi_arabia,2006,2.9199
saudi_arabia,2007,2.7428
saudi_arabia,2008,2.2927
saudi_arabia,2009,2.8304
saudi_arabia,2010,2.6191
saudi_arabia,2011,2.1552
saudi_arabia,2012,2.0709
saudi_arabia,2013,2.1700
saudi_arabia,2014,2.2886
saudi_arabia,2015,2.7729
saudi_arabia,2016,2.9470
saudi_arabia,2017,2.8675
saudi_arabia,2018,2.4816
saudi_arabia,2019,2.5595
saudi_arabia,2020,2.9603
saudi_arabia,2021,2.6968
saudi_arabia,2022,2.4058
senegal,1970,20.386
senegal,1971,17.745
senegal,1972,20.861
senegal,1973,19.146
senegal,1974,20.171
senegal,1975,25.588
senegal,1976,25.591
senegal,1977,23.202
senegal,1978,17.905
senegal,1979,20.316
senegal,1980,16.206
senegal,1981,15.328
senegal,1982,18.654
senegal,1983,18.470
senegal,1984,14.536
senegal,1985,16.104
senegal,1986,19.156
senegal,1987,18.614
senegal,1988,19.287
senegal,1989,16.642
senegal,1990,17.077
senegal,1991,16.424
senegal,1992,16.247
senegal,1993,16.296
senegal,1994,16.167
senegal,1995,17.344
senegal,1996,17.688
senegal,1997,17.521
senegal,1998,17.638
senegal,1999,17.376
senegal,2000,16.439
senegal,2001,16.252
senegal,2002,13.381
senegal,2003,15.491
senegal,2004,14.202
senegal,2005,15.180
senegal,2006,13.395
senegal,2007,12.246
senegal,2008,14.687
senegal,2009,16.108
senegal,2010,15.945
senegal,2011,12.947
senegal,2012,14.098
senegal,2013,13.725
senegal,2014,13.369
senegal,2015,14.283
senegal,2016,14.414
senegal,2017,14.982
senegal,2018,14.988
senegal,2019,14.896
senegal,2020,16.149
senegal,2021,15.469
senegal,2022,16.713
serbia,2006,6.8176
serbia,2007,6.1190
serbia,2008,7.4447
serbia,2009,7.2015
serbia,2010,6.6025
serbia,2011,7.4452
serbia,2012,6.4347
serbia,2013,7.4142
serbia,2014,7.0659
serbia,2015,6.7139
serbia,2016,6.8112
serbia,2017,6.0142
serbia,2018,6.3428
serbia,2019,5.9544
serbia,2020,6.3434
serbia,2021,6.2930
serbia,2022,6.4599
seychelles,1970,8.2251
seychelles,1971,8.2305
seychelles,1972,8.1983
seychelles,1973,8.2464
seychelles,1974,8.2469
seychelles,1975,8.1015
seychelles,1976,8.3908
seychelles,1977,8.2484
seychelles,1978,7.6653
seychelles,1979,6.5747
seychelles,1980,6.3024
seychelles,1981,5.9724
seychelles,1982,5.1671
seychelles,1983,7.2048
seychelles,1984,6.2114
seychelles,1985,5.5386
seychelles,1986,5.5407
seychelles,1987,4.7611
seychelles,1988,4.1945
seychelles,1989,3.8545
seychelles,1990,4.4811
seychelles,1991,4.6386
seychelles,1992,4.6904
seychelles,1993,5.1528
seychelles,1994,4.9766
seychelles,1995,4.9638
seychelles,1996,4.5299
seychelles,1997,4.7339
seychelles,1998,3.6684
seychelles,1999,4.4998
seychelles,2000,3.8056
seychelles,2001,3.7342
seychelles,2002,3.8069
seychelles,2003,3.4844
seychelles,2004,3.4571
seychelles,2005,3.2546
seychelles,2006,2.9807
seychelles,2007,2.6813
seychelles,2008,2.5022
seychelles,2009,2.2128
seychelles,2010,2.2173
seychelles,2011,2.1894
seychelles,2012,1.9798
seychelles,2013,2.6290
seychelles,2014,2.3293
seychelles,2015,2.0502
seychelles,2016,1.9147
seychelles,2017,2.1299
seychelles,2018,2.0748
seychelles,2019,2.1284
seychelles,2020,1.9676
seychelles,2021,2.1304
seychelles,2022,2.1951
sierra_leone,1964,36.700
sierra_leone,1965,32.990
sierra_leone,1966,33.730
sierra_leone,1967,34.010
sierra_leone,1968,31.810
sierra_leone,1969,29.590
sierra_leone,1970,26.514
sierra_leone,1971,26.644
sierra_leone,1972,26.870
sierra_leone,1973,27.288
sierra_leone,1974,30.001
sierra_leone,1975,33.265
sierra_leone,1976,35.498
sierra_leone,1977,35.293
sierra_leone,1978,32.949
sierra_leone,1979,31.186
sierra_leone,1980,30.067
sierra_leone,1981,31.461
sierra_leone,1982,34.222
sierra_leone,1983,36.475
sierra_leone,1984,40.006
sierra_leone,1985,39.066
sierra_leone,1986,37.507
sierra_leone,1987,38.087
sierra_leone,1988,37.171
sierra_leone,1989,35.682
sierra_leone,1990,45.667
sierra_leone,1991,46.081
sierra_leone,1992,46.064
sierra_leone,1993,45.577
sierra_leone,1994,46.234
sierra_leone,1995,45.341
sierra_leone,1996,46.376
sierra_leone,1997,47.680
sierra_leone,1998,46.725
sierra_leone,1999,47.077
sierra_leone,2000,46.019
sierra_leone,2001,45.136
sierra_leone,2002,46.214
sierra_leone,2003,46.357
sierra_leone,2004,48.486
sierra_leone,2005,49.391
sierra_leone,2006,50.294
sierra_leone,2007,52.176
sierra_leone,2008,53.654
sierra_leone,2009,55.261
sierra_leone,2010,52.943
sierra_leone,2011,54.593
sierra_leone,2012,50.592
sierra_leone,2013,47.983
sierra_leone,2014,51.792
sierra_leone,2015,58.755
sierra_leone,2016,57.747
sierra_leone,2017,60.290
sierra_leone,2018,58.934
sierra_leone,2019,58.154
sierra_leone,2020,59.487
sierra_leone,2021,57.449
sierra_leone,2022,57.460
singapore,1970,2.5649
singapore,1971,2.5845
singapore,1972,2.2126
singapore,1973,2.2865
singapore,1974,2.0107
singapore,1975,2.1553
singapore,1976,2.0435
singapore,1977,1.9917
singapore,1978,1.6654
singapore,1979,1.5491
singapore,1980,1.5095
singapore,1981,1.4632
singapore,1982,1.3434
singapore,1983,1.1785
singapore,1984,1.0700
singapore,1985,0.92113
singapore,1986,0.71700
singapore,1987,0.55061
singapore,1988,0.41698
singapore,1989,0.35591
singapore,1990,0.32344
singapore,1991,0.25006
singapore,1992,0.19736
singapore,1993,0.17279
singapore,1994,0.17316
singapore,1995,0.14486
singapore,1996,0.15002
singapore,1997,0.13292
singapore,1998,0.11138
singapore,1999,0.11125
singapore,2000,0.092132
singapore,2001,0.082357
singapore,2002,0.071033
singapore,2003,0.061134
singapore,2004,0.055649
singapore,2005,0.055048
singapore,2006,0.048865
singapore,2007,0.042868
singapore,2008,0.041432
singapore,2009,0.040688
singapore,2010,0.036088
singapore,2011,0.034721
singapore,2012,0.033354
singapore,2013,0.034297
singapore,2014,0.034591
singapore,2015,0.032590
singapore,2016,0.031537
singapore,2017,0.030799
singapore,2018,0.030098
singapore,2019,0.032292
singapore,2020,0.032869
singapore,2021,0.031439
singapore,2022,0.028125
slovakia,1993,2.3850
slovakia,1994,2.5309
slovakia,1995,2.2548
slovakia,1996,2.3003
slovakia,1997,2.0675
slovakia,1998,2.1247
slovakia,1999,1.6441
slovakia,2000,1.7103
slovakia,2001,2.1202
slovakia,2002,2.0429
slovakia,2003,1.8104
slovakia,2004,1.6675
slovakia,2005,1.6188
slovakia,2006,1.8483
slovakia,2007,2.2960
slovakia,2008,2.5332
slovakia,2009,2.0851
slovakia,2010,1.5684
slovakia,2011,1.8814
slovakia,2012,1.9019
slovakia,2013,2.2223
slovakia,2014,2.7488
slovakia,2015,2.1959
slovakia,2016,2.2424
slovakia,2017,2.0904
slovakia,2018,2.1451
slovakia,2019,1.7255
slovakia,2020,1.7292
slovakia,2021,1.7785
slovakia,2022,2.2194
slovenia,1992,5.8152
slovenia,1993,5.0482
slovenia,1994,4.4337
slovenia,1995,4.0298
slovenia,1996,3.7533
slovenia,1997,3.7529
slovenia,1998,3.5794
slovenia,1999,2.9923
slovenia,2000,3.0856
slovenia,2001,2.7881
slovenia,2002,2.9792
slovenia,2003,2.2521
slovenia,2004,2.4296
slovenia,2005,2.4252
slovenia,2006,2.1191
slovenia,2007,2.0481
slovenia,2008,1.8279
slovenia,2009,1.8159
slovenia,2010,1.8939
slovenia,2011,2.1426
slovenia,2012,1.9635
slovenia,2013,1.9712
slovenia,2014,2.0171
slovenia,2015,2.0966
slovenia,2016,1.9802
slovenia,2017,1.8397
slovenia,2018,2.2454
slovenia,2019,2.0209
slovenia,2020,2.0875
slovenia,2021,1.6840
slovenia,2022,1.8370
solomon_islands,1970,46.235
solomon_islands,1971,46.233
solomon_islands,1972,46.235
solomon_islands,1973,46.237
solomon_islands,1974,46.227
solomon_islands,1975,46.239
solomon_islands,1976,46.246
solomon_islands,1977,46.196
solomon_islands,1978,46.277
solomon_islands,1979,46.264
solomon_islands,1980,46.046
solomon_islands,1981,46.521
solomon_islands,1982,46.225
solomon_islands,1983,45.391
solomon_islands,1984,47.948
solomon_islands,1985,45.336
solomon_islands,1986,42.891
solomon_islands,1987,38.183
solomon_islands,1988,42.137
solomon_islands,1989,41.070
solomon_islands,1990,39.711
solomon_islands,1991,37.155
solomon_islands,1992,38.422
solomon_islands,1993,37.051
solomon_islands,1994,37.549
solomon_islands,1995,42.167
solomon_islands,1996,38.866
solomon_islands,1997,39.198
solomon_islands,1998,35.246
solomon_islands,1999,33.538
solomon_islands,2000,32.655
solomon_islands,2001,23.974
solomon_islands,2002,29.777
solomon_islands,2003,35.827
solomon_islands,2004,35.541
solomon_islands,2005,31.246
solomon_islands,2006,30.696
solomon_islands,2007,30.817
solomon_islands,2008,31.538
solomon_islands,2009,30.432
solomon_islands,2010,32.464
solomon_islands,2011,32.822
solomon_islands,2012,33.338
solomon_islands,2013,33.618
solomon_islands,2014,34.758
solomon_islands,2015,33.223
solomon_islands,2016,34.447
solomon_islands,2017,33.280
solomon_islands,2018,33.969
solomon_islands,2019,32.671
solomon_islands,2020,34.120
solomon_islands,2021,33.587
solomon_islands,2022,33.459
somalia,1961,70.820
somalia,1962,71.680
somalia,1963,70.660
somalia,1964,71.190
somalia,1965,70.530
somalia,1966,68.780
somalia,1967,66.290
somalia,1968,61.500
somalia,1969,60.550
somalia,1970,52.288
somalia,1971,48.260
somalia,1972,55.476
somalia,1973,48.096
somalia,1974,44.729
somalia,1975,51.756
somalia,1976,55.567
somalia,1977,55.959
somalia,1978,54.997
somalia,1979,51.063
somalia,1980,64.368
somalia,1981,62.817
somalia,1982,63.019
somalia,1983,60.938
somalia,1984,65.155
somalia,1985,63.630
somalia,1986,59.279
somalia,1987,62.484
somalia,1988,63.883
somalia,1989,64.993
somalia,1990,65.987
somalia,1991,61.098
somalia,1992,59.013
somalia,1993,58.690
somalia,1994,58.156
somalia,1995,57.243
somalia,1996,57.271
somalia,1997,57.293
somalia,1998,57.318
somalia,1999,55.884
somalia,2000,53.658
somalia,2001,53.026
somalia,2002,52.478
somalia,2003,52.609
somalia,2004,52.728
somalia,2005,52.270
somalia,2006,52.458
somalia,2007,52.618
somalia,2008,52.585
somalia,2009,52.687
somalia,2010,52.762
somalia,2011,52.809
somalia,2012,52.883
somalia,2013,52.878
somalia,2014,52.876
somalia,2015,52.892
somalia,2016,52.882
somalia,2017,52.872
somalia,2018,52.870
somalia,2019,52.875
somalia,2020,52.872
somalia,2021,52.872
somalia,2022,52.873
south_africa,1961,11.540
south_africa,1962,11.060
south_africa,1963,10.870
south_africa,1964,9.4660
south_africa,1965,9.1840
south_africa,1966,9.4880
south_africa,1967,10.450
south_africa,1968,8.7910
south_africa,1969,8.2660
south_africa,1970,6.5952
south_africa,1971,7.1598
south_africa,1972,7.0445
south_africa,1973,6.7105
south_africa,1974,8.0515
south_africa,1975,7.1180
south_africa,1976,6.2507
south_africa,1977,6.4888
south_africa,1978,6.1596
south_africa,1979,5.4626
south_africa,1980,5.7072
south_africa,1981,5.9228
south_africa,1982,5.1554
south_africa,1983,4.0219
south_africa,1984,4.3432
south_africa,1985,4.6770
south_africa,1986,4.4800
south_africa,1987,5.0457
south_africa,1988,5.2113
south_africa,1989,4.8009
south_africa,1990,4.1190
south_africa,1991,4.0596
south_africa,1992,3.3137
south_africa,1993,3.4226
south_africa,1994,3.7554
south_africa,1995,3.1216
south_africa,1996,3.4166
south_africa,1997,3.2659
south_africa,1998,3.0342
south_africa,1999,2.8464
south_africa,2000,2.6147
south_africa,2001,2.8125
south_africa,2002,2.9570
south_africa,2003,2.6540
south_africa,2004,2.4117
south_africa,2005,2.0851
south_africa,2006,2.0510
south_africa,2007,2.3559
south_africa,2008,2.5725
south_africa,2009,2.3995
south_africa,2010,2.1078
south_africa,2011,2.0439
south_africa,2012,1.9767
south_africa,2013,1.9268
south_africa,2014,2.1257
south_africa,2015,2.2340
south_africa,2016,2.4142
south_africa,2017,2.4938
south_africa,2018,2.2607
south_africa,2019,1.9503
south_africa,2020,2.5824
south_africa,2021,2.5573
south_africa,2022,2.8303
south_sudan,2012,4.0389
south_sudan,2013,4.6810
south_sudan,2014,4.8495
south_sudan,2015,4.1013
south_sudan,2016,3.8864
south_sudan,2017,2.8978
south_sudan,2018,2.7450
south_sudan,2019,3.6709
south_sudan,2020,5.9576
south_sudan,2021,3.2491
south_sudan,2022,2.8017
spain,1970,9.5254
spain,1971,10.063
spain,1972,9.4816
spain,1973,9.1963
spain,1974,8.7051
spain,1975,8.5895
spain,1976,8.1366
spain,1977,7.9565
spain,1978,7.8627
spain,1979,6.9316
spain,1980,6.4796
spain,1981,5.5393
spain,1982,5.6139
spain,1983,5.4706
spain,1984,5.7195
spain,1985,5.3609
spain,1986,5.1370
spain,1987,5.1259
spain,1988,5.2251
spain,1989,4.8355
spain,1990,4.7804
spain,1991,4.4670
spain,1992,3.9264
spain,1993,4.1956
spain,1994,4.1524
spain,1995,3.8846
spain,1996,4.3890
spain,1997,4.3022
spain,1998,4.1504
spain,1999,3.8174
spain,2000,3.7453
spain,2001,3.6776
spain,2002,3.4890
spain,2003,3.4312
spain,2004,3.1283
spain,2005,2.7691
spain,2006,2.4117
spain,2007,2.5080
spain,2008,2.3685
spain,2009,2.2655
spain,2010,2.4311
spain,2011,2.3733
spain,2012,2.4083
spain,2013,2.6215
spain,2014,2.5352
spain,2015,2.7341
spain,2016,2.8242
spain,2017,2.7870
spain,2018,2.7562
spain,2019,2.4689
spain,2020,2.8115
spain,2021,2.7308
spain,2022,2.3384
sri_lanka,1961,32.910
sri_lanka,1962,31.090
sri_lanka,1963,32.350
sri_lanka,1964,30.960
sri_lanka,1965,28.560
sri_lanka,1966,28.680
sri_lanka,1967,30.080
sri_lanka,1968,31.630
sri_lanka,1969,29.320
sri_lanka,1970,23.109
sri_lanka,1971,22.315
sri_lanka,1972,21.057
sri_lanka,1973,22.914
sri_lanka,1974,24.220
sri_lanka,1975,18.287
sri_lanka,1976,18.243
sri_lanka,1977,18.978
sri_lanka,1978,17.759
sri_lanka,1979,18.316
sri_lanka,1980,16.875
sri_lanka,1981,17.368
sri_lanka,1982,16.685
sri_lanka,1983,16.467
sri_lanka,1984,16.306
sri_lanka,1985,15.724
sri_lanka,1986,14.768
sri_lanka,1987,14.730
sri_lanka,1988,15.040
sri_lanka,1989,14.735
sri_lanka,1990,14.751
sri_lanka,1991,14.276
sri_lanka,1992,13.570
sri_lanka,1993,13.370
sri_lanka,1994,12.903
sri_lanka,1995,12.059
sri_lanka,1996,11.825
sri_lanka,1997,11.466
sri_lanka,1998,11.172
sri_lanka,1999,11.213
sri_lanka,2000,10.415
sri_lanka,2001,9.9569
sri_lanka,2002,9.4703
sri_lanka,2003,8.7747
sri_lanka,2004,8.3193
sri_lanka,2005,7.8389
sri_lanka,2006,7.2361
sri_lanka,2007,7.6326
sri_lanka,2008,9.1604
sri_lanka,2009,8.9389
sri_lanka,2010,9.0483
sri_lanka,2011,9.5332
sri_lanka,2012,7.9103
sri_lanka,2013,7.9246
sri_lanka,2014,8.0807
sri_lanka,2015,8.2169
sri_lanka,2016,7.2617
sri_lanka,2017,7.4307
sri_lanka,2018,7.5921
sri_lanka,2019,7.2562
sri_lanka,2020,8.2380
sri_lanka,2021,8.8346
sri_lanka,2022,8.7493
sudan,2012,34.268
sudan,2013,30.577
sudan,2014,32.093
sudan,2015,31.952
sudan,2016,24.270
sudan,2017,22.560
sudan,2018,18.535
sudan,2019,20.206
sudan,2020,20.434
sudan,2021,19.725
sudan,2022,20.122
suriname,1961,10.520
suriname,1962,10.170
suriname,1963,10.380
suriname,1964,10.420
suriname,1965,10.590
suriname,1966,9.3400
suriname,1967,8.7940
suriname,1968,8.6570
suriname,1969,7.7890
suriname,1970,6.7300
suriname,1971,6.7668
suriname,1972,6.6464
suriname,1973,6.7767
suriname,1974,6.8776
suriname,1975,6.2849
suriname,1976,7.1675
suriname,1977,7.1802
suriname,1978,6.2339
suriname,1979,7.4107
suriname,1980,7.7180
suriname,1981,7.8792
suriname,1982,7.8835
suriname,1983,7.1808
suriname,1984,7.7822
suriname,1985,8.1679
suriname,1986,9.2933
suriname,1987,10.420
suriname,1988,10.073
suriname,1989,8.9811
suriname,1990,17.537
suriname,1991,19.103
suriname,1992,24.191
suriname,1993,40.934
suriname,1994,35.393
suriname,1995,30.330
suriname,1996,32.058
suriname,1997,25.375
suriname,1998,18.188
suriname,1999,18.316
suriname,2000,20.686
suriname,2001,19.722
suriname,2002,14.539
suriname,2003,14.051
suriname,2004,11.430
suriname,2005,10.641
suriname,2006,10.185
suriname,2007,10.359
suriname,2008,9.2668
suriname,2009,10.339
suriname,2010,10.118
suriname,2011,9.4537
suriname,2012,9.2031
suriname,2013,9.4561
suriname,2014,10.370
suriname,2015,10.408
suriname,2016,10.766
suriname,2017,10.918
suriname,2018,10.032
suriname,2019,8.5961
suriname,2020,8.1360
suriname,2021,8.9002
suriname,2022,8.0587
sweden,1970,6.7560
sweden,1971,7.1971
sweden,1972,6.2608
sweden,1973,5.9562
sweden,1974,7.4681
sweden,1975,7.1065
sweden,1976,7.1426
sweden,1977,6.4778
sweden,1978,5.8544
sweden,1979,5.2209
sweden,1980,4.8066
sweden,1981,4.8715
sweden,1982,5.0212
sweden,1983,4.9551
sweden,1984,4.9461
sweden,1985,4.9029
sweden,1986,4.7254
sweden,1987,4.4815
sweden,1988,4.2820
sweden,1989,4.2066
sweden,1990,3.8411
sweden,1991,3.2307
sweden,1992,3.0694
sweden,1993,2.8916
sweden,1994,2.9004
sweden,1995,2.8891
sweden,1996,2.5539
sweden,1997,2.4701
sweden,1998,2.3113
sweden,1999,2.1302
sweden,2000,1.9429
sweden,2001,1.9449
sweden,2002,1.8997
sweden,2003,1.8586
sweden,2004,1.8278
sweden,2005,1.2538
sweden,2006,1.3622
sweden,2007,1.5784
sweden,2008,1.5675
sweden,2009,1.4367
sweden,2010,1.6494
sweden,2011,1.6705
sweden,2012,1.5471
sweden,2013,1.4665
sweden,2014,1.4433
sweden,2015,1.4496
sweden,2016,1.3987
sweden,2017,1.4435
sweden,2018,1.3928
sweden,2019,1.3921
sweden,2020,1.3294
sweden,2021,1.2881
sweden,2022,1.4650
switzerland,1970,2.2928
switzerland,1971,2.2932
switzerland,1972,2.2931
switzerland,1973,2.2920
switzerland,1974,2.2943
switzerland,1975,2.2929
switzerland,1976,2.2889
switzerland,1977,2.3013
switzerland,1978,2.2885
switzerland,1979,2.2769
switzerland,1980,2.3383
switzerland,1981,2.2504
switzerland,1982,2.2420
switzerland,1983,2.2597
switzerland,1984,2.3785
switzerland,1985,2.2105
switzerland,1986,2.1235
switzerland,1987,2.1166
switzerland,1988,2.1206
switzerland,1989,2.1026
switzerland,1990,1.9689
switzerland,1991,1.8446
switzerland,1992,1.7014
switzerland,1993,1.5619
switzerland,1994,1.4552
switzerland,1995,1.3987
switzerland,1996,1.2197
switzerland,1997,1.2452
switzerland,1998,1.1719
switzerland,1999,1.0924
switzerland,2000,1.0539
switzerland,2001,0.92092
switzerland,2002,0.93366
switzerland,2003,0.83699
switzerland,2004,0.93500
switzerland,2005,0.81862
switzerland,2006,0.75330
switzerland,2007,0.77316
switzerland,2008,0.78353
switzerland,2009,0.72251
switzerland,2010,0.66294
switzerland,2011,0.67670
switzerland,2012,0.63459
switzerland,2013,0.66253
switzerland,2014,0.70888
switzerland,2015,0.62645
switzerland,2016,0.65801
switzerland,2017,0.63133
switzerland,2018,0.64375
switzerland,2019,0.64775
switzerland,2020,0.70548
switzerland,2021,0.62593
switzerland,2022,0.61457
syrian_arab_republic,1970,20.181
syrian_arab_republic,1971,20.015
syrian_arab_republic,1972,24.995
syrian_arab_republic,1973,16.883
syrian_arab_republic,1974,20.212
syrian_arab_republic,1975,17.889
syrian_arab_republic,1976,19.334
syrian_arab_republic,1977,18.339
syrian_arab_republic,1978,20.954
syrian_arab_republic,1979,17.447
syrian_arab_republic,1980,20.224
syrian_arab_republic,1981,19.397
syrian_arab_republic,1982,20.140
syrian_arab_republic,1983,21.322
syrian_arab_republic,1984,19.650
syrian_arab_republic,1985,20.983
syrian_arab_republic,1986,23.832
syrian_arab_republic,1987,25.431
syrian_arab_republic,1988,30.551
syrian_arab_republic,1989,23.649
syrian_arab_republic,1990,28.285
syrian_arab_republic,1991,30.676
syrian_arab_republic,1992,31.712
syrian_arab_republic,1993,29.008
syrian_arab_republic,1994,27.841
syrian_arab_republic,1995,28.202
syrian_arab_republic,1996,27.717
syrian_arab_republic,1997,25.774
syrian_arab_republic,1998,29.386
syrian_arab_republic,1999,24.346
syrian_arab_republic,2000,24.734
syrian_arab_republic,2001,25.498
syrian_arab_republic,2002,24.864
syrian_arab_republic,2003,24.655
syrian_arab_republic,2004,22.433
syrian_arab_republic,2005,20.293
syrian_arab_republic,2006,21.457
syrian_arab_republic,2007,19.459
syrian_arab_republic,2008,18.756
syrian_arab_republic,2009,22.795
syrian_arab_republic,2010,19.439
syrian_arab_republic,2011,20.647
syrian_arab_republic,2012,23.432
syrian_arab_republic,2013,25.105
syrian_arab_republic,2014,26.860
syrian_arab_republic,2015,33.130
syrian_arab_republic,2016,34.167
syrian_arab_republic,2017,40.636
syrian_arab_republic,2018,39.010
syrian_arab_republic,2019,40.741
syrian_arab_republic,2020,36.642
syrian_arab_republic,2021,27.822
syrian_arab_republic,2022,35.068
tajikistan,1992,27.114
tajikistan,1993,19.510
tajikistan,1994,17.746
tajikistan,1995,34.118
tajikistan,1996,33.501
tajikistan,1997,29.770
tajikistan,1998,23.356
tajikistan,1999,23.620
tajikistan,2000,25.120
tajikistan,2001,23.802
tajikistan,2002,22.236
tajikistan,2003,24.197
tajikistan,2004,19.225
tajikistan,2005,21.192
tajikistan,2006,21.452
tajikistan,2007,19.434
tajikistan,2008,19.868
tajikistan,2009,18.552
tajikistan,2010,19.587
tajikistan,2011,23.836
tajikistan,2012,23.152
tajikistan,2013,20.127
tajikistan,2014,22.923
tajikistan,2015,20.918
tajikistan,2016,20.370
tajikistan,2017,20.283
tajikistan,2018,19.772
tajikistan,2019,20.867
tajikistan,2020,22.690
tajikistan,2021,22.449
tajikistan,2022,24.595
thailand,1961,35.840
thailand,1962,34.000
thailand,1963,33.070
thailand,1964,30.630
thailand,1965,31.920
thailand,1966,33.400
thailand,1967,29.240
thailand,1968,28.680
thailand,1969,28.680
thailand,1970,25.893
thailand,1971,23.900
thailand,1972,25.359
thailand,1973,27.699
thailand,1974,27.012
thailand,1975,26.876
thailand,1976,26.683
thailand,1977,24.774
thailand,1978,24.505
thailand,1979,24.004
thailand,1980,23.240
thailand,1981,21.357
thailand,1982,18.548
thailand,1983,20.060
thailand,1984,17.574
thailand,1985,15.809
thailand,1986,15.664
thailand,1987,15.733
thailand,1988,16.178
thailand,1989,17.212
thailand,1990,9.9849
thailand,1991,10.310
thailand,1992,10.076
thailand,1993,8.0258
thailand,1994,8.6275
thailand,1995,9.0812
thailand,1996,9.0634
thailand,1997,9.0649
thailand,1998,10.259
thailand,1999,8.8930
thailand,2000,8.4998
thailand,2001,8.5793
thailand,2002,8.6922
thailand,2003,9.4414
thailand,2004,9.2911
thailand,2005,9.1944
thailand,2006,9.4020
thailand,2007,9.3477
thailand,2008,10.072
thailand,2009,9.7870
thailand,2010,10.522
thailand,2011,11.592
thailand,2012,11.504
thailand,2013,11.322
thailand,2014,10.089
thailand,2015,8.8727
thailand,2016,8.4781
thailand,2017,8.4064
thailand,2018,8.2018
thailand,2019,8.1286
thailand,2020,8.7028
thailand,2021,8.7084
thailand,2022,8.8221
timor_leste,1990,21.245
timor_leste,1991,21.149
timor_leste,1992,21.157
timor_leste,1993,21.431
timor_leste,1994,21.402
timor_leste,1995,22.302
timor_leste,1996,23.591
timor_leste,1997,26.848
timor_leste,1998,33.655
timor_leste,1999,36.239
timor_leste,2000,28.434
timor_leste,2001,21.565
timor_leste,2002,24.690
timor_leste,2003,24.888
timor_leste,2004,30.803
timor_leste,2005,28.913
timor_leste,2006,32.204
timor_leste,2007,29.999
timor_leste,2008,30.158
timor_leste,2009,24.965
timor_leste,2010,25.599
timor_leste,2011,22.163
timor_leste,2012,25.800
timor_leste,2013,21.323
timor_leste,2014,21.054
timor_leste,2015,17.773
timor_leste,2016,16.938
timor_leste,2017,16.987
timor_leste,2018,17.656
timor_leste,2019,14.168
timor_leste,2020,13.123
timor_leste,2021,8.6206
timor_leste,2022,10.230
togo,1961,55.160
togo,1962,53.400
togo,1963,51.850
togo,1964,48.890
togo,1965,44.660
togo,1966,43.880
togo,1967,44.210
togo,1968,44.570
togo,1969,42.960
togo,1970,30.317
togo,1971,27.535
togo,1972,27.625
togo,1973,26.581
togo,1974,18.205
togo,1975,20.182
togo,1976,21.951
togo,1977,22.256
togo,1978,19.974
togo,1979,22.281
togo,1980,21.800
togo,1981,21.979
togo,1982,20.768
togo,1983,27.516
togo,1984,26.505
togo,1985,26.680
togo,1986,27.022
togo,1987,26.032
togo,1988,23.771
togo,1989,22.815
togo,1990,23.886
togo,1991,23.132
togo,1992,25.039
togo,1993,29.963
togo,1994,24.363
togo,1995,26.581
togo,1996,29.433
togo,1997,30.544
togo,1998,28.321
togo,1999,29.651
togo,2000,27.326
togo,2001,27.989
togo,2002,29.052
togo,2003,26.897
togo,2004,26.601
togo,2005,26.314
togo,2006,21.085
togo,2007,16.930
togo,2008,20.682
togo,2009,21.348
togo,2010,21.078
togo,2011,19.865
togo,2012,20.976
togo,2013,19.140
togo,2014,19.339
togo,2015,18.922
togo,2016,20.385
togo,2017,20.315
togo,2018,19.649
togo,2019,19.515
togo,2020,19.340
togo,2021,18.979
togo,2022,18.754
tonga,1970,40.801
tonga,1971,40.614
tonga,1972,41.046
tonga,1973,40.743
tonga,1974,40.054
tonga,1975,42.339
tonga,1976,39.837
tonga,1977,37.987
tonga,1978,35.813
tonga,1979,36.250
tonga,1980,40.265
tonga,1981,32.721
tonga,1982,32.866
tonga,1983,33.425
tonga,1984,32.509
tonga,1985,31.861
tonga,1986,32.934
tonga,1987,32.751
tonga,1988,31.645
tonga,1989,30.437
tonga,1990,29.314
tonga,1991,30.544
tonga,1992,33.068
tonga,1993,33.028
tonga,1994,21.537
tonga,1995,20.704
tonga,1996,20.309
tonga,1997,20.213
tonga,1998,21.261
tonga,1999,22.384
tonga,2000,19.637
tonga,2001,18.287
tonga,2002,18.106
tonga,2003,19.163
tonga,2004,20.250
tonga,2005,17.762
tonga,2006,15.772
tonga,2007,16.708
tonga,2008,14.744
tonga,2009,15.515
tonga,2010,16.440
tonga,2011,17.049
tonga,2012,16.644
tonga,2013,17.108
tonga,2014,16.355
tonga,2015,16.869
tonga,2016,16.618
tonga,2017,16.805
tonga,2018,17.072
tonga,2019,19.643
tonga,2020,17.815
tonga,2021,16.326
tonga,2022,17.928
trinidad_and_tobago,1970,8.0256
trinidad_and_tobago,1971,7.9157
trinidad_and_tobago,1972,8.4760
trinidad_and_tobago,1973,7.1399
trinidad_and_tobago,1974,5.3100
trinidad_and_tobago,1975,5.4145
trinidad_and_tobago,1976,6.4443
trinidad_and_tobago,1977,5.7143
trinidad_and_tobago,1978,5.8254
trinidad_and_tobago,1979,4.8077
trinidad_and_tobago,1980,3.7137
trinidad_and_tobago,1981,4.9337
trinidad_and_tobago,1982,5.1072
trinidad_and_tobago,1983,5.5586
trinidad_and_tobago,1984,4.3586
trinidad_and_tobago,1985,4.9831
trinidad_and_tobago,1986,4.8732
trinidad_and_tobago,1987,4.9176
trinidad_and_tobago,1988,4.7898
trinidad_and_tobago,1989,4.3536
trinidad_and_tobago,1990,4.1272
trinidad_and_tobago,1991,3.9990
trinidad_and_tobago,1992,3.9951
trinidad_and_tobago,1993,3.8788
trinidad_and_tobago,1994,3.3703
trinidad_and_tobago,1995,3.1531
trinidad_and_tobago,1996,3.0375
trinidad_and_tobago,1997,2.8460
trinidad_and_tobago,1998,2.4610
trinidad_and_tobago,1999,2.5149
trinidad_and_tobago,2000,2.0098
trinidad_and_tobago,2001,1.8356
trinidad_and_tobago,2002,2.1439
trinidad_and_tobago,2003,1.5723
trinidad_and_tobago,2004,1.2809
trinidad_and_tobago,2005,1.2068
trinidad_and_tobago,2006,1.0439
trinidad_and_tobago,2007,0.99527
trinidad_and_tobago,2008,0.91221
trinidad_and_tobago,2009,1.3022
trinidad_and_tobago,2010,1.2388
trinidad_and_tobago,2011,1.2580
trinidad_and_tobago,2012,1.3181
trinidad_and_tobago,2013,1.2571
trinidad_and_tobago,2014,1.4429
trinidad_and_tobago,2015,1.6583
trinidad_and_tobago,2016,1.6181
trinidad_and_tobago,2017,1.7201
trinidad_and_tobago,2018,1.7020
trinidad_and_tobago,2019,1.5851
trinidad_and_tobago,2020,1.7770
trinidad_and_tobago,2021,1.4709
trinidad_and_tobago,2022,1.0770
tunisia,1965,23.740
tunisia,1966,20.660
tunisia,1967,18.790
tunisia,1968,20.010
tunisia,1969,18.460
tunisia,1970,14.491
tunisia,1971,16.490
tunisia,1972,18.250
tunisia,1973,16.796
tunisia,1974,15.934
tunisia,1975,15.721
tunisia,1976,15.105
tunisia,1977,13.457
tunisia,1978,12.837
tunisia,1979,11.521
tunisia,1980,12.022
tunisia,1981,11.627
tunisia,1982,11.191
tunisia,1983,10.415
tunisia,1984,11.766
tunisia,1985,13.389
tunisia,1986,10.995
tunisia,1987,13.949
tunisia,1988,9.9872
tunisia,1989,10.916
tunisia,1990,13.374
tunisia,1991,14.225
tunisia,1992,13.716
tunisia,1993,12.513
tunisia,1994,10.683
tunisia,1995,9.6677
tunisia,1996,11.667
tunisia,1997,11.234
tunisia,1998,10.601
tunisia,1999,10.606
tunisia,2000,10.006
tunisia,2001,9.4219
tunisia,2002,8.2985
tunisia,2003,9.2915
tunisia,2004,9.9025
tunisia,2005,9.1698
tunisia,2006,9.2807
tunisia,2007,8.6420
tunisia,2008,7.8487
tunisia,2009,8.4566
tunisia,2010,7.5346
tunisia,2011,8.5672
tunisia,2012,9.1832
tunisia,2013,8.9428
tunisia,2014,8.9219
tunisia,2015,9.2059
tunisia,2016,8.5254
tunisia,2017,8.9861
tunisia,2018,9.8885
tunisia,2019,9.7663
tunisia,2020,10.380
tunisia,2021,10.139
tunisia,2022,9.8016
turkiye,1961,52.840
turkiye,1962,53.880
turkiye,1963,54.380
turkiye,1964,51.630
turkiye,1965,47.510
turkiye,1966,48.620
turkiye,1967,45.870
turkiye,1968,42.840
turkiye,1969,41.970
turkiye,1970,26.565
turkiye,1971,25.373
turkiye,1972,23.205
turkiye,1973,23.002
turkiye,1974,24.507
turkiye,1975,24.149
turkiye,1976,22.283
turkiye,1977,21.614
turkiye,1978,21.996
turkiye,1979,19.399
turkiye,1980,18.653
turkiye,1981,17.240
turkiye,1982,15.949
turkiye,1983,14.922
turkiye,1984,15.127
turkiye,1985,14.049
turkiye,1986,13.922
turkiye,1987,12.713
turkiye,1988,12.314
turkiye,1989,11.834
turkiye,1990,12.469
turkiye,1991,10.878
turkiye,1992,10.690
turkiye,1993,10.999
turkiye,1994,11.032
turkiye,1995,11.197
turkiye,1996,12.025
turkiye,1997,10.318
turkiye,1998,12.450
turkiye,1999,10.458
turkiye,2000,10.033
turkiye,2001,8.7880
turkiye,2002,10.191
turkiye,2003,9.7951
turkiye,2004,9.3274
turkiye,2005,9.1653
turkiye,2006,8.0949
turkiye,2007,7.4570
turkiye,2008,7.4247
turkiye,2009,8.0720
turkiye,2010,8.9669
turkiye,2011,8.1740
turkiye,2012,7.6949
turkiye,2013,6.6761
turkiye,2014,6.5572
turkiye,2015,6.8684
turkiye,2016,6.1423
turkiye,2017,6.0386
turkiye,2018,5.7916
turkiye,2019,6.4018
turkiye,2020,6.6699
turkiye,2021,5.5338
turkiye,2022,6.4769
turkmenistan,1992,10.875
turkmenistan,1993,18.177
turkmenistan,1994,32.535
turkmenistan,1995,16.129
turkmenistan,1996,12.594
turkmenistan,1997,20.061
turkmenistan,1998,25.200
turkmenistan,1999,24.840
turkmenistan,2000,22.949
turkmenistan,2001,23.776
turkmenistan,2002,20.933
turkmenistan,2003,19.119
turkmenistan,2004,18.355
turkmenistan,2005,18.532
turkmenistan,2006,17.198
turkmenistan,2007,18.855
turkmenistan,2008,10.722
turkmenistan,2009,10.515
turkmenistan,2010,11.341
turkmenistan,2011,8.8844
turkmenistan,2012,8.5015
turkmenistan,2013,8.4744
turkmenistan,2014,8.2954
turkmenistan,2015,9.3066
turkmenistan,2016,10.527
turkmenistan,2017,10.484
turkmenistan,2018,10.658
turkmenistan,2019,10.625
turkmenistan,2020,10.589
turkmenistan,2021,10.624
turkmenistan,2022,10.613
tuvalu,1970,14.529
tuvalu,1971,14.526
tuvalu,1972,14.518
tuvalu,1973,14.524
tuvalu,1974,14.572
tuvalu,1975,14.503
tuvalu,1976,14.510
tuvalu,1977,14.481
tuvalu,1978,14.554
tuvalu,1979,14.814
tuvalu,1980,14.153
tuvalu,1981,14.550
tuvalu,1982,14.334
tuvalu,1983,14.916
tuvalu,1984,16.118
tuvalu,1985,10.846
tuvalu,1986,16.536
tuvalu,1987,13.255
tuvalu,1988,17.826
tuvalu,1989,22.127
tuvalu,1990,23.019
tuvalu,1991,21.728
tuvalu,1992,20.827
tuvalu,1993,21.191
tuvalu,1994,21.197
tuvalu,1995,21.608
tuvalu,1996,23.740
tuvalu,1997,22.646
tuvalu,1998,20.073
tuvalu,1999,18.864
tuvalu,2000,18.768
tuvalu,2001,19.098
tuvalu,2002,18.089
tuvalu,2003,18.314
tuvalu,2004,19.328
tuvalu,2005,20.915
tuvalu,2006,22.799
tuvalu,2007,23.251
tuvalu,2008,22.318
tuvalu,2009,24.288
tuvalu,2010,26.718
tuvalu,2011,25.584
tuvalu,2012,25.463
tuvalu,2013,20.281
tuvalu,2014,16.640
tuvalu,2015,13.314
tuvalu,2016,10.991
tuvalu,2017,10.660
tuvalu,2018,10.109
tuvalu,2019,8.2157
tuvalu,2020,8.6436
tuvalu,2021,8.7391
tuvalu,2022,8.5328
uganda,1961,51.740
uganda,1962,51.170
uganda,1963,50.720
uganda,1964,52.030
uganda,1965,52.280
uganda,1966,51.890
uganda,1967,50.830
uganda,1968,49.680
uganda,1969,50.640
uganda,1970,43.292
uganda,1971,43.291
uganda,1972,43.297
uganda,1973,43.287
uganda,1974,43.288
uganda,1975,43.316
uganda,1976,43.255
uganda,1977,43.294
uganda,1978,43.400
uganda,1979,43.073
uganda,1980,43.408
uganda,1981,43.733
uganda,1982,42.102
uganda,1983,44.415
uganda,1984,40.888
uganda,1985,45.446
uganda,1986,46.772
uganda,1987,49.385
uganda,1988,47.171
uganda,1989,48.210
uganda,1990,43.312
uganda,1991,41.517
uganda,1992,43.690
uganda,1993,38.530
uganda,1994,41.213
uganda,1995,37.316
uganda,1996,33.407
uganda,1997,32.870
uganda,1998,31.702
uganda,1999,30.739
uganda,2000,29.664
uganda,2001,27.558
uganda,2002,24.969
uganda,2003,26.751
uganda,2004,25.693
uganda,2005,26.713
uganda,2006,25.172
uganda,2007,23.047
uganda,2008,24.067
uganda,2009,36.868
uganda,2010,27.709
uganda,2011,27.758
uganda,2012,26.010
uganda,2013,32.194
uganda,2014,20.920
uganda,2015,22.530
uganda,2016,24.214
uganda,2017,22.923
uganda,2018,22.949
uganda,2019,23.570
uganda,2020,24.767
uganda,2021,23.850
uganda,2022,25.101
ukraine,1992,20.121
ukraine,1993,20.785
ukraine,1994,14.061
ukraine,1995,13.286
ukraine,1996,11.800
ukraine,1997,12.076
ukraine,1998,11.644
ukraine,1999,11.458
ukraine,2000,13.952
ukraine,2001,13.976
ukraine,2002,12.603
ukraine,2003,10.500
ukraine,2004,10.437
ukraine,2005,8.8753
ukraine,2006,7.2391
ukraine,2007,6.2830
ukraine,2008,6.5354
ukraine,2009,6.9054
ukraine,2010,7.4476
ukraine,2011,8.1966
ukraine,2012,7.8157
ukraine,2013,8.7864
ukraine,2014,10.155
ukraine,2015,12.059
ukraine,2016,11.726
ukraine,2017,10.178
ukraine,2018,10.140
ukraine,2019,8.9652
ukraine,2020,9.3102
ukraine,2021,10.886
ukraine,2022,8.2222
united_arab_emirates,1970,0.48467
united_arab_emirates,1971,0.48491
united_arab_emirates,1972,0.47614
united_arab_emirates,1973,0.49026
united_arab_emirates,1974,0.48985
united_arab_emirates,1975,0.48220
united_arab_emirates,1976,0.48613
united_arab_emirates,1977,0.43226
united_arab_emirates,1978,0.56086
united_arab_emirates,1979,0.48778
united_arab_emirates,1980,0.43728
united_arab_emirates,1981,0.48891
united_arab_emirates,1982,0.57127
united_arab_emirates,1983,0.65162
united_arab_emirates,1984,0.75122
united_arab_emirates,1985,0.82568
united_arab_emirates,1986,1.0563
united_arab_emirates,1987,1.0193
united_arab_emirates,1988,1.0680
united_arab_emirates,1989,1.0640
united_arab_emirates,1990,0.94410
united_arab_emirates,1991,1.1575
united_arab_emirates,1992,1.2298
united_arab_emirates,1993,1.3209
united_arab_emirates,1994,1.6323
united_arab_emirates,1995,1.5939
united_arab_emirates,1996,1.5987
united_arab_emirates,1997,1.7872
united_arab_emirates,1998,1.9451
united_arab_emirates,1999,2.0810
united_arab_emirates,2000,2.0179
united_arab_emirates,2001,1.9963
united_arab_emirates,2002,1.9652
united_arab_emirates,2003,1.7192
united_arab_emirates,2004,1.4854
united_arab_emirates,2005,1.2446
united_arab_emirates,2006,0.97597
united_arab_emirates,2007,0.87110
united_arab_emirates,2008,0.73484
united_arab_emirates,2009,0.89744
united_arab_emirates,2010,0.73503
united_arab_emirates,2011,0.65142
united_arab_emirates,2012,0.62794
united_arab_emirates,2013,0.63317
united_arab_emirates,2014,0.62872
united_arab_emirates,2015,0.72367
united_arab_emirates,2016,0.75086
united_arab_emirates,2017,0.76176
united_arab_emirates,2018,0.71146
united_arab_emirates,2019,0.74671
united_arab_emirates,2020,0.96389
united_arab_emirates,2021,0.94342
united_arab_emirates,2022,0.82374
united_kingdom_of_great_britain_and_northern_ireland,1970,2.2459
united_kingdom_of_great_britain_and_northern_ireland,1971,2.2344
united_kingdom_of_great_britain_and_northern_ireland,1972,2.2356
united_kingdom_of_great_britain_and_northern_ireland,1973,2.2307
united_kingdom_of_great_britain_and_northern_ireland,1974,2.2559
united_kingdom_of_great_britain_and_northern_ireland,1975,2.2535
united_kingdom_of_great_britain_and_northern_ireland,1976,2.1471
united_kingdom_of_great_britain_and_northern_ireland,1977,2.0304
united_kingdom_of_great_britain_and_northern_ireland,1978,1.9150
united_kingdom_of_great_britain_and_northern_ireland,1979,1.7914
united_kingdom_of_great_britain_and_northern_ireland,1980,1.6811
united_kingdom_of_great_britain_and_northern_ireland,1981,1.6081
united_kingdom_of_great_britain_and_northern_ireland,1982,1.5333
united_kingdom_of_great_britain_and_northern_ireland,1983,1.4661
united_kingdom_of_great_britain_and_northern_ireland,1984,1.3942
united_kingdom_of_great_britain_and_northern_ireland,1985,1.3229
united_kingdom_of_great_britain_and_northern_ireland,1986,1.3520
united_kingdom_of_great_britain_and_northern_ireland,1987,1.3608
united_kingdom_of_great_britain_and_northern_ireland,1988,1.3870
united_kingdom_of_great_britain_and_northern_ireland,1989,1.4227
united_kingdom_of_great_britain_and_northern_ireland,1990,1.3059
united_kingdom_of_great_britain_and_northern_ireland,1991,1.2811
united_kingdom_of_great_britain_and_northern_ireland,1992,1.2705
united_kingdom_of_great_britain_and_northern_ireland,1993,1.2818
united_kingdom_of_great_britain_and_northern_ireland,1994,1.3251
united_kingdom_of_great_britain_and_northern_ireland,1995,1.2177
united_kingdom_of_great_britain_and_northern_ireland,1996,1.0600
united_kingdom_of_great_britain_and_northern_ireland,1997,0.93643
united_kingdom_of_great_britain_and_northern_ireland,1998,0.93610
united_kingdom_of_great_britain_and_northern_ireland,1999,0.84429
united_kingdom_of_great_britain_and_northern_ireland,2000,0.81980
united_kingdom_of_great_britain_and_northern_ireland,2001,0.75968
united_kingdom_of_great_britain_and_northern_ireland,2002,0.89220
united_kingdom_of_great_britain_and_northern_ireland,2003,0.85049
united_kingdom_of_great_britain_and_northern_ireland,2004,0.72847
united_kingdom_of_great_britain_and_northern_ireland,2005,0.54492
united_kingdom_of_great_britain_and_northern_ireland,2006,0.57064
united_kingdom_of_great_britain_and_northern_ireland,2007,0.56246
united_kingdom_of_great_britain_and_northern_ireland,2008,0.67445
united_kingdom_of_great_britain_and_northern_ireland,2009,0.67607
united_kingdom_of_great_britain_and_northern_ireland,2010,0.58668
united_kingdom_of_great_britain_and_northern_ireland,2011,0.68255
united_kingdom_of_great_britain_and_northern_ireland,2012,0.62840
united_kingdom_of_great_britain_and_northern_ireland,2013,0.63339
united_kingdom_of_great_britain_and_northern_ireland,2014,0.74501
united_kingdom_of_great_britain_and_northern_ireland,2015,0.63117
united_kingdom_of_great_britain_and_northern_ireland,2016,0.57892
united_kingdom_of_great_britain_and_northern_ireland,2017,0.59405
united_kingdom_of_great_britain_and_northern_ireland,2018,0.57111
united_kingdom_of_great_britain_and_northern_ireland,2019,0.60472
united_kingdom_of_great_britain_and_northern_ireland,2020,0.66008
united_kingdom_of_great_britain_and_northern_ireland,2021,0.70956
united_kingdom_of_great_britain_and_northern_ireland,2022,0.76423
united_republic_of_tanzania,1970,16.487
united_republic_of_tanzania,1971,15.687
united_republic_of_tanzania,1972,15.897
united_republic_of_tanzania,1973,15.317
united_republic_of_tanzania,1974,14.938
united_republic_of_tanzania,1975,16.506
united_republic_of_tanzania,1976,18.646
united_republic_of_tanzania,1977,19.661
united_republic_of_tanzania,1978,19.828
united_republic_of_tanzania,1979,20.958
united_republic_of_tanzania,1980,20.045
united_republic_of_tanzania,1981,21.128
united_republic_of_tanzania,1982,24.055
united_republic_of_tanzania,1983,24.908
united_republic_of_tanzania,1984,25.349
united_republic_of_tanzania,1985,25.639
united_republic_of_tanzania,1986,27.463
united_republic_of_tanzania,1987,25.664
united_republic_of_tanzania,1988,28.382
united_republic_of_tanzania,1989,28.012
united_republic_of_tanzania,1990,26.078
united_republic_of_tanzania,1991,27.066
united_republic_of_tanzania,1992,26.791
united_republic_of_tanzania,1993,27.316
united_republic_of_tanzania,1994,27.247
united_republic_of_tanzania,1995,28.532
united_republic_of_tanzania,1996,28.752
united_republic_of_tanzania,1997,27.828
united_republic_of_tanzania,1998,26.937
united_republic_of_tanzania,1999,26.843
united_republic_of_tanzania,2000,26.236
united_republic_of_tanzania,2001,25.746
united_republic_of_tanzania,2002,25.411
united_republic_of_tanzania,2003,25.356
united_republic_of_tanzania,2004,25.931
united_republic_of_tanzania,2005,24.359
united_republic_of_tanzania,2006,24.845
united_republic_of_tanzania,2007,22.961
united_republic_of_tanzania,2008,24.576
united_republic_of_tanzania,2009,25.777
united_republic_of_tanzania,2010,25.481
united_republic_of_tanzania,2011,25.086
united_republic_of_tanzania,2012,26.480
united_republic_of_tanzania,2013,26.708
united_republic_of_tanzania,2014,25.710
united_republic_of_tanzania,2015,26.632
united_republic_of_tanzania,2016,27.310
united_republic_of_tanzania,2017,28.579
united_republic_of_tanzania,2018,27.164
united_republic_of_tanzania,2019,26.945
united_republic_of_tanzania,2020,26.597
united_republic_of_tanzania,2021,26.752
united_republic_of_tanzania,2022,26.223
united_states_of_america,1970,2.3372
united_states_of_america,1971,2.3165
united_states_of_america,1972,2.4450
united_states_of_america,1973,3.2246
united_states_of_america,1974,2.8837
united_states_of_america,1975,2.7230
united_states_of_america,1976,2.3961
united_states_of_america,1977,2.1800
united_states_of_america,1978,2.2528
united_states_of_america,1979,2.3807
united_states_of_america,1980,1.9696
united_states_of_america,1981,2.1330
united_states_of_america,1982,1.9495
united_states_of_america,1983,1.4578
united_states_of_america,1984,1.7412
united_states_of_america,1985,1.6336
united_states_of_america,1986,1.5045
united_states_of_america,1987,1.5296
united_states_of_america,1988,1.4214
united_states_of_america,1989,1.5104
united_states_of_america,1990,1.5172
united_states_of_america,1991,1.3959
united_states_of_america,1992,1.4311
united_states_of_america,1993,1.3191
united_states_of_america,1994,1.3584
united_states_of_america,1995,1.2006
united_states_of_america,1996,1.3493
united_states_of_america,1997,1.2661
united_states_of_america,1998,1.1012
united_states_of_america,1999,0.96146
united_states_of_america,2000,0.95893
united_states_of_america,2001,0.94312
united_states_of_america,2002,0.87747
united_states_of_america,2003,1.0003
united_states_of_america,2004,1.1770
united_states_of_america,2005,0.99316
united_states_of_america,2006,0.91491
united_states_of_america,2007,1.0052
united_states_of_america,2008,0.98850
united_states_of_america,2009,0.89169
united_states_of_america,2010,0.96286
united_states_of_america,2011,1.1487
united_states_of_america,2012,1.0994
united_states_of_america,2013,1.2723
united_states_of_america,2014,1.1333
united_states_of_america,2015,0.98923
united_states_of_america,2016,0.88686
united_states_of_america,2017,0.90169
united_states_of_america,2018,0.85744
united_states_of_america,2019,0.75294
united_states_of_america,2020,0.75401
united_states_of_america,2021,0.95647
united_states_of_america,2022,1.0520
uruguay,1970,14.404
uruguay,1971,14.854
uruguay,1972,19.246
uruguay,1973,21.644
uruguay,1974,18.787
uruguay,1975,13.465
uruguay,1976,12.330
uruguay,1977,14.222
uruguay,1978,12.307
uruguay,1979,13.498
uruguay,1980,12.416
uruguay,1981,10.538
uruguay,1982,9.9817
uruguay,1983,11.654
uruguay,1984,12.725
uruguay,1985,11.825
uruguay,1986,11.003
uruguay,1987,11.926
uruguay,1988,11.604
uruguay,1989,10.880
uruguay,1990,9.8580
uruguay,1991,8.8510
uruguay,1992,7.6669
uruguay,1993,6.4060
uruguay,1994,6.8923
uruguay,1995,7.4938
uruguay,1996,6.9717
uruguay,1997,6.5515
uruguay,1998,6.8237
uruguay,1999,5.8152
uruguay,2000,5.9942
uruguay,2001,5.5867
uruguay,2002,7.5297
uruguay,2003,9.6388
uruguay,2004,10.997
uruguay,2005,8.7458
uruguay,2006,8.9139
uruguay,2007,8.4994
uruguay,2008,9.1689
uruguay,2009,7.8870
uruguay,2010,7.2021
uruguay,2011,9.0195
uruguay,2012,8.4758
uruguay,2013,8.1196
uruguay,2014,7.3355
uruguay,2015,6.8216
uruguay,2016,6.6787
uruguay,2017,5.4064
uruguay,2018,5.8245
uruguay,2019,6.6204
uruguay,2020,6.5661
uruguay,2021,8.2009
uruguay,2022,7.0862
uzbekistan,1992,29.504
uzbekistan,1993,23.148
uzbekistan,1994,54.664
uzbekistan,1995,44.593
uzbekistan,1996,35.590
uzbekistan,1997,44.829
uzbekistan,1998,42.512
uzbekistan,1999,46.038
uzbekistan,2000,47.388
uzbekistan,2001,47.811
uzbekistan,2002,48.048
uzbekistan,2003,45.400
uzbekistan,2004,42.181
uzbekistan,2005,42.000
uzbekistan,2006,39.495
uzbekistan,2007,36.126
uzbekistan,2008,30.223
uzbekistan,2009,28.237
uzbekistan,2010,26.922
uzbekistan,2011,29.699
uzbekistan,2012,28.964
uzbekistan,2013,27.811
uzbekistan,2014,28.696
uzbekistan,2015,29.221
uzbekistan,2016,29.277
uzbekistan,2017,28.658
uzbekistan,2018,26.563
uzbekistan,2019,24.382
uzbekistan,2020,24.854
uzbekistan,2021,24.618
uzbekistan,2022,23.465
vanuatu,1970,29.952
vanuatu,1971,29.952
vanuatu,1972,29.952
vanuatu,1973,29.952
vanuatu,1974,29.952
vanuatu,1975,29.952
vanuatu,1976,29.952
vanuatu,1977,29.952
vanuatu,1978,29.952
vanuatu,1979,29.952
vanuatu,1980,29.952
vanuatu,1981,29.952
vanuatu,1982,29.952
vanuatu,1983,30.276
vanuatu,1984,33.300
vanuatu,1985,34.180
vanuatu,1986,28.175
vanuatu,1987,24.934
vanuatu,1988,22.674
vanuatu,1989,22.150
vanuatu,1990,23.214
vanuatu,1991,20.945
vanuatu,1992,21.450
vanuatu,1993,25.519
vanuatu,1994,24.966
vanuatu,1995,28.836
vanuatu,1996,28.854
vanuatu,1997,29.264
vanuatu,1998,26.762
vanuatu,1999,25.527
vanuatu,2000,23.949
vanuatu,2001,24.182
vanuatu,2002,24.153
vanuatu,2003,22.830
vanuatu,2004,23.599
vanuatu,2005,22.274
vanuatu,2006,20.984
vanuatu,2007,20.560
vanuatu,2008,20.193
vanuatu,2009,19.761
vanuatu,2010,20.725
vanuatu,2011,22.880
vanuatu,2012,25.016
vanuatu,2013,24.992
vanuatu,2014,25.196
vanuatu,2015,21.604
vanuatu,2016,20.928
vanuatu,2017,21.371
vanuatu,2018,21.220
vanuatu,2019,21.121
vanuatu,2020,22.869
vanuatu,2021,21.736
vanuatu,2022,21.909
venezuela_bolivarian_republic_of,1961,4.9350
venezuela_bolivarian_republic_of,1962,4.9030
venezuela_bolivarian_republic_of,1963,5.0800
venezuela_bolivarian_republic_of,1964,5.0980
venezuela_bolivarian_republic_of,1965,5.3220
venezuela_bolivarian_republic_of,1966,5.6430
venezuela_bolivarian_republic_of,1967,5.8760
venezuela_bolivarian_republic_of,1968,5.9720
venezuela_bolivarian_republic_of,1969,6.4720
venezuela_bolivarian_republic_of,1970,6.5574
venezuela_bolivarian_republic_of,1971,5.9701
venezuela_bolivarian_republic_of,1972,5.5556
venezuela_bolivarian_republic_of,1973,4.6512
venezuela_bolivarian_republic_of,1974,3.8168
venezuela_bolivarian_republic_of,1975,5.0725
venezuela_bolivarian_republic_of,1976,4.4304
venezuela_bolivarian_republic_of,1977,4.9451
venezuela_bolivarian_republic_of,1978,5.0505
venezuela_bolivarian_republic_of,1979,4.5267
venezuela_bolivarian_republic_of,1980,4.7138
venezuela_bolivarian_republic_of,1981,4.7904
venezuela_bolivarian_republic_of,1982,4.9853
venezuela_bolivarian_republic_of,1983,5.5882
venezuela_bolivarian_republic_of,1984,5.6511
venezuela_bolivarian_republic_of,1985,6.2222
venezuela_bolivarian_republic_of,1986,7.1882
venezuela_bolivarian_republic_of,1987,6.6766
venezuela_bolivarian_republic_of,1988,7.2189
venezuela_bolivarian_republic_of,1989,6.7455
venezuela_bolivarian_republic_of,1990,5.8930
venezuela_bolivarian_republic_of,1991,5.9544
venezuela_bolivarian_republic_of,1992,5.8029
venezuela_bolivarian_republic_of,1993,5.8355
venezuela_bolivarian_republic_of,1994,5.5033
venezuela_bolivarian_republic_of,1995,5.6856
venezuela_bolivarian_republic_of,1996,4.6091
venezuela_bolivarian_republic_of,1997,4.4966
venezuela_bolivarian_republic_of,1998,4.9507
venezuela_bolivarian_republic_of,1999,4.3508
venezuela_bolivarian_republic_of,2000,3.9332
venezuela_bolivarian_republic_of,2001,4.2318
venezuela_bolivarian_republic_of,2002,3.8474
venezuela_bolivarian_republic_of,2003,4.3128
venezuela_bolivarian_republic_of,2004,3.7187
venezuela_bolivarian_republic_of,2005,3.6953
venezuela_bolivarian_republic_of,2006,3.6568
venezuela_bolivarian_republic_of,2007,3.8134
venezuela_bolivarian_republic_of,2008,4.1584
venezuela_bolivarian_republic_of,2009,5.6623
venezuela_bolivarian_republic_of,2010,5.3753
venezuela_bolivarian_republic_of,2011,5.0129
venezuela_bolivarian_republic_of,2012,5.0164
venezuela_bolivarian_republic_of,2013,4.9026
venezuela_bolivarian_republic_of,2014,5.0268
venezuela_bolivarian_republic_of,2015,4.2915
venezuela_bolivarian_republic_of,2016,6.9776
venezuela_bolivarian_republic_of,2017,8.6512
venezuela_bolivarian_republic_of,2018,2.1508
venezuela_bolivarian_republic_of,2019,2.7115
venezuela_bolivarian_republic_of,2020,5.0090
venezuela_bolivarian_republic_of,2021,5.1000
venezuela_bolivarian_republic_of,2022,4.7245
viet_nam,1970,42.730
viet_nam,1971,42.730
viet_nam,1972,42.729
viet_nam,1973,42.730
viet_nam,1974,42.730
viet_nam,1975,42.728
viet_nam,1976,42.730
viet_nam,1977,42.733
viet_nam,1978,42.722
viet_nam,1979,42.734
viet_nam,1980,42.743
viet_nam,1981,42.690
viet_nam,1982,42.767
viet_nam,1983,42.773
viet_nam,1984,42.530
viet_nam,1985,42.999
viet_nam,1986,42.791
viet_nam,1987,41.800
viet_nam,1988,44.405
viet_nam,1989,42.167
viet_nam,1990,38.829
viet_nam,1991,40.585
viet_nam,1992,34.019
viet_nam,1993,29.941
viet_nam,1994,27.493
viet_nam,1995,27.247
viet_nam,1996,27.825
viet_nam,1997,25.833
viet_nam,1998,25.842
viet_nam,1999,25.495
viet_nam,2000,24.593
viet_nam,2001,23.296
viet_nam,2002,23.084
viet_nam,2003,22.596
viet_nam,2004,20.064
viet_nam,2005,19.300
viet_nam,2006,18.057
viet_nam,2007,17.285
viet_nam,2008,18.183
viet_nam,2009,16.341
viet_nam,2010,15.375
viet_nam,2011,16.259
viet_nam,2012,16.200
viet_nam,2013,15.216
viet_nam,2014,14.880
viet_nam,2015,14.475
viet_nam,2016,13.818
viet_nam,2017,12.930
viet_nam,2018,12.307
viet_nam,2019,11.785
viet_nam,2020,12.655
viet_nam,2021,12.560
viet_nam,2022,11.877
yemen,1989,24.341
yemen,1990,21.243
yemen,1991,18.603
yemen,1992,19.645
yemen,1993,18.207
yemen,1994,19.236
yemen,1995,17.144
yemen,1996,14.257
yemen,1997,13.799
yemen,1998,16.538
yemen,1999,13.996
yemen,2000,12.036
yemen,2001,12.218
yemen,2002,11.525
yemen,2003,11.127
yemen,2004,10.530
yemen,2005,9.4936
yemen,2006,9.2455
yemen,2007,9.8725
yemen,2008,9.9786
yemen,2009,12.602
yemen,2010,12.021
yemen,2011,13.941
yemen,2012,14.758
yemen,2013,14.750
yemen,2014,13.764
yemen,2015,17.934
yemen,2016,18.394
yemen,2017,18.861
yemen,2018,18.985
yemen,2019,19.380
yemen,2020,19.276
yemen,2021,19.214
yemen,2022,19.290
zambia,1965,15.630
zambia,1966,14.690
zambia,1967,14.030
zambia,1968,12.440
zambia,1969,10.560
zambia,1970,9.0112
zambia,1971,10.040
zambia,1972,11.226
zambia,1973,9.2049
zambia,1974,8.4988
zambia,1975,11.626
zambia,1976,13.874
zambia,1977,12.633
zambia,1978,11.279
zambia,1979,9.5377
zambia,1980,10.349
zambia,1981,11.525
zambia,1982,12.145
zambia,1983,12.548
zambia,1984,13.242
zambia,1985,11.518
zambia,1986,14.734
zambia,1987,14.348
zambia,1988,16.702
zambia,1989,14.349
zambia,1990,15.133
zambia,1991,15.815
zambia,1992,21.269
zambia,1993,30.480
zambia,1994,11.827
zambia,1995,14.089
zambia,1996,13.298
zambia,1997,13.982
zambia,1998,15.868
zambia,1999,18.191
zambia,2000,16.149
zambia,2001,15.527
zambia,2002,15.361
zambia,2003,15.617
zambia,2004,15.581
zambia,2005,14.589
zambia,2006,13.206
zambia,2007,12.106
zambia,2008,11.454
zambia,2009,11.553
zambia,2010,9.4209
zambia,2011,9.2430
zambia,2012,9.5674
zambia,2013,8.6784
zambia,2014,6.8958
zambia,2015,5.0718
zambia,2016,6.3384
zambia,2017,7.1468
zambia,2018,3.3411
zambia,2019,2.8607
zambia,2020,2.9848
zambia,2021,3.4001
zambia,2022,3.0969
zimbabwe,1965,20.130
zimbabwe,1966,21.950
zimbabwe,1967,22.890
zimbabwe,1968,17.780
zimbabwe,1969,20.450
zimbabwe,1970,11.580
zimbabwe,1971,13.129
zimbabwe,1972,13.467
zimbabwe,1973,11.306
zimbabwe,1974,13.823
zimbabwe,1975,13.202
zimbabwe,1976,13.196
zimbabwe,1977,12.409
zimbabwe,1978,10.005
zimbabwe,1979,9.2892
zimbabwe,1980,10.703
zimbabwe,1981,11.790
zimbabwe,1982,10.512
zimbabwe,1983,7.0449
zimbabwe,1984,9.5385
zimbabwe,1985,16.922
zimbabwe,1986,13.178
zimbabwe,1987,10.718
zimbabwe,1988,12.109
zimbabwe,1989,10.942
zimbabwe,1990,12.112
zimbabwe,1991,11.063
zimbabwe,1992,5.5136
zimbabwe,1993,11.219
zimbabwe,1994,13.948
zimbabwe,1995,10.933
zimbabwe,1996,16.625
zimbabwe,1997,16.733
zimbabwe,1998,15.495
zimbabwe,1999,19.380
zimbabwe,2000,19.339
zimbabwe,2001,24.508
zimbabwe,2002,24.817
zimbabwe,2003,19.609
zimbabwe,2004,9.3846
zimbabwe,2005,9.5137
zimbabwe,2006,15.810
zimbabwe,2007,22.394
zimbabwe,2008,17.603
zimbabwe,2009,10.743
zimbabwe,2010,9.6099
zimbabwe,2011,8.6659
zimbabwe,2012,8.0445
zimbabwe,2013,7.1445
zimbabwe,2014,8.7453
zimbabwe,2015,8.2842
zimbabwe,2016,7.8740
zimbabwe,2017,7.2477
zimbabwe,2018,7.3194
zimbabwe,2019,9.8193
zimbabwe,2020,8.7729
zimbabwe,2021,8.8499
zimbabwe,2022,7.1689
