area,year,harvested_irrigated_temporary_crop_area_sesame
afg,2006,10.000
bgd,2008,30.000
bol,2008,0.53000
chn,2006,255.00
egy,2002,30.280
egy,2010,28.000
irq,2010,13.120
mar,2000,3.2000
mmr,1995,71.210
mmr,2006,79.000
nic,2011,0.033000
omn,2004,0.00010000
pak,2008,69.920
zaf,2000,1.5000
tjk,2009,0.61600
uga,2012,0.20000
ven,2008,0.60000
yem,1994,20.410
yem,2004,14.440
