area,year,irrigation_potential
algeria,1961,1300.0
algeria,1962,1300.0
algeria,1963,1300.0
algeria,1964,1300.0
algeria,1965,1300.0
algeria,1966,1300.0
algeria,1967,1300.0
algeria,1968,1300.0
algeria,1969,1300.0
algeria,1970,1300.0
algeria,1971,1300.0
algeria,1972,1300.0
algeria,1973,1300.0
algeria,1974,1300.0
algeria,1975,1300.0
algeria,1976,1300.0
algeria,1977,1300.0
algeria,1978,1300.0
algeria,1979,1300.0
algeria,1980,1300.0
algeria,1981,1300.0
algeria,1982,1300.0
algeria,1983,1300.0
algeria,1984,1300.0
algeria,1985,1300.0
algeria,1986,1300.0
algeria,1987,1300.0
algeria,1988,1300.0
algeria,1989,1300.0
algeria,1990,1300.0
algeria,1991,1300.0
algeria,1992,1300.0
algeria,1993,1300.0
algeria,1994,1300.0
algeria,1995,1300.0
algeria,1996,1300.0
algeria,1997,1300.0
algeria,1998,1300.0
algeria,1999,1300.0
algeria,2000,1300.0
algeria,2001,1300.0
algeria,2002,1300.0
algeria,2003,1300.0
algeria,2004,1300.0
algeria,2005,1300.0
algeria,2006,1300.0
algeria,2007,1300.0
algeria,2008,1300.0
algeria,2009,1300.0
algeria,2010,1300.0
algeria,2011,1300.0
algeria,2012,1300.0
algeria,2013,1300.0
algeria,2014,1300.0
algeria,2015,1300.0
algeria,2016,1300.0
algeria,2017,1300.0
algeria,2018,1300.0
algeria,2019,1300.0
algeria,2020,1300.0
algeria,2021,1300.0
algeria,2022,1300.0
angola,1961,3700.0
angola,1962,3700.0
angola,1963,3700.0
angola,1964,3700.0
angola,1965,3700.0
angola,1966,3700.0
angola,1967,3700.0
angola,1968,3700.0
angola,1969,3700.0
angola,1970,3700.0
angola,1971,3700.0
angola,1972,3700.0
angola,1973,3700.0
angola,1974,3700.0
angola,1975,3700.0
angola,1976,3700.0
angola,1977,3700.0
angola,1978,3700.0
angola,1979,3700.0
angola,1980,3700.0
angola,1981,3700.0
angola,1982,3700.0
angola,1983,3700.0
angola,1984,3700.0
angola,1985,3700.0
angola,1986,3700.0
angola,1987,3700.0
angola,1988,3700.0
angola,1989,3700.0
angola,1990,3700.0
angola,1991,3700.0
angola,1992,3700.0
angola,1993,3700.0
angola,1994,3700.0
angola,1995,3700.0
angola,1996,3700.0
angola,1997,3700.0
angola,1998,3700.0
angola,1999,3700.0
angola,2000,3700.0
angola,2001,3700.0
angola,2002,3700.0
angola,2003,3700.0
angola,2004,3700.0
angola,2005,3700.0
angola,2006,3700.0
angola,2007,3700.0
angola,2008,3700.0
angola,2009,3700.0
angola,2010,3700.0
angola,2011,3700.0
angola,2012,3700.0
angola,2013,3700.0
angola,2014,3700.0
angola,2015,3700.0
angola,2016,3700.0
angola,2017,3700.0
angola,2018,3700.0
angola,2019,3700.0
angola,2020,3700.0
angola,2021,3700.0
angola,2022,3700.0
argentina,1961,16000
argentina,1962,16000
argentina,1963,16000
argentina,1964,16000
argentina,1965,16000
argentina,1966,16000
argentina,1967,16000
argentina,1968,16000
argentina,1969,16000
argentina,1970,16000
argentina,1971,16000
argentina,1972,16000
argentina,1973,16000
argentina,1974,16000
argentina,1975,16000
argentina,1976,16000
argentina,1977,16000
argentina,1978,16000
argentina,1979,16000
argentina,1980,16000
argentina,1981,16000
argentina,1982,16000
argentina,1983,16000
argentina,1984,16000
argentina,1985,16000
argentina,1986,16000
argentina,1987,16000
argentina,1988,16000
argentina,1989,16000
argentina,1990,16000
argentina,1991,16000
argentina,1992,16000
argentina,1993,16000
argentina,1994,16000
argentina,1995,16000
argentina,1996,16000
argentina,1997,16000
argentina,1998,16000
argentina,1999,16000
argentina,2000,16000
argentina,2001,16000
argentina,2002,16000
argentina,2003,16000
argentina,2004,16000
argentina,2005,16000
argentina,2006,16000
argentina,2007,16000
argentina,2008,16000
argentina,2009,16000
argentina,2010,16000
argentina,2011,16000
argentina,2012,16000
argentina,2013,16000
argentina,2014,16000
argentina,2015,16000
argentina,2016,16000
argentina,2017,16000
argentina,2018,16000
argentina,2019,16000
argentina,2020,16000
argentina,2021,16000
argentina,2022,16000
armenia,1992,653.70
armenia,1993,653.70
armenia,1994,653.70
armenia,1995,653.70
armenia,1996,653.70
armenia,1997,653.70
armenia,1998,653.70
armenia,1999,653.70
armenia,2000,653.70
armenia,2001,653.70
armenia,2002,653.70
armenia,2003,666.00
armenia,2004,666.00
armenia,2005,666.00
armenia,2006,666.00
armenia,2007,666.00
armenia,2008,666.00
armenia,2009,666.00
armenia,2010,666.00
armenia,2011,666.00
armenia,2012,666.00
armenia,2013,666.00
armenia,2014,666.00
armenia,2015,666.00
armenia,2016,666.00
armenia,2017,666.00
armenia,2018,666.00
armenia,2019,666.00
armenia,2020,666.00
armenia,2021,666.00
armenia,2022,666.00
azerbaijan,1992,3200.0
azerbaijan,1993,3200.0
azerbaijan,1994,3200.0
azerbaijan,1995,3200.0
azerbaijan,1996,3200.0
azerbaijan,1997,3200.0
azerbaijan,1998,3200.0
azerbaijan,1999,3200.0
azerbaijan,2000,3200.0
azerbaijan,2001,3200.0
azerbaijan,2002,3200.0
azerbaijan,2003,3200.0
azerbaijan,2004,3200.0
azerbaijan,2005,3200.0
azerbaijan,2006,3200.0
azerbaijan,2007,3200.0
azerbaijan,2008,3200.0
azerbaijan,2009,3200.0
azerbaijan,2010,3200.0
azerbaijan,2011,3200.0
azerbaijan,2012,3200.0
azerbaijan,2013,3200.0
azerbaijan,2014,3200.0
azerbaijan,2015,3200.0
azerbaijan,2016,3200.0
azerbaijan,2017,3200.0
azerbaijan,2018,3200.0
azerbaijan,2019,3200.0
azerbaijan,2020,3200.0
azerbaijan,2021,3200.0
azerbaijan,2022,3200.0
bahrain,1961,4.2300
bahrain,1962,4.2300
bahrain,1963,4.2300
bahrain,1964,4.2300
bahrain,1965,4.2300
bahrain,1966,4.2300
bahrain,1967,4.2300
bahrain,1968,4.2300
bahrain,1969,4.2300
bahrain,1970,4.2300
bahrain,1971,4.2300
bahrain,1972,4.2300
bahrain,1973,4.2300
bahrain,1974,4.2300
bahrain,1975,4.2300
bahrain,1976,4.2300
bahrain,1977,4.2300
bahrain,1978,4.2300
bahrain,1979,4.2300
bahrain,1980,4.2300
bahrain,1981,4.2300
bahrain,1982,4.2300
bahrain,1983,4.2300
bahrain,1984,4.2300
bahrain,1985,4.2300
bahrain,1986,4.2300
bahrain,1987,4.2300
bahrain,1988,4.2300
bahrain,1989,4.2300
bahrain,1990,4.2300
bahrain,1991,4.2300
bahrain,1992,4.2300
bahrain,1993,4.2300
bahrain,1994,4.2300
bahrain,1995,4.2300
bahrain,1996,4.2300
bahrain,1997,4.2300
bahrain,1998,4.2300
bahrain,1999,4.2300
bahrain,2000,4.2300
bahrain,2001,4.2300
bahrain,2002,4.2300
bahrain,2003,4.2300
bahrain,2004,4.2300
bahrain,2005,4.2300
bahrain,2006,4.2300
bahrain,2007,4.2300
bahrain,2008,4.2300
bahrain,2009,4.2300
bahrain,2010,4.2300
bahrain,2011,4.2300
bahrain,2012,4.2300
bahrain,2013,4.2300
bahrain,2014,4.2300
bahrain,2015,4.2300
bahrain,2016,4.2300
bahrain,2017,4.2300
bahrain,2018,4.2300
bahrain,2019,4.2300
bahrain,2020,4.2300
bahrain,2021,4.2300
bahrain,2022,4.2300
bangladesh,1961,6933.0
bangladesh,1962,6933.0
bangladesh,1963,6933.0
bangladesh,1964,6933.0
bangladesh,1965,6933.0
bangladesh,1966,6933.0
bangladesh,1967,6933.0
bangladesh,1968,6933.0
bangladesh,1969,6933.0
bangladesh,1970,6933.0
bangladesh,1971,6933.0
bangladesh,1972,6933.0
bangladesh,1973,6933.0
bangladesh,1974,6933.0
bangladesh,1975,6933.0
bangladesh,1976,6933.0
bangladesh,1977,6933.0
bangladesh,1978,6933.0
bangladesh,1979,6933.0
bangladesh,1980,6933.0
bangladesh,1981,6933.0
bangladesh,1982,6933.0
bangladesh,1983,6933.0
bangladesh,1984,6933.0
bangladesh,1985,6933.0
bangladesh,1986,6933.0
bangladesh,1987,6933.0
bangladesh,1988,6933.0
bangladesh,1989,6933.0
bangladesh,1990,6933.0
bangladesh,1991,6933.0
bangladesh,1992,6933.0
bangladesh,1993,6933.0
bangladesh,1994,6933.0
bangladesh,1995,6933.0
bangladesh,1996,6933.0
bangladesh,1997,6933.0
bangladesh,1998,6933.0
bangladesh,1999,6933.0
bangladesh,2000,6933.0
bangladesh,2001,6933.0
bangladesh,2002,6933.0
bangladesh,2003,6933.0
bangladesh,2004,6933.0
bangladesh,2005,6933.0
bangladesh,2006,6933.0
bangladesh,2007,6933.0
bangladesh,2008,6933.0
bangladesh,2009,6933.0
bangladesh,2010,6933.0
bangladesh,2011,6933.0
bangladesh,2012,6933.0
bangladesh,2013,6933.0
bangladesh,2014,6933.0
bangladesh,2015,6933.0
bangladesh,2016,6933.0
bangladesh,2017,6933.0
bangladesh,2018,6933.0
bangladesh,2019,6933.0
bangladesh,2020,6933.0
bangladesh,2021,6933.0
bangladesh,2022,6933.0
benin,1961,322.00
benin,1962,322.00
benin,1963,322.00
benin,1964,322.00
benin,1965,322.00
benin,1966,322.00
benin,1967,322.00
benin,1968,322.00
benin,1969,322.00
benin,1970,322.00
benin,1971,322.00
benin,1972,322.00
benin,1973,322.00
benin,1974,322.00
benin,1975,322.00
benin,1976,322.00
benin,1977,322.00
benin,1978,322.00
benin,1979,322.00
benin,1980,322.00
benin,1981,322.00
benin,1982,322.00
benin,1983,322.00
benin,1984,322.00
benin,1985,322.00
benin,1986,322.00
benin,1987,322.00
benin,1988,322.00
benin,1989,322.00
benin,1990,322.00
benin,1991,322.00
benin,1992,322.00
benin,1993,322.00
benin,1994,322.00
benin,1995,322.00
benin,1996,322.00
benin,1997,322.00
benin,1998,322.00
benin,1999,322.00
benin,2000,322.00
benin,2001,322.00
benin,2002,322.00
benin,2003,322.00
benin,2004,322.00
benin,2005,322.00
benin,2006,322.00
benin,2007,322.00
benin,2008,322.00
benin,2009,322.00
benin,2010,322.00
benin,2011,322.00
benin,2012,322.00
benin,2013,322.00
benin,2014,322.00
benin,2015,322.00
benin,2016,322.00
benin,2017,322.00
benin,2018,322.00
benin,2019,322.00
benin,2020,322.00
benin,2021,322.00
benin,2022,322.00
bolivia_plurinational_state_of,1961,4500.0
bolivia_plurinational_state_of,1962,4500.0
bolivia_plurinational_state_of,1963,4500.0
bolivia_plurinational_state_of,1964,4500.0
bolivia_plurinational_state_of,1965,4500.0
bolivia_plurinational_state_of,1966,4500.0
bolivia_plurinational_state_of,1967,4500.0
bolivia_plurinational_state_of,1968,4500.0
bolivia_plurinational_state_of,1969,4500.0
bolivia_plurinational_state_of,1970,4500.0
bolivia_plurinational_state_of,1971,4500.0
bolivia_plurinational_state_of,1972,4500.0
bolivia_plurinational_state_of,1973,4500.0
bolivia_plurinational_state_of,1974,4500.0
bolivia_plurinational_state_of,1975,4500.0
bolivia_plurinational_state_of,1976,4500.0
bolivia_plurinational_state_of,1977,4500.0
bolivia_plurinational_state_of,1978,4500.0
bolivia_plurinational_state_of,1979,4500.0
bolivia_plurinational_state_of,1980,4500.0
bolivia_plurinational_state_of,1981,4500.0
bolivia_plurinational_state_of,1982,4500.0
bolivia_plurinational_state_of,1983,4500.0
bolivia_plurinational_state_of,1984,4500.0
bolivia_plurinational_state_of,1985,4500.0
bolivia_plurinational_state_of,1986,4500.0
bolivia_plurinational_state_of,1987,4500.0
bolivia_plurinational_state_of,1988,4500.0
bolivia_plurinational_state_of,1989,4500.0
bolivia_plurinational_state_of,1990,4500.0
bolivia_plurinational_state_of,1991,4500.0
bolivia_plurinational_state_of,1992,4500.0
bolivia_plurinational_state_of,1993,4500.0
bolivia_plurinational_state_of,1994,4500.0
bolivia_plurinational_state_of,1995,4500.0
bolivia_plurinational_state_of,1996,4500.0
bolivia_plurinational_state_of,1997,4500.0
bolivia_plurinational_state_of,1998,4500.0
bolivia_plurinational_state_of,1999,4500.0
bolivia_plurinational_state_of,2000,4500.0
bolivia_plurinational_state_of,2001,4500.0
bolivia_plurinational_state_of,2002,4500.0
bolivia_plurinational_state_of,2003,4500.0
bolivia_plurinational_state_of,2004,4500.0
bolivia_plurinational_state_of,2005,4500.0
bolivia_plurinational_state_of,2006,4500.0
bolivia_plurinational_state_of,2007,4500.0
bolivia_plurinational_state_of,2008,4500.0
bolivia_plurinational_state_of,2009,4500.0
bolivia_plurinational_state_of,2010,4500.0
bolivia_plurinational_state_of,2011,4500.0
bolivia_plurinational_state_of,2012,4500.0
bolivia_plurinational_state_of,2013,4500.0
bolivia_plurinational_state_of,2014,4500.0
bolivia_plurinational_state_of,2015,4500.0
bolivia_plurinational_state_of,2016,4500.0
bolivia_plurinational_state_of,2017,4500.0
bolivia_plurinational_state_of,2018,4500.0
bolivia_plurinational_state_of,2019,4500.0
bolivia_plurinational_state_of,2020,4500.0
bolivia_plurinational_state_of,2021,4500.0
bolivia_plurinational_state_of,2022,4500.0
botswana,1961,13.000
botswana,1962,13.000
botswana,1963,13.000
botswana,1964,13.000
botswana,1965,13.000
botswana,1966,13.000
botswana,1967,13.000
botswana,1968,13.000
botswana,1969,13.000
botswana,1970,13.000
botswana,1971,13.000
botswana,1972,13.000
botswana,1973,13.000
botswana,1974,13.000
botswana,1975,13.000
botswana,1976,13.000
botswana,1977,13.000
botswana,1978,13.000
botswana,1979,13.000
botswana,1980,13.000
botswana,1981,13.000
botswana,1982,13.000
botswana,1983,13.000
botswana,1984,13.000
botswana,1985,13.000
botswana,1986,13.000
botswana,1987,13.000
botswana,1988,13.000
botswana,1989,13.000
botswana,1990,13.000
botswana,1991,13.000
botswana,1992,13.000
botswana,1993,13.000
botswana,1994,13.000
botswana,1995,13.000
botswana,1996,13.000
botswana,1997,13.000
botswana,1998,13.000
botswana,1999,13.000
botswana,2000,13.000
botswana,2001,13.000
botswana,2002,13.000
botswana,2003,13.000
botswana,2004,13.000
botswana,2005,13.000
botswana,2006,13.000
botswana,2007,13.000
botswana,2008,13.000
botswana,2009,13.000
botswana,2010,13.000
botswana,2011,13.000
botswana,2012,13.000
botswana,2013,13.000
botswana,2014,13.000
botswana,2015,13.000
botswana,2016,13.000
botswana,2017,13.000
botswana,2018,13.000
botswana,2019,13.000
botswana,2020,13.000
botswana,2021,13.000
botswana,2022,13.000
brazil,1961,29350
brazil,1962,29350
brazil,1963,29350
brazil,1964,29350
brazil,1965,29350
brazil,1966,29350
brazil,1967,29350
brazil,1968,29350
brazil,1969,29350
brazil,1970,29350
brazil,1971,29350
brazil,1972,29350
brazil,1973,29350
brazil,1974,29350
brazil,1975,29350
brazil,1976,29350
brazil,1977,29350
brazil,1978,29350
brazil,1979,29350
brazil,1980,29350
brazil,1981,29350
brazil,1982,29350
brazil,1983,29350
brazil,1984,29350
brazil,1985,29350
brazil,1986,29350
brazil,1987,29350
brazil,1988,29350
brazil,1989,29350
brazil,1990,29350
brazil,1991,29350
brazil,1992,29350
brazil,1993,29350
brazil,1994,29350
brazil,1995,29350
brazil,1996,29350
brazil,1997,29350
brazil,1998,29350
brazil,1999,29350
brazil,2000,29350
brazil,2001,29350
brazil,2002,29350
brazil,2003,29350
brazil,2004,29350
brazil,2005,29350
brazil,2006,29350
brazil,2007,29350
brazil,2008,29350
brazil,2009,29350
brazil,2010,29350
brazil,2011,29350
brazil,2012,29350
brazil,2013,29350
brazil,2014,29350
brazil,2015,29350
brazil,2016,29350
brazil,2017,29350
brazil,2018,29350
brazil,2019,29350
brazil,2020,29350
brazil,2021,29350
brazil,2022,29350
burkina_faso,1961,165.00
burkina_faso,1962,165.00
burkina_faso,1963,165.00
burkina_faso,1964,165.00
burkina_faso,1965,165.00
burkina_faso,1966,165.00
burkina_faso,1967,165.00
burkina_faso,1968,165.00
burkina_faso,1969,165.00
burkina_faso,1970,165.00
burkina_faso,1971,165.00
burkina_faso,1972,165.00
burkina_faso,1973,165.00
burkina_faso,1974,165.00
burkina_faso,1975,165.00
burkina_faso,1976,165.00
burkina_faso,1977,165.00
burkina_faso,1978,165.00
burkina_faso,1979,165.00
burkina_faso,1980,165.00
burkina_faso,1981,165.00
burkina_faso,1982,165.00
burkina_faso,1983,165.00
burkina_faso,1984,165.00
burkina_faso,1985,165.00
burkina_faso,1986,165.00
burkina_faso,1987,165.00
burkina_faso,1988,165.00
burkina_faso,1989,165.00
burkina_faso,1990,165.00
burkina_faso,1991,165.00
burkina_faso,1992,165.00
burkina_faso,1993,165.00
burkina_faso,1994,165.00
burkina_faso,1995,165.00
burkina_faso,1996,165.00
burkina_faso,1997,165.00
burkina_faso,1998,165.00
burkina_faso,1999,165.00
burkina_faso,2000,165.00
burkina_faso,2001,165.00
burkina_faso,2002,165.00
burkina_faso,2003,165.00
burkina_faso,2004,165.00
burkina_faso,2005,165.00
burkina_faso,2006,165.00
burkina_faso,2007,165.00
burkina_faso,2008,165.00
burkina_faso,2009,165.00
burkina_faso,2010,165.00
burkina_faso,2011,165.00
burkina_faso,2012,165.00
burkina_faso,2013,165.00
burkina_faso,2014,165.00
burkina_faso,2015,165.00
burkina_faso,2016,165.00
burkina_faso,2017,165.00
burkina_faso,2018,165.00
burkina_faso,2019,165.00
burkina_faso,2020,165.00
burkina_faso,2021,165.00
burkina_faso,2022,165.00
burundi,1961,215.00
burundi,1962,215.00
burundi,1963,215.00
burundi,1964,215.00
burundi,1965,215.00
burundi,1966,215.00
burundi,1967,215.00
burundi,1968,215.00
burundi,1969,215.00
burundi,1970,215.00
burundi,1971,215.00
burundi,1972,215.00
burundi,1973,215.00
burundi,1974,215.00
burundi,1975,215.00
burundi,1976,215.00
burundi,1977,215.00
burundi,1978,215.00
burundi,1979,215.00
burundi,1980,215.00
burundi,1981,215.00
burundi,1982,215.00
burundi,1983,215.00
burundi,1984,215.00
burundi,1985,215.00
burundi,1986,215.00
burundi,1987,215.00
burundi,1988,215.00
burundi,1989,215.00
burundi,1990,215.00
burundi,1991,215.00
burundi,1992,215.00
burundi,1993,215.00
burundi,1994,215.00
burundi,1995,215.00
burundi,1996,215.00
burundi,1997,215.00
burundi,1998,215.00
burundi,1999,215.00
burundi,2000,215.00
burundi,2001,215.00
burundi,2002,215.00
burundi,2003,215.00
burundi,2004,215.00
burundi,2005,215.00
burundi,2006,215.00
burundi,2007,215.00
burundi,2008,215.00
burundi,2009,215.00
burundi,2010,215.00
burundi,2011,215.00
burundi,2012,215.00
burundi,2013,215.00
burundi,2014,215.00
burundi,2015,215.00
burundi,2016,215.00
burundi,2017,215.00
burundi,2018,215.00
burundi,2019,215.00
burundi,2020,215.00
burundi,2021,215.00
burundi,2022,215.00
cameroon,1961,290.00
cameroon,1962,290.00
cameroon,1963,290.00
cameroon,1964,290.00
cameroon,1965,290.00
cameroon,1966,290.00
cameroon,1967,290.00
cameroon,1968,290.00
cameroon,1969,290.00
cameroon,1970,290.00
cameroon,1971,290.00
cameroon,1972,290.00
cameroon,1973,290.00
cameroon,1974,290.00
cameroon,1975,290.00
cameroon,1976,290.00
cameroon,1977,290.00
cameroon,1978,290.00
cameroon,1979,290.00
cameroon,1980,290.00
cameroon,1981,290.00
cameroon,1982,290.00
cameroon,1983,290.00
cameroon,1984,290.00
cameroon,1985,290.00
cameroon,1986,290.00
cameroon,1987,290.00
cameroon,1988,290.00
cameroon,1989,290.00
cameroon,1990,290.00
cameroon,1991,290.00
cameroon,1992,290.00
cameroon,1993,290.00
cameroon,1994,290.00
cameroon,1995,290.00
cameroon,1996,290.00
cameroon,1997,290.00
cameroon,1998,290.00
cameroon,1999,290.00
cameroon,2000,290.00
cameroon,2001,290.00
cameroon,2002,290.00
cameroon,2003,290.00
cameroon,2004,290.00
cameroon,2005,290.00
cameroon,2006,290.00
cameroon,2007,290.00
cameroon,2008,290.00
cameroon,2009,290.00
cameroon,2010,290.00
cameroon,2011,290.00
cameroon,2012,290.00
cameroon,2013,290.00
cameroon,2014,290.00
cameroon,2015,290.00
cameroon,2016,290.00
cameroon,2017,290.00
cameroon,2018,290.00
cameroon,2019,290.00
cameroon,2020,290.00
cameroon,2021,290.00
cameroon,2022,290.00
central_african_republic,1961,1900.0
central_african_republic,1962,1900.0
central_african_republic,1963,1900.0
central_african_republic,1964,1900.0
central_african_republic,1965,1900.0
central_african_republic,1966,1900.0
central_african_republic,1967,1900.0
central_african_republic,1968,1900.0
central_african_republic,1969,1900.0
central_african_republic,1970,1900.0
central_african_republic,1971,1900.0
central_african_republic,1972,1900.0
central_african_republic,1973,1900.0
central_african_republic,1974,1900.0
central_african_republic,1975,1900.0
central_african_republic,1976,1900.0
central_african_republic,1977,1900.0
central_african_republic,1978,1900.0
central_african_republic,1979,1900.0
central_african_republic,1980,1900.0
central_african_republic,1981,1900.0
central_african_republic,1982,1900.0
central_african_republic,1983,1900.0
central_african_republic,1984,1900.0
central_african_republic,1985,1900.0
central_african_republic,1986,1900.0
central_african_republic,1987,1900.0
central_african_republic,1988,1900.0
central_african_republic,1989,1900.0
central_african_republic,1990,1900.0
central_african_republic,1991,1900.0
central_african_republic,1992,1900.0
central_african_republic,1993,1900.0
central_african_republic,1994,1900.0
central_african_republic,1995,1900.0
central_african_republic,1996,1900.0
central_african_republic,1997,1900.0
central_african_republic,1998,1900.0
central_african_republic,1999,1900.0
central_african_republic,2000,1900.0
central_african_republic,2001,1900.0
central_african_republic,2002,1900.0
central_african_republic,2003,1900.0
central_african_republic,2004,1900.0
central_african_republic,2005,1900.0
central_african_republic,2006,1900.0
central_african_republic,2007,1900.0
central_african_republic,2008,1900.0
central_african_republic,2009,1900.0
central_african_republic,2010,1900.0
central_african_republic,2011,1900.0
central_african_republic,2012,1900.0
central_african_republic,2013,1900.0
central_african_republic,2014,1900.0
central_african_republic,2015,1900.0
central_african_republic,2016,1900.0
central_african_republic,2017,1900.0
central_african_republic,2018,1900.0
central_african_republic,2019,1900.0
central_african_republic,2020,1900.0
central_african_republic,2021,1900.0
central_african_republic,2022,1900.0
chad,1961,335.00
chad,1962,335.00
chad,1963,335.00
chad,1964,335.00
chad,1965,335.00
chad,1966,335.00
chad,1967,335.00
chad,1968,335.00
chad,1969,335.00
chad,1970,335.00
chad,1971,335.00
chad,1972,335.00
chad,1973,335.00
chad,1974,335.00
chad,1975,335.00
chad,1976,335.00
chad,1977,335.00
chad,1978,335.00
chad,1979,335.00
chad,1980,335.00
chad,1981,335.00
chad,1982,335.00
chad,1983,335.00
chad,1984,335.00
chad,1985,335.00
chad,1986,335.00
chad,1987,335.00
chad,1988,335.00
chad,1989,335.00
chad,1990,335.00
chad,1991,335.00
chad,1992,335.00
chad,1993,335.00
chad,1994,335.00
chad,1995,335.00
chad,1996,335.00
chad,1997,335.00
chad,1998,335.00
chad,1999,335.00
chad,2000,335.00
chad,2001,335.00
chad,2002,335.00
chad,2003,335.00
chad,2004,335.00
chad,2005,335.00
chad,2006,335.00
chad,2007,335.00
chad,2008,335.00
chad,2009,335.00
chad,2010,335.00
chad,2011,335.00
chad,2012,335.00
chad,2013,335.00
chad,2014,335.00
chad,2015,335.00
chad,2016,335.00
chad,2017,335.00
chad,2018,335.00
chad,2019,335.00
chad,2020,335.00
chad,2021,335.00
chad,2022,335.00
chile,1961,2500.0
chile,1962,2500.0
chile,1963,2500.0
chile,1964,2500.0
chile,1965,2500.0
chile,1966,2500.0
chile,1967,2500.0
chile,1968,2500.0
chile,1969,2500.0
chile,1970,2500.0
chile,1971,2500.0
chile,1972,2500.0
chile,1973,2500.0
chile,1974,2500.0
chile,1975,2500.0
chile,1976,2500.0
chile,1977,2500.0
chile,1978,2500.0
chile,1979,2500.0
chile,1980,2500.0
chile,1981,2500.0
chile,1982,2500.0
chile,1983,2500.0
chile,1984,2500.0
chile,1985,2500.0
chile,1986,2500.0
chile,1987,2500.0
chile,1988,2500.0
chile,1989,2500.0
chile,1990,2500.0
chile,1991,2500.0
chile,1992,2500.0
chile,1993,2500.0
chile,1994,2500.0
chile,1995,2500.0
chile,1996,2500.0
chile,1997,2500.0
chile,1998,2500.0
chile,1999,2500.0
chile,2000,2500.0
chile,2001,2500.0
chile,2002,2500.0
chile,2003,2500.0
chile,2004,2500.0
chile,2005,2500.0
chile,2006,2500.0
chile,2007,2500.0
chile,2008,2500.0
chile,2009,2500.0
chile,2010,2500.0
chile,2011,2500.0
chile,2012,2500.0
chile,2013,2500.0
chile,2014,2500.0
chile,2015,2500.0
chile,2016,2500.0
chile,2017,2500.0
chile,2018,2500.0
chile,2019,2500.0
chile,2020,2500.0
chile,2021,2500.0
chile,2022,2500.0
china,1961,70000
china,1962,70000
china,1963,70000
china,1964,70000
china,1965,70000
china,1966,70000
china,1967,70000
china,1968,70000
china,1969,70000
china,1970,70000
china,1971,70000
china,1972,70000
china,1973,70000
china,1974,70000
china,1975,70000
china,1976,70000
china,1977,70000
china,1978,70000
china,1979,70000
china,1980,70000
china,1981,70000
china,1982,70000
china,1983,70000
china,1984,70000
china,1985,70000
china,1986,70000
china,1987,70000
china,1988,70000
china,1989,70000
china,1990,70000
china,1991,70000
china,1992,70000
china,1993,70000
china,1994,70000
china,1995,70000
china,1996,70000
china,1997,70000
china,1998,70000
china,1999,70000
china,2000,70000
china,2001,70000
china,2002,70000
china,2003,70000
china,2004,70000
china,2005,70000
china,2006,70000
china,2007,70000
china,2008,70000
china,2009,70000
china,2010,70000
china,2011,70000
china,2012,70000
china,2013,70000
china,2014,70000
china,2015,70000
china,2016,70000
china,2017,70000
china,2018,70000
china,2019,70000
china,2020,70000
china,2021,70000
china,2022,70000
colombia,1961,7600.0
colombia,1962,7600.0
colombia,1963,7600.0
colombia,1964,7600.0
colombia,1965,7600.0
colombia,1966,7600.0
colombia,1967,7600.0
colombia,1968,7600.0
colombia,1969,7600.0
colombia,1970,7600.0
colombia,1971,7600.0
colombia,1972,7600.0
colombia,1973,7600.0
colombia,1974,7600.0
colombia,1975,7600.0
colombia,1976,7600.0
colombia,1977,7600.0
colombia,1978,7600.0
colombia,1979,7600.0
colombia,1980,7600.0
colombia,1981,7600.0
colombia,1982,7600.0
colombia,1983,7600.0
colombia,1984,7600.0
colombia,1985,7600.0
colombia,1986,7600.0
colombia,1987,7600.0
colombia,1988,7600.0
colombia,1989,7600.0
colombia,1990,7600.0
colombia,1991,7600.0
colombia,1992,7600.0
colombia,1993,7600.0
colombia,1994,7600.0
colombia,1995,7600.0
colombia,1996,7600.0
colombia,1997,7600.0
colombia,1998,7600.0
colombia,1999,7600.0
colombia,2000,7600.0
colombia,2001,7600.0
colombia,2002,7600.0
colombia,2003,7600.0
colombia,2004,7600.0
colombia,2005,7600.0
colombia,2006,7600.0
colombia,2007,7600.0
colombia,2008,7600.0
colombia,2009,7600.0
colombia,2010,7600.0
colombia,2011,7600.0
colombia,2012,7600.0
colombia,2013,7600.0
colombia,2014,7600.0
colombia,2015,7600.0
colombia,2016,7600.0
colombia,2017,7600.0
colombia,2018,7600.0
colombia,2019,7600.0
colombia,2020,7600.0
colombia,2021,7600.0
colombia,2022,7600.0
comoros,1961,0.30000
comoros,1962,0.30000
comoros,1963,0.30000
comoros,1964,0.30000
comoros,1965,0.30000
comoros,1966,0.30000
comoros,1967,0.30000
comoros,1968,0.30000
comoros,1969,0.30000
comoros,1970,0.30000
comoros,1971,0.30000
comoros,1972,0.30000
comoros,1973,0.30000
comoros,1974,0.30000
comoros,1975,0.30000
comoros,1976,0.30000
comoros,1977,0.30000
comoros,1978,0.30000
comoros,1979,0.30000
comoros,1980,0.30000
comoros,1981,0.30000
comoros,1982,0.30000
comoros,1983,0.30000
comoros,1984,0.30000
comoros,1985,0.30000
comoros,1986,0.30000
comoros,1987,0.30000
comoros,1988,0.30000
comoros,1989,0.30000
comoros,1990,0.30000
comoros,1991,0.30000
comoros,1992,0.30000
comoros,1993,0.30000
comoros,1994,0.30000
comoros,1995,0.30000
comoros,1996,0.30000
comoros,1997,0.30000
comoros,1998,0.30000
comoros,1999,0.30000
comoros,2000,0.30000
comoros,2001,0.30000
comoros,2002,0.30000
comoros,2003,0.30000
comoros,2004,0.30000
comoros,2005,0.30000
comoros,2006,0.30000
comoros,2007,0.30000
comoros,2008,0.30000
comoros,2009,0.30000
comoros,2010,0.30000
comoros,2011,0.30000
comoros,2012,0.30000
comoros,2013,0.30000
comoros,2014,0.30000
comoros,2015,0.30000
comoros,2016,0.30000
comoros,2017,0.30000
comoros,2018,0.30000
comoros,2019,0.30000
comoros,2020,0.30000
comoros,2021,0.30000
comoros,2022,0.30000
congo,1961,340.00
congo,1962,340.00
congo,1963,340.00
congo,1964,340.00
congo,1965,340.00
congo,1966,340.00
congo,1967,340.00
congo,1968,340.00
congo,1969,340.00
congo,1970,340.00
congo,1971,340.00
congo,1972,340.00
congo,1973,340.00
congo,1974,340.00
congo,1975,340.00
congo,1976,340.00
congo,1977,340.00
congo,1978,340.00
congo,1979,340.00
congo,1980,340.00
congo,1981,340.00
congo,1982,340.00
congo,1983,340.00
congo,1984,340.00
congo,1985,340.00
congo,1986,340.00
congo,1987,340.00
congo,1988,340.00
congo,1989,340.00
congo,1990,340.00
congo,1991,340.00
congo,1992,340.00
congo,1993,340.00
congo,1994,340.00
congo,1995,340.00
congo,1996,340.00
congo,1997,340.00
congo,1998,340.00
congo,1999,340.00
congo,2000,340.00
congo,2001,340.00
congo,2002,340.00
congo,2003,340.00
congo,2004,340.00
congo,2005,340.00
congo,2006,340.00
congo,2007,340.00
congo,2008,340.00
congo,2009,340.00
congo,2010,340.00
congo,2011,340.00
congo,2012,340.00
congo,2013,340.00
congo,2014,340.00
congo,2015,340.00
congo,2016,340.00
congo,2017,340.00
congo,2018,340.00
congo,2019,340.00
congo,2020,340.00
congo,2021,340.00
congo,2022,340.00
costa_rica,1961,430.00
costa_rica,1962,430.00
costa_rica,1963,430.00
costa_rica,1964,430.00
costa_rica,1965,430.00
costa_rica,1966,430.00
costa_rica,1967,430.00
costa_rica,1968,430.00
costa_rica,1969,430.00
costa_rica,1970,430.00
costa_rica,1971,430.00
costa_rica,1972,430.00
costa_rica,1973,430.00
costa_rica,1974,430.00
costa_rica,1975,430.00
costa_rica,1976,430.00
costa_rica,1977,430.00
costa_rica,1978,430.00
costa_rica,1979,430.00
costa_rica,1980,430.00
costa_rica,1981,430.00
costa_rica,1982,430.00
costa_rica,1983,430.00
costa_rica,1984,430.00
costa_rica,1985,430.00
costa_rica,1986,430.00
costa_rica,1987,430.00
costa_rica,1988,430.00
costa_rica,1989,430.00
costa_rica,1990,430.00
costa_rica,1991,430.00
costa_rica,1992,430.00
costa_rica,1993,430.00
costa_rica,1994,430.00
costa_rica,1995,430.00
costa_rica,1996,430.00
costa_rica,1997,430.00
costa_rica,1998,430.00
costa_rica,1999,430.00
costa_rica,2000,430.00
costa_rica,2001,430.00
costa_rica,2002,430.00
costa_rica,2003,430.00
costa_rica,2004,430.00
costa_rica,2005,430.00
costa_rica,2006,430.00
costa_rica,2007,430.00
costa_rica,2008,430.00
costa_rica,2009,430.00
costa_rica,2010,430.00
costa_rica,2011,430.00
costa_rica,2012,430.00
costa_rica,2013,430.00
costa_rica,2014,430.00
costa_rica,2015,430.00
costa_rica,2016,430.00
costa_rica,2017,430.00
costa_rica,2018,430.00
costa_rica,2019,430.00
costa_rica,2020,430.00
costa_rica,2021,430.00
costa_rica,2022,430.00
cote_d_ivoire,1961,475.00
cote_d_ivoire,1962,475.00
cote_d_ivoire,1963,475.00
cote_d_ivoire,1964,475.00
cote_d_ivoire,1965,475.00
cote_d_ivoire,1966,475.00
cote_d_ivoire,1967,475.00
cote_d_ivoire,1968,475.00
cote_d_ivoire,1969,475.00
cote_d_ivoire,1970,475.00
cote_d_ivoire,1971,475.00
cote_d_ivoire,1972,475.00
cote_d_ivoire,1973,475.00
cote_d_ivoire,1974,475.00
cote_d_ivoire,1975,475.00
cote_d_ivoire,1976,475.00
cote_d_ivoire,1977,475.00
cote_d_ivoire,1978,475.00
cote_d_ivoire,1979,475.00
cote_d_ivoire,1980,475.00
cote_d_ivoire,1981,475.00
cote_d_ivoire,1982,475.00
cote_d_ivoire,1983,475.00
cote_d_ivoire,1984,475.00
cote_d_ivoire,1985,475.00
cote_d_ivoire,1986,475.00
cote_d_ivoire,1987,475.00
cote_d_ivoire,1988,475.00
cote_d_ivoire,1989,475.00
cote_d_ivoire,1990,475.00
cote_d_ivoire,1991,475.00
cote_d_ivoire,1992,475.00
cote_d_ivoire,1993,475.00
cote_d_ivoire,1994,475.00
cote_d_ivoire,1995,475.00
cote_d_ivoire,1996,475.00
cote_d_ivoire,1997,475.00
cote_d_ivoire,1998,475.00
cote_d_ivoire,1999,475.00
cote_d_ivoire,2000,475.00
cote_d_ivoire,2001,475.00
cote_d_ivoire,2002,475.00
cote_d_ivoire,2003,475.00
cote_d_ivoire,2004,475.00
cote_d_ivoire,2005,475.00
cote_d_ivoire,2006,475.00
cote_d_ivoire,2007,475.00
cote_d_ivoire,2008,475.00
cote_d_ivoire,2009,475.00
cote_d_ivoire,2010,475.00
cote_d_ivoire,2011,475.00
cote_d_ivoire,2012,475.00
cote_d_ivoire,2013,475.00
cote_d_ivoire,2014,475.00
cote_d_ivoire,2015,475.00
cote_d_ivoire,2016,475.00
cote_d_ivoire,2017,475.00
cote_d_ivoire,2018,475.00
cote_d_ivoire,2019,475.00
cote_d_ivoire,2020,475.00
cote_d_ivoire,2021,475.00
cote_d_ivoire,2022,475.00
cuba,1961,2700.0
cuba,1962,2700.0
cuba,1963,2700.0
cuba,1964,2700.0
cuba,1965,2700.0
cuba,1966,2700.0
cuba,1967,2700.0
cuba,1968,2700.0
cuba,1969,2700.0
cuba,1970,2700.0
cuba,1971,2700.0
cuba,1972,2700.0
cuba,1973,2700.0
cuba,1974,2700.0
cuba,1975,2700.0
cuba,1976,2700.0
cuba,1977,2700.0
cuba,1978,2700.0
cuba,1979,2700.0
cuba,1980,2700.0
cuba,1981,2700.0
cuba,1982,2700.0
cuba,1983,2700.0
cuba,1984,2700.0
cuba,1985,2700.0
cuba,1986,2700.0
cuba,1987,2700.0
cuba,1988,2700.0
cuba,1989,2700.0
cuba,1990,2700.0
cuba,1991,2700.0
cuba,1992,2700.0
cuba,1993,2700.0
cuba,1994,2700.0
cuba,1995,2700.0
cuba,1996,2700.0
cuba,1997,2700.0
cuba,1998,2700.0
cuba,1999,2700.0
cuba,2000,2700.0
cuba,2001,2700.0
cuba,2002,2700.0
cuba,2003,2700.0
cuba,2004,2700.0
cuba,2005,2700.0
cuba,2006,2700.0
cuba,2007,2700.0
cuba,2008,2700.0
cuba,2009,2700.0
cuba,2010,2700.0
cuba,2011,2700.0
cuba,2012,2700.0
cuba,2013,2700.0
cuba,2014,2700.0
cuba,2015,2700.0
cuba,2016,2700.0
cuba,2017,2700.0
cuba,2018,2700.0
cuba,2019,2700.0
cuba,2020,2700.0
cuba,2021,2700.0
cuba,2022,2700.0
democratic_republic_of_the_congo,1961,7000.0
democratic_republic_of_the_congo,1962,7000.0
democratic_republic_of_the_congo,1963,7000.0
democratic_republic_of_the_congo,1964,7000.0
democratic_republic_of_the_congo,1965,7000.0
democratic_republic_of_the_congo,1966,7000.0
democratic_republic_of_the_congo,1967,7000.0
democratic_republic_of_the_congo,1968,7000.0
democratic_republic_of_the_congo,1969,7000.0
democratic_republic_of_the_congo,1970,7000.0
democratic_republic_of_the_congo,1971,7000.0
democratic_republic_of_the_congo,1972,7000.0
democratic_republic_of_the_congo,1973,7000.0
democratic_republic_of_the_congo,1974,7000.0
democratic_republic_of_the_congo,1975,7000.0
democratic_republic_of_the_congo,1976,7000.0
democratic_republic_of_the_congo,1977,7000.0
democratic_republic_of_the_congo,1978,7000.0
democratic_republic_of_the_congo,1979,7000.0
democratic_republic_of_the_congo,1980,7000.0
democratic_republic_of_the_congo,1981,7000.0
democratic_republic_of_the_congo,1982,7000.0
democratic_republic_of_the_congo,1983,7000.0
democratic_republic_of_the_congo,1984,7000.0
democratic_republic_of_the_congo,1985,7000.0
democratic_republic_of_the_congo,1986,7000.0
democratic_republic_of_the_congo,1987,7000.0
democratic_republic_of_the_congo,1988,7000.0
democratic_republic_of_the_congo,1989,7000.0
democratic_republic_of_the_congo,1990,7000.0
democratic_republic_of_the_congo,1991,7000.0
democratic_republic_of_the_congo,1992,7000.0
democratic_republic_of_the_congo,1993,7000.0
democratic_republic_of_the_congo,1994,7000.0
democratic_republic_of_the_congo,1995,7000.0
democratic_republic_of_the_congo,1996,7000.0
democratic_republic_of_the_congo,1997,7000.0
democratic_republic_of_the_congo,1998,7000.0
democratic_republic_of_the_congo,1999,7000.0
democratic_republic_of_the_congo,2000,7000.0
democratic_republic_of_the_congo,2001,7000.0
democratic_republic_of_the_congo,2002,7000.0
democratic_republic_of_the_congo,2003,7000.0
democratic_republic_of_the_congo,2004,7000.0
democratic_republic_of_the_congo,2005,7000.0
democratic_republic_of_the_congo,2006,7000.0
democratic_republic_of_the_congo,2007,7000.0
democratic_republic_of_the_congo,2008,7000.0
democratic_republic_of_the_congo,2009,7000.0
democratic_republic_of_the_congo,2010,7000.0
democratic_republic_of_the_congo,2011,7000.0
democratic_republic_of_the_congo,2012,7000.0
democratic_republic_of_the_congo,2013,7000.0
democratic_republic_of_the_congo,2014,7000.0
democratic_republic_of_the_congo,2015,7000.0
democratic_republic_of_the_congo,2016,7000.0
democratic_republic_of_the_congo,2017,7000.0
democratic_republic_of_the_congo,2018,7000.0
democratic_republic_of_the_congo,2019,7000.0
democratic_republic_of_the_congo,2020,7000.0
democratic_republic_of_the_congo,2021,7000.0
democratic_republic_of_the_congo,2022,7000.0
djibouti,1961,2.4000
djibouti,1962,2.4000
djibouti,1963,2.4000
djibouti,1964,2.4000
djibouti,1965,2.4000
djibouti,1966,2.4000
djibouti,1967,2.4000
djibouti,1968,2.4000
djibouti,1969,2.4000
djibouti,1970,2.4000
djibouti,1971,2.4000
djibouti,1972,2.4000
djibouti,1973,2.4000
djibouti,1974,2.4000
djibouti,1975,2.4000
djibouti,1976,2.4000
djibouti,1977,2.4000
djibouti,1978,2.4000
djibouti,1979,2.4000
djibouti,1980,2.4000
djibouti,1981,2.4000
djibouti,1982,2.4000
djibouti,1983,2.4000
djibouti,1984,2.4000
djibouti,1985,2.4000
djibouti,1986,2.4000
djibouti,1987,2.4000
djibouti,1988,2.4000
djibouti,1989,2.4000
djibouti,1990,2.4000
djibouti,1991,2.4000
djibouti,1992,2.4000
djibouti,1993,2.4000
djibouti,1994,2.4000
djibouti,1995,2.4000
djibouti,1996,2.4000
djibouti,1997,2.4000
djibouti,1998,2.4000
djibouti,1999,2.4000
djibouti,2000,2.4000
djibouti,2001,2.4000
djibouti,2002,2.4000
djibouti,2003,2.4000
djibouti,2004,2.4000
djibouti,2005,2.4000
djibouti,2006,2.4000
djibouti,2007,2.4000
djibouti,2008,2.4000
djibouti,2009,2.4000
djibouti,2010,2.4000
djibouti,2011,2.4000
djibouti,2012,2.4000
djibouti,2013,2.4000
djibouti,2014,2.4000
djibouti,2015,2.4000
djibouti,2016,2.4000
djibouti,2017,2.4000
djibouti,2018,2.4000
djibouti,2019,2.4000
djibouti,2020,2.4000
djibouti,2021,2.4000
djibouti,2022,2.4000
dominican_republic,1961,710.00
dominican_republic,1962,710.00
dominican_republic,1963,710.00
dominican_republic,1964,710.00
dominican_republic,1965,710.00
dominican_republic,1966,710.00
dominican_republic,1967,710.00
dominican_republic,1968,710.00
dominican_republic,1969,710.00
dominican_republic,1970,710.00
dominican_republic,1971,710.00
dominican_republic,1972,710.00
dominican_republic,1973,710.00
dominican_republic,1974,710.00
dominican_republic,1975,710.00
dominican_republic,1976,710.00
dominican_republic,1977,710.00
dominican_republic,1978,710.00
dominican_republic,1979,710.00
dominican_republic,1980,710.00
dominican_republic,1981,710.00
dominican_republic,1982,710.00
dominican_republic,1983,710.00
dominican_republic,1984,710.00
dominican_republic,1985,710.00
dominican_republic,1986,710.00
dominican_republic,1987,710.00
dominican_republic,1988,710.00
dominican_republic,1989,710.00
dominican_republic,1990,710.00
dominican_republic,1991,710.00
dominican_republic,1992,710.00
dominican_republic,1993,710.00
dominican_republic,1994,710.00
dominican_republic,1995,710.00
dominican_republic,1996,710.00
dominican_republic,1997,710.00
dominican_republic,1998,710.00
dominican_republic,1999,710.00
dominican_republic,2000,710.00
dominican_republic,2001,710.00
dominican_republic,2002,710.00
dominican_republic,2003,710.00
dominican_republic,2004,710.00
dominican_republic,2005,710.00
dominican_republic,2006,710.00
dominican_republic,2007,710.00
dominican_republic,2008,710.00
dominican_republic,2009,710.00
dominican_republic,2010,710.00
dominican_republic,2011,710.00
dominican_republic,2012,710.00
dominican_republic,2013,710.00
dominican_republic,2014,710.00
dominican_republic,2015,710.00
dominican_republic,2016,710.00
dominican_republic,2017,710.00
dominican_republic,2018,710.00
dominican_republic,2019,710.00
dominican_republic,2020,710.00
dominican_republic,2021,710.00
dominican_republic,2022,710.00
ecuador,1961,3136.0
ecuador,1962,3136.0
ecuador,1963,3136.0
ecuador,1964,3136.0
ecuador,1965,3136.0
ecuador,1966,3136.0
ecuador,1967,3136.0
ecuador,1968,3136.0
ecuador,1969,3136.0
ecuador,1970,3136.0
ecuador,1971,3136.0
ecuador,1972,3136.0
ecuador,1973,3136.0
ecuador,1974,3136.0
ecuador,1975,3136.0
ecuador,1976,3136.0
ecuador,1977,3136.0
ecuador,1978,3136.0
ecuador,1979,3136.0
ecuador,1980,3136.0
ecuador,1981,3136.0
ecuador,1982,3136.0
ecuador,1983,3136.0
ecuador,1984,3136.0
ecuador,1985,3136.0
ecuador,1986,3136.0
ecuador,1987,3136.0
ecuador,1988,3136.0
ecuador,1989,3136.0
ecuador,1990,3136.0
ecuador,1991,3136.0
ecuador,1992,3136.0
ecuador,1993,3136.0
ecuador,1994,3136.0
ecuador,1995,3136.0
ecuador,1996,3136.0
ecuador,1997,3136.0
ecuador,1998,3136.0
ecuador,1999,3136.0
ecuador,2000,3136.0
ecuador,2001,3136.0
ecuador,2002,3136.0
ecuador,2003,3136.0
ecuador,2004,3136.0
ecuador,2005,3136.0
ecuador,2006,3136.0
ecuador,2007,3136.0
ecuador,2008,3136.0
ecuador,2009,3136.0
ecuador,2010,3136.0
ecuador,2011,3136.0
ecuador,2012,3136.0
ecuador,2013,3136.0
ecuador,2014,3136.0
ecuador,2015,3136.0
ecuador,2016,3136.0
ecuador,2017,3136.0
ecuador,2018,3136.0
ecuador,2019,3136.0
ecuador,2020,3136.0
ecuador,2021,3136.0
ecuador,2022,3136.0
egypt,1961,4420.0
egypt,1962,4420.0
egypt,1963,4420.0
egypt,1964,4420.0
egypt,1965,4420.0
egypt,1966,4420.0
egypt,1967,4420.0
egypt,1968,4420.0
egypt,1969,4420.0
egypt,1970,4420.0
egypt,1971,4420.0
egypt,1972,4420.0
egypt,1973,4420.0
egypt,1974,4420.0
egypt,1975,4420.0
egypt,1976,4420.0
egypt,1977,4420.0
egypt,1978,4420.0
egypt,1979,4420.0
egypt,1980,4420.0
egypt,1981,4420.0
egypt,1982,4420.0
egypt,1983,4420.0
egypt,1984,4420.0
egypt,1985,4420.0
egypt,1986,4420.0
egypt,1987,4420.0
egypt,1988,4420.0
egypt,1989,4420.0
egypt,1990,4420.0
egypt,1991,4420.0
egypt,1992,4420.0
egypt,1993,4420.0
egypt,1994,4420.0
egypt,1995,4420.0
egypt,1996,4420.0
egypt,1997,4420.0
egypt,1998,4420.0
egypt,1999,4420.0
egypt,2000,4420.0
egypt,2001,4420.0
egypt,2002,4420.0
egypt,2003,4420.0
egypt,2004,4420.0
egypt,2005,4420.0
egypt,2006,4420.0
egypt,2007,4420.0
egypt,2008,4420.0
egypt,2009,4420.0
egypt,2010,4420.0
egypt,2011,4420.0
egypt,2012,4420.0
egypt,2013,4420.0
egypt,2014,4420.0
egypt,2015,4420.0
egypt,2016,4420.0
egypt,2017,4420.0
egypt,2018,4420.0
egypt,2019,4420.0
egypt,2020,4420.0
egypt,2021,4420.0
egypt,2022,4420.0
el_salvador,1961,200.00
el_salvador,1962,200.00
el_salvador,1963,200.00
el_salvador,1964,200.00
el_salvador,1965,200.00
el_salvador,1966,200.00
el_salvador,1967,200.00
el_salvador,1968,200.00
el_salvador,1969,200.00
el_salvador,1970,200.00
el_salvador,1971,200.00
el_salvador,1972,200.00
el_salvador,1973,200.00
el_salvador,1974,200.00
el_salvador,1975,200.00
el_salvador,1976,200.00
el_salvador,1977,200.00
el_salvador,1978,200.00
el_salvador,1979,200.00
el_salvador,1980,200.00
el_salvador,1981,200.00
el_salvador,1982,200.00
el_salvador,1983,200.00
el_salvador,1984,200.00
el_salvador,1985,200.00
el_salvador,1986,200.00
el_salvador,1987,200.00
el_salvador,1988,200.00
el_salvador,1989,200.00
el_salvador,1990,200.00
el_salvador,1991,200.00
el_salvador,1992,200.00
el_salvador,1993,200.00
el_salvador,1994,200.00
el_salvador,1995,200.00
el_salvador,1996,200.00
el_salvador,1997,200.00
el_salvador,1998,200.00
el_salvador,1999,200.00
el_salvador,2000,200.00
el_salvador,2001,200.00
el_salvador,2002,200.00
el_salvador,2003,200.00
el_salvador,2004,200.00
el_salvador,2005,200.00
el_salvador,2006,200.00
el_salvador,2007,200.00
el_salvador,2008,200.00
el_salvador,2009,200.00
el_salvador,2010,200.00
el_salvador,2011,200.00
el_salvador,2012,200.00
el_salvador,2013,200.00
el_salvador,2014,200.00
el_salvador,2015,200.00
el_salvador,2016,200.00
el_salvador,2017,200.00
el_salvador,2018,200.00
el_salvador,2019,200.00
el_salvador,2020,200.00
el_salvador,2021,200.00
el_salvador,2022,200.00
equatorial_guinea,1961,30.000
equatorial_guinea,1962,30.000
equatorial_guinea,1963,30.000
equatorial_guinea,1964,30.000
equatorial_guinea,1965,30.000
equatorial_guinea,1966,30.000
equatorial_guinea,1967,30.000
equatorial_guinea,1968,30.000
equatorial_guinea,1969,30.000
equatorial_guinea,1970,30.000
equatorial_guinea,1971,30.000
equatorial_guinea,1972,30.000
equatorial_guinea,1973,30.000
equatorial_guinea,1974,30.000
equatorial_guinea,1975,30.000
equatorial_guinea,1976,30.000
equatorial_guinea,1977,30.000
equatorial_guinea,1978,30.000
equatorial_guinea,1979,30.000
equatorial_guinea,1980,30.000
equatorial_guinea,1981,30.000
equatorial_guinea,1982,30.000
equatorial_guinea,1983,30.000
equatorial_guinea,1984,30.000
equatorial_guinea,1985,30.000
equatorial_guinea,1986,30.000
equatorial_guinea,1987,30.000
equatorial_guinea,1988,30.000
equatorial_guinea,1989,30.000
equatorial_guinea,1990,30.000
equatorial_guinea,1991,30.000
equatorial_guinea,1992,30.000
equatorial_guinea,1993,30.000
equatorial_guinea,1994,30.000
equatorial_guinea,1995,30.000
equatorial_guinea,1996,30.000
equatorial_guinea,1997,30.000
equatorial_guinea,1998,30.000
equatorial_guinea,1999,30.000
equatorial_guinea,2000,30.000
equatorial_guinea,2001,30.000
equatorial_guinea,2002,30.000
equatorial_guinea,2003,30.000
equatorial_guinea,2004,30.000
equatorial_guinea,2005,30.000
equatorial_guinea,2006,30.000
equatorial_guinea,2007,30.000
equatorial_guinea,2008,30.000
equatorial_guinea,2009,30.000
equatorial_guinea,2010,30.000
equatorial_guinea,2011,30.000
equatorial_guinea,2012,30.000
equatorial_guinea,2013,30.000
equatorial_guinea,2014,30.000
equatorial_guinea,2015,30.000
equatorial_guinea,2016,30.000
equatorial_guinea,2017,30.000
equatorial_guinea,2018,30.000
equatorial_guinea,2019,30.000
equatorial_guinea,2020,30.000
equatorial_guinea,2021,30.000
equatorial_guinea,2022,30.000
eritrea,1993,187.50
eritrea,1994,187.50
eritrea,1995,187.50
eritrea,1996,187.50
eritrea,1997,187.50
eritrea,1998,187.50
eritrea,1999,187.50
eritrea,2000,187.50
eritrea,2001,187.50
eritrea,2002,187.50
eritrea,2003,187.50
eritrea,2004,187.50
eritrea,2005,187.50
eritrea,2006,187.50
eritrea,2007,187.50
eritrea,2008,187.50
eritrea,2009,187.50
eritrea,2010,187.50
eritrea,2011,187.50
eritrea,2012,187.50
eritrea,2013,187.50
eritrea,2014,187.50
eritrea,2015,187.50
eritrea,2016,187.50
eritrea,2017,187.50
eritrea,2018,187.50
eritrea,2019,187.50
eritrea,2020,187.50
eritrea,2021,187.50
eritrea,2022,187.50
estonia,1992,150.00
estonia,1993,150.00
estonia,1994,150.00
estonia,1995,150.00
estonia,1996,150.00
estonia,1997,150.00
estonia,1998,150.00
estonia,1999,150.00
estonia,2000,150.00
estonia,2001,150.00
estonia,2002,150.00
estonia,2003,150.00
estonia,2004,150.00
estonia,2005,150.00
estonia,2006,150.00
estonia,2007,150.00
estonia,2008,150.00
estonia,2009,150.00
estonia,2010,150.00
estonia,2011,150.00
estonia,2012,150.00
estonia,2013,150.00
estonia,2014,150.00
estonia,2015,150.00
estonia,2016,150.00
estonia,2017,150.00
estonia,2018,150.00
estonia,2019,150.00
estonia,2020,150.00
estonia,2021,150.00
estonia,2022,150.00
eswatini,1961,93.220
eswatini,1962,93.220
eswatini,1963,93.220
eswatini,1964,93.220
eswatini,1965,93.220
eswatini,1966,93.220
eswatini,1967,93.220
eswatini,1968,93.220
eswatini,1969,93.220
eswatini,1970,93.220
eswatini,1971,93.220
eswatini,1972,93.220
eswatini,1973,93.220
eswatini,1974,93.220
eswatini,1975,93.220
eswatini,1976,93.220
eswatini,1977,93.220
eswatini,1978,93.220
eswatini,1979,93.220
eswatini,1980,93.220
eswatini,1981,93.220
eswatini,1982,93.220
eswatini,1983,93.220
eswatini,1984,93.220
eswatini,1985,93.220
eswatini,1986,93.220
eswatini,1987,93.220
eswatini,1988,93.220
eswatini,1989,93.220
eswatini,1990,93.220
eswatini,1991,93.220
eswatini,1992,93.220
eswatini,1993,93.220
eswatini,1994,93.220
eswatini,1995,93.220
eswatini,1996,93.220
eswatini,1997,93.220
eswatini,1998,93.220
eswatini,1999,93.220
eswatini,2000,93.220
eswatini,2001,93.220
eswatini,2002,93.220
eswatini,2003,93.220
eswatini,2004,93.220
eswatini,2005,93.220
eswatini,2006,93.220
eswatini,2007,93.220
eswatini,2008,93.220
eswatini,2009,93.220
eswatini,2010,93.220
eswatini,2011,93.220
eswatini,2012,93.220
eswatini,2013,93.220
eswatini,2014,93.220
eswatini,2015,93.220
eswatini,2016,93.220
eswatini,2017,93.220
eswatini,2018,93.220
eswatini,2019,93.220
eswatini,2020,93.220
eswatini,2021,93.220
eswatini,2022,93.220
ethiopia,1993,2700.0
ethiopia,1994,2700.0
ethiopia,1995,2700.0
ethiopia,1996,2700.0
ethiopia,1997,2700.0
ethiopia,1998,2700.0
ethiopia,1999,2700.0
ethiopia,2000,2700.0
ethiopia,2001,2700.0
ethiopia,2002,2700.0
ethiopia,2003,2700.0
ethiopia,2004,2700.0
ethiopia,2005,2700.0
ethiopia,2006,2700.0
ethiopia,2007,2700.0
ethiopia,2008,2700.0
ethiopia,2009,2700.0
ethiopia,2010,2700.0
ethiopia,2011,2700.0
ethiopia,2012,2700.0
ethiopia,2013,2700.0
ethiopia,2014,2700.0
ethiopia,2015,2700.0
ethiopia,2016,2700.0
ethiopia,2017,2700.0
ethiopia,2018,2700.0
ethiopia,2019,2700.0
ethiopia,2020,2700.0
ethiopia,2021,2700.0
ethiopia,2022,2700.0
gabon,1961,440.00
gabon,1962,440.00
gabon,1963,440.00
gabon,1964,440.00
gabon,1965,440.00
gabon,1966,440.00
gabon,1967,440.00
gabon,1968,440.00
gabon,1969,440.00
gabon,1970,440.00
gabon,1971,440.00
gabon,1972,440.00
gabon,1973,440.00
gabon,1974,440.00
gabon,1975,440.00
gabon,1976,440.00
gabon,1977,440.00
gabon,1978,440.00
gabon,1979,440.00
gabon,1980,440.00
gabon,1981,440.00
gabon,1982,440.00
gabon,1983,440.00
gabon,1984,440.00
gabon,1985,440.00
gabon,1986,440.00
gabon,1987,440.00
gabon,1988,440.00
gabon,1989,440.00
gabon,1990,440.00
gabon,1991,440.00
gabon,1992,440.00
gabon,1993,440.00
gabon,1994,440.00
gabon,1995,440.00
gabon,1996,440.00
gabon,1997,440.00
gabon,1998,440.00
gabon,1999,440.00
gabon,2000,440.00
gabon,2001,440.00
gabon,2002,440.00
gabon,2003,440.00
gabon,2004,440.00
gabon,2005,440.00
gabon,2006,440.00
gabon,2007,440.00
gabon,2008,440.00
gabon,2009,440.00
gabon,2010,440.00
gabon,2011,440.00
gabon,2012,440.00
gabon,2013,440.00
gabon,2014,440.00
gabon,2015,440.00
gabon,2016,440.00
gabon,2017,440.00
gabon,2018,440.00
gabon,2019,440.00
gabon,2020,440.00
gabon,2021,440.00
gabon,2022,440.00
gambia,1961,80.000
gambia,1962,80.000
gambia,1963,80.000
gambia,1964,80.000
gambia,1965,80.000
gambia,1966,80.000
gambia,1967,80.000
gambia,1968,80.000
gambia,1969,80.000
gambia,1970,80.000
gambia,1971,80.000
gambia,1972,80.000
gambia,1973,80.000
gambia,1974,80.000
gambia,1975,80.000
gambia,1976,80.000
gambia,1977,80.000
gambia,1978,80.000
gambia,1979,80.000
gambia,1980,80.000
gambia,1981,80.000
gambia,1982,80.000
gambia,1983,80.000
gambia,1984,80.000
gambia,1985,80.000
gambia,1986,80.000
gambia,1987,80.000
gambia,1988,80.000
gambia,1989,80.000
gambia,1990,80.000
gambia,1991,80.000
gambia,1992,80.000
gambia,1993,80.000
gambia,1994,80.000
gambia,1995,80.000
gambia,1996,80.000
gambia,1997,80.000
gambia,1998,80.000
gambia,1999,80.000
gambia,2000,80.000
gambia,2001,80.000
gambia,2002,80.000
gambia,2003,80.000
gambia,2004,80.000
gambia,2005,80.000
gambia,2006,80.000
gambia,2007,80.000
gambia,2008,80.000
gambia,2009,80.000
gambia,2010,80.000
gambia,2011,80.000
gambia,2012,80.000
gambia,2013,80.000
gambia,2014,80.000
gambia,2015,80.000
gambia,2016,80.000
gambia,2017,80.000
gambia,2018,80.000
gambia,2019,80.000
gambia,2020,80.000
gambia,2021,80.000
gambia,2022,80.000
georgia,1992,725.00
georgia,1993,725.00
georgia,1994,725.00
georgia,1995,725.00
georgia,1996,725.00
georgia,1997,725.00
georgia,1998,725.00
georgia,1999,725.00
georgia,2000,725.00
georgia,2001,725.00
georgia,2002,725.00
georgia,2003,725.00
georgia,2004,725.00
georgia,2005,725.00
georgia,2006,725.00
georgia,2007,725.00
georgia,2008,725.00
georgia,2009,725.00
georgia,2010,725.00
georgia,2011,725.00
georgia,2012,725.00
georgia,2013,725.00
georgia,2014,725.00
georgia,2015,725.00
georgia,2016,725.00
georgia,2017,725.00
georgia,2018,725.00
georgia,2019,725.00
georgia,2020,725.00
georgia,2021,725.00
georgia,2022,725.00
ghana,1961,1900.0
ghana,1962,1900.0
ghana,1963,1900.0
ghana,1964,1900.0
ghana,1965,1900.0
ghana,1966,1900.0
ghana,1967,1900.0
ghana,1968,1900.0
ghana,1969,1900.0
ghana,1970,1900.0
ghana,1971,1900.0
ghana,1972,1900.0
ghana,1973,1900.0
ghana,1974,1900.0
ghana,1975,1900.0
ghana,1976,1900.0
ghana,1977,1900.0
ghana,1978,1900.0
ghana,1979,1900.0
ghana,1980,1900.0
ghana,1981,1900.0
ghana,1982,1900.0
ghana,1983,1900.0
ghana,1984,1900.0
ghana,1985,1900.0
ghana,1986,1900.0
ghana,1987,1900.0
ghana,1988,1900.0
ghana,1989,1900.0
ghana,1990,1900.0
ghana,1991,1900.0
ghana,1992,1900.0
ghana,1993,1900.0
ghana,1994,1900.0
ghana,1995,1900.0
ghana,1996,1900.0
ghana,1997,1900.0
ghana,1998,1900.0
ghana,1999,1900.0
ghana,2000,1900.0
ghana,2001,1900.0
ghana,2002,1900.0
ghana,2003,1900.0
ghana,2004,1900.0
ghana,2005,1900.0
ghana,2006,1900.0
ghana,2007,1900.0
ghana,2008,1900.0
ghana,2009,1900.0
ghana,2010,1900.0
ghana,2011,1900.0
ghana,2012,1900.0
ghana,2013,1900.0
ghana,2014,1900.0
ghana,2015,1900.0
ghana,2016,1900.0
ghana,2017,1900.0
ghana,2018,1900.0
ghana,2019,1900.0
ghana,2020,1900.0
ghana,2021,1900.0
ghana,2022,1900.0
grenada,1961,0.89400
grenada,1962,0.89400
grenada,1963,0.89400
grenada,1964,0.89400
grenada,1965,0.89400
grenada,1966,0.89400
grenada,1967,0.89400
grenada,1968,0.89400
grenada,1969,0.89400
grenada,1970,0.89400
grenada,1971,0.89400
grenada,1972,0.89400
grenada,1973,0.89400
grenada,1974,0.89400
grenada,1975,0.89400
grenada,1976,0.89400
grenada,1977,0.89400
grenada,1978,0.89400
grenada,1979,0.89400
grenada,1980,0.89400
grenada,1981,0.89400
grenada,1982,0.89400
grenada,1983,0.89400
grenada,1984,0.89400
grenada,1985,0.89400
grenada,1986,0.89400
grenada,1987,0.89400
grenada,1988,0.89400
grenada,1989,0.89400
grenada,1990,0.89400
grenada,1991,0.89400
grenada,1992,0.89400
grenada,1993,0.89400
grenada,1994,0.89400
grenada,1995,0.89400
grenada,1996,0.89400
grenada,1997,0.89400
grenada,1998,0.89400
grenada,1999,0.89400
grenada,2000,0.89400
grenada,2001,0.89400
grenada,2002,0.89400
grenada,2003,0.89400
grenada,2004,0.89400
grenada,2005,0.89400
grenada,2006,0.89400
grenada,2007,0.89400
grenada,2008,0.89400
grenada,2009,0.89400
grenada,2010,0.89400
grenada,2011,0.89400
grenada,2012,0.89400
grenada,2013,0.89400
grenada,2014,0.89400
grenada,2015,0.89400
grenada,2016,0.89400
grenada,2017,0.89400
grenada,2018,0.89400
grenada,2019,0.89400
grenada,2020,0.89400
grenada,2021,0.89400
grenada,2022,0.89400
guatemala,1961,2620.0
guatemala,1962,2620.0
guatemala,1963,2620.0
guatemala,1964,2620.0
guatemala,1965,2620.0
guatemala,1966,2620.0
guatemala,1967,2620.0
guatemala,1968,2620.0
guatemala,1969,2620.0
guatemala,1970,2620.0
guatemala,1971,2620.0
guatemala,1972,2620.0
guatemala,1973,2620.0
guatemala,1974,2620.0
guatemala,1975,2620.0
guatemala,1976,2620.0
guatemala,1977,2620.0
guatemala,1978,2620.0
guatemala,1979,2620.0
guatemala,1980,2620.0
guatemala,1981,2620.0
guatemala,1982,2620.0
guatemala,1983,2620.0
guatemala,1984,2620.0
guatemala,1985,2620.0
guatemala,1986,2620.0
guatemala,1987,2620.0
guatemala,1988,2620.0
guatemala,1989,2620.0
guatemala,1990,2620.0
guatemala,1991,2620.0
guatemala,1992,2620.0
guatemala,1993,2620.0
guatemala,1994,2620.0
guatemala,1995,2620.0
guatemala,1996,2620.0
guatemala,1997,2620.0
guatemala,1998,2620.0
guatemala,1999,2620.0
guatemala,2000,2620.0
guatemala,2001,2620.0
guatemala,2002,2620.0
guatemala,2003,2620.0
guatemala,2004,2620.0
guatemala,2005,2620.0
guatemala,2006,2620.0
guatemala,2007,2620.0
guatemala,2008,2620.0
guatemala,2009,2620.0
guatemala,2010,2620.0
guatemala,2011,2620.0
guatemala,2012,2620.0
guatemala,2013,2620.0
guatemala,2014,2620.0
guatemala,2015,2620.0
guatemala,2016,2620.0
guatemala,2017,2620.0
guatemala,2018,2620.0
guatemala,2019,2620.0
guatemala,2020,2620.0
guatemala,2021,2620.0
guatemala,2022,2620.0
guinea,1961,520.00
guinea,1962,520.00
guinea,1963,520.00
guinea,1964,520.00
guinea,1965,520.00
guinea,1966,520.00
guinea,1967,520.00
guinea,1968,520.00
guinea,1969,520.00
guinea,1970,520.00
guinea,1971,520.00
guinea,1972,520.00
guinea,1973,520.00
guinea,1974,520.00
guinea,1975,520.00
guinea,1976,520.00
guinea,1977,520.00
guinea,1978,520.00
guinea,1979,520.00
guinea,1980,520.00
guinea,1981,520.00
guinea,1982,520.00
guinea,1983,520.00
guinea,1984,520.00
guinea,1985,520.00
guinea,1986,520.00
guinea,1987,520.00
guinea,1988,520.00
guinea,1989,520.00
guinea,1990,520.00
guinea,1991,520.00
guinea,1992,520.00
guinea,1993,520.00
guinea,1994,520.00
guinea,1995,520.00
guinea,1996,520.00
guinea,1997,520.00
guinea,1998,520.00
guinea,1999,520.00
guinea,2000,520.00
guinea,2001,520.00
guinea,2002,520.00
guinea,2003,520.00
guinea,2004,520.00
guinea,2005,520.00
guinea,2006,520.00
guinea,2007,520.00
guinea,2008,520.00
guinea,2009,520.00
guinea,2010,520.00
guinea,2011,520.00
guinea,2012,520.00
guinea,2013,520.00
guinea,2014,520.00
guinea,2015,520.00
guinea,2016,520.00
guinea,2017,520.00
guinea,2018,520.00
guinea,2019,520.00
guinea,2020,520.00
guinea,2021,520.00
guinea,2022,520.00
guinea_bissau,1961,281.30
guinea_bissau,1962,281.30
guinea_bissau,1963,281.30
guinea_bissau,1964,281.30
guinea_bissau,1965,281.30
guinea_bissau,1966,281.30
guinea_bissau,1967,281.30
guinea_bissau,1968,281.30
guinea_bissau,1969,281.30
guinea_bissau,1970,281.30
guinea_bissau,1971,281.30
guinea_bissau,1972,281.30
guinea_bissau,1973,281.30
guinea_bissau,1974,281.30
guinea_bissau,1975,281.30
guinea_bissau,1976,281.30
guinea_bissau,1977,281.30
guinea_bissau,1978,281.30
guinea_bissau,1979,281.30
guinea_bissau,1980,281.30
guinea_bissau,1981,281.30
guinea_bissau,1982,281.30
guinea_bissau,1983,281.30
guinea_bissau,1984,281.30
guinea_bissau,1985,281.30
guinea_bissau,1986,281.30
guinea_bissau,1987,281.30
guinea_bissau,1988,281.30
guinea_bissau,1989,281.30
guinea_bissau,1990,281.30
guinea_bissau,1991,281.30
guinea_bissau,1992,281.30
guinea_bissau,1993,281.30
guinea_bissau,1994,281.30
guinea_bissau,1995,281.30
guinea_bissau,1996,281.30
guinea_bissau,1997,281.30
guinea_bissau,1998,281.30
guinea_bissau,1999,281.30
guinea_bissau,2000,281.30
guinea_bissau,2001,281.30
guinea_bissau,2002,281.30
guinea_bissau,2003,281.30
guinea_bissau,2004,281.30
guinea_bissau,2005,281.30
guinea_bissau,2006,281.30
guinea_bissau,2007,281.30
guinea_bissau,2008,281.30
guinea_bissau,2009,281.30
guinea_bissau,2010,281.30
guinea_bissau,2011,281.30
guinea_bissau,2012,281.30
guinea_bissau,2013,281.30
guinea_bissau,2014,281.30
guinea_bissau,2015,281.30
guinea_bissau,2016,281.30
guinea_bissau,2017,281.30
guinea_bissau,2018,281.30
guinea_bissau,2019,281.30
guinea_bissau,2020,281.30
guinea_bissau,2021,281.30
guinea_bissau,2022,281.30
haiti,1961,143.00
haiti,1962,143.00
haiti,1963,143.00
haiti,1964,143.00
haiti,1965,143.00
haiti,1966,143.00
haiti,1967,143.00
haiti,1968,143.00
haiti,1969,143.00
haiti,1970,143.00
haiti,1971,143.00
haiti,1972,143.00
haiti,1973,143.00
haiti,1974,143.00
haiti,1975,143.00
haiti,1976,143.00
haiti,1977,143.00
haiti,1978,143.00
haiti,1979,143.00
haiti,1980,143.00
haiti,1981,143.00
haiti,1982,143.00
haiti,1983,143.00
haiti,1984,143.00
haiti,1985,143.00
haiti,1986,143.00
haiti,1987,143.00
haiti,1988,143.00
haiti,1989,143.00
haiti,1990,143.00
haiti,1991,143.00
haiti,1992,143.00
haiti,1993,143.00
haiti,1994,143.00
haiti,1995,143.00
haiti,1996,143.00
haiti,1997,143.00
haiti,1998,143.00
haiti,1999,143.00
haiti,2000,143.00
haiti,2001,143.00
haiti,2002,143.00
haiti,2003,143.00
haiti,2004,143.00
haiti,2005,143.00
haiti,2006,143.00
haiti,2007,143.00
haiti,2008,143.00
haiti,2009,143.00
haiti,2010,143.00
haiti,2011,143.00
haiti,2012,143.00
haiti,2013,143.00
haiti,2014,143.00
haiti,2015,143.00
haiti,2016,143.00
haiti,2017,143.00
haiti,2018,143.00
haiti,2019,143.00
haiti,2020,143.00
haiti,2021,143.00
haiti,2022,143.00
honduras,1961,500.00
honduras,1962,500.00
honduras,1963,500.00
honduras,1964,500.00
honduras,1965,500.00
honduras,1966,500.00
honduras,1967,500.00
honduras,1968,500.00
honduras,1969,500.00
honduras,1970,500.00
honduras,1971,500.00
honduras,1972,500.00
honduras,1973,500.00
honduras,1974,500.00
honduras,1975,500.00
honduras,1976,500.00
honduras,1977,500.00
honduras,1978,500.00
honduras,1979,500.00
honduras,1980,500.00
honduras,1981,500.00
honduras,1982,500.00
honduras,1983,500.00
honduras,1984,500.00
honduras,1985,500.00
honduras,1986,500.00
honduras,1987,500.00
honduras,1988,500.00
honduras,1989,500.00
honduras,1990,500.00
honduras,1991,500.00
honduras,1992,500.00
honduras,1993,500.00
honduras,1994,500.00
honduras,1995,500.00
honduras,1996,500.00
honduras,1997,500.00
honduras,1998,500.00
honduras,1999,500.00
honduras,2000,500.00
honduras,2001,500.00
honduras,2002,500.00
honduras,2003,500.00
honduras,2004,500.00
honduras,2005,500.00
honduras,2006,500.00
honduras,2007,500.00
honduras,2008,500.00
honduras,2009,500.00
honduras,2010,500.00
honduras,2011,500.00
honduras,2012,500.00
honduras,2013,500.00
honduras,2014,500.00
honduras,2015,500.00
honduras,2016,500.00
honduras,2017,500.00
honduras,2018,500.00
honduras,2019,500.00
honduras,2020,500.00
honduras,2021,500.00
honduras,2022,500.00
india,1961,139500
india,1962,139500
india,1963,139500
india,1964,139500
india,1965,139500
india,1966,139500
india,1967,139500
india,1968,139500
india,1969,139500
india,1970,139500
india,1971,139500
india,1972,139500
india,1973,139500
india,1974,139500
india,1975,139500
india,1976,139500
india,1977,139500
india,1978,139500
india,1979,139500
india,1980,139500
india,1981,139500
india,1982,139500
india,1983,139500
india,1984,139500
india,1985,139500
india,1986,139500
india,1987,139500
india,1988,139500
india,1989,139500
india,1990,139500
india,1991,139500
india,1992,139500
india,1993,139500
india,1994,139500
india,1995,139500
india,1996,139500
india,1997,139500
india,1998,139500
india,1999,139500
india,2000,139500
india,2001,139500
india,2002,139500
india,2003,139500
india,2004,139500
india,2005,139500
india,2006,139500
india,2007,139500
india,2008,139500
india,2009,139500
india,2010,139500
india,2011,139500
india,2012,139500
india,2013,139500
india,2014,139500
india,2015,139500
india,2016,139500
india,2017,139500
india,2018,139500
india,2019,139500
india,2020,139500
india,2021,139500
india,2022,139500
indonesia,1961,10886
indonesia,1962,10886
indonesia,1963,10886
indonesia,1964,10886
indonesia,1965,10886
indonesia,1966,10886
indonesia,1967,10886
indonesia,1968,10886
indonesia,1969,10886
indonesia,1970,10886
indonesia,1971,10886
indonesia,1972,10886
indonesia,1973,10886
indonesia,1974,10886
indonesia,1975,10886
indonesia,1976,10886
indonesia,1977,10886
indonesia,1978,10886
indonesia,1979,10886
indonesia,1980,10886
indonesia,1981,10886
indonesia,1982,10886
indonesia,1983,10886
indonesia,1984,10886
indonesia,1985,10886
indonesia,1986,10886
indonesia,1987,10886
indonesia,1988,10886
indonesia,1989,10886
indonesia,1990,10886
indonesia,1991,10886
indonesia,1992,10886
indonesia,1993,10886
indonesia,1994,10886
indonesia,1995,10886
indonesia,1996,10886
indonesia,1997,10886
indonesia,1998,10886
indonesia,1999,10886
indonesia,2000,10886
indonesia,2001,10886
indonesia,2002,10886
indonesia,2003,10886
indonesia,2004,10886
indonesia,2005,10886
indonesia,2006,10886
indonesia,2007,10886
indonesia,2008,10886
indonesia,2009,10886
indonesia,2010,10886
indonesia,2011,10886
indonesia,2012,10886
indonesia,2013,10886
indonesia,2014,10886
indonesia,2015,10886
indonesia,2016,10886
indonesia,2017,10886
indonesia,2018,10886
indonesia,2019,10886
indonesia,2020,10886
indonesia,2021,10886
indonesia,2022,10886
iran_islamic_republic_of,1961,15000
iran_islamic_republic_of,1962,15000
iran_islamic_republic_of,1963,15000
iran_islamic_republic_of,1964,15000
iran_islamic_republic_of,1965,15000
iran_islamic_republic_of,1966,15000
iran_islamic_republic_of,1967,15000
iran_islamic_republic_of,1968,15000
iran_islamic_republic_of,1969,15000
iran_islamic_republic_of,1970,15000
iran_islamic_republic_of,1971,15000
iran_islamic_republic_of,1972,15000
iran_islamic_republic_of,1973,15000
iran_islamic_republic_of,1974,15000
iran_islamic_republic_of,1975,15000
iran_islamic_republic_of,1976,15000
iran_islamic_republic_of,1977,15000
iran_islamic_republic_of,1978,15000
iran_islamic_republic_of,1979,15000
iran_islamic_republic_of,1980,15000
iran_islamic_republic_of,1981,15000
iran_islamic_republic_of,1982,15000
iran_islamic_republic_of,1983,15000
iran_islamic_republic_of,1984,15000
iran_islamic_republic_of,1985,15000
iran_islamic_republic_of,1986,15000
iran_islamic_republic_of,1987,15000
iran_islamic_republic_of,1988,15000
iran_islamic_republic_of,1989,15000
iran_islamic_republic_of,1990,15000
iran_islamic_republic_of,1991,15000
iran_islamic_republic_of,1992,15000
iran_islamic_republic_of,1993,15000
iran_islamic_republic_of,1994,15000
iran_islamic_republic_of,1995,15000
iran_islamic_republic_of,1996,15000
iran_islamic_republic_of,1997,15000
iran_islamic_republic_of,1998,15000
iran_islamic_republic_of,1999,15000
iran_islamic_republic_of,2000,15000
iran_islamic_republic_of,2001,15000
iran_islamic_republic_of,2002,15000
iran_islamic_republic_of,2003,15000
iran_islamic_republic_of,2004,15000
iran_islamic_republic_of,2005,15000
iran_islamic_republic_of,2006,15000
iran_islamic_republic_of,2007,15000
iran_islamic_republic_of,2008,15000
iran_islamic_republic_of,2009,15000
iran_islamic_republic_of,2010,15000
iran_islamic_republic_of,2011,15000
iran_islamic_republic_of,2012,15000
iran_islamic_republic_of,2013,15000
iran_islamic_republic_of,2014,15000
iran_islamic_republic_of,2015,15000
iran_islamic_republic_of,2016,15000
iran_islamic_republic_of,2017,15000
iran_islamic_republic_of,2018,15000
iran_islamic_republic_of,2019,15000
iran_islamic_republic_of,2020,15000
iran_islamic_republic_of,2021,15000
iran_islamic_republic_of,2022,15000
iraq,1961,5554.0
iraq,1962,5554.0
iraq,1963,5554.0
iraq,1964,5554.0
iraq,1965,5554.0
iraq,1966,5554.0
iraq,1967,5554.0
iraq,1968,5554.0
iraq,1969,5554.0
iraq,1970,5554.0
iraq,1971,5554.0
iraq,1972,5554.0
iraq,1973,5554.0
iraq,1974,5554.0
iraq,1975,5554.0
iraq,1976,5554.0
iraq,1977,5554.0
iraq,1978,5554.0
iraq,1979,5554.0
iraq,1980,5554.0
iraq,1981,5554.0
iraq,1982,5554.0
iraq,1983,5554.0
iraq,1984,5554.0
iraq,1985,5554.0
iraq,1986,5554.0
iraq,1987,5554.0
iraq,1988,5554.0
iraq,1989,5554.0
iraq,1990,5554.0
iraq,1991,5554.0
iraq,1992,5554.0
iraq,1993,5554.0
iraq,1994,5554.0
iraq,1995,5554.0
iraq,1996,5554.0
iraq,1997,5554.0
iraq,1998,5554.0
iraq,1999,5554.0
iraq,2000,5554.0
iraq,2001,5554.0
iraq,2002,5554.0
iraq,2003,5554.0
iraq,2004,5554.0
iraq,2005,5554.0
iraq,2006,5554.0
iraq,2007,5554.0
iraq,2008,5554.0
iraq,2009,5554.0
iraq,2010,5554.0
iraq,2011,5554.0
iraq,2012,5554.0
iraq,2013,5554.0
iraq,2014,5554.0
iraq,2015,5554.0
iraq,2016,5554.0
iraq,2017,5554.0
iraq,2018,5554.0
iraq,2019,5554.0
iraq,2020,5554.0
iraq,2021,5554.0
iraq,2022,5554.0
jamaica,1961,188.00
jamaica,1962,188.00
jamaica,1963,188.00
jamaica,1964,188.00
jamaica,1965,188.00
jamaica,1966,188.00
jamaica,1967,188.00
jamaica,1968,188.00
jamaica,1969,188.00
jamaica,1970,188.00
jamaica,1971,188.00
jamaica,1972,188.00
jamaica,1973,188.00
jamaica,1974,188.00
jamaica,1975,188.00
jamaica,1976,188.00
jamaica,1977,188.00
jamaica,1978,188.00
jamaica,1979,188.00
jamaica,1980,188.00
jamaica,1981,188.00
jamaica,1982,188.00
jamaica,1983,188.00
jamaica,1984,188.00
jamaica,1985,188.00
jamaica,1986,188.00
jamaica,1987,188.00
jamaica,1988,188.00
jamaica,1989,188.00
jamaica,1990,188.00
jamaica,1991,188.00
jamaica,1992,188.00
jamaica,1993,188.00
jamaica,1994,188.00
jamaica,1995,188.00
jamaica,1996,188.00
jamaica,1997,188.00
jamaica,1998,188.00
jamaica,1999,188.00
jamaica,2000,188.00
jamaica,2001,188.00
jamaica,2002,188.00
jamaica,2003,188.00
jamaica,2004,188.00
jamaica,2005,188.00
jamaica,2006,188.00
jamaica,2007,188.00
jamaica,2008,188.00
jamaica,2009,188.00
jamaica,2010,188.00
jamaica,2011,188.00
jamaica,2012,188.00
jamaica,2013,188.00
jamaica,2014,188.00
jamaica,2015,188.00
jamaica,2016,188.00
jamaica,2017,188.00
jamaica,2018,188.00
jamaica,2019,188.00
jamaica,2020,188.00
jamaica,2021,188.00
jamaica,2022,188.00
jordan,1961,85.000
jordan,1962,85.000
jordan,1963,85.000
jordan,1964,85.000
jordan,1965,85.000
jordan,1966,85.000
jordan,1967,85.000
jordan,1968,85.000
jordan,1969,85.000
jordan,1970,85.000
jordan,1971,85.000
jordan,1972,85.000
jordan,1973,85.000
jordan,1974,85.000
jordan,1975,85.000
jordan,1976,85.000
jordan,1977,85.000
jordan,1978,85.000
jordan,1979,85.000
jordan,1980,85.000
jordan,1981,85.000
jordan,1982,85.000
jordan,1983,85.000
jordan,1984,85.000
jordan,1985,85.000
jordan,1986,85.000
jordan,1987,85.000
jordan,1988,85.000
jordan,1989,85.000
jordan,1990,85.000
jordan,1991,85.000
jordan,1992,85.000
jordan,1993,85.000
jordan,1994,85.000
jordan,1995,85.000
jordan,1996,85.000
jordan,1997,85.000
jordan,1998,85.000
jordan,1999,85.000
jordan,2000,85.000
jordan,2001,85.000
jordan,2002,85.000
jordan,2003,85.000
jordan,2004,85.000
jordan,2005,85.000
jordan,2006,85.000
jordan,2007,85.000
jordan,2008,85.000
jordan,2009,85.000
jordan,2010,85.000
jordan,2011,85.000
jordan,2012,85.000
jordan,2013,85.000
jordan,2014,85.000
jordan,2015,85.000
jordan,2016,85.000
jordan,2017,85.000
jordan,2018,85.000
jordan,2019,85.000
jordan,2020,85.000
jordan,2021,85.000
jordan,2022,85.000
kazakhstan,1992,3768.0
kazakhstan,1993,3768.0
kazakhstan,1994,3768.0
kazakhstan,1995,3768.0
kazakhstan,1996,3768.0
kazakhstan,1997,3768.0
kazakhstan,1998,3768.0
kazakhstan,1999,3768.0
kazakhstan,2000,3768.0
kazakhstan,2001,3768.0
kazakhstan,2002,3768.0
kazakhstan,2003,3768.0
kazakhstan,2004,3768.0
kazakhstan,2005,3768.0
kazakhstan,2006,3768.0
kazakhstan,2007,3768.0
kazakhstan,2008,3768.0
kazakhstan,2009,3768.0
kazakhstan,2010,3768.0
kazakhstan,2011,3768.0
kazakhstan,2012,3768.0
kazakhstan,2013,3768.0
kazakhstan,2014,3768.0
kazakhstan,2015,3768.0
kazakhstan,2016,3768.0
kazakhstan,2017,3768.0
kazakhstan,2018,3768.0
kazakhstan,2019,3768.0
kazakhstan,2020,3768.0
kazakhstan,2021,3768.0
kazakhstan,2022,3768.0
kenya,1961,353.00
kenya,1962,353.00
kenya,1963,353.00
kenya,1964,353.00
kenya,1965,353.00
kenya,1966,353.00
kenya,1967,353.00
kenya,1968,353.00
kenya,1969,353.00
kenya,1970,353.00
kenya,1971,353.00
kenya,1972,353.00
kenya,1973,353.00
kenya,1974,353.00
kenya,1975,353.00
kenya,1976,353.00
kenya,1977,353.00
kenya,1978,353.00
kenya,1979,353.00
kenya,1980,353.00
kenya,1981,353.00
kenya,1982,353.00
kenya,1983,353.00
kenya,1984,353.00
kenya,1985,353.00
kenya,1986,353.00
kenya,1987,353.00
kenya,1988,353.00
kenya,1989,353.00
kenya,1990,353.00
kenya,1991,353.00
kenya,1992,353.00
kenya,1993,353.00
kenya,1994,353.00
kenya,1995,353.00
kenya,1996,353.00
kenya,1997,353.00
kenya,1998,353.00
kenya,1999,353.00
kenya,2000,353.00
kenya,2001,353.00
kenya,2002,353.00
kenya,2003,353.00
kenya,2004,353.00
kenya,2005,353.00
kenya,2006,353.00
kenya,2007,353.00
kenya,2008,353.00
kenya,2009,353.00
kenya,2010,353.00
kenya,2011,353.00
kenya,2012,353.00
kenya,2013,353.00
kenya,2014,353.00
kenya,2015,353.00
kenya,2016,353.00
kenya,2017,353.00
kenya,2018,353.00
kenya,2019,353.00
kenya,2020,353.00
kenya,2021,353.00
kenya,2022,353.00
kuwait,1961,25.000
kuwait,1962,25.000
kuwait,1963,25.000
kuwait,1964,25.000
kuwait,1965,25.000
kuwait,1966,25.000
kuwait,1967,25.000
kuwait,1968,25.000
kuwait,1969,25.000
kuwait,1970,25.000
kuwait,1971,25.000
kuwait,1972,25.000
kuwait,1973,25.000
kuwait,1974,25.000
kuwait,1975,25.000
kuwait,1976,25.000
kuwait,1977,25.000
kuwait,1978,25.000
kuwait,1979,25.000
kuwait,1980,25.000
kuwait,1981,25.000
kuwait,1982,25.000
kuwait,1983,25.000
kuwait,1984,25.000
kuwait,1985,25.000
kuwait,1986,25.000
kuwait,1987,25.000
kuwait,1988,25.000
kuwait,1989,25.000
kuwait,1990,25.000
kuwait,1991,25.000
kuwait,1992,25.000
kuwait,1993,25.000
kuwait,1994,25.000
kuwait,1995,25.000
kuwait,1996,25.000
kuwait,1997,25.000
kuwait,1998,25.000
kuwait,1999,25.000
kuwait,2000,25.000
kuwait,2001,25.000
kuwait,2002,25.000
kuwait,2003,25.000
kuwait,2004,25.000
kuwait,2005,25.000
kuwait,2006,25.000
kuwait,2007,25.000
kuwait,2008,25.000
kuwait,2009,25.000
kuwait,2010,25.000
kuwait,2011,25.000
kuwait,2012,25.000
kuwait,2013,25.000
kuwait,2014,25.000
kuwait,2015,25.000
kuwait,2016,25.000
kuwait,2017,25.000
kuwait,2018,25.000
kuwait,2019,25.000
kuwait,2020,25.000
kuwait,2021,25.000
kuwait,2022,25.000
kyrgyzstan,1992,2247.0
kyrgyzstan,1993,2247.0
kyrgyzstan,1994,2247.0
kyrgyzstan,1995,2247.0
kyrgyzstan,1996,2247.0
kyrgyzstan,1997,2247.0
kyrgyzstan,1998,2247.0
kyrgyzstan,1999,2247.0
kyrgyzstan,2000,2247.0
kyrgyzstan,2001,2247.0
kyrgyzstan,2002,2247.0
kyrgyzstan,2003,2247.0
kyrgyzstan,2004,2247.0
kyrgyzstan,2005,2247.0
kyrgyzstan,2006,2247.0
kyrgyzstan,2007,2247.0
kyrgyzstan,2008,2247.0
kyrgyzstan,2009,2247.0
kyrgyzstan,2010,2247.0
kyrgyzstan,2011,2247.0
kyrgyzstan,2012,2247.0
kyrgyzstan,2013,2247.0
kyrgyzstan,2014,2247.0
kyrgyzstan,2015,2247.0
kyrgyzstan,2016,2247.0
kyrgyzstan,2017,2247.0
kyrgyzstan,2018,2247.0
kyrgyzstan,2019,2247.0
kyrgyzstan,2020,2247.0
kyrgyzstan,2021,2247.0
kyrgyzstan,2022,2247.0
lao_people_s_democratic_republic,1961,600.00
lao_people_s_democratic_republic,1962,600.00
lao_people_s_democratic_republic,1963,600.00
lao_people_s_democratic_republic,1964,600.00
lao_people_s_democratic_republic,1965,600.00
lao_people_s_democratic_republic,1966,600.00
lao_people_s_democratic_republic,1967,600.00
lao_people_s_democratic_republic,1968,600.00
lao_people_s_democratic_republic,1969,600.00
lao_people_s_democratic_republic,1970,600.00
lao_people_s_democratic_republic,1971,600.00
lao_people_s_democratic_republic,1972,600.00
lao_people_s_democratic_republic,1973,600.00
lao_people_s_democratic_republic,1974,600.00
lao_people_s_democratic_republic,1975,600.00
lao_people_s_democratic_republic,1976,600.00
lao_people_s_democratic_republic,1977,600.00
lao_people_s_democratic_republic,1978,600.00
lao_people_s_democratic_republic,1979,600.00
lao_people_s_democratic_republic,1980,600.00
lao_people_s_democratic_republic,1981,600.00
lao_people_s_democratic_republic,1982,600.00
lao_people_s_democratic_republic,1983,600.00
lao_people_s_democratic_republic,1984,600.00
lao_people_s_democratic_republic,1985,600.00
lao_people_s_democratic_republic,1986,600.00
lao_people_s_democratic_republic,1987,600.00
lao_people_s_democratic_republic,1988,600.00
lao_people_s_democratic_republic,1989,600.00
lao_people_s_democratic_republic,1990,600.00
lao_people_s_democratic_republic,1991,600.00
lao_people_s_democratic_republic,1992,600.00
lao_people_s_democratic_republic,1993,600.00
lao_people_s_democratic_republic,1994,600.00
lao_people_s_democratic_republic,1995,600.00
lao_people_s_democratic_republic,1996,600.00
lao_people_s_democratic_republic,1997,600.00
lao_people_s_democratic_republic,1998,600.00
lao_people_s_democratic_republic,1999,600.00
lao_people_s_democratic_republic,2000,600.00
lao_people_s_democratic_republic,2001,600.00
lao_people_s_democratic_republic,2002,600.00
lao_people_s_democratic_republic,2003,600.00
lao_people_s_democratic_republic,2004,600.00
lao_people_s_democratic_republic,2005,600.00
lao_people_s_democratic_republic,2006,600.00
lao_people_s_democratic_republic,2007,600.00
lao_people_s_democratic_republic,2008,600.00
lao_people_s_democratic_republic,2009,600.00
lao_people_s_democratic_republic,2010,600.00
lao_people_s_democratic_republic,2011,600.00
lao_people_s_democratic_republic,2012,600.00
lao_people_s_democratic_republic,2013,600.00
lao_people_s_democratic_republic,2014,600.00
lao_people_s_democratic_republic,2015,600.00
lao_people_s_democratic_republic,2016,600.00
lao_people_s_democratic_republic,2017,600.00
lao_people_s_democratic_republic,2018,600.00
lao_people_s_democratic_republic,2019,600.00
lao_people_s_democratic_republic,2020,600.00
lao_people_s_democratic_republic,2021,600.00
lao_people_s_democratic_republic,2022,600.00
lebanon,1961,177.50
lebanon,1962,177.50
lebanon,1963,177.50
lebanon,1964,177.50
lebanon,1965,177.50
lebanon,1966,177.50
lebanon,1967,177.50
lebanon,1968,177.50
lebanon,1969,177.50
lebanon,1970,177.50
lebanon,1971,177.50
lebanon,1972,177.50
lebanon,1973,177.50
lebanon,1974,177.50
lebanon,1975,177.50
lebanon,1976,177.50
lebanon,1977,177.50
lebanon,1978,177.50
lebanon,1979,177.50
lebanon,1980,177.50
lebanon,1981,177.50
lebanon,1982,177.50
lebanon,1983,177.50
lebanon,1984,177.50
lebanon,1985,177.50
lebanon,1986,177.50
lebanon,1987,177.50
lebanon,1988,177.50
lebanon,1989,177.50
lebanon,1990,177.50
lebanon,1991,177.50
lebanon,1992,177.50
lebanon,1993,177.50
lebanon,1994,177.50
lebanon,1995,177.50
lebanon,1996,177.50
lebanon,1997,177.50
lebanon,1998,177.50
lebanon,1999,177.50
lebanon,2000,177.50
lebanon,2001,177.50
lebanon,2002,177.50
lebanon,2003,177.50
lebanon,2004,177.50
lebanon,2005,177.50
lebanon,2006,177.50
lebanon,2007,177.50
lebanon,2008,177.50
lebanon,2009,177.50
lebanon,2010,177.50
lebanon,2011,177.50
lebanon,2012,177.50
lebanon,2013,177.50
lebanon,2014,177.50
lebanon,2015,177.50
lebanon,2016,177.50
lebanon,2017,177.50
lebanon,2018,177.50
lebanon,2019,177.50
lebanon,2020,177.50
lebanon,2021,177.50
lebanon,2022,177.50
lesotho,1961,12.500
lesotho,1962,12.500
lesotho,1963,12.500
lesotho,1964,12.500
lesotho,1965,12.500
lesotho,1966,12.500
lesotho,1967,12.500
lesotho,1968,12.500
lesotho,1969,12.500
lesotho,1970,12.500
lesotho,1971,12.500
lesotho,1972,12.500
lesotho,1973,12.500
lesotho,1974,12.500
lesotho,1975,12.500
lesotho,1976,12.500
lesotho,1977,12.500
lesotho,1978,12.500
lesotho,1979,12.500
lesotho,1980,12.500
lesotho,1981,12.500
lesotho,1982,12.500
lesotho,1983,12.500
lesotho,1984,12.500
lesotho,1985,12.500
lesotho,1986,12.500
lesotho,1987,12.500
lesotho,1988,12.500
lesotho,1989,12.500
lesotho,1990,12.500
lesotho,1991,12.500
lesotho,1992,12.500
lesotho,1993,12.500
lesotho,1994,12.500
lesotho,1995,12.500
lesotho,1996,12.500
lesotho,1997,12.500
lesotho,1998,12.500
lesotho,1999,12.500
lesotho,2000,12.500
lesotho,2001,12.500
lesotho,2002,12.500
lesotho,2003,12.500
lesotho,2004,12.500
lesotho,2005,12.500
lesotho,2006,12.500
lesotho,2007,12.500
lesotho,2008,12.500
lesotho,2009,12.500
lesotho,2010,12.500
lesotho,2011,12.500
lesotho,2012,12.500
lesotho,2013,12.500
lesotho,2014,12.500
lesotho,2015,12.500
lesotho,2016,12.500
lesotho,2017,12.500
lesotho,2018,12.500
lesotho,2019,12.500
lesotho,2020,12.500
lesotho,2021,12.500
lesotho,2022,12.500
liberia,1961,600.00
liberia,1962,600.00
liberia,1963,600.00
liberia,1964,600.00
liberia,1965,600.00
liberia,1966,600.00
liberia,1967,600.00
liberia,1968,600.00
liberia,1969,600.00
liberia,1970,600.00
liberia,1971,600.00
liberia,1972,600.00
liberia,1973,600.00
liberia,1974,600.00
liberia,1975,600.00
liberia,1976,600.00
liberia,1977,600.00
liberia,1978,600.00
liberia,1979,600.00
liberia,1980,600.00
liberia,1981,600.00
liberia,1982,600.00
liberia,1983,600.00
liberia,1984,600.00
liberia,1985,600.00
liberia,1986,600.00
liberia,1987,600.00
liberia,1988,600.00
liberia,1989,600.00
liberia,1990,600.00
liberia,1991,600.00
liberia,1992,600.00
liberia,1993,600.00
liberia,1994,600.00
liberia,1995,600.00
liberia,1996,600.00
liberia,1997,600.00
liberia,1998,600.00
liberia,1999,600.00
liberia,2000,600.00
liberia,2001,600.00
liberia,2002,600.00
liberia,2003,600.00
liberia,2004,600.00
liberia,2005,600.00
liberia,2006,600.00
liberia,2007,600.00
liberia,2008,600.00
liberia,2009,600.00
liberia,2010,600.00
liberia,2011,600.00
liberia,2012,600.00
liberia,2013,600.00
liberia,2014,600.00
liberia,2015,600.00
liberia,2016,600.00
liberia,2017,600.00
liberia,2018,600.00
liberia,2019,600.00
liberia,2020,600.00
liberia,2021,600.00
liberia,2022,600.00
libya,1961,40.000
libya,1962,40.000
libya,1963,40.000
libya,1964,40.000
libya,1965,40.000
libya,1966,40.000
libya,1967,40.000
libya,1968,40.000
libya,1969,40.000
libya,1970,40.000
libya,1971,40.000
libya,1972,40.000
libya,1973,40.000
libya,1974,40.000
libya,1975,40.000
libya,1976,40.000
libya,1977,40.000
libya,1978,40.000
libya,1979,40.000
libya,1980,40.000
libya,1981,40.000
libya,1982,40.000
libya,1983,40.000
libya,1984,40.000
libya,1985,40.000
libya,1986,40.000
libya,1987,40.000
libya,1988,40.000
libya,1989,40.000
libya,1990,40.000
libya,1991,40.000
libya,1992,40.000
libya,1993,40.000
libya,1994,40.000
libya,1995,40.000
libya,1996,40.000
libya,1997,40.000
libya,1998,40.000
libya,1999,40.000
libya,2000,40.000
libya,2001,40.000
libya,2002,40.000
libya,2003,40.000
libya,2004,40.000
libya,2005,40.000
libya,2006,40.000
libya,2007,40.000
libya,2008,40.000
libya,2009,40.000
libya,2010,40.000
libya,2011,40.000
libya,2012,40.000
libya,2013,40.000
libya,2014,40.000
libya,2015,40.000
libya,2016,40.000
libya,2017,40.000
libya,2018,40.000
libya,2019,40.000
libya,2020,40.000
libya,2021,40.000
libya,2022,40.000
lithuania,1992,200.00
lithuania,1993,200.00
lithuania,1994,200.00
lithuania,1995,200.00
lithuania,1996,200.00
lithuania,1997,200.00
lithuania,1998,200.00
lithuania,1999,200.00
lithuania,2000,200.00
lithuania,2001,200.00
lithuania,2002,200.00
lithuania,2003,200.00
lithuania,2004,200.00
lithuania,2005,200.00
lithuania,2006,200.00
lithuania,2007,200.00
lithuania,2008,200.00
lithuania,2009,200.00
lithuania,2010,200.00
lithuania,2011,200.00
lithuania,2012,200.00
lithuania,2013,200.00
lithuania,2014,200.00
lithuania,2015,200.00
lithuania,2016,200.00
lithuania,2017,200.00
lithuania,2018,200.00
lithuania,2019,200.00
lithuania,2020,200.00
lithuania,2021,200.00
lithuania,2022,200.00
madagascar,1961,1517.0
madagascar,1962,1517.0
madagascar,1963,1517.0
madagascar,1964,1517.0
madagascar,1965,1517.0
madagascar,1966,1517.0
madagascar,1967,1517.0
madagascar,1968,1517.0
madagascar,1969,1517.0
madagascar,1970,1517.0
madagascar,1971,1517.0
madagascar,1972,1517.0
madagascar,1973,1517.0
madagascar,1974,1517.0
madagascar,1975,1517.0
madagascar,1976,1517.0
madagascar,1977,1517.0
madagascar,1978,1517.0
madagascar,1979,1517.0
madagascar,1980,1517.0
madagascar,1981,1517.0
madagascar,1982,1517.0
madagascar,1983,1517.0
madagascar,1984,1517.0
madagascar,1985,1517.0
madagascar,1986,1517.0
madagascar,1987,1517.0
madagascar,1988,1517.0
madagascar,1989,1517.0
madagascar,1990,1517.0
madagascar,1991,1517.0
madagascar,1992,1517.0
madagascar,1993,1517.0
madagascar,1994,1517.0
madagascar,1995,1517.0
madagascar,1996,1517.0
madagascar,1997,1517.0
madagascar,1998,1517.0
madagascar,1999,1517.0
madagascar,2000,1517.0
madagascar,2001,1517.0
madagascar,2002,1517.0
madagascar,2003,1517.0
madagascar,2004,1517.0
madagascar,2005,1517.0
madagascar,2006,1517.0
madagascar,2007,1517.0
madagascar,2008,1517.0
madagascar,2009,1517.0
madagascar,2010,1517.0
madagascar,2011,1517.0
madagascar,2012,1517.0
madagascar,2013,1517.0
madagascar,2014,1517.0
madagascar,2015,1517.0
madagascar,2016,1517.0
madagascar,2017,1517.0
madagascar,2018,1517.0
madagascar,2019,1517.0
madagascar,2020,1517.0
madagascar,2021,1517.0
madagascar,2022,1517.0
malawi,1961,161.90
malawi,1962,161.90
malawi,1963,161.90
malawi,1964,161.90
malawi,1965,161.90
malawi,1966,161.90
malawi,1967,161.90
malawi,1968,161.90
malawi,1969,161.90
malawi,1970,161.90
malawi,1971,161.90
malawi,1972,161.90
malawi,1973,161.90
malawi,1974,161.90
malawi,1975,161.90
malawi,1976,161.90
malawi,1977,161.90
malawi,1978,161.90
malawi,1979,161.90
malawi,1980,161.90
malawi,1981,161.90
malawi,1982,161.90
malawi,1983,161.90
malawi,1984,161.90
malawi,1985,161.90
malawi,1986,161.90
malawi,1987,161.90
malawi,1988,161.90
malawi,1989,161.90
malawi,1990,161.90
malawi,1991,161.90
malawi,1992,161.90
malawi,1993,161.90
malawi,1994,161.90
malawi,1995,161.90
malawi,1996,161.90
malawi,1997,161.90
malawi,1998,161.90
malawi,1999,161.90
malawi,2000,161.90
malawi,2001,161.90
malawi,2002,161.90
malawi,2003,161.90
malawi,2004,161.90
malawi,2005,161.90
malawi,2006,161.90
malawi,2007,161.90
malawi,2008,161.90
malawi,2009,161.90
malawi,2010,161.90
malawi,2011,161.90
malawi,2012,161.90
malawi,2013,161.90
malawi,2014,161.90
malawi,2015,161.90
malawi,2016,161.90
malawi,2017,161.90
malawi,2018,161.90
malawi,2019,161.90
malawi,2020,161.90
malawi,2021,161.90
malawi,2022,161.90
malaysia,1961,413.70
malaysia,1962,413.70
malaysia,1963,413.70
malaysia,1964,413.70
malaysia,1965,413.70
malaysia,1966,413.70
malaysia,1967,413.70
malaysia,1968,413.70
malaysia,1969,413.70
malaysia,1970,413.70
malaysia,1971,413.70
malaysia,1972,413.70
malaysia,1973,413.70
malaysia,1974,413.70
malaysia,1975,413.70
malaysia,1976,413.70
malaysia,1977,413.70
malaysia,1978,413.70
malaysia,1979,413.70
malaysia,1980,413.70
malaysia,1981,413.70
malaysia,1982,413.70
malaysia,1983,413.70
malaysia,1984,413.70
malaysia,1985,413.70
malaysia,1986,413.70
malaysia,1987,413.70
malaysia,1988,413.70
malaysia,1989,413.70
malaysia,1990,413.70
malaysia,1991,413.70
malaysia,1992,413.70
malaysia,1993,413.70
malaysia,1994,413.70
malaysia,1995,413.70
malaysia,1996,413.70
malaysia,1997,413.70
malaysia,1998,413.70
malaysia,1999,413.70
malaysia,2000,413.70
malaysia,2001,413.70
malaysia,2002,413.70
malaysia,2003,413.70
malaysia,2004,413.70
malaysia,2005,413.70
malaysia,2006,413.70
malaysia,2007,413.70
malaysia,2008,413.70
malaysia,2009,413.70
malaysia,2010,413.70
malaysia,2011,413.70
malaysia,2012,413.70
malaysia,2013,413.70
malaysia,2014,413.70
malaysia,2015,413.70
malaysia,2016,413.70
malaysia,2017,413.70
malaysia,2018,413.70
malaysia,2019,413.70
malaysia,2020,413.70
malaysia,2021,413.70
malaysia,2022,413.70
mali,1961,566.00
mali,1962,566.00
mali,1963,566.00
mali,1964,566.00
mali,1965,566.00
mali,1966,566.00
mali,1967,566.00
mali,1968,566.00
mali,1969,566.00
mali,1970,566.00
mali,1971,566.00
mali,1972,566.00
mali,1973,566.00
mali,1974,566.00
mali,1975,566.00
mali,1976,566.00
mali,1977,566.00
mali,1978,566.00
mali,1979,566.00
mali,1980,566.00
mali,1981,566.00
mali,1982,566.00
mali,1983,566.00
mali,1984,566.00
mali,1985,566.00
mali,1986,566.00
mali,1987,566.00
mali,1988,566.00
mali,1989,566.00
mali,1990,566.00
mali,1991,566.00
mali,1992,566.00
mali,1993,566.00
mali,1994,566.00
mali,1995,566.00
mali,1996,566.00
mali,1997,566.00
mali,1998,566.00
mali,1999,566.00
mali,2000,566.00
mali,2001,566.00
mali,2002,566.00
mali,2003,566.00
mali,2004,566.00
mali,2005,566.00
mali,2006,566.00
mali,2007,566.00
mali,2008,566.00
mali,2009,566.00
mali,2010,566.00
mali,2011,566.00
mali,2012,566.00
mali,2013,566.00
mali,2014,566.00
mali,2015,566.00
mali,2016,566.00
mali,2017,566.00
mali,2018,566.00
mali,2019,566.00
mali,2020,566.00
mali,2021,566.00
mali,2022,566.00
mauritania,1961,250.00
mauritania,1962,250.00
mauritania,1963,250.00
mauritania,1964,250.00
mauritania,1965,250.00
mauritania,1966,250.00
mauritania,1967,250.00
mauritania,1968,250.00
mauritania,1969,250.00
mauritania,1970,250.00
mauritania,1971,250.00
mauritania,1972,250.00
mauritania,1973,250.00
mauritania,1974,250.00
mauritania,1975,250.00
mauritania,1976,250.00
mauritania,1977,250.00
mauritania,1978,250.00
mauritania,1979,250.00
mauritania,1980,250.00
mauritania,1981,250.00
mauritania,1982,250.00
mauritania,1983,250.00
mauritania,1984,250.00
mauritania,1985,250.00
mauritania,1986,250.00
mauritania,1987,250.00
mauritania,1988,250.00
mauritania,1989,250.00
mauritania,1990,250.00
mauritania,1991,250.00
mauritania,1992,250.00
mauritania,1993,250.00
mauritania,1994,250.00
mauritania,1995,250.00
mauritania,1996,250.00
mauritania,1997,250.00
mauritania,1998,250.00
mauritania,1999,250.00
mauritania,2000,250.00
mauritania,2001,250.00
mauritania,2002,250.00
mauritania,2003,250.00
mauritania,2004,250.00
mauritania,2005,250.00
mauritania,2006,250.00
mauritania,2007,250.00
mauritania,2008,250.00
mauritania,2009,250.00
mauritania,2010,250.00
mauritania,2011,250.00
mauritania,2012,250.00
mauritania,2013,250.00
mauritania,2014,250.00
mauritania,2015,250.00
mauritania,2016,250.00
mauritania,2017,250.00
mauritania,2018,250.00
mauritania,2019,250.00
mauritania,2020,250.00
mauritania,2021,250.00
mauritania,2022,250.00
mauritius,1961,33.000
mauritius,1962,33.000
mauritius,1963,33.000
mauritius,1964,33.000
mauritius,1965,33.000
mauritius,1966,33.000
mauritius,1967,33.000
mauritius,1968,33.000
mauritius,1969,33.000
mauritius,1970,33.000
mauritius,1971,33.000
mauritius,1972,33.000
mauritius,1973,33.000
mauritius,1974,33.000
mauritius,1975,33.000
mauritius,1976,33.000
mauritius,1977,33.000
mauritius,1978,33.000
mauritius,1979,33.000
mauritius,1980,33.000
mauritius,1981,33.000
mauritius,1982,33.000
mauritius,1983,33.000
mauritius,1984,33.000
mauritius,1985,33.000
mauritius,1986,33.000
mauritius,1987,33.000
mauritius,1988,33.000
mauritius,1989,33.000
mauritius,1990,33.000
mauritius,1991,33.000
mauritius,1992,33.000
mauritius,1993,33.000
mauritius,1994,33.000
mauritius,1995,33.000
mauritius,1996,33.000
mauritius,1997,33.000
mauritius,1998,33.000
mauritius,1999,33.000
mauritius,2000,33.000
mauritius,2001,33.000
mauritius,2002,33.000
mauritius,2003,33.000
mauritius,2004,33.000
mauritius,2005,33.000
mauritius,2006,33.000
mauritius,2007,33.000
mauritius,2008,33.000
mauritius,2009,33.000
mauritius,2010,33.000
mauritius,2011,33.000
mauritius,2012,33.000
mauritius,2013,33.000
mauritius,2014,33.000
mauritius,2015,33.000
mauritius,2016,33.000
mauritius,2017,33.000
mauritius,2018,33.000
mauritius,2019,33.000
mauritius,2020,33.000
mauritius,2021,33.000
mauritius,2022,33.000
mexico,1961,9766.0
mexico,1962,9766.0
mexico,1963,9766.0
mexico,1964,9766.0
mexico,1965,9766.0
mexico,1966,9766.0
mexico,1967,9766.0
mexico,1968,9766.0
mexico,1969,9766.0
mexico,1970,9766.0
mexico,1971,9766.0
mexico,1972,9766.0
mexico,1973,9766.0
mexico,1974,9766.0
mexico,1975,9766.0
mexico,1976,9766.0
mexico,1977,9766.0
mexico,1978,9766.0
mexico,1979,9766.0
mexico,1980,9766.0
mexico,1981,9766.0
mexico,1982,9766.0
mexico,1983,9766.0
mexico,1984,9766.0
mexico,1985,9766.0
mexico,1986,9766.0
mexico,1987,9766.0
mexico,1988,9766.0
mexico,1989,9766.0
mexico,1990,9766.0
mexico,1991,9766.0
mexico,1992,9766.0
mexico,1993,9766.0
mexico,1994,9766.0
mexico,1995,9766.0
mexico,1996,9766.0
mexico,1997,9766.0
mexico,1998,9766.0
mexico,1999,9766.0
mexico,2000,9766.0
mexico,2001,9766.0
mexico,2002,9766.0
mexico,2003,9766.0
mexico,2004,9766.0
mexico,2005,9766.0
mexico,2006,9766.0
mexico,2007,9766.0
mexico,2008,9766.0
mexico,2009,9766.0
mexico,2010,9766.0
mexico,2011,9766.0
mexico,2012,9766.0
mexico,2013,9766.0
mexico,2014,9766.0
mexico,2015,9766.0
mexico,2016,9766.0
mexico,2017,9766.0
mexico,2018,9766.0
mexico,2019,9766.0
mexico,2020,9766.0
mexico,2021,9766.0
mexico,2022,9766.0
mongolia,1961,518.00
mongolia,1962,518.00
mongolia,1963,518.00
mongolia,1964,518.00
mongolia,1965,518.00
mongolia,1966,518.00
mongolia,1967,518.00
mongolia,1968,518.00
mongolia,1969,518.00
mongolia,1970,518.00
mongolia,1971,518.00
mongolia,1972,518.00
mongolia,1973,518.00
mongolia,1974,518.00
mongolia,1975,518.00
mongolia,1976,518.00
mongolia,1977,518.00
mongolia,1978,518.00
mongolia,1979,518.00
mongolia,1980,518.00
mongolia,1981,518.00
mongolia,1982,518.00
mongolia,1983,518.00
mongolia,1984,518.00
mongolia,1985,518.00
mongolia,1986,518.00
mongolia,1987,518.00
mongolia,1988,518.00
mongolia,1989,518.00
mongolia,1990,518.00
mongolia,1991,518.00
mongolia,1992,518.00
mongolia,1993,518.00
mongolia,1994,518.00
mongolia,1995,518.00
mongolia,1996,518.00
mongolia,1997,518.00
mongolia,1998,518.00
mongolia,1999,518.00
mongolia,2000,518.00
mongolia,2001,518.00
mongolia,2002,518.00
mongolia,2003,518.00
mongolia,2004,518.00
mongolia,2005,518.00
mongolia,2006,518.00
mongolia,2007,518.00
mongolia,2008,518.00
mongolia,2009,518.00
mongolia,2010,518.00
mongolia,2011,518.00
mongolia,2012,518.00
mongolia,2013,518.00
mongolia,2014,518.00
mongolia,2015,518.00
mongolia,2016,518.00
mongolia,2017,518.00
mongolia,2018,518.00
mongolia,2019,518.00
mongolia,2020,518.00
mongolia,2021,518.00
mongolia,2022,518.00
morocco,1961,1664.0
morocco,1962,1664.0
morocco,1963,1664.0
morocco,1964,1664.0
morocco,1965,1664.0
morocco,1966,1664.0
morocco,1967,1664.0
morocco,1968,1664.0
morocco,1969,1664.0
morocco,1970,1664.0
morocco,1971,1664.0
morocco,1972,1664.0
morocco,1973,1664.0
morocco,1974,1664.0
morocco,1975,1664.0
morocco,1976,1664.0
morocco,1977,1664.0
morocco,1978,1664.0
morocco,1979,1664.0
morocco,1980,1664.0
morocco,1981,1664.0
morocco,1982,1664.0
morocco,1983,1664.0
morocco,1984,1664.0
morocco,1985,1664.0
morocco,1986,1664.0
morocco,1987,1664.0
morocco,1988,1664.0
morocco,1989,1664.0
morocco,1990,1664.0
morocco,1991,1664.0
morocco,1992,1664.0
morocco,1993,1664.0
morocco,1994,1664.0
morocco,1995,1664.0
morocco,1996,1664.0
morocco,1997,1664.0
morocco,1998,1664.0
morocco,1999,1664.0
morocco,2000,1664.0
morocco,2001,1664.0
morocco,2002,1664.0
morocco,2003,1664.0
morocco,2004,1664.0
morocco,2005,1664.0
morocco,2006,1664.0
morocco,2007,1664.0
morocco,2008,1664.0
morocco,2009,1664.0
morocco,2010,1664.0
morocco,2011,1664.0
morocco,2012,1664.0
morocco,2013,1664.0
morocco,2014,1664.0
morocco,2015,1664.0
morocco,2016,1664.0
morocco,2017,1664.0
morocco,2018,1664.0
morocco,2019,1664.0
morocco,2020,1664.0
morocco,2021,1664.0
morocco,2022,1664.0
mozambique,1961,3072.0
mozambique,1962,3072.0
mozambique,1963,3072.0
mozambique,1964,3072.0
mozambique,1965,3072.0
mozambique,1966,3072.0
mozambique,1967,3072.0
mozambique,1968,3072.0
mozambique,1969,3072.0
mozambique,1970,3072.0
mozambique,1971,3072.0
mozambique,1972,3072.0
mozambique,1973,3072.0
mozambique,1974,3072.0
mozambique,1975,3072.0
mozambique,1976,3072.0
mozambique,1977,3072.0
mozambique,1978,3072.0
mozambique,1979,3072.0
mozambique,1980,3072.0
mozambique,1981,3072.0
mozambique,1982,3072.0
mozambique,1983,3072.0
mozambique,1984,3072.0
mozambique,1985,3072.0
mozambique,1986,3072.0
mozambique,1987,3072.0
mozambique,1988,3072.0
mozambique,1989,3072.0
mozambique,1990,3072.0
mozambique,1991,3072.0
mozambique,1992,3072.0
mozambique,1993,3072.0
mozambique,1994,3072.0
mozambique,1995,3072.0
mozambique,1996,3072.0
mozambique,1997,3072.0
mozambique,1998,3072.0
mozambique,1999,3072.0
mozambique,2000,3072.0
mozambique,2001,3072.0
mozambique,2002,3072.0
mozambique,2003,3072.0
mozambique,2004,3072.0
mozambique,2005,3072.0
mozambique,2006,3072.0
mozambique,2007,3072.0
mozambique,2008,3072.0
mozambique,2009,3072.0
mozambique,2010,3072.0
mozambique,2011,3072.0
mozambique,2012,3072.0
mozambique,2013,3072.0
mozambique,2014,3072.0
mozambique,2015,3072.0
mozambique,2016,3072.0
mozambique,2017,3072.0
mozambique,2018,3072.0
mozambique,2019,3072.0
mozambique,2020,3072.0
mozambique,2021,3072.0
mozambique,2022,3072.0
myanmar,1961,10500
myanmar,1962,10500
myanmar,1963,10500
myanmar,1964,10500
myanmar,1965,10500
myanmar,1966,10500
myanmar,1967,10500
myanmar,1968,10500
myanmar,1969,10500
myanmar,1970,10500
myanmar,1971,10500
myanmar,1972,10500
myanmar,1973,10500
myanmar,1974,10500
myanmar,1975,10500
myanmar,1976,10500
myanmar,1977,10500
myanmar,1978,10500
myanmar,1979,10500
myanmar,1980,10500
myanmar,1981,10500
myanmar,1982,10500
myanmar,1983,10500
myanmar,1984,10500
myanmar,1985,10500
myanmar,1986,10500
myanmar,1987,10500
myanmar,1988,10500
myanmar,1989,10500
myanmar,1990,10500
myanmar,1991,10500
myanmar,1992,10500
myanmar,1993,10500
myanmar,1994,10500
myanmar,1995,10500
myanmar,1996,10500
myanmar,1997,10500
myanmar,1998,10500
myanmar,1999,10500
myanmar,2000,10500
myanmar,2001,10500
myanmar,2002,10500
myanmar,2003,10500
myanmar,2004,10500
myanmar,2005,10500
myanmar,2006,10500
myanmar,2007,10500
myanmar,2008,10500
myanmar,2009,10500
myanmar,2010,10500
myanmar,2011,10500
myanmar,2012,10500
myanmar,2013,10500
myanmar,2014,10500
myanmar,2015,10500
myanmar,2016,10500
myanmar,2017,10500
myanmar,2018,10500
myanmar,2019,10500
myanmar,2020,10500
myanmar,2021,10500
myanmar,2022,10500
namibia,1961,47.300
namibia,1962,47.300
namibia,1963,47.300
namibia,1964,47.300
namibia,1965,47.300
namibia,1966,47.300
namibia,1967,47.300
namibia,1968,47.300
namibia,1969,47.300
namibia,1970,47.300
namibia,1971,47.300
namibia,1972,47.300
namibia,1973,47.300
namibia,1974,47.300
namibia,1975,47.300
namibia,1976,47.300
namibia,1977,47.300
namibia,1978,47.300
namibia,1979,47.300
namibia,1980,47.300
namibia,1981,47.300
namibia,1982,47.300
namibia,1983,47.300
namibia,1984,47.300
namibia,1985,47.300
namibia,1986,47.300
namibia,1987,47.300
namibia,1988,47.300
namibia,1989,47.300
namibia,1990,47.300
namibia,1991,47.300
namibia,1992,47.300
namibia,1993,47.300
namibia,1994,47.300
namibia,1995,47.300
namibia,1996,47.300
namibia,1997,47.300
namibia,1998,47.300
namibia,1999,47.300
namibia,2000,47.300
namibia,2001,47.300
namibia,2002,47.300
namibia,2003,47.300
namibia,2004,47.300
namibia,2005,47.300
namibia,2006,47.300
namibia,2007,47.300
namibia,2008,47.300
namibia,2009,47.300
namibia,2010,47.300
namibia,2011,47.300
namibia,2012,47.300
namibia,2013,47.300
namibia,2014,47.300
namibia,2015,47.300
namibia,2016,47.300
namibia,2017,47.300
namibia,2018,47.300
namibia,2019,47.300
namibia,2020,47.300
namibia,2021,47.300
namibia,2022,47.300
nepal,1961,2178.0
nepal,1962,2178.0
nepal,1963,2178.0
nepal,1964,2178.0
nepal,1965,2178.0
nepal,1966,2178.0
nepal,1967,2178.0
nepal,1968,2178.0
nepal,1969,2178.0
nepal,1970,2178.0
nepal,1971,2178.0
nepal,1972,2178.0
nepal,1973,2178.0
nepal,1974,2178.0
nepal,1975,2178.0
nepal,1976,2178.0
nepal,1977,2178.0
nepal,1978,2178.0
nepal,1979,2178.0
nepal,1980,2178.0
nepal,1981,2178.0
nepal,1982,2178.0
nepal,1983,2178.0
nepal,1984,2178.0
nepal,1985,2178.0
nepal,1986,2178.0
nepal,1987,2178.0
nepal,1988,2178.0
nepal,1989,2178.0
nepal,1990,2178.0
nepal,1991,2178.0
nepal,1992,2178.0
nepal,1993,2178.0
nepal,1994,2178.0
nepal,1995,2178.0
nepal,1996,2178.0
nepal,1997,2178.0
nepal,1998,2178.0
nepal,1999,2178.0
nepal,2000,2178.0
nepal,2001,2178.0
nepal,2002,2178.0
nepal,2003,2178.0
nepal,2004,2178.0
nepal,2005,2178.0
nepal,2006,2178.0
nepal,2007,2178.0
nepal,2008,2178.0
nepal,2009,2178.0
nepal,2010,2178.0
nepal,2011,2178.0
nepal,2012,2178.0
nepal,2013,2178.0
nepal,2014,2178.0
nepal,2015,2178.0
nepal,2016,2178.0
nepal,2017,2178.0
nepal,2018,2178.0
nepal,2019,2178.0
nepal,2020,2178.0
nepal,2021,2178.0
nepal,2022,2178.0
nicaragua,1961,365.10
nicaragua,1962,365.10
nicaragua,1963,365.10
nicaragua,1964,365.10
nicaragua,1965,365.10
nicaragua,1966,365.10
nicaragua,1967,365.10
nicaragua,1968,365.10
nicaragua,1969,365.10
nicaragua,1970,365.10
nicaragua,1971,365.10
nicaragua,1972,365.10
nicaragua,1973,365.10
nicaragua,1974,365.10
nicaragua,1975,365.10
nicaragua,1976,365.10
nicaragua,1977,365.10
nicaragua,1978,365.10
nicaragua,1979,365.10
nicaragua,1980,365.10
nicaragua,1981,365.10
nicaragua,1982,365.10
nicaragua,1983,365.10
nicaragua,1984,365.10
nicaragua,1985,365.10
nicaragua,1986,365.10
nicaragua,1987,365.10
nicaragua,1988,365.10
nicaragua,1989,365.10
nicaragua,1990,365.10
nicaragua,1991,365.10
nicaragua,1992,365.10
nicaragua,1993,365.10
nicaragua,1994,365.10
nicaragua,1995,365.10
nicaragua,1996,365.10
nicaragua,1997,365.10
nicaragua,1998,365.10
nicaragua,1999,365.10
nicaragua,2000,365.10
nicaragua,2001,365.10
nicaragua,2002,365.10
nicaragua,2003,365.10
nicaragua,2004,365.10
nicaragua,2005,365.10
nicaragua,2006,365.10
nicaragua,2007,365.10
nicaragua,2008,365.10
nicaragua,2009,365.10
nicaragua,2010,365.10
nicaragua,2011,365.10
nicaragua,2012,365.10
nicaragua,2013,365.10
nicaragua,2014,365.10
nicaragua,2015,365.10
nicaragua,2016,365.10
nicaragua,2017,365.10
nicaragua,2018,365.10
nicaragua,2019,365.10
nicaragua,2020,365.10
nicaragua,2021,365.10
nicaragua,2022,365.10
niger,1961,270.00
niger,1962,270.00
niger,1963,270.00
niger,1964,270.00
niger,1965,270.00
niger,1966,270.00
niger,1967,270.00
niger,1968,270.00
niger,1969,270.00
niger,1970,270.00
niger,1971,270.00
niger,1972,270.00
niger,1973,270.00
niger,1974,270.00
niger,1975,270.00
niger,1976,270.00
niger,1977,270.00
niger,1978,270.00
niger,1979,270.00
niger,1980,270.00
niger,1981,270.00
niger,1982,270.00
niger,1983,270.00
niger,1984,270.00
niger,1985,270.00
niger,1986,270.00
niger,1987,270.00
niger,1988,270.00
niger,1989,270.00
niger,1990,270.00
niger,1991,270.00
niger,1992,270.00
niger,1993,270.00
niger,1994,270.00
niger,1995,270.00
niger,1996,270.00
niger,1997,270.00
niger,1998,270.00
niger,1999,270.00
niger,2000,270.00
niger,2001,270.00
niger,2002,270.00
niger,2003,270.00
niger,2004,270.00
niger,2005,270.00
niger,2006,270.00
niger,2007,270.00
niger,2008,270.00
niger,2009,270.00
niger,2010,270.00
niger,2011,270.00
niger,2012,270.00
niger,2013,270.00
niger,2014,270.00
niger,2015,270.00
niger,2016,270.00
niger,2017,270.00
niger,2018,270.00
niger,2019,270.00
niger,2020,270.00
niger,2021,270.00
niger,2022,270.00
nigeria,1961,2331.0
nigeria,1962,2331.0
nigeria,1963,2331.0
nigeria,1964,2331.0
nigeria,1965,2331.0
nigeria,1966,2331.0
nigeria,1967,2331.0
nigeria,1968,2331.0
nigeria,1969,2331.0
nigeria,1970,2331.0
nigeria,1971,2331.0
nigeria,1972,2331.0
nigeria,1973,2331.0
nigeria,1974,2331.0
nigeria,1975,2331.0
nigeria,1976,2331.0
nigeria,1977,2331.0
nigeria,1978,2331.0
nigeria,1979,2331.0
nigeria,1980,2331.0
nigeria,1981,2331.0
nigeria,1982,2331.0
nigeria,1983,2331.0
nigeria,1984,2331.0
nigeria,1985,2331.0
nigeria,1986,2331.0
nigeria,1987,2331.0
nigeria,1988,2331.0
nigeria,1989,2331.0
nigeria,1990,2331.0
nigeria,1991,2331.0
nigeria,1992,2331.0
nigeria,1993,2331.0
nigeria,1994,2331.0
nigeria,1995,2331.0
nigeria,1996,2331.0
nigeria,1997,2331.0
nigeria,1998,2331.0
nigeria,1999,2331.0
nigeria,2000,2331.0
nigeria,2001,2331.0
nigeria,2002,2331.0
nigeria,2003,2331.0
nigeria,2004,2331.0
nigeria,2005,2331.0
nigeria,2006,2331.0
nigeria,2007,2331.0
nigeria,2008,2331.0
nigeria,2009,2331.0
nigeria,2010,2331.0
nigeria,2011,2331.0
nigeria,2012,2331.0
nigeria,2013,2331.0
nigeria,2014,2331.0
nigeria,2015,2331.0
nigeria,2016,2331.0
nigeria,2017,2331.0
nigeria,2018,2331.0
nigeria,2019,2331.0
nigeria,2020,2331.0
nigeria,2021,2331.0
nigeria,2022,2331.0
pakistan,1961,21300
pakistan,1962,21300
pakistan,1963,21300
pakistan,1964,21300
pakistan,1965,21300
pakistan,1966,21300
pakistan,1967,21300
pakistan,1968,21300
pakistan,1969,21300
pakistan,1970,21300
pakistan,1971,21300
pakistan,1972,21300
pakistan,1973,21300
pakistan,1974,21300
pakistan,1975,21300
pakistan,1976,21300
pakistan,1977,21300
pakistan,1978,21300
pakistan,1979,21300
pakistan,1980,21300
pakistan,1981,21300
pakistan,1982,21300
pakistan,1983,21300
pakistan,1984,21300
pakistan,1985,21300
pakistan,1986,21300
pakistan,1987,21300
pakistan,1988,21300
pakistan,1989,21300
pakistan,1990,21300
pakistan,1991,21300
pakistan,1992,21300
pakistan,1993,21300
pakistan,1994,21300
pakistan,1995,21300
pakistan,1996,21300
pakistan,1997,21300
pakistan,1998,21300
pakistan,1999,21300
pakistan,2000,21300
pakistan,2001,21300
pakistan,2002,21300
pakistan,2003,21300
pakistan,2004,21300
pakistan,2005,21300
pakistan,2006,21300
pakistan,2007,21300
pakistan,2008,21300
pakistan,2009,21300
pakistan,2010,21300
pakistan,2011,21300
pakistan,2012,21300
pakistan,2013,21300
pakistan,2014,21300
pakistan,2015,21300
pakistan,2016,21300
pakistan,2017,21300
pakistan,2018,21300
pakistan,2019,21300
pakistan,2020,21300
pakistan,2021,21300
pakistan,2022,21300
palestine,1997,80.000
palestine,1998,80.000
palestine,1999,80.000
palestine,2000,80.000
palestine,2001,80.000
palestine,2002,80.000
palestine,2003,80.000
palestine,2004,80.000
palestine,2005,80.000
palestine,2006,80.000
palestine,2007,80.000
palestine,2008,80.000
palestine,2009,80.000
palestine,2010,80.000
palestine,2011,80.000
palestine,2012,80.000
palestine,2013,80.000
palestine,2014,80.000
palestine,2015,80.000
palestine,2016,80.000
palestine,2017,80.000
palestine,2018,80.000
palestine,2019,80.000
palestine,2020,80.000
palestine,2021,80.000
palestine,2022,80.000
panama,1961,187.00
panama,1962,187.00
panama,1963,187.00
panama,1964,187.00
panama,1965,187.00
panama,1966,187.00
panama,1967,187.00
panama,1968,187.00
panama,1969,187.00
panama,1970,187.00
panama,1971,187.00
panama,1972,187.00
panama,1973,187.00
panama,1974,187.00
panama,1975,187.00
panama,1976,187.00
panama,1977,187.00
panama,1978,187.00
panama,1979,187.00
panama,1980,187.00
panama,1981,187.00
panama,1982,187.00
panama,1983,187.00
panama,1984,187.00
panama,1985,187.00
panama,1986,187.00
panama,1987,187.00
panama,1988,187.00
panama,1989,187.00
panama,1990,187.00
panama,1991,187.00
panama,1992,187.00
panama,1993,187.00
panama,1994,187.00
panama,1995,187.00
panama,1996,187.00
panama,1997,187.00
panama,1998,187.00
panama,1999,187.00
panama,2000,187.00
panama,2001,187.00
panama,2002,187.00
panama,2003,187.00
panama,2004,187.00
panama,2005,187.00
panama,2006,187.00
panama,2007,187.00
panama,2008,187.00
panama,2009,187.00
panama,2010,187.00
panama,2011,187.00
panama,2012,187.00
panama,2013,187.00
panama,2014,187.00
panama,2015,187.00
panama,2016,187.00
panama,2017,187.00
panama,2018,187.00
panama,2019,187.00
panama,2020,187.00
panama,2021,187.00
panama,2022,187.00
papua_new_guinea,1961,36.000
papua_new_guinea,1962,36.000
papua_new_guinea,1963,36.000
papua_new_guinea,1964,36.000
papua_new_guinea,1965,36.000
papua_new_guinea,1966,36.000
papua_new_guinea,1967,36.000
papua_new_guinea,1968,36.000
papua_new_guinea,1969,36.000
papua_new_guinea,1970,36.000
papua_new_guinea,1971,36.000
papua_new_guinea,1972,36.000
papua_new_guinea,1973,36.000
papua_new_guinea,1974,36.000
papua_new_guinea,1975,36.000
papua_new_guinea,1976,36.000
papua_new_guinea,1977,36.000
papua_new_guinea,1978,36.000
papua_new_guinea,1979,36.000
papua_new_guinea,1980,36.000
papua_new_guinea,1981,36.000
papua_new_guinea,1982,36.000
papua_new_guinea,1983,36.000
papua_new_guinea,1984,36.000
papua_new_guinea,1985,36.000
papua_new_guinea,1986,36.000
papua_new_guinea,1987,36.000
papua_new_guinea,1988,36.000
papua_new_guinea,1989,36.000
papua_new_guinea,1990,36.000
papua_new_guinea,1991,36.000
papua_new_guinea,1992,36.000
papua_new_guinea,1993,36.000
papua_new_guinea,1994,36.000
papua_new_guinea,1995,36.000
papua_new_guinea,1996,36.000
papua_new_guinea,1997,36.000
papua_new_guinea,1998,36.000
papua_new_guinea,1999,36.000
papua_new_guinea,2000,36.000
papua_new_guinea,2001,36.000
papua_new_guinea,2002,36.000
papua_new_guinea,2003,36.000
papua_new_guinea,2004,36.000
papua_new_guinea,2005,36.000
papua_new_guinea,2006,36.000
papua_new_guinea,2007,36.000
papua_new_guinea,2008,36.000
papua_new_guinea,2009,36.000
papua_new_guinea,2010,36.000
papua_new_guinea,2011,36.000
papua_new_guinea,2012,36.000
papua_new_guinea,2013,36.000
papua_new_guinea,2014,36.000
papua_new_guinea,2015,36.000
papua_new_guinea,2016,36.000
papua_new_guinea,2017,36.000
papua_new_guinea,2018,36.000
papua_new_guinea,2019,36.000
papua_new_guinea,2020,36.000
papua_new_guinea,2021,36.000
papua_new_guinea,2022,36.000
peru,1961,6411.0
peru,1962,6411.0
peru,1963,6411.0
peru,1964,6411.0
peru,1965,6411.0
peru,1966,6411.0
peru,1967,6411.0
peru,1968,6411.0
peru,1969,6411.0
peru,1970,6411.0
peru,1971,6411.0
peru,1972,6411.0
peru,1973,6411.0
peru,1974,6411.0
peru,1975,6411.0
peru,1976,6411.0
peru,1977,6411.0
peru,1978,6411.0
peru,1979,6411.0
peru,1980,6411.0
peru,1981,6411.0
peru,1982,6411.0
peru,1983,6411.0
peru,1984,6411.0
peru,1985,6411.0
peru,1986,6411.0
peru,1987,6411.0
peru,1988,6411.0
peru,1989,6411.0
peru,1990,6411.0
peru,1991,6411.0
peru,1992,6411.0
peru,1993,6411.0
peru,1994,6411.0
peru,1995,6411.0
peru,1996,6411.0
peru,1997,6411.0
peru,1998,6411.0
peru,1999,6411.0
peru,2000,6411.0
peru,2001,6411.0
peru,2002,6411.0
peru,2003,6411.0
peru,2004,6411.0
peru,2005,6411.0
peru,2006,6411.0
peru,2007,6411.0
peru,2008,6411.0
peru,2009,6411.0
peru,2010,6411.0
peru,2011,6411.0
peru,2012,6411.0
peru,2013,6411.0
peru,2014,6411.0
peru,2015,6411.0
peru,2016,6411.0
peru,2017,6411.0
peru,2018,6411.0
peru,2019,6411.0
peru,2020,6411.0
peru,2021,6411.0
peru,2022,6411.0
philippines,1961,3126.0
philippines,1962,3126.0
philippines,1963,3126.0
philippines,1964,3126.0
philippines,1965,3126.0
philippines,1966,3126.0
philippines,1967,3126.0
philippines,1968,3126.0
philippines,1969,3126.0
philippines,1970,3126.0
philippines,1971,3126.0
philippines,1972,3126.0
philippines,1973,3126.0
philippines,1974,3126.0
philippines,1975,3126.0
philippines,1976,3126.0
philippines,1977,3126.0
philippines,1978,3126.0
philippines,1979,3126.0
philippines,1980,3126.0
philippines,1981,3126.0
philippines,1982,3126.0
philippines,1983,3126.0
philippines,1984,3126.0
philippines,1985,3126.0
philippines,1986,3126.0
philippines,1987,3126.0
philippines,1988,3126.0
philippines,1989,3126.0
philippines,1990,3126.0
philippines,1991,3126.0
philippines,1992,3126.0
philippines,1993,3126.0
philippines,1994,3126.0
philippines,1995,3126.0
philippines,1996,3126.0
philippines,1997,3126.0
philippines,1998,3126.0
philippines,1999,3126.0
philippines,2000,3126.0
philippines,2001,3126.0
philippines,2002,3126.0
philippines,2003,3126.0
philippines,2004,3126.0
philippines,2005,3126.0
philippines,2006,3126.0
philippines,2007,3126.0
philippines,2008,3126.0
philippines,2009,3126.0
philippines,2010,3126.0
philippines,2011,3126.0
philippines,2012,3126.0
philippines,2013,3126.0
philippines,2014,3126.0
philippines,2015,3126.0
philippines,2016,3126.0
philippines,2017,3126.0
philippines,2018,3126.0
philippines,2019,3126.0
philippines,2020,3126.0
philippines,2021,3126.0
philippines,2022,3126.0
qatar,2005,52.130
qatar,2006,52.130
qatar,2007,52.130
qatar,2008,52.130
qatar,2009,52.130
qatar,2010,52.130
qatar,2011,52.130
qatar,2012,52.130
qatar,2013,52.130
qatar,2014,52.130
qatar,2015,52.130
qatar,2016,52.130
qatar,2017,52.130
qatar,2018,52.130
qatar,2019,52.130
qatar,2020,52.130
qatar,2021,52.130
qatar,2022,52.130
republic_of_korea,1961,2095.0
republic_of_korea,1962,2063.0
republic_of_korea,1963,2080.0
republic_of_korea,1964,2171.0
republic_of_korea,1965,2256.0
republic_of_korea,1966,2293.0
republic_of_korea,1967,2312.0
republic_of_korea,1968,2319.0
republic_of_korea,1969,2311.0
republic_of_korea,1970,2298.0
republic_of_korea,1971,2271.0
republic_of_korea,1972,2242.0
republic_of_korea,1973,2241.0
republic_of_korea,1974,2238.0
republic_of_korea,1975,2240.0
republic_of_korea,1976,2238.0
republic_of_korea,1977,2231.0
republic_of_korea,1978,2222.0
republic_of_korea,1979,2207.0
republic_of_korea,1980,2196.0
republic_of_korea,1981,2188.0
republic_of_korea,1982,2180.0
republic_of_korea,1983,2167.0
republic_of_korea,1984,2153.0
republic_of_korea,1985,2144.0
republic_of_korea,1986,2141.0
republic_of_korea,1987,2143.0
republic_of_korea,1988,2138.0
republic_of_korea,1989,2127.0
republic_of_korea,1990,2109.0
republic_of_korea,1991,2091.0
republic_of_korea,1992,2070.0
republic_of_korea,1993,2055.0
republic_of_korea,1994,2033.0
republic_of_korea,1995,1985.0
republic_of_korea,1996,1945.0
republic_of_korea,1997,1924.0
republic_of_korea,1998,1910.0
republic_of_korea,1999,1899.0
republic_of_korea,2000,1918.0
republic_of_korea,2001,1889.0
republic_of_korea,2002,1863.0
republic_of_korea,2003,1846.0
republic_of_korea,2004,1836.0
republic_of_korea,2005,1824.0
republic_of_korea,2006,1800.0
republic_of_korea,2007,1782.0
republic_of_korea,2008,1782.0
republic_of_korea,2009,1782.0
republic_of_korea,2010,1782.0
republic_of_korea,2011,1782.0
republic_of_korea,2012,1782.0
republic_of_korea,2013,1782.0
republic_of_korea,2014,1782.0
republic_of_korea,2015,1782.0
republic_of_korea,2016,1782.0
republic_of_korea,2017,1782.0
republic_of_korea,2018,1782.0
republic_of_korea,2019,1782.0
republic_of_korea,2020,1782.0
republic_of_korea,2021,1782.0
republic_of_korea,2022,1782.0
republic_of_moldova,1992,1500.0
republic_of_moldova,1993,1500.0
republic_of_moldova,1994,1500.0
republic_of_moldova,1995,1500.0
republic_of_moldova,1996,1500.0
republic_of_moldova,1997,1500.0
republic_of_moldova,1998,1500.0
republic_of_moldova,1999,1500.0
republic_of_moldova,2000,1500.0
republic_of_moldova,2001,1500.0
republic_of_moldova,2002,1500.0
republic_of_moldova,2003,1500.0
republic_of_moldova,2004,1500.0
republic_of_moldova,2005,1500.0
republic_of_moldova,2006,1500.0
republic_of_moldova,2007,1500.0
republic_of_moldova,2008,1500.0
republic_of_moldova,2009,1500.0
republic_of_moldova,2010,1500.0
republic_of_moldova,2011,1500.0
republic_of_moldova,2012,1500.0
republic_of_moldova,2013,1500.0
republic_of_moldova,2014,1500.0
republic_of_moldova,2015,1500.0
republic_of_moldova,2016,1500.0
republic_of_moldova,2017,1500.0
republic_of_moldova,2018,1500.0
republic_of_moldova,2019,1500.0
republic_of_moldova,2020,1500.0
republic_of_moldova,2021,1500.0
republic_of_moldova,2022,1500.0
romania,1961,5500.0
romania,1962,5500.0
romania,1963,5500.0
romania,1964,5500.0
romania,1965,5500.0
romania,1966,5500.0
romania,1967,5500.0
romania,1968,5500.0
romania,1969,5500.0
romania,1970,5500.0
romania,1971,5500.0
romania,1972,5500.0
romania,1973,5500.0
romania,1974,5500.0
romania,1975,5500.0
romania,1976,5500.0
romania,1977,5500.0
romania,1978,5500.0
romania,1979,5500.0
romania,1980,5500.0
romania,1981,5500.0
romania,1982,5500.0
romania,1983,5500.0
romania,1984,5500.0
romania,1985,5500.0
romania,1986,5500.0
romania,1987,5500.0
romania,1988,5500.0
romania,1989,5500.0
romania,1990,5500.0
romania,1991,5500.0
romania,1992,5500.0
romania,1993,5500.0
romania,1994,5500.0
romania,1995,5500.0
romania,1996,5500.0
romania,1997,5500.0
romania,1998,5500.0
romania,1999,5500.0
romania,2000,5500.0
romania,2001,5500.0
romania,2002,5500.0
romania,2003,5500.0
romania,2004,5500.0
romania,2005,5500.0
romania,2006,5500.0
romania,2007,5500.0
romania,2008,5500.0
romania,2009,5500.0
romania,2010,5500.0
romania,2011,5500.0
romania,2012,5500.0
romania,2013,5500.0
romania,2014,5500.0
romania,2015,5500.0
romania,2016,5500.0
romania,2017,5500.0
romania,2018,5500.0
romania,2019,5500.0
romania,2020,5500.0
romania,2021,5500.0
romania,2022,5500.0
russian_federation,1992,29000
russian_federation,1993,29000
russian_federation,1994,29000
russian_federation,1995,29000
russian_federation,1996,29000
russian_federation,1997,29000
russian_federation,1998,29000
russian_federation,1999,29000
russian_federation,2000,29000
russian_federation,2001,29000
russian_federation,2002,29000
russian_federation,2003,29000
russian_federation,2004,29000
russian_federation,2005,29000
russian_federation,2006,29000
russian_federation,2007,29000
russian_federation,2008,29000
russian_federation,2009,29000
russian_federation,2010,29000
russian_federation,2011,29000
russian_federation,2012,29000
russian_federation,2013,29000
russian_federation,2014,29000
russian_federation,2015,29000
russian_federation,2016,29000
russian_federation,2017,29000
russian_federation,2018,29000
russian_federation,2019,29000
russian_federation,2020,29000
russian_federation,2021,29000
russian_federation,2022,29000
rwanda,1961,165.00
rwanda,1962,165.00
rwanda,1963,165.00
rwanda,1964,165.00
rwanda,1965,165.00
rwanda,1966,165.00
rwanda,1967,165.00
rwanda,1968,165.00
rwanda,1969,165.00
rwanda,1970,165.00
rwanda,1971,165.00
rwanda,1972,165.00
rwanda,1973,165.00
rwanda,1974,165.00
rwanda,1975,165.00
rwanda,1976,165.00
rwanda,1977,165.00
rwanda,1978,165.00
rwanda,1979,165.00
rwanda,1980,165.00
rwanda,1981,165.00
rwanda,1982,165.00
rwanda,1983,165.00
rwanda,1984,165.00
rwanda,1985,165.00
rwanda,1986,165.00
rwanda,1987,165.00
rwanda,1988,165.00
rwanda,1989,165.00
rwanda,1990,165.00
rwanda,1991,165.00
rwanda,1992,165.00
rwanda,1993,165.00
rwanda,1994,165.00
rwanda,1995,165.00
rwanda,1996,165.00
rwanda,1997,165.00
rwanda,1998,165.00
rwanda,1999,165.00
rwanda,2000,165.00
rwanda,2001,165.00
rwanda,2002,165.00
rwanda,2003,165.00
rwanda,2004,165.00
rwanda,2005,165.00
rwanda,2006,165.00
rwanda,2007,165.00
rwanda,2008,165.00
rwanda,2009,165.00
rwanda,2010,165.00
rwanda,2011,165.00
rwanda,2012,165.00
rwanda,2013,165.00
rwanda,2014,165.00
rwanda,2015,165.00
rwanda,2016,165.00
rwanda,2017,165.00
rwanda,2018,165.00
rwanda,2019,165.00
rwanda,2020,165.00
rwanda,2021,165.00
rwanda,2022,165.00
saint_kitts_and_nevis,1961,0.20000
saint_kitts_and_nevis,1962,0.20000
saint_kitts_and_nevis,1963,0.20000
saint_kitts_and_nevis,1964,0.20000
saint_kitts_and_nevis,1965,0.20000
saint_kitts_and_nevis,1966,0.20000
saint_kitts_and_nevis,1967,0.20000
saint_kitts_and_nevis,1968,0.20000
saint_kitts_and_nevis,1969,0.20000
saint_kitts_and_nevis,1970,0.20000
saint_kitts_and_nevis,1971,0.20000
saint_kitts_and_nevis,1972,0.20000
saint_kitts_and_nevis,1973,0.20000
saint_kitts_and_nevis,1974,0.20000
saint_kitts_and_nevis,1975,0.20000
saint_kitts_and_nevis,1976,0.20000
saint_kitts_and_nevis,1977,0.20000
saint_kitts_and_nevis,1978,0.20000
saint_kitts_and_nevis,1979,0.20000
saint_kitts_and_nevis,1980,0.20000
saint_kitts_and_nevis,1981,0.20000
saint_kitts_and_nevis,1982,0.20000
saint_kitts_and_nevis,1983,0.20000
saint_kitts_and_nevis,1984,0.20000
saint_kitts_and_nevis,1985,0.20000
saint_kitts_and_nevis,1986,0.20000
saint_kitts_and_nevis,1987,0.20000
saint_kitts_and_nevis,1988,0.20000
saint_kitts_and_nevis,1989,0.20000
saint_kitts_and_nevis,1990,0.20000
saint_kitts_and_nevis,1991,0.20000
saint_kitts_and_nevis,1992,0.20000
saint_kitts_and_nevis,1993,0.20000
saint_kitts_and_nevis,1994,0.20000
saint_kitts_and_nevis,1995,0.20000
saint_kitts_and_nevis,1996,0.20000
saint_kitts_and_nevis,1997,0.20000
saint_kitts_and_nevis,1998,0.20000
saint_kitts_and_nevis,1999,0.20000
saint_kitts_and_nevis,2000,0.20000
saint_kitts_and_nevis,2001,0.20000
saint_kitts_and_nevis,2002,0.20000
saint_kitts_and_nevis,2003,0.20000
saint_kitts_and_nevis,2004,0.20000
saint_kitts_and_nevis,2005,0.20000
saint_kitts_and_nevis,2006,0.20000
saint_kitts_and_nevis,2007,0.20000
saint_kitts_and_nevis,2008,0.20000
saint_kitts_and_nevis,2009,0.20000
saint_kitts_and_nevis,2010,0.20000
saint_kitts_and_nevis,2011,0.20000
saint_kitts_and_nevis,2012,0.20000
saint_kitts_and_nevis,2013,0.20000
saint_kitts_and_nevis,2014,0.20000
saint_kitts_and_nevis,2015,0.20000
saint_kitts_and_nevis,2016,0.20000
saint_kitts_and_nevis,2017,0.20000
saint_kitts_and_nevis,2018,0.20000
saint_kitts_and_nevis,2019,0.20000
saint_kitts_and_nevis,2020,0.20000
saint_kitts_and_nevis,2021,0.20000
saint_kitts_and_nevis,2022,0.20000
saint_vincent_and_the_grenadines,2003,0.65500
saint_vincent_and_the_grenadines,2004,0.65500
saint_vincent_and_the_grenadines,2005,0.65500
saint_vincent_and_the_grenadines,2006,0.65500
saint_vincent_and_the_grenadines,2007,0.65500
saint_vincent_and_the_grenadines,2008,0.65500
saint_vincent_and_the_grenadines,2009,0.65500
saint_vincent_and_the_grenadines,2010,0.65500
saint_vincent_and_the_grenadines,2011,0.65500
saint_vincent_and_the_grenadines,2012,0.65500
saint_vincent_and_the_grenadines,2013,0.65500
saint_vincent_and_the_grenadines,2014,0.65500
saint_vincent_and_the_grenadines,2015,0.65500
saint_vincent_and_the_grenadines,2016,0.65500
saint_vincent_and_the_grenadines,2017,0.65500
saint_vincent_and_the_grenadines,2018,0.65500
saint_vincent_and_the_grenadines,2019,0.65500
saint_vincent_and_the_grenadines,2020,0.65500
saint_vincent_and_the_grenadines,2021,0.65500
saint_vincent_and_the_grenadines,2022,0.65500
sao_tome_and_principe,1961,10.700
sao_tome_and_principe,1962,10.700
sao_tome_and_principe,1963,10.700
sao_tome_and_principe,1964,10.700
sao_tome_and_principe,1965,10.700
sao_tome_and_principe,1966,10.700
sao_tome_and_principe,1967,10.700
sao_tome_and_principe,1968,10.700
sao_tome_and_principe,1969,10.700
sao_tome_and_principe,1970,10.700
sao_tome_and_principe,1971,10.700
sao_tome_and_principe,1972,10.700
sao_tome_and_principe,1973,10.700
sao_tome_and_principe,1974,10.700
sao_tome_and_principe,1975,10.700
sao_tome_and_principe,1976,10.700
sao_tome_and_principe,1977,10.700
sao_tome_and_principe,1978,10.700
sao_tome_and_principe,1979,10.700
sao_tome_and_principe,1980,10.700
sao_tome_and_principe,1981,10.700
sao_tome_and_principe,1982,10.700
sao_tome_and_principe,1983,10.700
sao_tome_and_principe,1984,10.700
sao_tome_and_principe,1985,10.700
sao_tome_and_principe,1986,10.700
sao_tome_and_principe,1987,10.700
sao_tome_and_principe,1988,10.700
sao_tome_and_principe,1989,10.700
sao_tome_and_principe,1990,10.700
sao_tome_and_principe,1991,10.700
sao_tome_and_principe,1992,10.700
sao_tome_and_principe,1993,10.700
sao_tome_and_principe,1994,10.700
sao_tome_and_principe,1995,10.700
sao_tome_and_principe,1996,10.700
sao_tome_and_principe,1997,10.700
sao_tome_and_principe,1998,10.700
sao_tome_and_principe,1999,10.700
sao_tome_and_principe,2000,10.700
sao_tome_and_principe,2001,10.700
sao_tome_and_principe,2002,10.700
sao_tome_and_principe,2003,10.700
sao_tome_and_principe,2004,10.700
sao_tome_and_principe,2005,10.700
sao_tome_and_principe,2006,10.700
sao_tome_and_principe,2007,10.700
sao_tome_and_principe,2008,10.700
sao_tome_and_principe,2009,10.700
sao_tome_and_principe,2010,10.700
sao_tome_and_principe,2011,10.700
sao_tome_and_principe,2012,10.700
sao_tome_and_principe,2013,10.700
sao_tome_and_principe,2014,10.700
sao_tome_and_principe,2015,10.700
sao_tome_and_principe,2016,10.700
sao_tome_and_principe,2017,10.700
sao_tome_and_principe,2018,10.700
sao_tome_and_principe,2019,10.700
sao_tome_and_principe,2020,10.700
sao_tome_and_principe,2021,10.700
sao_tome_and_principe,2022,10.700
senegal,1961,409.00
senegal,1962,409.00
senegal,1963,409.00
senegal,1964,409.00
senegal,1965,409.00
senegal,1966,409.00
senegal,1967,409.00
senegal,1968,409.00
senegal,1969,409.00
senegal,1970,409.00
senegal,1971,409.00
senegal,1972,409.00
senegal,1973,409.00
senegal,1974,409.00
senegal,1975,409.00
senegal,1976,409.00
senegal,1977,409.00
senegal,1978,409.00
senegal,1979,409.00
senegal,1980,409.00
senegal,1981,409.00
senegal,1982,409.00
senegal,1983,409.00
senegal,1984,409.00
senegal,1985,409.00
senegal,1986,409.00
senegal,1987,409.00
senegal,1988,409.00
senegal,1989,409.00
senegal,1990,409.00
senegal,1991,409.00
senegal,1992,409.00
senegal,1993,409.00
senegal,1994,409.00
senegal,1995,409.00
senegal,1996,409.00
senegal,1997,409.00
senegal,1998,409.00
senegal,1999,409.00
senegal,2000,409.00
senegal,2001,409.00
senegal,2002,409.00
senegal,2003,409.00
senegal,2004,409.00
senegal,2005,409.00
senegal,2006,409.00
senegal,2007,409.00
senegal,2008,409.00
senegal,2009,409.00
senegal,2010,409.00
senegal,2011,409.00
senegal,2012,409.00
senegal,2013,409.00
senegal,2014,409.00
senegal,2015,409.00
senegal,2016,409.00
senegal,2017,409.00
senegal,2018,409.00
senegal,2019,409.00
senegal,2020,409.00
senegal,2021,409.00
senegal,2022,409.00
seychelles,1961,1.0000
seychelles,1962,1.0000
seychelles,1963,1.0000
seychelles,1964,1.0000
seychelles,1965,1.0000
seychelles,1966,1.0000
seychelles,1967,1.0000
seychelles,1968,1.0000
seychelles,1969,1.0000
seychelles,1970,1.0000
seychelles,1971,1.0000
seychelles,1972,1.0000
seychelles,1973,1.0000
seychelles,1974,1.0000
seychelles,1975,1.0000
seychelles,1976,1.0000
seychelles,1977,1.0000
seychelles,1978,1.0000
seychelles,1979,1.0000
seychelles,1980,1.0000
seychelles,1981,1.0000
seychelles,1982,1.0000
seychelles,1983,1.0000
seychelles,1984,1.0000
seychelles,1985,1.0000
seychelles,1986,1.0000
seychelles,1987,1.0000
seychelles,1988,1.0000
seychelles,1989,1.0000
seychelles,1990,1.0000
seychelles,1991,1.0000
seychelles,1992,1.0000
seychelles,1993,1.0000
seychelles,1994,1.0000
seychelles,1995,1.0000
seychelles,1996,1.0000
seychelles,1997,1.0000
seychelles,1998,1.0000
seychelles,1999,1.0000
seychelles,2000,1.0000
seychelles,2001,1.0000
seychelles,2002,1.0000
seychelles,2003,1.0000
seychelles,2004,1.0000
seychelles,2005,1.0000
seychelles,2006,1.0000
seychelles,2007,1.0000
seychelles,2008,1.0000
seychelles,2009,1.0000
seychelles,2010,1.0000
seychelles,2011,1.0000
seychelles,2012,1.0000
seychelles,2013,1.0000
seychelles,2014,1.0000
seychelles,2015,1.0000
seychelles,2016,1.0000
seychelles,2017,1.0000
seychelles,2018,1.0000
seychelles,2019,1.0000
seychelles,2020,1.0000
seychelles,2021,1.0000
seychelles,2022,1.0000
sierra_leone,1961,807.00
sierra_leone,1962,807.00
sierra_leone,1963,807.00
sierra_leone,1964,807.00
sierra_leone,1965,807.00
sierra_leone,1966,807.00
sierra_leone,1967,807.00
sierra_leone,1968,807.00
sierra_leone,1969,807.00
sierra_leone,1970,807.00
sierra_leone,1971,807.00
sierra_leone,1972,807.00
sierra_leone,1973,807.00
sierra_leone,1974,807.00
sierra_leone,1975,807.00
sierra_leone,1976,807.00
sierra_leone,1977,807.00
sierra_leone,1978,807.00
sierra_leone,1979,807.00
sierra_leone,1980,807.00
sierra_leone,1981,807.00
sierra_leone,1982,807.00
sierra_leone,1983,807.00
sierra_leone,1984,807.00
sierra_leone,1985,807.00
sierra_leone,1986,807.00
sierra_leone,1987,807.00
sierra_leone,1988,807.00
sierra_leone,1989,807.00
sierra_leone,1990,807.00
sierra_leone,1991,807.00
sierra_leone,1992,807.00
sierra_leone,1993,807.00
sierra_leone,1994,807.00
sierra_leone,1995,807.00
sierra_leone,1996,807.00
sierra_leone,1997,807.00
sierra_leone,1998,807.00
sierra_leone,1999,807.00
sierra_leone,2000,807.00
sierra_leone,2001,807.00
sierra_leone,2002,807.00
sierra_leone,2003,807.00
sierra_leone,2004,807.00
sierra_leone,2005,807.00
sierra_leone,2006,807.00
sierra_leone,2007,807.00
sierra_leone,2008,807.00
sierra_leone,2009,807.00
sierra_leone,2010,807.00
sierra_leone,2011,807.00
sierra_leone,2012,807.00
sierra_leone,2013,807.00
sierra_leone,2014,807.00
sierra_leone,2015,807.00
sierra_leone,2016,807.00
sierra_leone,2017,807.00
sierra_leone,2018,807.00
sierra_leone,2019,807.00
sierra_leone,2020,807.00
sierra_leone,2021,807.00
sierra_leone,2022,807.00
somalia,1961,240.00
somalia,1962,240.00
somalia,1963,240.00
somalia,1964,240.00
somalia,1965,240.00
somalia,1966,240.00
somalia,1967,240.00
somalia,1968,240.00
somalia,1969,240.00
somalia,1970,240.00
somalia,1971,240.00
somalia,1972,240.00
somalia,1973,240.00
somalia,1974,240.00
somalia,1975,240.00
somalia,1976,240.00
somalia,1977,240.00
somalia,1978,240.00
somalia,1979,240.00
somalia,1980,240.00
somalia,1981,240.00
somalia,1982,240.00
somalia,1983,240.00
somalia,1984,240.00
somalia,1985,240.00
somalia,1986,240.00
somalia,1987,240.00
somalia,1988,240.00
somalia,1989,240.00
somalia,1990,240.00
somalia,1991,240.00
somalia,1992,240.00
somalia,1993,240.00
somalia,1994,240.00
somalia,1995,240.00
somalia,1996,240.00
somalia,1997,240.00
somalia,1998,240.00
somalia,1999,240.00
somalia,2000,240.00
somalia,2001,240.00
somalia,2002,240.00
somalia,2003,240.00
somalia,2004,240.00
somalia,2005,240.00
somalia,2006,240.00
somalia,2007,240.00
somalia,2008,240.00
somalia,2009,240.00
somalia,2010,240.00
somalia,2011,240.00
somalia,2012,240.00
somalia,2013,240.00
somalia,2014,240.00
somalia,2015,240.00
somalia,2016,240.00
somalia,2017,240.00
somalia,2018,240.00
somalia,2019,240.00
somalia,2020,240.00
somalia,2021,240.00
somalia,2022,240.00
south_sudan,2012,1500.0
south_sudan,2013,1500.0
south_sudan,2014,1500.0
south_sudan,2015,1500.0
south_sudan,2016,1500.0
south_sudan,2017,1500.0
south_sudan,2018,1500.0
south_sudan,2019,1500.0
south_sudan,2020,1500.0
south_sudan,2021,1500.0
south_sudan,2022,1500.0
sri_lanka,1961,570.00
sri_lanka,1962,570.00
sri_lanka,1963,570.00
sri_lanka,1964,570.00
sri_lanka,1965,570.00
sri_lanka,1966,570.00
sri_lanka,1967,570.00
sri_lanka,1968,570.00
sri_lanka,1969,570.00
sri_lanka,1970,570.00
sri_lanka,1971,570.00
sri_lanka,1972,570.00
sri_lanka,1973,570.00
sri_lanka,1974,570.00
sri_lanka,1975,570.00
sri_lanka,1976,570.00
sri_lanka,1977,570.00
sri_lanka,1978,570.00
sri_lanka,1979,570.00
sri_lanka,1980,570.00
sri_lanka,1981,570.00
sri_lanka,1982,570.00
sri_lanka,1983,570.00
sri_lanka,1984,570.00
sri_lanka,1985,570.00
sri_lanka,1986,570.00
sri_lanka,1987,570.00
sri_lanka,1988,570.00
sri_lanka,1989,570.00
sri_lanka,1990,570.00
sri_lanka,1991,570.00
sri_lanka,1992,570.00
sri_lanka,1993,570.00
sri_lanka,1994,570.00
sri_lanka,1995,570.00
sri_lanka,1996,570.00
sri_lanka,1997,570.00
sri_lanka,1998,570.00
sri_lanka,1999,570.00
sri_lanka,2000,570.00
sri_lanka,2001,570.00
sri_lanka,2002,570.00
sri_lanka,2003,570.00
sri_lanka,2004,570.00
sri_lanka,2005,570.00
sri_lanka,2006,570.00
sri_lanka,2007,570.00
sri_lanka,2008,570.00
sri_lanka,2009,570.00
sri_lanka,2010,570.00
sri_lanka,2011,570.00
sri_lanka,2012,570.00
sri_lanka,2013,570.00
sri_lanka,2014,570.00
sri_lanka,2015,570.00
sri_lanka,2016,570.00
sri_lanka,2017,570.00
sri_lanka,2018,570.00
sri_lanka,2019,570.00
sri_lanka,2020,570.00
sri_lanka,2021,570.00
sri_lanka,2022,570.00
sudan,2012,2500.0
sudan,2013,2500.0
sudan,2014,2500.0
sudan,2015,2500.0
sudan,2016,2500.0
sudan,2017,2500.0
sudan,2018,2500.0
sudan,2019,2500.0
sudan,2020,2500.0
sudan,2021,2500.0
sudan,2022,2500.0
tajikistan,1992,1580.0
tajikistan,1993,1580.0
tajikistan,1994,1580.0
tajikistan,1995,1580.0
tajikistan,1996,1580.0
tajikistan,1997,1580.0
tajikistan,1998,1580.0
tajikistan,1999,1580.0
tajikistan,2000,1580.0
tajikistan,2001,1580.0
tajikistan,2002,1580.0
tajikistan,2003,1580.0
tajikistan,2004,1580.0
tajikistan,2005,1580.0
tajikistan,2006,1580.0
tajikistan,2007,1580.0
tajikistan,2008,1580.0
tajikistan,2009,1580.0
tajikistan,2010,1580.0
tajikistan,2011,1580.0
tajikistan,2012,1580.0
tajikistan,2013,1580.0
tajikistan,2014,1580.0
tajikistan,2015,1580.0
tajikistan,2016,1580.0
tajikistan,2017,1580.0
tajikistan,2018,1580.0
tajikistan,2019,1580.0
tajikistan,2020,1580.0
tajikistan,2021,1580.0
tajikistan,2022,1580.0
thailand,1961,12245
thailand,1962,12245
thailand,1963,12245
thailand,1964,12245
thailand,1965,12245
thailand,1966,12245
thailand,1967,12245
thailand,1968,12245
thailand,1969,12245
thailand,1970,12245
thailand,1971,12245
thailand,1972,12245
thailand,1973,12245
thailand,1974,12245
thailand,1975,12245
thailand,1976,12245
thailand,1977,12245
thailand,1978,12245
thailand,1979,12245
thailand,1980,12245
thailand,1981,12245
thailand,1982,12245
thailand,1983,12245
thailand,1984,12245
thailand,1985,12245
thailand,1986,12245
thailand,1987,12245
thailand,1988,12245
thailand,1989,12245
thailand,1990,12245
thailand,1991,12245
thailand,1992,12245
thailand,1993,12245
thailand,1994,12245
thailand,1995,12245
thailand,1996,12245
thailand,1997,12245
thailand,1998,12245
thailand,1999,12245
thailand,2000,12245
thailand,2001,12245
thailand,2002,12245
thailand,2003,12245
thailand,2004,12245
thailand,2005,12245
thailand,2006,12245
thailand,2007,12245
thailand,2008,12245
thailand,2009,12245
thailand,2010,12245
thailand,2011,12245
thailand,2012,12245
thailand,2013,12245
thailand,2014,12245
thailand,2015,12245
thailand,2016,12245
thailand,2017,12245
thailand,2018,12245
thailand,2019,12245
thailand,2020,12245
thailand,2021,12245
thailand,2022,12245
togo,1961,180.00
togo,1962,180.00
togo,1963,180.00
togo,1964,180.00
togo,1965,180.00
togo,1966,180.00
togo,1967,180.00
togo,1968,180.00
togo,1969,180.00
togo,1970,180.00
togo,1971,180.00
togo,1972,180.00
togo,1973,180.00
togo,1974,180.00
togo,1975,180.00
togo,1976,180.00
togo,1977,180.00
togo,1978,180.00
togo,1979,180.00
togo,1980,180.00
togo,1981,180.00
togo,1982,180.00
togo,1983,180.00
togo,1984,180.00
togo,1985,180.00
togo,1986,180.00
togo,1987,180.00
togo,1988,180.00
togo,1989,180.00
togo,1990,180.00
togo,1991,180.00
togo,1992,180.00
togo,1993,180.00
togo,1994,180.00
togo,1995,180.00
togo,1996,180.00
togo,1997,180.00
togo,1998,180.00
togo,1999,180.00
togo,2000,180.00
togo,2001,180.00
togo,2002,180.00
togo,2003,180.00
togo,2004,180.00
togo,2005,180.00
togo,2006,180.00
togo,2007,180.00
togo,2008,180.00
togo,2009,180.00
togo,2010,180.00
togo,2011,180.00
togo,2012,180.00
togo,2013,180.00
togo,2014,180.00
togo,2015,180.00
togo,2016,180.00
togo,2017,180.00
togo,2018,180.00
togo,2019,180.00
togo,2020,180.00
togo,2021,180.00
togo,2022,180.00
trinidad_and_tobago,1961,30.000
trinidad_and_tobago,1962,30.000
trinidad_and_tobago,1963,30.000
trinidad_and_tobago,1964,30.000
trinidad_and_tobago,1965,30.000
trinidad_and_tobago,1966,30.000
trinidad_and_tobago,1967,30.000
trinidad_and_tobago,1968,30.000
trinidad_and_tobago,1969,30.000
trinidad_and_tobago,1970,30.000
trinidad_and_tobago,1971,30.000
trinidad_and_tobago,1972,30.000
trinidad_and_tobago,1973,30.000
trinidad_and_tobago,1974,30.000
trinidad_and_tobago,1975,30.000
trinidad_and_tobago,1976,30.000
trinidad_and_tobago,1977,30.000
trinidad_and_tobago,1978,30.000
trinidad_and_tobago,1979,30.000
trinidad_and_tobago,1980,30.000
trinidad_and_tobago,1981,30.000
trinidad_and_tobago,1982,30.000
trinidad_and_tobago,1983,30.000
trinidad_and_tobago,1984,30.000
trinidad_and_tobago,1985,30.000
trinidad_and_tobago,1986,30.000
trinidad_and_tobago,1987,30.000
trinidad_and_tobago,1988,30.000
trinidad_and_tobago,1989,30.000
trinidad_and_tobago,1990,30.000
trinidad_and_tobago,1991,30.000
trinidad_and_tobago,1992,30.000
trinidad_and_tobago,1993,30.000
trinidad_and_tobago,1994,30.000
trinidad_and_tobago,1995,30.000
trinidad_and_tobago,1996,30.000
trinidad_and_tobago,1997,30.000
trinidad_and_tobago,1998,30.000
trinidad_and_tobago,1999,30.000
trinidad_and_tobago,2000,30.000
trinidad_and_tobago,2001,30.000
trinidad_and_tobago,2002,30.000
trinidad_and_tobago,2003,30.000
trinidad_and_tobago,2004,30.000
trinidad_and_tobago,2005,30.000
trinidad_and_tobago,2006,30.000
trinidad_and_tobago,2007,30.000
trinidad_and_tobago,2008,30.000
trinidad_and_tobago,2009,30.000
trinidad_and_tobago,2010,30.000
trinidad_and_tobago,2011,30.000
trinidad_and_tobago,2012,30.000
trinidad_and_tobago,2013,30.000
trinidad_and_tobago,2014,30.000
trinidad_and_tobago,2015,30.000
trinidad_and_tobago,2016,30.000
trinidad_and_tobago,2017,30.000
trinidad_and_tobago,2018,30.000
trinidad_and_tobago,2019,30.000
trinidad_and_tobago,2020,30.000
trinidad_and_tobago,2021,30.000
trinidad_and_tobago,2022,30.000
tunisia,1961,560.00
tunisia,1962,560.00
tunisia,1963,560.00
tunisia,1964,560.00
tunisia,1965,560.00
tunisia,1966,560.00
tunisia,1967,560.00
tunisia,1968,560.00
tunisia,1969,560.00
tunisia,1970,560.00
tunisia,1971,560.00
tunisia,1972,560.00
tunisia,1973,560.00
tunisia,1974,560.00
tunisia,1975,560.00
tunisia,1976,560.00
tunisia,1977,560.00
tunisia,1978,560.00
tunisia,1979,560.00
tunisia,1980,560.00
tunisia,1981,560.00
tunisia,1982,560.00
tunisia,1983,560.00
tunisia,1984,560.00
tunisia,1985,560.00
tunisia,1986,560.00
tunisia,1987,560.00
tunisia,1988,560.00
tunisia,1989,560.00
tunisia,1990,560.00
tunisia,1991,560.00
tunisia,1992,560.00
tunisia,1993,560.00
tunisia,1994,560.00
tunisia,1995,560.00
tunisia,1996,560.00
tunisia,1997,560.00
tunisia,1998,560.00
tunisia,1999,560.00
tunisia,2000,560.00
tunisia,2001,560.00
tunisia,2002,560.00
tunisia,2003,560.00
tunisia,2004,560.00
tunisia,2005,560.00
tunisia,2006,560.00
tunisia,2007,560.00
tunisia,2008,560.00
tunisia,2009,560.00
tunisia,2010,560.00
tunisia,2011,560.00
tunisia,2012,560.00
tunisia,2013,560.00
tunisia,2014,560.00
tunisia,2015,560.00
tunisia,2016,560.00
tunisia,2017,560.00
tunisia,2018,560.00
tunisia,2019,560.00
tunisia,2020,560.00
tunisia,2021,560.00
tunisia,2022,560.00
turkiye,1961,8500.0
turkiye,1962,8500.0
turkiye,1963,8500.0
turkiye,1964,8500.0
turkiye,1965,8500.0
turkiye,1966,8500.0
turkiye,1967,8500.0
turkiye,1968,8500.0
turkiye,1969,8500.0
turkiye,1970,8500.0
turkiye,1971,8500.0
turkiye,1972,8500.0
turkiye,1973,8500.0
turkiye,1974,8500.0
turkiye,1975,8500.0
turkiye,1976,8500.0
turkiye,1977,8500.0
turkiye,1978,8500.0
turkiye,1979,8500.0
turkiye,1980,8500.0
turkiye,1981,8500.0
turkiye,1982,8500.0
turkiye,1983,8500.0
turkiye,1984,8500.0
turkiye,1985,8500.0
turkiye,1986,8500.0
turkiye,1987,8500.0
turkiye,1988,8500.0
turkiye,1989,8500.0
turkiye,1990,8500.0
turkiye,1991,8500.0
turkiye,1992,8500.0
turkiye,1993,8500.0
turkiye,1994,8500.0
turkiye,1995,8500.0
turkiye,1996,8500.0
turkiye,1997,8500.0
turkiye,1998,8500.0
turkiye,1999,8500.0
turkiye,2000,8500.0
turkiye,2001,8500.0
turkiye,2002,8500.0
turkiye,2003,8500.0
turkiye,2004,8500.0
turkiye,2005,8500.0
turkiye,2006,8500.0
turkiye,2007,8500.0
turkiye,2008,8500.0
turkiye,2009,8500.0
turkiye,2010,8500.0
turkiye,2011,8500.0
turkiye,2012,8500.0
turkiye,2013,8500.0
turkiye,2014,8500.0
turkiye,2015,8500.0
turkiye,2016,8500.0
turkiye,2017,8500.0
turkiye,2018,8500.0
turkiye,2019,8500.0
turkiye,2020,8500.0
turkiye,2021,8500.0
turkiye,2022,8500.0
turkmenistan,1992,2353.0
turkmenistan,1993,2353.0
turkmenistan,1994,2353.0
turkmenistan,1995,2353.0
turkmenistan,1996,2353.0
turkmenistan,1997,2353.0
turkmenistan,1998,2353.0
turkmenistan,1999,2353.0
turkmenistan,2000,2353.0
turkmenistan,2001,2353.0
turkmenistan,2002,2353.0
turkmenistan,2003,2353.0
turkmenistan,2004,2353.0
turkmenistan,2005,2353.0
turkmenistan,2006,2353.0
turkmenistan,2007,2353.0
turkmenistan,2008,2353.0
turkmenistan,2009,2353.0
turkmenistan,2010,2353.0
turkmenistan,2011,2353.0
turkmenistan,2012,2353.0
turkmenistan,2013,2353.0
turkmenistan,2014,2353.0
turkmenistan,2015,2353.0
turkmenistan,2016,2353.0
turkmenistan,2017,2353.0
turkmenistan,2018,2353.0
turkmenistan,2019,2353.0
turkmenistan,2020,2353.0
turkmenistan,2021,2353.0
turkmenistan,2022,2353.0
uganda,1961,90.000
uganda,1962,90.000
uganda,1963,90.000
uganda,1964,90.000
uganda,1965,90.000
uganda,1966,90.000
uganda,1967,90.000
uganda,1968,90.000
uganda,1969,90.000
uganda,1970,90.000
uganda,1971,90.000
uganda,1972,90.000
uganda,1973,90.000
uganda,1974,90.000
uganda,1975,90.000
uganda,1976,90.000
uganda,1977,90.000
uganda,1978,90.000
uganda,1979,90.000
uganda,1980,90.000
uganda,1981,90.000
uganda,1982,90.000
uganda,1983,90.000
uganda,1984,90.000
uganda,1985,90.000
uganda,1986,90.000
uganda,1987,90.000
uganda,1988,90.000
uganda,1989,90.000
uganda,1990,90.000
uganda,1991,90.000
uganda,1992,90.000
uganda,1993,90.000
uganda,1994,90.000
uganda,1995,90.000
uganda,1996,90.000
uganda,1997,90.000
uganda,1998,90.000
uganda,1999,90.000
uganda,2000,90.000
uganda,2001,90.000
uganda,2002,90.000
uganda,2003,90.000
uganda,2004,90.000
uganda,2005,90.000
uganda,2006,90.000
uganda,2007,90.000
uganda,2008,90.000
uganda,2009,90.000
uganda,2010,90.000
uganda,2011,90.000
uganda,2012,90.000
uganda,2013,90.000
uganda,2014,90.000
uganda,2015,90.000
uganda,2016,90.000
uganda,2017,90.000
uganda,2018,90.000
uganda,2019,90.000
uganda,2020,90.000
uganda,2021,90.000
uganda,2022,90.000
ukraine,1992,5500.0
ukraine,1993,5500.0
ukraine,1994,5500.0
ukraine,1995,5500.0
ukraine,1996,5500.0
ukraine,1997,5500.0
ukraine,1998,5500.0
ukraine,1999,5500.0
ukraine,2000,5500.0
ukraine,2001,5500.0
ukraine,2002,5500.0
ukraine,2003,5500.0
ukraine,2004,5500.0
ukraine,2005,5500.0
ukraine,2006,5500.0
ukraine,2007,5500.0
ukraine,2008,5500.0
ukraine,2009,5500.0
ukraine,2010,5500.0
ukraine,2011,5500.0
ukraine,2012,5500.0
ukraine,2013,5500.0
ukraine,2014,5500.0
ukraine,2015,5500.0
ukraine,2016,5500.0
ukraine,2017,5500.0
ukraine,2018,5500.0
ukraine,2019,5500.0
ukraine,2020,5500.0
ukraine,2021,5500.0
ukraine,2022,5500.0
united_republic_of_tanzania,1961,2132.0
united_republic_of_tanzania,1962,2132.0
united_republic_of_tanzania,1963,2132.0
united_republic_of_tanzania,1964,2132.0
united_republic_of_tanzania,1965,2132.0
united_republic_of_tanzania,1966,2132.0
united_republic_of_tanzania,1967,2132.0
united_republic_of_tanzania,1968,2132.0
united_republic_of_tanzania,1969,2132.0
united_republic_of_tanzania,1970,2132.0
united_republic_of_tanzania,1971,2132.0
united_republic_of_tanzania,1972,2132.0
united_republic_of_tanzania,1973,2132.0
united_republic_of_tanzania,1974,2132.0
united_republic_of_tanzania,1975,2132.0
united_republic_of_tanzania,1976,2132.0
united_republic_of_tanzania,1977,2132.0
united_republic_of_tanzania,1978,2132.0
united_republic_of_tanzania,1979,2132.0
united_republic_of_tanzania,1980,2132.0
united_republic_of_tanzania,1981,2132.0
united_republic_of_tanzania,1982,2132.0
united_republic_of_tanzania,1983,2132.0
united_republic_of_tanzania,1984,2132.0
united_republic_of_tanzania,1985,2132.0
united_republic_of_tanzania,1986,2132.0
united_republic_of_tanzania,1987,2132.0
united_republic_of_tanzania,1988,2132.0
united_republic_of_tanzania,1989,2132.0
united_republic_of_tanzania,1990,2132.0
united_republic_of_tanzania,1991,2132.0
united_republic_of_tanzania,1992,2132.0
united_republic_of_tanzania,1993,2132.0
united_republic_of_tanzania,1994,2132.0
united_republic_of_tanzania,1995,2132.0
united_republic_of_tanzania,1996,2132.0
united_republic_of_tanzania,1997,2132.0
united_republic_of_tanzania,1998,2132.0
united_republic_of_tanzania,1999,2132.0
united_republic_of_tanzania,2000,2132.0
united_republic_of_tanzania,2001,2132.0
united_republic_of_tanzania,2002,2132.0
united_republic_of_tanzania,2003,2132.0
united_republic_of_tanzania,2004,2132.0
united_republic_of_tanzania,2005,2132.0
united_republic_of_tanzania,2006,2132.0
united_republic_of_tanzania,2007,2132.0
united_republic_of_tanzania,2008,2132.0
united_republic_of_tanzania,2009,2132.0
united_republic_of_tanzania,2010,2132.0
united_republic_of_tanzania,2011,2132.0
united_republic_of_tanzania,2012,2132.0
united_republic_of_tanzania,2013,2132.0
united_republic_of_tanzania,2014,2132.0
united_republic_of_tanzania,2015,2132.0
united_republic_of_tanzania,2016,2132.0
united_republic_of_tanzania,2017,2132.0
united_republic_of_tanzania,2018,2132.0
united_republic_of_tanzania,2019,2132.0
united_republic_of_tanzania,2020,2132.0
united_republic_of_tanzania,2021,2132.0
united_republic_of_tanzania,2022,2132.0
uruguay,1961,1760.0
uruguay,1962,1760.0
uruguay,1963,1760.0
uruguay,1964,1760.0
uruguay,1965,1760.0
uruguay,1966,1760.0
uruguay,1967,1760.0
uruguay,1968,1760.0
uruguay,1969,1760.0
uruguay,1970,1760.0
uruguay,1971,1760.0
uruguay,1972,1760.0
uruguay,1973,1760.0
uruguay,1974,1760.0
uruguay,1975,1760.0
uruguay,1976,1760.0
uruguay,1977,1760.0
uruguay,1978,1760.0
uruguay,1979,1760.0
uruguay,1980,1760.0
uruguay,1981,1760.0
uruguay,1982,1760.0
uruguay,1983,1760.0
uruguay,1984,1760.0
uruguay,1985,1760.0
uruguay,1986,1760.0
uruguay,1987,1760.0
uruguay,1988,1760.0
uruguay,1989,1760.0
uruguay,1990,1760.0
uruguay,1991,1760.0
uruguay,1992,1760.0
uruguay,1993,1760.0
uruguay,1994,1760.0
uruguay,1995,1760.0
uruguay,1996,1760.0
uruguay,1997,1760.0
uruguay,1998,1760.0
uruguay,1999,1760.0
uruguay,2000,1760.0
uruguay,2001,1760.0
uruguay,2002,1760.0
uruguay,2003,1760.0
uruguay,2004,1760.0
uruguay,2005,1760.0
uruguay,2006,1760.0
uruguay,2007,1760.0
uruguay,2008,1760.0
uruguay,2009,1760.0
uruguay,2010,1760.0
uruguay,2011,1760.0
uruguay,2012,1760.0
uruguay,2013,1760.0
uruguay,2014,1760.0
uruguay,2015,1760.0
uruguay,2016,1760.0
uruguay,2017,1760.0
uruguay,2018,1760.0
uruguay,2019,1760.0
uruguay,2020,1760.0
uruguay,2021,1760.0
uruguay,2022,1760.0
uzbekistan,1992,4915.0
uzbekistan,1993,4915.0
uzbekistan,1994,4915.0
uzbekistan,1995,4915.0
uzbekistan,1996,4915.0
uzbekistan,1997,4915.0
uzbekistan,1998,4915.0
uzbekistan,1999,4915.0
uzbekistan,2000,4915.0
uzbekistan,2001,4915.0
uzbekistan,2002,4915.0
uzbekistan,2003,4915.0
uzbekistan,2004,4915.0
uzbekistan,2005,4915.0
uzbekistan,2006,4915.0
uzbekistan,2007,4915.0
uzbekistan,2008,4915.0
uzbekistan,2009,4915.0
uzbekistan,2010,4915.0
uzbekistan,2011,4915.0
uzbekistan,2012,4915.0
uzbekistan,2013,4915.0
uzbekistan,2014,4915.0
uzbekistan,2015,4915.0
uzbekistan,2016,4915.0
uzbekistan,2017,4915.0
uzbekistan,2018,4915.0
uzbekistan,2019,4915.0
uzbekistan,2020,4915.0
uzbekistan,2021,4915.0
uzbekistan,2022,4915.0
venezuela_bolivarian_republic_of,1961,2000.0
venezuela_bolivarian_republic_of,1962,2000.0
venezuela_bolivarian_republic_of,1963,2000.0
venezuela_bolivarian_republic_of,1964,2000.0
venezuela_bolivarian_republic_of,1965,2000.0
venezuela_bolivarian_republic_of,1966,2000.0
venezuela_bolivarian_republic_of,1967,2000.0
venezuela_bolivarian_republic_of,1968,2000.0
venezuela_bolivarian_republic_of,1969,2000.0
venezuela_bolivarian_republic_of,1970,2000.0
venezuela_bolivarian_republic_of,1971,2000.0
venezuela_bolivarian_republic_of,1972,2000.0
venezuela_bolivarian_republic_of,1973,2000.0
venezuela_bolivarian_republic_of,1974,2000.0
venezuela_bolivarian_republic_of,1975,2000.0
venezuela_bolivarian_republic_of,1976,2000.0
venezuela_bolivarian_republic_of,1977,2000.0
venezuela_bolivarian_republic_of,1978,2000.0
venezuela_bolivarian_republic_of,1979,2000.0
venezuela_bolivarian_republic_of,1980,2000.0
venezuela_bolivarian_republic_of,1981,2000.0
venezuela_bolivarian_republic_of,1982,2000.0
venezuela_bolivarian_republic_of,1983,2000.0
venezuela_bolivarian_republic_of,1984,2000.0
venezuela_bolivarian_republic_of,1985,2000.0
venezuela_bolivarian_republic_of,1986,2000.0
venezuela_bolivarian_republic_of,1987,2000.0
venezuela_bolivarian_republic_of,1988,2000.0
venezuela_bolivarian_republic_of,1989,2000.0
venezuela_bolivarian_republic_of,1990,2000.0
venezuela_bolivarian_republic_of,1991,2000.0
venezuela_bolivarian_republic_of,1992,2000.0
venezuela_bolivarian_republic_of,1993,2000.0
venezuela_bolivarian_republic_of,1994,2000.0
venezuela_bolivarian_republic_of,1995,2000.0
venezuela_bolivarian_republic_of,1996,2000.0
venezuela_bolivarian_republic_of,1997,2000.0
venezuela_bolivarian_republic_of,1998,2000.0
venezuela_bolivarian_republic_of,1999,2000.0
venezuela_bolivarian_republic_of,2000,2000.0
venezuela_bolivarian_republic_of,2001,2000.0
venezuela_bolivarian_republic_of,2002,2000.0
venezuela_bolivarian_republic_of,2003,2000.0
venezuela_bolivarian_republic_of,2004,2000.0
venezuela_bolivarian_republic_of,2005,2000.0
venezuela_bolivarian_republic_of,2006,2000.0
venezuela_bolivarian_republic_of,2007,2000.0
venezuela_bolivarian_republic_of,2008,2000.0
venezuela_bolivarian_republic_of,2009,2000.0
venezuela_bolivarian_republic_of,2010,2000.0
venezuela_bolivarian_republic_of,2011,2000.0
venezuela_bolivarian_republic_of,2012,2000.0
venezuela_bolivarian_republic_of,2013,2000.0
venezuela_bolivarian_republic_of,2014,2000.0
venezuela_bolivarian_republic_of,2015,2000.0
venezuela_bolivarian_republic_of,2016,2000.0
venezuela_bolivarian_republic_of,2017,2000.0
venezuela_bolivarian_republic_of,2018,2000.0
venezuela_bolivarian_republic_of,2019,2000.0
venezuela_bolivarian_republic_of,2020,2000.0
venezuela_bolivarian_republic_of,2021,2000.0
venezuela_bolivarian_republic_of,2022,2000.0
viet_nam,1961,9400.0
viet_nam,1962,9400.0
viet_nam,1963,9400.0
viet_nam,1964,9400.0
viet_nam,1965,9400.0
viet_nam,1966,9400.0
viet_nam,1967,9400.0
viet_nam,1968,9400.0
viet_nam,1969,9400.0
viet_nam,1970,9400.0
viet_nam,1971,9400.0
viet_nam,1972,9400.0
viet_nam,1973,9400.0
viet_nam,1974,9400.0
viet_nam,1975,9400.0
viet_nam,1976,9400.0
viet_nam,1977,9400.0
viet_nam,1978,9400.0
viet_nam,1979,9400.0
viet_nam,1980,9400.0
viet_nam,1981,9400.0
viet_nam,1982,9400.0
viet_nam,1983,9400.0
viet_nam,1984,9400.0
viet_nam,1985,9400.0
viet_nam,1986,9400.0
viet_nam,1987,9400.0
viet_nam,1988,9400.0
viet_nam,1989,9400.0
viet_nam,1990,9400.0
viet_nam,1991,9400.0
viet_nam,1992,9400.0
viet_nam,1993,9400.0
viet_nam,1994,9400.0
viet_nam,1995,9400.0
viet_nam,1996,9400.0
viet_nam,1997,9400.0
viet_nam,1998,9400.0
viet_nam,1999,9400.0
viet_nam,2000,9400.0
viet_nam,2001,9400.0
viet_nam,2002,9400.0
viet_nam,2003,9400.0
viet_nam,2004,9400.0
viet_nam,2005,9400.0
viet_nam,2006,9400.0
viet_nam,2007,9400.0
viet_nam,2008,9400.0
viet_nam,2009,9400.0
viet_nam,2010,9400.0
viet_nam,2011,9400.0
viet_nam,2012,9400.0
viet_nam,2013,9400.0
viet_nam,2014,9400.0
viet_nam,2015,9400.0
viet_nam,2016,9400.0
viet_nam,2017,9400.0
viet_nam,2018,9400.0
viet_nam,2019,9400.0
viet_nam,2020,9400.0
viet_nam,2021,9400.0
viet_nam,2022,9400.0
zambia,1961,523.00
zambia,1962,523.00
zambia,1963,523.00
zambia,1964,523.00
zambia,1965,523.00
zambia,1966,523.00
zambia,1967,523.00
zambia,1968,523.00
zambia,1969,523.00
zambia,1970,523.00
zambia,1971,523.00
zambia,1972,523.00
zambia,1973,523.00
zambia,1974,523.00
zambia,1975,523.00
zambia,1976,523.00
zambia,1977,523.00
zambia,1978,523.00
zambia,1979,523.00
zambia,1980,523.00
zambia,1981,523.00
zambia,1982,523.00
zambia,1983,523.00
zambia,1984,523.00
zambia,1985,523.00
zambia,1986,523.00
zambia,1987,523.00
zambia,1988,523.00
zambia,1989,523.00
zambia,1990,523.00
zambia,1991,523.00
zambia,1992,523.00
zambia,1993,523.00
zambia,1994,523.00
zambia,1995,523.00
zambia,1996,523.00
zambia,1997,523.00
zambia,1998,523.00
zambia,1999,523.00
zambia,2000,523.00
zambia,2001,523.00
zambia,2002,523.00
zambia,2003,523.00
zambia,2004,523.00
zambia,2005,523.00
zambia,2006,523.00
zambia,2007,523.00
zambia,2008,523.00
zambia,2009,523.00
zambia,2010,523.00
zambia,2011,523.00
zambia,2012,523.00
zambia,2013,523.00
zambia,2014,523.00
zambia,2015,523.00
zambia,2016,523.00
zambia,2017,523.00
zambia,2018,523.00
zambia,2019,523.00
zambia,2020,523.00
zambia,2021,523.00
zambia,2022,523.00
zimbabwe,1961,365.60
zimbabwe,1962,365.60
zimbabwe,1963,365.60
zimbabwe,1964,365.60
zimbabwe,1965,365.60
zimbabwe,1966,365.60
zimbabwe,1967,365.60
zimbabwe,1968,365.60
zimbabwe,1969,365.60
zimbabwe,1970,365.60
zimbabwe,1971,365.60
zimbabwe,1972,365.60
zimbabwe,1973,365.60
zimbabwe,1974,365.60
zimbabwe,1975,365.60
zimbabwe,1976,365.60
zimbabwe,1977,365.60
zimbabwe,1978,365.60
zimbabwe,1979,365.60
zimbabwe,1980,365.60
zimbabwe,1981,365.60
zimbabwe,1982,365.60
zimbabwe,1983,365.60
zimbabwe,1984,365.60
zimbabwe,1985,365.60
zimbabwe,1986,365.60
zimbabwe,1987,365.60
zimbabwe,1988,365.60
zimbabwe,1989,365.60
zimbabwe,1990,365.60
zimbabwe,1991,365.60
zimbabwe,1992,365.60
zimbabwe,1993,365.60
zimbabwe,1994,365.60
zimbabwe,1995,365.60
zimbabwe,1996,365.60
zimbabwe,1997,365.60
zimbabwe,1998,365.60
zimbabwe,1999,365.60
zimbabwe,2000,365.60
zimbabwe,2001,365.60
zimbabwe,2002,365.60
zimbabwe,2003,365.60
zimbabwe,2004,365.60
zimbabwe,2005,365.60
zimbabwe,2006,365.60
zimbabwe,2007,365.60
zimbabwe,2008,365.60
zimbabwe,2009,365.60
zimbabwe,2010,365.60
zimbabwe,2011,365.60
zimbabwe,2012,365.60
zimbabwe,2013,365.60
zimbabwe,2014,365.60
zimbabwe,2015,365.60
zimbabwe,2016,365.60
zimbabwe,2017,365.60
zimbabwe,2018,365.60
zimbabwe,2019,365.60
zimbabwe,2020,365.60
zimbabwe,2021,365.60
zimbabwe,2022,365.60
