area,year,harvested_irrigated_permanent_crop_area_oil_palm
dza,2008,140.20
aze,1995,11.140
cyp,1994,0.60600
gin,2001,1.0000
ind,2004,5442.0
irn,1985,62.000
irn,1993,140.70
jor,1991,13.350
kaz,1993,80.000
kgz,1994,58.400
lbn,1994,0.30500
mar,2011,70.000
nam,1991,0.15000
sau,1992,2.7000
zaf,2000,0.0000
syr,1993,27.140
tun,1992,18.000
uzb,1993,11.200
ven,2008,26.120
