area,year,total_dam_capacity
afghanistan,1960,1.2000
afghanistan,1961,1.2000
afghanistan,1962,1.2000
afghanistan,1963,1.2000
afghanistan,1964,1.2000
afghanistan,1965,1.2000
afghanistan,1966,1.2000
afghanistan,1967,1.4590
afghanistan,1968,2.0090
afghanistan,1969,2.0090
afghanistan,1970,2.0090
afghanistan,1971,2.0090
afghanistan,1972,2.0090
afghanistan,1973,2.0090
afghanistan,1974,2.0090
afghanistan,1975,2.0090
afghanistan,1976,2.0090
afghanistan,1977,2.0090
afghanistan,1978,2.0090
afghanistan,1979,2.0090
afghanistan,1980,2.0090
afghanistan,1981,2.0090
afghanistan,1982,2.0090
afghanistan,1983,2.0090
afghanistan,1984,2.0090
afghanistan,1985,2.0090
afghanistan,1986,2.0090
afghanistan,1987,2.0090
afghanistan,1988,2.0090
afghanistan,1989,2.0090
afghanistan,1990,2.0090
afghanistan,1991,2.0090
afghanistan,1992,2.0090
afghanistan,1993,2.0090
afghanistan,1994,2.0090
afghanistan,1995,2.0090
afghanistan,1996,2.0090
afghanistan,1997,2.0090
afghanistan,1998,2.0090
afghanistan,1999,2.0090
afghanistan,2000,2.0090
afghanistan,2001,2.0090
afghanistan,2002,2.0090
afghanistan,2003,2.0090
afghanistan,2004,2.0090
afghanistan,2005,2.0090
afghanistan,2006,2.0090
afghanistan,2007,2.0090
afghanistan,2008,2.0090
afghanistan,2009,2.0090
afghanistan,2010,2.0090
afghanistan,2011,2.0090
afghanistan,2012,2.0090
afghanistan,2013,2.0090
afghanistan,2014,2.0090
afghanistan,2015,2.0090
afghanistan,2016,2.0090
afghanistan,2017,2.0090
afghanistan,2018,2.0090
afghanistan,2019,2.0090
afghanistan,2020,2.0090
afghanistan,2021,2.0090
afghanistan,2022,2.0090
albania,1962,0.14000
albania,1963,0.14000
albania,1964,0.14000
albania,1965,0.14000
albania,1966,0.14000
albania,1967,0.38000
albania,1968,0.38000
albania,1969,0.38000
albania,1970,0.38000
albania,1971,0.38000
albania,1972,0.38000
albania,1973,0.88000
albania,1974,0.88000
albania,1975,0.88000
albania,1976,0.88000
albania,1977,0.88000
albania,1978,0.88000
albania,1979,3.5800
albania,1980,3.5800
albania,1981,3.5800
albania,1982,3.5800
albania,1983,3.5800
albania,1984,3.5800
albania,1985,3.5800
albania,1986,4.0300
albania,1987,4.0300
albania,1988,4.0300
albania,1989,4.0300
albania,1990,4.0300
albania,1991,4.0300
albania,1992,4.0300
albania,1993,4.0300
albania,1994,4.0300
albania,1995,4.0300
albania,1996,4.0300
albania,1997,4.0300
albania,1998,4.0300
albania,1999,4.0300
albania,2000,4.0300
albania,2001,4.0300
albania,2002,4.0300
albania,2003,4.0300
albania,2004,4.0300
albania,2005,4.0300
albania,2006,4.0300
albania,2007,4.0300
albania,2008,4.0300
albania,2009,4.0300
albania,2010,4.0300
albania,2011,4.0300
albania,2012,4.0300
albania,2013,4.0300
albania,2014,4.0300
albania,2015,4.0300
albania,2016,4.0300
albania,2017,4.0300
albania,2018,4.0300
albania,2019,4.0300
albania,2020,4.0300
albania,2021,4.0300
albania,2022,4.0300
algeria,1960,1.0517
algeria,1961,1.0517
algeria,1962,1.0668
algeria,1963,1.2668
algeria,1964,1.2668
algeria,1965,1.4378
algeria,1966,1.4378
algeria,1967,1.4378
algeria,1968,1.7877
algeria,1969,1.7877
algeria,1970,1.8057
algeria,1971,1.8057
algeria,1972,1.8057
algeria,1973,1.8057
algeria,1974,1.8057
algeria,1975,1.8057
algeria,1976,1.8057
algeria,1977,1.8368
algeria,1978,2.0718
algeria,1979,2.0718
algeria,1980,2.0718
algeria,1981,2.0718
algeria,1982,2.0718
algeria,1983,2.3518
algeria,1984,2.7167
algeria,1985,3.2212
algeria,1986,3.3462
algeria,1987,3.7742
algeria,1988,4.3868
algeria,1989,4.3868
algeria,1990,4.3868
algeria,1991,4.3868
algeria,1992,4.5658
algeria,1993,4.5658
algeria,1994,4.5658
algeria,1995,4.7227
algeria,1996,4.7227
algeria,1997,4.7227
algeria,1998,4.7743
algeria,1999,4.9512
algeria,2000,5.0062
algeria,2001,5.4238
algeria,2002,5.4562
algeria,2003,6.6463
algeria,2004,6.9112
algeria,2005,7.2162
algeria,2006,7.8563
algeria,2007,7.8563
algeria,2008,7.8563
algeria,2009,8.0943
algeria,2010,8.1792
algeria,2011,8.3042
algeria,2012,8.3042
algeria,2013,8.3042
algeria,2014,8.3042
algeria,2015,8.3042
algeria,2016,8.3042
algeria,2017,8.6192
algeria,2018,8.6192
algeria,2019,8.6192
algeria,2020,8.6192
algeria,2021,8.6192
algeria,2022,8.6192
angola,1960,0.14190
angola,1961,0.14190
angola,1962,0.14190
angola,1963,0.16190
angola,1964,0.16260
angola,1965,0.16260
angola,1966,0.16260
angola,1967,0.16260
angola,1968,0.17460
angola,1969,0.18560
angola,1970,0.18560
angola,1971,0.18560
angola,1972,0.18560
angola,1973,0.18560
angola,1974,2.7596
angola,1975,4.3216
angola,1976,4.3216
angola,1977,4.3216
angola,1978,4.3216
angola,1979,4.3216
angola,1980,4.3216
angola,1981,4.3216
angola,1982,4.3216
angola,1983,4.3216
angola,1984,4.3216
angola,1985,4.3216
angola,1986,4.3216
angola,1987,4.3216
angola,1988,4.4702
angola,1989,4.4702
angola,1990,4.4702
angola,1991,4.4702
angola,1992,4.4702
angola,1993,4.4702
angola,1994,4.4702
angola,1995,4.4702
angola,1996,4.4702
angola,1997,4.4702
angola,1998,4.4702
angola,1999,4.4702
angola,2000,4.4702
angola,2001,4.4702
angola,2002,4.4702
angola,2003,4.4702
angola,2004,9.4452
angola,2005,9.4452
angola,2006,9.4452
angola,2007,9.4452
angola,2008,9.4452
angola,2009,9.4452
angola,2010,9.4452
angola,2011,9.4452
angola,2012,9.4452
angola,2013,9.4452
angola,2014,9.4452
angola,2015,9.4452
angola,2016,9.4452
angola,2017,9.4452
angola,2018,9.4452
angola,2019,9.4452
angola,2020,9.4452
angola,2021,9.4452
angola,2022,9.4452
antigua_and_barbuda,1965,0.0010000
antigua_and_barbuda,1966,0.00034200
antigua_and_barbuda,1967,0.00034200
antigua_and_barbuda,1968,0.0050210
antigua_and_barbuda,1969,0.0050210
antigua_and_barbuda,1970,0.0050210
antigua_and_barbuda,1971,0.0050210
antigua_and_barbuda,1972,0.0050210
antigua_and_barbuda,1973,0.0050210
antigua_and_barbuda,1974,0.0050210
antigua_and_barbuda,1975,0.0050210
antigua_and_barbuda,1976,0.0050210
antigua_and_barbuda,1977,0.0050210
antigua_and_barbuda,1978,0.0050210
antigua_and_barbuda,1979,0.0050210
antigua_and_barbuda,1980,0.0050210
antigua_and_barbuda,1981,0.0050210
antigua_and_barbuda,1982,0.0050210
antigua_and_barbuda,1983,0.0050210
antigua_and_barbuda,1984,0.0050210
antigua_and_barbuda,1985,0.0050210
antigua_and_barbuda,1986,0.0050210
antigua_and_barbuda,1987,0.0050210
antigua_and_barbuda,1988,0.0050210
antigua_and_barbuda,1989,0.0050210
antigua_and_barbuda,1990,0.0050210
antigua_and_barbuda,1991,0.0050210
antigua_and_barbuda,1992,0.0050210
antigua_and_barbuda,1993,0.0050210
antigua_and_barbuda,1994,0.0050210
antigua_and_barbuda,1995,0.0050210
antigua_and_barbuda,1996,0.0050210
antigua_and_barbuda,1997,0.0050210
antigua_and_barbuda,1998,0.0050210
antigua_and_barbuda,1999,0.0050210
antigua_and_barbuda,2000,0.0050210
antigua_and_barbuda,2001,0.0050210
antigua_and_barbuda,2002,0.0050210
antigua_and_barbuda,2003,0.0050210
antigua_and_barbuda,2004,0.0050210
antigua_and_barbuda,2005,0.0050210
antigua_and_barbuda,2006,0.0050210
antigua_and_barbuda,2007,0.0050210
antigua_and_barbuda,2008,0.0050210
antigua_and_barbuda,2009,0.0050210
antigua_and_barbuda,2010,0.0050210
antigua_and_barbuda,2011,0.0050210
antigua_and_barbuda,2012,0.0050210
antigua_and_barbuda,2013,0.0060000
antigua_and_barbuda,2014,0.0050210
antigua_and_barbuda,2015,0.0050210
antigua_and_barbuda,2016,0.0050210
antigua_and_barbuda,2017,0.0050210
antigua_and_barbuda,2018,0.0050210
antigua_and_barbuda,2019,0.0050210
antigua_and_barbuda,2020,0.0050210
antigua_and_barbuda,2021,0.0050210
antigua_and_barbuda,2022,0.0050210
argentina,1960,2.7841
argentina,1961,2.8494
argentina,1962,2.8601
argentina,1963,4.7151
argentina,1964,4.7241
argentina,1965,4.8848
argentina,1966,5.1858
argentina,1967,6.9258
argentina,1968,6.9615
argentina,1969,6.9807
argentina,1970,6.9807
argentina,1971,6.9807
argentina,1972,7.2707
argentina,1973,45.706
argentina,1974,46.087
argentina,1975,46.096
argentina,1976,52.187
argentina,1977,93.760
argentina,1978,94.164
argentina,1979,97.074
argentina,1980,97.369
argentina,1981,98.282
argentina,1982,98.364
argentina,1983,98.667
argentina,1984,102.25
argentina,1985,102.56
argentina,1986,102.57
argentina,1987,102.57
argentina,1988,102.57
argentina,1989,106.61
argentina,1990,107.80
argentina,1991,107.80
argentina,1992,107.80
argentina,1993,120.20
argentina,1994,130.70
argentina,1995,130.70
argentina,1996,130.70
argentina,1997,130.72
argentina,1998,130.92
argentina,1999,130.92
argentina,2000,131.12
argentina,2001,131.12
argentina,2002,131.54
argentina,2003,131.56
argentina,2004,131.56
argentina,2005,131.56
argentina,2006,131.56
argentina,2007,131.56
argentina,2008,131.56
argentina,2009,131.56
argentina,2010,131.56
argentina,2011,131.60
argentina,2012,131.56
argentina,2013,131.56
argentina,2014,131.56
argentina,2015,131.56
argentina,2016,131.56
argentina,2017,131.56
argentina,2018,131.56
argentina,2019,131.56
argentina,2020,131.56
argentina,2021,131.56
argentina,2022,131.56
armenia,1992,1.3609
armenia,1993,1.3869
armenia,1994,1.3869
armenia,1995,1.3869
armenia,1996,1.3869
armenia,1997,1.3869
armenia,1998,1.3869
armenia,1999,1.3869
armenia,2000,1.3869
armenia,2001,1.3869
armenia,2002,1.3869
armenia,2003,1.3869
armenia,2004,1.3990
armenia,2005,1.3869
armenia,2006,1.3869
armenia,2007,1.3869
armenia,2008,1.3869
armenia,2009,1.3869
armenia,2010,1.3869
armenia,2011,1.3869
armenia,2012,1.3869
armenia,2013,1.3869
armenia,2014,1.3869
armenia,2015,1.3869
armenia,2016,1.3869
armenia,2017,1.3869
armenia,2018,1.3869
armenia,2019,1.3869
armenia,2020,1.3869
armenia,2021,1.3869
armenia,2022,1.3869
australia,1960,16.670
australia,1961,20.237
australia,1962,20.651
australia,1963,20.749
australia,1964,20.792
australia,1965,20.960
australia,1966,21.674
australia,1967,24.081
australia,1968,25.980
australia,1969,26.547
australia,1970,26.583
australia,1971,43.052
australia,1972,44.935
australia,1973,45.234
australia,1974,57.952
australia,1975,58.575
australia,1976,60.522
australia,1977,60.646
australia,1978,60.646
australia,1979,64.858
australia,1980,64.992
australia,1981,65.957
australia,1982,69.686
australia,1983,70.397
australia,1984,71.027
australia,1985,72.881
australia,1986,73.365
australia,1987,76.554
australia,1988,77.051
australia,1989,77.277
australia,1990,77.777
australia,1991,77.786
australia,1992,77.786
australia,1993,77.786
australia,1994,77.786
australia,1995,77.786
australia,1996,77.786
australia,1997,77.786
australia,1998,77.786
australia,1999,77.786
australia,2000,77.786
australia,2001,77.786
australia,2002,77.786
australia,2003,77.786
australia,2004,77.786
australia,2005,77.786
australia,2006,77.786
australia,2007,77.786
australia,2008,77.786
australia,2009,77.786
australia,2010,77.786
australia,2011,77.786
australia,2012,77.786
australia,2013,77.786
australia,2014,77.786
australia,2015,77.786
australia,2016,77.786
australia,2017,77.786
australia,2018,77.786
australia,2019,77.786
australia,2020,77.786
australia,2021,77.786
australia,2022,77.786
austria,1960,0.36650
austria,1961,0.36650
austria,1962,0.44950
austria,1963,0.44950
austria,1964,0.70350
austria,1965,0.70350
austria,1966,0.75700
austria,1967,0.75700
austria,1968,0.80700
austria,1969,1.3210
austria,1970,1.3210
austria,1971,1.4500
austria,1972,1.4500
austria,1973,1.5070
austria,1974,1.5070
austria,1975,1.5400
austria,1976,1.6330
austria,1977,1.8380
austria,1978,1.8380
austria,1979,1.8380
austria,1980,1.8985
austria,1981,1.9345
austria,1982,1.9345
austria,1983,1.9345
austria,1984,2.0215
austria,1985,2.0215
austria,1986,2.1115
austria,1987,2.1115
austria,1988,2.1115
austria,1989,2.1115
austria,1990,2.1277
austria,1991,2.1277
austria,1992,2.1277
austria,1993,2.1277
austria,1994,2.1277
austria,1995,2.1277
austria,1996,2.1277
austria,1997,2.1277
austria,1998,2.1277
austria,1999,2.1277
austria,2000,2.1277
austria,2001,2.1277
austria,2002,2.1277
austria,2003,2.1277
austria,2004,2.1277
austria,2005,2.1277
austria,2006,2.1277
austria,2007,2.1277
austria,2008,2.1277
austria,2009,2.1277
austria,2010,2.1277
austria,2011,2.1277
austria,2012,2.1277
austria,2013,2.1277
austria,2014,2.1277
austria,2015,2.1277
austria,2016,2.1277
austria,2017,2.1277
austria,2018,2.1277
austria,2019,2.1277
austria,2020,2.1277
austria,2021,2.1277
austria,2022,2.1277
azerbaijan,1992,21.384
azerbaijan,1993,21.384
azerbaijan,1994,21.384
azerbaijan,1995,21.384
azerbaijan,1996,21.384
azerbaijan,1997,21.384
azerbaijan,1998,21.384
azerbaijan,1999,21.384
azerbaijan,2000,21.542
azerbaijan,2001,21.542
azerbaijan,2002,21.542
azerbaijan,2003,21.500
azerbaijan,2004,21.542
azerbaijan,2005,21.542
azerbaijan,2006,21.542
azerbaijan,2007,21.542
azerbaijan,2008,21.542
azerbaijan,2009,21.542
azerbaijan,2010,21.542
azerbaijan,2011,21.542
azerbaijan,2012,21.542
azerbaijan,2013,21.542
azerbaijan,2014,21.542
azerbaijan,2015,21.542
azerbaijan,2016,21.542
azerbaijan,2017,21.542
azerbaijan,2018,21.542
azerbaijan,2019,21.542
azerbaijan,2020,21.542
azerbaijan,2021,21.542
azerbaijan,2022,21.542
bahrain,1995,0.0000
bahrain,1996,0.0000
bahrain,1997,0.0000
bahrain,1998,0.0000
bahrain,1999,0.0000
bahrain,2000,0.0000
bahrain,2001,0.0000
bahrain,2002,0.0000
bahrain,2003,0.0000
bahrain,2004,0.0000
bahrain,2005,0.0000
bahrain,2006,0.0000
bahrain,2007,0.0000
bahrain,2008,0.0000
bahrain,2009,0.0000
bahrain,2010,0.0000
bahrain,2011,0.0000
bahrain,2012,0.0000
bahrain,2013,0.0000
bahrain,2014,0.0000
bahrain,2015,0.0000
bahrain,2016,0.0000
bahrain,2017,0.0000
bahrain,2018,0.0000
bahrain,2019,0.0000
bahrain,2020,0.0000
bahrain,2021,0.0000
bahrain,2022,0.0000
bangladesh,1962,6.4770
bangladesh,1963,6.4770
bangladesh,1964,6.4770
bangladesh,1965,6.4770
bangladesh,1966,6.4770
bangladesh,1967,6.4770
bangladesh,1968,6.4770
bangladesh,1969,6.4770
bangladesh,1970,6.4770
bangladesh,1971,6.4770
bangladesh,1972,6.4770
bangladesh,1973,6.4770
bangladesh,1974,6.4770
bangladesh,1975,6.4770
bangladesh,1976,6.4770
bangladesh,1977,6.4770
bangladesh,1978,6.4770
bangladesh,1979,6.4770
bangladesh,1980,6.4770
bangladesh,1981,6.4770
bangladesh,1982,6.4770
bangladesh,1983,6.4770
bangladesh,1984,6.4770
bangladesh,1985,6.4770
bangladesh,1986,6.4770
bangladesh,1987,6.4770
bangladesh,1988,6.4770
bangladesh,1989,6.4770
bangladesh,1990,6.4770
bangladesh,1991,6.4770
bangladesh,1992,6.4770
bangladesh,1993,6.4770
bangladesh,1994,6.4770
bangladesh,1995,6.4770
bangladesh,1996,6.4770
bangladesh,1997,6.4770
bangladesh,1998,6.4770
bangladesh,1999,6.4770
bangladesh,2000,6.4770
bangladesh,2001,6.4770
bangladesh,2002,6.4770
bangladesh,2003,6.4770
bangladesh,2004,6.4770
bangladesh,2005,6.4770
bangladesh,2006,6.4770
bangladesh,2007,6.4770
bangladesh,2008,6.4770
bangladesh,2009,6.4770
bangladesh,2010,6.4770
bangladesh,2011,6.4770
bangladesh,2012,6.4770
bangladesh,2013,6.4770
bangladesh,2014,6.4770
bangladesh,2015,6.4770
bangladesh,2016,6.4770
bangladesh,2017,6.4770
bangladesh,2018,6.4770
bangladesh,2019,6.4770
bangladesh,2020,6.4770
bangladesh,2021,6.4770
bangladesh,2022,6.4770
belarus,1992,1.3356
belarus,1993,1.3356
belarus,1994,1.3356
belarus,1995,1.3356
belarus,1996,1.3356
belarus,1997,1.3356
belarus,1998,1.3356
belarus,1999,1.3356
belarus,2000,1.3356
belarus,2001,1.3356
belarus,2002,1.3356
belarus,2003,1.3356
belarus,2004,1.3356
belarus,2005,1.3356
belarus,2006,1.3356
belarus,2007,1.3356
belarus,2008,1.3356
belarus,2009,3.1000
belarus,2010,3.1000
belarus,2011,3.1000
belarus,2012,3.1000
belarus,2013,3.1000
belarus,2014,3.1000
belarus,2015,3.1000
belarus,2016,3.1000
belarus,2017,3.1000
belarus,2018,3.1000
belarus,2019,3.1000
belarus,2020,3.1000
belarus,2021,3.1000
belarus,2022,3.1000
belgium,1960,0.036000
belgium,1961,0.036000
belgium,1962,0.036000
belgium,1963,0.036000
belgium,1964,0.036000
belgium,1965,0.036000
belgium,1966,0.036000
belgium,1967,0.036000
belgium,1968,0.036000
belgium,1969,0.036000
belgium,1970,0.036000
belgium,1971,0.063000
belgium,1972,0.063000
belgium,1973,0.063000
belgium,1974,0.063000
belgium,1975,0.063000
belgium,1976,0.063000
belgium,1977,0.063000
belgium,1978,0.14430
belgium,1979,0.14430
belgium,1980,0.14430
belgium,1981,0.14430
belgium,1982,0.14430
belgium,1983,0.14430
belgium,1984,0.14430
belgium,1985,0.14430
belgium,1986,0.14430
belgium,1987,0.14430
belgium,1988,0.14430
belgium,1989,0.14430
belgium,1990,0.14430
belgium,1991,0.14430
belgium,1992,0.14430
belgium,1993,0.14430
belgium,1994,0.14430
belgium,1995,0.14430
belgium,1996,0.14430
belgium,1997,0.14430
belgium,1998,0.14430
belgium,1999,0.14430
belgium,2000,0.14430
belgium,2001,0.14430
belgium,2002,0.14430
belgium,2003,0.14430
belgium,2004,0.14430
belgium,2005,0.14430
belgium,2006,0.14430
belgium,2007,0.14430
belgium,2008,0.14430
belgium,2009,0.14430
belgium,2010,0.14430
belgium,2011,0.14430
belgium,2012,0.14430
belgium,2013,0.14430
belgium,2014,0.14430
belgium,2015,0.14430
belgium,2016,0.14430
belgium,2017,0.14430
belgium,2018,0.14430
belgium,2019,0.14430
belgium,2020,0.14430
belgium,2021,0.14430
belgium,2022,0.14430
belize,1960,0.0000
belize,1961,0.0000
belize,1962,0.0000
belize,1963,0.0000
belize,1964,0.0000
belize,1965,0.0000
belize,1966,0.0000
belize,1967,0.0000
belize,1968,0.0000
belize,1969,0.0000
belize,1970,0.0000
belize,1971,0.0000
belize,1972,0.0000
belize,1973,0.0000
belize,1974,0.0000
belize,1975,0.0000
belize,1976,0.0000
belize,1977,0.0000
belize,1978,0.0000
belize,1979,0.0000
belize,1980,0.0000
belize,1981,0.0000
belize,1982,0.0000
belize,1983,0.0000
belize,1984,0.0000
belize,1985,0.0000
belize,1986,0.0000
belize,1987,0.0000
belize,1988,0.0000
belize,1989,0.0000
belize,1990,0.0000
belize,1991,0.0000
belize,1992,0.0000
belize,1993,0.0000
belize,1994,0.0000
belize,1995,0.0017000
belize,1996,0.0017000
belize,1997,0.0017000
belize,1998,0.0017000
belize,1999,0.0017000
belize,2000,0.0017000
belize,2001,0.0017000
belize,2002,0.0017000
belize,2003,0.0017000
belize,2004,0.0017000
belize,2005,0.12170
belize,2006,0.12170
belize,2007,0.12170
belize,2008,0.12170
belize,2009,0.12170
belize,2010,0.12170
belize,2011,0.12170
belize,2012,0.12170
belize,2013,0.12170
belize,2014,0.12170
belize,2015,0.12170
belize,2016,0.12170
belize,2017,0.12170
belize,2018,0.12170
belize,2019,0.12170
belize,2020,0.12170
belize,2021,0.12170
belize,2022,0.12170
benin,1960,0.0000
benin,1961,0.0000
benin,1962,0.0000
benin,1963,0.0000
benin,1964,0.0000
benin,1965,0.0000
benin,1966,0.0000
benin,1967,0.0000
benin,1968,0.0000
benin,1969,0.0000
benin,1970,0.0000
benin,1971,0.0000
benin,1972,0.0000
benin,1973,0.0000
benin,1974,0.0000
benin,1975,0.0000
benin,1976,0.0000
benin,1977,0.0000
benin,1978,0.0000
benin,1979,0.023500
benin,1980,0.023500
benin,1981,0.023500
benin,1982,0.023500
benin,1983,0.023500
benin,1984,0.023500
benin,1985,0.023500
benin,1986,0.023500
benin,1987,0.023500
benin,1988,0.023500
benin,1989,0.023500
benin,1990,0.023500
benin,1991,0.023500
benin,1992,0.023500
benin,1993,0.023500
benin,1994,0.023500
benin,1995,0.023500
benin,1996,0.023500
benin,1997,0.023500
benin,1998,0.023500
benin,1999,0.023500
benin,2000,0.023500
benin,2001,0.023500
benin,2002,0.023500
benin,2003,0.023500
benin,2004,0.023500
benin,2005,0.023500
benin,2006,0.023500
benin,2007,0.023500
benin,2008,0.023500
benin,2009,0.023500
benin,2010,0.023500
benin,2011,0.023500
benin,2012,0.023500
benin,2013,0.023500
benin,2014,0.023500
benin,2015,0.023500
benin,2016,0.023500
benin,2017,0.023500
benin,2018,0.023500
benin,2019,0.023500
benin,2020,0.023500
benin,2021,0.023500
benin,2022,0.023500
bhutan,1960,0.0000
bhutan,1961,0.0000
bhutan,1962,0.0000
bhutan,1963,0.0000
bhutan,1964,0.0000
bhutan,1965,0.0000
bhutan,1966,0.0000
bhutan,1967,0.0000
bhutan,1968,0.0000
bhutan,1969,0.0000
bhutan,1970,0.0000
bhutan,1971,0.0000
bhutan,1972,0.0000
bhutan,1973,0.0000
bhutan,1974,0.0000
bhutan,1975,0.0000
bhutan,1976,0.0000
bhutan,1977,0.0000
bhutan,1978,0.0000
bhutan,1979,0.0000
bhutan,1980,0.0000
bhutan,1981,0.0000
bhutan,1982,0.0000
bhutan,1983,0.0000
bhutan,1984,0.0000
bhutan,1985,0.0000
bhutan,1986,0.0000
bhutan,1987,0.0000
bhutan,1988,0.0000
bhutan,1989,0.0000
bhutan,1990,0.0000
bhutan,1991,0.0000
bhutan,1992,0.0000
bhutan,1993,0.0000
bhutan,1994,0.0000
bhutan,1995,0.0000
bhutan,1996,0.0000
bhutan,1997,0.0000
bhutan,1998,0.0000
bhutan,1999,0.0000
bhutan,2000,0.0000
bhutan,2001,0.0000
bhutan,2002,0.0000
bhutan,2003,0.0000
bhutan,2004,0.0000
bhutan,2005,0.0000
bhutan,2006,0.0000
bhutan,2007,0.0000
bhutan,2008,0.0000
bhutan,2009,0.0000
bhutan,2010,0.0000
bhutan,2011,0.0000
bhutan,2012,0.0000
bhutan,2013,0.0000
bhutan,2014,0.0000
bhutan,2015,0.0000
bhutan,2016,0.0000
bhutan,2017,0.0000
bhutan,2018,0.0000
bhutan,2019,0.0000
bhutan,2020,0.0000
bhutan,2021,0.0000
bhutan,2022,0.0000
bolivia_plurinational_state_of,1960,0.27853
bolivia_plurinational_state_of,1961,0.27853
bolivia_plurinational_state_of,1962,0.27957
bolivia_plurinational_state_of,1963,0.27957
bolivia_plurinational_state_of,1964,0.27957
bolivia_plurinational_state_of,1965,0.27957
bolivia_plurinational_state_of,1966,0.27957
bolivia_plurinational_state_of,1967,0.27957
bolivia_plurinational_state_of,1968,0.27957
bolivia_plurinational_state_of,1969,0.27967
bolivia_plurinational_state_of,1970,0.28083
bolivia_plurinational_state_of,1971,0.28083
bolivia_plurinational_state_of,1972,0.28083
bolivia_plurinational_state_of,1973,0.28083
bolivia_plurinational_state_of,1974,0.28083
bolivia_plurinational_state_of,1975,0.28083
bolivia_plurinational_state_of,1976,0.28083
bolivia_plurinational_state_of,1977,0.28973
bolivia_plurinational_state_of,1978,0.28973
bolivia_plurinational_state_of,1979,0.28973
bolivia_plurinational_state_of,1980,0.29368
bolivia_plurinational_state_of,1981,0.29440
bolivia_plurinational_state_of,1982,0.29440
bolivia_plurinational_state_of,1983,0.29440
bolivia_plurinational_state_of,1984,0.29440
bolivia_plurinational_state_of,1985,0.29477
bolivia_plurinational_state_of,1986,0.35689
bolivia_plurinational_state_of,1987,0.35769
bolivia_plurinational_state_of,1988,0.52569
bolivia_plurinational_state_of,1989,0.52647
bolivia_plurinational_state_of,1990,0.52943
bolivia_plurinational_state_of,1991,0.52966
bolivia_plurinational_state_of,1992,0.52990
bolivia_plurinational_state_of,1993,0.53073
bolivia_plurinational_state_of,1994,0.55791
bolivia_plurinational_state_of,1995,0.55801
bolivia_plurinational_state_of,1996,0.55831
bolivia_plurinational_state_of,1997,0.55843
bolivia_plurinational_state_of,1998,0.55843
bolivia_plurinational_state_of,1999,0.55904
bolivia_plurinational_state_of,2000,0.55972
bolivia_plurinational_state_of,2001,0.56112
bolivia_plurinational_state_of,2002,0.56116
bolivia_plurinational_state_of,2003,0.56799
bolivia_plurinational_state_of,2004,0.57410
bolivia_plurinational_state_of,2005,0.57491
bolivia_plurinational_state_of,2006,0.58051
bolivia_plurinational_state_of,2007,0.58241
bolivia_plurinational_state_of,2008,0.58573
bolivia_plurinational_state_of,2009,0.58689
bolivia_plurinational_state_of,2010,0.59061
bolivia_plurinational_state_of,2011,0.59061
bolivia_plurinational_state_of,2012,0.59061
bolivia_plurinational_state_of,2013,0.59507
bolivia_plurinational_state_of,2014,0.59507
bolivia_plurinational_state_of,2015,0.59507
bolivia_plurinational_state_of,2016,0.59507
bolivia_plurinational_state_of,2017,0.59507
bolivia_plurinational_state_of,2018,0.59507
bolivia_plurinational_state_of,2019,0.59507
bolivia_plurinational_state_of,2020,0.59507
bolivia_plurinational_state_of,2021,0.59507
bolivia_plurinational_state_of,2022,0.59507
bosnia_and_herzegovina,1992,2.9124
bosnia_and_herzegovina,1993,2.9124
bosnia_and_herzegovina,1994,2.9124
bosnia_and_herzegovina,1995,2.9124
bosnia_and_herzegovina,1996,2.9124
bosnia_and_herzegovina,1997,2.9124
bosnia_and_herzegovina,1998,2.9124
bosnia_and_herzegovina,1999,2.9124
bosnia_and_herzegovina,2000,2.9124
bosnia_and_herzegovina,2001,2.9124
bosnia_and_herzegovina,2002,2.9124
bosnia_and_herzegovina,2003,2.9124
bosnia_and_herzegovina,2004,2.9124
bosnia_and_herzegovina,2005,2.9124
bosnia_and_herzegovina,2006,2.9124
bosnia_and_herzegovina,2007,2.9124
bosnia_and_herzegovina,2008,2.9124
bosnia_and_herzegovina,2009,2.9120
bosnia_and_herzegovina,2010,2.9124
bosnia_and_herzegovina,2011,2.9124
bosnia_and_herzegovina,2012,2.9124
bosnia_and_herzegovina,2013,2.9124
bosnia_and_herzegovina,2014,2.9124
bosnia_and_herzegovina,2015,2.9124
bosnia_and_herzegovina,2016,2.9124
bosnia_and_herzegovina,2017,2.9124
bosnia_and_herzegovina,2018,2.9124
bosnia_and_herzegovina,2019,2.9124
bosnia_and_herzegovina,2020,2.9124
bosnia_and_herzegovina,2021,2.9124
bosnia_and_herzegovina,2022,2.9124
botswana,1960,0.21750
botswana,1961,0.21750
botswana,1962,0.21750
botswana,1963,0.21750
botswana,1964,0.21980
botswana,1965,0.21980
botswana,1966,0.21980
botswana,1967,0.21980
botswana,1968,0.21980
botswana,1969,0.21980
botswana,1970,0.21980
botswana,1971,0.21980
botswana,1972,0.30480
botswana,1973,0.30480
botswana,1974,0.30480
botswana,1975,0.30480
botswana,1976,0.30480
botswana,1977,0.30480
botswana,1978,0.30480
botswana,1979,0.30480
botswana,1980,0.30480
botswana,1981,0.30480
botswana,1982,0.30480
botswana,1983,0.30480
botswana,1984,0.30480
botswana,1985,0.44880
botswana,1986,0.44880
botswana,1987,0.44880
botswana,1988,0.44880
botswana,1989,0.44880
botswana,1990,0.45271
botswana,1991,0.45271
botswana,1992,0.45271
botswana,1993,0.45371
botswana,1994,0.45371
botswana,1995,0.45371
botswana,1996,0.45371
botswana,1997,0.45371
botswana,1998,0.45371
botswana,1999,0.45371
botswana,2000,0.55371
botswana,2001,0.55371
botswana,2002,0.55371
botswana,2003,0.55371
botswana,2004,0.57971
botswana,2005,0.57971
botswana,2006,0.57971
botswana,2007,0.57971
botswana,2008,0.57971
botswana,2009,0.57971
botswana,2010,0.57971
botswana,2011,0.97971
botswana,2012,1.1097
botswana,2013,1.1097
botswana,2014,1.1097
botswana,2015,1.1097
botswana,2016,1.1097
botswana,2017,1.1097
botswana,2018,1.1097
botswana,2019,1.1097
botswana,2020,1.1097
botswana,2021,1.1097
botswana,2022,1.1097
brazil,1960,403.47
brazil,1961,403.47
brazil,1962,403.47
brazil,1963,426.42
brazil,1964,426.42
brazil,1965,426.42
brazil,1966,426.42
brazil,1967,426.42
brazil,1968,426.42
brazil,1969,426.42
brazil,1970,426.42
brazil,1971,426.42
brazil,1972,426.42
brazil,1973,447.46
brazil,1974,447.46
brazil,1975,447.46
brazil,1976,447.46
brazil,1977,458.53
brazil,1978,458.53
brazil,1979,482.10
brazil,1980,482.10
brazil,1981,499.13
brazil,1982,499.13
brazil,1983,516.85
brazil,1984,581.63
brazil,1985,581.63
brazil,1986,581.63
brazil,1987,581.63
brazil,1988,581.63
brazil,1989,601.59
brazil,1990,601.59
brazil,1991,601.59
brazil,1992,601.59
brazil,1993,601.59
brazil,1994,601.59
brazil,1995,601.59
brazil,1996,601.59
brazil,1997,601.59
brazil,1998,655.99
brazil,1999,689.68
brazil,2000,689.68
brazil,2001,694.87
brazil,2002,697.17
brazil,2003,697.20
brazil,2004,697.20
brazil,2005,697.20
brazil,2006,699.94
brazil,2007,699.94
brazil,2008,699.94
brazil,2009,700.44
brazil,2010,700.44
brazil,2011,700.44
brazil,2012,700.44
brazil,2013,700.44
brazil,2014,700.44
brazil,2015,700.44
brazil,2016,700.44
brazil,2017,700.44
brazil,2018,700.44
brazil,2019,700.44
brazil,2020,700.44
brazil,2021,700.44
brazil,2022,700.44
brunei_darussalam,1960,0.045013
brunei_darussalam,1961,0.045013
brunei_darussalam,1962,0.045013
brunei_darussalam,1963,0.045013
brunei_darussalam,1964,0.045013
brunei_darussalam,1965,0.045013
brunei_darussalam,1966,0.045013
brunei_darussalam,1967,0.045013
brunei_darussalam,1968,0.045013
brunei_darussalam,1969,0.045013
brunei_darussalam,1970,0.045013
brunei_darussalam,1971,0.045013
brunei_darussalam,1972,0.045013
brunei_darussalam,1973,0.045013
brunei_darussalam,1974,0.045013
brunei_darussalam,1975,0.045013
brunei_darussalam,1976,0.045013
brunei_darussalam,1977,0.045013
brunei_darussalam,1978,0.045013
brunei_darussalam,1979,0.045013
brunei_darussalam,1980,0.045013
brunei_darussalam,1981,0.045013
brunei_darussalam,1982,0.045013
brunei_darussalam,1983,0.045013
brunei_darussalam,1984,0.045013
brunei_darussalam,1985,0.045013
brunei_darussalam,1986,0.045013
brunei_darussalam,1987,0.045013
brunei_darussalam,1988,0.045013
brunei_darussalam,1989,0.045013
brunei_darussalam,1990,0.045013
brunei_darussalam,1991,0.045013
brunei_darussalam,1992,0.045013
brunei_darussalam,1993,0.045013
brunei_darussalam,1994,0.045013
brunei_darussalam,1995,0.045013
brunei_darussalam,1996,0.045013
brunei_darussalam,1997,0.045013
brunei_darussalam,1998,0.045013
brunei_darussalam,1999,0.045013
brunei_darussalam,2000,0.045013
brunei_darussalam,2001,0.045013
brunei_darussalam,2002,0.045013
brunei_darussalam,2003,0.045013
brunei_darussalam,2004,0.045013
brunei_darussalam,2005,0.045013
brunei_darussalam,2006,0.045013
brunei_darussalam,2007,0.045013
brunei_darussalam,2008,0.045013
brunei_darussalam,2009,0.045013
brunei_darussalam,2010,0.045013
brunei_darussalam,2011,0.045013
brunei_darussalam,2012,0.045013
brunei_darussalam,2013,0.045013
brunei_darussalam,2014,0.045013
brunei_darussalam,2015,0.045013
brunei_darussalam,2016,0.045013
brunei_darussalam,2017,0.045013
brunei_darussalam,2018,0.045013
brunei_darussalam,2019,0.045013
brunei_darussalam,2020,0.045013
brunei_darussalam,2021,0.045013
brunei_darussalam,2022,0.045013
bulgaria,1960,1.8408
bulgaria,1961,1.8998
bulgaria,1962,1.9126
bulgaria,1963,2.1346
bulgaria,1964,2.3226
bulgaria,1965,2.3226
bulgaria,1966,2.5323
bulgaria,1967,2.6083
bulgaria,1968,2.6083
bulgaria,1969,3.0875
bulgaria,1970,3.4875
bulgaria,1971,3.5050
bulgaria,1972,3.5618
bulgaria,1973,3.8736
bulgaria,1974,4.5282
bulgaria,1975,4.8216
bulgaria,1976,5.3650
bulgaria,1977,5.3650
bulgaria,1978,5.3650
bulgaria,1979,5.6010
bulgaria,1980,5.6010
bulgaria,1981,5.6010
bulgaria,1982,5.9424
bulgaria,1983,5.9424
bulgaria,1984,5.9424
bulgaria,1985,5.9674
bulgaria,1986,6.4734
bulgaria,1987,6.4734
bulgaria,1988,6.4824
bulgaria,1989,6.4824
bulgaria,1990,6.4824
bulgaria,1991,6.4824
bulgaria,1992,6.4824
bulgaria,1993,6.4824
bulgaria,1994,6.5184
bulgaria,1995,6.5184
bulgaria,1996,6.5184
bulgaria,1997,6.5184
bulgaria,1998,6.5184
bulgaria,1999,6.5184
bulgaria,2000,6.5184
bulgaria,2001,6.5184
bulgaria,2002,6.5184
bulgaria,2003,6.5184
bulgaria,2004,6.5184
bulgaria,2005,6.5184
bulgaria,2006,6.5184
bulgaria,2007,6.5184
bulgaria,2008,6.5184
bulgaria,2009,6.5184
bulgaria,2010,6.5184
bulgaria,2011,6.5184
bulgaria,2012,6.5184
bulgaria,2013,6.5184
bulgaria,2014,6.5184
bulgaria,2015,6.5184
bulgaria,2016,6.5184
bulgaria,2017,6.5184
bulgaria,2018,6.5184
bulgaria,2019,6.5184
bulgaria,2020,6.5184
bulgaria,2021,6.5184
bulgaria,2022,6.5184
burkina_faso,1960,0.14051
burkina_faso,1961,0.15061
burkina_faso,1962,0.16059
burkina_faso,1963,0.16816
burkina_faso,1964,0.17775
burkina_faso,1965,0.19760
burkina_faso,1966,0.20444
burkina_faso,1967,0.22433
burkina_faso,1968,0.22433
burkina_faso,1969,0.22551
burkina_faso,1970,0.22790
burkina_faso,1971,0.23050
burkina_faso,1972,0.23050
burkina_faso,1973,0.23050
burkina_faso,1974,0.23760
burkina_faso,1975,0.24008
burkina_faso,1976,0.84144
burkina_faso,1977,0.85819
burkina_faso,1978,0.86997
burkina_faso,1979,0.88359
burkina_faso,1980,0.89887
burkina_faso,1981,0.89987
burkina_faso,1982,0.91492
burkina_faso,1983,0.92267
burkina_faso,1984,2.9877
burkina_faso,1985,2.9931
burkina_faso,1986,3.0036
burkina_faso,1987,3.0755
burkina_faso,1988,3.0787
burkina_faso,1989,3.0920
burkina_faso,1990,3.0920
burkina_faso,1991,3.1400
burkina_faso,1992,4.8422
burkina_faso,1993,4.8516
burkina_faso,1994,4.9585
burkina_faso,1995,4.9682
burkina_faso,1996,4.9745
burkina_faso,1997,4.9820
burkina_faso,1998,4.9834
burkina_faso,1999,4.9846
burkina_faso,2000,5.1980
burkina_faso,2001,5.1980
burkina_faso,2002,5.1980
burkina_faso,2003,5.2024
burkina_faso,2004,5.2092
burkina_faso,2005,5.2250
burkina_faso,2006,5.3271
burkina_faso,2007,5.3296
burkina_faso,2008,5.3376
burkina_faso,2009,5.3376
burkina_faso,2010,5.3376
burkina_faso,2011,5.3376
burkina_faso,2012,5.3376
burkina_faso,2013,5.3376
burkina_faso,2014,5.3376
burkina_faso,2015,5.3376
burkina_faso,2016,5.3376
burkina_faso,2017,5.3376
burkina_faso,2018,5.3376
burkina_faso,2019,5.3376
burkina_faso,2020,5.3376
burkina_faso,2021,5.3376
burkina_faso,2022,5.3376
cabo_verde,1985,0.0000
cabo_verde,1986,0.0000
cabo_verde,1987,0.0000
cabo_verde,1988,0.0000
cabo_verde,1989,0.0000
cabo_verde,1990,0.0000
cabo_verde,1991,0.0000
cabo_verde,1992,0.0000
cabo_verde,1993,0.0000
cabo_verde,1994,0.0000
cabo_verde,1995,0.0000
cabo_verde,1996,0.0000
cabo_verde,1997,0.0000
cabo_verde,1998,0.0000
cabo_verde,1999,0.0000
cabo_verde,2000,0.0000
cabo_verde,2001,0.0000
cabo_verde,2002,0.0000
cabo_verde,2003,0.0000
cabo_verde,2004,0.0000
cabo_verde,2005,0.0000
cabo_verde,2006,0.0000
cabo_verde,2007,0.0000
cabo_verde,2008,0.0000
cabo_verde,2009,0.0000
cabo_verde,2010,0.0000
cabo_verde,2011,0.0000
cabo_verde,2012,0.0000
cabo_verde,2013,0.0000
cabo_verde,2014,0.0000
cabo_verde,2015,0.0000
cabo_verde,2016,0.0000
cabo_verde,2017,0.0000
cabo_verde,2018,0.0000
cabo_verde,2019,0.0000
cabo_verde,2020,0.0000
cabo_verde,2021,0.0000
cabo_verde,2022,0.0000
cambodia,1968,0.0000
cambodia,1969,0.0000
cambodia,1970,0.0000
cambodia,1971,0.0000
cambodia,1972,0.0000
cambodia,1973,0.0000
cambodia,1974,0.0000
cambodia,1975,0.0000
cambodia,1976,0.0000
cambodia,1977,0.0000
cambodia,1978,0.0000
cambodia,1979,0.0000
cambodia,1980,0.0000
cambodia,1981,0.0000
cambodia,1982,0.0000
cambodia,1983,0.0000
cambodia,1984,0.0000
cambodia,1985,0.0000
cambodia,1986,0.0000
cambodia,1987,0.0000
cambodia,1988,0.0000
cambodia,1989,0.0000
cambodia,1990,0.0000
cambodia,1991,0.0000
cambodia,1992,0.0010000
cambodia,1993,0.0010000
cambodia,1994,0.0010000
cambodia,1995,0.0010000
cambodia,1996,0.0010000
cambodia,1997,0.0010000
cambodia,1998,0.0010000
cambodia,1999,0.0010000
cambodia,2000,0.0010000
cambodia,2001,0.0010000
cambodia,2002,0.0010000
cambodia,2003,0.0010000
cambodia,2004,0.0010000
cambodia,2005,0.0010000
cambodia,2006,0.0010000
cambodia,2007,0.0010000
cambodia,2008,0.0010000
cambodia,2009,0.0010000
cambodia,2010,0.0010000
cambodia,2011,0.0010000
cambodia,2012,0.0010000
cambodia,2013,0.0010000
cambodia,2014,0.0010000
cambodia,2015,0.0010000
cambodia,2016,0.0010000
cambodia,2017,0.0010000
cambodia,2018,0.0010000
cambodia,2019,0.0010000
cambodia,2020,0.0010000
cambodia,2021,0.0010000
cambodia,2022,0.0010000
cameroon,1960,0.0065730
cameroon,1961,0.0065730
cameroon,1962,0.0065730
cameroon,1963,0.0065730
cameroon,1964,0.0065730
cameroon,1965,0.0065730
cameroon,1966,0.0065730
cameroon,1967,0.0065730
cameroon,1968,0.0065730
cameroon,1969,0.0065730
cameroon,1970,0.011573
cameroon,1971,2.6116
cameroon,1972,2.6116
cameroon,1973,2.6116
cameroon,1974,4.4906
cameroon,1975,4.4906
cameroon,1976,4.4906
cameroon,1977,4.4906
cameroon,1978,4.4906
cameroon,1979,4.4956
cameroon,1980,4.5056
cameroon,1981,4.5056
cameroon,1982,4.5056
cameroon,1983,12.306
cameroon,1984,12.311
cameroon,1985,12.311
cameroon,1986,12.311
cameroon,1987,12.311
cameroon,1988,15.611
cameroon,1989,15.611
cameroon,1990,15.611
cameroon,1991,15.611
cameroon,1992,15.611
cameroon,1993,15.611
cameroon,1994,15.611
cameroon,1995,15.611
cameroon,1996,15.611
cameroon,1997,15.611
cameroon,1998,15.611
cameroon,1999,15.611
cameroon,2000,15.611
cameroon,2001,15.611
cameroon,2002,15.611
cameroon,2003,15.611
cameroon,2004,15.611
cameroon,2005,15.611
cameroon,2006,15.611
cameroon,2007,15.611
cameroon,2008,15.611
cameroon,2009,15.611
cameroon,2010,15.611
cameroon,2011,15.611
cameroon,2012,15.611
cameroon,2013,15.611
cameroon,2014,15.611
cameroon,2015,15.611
cameroon,2016,15.611
cameroon,2017,15.611
cameroon,2018,15.611
cameroon,2019,15.611
cameroon,2020,15.611
cameroon,2021,15.611
cameroon,2022,15.611
canada,1960,207.43
canada,1961,207.54
canada,1962,210.23
canada,1963,210.98
canada,1964,211.00
canada,1965,224.93
canada,1966,230.76
canada,1967,311.88
canada,1968,476.50
canada,1969,501.37
canada,1970,511.34
canada,1971,544.63
canada,1972,571.40
canada,1973,571.40
canada,1974,571.41
canada,1975,613.78
canada,1976,619.00
canada,1977,681.17
canada,1978,682.57
canada,1979,682.57
canada,1980,691.56
canada,1981,824.90
canada,1982,827.39
canada,1983,832.79
canada,1984,833.84
canada,1985,833.95
canada,1986,833.99
canada,1987,833.99
canada,1988,834.49
canada,1989,834.86
canada,1990,835.00
canada,1991,836.13
canada,1992,836.13
canada,1993,836.13
canada,1994,840.03
canada,1995,840.03
canada,1996,840.20
canada,1997,840.20
canada,1998,840.45
canada,1999,840.46
canada,2000,840.52
canada,2001,840.54
canada,2002,840.81
canada,2003,840.81
canada,2004,840.81
canada,2005,840.81
canada,2006,840.81
canada,2007,840.81
canada,2008,841.51
canada,2009,841.51
canada,2010,841.51
canada,2011,841.51
canada,2012,841.51
canada,2013,841.51
canada,2014,841.51
canada,2015,841.51
canada,2016,841.51
canada,2017,841.51
canada,2018,841.51
canada,2019,841.51
canada,2020,841.51
canada,2021,841.51
canada,2022,841.51
chile,1960,7.6780
chile,1961,7.6780
chile,1962,7.6780
chile,1963,7.6780
chile,1964,7.6800
chile,1965,7.6800
chile,1966,7.6800
chile,1967,7.9355
chile,1968,8.8505
chile,1969,8.8505
chile,1970,8.8505
chile,1971,8.8505
chile,1972,8.8793
chile,1973,8.8793
chile,1974,9.6343
chile,1975,9.6563
chile,1976,9.6650
chile,1977,9.6650
chile,1978,9.6650
chile,1979,9.6650
chile,1980,9.6650
chile,1981,9.6650
chile,1982,9.6650
chile,1983,9.6650
chile,1984,9.6650
chile,1985,11.270
chile,1986,11.270
chile,1987,11.305
chile,1988,11.305
chile,1989,11.305
chile,1990,11.305
chile,1991,11.305
chile,1992,11.305
chile,1993,11.305
chile,1994,11.542
chile,1995,11.708
chile,1996,11.791
chile,1997,11.791
chile,1998,11.791
chile,1999,11.791
chile,2000,12.042
chile,2001,12.042
chile,2002,12.042
chile,2003,12.042
chile,2004,13.216
chile,2005,13.216
chile,2006,13.216
chile,2007,13.216
chile,2008,13.216
chile,2009,13.216
chile,2010,13.216
chile,2011,13.216
chile,2012,13.216
chile,2013,14.440
chile,2014,13.216
chile,2015,13.216
chile,2016,13.216
chile,2017,13.216
chile,2018,13.216
chile,2019,13.216
chile,2020,13.216
chile,2021,13.216
chile,2022,13.216
china,1960,146.06
china,1961,150.19
china,1962,156.06
china,1963,156.82
china,1964,168.25
china,1965,172.27
china,1966,179.66
china,1967,181.78
china,1968,186.40
china,1969,191.22
china,1970,204.20
china,1971,208.46
china,1972,224.43
china,1973,249.78
china,1974,258.57
china,1975,262.02
china,1976,266.75
china,1977,268.38
china,1978,270.85
china,1979,278.12
china,1980,279.20
china,1981,280.50
china,1982,282.72
china,1983,285.30
china,1984,285.73
china,1985,288.11
china,1986,295.45
china,1987,296.95
china,1988,300.50
china,1989,326.59
china,1990,329.41
china,1991,329.44
china,1992,343.11
china,1993,347.01
china,1994,347.85
china,1995,479.70
china,1996,486.91
china,1997,489.09
china,1998,490.45
china,1999,499.72
china,2000,523.48
china,2001,525.15
china,2002,525.35
china,2003,525.35
china,2004,526.33
china,2005,562.40
china,2006,602.88
china,2007,602.88
china,2008,608.69
china,2009,637.07
china,2010,637.07
china,2011,651.63
china,2012,674.54
china,2013,829.80
china,2014,829.80
china,2015,829.80
china,2016,830.46
china,2017,830.46
china,2018,830.46
china,2019,830.46
china,2020,830.46
china,2021,830.46
china,2022,830.46
colombia,1960,1.5556
colombia,1961,1.5556
colombia,1962,1.5860
colombia,1963,1.5860
colombia,1964,3.0026
colombia,1965,3.1096
colombia,1966,3.6349
colombia,1967,3.6349
colombia,1968,3.6349
colombia,1969,3.6349
colombia,1970,3.6349
colombia,1971,3.6349
colombia,1972,4.7603
colombia,1973,4.8202
colombia,1974,4.8202
colombia,1975,4.8202
colombia,1976,4.8202
colombia,1977,5.4751
colombia,1978,5.4751
colombia,1979,6.5690
colombia,1980,6.5690
colombia,1981,6.5690
colombia,1982,6.5690
colombia,1983,6.5690
colombia,1984,6.6307
colombia,1985,7.4925
colombia,1986,7.4925
colombia,1987,7.5723
colombia,1988,7.7646
colombia,1989,7.7646
colombia,1990,8.0009
colombia,1991,8.0009
colombia,1992,8.8302
colombia,1993,8.8302
colombia,1994,8.8302
colombia,1995,8.8302
colombia,1996,8.8302
colombia,1997,8.8302
colombia,1998,8.8302
colombia,1999,8.8302
colombia,2000,10.694
colombia,2001,10.920
colombia,2002,11.112
colombia,2003,11.112
colombia,2004,11.112
colombia,2005,11.112
colombia,2006,11.112
colombia,2007,11.112
colombia,2008,11.112
colombia,2009,11.112
colombia,2010,11.280
colombia,2011,11.282
colombia,2012,11.282
colombia,2013,11.282
colombia,2014,11.282
colombia,2015,11.282
colombia,2016,11.282
colombia,2017,11.282
colombia,2018,11.282
colombia,2019,11.282
colombia,2020,11.282
colombia,2021,11.282
colombia,2022,11.282
congo,1960,0.0085000
congo,1961,0.0085000
congo,1962,0.0085000
congo,1963,0.0085000
congo,1964,0.0085000
congo,1965,0.0085000
congo,1966,0.0085000
congo,1967,0.0085000
congo,1968,0.0085000
congo,1969,0.0085000
congo,1970,0.0085000
congo,1971,0.0085000
congo,1972,0.0085000
congo,1973,0.0085000
congo,1974,0.0090000
congo,1975,0.0090000
congo,1976,0.0090000
congo,1977,0.0090000
congo,1978,0.0090000
congo,1979,0.0090000
congo,1980,0.0090000
congo,1981,0.0090000
congo,1982,0.0090000
congo,1983,0.0090000
congo,1984,0.0090000
congo,1985,0.0090000
congo,1986,0.0090000
congo,1987,0.0090000
congo,1988,0.0090000
congo,1989,0.0090000
congo,1990,0.0090000
congo,1991,0.0090000
congo,1992,0.0090000
congo,1993,0.0090000
congo,1994,0.0090000
congo,1995,0.0090000
congo,1996,0.0090000
congo,1997,0.0090000
congo,1998,0.0090000
congo,1999,0.0090000
congo,2000,0.0090000
congo,2001,0.0090000
congo,2002,0.0090000
congo,2003,0.0090000
congo,2004,0.0090000
congo,2005,0.0090000
congo,2006,0.0090000
congo,2007,0.0090000
congo,2008,0.0090000
congo,2009,0.0090000
congo,2010,0.0090000
congo,2011,0.0090000
congo,2012,0.0090000
congo,2013,0.0090000
congo,2014,0.0090000
congo,2015,0.0090000
congo,2016,0.0090000
congo,2017,0.0090000
congo,2018,0.0090000
congo,2019,0.0090000
congo,2020,0.0090000
congo,2021,0.0090000
congo,2022,0.0090000
costa_rica,1960,0.00050000
costa_rica,1961,0.00050000
costa_rica,1962,0.00050000
costa_rica,1963,0.00090000
costa_rica,1964,0.00090000
costa_rica,1965,0.00090000
costa_rica,1966,0.036900
costa_rica,1967,0.036900
costa_rica,1968,0.036900
costa_rica,1969,0.036900
costa_rica,1970,0.036900
costa_rica,1971,0.036900
costa_rica,1972,0.036900
costa_rica,1973,0.036900
costa_rica,1974,0.036900
costa_rica,1975,0.036900
costa_rica,1976,0.036900
costa_rica,1977,0.036900
costa_rica,1978,0.036900
costa_rica,1979,1.9479
costa_rica,1980,1.9479
costa_rica,1981,1.9479
costa_rica,1982,1.9480
costa_rica,1983,1.9480
costa_rica,1984,1.9480
costa_rica,1985,1.9480
costa_rica,1986,1.9480
costa_rica,1987,1.9486
costa_rica,1988,1.9486
costa_rica,1989,1.9486
costa_rica,1990,1.9486
costa_rica,1991,1.9486
costa_rica,1992,1.9534
costa_rica,1993,1.9534
costa_rica,1994,1.9534
costa_rica,1995,1.9534
costa_rica,1996,1.9537
costa_rica,1997,1.9537
costa_rica,1998,1.9537
costa_rica,1999,1.9537
costa_rica,2000,1.9647
costa_rica,2001,1.9647
costa_rica,2002,1.9667
costa_rica,2003,1.9667
costa_rica,2004,1.9667
costa_rica,2005,1.9667
costa_rica,2006,1.9667
costa_rica,2007,1.9667
costa_rica,2008,1.9667
costa_rica,2009,1.9667
costa_rica,2010,1.9667
costa_rica,2011,1.9970
costa_rica,2012,1.9967
costa_rica,2013,1.9967
costa_rica,2014,1.9967
costa_rica,2015,1.9967
costa_rica,2016,1.9967
costa_rica,2017,1.9967
costa_rica,2018,1.9967
costa_rica,2019,1.9967
costa_rica,2020,1.9967
costa_rica,2021,1.9967
costa_rica,2022,1.9967
cote_d_ivoire,1960,0.92530
cote_d_ivoire,1961,0.92530
cote_d_ivoire,1962,0.92530
cote_d_ivoire,1963,0.92530
cote_d_ivoire,1964,0.99710
cote_d_ivoire,1965,0.99710
cote_d_ivoire,1966,0.99710
cote_d_ivoire,1967,0.99710
cote_d_ivoire,1968,0.99710
cote_d_ivoire,1969,0.99710
cote_d_ivoire,1970,0.99710
cote_d_ivoire,1971,0.99710
cote_d_ivoire,1972,28.672
cote_d_ivoire,1973,28.679
cote_d_ivoire,1974,28.701
cote_d_ivoire,1975,28.729
cote_d_ivoire,1976,28.801
cote_d_ivoire,1977,28.801
cote_d_ivoire,1978,28.801
cote_d_ivoire,1979,28.905
cote_d_ivoire,1980,37.230
cote_d_ivoire,1981,37.230
cote_d_ivoire,1982,37.244
cote_d_ivoire,1983,37.244
cote_d_ivoire,1984,37.244
cote_d_ivoire,1985,37.244
cote_d_ivoire,1986,37.244
cote_d_ivoire,1987,37.244
cote_d_ivoire,1988,37.244
cote_d_ivoire,1989,37.244
cote_d_ivoire,1990,37.244
cote_d_ivoire,1991,37.244
cote_d_ivoire,1992,37.244
cote_d_ivoire,1993,37.244
cote_d_ivoire,1994,37.244
cote_d_ivoire,1995,37.244
cote_d_ivoire,1996,37.244
cote_d_ivoire,1997,37.244
cote_d_ivoire,1998,37.244
cote_d_ivoire,1999,37.244
cote_d_ivoire,2000,37.244
cote_d_ivoire,2001,37.244
cote_d_ivoire,2002,37.244
cote_d_ivoire,2003,37.244
cote_d_ivoire,2004,37.244
cote_d_ivoire,2005,37.244
cote_d_ivoire,2006,37.244
cote_d_ivoire,2007,37.244
cote_d_ivoire,2008,37.244
cote_d_ivoire,2009,37.244
cote_d_ivoire,2010,37.244
cote_d_ivoire,2011,37.244
cote_d_ivoire,2012,37.244
cote_d_ivoire,2013,37.244
cote_d_ivoire,2014,37.244
cote_d_ivoire,2015,37.244
cote_d_ivoire,2016,37.244
cote_d_ivoire,2017,37.244
cote_d_ivoire,2018,37.244
cote_d_ivoire,2019,37.244
cote_d_ivoire,2020,37.244
cote_d_ivoire,2021,37.244
cote_d_ivoire,2022,37.244
croatia,1992,0.96200
croatia,1993,0.96200
croatia,1994,0.96200
croatia,1995,0.96200
croatia,1996,0.96200
croatia,1997,0.96200
croatia,1998,0.96200
croatia,1999,0.96200
croatia,2000,0.96200
croatia,2001,0.96200
croatia,2002,0.96200
croatia,2003,0.96200
croatia,2004,0.96200
croatia,2005,0.96200
croatia,2006,0.96200
croatia,2007,0.96200
croatia,2008,0.96200
croatia,2009,0.96200
croatia,2010,0.96200
croatia,2011,0.96200
croatia,2012,0.96200
croatia,2013,0.96200
croatia,2014,0.96200
croatia,2015,0.96200
croatia,2016,0.96200
croatia,2017,0.96200
croatia,2018,0.96200
croatia,2019,0.96200
croatia,2020,0.96200
croatia,2021,0.96200
croatia,2022,0.96200
cuba,1960,0.041800
cuba,1961,0.041800
cuba,1962,0.041800
cuba,1963,0.041800
cuba,1964,0.041800
cuba,1965,0.041800
cuba,1966,0.27839
cuba,1967,0.52139
cuba,1968,0.61018
cuba,1969,0.65173
cuba,1970,0.70776
cuba,1971,0.75371
cuba,1972,1.1181
cuba,1973,2.2261
cuba,1974,2.4684
cuba,1975,2.7947
cuba,1976,2.9669
cuba,1977,3.5163
cuba,1978,3.5357
cuba,1979,3.5443
cuba,1980,4.0543
cuba,1981,4.0553
cuba,1982,4.0657
cuba,1983,4.0686
cuba,1984,4.0821
cuba,1985,4.1237
cuba,1986,4.1267
cuba,1987,4.3328
cuba,1988,4.5593
cuba,1989,4.5818
cuba,1990,4.7680
cuba,1991,4.8963
cuba,1992,4.9934
cuba,1993,5.0006
cuba,1994,5.0006
cuba,1995,5.0006
cuba,1996,5.0321
cuba,1997,5.0321
cuba,1998,5.0321
cuba,1999,5.0321
cuba,2000,5.0321
cuba,2001,5.0321
cuba,2002,5.0321
cuba,2003,5.0321
cuba,2004,5.0321
cuba,2005,5.0321
cuba,2006,5.0321
cuba,2007,5.0321
cuba,2008,5.0321
cuba,2009,5.0321
cuba,2010,5.0321
cuba,2011,5.6621
cuba,2012,9.3840
cuba,2013,5.6621
cuba,2014,5.6621
cuba,2015,5.6621
cuba,2016,5.6621
cuba,2017,5.6621
cuba,2018,5.6621
cuba,2019,5.6621
cuba,2020,5.6621
cuba,2021,5.6621
cuba,2022,5.6621
cyprus,1960,0.010176
cyprus,1961,0.010176
cyprus,1962,0.010176
cyprus,1963,0.010176
cyprus,1964,0.010176
cyprus,1965,0.013576
cyprus,1966,0.015756
cyprus,1967,0.015756
cyprus,1968,0.029356
cyprus,1969,0.029356
cyprus,1970,0.029356
cyprus,1971,0.029356
cyprus,1972,0.029356
cyprus,1973,0.043206
cyprus,1974,0.043206
cyprus,1975,0.043206
cyprus,1976,0.043206
cyprus,1977,0.043206
cyprus,1978,0.043206
cyprus,1979,0.043206
cyprus,1980,0.043206
cyprus,1981,0.043206
cyprus,1982,0.094206
cyprus,1983,0.094206
cyprus,1984,0.094206
cyprus,1985,0.12681
cyprus,1986,0.15181
cyprus,1987,0.15861
cyprus,1988,0.27361
cyprus,1989,0.27361
cyprus,1990,0.27361
cyprus,1991,0.27361
cyprus,1992,0.27361
cyprus,1993,0.27361
cyprus,1994,0.29900
cyprus,1995,0.27361
cyprus,1996,0.27361
cyprus,1997,0.27361
cyprus,1998,0.27791
cyprus,1999,0.27791
cyprus,2000,0.27791
cyprus,2001,0.27791
cyprus,2002,0.28071
cyprus,2003,0.28071
cyprus,2004,0.28071
cyprus,2005,0.29871
cyprus,2006,0.29871
cyprus,2007,0.29871
cyprus,2008,0.29871
cyprus,2009,0.29871
cyprus,2010,0.29871
cyprus,2011,0.29871
cyprus,2012,0.29871
cyprus,2013,0.29871
cyprus,2014,0.33371
cyprus,2015,0.33371
cyprus,2016,0.33371
cyprus,2017,0.33371
cyprus,2018,0.33371
cyprus,2019,0.33371
cyprus,2020,0.33371
cyprus,2021,0.33371
cyprus,2022,0.33371
czechia,1993,2.9668
czechia,1994,2.9668
czechia,1995,2.9660
czechia,1996,2.9668
czechia,1997,3.1843
czechia,1998,3.1843
czechia,1999,3.1843
czechia,2000,3.1843
czechia,2001,3.1843
czechia,2002,3.1843
czechia,2003,3.1843
czechia,2004,3.1843
czechia,2005,3.1843
czechia,2006,3.1843
czechia,2007,3.1843
czechia,2008,3.1843
czechia,2009,3.1840
czechia,2010,3.1843
czechia,2011,3.1843
czechia,2012,3.1843
czechia,2013,3.1843
czechia,2014,3.1843
czechia,2015,3.1843
czechia,2016,3.1843
czechia,2017,3.1843
czechia,2018,3.1843
czechia,2019,3.1843
czechia,2020,3.1843
czechia,2021,3.1843
czechia,2022,3.1843
democratic_people_s_republic_of_korea,1960,17.110
democratic_people_s_republic_of_korea,1961,17.110
democratic_people_s_republic_of_korea,1962,17.128
democratic_people_s_republic_of_korea,1963,17.128
democratic_people_s_republic_of_korea,1964,17.128
democratic_people_s_republic_of_korea,1965,9.8510
democratic_people_s_republic_of_korea,1966,17.151
democratic_people_s_republic_of_korea,1967,17.157
democratic_people_s_republic_of_korea,1968,17.157
democratic_people_s_republic_of_korea,1969,17.157
democratic_people_s_republic_of_korea,1970,17.176
democratic_people_s_republic_of_korea,1971,17.176
democratic_people_s_republic_of_korea,1972,17.176
democratic_people_s_republic_of_korea,1973,17.649
democratic_people_s_republic_of_korea,1974,17.792
democratic_people_s_republic_of_korea,1975,17.792
democratic_people_s_republic_of_korea,1976,17.832
democratic_people_s_republic_of_korea,1977,17.832
democratic_people_s_republic_of_korea,1978,17.846
democratic_people_s_republic_of_korea,1979,17.846
democratic_people_s_republic_of_korea,1980,17.846
democratic_people_s_republic_of_korea,1981,17.846
democratic_people_s_republic_of_korea,1982,17.846
democratic_people_s_republic_of_korea,1983,17.846
democratic_people_s_republic_of_korea,1984,17.846
democratic_people_s_republic_of_korea,1985,17.846
democratic_people_s_republic_of_korea,1986,17.846
democratic_people_s_republic_of_korea,1987,17.846
democratic_people_s_republic_of_korea,1988,17.846
democratic_people_s_republic_of_korea,1989,17.846
democratic_people_s_republic_of_korea,1990,17.846
democratic_people_s_republic_of_korea,1991,17.846
democratic_people_s_republic_of_korea,1992,17.846
democratic_people_s_republic_of_korea,1993,17.846
democratic_people_s_republic_of_korea,1994,17.846
democratic_people_s_republic_of_korea,1995,17.846
democratic_people_s_republic_of_korea,1996,17.846
democratic_people_s_republic_of_korea,1997,17.846
democratic_people_s_republic_of_korea,1998,17.846
democratic_people_s_republic_of_korea,1999,17.846
democratic_people_s_republic_of_korea,2000,17.846
democratic_people_s_republic_of_korea,2001,17.846
democratic_people_s_republic_of_korea,2002,17.846
democratic_people_s_republic_of_korea,2003,20.466
democratic_people_s_republic_of_korea,2004,20.466
democratic_people_s_republic_of_korea,2005,20.466
democratic_people_s_republic_of_korea,2006,20.466
democratic_people_s_republic_of_korea,2007,21.226
democratic_people_s_republic_of_korea,2008,21.226
democratic_people_s_republic_of_korea,2009,21.226
democratic_people_s_republic_of_korea,2010,21.226
democratic_people_s_republic_of_korea,2011,21.226
democratic_people_s_republic_of_korea,2012,21.226
democratic_people_s_republic_of_korea,2013,21.226
democratic_people_s_republic_of_korea,2014,21.226
democratic_people_s_republic_of_korea,2015,21.226
democratic_people_s_republic_of_korea,2016,21.226
democratic_people_s_republic_of_korea,2017,21.226
democratic_people_s_republic_of_korea,2018,21.226
democratic_people_s_republic_of_korea,2019,21.226
democratic_people_s_republic_of_korea,2020,21.226
democratic_people_s_republic_of_korea,2021,21.226
democratic_people_s_republic_of_korea,2022,21.226
democratic_republic_of_the_congo,1960,0.032868
democratic_republic_of_the_congo,1961,0.032868
democratic_republic_of_the_congo,1962,0.032868
democratic_republic_of_the_congo,1963,0.032868
democratic_republic_of_the_congo,1964,0.032868
democratic_republic_of_the_congo,1965,0.032868
democratic_republic_of_the_congo,1966,0.032868
democratic_republic_of_the_congo,1967,0.032868
democratic_republic_of_the_congo,1968,0.032868
democratic_republic_of_the_congo,1969,0.032868
democratic_republic_of_the_congo,1970,0.032868
democratic_republic_of_the_congo,1971,0.032868
democratic_republic_of_the_congo,1972,0.052868
democratic_republic_of_the_congo,1973,0.052868
democratic_republic_of_the_congo,1974,0.052868
democratic_republic_of_the_congo,1975,0.052868
democratic_republic_of_the_congo,1976,0.052868
democratic_republic_of_the_congo,1977,0.052868
democratic_republic_of_the_congo,1978,0.052868
democratic_republic_of_the_congo,1979,0.052868
democratic_republic_of_the_congo,1980,0.052868
democratic_republic_of_the_congo,1981,0.052868
democratic_republic_of_the_congo,1982,0.052868
democratic_republic_of_the_congo,1983,0.052868
democratic_republic_of_the_congo,1984,0.052868
democratic_republic_of_the_congo,1985,0.052868
democratic_republic_of_the_congo,1986,0.052868
democratic_republic_of_the_congo,1987,0.052868
democratic_republic_of_the_congo,1988,0.052868
democratic_republic_of_the_congo,1989,0.052868
democratic_republic_of_the_congo,1990,0.052868
democratic_republic_of_the_congo,1991,0.052868
democratic_republic_of_the_congo,1992,0.052868
democratic_republic_of_the_congo,1993,0.052868
democratic_republic_of_the_congo,1994,0.052868
democratic_republic_of_the_congo,1995,0.052868
democratic_republic_of_the_congo,1996,0.052868
democratic_republic_of_the_congo,1997,0.052868
democratic_republic_of_the_congo,1998,0.052868
democratic_republic_of_the_congo,1999,0.052868
democratic_republic_of_the_congo,2000,0.052868
democratic_republic_of_the_congo,2001,0.052868
democratic_republic_of_the_congo,2002,0.052868
democratic_republic_of_the_congo,2003,0.052868
democratic_republic_of_the_congo,2004,0.052868
democratic_republic_of_the_congo,2005,0.052868
democratic_republic_of_the_congo,2006,0.052868
democratic_republic_of_the_congo,2007,0.052868
democratic_republic_of_the_congo,2008,0.052868
democratic_republic_of_the_congo,2009,0.052868
democratic_republic_of_the_congo,2010,0.052868
democratic_republic_of_the_congo,2011,0.052868
democratic_republic_of_the_congo,2012,0.052868
democratic_republic_of_the_congo,2013,0.052868
democratic_republic_of_the_congo,2014,0.052868
democratic_republic_of_the_congo,2015,0.052868
democratic_republic_of_the_congo,2016,0.052868
democratic_republic_of_the_congo,2017,0.052868
democratic_republic_of_the_congo,2018,0.052868
democratic_republic_of_the_congo,2019,0.052868
democratic_republic_of_the_congo,2020,0.052868
democratic_republic_of_the_congo,2021,0.052868
democratic_republic_of_the_congo,2022,0.052868
denmark,1960,0.020000
denmark,1961,0.020000
denmark,1962,0.020000
denmark,1963,0.020000
denmark,1964,0.020000
denmark,1965,0.020000
denmark,1966,0.020000
denmark,1967,0.020000
denmark,1968,0.020000
denmark,1969,0.020000
denmark,1970,0.020000
denmark,1971,0.020000
denmark,1972,0.020000
denmark,1973,0.020000
denmark,1974,0.020000
denmark,1975,0.020000
denmark,1976,0.020000
denmark,1977,0.020000
denmark,1978,0.020000
denmark,1979,0.020000
denmark,1980,0.020000
denmark,1981,0.020000
denmark,1982,0.020000
denmark,1983,0.020000
denmark,1984,0.020000
denmark,1985,0.020000
denmark,1986,0.020000
denmark,1987,0.020000
denmark,1988,0.020000
denmark,1989,0.020000
denmark,1990,0.020000
denmark,1991,0.020000
denmark,1992,0.020000
denmark,1993,0.020000
denmark,1994,0.020000
denmark,1995,0.020000
denmark,1996,0.020000
denmark,1997,0.020000
denmark,1998,0.020000
denmark,1999,0.020000
denmark,2000,0.020000
denmark,2001,0.020000
denmark,2002,0.020000
denmark,2003,0.020000
denmark,2004,0.020000
denmark,2005,0.020000
denmark,2006,0.020000
denmark,2007,0.020000
denmark,2008,0.020000
denmark,2009,0.020000
denmark,2010,0.020000
denmark,2011,0.020000
denmark,2012,0.020000
denmark,2013,0.020000
denmark,2014,0.020000
denmark,2015,0.020000
denmark,2016,0.020000
denmark,2017,0.020000
denmark,2018,0.020000
denmark,2019,0.020000
denmark,2020,0.020000
denmark,2021,0.020000
denmark,2022,0.020000
dominican_republic,1960,0.00040000
dominican_republic,1961,0.00040000
dominican_republic,1962,0.00040000
dominican_republic,1963,0.00040000
dominican_republic,1964,0.00040000
dominican_republic,1965,0.00040000
dominican_republic,1966,0.00040000
dominican_republic,1967,0.00044000
dominican_republic,1968,0.00044000
dominican_republic,1969,0.00044000
dominican_republic,1970,0.00044000
dominican_republic,1971,0.00044000
dominican_republic,1972,0.00044000
dominican_republic,1973,0.00044000
dominican_republic,1974,0.17344
dominican_republic,1975,0.35844
dominican_republic,1976,0.36144
dominican_republic,1977,0.36144
dominican_republic,1978,0.52804
dominican_republic,1979,0.92904
dominican_republic,1980,0.94574
dominican_republic,1981,1.0227
dominican_republic,1982,1.0287
dominican_republic,1983,1.0287
dominican_republic,1984,1.4697
dominican_republic,1985,1.7146
dominican_republic,1986,1.7146
dominican_republic,1987,1.7189
dominican_republic,1988,1.7195
dominican_republic,1989,1.7195
dominican_republic,1990,1.7218
dominican_republic,1991,1.7218
dominican_republic,1992,1.8931
dominican_republic,1993,1.8931
dominican_republic,1994,1.8931
dominican_republic,1995,1.8931
dominican_republic,1996,1.8942
dominican_republic,1997,1.8942
dominican_republic,1998,1.9017
dominican_republic,1999,1.9017
dominican_republic,2000,1.9017
dominican_republic,2001,2.2637
dominican_republic,2002,2.2637
dominican_republic,2003,2.2637
dominican_republic,2004,2.2637
dominican_republic,2005,2.2637
dominican_republic,2006,2.2637
dominican_republic,2007,2.2637
dominican_republic,2008,2.2637
dominican_republic,2009,2.2657
dominican_republic,2010,2.2657
dominican_republic,2011,2.2657
dominican_republic,2012,2.2657
dominican_republic,2013,2.2657
dominican_republic,2014,2.2657
dominican_republic,2015,2.2657
dominican_republic,2016,2.2657
dominican_republic,2017,2.2657
dominican_republic,2018,2.2657
dominican_republic,2019,2.2657
dominican_republic,2020,2.2657
dominican_republic,2021,2.2657
dominican_republic,2022,2.2657
ecuador,1967,0.10570
ecuador,1968,0.10570
ecuador,1969,0.10570
ecuador,1970,0.10570
ecuador,1971,0.20570
ecuador,1972,0.20570
ecuador,1973,0.20570
ecuador,1974,0.20570
ecuador,1975,0.20570
ecuador,1976,0.20570
ecuador,1977,0.20570
ecuador,1978,0.20570
ecuador,1979,0.20570
ecuador,1980,0.20570
ecuador,1981,0.20570
ecuador,1982,0.20570
ecuador,1983,0.32570
ecuador,1984,0.32570
ecuador,1985,0.32570
ecuador,1986,0.32570
ecuador,1987,0.53930
ecuador,1988,0.53930
ecuador,1989,0.53930
ecuador,1990,0.53930
ecuador,1991,0.81930
ecuador,1992,7.1193
ecuador,1993,7.1193
ecuador,1994,7.1193
ecuador,1995,7.1193
ecuador,1996,7.5693
ecuador,1997,7.6193
ecuador,1998,7.6193
ecuador,1999,7.6193
ecuador,2000,7.6193
ecuador,2001,7.6193
ecuador,2002,7.6318
ecuador,2003,7.6918
ecuador,2004,7.6918
ecuador,2005,7.6918
ecuador,2006,7.6918
ecuador,2007,7.6918
ecuador,2008,7.6918
ecuador,2009,7.6918
ecuador,2010,7.6918
ecuador,2011,7.6920
ecuador,2012,7.6918
ecuador,2013,7.6918
ecuador,2014,7.6918
ecuador,2015,7.6918
ecuador,2016,7.6918
ecuador,2017,7.6918
ecuador,2018,7.6918
ecuador,2019,7.6918
ecuador,2020,7.6918
ecuador,2021,7.6918
ecuador,2022,7.6918
egypt,1960,6.1968
egypt,1961,6.1968
egypt,1962,6.1968
egypt,1963,6.1968
egypt,1964,6.1968
egypt,1965,6.1968
egypt,1966,6.1968
egypt,1967,6.1968
egypt,1968,6.1968
egypt,1969,6.1968
egypt,1970,168.20
egypt,1971,168.20
egypt,1972,168.20
egypt,1973,168.20
egypt,1974,168.20
egypt,1975,168.20
egypt,1976,168.20
egypt,1977,168.20
egypt,1978,168.20
egypt,1979,168.20
egypt,1980,168.20
egypt,1981,168.20
egypt,1982,168.20
egypt,1983,168.20
egypt,1984,168.20
egypt,1985,168.20
egypt,1986,168.20
egypt,1987,168.20
egypt,1988,168.20
egypt,1989,168.20
egypt,1990,168.20
egypt,1991,168.20
egypt,1992,168.20
egypt,1993,168.20
egypt,1994,168.20
egypt,1995,168.20
egypt,1996,168.20
egypt,1997,168.20
egypt,1998,168.20
egypt,1999,168.20
egypt,2000,168.20
egypt,2001,168.20
egypt,2002,168.20
egypt,2003,168.20
egypt,2004,168.20
egypt,2005,168.20
egypt,2006,168.20
egypt,2007,168.20
egypt,2008,168.20
egypt,2009,168.20
egypt,2010,168.20
egypt,2011,168.20
egypt,2012,168.20
egypt,2013,168.20
egypt,2014,168.20
egypt,2015,168.20
egypt,2016,168.20
egypt,2017,168.20
egypt,2018,168.20
egypt,2019,168.20
egypt,2020,168.20
egypt,2021,168.20
egypt,2022,168.20
el_salvador,1963,0.99500
el_salvador,1964,0.99500
el_salvador,1965,0.99500
el_salvador,1966,1.3190
el_salvador,1967,1.3190
el_salvador,1968,1.3190
el_salvador,1969,1.3190
el_salvador,1970,1.3190
el_salvador,1971,1.3190
el_salvador,1972,1.3190
el_salvador,1973,1.3190
el_salvador,1974,1.3190
el_salvador,1975,1.3190
el_salvador,1976,1.3190
el_salvador,1977,3.4990
el_salvador,1978,3.4990
el_salvador,1979,3.4990
el_salvador,1980,3.4990
el_salvador,1981,3.4990
el_salvador,1982,3.4990
el_salvador,1983,3.4990
el_salvador,1984,3.8790
el_salvador,1985,3.8790
el_salvador,1986,3.8790
el_salvador,1987,3.8790
el_salvador,1988,3.8790
el_salvador,1989,3.8790
el_salvador,1990,3.8790
el_salvador,1991,3.8790
el_salvador,1992,3.8790
el_salvador,1993,3.8790
el_salvador,1994,3.8790
el_salvador,1995,3.8790
el_salvador,1996,3.8790
el_salvador,1997,3.8790
el_salvador,1998,3.8790
el_salvador,1999,3.8790
el_salvador,2000,3.8790
el_salvador,2001,3.8790
el_salvador,2002,3.8790
el_salvador,2003,3.8790
el_salvador,2004,3.8790
el_salvador,2005,3.8790
el_salvador,2006,3.8790
el_salvador,2007,3.8790
el_salvador,2008,3.8790
el_salvador,2009,3.8790
el_salvador,2010,3.8790
el_salvador,2011,3.8790
el_salvador,2012,3.8790
el_salvador,2013,3.8790
el_salvador,2014,3.8790
el_salvador,2015,3.8790
el_salvador,2016,3.8790
el_salvador,2017,3.8790
el_salvador,2018,3.8790
el_salvador,2019,3.8790
el_salvador,2020,3.8790
el_salvador,2021,3.8790
el_salvador,2022,3.8790
eritrea,1993,0.044110
eritrea,1994,0.044110
eritrea,1995,0.044110
eritrea,1996,0.044110
eritrea,1997,0.044110
eritrea,1998,0.044110
eritrea,1999,0.044110
eritrea,2000,0.044110
eritrea,2001,0.044110
eritrea,2002,0.044110
eritrea,2003,0.044110
eritrea,2004,0.044110
eritrea,2005,0.044110
eritrea,2006,0.044110
eritrea,2007,0.044110
eritrea,2008,0.044110
eritrea,2009,0.044110
eritrea,2010,0.044110
eritrea,2011,0.044110
eritrea,2012,0.044110
eritrea,2013,0.044110
eritrea,2014,0.044110
eritrea,2015,0.044110
eritrea,2016,0.044110
eritrea,2017,0.044110
eritrea,2018,0.044110
eritrea,2019,0.044110
eritrea,2020,0.044110
eritrea,2021,0.044110
eritrea,2022,0.044110
estonia,1992,0.18250
estonia,1993,0.18250
estonia,1994,0.18250
estonia,1995,0.18250
estonia,1996,0.18250
estonia,1997,0.18250
estonia,1998,0.18250
estonia,1999,0.18250
estonia,2000,0.18250
estonia,2001,0.18250
estonia,2002,0.18250
estonia,2003,0.18250
estonia,2004,0.18250
estonia,2005,0.18250
estonia,2006,0.18250
estonia,2007,0.18250
estonia,2008,0.18250
estonia,2009,0.18250
estonia,2010,0.18250
estonia,2011,0.18250
estonia,2012,0.18250
estonia,2013,0.18250
estonia,2014,0.18250
estonia,2015,0.18250
estonia,2016,0.18250
estonia,2017,0.18250
estonia,2018,0.18250
estonia,2019,0.18250
estonia,2020,0.18250
estonia,2021,0.18250
estonia,2022,0.18250
eswatini,1966,0.050330
eswatini,1967,0.050330
eswatini,1968,0.050330
eswatini,1969,0.050330
eswatini,1970,0.057110
eswatini,1971,0.066975
eswatini,1972,0.066975
eswatini,1973,0.066975
eswatini,1974,0.072895
eswatini,1975,0.072895
eswatini,1976,0.072895
eswatini,1977,0.072895
eswatini,1978,0.072895
eswatini,1979,0.072895
eswatini,1980,0.22590
eswatini,1981,0.22590
eswatini,1982,0.22590
eswatini,1983,0.22590
eswatini,1984,0.25265
eswatini,1985,0.25265
eswatini,1986,0.25265
eswatini,1987,0.25265
eswatini,1988,0.25265
eswatini,1989,0.25265
eswatini,1990,0.25265
eswatini,1991,0.25265
eswatini,1992,0.25265
eswatini,1993,0.25265
eswatini,1994,0.25265
eswatini,1995,0.25265
eswatini,1996,0.25299
eswatini,1997,0.25299
eswatini,1998,0.25299
eswatini,1999,0.25299
eswatini,2000,0.25299
eswatini,2001,0.58499
eswatini,2002,0.58500
eswatini,2003,0.58499
eswatini,2004,0.58499
eswatini,2005,0.58499
eswatini,2006,0.58499
eswatini,2007,0.58499
eswatini,2008,0.58499
eswatini,2009,0.58499
eswatini,2010,0.58499
eswatini,2011,0.58499
eswatini,2012,0.58499
eswatini,2013,0.58499
eswatini,2014,0.58499
eswatini,2015,0.58499
eswatini,2016,0.58499
eswatini,2017,0.58499
eswatini,2018,0.58499
eswatini,2019,0.58499
eswatini,2020,0.58499
eswatini,2021,0.58499
eswatini,2022,0.58499
ethiopia,1993,5.5203
ethiopia,1994,5.5203
ethiopia,1995,5.5949
ethiopia,1996,5.6049
ethiopia,1997,5.6049
ethiopia,1998,5.6049
ethiopia,1999,5.6239
ethiopia,2000,5.6239
ethiopia,2001,5.6239
ethiopia,2002,5.6239
ethiopia,2003,5.6239
ethiopia,2004,6.5409
ethiopia,2005,6.5409
ethiopia,2006,6.5409
ethiopia,2007,6.5409
ethiopia,2008,6.5409
ethiopia,2009,17.401
ethiopia,2010,17.401
ethiopia,2011,17.401
ethiopia,2012,17.484
ethiopia,2013,17.484
ethiopia,2014,17.484
ethiopia,2015,31.484
ethiopia,2016,31.484
ethiopia,2017,31.484
ethiopia,2018,31.484
ethiopia,2019,31.484
ethiopia,2020,31.484
ethiopia,2021,31.484
ethiopia,2022,31.484
fiji,1960,0.0000
fiji,1961,0.0000
fiji,1962,0.0000
fiji,1963,0.0000
fiji,1964,0.0000
fiji,1965,0.0000
fiji,1966,0.0000
fiji,1967,0.0000
fiji,1968,0.0000
fiji,1969,0.0000
fiji,1970,0.0000
fiji,1971,0.0000
fiji,1972,0.0000
fiji,1973,0.0000
fiji,1974,0.0000
fiji,1975,0.0000
fiji,1976,0.0000
fiji,1977,0.0000
fiji,1978,0.0000
fiji,1979,0.0000
fiji,1980,0.0000
fiji,1981,0.0000
fiji,1982,0.0000
fiji,1983,0.13300
fiji,1984,0.13300
fiji,1985,0.13300
fiji,1986,0.13300
fiji,1987,0.13300
fiji,1988,0.13300
fiji,1989,0.13300
fiji,1990,0.13300
fiji,1991,0.13300
fiji,1992,0.13300
fiji,1993,0.13300
fiji,1994,0.13300
fiji,1995,0.13300
fiji,1996,0.13300
fiji,1997,0.13300
fiji,1998,0.13300
fiji,1999,0.13300
fiji,2000,0.13300
fiji,2001,0.13300
fiji,2002,0.13300
fiji,2003,0.13300
fiji,2004,0.13300
fiji,2005,0.13300
fiji,2006,0.13300
fiji,2007,0.13300
fiji,2008,0.13300
fiji,2009,0.13300
fiji,2010,0.13300
fiji,2011,0.13300
fiji,2012,0.13304
fiji,2013,0.13304
fiji,2014,0.13304
fiji,2015,0.13304
fiji,2016,0.13304
fiji,2017,0.13304
fiji,2018,0.13304
fiji,2019,0.13304
fiji,2020,0.13304
fiji,2021,0.13304
fiji,2022,0.13304
finland,1960,13.528
finland,1961,13.528
finland,1962,13.528
finland,1963,14.629
finland,1964,14.629
finland,1965,14.678
finland,1966,14.678
finland,1967,16.138
finland,1968,16.138
finland,1969,16.138
finland,1970,17.727
finland,1971,18.471
finland,1972,18.471
finland,1973,18.471
finland,1974,18.511
finland,1975,18.561
finland,1976,18.603
finland,1977,18.603
finland,1978,18.603
finland,1979,18.603
finland,1980,18.603
finland,1981,18.603
finland,1982,18.603
finland,1983,18.603
finland,1984,18.603
finland,1985,18.603
finland,1986,18.603
finland,1987,18.603
finland,1988,18.603
finland,1989,18.603
finland,1990,18.603
finland,1991,18.603
finland,1992,18.603
finland,1993,18.603
finland,1994,18.603
finland,1995,18.603
finland,1996,18.603
finland,1997,18.603
finland,1998,18.603
finland,1999,18.603
finland,2000,18.603
finland,2001,18.603
finland,2002,18.603
finland,2003,18.603
finland,2004,18.603
finland,2005,18.603
finland,2006,18.603
finland,2007,18.603
finland,2008,18.603
finland,2009,18.603
finland,2010,18.603
finland,2011,18.603
finland,2012,18.603
finland,2013,18.603
finland,2014,18.603
finland,2015,18.603
finland,2016,18.603
finland,2017,18.603
finland,2018,18.603
finland,2019,18.603
finland,2020,18.603
finland,2021,18.603
finland,2022,18.603
france,1960,5.2226
france,1961,5.4446
france,1962,5.5106
france,1963,5.7856
france,1964,5.8316
france,1965,6.1294
france,1966,6.3734
france,1967,6.4671
france,1968,7.5033
france,1969,7.5033
france,1970,7.5148
france,1971,7.7458
france,1972,7.7788
france,1973,7.7788
france,1974,8.9298
france,1975,8.9618
france,1976,8.9926
france,1977,9.0105
france,1978,9.0372
france,1979,9.0372
france,1980,9.0372
france,1981,9.2272
france,1982,9.2387
france,1983,9.2680
france,1984,9.5586
france,1985,9.6896
france,1986,9.7131
france,1987,9.7281
france,1988,9.7386
france,1989,9.9011
france,1990,9.9011
france,1991,9.9261
france,1992,9.9261
france,1993,9.9261
france,1994,9.9671
france,1995,9.9671
france,1996,9.9671
france,1997,9.9671
france,1998,9.9671
france,1999,9.9813
france,2000,9.9813
france,2001,9.9813
france,2002,9.9813
france,2003,9.9813
france,2004,9.9813
france,2005,9.9813
france,2006,9.9813
france,2007,9.9813
france,2008,9.9813
france,2009,9.9813
france,2010,9.9813
france,2011,9.9813
france,2012,9.9813
france,2013,9.9813
france,2014,9.9813
france,2015,9.9813
france,2016,9.9813
france,2017,9.9813
france,2018,9.9813
france,2019,9.9813
france,2020,9.9813
france,2021,9.9813
france,2022,9.9813
gabon,1980,0.22000
gabon,1981,0.22000
gabon,1982,0.22000
gabon,1983,0.22000
gabon,1984,0.22000
gabon,1985,0.22000
gabon,1986,0.22000
gabon,1987,0.22000
gabon,1988,0.22000
gabon,1989,0.22000
gabon,1990,0.22000
gabon,1991,0.22000
gabon,1992,0.22000
gabon,1993,0.22000
gabon,1994,0.22000
gabon,1995,0.22000
gabon,1996,0.22000
gabon,1997,0.22000
gabon,1998,0.22000
gabon,1999,0.22000
gabon,2000,0.22000
gabon,2001,0.22000
gabon,2002,0.22000
gabon,2003,0.22000
gabon,2004,0.22000
gabon,2005,0.22000
gabon,2006,0.22000
gabon,2007,0.22000
gabon,2008,0.22000
gabon,2009,0.22000
gabon,2010,0.22000
gabon,2011,0.22000
gabon,2012,0.22000
gabon,2013,0.22000
gabon,2014,0.22000
gabon,2015,0.22000
gabon,2016,0.22000
gabon,2017,0.22000
gabon,2018,0.22000
gabon,2019,0.22000
gabon,2020,0.22000
gabon,2021,0.22000
gabon,2022,0.22000
georgia,1992,3.4066
georgia,1993,3.4066
georgia,1994,3.4139
georgia,1995,3.4139
georgia,1996,3.4139
georgia,1997,3.4139
georgia,1998,3.4139
georgia,1999,3.4139
georgia,2000,3.4139
georgia,2001,3.4139
georgia,2002,3.4139
georgia,2003,3.4139
georgia,2004,3.4139
georgia,2005,3.4139
georgia,2006,3.4139
georgia,2007,3.4139
georgia,2008,3.4139
georgia,2009,3.4139
georgia,2010,3.4139
georgia,2011,3.4139
georgia,2012,3.4139
georgia,2013,3.4139
georgia,2014,3.4139
georgia,2015,3.4139
georgia,2016,3.4139
georgia,2017,3.4139
georgia,2018,3.4139
georgia,2019,3.4139
georgia,2020,3.4139
georgia,2021,3.4139
georgia,2022,3.4139
germany,1960,2.0532
germany,1961,2.1145
germany,1962,2.1145
germany,1963,2.1145
germany,1964,2.1764
germany,1965,2.3908
germany,1966,2.4556
germany,1967,2.4731
germany,1968,2.5409
germany,1969,2.5873
germany,1970,2.5873
germany,1971,2.5924
germany,1972,2.6815
germany,1973,2.7130
germany,1974,2.7130
germany,1975,2.9170
germany,1976,2.9502
germany,1977,2.9502
germany,1978,2.9502
germany,1979,2.9502
germany,1980,2.9502
germany,1981,2.9856
germany,1982,3.0743
germany,1983,3.0946
germany,1984,3.1756
germany,1985,3.1756
germany,1986,3.2015
germany,1987,3.2015
germany,1988,3.2015
germany,1989,3.2015
germany,1990,3.2299
germany,1991,3.2339
germany,1992,3.3629
germany,1993,3.3746
germany,1994,3.3746
germany,1995,3.3746
germany,1996,3.3746
germany,1997,3.3746
germany,1998,3.3746
germany,1999,3.3746
germany,2000,3.3746
germany,2001,3.3746
germany,2002,3.3746
germany,2003,3.3746
germany,2004,3.3746
germany,2005,3.4070
germany,2006,3.4070
germany,2007,3.4070
germany,2008,4.0000
germany,2009,4.0000
germany,2010,4.0000
germany,2011,4.0000
germany,2012,4.0000
germany,2013,4.0000
germany,2014,4.0000
germany,2015,4.0000
germany,2016,4.0000
germany,2017,4.0000
germany,2018,4.0000
germany,2019,4.0000
germany,2020,4.0000
germany,2021,4.0000
germany,2022,4.0000
ghana,1960,0.12747
ghana,1961,0.12747
ghana,1962,0.12747
ghana,1963,0.12747
ghana,1964,0.12747
ghana,1965,148.09
ghana,1966,148.09
ghana,1967,148.09
ghana,1968,148.09
ghana,1969,148.09
ghana,1970,148.09
ghana,1971,148.09
ghana,1972,148.09
ghana,1973,148.09
ghana,1974,148.09
ghana,1975,148.09
ghana,1976,148.09
ghana,1977,148.17
ghana,1978,148.30
ghana,1979,148.30
ghana,1980,148.30
ghana,1981,148.50
ghana,1982,148.50
ghana,1983,148.50
ghana,1984,148.50
ghana,1985,148.50
ghana,1986,148.50
ghana,1987,148.50
ghana,1988,148.50
ghana,1989,148.50
ghana,1990,148.50
ghana,1991,148.50
ghana,1992,148.50
ghana,1993,148.50
ghana,1994,148.50
ghana,1995,148.50
ghana,1996,148.50
ghana,1997,148.50
ghana,1998,148.50
ghana,1999,148.50
ghana,2000,148.50
ghana,2001,148.50
ghana,2002,148.50
ghana,2003,148.50
ghana,2004,148.50
ghana,2005,148.50
ghana,2006,148.50
ghana,2007,148.50
ghana,2008,148.50
ghana,2009,148.50
ghana,2010,148.50
ghana,2011,148.50
ghana,2012,148.50
ghana,2013,148.50
ghana,2014,148.50
ghana,2015,148.50
ghana,2016,148.50
ghana,2017,148.50
ghana,2018,148.50
ghana,2019,148.50
ghana,2020,148.50
ghana,2021,148.50
ghana,2022,148.50
greece,1960,0.49000
greece,1961,0.49000
greece,1962,0.49000
greece,1963,0.49000
greece,1964,0.49000
greece,1965,5.2400
greece,1966,5.2400
greece,1967,5.2400
greece,1968,5.6600
greece,1969,6.6100
greece,1970,6.6100
greece,1971,6.6100
greece,1972,6.6100
greece,1973,6.6100
greece,1974,8.8540
greece,1975,8.8540
greece,1976,9.6340
greece,1977,9.6340
greece,1978,9.6340
greece,1979,9.6340
greece,1980,9.6340
greece,1981,10.364
greece,1982,10.364
greece,1983,10.364
greece,1984,10.364
greece,1985,10.518
greece,1986,10.533
greece,1987,10.533
greece,1988,10.613
greece,1989,10.873
greece,1990,10.873
greece,1991,10.873
greece,1992,10.873
greece,1993,10.873
greece,1994,11.073
greece,1995,11.073
greece,1996,11.778
greece,1997,11.851
greece,1998,11.964
greece,1999,11.964
greece,2000,11.964
greece,2001,12.322
greece,2002,12.322
greece,2003,12.322
greece,2004,12.322
greece,2005,12.322
greece,2006,12.322
greece,2007,12.322
greece,2008,12.322
greece,2009,12.322
greece,2010,12.322
greece,2011,12.322
greece,2012,12.322
greece,2013,12.322
greece,2014,12.322
greece,2015,12.322
greece,2016,12.322
greece,2017,12.322
greece,2018,12.322
greece,2019,12.322
greece,2020,12.322
greece,2021,12.322
greece,2022,12.322
grenada,1960,0.0000060000
grenada,1961,0.0000060000
grenada,1962,0.0000060000
grenada,1963,0.0000060000
grenada,1964,0.0000060000
grenada,1965,0.0000060000
grenada,1966,0.0000060000
grenada,1967,0.0000060000
grenada,1968,0.0000060000
grenada,1969,0.0000060000
grenada,1970,0.0000060000
grenada,1971,0.0000060000
grenada,1972,0.0000060000
grenada,1973,0.000011000
grenada,1974,0.000011000
grenada,1975,0.000011000
grenada,1976,0.000011000
grenada,1977,0.000011000
grenada,1978,0.000011000
grenada,1979,0.000011000
grenada,1980,0.000018000
grenada,1981,0.000018000
grenada,1982,0.000018000
grenada,1983,0.000018000
grenada,1984,0.000018000
grenada,1985,0.000018000
grenada,1986,0.000018000
grenada,1987,0.000018000
grenada,1988,0.000018000
grenada,1989,0.000018000
grenada,1990,0.000018000
grenada,1991,0.000018000
grenada,1992,0.000022000
grenada,1993,0.000022000
grenada,1994,0.000022000
grenada,1995,0.000022000
grenada,1996,0.000022000
grenada,1997,0.000022000
grenada,1998,0.000022000
grenada,1999,0.000022000
grenada,2000,0.000022000
grenada,2001,0.000022000
grenada,2002,0.000022000
grenada,2003,0.000022000
grenada,2004,0.000022000
grenada,2005,0.000022000
grenada,2006,0.000022000
grenada,2007,0.000022000
grenada,2008,0.000022000
grenada,2009,0.000022000
grenada,2010,0.000022000
grenada,2011,0.000022000
grenada,2012,0.000022000
grenada,2013,0.000022000
grenada,2014,0.000022000
grenada,2015,0.000022000
grenada,2016,0.000022000
grenada,2017,0.000022000
grenada,2018,0.000022000
grenada,2019,0.000022000
grenada,2020,0.000022000
grenada,2021,0.000022000
grenada,2022,0.000022000
guatemala,1960,0.00047510
guatemala,1961,0.00047510
guatemala,1962,0.00047510
guatemala,1963,0.00047510
guatemala,1964,0.00047510
guatemala,1965,0.00047510
guatemala,1966,0.00070010
guatemala,1967,0.00070010
guatemala,1968,0.00070710
guatemala,1969,0.00070710
guatemala,1970,0.00081910
guatemala,1971,0.00081910
guatemala,1972,0.00081910
guatemala,1973,0.00081910
guatemala,1974,0.00081910
guatemala,1975,0.00081910
guatemala,1976,0.00081910
guatemala,1977,0.00081910
guatemala,1978,0.00081910
guatemala,1979,0.00081910
guatemala,1980,0.00081910
guatemala,1981,0.0011191
guatemala,1982,0.0011191
guatemala,1983,0.46112
guatemala,1984,0.46112
guatemala,1985,0.46112
guatemala,1986,0.46112
guatemala,1987,0.46112
guatemala,1988,0.46112
guatemala,1989,0.46112
guatemala,1990,0.46112
guatemala,1991,0.46112
guatemala,1992,0.46112
guatemala,1993,0.46112
guatemala,1994,0.46112
guatemala,1995,0.46118
guatemala,1996,0.46118
guatemala,1997,0.46118
guatemala,1998,0.46127
guatemala,1999,0.46127
guatemala,2000,0.46134
guatemala,2001,0.46134
guatemala,2002,0.46161
guatemala,2003,0.46180
guatemala,2004,0.46192
guatemala,2005,0.46268
guatemala,2006,0.46268
guatemala,2007,0.46268
guatemala,2008,0.46268
guatemala,2009,0.46268
guatemala,2010,0.46343
guatemala,2011,0.46354
guatemala,2012,0.46380
guatemala,2013,0.46384
guatemala,2014,0.46384
guatemala,2015,0.46384
guatemala,2016,0.46384
guatemala,2017,0.46384
guatemala,2018,0.46384
guatemala,2019,0.46384
guatemala,2020,0.46384
guatemala,2021,0.46384
guatemala,2022,0.46384
guinea,1963,0.014000
guinea,1964,0.014000
guinea,1965,0.014000
guinea,1966,0.014000
guinea,1967,0.014000
guinea,1968,0.014000
guinea,1969,0.23700
guinea,1970,0.23700
guinea,1971,0.23700
guinea,1972,0.23700
guinea,1973,0.23700
guinea,1974,0.23700
guinea,1975,0.23700
guinea,1976,0.23700
guinea,1977,0.23700
guinea,1978,0.23700
guinea,1979,0.23700
guinea,1980,0.23700
guinea,1981,0.23700
guinea,1982,0.23700
guinea,1983,0.23700
guinea,1984,0.23700
guinea,1985,0.23700
guinea,1986,0.23700
guinea,1987,0.23700
guinea,1988,0.23700
guinea,1989,0.23700
guinea,1990,0.23700
guinea,1991,0.23700
guinea,1992,0.23700
guinea,1993,0.23700
guinea,1994,0.23700
guinea,1995,0.23700
guinea,1996,0.23700
guinea,1997,0.23700
guinea,1998,0.23700
guinea,1999,1.8370
guinea,2000,1.8370
guinea,2001,1.8370
guinea,2002,1.8370
guinea,2003,1.8370
guinea,2004,1.8370
guinea,2005,1.8370
guinea,2006,1.8370
guinea,2007,1.8370
guinea,2008,1.8370
guinea,2009,1.8370
guinea,2010,1.8370
guinea,2011,1.8370
guinea,2012,1.8370
guinea,2013,1.8370
guinea,2014,1.8370
guinea,2015,1.8370
guinea,2016,1.8370
guinea,2017,1.8370
guinea,2018,1.8370
guinea,2019,1.8370
guinea,2020,1.8370
guinea,2021,1.8370
guinea,2022,1.8370
guinea_bissau,1990,0.0000
guinea_bissau,1991,0.0000
guinea_bissau,1992,0.0000
guinea_bissau,1993,0.0000
guinea_bissau,1994,0.0000
guinea_bissau,1995,0.0000
guinea_bissau,1996,0.0000
guinea_bissau,1997,0.0000
guinea_bissau,1998,0.0000
guinea_bissau,1999,0.0000
guinea_bissau,2000,0.0000
guinea_bissau,2001,0.0000
guinea_bissau,2002,0.0000
guinea_bissau,2003,0.0000
guinea_bissau,2004,0.0000
guinea_bissau,2005,0.0000
guinea_bissau,2006,0.0000
guinea_bissau,2007,0.0000
guinea_bissau,2008,0.0000
guinea_bissau,2009,0.0000
guinea_bissau,2010,0.0000
guinea_bissau,2011,0.0000
guinea_bissau,2012,0.0000
guinea_bissau,2013,0.0000
guinea_bissau,2014,0.0000
guinea_bissau,2015,0.0000
guinea_bissau,2016,0.0000
guinea_bissau,2017,0.0000
guinea_bissau,2018,0.0000
guinea_bissau,2019,0.0000
guinea_bissau,2020,0.0000
guinea_bissau,2021,0.0000
guinea_bissau,2022,0.0000
guyana,1960,0.18201
guyana,1961,0.18201
guyana,1962,0.18201
guyana,1963,0.18201
guyana,1964,0.18201
guyana,1965,0.18201
guyana,1966,0.18201
guyana,1967,0.18201
guyana,1968,0.18201
guyana,1969,0.18201
guyana,1970,0.18201
guyana,1971,0.18201
guyana,1972,0.18201
guyana,1973,0.18201
guyana,1974,0.20015
guyana,1975,0.20015
guyana,1976,0.20015
guyana,1977,0.20015
guyana,1978,0.20015
guyana,1979,0.20015
guyana,1980,0.20015
guyana,1981,0.20015
guyana,1982,0.20015
guyana,1983,0.20015
guyana,1984,0.20015
guyana,1985,0.80915
guyana,1986,0.80915
guyana,1987,0.80915
guyana,1988,0.80915
guyana,1989,0.80915
guyana,1990,0.80915
guyana,1991,0.80915
guyana,1992,0.80915
guyana,1993,0.80915
guyana,1994,0.80915
guyana,1995,0.80915
guyana,1996,0.80915
guyana,1997,0.80915
guyana,1998,0.80915
guyana,1999,0.80915
guyana,2000,0.80915
guyana,2001,0.80915
guyana,2002,0.80915
guyana,2003,0.80915
guyana,2004,0.80915
guyana,2005,0.80915
guyana,2006,0.80915
guyana,2007,0.80915
guyana,2008,0.80915
guyana,2009,0.80915
guyana,2010,0.80915
guyana,2011,0.80920
guyana,2012,0.80915
guyana,2013,0.80915
guyana,2014,0.80915
guyana,2015,0.80915
guyana,2016,0.80915
guyana,2017,0.80915
guyana,2018,0.80915
guyana,2019,0.80915
guyana,2020,0.80915
guyana,2021,0.80915
guyana,2022,0.80915
haiti,1960,0.29700
haiti,1961,0.29700
haiti,1962,0.29700
haiti,1963,0.29700
haiti,1964,0.29700
haiti,1965,0.29700
haiti,1966,0.29700
haiti,1967,0.29700
haiti,1968,0.29700
haiti,1969,0.29700
haiti,1970,0.29700
haiti,1971,0.29700
haiti,1972,0.29700
haiti,1973,0.29700
haiti,1974,0.29700
haiti,1975,0.29700
haiti,1976,0.29700
haiti,1977,0.29700
haiti,1978,0.29700
haiti,1979,0.29700
haiti,1980,0.29700
haiti,1981,0.29700
haiti,1982,0.29700
haiti,1983,0.29700
haiti,1984,0.29700
haiti,1985,0.29700
haiti,1986,0.29700
haiti,1987,0.29700
haiti,1988,0.29700
haiti,1989,0.29700
haiti,1990,0.29700
haiti,1991,0.29700
haiti,1992,0.29700
haiti,1993,0.29700
haiti,1994,0.29700
haiti,1995,0.29700
haiti,1996,0.29700
haiti,1997,0.29700
haiti,1998,0.29700
haiti,1999,0.29700
haiti,2000,0.29700
haiti,2001,0.29700
haiti,2002,0.29700
haiti,2003,0.29700
haiti,2004,0.29700
haiti,2005,0.29700
haiti,2006,0.29700
haiti,2007,0.29700
haiti,2008,0.29700
haiti,2009,0.29700
haiti,2010,0.29700
haiti,2011,0.29700
haiti,2012,0.29700
haiti,2013,0.29700
haiti,2014,0.29700
haiti,2015,0.29700
haiti,2016,0.29700
haiti,2017,0.29700
haiti,2018,0.29700
haiti,2019,0.29700
haiti,2020,0.29700
haiti,2021,0.29700
haiti,2022,0.29700
honduras,1960,0.0000
honduras,1961,0.0000
honduras,1962,0.0000
honduras,1963,0.0000
honduras,1964,0.0000
honduras,1965,0.012600
honduras,1966,0.012600
honduras,1967,0.012600
honduras,1968,0.012600
honduras,1969,0.013190
honduras,1970,0.013190
honduras,1971,0.013190
honduras,1972,0.013190
honduras,1973,0.013190
honduras,1974,0.013190
honduras,1975,0.013190
honduras,1976,0.025190
honduras,1977,0.025190
honduras,1978,0.025190
honduras,1979,0.025190
honduras,1980,0.025190
honduras,1981,0.025190
honduras,1982,0.025190
honduras,1983,0.025190
honduras,1984,0.025190
honduras,1985,5.7256
honduras,1986,5.7256
honduras,1987,5.7256
honduras,1988,5.7256
honduras,1989,5.7256
honduras,1990,5.7256
honduras,1991,5.7256
honduras,1992,5.7616
honduras,1993,5.7616
honduras,1994,5.8046
honduras,1995,5.8046
honduras,1996,5.8046
honduras,1997,5.8047
honduras,1998,5.8047
honduras,1999,5.8047
honduras,2000,5.8047
honduras,2001,5.8047
honduras,2002,5.8047
honduras,2003,5.8047
honduras,2004,5.8047
honduras,2005,5.8047
honduras,2006,5.8047
honduras,2007,5.8047
honduras,2008,5.8047
honduras,2009,5.8047
honduras,2010,5.8047
honduras,2011,5.8047
honduras,2012,5.8047
honduras,2013,5.8050
honduras,2014,5.8047
honduras,2015,5.8047
honduras,2016,5.8047
honduras,2017,5.8047
honduras,2018,5.8047
honduras,2019,5.8047
honduras,2020,5.8047
honduras,2021,5.8047
honduras,2022,5.8047
hungary,1961,0.0052000
hungary,1962,0.0052000
hungary,1963,0.0052000
hungary,1964,0.0052000
hungary,1965,0.0052000
hungary,1966,0.0052000
hungary,1967,0.0052000
hungary,1968,0.013500
hungary,1969,0.013500
hungary,1970,0.013500
hungary,1971,0.013500
hungary,1972,0.027800
hungary,1973,0.027800
hungary,1974,0.027800
hungary,1975,0.027800
hungary,1976,0.027800
hungary,1977,0.027800
hungary,1978,0.25640
hungary,1979,0.25640
hungary,1980,0.25640
hungary,1981,0.25640
hungary,1982,0.25640
hungary,1983,0.25640
hungary,1984,0.25640
hungary,1985,0.25640
hungary,1986,0.25640
hungary,1987,0.25640
hungary,1988,0.25640
hungary,1989,0.25640
hungary,1990,0.25640
hungary,1991,0.25640
hungary,1992,0.25640
hungary,1993,0.25640
hungary,1994,0.25640
hungary,1995,0.25640
hungary,1996,0.25640
hungary,1997,0.25640
hungary,1998,0.25640
hungary,1999,0.25640
hungary,2000,0.25640
hungary,2001,0.25640
hungary,2002,0.25640
hungary,2003,0.25640
hungary,2004,0.25640
hungary,2005,0.25640
hungary,2006,0.25640
hungary,2007,0.25640
hungary,2008,0.25640
hungary,2009,0.25640
hungary,2010,0.25640
hungary,2011,0.25640
hungary,2012,0.25640
hungary,2013,0.25640
hungary,2014,0.25640
hungary,2015,0.25640
hungary,2016,0.25640
hungary,2017,0.25640
hungary,2018,0.25640
hungary,2019,0.25640
hungary,2020,0.25640
hungary,2021,0.25640
hungary,2022,0.25640
iceland,1972,1.1800
iceland,1973,1.1800
iceland,1974,1.1800
iceland,1975,1.1800
iceland,1976,1.1800
iceland,1977,1.3750
iceland,1978,1.3750
iceland,1979,1.3750
iceland,1980,1.3750
iceland,1981,1.6401
iceland,1982,1.6401
iceland,1983,1.7561
iceland,1984,1.9061
iceland,1985,1.9061
iceland,1986,1.9061
iceland,1987,1.9061
iceland,1988,1.9061
iceland,1989,1.9061
iceland,1990,1.9061
iceland,1991,2.3061
iceland,1992,2.3061
iceland,1993,2.3061
iceland,1994,2.3061
iceland,1995,2.3061
iceland,1996,2.3061
iceland,1997,2.3061
iceland,1998,2.3061
iceland,1999,2.3061
iceland,2000,2.3061
iceland,2001,2.3061
iceland,2002,2.3061
iceland,2003,2.3061
iceland,2004,2.3061
iceland,2005,2.3061
iceland,2006,2.3061
iceland,2007,2.3061
iceland,2008,2.3061
iceland,2009,2.3061
iceland,2010,2.3061
iceland,2011,2.3061
iceland,2012,2.3061
iceland,2013,2.3061
iceland,2014,2.3061
iceland,2015,2.3061
iceland,2016,2.3061
iceland,2017,2.3061
iceland,2018,2.3061
iceland,2019,2.3061
iceland,2020,2.3061
iceland,2021,2.3061
iceland,2022,2.3061
india,1960,66.743
india,1961,67.356
india,1962,77.512
india,1963,86.047
india,1964,90.714
india,1965,95.000
india,1966,102.09
india,1967,104.47
india,1968,106.64
india,1969,107.78
india,1970,105.00
india,1971,111.47
india,1972,121.06
india,1973,122.24
india,1974,132.53
india,1975,130.00
india,1976,140.02
india,1977,150.29
india,1978,155.82
india,1979,159.87
india,1980,162.24
india,1981,163.38
india,1982,165.70
india,1983,168.37
india,1984,173.87
india,1985,184.14
india,1986,186.24
india,1987,192.34
india,1988,196.05
india,1989,199.76
india,1990,203.44
india,1991,204.77
india,1992,205.31
india,1993,206.64
india,1994,207.16
india,1995,207.27
india,1996,213.51
india,1997,214.30
india,1998,214.54
india,1999,221.90
india,2000,225.24
india,2001,225.35
india,2002,225.35
india,2003,225.35
india,2004,225.44
india,2005,224.00
india,2006,237.81
india,2007,237.81
india,2008,237.81
india,2009,237.96
india,2010,237.96
india,2011,237.96
india,2012,237.96
india,2013,237.96
india,2014,237.96
india,2015,237.96
india,2016,237.96
india,2017,247.46
india,2018,247.46
india,2019,247.46
india,2020,247.46
india,2021,247.46
india,2022,247.46
indonesia,1960,2.9932
indonesia,1961,2.9932
indonesia,1962,3.0337
indonesia,1963,3.0337
indonesia,1964,3.0337
indonesia,1965,3.0337
indonesia,1966,3.0337
indonesia,1967,5.5897
indonesia,1968,5.5897
indonesia,1969,5.5897
indonesia,1970,5.6520
indonesia,1971,5.6520
indonesia,1972,5.6520
indonesia,1973,7.5850
indonesia,1974,7.5850
indonesia,1975,7.6451
indonesia,1976,7.6589
indonesia,1977,7.6589
indonesia,1978,7.7607
indonesia,1979,7.7692
indonesia,1980,7.7748
indonesia,1981,7.7756
indonesia,1982,9.0956
indonesia,1983,11.950
indonesia,1984,12.099
indonesia,1985,12.099
indonesia,1986,13.111
indonesia,1987,13.556
indonesia,1988,16.756
indonesia,1989,17.684
indonesia,1990,17.692
indonesia,1991,17.694
indonesia,1992,17.752
indonesia,1993,17.754
indonesia,1994,17.808
indonesia,1995,15.800
indonesia,1996,20.780
indonesia,1997,22.336
indonesia,1998,22.343
indonesia,1999,22.939
indonesia,2000,22.939
indonesia,2001,22.939
indonesia,2002,23.021
indonesia,2003,23.021
indonesia,2004,23.021
indonesia,2005,23.021
indonesia,2006,22.490
indonesia,2007,23.021
indonesia,2008,23.021
indonesia,2009,23.021
indonesia,2010,23.021
indonesia,2011,23.021
indonesia,2012,23.021
indonesia,2013,23.021
indonesia,2014,23.021
indonesia,2015,24.001
indonesia,2016,24.001
indonesia,2017,24.001
indonesia,2018,24.001
indonesia,2019,24.001
indonesia,2020,24.001
indonesia,2021,24.001
indonesia,2022,24.001
iran_islamic_republic_of,1960,4.4479
iran_islamic_republic_of,1961,6.4529
iran_islamic_republic_of,1962,9.3089
iran_islamic_republic_of,1963,9.3169
iran_islamic_republic_of,1964,9.3169
iran_islamic_republic_of,1965,9.3169
iran_islamic_republic_of,1966,9.3169
iran_islamic_republic_of,1967,9.4119
iran_islamic_republic_of,1968,9.4119
iran_islamic_republic_of,1969,9.4119
iran_islamic_republic_of,1970,11.189
iran_islamic_republic_of,1971,11.839
iran_islamic_republic_of,1972,12.832
iran_islamic_republic_of,1973,12.832
iran_islamic_republic_of,1974,12.832
iran_islamic_republic_of,1975,12.832
iran_islamic_republic_of,1976,15.971
iran_islamic_republic_of,1977,15.971
iran_islamic_republic_of,1978,15.971
iran_islamic_republic_of,1979,15.971
iran_islamic_republic_of,1980,15.971
iran_islamic_republic_of,1981,15.971
iran_islamic_republic_of,1982,16.931
iran_islamic_republic_of,1983,16.931
iran_islamic_republic_of,1984,17.281
iran_islamic_republic_of,1985,17.281
iran_islamic_republic_of,1986,17.281
iran_islamic_republic_of,1987,17.309
iran_islamic_republic_of,1988,17.342
iran_islamic_republic_of,1989,17.342
iran_islamic_republic_of,1990,17.342
iran_islamic_republic_of,1991,17.742
iran_islamic_republic_of,1992,17.784
iran_islamic_republic_of,1993,18.257
iran_islamic_republic_of,1994,18.457
iran_islamic_republic_of,1995,18.517
iran_islamic_republic_of,1996,18.887
iran_islamic_republic_of,1997,18.962
iran_islamic_republic_of,1998,19.099
iran_islamic_republic_of,1999,20.299
iran_islamic_republic_of,2000,20.506
iran_islamic_republic_of,2001,26.418
iran_islamic_republic_of,2002,26.457
iran_islamic_republic_of,2003,27.179
iran_islamic_republic_of,2004,31.074
iran_islamic_republic_of,2005,31.545
iran_islamic_republic_of,2006,31.610
iran_islamic_republic_of,2007,32.235
iran_islamic_republic_of,2008,33.847
iran_islamic_republic_of,2009,33.847
iran_islamic_republic_of,2010,36.092
iran_islamic_republic_of,2011,36.092
iran_islamic_republic_of,2012,40.592
iran_islamic_republic_of,2013,43.902
iran_islamic_republic_of,2014,44.162
iran_islamic_republic_of,2015,44.214
iran_islamic_republic_of,2016,44.442
iran_islamic_republic_of,2017,44.442
iran_islamic_republic_of,2018,44.442
iran_islamic_republic_of,2019,44.442
iran_islamic_republic_of,2020,44.442
iran_islamic_republic_of,2021,44.442
iran_islamic_republic_of,2022,44.442
iraq,1960,88.300
iraq,1961,95.100
iraq,1962,98.100
iraq,1963,98.100
iraq,1964,98.100
iraq,1965,101.10
iraq,1966,101.10
iraq,1967,101.10
iraq,1968,101.10
iraq,1969,101.10
iraq,1970,127.10
iraq,1971,127.10
iraq,1972,127.10
iraq,1973,127.10
iraq,1974,127.10
iraq,1975,127.10
iraq,1976,127.10
iraq,1977,127.10
iraq,1978,127.10
iraq,1979,127.10
iraq,1980,131.10
iraq,1981,131.10
iraq,1982,131.10
iraq,1983,143.60
iraq,1984,151.80
iraq,1985,151.80
iraq,1986,151.80
iraq,1987,151.80
iraq,1988,151.80
iraq,1989,151.80
iraq,1990,151.80
iraq,1991,151.80
iraq,1992,151.80
iraq,1993,151.80
iraq,1994,151.80
iraq,1995,151.80
iraq,1996,151.80
iraq,1997,151.80
iraq,1998,151.80
iraq,1999,151.80
iraq,2000,151.80
iraq,2001,151.80
iraq,2002,151.80
iraq,2003,151.80
iraq,2004,151.80
iraq,2005,151.80
iraq,2006,151.80
iraq,2007,151.80
iraq,2008,151.80
iraq,2009,151.80
iraq,2010,151.80
iraq,2011,151.80
iraq,2012,151.80
iraq,2013,151.80
iraq,2014,151.80
iraq,2015,151.80
iraq,2016,151.80
iraq,2017,151.80
iraq,2018,151.80
iraq,2019,151.80
iraq,2020,151.80
iraq,2021,151.80
iraq,2022,151.80
ireland,1960,0.86900
ireland,1961,0.86900
ireland,1962,0.86900
ireland,1963,0.86900
ireland,1964,0.86900
ireland,1965,0.86900
ireland,1966,0.86900
ireland,1967,0.86900
ireland,1968,0.86900
ireland,1969,0.86900
ireland,1970,0.86900
ireland,1971,0.86900
ireland,1972,0.86900
ireland,1973,0.86900
ireland,1974,0.86900
ireland,1975,0.86900
ireland,1976,0.86900
ireland,1977,0.86900
ireland,1978,0.86900
ireland,1979,0.86900
ireland,1980,0.86900
ireland,1981,0.86900
ireland,1982,0.86900
ireland,1983,0.86900
ireland,1984,0.86900
ireland,1985,0.86900
ireland,1986,0.86900
ireland,1987,0.86900
ireland,1988,0.86900
ireland,1989,0.86900
ireland,1990,0.86900
ireland,1991,0.86900
ireland,1992,0.86900
ireland,1993,0.86900
ireland,1994,0.86900
ireland,1995,0.86900
ireland,1996,0.86900
ireland,1997,0.86900
ireland,1998,0.86900
ireland,1999,0.86900
ireland,2000,0.86900
ireland,2001,0.86900
ireland,2002,0.86900
ireland,2003,0.86900
ireland,2004,0.86900
ireland,2005,0.86900
ireland,2006,0.86900
ireland,2007,0.86900
ireland,2008,0.86900
ireland,2009,0.86900
ireland,2010,0.86900
ireland,2011,0.86900
ireland,2012,0.86900
ireland,2013,0.86900
ireland,2014,0.86900
ireland,2015,0.86900
ireland,2016,0.86900
ireland,2017,0.86900
ireland,2018,0.86900
ireland,2019,0.86900
ireland,2020,0.86900
ireland,2021,0.86900
ireland,2022,0.86900
italy,1960,3.8916
italy,1961,3.9856
italy,1962,4.1665
italy,1963,4.3815
italy,1964,4.4508
italy,1965,4.6302
italy,1966,4.9632
italy,1967,4.9632
italy,1968,5.0312
italy,1969,5.0312
italy,1970,7.7200
italy,1971,7.7414
italy,1972,7.7608
italy,1973,7.7608
italy,1974,7.8018
italy,1975,7.8975
italy,1976,7.9378
italy,1977,7.9378
italy,1978,7.9378
italy,1979,7.9378
italy,1980,8.0138
italy,1981,8.0138
italy,1982,8.6190
italy,1983,8.6372
italy,1984,8.4300
italy,1985,8.7345
italy,1986,8.7345
italy,1987,8.7345
italy,1988,8.7345
italy,1989,8.7345
italy,1990,8.7345
italy,1991,8.8737
italy,1992,9.0511
italy,1993,9.2191
italy,1994,9.2191
italy,1995,9.2191
italy,1996,9.2996
italy,1997,9.2996
italy,1998,9.2996
italy,1999,10.048
italy,2000,10.048
italy,2001,10.048
italy,2002,10.048
italy,2003,10.048
italy,2004,10.048
italy,2005,10.048
italy,2006,10.048
italy,2007,10.048
italy,2008,10.048
italy,2009,10.048
italy,2010,10.048
italy,2011,10.048
italy,2012,10.048
italy,2013,10.048
italy,2014,10.048
italy,2015,10.048
italy,2016,10.048
italy,2017,10.048
italy,2018,10.048
italy,2019,10.048
italy,2020,10.048
italy,2021,10.048
italy,2022,10.048
jamaica,1960,0.0054500
jamaica,1961,0.0054500
jamaica,1962,0.0054500
jamaica,1963,0.0054500
jamaica,1964,0.0054500
jamaica,1965,0.0054500
jamaica,1966,0.0054500
jamaica,1967,0.0054500
jamaica,1968,0.0054500
jamaica,1969,0.0054500
jamaica,1970,0.0054500
jamaica,1971,0.0054500
jamaica,1972,0.0054500
jamaica,1973,0.0054500
jamaica,1974,0.0054500
jamaica,1975,0.0054500
jamaica,1976,0.0054500
jamaica,1977,0.0054500
jamaica,1978,0.0054500
jamaica,1979,0.0054500
jamaica,1980,0.0054500
jamaica,1981,0.0054500
jamaica,1982,0.0054500
jamaica,1983,0.0054500
jamaica,1984,0.0054500
jamaica,1985,0.0054500
jamaica,1986,0.0054500
jamaica,1987,0.0054500
jamaica,1988,0.0054500
jamaica,1989,0.0054500
jamaica,1990,0.0054500
jamaica,1991,0.0054500
jamaica,1992,0.0054500
jamaica,1993,0.0054500
jamaica,1994,0.0054500
jamaica,1995,0.0054500
jamaica,1996,0.0054500
jamaica,1997,0.0054500
jamaica,1998,0.0054500
jamaica,1999,0.0054500
jamaica,2000,0.0054500
jamaica,2001,0.0054500
jamaica,2002,0.0054500
jamaica,2003,0.0054500
jamaica,2004,0.0054500
jamaica,2005,0.0054500
jamaica,2006,0.0054500
jamaica,2007,0.0054500
jamaica,2008,0.0054500
jamaica,2009,0.0054500
jamaica,2010,0.0054500
jamaica,2011,0.0054500
jamaica,2012,0.0054500
jamaica,2013,0.0054500
jamaica,2014,0.0054500
jamaica,2015,0.0054500
jamaica,2016,0.0054500
jamaica,2017,0.0054500
jamaica,2018,0.0054500
jamaica,2019,0.0054500
jamaica,2020,0.0054500
jamaica,2021,0.0054500
jamaica,2022,0.0054500
japan,1960,5.5588
japan,1961,6.3036
japan,1962,6.5980
japan,1963,6.9955
japan,1964,7.6825
japan,1965,8.0456
japan,1966,8.3033
japan,1967,8.8168
japan,1968,9.6233
japan,1969,9.8630
japan,1970,10.357
japan,1971,10.456
japan,1972,10.765
japan,1973,11.040
japan,1974,11.509
japan,1975,11.613
japan,1976,11.931
japan,1977,12.380
japan,1978,12.543
japan,1979,12.915
japan,1980,13.005
japan,1981,13.150
japan,1982,13.218
japan,1983,13.695
japan,1984,13.892
japan,1985,13.992
japan,1986,14.132
japan,1987,14.243
japan,1988,14.350
japan,1989,14.488
japan,1990,15.202
japan,1991,17.360
japan,1992,17.433
japan,1993,28.980
japan,1994,28.993
japan,1995,29.620
japan,1996,29.631
japan,1997,29.697
japan,1998,29.846
japan,1999,30.080
japan,2000,30.086
japan,2001,30.484
japan,2002,31.165
japan,2003,31.165
japan,2004,31.220
japan,2005,31.277
japan,2006,31.352
japan,2007,31.352
japan,2008,31.437
japan,2009,31.454
japan,2010,31.454
japan,2011,31.454
japan,2012,31.454
japan,2013,31.473
japan,2014,31.473
japan,2015,31.473
japan,2016,31.473
japan,2017,31.473
japan,2018,31.473
japan,2019,31.473
japan,2020,31.473
japan,2021,31.473
japan,2022,31.473
jordan,1967,0.0043000
jordan,1968,0.0043000
jordan,1969,0.0066000
jordan,1970,0.0066000
jordan,1971,0.0066000
jordan,1972,0.0066000
jordan,1973,0.0066000
jordan,1974,0.0066000
jordan,1975,0.0066000
jordan,1976,0.0066000
jordan,1977,0.0066000
jordan,1978,0.0066000
jordan,1979,0.0066000
jordan,1980,0.0066000
jordan,1981,0.0066000
jordan,1982,0.0066000
jordan,1983,0.0066000
jordan,1984,0.0066000
jordan,1985,0.0066000
jordan,1986,0.026600
jordan,1987,0.10160
jordan,1988,0.10160
jordan,1989,0.10160
jordan,1990,0.10160
jordan,1991,0.10160
jordan,1992,0.10160
jordan,1993,0.10160
jordan,1994,0.10160
jordan,1995,0.10160
jordan,1996,0.10160
jordan,1997,0.11010
jordan,1998,0.16262
jordan,1999,0.16262
jordan,2000,0.16262
jordan,2001,0.17942
jordan,2002,0.17942
jordan,2003,0.21992
jordan,2004,0.21992
jordan,2005,0.21992
jordan,2006,0.21992
jordan,2007,0.27492
jordan,2008,0.27492
jordan,2009,0.27492
jordan,2010,0.27492
jordan,2011,0.27492
jordan,2012,0.27492
jordan,2013,0.27492
jordan,2014,0.27492
jordan,2015,0.27492
jordan,2016,0.27492
jordan,2017,0.27492
jordan,2018,0.27492
jordan,2019,0.27492
jordan,2020,0.27492
jordan,2021,0.27492
jordan,2022,0.27492
kazakhstan,1992,79.947
kazakhstan,1993,79.947
kazakhstan,1994,79.947
kazakhstan,1995,79.947
kazakhstan,1996,79.947
kazakhstan,1997,79.947
kazakhstan,1998,79.947
kazakhstan,1999,79.947
kazakhstan,2000,79.947
kazakhstan,2001,79.947
kazakhstan,2002,79.947
kazakhstan,2003,79.947
kazakhstan,2004,79.947
kazakhstan,2005,79.947
kazakhstan,2006,79.947
kazakhstan,2007,79.947
kazakhstan,2008,79.947
kazakhstan,2009,79.947
kazakhstan,2010,79.947
kazakhstan,2011,79.947
kazakhstan,2012,79.947
kazakhstan,2013,79.947
kazakhstan,2014,79.947
kazakhstan,2015,79.947
kazakhstan,2016,79.947
kazakhstan,2017,79.947
kazakhstan,2018,79.947
kazakhstan,2019,79.947
kazakhstan,2020,79.947
kazakhstan,2021,79.947
kazakhstan,2022,79.947
kenya,1960,20.019
kenya,1961,20.019
kenya,1962,20.019
kenya,1963,20.019
kenya,1964,20.019
kenya,1965,20.019
kenya,1966,20.019
kenya,1967,20.019
kenya,1968,20.035
kenya,1969,20.035
kenya,1970,20.035
kenya,1971,20.035
kenya,1972,20.035
kenya,1973,20.035
kenya,1974,20.185
kenya,1975,20.185
kenya,1976,20.185
kenya,1977,20.185
kenya,1978,20.205
kenya,1979,20.205
kenya,1980,21.765
kenya,1981,21.766
kenya,1982,21.767
kenya,1983,21.767
kenya,1984,21.771
kenya,1985,21.771
kenya,1986,21.771
kenya,1987,22.359
kenya,1988,22.359
kenya,1989,22.359
kenya,1990,22.359
kenya,1991,24.691
kenya,1992,24.691
kenya,1993,24.761
kenya,1994,24.761
kenya,1995,24.761
kenya,1996,24.761
kenya,1997,24.761
kenya,1998,24.761
kenya,1999,24.761
kenya,2000,24.764
kenya,2001,24.764
kenya,2002,24.764
kenya,2003,24.764
kenya,2004,24.764
kenya,2005,24.764
kenya,2006,24.764
kenya,2007,24.764
kenya,2008,24.764
kenya,2009,24.764
kenya,2010,24.764
kenya,2011,24.764
kenya,2012,24.765
kenya,2013,24.773
kenya,2014,24.785
kenya,2015,24.785
kenya,2016,24.785
kenya,2017,24.785
kenya,2018,24.785
kenya,2019,24.785
kenya,2020,24.785
kenya,2021,24.785
kenya,2022,24.785
kyrgyzstan,1992,21.720
kyrgyzstan,1993,21.720
kyrgyzstan,1994,21.720
kyrgyzstan,1995,23.500
kyrgyzstan,1996,23.500
kyrgyzstan,1997,23.500
kyrgyzstan,1998,23.500
kyrgyzstan,1999,23.500
kyrgyzstan,2000,23.500
kyrgyzstan,2001,23.500
kyrgyzstan,2002,23.500
kyrgyzstan,2003,23.500
kyrgyzstan,2004,23.500
kyrgyzstan,2005,23.500
kyrgyzstan,2006,23.500
kyrgyzstan,2007,23.500
kyrgyzstan,2008,23.500
kyrgyzstan,2009,23.500
kyrgyzstan,2010,23.570
kyrgyzstan,2011,23.570
kyrgyzstan,2012,23.570
kyrgyzstan,2013,23.570
kyrgyzstan,2014,23.570
kyrgyzstan,2015,23.570
kyrgyzstan,2016,23.570
kyrgyzstan,2017,23.570
kyrgyzstan,2018,23.570
kyrgyzstan,2019,23.570
kyrgyzstan,2020,23.570
kyrgyzstan,2021,23.570
kyrgyzstan,2022,23.570
lao_people_s_democratic_republic,1975,7.0300
lao_people_s_democratic_republic,1976,7.0300
lao_people_s_democratic_republic,1977,7.0300
lao_people_s_democratic_republic,1978,7.0300
lao_people_s_democratic_republic,1979,7.0300
lao_people_s_democratic_republic,1980,7.0300
lao_people_s_democratic_republic,1981,7.0300
lao_people_s_democratic_republic,1982,7.0300
lao_people_s_democratic_republic,1983,7.0300
lao_people_s_democratic_republic,1984,7.0300
lao_people_s_democratic_republic,1985,7.0300
lao_people_s_democratic_republic,1986,7.0100
lao_people_s_democratic_republic,1987,7.0100
lao_people_s_democratic_republic,1988,7.0100
lao_people_s_democratic_republic,1989,7.0100
lao_people_s_democratic_republic,1990,7.0300
lao_people_s_democratic_republic,1991,7.0400
lao_people_s_democratic_republic,1992,7.0400
lao_people_s_democratic_republic,1993,7.0700
lao_people_s_democratic_republic,1994,7.0700
lao_people_s_democratic_republic,1995,7.0300
lao_people_s_democratic_republic,1996,7.0700
lao_people_s_democratic_republic,1997,7.0700
lao_people_s_democratic_republic,1998,7.0900
lao_people_s_democratic_republic,1999,7.0900
lao_people_s_democratic_republic,2000,7.8110
lao_people_s_democratic_republic,2001,7.0900
lao_people_s_democratic_republic,2002,7.0900
lao_people_s_democratic_republic,2003,7.0900
lao_people_s_democratic_republic,2004,7.0900
lao_people_s_democratic_republic,2005,7.8110
lao_people_s_democratic_republic,2006,7.0900
lao_people_s_democratic_republic,2007,7.0900
lao_people_s_democratic_republic,2008,7.0900
lao_people_s_democratic_republic,2009,7.8110
lao_people_s_democratic_republic,2010,7.8110
lao_people_s_democratic_republic,2011,10.620
lao_people_s_democratic_republic,2012,10.620
lao_people_s_democratic_republic,2013,10.620
lao_people_s_democratic_republic,2014,10.620
lao_people_s_democratic_republic,2015,10.620
lao_people_s_democratic_republic,2016,10.620
lao_people_s_democratic_republic,2017,10.620
lao_people_s_democratic_republic,2018,10.620
lao_people_s_democratic_republic,2019,10.620
lao_people_s_democratic_republic,2020,10.620
lao_people_s_democratic_republic,2021,10.620
lao_people_s_democratic_republic,2022,10.620
latvia,1992,1.0050
latvia,1993,1.0050
latvia,1994,1.0050
latvia,1995,1.0050
latvia,1996,1.0050
latvia,1997,1.0050
latvia,1998,1.0050
latvia,1999,1.0050
latvia,2000,1.0050
latvia,2001,1.0050
latvia,2002,1.0050
latvia,2003,1.0050
latvia,2004,1.0050
latvia,2005,1.0050
latvia,2006,1.0050
latvia,2007,1.0050
latvia,2008,1.0050
latvia,2009,1.0050
latvia,2010,1.0050
latvia,2011,1.0050
latvia,2012,1.0050
latvia,2013,1.0050
latvia,2014,1.0050
latvia,2015,1.0050
latvia,2016,1.0050
latvia,2017,1.0050
latvia,2018,1.0050
latvia,2019,1.0050
latvia,2020,1.0050
latvia,2021,1.0050
latvia,2022,1.0050
lebanon,1961,0.22000
lebanon,1962,0.22000
lebanon,1963,0.22000
lebanon,1964,0.22000
lebanon,1965,0.22000
lebanon,1966,0.22000
lebanon,1967,0.22000
lebanon,1968,0.22000
lebanon,1969,0.22000
lebanon,1970,0.22000
lebanon,1971,0.22000
lebanon,1972,0.22000
lebanon,1973,0.22000
lebanon,1974,0.22000
lebanon,1975,0.22000
lebanon,1976,0.22000
lebanon,1977,0.22000
lebanon,1978,0.22000
lebanon,1979,0.22000
lebanon,1980,0.22000
lebanon,1981,0.22000
lebanon,1982,0.22000
lebanon,1983,0.22000
lebanon,1984,0.22000
lebanon,1985,0.22000
lebanon,1986,0.22000
lebanon,1987,0.22000
lebanon,1988,0.22000
lebanon,1989,0.22000
lebanon,1990,0.22000
lebanon,1991,0.22000
lebanon,1992,0.22000
lebanon,1993,0.22000
lebanon,1994,0.22000
lebanon,1995,0.22000
lebanon,1996,0.22000
lebanon,1997,0.22000
lebanon,1998,0.22000
lebanon,1999,0.22000
lebanon,2000,0.22000
lebanon,2001,0.22000
lebanon,2002,0.22000
lebanon,2003,0.22000
lebanon,2004,0.22000
lebanon,2005,0.22000
lebanon,2006,0.22000
lebanon,2007,0.22800
lebanon,2008,0.22800
lebanon,2009,0.22800
lebanon,2010,0.22800
lebanon,2011,0.22800
lebanon,2012,0.22800
lebanon,2013,0.22800
lebanon,2014,0.22800
lebanon,2015,0.22800
lebanon,2016,0.22800
lebanon,2017,0.22800
lebanon,2018,0.22800
lebanon,2019,0.22800
lebanon,2020,0.22800
lebanon,2021,0.22800
lebanon,2022,0.22800
lesotho,1960,0.86310
lesotho,1961,0.86310
lesotho,1962,0.86310
lesotho,1963,0.86485
lesotho,1964,0.86485
lesotho,1965,0.86490
lesotho,1966,0.86485
lesotho,1967,0.86485
lesotho,1968,0.86485
lesotho,1969,0.86609
lesotho,1970,0.86609
lesotho,1971,0.86609
lesotho,1972,0.86609
lesotho,1973,0.86609
lesotho,1974,0.86609
lesotho,1975,0.86609
lesotho,1976,0.86609
lesotho,1977,0.86609
lesotho,1978,0.86609
lesotho,1979,0.86609
lesotho,1980,0.86609
lesotho,1981,0.87040
lesotho,1982,0.87040
lesotho,1983,0.87040
lesotho,1984,0.87040
lesotho,1985,0.87040
lesotho,1986,0.87040
lesotho,1987,0.87040
lesotho,1988,0.87040
lesotho,1989,0.87040
lesotho,1990,0.87040
lesotho,1991,0.87040
lesotho,1992,0.87040
lesotho,1993,0.87040
lesotho,1994,0.87040
lesotho,1995,0.87040
lesotho,1996,0.87040
lesotho,1997,2.8204
lesotho,1998,2.8204
lesotho,1999,2.8204
lesotho,2000,2.8204
lesotho,2001,2.8204
lesotho,2002,2.8204
lesotho,2003,2.8204
lesotho,2004,2.8204
lesotho,2005,2.8204
lesotho,2006,2.8204
lesotho,2007,2.8204
lesotho,2008,2.8204
lesotho,2009,2.8204
lesotho,2010,2.8204
lesotho,2011,2.8204
lesotho,2012,2.8204
lesotho,2013,2.8204
lesotho,2014,2.8204
lesotho,2015,2.8204
lesotho,2016,2.8734
lesotho,2017,2.8734
lesotho,2018,2.8734
lesotho,2019,2.8734
lesotho,2020,2.8734
lesotho,2021,2.8734
lesotho,2022,2.8734
liberia,1966,0.23860
liberia,1967,0.23860
liberia,1968,0.23860
liberia,1969,0.23860
liberia,1970,0.23860
liberia,1971,0.23860
liberia,1972,0.23860
liberia,1973,0.23860
liberia,1974,0.23860
liberia,1975,0.23860
liberia,1976,0.23860
liberia,1977,0.23860
liberia,1978,0.23860
liberia,1979,0.23860
liberia,1980,0.23860
liberia,1981,0.23860
liberia,1982,0.23860
liberia,1983,0.23860
liberia,1984,0.23860
liberia,1985,0.23860
liberia,1986,0.23860
liberia,1987,0.23860
liberia,1988,0.23860
liberia,1989,0.23860
liberia,1990,0.23860
liberia,1991,0.23860
liberia,1992,0.23860
liberia,1993,0.23860
liberia,1994,0.23860
liberia,1995,0.23860
liberia,1996,0.23860
liberia,1997,0.23860
liberia,1998,0.23860
liberia,1999,0.23860
liberia,2000,0.23860
liberia,2001,0.23860
liberia,2002,0.23860
liberia,2003,0.23860
liberia,2004,0.23860
liberia,2005,0.23860
liberia,2006,0.23860
liberia,2007,0.23860
liberia,2008,0.23860
liberia,2009,0.23860
liberia,2010,0.23860
liberia,2011,0.23860
liberia,2012,0.23860
liberia,2013,0.23860
liberia,2014,0.23860
liberia,2015,0.23860
liberia,2016,0.23860
liberia,2017,0.23860
liberia,2018,0.23860
liberia,2019,0.23860
liberia,2020,0.23860
liberia,2021,0.23860
liberia,2022,0.23860
libya,1960,0.013440
libya,1961,0.013440
libya,1962,0.013440
libya,1963,0.013440
libya,1964,0.013440
libya,1965,0.013440
libya,1966,0.013440
libya,1967,0.013440
libya,1968,0.013440
libya,1969,0.013440
libya,1970,0.013440
libya,1971,0.013440
libya,1972,0.071440
libya,1973,0.20644
libya,1974,0.20644
libya,1975,0.20644
libya,1976,0.20644
libya,1977,0.20644
libya,1978,0.23309
libya,1979,0.34409
libya,1980,0.34409
libya,1981,0.34409
libya,1982,0.38789
libya,1983,0.38789
libya,1984,0.38989
libya,1985,0.38989
libya,1986,0.38989
libya,1987,0.38989
libya,1988,0.38989
libya,1989,0.38989
libya,1990,0.38989
libya,1991,0.38989
libya,1992,0.38989
libya,1993,0.38989
libya,1994,0.38989
libya,1995,0.38989
libya,1996,0.38989
libya,1997,0.38989
libya,1998,0.38989
libya,1999,0.38989
libya,2000,0.38989
libya,2001,0.38989
libya,2002,0.38989
libya,2003,0.38989
libya,2004,0.38989
libya,2005,0.38989
libya,2006,0.38989
libya,2007,0.38989
libya,2008,0.38989
libya,2009,0.38989
libya,2010,0.38989
libya,2011,0.38989
libya,2012,0.38989
libya,2013,0.38989
libya,2014,0.38989
libya,2015,0.38989
libya,2016,0.38989
libya,2017,0.38989
libya,2018,0.38989
libya,2019,0.38989
libya,2020,0.38989
libya,2021,0.38989
libya,2022,0.38989
lithuania,1992,0.49520
lithuania,1993,0.49520
lithuania,1994,0.49520
lithuania,1995,0.49520
lithuania,1996,0.49520
lithuania,1997,0.49520
lithuania,1998,0.49520
lithuania,1999,0.49520
lithuania,2000,0.49520
lithuania,2001,0.49520
lithuania,2002,0.49520
lithuania,2003,0.49520
lithuania,2004,0.49520
lithuania,2005,0.49520
lithuania,2006,0.49520
lithuania,2007,0.49520
lithuania,2008,0.49520
lithuania,2009,0.49520
lithuania,2010,0.49520
lithuania,2011,0.49520
lithuania,2012,0.49520
lithuania,2013,0.49520
lithuania,2014,0.49520
lithuania,2015,0.49520
lithuania,2016,0.49520
lithuania,2017,0.49520
lithuania,2018,0.49520
lithuania,2019,0.49520
lithuania,2020,0.49520
lithuania,2021,0.49520
lithuania,2022,0.49520
luxembourg,1960,0.062000
luxembourg,1961,0.062000
luxembourg,1962,0.062000
luxembourg,1963,0.062000
luxembourg,1964,0.062000
luxembourg,1965,0.062000
luxembourg,1966,0.062000
luxembourg,1967,0.062000
luxembourg,1968,0.062000
luxembourg,1969,0.062000
luxembourg,1970,0.062000
luxembourg,1971,0.062000
luxembourg,1972,0.062000
luxembourg,1973,0.062000
luxembourg,1974,0.062000
luxembourg,1975,0.062000
luxembourg,1976,0.062000
luxembourg,1977,0.062000
luxembourg,1978,0.062000
luxembourg,1979,0.062000
luxembourg,1980,0.062000
luxembourg,1981,0.062000
luxembourg,1982,0.062000
luxembourg,1983,0.062000
luxembourg,1984,0.062000
luxembourg,1985,0.062000
luxembourg,1986,0.062000
luxembourg,1987,0.062000
luxembourg,1988,0.062000
luxembourg,1989,0.062000
luxembourg,1990,0.062000
luxembourg,1991,0.062000
luxembourg,1992,0.062000
luxembourg,1993,0.062000
luxembourg,1994,0.062000
luxembourg,1995,0.062000
luxembourg,1996,0.062000
luxembourg,1997,0.062000
luxembourg,1998,0.062000
luxembourg,1999,0.062000
luxembourg,2000,0.062000
luxembourg,2001,0.062000
luxembourg,2002,0.062000
luxembourg,2003,0.062000
luxembourg,2004,0.062000
luxembourg,2005,0.062000
luxembourg,2006,0.062000
luxembourg,2007,0.062000
luxembourg,2008,0.062000
luxembourg,2009,0.062000
luxembourg,2010,0.062000
luxembourg,2011,0.062000
luxembourg,2012,0.062000
luxembourg,2013,0.062000
luxembourg,2014,0.062000
luxembourg,2015,0.062000
luxembourg,2016,0.062000
luxembourg,2017,0.062000
luxembourg,2018,0.062000
luxembourg,2019,0.062000
luxembourg,2020,0.062000
luxembourg,2021,0.062000
luxembourg,2022,0.062000
madagascar,1960,0.48846
madagascar,1961,0.48846
madagascar,1962,0.48846
madagascar,1963,0.48846
madagascar,1964,0.48846
madagascar,1965,0.48846
madagascar,1966,0.48846
madagascar,1967,0.48846
madagascar,1968,0.48846
madagascar,1969,0.48846
madagascar,1970,0.48846
madagascar,1971,0.49346
madagascar,1972,0.49346
madagascar,1973,0.49346
madagascar,1974,0.49346
madagascar,1975,0.49346
madagascar,1976,0.49346
madagascar,1977,0.49346
madagascar,1978,0.49346
madagascar,1979,0.49346
madagascar,1980,0.49346
madagascar,1981,0.49346
madagascar,1982,0.49346
madagascar,1983,0.49346
madagascar,1984,0.49346
madagascar,1985,0.49346
madagascar,1986,0.49346
madagascar,1987,0.49346
madagascar,1988,0.49346
madagascar,1989,0.49346
madagascar,1990,0.49346
madagascar,1991,0.49346
madagascar,1992,0.49346
madagascar,1993,0.49346
madagascar,1994,0.49346
madagascar,1995,0.49346
madagascar,1996,0.49346
madagascar,1997,0.49346
madagascar,1998,0.49346
madagascar,1999,0.49346
madagascar,2000,0.49346
madagascar,2001,0.49346
madagascar,2002,0.49346
madagascar,2003,0.49346
madagascar,2004,0.49346
madagascar,2005,0.49346
madagascar,2006,0.49346
madagascar,2007,0.49346
madagascar,2008,0.49346
madagascar,2009,0.49346
madagascar,2010,0.49346
madagascar,2011,0.49346
madagascar,2012,0.49346
madagascar,2013,0.49346
madagascar,2014,0.49346
madagascar,2015,0.49346
madagascar,2016,0.49346
madagascar,2017,0.49346
madagascar,2018,0.49346
madagascar,2019,0.49346
madagascar,2020,0.49346
madagascar,2021,0.49346
madagascar,2022,0.49346
malawi,1960,0.036555
malawi,1961,0.036555
malawi,1962,0.036555
malawi,1963,0.036555
malawi,1964,0.036555
malawi,1965,0.036555
malawi,1966,0.041755
malawi,1967,0.041755
malawi,1968,0.041755
malawi,1969,0.041755
malawi,1970,0.041755
malawi,1971,0.041755
malawi,1972,0.041755
malawi,1973,0.041755
malawi,1974,0.041755
malawi,1975,0.041755
malawi,1976,0.041755
malawi,1977,0.041755
malawi,1978,0.041755
malawi,1979,0.041755
malawi,1980,0.041755
malawi,1981,0.041755
malawi,1982,0.041755
malawi,1983,0.041755
malawi,1984,0.041755
malawi,1985,0.041755
malawi,1986,0.041755
malawi,1987,0.041755
malawi,1988,0.041755
malawi,1989,0.041755
malawi,1990,0.041755
malawi,1991,0.041755
malawi,1992,0.041755
malawi,1993,0.041755
malawi,1994,0.041755
malawi,1995,0.041755
malawi,1996,0.041755
malawi,1997,0.041755
malawi,1998,0.041755
malawi,1999,0.041755
malawi,2000,0.041755
malawi,2001,0.041755
malawi,2002,0.041755
malawi,2003,0.041755
malawi,2004,0.041755
malawi,2005,0.041755
malawi,2006,0.041755
malawi,2007,0.041755
malawi,2008,0.041755
malawi,2009,0.041755
malawi,2010,0.041755
malawi,2011,0.041755
malawi,2012,0.041755
malawi,2013,0.041755
malawi,2014,0.041755
malawi,2015,0.041755
malawi,2016,0.041755
malawi,2017,0.041755
malawi,2018,0.041755
malawi,2019,0.041755
malawi,2020,0.041755
malawi,2021,0.041755
malawi,2022,0.041755
malaysia,1960,0.20788
malaysia,1961,0.20788
malaysia,1962,0.20788
malaysia,1963,0.20828
malaysia,1964,0.22278
malaysia,1965,0.22278
malaysia,1966,0.22278
malaysia,1967,0.22278
malaysia,1968,0.22278
malaysia,1969,1.2706
malaysia,1970,1.2706
malaysia,1971,1.2706
malaysia,1972,7.3206
malaysia,1973,7.3206
malaysia,1974,7.3206
malaysia,1975,7.3206
malaysia,1976,7.3206
malaysia,1977,7.3206
malaysia,1978,7.3206
malaysia,1979,7.3206
malaysia,1980,7.3206
malaysia,1981,7.3206
malaysia,1982,7.3512
malaysia,1983,7.7732
malaysia,1984,7.7912
malaysia,1985,22.219
malaysia,1986,22.219
malaysia,1987,22.256
malaysia,1988,22.256
malaysia,1989,22.256
malaysia,1990,22.288
malaysia,1991,22.288
malaysia,1992,22.328
malaysia,1993,22.328
malaysia,1994,22.328
malaysia,1995,22.328
malaysia,1996,22.328
malaysia,1997,22.328
malaysia,1998,22.328
malaysia,1999,22.328
malaysia,2000,22.328
malaysia,2001,22.328
malaysia,2002,22.328
malaysia,2003,22.328
malaysia,2004,22.450
malaysia,2005,22.450
malaysia,2006,22.450
malaysia,2007,22.450
malaysia,2008,22.450
malaysia,2009,22.450
malaysia,2010,22.450
malaysia,2011,22.450
malaysia,2012,22.450
malaysia,2013,22.450
malaysia,2014,22.450
malaysia,2015,22.450
malaysia,2016,22.450
malaysia,2017,22.450
malaysia,2018,22.450
malaysia,2019,22.450
malaysia,2020,22.450
malaysia,2021,22.450
malaysia,2022,22.450
maldives,1990,0.0000
maldives,1991,0.0000
maldives,1992,0.0000
maldives,1993,0.0000
maldives,1994,0.0000
maldives,1995,0.0000
maldives,1996,0.0000
maldives,1997,0.0000
maldives,1998,0.0000
maldives,1999,0.0000
maldives,2000,0.0000
maldives,2001,0.0000
maldives,2002,0.0000
maldives,2003,0.0000
maldives,2004,0.0000
maldives,2005,0.0000
maldives,2006,0.0000
maldives,2007,0.0000
maldives,2008,0.0000
maldives,2009,0.0000
maldives,2010,0.0000
maldives,2011,0.0000
maldives,2012,0.0000
maldives,2013,0.0000
maldives,2014,0.0000
maldives,2015,0.0000
maldives,2016,0.0000
maldives,2017,0.0000
maldives,2018,0.0000
maldives,2019,0.0000
maldives,2020,0.0000
maldives,2021,0.0000
maldives,2022,0.0000
mali,1960,0.17500
mali,1961,0.17500
mali,1962,0.17500
mali,1963,0.17500
mali,1964,0.17500
mali,1965,0.17500
mali,1966,0.17500
mali,1967,0.17500
mali,1968,0.17500
mali,1969,0.17500
mali,1970,0.17500
mali,1971,0.17500
mali,1972,0.17500
mali,1973,0.17500
mali,1974,0.17500
mali,1975,0.17500
mali,1976,0.17500
mali,1977,0.17500
mali,1978,0.17500
mali,1979,0.17500
mali,1980,0.17500
mali,1981,0.17500
mali,1982,2.3450
mali,1983,2.3450
mali,1984,2.3450
mali,1985,2.3450
mali,1986,2.3450
mali,1987,2.3450
mali,1988,13.615
mali,1989,13.615
mali,1990,13.615
mali,1991,13.615
mali,1992,13.615
mali,1993,13.615
mali,1994,13.615
mali,1995,13.615
mali,1996,13.615
mali,1997,13.615
mali,1998,13.615
mali,1999,13.615
mali,2000,13.615
mali,2001,13.615
mali,2002,13.615
mali,2003,13.615
mali,2004,13.615
mali,2005,13.615
mali,2006,13.800
mali,2007,13.795
mali,2008,13.795
mali,2009,13.795
mali,2010,13.795
mali,2011,13.795
mali,2012,13.795
mali,2013,13.795
mali,2014,13.795
mali,2015,13.795
mali,2016,13.795
mali,2017,13.795
mali,2018,13.795
mali,2019,13.795
mali,2020,13.795
mali,2021,13.795
mali,2022,13.795
malta,1995,0.0000
malta,1996,0.0000
malta,1997,0.0000
malta,1998,0.0000
malta,1999,0.0000
malta,2000,0.0000
malta,2001,0.0000
malta,2002,0.0000
malta,2003,0.0000
malta,2004,0.0000
malta,2005,0.0000
malta,2006,0.0000
malta,2007,0.0000
malta,2008,0.0000
malta,2009,0.0000
malta,2010,0.0000
malta,2011,0.0000
malta,2012,0.0000
malta,2013,0.0000
malta,2014,0.0000
malta,2015,0.0000
malta,2016,0.0000
malta,2017,0.0000
malta,2018,0.0000
malta,2019,0.0000
malta,2020,0.0000
malta,2021,0.0000
malta,2022,0.0000
mauritania,1988,0.50000
mauritania,1989,0.50000
mauritania,1990,0.50000
mauritania,1991,0.50000
mauritania,1992,0.50000
mauritania,1993,0.50000
mauritania,1994,0.50000
mauritania,1995,0.50000
mauritania,1996,0.50000
mauritania,1997,0.50000
mauritania,1998,0.50000
mauritania,1999,0.50000
mauritania,2000,0.50000
mauritania,2001,0.50000
mauritania,2002,0.50000
mauritania,2003,0.50000
mauritania,2004,0.50000
mauritania,2005,0.50000
mauritania,2006,0.50000
mauritania,2007,0.50000
mauritania,2008,0.50000
mauritania,2009,0.50000
mauritania,2010,0.50000
mauritania,2011,0.50000
mauritania,2012,0.50000
mauritania,2013,0.50000
mauritania,2014,0.50000
mauritania,2015,0.50000
mauritania,2016,0.50000
mauritania,2017,0.50000
mauritania,2018,0.50000
mauritania,2019,0.50000
mauritania,2020,0.50000
mauritania,2021,0.50000
mauritania,2022,0.50000
mauritius,1960,0.054770
mauritius,1961,0.060970
mauritius,1962,0.060970
mauritius,1963,0.060970
mauritius,1964,0.060970
mauritius,1965,0.062970
mauritius,1966,0.062970
mauritius,1967,0.062970
mauritius,1968,0.062970
mauritius,1969,0.062970
mauritius,1970,0.062970
mauritius,1971,0.062970
mauritius,1972,0.062970
mauritius,1973,0.062970
mauritius,1974,0.062970
mauritius,1975,0.062970
mauritius,1976,0.062970
mauritius,1977,0.062970
mauritius,1978,0.062970
mauritius,1979,0.062970
mauritius,1980,0.062970
mauritius,1981,0.062970
mauritius,1982,0.062970
mauritius,1983,0.062970
mauritius,1984,0.067370
mauritius,1985,0.067370
mauritius,1986,0.067370
mauritius,1987,0.067370
mauritius,1988,0.067370
mauritius,1989,0.067370
mauritius,1990,0.067370
mauritius,1991,0.067370
mauritius,1992,0.067370
mauritius,1993,0.067370
mauritius,1994,0.067370
mauritius,1995,0.067370
mauritius,1996,0.067370
mauritius,1997,0.067370
mauritius,1998,0.067370
mauritius,1999,0.067370
mauritius,2000,0.067370
mauritius,2001,0.067370
mauritius,2002,0.067370
mauritius,2003,0.092870
mauritius,2004,0.092870
mauritius,2005,0.092870
mauritius,2006,0.092870
mauritius,2007,0.092870
mauritius,2008,0.092870
mauritius,2009,0.092870
mauritius,2010,0.092870
mauritius,2011,0.092870
mauritius,2012,0.092870
mauritius,2013,0.092870
mauritius,2014,0.092870
mauritius,2015,0.092870
mauritius,2016,0.092870
mauritius,2017,0.092870
mauritius,2018,0.092870
mauritius,2019,0.092870
mauritius,2020,0.092870
mauritius,2021,0.092870
mauritius,2022,0.092870
mexico,1960,33.306
mexico,1961,34.283
mexico,1962,34.283
mexico,1963,46.783
mexico,1964,63.672
mexico,1965,63.672
mexico,1966,63.672
mexico,1967,64.186
mexico,1968,65.620
mexico,1969,67.851
mexico,1970,67.851
mexico,1971,71.761
mexico,1972,72.084
mexico,1973,72.084
mexico,1974,84.846
mexico,1975,84.846
mexico,1976,86.396
mexico,1977,86.396
mexico,1978,86.396
mexico,1979,86.396
mexico,1980,88.898
mexico,1981,91.013
mexico,1982,91.013
mexico,1983,93.813
mexico,1984,94.113
mexico,1985,94.413
mexico,1986,97.440
mexico,1987,97.440
mexico,1988,100.04
mexico,1989,100.49
mexico,1990,100.49
mexico,1991,100.90
mexico,1992,100.90
mexico,1993,106.76
mexico,1994,107.79
mexico,1995,110.70
mexico,1996,111.63
mexico,1997,111.63
mexico,1998,111.63
mexico,1999,111.63
mexico,2000,111.63
mexico,2001,111.63
mexico,2002,150.00
mexico,2003,150.00
mexico,2004,150.00
mexico,2005,150.00
mexico,2006,152.28
mexico,2007,152.28
mexico,2008,152.28
mexico,2009,152.28
mexico,2010,152.28
mexico,2011,150.00
mexico,2012,152.28
mexico,2013,152.28
mexico,2014,152.28
mexico,2015,152.28
mexico,2016,152.28
mexico,2017,152.28
mexico,2018,152.28
mexico,2019,152.28
mexico,2020,152.28
mexico,2021,152.28
mexico,2022,152.28
mongolia,1960,0.25000
mongolia,1961,0.25000
mongolia,1962,0.25000
mongolia,1963,0.25000
mongolia,1964,0.25000
mongolia,1965,0.25000
mongolia,1966,0.25000
mongolia,1967,0.25000
mongolia,1968,0.25000
mongolia,1969,0.25000
mongolia,1970,0.25000
mongolia,1971,0.25000
mongolia,1972,0.25000
mongolia,1973,0.25000
mongolia,1974,0.25000
mongolia,1975,0.25000
mongolia,1976,0.25000
mongolia,1977,0.25000
mongolia,1978,0.25000
mongolia,1979,0.25000
mongolia,1980,0.25000
mongolia,1981,0.25000
mongolia,1982,0.25000
mongolia,1983,0.25000
mongolia,1984,0.25000
mongolia,1985,0.25000
mongolia,1986,0.25000
mongolia,1987,0.25000
mongolia,1988,0.25000
mongolia,1989,0.25000
mongolia,1990,0.25000
mongolia,1991,0.25000
mongolia,1992,0.25000
mongolia,1993,0.25000
mongolia,1994,0.25000
mongolia,1995,0.25000
mongolia,1996,0.25000
mongolia,1997,0.25000
mongolia,1998,0.25000
mongolia,1999,0.25000
mongolia,2000,0.25000
mongolia,2001,0.25000
mongolia,2002,0.25000
mongolia,2003,0.25000
mongolia,2004,0.25000
mongolia,2005,0.25000
mongolia,2006,0.25000
mongolia,2007,0.25000
mongolia,2008,0.25000
mongolia,2009,0.25000
mongolia,2010,0.25000
mongolia,2011,0.25000
mongolia,2012,0.25000
mongolia,2013,0.25000
mongolia,2014,0.25000
mongolia,2015,0.25000
mongolia,2016,0.25000
mongolia,2017,0.25000
mongolia,2018,0.25000
mongolia,2019,0.25000
mongolia,2020,0.25000
mongolia,2021,0.25000
mongolia,2022,0.25000
montenegro,2006,1.0280
montenegro,2007,1.0280
montenegro,2008,1.0280
montenegro,2009,1.0280
montenegro,2010,1.0280
montenegro,2011,1.0280
montenegro,2012,1.0280
montenegro,2013,1.0280
montenegro,2014,1.0280
montenegro,2015,1.0280
montenegro,2016,1.0280
montenegro,2017,1.0280
montenegro,2018,1.0280
montenegro,2019,1.0280
montenegro,2020,1.0280
montenegro,2021,1.0280
montenegro,2022,1.0280
morocco,1960,2.0696
morocco,1961,2.0826
morocco,1962,2.0826
morocco,1963,2.0826
morocco,1964,2.0826
morocco,1965,2.0846
morocco,1966,2.0846
morocco,1967,2.8096
morocco,1968,2.8096
morocco,1969,3.0096
morocco,1970,3.0096
morocco,1971,3.3786
morocco,1972,4.2906
morocco,1973,5.5076
morocco,1974,6.5326
morocco,1975,6.5326
morocco,1976,6.5326
morocco,1977,6.5762
morocco,1978,6.5762
morocco,1979,10.143
morocco,1980,10.143
morocco,1981,10.412
morocco,1982,10.412
morocco,1983,10.412
morocco,1984,10.419
morocco,1985,10.427
morocco,1986,10.715
morocco,1987,10.723
morocco,1988,10.723
morocco,1989,10.726
morocco,1990,10.809
morocco,1991,11.009
morocco,1992,11.000
morocco,1993,11.031
morocco,1994,11.095
morocco,1995,11.518
morocco,1996,15.418
morocco,1997,15.420
morocco,1998,15.752
morocco,1999,16.105
morocco,2000,16.105
morocco,2001,16.897
morocco,2002,17.008
morocco,2003,16.090
morocco,2004,17.040
morocco,2005,17.148
morocco,2006,17.548
morocco,2007,17.626
morocco,2008,17.735
morocco,2009,17.811
morocco,2010,17.813
morocco,2011,17.835
morocco,2012,17.893
morocco,2013,17.958
morocco,2014,17.958
morocco,2015,17.958
morocco,2016,17.958
morocco,2017,17.958
morocco,2018,17.958
morocco,2019,17.958
morocco,2020,17.958
morocco,2021,17.958
morocco,2022,17.958
mozambique,1960,18.187
mozambique,1961,18.187
mozambique,1962,18.187
mozambique,1963,18.220
mozambique,1964,18.220
mozambique,1965,18.220
mozambique,1966,18.220
mozambique,1967,18.220
mozambique,1968,18.220
mozambique,1969,18.220
mozambique,1970,18.222
mozambique,1971,18.227
mozambique,1972,18.227
mozambique,1973,18.227
mozambique,1974,70.227
mozambique,1975,70.227
mozambique,1976,72.483
mozambique,1977,72.483
mozambique,1978,72.483
mozambique,1979,72.483
mozambique,1980,72.483
mozambique,1981,72.483
mozambique,1982,72.483
mozambique,1983,72.483
mozambique,1984,72.483
mozambique,1985,72.507
mozambique,1986,72.507
mozambique,1987,72.864
mozambique,1988,74.137
mozambique,1989,74.137
mozambique,1990,74.137
mozambique,1991,74.137
mozambique,1992,74.137
mozambique,1993,74.137
mozambique,1994,74.137
mozambique,1995,74.137
mozambique,1996,74.137
mozambique,1997,74.137
mozambique,1998,74.137
mozambique,1999,74.137
mozambique,2000,74.137
mozambique,2001,74.137
mozambique,2002,74.137
mozambique,2003,74.137
mozambique,2004,74.137
mozambique,2005,74.137
mozambique,2006,74.137
mozambique,2007,74.137
mozambique,2008,74.137
mozambique,2009,74.137
mozambique,2010,74.137
mozambique,2011,74.137
mozambique,2012,74.137
mozambique,2013,74.137
mozambique,2014,74.137
mozambique,2015,74.137
mozambique,2016,74.137
mozambique,2017,74.137
mozambique,2018,74.137
mozambique,2019,74.137
mozambique,2020,74.137
mozambique,2021,74.137
mozambique,2022,74.137
myanmar,1960,1.5103
myanmar,1961,1.5103
myanmar,1962,1.5103
myanmar,1963,1.5103
myanmar,1964,1.5103
myanmar,1965,1.5103
myanmar,1966,1.5103
myanmar,1967,1.5103
myanmar,1968,1.5103
myanmar,1969,1.5103
myanmar,1970,1.5103
myanmar,1971,2.3372
myanmar,1972,2.3372
myanmar,1973,2.3372
myanmar,1974,2.3372
myanmar,1975,2.3372
myanmar,1976,2.4112
myanmar,1977,2.4112
myanmar,1978,2.4112
myanmar,1979,2.4112
myanmar,1980,2.4112
myanmar,1981,2.4112
myanmar,1982,2.4112
myanmar,1983,2.4112
myanmar,1984,2.4112
myanmar,1985,2.4112
myanmar,1986,3.4892
myanmar,1987,3.5822
myanmar,1988,3.5822
myanmar,1989,3.5822
myanmar,1990,3.5822
myanmar,1991,3.5822
myanmar,1992,3.5822
myanmar,1993,3.5822
myanmar,1994,3.5822
myanmar,1995,3.8042
myanmar,1996,3.8042
myanmar,1997,3.8042
myanmar,1998,3.8042
myanmar,1999,3.8042
myanmar,2000,3.8042
myanmar,2001,3.8042
myanmar,2002,3.8042
myanmar,2003,3.8542
myanmar,2004,3.8542
myanmar,2005,15.460
myanmar,2006,15.460
myanmar,2007,15.530
myanmar,2008,15.530
myanmar,2009,15.530
myanmar,2010,15.530
myanmar,2011,15.530
myanmar,2012,15.530
myanmar,2013,15.530
myanmar,2014,15.530
myanmar,2015,15.530
myanmar,2016,15.530
myanmar,2017,15.530
myanmar,2018,15.530
myanmar,2019,15.530
myanmar,2020,15.530
myanmar,2021,15.530
myanmar,2022,15.530
namibia,1960,0.053923
namibia,1961,0.053923
namibia,1962,0.34852
namibia,1963,0.34852
namibia,1964,0.34975
namibia,1965,0.34975
namibia,1966,0.34975
namibia,1967,0.34975
namibia,1968,0.34975
namibia,1969,0.34975
namibia,1970,0.34975
namibia,1971,0.53094
namibia,1972,0.53094
namibia,1973,0.53094
namibia,1974,0.53094
namibia,1975,0.53394
namibia,1976,0.53394
namibia,1977,0.59743
namibia,1978,0.61292
namibia,1979,0.61292
namibia,1980,0.61292
namibia,1981,0.65642
namibia,1982,0.65642
namibia,1983,0.65642
namibia,1984,0.66623
namibia,1985,0.66623
namibia,1986,0.66623
namibia,1987,0.66623
namibia,1988,0.66623
namibia,1989,0.66623
namibia,1990,0.70853
namibia,1991,0.70853
namibia,1992,0.70853
namibia,1993,0.70853
namibia,1994,0.70853
namibia,1995,0.70853
namibia,1996,0.70853
namibia,1997,0.70853
namibia,1998,0.70853
namibia,1999,0.70853
namibia,2000,0.70853
namibia,2001,0.70853
namibia,2002,0.70853
namibia,2003,0.70853
namibia,2004,0.70853
namibia,2005,0.70853
namibia,2006,0.70853
namibia,2007,0.70853
namibia,2008,0.70853
namibia,2009,0.70853
namibia,2010,0.70853
namibia,2011,0.70853
namibia,2012,0.70853
namibia,2013,0.70853
namibia,2014,0.70853
namibia,2015,0.70853
namibia,2016,0.70853
namibia,2017,0.70853
namibia,2018,0.70853
namibia,2019,0.70853
namibia,2020,0.70853
namibia,2021,0.70853
namibia,2022,0.70853
nepal,1963,0.0000
nepal,1964,0.0000
nepal,1965,0.0000
nepal,1966,0.0000
nepal,1967,0.0000
nepal,1968,0.0000
nepal,1969,0.0000
nepal,1970,0.0000
nepal,1971,0.0000
nepal,1972,0.0000
nepal,1973,0.0000
nepal,1974,0.0000
nepal,1975,0.0000
nepal,1976,0.0000
nepal,1977,0.0000
nepal,1978,0.0000
nepal,1979,0.0000
nepal,1980,0.0000
nepal,1981,0.0000
nepal,1982,0.085300
nepal,1983,0.085300
nepal,1984,0.085300
nepal,1985,0.085300
nepal,1986,0.085300
nepal,1987,0.085300
nepal,1988,0.085300
nepal,1989,0.085300
nepal,1990,0.085300
nepal,1991,0.085300
nepal,1992,0.085300
nepal,1993,0.085300
nepal,1994,0.085300
nepal,1995,0.085300
nepal,1996,0.085300
nepal,1997,0.085300
nepal,1998,0.085300
nepal,1999,0.085300
nepal,2000,0.085300
nepal,2001,0.085300
nepal,2002,0.085300
nepal,2003,0.085300
nepal,2004,0.085300
nepal,2005,0.085300
nepal,2006,0.085300
nepal,2007,0.085300
nepal,2008,0.085300
nepal,2009,0.085300
nepal,2010,0.085300
nepal,2011,0.085300
nepal,2012,0.085300
nepal,2013,0.085300
nepal,2014,0.085300
nepal,2015,0.085300
nepal,2016,0.085300
nepal,2017,0.085300
nepal,2018,0.085300
nepal,2019,0.085300
nepal,2020,0.085300
nepal,2021,0.085300
nepal,2022,0.085300
netherlands_kingdom_of_the,1960,5.1300
netherlands_kingdom_of_the,1961,5.2370
netherlands_kingdom_of_the,1962,5.2370
netherlands_kingdom_of_the,1963,5.2370
netherlands_kingdom_of_the,1964,5.2370
netherlands_kingdom_of_the,1965,5.2370
netherlands_kingdom_of_the,1966,5.2370
netherlands_kingdom_of_the,1967,5.2840
netherlands_kingdom_of_the,1968,5.2840
netherlands_kingdom_of_the,1969,5.3340
netherlands_kingdom_of_the,1970,5.8840
netherlands_kingdom_of_the,1971,5.8840
netherlands_kingdom_of_the,1972,6.4540
netherlands_kingdom_of_the,1973,6.4540
netherlands_kingdom_of_the,1974,6.4540
netherlands_kingdom_of_the,1975,6.4540
netherlands_kingdom_of_the,1976,6.4540
netherlands_kingdom_of_the,1977,6.4540
netherlands_kingdom_of_the,1978,6.4540
netherlands_kingdom_of_the,1979,6.4540
netherlands_kingdom_of_the,1980,6.4540
netherlands_kingdom_of_the,1981,6.4540
netherlands_kingdom_of_the,1982,6.4540
netherlands_kingdom_of_the,1983,6.4540
netherlands_kingdom_of_the,1984,6.4540
netherlands_kingdom_of_the,1985,6.4540
netherlands_kingdom_of_the,1986,9.2340
netherlands_kingdom_of_the,1987,9.2340
netherlands_kingdom_of_the,1988,9.2340
netherlands_kingdom_of_the,1989,9.2340
netherlands_kingdom_of_the,1990,9.2340
netherlands_kingdom_of_the,1991,9.2340
netherlands_kingdom_of_the,1992,9.2340
netherlands_kingdom_of_the,1993,9.2340
netherlands_kingdom_of_the,1994,9.2340
netherlands_kingdom_of_the,1995,9.2340
netherlands_kingdom_of_the,1996,9.2340
netherlands_kingdom_of_the,1997,9.2340
netherlands_kingdom_of_the,1998,9.2340
netherlands_kingdom_of_the,1999,9.2340
netherlands_kingdom_of_the,2000,9.2340
netherlands_kingdom_of_the,2001,9.2340
netherlands_kingdom_of_the,2002,9.2340
netherlands_kingdom_of_the,2003,9.2340
netherlands_kingdom_of_the,2004,9.2340
netherlands_kingdom_of_the,2005,9.2340
netherlands_kingdom_of_the,2006,9.2340
netherlands_kingdom_of_the,2007,9.2340
netherlands_kingdom_of_the,2008,9.2340
netherlands_kingdom_of_the,2009,9.2340
netherlands_kingdom_of_the,2010,9.2340
netherlands_kingdom_of_the,2011,9.2340
netherlands_kingdom_of_the,2012,9.2340
netherlands_kingdom_of_the,2013,9.2340
netherlands_kingdom_of_the,2014,9.2340
netherlands_kingdom_of_the,2015,9.2340
netherlands_kingdom_of_the,2016,9.2340
netherlands_kingdom_of_the,2017,9.2340
netherlands_kingdom_of_the,2018,9.2340
netherlands_kingdom_of_the,2019,9.2340
netherlands_kingdom_of_the,2020,9.2340
netherlands_kingdom_of_the,2021,9.2340
netherlands_kingdom_of_the,2022,9.2340
new_zealand,1960,4.1420
new_zealand,1961,4.1580
new_zealand,1962,4.1618
new_zealand,1963,4.1618
new_zealand,1964,4.1649
new_zealand,1965,6.4065
new_zealand,1966,6.4071
new_zealand,1967,6.4071
new_zealand,1968,6.9168
new_zealand,1969,6.9188
new_zealand,1970,6.9188
new_zealand,1971,6.9321
new_zealand,1972,6.9421
new_zealand,1973,6.9421
new_zealand,1974,6.9421
new_zealand,1975,9.5542
new_zealand,1976,15.854
new_zealand,1977,15.893
new_zealand,1978,15.893
new_zealand,1979,15.893
new_zealand,1980,15.900
new_zealand,1981,15.949
new_zealand,1982,16.425
new_zealand,1983,16.427
new_zealand,1984,16.564
new_zealand,1985,16.566
new_zealand,1986,16.568
new_zealand,1987,16.888
new_zealand,1988,16.888
new_zealand,1989,16.888
new_zealand,1990,16.888
new_zealand,1991,16.888
new_zealand,1992,16.888
new_zealand,1993,16.888
new_zealand,1994,16.888
new_zealand,1995,16.888
new_zealand,1996,16.888
new_zealand,1997,16.888
new_zealand,1998,16.888
new_zealand,1999,16.888
new_zealand,2000,16.888
new_zealand,2001,16.888
new_zealand,2002,16.888
new_zealand,2003,16.888
new_zealand,2004,16.888
new_zealand,2005,16.888
new_zealand,2006,16.888
new_zealand,2007,16.888
new_zealand,2008,16.888
new_zealand,2009,16.888
new_zealand,2010,16.888
new_zealand,2011,16.888
new_zealand,2012,16.888
new_zealand,2013,16.888
new_zealand,2014,16.888
new_zealand,2015,16.888
new_zealand,2016,16.888
new_zealand,2017,16.888
new_zealand,2018,16.888
new_zealand,2019,16.888
new_zealand,2020,16.888
new_zealand,2021,16.888
new_zealand,2022,16.888
nicaragua,1960,31.535
nicaragua,1961,31.535
nicaragua,1962,31.535
nicaragua,1963,31.535
nicaragua,1964,31.970
nicaragua,1965,31.970
nicaragua,1966,31.970
nicaragua,1967,31.970
nicaragua,1968,31.970
nicaragua,1969,31.970
nicaragua,1970,31.970
nicaragua,1971,31.970
nicaragua,1972,31.970
nicaragua,1973,31.970
nicaragua,1974,31.970
nicaragua,1975,31.970
nicaragua,1976,31.970
nicaragua,1977,31.970
nicaragua,1978,31.970
nicaragua,1979,31.970
nicaragua,1980,31.970
nicaragua,1981,31.970
nicaragua,1982,31.970
nicaragua,1983,31.970
nicaragua,1984,31.970
nicaragua,1985,31.970
nicaragua,1986,31.970
nicaragua,1987,31.970
nicaragua,1988,31.970
nicaragua,1989,32.005
nicaragua,1990,32.005
nicaragua,1991,32.005
nicaragua,1992,32.005
nicaragua,1993,32.005
nicaragua,1994,32.005
nicaragua,1995,32.005
nicaragua,1996,32.005
nicaragua,1997,32.005
nicaragua,1998,32.005
nicaragua,1999,32.005
nicaragua,2000,32.005
nicaragua,2001,32.005
nicaragua,2002,32.005
nicaragua,2003,32.005
nicaragua,2004,32.005
nicaragua,2005,32.005
nicaragua,2006,32.005
nicaragua,2007,32.005
nicaragua,2008,32.005
nicaragua,2009,32.005
nicaragua,2010,32.010
nicaragua,2011,32.005
nicaragua,2012,32.005
nicaragua,2013,32.005
nicaragua,2014,32.005
nicaragua,2015,32.005
nicaragua,2016,32.005
nicaragua,2017,32.005
nicaragua,2018,32.005
nicaragua,2019,32.005
nicaragua,2020,32.005
nicaragua,2021,32.005
nicaragua,2022,32.005
niger,1960,0.0051700
niger,1961,0.0051700
niger,1962,0.0051700
niger,1963,0.0051700
niger,1964,0.0051700
niger,1965,0.0051700
niger,1966,0.0051700
niger,1967,0.0068200
niger,1968,0.0077700
niger,1969,0.0077700
niger,1970,0.014270
niger,1971,0.015870
niger,1972,0.022370
niger,1973,0.022370
niger,1974,0.022370
niger,1975,0.022370
niger,1976,0.022370
niger,1977,0.022370
niger,1978,0.032370
niger,1979,0.032370
niger,1980,0.083370
niger,1981,0.083370
niger,1982,0.083370
niger,1983,0.083370
niger,1984,0.083370
niger,1985,0.083370
niger,1986,0.083370
niger,1987,0.083370
niger,1988,0.083370
niger,1989,0.083370
niger,1990,0.083370
niger,1991,0.083370
niger,1992,0.083370
niger,1993,0.083370
niger,1994,0.083370
niger,1995,0.083370
niger,1996,0.083370
niger,1997,0.083370
niger,1998,0.083370
niger,1999,0.083370
niger,2000,0.083370
niger,2001,0.083370
niger,2002,0.083370
niger,2003,0.083370
niger,2004,0.083370
niger,2005,0.083370
niger,2006,0.083370
niger,2007,0.091240
niger,2008,0.093644
niger,2009,0.093644
niger,2010,0.093644
niger,2011,0.093644
niger,2012,0.093644
niger,2013,0.093644
niger,2014,0.093644
niger,2015,0.093644
niger,2016,0.093644
niger,2017,0.093644
niger,2018,0.093644
niger,2019,0.093644
niger,2020,0.093644
niger,2021,0.093644
niger,2022,0.093644
nigeria,1960,4.0056
nigeria,1961,4.0056
nigeria,1962,4.0154
nigeria,1963,4.0154
nigeria,1964,4.0509
nigeria,1965,4.0509
nigeria,1966,4.0509
nigeria,1967,4.0516
nigeria,1968,19.052
nigeria,1969,19.085
nigeria,1970,19.107
nigeria,1971,19.124
nigeria,1972,19.124
nigeria,1973,19.148
nigeria,1974,21.033
nigeria,1975,26.584
nigeria,1976,33.196
nigeria,1977,33.316
nigeria,1978,33.800
nigeria,1979,33.833
nigeria,1980,34.190
nigeria,1981,34.220
nigeria,1982,34.841
nigeria,1983,36.517
nigeria,1984,40.244
nigeria,1985,40.244
nigeria,1986,40.244
nigeria,1987,40.337
nigeria,1988,43.251
nigeria,1989,43.363
nigeria,1990,43.506
nigeria,1991,43.511
nigeria,1992,50.651
nigeria,1993,50.651
nigeria,1994,50.663
nigeria,1995,50.663
nigeria,1996,50.663
nigeria,1997,50.663
nigeria,1998,50.667
nigeria,1999,50.667
nigeria,2000,50.667
nigeria,2001,50.667
nigeria,2002,50.667
nigeria,2003,50.667
nigeria,2004,50.667
nigeria,2005,50.667
nigeria,2006,50.667
nigeria,2007,50.667
nigeria,2008,50.667
nigeria,2009,50.667
nigeria,2010,50.667
nigeria,2011,50.667
nigeria,2012,50.667
nigeria,2013,50.667
nigeria,2014,50.667
nigeria,2015,50.667
nigeria,2016,50.667
nigeria,2017,50.667
nigeria,2018,50.667
nigeria,2019,50.667
nigeria,2020,50.667
nigeria,2021,50.667
nigeria,2022,50.667
north_macedonia,1992,1.6399
north_macedonia,1993,1.6399
north_macedonia,1994,1.6399
north_macedonia,1995,1.6399
north_macedonia,1996,1.6399
north_macedonia,1997,1.6399
north_macedonia,1998,1.6399
north_macedonia,1999,1.6399
north_macedonia,2000,1.6399
north_macedonia,2001,1.6399
north_macedonia,2002,1.6399
north_macedonia,2003,2.2899
north_macedonia,2004,2.2899
north_macedonia,2005,2.2899
north_macedonia,2006,2.2899
north_macedonia,2007,2.2899
north_macedonia,2008,2.2899
north_macedonia,2009,2.2899
north_macedonia,2010,2.2899
north_macedonia,2011,2.2899
north_macedonia,2012,2.2899
north_macedonia,2013,2.2899
north_macedonia,2014,2.2899
north_macedonia,2015,2.2899
north_macedonia,2016,2.2899
north_macedonia,2017,2.2899
north_macedonia,2018,2.2899
north_macedonia,2019,2.2899
north_macedonia,2020,2.2899
north_macedonia,2021,2.2899
north_macedonia,2022,2.2899
norway,1960,7.9761
norway,1961,7.9761
norway,1962,8.8057
norway,1963,9.2032
norway,1964,10.036
norway,1965,10.435
norway,1966,11.233
norway,1967,12.153
norway,1968,14.570
norway,1969,15.615
norway,1970,17.291
norway,1971,17.990
norway,1972,18.639
norway,1973,19.291
norway,1974,19.552
norway,1975,19.767
norway,1976,21.401
norway,1977,21.401
norway,1978,21.738
norway,1979,22.881
norway,1980,22.909
norway,1981,23.275
norway,1982,23.419
norway,1983,23.419
norway,1984,25.072
norway,1985,25.072
norway,1986,26.237
norway,1987,28.702
norway,1988,28.702
norway,1989,28.899
norway,1990,29.173
norway,1991,29.173
norway,1992,29.173
norway,1993,29.173
norway,1994,29.173
norway,1995,29.173
norway,1996,29.173
norway,1997,32.916
norway,1998,32.916
norway,1999,33.006
norway,2000,33.061
norway,2001,33.061
norway,2002,33.061
norway,2003,33.061
norway,2004,33.061
norway,2005,33.061
norway,2006,33.061
norway,2007,33.061
norway,2008,33.280
norway,2009,33.280
norway,2010,33.280
norway,2011,33.280
norway,2012,33.280
norway,2013,33.280
norway,2014,33.280
norway,2015,33.280
norway,2016,33.280
norway,2017,33.280
norway,2018,33.280
norway,2019,33.280
norway,2020,33.280
norway,2021,33.280
norway,2022,33.280
oman,1985,0.012150
oman,1986,0.031180
oman,1987,0.031180
oman,1988,0.031180
oman,1989,0.037710
oman,1990,0.038210
oman,1991,0.048990
oman,1992,0.058390
oman,1993,0.064790
oman,1994,0.071590
oman,1995,0.075290
oman,1996,0.075380
oman,1997,0.075380
oman,1998,0.075380
oman,1999,0.075380
oman,2000,0.075380
oman,2001,0.075380
oman,2002,0.077880
oman,2003,0.077880
oman,2004,0.084480
oman,2005,0.084480
oman,2006,0.088400
oman,2007,0.088380
oman,2008,0.088380
oman,2009,0.088380
oman,2010,0.088380
oman,2011,0.088380
oman,2012,0.088380
oman,2013,0.088380
oman,2014,0.088380
oman,2015,0.088380
oman,2016,0.088380
oman,2017,0.088380
oman,2018,0.088380
oman,2019,0.088380
oman,2020,0.088380
oman,2021,0.088380
oman,2022,0.088380
pakistan,1960,2.7802
pakistan,1961,2.7802
pakistan,1962,2.9552
pakistan,1963,2.9559
pakistan,1964,2.9566
pakistan,1965,2.9566
pakistan,1966,2.9566
pakistan,1967,13.335
pakistan,1968,13.513
pakistan,1969,13.513
pakistan,1970,13.517
pakistan,1971,14.391
pakistan,1972,14.391
pakistan,1973,14.391
pakistan,1974,14.391
pakistan,1975,14.395
pakistan,1976,26.355
pakistan,1977,26.355
pakistan,1978,26.355
pakistan,1979,27.501
pakistan,1980,27.501
pakistan,1981,27.504
pakistan,1982,27.504
pakistan,1983,27.672
pakistan,1984,27.672
pakistan,1985,27.677
pakistan,1986,27.695
pakistan,1987,27.695
pakistan,1988,27.695
pakistan,1989,27.695
pakistan,1990,27.703
pakistan,1991,27.712
pakistan,1992,27.715
pakistan,1993,27.715
pakistan,1994,27.735
pakistan,1995,27.745
pakistan,1996,27.745
pakistan,1997,27.745
pakistan,1998,27.745
pakistan,1999,27.745
pakistan,2000,27.745
pakistan,2001,27.745
pakistan,2002,27.747
pakistan,2003,27.747
pakistan,2004,27.753
pakistan,2005,27.776
pakistan,2006,27.776
pakistan,2007,27.786
pakistan,2008,27.808
pakistan,2009,27.808
pakistan,2010,27.808
pakistan,2011,27.808
pakistan,2012,27.808
pakistan,2013,27.808
pakistan,2014,27.808
pakistan,2015,27.808
pakistan,2016,27.808
pakistan,2017,27.808
pakistan,2018,27.808
pakistan,2019,27.808
pakistan,2020,27.808
pakistan,2021,27.808
pakistan,2022,27.808
palestine,1997,0.0000
palestine,1998,0.0000
palestine,1999,0.0000
palestine,2000,0.0000
palestine,2001,0.0000
palestine,2002,0.0000
palestine,2003,0.0000
palestine,2004,0.0000
palestine,2005,0.0000
palestine,2006,0.0000
palestine,2007,0.0000
palestine,2008,0.0000
palestine,2009,0.0000
palestine,2010,0.0000
palestine,2011,0.0000
palestine,2012,0.0000
palestine,2013,0.0000
palestine,2014,0.0000
palestine,2015,0.0000
palestine,2016,0.0000
palestine,2017,0.0000
palestine,2018,0.0000
palestine,2019,0.0000
palestine,2020,0.0000
palestine,2021,0.0000
palestine,2022,0.0000
panama,1960,5.8199
panama,1961,5.8199
panama,1962,5.8199
panama,1963,5.8199
panama,1964,5.8199
panama,1965,5.8199
panama,1966,5.8199
panama,1967,5.8347
panama,1968,5.8347
panama,1969,5.8347
panama,1970,5.8347
panama,1971,5.8347
panama,1972,5.8347
panama,1973,5.8347
panama,1974,5.8347
panama,1975,5.8347
panama,1976,8.5347
panama,1977,8.5347
panama,1978,8.5347
panama,1979,8.5347
panama,1980,8.5347
panama,1981,8.5347
panama,1982,8.5347
panama,1983,8.5347
panama,1984,8.7070
panama,1985,8.7070
panama,1986,8.7070
panama,1987,8.7070
panama,1988,8.7070
panama,1989,8.7070
panama,1990,8.7070
panama,1991,8.7070
panama,1992,8.7070
panama,1993,8.7070
panama,1994,8.7070
panama,1995,8.7070
panama,1996,8.7070
panama,1997,8.7070
panama,1998,8.7070
panama,1999,8.7070
panama,2000,8.7070
panama,2001,8.7070
panama,2002,8.7070
panama,2003,8.7873
panama,2004,8.7873
panama,2005,8.7873
panama,2006,8.7873
panama,2007,8.7873
panama,2008,8.7873
panama,2009,8.7873
panama,2010,8.7883
panama,2011,9.1353
panama,2012,9.1371
panama,2013,9.1371
panama,2014,9.1371
panama,2015,9.1371
panama,2016,9.1371
panama,2017,9.1371
panama,2018,9.1371
panama,2019,9.1371
panama,2020,9.1371
panama,2021,9.1371
panama,2022,9.1371
papua_new_guinea,1960,0.0000
papua_new_guinea,1961,0.0000
papua_new_guinea,1962,0.0000
papua_new_guinea,1963,0.0000
papua_new_guinea,1964,0.0000
papua_new_guinea,1965,0.0000
papua_new_guinea,1966,0.0000
papua_new_guinea,1967,0.0000
papua_new_guinea,1968,0.0000
papua_new_guinea,1969,0.0000
papua_new_guinea,1970,0.0000
papua_new_guinea,1971,0.0000
papua_new_guinea,1972,0.0000
papua_new_guinea,1973,0.0000
papua_new_guinea,1974,0.0000
papua_new_guinea,1975,0.33300
papua_new_guinea,1976,0.0000
papua_new_guinea,1977,0.0000
papua_new_guinea,1978,0.0000
papua_new_guinea,1979,0.0000
papua_new_guinea,1980,0.33300
papua_new_guinea,1981,0.0000
papua_new_guinea,1982,0.0000
papua_new_guinea,1983,0.0000
papua_new_guinea,1984,0.0000
papua_new_guinea,1985,0.33300
papua_new_guinea,1986,0.0000
papua_new_guinea,1987,0.0000
papua_new_guinea,1988,0.0000
papua_new_guinea,1989,0.0000
papua_new_guinea,1990,0.33300
papua_new_guinea,1991,0.0000
papua_new_guinea,1992,0.0000
papua_new_guinea,1993,0.0000
papua_new_guinea,1994,0.0000
papua_new_guinea,1995,0.66500
papua_new_guinea,1996,0.0000
papua_new_guinea,1997,0.0000
papua_new_guinea,1998,0.0000
papua_new_guinea,1999,0.0000
papua_new_guinea,2000,0.66500
papua_new_guinea,2001,0.0000
papua_new_guinea,2002,0.0000
papua_new_guinea,2003,0.0000
papua_new_guinea,2004,0.0000
papua_new_guinea,2005,0.66500
papua_new_guinea,2006,0.0000
papua_new_guinea,2007,0.0000
papua_new_guinea,2008,0.0000
papua_new_guinea,2009,0.66500
papua_new_guinea,2010,0.66500
papua_new_guinea,2011,0.0000
papua_new_guinea,2012,0.0000
papua_new_guinea,2013,0.0000
papua_new_guinea,2014,0.0000
papua_new_guinea,2015,0.0000
papua_new_guinea,2016,0.0000
papua_new_guinea,2017,0.0000
papua_new_guinea,2018,0.0000
papua_new_guinea,2019,0.0000
papua_new_guinea,2020,0.0000
papua_new_guinea,2021,0.0000
papua_new_guinea,2022,0.0000
paraguay,1977,8.5290
paraguay,1978,8.5290
paraguay,1979,8.5290
paraguay,1980,8.5290
paraguay,1981,8.5290
paraguay,1982,8.5290
paraguay,1983,8.5290
paraguay,1984,23.029
paraguay,1985,23.029
paraguay,1986,23.029
paraguay,1987,23.029
paraguay,1988,23.029
paraguay,1989,23.029
paraguay,1990,23.029
paraguay,1991,23.029
paraguay,1992,23.029
paraguay,1993,23.029
paraguay,1994,23.029
paraguay,1995,23.029
paraguay,1996,23.029
paraguay,1997,23.029
paraguay,1998,33.529
paraguay,1999,33.529
paraguay,2000,33.529
paraguay,2001,33.529
paraguay,2002,33.529
paraguay,2003,33.529
paraguay,2004,33.529
paraguay,2005,33.529
paraguay,2006,33.529
paraguay,2007,33.529
paraguay,2008,33.529
paraguay,2009,33.529
paraguay,2010,33.529
paraguay,2011,33.530
paraguay,2012,33.529
paraguay,2013,33.529
paraguay,2014,33.529
paraguay,2015,33.529
paraguay,2016,33.529
paraguay,2017,33.529
paraguay,2018,33.529
paraguay,2019,33.529
paraguay,2020,33.529
paraguay,2021,33.529
paraguay,2022,33.529
peru,1960,2.5140
peru,1961,2.7220
peru,1962,2.7220
peru,1963,2.7220
peru,1964,2.7220
peru,1965,2.7220
peru,1966,2.7220
peru,1967,2.7220
peru,1968,3.0420
peru,1969,3.0420
peru,1970,3.0420
peru,1971,3.0850
peru,1972,3.1010
peru,1973,3.1010
peru,1974,3.1010
peru,1975,3.9860
peru,1976,3.9860
peru,1977,3.9860
peru,1978,3.9860
peru,1979,3.9860
peru,1980,3.9860
peru,1981,3.9860
peru,1982,4.0163
peru,1983,4.0163
peru,1984,4.0163
peru,1985,4.2963
peru,1986,4.2963
peru,1987,4.8673
peru,1988,4.8673
peru,1989,4.8673
peru,1990,4.8673
peru,1991,4.8673
peru,1992,4.8673
peru,1993,4.8673
peru,1994,4.8673
peru,1995,4.9366
peru,1996,5.7366
peru,1997,5.7366
peru,1998,5.7366
peru,1999,5.7728
peru,2000,5.7728
peru,2001,5.7728
peru,2002,5.7728
peru,2003,5.7728
peru,2004,5.7728
peru,2005,5.7728
peru,2006,5.7728
peru,2007,5.7728
peru,2008,5.7728
peru,2009,5.7728
peru,2010,5.7728
peru,2011,5.7728
peru,2012,5.7728
peru,2013,5.7728
peru,2014,5.7728
peru,2015,5.7728
peru,2016,5.7728
peru,2017,5.7728
peru,2018,5.7728
peru,2019,5.7728
peru,2020,5.7728
peru,2021,5.7728
peru,2022,5.7728
philippines,1960,0.53500
philippines,1961,0.53500
philippines,1962,0.53500
philippines,1963,0.53500
philippines,1964,0.53500
philippines,1965,0.53500
philippines,1966,0.53500
philippines,1967,0.53500
philippines,1968,1.6000
philippines,1969,1.6000
philippines,1970,1.6000
philippines,1971,1.6000
philippines,1972,1.6000
philippines,1973,1.6000
philippines,1974,1.6000
philippines,1975,1.6000
philippines,1976,1.6000
philippines,1977,3.9160
philippines,1978,3.9160
philippines,1979,3.9160
philippines,1980,3.9160
philippines,1981,3.9160
philippines,1982,3.9160
philippines,1983,5.1660
philippines,1984,5.1660
philippines,1985,5.4530
philippines,1986,5.4530
philippines,1987,5.4530
philippines,1988,5.4530
philippines,1989,5.4530
philippines,1990,5.4530
philippines,1991,5.4530
philippines,1992,5.4530
philippines,1993,5.4530
philippines,1994,5.4530
philippines,1995,4.7530
philippines,1996,5.4530
philippines,1997,5.4530
philippines,1998,5.4530
philippines,1999,5.4530
philippines,2000,5.4530
philippines,2001,5.4530
philippines,2002,7.1050
philippines,2003,7.1050
philippines,2004,7.1050
philippines,2005,7.1050
philippines,2006,6.2750
philippines,2007,7.1050
philippines,2008,7.1050
philippines,2009,7.1050
philippines,2010,7.1050
philippines,2011,7.1050
philippines,2012,7.1050
philippines,2013,7.1050
philippines,2014,7.1050
philippines,2015,7.1050
philippines,2016,7.1050
philippines,2017,7.1050
philippines,2018,7.1050
philippines,2019,7.1050
philippines,2020,7.1050
philippines,2021,7.1050
philippines,2022,7.1050
poland,1960,0.67630
poland,1961,0.68630
poland,1962,0.68630
poland,1963,0.78060
poland,1964,0.78060
poland,1965,0.78060
poland,1966,0.78060
poland,1967,0.88330
poland,1968,1.3573
poland,1969,1.3573
poland,1970,1.7653
poland,1971,1.8821
poland,1972,1.8821
poland,1973,1.8821
poland,1974,1.9663
poland,1975,1.9663
poland,1976,1.9663
poland,1977,1.9663
poland,1978,2.0049
poland,1979,2.0049
poland,1980,2.0049
poland,1981,2.0049
poland,1982,2.0049
poland,1983,2.0049
poland,1984,2.0049
poland,1985,2.0255
poland,1986,2.0955
poland,1987,2.0955
poland,1988,2.2506
poland,1989,2.2506
poland,1990,2.4534
poland,1991,2.4534
poland,1992,2.4534
poland,1993,2.4534
poland,1994,2.4534
poland,1995,2.4534
poland,1996,2.5059
poland,1997,2.7599
poland,1998,2.7599
poland,1999,2.7599
poland,2000,2.7599
poland,2001,2.7599
poland,2002,2.7599
poland,2003,2.7599
poland,2004,2.7949
poland,2005,2.9559
poland,2006,2.9559
poland,2007,2.9559
poland,2008,2.9559
poland,2009,2.9559
poland,2010,2.9559
poland,2011,2.9559
poland,2012,2.9559
poland,2013,2.9559
poland,2014,2.9559
poland,2015,2.9559
poland,2016,2.9559
poland,2017,2.9559
poland,2018,2.9559
poland,2019,2.9559
poland,2020,2.9559
poland,2021,2.9559
poland,2022,2.9559
portugal,1960,3.3115
portugal,1961,3.3395
portugal,1962,3.3395
portugal,1963,3.3395
portugal,1964,4.0370
portugal,1965,4.1487
portugal,1966,4.1487
portugal,1967,4.3517
portugal,1968,4.9330
portugal,1969,4.9330
portugal,1970,4.9330
portugal,1971,4.9330
portugal,1972,5.3999
portugal,1973,5.5874
portugal,1974,5.5874
portugal,1975,5.6844
portugal,1976,5.6989
portugal,1977,5.8314
portugal,1978,5.8314
portugal,1979,5.8314
portugal,1980,5.8639
portugal,1981,6.3547
portugal,1982,6.5076
portugal,1983,6.5076
portugal,1984,6.5966
portugal,1985,6.7475
portugal,1986,6.7955
portugal,1987,6.7955
portugal,1988,6.9195
portugal,1989,6.9195
portugal,1990,6.9195
portugal,1991,6.9629
portugal,1992,7.3529
portugal,1993,7.3684
portugal,1994,7.3684
portugal,1995,7.3684
portugal,1996,7.3684
portugal,1997,7.3684
portugal,1998,7.3684
portugal,1999,7.3684
portugal,2000,7.4827
portugal,2001,7.4827
portugal,2002,11.633
portugal,2003,11.633
portugal,2004,11.633
portugal,2005,11.633
portugal,2006,11.633
portugal,2007,11.633
portugal,2008,11.633
portugal,2009,11.633
portugal,2010,11.633
portugal,2011,11.633
portugal,2012,11.633
portugal,2013,11.633
portugal,2014,11.633
portugal,2015,11.633
portugal,2016,11.633
portugal,2017,11.633
portugal,2018,11.633
portugal,2019,11.633
portugal,2020,11.633
portugal,2021,11.633
portugal,2022,11.633
republic_of_korea,1960,1.5076
republic_of_korea,1961,1.5109
republic_of_korea,1962,1.5145
republic_of_korea,1963,1.5154
republic_of_korea,1964,1.5659
republic_of_korea,1965,2.1819
republic_of_korea,1966,2.1819
republic_of_korea,1967,2.2394
republic_of_korea,1968,2.2394
republic_of_korea,1969,2.2394
republic_of_korea,1970,2.5484
republic_of_korea,1971,2.5679
republic_of_korea,1972,2.5851
republic_of_korea,1973,5.4851
republic_of_korea,1974,5.7291
republic_of_korea,1975,5.7337
republic_of_korea,1976,5.7493
republic_of_korea,1977,7.0038
republic_of_korea,1978,7.0347
republic_of_korea,1979,7.0356
republic_of_korea,1980,7.0356
republic_of_korea,1981,8.5290
republic_of_korea,1982,8.5290
republic_of_korea,1983,8.5290
republic_of_korea,1984,8.7140
republic_of_korea,1985,8.7148
republic_of_korea,1986,11.465
republic_of_korea,1987,11.465
republic_of_korea,1988,11.494
republic_of_korea,1989,12.284
republic_of_korea,1990,12.284
republic_of_korea,1991,12.284
republic_of_korea,1992,12.494
republic_of_korea,1993,13.089
republic_of_korea,1994,16.200
republic_of_korea,1995,16.200
republic_of_korea,1996,16.200
republic_of_korea,1997,16.200
republic_of_korea,1998,16.200
republic_of_korea,1999,16.200
republic_of_korea,2000,16.200
republic_of_korea,2001,16.200
republic_of_korea,2002,16.200
republic_of_korea,2003,16.200
republic_of_korea,2004,16.200
republic_of_korea,2005,18.810
republic_of_korea,2006,18.835
republic_of_korea,2007,18.835
republic_of_korea,2008,18.835
republic_of_korea,2009,18.835
republic_of_korea,2010,18.835
republic_of_korea,2011,18.835
republic_of_korea,2012,18.835
republic_of_korea,2013,18.835
republic_of_korea,2014,18.835
republic_of_korea,2015,18.835
republic_of_korea,2016,18.835
republic_of_korea,2017,18.835
republic_of_korea,2018,18.835
republic_of_korea,2019,18.835
republic_of_korea,2020,18.835
republic_of_korea,2021,18.835
republic_of_korea,2022,18.835
republic_of_moldova,1992,1.1275
republic_of_moldova,1993,1.1275
republic_of_moldova,1994,1.1275
republic_of_moldova,1995,1.1275
republic_of_moldova,1996,1.1275
republic_of_moldova,1997,1.1275
republic_of_moldova,1998,1.1275
republic_of_moldova,1999,1.1275
republic_of_moldova,2000,1.1275
republic_of_moldova,2001,1.1275
republic_of_moldova,2002,1.1275
republic_of_moldova,2003,1.1275
republic_of_moldova,2004,1.1275
republic_of_moldova,2005,1.1275
republic_of_moldova,2006,1.1275
republic_of_moldova,2007,1.1275
republic_of_moldova,2008,1.1275
republic_of_moldova,2009,1.1275
republic_of_moldova,2010,1.1275
republic_of_moldova,2011,1.1275
republic_of_moldova,2012,1.1275
republic_of_moldova,2013,1.1275
republic_of_moldova,2014,1.1275
republic_of_moldova,2015,1.1275
republic_of_moldova,2016,1.1275
republic_of_moldova,2017,1.1275
republic_of_moldova,2018,1.1275
republic_of_moldova,2019,1.1275
republic_of_moldova,2020,1.1275
republic_of_moldova,2021,1.1275
republic_of_moldova,2022,1.1275
romania,1960,0.45400
romania,1961,1.6840
romania,1962,1.6840
romania,1963,1.6940
romania,1964,1.7700
romania,1965,2.2477
romania,1966,2.2477
romania,1967,2.2477
romania,1968,2.2477
romania,1969,2.2477
romania,1970,2.2477
romania,1971,2.3059
romania,1972,4.8559
romania,1973,5.2992
romania,1974,5.4682
romania,1975,5.8479
romania,1976,5.8819
romania,1977,5.9069
romania,1978,6.5373
romania,1979,8.2050
romania,1980,8.3251
romania,1981,8.3297
romania,1982,8.3297
romania,1983,8.6132
romania,1984,9.5849
romania,1985,9.7701
romania,1986,9.9370
romania,1987,10.130
romania,1988,10.287
romania,1989,10.470
romania,1990,10.555
romania,1991,10.555
romania,1992,10.561
romania,1993,10.695
romania,1994,10.910
romania,1995,10.978
romania,1996,11.062
romania,1997,11.062
romania,1998,11.062
romania,1999,11.062
romania,2000,11.062
romania,2001,11.062
romania,2002,11.062
romania,2003,11.062
romania,2004,11.062
romania,2005,11.062
romania,2006,11.062
romania,2007,11.062
romania,2008,11.062
romania,2009,11.062
romania,2010,11.062
romania,2011,11.062
romania,2012,11.062
romania,2013,11.062
romania,2014,11.062
romania,2015,11.062
romania,2016,11.062
romania,2017,11.062
romania,2018,11.062
romania,2019,11.062
romania,2020,11.062
romania,2021,11.062
romania,2022,11.062
russian_federation,1992,801.54
russian_federation,1993,801.54
russian_federation,1994,801.54
russian_federation,1995,801.54
russian_federation,1996,801.54
russian_federation,1997,801.54
russian_federation,1998,801.54
russian_federation,1999,801.54
russian_federation,2000,801.54
russian_federation,2001,801.54
russian_federation,2002,801.54
russian_federation,2003,801.54
russian_federation,2004,801.54
russian_federation,2005,801.54
russian_federation,2006,801.54
russian_federation,2007,801.54
russian_federation,2008,801.54
russian_federation,2009,801.54
russian_federation,2010,801.54
russian_federation,2011,801.54
russian_federation,2012,801.54
russian_federation,2013,801.54
russian_federation,2014,801.54
russian_federation,2015,801.54
russian_federation,2016,801.54
russian_federation,2017,801.54
russian_federation,2018,801.54
russian_federation,2019,801.54
russian_federation,2020,801.54
russian_federation,2021,801.54
russian_federation,2022,801.54
rwanda,1960,0.0000
rwanda,1961,0.0000
rwanda,1962,0.0000
rwanda,1963,0.0000
rwanda,1964,0.0000
rwanda,1965,0.0000
rwanda,1966,0.0000
rwanda,1967,0.0000
rwanda,1968,0.0000
rwanda,1969,0.0000
rwanda,1970,0.0000
rwanda,1971,0.0000
rwanda,1972,0.0000
rwanda,1973,0.0000
rwanda,1974,0.0000
rwanda,1975,0.0000
rwanda,1976,0.0000
rwanda,1977,0.0000
rwanda,1978,0.0000
rwanda,1979,0.0000
rwanda,1980,0.0000
rwanda,1981,0.0000
rwanda,1982,0.0000
rwanda,1983,0.0000
rwanda,1984,0.0000
rwanda,1985,0.0000
rwanda,1986,0.0000
rwanda,1987,0.0000
rwanda,1988,0.0000
rwanda,1989,0.0000
rwanda,1990,0.0000
rwanda,1991,0.0000
rwanda,1992,0.0000
rwanda,1993,0.0000
rwanda,1994,0.0000
rwanda,1995,0.0000
rwanda,1996,0.0000
rwanda,1997,0.0000
rwanda,1998,0.0000
rwanda,1999,0.0000
rwanda,2000,0.0000
rwanda,2001,0.0000
rwanda,2002,0.0000
rwanda,2003,0.0000
rwanda,2004,0.0000
rwanda,2005,0.0000
rwanda,2006,0.0000
rwanda,2007,0.0000
rwanda,2008,0.0000
rwanda,2009,0.0000
rwanda,2010,0.0000
rwanda,2011,0.0000
rwanda,2012,0.0000
rwanda,2013,0.0000
rwanda,2014,0.0000
rwanda,2015,0.0000
rwanda,2016,0.0000
rwanda,2017,0.0000
rwanda,2018,0.0000
rwanda,2019,0.0000
rwanda,2020,0.0000
rwanda,2021,0.0000
rwanda,2022,0.0000
saint_lucia,1960,0.0026000
saint_lucia,1961,0.0026000
saint_lucia,1962,0.0026000
saint_lucia,1963,0.0026000
saint_lucia,1964,0.0026000
saint_lucia,1965,0.0026000
saint_lucia,1966,0.0026000
saint_lucia,1967,0.0026000
saint_lucia,1968,0.0026000
saint_lucia,1969,0.0026000
saint_lucia,1970,0.0026000
saint_lucia,1971,0.0026000
saint_lucia,1972,0.0026000
saint_lucia,1973,0.0026000
saint_lucia,1974,0.0026000
saint_lucia,1975,0.0026000
saint_lucia,1976,0.0026000
saint_lucia,1977,0.0026000
saint_lucia,1978,0.0026000
saint_lucia,1979,0.0026000
saint_lucia,1980,0.0026000
saint_lucia,1981,0.0026000
saint_lucia,1982,0.0026000
saint_lucia,1983,0.0026000
saint_lucia,1984,0.0026000
saint_lucia,1985,0.0026000
saint_lucia,1986,0.0026000
saint_lucia,1987,0.0026000
saint_lucia,1988,0.0026000
saint_lucia,1989,0.0026000
saint_lucia,1990,0.0026000
saint_lucia,1991,0.0026000
saint_lucia,1992,0.0026000
saint_lucia,1993,0.0026000
saint_lucia,1994,0.0026000
saint_lucia,1995,0.0026000
saint_lucia,1996,0.0026000
saint_lucia,1997,0.0026000
saint_lucia,1998,0.0026000
saint_lucia,1999,0.0026000
saint_lucia,2000,0.0026000
saint_lucia,2001,0.0026000
saint_lucia,2002,0.0026000
saint_lucia,2003,0.0026000
saint_lucia,2004,0.0026000
saint_lucia,2005,0.0026000
saint_lucia,2006,0.0026000
saint_lucia,2007,0.0026000
saint_lucia,2008,0.0026000
saint_lucia,2009,0.0026000
saint_lucia,2010,0.0026000
saint_lucia,2011,0.0026000
saint_lucia,2012,0.0026000
saint_lucia,2013,0.0026000
saint_lucia,2014,0.0026000
saint_lucia,2015,0.0026000
saint_lucia,2016,0.0026000
saint_lucia,2017,0.0026000
saint_lucia,2018,0.0026000
saint_lucia,2019,0.0026000
saint_lucia,2020,0.0026000
saint_lucia,2021,0.0026000
saint_lucia,2022,0.0026000
samoa,1993,0.010000
samoa,1994,0.010000
samoa,1995,0.010000
samoa,1996,0.010000
samoa,1997,0.010000
samoa,1998,0.010000
samoa,1999,0.010000
samoa,2000,0.010000
samoa,2001,0.010000
samoa,2002,0.010000
samoa,2003,0.010000
samoa,2004,0.010000
samoa,2005,0.010000
samoa,2006,0.010000
samoa,2007,0.010000
samoa,2008,0.010000
samoa,2009,0.010000
samoa,2010,0.010000
samoa,2011,0.010000
samoa,2012,0.010000
samoa,2013,0.010000
samoa,2014,0.010000
samoa,2015,0.010000
samoa,2016,0.010000
samoa,2017,0.010000
samoa,2018,0.010000
samoa,2019,0.010000
samoa,2020,0.010000
samoa,2021,0.010000
samoa,2022,0.010000
sao_tome_and_principe,1980,0.039000
sao_tome_and_principe,1981,0.039000
sao_tome_and_principe,1982,0.039000
sao_tome_and_principe,1983,0.039000
sao_tome_and_principe,1984,0.039000
sao_tome_and_principe,1985,0.039000
sao_tome_and_principe,1986,0.039000
sao_tome_and_principe,1987,0.039000
sao_tome_and_principe,1988,0.039000
sao_tome_and_principe,1989,0.039000
sao_tome_and_principe,1990,0.039000
sao_tome_and_principe,1991,0.039000
sao_tome_and_principe,1992,0.039000
sao_tome_and_principe,1993,0.039000
sao_tome_and_principe,1994,0.039000
sao_tome_and_principe,1995,0.039000
sao_tome_and_principe,1996,0.039000
sao_tome_and_principe,1997,0.039000
sao_tome_and_principe,1998,0.039000
sao_tome_and_principe,1999,0.039000
sao_tome_and_principe,2000,0.039000
sao_tome_and_principe,2001,0.039000
sao_tome_and_principe,2002,0.039000
sao_tome_and_principe,2003,0.039000
sao_tome_and_principe,2004,0.039000
sao_tome_and_principe,2005,0.039000
sao_tome_and_principe,2006,0.039000
sao_tome_and_principe,2007,0.039000
sao_tome_and_principe,2008,0.039000
sao_tome_and_principe,2009,0.039000
sao_tome_and_principe,2010,0.039000
sao_tome_and_principe,2011,0.039000
sao_tome_and_principe,2012,0.039000
sao_tome_and_principe,2013,0.039000
sao_tome_and_principe,2014,0.039000
sao_tome_and_principe,2015,0.039000
sao_tome_and_principe,2016,0.039000
sao_tome_and_principe,2017,0.039000
sao_tome_and_principe,2018,0.039000
sao_tome_and_principe,2019,0.039000
sao_tome_and_principe,2020,0.039000
sao_tome_and_principe,2021,0.039000
sao_tome_and_principe,2022,0.039000
saudi_arabia,1970,0.051000
saudi_arabia,1971,0.051000
saudi_arabia,1972,0.051000
saudi_arabia,1973,0.051000
saudi_arabia,1974,0.27000
saudi_arabia,1975,0.27000
saudi_arabia,1976,0.27380
saudi_arabia,1977,0.27680
saudi_arabia,1978,0.27680
saudi_arabia,1979,0.28730
saudi_arabia,1980,0.37630
saudi_arabia,1981,0.39680
saudi_arabia,1982,0.46503
saudi_arabia,1983,0.46803
saudi_arabia,1984,0.52644
saudi_arabia,1985,0.56150
saudi_arabia,1986,0.56450
saudi_arabia,1987,0.56582
saudi_arabia,1988,0.59486
saudi_arabia,1989,0.60086
saudi_arabia,1990,0.61836
saudi_arabia,1991,0.61836
saudi_arabia,1992,0.61836
saudi_arabia,1993,0.61836
saudi_arabia,1994,0.61836
saudi_arabia,1995,0.61836
saudi_arabia,1996,0.61836
saudi_arabia,1997,0.61836
saudi_arabia,1998,0.94336
saudi_arabia,1999,0.94336
saudi_arabia,2000,0.94396
saudi_arabia,2001,0.98396
saudi_arabia,2002,0.99596
saudi_arabia,2003,0.99896
saudi_arabia,2004,1.0020
saudi_arabia,2005,1.0041
saudi_arabia,2006,1.0041
saudi_arabia,2007,1.0041
saudi_arabia,2008,1.0041
saudi_arabia,2009,1.0041
saudi_arabia,2010,1.0041
saudi_arabia,2011,1.0041
saudi_arabia,2012,1.0041
saudi_arabia,2013,1.0041
saudi_arabia,2014,1.0041
saudi_arabia,2015,1.0041
saudi_arabia,2016,1.0041
saudi_arabia,2017,1.0041
saudi_arabia,2018,1.0041
saudi_arabia,2019,1.0041
saudi_arabia,2020,1.0041
saudi_arabia,2021,1.0041
saudi_arabia,2022,1.0041
senegal,1986,0.25000
senegal,1987,0.25000
senegal,1988,0.25000
senegal,1989,0.25000
senegal,1990,0.25000
senegal,1991,0.25000
senegal,1992,0.25000
senegal,1993,0.25000
senegal,1994,0.25000
senegal,1995,0.25000
senegal,1996,0.25000
senegal,1997,0.25000
senegal,1998,0.25000
senegal,1999,0.25000
senegal,2000,0.25000
senegal,2001,0.25000
senegal,2002,0.25000
senegal,2003,0.25000
senegal,2004,0.25000
senegal,2005,0.25000
senegal,2006,0.25000
senegal,2007,0.25000
senegal,2008,0.25000
senegal,2009,0.25000
senegal,2010,0.25000
senegal,2011,0.25000
senegal,2012,0.25000
senegal,2013,0.25000
senegal,2014,0.25000
senegal,2015,0.25000
senegal,2016,0.25000
senegal,2017,0.25000
senegal,2018,0.25000
senegal,2019,0.25000
senegal,2020,0.25000
senegal,2021,0.25000
senegal,2022,0.25000
serbia,2006,2.2699
serbia,2007,2.2699
serbia,2008,2.2699
serbia,2009,2.2699
serbia,2010,2.2699
serbia,2011,2.2699
serbia,2012,2.2699
serbia,2013,2.2699
serbia,2014,2.2699
serbia,2015,2.2699
serbia,2016,2.2699
serbia,2017,2.2699
serbia,2018,2.2699
serbia,2019,2.2699
serbia,2020,2.2699
serbia,2021,2.2699
serbia,2022,2.2699
seychelles,1989,0.0010000
seychelles,1990,0.0010000
seychelles,1991,0.0010000
seychelles,1992,0.0010000
seychelles,1993,0.0010000
seychelles,1994,0.0010000
seychelles,1995,0.0010000
seychelles,1996,0.0010000
seychelles,1997,0.0010000
seychelles,1998,0.0010000
seychelles,1999,0.0010000
seychelles,2000,0.0010000
seychelles,2001,0.0010000
seychelles,2002,0.0010000
seychelles,2003,0.0010000
seychelles,2004,0.0010000
seychelles,2005,0.0010000
seychelles,2006,0.0010000
seychelles,2007,0.0010000
seychelles,2008,0.0010000
seychelles,2009,0.0010000
seychelles,2010,0.0010000
seychelles,2011,0.0010000
seychelles,2012,0.0010000
seychelles,2013,0.0010000
seychelles,2014,0.0010000
seychelles,2015,0.0010000
seychelles,2016,0.0010000
seychelles,2017,0.0010000
seychelles,2018,0.0010000
seychelles,2019,0.0010000
seychelles,2020,0.0010000
seychelles,2021,0.0010000
seychelles,2022,0.0010000
sierra_leone,1966,0.22000
sierra_leone,1967,0.22000
sierra_leone,1968,0.22000
sierra_leone,1969,0.22000
sierra_leone,1970,0.22000
sierra_leone,1971,0.22000
sierra_leone,1972,0.22000
sierra_leone,1973,0.22000
sierra_leone,1974,0.22000
sierra_leone,1975,0.22000
sierra_leone,1976,0.22000
sierra_leone,1977,0.22000
sierra_leone,1978,0.22000
sierra_leone,1979,0.22000
sierra_leone,1980,0.22000
sierra_leone,1981,0.22000
sierra_leone,1982,0.22000
sierra_leone,1983,0.22000
sierra_leone,1984,0.22000
sierra_leone,1985,0.22000
sierra_leone,1986,0.22000
sierra_leone,1987,0.22000
sierra_leone,1988,0.22000
sierra_leone,1989,0.22000
sierra_leone,1990,0.22000
sierra_leone,1991,0.22000
sierra_leone,1992,0.22000
sierra_leone,1993,0.22000
sierra_leone,1994,0.22000
sierra_leone,1995,0.22000
sierra_leone,1996,0.22000
sierra_leone,1997,0.22000
sierra_leone,1998,0.22000
sierra_leone,1999,0.22000
sierra_leone,2000,0.22000
sierra_leone,2001,0.22000
sierra_leone,2002,0.22000
sierra_leone,2003,0.22000
sierra_leone,2004,0.22000
sierra_leone,2005,0.22000
sierra_leone,2006,0.22000
sierra_leone,2007,0.22000
sierra_leone,2008,0.22000
sierra_leone,2009,0.22000
sierra_leone,2010,0.22000
sierra_leone,2011,0.22000
sierra_leone,2012,0.22000
sierra_leone,2013,0.22000
sierra_leone,2014,0.22000
sierra_leone,2015,0.22000
sierra_leone,2016,0.22000
sierra_leone,2017,0.22000
sierra_leone,2018,0.22000
sierra_leone,2019,0.22000
sierra_leone,2020,0.22000
sierra_leone,2021,0.22000
sierra_leone,2022,0.22000
singapore,1968,0.027600
singapore,1969,0.027600
singapore,1970,0.027600
singapore,1971,0.027600
singapore,1972,0.027600
singapore,1973,0.027600
singapore,1974,0.027600
singapore,1975,0.058100
singapore,1976,0.058100
singapore,1977,0.058100
singapore,1978,0.058100
singapore,1979,0.058100
singapore,1980,0.058100
singapore,1981,0.074900
singapore,1982,0.074900
singapore,1983,0.074900
singapore,1984,0.074900
singapore,1985,0.074900
singapore,1986,0.074900
singapore,1987,0.074900
singapore,1988,0.074900
singapore,1989,0.074900
singapore,1990,0.074900
singapore,1991,0.074900
singapore,1992,0.074900
singapore,1993,0.074900
singapore,1994,0.074900
singapore,1995,0.074900
singapore,1996,0.074900
singapore,1997,0.074900
singapore,1998,0.074900
singapore,1999,0.074900
singapore,2000,0.074900
singapore,2001,0.074900
singapore,2002,0.074900
singapore,2003,0.074900
singapore,2004,0.074900
singapore,2005,0.074900
singapore,2006,0.074900
singapore,2007,0.074900
singapore,2008,0.074900
singapore,2009,0.074900
singapore,2010,0.074900
singapore,2011,0.074900
singapore,2012,0.074900
singapore,2013,0.074900
singapore,2014,0.074900
singapore,2015,0.074900
singapore,2016,0.074900
singapore,2017,0.074900
singapore,2018,0.074900
singapore,2019,0.074900
singapore,2020,0.074900
singapore,2021,0.074900
singapore,2022,0.074900
slovakia,1993,1.5221
slovakia,1994,1.5488
slovakia,1995,1.7088
slovakia,1996,1.7088
slovakia,1997,1.7088
slovakia,1998,1.7267
slovakia,1999,1.7267
slovakia,2000,1.7267
slovakia,2001,1.7267
slovakia,2002,1.7267
slovakia,2003,1.7267
slovakia,2004,1.7267
slovakia,2005,1.7267
slovakia,2006,1.7267
slovakia,2007,1.7267
slovakia,2008,1.7267
slovakia,2009,1.7267
slovakia,2010,1.7267
slovakia,2011,1.7267
slovakia,2012,1.7267
slovakia,2013,1.7267
slovakia,2014,1.7267
slovakia,2015,1.7267
slovakia,2016,1.7267
slovakia,2017,1.7267
slovakia,2018,1.7267
slovakia,2019,1.7267
slovakia,2020,1.7267
slovakia,2021,1.7267
slovakia,2022,1.7267
slovenia,1992,0.033500
slovenia,1993,0.033500
slovenia,1994,0.033500
slovenia,1995,0.033500
slovenia,1996,0.033500
slovenia,1997,0.033500
slovenia,1998,0.033500
slovenia,1999,0.033500
slovenia,2000,0.033500
slovenia,2001,0.033500
slovenia,2002,0.033500
slovenia,2003,0.033500
slovenia,2004,0.033500
slovenia,2005,0.033500
slovenia,2006,0.033500
slovenia,2007,0.033500
slovenia,2008,0.033500
slovenia,2009,0.033500
slovenia,2010,0.033500
slovenia,2011,0.033500
slovenia,2012,0.033500
slovenia,2013,0.033500
slovenia,2014,0.033500
slovenia,2015,0.033500
slovenia,2016,0.033500
slovenia,2017,0.033500
slovenia,2018,0.033500
slovenia,2019,0.033500
slovenia,2020,0.033500
slovenia,2021,0.033500
slovenia,2022,0.033500
somalia,2003,0.0000
somalia,2004,0.0000
somalia,2005,0.0000
somalia,2006,0.0000
somalia,2007,0.0000
somalia,2008,0.0000
somalia,2009,0.0000
somalia,2010,0.0000
somalia,2011,0.0000
somalia,2012,0.0000
somalia,2013,0.0000
somalia,2014,0.0000
somalia,2015,0.0000
somalia,2016,0.0000
somalia,2017,0.0000
somalia,2018,0.0000
somalia,2019,0.0000
somalia,2020,0.0000
somalia,2021,0.0000
somalia,2022,0.0000
south_africa,1960,2.1910
south_africa,1961,2.1994
south_africa,1962,2.2935
south_africa,1963,2.3215
south_africa,1964,2.4986
south_africa,1965,2.8380
south_africa,1966,2.8676
south_africa,1967,2.9682
south_africa,1968,3.1700
south_africa,1969,3.5945
south_africa,1970,4.9211
south_africa,1971,10.520
south_africa,1972,10.915
south_africa,1973,13.365
south_africa,1974,13.395
south_africa,1975,13.513
south_africa,1976,13.979
south_africa,1977,17.998
south_africa,1978,18.197
south_africa,1979,19.054
south_africa,1980,19.821
south_africa,1981,20.412
south_africa,1982,21.370
south_africa,1983,22.251
south_africa,1984,22.723
south_africa,1985,28.407
south_africa,1986,29.160
south_africa,1987,29.160
south_africa,1988,29.160
south_africa,1989,29.563
south_africa,1990,29.563
south_africa,1991,29.563
south_africa,1992,29.564
south_africa,1993,29.623
south_africa,1994,29.721
south_africa,1995,29.721
south_africa,1996,29.721
south_africa,1997,29.721
south_africa,1998,29.972
south_africa,1999,29.972
south_africa,2000,30.087
south_africa,2001,30.212
south_africa,2002,30.212
south_africa,2003,30.212
south_africa,2004,30.212
south_africa,2005,30.376
south_africa,2006,30.380
south_africa,2007,30.380
south_africa,2008,30.513
south_africa,2009,30.513
south_africa,2010,30.513
south_africa,2011,30.535
south_africa,2012,30.535
south_africa,2013,31.022
south_africa,2014,31.022
south_africa,2015,31.022
south_africa,2016,31.022
south_africa,2017,31.022
south_africa,2018,31.022
south_africa,2019,31.022
south_africa,2020,31.022
south_africa,2021,31.022
south_africa,2022,31.022
spain,1960,17.454
spain,1961,19.773
spain,1962,20.501
spain,1963,22.224
spain,1964,24.168
spain,1965,24.334
spain,1966,26.165
spain,1967,26.827
spain,1968,27.529
spain,1969,33.239
spain,1970,36.062
spain,1971,36.425
spain,1972,37.343
spain,1973,37.581
spain,1974,38.991
spain,1975,39.375
spain,1976,39.598
spain,1977,39.827
spain,1978,40.294
spain,1979,40.294
spain,1980,40.540
spain,1981,40.577
spain,1982,40.720
spain,1983,40.921
spain,1984,41.474
spain,1985,41.533
spain,1986,41.950
spain,1987,42.325
spain,1988,43.351
spain,1989,47.513
spain,1990,47.817
spain,1991,48.281
spain,1992,49.721
spain,1993,49.891
spain,1994,50.340
spain,1995,51.295
spain,1996,52.053
spain,1997,52.403
spain,1998,52.461
spain,1999,52.897
spain,2000,52.897
spain,2001,52.897
spain,2002,52.897
spain,2003,53.710
spain,2004,53.710
spain,2005,53.710
spain,2006,53.710
spain,2007,53.710
spain,2008,53.815
spain,2009,53.815
spain,2010,53.815
spain,2011,53.815
spain,2012,53.815
spain,2013,53.815
spain,2014,53.815
spain,2015,53.815
spain,2016,53.815
spain,2017,53.815
spain,2018,53.815
spain,2019,53.815
spain,2020,53.815
spain,2021,53.815
spain,2022,53.815
sri_lanka,1960,4.2039
sri_lanka,1961,4.2039
sri_lanka,1962,4.2039
sri_lanka,1963,4.2039
sri_lanka,1964,4.2039
sri_lanka,1965,4.2039
sri_lanka,1966,4.2039
sri_lanka,1967,4.2039
sri_lanka,1968,4.2039
sri_lanka,1969,4.2039
sri_lanka,1970,4.2039
sri_lanka,1971,4.2039
sri_lanka,1972,4.2039
sri_lanka,1973,4.2039
sri_lanka,1974,4.2039
sri_lanka,1975,4.2039
sri_lanka,1976,4.2039
sri_lanka,1977,4.2039
sri_lanka,1978,4.2039
sri_lanka,1979,4.2039
sri_lanka,1980,4.2039
sri_lanka,1981,4.2039
sri_lanka,1982,4.2039
sri_lanka,1983,4.2039
sri_lanka,1984,4.2039
sri_lanka,1985,4.2039
sri_lanka,1986,4.2039
sri_lanka,1987,4.2039
sri_lanka,1988,4.2039
sri_lanka,1989,4.2039
sri_lanka,1990,4.2039
sri_lanka,1991,4.2039
sri_lanka,1992,4.4219
sri_lanka,1993,4.4219
sri_lanka,1994,4.4219
sri_lanka,1995,4.4219
sri_lanka,1996,5.9420
sri_lanka,1997,5.9420
sri_lanka,1998,5.9420
sri_lanka,1999,5.9420
sri_lanka,2000,5.9420
sri_lanka,2001,5.9420
sri_lanka,2002,5.9420
sri_lanka,2003,5.9420
sri_lanka,2004,5.9420
sri_lanka,2005,5.9420
sri_lanka,2006,5.9420
sri_lanka,2007,5.9420
sri_lanka,2008,5.9420
sri_lanka,2009,5.9420
sri_lanka,2010,5.9420
sri_lanka,2011,5.9420
sri_lanka,2012,5.9420
sri_lanka,2013,5.9420
sri_lanka,2014,5.9420
sri_lanka,2015,5.9420
sri_lanka,2016,5.9420
sri_lanka,2017,5.9420
sri_lanka,2018,5.9420
sri_lanka,2019,5.9420
sri_lanka,2020,5.9420
sri_lanka,2021,5.9420
sri_lanka,2022,5.9420
sudan,2012,21.230
sudan,2013,21.230
sudan,2014,21.230
sudan,2015,21.230
sudan,2016,21.230
sudan,2017,21.230
sudan,2018,21.230
sudan,2019,21.230
sudan,2020,21.230
sudan,2021,21.230
sudan,2022,21.230
suriname,1964,20.000
suriname,1965,20.000
suriname,1966,20.000
suriname,1967,20.000
suriname,1968,20.000
suriname,1969,20.000
suriname,1970,20.000
suriname,1971,20.000
suriname,1972,20.000
suriname,1973,20.000
suriname,1974,20.000
suriname,1975,20.000
suriname,1976,20.000
suriname,1977,20.000
suriname,1978,20.000
suriname,1979,20.000
suriname,1980,20.000
suriname,1981,20.000
suriname,1982,20.000
suriname,1983,20.000
suriname,1984,20.000
suriname,1985,20.000
suriname,1986,20.000
suriname,1987,20.000
suriname,1988,20.000
suriname,1989,20.000
suriname,1990,20.000
suriname,1991,20.000
suriname,1992,20.000
suriname,1993,20.000
suriname,1994,20.000
suriname,1995,20.000
suriname,1996,20.000
suriname,1997,20.000
suriname,1998,20.000
suriname,1999,20.000
suriname,2000,20.000
suriname,2001,20.000
suriname,2002,20.000
suriname,2003,20.000
suriname,2004,20.000
suriname,2005,20.000
suriname,2006,20.000
suriname,2007,20.000
suriname,2008,20.000
suriname,2009,20.000
suriname,2010,20.000
suriname,2011,20.000
suriname,2012,20.000
suriname,2013,20.000
suriname,2014,20.000
suriname,2015,20.000
suriname,2016,20.000
suriname,2017,20.000
suriname,2018,20.000
suriname,2019,20.000
suriname,2020,20.000
suriname,2021,20.000
suriname,2022,20.000
sweden,1960,16.138
sweden,1961,16.435
sweden,1962,16.950
sweden,1963,18.593
sweden,1964,18.593
sweden,1965,18.593
sweden,1966,20.553
sweden,1967,22.505
sweden,1968,22.905
sweden,1969,23.937
sweden,1970,26.212
sweden,1971,26.212
sweden,1972,32.352
sweden,1973,32.424
sweden,1974,34.894
sweden,1975,35.256
sweden,1976,35.354
sweden,1977,35.354
sweden,1978,35.354
sweden,1979,35.354
sweden,1980,35.354
sweden,1981,35.354
sweden,1982,35.354
sweden,1983,35.354
sweden,1984,35.354
sweden,1985,35.959
sweden,1986,35.959
sweden,1987,35.959
sweden,1988,35.959
sweden,1989,35.959
sweden,1990,35.959
sweden,1991,35.959
sweden,1992,35.959
sweden,1993,35.959
sweden,1994,35.959
sweden,1995,35.959
sweden,1996,35.959
sweden,1997,35.959
sweden,1998,35.959
sweden,1999,35.959
sweden,2000,35.959
sweden,2001,35.959
sweden,2002,35.959
sweden,2003,35.959
sweden,2004,35.959
sweden,2005,35.959
sweden,2006,35.959
sweden,2007,35.959
sweden,2008,35.959
sweden,2009,35.959
sweden,2010,35.959
sweden,2011,35.959
sweden,2012,35.959
sweden,2013,35.959
sweden,2014,35.959
sweden,2015,35.959
sweden,2016,35.959
sweden,2017,35.959
sweden,2018,35.959
sweden,2019,35.959
sweden,2020,35.959
sweden,2021,35.959
sweden,2022,35.959
switzerland,1960,1.5526
switzerland,1961,2.1526
switzerland,1962,2.2190
switzerland,1963,2.5051
switzerland,1964,2.5051
switzerland,1965,2.6287
switzerland,1966,2.6698
switzerland,1967,2.7708
switzerland,1968,3.0317
switzerland,1969,3.0849
switzerland,1970,3.1165
switzerland,1971,3.1165
switzerland,1972,3.1165
switzerland,1973,3.1165
switzerland,1974,3.3435
switzerland,1975,3.3435
switzerland,1976,3.3435
switzerland,1977,3.3435
switzerland,1978,3.3435
switzerland,1979,3.3435
switzerland,1980,3.3435
switzerland,1981,3.3435
switzerland,1982,3.3435
switzerland,1983,3.3435
switzerland,1984,3.3435
switzerland,1985,3.3435
switzerland,1986,3.3435
switzerland,1987,3.3435
switzerland,1988,3.3435
switzerland,1989,3.3435
switzerland,1990,3.3435
switzerland,1991,3.3435
switzerland,1992,3.3435
switzerland,1993,3.3435
switzerland,1994,3.3435
switzerland,1995,3.3435
switzerland,1996,3.3435
switzerland,1997,3.3435
switzerland,1998,3.3435
switzerland,1999,3.3435
switzerland,2000,3.3435
switzerland,2001,3.3435
switzerland,2002,3.3435
switzerland,2003,3.3435
switzerland,2004,3.3435
switzerland,2005,3.3435
switzerland,2006,3.3435
switzerland,2007,3.3435
switzerland,2008,3.3435
switzerland,2009,3.3435
switzerland,2010,3.3435
switzerland,2011,3.3435
switzerland,2012,3.3435
switzerland,2013,3.3435
switzerland,2014,3.3435
switzerland,2015,3.3435
switzerland,2016,3.3435
switzerland,2017,3.3435
switzerland,2018,3.3435
switzerland,2019,3.3435
switzerland,2020,3.3435
switzerland,2021,3.3435
switzerland,2022,3.3435
syrian_arab_republic,1960,0.29500
syrian_arab_republic,1961,0.29500
syrian_arab_republic,1962,0.29500
syrian_arab_republic,1963,0.29500
syrian_arab_republic,1964,0.29500
syrian_arab_republic,1965,0.29500
syrian_arab_republic,1966,0.29715
syrian_arab_republic,1967,0.29905
syrian_arab_republic,1968,0.31640
syrian_arab_republic,1969,0.32123
syrian_arab_republic,1970,0.34443
syrian_arab_republic,1971,0.34443
syrian_arab_republic,1972,0.34793
syrian_arab_republic,1973,12.371
syrian_arab_republic,1974,12.379
syrian_arab_republic,1975,12.397
syrian_arab_republic,1976,12.597
syrian_arab_republic,1977,12.603
syrian_arab_republic,1978,12.638
syrian_arab_republic,1979,12.638
syrian_arab_republic,1980,12.667
syrian_arab_republic,1981,12.682
syrian_arab_republic,1982,12.712
syrian_arab_republic,1983,12.776
syrian_arab_republic,1984,12.783
syrian_arab_republic,1985,13.011
syrian_arab_republic,1986,13.048
syrian_arab_republic,1987,13.083
syrian_arab_republic,1988,13.083
syrian_arab_republic,1989,13.187
syrian_arab_republic,1990,13.516
syrian_arab_republic,1991,13.535
syrian_arab_republic,1992,13.582
syrian_arab_republic,1993,13.582
syrian_arab_republic,1994,13.582
syrian_arab_republic,1995,13.706
syrian_arab_republic,1996,13.804
syrian_arab_republic,1997,13.804
syrian_arab_republic,1998,13.832
syrian_arab_republic,1999,15.771
syrian_arab_republic,2000,15.874
syrian_arab_republic,2001,16.493
syrian_arab_republic,2002,16.493
syrian_arab_republic,2003,16.513
syrian_arab_republic,2004,16.513
syrian_arab_republic,2005,16.513
syrian_arab_republic,2006,16.513
syrian_arab_republic,2007,19.650
syrian_arab_republic,2008,19.650
syrian_arab_republic,2009,19.650
syrian_arab_republic,2010,19.650
syrian_arab_republic,2011,19.650
syrian_arab_republic,2012,19.650
syrian_arab_republic,2013,19.650
syrian_arab_republic,2014,19.650
syrian_arab_republic,2015,19.650
syrian_arab_republic,2016,19.650
syrian_arab_republic,2017,19.650
syrian_arab_republic,2018,19.650
syrian_arab_republic,2019,19.650
syrian_arab_republic,2020,19.650
syrian_arab_republic,2021,19.650
syrian_arab_republic,2022,19.650
tajikistan,1992,15.099
tajikistan,1993,15.099
tajikistan,1994,28.970
tajikistan,1995,28.970
tajikistan,1996,28.970
tajikistan,1997,28.970
tajikistan,1998,28.970
tajikistan,1999,28.970
tajikistan,2000,28.970
tajikistan,2001,28.970
tajikistan,2002,28.970
tajikistan,2003,28.970
tajikistan,2004,28.970
tajikistan,2005,28.970
tajikistan,2006,28.970
tajikistan,2007,28.970
tajikistan,2008,28.970
tajikistan,2009,28.995
tajikistan,2010,29.500
tajikistan,2011,29.505
tajikistan,2012,29.505
tajikistan,2013,29.505
tajikistan,2014,29.505
tajikistan,2015,29.505
tajikistan,2016,29.505
tajikistan,2017,29.505
tajikistan,2018,29.505
tajikistan,2019,29.505
tajikistan,2020,29.505
tajikistan,2021,29.505
tajikistan,2022,29.505
thailand,1960,0.0000
thailand,1961,0.0000
thailand,1962,0.0000
thailand,1963,0.0000
thailand,1964,13.462
thailand,1965,22.340
thailand,1966,23.053
thailand,1967,23.053
thailand,1968,23.053
thailand,1969,24.793
thailand,1970,27.200
thailand,1971,38.676
thailand,1972,38.976
thailand,1973,39.496
thailand,1974,39.613
thailand,1975,39.610
thailand,1976,39.613
thailand,1977,39.613
thailand,1978,39.613
thailand,1979,39.613
thailand,1980,58.040
thailand,1981,59.444
thailand,1982,60.850
thailand,1983,60.959
thailand,1984,69.932
thailand,1985,70.197
thailand,1986,70.197
thailand,1987,76.836
thailand,1988,77.094
thailand,1989,77.094
thailand,1990,77.094
thailand,1991,77.357
thailand,1992,77.417
thailand,1993,77.581
thailand,1994,77.695
thailand,1995,77.695
thailand,1996,77.695
thailand,1997,77.695
thailand,1998,77.970
thailand,1999,78.755
thailand,2000,78.755
thailand,2001,78.755
thailand,2002,78.755
thailand,2003,78.755
thailand,2004,78.755
thailand,2005,79.231
thailand,2006,79.231
thailand,2007,79.231
thailand,2008,79.231
thailand,2009,79.231
thailand,2010,79.231
thailand,2011,79.231
thailand,2012,79.231
thailand,2013,79.231
thailand,2014,79.231
thailand,2015,79.231
thailand,2016,79.231
thailand,2017,79.231
thailand,2018,79.231
thailand,2019,79.231
thailand,2020,79.231
thailand,2021,79.231
thailand,2022,79.231
togo,1960,0.0065690
togo,1961,0.0065690
togo,1962,0.0065690
togo,1963,0.0074690
togo,1964,0.0074690
togo,1965,0.0074690
togo,1966,0.0074690
togo,1967,0.0074690
togo,1968,0.0074690
togo,1969,0.0074690
togo,1970,0.0074690
togo,1971,0.0074690
togo,1972,0.0074690
togo,1973,0.0074690
togo,1974,0.0074690
togo,1975,0.0074690
togo,1976,0.0074690
togo,1977,0.0074690
togo,1978,0.0074690
togo,1979,0.0074690
togo,1980,0.0074690
togo,1981,0.0074690
togo,1982,0.0074690
togo,1983,0.0074690
togo,1984,0.0074690
togo,1985,0.0074690
togo,1986,0.0074690
togo,1987,1.7175
togo,1988,1.7175
togo,1989,1.7175
togo,1990,1.7175
togo,1991,1.7175
togo,1992,1.7175
togo,1993,1.7175
togo,1994,1.7175
togo,1995,1.7175
togo,1996,1.7175
togo,1997,1.7175
togo,1998,1.7175
togo,1999,1.7175
togo,2000,1.7175
togo,2001,1.7175
togo,2002,1.7175
togo,2003,1.7175
togo,2004,1.7175
togo,2005,1.7175
togo,2006,1.7175
togo,2007,1.7175
togo,2008,1.7175
togo,2009,1.7175
togo,2010,1.7175
togo,2011,1.7175
togo,2012,1.7175
togo,2013,1.7175
togo,2014,1.7175
togo,2015,1.7175
togo,2016,1.7175
togo,2017,1.7175
togo,2018,1.7175
togo,2019,1.7175
togo,2020,1.7175
togo,2021,1.7175
togo,2022,1.7175
trinidad_and_tobago,1960,0.0057700
trinidad_and_tobago,1961,0.0057700
trinidad_and_tobago,1962,0.024870
trinidad_and_tobago,1963,0.024870
trinidad_and_tobago,1964,0.024870
trinidad_and_tobago,1965,0.024870
trinidad_and_tobago,1966,0.024870
trinidad_and_tobago,1967,0.024870
trinidad_and_tobago,1968,0.024870
trinidad_and_tobago,1969,0.024870
trinidad_and_tobago,1970,0.024870
trinidad_and_tobago,1971,0.024870
trinidad_and_tobago,1972,0.024870
trinidad_and_tobago,1973,0.024870
trinidad_and_tobago,1974,0.024870
trinidad_and_tobago,1975,0.024870
trinidad_and_tobago,1976,0.024870
trinidad_and_tobago,1977,0.024870
trinidad_and_tobago,1978,0.024870
trinidad_and_tobago,1979,0.024870
trinidad_and_tobago,1980,0.024870
trinidad_and_tobago,1981,0.071470
trinidad_and_tobago,1982,0.071470
trinidad_and_tobago,1983,0.071470
trinidad_and_tobago,1984,0.071470
trinidad_and_tobago,1985,0.071470
trinidad_and_tobago,1986,0.071470
trinidad_and_tobago,1987,0.071470
trinidad_and_tobago,1988,0.071470
trinidad_and_tobago,1989,0.071470
trinidad_and_tobago,1990,0.071470
trinidad_and_tobago,1991,0.071470
trinidad_and_tobago,1992,0.071470
trinidad_and_tobago,1993,0.071470
trinidad_and_tobago,1994,0.071470
trinidad_and_tobago,1995,0.071470
trinidad_and_tobago,1996,0.071470
trinidad_and_tobago,1997,0.071470
trinidad_and_tobago,1998,0.071470
trinidad_and_tobago,1999,0.071470
trinidad_and_tobago,2000,0.071470
trinidad_and_tobago,2001,0.071470
trinidad_and_tobago,2002,0.071470
trinidad_and_tobago,2003,0.071470
trinidad_and_tobago,2004,0.071470
trinidad_and_tobago,2005,0.071470
trinidad_and_tobago,2006,0.071470
trinidad_and_tobago,2007,0.071470
trinidad_and_tobago,2008,0.071470
trinidad_and_tobago,2009,0.071470
trinidad_and_tobago,2010,0.071470
trinidad_and_tobago,2011,0.071470
trinidad_and_tobago,2012,0.071470
trinidad_and_tobago,2013,0.071470
trinidad_and_tobago,2014,0.071470
trinidad_and_tobago,2015,0.071500
trinidad_and_tobago,2016,0.071470
trinidad_and_tobago,2017,0.071470
trinidad_and_tobago,2018,0.071470
trinidad_and_tobago,2019,0.071470
trinidad_and_tobago,2020,0.071470
trinidad_and_tobago,2021,0.071470
trinidad_and_tobago,2022,0.071470
tunisia,1960,0.32103
tunisia,1961,0.32103
tunisia,1962,0.32103
tunisia,1963,0.32949
tunisia,1964,0.33149
tunisia,1965,0.33499
tunisia,1966,0.34379
tunisia,1967,0.34379
tunisia,1968,0.35359
tunisia,1969,0.52059
tunisia,1970,0.52059
tunisia,1971,0.68059
tunisia,1972,0.68059
tunisia,1973,0.68059
tunisia,1974,0.68059
tunisia,1975,0.68059
tunisia,1976,0.79809
tunisia,1977,0.79809
tunisia,1978,0.79809
tunisia,1979,0.79809
tunisia,1980,0.79809
tunisia,1981,1.5621
tunisia,1982,1.5821
tunisia,1983,1.7121
tunisia,1984,1.7238
tunisia,1985,1.7238
tunisia,1986,1.7538
tunisia,1987,1.8238
tunisia,1988,1.8292
tunisia,1989,1.9392
tunisia,1990,2.0692
tunisia,1991,2.0692
tunisia,1992,2.0692
tunisia,1993,2.0692
tunisia,1994,2.0692
tunisia,1995,2.0692
tunisia,1996,2.0692
tunisia,1997,2.0692
tunisia,1998,2.0692
tunisia,1999,2.1842
tunisia,2000,2.1842
tunisia,2001,2.2372
tunisia,2002,2.5264
tunisia,2003,2.5264
tunisia,2004,2.5264
tunisia,2005,2.5264
tunisia,2006,2.5264
tunisia,2007,2.5264
tunisia,2008,2.5264
tunisia,2009,2.5264
tunisia,2010,2.5264
tunisia,2011,2.5264
tunisia,2012,2.6770
tunisia,2013,2.6914
tunisia,2014,2.6914
tunisia,2015,2.6914
tunisia,2016,2.6914
tunisia,2017,2.6914
tunisia,2018,2.6914
tunisia,2019,2.6914
tunisia,2020,2.6914
tunisia,2021,2.6914
tunisia,2022,2.6914
turkiye,1960,10.828
turkiye,1961,10.828
turkiye,1962,11.160
turkiye,1963,11.163
turkiye,1964,11.300
turkiye,1965,11.310
turkiye,1966,12.400
turkiye,1967,12.590
turkiye,1968,12.750
turkiye,1969,12.820
turkiye,1970,12.880
turkiye,1971,13.030
turkiye,1972,14.570
turkiye,1973,14.990
turkiye,1974,15.000
turkiye,1975,46.240
turkiye,1976,46.290
turkiye,1977,46.410
turkiye,1978,46.410
turkiye,1979,46.410
turkiye,1980,46.450
turkiye,1981,47.840
turkiye,1982,48.020
turkiye,1983,48.820
turkiye,1984,50.510
turkiye,1985,53.880
turkiye,1986,54.050
turkiye,1987,63.900
turkiye,1988,74.600
turkiye,1989,78.240
turkiye,1990,81.320
turkiye,1991,84.640
turkiye,1992,133.70
turkiye,1993,134.00
turkiye,1994,139.30
turkiye,1995,139.30
turkiye,1996,140.10
turkiye,1997,147.30
turkiye,1998,150.50
turkiye,1999,152.90
turkiye,2000,155.40
turkiye,2001,155.50
turkiye,2002,156.00
turkiye,2003,156.00
turkiye,2004,157.30
turkiye,2005,157.30
turkiye,2006,157.30
turkiye,2007,157.30
turkiye,2008,157.30
turkiye,2009,157.30
turkiye,2010,157.83
turkiye,2011,157.83
turkiye,2012,157.30
turkiye,2013,157.83
turkiye,2014,157.83
turkiye,2015,157.83
turkiye,2016,157.83
turkiye,2017,157.83
turkiye,2018,157.83
turkiye,2019,157.83
turkiye,2020,157.83
turkiye,2021,157.83
turkiye,2022,157.83
turkmenistan,1992,4.9695
turkmenistan,1993,4.9695
turkmenistan,1994,4.9695
turkmenistan,1995,4.9700
turkmenistan,1996,4.9695
turkmenistan,1997,4.9695
turkmenistan,1998,4.9695
turkmenistan,1999,4.9695
turkmenistan,2000,4.9700
turkmenistan,2001,4.9695
turkmenistan,2002,4.9695
turkmenistan,2003,4.9695
turkmenistan,2004,6.2200
turkmenistan,2005,6.2200
turkmenistan,2006,5.5945
turkmenistan,2007,5.5945
turkmenistan,2008,5.5945
turkmenistan,2009,6.2200
turkmenistan,2010,6.2200
turkmenistan,2011,5.5945
turkmenistan,2012,5.5945
turkmenistan,2013,5.5945
turkmenistan,2014,5.5945
turkmenistan,2015,5.5945
turkmenistan,2016,5.5945
turkmenistan,2017,5.5945
turkmenistan,2018,5.5945
turkmenistan,2019,5.5945
turkmenistan,2020,5.5945
turkmenistan,2021,5.5945
turkmenistan,2022,5.5945
uganda,1960,80.000
uganda,1961,80.000
uganda,1962,80.000
uganda,1963,80.000
uganda,1964,80.000
uganda,1965,80.000
uganda,1966,80.000
uganda,1967,80.000
uganda,1968,80.000
uganda,1969,80.000
uganda,1970,80.000
uganda,1971,80.000
uganda,1972,80.000
uganda,1973,80.000
uganda,1974,80.000
uganda,1975,80.000
uganda,1976,80.000
uganda,1977,80.000
uganda,1978,80.000
uganda,1979,80.000
uganda,1980,80.000
uganda,1981,80.000
uganda,1982,80.000
uganda,1983,80.000
uganda,1984,80.000
uganda,1985,80.000
uganda,1986,80.000
uganda,1987,80.000
uganda,1988,80.000
uganda,1989,80.000
uganda,1990,80.000
uganda,1991,80.000
uganda,1992,80.000
uganda,1993,80.000
uganda,1994,80.000
uganda,1995,80.000
uganda,1996,80.000
uganda,1997,80.000
uganda,1998,80.000
uganda,1999,80.000
uganda,2000,80.000
uganda,2001,80.000
uganda,2002,80.000
uganda,2003,80.000
uganda,2004,80.000
uganda,2005,80.000
uganda,2006,80.000
uganda,2007,80.000
uganda,2008,80.000
uganda,2009,80.000
uganda,2010,80.000
uganda,2011,80.000
uganda,2012,80.001
uganda,2013,80.001
uganda,2014,80.001
uganda,2015,80.001
uganda,2016,80.001
uganda,2017,80.001
uganda,2018,80.001
uganda,2019,80.001
uganda,2020,80.001
uganda,2021,80.001
uganda,2022,80.001
ukraine,1992,47.200
ukraine,1993,47.200
ukraine,1994,47.200
ukraine,1995,47.200
ukraine,1996,47.200
ukraine,1997,47.200
ukraine,1998,47.200
ukraine,1999,47.200
ukraine,2000,47.200
ukraine,2001,47.200
ukraine,2002,47.200
ukraine,2003,47.200
ukraine,2004,47.200
ukraine,2005,47.200
ukraine,2006,47.200
ukraine,2007,47.200
ukraine,2008,47.200
ukraine,2009,47.200
ukraine,2010,47.200
ukraine,2011,47.200
ukraine,2012,55.500
ukraine,2013,55.399
ukraine,2014,55.399
ukraine,2015,55.399
ukraine,2016,55.399
ukraine,2017,55.399
ukraine,2018,55.399
ukraine,2019,55.399
ukraine,2020,55.399
ukraine,2021,55.399
ukraine,2022,55.399
united_arab_emirates,1982,0.015450
united_arab_emirates,1983,0.015962
united_arab_emirates,1984,0.015962
united_arab_emirates,1985,0.015962
united_arab_emirates,1986,0.015962
united_arab_emirates,1987,0.015962
united_arab_emirates,1988,0.015962
united_arab_emirates,1989,0.015962
united_arab_emirates,1990,0.015962
united_arab_emirates,1991,0.022462
united_arab_emirates,1992,0.040962
united_arab_emirates,1993,0.040962
united_arab_emirates,1994,0.040962
united_arab_emirates,1995,0.040962
united_arab_emirates,1996,0.040962
united_arab_emirates,1997,0.046162
united_arab_emirates,1998,0.046162
united_arab_emirates,1999,0.047762
united_arab_emirates,2000,0.047762
united_arab_emirates,2001,0.053735
united_arab_emirates,2002,0.060712
united_arab_emirates,2003,0.061022
united_arab_emirates,2004,0.061070
united_arab_emirates,2005,0.061070
united_arab_emirates,2006,0.061070
united_arab_emirates,2007,0.061070
united_arab_emirates,2008,0.061070
united_arab_emirates,2009,0.061070
united_arab_emirates,2010,0.061070
united_arab_emirates,2011,0.061070
united_arab_emirates,2012,0.061070
united_arab_emirates,2013,0.061070
united_arab_emirates,2014,0.061070
united_arab_emirates,2015,0.061070
united_arab_emirates,2016,0.061070
united_arab_emirates,2017,0.061070
united_arab_emirates,2018,0.061070
united_arab_emirates,2019,0.061070
united_arab_emirates,2020,0.061070
united_arab_emirates,2021,0.061070
united_arab_emirates,2022,0.061070
united_kingdom_of_great_britain_and_northern_ireland,1960,3.5612
united_kingdom_of_great_britain_and_northern_ireland,1961,3.5824
united_kingdom_of_great_britain_and_northern_ireland,1962,3.9450
united_kingdom_of_great_britain_and_northern_ireland,1963,4.1191
united_kingdom_of_great_britain_and_northern_ireland,1964,4.2147
united_kingdom_of_great_britain_and_northern_ireland,1965,4.3201
united_kingdom_of_great_britain_and_northern_ireland,1966,4.3701
united_kingdom_of_great_britain_and_northern_ireland,1967,4.4201
united_kingdom_of_great_britain_and_northern_ireland,1968,4.4201
united_kingdom_of_great_britain_and_northern_ireland,1969,4.4678
united_kingdom_of_great_britain_and_northern_ireland,1970,4.5196
united_kingdom_of_great_britain_and_northern_ireland,1971,4.5196
united_kingdom_of_great_britain_and_northern_ireland,1972,4.5806
united_kingdom_of_great_britain_and_northern_ireland,1973,4.5998
united_kingdom_of_great_britain_and_northern_ireland,1974,4.5998
united_kingdom_of_great_britain_and_northern_ireland,1975,4.7552
united_kingdom_of_great_britain_and_northern_ireland,1976,4.8258
united_kingdom_of_great_britain_and_northern_ireland,1977,4.8258
united_kingdom_of_great_britain_and_northern_ireland,1978,4.8474
united_kingdom_of_great_britain_and_northern_ireland,1979,4.8474
united_kingdom_of_great_britain_and_northern_ireland,1980,4.8728
united_kingdom_of_great_britain_and_northern_ireland,1981,4.8728
united_kingdom_of_great_britain_and_northern_ireland,1982,5.1486
united_kingdom_of_great_britain_and_northern_ireland,1983,5.1777
united_kingdom_of_great_britain_and_northern_ireland,1984,5.1777
united_kingdom_of_great_britain_and_northern_ireland,1985,5.1777
united_kingdom_of_great_britain_and_northern_ireland,1986,5.1995
united_kingdom_of_great_britain_and_northern_ireland,1987,5.1995
united_kingdom_of_great_britain_and_northern_ireland,1988,5.1995
united_kingdom_of_great_britain_and_northern_ireland,1989,5.2365
united_kingdom_of_great_britain_and_northern_ireland,1990,5.2365
united_kingdom_of_great_britain_and_northern_ireland,1991,5.2365
united_kingdom_of_great_britain_and_northern_ireland,1992,5.2715
united_kingdom_of_great_britain_and_northern_ireland,1993,5.2715
united_kingdom_of_great_britain_and_northern_ireland,1994,5.2715
united_kingdom_of_great_britain_and_northern_ireland,1995,5.2715
united_kingdom_of_great_britain_and_northern_ireland,1996,5.2715
united_kingdom_of_great_britain_and_northern_ireland,1997,5.2715
united_kingdom_of_great_britain_and_northern_ireland,1998,5.2715
united_kingdom_of_great_britain_and_northern_ireland,1999,5.2715
united_kingdom_of_great_britain_and_northern_ireland,2000,5.2715
united_kingdom_of_great_britain_and_northern_ireland,2001,5.2715
united_kingdom_of_great_britain_and_northern_ireland,2002,5.2715
united_kingdom_of_great_britain_and_northern_ireland,2003,5.2715
united_kingdom_of_great_britain_and_northern_ireland,2004,5.2715
united_kingdom_of_great_britain_and_northern_ireland,2005,5.2715
united_kingdom_of_great_britain_and_northern_ireland,2006,5.2715
united_kingdom_of_great_britain_and_northern_ireland,2007,5.2715
united_kingdom_of_great_britain_and_northern_ireland,2008,5.2715
united_kingdom_of_great_britain_and_northern_ireland,2009,5.2715
united_kingdom_of_great_britain_and_northern_ireland,2010,5.2715
united_kingdom_of_great_britain_and_northern_ireland,2011,5.2715
united_kingdom_of_great_britain_and_northern_ireland,2012,5.2715
united_kingdom_of_great_britain_and_northern_ireland,2013,5.2715
united_kingdom_of_great_britain_and_northern_ireland,2014,5.2715
united_kingdom_of_great_britain_and_northern_ireland,2015,5.2715
united_kingdom_of_great_britain_and_northern_ireland,2016,5.2715
united_kingdom_of_great_britain_and_northern_ireland,2017,5.2715
united_kingdom_of_great_britain_and_northern_ireland,2018,5.2715
united_kingdom_of_great_britain_and_northern_ireland,2019,5.2715
united_kingdom_of_great_britain_and_northern_ireland,2020,5.2715
united_kingdom_of_great_britain_and_northern_ireland,2021,5.2715
united_kingdom_of_great_britain_and_northern_ireland,2022,5.2715
united_republic_of_tanzania,1960,100.00
united_republic_of_tanzania,1961,100.00
united_republic_of_tanzania,1962,100.00
united_republic_of_tanzania,1963,100.00
united_republic_of_tanzania,1964,100.00
united_republic_of_tanzania,1965,100.00
united_republic_of_tanzania,1966,100.87
united_republic_of_tanzania,1967,100.87
united_republic_of_tanzania,1968,100.87
united_republic_of_tanzania,1969,100.87
united_republic_of_tanzania,1970,100.87
united_republic_of_tanzania,1971,100.87
united_republic_of_tanzania,1972,100.87
united_republic_of_tanzania,1973,100.87
united_republic_of_tanzania,1974,100.87
united_republic_of_tanzania,1975,101.00
united_republic_of_tanzania,1976,101.00
united_republic_of_tanzania,1977,101.00
united_republic_of_tanzania,1978,101.00
united_republic_of_tanzania,1979,101.00
united_republic_of_tanzania,1980,104.20
united_republic_of_tanzania,1981,104.20
united_republic_of_tanzania,1982,104.20
united_republic_of_tanzania,1983,104.20
united_republic_of_tanzania,1984,104.20
united_republic_of_tanzania,1985,104.20
united_republic_of_tanzania,1986,104.20
united_republic_of_tanzania,1987,104.20
united_republic_of_tanzania,1988,104.20
united_republic_of_tanzania,1989,104.20
united_republic_of_tanzania,1990,104.20
united_republic_of_tanzania,1991,104.20
united_republic_of_tanzania,1992,104.20
united_republic_of_tanzania,1993,104.20
united_republic_of_tanzania,1994,104.20
united_republic_of_tanzania,1995,104.20
united_republic_of_tanzania,1996,104.20
united_republic_of_tanzania,1997,104.20
united_republic_of_tanzania,1998,104.20
united_republic_of_tanzania,1999,104.20
united_republic_of_tanzania,2000,104.20
united_republic_of_tanzania,2001,104.20
united_republic_of_tanzania,2002,104.20
united_republic_of_tanzania,2003,104.20
united_republic_of_tanzania,2004,104.20
united_republic_of_tanzania,2005,104.20
united_republic_of_tanzania,2006,104.20
united_republic_of_tanzania,2007,104.20
united_republic_of_tanzania,2008,104.20
united_republic_of_tanzania,2009,104.20
united_republic_of_tanzania,2010,104.20
united_republic_of_tanzania,2011,104.20
united_republic_of_tanzania,2012,104.20
united_republic_of_tanzania,2013,104.20
united_republic_of_tanzania,2014,104.20
united_republic_of_tanzania,2015,104.20
united_republic_of_tanzania,2016,104.20
united_republic_of_tanzania,2017,104.20
united_republic_of_tanzania,2018,104.20
united_republic_of_tanzania,2019,104.20
united_republic_of_tanzania,2020,104.20
united_republic_of_tanzania,2021,104.20
united_republic_of_tanzania,2022,104.20
united_states_of_america,1960,413.04
united_states_of_america,1961,418.79
united_states_of_america,1962,438.96
united_states_of_america,1963,486.04
united_states_of_america,1964,504.71
united_states_of_america,1965,529.84
united_states_of_america,1966,576.31
united_states_of_america,1967,588.50
united_states_of_america,1968,598.59
united_states_of_america,1969,617.31
united_states_of_america,1970,622.81
united_states_of_america,1971,629.65
united_states_of_america,1972,644.42
united_states_of_america,1973,662.94
united_states_of_america,1974,671.85
united_states_of_america,1975,675.53
united_states_of_america,1976,679.69
united_states_of_america,1977,685.98
united_states_of_america,1978,696.42
united_states_of_america,1979,702.85
united_states_of_america,1980,707.05
united_states_of_america,1981,711.45
united_states_of_america,1982,712.41
united_states_of_america,1983,717.52
united_states_of_america,1984,718.29
united_states_of_america,1985,718.48
united_states_of_america,1986,722.62
united_states_of_america,1987,725.05
united_states_of_america,1988,727.22
united_states_of_america,1989,729.68
united_states_of_america,1990,730.20
united_states_of_america,1991,731.33
united_states_of_america,1992,731.53
united_states_of_america,1993,732.20
united_states_of_america,1994,734.17
united_states_of_america,1995,734.39
united_states_of_america,1996,734.41
united_states_of_america,1997,734.61
united_states_of_america,1998,734.67
united_states_of_america,1999,734.67
united_states_of_america,2000,735.84
united_states_of_america,2001,735.84
united_states_of_america,2002,735.84
united_states_of_america,2003,735.87
united_states_of_america,2004,735.87
united_states_of_america,2005,735.87
united_states_of_america,2006,735.87
united_states_of_america,2007,735.87
united_states_of_america,2008,735.87
united_states_of_america,2009,735.87
united_states_of_america,2010,735.87
united_states_of_america,2011,735.87
united_states_of_america,2012,735.87
united_states_of_america,2013,735.87
united_states_of_america,2014,735.87
united_states_of_america,2015,735.87
united_states_of_america,2016,735.87
united_states_of_america,2017,735.87
united_states_of_america,2018,735.87
united_states_of_america,2019,735.87
united_states_of_america,2020,735.87
united_states_of_america,2021,735.87
united_states_of_america,2022,735.87
uruguay,1960,11.356
uruguay,1961,11.356
uruguay,1962,11.356
uruguay,1963,11.356
uruguay,1964,11.356
uruguay,1965,11.356
uruguay,1966,11.356
uruguay,1967,11.356
uruguay,1968,11.356
uruguay,1969,11.356
uruguay,1970,11.356
uruguay,1971,11.356
uruguay,1972,11.356
uruguay,1973,11.356
uruguay,1974,11.356
uruguay,1975,11.356
uruguay,1976,11.356
uruguay,1977,11.356
uruguay,1978,11.356
uruguay,1979,14.106
uruguay,1980,14.106
uruguay,1981,14.106
uruguay,1982,16.956
uruguay,1983,17.084
uruguay,1984,17.084
uruguay,1985,17.084
uruguay,1986,17.154
uruguay,1987,17.154
uruguay,1988,17.154
uruguay,1989,17.154
uruguay,1990,17.154
uruguay,1991,17.154
uruguay,1992,17.154
uruguay,1993,17.154
uruguay,1994,17.154
uruguay,1995,17.154
uruguay,1996,17.154
uruguay,1997,17.154
uruguay,1998,17.154
uruguay,1999,17.154
uruguay,2000,17.154
uruguay,2001,17.154
uruguay,2002,17.154
uruguay,2003,17.154
uruguay,2004,17.154
uruguay,2005,17.154
uruguay,2006,17.154
uruguay,2007,17.154
uruguay,2008,17.154
uruguay,2009,17.150
uruguay,2010,17.154
uruguay,2011,17.154
uruguay,2012,17.154
uruguay,2013,17.154
uruguay,2014,17.154
uruguay,2015,17.154
uruguay,2016,17.154
uruguay,2017,17.154
uruguay,2018,17.154
uruguay,2019,17.154
uruguay,2020,17.154
uruguay,2021,17.154
uruguay,2022,17.154
uzbekistan,1992,21.512
uzbekistan,1993,21.512
uzbekistan,1994,21.512
uzbekistan,1995,21.660
uzbekistan,1996,21.512
uzbekistan,1997,21.512
uzbekistan,1998,21.512
uzbekistan,1999,21.512
uzbekistan,2000,21.660
uzbekistan,2001,21.512
uzbekistan,2002,22.160
uzbekistan,2003,22.012
uzbekistan,2004,22.012
uzbekistan,2005,22.160
uzbekistan,2006,22.012
uzbekistan,2007,22.012
uzbekistan,2008,22.012
uzbekistan,2009,22.012
uzbekistan,2010,22.160
uzbekistan,2011,22.012
uzbekistan,2012,22.012
uzbekistan,2013,22.012
uzbekistan,2014,22.012
uzbekistan,2015,22.012
uzbekistan,2016,22.012
uzbekistan,2017,22.012
uzbekistan,2018,22.012
uzbekistan,2019,22.012
uzbekistan,2020,22.012
uzbekistan,2021,22.012
uzbekistan,2022,22.012
venezuela_bolivarian_republic_of,1960,2.5634
venezuela_bolivarian_republic_of,1961,2.5718
venezuela_bolivarian_republic_of,1962,2.6690
venezuela_bolivarian_republic_of,1963,3.2740
venezuela_bolivarian_republic_of,1964,3.2917
venezuela_bolivarian_republic_of,1965,3.3148
venezuela_bolivarian_republic_of,1966,3.5633
venezuela_bolivarian_republic_of,1967,3.9150
venezuela_bolivarian_republic_of,1968,5.6610
venezuela_bolivarian_republic_of,1969,5.6816
venezuela_bolivarian_republic_of,1970,5.6816
venezuela_bolivarian_republic_of,1971,6.1068
venezuela_bolivarian_republic_of,1972,6.1068
venezuela_bolivarian_republic_of,1973,7.1454
venezuela_bolivarian_republic_of,1974,7.4019
venezuela_bolivarian_republic_of,1975,7.4029
venezuela_bolivarian_republic_of,1976,7.4180
venezuela_bolivarian_republic_of,1977,8.0924
venezuela_bolivarian_republic_of,1978,9.9662
venezuela_bolivarian_republic_of,1979,10.121
venezuela_bolivarian_republic_of,1980,10.352
venezuela_bolivarian_republic_of,1981,10.352
venezuela_bolivarian_republic_of,1982,10.352
venezuela_bolivarian_republic_of,1983,11.976
venezuela_bolivarian_republic_of,1984,11.976
venezuela_bolivarian_republic_of,1985,11.976
venezuela_bolivarian_republic_of,1986,147.46
venezuela_bolivarian_republic_of,1987,147.47
venezuela_bolivarian_republic_of,1988,153.16
venezuela_bolivarian_republic_of,1989,153.16
venezuela_bolivarian_republic_of,1990,153.16
venezuela_bolivarian_republic_of,1991,153.16
venezuela_bolivarian_republic_of,1992,153.16
venezuela_bolivarian_republic_of,1993,153.16
venezuela_bolivarian_republic_of,1994,153.16
venezuela_bolivarian_republic_of,1995,153.34
venezuela_bolivarian_republic_of,1996,153.34
venezuela_bolivarian_republic_of,1997,153.55
venezuela_bolivarian_republic_of,1998,153.55
venezuela_bolivarian_republic_of,1999,153.55
venezuela_bolivarian_republic_of,2000,153.55
venezuela_bolivarian_republic_of,2001,153.55
venezuela_bolivarian_republic_of,2002,153.55
venezuela_bolivarian_republic_of,2003,157.44
venezuela_bolivarian_republic_of,2004,157.44
venezuela_bolivarian_republic_of,2005,157.44
venezuela_bolivarian_republic_of,2006,157.63
venezuela_bolivarian_republic_of,2007,157.63
venezuela_bolivarian_republic_of,2008,157.63
venezuela_bolivarian_republic_of,2009,157.63
venezuela_bolivarian_republic_of,2010,157.63
venezuela_bolivarian_republic_of,2011,157.63
venezuela_bolivarian_republic_of,2012,157.63
venezuela_bolivarian_republic_of,2013,157.63
venezuela_bolivarian_republic_of,2014,157.63
venezuela_bolivarian_republic_of,2015,157.63
venezuela_bolivarian_republic_of,2016,157.63
venezuela_bolivarian_republic_of,2017,157.63
venezuela_bolivarian_republic_of,2018,157.63
venezuela_bolivarian_republic_of,2019,157.63
venezuela_bolivarian_republic_of,2020,157.63
venezuela_bolivarian_republic_of,2021,157.63
venezuela_bolivarian_republic_of,2022,157.63
viet_nam,1960,22.162
viet_nam,1961,22.374
viet_nam,1962,22.374
viet_nam,1963,22.374
viet_nam,1964,22.420
viet_nam,1965,22.420
viet_nam,1966,22.420
viet_nam,1967,22.420
viet_nam,1968,22.420
viet_nam,1969,22.420
viet_nam,1970,22.420
viet_nam,1971,25.360
viet_nam,1972,25.374
viet_nam,1973,25.374
viet_nam,1974,25.822
viet_nam,1975,25.822
viet_nam,1976,25.834
viet_nam,1977,25.834
viet_nam,1978,25.834
viet_nam,1979,25.890
viet_nam,1980,26.029
viet_nam,1981,26.029
viet_nam,1982,26.346
viet_nam,1983,26.358
viet_nam,1984,26.358
viet_nam,1985,27.938
viet_nam,1986,27.938
viet_nam,1987,28.292
viet_nam,1988,28.717
viet_nam,1989,28.717
viet_nam,1990,28.717
viet_nam,1991,31.482
viet_nam,1992,31.482
viet_nam,1993,31.499
viet_nam,1994,40.949
viet_nam,1995,40.983
viet_nam,1996,41.206
viet_nam,1997,41.206
viet_nam,1998,41.279
viet_nam,1999,41.532
viet_nam,2000,41.569
viet_nam,2001,42.902
viet_nam,2002,44.045
viet_nam,2003,44.190
viet_nam,2004,44.190
viet_nam,2005,44.353
viet_nam,2006,44.367
viet_nam,2007,44.367
viet_nam,2008,44.367
viet_nam,2009,28.040
viet_nam,2010,28.040
viet_nam,2011,44.367
viet_nam,2012,44.367
viet_nam,2013,44.367
viet_nam,2014,44.367
viet_nam,2015,44.367
viet_nam,2016,44.716
viet_nam,2017,44.716
viet_nam,2018,44.716
viet_nam,2019,44.716
viet_nam,2020,44.716
viet_nam,2021,44.716
viet_nam,2022,44.716
yemen,1960,0.0052360
yemen,1961,0.0052360
yemen,1962,0.0052360
yemen,1963,0.0052360
yemen,1964,0.0052360
yemen,1965,0.0052360
yemen,1966,0.0052360
yemen,1967,0.0052360
yemen,1968,0.0052360
yemen,1969,0.0052360
yemen,1970,0.0052360
yemen,1971,0.0052360
yemen,1972,0.0052360
yemen,1973,0.0052360
yemen,1974,0.0052360
yemen,1975,0.0052360
yemen,1976,0.0052360
yemen,1977,0.0052360
yemen,1978,0.0052360
yemen,1979,0.0052360
yemen,1980,0.0052360
yemen,1981,0.0052360
yemen,1982,0.0052360
yemen,1983,0.0052360
yemen,1984,0.0052360
yemen,1985,0.0058360
yemen,1986,0.0058360
yemen,1987,0.40584
yemen,1988,0.40634
yemen,1989,0.40634
yemen,1990,0.40634
yemen,1991,0.40634
yemen,1992,0.40634
yemen,1993,0.40736
yemen,1994,0.40736
yemen,1995,0.40736
yemen,1996,0.40814
yemen,1997,0.40934
yemen,1998,0.40934
yemen,1999,0.41204
yemen,2000,0.41890
yemen,2001,0.42113
yemen,2002,0.42741
yemen,2003,0.43042
yemen,2004,0.43512
yemen,2005,0.43643
yemen,2006,0.46250
yemen,2007,0.46250
yemen,2008,0.46250
yemen,2009,0.46250
yemen,2010,0.46250
yemen,2011,0.46250
yemen,2012,0.46250
yemen,2013,0.46250
yemen,2014,0.46250
yemen,2015,0.46250
yemen,2016,0.46250
yemen,2017,0.46250
yemen,2018,0.46250
yemen,2019,0.46250
yemen,2020,0.46250
yemen,2021,0.46250
yemen,2022,0.46250
zambia,1960,95.423
zambia,1961,95.423
zambia,1962,95.423
zambia,1963,95.423
zambia,1964,95.423
zambia,1965,95.423
zambia,1966,95.423
zambia,1967,95.423
zambia,1968,95.423
zambia,1969,95.423
zambia,1970,95.423
zambia,1971,96.208
zambia,1972,96.208
zambia,1973,96.208
zambia,1974,96.208
zambia,1975,96.208
zambia,1976,96.208
zambia,1977,96.208
zambia,1978,101.13
zambia,1979,101.13
zambia,1980,101.13
zambia,1981,101.13
zambia,1982,101.13
zambia,1983,101.13
zambia,1984,101.13
zambia,1985,101.13
zambia,1986,101.13
zambia,1987,101.13
zambia,1988,101.13
zambia,1989,101.13
zambia,1990,101.13
zambia,1991,101.13
zambia,1992,101.13
zambia,1993,101.13
zambia,1994,101.13
zambia,1995,101.13
zambia,1996,101.13
zambia,1997,101.13
zambia,1998,101.13
zambia,1999,101.13
zambia,2000,101.13
zambia,2001,101.13
zambia,2002,101.13
zambia,2003,101.13
zambia,2004,101.13
zambia,2005,101.13
zambia,2006,101.13
zambia,2007,101.13
zambia,2008,101.13
zambia,2009,101.13
zambia,2010,101.13
zambia,2011,101.13
zambia,2012,101.13
zambia,2013,101.13
zambia,2014,101.13
zambia,2015,101.13
zambia,2016,101.13
zambia,2017,101.13
zambia,2018,101.13
zambia,2019,101.13
zambia,2020,101.13
zambia,2021,101.13
zambia,2022,101.13
zimbabwe,1960,96.447
zimbabwe,1961,96.458
zimbabwe,1962,96.458
zimbabwe,1963,96.588
zimbabwe,1964,96.592
zimbabwe,1965,96.602
zimbabwe,1966,96.617
zimbabwe,1967,96.952
zimbabwe,1968,97.046
zimbabwe,1969,97.062
zimbabwe,1970,97.112
zimbabwe,1971,97.150
zimbabwe,1972,97.328
zimbabwe,1973,97.639
zimbabwe,1974,97.639
zimbabwe,1975,97.646
zimbabwe,1976,98.475
zimbabwe,1977,98.483
zimbabwe,1978,98.496
zimbabwe,1979,98.571
zimbabwe,1980,98.611
zimbabwe,1981,98.619
zimbabwe,1982,98.657
zimbabwe,1983,98.676
zimbabwe,1984,98.695
zimbabwe,1985,98.740
zimbabwe,1986,98.760
zimbabwe,1987,98.783
zimbabwe,1988,99.171
zimbabwe,1989,99.490
zimbabwe,1990,99.490
zimbabwe,1991,99.490
zimbabwe,1992,99.490
zimbabwe,1993,99.490
zimbabwe,1994,99.890
zimbabwe,1995,99.890
zimbabwe,1996,99.890
zimbabwe,1997,99.890
zimbabwe,1998,99.890
zimbabwe,1999,99.890
zimbabwe,2000,99.890
zimbabwe,2001,99.890
zimbabwe,2002,99.890
zimbabwe,2003,99.890
zimbabwe,2004,99.890
zimbabwe,2005,99.890
zimbabwe,2006,99.890
zimbabwe,2007,99.890
zimbabwe,2008,99.890
zimbabwe,2009,99.890
zimbabwe,2010,99.890
zimbabwe,2011,99.890
zimbabwe,2012,99.930
zimbabwe,2013,99.930
zimbabwe,2014,99.930
zimbabwe,2015,99.930
zimbabwe,2016,99.930
zimbabwe,2017,99.930
zimbabwe,2018,99.930
zimbabwe,2019,99.930
zimbabwe,2020,99.930
zimbabwe,2021,99.930
zimbabwe,2022,99.930
