area,year,industrial_water_withdrawal
afghanistan,1987,0.0000
afghanistan,1988,0.0098846
afghanistan,1989,0.019769
afghanistan,1990,0.029654
afghanistan,1991,0.039538
afghanistan,1992,0.049423
afghanistan,1993,0.059308
afghanistan,1994,0.069192
afghanistan,1995,0.079077
afghanistan,1996,0.088962
afghanistan,1997,0.098846
afghanistan,1998,0.10873
afghanistan,1999,0.11862
afghanistan,2000,0.12850
afghanistan,2001,0.13670
afghanistan,2002,0.14490
afghanistan,2003,0.15310
afghanistan,2004,0.16130
afghanistan,2005,0.16950
afghanistan,2006,0.16950
afghanistan,2007,0.16950
afghanistan,2008,0.16950
afghanistan,2009,0.16950
afghanistan,2010,0.16950
afghanistan,2011,0.16950
afghanistan,2012,0.16950
afghanistan,2013,0.16950
afghanistan,2014,0.16950
afghanistan,2015,0.16950
afghanistan,2016,0.16950
afghanistan,2017,0.16950
afghanistan,2018,0.16950
afghanistan,2019,0.16950
afghanistan,2020,0.16950
afghanistan,2021,0.16950
afghanistan,2022,0.16950
albania,1990,0.10000
albania,1991,0.11274
albania,1992,0.12548
albania,1993,0.13822
albania,1994,0.15096
albania,1995,0.16370
albania,1996,0.17644
albania,1997,0.18918
albania,1998,0.20192
albania,1999,0.21466
albania,2000,0.22740
albania,2001,0.22828
albania,2002,0.22916
albania,2003,0.23004
albania,2004,0.23092
albania,2005,0.23180
albania,2006,0.22165
albania,2007,0.21150
albania,2008,0.20135
albania,2009,0.19120
albania,2010,0.18105
albania,2011,0.17090
albania,2012,0.16075
albania,2013,0.15060
albania,2014,0.14045
albania,2015,0.13030
albania,2016,0.12015
albania,2017,0.11000
albania,2018,0.098000
albania,2019,0.20100
albania,2020,0.016000
albania,2021,0.010000
albania,2022,0.011000
algeria,1980,0.12000
algeria,1981,0.12400
algeria,1982,0.12800
algeria,1983,0.13200
algeria,1984,0.13600
algeria,1985,0.14000
algeria,1986,0.24800
algeria,1987,0.35600
algeria,1988,0.46400
algeria,1989,0.57200
algeria,1990,0.68000
algeria,1991,0.66200
algeria,1992,0.64400
algeria,1993,0.62600
algeria,1994,0.60800
algeria,1995,0.59000
algeria,1996,0.57200
algeria,1997,0.55400
algeria,1998,0.53600
algeria,1999,0.51800
algeria,2000,0.50000
algeria,2001,0.49292
algeria,2002,0.48583
algeria,2003,0.47875
algeria,2004,0.47167
algeria,2005,0.46458
algeria,2006,0.45750
algeria,2007,0.45042
algeria,2008,0.44333
algeria,2009,0.43625
algeria,2010,0.42917
algeria,2011,0.42208
algeria,2012,0.41500
algeria,2013,0.31733
algeria,2014,0.21967
algeria,2015,0.12200
algeria,2016,0.18800
algeria,2017,0.19100
algeria,2018,0.19833
algeria,2019,0.20567
algeria,2020,0.21300
algeria,2021,0.20600
algeria,2022,0.18100
angola,1987,0.048000
angola,1988,0.058500
angola,1989,0.069000
angola,1990,0.079500
angola,1991,0.090000
angola,1992,0.10050
angola,1993,0.11100
angola,1994,0.12150
angola,1995,0.13200
angola,1996,0.14250
angola,1997,0.15300
angola,1998,0.16350
angola,1999,0.17400
angola,2000,0.18450
angola,2001,0.19552
angola,2002,0.20654
angola,2003,0.21756
angola,2004,0.22858
angola,2005,0.23960
angola,2006,0.23960
angola,2007,0.23960
angola,2008,0.23960
angola,2009,0.23960
angola,2010,0.23960
angola,2011,0.23960
angola,2012,0.23960
angola,2013,0.23960
angola,2014,0.23960
angola,2015,0.23960
angola,2016,0.23960
angola,2017,0.23960
angola,2018,0.23960
angola,2019,0.23960
angola,2020,0.23960
angola,2021,0.23960
angola,2022,0.23960
antigua_and_barbuda,1990,0.0010000
antigua_and_barbuda,1991,0.0010533
antigua_and_barbuda,1992,0.0011067
antigua_and_barbuda,1993,0.0011600
antigua_and_barbuda,1994,0.0012133
antigua_and_barbuda,1995,0.0012667
antigua_and_barbuda,1996,0.0013200
antigua_and_barbuda,1997,0.0013733
antigua_and_barbuda,1998,0.0014267
antigua_and_barbuda,1999,0.0014800
antigua_and_barbuda,2000,0.0015333
antigua_and_barbuda,2001,0.0015867
antigua_and_barbuda,2002,0.0016400
antigua_and_barbuda,2003,0.0016933
antigua_and_barbuda,2004,0.0017467
antigua_and_barbuda,2005,0.0018000
antigua_and_barbuda,2006,0.0019000
antigua_and_barbuda,2007,0.0020000
antigua_and_barbuda,2008,0.0021000
antigua_and_barbuda,2009,0.0022000
antigua_and_barbuda,2010,0.0023000
antigua_and_barbuda,2011,0.0024000
antigua_and_barbuda,2012,0.0025000
antigua_and_barbuda,2013,0.0025000
antigua_and_barbuda,2014,0.0025000
antigua_and_barbuda,2015,0.0025000
antigua_and_barbuda,2016,0.0025000
antigua_and_barbuda,2017,0.0025000
antigua_and_barbuda,2018,0.0025000
antigua_and_barbuda,2019,0.0025000
antigua_and_barbuda,2020,0.0025000
antigua_and_barbuda,2021,0.0025000
antigua_and_barbuda,2022,0.0025000
argentina,1995,2.5000
argentina,1996,2.7950
argentina,1997,3.0900
argentina,1998,3.3850
argentina,1999,3.6800
argentina,2000,3.9750
argentina,2001,3.9773
argentina,2002,3.9795
argentina,2003,3.9818
argentina,2004,3.9841
argentina,2005,3.9864
argentina,2006,3.9886
argentina,2007,3.9909
argentina,2008,3.9932
argentina,2009,3.9955
argentina,2010,3.9977
argentina,2011,4.0000
argentina,2012,4.0000
argentina,2013,4.0000
argentina,2014,4.0000
argentina,2015,4.0000
argentina,2016,4.0000
argentina,2017,4.0000
argentina,2018,4.0000
argentina,2019,4.0000
argentina,2020,4.0000
argentina,2021,4.0000
argentina,2022,4.0000
armenia,1995,0.12000
armenia,1996,0.11380
armenia,1997,0.10760
armenia,1998,0.10140
armenia,1999,0.095200
armenia,2000,0.089000
armenia,2001,0.082800
armenia,2002,0.076600
armenia,2003,0.087400
armenia,2004,0.12390
armenia,2005,0.10360
armenia,2006,0.12500
armenia,2007,0.13802
armenia,2008,0.15104
armenia,2009,0.16406
armenia,2010,0.17708
armenia,2011,0.19010
armenia,2012,0.23220
armenia,2013,0.12340
armenia,2014,0.17250
armenia,2015,0.10940
armenia,2016,0.10920
armenia,2017,0.12240
armenia,2018,0.13000
armenia,2019,0.11600
armenia,2020,0.18600
armenia,2021,0.11000
armenia,2022,0.15000
australia,2001,2.2270
australia,2002,2.2532
australia,2003,2.2795
australia,2004,2.3058
australia,2005,2.3320
australia,2006,2.4035
australia,2007,2.4750
australia,2008,2.5465
australia,2009,2.6180
australia,2010,2.5730
australia,2011,2.7260
australia,2012,2.6880
australia,2013,2.5190
australia,2014,2.6630
australia,2015,2.7680
australia,2016,3.5600
australia,2017,2.7160
australia,2018,2.9465
australia,2019,2.7400
australia,2020,2.9800
australia,2021,3.1900
australia,2022,3.1100
australia_and_new_zealand,2000,0.20000
australia_and_new_zealand,2001,2.5502
australia_and_new_zealand,2002,2.6996
australia_and_new_zealand,2003,2.8490
australia_and_new_zealand,2004,2.9984
australia_and_new_zealand,2005,3.1478
australia_and_new_zealand,2006,3.3425
australia_and_new_zealand,2007,3.4752
australia_and_new_zealand,2008,3.6080
australia_and_new_zealand,2009,3.7407
australia_and_new_zealand,2010,3.7570
australia_and_new_zealand,2011,3.9100
australia_and_new_zealand,2012,3.8720
australia_and_new_zealand,2013,3.7030
australia_and_new_zealand,2014,3.8470
australia_and_new_zealand,2015,3.9520
australia_and_new_zealand,2016,4.7440
australia_and_new_zealand,2017,3.9000
australia_and_new_zealand,2018,4.1305
australia_and_new_zealand,2019,3.9240
australia_and_new_zealand,2020,4.1640
australia_and_new_zealand,2021,4.3740
australia_and_new_zealand,2022,4.2940
austria,1980,2.6940
austria,1981,2.6894
austria,1982,2.6848
austria,1983,2.6802
austria,1984,2.6756
austria,1985,2.6710
austria,1986,2.7412
austria,1987,2.8114
austria,1988,2.8816
austria,1989,2.9518
austria,1990,3.0220
austria,1991,2.9490
austria,1992,2.8760
austria,1993,2.8030
austria,1994,2.7300
austria,1995,2.6570
austria,1996,2.7570
austria,1997,2.8570
austria,1998,2.8780
austria,1999,2.8990
austria,2000,2.8763
austria,2001,2.8537
austria,2002,2.8310
austria,2003,2.8083
austria,2004,2.7857
austria,2005,2.7630
austria,2006,2.7403
austria,2007,2.7177
austria,2008,2.6950
austria,2009,2.6509
austria,2010,2.6068
austria,2011,2.5627
austria,2012,2.5186
austria,2013,2.4745
austria,2014,2.4305
austria,2015,2.3864
austria,2016,2.3423
austria,2017,2.2982
austria,2018,2.2541
austria,2019,2.2100
austria,2020,2.2100
austria,2021,2.2100
austria,2022,2.2100
azerbaijan,1992,4.2590
azerbaijan,1993,4.0260
azerbaijan,1994,2.9470
azerbaijan,1995,2.8180
azerbaijan,1996,2.9530
azerbaijan,1997,2.9040
azerbaijan,1998,3.1800
azerbaijan,1999,4.3530
azerbaijan,2000,0.57200
azerbaijan,2001,0.61400
azerbaijan,2002,0.56100
azerbaijan,2003,0.69300
azerbaijan,2004,0.71500
azerbaijan,2005,0.78900
azerbaijan,2006,0.86300
azerbaijan,2007,0.73200
azerbaijan,2008,0.65200
azerbaijan,2009,0.44600
azerbaijan,2010,0.48800
azerbaijan,2011,0.52900
azerbaijan,2012,0.63200
azerbaijan,2013,0.65100
azerbaijan,2014,0.67200
azerbaijan,2015,0.58100
azerbaijan,2016,0.64200
azerbaijan,2017,0.56300
azerbaijan,2018,0.50700
azerbaijan,2019,0.56700
azerbaijan,2020,0.56600
azerbaijan,2021,0.59800
azerbaijan,2022,0.59800
bahrain,1990,0.010000
bahrain,1991,0.010792
bahrain,1992,0.011585
bahrain,1993,0.012377
bahrain,1994,0.013169
bahrain,1995,0.013962
bahrain,1996,0.014754
bahrain,1997,0.015546
bahrain,1998,0.016338
bahrain,1999,0.017131
bahrain,2000,0.017923
bahrain,2001,0.018715
bahrain,2002,0.019508
bahrain,2003,0.020300
bahrain,2004,0.020209
bahrain,2005,0.020118
bahrain,2006,0.020027
bahrain,2007,0.019936
bahrain,2008,0.019845
bahrain,2009,0.019755
bahrain,2010,0.019664
bahrain,2011,0.019573
bahrain,2012,0.019482
bahrain,2013,0.019391
bahrain,2014,0.019300
bahrain,2015,0.014300
bahrain,2016,0.014100
bahrain,2017,0.014100
bahrain,2018,0.014100
bahrain,2019,0.014100
bahrain,2020,0.014100
bahrain,2021,0.014100
bahrain,2022,0.014100
bangladesh,1987,0.22500
bangladesh,1988,0.26000
bangladesh,1989,0.29500
bangladesh,1990,0.33000
bangladesh,1991,0.35444
bangladesh,1992,0.37889
bangladesh,1993,0.40333
bangladesh,1994,0.42778
bangladesh,1995,0.45222
bangladesh,1996,0.47667
bangladesh,1997,0.50111
bangladesh,1998,0.52556
bangladesh,1999,0.55000
bangladesh,2000,0.57444
bangladesh,2001,0.59889
bangladesh,2002,0.62333
bangladesh,2003,0.64778
bangladesh,2004,0.67222
bangladesh,2005,0.69667
bangladesh,2006,0.72111
bangladesh,2007,0.74556
bangladesh,2008,0.77000
bangladesh,2009,0.77000
bangladesh,2010,0.77000
bangladesh,2011,0.77000
bangladesh,2012,0.77000
bangladesh,2013,0.77000
bangladesh,2014,0.77000
bangladesh,2015,0.77000
bangladesh,2016,0.77000
bangladesh,2017,0.77000
bangladesh,2018,0.77000
bangladesh,2019,0.77000
bangladesh,2020,0.77000
bangladesh,2021,0.77000
bangladesh,2022,0.77000
barbados,1996,0.0062000
barbados,1997,0.0062000
barbados,1998,0.0062000
barbados,1999,0.0062000
barbados,2000,0.0062000
barbados,2001,0.0062000
barbados,2002,0.0062000
barbados,2003,0.0062000
barbados,2004,0.0062000
barbados,2005,0.0062000
barbados,2006,0.0062000
barbados,2007,0.0062000
barbados,2008,0.0062000
barbados,2009,0.0062000
barbados,2010,0.0062000
barbados,2011,0.0062000
barbados,2012,0.0062000
barbados,2013,0.0062000
barbados,2014,0.0062000
barbados,2015,0.0062000
barbados,2016,0.0062000
barbados,2017,0.0062000
barbados,2018,0.0062000
barbados,2019,0.0062000
barbados,2020,0.0062000
barbados,2021,0.0062000
barbados,2022,0.0062000
belarus,1995,0.66000
belarus,1996,0.63690
belarus,1997,0.61380
belarus,1998,0.59070
belarus,1999,0.56760
belarus,2000,0.54450
belarus,2001,0.53440
belarus,2002,0.52430
belarus,2003,0.51420
belarus,2004,0.50410
belarus,2005,0.49400
belarus,2006,0.49270
belarus,2007,0.49140
belarus,2008,0.49010
belarus,2009,0.48880
belarus,2010,0.48750
belarus,2011,0.48433
belarus,2012,0.48117
belarus,2013,0.47800
belarus,2014,0.31900
belarus,2015,0.30700
belarus,2016,0.45800
belarus,2017,0.44300
belarus,2018,0.44200
belarus,2019,0.43800
belarus,2020,0.41200
belarus,2021,0.43000
belarus,2022,0.43000
belgium,1980,7.6760
belgium,1981,7.6651
belgium,1982,7.6541
belgium,1983,7.6432
belgium,1984,7.6323
belgium,1985,7.6213
belgium,1986,7.6104
belgium,1987,7.5995
belgium,1988,7.5885
belgium,1989,7.5776
belgium,1990,7.5667
belgium,1991,7.5557
belgium,1992,7.5448
belgium,1993,7.5339
belgium,1994,7.5229
belgium,1995,7.5120
belgium,1996,7.1560
belgium,1997,6.8000
belgium,1998,6.7840
belgium,1999,6.7680
belgium,2000,6.7520
belgium,2001,6.3580
belgium,2002,5.9640
belgium,2003,5.8473
belgium,2004,5.7307
belgium,2005,5.6140
belgium,2006,5.5320
belgium,2007,5.4500
belgium,2008,5.3530
belgium,2009,5.2560
belgium,2010,4.9150
belgium,2011,4.5740
belgium,2012,4.2330
belgium,2013,3.8920
belgium,2014,3.5510
belgium,2015,3.2100
belgium,2016,3.3400
belgium,2017,3.4700
belgium,2018,3.3875
belgium,2019,3.3050
belgium,2020,3.6310
belgium,2021,4.1400
belgium,2022,4.1400
belize,1987,0.0000
belize,1988,0.0016308
belize,1989,0.0032615
belize,1990,0.0048923
belize,1991,0.0065231
belize,1992,0.0081538
belize,1993,0.0097846
belize,1994,0.011415
belize,1995,0.013046
belize,1996,0.014677
belize,1997,0.016308
belize,1998,0.017938
belize,1999,0.019569
belize,2000,0.021200
belize,2001,0.021200
belize,2002,0.021200
belize,2003,0.021200
belize,2004,0.021200
belize,2005,0.021200
belize,2006,0.021200
belize,2007,0.021200
belize,2008,0.021200
belize,2009,0.021200
belize,2010,0.021200
belize,2011,0.021200
belize,2012,0.021200
belize,2013,0.021200
belize,2014,0.021200
belize,2015,0.021200
belize,2016,0.021200
belize,2017,0.021200
belize,2018,0.021200
belize,2019,0.021200
belize,2020,0.021200
belize,2021,0.021200
belize,2022,0.021200
benin,1985,0.015000
benin,1986,0.015938
benin,1987,0.016875
benin,1988,0.017812
benin,1989,0.018750
benin,1990,0.019688
benin,1991,0.020625
benin,1992,0.021562
benin,1993,0.022500
benin,1994,0.023438
benin,1995,0.024375
benin,1996,0.025313
benin,1997,0.026250
benin,1998,0.027187
benin,1999,0.028125
benin,2000,0.029063
benin,2001,0.030000
benin,2002,0.030000
benin,2003,0.030000
benin,2004,0.030000
benin,2005,0.030000
benin,2006,0.030000
benin,2007,0.030000
benin,2008,0.030000
benin,2009,0.030000
benin,2010,0.030000
benin,2011,0.030000
benin,2012,0.030000
benin,2013,0.030000
benin,2014,0.030000
benin,2015,0.030000
benin,2016,0.030000
benin,2017,0.030000
benin,2018,0.030000
benin,2019,0.030000
benin,2020,0.030000
benin,2021,0.030000
benin,2022,0.030000
bhutan,1987,0.0020000
bhutan,1988,0.0020476
bhutan,1989,0.0020952
bhutan,1990,0.0021429
bhutan,1991,0.0021905
bhutan,1992,0.0022381
bhutan,1993,0.0022857
bhutan,1994,0.0023333
bhutan,1995,0.0023810
bhutan,1996,0.0024286
bhutan,1997,0.0024762
bhutan,1998,0.0025238
bhutan,1999,0.0025714
bhutan,2000,0.0026190
bhutan,2001,0.0026667
bhutan,2002,0.0027143
bhutan,2003,0.0027619
bhutan,2004,0.0028095
bhutan,2005,0.0028571
bhutan,2006,0.0029048
bhutan,2007,0.0029524
bhutan,2008,0.0030000
bhutan,2009,0.0030000
bhutan,2010,0.0030000
bhutan,2011,0.0030000
bhutan,2012,0.0030000
bhutan,2013,0.0030000
bhutan,2014,0.0030000
bhutan,2015,0.0030000
bhutan,2016,0.0030000
bhutan,2017,0.0030000
bhutan,2018,0.0030000
bhutan,2019,0.0030000
bhutan,2020,0.0030000
bhutan,2021,0.0030000
bhutan,2022,0.0030000
bolivia_plurinational_state_of,1987,0.062000
bolivia_plurinational_state_of,1988,0.060636
bolivia_plurinational_state_of,1989,0.059273
bolivia_plurinational_state_of,1990,0.057909
bolivia_plurinational_state_of,1991,0.056545
bolivia_plurinational_state_of,1992,0.055182
bolivia_plurinational_state_of,1993,0.053818
bolivia_plurinational_state_of,1994,0.052455
bolivia_plurinational_state_of,1995,0.051091
bolivia_plurinational_state_of,1996,0.049727
bolivia_plurinational_state_of,1997,0.048364
bolivia_plurinational_state_of,1998,0.047000
bolivia_plurinational_state_of,1999,0.045636
bolivia_plurinational_state_of,2000,0.044273
bolivia_plurinational_state_of,2001,0.042909
bolivia_plurinational_state_of,2002,0.041545
bolivia_plurinational_state_of,2003,0.040182
bolivia_plurinational_state_of,2004,0.038818
bolivia_plurinational_state_of,2005,0.037455
bolivia_plurinational_state_of,2006,0.036091
bolivia_plurinational_state_of,2007,0.034727
bolivia_plurinational_state_of,2008,0.033364
bolivia_plurinational_state_of,2009,0.032000
bolivia_plurinational_state_of,2010,0.032000
bolivia_plurinational_state_of,2011,0.032000
bolivia_plurinational_state_of,2012,0.032000
bolivia_plurinational_state_of,2013,0.032000
bolivia_plurinational_state_of,2014,0.032000
bolivia_plurinational_state_of,2015,0.032000
bolivia_plurinational_state_of,2016,0.032000
bolivia_plurinational_state_of,2017,0.032000
bolivia_plurinational_state_of,2018,0.032000
bolivia_plurinational_state_of,2019,0.032000
bolivia_plurinational_state_of,2020,0.032000
bolivia_plurinational_state_of,2021,0.032000
bolivia_plurinational_state_of,2022,0.032000
bosnia_and_herzegovina,2000,0.012100
bosnia_and_herzegovina,2001,0.016000
bosnia_and_herzegovina,2002,0.019900
bosnia_and_herzegovina,2003,0.023700
bosnia_and_herzegovina,2004,0.027600
bosnia_and_herzegovina,2005,0.031500
bosnia_and_herzegovina,2006,0.035400
bosnia_and_herzegovina,2007,0.039200
bosnia_and_herzegovina,2008,0.043100
bosnia_and_herzegovina,2009,0.039900
bosnia_and_herzegovina,2010,0.044100
bosnia_and_herzegovina,2011,0.058800
bosnia_and_herzegovina,2012,0.072100
bosnia_and_herzegovina,2013,0.075200
bosnia_and_herzegovina,2014,0.060100
bosnia_and_herzegovina,2015,0.059900
bosnia_and_herzegovina,2016,0.066900
bosnia_and_herzegovina,2017,0.071800
bosnia_and_herzegovina,2018,0.078694
bosnia_and_herzegovina,2019,0.047896
bosnia_and_herzegovina,2020,0.064402
bosnia_and_herzegovina,2021,0.059900
bosnia_and_herzegovina,2022,0.47500
botswana,1992,0.023000
botswana,1993,0.024500
botswana,1994,0.026000
botswana,1995,0.027500
botswana,1996,0.029000
botswana,1997,0.030500
botswana,1998,0.032000
botswana,1999,0.033500
botswana,2000,0.035000
botswana,2001,0.035780
botswana,2002,0.036560
botswana,2003,0.037340
botswana,2004,0.038120
botswana,2005,0.038900
botswana,2006,0.037833
botswana,2007,0.036767
botswana,2008,0.035700
botswana,2009,0.034633
botswana,2010,0.033567
botswana,2011,0.032500
botswana,2012,0.036300
botswana,2013,0.033550
botswana,2014,0.030800
botswana,2015,0.031100
botswana,2016,0.024000
botswana,2017,0.023400
botswana,2018,0.027200
botswana,2019,0.028200
botswana,2020,0.029757
botswana,2021,0.027550
botswana,2022,0.024295
brazil,1996,9.9400
brazil,1997,9.9600
brazil,1998,9.9800
brazil,1999,10.000
brazil,2000,10.020
brazil,2001,10.040
brazil,2002,10.060
brazil,2003,10.080
brazil,2004,10.100
brazil,2005,10.120
brazil,2006,10.140
brazil,2007,10.785
brazil,2008,11.430
brazil,2009,12.075
brazil,2010,12.720
brazil,2011,12.902
brazil,2012,13.085
brazil,2013,13.268
brazil,2014,13.450
brazil,2015,12.890
brazil,2016,11.470
brazil,2017,9.5110
brazil,2018,8.8300
brazil,2019,8.8000
brazil,2020,9.5100
brazil,2021,9.7800
brazil,2022,10.200
bulgaria,1990,4.8520
bulgaria,1991,4.7421
bulgaria,1992,4.6322
bulgaria,1993,4.5223
bulgaria,1994,4.4124
bulgaria,1995,4.3025
bulgaria,1996,4.1926
bulgaria,1997,4.0827
bulgaria,1998,3.9728
bulgaria,1999,3.8629
bulgaria,2000,3.7530
bulgaria,2001,3.8770
bulgaria,2002,4.7760
bulgaria,2003,4.7199
bulgaria,2004,4.6638
bulgaria,2005,4.6077
bulgaria,2006,4.5516
bulgaria,2007,4.4955
bulgaria,2008,4.3557
bulgaria,2009,4.2158
bulgaria,2010,4.0760
bulgaria,2011,4.4050
bulgaria,2012,3.8170
bulgaria,2013,3.7010
bulgaria,2014,3.7620
bulgaria,2015,3.9010
bulgaria,2016,3.8879
bulgaria,2017,3.9190
bulgaria,2018,3.8360
bulgaria,2019,3.7560
bulgaria,2020,3.4800
bulgaria,2021,3.6440
bulgaria,2022,3.8790
burkina_faso,1985,0.0000
burkina_faso,1986,0.0000
burkina_faso,1987,0.0000
burkina_faso,1988,0.0000
burkina_faso,1989,0.0000
burkina_faso,1990,0.0000
burkina_faso,1991,0.0000
burkina_faso,1992,0.0000
burkina_faso,1993,0.0010000
burkina_faso,1994,0.0020000
burkina_faso,1995,0.0030000
burkina_faso,1996,0.0040000
burkina_faso,1997,0.0050000
burkina_faso,1998,0.0060000
burkina_faso,1999,0.011050
burkina_faso,2000,0.016100
burkina_faso,2001,0.017220
burkina_faso,2002,0.018340
burkina_faso,2003,0.019460
burkina_faso,2004,0.020580
burkina_faso,2005,0.021700
burkina_faso,2006,0.021700
burkina_faso,2007,0.021700
burkina_faso,2008,0.021700
burkina_faso,2009,0.021700
burkina_faso,2010,0.021700
burkina_faso,2011,0.021700
burkina_faso,2012,0.021700
burkina_faso,2013,0.021700
burkina_faso,2014,0.021700
burkina_faso,2015,0.021700
burkina_faso,2016,0.021700
burkina_faso,2017,0.021700
burkina_faso,2018,0.021700
burkina_faso,2019,0.021700
burkina_faso,2020,0.021700
burkina_faso,2021,0.021700
burkina_faso,2022,0.021700
burundi,1987,0.0000
burundi,1988,0.0013077
burundi,1989,0.0026154
burundi,1990,0.0039231
burundi,1991,0.0052308
burundi,1992,0.0065385
burundi,1993,0.0078462
burundi,1994,0.0091538
burundi,1995,0.010462
burundi,1996,0.011769
burundi,1997,0.013077
burundi,1998,0.014385
burundi,1999,0.015692
burundi,2000,0.017000
burundi,2001,0.016600
burundi,2002,0.016200
burundi,2003,0.015800
burundi,2004,0.015400
burundi,2005,0.015000
burundi,2006,0.015000
burundi,2007,0.015000
burundi,2008,0.015000
burundi,2009,0.015000
burundi,2010,0.015000
burundi,2011,0.015000
burundi,2012,0.015000
burundi,2013,0.015000
burundi,2014,0.015000
burundi,2015,0.015000
burundi,2016,0.015000
burundi,2017,0.015000
burundi,2018,0.015000
burundi,2019,0.015000
burundi,2020,0.015000
burundi,2021,0.015000
burundi,2022,0.015000
cabo_verde,2001,0.00040000
cabo_verde,2002,0.00055117
cabo_verde,2003,0.00070234
cabo_verde,2004,0.00085351
cabo_verde,2005,0.0010047
cabo_verde,2006,0.0011559
cabo_verde,2007,0.0013070
cabo_verde,2008,0.0014582
cabo_verde,2009,0.0016094
cabo_verde,2010,0.0017605
cabo_verde,2011,0.0019117
cabo_verde,2012,0.0020629
cabo_verde,2013,0.0022140
cabo_verde,2014,0.0023652
cabo_verde,2015,0.0025164
cabo_verde,2016,0.0026676
cabo_verde,2017,0.0028187
cabo_verde,2018,0.0029699
cabo_verde,2019,0.0031211
cabo_verde,2020,0.0052626
cabo_verde,2021,0.0056543
cabo_verde,2022,0.0056138
cambodia,1987,0.0052000
cambodia,1988,0.0066632
cambodia,1989,0.0081263
cambodia,1990,0.0095895
cambodia,1991,0.011053
cambodia,1992,0.012516
cambodia,1993,0.013979
cambodia,1994,0.015442
cambodia,1995,0.016905
cambodia,1996,0.018368
cambodia,1997,0.019832
cambodia,1998,0.021295
cambodia,1999,0.022758
cambodia,2000,0.024221
cambodia,2001,0.025684
cambodia,2002,0.027147
cambodia,2003,0.028611
cambodia,2004,0.030074
cambodia,2005,0.031537
cambodia,2006,0.033000
cambodia,2007,0.033000
cambodia,2008,0.033000
cambodia,2009,0.033000
cambodia,2010,0.033000
cambodia,2011,0.033000
cambodia,2012,0.033000
cambodia,2013,0.033000
cambodia,2014,0.033000
cambodia,2015,0.033000
cambodia,2016,0.033000
cambodia,2017,0.033000
cambodia,2018,0.033000
cambodia,2019,0.033000
cambodia,2020,0.033000
cambodia,2021,0.033000
cambodia,2022,0.033000
cameroon,1987,0.076000
cameroon,1988,0.076000
cameroon,1989,0.076000
cameroon,1990,0.076000
cameroon,1991,0.076000
cameroon,1992,0.076000
cameroon,1993,0.075037
cameroon,1994,0.074075
cameroon,1995,0.073112
cameroon,1996,0.072150
cameroon,1997,0.071188
cameroon,1998,0.070225
cameroon,1999,0.069263
cameroon,2000,0.068300
cameroon,2001,0.075560
cameroon,2002,0.082820
cameroon,2003,0.090080
cameroon,2004,0.097340
cameroon,2005,0.10460
cameroon,2006,0.10460
cameroon,2007,0.10460
cameroon,2008,0.10460
cameroon,2009,0.10460
cameroon,2010,0.10460
cameroon,2011,0.10460
cameroon,2012,0.10460
cameroon,2013,0.10460
cameroon,2014,0.10460
cameroon,2015,0.10460
cameroon,2016,0.10460
cameroon,2017,0.10460
cameroon,2018,0.10460
cameroon,2019,0.10460
cameroon,2020,0.10460
cameroon,2021,0.10460
cameroon,2022,0.10460
canada,1991,36.000
canada,1992,35.382
canada,1993,34.764
canada,1994,34.146
canada,1995,33.528
canada,1996,32.910
canada,1997,32.575
canada,1998,32.240
canada,1999,31.905
canada,2000,31.570
canada,2001,31.791
canada,2002,32.013
canada,2003,32.234
canada,2004,32.456
canada,2005,32.677
canada,2006,32.899
canada,2007,33.120
canada,2008,32.110
canada,2009,31.100
canada,2010,30.500
canada,2011,29.900
canada,2012,29.300
canada,2013,28.700
canada,2014,28.100
canada,2015,27.500
canada,2016,27.503
canada,2017,27.506
canada,2018,27.418
canada,2019,27.331
canada,2020,27.243
canada,2021,27.357
canada,2022,27.357
central_african_republic,1987,0.0040000
central_african_republic,1988,0.0045385
central_african_republic,1989,0.0050769
central_african_republic,1990,0.0056154
central_african_republic,1991,0.0061538
central_african_republic,1992,0.0066923
central_african_republic,1993,0.0072308
central_african_republic,1994,0.0077692
central_african_republic,1995,0.0083077
central_african_republic,1996,0.0088462
central_african_republic,1997,0.0093846
central_african_republic,1998,0.0099231
central_african_republic,1999,0.010462
central_african_republic,2000,0.011000
central_african_republic,2001,0.011200
central_african_republic,2002,0.011400
central_african_republic,2003,0.011600
central_african_republic,2004,0.011800
central_african_republic,2005,0.012000
central_african_republic,2006,0.012000
central_african_republic,2007,0.012000
central_african_republic,2008,0.012000
central_african_republic,2009,0.012000
central_african_republic,2010,0.012000
central_african_republic,2011,0.012000
central_african_republic,2012,0.012000
central_african_republic,2013,0.012000
central_african_republic,2014,0.012000
central_african_republic,2015,0.012000
central_african_republic,2016,0.012000
central_african_republic,2017,0.012000
central_african_republic,2018,0.012000
central_african_republic,2019,0.012000
central_african_republic,2020,0.012000
central_african_republic,2021,0.012000
central_african_republic,2022,0.012000
central_and_southern_asia,2000,23.651
central_and_southern_asia,2001,24.273
central_and_southern_asia,2002,24.764
central_and_southern_asia,2003,25.224
central_and_southern_asia,2004,26.256
central_and_southern_asia,2005,26.289
central_and_southern_asia,2006,27.445
central_and_southern_asia,2007,28.444
central_and_southern_asia,2008,28.948
central_and_southern_asia,2009,29.865
central_and_southern_asia,2010,31.391
central_and_southern_asia,2011,31.042
central_and_southern_asia,2012,31.197
central_and_southern_asia,2013,31.389
central_and_southern_asia,2014,32.275
central_and_southern_asia,2015,30.926
central_and_southern_asia,2016,31.920
central_and_southern_asia,2017,33.703
central_and_southern_asia,2018,30.979
central_and_southern_asia,2019,29.895
central_and_southern_asia,2020,30.398
central_and_southern_asia,2021,31.822
central_and_southern_asia,2022,31.251
central_asia,2000,7.9210
central_asia,2001,7.9829
central_asia,2002,7.9133
central_asia,2003,7.8136
central_asia,2004,8.2854
central_asia,2005,7.7827
central_asia,2006,8.4736
central_asia,2007,9.0062
central_asia,2008,9.0447
central_asia,2009,9.2612
central_asia,2010,10.088
central_asia,2011,9.7383
central_asia,2012,9.8939
central_asia,2013,10.085
central_asia,2014,10.972
central_asia,2015,9.6225
central_asia,2016,10.617
central_asia,2017,12.400
central_asia,2018,9.6758
central_asia,2019,8.5918
central_asia,2020,9.0947
central_asia,2021,10.519
central_asia,2022,9.9478
chad,1987,0.0040000
chad,1988,0.010500
chad,1989,0.017000
chad,1990,0.023500
chad,1991,0.030000
chad,1992,0.036500
chad,1993,0.043000
chad,1994,0.049500
chad,1995,0.056000
chad,1996,0.062500
chad,1997,0.069000
chad,1998,0.075500
chad,1999,0.082000
chad,2000,0.088500
chad,2001,0.091540
chad,2002,0.094580
chad,2003,0.097620
chad,2004,0.10066
chad,2005,0.10370
chad,2006,0.10370
chad,2007,0.10370
chad,2008,0.10370
chad,2009,0.10370
chad,2010,0.10370
chad,2011,0.10370
chad,2012,0.10370
chad,2013,0.10370
chad,2014,0.10370
chad,2015,0.10370
chad,2016,0.10370
chad,2017,0.10370
chad,2018,0.10370
chad,2019,0.10370
chad,2020,0.10370
chad,2021,0.10370
chad,2022,0.10370
chile,1975,0.84000
chile,1976,0.92065
chile,1977,1.0013
chile,1978,1.0819
chile,1979,1.1626
chile,1980,1.2432
chile,1981,1.3239
chile,1982,1.4045
chile,1983,1.4852
chile,1984,1.5658
chile,1985,1.6465
chile,1986,1.7271
chile,1987,1.8078
chile,1988,1.8884
chile,1989,1.9691
chile,1990,2.0497
chile,1991,2.1304
chile,1992,2.2110
chile,1993,2.2251
chile,1994,2.2393
chile,1995,2.2534
chile,1996,2.2675
chile,1997,2.2816
chile,1998,2.2957
chile,1999,2.3099
chile,2000,2.3240
chile,2001,2.7273
chile,2002,3.1307
chile,2003,3.5340
chile,2004,3.9373
chile,2005,4.3407
chile,2006,4.7440
chile,2007,4.4356
chile,2008,4.1272
chile,2009,3.8188
chile,2010,3.5104
chile,2011,3.2020
chile,2012,2.8936
chile,2013,2.5852
chile,2014,2.2768
chile,2015,1.9684
chile,2016,1.6600
chile,2017,1.6600
chile,2018,1.6600
chile,2019,1.6600
chile,2020,1.6600
chile,2021,1.6600
chile,2022,1.6600
china,1980,45.730
china,1981,42.648
china,1982,39.565
china,1983,36.483
china,1984,33.400
china,1985,36.170
china,1986,38.936
china,1987,41.702
china,1988,44.468
china,1989,47.234
china,1990,50.000
china,1991,64.183
china,1992,78.367
china,1993,92.550
china,1994,95.600
china,1995,98.650
china,1996,101.70
china,1997,104.75
china,1998,107.80
china,1999,110.85
china,2000,113.90
china,2001,116.84
china,2002,119.78
china,2003,122.72
china,2004,125.66
china,2005,128.60
china,2006,134.40
china,2007,140.30
china,2008,139.70
china,2009,139.10
china,2010,144.70
china,2011,146.20
china,2012,142.40
china,2013,140.60
china,2014,135.60
china,2015,133.50
china,2016,130.80
china,2017,127.70
china,2018,126.16
china,2019,121.76
china,2020,103.04
china,2021,103.04
china,2022,103.04
colombia,2000,0.35900
colombia,2001,0.59437
colombia,2002,0.82975
colombia,2003,1.0651
colombia,2004,1.3005
colombia,2005,1.5359
colombia,2006,1.7712
colombia,2007,2.0066
colombia,2008,2.2420
colombia,2009,1.4406
colombia,2010,0.63926
colombia,2011,0.61418
colombia,2012,1.9240
colombia,2013,1.8194
colombia,2014,1.8255
colombia,2015,1.7916
colombia,2016,2.5178
colombia,2017,2.5328
colombia,2018,2.5348
colombia,2019,2.5159
colombia,2020,1.0472
colombia,2021,1.0390
colombia,2022,1.0330
comoros,1999,0.00050000
comoros,2000,0.00050000
comoros,2001,0.00050000
comoros,2002,0.00050000
comoros,2003,0.00050000
comoros,2004,0.00050000
comoros,2005,0.00050000
comoros,2006,0.00050000
comoros,2007,0.00050000
comoros,2008,0.00050000
comoros,2009,0.00050000
comoros,2010,0.00050000
comoros,2011,0.00050000
comoros,2012,0.00050000
comoros,2013,0.00050000
comoros,2014,0.00050000
comoros,2015,0.00050000
comoros,2016,0.00050000
comoros,2017,0.00050000
comoros,2018,0.00050000
comoros,2019,0.00050000
comoros,2020,0.00050000
comoros,2021,0.00050000
comoros,2022,0.00050000
congo,1987,0.010800
congo,1988,0.010747
congo,1989,0.010693
congo,1990,0.010640
congo,1991,0.010587
congo,1992,0.010533
congo,1993,0.010480
congo,1994,0.010427
congo,1995,0.010373
congo,1996,0.010320
congo,1997,0.010267
congo,1998,0.010213
congo,1999,0.010160
congo,2000,0.010107
congo,2001,0.010053
congo,2002,0.010000
congo,2003,0.014667
congo,2004,0.019333
congo,2005,0.024000
congo,2006,0.024000
congo,2007,0.024000
congo,2008,0.024000
congo,2009,0.024000
congo,2010,0.024000
congo,2011,0.024000
congo,2012,0.024000
congo,2013,0.024000
congo,2014,0.024000
congo,2015,0.024000
congo,2016,0.024000
congo,2017,0.024000
congo,2018,0.024000
congo,2019,0.024000
congo,2020,0.024000
congo,2021,0.024000
congo,2022,0.024000
costa_rica,2012,0.086000
costa_rica,2013,0.13900
costa_rica,2014,0.17400
costa_rica,2015,0.24000
costa_rica,2016,0.23000
costa_rica,2017,0.22000
costa_rica,2018,0.22887
costa_rica,2019,0.22916
costa_rica,2020,0.23284
costa_rica,2021,0.24534
costa_rica,2022,0.24534
cote_d_ivoire,1987,0.078000
cote_d_ivoire,1988,0.092339
cote_d_ivoire,1989,0.10668
cote_d_ivoire,1990,0.12102
cote_d_ivoire,1991,0.15826
cote_d_ivoire,1992,0.19551
cote_d_ivoire,1993,0.23275
cote_d_ivoire,1994,0.27000
cote_d_ivoire,1995,0.26993
cote_d_ivoire,1996,0.26987
cote_d_ivoire,1997,0.26980
cote_d_ivoire,1998,0.26973
cote_d_ivoire,1999,0.26967
cote_d_ivoire,2000,0.26960
cote_d_ivoire,2001,0.27928
cote_d_ivoire,2002,0.28896
cote_d_ivoire,2003,0.29864
cote_d_ivoire,2004,0.30832
cote_d_ivoire,2005,0.31800
cote_d_ivoire,2006,0.30956
cote_d_ivoire,2007,0.30111
cote_d_ivoire,2008,0.29267
cote_d_ivoire,2009,0.28422
cote_d_ivoire,2010,0.27578
cote_d_ivoire,2011,0.26733
cote_d_ivoire,2012,0.25889
cote_d_ivoire,2013,0.25044
cote_d_ivoire,2014,0.24200
cote_d_ivoire,2015,0.24200
cote_d_ivoire,2016,0.24200
cote_d_ivoire,2017,0.24200
cote_d_ivoire,2018,0.24200
cote_d_ivoire,2019,0.24200
cote_d_ivoire,2020,0.24200
cote_d_ivoire,2021,0.24200
cote_d_ivoire,2022,0.24200
croatia,2002,0.062800
croatia,2003,0.074614
croatia,2004,0.086429
croatia,2005,0.098243
croatia,2006,0.11006
croatia,2007,0.12187
croatia,2008,0.13369
croatia,2009,0.14550
croatia,2010,0.51465
croatia,2011,0.54257
croatia,2012,0.57877
croatia,2013,0.54739
croatia,2014,0.57878
croatia,2015,0.54878
croatia,2016,0.56265
croatia,2017,0.46952
croatia,2018,0.46852
croatia,2019,0.48300
croatia,2020,0.50000
croatia,2021,0.48600
croatia,2022,0.47500
cuba,1975,0.16200
cuba,1976,0.19215
cuba,1977,0.22230
cuba,1978,0.25245
cuba,1979,0.28260
cuba,1980,0.31275
cuba,1981,0.34290
cuba,1982,0.37305
cuba,1983,0.40320
cuba,1984,0.43335
cuba,1985,0.46350
cuba,1986,0.49365
cuba,1987,0.52380
cuba,1988,0.55395
cuba,1989,0.58410
cuba,1990,0.61425
cuba,1991,0.64440
cuba,1992,0.67455
cuba,1993,0.70470
cuba,1994,0.73485
cuba,1995,0.76500
cuba,1996,0.76464
cuba,1997,0.76428
cuba,1998,0.76392
cuba,1999,0.76357
cuba,2000,0.76321
cuba,2001,0.76285
cuba,2002,0.76249
cuba,2003,0.76213
cuba,2004,0.76177
cuba,2005,0.76142
cuba,2006,0.76106
cuba,2007,0.76070
cuba,2008,0.75725
cuba,2009,0.75380
cuba,2010,0.75035
cuba,2011,0.74690
cuba,2012,0.74345
cuba,2013,0.74000
cuba,2014,0.74000
cuba,2015,0.74000
cuba,2016,0.74000
cuba,2017,0.74000
cuba,2018,0.74000
cuba,2019,0.74000
cuba,2020,0.74000
cuba,2021,0.74000
cuba,2022,0.74000
cyprus,1975,0.0000
cyprus,1976,0.0000
cyprus,1977,0.0000
cyprus,1978,0.0000
cyprus,1979,0.0000
cyprus,1980,0.0000
cyprus,1981,0.0000
cyprus,1982,0.0000
cyprus,1983,0.0000
cyprus,1984,0.0000
cyprus,1985,0.0000
cyprus,1986,0.0010000
cyprus,1987,0.0020000
cyprus,1988,0.0030000
cyprus,1989,0.0040000
cyprus,1990,0.0050000
cyprus,1991,0.0050000
cyprus,1992,0.0050000
cyprus,1993,0.0050000
cyprus,1994,0.0047857
cyprus,1995,0.0045714
cyprus,1996,0.0043571
cyprus,1997,0.0041429
cyprus,1998,0.0039286
cyprus,1999,0.0037143
cyprus,2000,0.0035000
cyprus,2001,0.0041429
cyprus,2002,0.0047857
cyprus,2003,0.0054286
cyprus,2004,0.0060714
cyprus,2005,0.0067143
cyprus,2006,0.0073571
cyprus,2007,0.0080000
cyprus,2008,0.0070000
cyprus,2009,0.0060000
cyprus,2010,0.0054000
cyprus,2011,0.0048000
cyprus,2012,0.0042000
cyprus,2013,0.0036000
cyprus,2014,0.0030000
cyprus,2015,0.0060000
cyprus,2016,0.0040000
cyprus,2017,0.017000
cyprus,2018,0.017000
cyprus,2019,0.017000
cyprus,2020,0.017000
cyprus,2021,0.017000
cyprus,2022,0.017000
czechia,1993,1.8557
czechia,1994,1.7443
czechia,1995,1.6330
czechia,1996,1.5735
czechia,1997,1.5140
czechia,1998,1.4837
czechia,1999,1.4534
czechia,2000,1.4231
czechia,2001,1.3928
czechia,2002,1.3626
czechia,2003,1.3323
czechia,2004,1.3020
czechia,2005,1.2717
czechia,2006,1.2414
czechia,2007,1.2111
czechia,2008,1.1808
czechia,2009,1.1505
czechia,2010,1.1203
czechia,2011,1.0900
czechia,2012,1.0597
czechia,2013,1.0294
czechia,2014,0.99910
czechia,2015,0.93610
czechia,2016,0.98180
czechia,2017,0.96720
czechia,2018,0.89000
czechia,2019,0.81800
czechia,2020,0.69800
czechia,2021,0.68500
czechia,2022,0.77600
democratic_people_s_republic_of_korea,1987,2.2700
democratic_people_s_republic_of_korea,1988,2.1791
democratic_people_s_republic_of_korea,1989,2.0882
democratic_people_s_republic_of_korea,1990,1.9972
democratic_people_s_republic_of_korea,1991,1.9063
democratic_people_s_republic_of_korea,1992,1.8154
democratic_people_s_republic_of_korea,1993,1.7245
democratic_people_s_republic_of_korea,1994,1.6335
democratic_people_s_republic_of_korea,1995,1.5426
democratic_people_s_republic_of_korea,1996,1.4517
democratic_people_s_republic_of_korea,1997,1.3608
democratic_people_s_republic_of_korea,1998,1.2698
democratic_people_s_republic_of_korea,1999,1.1789
democratic_people_s_republic_of_korea,2000,1.0880
democratic_people_s_republic_of_korea,2001,1.0994
democratic_people_s_republic_of_korea,2002,1.1108
democratic_people_s_republic_of_korea,2003,1.1222
democratic_people_s_republic_of_korea,2004,1.1336
democratic_people_s_republic_of_korea,2005,1.1450
democratic_people_s_republic_of_korea,2006,1.1450
democratic_people_s_republic_of_korea,2007,1.1450
democratic_people_s_republic_of_korea,2008,1.1450
democratic_people_s_republic_of_korea,2009,1.1450
democratic_people_s_republic_of_korea,2010,1.1450
democratic_people_s_republic_of_korea,2011,1.1450
democratic_people_s_republic_of_korea,2012,1.1450
democratic_people_s_republic_of_korea,2013,1.1450
democratic_people_s_republic_of_korea,2014,1.1450
democratic_people_s_republic_of_korea,2015,1.1450
democratic_people_s_republic_of_korea,2016,1.1450
democratic_people_s_republic_of_korea,2017,1.1450
democratic_people_s_republic_of_korea,2018,1.1450
democratic_people_s_republic_of_korea,2019,1.1450
democratic_people_s_republic_of_korea,2020,1.1450
democratic_people_s_republic_of_korea,2021,1.1450
democratic_people_s_republic_of_korea,2022,1.1450
democratic_republic_of_the_congo,1990,0.058000
democratic_republic_of_the_congo,1991,0.064490
democratic_republic_of_the_congo,1992,0.070980
democratic_republic_of_the_congo,1993,0.077470
democratic_republic_of_the_congo,1994,0.083960
democratic_republic_of_the_congo,1995,0.090450
democratic_republic_of_the_congo,1996,0.096940
democratic_republic_of_the_congo,1997,0.10343
democratic_republic_of_the_congo,1998,0.10992
democratic_republic_of_the_congo,1999,0.11641
democratic_republic_of_the_congo,2000,0.12290
democratic_republic_of_the_congo,2001,0.12768
democratic_republic_of_the_congo,2002,0.13246
democratic_republic_of_the_congo,2003,0.13724
democratic_republic_of_the_congo,2004,0.14202
democratic_republic_of_the_congo,2005,0.14680
democratic_republic_of_the_congo,2006,0.14680
democratic_republic_of_the_congo,2007,0.14680
democratic_republic_of_the_congo,2008,0.14680
democratic_republic_of_the_congo,2009,0.14680
democratic_republic_of_the_congo,2010,0.14680
democratic_republic_of_the_congo,2011,0.14680
democratic_republic_of_the_congo,2012,0.14680
democratic_republic_of_the_congo,2013,0.14680
democratic_republic_of_the_congo,2014,0.14680
democratic_republic_of_the_congo,2015,0.14680
democratic_republic_of_the_congo,2016,0.14680
democratic_republic_of_the_congo,2017,0.14680
democratic_republic_of_the_congo,2018,0.14680
democratic_republic_of_the_congo,2019,0.14680
democratic_republic_of_the_congo,2020,0.14680
democratic_republic_of_the_congo,2021,0.14680
democratic_republic_of_the_congo,2022,0.14680
denmark,1970,0.080000
denmark,1971,0.073000
denmark,1972,0.066000
denmark,1973,0.059000
denmark,1974,0.052000
denmark,1975,0.045000
denmark,1976,0.045000
denmark,1977,0.045000
denmark,1978,0.045000
denmark,1979,0.045000
denmark,1980,0.045000
denmark,1981,0.10200
denmark,1982,0.15900
denmark,1983,0.21600
denmark,1984,0.27300
denmark,1985,0.33000
denmark,1986,0.32530
denmark,1987,0.32060
denmark,1988,0.31590
denmark,1989,0.27045
denmark,1990,0.22500
denmark,1991,0.21141
denmark,1992,0.19782
denmark,1993,0.18422
denmark,1994,0.17063
denmark,1995,0.15704
denmark,1996,0.14345
denmark,1997,0.12986
denmark,1998,0.11627
denmark,1999,0.10268
denmark,2000,0.089083
denmark,2001,0.075492
denmark,2002,0.061900
denmark,2003,0.057000
denmark,2004,0.052100
denmark,2005,0.047200
denmark,2006,0.044750
denmark,2007,0.042300
denmark,2008,0.038100
denmark,2009,0.035000
denmark,2010,0.066000
denmark,2011,0.097000
denmark,2012,0.12800
denmark,2013,0.096967
denmark,2014,0.065933
denmark,2015,0.034900
denmark,2016,0.038534
denmark,2017,0.034980
denmark,2018,0.047770
denmark,2019,0.051756
denmark,2020,0.057292
denmark,2021,0.050319
denmark,2022,0.045076
djibouti,1985,0.0000
djibouti,1986,0.0000
djibouti,1987,0.0000
djibouti,1988,0.0000
djibouti,1989,0.0000
djibouti,1990,0.0000
djibouti,1991,0.0000
djibouti,1992,0.0000
djibouti,1993,0.0000
djibouti,1994,0.0000
djibouti,1995,0.0000
djibouti,1996,0.0000
djibouti,1997,0.0000
djibouti,1998,0.0000
djibouti,1999,0.0000
djibouti,2000,0.0000
djibouti,2001,0.0000
djibouti,2002,0.0000
djibouti,2003,0.0000
djibouti,2004,0.0000
djibouti,2005,0.0000
djibouti,2006,0.0000
djibouti,2007,0.0000
djibouti,2008,0.0000
djibouti,2009,0.0000
djibouti,2010,0.0000
djibouti,2011,0.0000
djibouti,2012,0.0000
djibouti,2013,0.0000
djibouti,2014,0.0000
djibouti,2015,0.0000
djibouti,2016,0.0000
djibouti,2017,0.0000
djibouti,2018,0.0000
djibouti,2019,0.0000
djibouti,2020,0.0000
djibouti,2021,0.0000
djibouti,2022,0.0000
dominica,2010,0.0000
dominica,2011,0.0000
dominica,2012,0.0000
dominica,2013,0.0000
dominica,2014,0.0000
dominica,2015,0.0000
dominica,2016,0.0000
dominica,2017,0.0000
dominica,2018,0.0000
dominica,2019,0.0000
dominica,2020,0.0000
dominica,2021,0.0000
dominica,2022,0.0000
dominican_republic,2000,0.065000
dominican_republic,2001,0.10380
dominican_republic,2002,0.14260
dominican_republic,2003,0.18140
dominican_republic,2004,0.22020
dominican_republic,2005,0.25900
dominican_republic,2006,0.32440
dominican_republic,2007,0.38980
dominican_republic,2008,0.45520
dominican_republic,2009,0.52060
dominican_republic,2010,0.58600
dominican_republic,2011,0.60078
dominican_republic,2012,0.61556
dominican_republic,2013,0.63034
dominican_republic,2014,0.64512
dominican_republic,2015,0.65990
dominican_republic,2016,0.65990
dominican_republic,2017,0.65990
dominican_republic,2018,0.65990
dominican_republic,2019,0.65990
dominican_republic,2020,0.65990
dominican_republic,2021,0.65990
dominican_republic,2022,0.65990
eastern_and_south_eastern_asia,2000,153.89
eastern_and_south_eastern_asia,2001,159.67
eastern_and_south_eastern_asia,2002,165.46
eastern_and_south_eastern_asia,2003,172.85
eastern_and_south_eastern_asia,2004,180.23
eastern_and_south_eastern_asia,2005,187.61
eastern_and_south_eastern_asia,2006,192.85
eastern_and_south_eastern_asia,2007,197.32
eastern_and_south_eastern_asia,2008,195.54
eastern_and_south_eastern_asia,2009,192.87
eastern_and_south_eastern_asia,2010,196.90
eastern_and_south_eastern_asia,2011,197.51
eastern_and_south_eastern_asia,2012,192.21
eastern_and_south_eastern_asia,2013,188.84
eastern_and_south_eastern_asia,2014,182.21
eastern_and_south_eastern_asia,2015,179.45
eastern_and_south_eastern_asia,2016,175.99
eastern_and_south_eastern_asia,2017,178.04
eastern_and_south_eastern_asia,2018,176.38
eastern_and_south_eastern_asia,2019,165.37
eastern_and_south_eastern_asia,2020,150.10
eastern_and_south_eastern_asia,2021,151.35
eastern_and_south_eastern_asia,2022,152.90
eastern_asia,2000,134.94
eastern_asia,2001,136.39
eastern_asia,2002,137.85
eastern_asia,2003,140.90
eastern_asia,2004,143.95
eastern_asia,2005,147.00
eastern_asia,2006,152.90
eastern_asia,2007,158.90
eastern_asia,2008,157.72
eastern_asia,2009,156.54
eastern_asia,2010,162.06
eastern_asia,2011,163.48
eastern_asia,2012,159.59
eastern_asia,2013,157.71
eastern_asia,2014,152.63
eastern_asia,2015,150.44
eastern_asia,2016,147.76
eastern_asia,2017,144.46
eastern_asia,2018,142.52
eastern_asia,2019,137.82
eastern_asia,2020,121.80
eastern_asia,2021,121.80
eastern_asia,2022,121.80
ecuador,2000,0.38520
ecuador,2001,0.41796
ecuador,2002,0.45072
ecuador,2003,0.48348
ecuador,2004,0.51624
ecuador,2005,0.54900
ecuador,2006,0.54900
ecuador,2007,0.54900
ecuador,2008,0.54900
ecuador,2009,0.54900
ecuador,2010,0.54900
ecuador,2011,0.54900
ecuador,2012,0.54900
ecuador,2013,0.54900
ecuador,2014,0.54900
ecuador,2015,0.54900
ecuador,2016,0.54900
ecuador,2017,0.54900
ecuador,2018,0.54900
ecuador,2019,0.54900
ecuador,2020,0.54900
ecuador,2021,0.54900
ecuador,2022,0.54900
egypt,1993,4.6000
egypt,1994,4.5145
egypt,1995,4.4290
egypt,1996,4.3432
egypt,1997,4.2574
egypt,1998,4.1716
egypt,1999,4.0858
egypt,2000,4.0000
egypt,2001,3.8000
egypt,2002,3.6000
egypt,2003,3.4000
egypt,2004,3.2000
egypt,2005,3.0000
egypt,2006,2.8000
egypt,2007,2.6000
egypt,2008,2.4000
egypt,2009,2.2000
egypt,2010,2.0000
egypt,2011,1.2000
egypt,2012,1.2000
egypt,2013,1.2000
egypt,2014,1.2000
egypt,2015,1.2000
egypt,2016,1.2000
egypt,2017,5.4000
egypt,2018,5.4000
egypt,2019,5.4000
egypt,2020,5.4000
egypt,2021,5.4000
egypt,2022,5.4000
el_salvador,1992,0.14700
el_salvador,1993,0.15824
el_salvador,1994,0.16947
el_salvador,1995,0.18071
el_salvador,1996,0.19195
el_salvador,1997,0.20319
el_salvador,1998,0.21443
el_salvador,1999,0.22566
el_salvador,2000,0.23690
el_salvador,2001,0.23212
el_salvador,2002,0.22734
el_salvador,2003,0.22256
el_salvador,2004,0.21778
el_salvador,2005,0.21300
el_salvador,2006,0.20602
el_salvador,2007,0.19904
el_salvador,2008,0.19206
el_salvador,2009,0.18507
el_salvador,2010,0.17809
el_salvador,2011,0.17111
el_salvador,2012,0.16413
el_salvador,2013,0.15715
el_salvador,2014,0.15017
el_salvador,2015,0.14319
el_salvador,2016,0.13620
el_salvador,2017,0.12922
el_salvador,2018,0.12224
el_salvador,2019,0.11526
el_salvador,2020,0.10828
el_salvador,2021,0.10130
el_salvador,2022,0.094315
equatorial_guinea,1987,0.0013000
equatorial_guinea,1988,0.0014000
equatorial_guinea,1989,0.0015000
equatorial_guinea,1990,0.0016000
equatorial_guinea,1991,0.0017000
equatorial_guinea,1992,0.0018000
equatorial_guinea,1993,0.0019000
equatorial_guinea,1994,0.0020000
equatorial_guinea,1995,0.0021000
equatorial_guinea,1996,0.0022000
equatorial_guinea,1997,0.0023000
equatorial_guinea,1998,0.0024000
equatorial_guinea,1999,0.0025000
equatorial_guinea,2000,0.0026000
equatorial_guinea,2001,0.0026800
equatorial_guinea,2002,0.0027600
equatorial_guinea,2003,0.0028400
equatorial_guinea,2004,0.0029200
equatorial_guinea,2005,0.0030000
equatorial_guinea,2006,0.0030000
equatorial_guinea,2007,0.0030000
equatorial_guinea,2008,0.0030000
equatorial_guinea,2009,0.0030000
equatorial_guinea,2010,0.0030000
equatorial_guinea,2011,0.0030000
equatorial_guinea,2012,0.0030000
equatorial_guinea,2013,0.0030000
equatorial_guinea,2014,0.0030000
equatorial_guinea,2015,0.0030000
equatorial_guinea,2016,0.0030000
equatorial_guinea,2017,0.0030000
equatorial_guinea,2018,0.0030000
equatorial_guinea,2019,0.0030000
equatorial_guinea,2020,0.0030000
equatorial_guinea,2021,0.0030000
equatorial_guinea,2022,0.0030000
eritrea,2000,0.061700
eritrea,2001,0.046525
eritrea,2002,0.031350
eritrea,2003,0.016175
eritrea,2004,0.0010000
eritrea,2005,0.0010000
eritrea,2006,0.0010000
eritrea,2007,0.0010000
eritrea,2008,0.0010000
eritrea,2009,0.0010000
eritrea,2010,0.0010000
eritrea,2011,0.0010000
eritrea,2012,0.0010000
eritrea,2013,0.0010000
eritrea,2014,0.0010000
eritrea,2015,0.0010000
eritrea,2016,0.0010000
eritrea,2017,0.0010000
eritrea,2018,0.0010000
eritrea,2019,0.0010000
eritrea,2020,0.0010000
eritrea,2021,0.0010000
eritrea,2022,0.0010000
estonia,1992,2.2530
estonia,1993,1.9227
estonia,1994,1.5923
estonia,1995,1.2620
estonia,1996,1.2827
estonia,1997,1.3034
estonia,1998,1.3241
estonia,1999,1.3448
estonia,2000,1.3655
estonia,2001,1.3862
estonia,2002,1.4068
estonia,2003,1.4275
estonia,2004,1.4482
estonia,2005,1.4689
estonia,2006,1.4896
estonia,2007,1.5103
estonia,2008,1.5310
estonia,2009,1.3100
estonia,2010,1.7770
estonia,2011,1.8090
estonia,2012,1.5650
estonia,2013,1.6800
estonia,2014,1.6550
estonia,2015,1.5170
estonia,2016,1.6860
estonia,2017,1.7210
estonia,2018,1.5417
estonia,2019,0.92334
estonia,2020,0.78515
estonia,2021,0.92270
estonia,2022,1.1355
eswatini,1980,0.016000
eswatini,1981,0.015800
eswatini,1982,0.015600
eswatini,1983,0.015400
eswatini,1984,0.015200
eswatini,1985,0.015000
eswatini,1986,0.014800
eswatini,1987,0.014600
eswatini,1988,0.014400
eswatini,1989,0.014200
eswatini,1990,0.014000
eswatini,1991,0.013800
eswatini,1992,0.013600
eswatini,1993,0.013400
eswatini,1994,0.013200
eswatini,1995,0.013000
eswatini,1996,0.012800
eswatini,1997,0.012600
eswatini,1998,0.012400
eswatini,1999,0.012200
eswatini,2000,0.012000
eswatini,2001,0.013740
eswatini,2002,0.015480
eswatini,2003,0.017220
eswatini,2004,0.018960
eswatini,2005,0.020700
eswatini,2006,0.020700
eswatini,2007,0.020700
eswatini,2008,0.020700
eswatini,2009,0.020700
eswatini,2010,0.020700
eswatini,2011,0.020700
eswatini,2012,0.020700
eswatini,2013,0.020700
eswatini,2014,0.020700
eswatini,2015,0.020700
eswatini,2016,0.020700
eswatini,2017,0.020700
eswatini,2018,0.020700
eswatini,2019,0.020700
eswatini,2020,0.020700
eswatini,2021,0.020700
eswatini,2022,0.020700
ethiopia,2002,0.021000
ethiopia,2003,0.031033
ethiopia,2004,0.041067
ethiopia,2005,0.051100
ethiopia,2006,0.051100
ethiopia,2007,0.051100
ethiopia,2008,0.051100
ethiopia,2009,0.051100
ethiopia,2010,0.051100
ethiopia,2011,0.051100
ethiopia,2012,0.051100
ethiopia,2013,0.051100
ethiopia,2014,0.051100
ethiopia,2015,0.051100
ethiopia,2016,0.051100
ethiopia,2017,0.051100
ethiopia,2018,0.051100
ethiopia,2019,0.051100
ethiopia,2020,0.051100
ethiopia,2021,0.051100
ethiopia,2022,0.051100
europe,2000,191.12
europe,2001,186.17
europe,2002,185.98
europe,2003,182.48
europe,2004,179.24
europe,2005,175.83
europe,2006,170.51
europe,2007,166.40
europe,2008,164.56
europe,2009,162.14
europe,2010,160.66
europe,2011,157.62
europe,2012,154.20
europe,2013,147.28
europe,2014,143.28
europe,2015,133.87
europe,2016,132.52
europe,2017,130.41
europe,2018,129.88
europe,2019,127.48
europe,2020,124.31
europe,2021,125.42
europe,2022,124.34
europe_and_northern_america,2000,521.49
europe_and_northern_america,2001,518.02
europe_and_northern_america,2002,519.31
europe_and_northern_america,2003,517.29
europe_and_northern_america,2004,515.53
europe_and_northern_america,2005,513.61
europe_and_northern_america,2006,497.17
europe_and_northern_america,2007,481.94
europe_and_northern_america,2008,467.75
europe_and_northern_america,2009,452.99
europe_and_northern_america,2010,439.56
europe_and_northern_america,2011,428.18
europe_and_northern_america,2012,416.42
europe_and_northern_america,2013,401.16
europe_and_northern_america,2014,388.82
europe_and_northern_america,2015,371.07
europe_and_northern_america,2016,369.73
europe_and_northern_america,2017,367.62
europe_and_northern_america,2018,367.00
europe_and_northern_america,2019,364.51
europe_and_northern_america,2020,361.25
europe_and_northern_america,2021,362.48
europe_and_northern_america,2022,361.40
fiji,1987,0.0060000
fiji,1988,0.0062154
fiji,1989,0.0064308
fiji,1990,0.0066462
fiji,1991,0.0068615
fiji,1992,0.0070769
fiji,1993,0.0072923
fiji,1994,0.0075077
fiji,1995,0.0077231
fiji,1996,0.0079385
fiji,1997,0.0081538
fiji,1998,0.0083692
fiji,1999,0.0085846
fiji,2000,0.0088000
fiji,2001,0.0089600
fiji,2002,0.0091200
fiji,2003,0.0092800
fiji,2004,0.0094400
fiji,2005,0.0096000
fiji,2006,0.0096000
fiji,2007,0.0096000
fiji,2008,0.0096000
fiji,2009,0.0096000
fiji,2010,0.0096000
fiji,2011,0.0096000
fiji,2012,0.0096000
fiji,2013,0.0096000
fiji,2014,0.0096000
fiji,2015,0.0096000
fiji,2016,0.0096000
fiji,2017,0.0096000
fiji,2018,0.0096000
fiji,2019,0.0096000
fiji,2020,0.0096000
fiji,2021,0.0096000
fiji,2022,0.0096000
finland,1990,1.9030
finland,1991,1.9472
finland,1992,1.9914
finland,1993,2.0356
finland,1994,2.0798
finland,1995,2.1240
finland,1996,2.0710
finland,1997,2.0180
finland,1998,1.9651
finland,1999,1.9121
finland,2000,1.8926
finland,2001,1.8731
finland,2002,1.8536
finland,2003,1.8341
finland,2004,1.8146
finland,2005,1.7951
finland,2006,1.7756
finland,2007,1.7560
finland,2008,1.7365
finland,2009,1.7170
finland,2010,1.6975
finland,2011,1.6780
finland,2012,1.6585
finland,2013,1.6390
finland,2014,1.6195
finland,2015,1.6000
finland,2016,1.5000
finland,2017,1.5000
finland,2018,2.0000
finland,2019,2.0000
finland,2020,2.0000
finland,2021,1.4144
finland,2022,1.2991
france,1985,24.510
france,1986,25.054
france,1987,25.599
france,1988,26.143
france,1989,26.687
france,1990,27.231
france,1991,27.776
france,1992,28.320
france,1993,26.876
france,1994,25.432
france,1995,23.988
france,1996,22.544
france,1997,21.100
france,1998,21.390
france,1999,21.680
france,2000,21.970
france,2001,22.040
france,2002,22.110
france,2003,22.493
france,2004,22.877
france,2005,23.260
france,2006,22.525
france,2007,21.790
france,2008,20.800
france,2009,19.820
france,2010,19.900
france,2011,21.620
france,2012,19.770
france,2013,18.900
france,2014,19.900
france,2015,19.687
france,2016,18.151
france,2017,18.612
france,2018,18.620
france,2019,17.720
france,2020,15.873
france,2021,16.641
france,2022,16.641
gabon,1987,0.013200
gabon,1988,0.013062
gabon,1989,0.012923
gabon,1990,0.012785
gabon,1991,0.012646
gabon,1992,0.012508
gabon,1993,0.012369
gabon,1994,0.012231
gabon,1995,0.012092
gabon,1996,0.011954
gabon,1997,0.011815
gabon,1998,0.011677
gabon,1999,0.011538
gabon,2000,0.011400
gabon,2001,0.011940
gabon,2002,0.012480
gabon,2003,0.013020
gabon,2004,0.013560
gabon,2005,0.014100
gabon,2006,0.014100
gabon,2007,0.014100
gabon,2008,0.014100
gabon,2009,0.014100
gabon,2010,0.014100
gabon,2011,0.014100
gabon,2012,0.014100
gabon,2013,0.014100
gabon,2014,0.014100
gabon,2015,0.014100
gabon,2016,0.014100
gabon,2017,0.014100
gabon,2018,0.014100
gabon,2019,0.014100
gabon,2020,0.014100
gabon,2021,0.014100
gabon,2022,0.014100
gambia,1982,0.00040000
gambia,1983,0.0013444
gambia,1984,0.0022889
gambia,1985,0.0032333
gambia,1986,0.0041778
gambia,1987,0.0051222
gambia,1988,0.0060667
gambia,1989,0.0070111
gambia,1990,0.0079556
gambia,1991,0.0089000
gambia,1992,0.0098444
gambia,1993,0.010789
gambia,1994,0.011733
gambia,1995,0.012678
gambia,1996,0.013622
gambia,1997,0.014567
gambia,1998,0.015511
gambia,1999,0.016456
gambia,2000,0.017400
gambia,2001,0.018160
gambia,2002,0.018920
gambia,2003,0.019680
gambia,2004,0.020440
gambia,2005,0.021200
gambia,2006,0.021200
gambia,2007,0.021200
gambia,2008,0.021200
gambia,2009,0.021200
gambia,2010,0.021200
gambia,2011,0.021200
gambia,2012,0.021200
gambia,2013,0.021200
gambia,2014,0.021200
gambia,2015,0.021200
gambia,2016,0.021200
gambia,2017,0.021200
gambia,2018,0.021200
gambia,2019,0.021200
gambia,2020,0.021200
gambia,2021,0.021200
gambia,2022,0.021200
georgia,1992,0.59664
georgia,1993,0.54646
georgia,1994,0.49628
georgia,1995,0.44610
georgia,1996,0.39592
georgia,1997,0.34574
georgia,1998,0.29556
georgia,1999,0.24538
georgia,2000,0.19520
georgia,2001,0.23616
georgia,2002,0.27712
georgia,2003,0.31808
georgia,2004,0.35904
georgia,2005,0.40000
georgia,2006,0.40074
georgia,2007,0.40147
georgia,2008,0.40221
georgia,2009,0.37709
georgia,2010,0.35197
georgia,2011,0.32685
georgia,2012,0.30173
georgia,2013,0.27661
georgia,2014,0.25149
georgia,2015,0.22637
georgia,2016,0.20125
georgia,2017,0.20682
georgia,2018,0.21017
georgia,2019,0.32576
georgia,2020,0.33960
georgia,2021,0.32484
georgia,2022,0.35446
germany,1991,39.409
germany,1992,38.111
germany,1993,37.562
germany,1994,37.079
germany,1995,36.522
germany,1996,35.781
germany,1997,35.607
germany,1998,34.416
germany,1999,33.769
germany,2000,33.232
germany,2001,32.178
germany,2002,32.497
germany,2003,31.140
germany,2004,30.112
germany,2005,28.897
germany,2006,28.199
germany,2007,26.871
germany,2008,27.226
germany,2009,28.174
germany,2010,27.439
germany,2011,24.777
germany,2012,21.970
germany,2013,19.675
germany,2014,19.618
germany,2015,18.171
germany,2016,18.556
germany,2017,16.307
germany,2018,15.224
germany,2019,14.005
germany,2020,14.005
germany,2021,14.005
germany,2022,14.005
ghana,1970,0.039000
ghana,1971,0.040867
ghana,1972,0.042733
ghana,1973,0.044600
ghana,1974,0.046467
ghana,1975,0.048333
ghana,1976,0.050200
ghana,1977,0.052067
ghana,1978,0.053933
ghana,1979,0.055800
ghana,1980,0.057667
ghana,1981,0.059533
ghana,1982,0.061400
ghana,1983,0.063267
ghana,1984,0.065133
ghana,1985,0.067000
ghana,1986,0.068867
ghana,1987,0.070733
ghana,1988,0.072600
ghana,1989,0.074467
ghana,1990,0.076333
ghana,1991,0.078200
ghana,1992,0.080067
ghana,1993,0.081933
ghana,1994,0.083800
ghana,1995,0.085667
ghana,1996,0.087533
ghana,1997,0.089400
ghana,1998,0.091267
ghana,1999,0.093133
ghana,2000,0.095000
ghana,2001,0.095000
ghana,2002,0.095000
ghana,2003,0.095000
ghana,2004,0.095000
ghana,2005,0.095000
ghana,2006,0.095000
ghana,2007,0.095000
ghana,2008,0.095000
ghana,2009,0.095000
ghana,2010,0.095000
ghana,2011,0.095000
ghana,2012,0.095000
ghana,2013,0.095000
ghana,2014,0.095000
ghana,2015,0.095000
ghana,2016,0.095000
ghana,2017,0.095000
ghana,2018,0.095000
ghana,2019,0.095000
ghana,2020,0.095000
ghana,2021,0.095000
ghana,2022,0.095000
greece,1975,0.11480
greece,1976,0.11890
greece,1977,0.12301
greece,1978,0.12711
greece,1979,0.13121
greece,1980,0.13532
greece,1981,0.15625
greece,1982,0.17719
greece,1983,0.19813
greece,1984,0.21906
greece,1985,0.24000
greece,1986,0.23949
greece,1987,0.23898
greece,1988,0.23847
greece,1989,0.23797
greece,1990,0.23746
greece,1991,0.23695
greece,1992,0.23644
greece,1993,0.23593
greece,1994,0.23542
greece,1995,0.23492
greece,1996,0.23441
greece,1997,0.23390
greece,1998,0.23402
greece,1999,0.23413
greece,2000,0.23425
greece,2001,0.23437
greece,2002,0.23448
greece,2003,0.23460
greece,2004,0.16030
greece,2005,0.086000
greece,2006,0.20575
greece,2007,0.32550
greece,2008,0.27563
greece,2009,0.22575
greece,2010,0.17588
greece,2011,0.12600
greece,2012,0.12600
greece,2013,0.12600
greece,2014,0.12600
greece,2015,0.12600
greece,2016,0.34100
greece,2017,0.34000
greece,2018,0.32800
greece,2019,0.32100
greece,2020,0.32800
greece,2021,0.29300
greece,2022,0.27980
grenada,2014,0.0000
grenada,2015,0.0000
grenada,2016,0.0000
grenada,2017,0.0000
grenada,2018,0.0000
grenada,2019,0.0000
grenada,2020,0.0000
grenada,2021,0.0000
grenada,2022,0.0000
guatemala,1992,0.19700
guatemala,1993,0.22601
guatemala,1994,0.25501
guatemala,1995,0.28402
guatemala,1996,0.31303
guatemala,1997,0.34204
guatemala,1998,0.37104
guatemala,1999,0.40005
guatemala,2000,0.42906
guatemala,2001,0.45806
guatemala,2002,0.48707
guatemala,2003,0.51608
guatemala,2004,0.54509
guatemala,2005,0.57409
guatemala,2006,0.60310
guatemala,2007,0.60310
guatemala,2008,0.60310
guatemala,2009,0.60310
guatemala,2010,0.60310
guatemala,2011,0.60310
guatemala,2012,0.60310
guatemala,2013,0.60310
guatemala,2014,0.60310
guatemala,2015,0.60310
guatemala,2016,0.60310
guatemala,2017,0.60310
guatemala,2018,0.60310
guatemala,2019,0.60310
guatemala,2020,0.60310
guatemala,2021,0.60310
guatemala,2022,0.60310
guinea,1987,0.022000
guinea,1988,0.024315
guinea,1989,0.026631
guinea,1990,0.028946
guinea,1991,0.031262
guinea,1992,0.033577
guinea,1993,0.035892
guinea,1994,0.038208
guinea,1995,0.040523
guinea,1996,0.042838
guinea,1997,0.045154
guinea,1998,0.047469
guinea,1999,0.049785
guinea,2000,0.052100
guinea,2001,0.052920
guinea,2002,0.053740
guinea,2003,0.054560
guinea,2004,0.055380
guinea,2005,0.056200
guinea,2006,0.056492
guinea,2007,0.056785
guinea,2008,0.057077
guinea,2009,0.057369
guinea,2010,0.057662
guinea,2011,0.057954
guinea,2012,0.058246
guinea,2013,0.058538
guinea,2014,0.058831
guinea,2015,0.059123
guinea,2016,0.059415
guinea,2017,0.059708
guinea,2018,0.060000
guinea,2019,0.060000
guinea,2020,0.060000
guinea,2021,0.060000
guinea,2022,0.060000
guinea_bissau,1991,0.00060000
guinea_bissau,1992,0.0020800
guinea_bissau,1993,0.0035600
guinea_bissau,1994,0.0050400
guinea_bissau,1995,0.0065200
guinea_bissau,1996,0.0080000
guinea_bissau,1997,0.0080000
guinea_bissau,1998,0.0080000
guinea_bissau,1999,0.0080000
guinea_bissau,2000,0.0080000
guinea_bissau,2001,0.0087800
guinea_bissau,2002,0.0095600
guinea_bissau,2003,0.010340
guinea_bissau,2004,0.011120
guinea_bissau,2005,0.011900
guinea_bissau,2006,0.011900
guinea_bissau,2007,0.011900
guinea_bissau,2008,0.011900
guinea_bissau,2009,0.011900
guinea_bissau,2010,0.011900
guinea_bissau,2011,0.011900
guinea_bissau,2012,0.011900
guinea_bissau,2013,0.011900
guinea_bissau,2014,0.011900
guinea_bissau,2015,0.011900
guinea_bissau,2016,0.011900
guinea_bissau,2017,0.011900
guinea_bissau,2018,0.011900
guinea_bissau,2019,0.011900
guinea_bissau,2020,0.011900
guinea_bissau,2021,0.011900
guinea_bissau,2022,0.011900
guyana,1992,0.0070000
guyana,1993,0.0073750
guyana,1994,0.0077500
guyana,1995,0.0081250
guyana,1996,0.0085000
guyana,1997,0.0088750
guyana,1998,0.0092500
guyana,1999,0.0096250
guyana,2000,0.010000
guyana,2001,0.012080
guyana,2002,0.014160
guyana,2003,0.016240
guyana,2004,0.018320
guyana,2005,0.020400
guyana,2006,0.020400
guyana,2007,0.020400
guyana,2008,0.020400
guyana,2009,0.020400
guyana,2010,0.020400
guyana,2011,0.020400
guyana,2012,0.020400
guyana,2013,0.020400
guyana,2014,0.020400
guyana,2015,0.020400
guyana,2016,0.020400
guyana,2017,0.020400
guyana,2018,0.020400
guyana,2019,0.020400
guyana,2020,0.020400
guyana,2021,0.020400
guyana,2022,0.020400
haiti,1991,0.0054000
haiti,1992,0.0052000
haiti,1993,0.0050000
haiti,1994,0.0048000
haiti,1995,0.0046000
haiti,1996,0.0079143
haiti,1997,0.011229
haiti,1998,0.014543
haiti,1999,0.017857
haiti,2000,0.021171
haiti,2001,0.024486
haiti,2002,0.027800
haiti,2003,0.031114
haiti,2004,0.034429
haiti,2005,0.037743
haiti,2006,0.041057
haiti,2007,0.044371
haiti,2008,0.047686
haiti,2009,0.051000
haiti,2010,0.051000
haiti,2011,0.051000
haiti,2012,0.051000
haiti,2013,0.051000
haiti,2014,0.051000
haiti,2015,0.051000
haiti,2016,0.051000
haiti,2017,0.051000
haiti,2018,0.051000
haiti,2019,0.051000
haiti,2020,0.051000
haiti,2021,0.051000
haiti,2022,0.051000
honduras,1992,0.076000
honduras,1993,0.079455
honduras,1994,0.082909
honduras,1995,0.086364
honduras,1996,0.089818
honduras,1997,0.093273
honduras,1998,0.096727
honduras,1999,0.10018
honduras,2000,0.10364
honduras,2001,0.10709
honduras,2002,0.11055
honduras,2003,0.11400
honduras,2004,0.11400
honduras,2005,0.11400
honduras,2006,0.11400
honduras,2007,0.11400
honduras,2008,0.11400
honduras,2009,0.11400
honduras,2010,0.11400
honduras,2011,0.11400
honduras,2012,0.11400
honduras,2013,0.11400
honduras,2014,0.11400
honduras,2015,0.11400
honduras,2016,0.11400
honduras,2017,0.11400
honduras,2018,0.11400
honduras,2019,0.11400
honduras,2020,0.11400
honduras,2021,0.11400
honduras,2022,0.11400
hungary,1970,1.6670
hungary,1971,1.7960
hungary,1972,1.9250
hungary,1973,2.0540
hungary,1974,2.1830
hungary,1975,2.3120
hungary,1976,2.4099
hungary,1977,2.5078
hungary,1978,2.6057
hungary,1979,2.7036
hungary,1980,2.8015
hungary,1981,2.9398
hungary,1982,3.0781
hungary,1983,3.2164
hungary,1984,3.3547
hungary,1985,3.4930
hungary,1986,3.7374
hungary,1987,3.9819
hungary,1988,4.2263
hungary,1989,4.4707
hungary,1990,4.7151
hungary,1991,4.9596
hungary,1992,5.2040
hungary,1993,5.0845
hungary,1994,4.9650
hungary,1995,4.8455
hungary,1996,4.7260
hungary,1997,4.6398
hungary,1998,4.5537
hungary,1999,4.4675
hungary,2000,4.3813
hungary,2001,4.2952
hungary,2002,4.2090
hungary,2003,4.2644
hungary,2004,4.3198
hungary,2005,4.3752
hungary,2006,4.4306
hungary,2007,4.4860
hungary,2008,4.3914
hungary,2009,4.2968
hungary,2010,4.2022
hungary,2011,4.1076
hungary,2012,4.0130
hungary,2013,3.6010
hungary,2014,3.1890
hungary,2015,3.1570
hungary,2016,3.3200
hungary,2017,3.3580
hungary,2018,3.5400
hungary,2019,3.2200
hungary,2020,3.4525
hungary,2021,3.3687
hungary,2022,3.7577
iceland,1980,0.010000
iceland,1981,0.010000
iceland,1982,0.010000
iceland,1983,0.010000
iceland,1984,0.010000
iceland,1985,0.010000
iceland,1986,0.010982
iceland,1987,0.011964
iceland,1988,0.012946
iceland,1989,0.013929
iceland,1990,0.014911
iceland,1991,0.012455
iceland,1992,0.010000
iceland,1993,0.010500
iceland,1994,0.011000
iceland,1995,0.011500
iceland,1996,0.012000
iceland,1997,0.012500
iceland,1998,0.013000
iceland,1999,0.013500
iceland,2000,0.014000
iceland,2001,0.014000
iceland,2002,0.014000
iceland,2003,0.014000
iceland,2004,0.014000
iceland,2005,0.041250
iceland,2006,0.068500
iceland,2007,0.095750
iceland,2008,0.12300
iceland,2009,0.15025
iceland,2010,0.17750
iceland,2011,0.20300
iceland,2012,0.20000
iceland,2013,0.20500
iceland,2014,0.19900
iceland,2015,0.19800
iceland,2016,0.19800
iceland,2017,0.19800
iceland,2018,0.19800
iceland,2019,0.19800
iceland,2020,0.19800
iceland,2021,0.19800
iceland,2022,0.19800
india,1975,15.200
india,1976,14.680
india,1977,14.160
india,1978,13.640
india,1979,13.120
india,1980,12.600
india,1981,12.080
india,1982,11.560
india,1983,11.040
india,1984,10.520
india,1985,10.000
india,1986,11.000
india,1987,12.000
india,1988,13.000
india,1989,14.000
india,1990,15.000
india,1991,14.500
india,1992,14.000
india,1993,13.500
india,1994,13.000
india,1995,12.500
india,1996,12.000
india,1997,11.500
india,1998,11.000
india,1999,10.500
india,2000,10.000
india,2001,10.700
india,2002,11.400
india,2003,12.100
india,2004,12.800
india,2005,13.500
india,2006,14.200
india,2007,14.900
india,2008,15.600
india,2009,16.300
india,2010,17.000
india,2011,17.000
india,2012,17.000
india,2013,17.000
india,2014,17.000
india,2015,17.000
india,2016,17.000
india,2017,17.000
india,2018,17.000
india,2019,17.000
india,2020,17.000
india,2021,17.000
india,2022,17.000
indonesia,1990,0.37600
indonesia,1991,1.0782
indonesia,1992,1.7804
indonesia,1993,2.4826
indonesia,1994,3.1848
indonesia,1995,3.8870
indonesia,1996,4.5892
indonesia,1997,5.2914
indonesia,1998,5.9936
indonesia,1999,6.6958
indonesia,2000,7.3980
indonesia,2001,10.848
indonesia,2002,14.299
indonesia,2003,17.749
indonesia,2004,21.200
indonesia,2005,24.650
indonesia,2006,23.240
indonesia,2007,21.829
indonesia,2008,20.419
indonesia,2009,19.008
indonesia,2010,17.598
indonesia,2011,16.187
indonesia,2012,14.777
indonesia,2013,13.366
indonesia,2014,11.956
indonesia,2015,10.545
indonesia,2016,9.1350
indonesia,2017,9.1350
indonesia,2018,9.1350
indonesia,2019,9.1350
indonesia,2020,9.1350
indonesia,2021,9.1350
indonesia,2022,9.1350
iran_islamic_republic_of,1993,1.4840
iran_islamic_republic_of,1994,1.2420
iran_islamic_republic_of,1995,1.0000
iran_islamic_republic_of,1996,1.0000
iran_islamic_republic_of,1997,1.0000
iran_islamic_republic_of,1998,1.0000
iran_islamic_republic_of,1999,1.0000
iran_islamic_republic_of,2000,1.0000
iran_islamic_republic_of,2001,1.0250
iran_islamic_republic_of,2002,1.0500
iran_islamic_republic_of,2003,1.0750
iran_islamic_republic_of,2004,1.1000
iran_islamic_republic_of,2005,1.1000
iran_islamic_republic_of,2006,1.1000
iran_islamic_republic_of,2007,1.1000
iran_islamic_republic_of,2008,1.1000
iran_islamic_republic_of,2009,1.1000
iran_islamic_republic_of,2010,1.1000
iran_islamic_republic_of,2011,1.1000
iran_islamic_republic_of,2012,1.1000
iran_islamic_republic_of,2013,1.1000
iran_islamic_republic_of,2014,1.1000
iran_islamic_republic_of,2015,1.1000
iran_islamic_republic_of,2016,1.1000
iran_islamic_republic_of,2017,1.1000
iran_islamic_republic_of,2018,1.1000
iran_islamic_republic_of,2019,1.1000
iran_islamic_republic_of,2020,1.1000
iran_islamic_republic_of,2021,1.1000
iran_islamic_republic_of,2022,1.1000
iraq,1975,0.45000
iraq,1976,0.42200
iraq,1977,0.39400
iraq,1978,0.36600
iraq,1979,0.33800
iraq,1980,0.31000
iraq,1981,0.28200
iraq,1982,0.25400
iraq,1983,0.22600
iraq,1984,0.19800
iraq,1985,0.17000
iraq,1986,0.56400
iraq,1987,0.95800
iraq,1988,1.3520
iraq,1989,1.7460
iraq,1990,2.1400
iraq,1991,2.8960
iraq,1992,3.6520
iraq,1993,4.4080
iraq,1994,5.1640
iraq,1995,5.9200
iraq,1996,6.6760
iraq,1997,7.4320
iraq,1998,8.1880
iraq,1999,8.9440
iraq,2000,9.7000
iraq,2001,9.1571
iraq,2002,8.6143
iraq,2003,8.0714
iraq,2004,7.5286
iraq,2005,6.9857
iraq,2006,6.4429
iraq,2007,5.9000
iraq,2008,5.3571
iraq,2009,4.8143
iraq,2010,4.2714
iraq,2011,3.7286
iraq,2012,3.1857
iraq,2013,2.6429
iraq,2014,2.1000
iraq,2015,1.8600
iraq,2016,2.0500
iraq,2017,4.7100
iraq,2018,5.4000
iraq,2019,5.4900
iraq,2020,3.8410
iraq,2021,4.5200
iraq,2022,4.5200
ireland,1980,0.52700
ireland,1981,0.52700
ireland,1982,0.52700
ireland,1983,0.52700
ireland,1984,0.52700
ireland,1985,0.52700
ireland,1986,0.52700
ireland,1987,0.52700
ireland,1988,0.52700
ireland,1989,0.52700
ireland,1990,0.52700
ireland,1991,0.52700
ireland,1992,0.52700
ireland,1993,0.52700
ireland,1994,0.52700
ireland,1995,0.49038
ireland,1996,0.45377
ireland,1997,0.41715
ireland,1998,0.38054
ireland,1999,0.34392
ireland,2000,0.30731
ireland,2001,0.27069
ireland,2002,0.23408
ireland,2003,0.19746
ireland,2004,0.16085
ireland,2005,0.12423
ireland,2006,0.087615
ireland,2007,0.051000
ireland,2008,0.092891
ireland,2009,0.13478
ireland,2010,0.17667
ireland,2011,0.21856
ireland,2012,0.26045
ireland,2013,0.30235
ireland,2014,0.34424
ireland,2015,0.38613
ireland,2016,0.42802
ireland,2017,0.46991
ireland,2018,0.51180
ireland,2019,0.51540
ireland,2020,0.51800
ireland,2021,0.52800
ireland,2022,0.53182
israel,1970,0.075000
israel,1971,0.076500
israel,1972,0.078000
israel,1973,0.079500
israel,1974,0.081000
israel,1975,0.082500
israel,1976,0.084000
israel,1977,0.085500
israel,1978,0.087000
israel,1979,0.088500
israel,1980,0.090000
israel,1981,0.091768
israel,1982,0.093536
israel,1983,0.095305
israel,1984,0.097073
israel,1985,0.098841
israel,1986,0.10059
israel,1987,0.10194
israel,1988,0.10329
israel,1989,0.10465
israel,1990,0.10600
israel,1991,0.10609
israel,1992,0.10619
israel,1993,0.10628
israel,1994,0.10638
israel,1995,0.10647
israel,1996,0.10998
israel,1997,0.11348
israel,1998,0.11699
israel,1999,0.12049
israel,2000,0.12400
israel,2001,0.12300
israel,2002,0.12200
israel,2003,0.11700
israel,2004,0.11300
israel,2005,0.11583
israel,2006,0.11867
israel,2007,0.12150
israel,2008,0.12433
israel,2009,0.12717
israel,2010,0.13000
israel,2011,0.12660
israel,2012,0.12320
israel,2013,0.11980
israel,2014,0.11640
israel,2015,0.11300
israel,2016,0.054000
israel,2017,0.10483
israel,2018,0.10483
israel,2019,0.10483
israel,2020,0.10483
israel,2021,0.10483
israel,2022,0.10483
italy,1970,9.0000
italy,1971,9.6180
italy,1972,10.236
italy,1973,10.854
italy,1974,11.472
italy,1975,12.090
italy,1976,12.706
italy,1977,13.322
italy,1978,13.938
italy,1979,14.554
italy,1980,15.170
italy,1981,14.904
italy,1982,14.638
italy,1983,14.372
italy,1984,14.106
italy,1985,13.840
italy,1986,13.572
italy,1987,13.304
italy,1988,13.036
italy,1989,12.768
italy,1990,12.500
italy,1991,12.879
italy,1992,13.258
italy,1993,13.637
italy,1994,14.016
italy,1995,14.395
italy,1996,14.774
italy,1997,15.153
italy,1998,15.532
italy,1999,15.911
italy,2000,16.290
italy,2001,15.629
italy,2002,14.968
italy,2003,14.308
italy,2004,13.647
italy,2005,12.986
italy,2006,12.325
italy,2007,11.665
italy,2008,11.004
italy,2009,10.343
italy,2010,9.6823
italy,2011,9.0215
italy,2012,8.3608
italy,2013,7.7000
italy,2014,7.7000
italy,2015,7.7000
italy,2016,7.7000
italy,2017,7.7000
italy,2018,7.7000
italy,2019,7.7000
italy,2020,7.7000
italy,2021,7.7000
italy,2022,7.7000
jamaica,1993,0.065000
jamaica,1994,0.065917
jamaica,1995,0.066833
jamaica,1996,0.067750
jamaica,1997,0.068667
jamaica,1998,0.069583
jamaica,1999,0.070500
jamaica,2000,0.071417
jamaica,2001,0.072333
jamaica,2002,0.073250
jamaica,2003,0.074167
jamaica,2004,0.075083
jamaica,2005,0.076000
jamaica,2006,0.17422
jamaica,2007,0.27244
jamaica,2008,0.37067
jamaica,2009,0.46889
jamaica,2010,0.56711
jamaica,2011,0.66533
jamaica,2012,0.76356
jamaica,2013,0.86178
jamaica,2014,0.96000
jamaica,2015,0.48000
jamaica,2016,1.1000
jamaica,2017,0.83347
jamaica,2018,0.56694
jamaica,2019,0.30040
jamaica,2020,0.033872
jamaica,2021,0.043989
jamaica,2022,0.043989
japan,1980,16.500
japan,1981,16.442
japan,1982,16.383
japan,1983,16.325
japan,1984,16.267
japan,1985,16.208
japan,1986,16.150
japan,1987,16.092
japan,1988,16.033
japan,1989,15.975
japan,1990,15.917
japan,1991,15.858
japan,1992,15.800
japan,1993,15.203
japan,1994,14.607
japan,1995,14.010
japan,1996,14.368
japan,1997,14.726
japan,1998,15.084
japan,1999,15.442
japan,2000,15.800
japan,2001,14.060
japan,2002,12.320
japan,2003,12.412
japan,2004,12.504
japan,2005,12.596
japan,2006,12.688
japan,2007,12.780
japan,2008,12.195
japan,2009,11.610
japan,2010,11.551
japan,2011,11.493
japan,2012,11.434
japan,2013,11.376
japan,2014,11.317
japan,2015,11.259
japan,2016,11.200
japan,2017,11.000
japan,2018,10.600
japan,2019,10.300
japan,2020,13.000
japan,2021,13.000
japan,2022,13.000
jordan,1975,0.027000
jordan,1976,0.026600
jordan,1977,0.026200
jordan,1978,0.025800
jordan,1979,0.025400
jordan,1980,0.025000
jordan,1981,0.024600
jordan,1982,0.024200
jordan,1983,0.023800
jordan,1984,0.023400
jordan,1985,0.023000
jordan,1986,0.026800
jordan,1987,0.030600
jordan,1988,0.034400
jordan,1989,0.038200
jordan,1990,0.042000
jordan,1991,0.037500
jordan,1992,0.033000
jordan,1993,0.033500
jordan,1994,0.034000
jordan,1995,0.034500
jordan,1996,0.035000
jordan,1997,0.035500
jordan,1998,0.036000
jordan,1999,0.036500
jordan,2000,0.037000
jordan,2001,0.033000
jordan,2002,0.037000
jordan,2003,0.036000
jordan,2004,0.038000
jordan,2005,0.038400
jordan,2006,0.038000
jordan,2007,0.049000
jordan,2008,0.039000
jordan,2009,0.037000
jordan,2010,0.040000
jordan,2011,0.040200
jordan,2012,0.033000
jordan,2013,0.039000
jordan,2014,0.051700
jordan,2015,0.037200
jordan,2016,0.032500
jordan,2017,0.032100
jordan,2018,0.034500
jordan,2019,0.036880
jordan,2020,0.036880
jordan,2021,0.036880
jordan,2022,0.036880
kazakhstan,1993,6.0360
kazakhstan,1994,5.8570
kazakhstan,1995,5.6780
kazakhstan,1996,5.5080
kazakhstan,1997,5.3380
kazakhstan,1998,5.1680
kazakhstan,1999,4.9980
kazakhstan,2000,4.8280
kazakhstan,2001,4.6900
kazakhstan,2002,4.8110
kazakhstan,2003,4.9020
kazakhstan,2004,5.0210
kazakhstan,2005,4.7150
kazakhstan,2006,5.3300
kazakhstan,2007,5.8070
kazakhstan,2008,5.7900
kazakhstan,2009,5.9510
kazakhstan,2010,6.7220
kazakhstan,2011,6.3170
kazakhstan,2012,6.4170
kazakhstan,2013,6.5530
kazakhstan,2014,7.3840
kazakhstan,2015,6.1200
kazakhstan,2016,6.9840
kazakhstan,2017,6.9840
kazakhstan,2018,4.9380
kazakhstan,2019,3.9990
kazakhstan,2020,4.5419
kazakhstan,2021,5.9660
kazakhstan,2022,5.9950
kenya,1990,0.080000
kenya,1991,0.081538
kenya,1992,0.083077
kenya,1993,0.084615
kenya,1994,0.086154
kenya,1995,0.087692
kenya,1996,0.089231
kenya,1997,0.090769
kenya,1998,0.092308
kenya,1999,0.093846
kenya,2000,0.095385
kenya,2001,0.096923
kenya,2002,0.098462
kenya,2003,0.10000
kenya,2004,0.10357
kenya,2005,0.10714
kenya,2006,0.11071
kenya,2007,0.11429
kenya,2008,0.11786
kenya,2009,0.12143
kenya,2010,0.12500
kenya,2011,0.12502
kenya,2012,0.12503
kenya,2013,0.12505
kenya,2014,0.12506
kenya,2015,0.12508
kenya,2016,0.30300
kenya,2017,0.30300
kenya,2018,0.30300
kenya,2019,0.30300
kenya,2020,0.30300
kenya,2021,0.30300
kenya,2022,0.30300
kuwait,1993,0.013000
kuwait,1994,0.014529
kuwait,1995,0.016057
kuwait,1996,0.017586
kuwait,1997,0.019114
kuwait,1998,0.020643
kuwait,1999,0.022171
kuwait,2000,0.023700
kuwait,2001,0.022250
kuwait,2002,0.020800
kuwait,2003,0.021633
kuwait,2004,0.022467
kuwait,2005,0.023300
kuwait,2006,0.023300
kuwait,2007,0.023300
kuwait,2008,0.023300
kuwait,2009,0.023300
kuwait,2010,0.023300
kuwait,2011,0.023300
kuwait,2012,0.023300
kuwait,2013,0.023300
kuwait,2014,0.023300
kuwait,2015,0.023300
kuwait,2016,0.023300
kuwait,2017,0.023300
kuwait,2018,0.023300
kuwait,2019,0.023300
kuwait,2020,0.023300
kuwait,2021,0.023300
kuwait,2022,0.023300
kyrgyzstan,1994,0.28900
kyrgyzstan,1995,0.29250
kyrgyzstan,1996,0.29600
kyrgyzstan,1997,0.29950
kyrgyzstan,1998,0.30300
kyrgyzstan,1999,0.30650
kyrgyzstan,2000,0.31000
kyrgyzstan,2001,0.31433
kyrgyzstan,2002,0.31867
kyrgyzstan,2003,0.32300
kyrgyzstan,2004,0.32733
kyrgyzstan,2005,0.33167
kyrgyzstan,2006,0.33600
kyrgyzstan,2007,0.33600
kyrgyzstan,2008,0.33600
kyrgyzstan,2009,0.33600
kyrgyzstan,2010,0.33600
kyrgyzstan,2011,0.33600
kyrgyzstan,2012,0.33600
kyrgyzstan,2013,0.33600
kyrgyzstan,2014,0.33600
kyrgyzstan,2015,0.33600
kyrgyzstan,2016,0.33600
kyrgyzstan,2017,0.33600
kyrgyzstan,2018,0.33600
kyrgyzstan,2019,0.33600
kyrgyzstan,2020,0.33600
kyrgyzstan,2021,0.33600
kyrgyzstan,2022,0.33600
land_locked_developing_countries,2000,11.006
land_locked_developing_countries,2001,11.149
land_locked_developing_countries,2002,11.086
land_locked_developing_countries,2003,11.325
land_locked_developing_countries,2004,12.046
land_locked_developing_countries,2005,11.788
land_locked_developing_countries,2006,12.305
land_locked_developing_countries,2007,12.451
land_locked_developing_countries,2008,12.380
land_locked_developing_countries,2009,12.346
land_locked_developing_countries,2010,13.141
land_locked_developing_countries,2011,12.758
land_locked_developing_countries,2012,13.202
land_locked_developing_countries,2013,13.227
land_locked_developing_countries,2014,14.093
land_locked_developing_countries,2015,12.520
land_locked_developing_countries,2016,13.620
land_locked_developing_countries,2017,15.268
land_locked_developing_countries,2018,12.498
land_locked_developing_countries,2019,11.465
land_locked_developing_countries,2020,12.030
land_locked_developing_countries,2021,13.406
land_locked_developing_countries,2022,12.890
lao_people_s_democratic_republic,1987,0.099000
lao_people_s_democratic_republic,1988,0.10344
lao_people_s_democratic_republic,1989,0.10787
lao_people_s_democratic_republic,1990,0.11231
lao_people_s_democratic_republic,1991,0.11675
lao_people_s_democratic_republic,1992,0.12119
lao_people_s_democratic_republic,1993,0.12562
lao_people_s_democratic_republic,1994,0.13006
lao_people_s_democratic_republic,1995,0.13450
lao_people_s_democratic_republic,1996,0.13894
lao_people_s_democratic_republic,1997,0.14338
lao_people_s_democratic_republic,1998,0.14781
lao_people_s_democratic_republic,1999,0.15225
lao_people_s_democratic_republic,2000,0.15669
lao_people_s_democratic_republic,2001,0.16112
lao_people_s_democratic_republic,2002,0.16556
lao_people_s_democratic_republic,2003,0.17000
lao_people_s_democratic_republic,2004,0.17000
lao_people_s_democratic_republic,2005,0.17000
lao_people_s_democratic_republic,2006,0.17000
lao_people_s_democratic_republic,2007,0.17000
lao_people_s_democratic_republic,2008,0.17000
lao_people_s_democratic_republic,2009,0.17000
lao_people_s_democratic_republic,2010,0.17000
lao_people_s_democratic_republic,2011,0.17000
lao_people_s_democratic_republic,2012,0.17000
lao_people_s_democratic_republic,2013,0.17000
lao_people_s_democratic_republic,2014,0.17000
lao_people_s_democratic_republic,2015,0.17000
lao_people_s_democratic_republic,2016,0.17000
lao_people_s_democratic_republic,2017,0.17000
lao_people_s_democratic_republic,2018,0.17000
lao_people_s_democratic_republic,2019,0.17000
lao_people_s_democratic_republic,2020,0.17000
lao_people_s_democratic_republic,2021,0.17000
lao_people_s_democratic_republic,2022,0.17000
latin_america_and_the_caribbean,2000,23.050
latin_america_and_the_caribbean,2001,30.531
latin_america_and_the_caribbean,2002,31.713
latin_america_and_the_caribbean,2003,32.994
latin_america_and_the_caribbean,2004,33.873
latin_america_and_the_caribbean,2005,34.551
latin_america_and_the_caribbean,2006,35.546
latin_america_and_the_caribbean,2007,36.326
latin_america_and_the_caribbean,2008,37.553
latin_america_and_the_caribbean,2009,37.566
latin_america_and_the_caribbean,2010,37.517
latin_america_and_the_caribbean,2011,37.586
latin_america_and_the_caribbean,2012,39.255
latin_america_and_the_caribbean,2013,39.817
latin_america_and_the_caribbean,2014,39.865
latin_america_and_the_caribbean,2015,38.833
latin_america_and_the_caribbean,2016,38.890
latin_america_and_the_caribbean,2017,35.858
latin_america_and_the_caribbean,2018,36.913
latin_america_and_the_caribbean,2019,36.764
latin_america_and_the_caribbean,2020,35.762
latin_america_and_the_caribbean,2021,34.142
latin_america_and_the_caribbean,2022,34.051
latvia,2007,0.042600
latvia,2008,0.045340
latvia,2009,0.048080
latvia,2010,0.050820
latvia,2011,0.053560
latvia,2012,0.056300
latvia,2013,0.052200
latvia,2014,0.036700
latvia,2015,0.035000
latvia,2016,0.034587
latvia,2017,0.035592
latvia,2018,0.039430
latvia,2019,0.036458
latvia,2020,0.030526
latvia,2021,0.034262
latvia,2022,0.030291
least_developed_countries,2000,2.8426
least_developed_countries,2001,2.9470
least_developed_countries,2002,3.0715
least_developed_countries,2003,3.1903
least_developed_countries,2004,3.3040
least_developed_countries,2005,3.4334
least_developed_countries,2006,3.4547
least_developed_countries,2007,3.4751
least_developed_countries,2008,3.4955
least_developed_countries,2009,3.4908
least_developed_countries,2010,3.4827
least_developed_countries,2011,3.4747
least_developed_countries,2012,3.4665
least_developed_countries,2013,3.4704
least_developed_countries,2014,3.4742
least_developed_countries,2015,3.4703
least_developed_countries,2016,3.4679
least_developed_countries,2017,3.4650
least_developed_countries,2018,3.4656
least_developed_countries,2019,3.4662
least_developed_countries,2020,3.4662
least_developed_countries,2021,3.4662
least_developed_countries,2022,3.4662
lebanon,1975,0.030000
lebanon,1976,0.031053
lebanon,1977,0.032105
lebanon,1978,0.033158
lebanon,1979,0.034211
lebanon,1980,0.035263
lebanon,1981,0.036316
lebanon,1982,0.037368
lebanon,1983,0.038421
lebanon,1984,0.039474
lebanon,1985,0.040526
lebanon,1986,0.041579
lebanon,1987,0.042632
lebanon,1988,0.043684
lebanon,1989,0.044737
lebanon,1990,0.045789
lebanon,1991,0.046842
lebanon,1992,0.047895
lebanon,1993,0.048947
lebanon,1994,0.050000
lebanon,1995,0.054817
lebanon,1996,0.059633
lebanon,1997,0.064450
lebanon,1998,0.069267
lebanon,1999,0.074083
lebanon,2000,0.078900
lebanon,2001,0.093120
lebanon,2002,0.10734
lebanon,2003,0.12156
lebanon,2004,0.13578
lebanon,2005,0.15000
lebanon,2006,0.22500
lebanon,2007,0.30000
lebanon,2008,0.37500
lebanon,2009,0.45000
lebanon,2010,0.52500
lebanon,2011,0.60000
lebanon,2012,0.67500
lebanon,2013,0.75000
lebanon,2014,0.82500
lebanon,2015,0.90000
lebanon,2016,0.90000
lebanon,2017,0.90000
lebanon,2018,0.90000
lebanon,2019,0.90000
lebanon,2020,0.90000
lebanon,2021,0.90000
lebanon,2022,0.90000
lesotho,1987,0.011000
lesotho,1988,0.011692
lesotho,1989,0.012385
lesotho,1990,0.013077
lesotho,1991,0.013769
lesotho,1992,0.014462
lesotho,1993,0.015154
lesotho,1994,0.015846
lesotho,1995,0.016538
lesotho,1996,0.017231
lesotho,1997,0.017923
lesotho,1998,0.018615
lesotho,1999,0.019308
lesotho,2000,0.020000
lesotho,2001,0.020000
lesotho,2002,0.020000
lesotho,2003,0.020000
lesotho,2004,0.020000
lesotho,2005,0.020000
lesotho,2006,0.020000
lesotho,2007,0.020000
lesotho,2008,0.020000
lesotho,2009,0.020000
lesotho,2010,0.020000
lesotho,2011,0.020000
lesotho,2012,0.020000
lesotho,2013,0.020000
lesotho,2014,0.020000
lesotho,2015,0.020000
lesotho,2016,0.020000
lesotho,2017,0.020000
lesotho,2018,0.020000
lesotho,2019,0.020000
lesotho,2020,0.020000
lesotho,2021,0.020000
lesotho,2022,0.020000
liberia,1987,0.016900
liberia,1988,0.019246
liberia,1989,0.021592
liberia,1990,0.023938
liberia,1991,0.026285
liberia,1992,0.028631
liberia,1993,0.030977
liberia,1994,0.033323
liberia,1995,0.035669
liberia,1996,0.038015
liberia,1997,0.040362
liberia,1998,0.042708
liberia,1999,0.045054
liberia,2000,0.047400
liberia,2001,0.048600
liberia,2002,0.049800
liberia,2003,0.051000
liberia,2004,0.052200
liberia,2005,0.053400
liberia,2006,0.053400
liberia,2007,0.053400
liberia,2008,0.053400
liberia,2009,0.053400
liberia,2010,0.053400
liberia,2011,0.053400
liberia,2012,0.053400
liberia,2013,0.053400
liberia,2014,0.053400
liberia,2015,0.053400
liberia,2016,0.053400
liberia,2017,0.053400
liberia,2018,0.053400
liberia,2019,0.053400
liberia,2020,0.053400
liberia,2021,0.053400
liberia,2022,0.053400
libya,1990,0.070000
libya,1991,0.077500
libya,1992,0.085000
libya,1993,0.092500
libya,1994,0.10000
libya,1995,0.10534
libya,1996,0.11068
libya,1997,0.11602
libya,1998,0.12136
libya,1999,0.12670
libya,2000,0.13200
libya,2001,0.13531
libya,2002,0.13863
libya,2003,0.14194
libya,2004,0.14525
libya,2005,0.14857
libya,2006,0.16734
libya,2007,0.18612
libya,2008,0.20490
libya,2009,0.22367
libya,2010,0.24245
libya,2011,0.26122
libya,2012,0.28000
libya,2013,0.28000
libya,2014,0.28000
libya,2015,0.28000
libya,2016,0.28000
libya,2017,0.28000
libya,2018,0.28000
libya,2019,0.28000
libya,2020,0.28000
libya,2021,0.28000
libya,2022,0.28000
lithuania,1995,4.1390
lithuania,1996,3.8730
lithuania,1997,3.6070
lithuania,1998,3.3410
lithuania,1999,3.0750
lithuania,2000,2.8090
lithuania,2001,2.5430
lithuania,2002,2.3602
lithuania,2003,2.1775
lithuania,2004,1.9947
lithuania,2005,1.8120
lithuania,2006,1.6292
lithuania,2007,1.4464
lithuania,2008,1.2637
lithuania,2009,1.0809
lithuania,2010,0.89815
lithuania,2011,0.71538
lithuania,2012,0.53262
lithuania,2013,0.34986
lithuania,2014,0.16710
lithuania,2015,0.18900
lithuania,2016,0.11670
lithuania,2017,0.069700
lithuania,2018,0.060370
lithuania,2019,0.12752
lithuania,2020,0.19468
lithuania,2021,0.15004
lithuania,2022,0.087960
luxembourg,1995,0.014400
luxembourg,1996,0.014350
luxembourg,1997,0.014300
luxembourg,1998,0.014250
luxembourg,1999,0.014200
luxembourg,2000,0.013173
luxembourg,2001,0.012145
luxembourg,2002,0.011118
luxembourg,2003,0.010091
luxembourg,2004,0.0090636
luxembourg,2005,0.0080364
luxembourg,2006,0.0070091
luxembourg,2007,0.0059818
luxembourg,2008,0.0049545
luxembourg,2009,0.0039273
luxembourg,2010,0.0029000
luxembourg,2011,0.0036000
luxembourg,2012,0.0037000
luxembourg,2013,0.0020000
luxembourg,2014,0.0030000
luxembourg,2015,0.0020000
luxembourg,2016,0.0013000
luxembourg,2017,0.0016000
luxembourg,2018,0.0019000
luxembourg,2019,0.0044000
luxembourg,2020,0.0000
luxembourg,2021,0.0057800
luxembourg,2022,0.0018300
madagascar,1984,0.0000
madagascar,1985,0.0081750
madagascar,1986,0.016350
madagascar,1987,0.024525
madagascar,1988,0.032700
madagascar,1989,0.040875
madagascar,1990,0.049050
madagascar,1991,0.057225
madagascar,1992,0.065400
madagascar,1993,0.073575
madagascar,1994,0.081750
madagascar,1995,0.089925
madagascar,1996,0.098100
madagascar,1997,0.10627
madagascar,1998,0.11445
madagascar,1999,0.12262
madagascar,2000,0.13080
madagascar,2001,0.13702
madagascar,2002,0.14324
madagascar,2003,0.14946
madagascar,2004,0.15568
madagascar,2005,0.16190
madagascar,2006,0.16190
madagascar,2007,0.16190
madagascar,2008,0.16190
madagascar,2009,0.16190
madagascar,2010,0.16190
madagascar,2011,0.16190
madagascar,2012,0.16190
madagascar,2013,0.16190
madagascar,2014,0.16190
madagascar,2015,0.16190
madagascar,2016,0.16190
madagascar,2017,0.16190
madagascar,2018,0.16190
madagascar,2019,0.16190
madagascar,2020,0.16190
madagascar,2021,0.16190
madagascar,2022,0.16190
malawi,1985,0.027000
malawi,1986,0.027560
malawi,1987,0.028120
malawi,1988,0.028680
malawi,1989,0.029240
malawi,1990,0.029800
malawi,1991,0.030350
malawi,1992,0.030900
malawi,1993,0.031450
malawi,1994,0.032000
malawi,1995,0.033317
malawi,1996,0.034633
malawi,1997,0.035950
malawi,1998,0.037267
malawi,1999,0.038583
malawi,2000,0.039900
malawi,2001,0.041460
malawi,2002,0.043020
malawi,2003,0.044580
malawi,2004,0.046140
malawi,2005,0.047700
malawi,2006,0.047700
malawi,2007,0.047700
malawi,2008,0.047700
malawi,2009,0.047700
malawi,2010,0.047700
malawi,2011,0.047700
malawi,2012,0.047700
malawi,2013,0.047700
malawi,2014,0.047700
malawi,2015,0.047700
malawi,2016,0.047700
malawi,2017,0.047700
malawi,2018,0.047700
malawi,2019,0.047700
malawi,2020,0.047700
malawi,2021,0.047700
malawi,2022,0.047700
malaysia,1990,0.99900
malaysia,1991,1.1274
malaysia,1992,1.2558
malaysia,1993,1.3842
malaysia,1994,1.5126
malaysia,1995,1.6410
malaysia,1996,1.6410
malaysia,1997,1.6410
malaysia,1998,1.6410
malaysia,1999,1.6410
malaysia,2000,1.6410
malaysia,2001,1.6410
malaysia,2002,1.6410
malaysia,2003,1.6410
malaysia,2004,1.6410
malaysia,2005,1.6410
malaysia,2006,1.6410
malaysia,2007,1.6410
malaysia,2008,1.6410
malaysia,2009,1.6410
malaysia,2010,1.6410
malaysia,2011,1.6410
malaysia,2012,1.6410
malaysia,2013,1.6410
malaysia,2014,1.6410
malaysia,2015,1.6410
malaysia,2016,1.6410
malaysia,2017,1.6410
malaysia,2018,1.6410
malaysia,2019,1.6410
malaysia,2020,1.6410
malaysia,2021,1.6410
malaysia,2022,1.6410
maldives,1987,0.00010000
maldives,1988,0.00010769
maldives,1989,0.00011538
maldives,1990,0.00012308
maldives,1991,0.00013077
maldives,1992,0.00013846
maldives,1993,0.00014615
maldives,1994,0.00015385
maldives,1995,0.00016154
maldives,1996,0.00016923
maldives,1997,0.00017692
maldives,1998,0.00018462
maldives,1999,0.00019231
maldives,2000,0.00020000
maldives,2001,0.00021250
maldives,2002,0.00022500
maldives,2003,0.00023750
maldives,2004,0.00025000
maldives,2005,0.00026250
maldives,2006,0.00027500
maldives,2007,0.00028750
maldives,2008,0.00030000
maldives,2009,0.00030000
maldives,2010,0.00030000
maldives,2011,0.00030000
maldives,2012,0.00030000
maldives,2013,0.00030000
maldives,2014,0.00030000
maldives,2015,0.00030000
maldives,2016,0.00030000
maldives,2017,0.00030000
maldives,2018,0.00030000
maldives,2019,0.00030000
maldives,2020,0.00030000
maldives,2021,0.00030000
maldives,2022,0.00030000
mali,1987,0.014000
mali,1988,0.013474
mali,1989,0.012947
mali,1990,0.012421
mali,1991,0.011895
mali,1992,0.011368
mali,1993,0.010842
mali,1994,0.010316
mali,1995,0.0097895
mali,1996,0.0092632
mali,1997,0.0087368
mali,1998,0.0082105
mali,1999,0.0076842
mali,2000,0.0071579
mali,2001,0.0066316
mali,2002,0.0061053
mali,2003,0.0055789
mali,2004,0.0050526
mali,2005,0.0045263
mali,2006,0.0040000
mali,2007,0.0040000
mali,2008,0.0040000
mali,2009,0.0040000
mali,2010,0.0040000
mali,2011,0.0040000
mali,2012,0.0040000
mali,2013,0.0040000
mali,2014,0.0040000
mali,2015,0.0040000
mali,2016,0.0040000
mali,2017,0.0040000
mali,2018,0.0040000
mali,2019,0.0040000
mali,2020,0.0040000
mali,2021,0.0040000
mali,2022,0.0040000
malta,1985,0.0000
malta,1986,0.0000
malta,1987,0.0000
malta,1988,0.0000
malta,1989,0.0000
malta,1990,0.0000
malta,1991,0.0000
malta,1992,0.0000
malta,1993,0.0000
malta,1994,0.0000
malta,1995,0.0000
malta,1996,0.00010000
malta,1997,0.00020000
malta,1998,0.00030000
malta,1999,0.00040000
malta,2000,0.00050000
malta,2001,0.00057143
malta,2002,0.00064286
malta,2003,0.00071429
malta,2004,0.00078571
malta,2005,0.00085714
malta,2006,0.00092857
malta,2007,0.0010000
malta,2008,0.0010000
malta,2009,0.0010000
malta,2010,0.0010000
malta,2011,0.0010000
malta,2012,0.0010000
malta,2013,0.0010000
malta,2014,0.0010000
malta,2015,0.0010000
malta,2016,0.0010000
malta,2017,0.0010000
malta,2018,0.0010000
malta,2019,0.0010000
malta,2020,0.0010000
malta,2021,0.0010000
malta,2022,0.0010000
mauritania,1980,0.029000
mauritania,1981,0.028815
mauritania,1982,0.028630
mauritania,1983,0.028445
mauritania,1984,0.028260
mauritania,1985,0.028075
mauritania,1986,0.027890
mauritania,1987,0.027705
mauritania,1988,0.027520
mauritania,1989,0.027335
mauritania,1990,0.027150
mauritania,1991,0.026965
mauritania,1992,0.026780
mauritania,1993,0.026595
mauritania,1994,0.026410
mauritania,1995,0.026225
mauritania,1996,0.026040
mauritania,1997,0.025855
mauritania,1998,0.025670
mauritania,1999,0.025485
mauritania,2000,0.025300
mauritania,2001,0.026600
mauritania,2002,0.027900
mauritania,2003,0.029200
mauritania,2004,0.030500
mauritania,2005,0.031800
mauritania,2006,0.031800
mauritania,2007,0.031800
mauritania,2008,0.031800
mauritania,2009,0.031800
mauritania,2010,0.031800
mauritania,2011,0.031800
mauritania,2012,0.031800
mauritania,2013,0.031800
mauritania,2014,0.031800
mauritania,2015,0.031800
mauritania,2016,0.031800
mauritania,2017,0.031800
mauritania,2018,0.031800
mauritania,2019,0.031800
mauritania,2020,0.031800
mauritania,2021,0.031800
mauritania,2022,0.031800
mauritius,1974,0.024800
mauritius,1975,0.024800
mauritius,1976,0.025746
mauritius,1977,0.026692
mauritius,1978,0.027638
mauritius,1979,0.028584
mauritius,1980,0.029530
mauritius,1981,0.030476
mauritius,1982,0.031423
mauritius,1983,0.032369
mauritius,1984,0.033315
mauritius,1985,0.034261
mauritius,1986,0.035207
mauritius,1987,0.036153
mauritius,1988,0.037099
mauritius,1989,0.038045
mauritius,1990,0.038991
mauritius,1991,0.040593
mauritius,1992,0.042195
mauritius,1993,0.043796
mauritius,1994,0.045398
mauritius,1995,0.047000
mauritius,1996,0.046924
mauritius,1997,0.046847
mauritius,1998,0.046771
mauritius,1999,0.046694
mauritius,2000,0.046618
mauritius,2001,0.037745
mauritius,2002,0.028873
mauritius,2003,0.020000
mauritius,2004,0.015500
mauritius,2005,0.011000
mauritius,2006,0.013000
mauritius,2007,0.0060000
mauritius,2008,0.0070000
mauritius,2009,0.010000
mauritius,2010,0.010000
mauritius,2011,0.010000
mauritius,2012,0.011000
mauritius,2013,0.013000
mauritius,2014,0.013000
mauritius,2015,0.014000
mauritius,2016,0.012000
mauritius,2017,0.012000
mauritius,2018,0.011000
mauritius,2019,0.010000
mauritius,2020,0.0090000
mauritius,2021,0.0090000
mauritius,2022,0.010000
mexico,2001,6.6000
mexico,2002,6.9000
mexico,2003,7.3000
mexico,2004,7.3000
mexico,2005,7.1000
mexico,2006,7.2000
mexico,2007,7.2200
mexico,2008,7.4000
mexico,2009,7.4000
mexico,2010,7.3400
mexico,2011,7.2800
mexico,2012,7.4030
mexico,2013,7.8670
mexico,2014,7.7220
mexico,2015,7.8250
mexico,2016,7.9510
mexico,2017,6.8140
mexico,2018,8.4820
mexico,2019,8.5530
mexico,2020,8.5550
mexico,2021,8.5860
mexico,2022,7.9530
monaco,1990,0.0000
monaco,1991,0.0000
monaco,1992,0.0000
monaco,1993,0.0000
monaco,1994,0.0000
monaco,1995,0.0000
monaco,1996,0.0000
monaco,1997,0.0000
monaco,1998,0.0000
monaco,1999,0.0000
monaco,2000,0.0000
monaco,2001,0.0000
monaco,2002,0.0000
monaco,2003,0.0000
monaco,2004,0.0000
monaco,2005,0.0000
monaco,2006,0.0000
monaco,2007,0.0000
monaco,2008,0.0000
monaco,2009,0.0000
monaco,2010,0.0000
monaco,2011,0.0000
monaco,2012,0.0000
monaco,2013,0.0000
monaco,2014,0.0000
monaco,2015,0.0000
monaco,2016,0.0000
monaco,2017,0.0000
monaco,2018,0.0000
monaco,2019,0.0000
monaco,2020,0.0000
monaco,2021,0.0000
monaco,2022,0.0000
mongolia,1993,0.11600
mongolia,1994,0.12385
mongolia,1995,0.13169
mongolia,1996,0.13954
mongolia,1997,0.14738
mongolia,1998,0.15523
mongolia,1999,0.16308
mongolia,2000,0.17092
mongolia,2001,0.17877
mongolia,2002,0.18662
mongolia,2003,0.19446
mongolia,2004,0.20231
mongolia,2005,0.21015
mongolia,2006,0.21800
mongolia,2007,0.22467
mongolia,2008,0.23133
mongolia,2009,0.23800
mongolia,2010,0.21333
mongolia,2011,0.18867
mongolia,2012,0.16400
mongolia,2013,0.13933
mongolia,2014,0.11467
mongolia,2015,0.090000
mongolia,2016,0.16620
mongolia,2017,0.16620
mongolia,2018,0.16620
mongolia,2019,0.16620
mongolia,2020,0.16620
mongolia,2021,0.16620
mongolia,2022,0.16620
montenegro,2006,0.058800
montenegro,2007,0.067300
montenegro,2008,0.062800
montenegro,2009,0.24250
montenegro,2010,0.42220
montenegro,2011,0.60191
montenegro,2012,0.78161
montenegro,2013,0.96131
montenegro,2014,1.1410
montenegro,2015,1.3207
montenegro,2016,1.5004
montenegro,2017,1.6801
montenegro,2018,1.8598
montenegro,2019,2.0395
montenegro,2020,2.2192
montenegro,2021,2.9633
montenegro,2022,2.0790
morocco,1992,0.32200
morocco,1993,0.32675
morocco,1994,0.33150
morocco,1995,0.33625
morocco,1996,0.34100
morocco,1997,0.34575
morocco,1998,0.35050
morocco,1999,0.35525
morocco,2000,0.36000
morocco,2001,0.56300
morocco,2002,0.76600
morocco,2003,0.69675
morocco,2004,0.62750
morocco,2005,0.55825
morocco,2006,0.48900
morocco,2007,0.41975
morocco,2008,0.35050
morocco,2009,0.28125
morocco,2010,0.21200
morocco,2011,0.21200
morocco,2012,0.21200
morocco,2013,0.21200
morocco,2014,0.21200
morocco,2015,0.21200
morocco,2016,0.21200
morocco,2017,0.21200
morocco,2018,0.21200
morocco,2019,0.21200
morocco,2020,0.21200
morocco,2021,0.21200
morocco,2022,0.21200
mozambique,1990,0.012000
mozambique,1991,0.013230
mozambique,1992,0.014460
mozambique,1993,0.015690
mozambique,1994,0.016920
mozambique,1995,0.018150
mozambique,1996,0.019380
mozambique,1997,0.020610
mozambique,1998,0.021840
mozambique,1999,0.023070
mozambique,2000,0.024300
mozambique,2001,0.026680
mozambique,2002,0.029060
mozambique,2003,0.031440
mozambique,2004,0.033820
mozambique,2005,0.036200
mozambique,2006,0.035080
mozambique,2007,0.033960
mozambique,2008,0.032840
mozambique,2009,0.031720
mozambique,2010,0.030600
mozambique,2011,0.029480
mozambique,2012,0.028360
mozambique,2013,0.027240
mozambique,2014,0.026120
mozambique,2015,0.025000
mozambique,2016,0.025000
mozambique,2017,0.025000
mozambique,2018,0.025000
mozambique,2019,0.025000
mozambique,2020,0.025000
mozambique,2021,0.025000
mozambique,2022,0.025000
myanmar,1987,0.11880
myanmar,1988,0.13522
myanmar,1989,0.15165
myanmar,1990,0.16807
myanmar,1991,0.18449
myanmar,1992,0.20092
myanmar,1993,0.21734
myanmar,1994,0.23376
myanmar,1995,0.25018
myanmar,1996,0.26661
myanmar,1997,0.28303
myanmar,1998,0.29945
myanmar,1999,0.31588
myanmar,2000,0.33230
myanmar,2001,0.36552
myanmar,2002,0.39874
myanmar,2003,0.43196
myanmar,2004,0.46518
myanmar,2005,0.49840
myanmar,2006,0.49840
myanmar,2007,0.49840
myanmar,2008,0.49840
myanmar,2009,0.49840
myanmar,2010,0.49840
myanmar,2011,0.49840
myanmar,2012,0.49840
myanmar,2013,0.49840
myanmar,2014,0.49840
myanmar,2015,0.49840
myanmar,2016,0.49840
myanmar,2017,0.49840
myanmar,2018,0.49840
myanmar,2019,0.49840
myanmar,2020,0.49840
myanmar,2021,0.49840
myanmar,2022,0.49840
namibia,1991,0.0080000
namibia,1992,0.0086250
namibia,1993,0.0092500
namibia,1994,0.0098750
namibia,1995,0.010500
namibia,1996,0.011125
namibia,1997,0.011750
namibia,1998,0.012375
namibia,1999,0.013000
namibia,2000,0.014000
namibia,2001,0.014171
namibia,2002,0.014342
namibia,2003,0.014513
namibia,2004,0.014684
namibia,2005,0.014855
namibia,2006,0.015026
namibia,2007,0.015197
namibia,2008,0.015368
namibia,2009,0.015539
namibia,2010,0.015710
namibia,2011,0.015881
namibia,2012,0.016052
namibia,2013,0.016223
namibia,2014,0.016394
namibia,2015,0.016565
namibia,2016,0.016736
namibia,2017,0.016907
namibia,2018,0.017078
namibia,2019,0.017249
namibia,2020,0.017420
namibia,2021,0.018610
namibia,2022,0.018610
nepal,1993,0.0050000
nepal,1994,0.010057
nepal,1995,0.015114
nepal,1996,0.020171
nepal,1997,0.025229
nepal,1998,0.030286
nepal,1999,0.035343
nepal,2000,0.040400
nepal,2001,0.038220
nepal,2002,0.036040
nepal,2003,0.033860
nepal,2004,0.031680
nepal,2005,0.029500
nepal,2006,0.029500
nepal,2007,0.029500
nepal,2008,0.029500
nepal,2009,0.029500
nepal,2010,0.029500
nepal,2011,0.029500
nepal,2012,0.029500
nepal,2013,0.029500
nepal,2014,0.029500
nepal,2015,0.029500
nepal,2016,0.029500
nepal,2017,0.029500
nepal,2018,0.029500
nepal,2019,0.029500
nepal,2020,0.029500
nepal,2021,0.029500
nepal,2022,0.029500
netherlands_kingdom_of_the,1991,6.5190
netherlands_kingdom_of_the,1992,6.2172
netherlands_kingdom_of_the,1993,5.9154
netherlands_kingdom_of_the,1994,5.6136
netherlands_kingdom_of_the,1995,5.3118
netherlands_kingdom_of_the,1996,5.0100
netherlands_kingdom_of_the,1997,5.5196
netherlands_kingdom_of_the,1998,6.0292
netherlands_kingdom_of_the,1999,6.5388
netherlands_kingdom_of_the,2000,7.0484
netherlands_kingdom_of_the,2001,7.5580
netherlands_kingdom_of_the,2002,8.2235
netherlands_kingdom_of_the,2003,8.8890
netherlands_kingdom_of_the,2004,9.5545
netherlands_kingdom_of_the,2005,10.220
netherlands_kingdom_of_the,2006,9.9245
netherlands_kingdom_of_the,2007,9.6290
netherlands_kingdom_of_the,2008,9.3850
netherlands_kingdom_of_the,2009,9.4835
netherlands_kingdom_of_the,2010,9.5820
netherlands_kingdom_of_the,2011,9.5140
netherlands_kingdom_of_the,2012,9.4460
netherlands_kingdom_of_the,2013,8.5290
netherlands_kingdom_of_the,2014,7.6120
netherlands_kingdom_of_the,2015,7.0677
netherlands_kingdom_of_the,2016,6.1302
netherlands_kingdom_of_the,2017,6.1081
netherlands_kingdom_of_the,2018,5.8292
netherlands_kingdom_of_the,2019,6.1835
netherlands_kingdom_of_the,2020,5.9441
netherlands_kingdom_of_the,2021,5.8011
netherlands_kingdom_of_the,2022,5.7845
new_zealand,1985,0.19000
new_zealand,1986,0.19886
new_zealand,1987,0.20771
new_zealand,1988,0.21657
new_zealand,1989,0.22543
new_zealand,1990,0.23429
new_zealand,1991,0.24314
new_zealand,1992,0.25200
new_zealand,1993,0.26086
new_zealand,1994,0.26971
new_zealand,1995,0.27857
new_zealand,1996,0.28743
new_zealand,1997,0.29629
new_zealand,1998,0.30514
new_zealand,1999,0.31400
new_zealand,2000,0.20000
new_zealand,2001,0.32317
new_zealand,2002,0.44633
new_zealand,2003,0.56950
new_zealand,2004,0.69267
new_zealand,2005,0.81583
new_zealand,2006,0.93900
new_zealand,2007,1.0003
new_zealand,2008,1.0615
new_zealand,2009,1.1227
new_zealand,2010,1.1840
new_zealand,2011,1.1840
new_zealand,2012,1.1840
new_zealand,2013,1.1840
new_zealand,2014,1.1840
new_zealand,2015,1.1840
new_zealand,2016,1.1840
new_zealand,2017,1.1840
new_zealand,2018,1.1840
new_zealand,2019,1.1840
new_zealand,2020,1.1840
new_zealand,2021,1.1840
new_zealand,2022,1.1840
nicaragua,1998,0.027000
nicaragua,1999,0.033657
nicaragua,2000,0.040314
nicaragua,2001,0.046971
nicaragua,2002,0.053629
nicaragua,2003,0.060286
nicaragua,2004,0.066943
nicaragua,2005,0.073600
nicaragua,2006,0.073600
nicaragua,2007,0.073600
nicaragua,2008,0.073600
nicaragua,2009,0.066965
nicaragua,2010,0.060331
nicaragua,2011,0.053696
nicaragua,2012,0.047062
nicaragua,2013,0.040427
nicaragua,2014,0.033793
nicaragua,2015,0.027158
nicaragua,2016,0.020524
nicaragua,2017,0.013889
nicaragua,2018,0.0072545
nicaragua,2019,0.00062000
nicaragua,2020,0.00062000
nicaragua,2021,0.00062000
nicaragua,2022,0.00062000
niger,1988,0.010000
niger,1989,0.011533
niger,1990,0.013067
niger,1991,0.014600
niger,1992,0.016133
niger,1993,0.017667
niger,1994,0.019200
niger,1995,0.020733
niger,1996,0.022267
niger,1997,0.023800
niger,1998,0.025333
niger,1999,0.026867
niger,2000,0.028400
niger,2001,0.029260
niger,2002,0.030120
niger,2003,0.030980
niger,2004,0.031840
niger,2005,0.032700
niger,2006,0.029986
niger,2007,0.027271
niger,2008,0.024557
niger,2009,0.021843
niger,2010,0.019129
niger,2011,0.016414
niger,2012,0.013700
niger,2013,0.022850
niger,2014,0.032000
niger,2015,0.033400
niger,2016,0.034700
niger,2017,0.036006
niger,2018,0.037330
niger,2019,0.038654
niger,2020,0.038654
niger,2021,0.038654
niger,2022,0.038654
nigeria,1987,0.54500
nigeria,1988,0.62262
nigeria,1989,0.70023
nigeria,1990,0.77785
nigeria,1991,0.85546
nigeria,1992,0.93308
nigeria,1993,1.0107
nigeria,1994,1.0883
nigeria,1995,1.1659
nigeria,1996,1.2435
nigeria,1997,1.3212
nigeria,1998,1.3988
nigeria,1999,1.4764
nigeria,2000,1.5540
nigeria,2001,1.6362
nigeria,2002,1.7184
nigeria,2003,1.8006
nigeria,2004,1.8828
nigeria,2005,1.9650
nigeria,2006,1.9650
nigeria,2007,1.9650
nigeria,2008,1.9650
nigeria,2009,1.9650
nigeria,2010,1.9650
nigeria,2011,1.9650
nigeria,2012,1.9650
nigeria,2013,1.9650
nigeria,2014,1.9650
nigeria,2015,1.9650
nigeria,2016,1.9650
nigeria,2017,1.9650
nigeria,2018,1.9650
nigeria,2019,1.9650
nigeria,2020,1.9650
nigeria,2021,1.9650
nigeria,2022,1.9650
north_macedonia,1996,0.27400
north_macedonia,1997,0.23158
north_macedonia,1998,0.18915
north_macedonia,1999,0.14672
north_macedonia,2000,0.10430
north_macedonia,2001,0.12200
north_macedonia,2002,0.13970
north_macedonia,2003,0.32130
north_macedonia,2004,0.50290
north_macedonia,2005,0.68450
north_macedonia,2006,0.44190
north_macedonia,2007,0.19930
north_macedonia,2008,0.18392
north_macedonia,2009,0.16853
north_macedonia,2010,0.15315
north_macedonia,2011,0.13777
north_macedonia,2012,0.12238
north_macedonia,2013,0.10700
north_macedonia,2014,0.078770
north_macedonia,2015,0.050539
north_macedonia,2016,0.022309
north_macedonia,2017,0.021895
north_macedonia,2018,0.021480
north_macedonia,2019,0.024710
north_macedonia,2020,0.015790
north_macedonia,2021,0.013290
north_macedonia,2022,0.031540
northern_africa,2000,5.3246
northern_africa,2001,5.3481
northern_africa,2002,5.3674
northern_africa,2003,5.1145
northern_africa,2004,4.8616
northern_africa,2005,4.6088
northern_africa,2006,4.3558
northern_africa,2007,4.1029
northern_africa,2008,3.8500
northern_africa,2009,3.5970
northern_africa,2010,3.3441
northern_africa,2011,2.5604
northern_africa,2012,2.3284
northern_africa,2013,2.2121
northern_africa,2014,2.0959
northern_africa,2015,1.9796
northern_africa,2016,2.0270
northern_africa,2017,6.2480
northern_africa,2018,6.2112
northern_africa,2019,6.2405
northern_africa,2020,6.2419
northern_africa,2021,6.2349
northern_africa,2022,6.2099
northern_africa_and_western_asia,2000,18.754
northern_africa_and_western_asia,2001,19.273
northern_africa_and_western_asia,2002,19.780
northern_africa_and_western_asia,2003,20.207
northern_africa_and_western_asia,2004,16.556
northern_africa_and_western_asia,2005,15.976
northern_africa_and_western_asia,2006,15.436
northern_africa_and_western_asia,2007,14.666
northern_africa_and_western_asia,2008,13.924
northern_africa_and_western_asia,2009,13.138
northern_africa_and_western_asia,2010,12.605
northern_africa_and_western_asia,2011,11.527
northern_africa_and_western_asia,2012,11.088
northern_africa_and_western_asia,2013,10.731
northern_africa_and_western_asia,2014,10.618
northern_africa_and_western_asia,2015,9.5690
northern_africa_and_western_asia,2016,9.1967
northern_africa_and_western_asia,2017,16.011
northern_africa_and_western_asia,2018,17.071
northern_africa_and_western_asia,2019,17.402
northern_africa_and_western_asia,2020,15.876
northern_africa_and_western_asia,2021,16.551
northern_africa_and_western_asia,2022,16.676
northern_america,2000,330.37
northern_america,2001,331.85
northern_america,2002,333.33
northern_america,2003,334.81
northern_america,2004,336.30
northern_america,2005,337.78
northern_america,2006,326.66
northern_america,2007,315.54
northern_america,2008,303.19
northern_america,2009,290.84
northern_america,2010,278.90
northern_america,2011,270.56
northern_america,2012,262.22
northern_america,2013,253.88
northern_america,2014,245.54
northern_america,2015,237.20
northern_america,2016,237.20
northern_america,2017,237.21
northern_america,2018,237.12
northern_america,2019,237.03
northern_america,2020,236.94
northern_america,2021,237.06
northern_america,2022,237.06
norway,1996,0.90900
norway,1997,0.86700
norway,1998,0.82500
norway,1999,0.78300
norway,2000,0.83471
norway,2001,0.88643
norway,2002,0.93814
norway,2003,0.98986
norway,2004,1.0416
norway,2005,1.0933
norway,2006,1.1450
norway,2007,1.2330
norway,2008,1.1520
norway,2009,1.0710
norway,2010,1.0710
norway,2011,1.0710
norway,2012,1.0710
norway,2013,1.0710
norway,2014,1.0710
norway,2015,1.0710
norway,2016,1.0710
norway,2017,1.0710
norway,2018,1.0710
norway,2019,1.0710
norway,2020,1.0710
norway,2021,1.0710
norway,2022,1.0710
oceania,2000,0.32470
oceania,2001,2.6854
oceania,2002,2.8453
oceania,2003,3.0052
oceania,2004,3.1651
oceania,2005,3.3250
oceania,2006,3.5197
oceania,2007,3.6524
oceania,2008,3.7852
oceania,2009,3.9179
oceania,2010,3.9342
oceania,2011,4.0872
oceania,2012,4.0492
oceania,2013,3.8802
oceania,2014,4.0242
oceania,2015,4.1292
oceania,2016,4.9212
oceania,2017,4.0772
oceania,2018,4.3077
oceania,2019,4.1012
oceania,2020,4.3412
oceania,2021,4.5512
oceania,2022,4.4712
oceania_excluding_australia_and_new_zealand,2000,0.12470
oceania_excluding_australia_and_new_zealand,2001,0.13520
oceania_excluding_australia_and_new_zealand,2002,0.14570
oceania_excluding_australia_and_new_zealand,2003,0.15620
oceania_excluding_australia_and_new_zealand,2004,0.16670
oceania_excluding_australia_and_new_zealand,2005,0.17720
oceania_excluding_australia_and_new_zealand,2006,0.17720
oceania_excluding_australia_and_new_zealand,2007,0.17720
oceania_excluding_australia_and_new_zealand,2008,0.17720
oceania_excluding_australia_and_new_zealand,2009,0.17720
oceania_excluding_australia_and_new_zealand,2010,0.17720
oceania_excluding_australia_and_new_zealand,2011,0.17720
oceania_excluding_australia_and_new_zealand,2012,0.17720
oceania_excluding_australia_and_new_zealand,2013,0.17720
oceania_excluding_australia_and_new_zealand,2014,0.17720
oceania_excluding_australia_and_new_zealand,2015,0.17720
oceania_excluding_australia_and_new_zealand,2016,0.17720
oceania_excluding_australia_and_new_zealand,2017,0.17720
oceania_excluding_australia_and_new_zealand,2018,0.17720
oceania_excluding_australia_and_new_zealand,2019,0.17720
oceania_excluding_australia_and_new_zealand,2020,0.17720
oceania_excluding_australia_and_new_zealand,2021,0.17720
oceania_excluding_australia_and_new_zealand,2022,0.17720
oman,1991,0.019000
oman,1992,0.020222
oman,1993,0.021444
oman,1994,0.022667
oman,1995,0.023889
oman,1996,0.025111
oman,1997,0.026333
oman,1998,0.027556
oman,1999,0.028778
oman,2000,0.030000
oman,2001,0.026333
oman,2002,0.022667
oman,2003,0.019000
oman,2004,0.030600
oman,2005,0.042200
oman,2006,0.053800
oman,2007,0.065400
oman,2008,0.077000
oman,2009,0.088600
oman,2010,0.10020
oman,2011,0.11180
oman,2012,0.12340
oman,2013,0.13500
oman,2014,0.16933
oman,2015,0.20367
oman,2016,0.23800
oman,2017,0.23800
oman,2018,0.23800
oman,2019,0.23800
oman,2020,0.23800
oman,2021,0.23800
oman,2022,0.23800
pakistan,1975,1.5340
pakistan,1976,1.5944
pakistan,1977,1.6547
pakistan,1978,1.7151
pakistan,1979,1.7755
pakistan,1980,1.8359
pakistan,1981,1.8962
pakistan,1982,1.9566
pakistan,1983,2.0170
pakistan,1984,2.0774
pakistan,1985,2.1378
pakistan,1986,2.1981
pakistan,1987,2.2585
pakistan,1988,2.3189
pakistan,1989,2.3792
pakistan,1990,2.4396
pakistan,1991,2.5000
pakistan,1992,2.6078
pakistan,1993,2.7156
pakistan,1994,2.8233
pakistan,1995,2.9311
pakistan,1996,3.0389
pakistan,1997,3.1467
pakistan,1998,3.2544
pakistan,1999,3.3622
pakistan,2000,3.4700
pakistan,2001,3.2113
pakistan,2002,2.9525
pakistan,2003,2.6938
pakistan,2004,2.4350
pakistan,2005,2.1763
pakistan,2006,1.9175
pakistan,2007,1.6587
pakistan,2008,1.4000
pakistan,2009,1.4000
pakistan,2010,1.4000
pakistan,2011,1.4000
pakistan,2012,1.4000
pakistan,2013,1.4000
pakistan,2014,1.4000
pakistan,2015,1.4000
pakistan,2016,1.4000
pakistan,2017,1.4000
pakistan,2018,1.4000
pakistan,2019,1.4000
pakistan,2020,1.4000
pakistan,2021,1.4000
pakistan,2022,1.4000
palestine,2000,0.014600
palestine,2001,0.017480
palestine,2002,0.020360
palestine,2003,0.023240
palestine,2004,0.026120
palestine,2005,0.029000
palestine,2006,0.027794
palestine,2007,0.026588
palestine,2008,0.025383
palestine,2009,0.024177
palestine,2010,0.022971
palestine,2011,0.022472
palestine,2012,0.024227
palestine,2013,0.025372
palestine,2014,0.023776
palestine,2015,0.025344
palestine,2016,0.025226
palestine,2017,0.032000
palestine,2018,0.032100
palestine,2019,0.034100
palestine,2020,0.034900
palestine,2021,0.039000
palestine,2022,0.037000
panama,2000,0.015000
panama,2001,0.015820
panama,2002,0.016640
panama,2003,0.017460
panama,2004,0.018280
panama,2005,0.019100
panama,2006,0.017280
panama,2007,0.015460
panama,2008,0.013640
panama,2009,0.011820
panama,2010,0.010000
panama,2011,0.0096000
panama,2012,0.0092000
panama,2013,0.0088000
panama,2014,0.0065000
panama,2015,0.0064000
panama,2016,0.0062000
panama,2017,0.0062000
panama,2018,0.0062000
panama,2019,0.0062000
panama,2020,0.0062000
panama,2021,0.0062000
panama,2022,0.0062000
papua_new_guinea,1987,0.022000
papua_new_guinea,1988,0.029223
papua_new_guinea,1989,0.036446
papua_new_guinea,1990,0.043669
papua_new_guinea,1991,0.050892
papua_new_guinea,1992,0.058115
papua_new_guinea,1993,0.065338
papua_new_guinea,1994,0.072562
papua_new_guinea,1995,0.079785
papua_new_guinea,1996,0.087008
papua_new_guinea,1997,0.094231
papua_new_guinea,1998,0.10145
papua_new_guinea,1999,0.10868
papua_new_guinea,2000,0.11590
papua_new_guinea,2001,0.12624
papua_new_guinea,2002,0.13658
papua_new_guinea,2003,0.14692
papua_new_guinea,2004,0.15726
papua_new_guinea,2005,0.16760
papua_new_guinea,2006,0.16760
papua_new_guinea,2007,0.16760
papua_new_guinea,2008,0.16760
papua_new_guinea,2009,0.16760
papua_new_guinea,2010,0.16760
papua_new_guinea,2011,0.16760
papua_new_guinea,2012,0.16760
papua_new_guinea,2013,0.16760
papua_new_guinea,2014,0.16760
papua_new_guinea,2015,0.16760
papua_new_guinea,2016,0.16760
papua_new_guinea,2017,0.16760
papua_new_guinea,2018,0.16760
papua_new_guinea,2019,0.16760
papua_new_guinea,2020,0.16760
papua_new_guinea,2021,0.16760
papua_new_guinea,2022,0.16760
paraguay,1987,0.030100
paraguay,1988,0.030862
paraguay,1989,0.031623
paraguay,1990,0.032385
paraguay,1991,0.033146
paraguay,1992,0.033908
paraguay,1993,0.034669
paraguay,1994,0.035431
paraguay,1995,0.036192
paraguay,1996,0.036954
paraguay,1997,0.037715
paraguay,1998,0.038477
paraguay,1999,0.039238
paraguay,2000,0.040000
paraguay,2001,0.054250
paraguay,2002,0.068500
paraguay,2003,0.082750
paraguay,2004,0.097000
paraguay,2005,0.11125
paraguay,2006,0.12550
paraguay,2007,0.13975
paraguay,2008,0.15400
paraguay,2009,0.15400
paraguay,2010,0.15400
paraguay,2011,0.15400
paraguay,2012,0.15400
paraguay,2013,0.15400
paraguay,2014,0.15400
paraguay,2015,0.15400
paraguay,2016,0.15400
paraguay,2017,0.15400
paraguay,2018,0.15400
paraguay,2019,0.15400
paraguay,2020,0.15400
paraguay,2021,0.15400
paraguay,2022,0.15400
peru,2008,0.28900
peru,2009,0.60250
peru,2010,0.91600
peru,2011,1.2295
peru,2012,1.5430
peru,2013,1.8565
peru,2014,2.1700
peru,2015,2.4835
peru,2016,2.7970
peru,2017,3.1105
peru,2018,3.4240
peru,2019,3.5100
peru,2020,3.5100
peru,2021,1.5830
peru,2022,1.6660
philippines,1995,2.2960
philippines,1996,2.4182
philippines,1997,2.5404
philippines,1998,2.6626
philippines,1999,2.7848
philippines,2000,2.9070
philippines,2001,3.6655
philippines,2002,4.4240
philippines,2003,5.1825
philippines,2004,5.9410
philippines,2005,6.6995
philippines,2006,7.4580
philippines,2007,7.3480
philippines,2008,8.2470
philippines,2009,8.2540
philippines,2010,8.2670
philippines,2011,8.9590
philippines,2012,9.0370
philippines,2013,9.0540
philippines,2014,9.0080
philippines,2015,9.9310
philippines,2016,10.560
philippines,2017,15.916
philippines,2018,16.189
philippines,2019,9.8810
philippines,2020,10.634
philippines,2021,11.965
philippines,2022,13.602
poland,1992,9.1800
poland,1993,9.2290
poland,1994,9.2780
poland,1995,9.3270
poland,1996,9.3760
poland,1997,9.4250
poland,1998,9.2885
poland,1999,9.1521
poland,2000,9.0156
poland,2001,8.8792
poland,2002,8.7427
poland,2003,8.6062
poland,2004,8.4698
poland,2005,8.3333
poland,2006,8.1968
poland,2007,8.0604
poland,2008,7.9239
poland,2009,7.7875
poland,2010,7.6510
poland,2011,7.6495
poland,2012,7.6480
poland,2013,7.6465
poland,2014,7.6450
poland,2015,7.4630
poland,2016,7.4830
poland,2017,7.0350
poland,2018,6.5130
poland,2019,6.3400
poland,2020,5.8680
poland,2021,6.3340
poland,2022,6.4400
portugal,1991,3.1000
portugal,1992,2.8710
portugal,1993,2.6420
portugal,1994,2.4130
portugal,1995,2.1840
portugal,1996,1.9550
portugal,1997,1.7260
portugal,1998,1.4970
portugal,1999,1.5145
portugal,2000,1.5320
portugal,2001,1.5495
portugal,2002,1.5670
portugal,2003,1.5846
portugal,2004,1.6021
portugal,2005,1.6196
portugal,2006,1.6371
portugal,2007,1.6546
portugal,2008,1.6721
portugal,2009,1.6896
portugal,2010,1.7071
portugal,2011,1.7246
portugal,2012,1.7421
portugal,2013,1.7597
portugal,2014,1.7772
portugal,2015,1.7947
portugal,2016,1.8122
portugal,2017,1.8297
portugal,2018,1.8297
portugal,2019,1.8297
portugal,2020,1.8297
portugal,2021,1.8297
portugal,2022,1.8297
puerto_rico,1990,3.4350
puerto_rico,1991,3.3956
puerto_rico,1992,3.3562
puerto_rico,1993,3.3168
puerto_rico,1994,3.2774
puerto_rico,1995,3.2380
puerto_rico,1996,3.1986
puerto_rico,1997,3.1592
puerto_rico,1998,3.1198
puerto_rico,1999,3.0804
puerto_rico,2000,3.0410
puerto_rico,2001,3.0696
puerto_rico,2002,3.0982
puerto_rico,2003,3.1268
puerto_rico,2004,3.1554
puerto_rico,2005,3.1840
puerto_rico,2006,3.1772
puerto_rico,2007,3.1704
puerto_rico,2008,3.1636
puerto_rico,2009,3.1568
puerto_rico,2010,3.1500
puerto_rico,2011,2.9930
puerto_rico,2012,2.8360
puerto_rico,2013,2.6790
puerto_rico,2014,2.5220
puerto_rico,2015,2.3650
puerto_rico,2016,2.3650
puerto_rico,2017,2.3650
puerto_rico,2018,2.3650
puerto_rico,2019,2.3650
puerto_rico,2020,2.3650
puerto_rico,2021,2.3650
puerto_rico,2022,2.3650
qatar,1994,0.0084000
qatar,1995,0.0093167
qatar,1996,0.010233
qatar,1997,0.011150
qatar,1998,0.012067
qatar,1999,0.012983
qatar,2000,0.013900
qatar,2001,0.012720
qatar,2002,0.011540
qatar,2003,0.010360
qatar,2004,0.0091800
qatar,2005,0.0080000
qatar,2006,0.0094000
qatar,2007,0.010800
qatar,2008,0.012200
qatar,2009,0.013600
qatar,2010,0.015000
qatar,2011,0.016400
qatar,2012,0.017800
qatar,2013,0.019200
qatar,2014,0.085400
qatar,2015,0.11455
qatar,2016,0.14370
qatar,2017,0.034000
qatar,2018,0.035600
qatar,2019,0.044000
qatar,2020,0.044180
qatar,2021,0.039180
qatar,2022,0.040180
republic_of_korea,1990,2.0000
republic_of_korea,1991,2.1829
republic_of_korea,1992,2.3657
republic_of_korea,1993,2.5486
republic_of_korea,1994,2.7314
republic_of_korea,1995,2.9143
republic_of_korea,1996,3.0971
republic_of_korea,1997,3.2800
republic_of_korea,1998,3.5140
republic_of_korea,1999,3.7480
republic_of_korea,2000,3.9820
republic_of_korea,2001,4.2160
republic_of_korea,2002,4.4500
republic_of_korea,2003,4.4500
republic_of_korea,2004,4.4500
republic_of_korea,2005,4.4500
republic_of_korea,2006,4.4500
republic_of_korea,2007,4.4500
republic_of_korea,2008,4.4500
republic_of_korea,2009,4.4500
republic_of_korea,2010,4.4500
republic_of_korea,2011,4.4500
republic_of_korea,2012,4.4500
republic_of_korea,2013,4.4500
republic_of_korea,2014,4.4500
republic_of_korea,2015,4.4500
republic_of_korea,2016,4.4500
republic_of_korea,2017,4.4500
republic_of_korea,2018,4.4500
republic_of_korea,2019,4.4500
republic_of_korea,2020,4.4500
republic_of_korea,2021,4.4500
republic_of_korea,2022,4.4500
republic_of_moldova,1992,0.91900
republic_of_moldova,1993,0.92802
republic_of_moldova,1994,0.93705
republic_of_moldova,1995,0.94607
republic_of_moldova,1996,0.95510
republic_of_moldova,1997,0.96413
republic_of_moldova,1998,0.97315
republic_of_moldova,1999,0.98218
republic_of_moldova,2000,0.99120
republic_of_moldova,2001,0.96946
republic_of_moldova,2002,0.94772
republic_of_moldova,2003,0.92598
republic_of_moldova,2004,0.90424
republic_of_moldova,2005,0.88250
republic_of_moldova,2006,0.85667
republic_of_moldova,2007,0.83083
republic_of_moldova,2008,0.80500
republic_of_moldova,2009,0.77917
republic_of_moldova,2010,0.75333
republic_of_moldova,2011,0.72750
republic_of_moldova,2012,0.70167
republic_of_moldova,2013,0.67583
republic_of_moldova,2014,0.65000
republic_of_moldova,2015,0.64900
republic_of_moldova,2016,0.65200
republic_of_moldova,2017,0.58300
republic_of_moldova,2018,0.58200
republic_of_moldova,2019,0.58200
republic_of_moldova,2020,0.58300
republic_of_moldova,2021,0.58300
republic_of_moldova,2022,0.58300
romania,1970,4.7200
romania,1971,5.1060
romania,1972,5.4920
romania,1973,5.8780
romania,1974,6.2640
romania,1975,6.6500
romania,1976,7.2820
romania,1977,7.9140
romania,1978,8.5460
romania,1979,9.1780
romania,1980,9.8100
romania,1981,9.7160
romania,1982,9.6220
romania,1983,9.5280
romania,1984,9.4340
romania,1985,9.3400
romania,1986,9.2840
romania,1987,9.2280
romania,1988,9.1720
romania,1989,9.1160
romania,1990,9.0600
romania,1991,8.9533
romania,1992,8.8467
romania,1993,8.7400
romania,1994,8.3800
romania,1995,8.0200
romania,1996,7.7250
romania,1997,7.4300
romania,1998,7.3500
romania,1999,7.1800
romania,2000,6.6400
romania,2001,6.0400
romania,2002,6.1700
romania,2003,5.5650
romania,2004,4.9600
romania,2005,4.3550
romania,2006,3.7500
romania,2007,4.3800
romania,2008,5.0100
romania,2009,4.1600
romania,2010,4.4300
romania,2011,4.3830
romania,2012,4.3360
romania,2013,4.3030
romania,2014,4.1720
romania,2015,4.1740
romania,2016,4.0800
romania,2017,4.2340
romania,2018,3.9040
romania,2019,4.2250
romania,2020,4.0380
romania,2021,4.1140
romania,2022,3.9400
russian_federation,1994,47.500
russian_federation,1995,46.371
russian_federation,1996,45.243
russian_federation,1997,44.114
russian_federation,1998,42.986
russian_federation,1999,41.857
russian_federation,2000,40.729
russian_federation,2001,39.600
russian_federation,2002,39.341
russian_federation,2003,39.082
russian_federation,2004,38.822
russian_federation,2005,38.563
russian_federation,2006,38.304
russian_federation,2007,38.045
russian_federation,2008,37.785
russian_federation,2009,37.526
russian_federation,2010,37.267
russian_federation,2011,37.008
russian_federation,2012,36.749
russian_federation,2013,36.489
russian_federation,2014,34.790
russian_federation,2015,28.580
russian_federation,2016,28.360
russian_federation,2017,28.060
russian_federation,2018,29.030
russian_federation,2019,29.030
russian_federation,2020,29.030
russian_federation,2021,29.030
russian_federation,2022,29.030
rwanda,1987,0.012000
rwanda,1988,0.012000
rwanda,1989,0.012000
rwanda,1990,0.012000
rwanda,1991,0.012000
rwanda,1992,0.012000
rwanda,1993,0.012000
rwanda,1994,0.012000
rwanda,1995,0.012000
rwanda,1996,0.012000
rwanda,1997,0.012000
rwanda,1998,0.012000
rwanda,1999,0.012000
rwanda,2000,0.012000
rwanda,2001,0.013700
rwanda,2002,0.015400
rwanda,2003,0.017100
rwanda,2004,0.018800
rwanda,2005,0.020500
rwanda,2006,0.019750
rwanda,2007,0.019000
rwanda,2008,0.018250
rwanda,2009,0.017500
rwanda,2010,0.016750
rwanda,2011,0.016000
rwanda,2012,0.015250
rwanda,2013,0.014500
rwanda,2014,0.013750
rwanda,2015,0.013000
rwanda,2016,0.012250
rwanda,2017,0.011500
rwanda,2018,0.010750
rwanda,2019,0.010000
rwanda,2020,0.010000
rwanda,2021,0.010000
rwanda,2022,0.010000
saint_kitts_and_nevis,2012,0.0000
saint_kitts_and_nevis,2013,0.0000
saint_kitts_and_nevis,2014,0.0000
saint_kitts_and_nevis,2015,0.0000
saint_kitts_and_nevis,2016,0.0000
saint_kitts_and_nevis,2017,0.0000
saint_kitts_and_nevis,2018,0.0000
saint_kitts_and_nevis,2019,0.0000
saint_kitts_and_nevis,2020,0.0000
saint_kitts_and_nevis,2021,0.0000
saint_kitts_and_nevis,2022,0.0000
saint_lucia,2007,0.0000
saint_lucia,2008,0.0000
saint_lucia,2009,0.0000
saint_lucia,2010,0.0000
saint_lucia,2011,0.0000
saint_lucia,2012,0.0000
saint_lucia,2013,0.0000
saint_lucia,2014,0.0000
saint_lucia,2015,0.0000
saint_lucia,2016,0.0000
saint_lucia,2017,0.0000
saint_lucia,2018,0.0000
saint_lucia,2019,0.0000
saint_lucia,2020,0.0000
saint_lucia,2021,0.0000
saint_lucia,2022,0.0000
saint_vincent_and_the_grenadines,2013,0.0000020000
saint_vincent_and_the_grenadines,2014,0.0000020000
saint_vincent_and_the_grenadines,2015,0.0000020000
saint_vincent_and_the_grenadines,2016,0.0000020000
saint_vincent_and_the_grenadines,2017,0.0000020000
saint_vincent_and_the_grenadines,2018,0.0000020000
saint_vincent_and_the_grenadines,2019,0.0000020000
saint_vincent_and_the_grenadines,2020,0.0000020000
saint_vincent_and_the_grenadines,2021,0.0000020000
saint_vincent_and_the_grenadines,2022,0.0000020000
sao_tome_and_principe,2016,0.00060000
sao_tome_and_principe,2017,0.00060000
sao_tome_and_principe,2018,0.00060000
sao_tome_and_principe,2019,0.00060000
sao_tome_and_principe,2020,0.00060000
sao_tome_and_principe,2021,0.00060000
sao_tome_and_principe,2022,0.00060000
saudi_arabia,1992,0.19300
saudi_arabia,1993,0.20509
saudi_arabia,1994,0.21718
saudi_arabia,1995,0.22926
saudi_arabia,1996,0.24135
saudi_arabia,1997,0.25344
saudi_arabia,1998,0.26553
saudi_arabia,1999,0.27761
saudi_arabia,2000,0.28970
saudi_arabia,2001,0.36928
saudi_arabia,2002,0.44885
saudi_arabia,2003,0.52843
saudi_arabia,2004,0.60800
saudi_arabia,2005,0.65900
saudi_arabia,2006,0.71000
saudi_arabia,2007,0.73217
saudi_arabia,2008,0.75433
saudi_arabia,2009,0.77650
saudi_arabia,2010,0.79867
saudi_arabia,2011,0.82083
saudi_arabia,2012,0.84300
saudi_arabia,2013,0.89000
saudi_arabia,2014,0.93000
saudi_arabia,2015,0.97700
saudi_arabia,2016,1.0150
saudi_arabia,2017,1.0000
saudi_arabia,2018,1.4000
saudi_arabia,2019,1.4000
saudi_arabia,2020,1.4000
saudi_arabia,2021,1.4000
saudi_arabia,2022,1.4000
senegal,1987,0.041000
senegal,1988,0.042462
senegal,1989,0.043923
senegal,1990,0.045385
senegal,1991,0.046846
senegal,1992,0.048308
senegal,1993,0.049769
senegal,1994,0.051231
senegal,1995,0.052692
senegal,1996,0.054154
senegal,1997,0.055615
senegal,1998,0.057077
senegal,1999,0.058538
senegal,2000,0.060000
senegal,2001,0.059000
senegal,2002,0.058000
senegal,2003,0.054248
senegal,2004,0.050497
senegal,2005,0.046745
senegal,2006,0.042993
senegal,2007,0.039241
senegal,2008,0.035490
senegal,2009,0.031738
senegal,2010,0.027986
senegal,2011,0.024234
senegal,2012,0.020483
senegal,2013,0.016731
senegal,2014,0.012979
senegal,2015,0.0092273
senegal,2016,0.0054756
senegal,2017,0.0017239
senegal,2018,0.0014158
senegal,2019,0.0014158
senegal,2020,0.0014158
senegal,2021,0.0014158
senegal,2022,0.0014158
serbia,2012,3.0970
serbia,2013,2.8875
serbia,2014,2.6780
serbia,2015,3.3070
serbia,2016,3.4100
serbia,2017,4.0570
serbia,2018,4.1913
serbia,2019,4.2413
serbia,2020,3.9867
serbia,2021,3.7315
serbia,2022,3.9670
seychelles,1989,0.0011000
seychelles,1990,0.0011091
seychelles,1991,0.0011182
seychelles,1992,0.0011273
seychelles,1993,0.0011364
seychelles,1994,0.0011455
seychelles,1995,0.0011545
seychelles,1996,0.0011636
seychelles,1997,0.0011727
seychelles,1998,0.0011818
seychelles,1999,0.0011909
seychelles,2000,0.0012000
seychelles,2001,0.0019333
seychelles,2002,0.0026667
seychelles,2003,0.0034000
seychelles,2004,0.0036000
seychelles,2005,0.0038000
seychelles,2006,0.0038000
seychelles,2007,0.0038000
seychelles,2008,0.0038000
seychelles,2009,0.0038000
seychelles,2010,0.0038000
seychelles,2011,0.0038000
seychelles,2012,0.0038000
seychelles,2013,0.0038000
seychelles,2014,0.0038000
seychelles,2015,0.0038000
seychelles,2016,0.0038000
seychelles,2017,0.0038000
seychelles,2018,0.0038000
seychelles,2019,0.0038000
seychelles,2020,0.0038000
seychelles,2021,0.0038000
seychelles,2022,0.0038000
sierra_leone,1987,0.015000
sierra_leone,1988,0.017515
sierra_leone,1989,0.020031
sierra_leone,1990,0.022546
sierra_leone,1991,0.025062
sierra_leone,1992,0.027577
sierra_leone,1993,0.030092
sierra_leone,1994,0.032608
sierra_leone,1995,0.035123
sierra_leone,1996,0.037638
sierra_leone,1997,0.040154
sierra_leone,1998,0.042669
sierra_leone,1999,0.045185
sierra_leone,2000,0.047700
sierra_leone,2001,0.049260
sierra_leone,2002,0.050820
sierra_leone,2003,0.052380
sierra_leone,2004,0.053940
sierra_leone,2005,0.055500
sierra_leone,2006,0.055500
sierra_leone,2007,0.055500
sierra_leone,2008,0.055500
sierra_leone,2009,0.055500
sierra_leone,2010,0.055500
sierra_leone,2011,0.055500
sierra_leone,2012,0.055500
sierra_leone,2013,0.055500
sierra_leone,2014,0.055500
sierra_leone,2015,0.055500
sierra_leone,2016,0.055500
sierra_leone,2017,0.055500
sierra_leone,2018,0.055500
sierra_leone,2019,0.055500
sierra_leone,2020,0.055500
sierra_leone,2021,0.055500
sierra_leone,2022,0.055500
singapore,1975,0.096900
singapore,1976,0.13278
singapore,1977,0.16867
singapore,1978,0.20455
singapore,1979,0.24044
singapore,1980,0.27632
singapore,1981,0.31220
singapore,1982,0.34809
singapore,1983,0.38397
singapore,1984,0.41986
singapore,1985,0.45574
singapore,1986,0.49162
singapore,1987,0.52751
singapore,1988,0.56339
singapore,1989,0.59928
singapore,1990,0.63516
singapore,1991,0.67104
singapore,1992,0.70693
singapore,1993,0.74281
singapore,1994,0.77870
singapore,1995,0.81458
singapore,1996,0.85046
singapore,1997,0.88635
singapore,1998,0.92223
singapore,1999,0.95812
singapore,2000,0.99400
singapore,2001,1.0394
singapore,2002,1.0848
singapore,2003,1.1302
singapore,2004,1.1756
singapore,2005,1.2210
singapore,2006,1.1328
singapore,2007,1.0446
singapore,2008,0.95637
singapore,2009,0.86816
singapore,2010,0.77995
singapore,2011,0.69174
singapore,2012,0.60353
singapore,2013,0.51532
singapore,2014,0.42711
singapore,2015,0.33890
singapore,2016,0.33895
singapore,2017,0.33629
singapore,2018,0.33487
singapore,2019,0.33844
singapore,2020,0.33660
singapore,2021,0.24961
singapore,2022,0.16262
slovakia,1993,0.81967
slovakia,1994,0.77933
slovakia,1995,0.73900
slovakia,1996,0.75000
slovakia,1997,0.76100
slovakia,1998,0.71507
slovakia,1999,0.66913
slovakia,2000,0.62320
slovakia,2001,0.62285
slovakia,2002,0.62250
slovakia,2003,0.58300
slovakia,2004,0.54350
slovakia,2005,0.50400
slovakia,2006,0.40550
slovakia,2007,0.30700
slovakia,2008,0.28690
slovakia,2009,0.26240
slovakia,2010,0.25400
slovakia,2011,0.24780
slovakia,2012,0.32880
slovakia,2013,0.18360
slovakia,2014,0.23150
slovakia,2015,0.23350
slovakia,2016,0.22790
slovakia,2017,0.23120
slovakia,2018,0.23840
slovakia,2019,0.23712
slovakia,2020,0.23240
slovakia,2021,0.23729
slovakia,2022,0.22456
slovenia,2002,0.70550
slovenia,2003,0.72293
slovenia,2004,0.74037
slovenia,2005,0.75780
slovenia,2006,0.76035
slovenia,2007,0.76290
slovenia,2008,0.76895
slovenia,2009,0.77500
slovenia,2010,0.77137
slovenia,2011,0.76773
slovenia,2012,0.76410
slovenia,2013,0.98800
slovenia,2014,0.81560
slovenia,2015,0.72920
slovenia,2016,0.72220
slovenia,2017,0.75800
slovenia,2018,0.78700
slovenia,2019,0.77100
slovenia,2020,0.83100
slovenia,2021,0.75500
slovenia,2022,0.64500
small_island_developing_states,2000,5.4918
small_island_developing_states,2001,5.6344
small_island_developing_states,2002,5.7766
small_island_developing_states,2003,5.9189
small_island_developing_states,2004,6.0650
small_island_developing_states,2005,6.2117
small_island_developing_states,2006,6.3032
small_island_developing_states,2007,6.3665
small_island_developing_states,2008,6.4347
small_island_developing_states,2009,6.5049
small_island_developing_states,2010,6.5687
small_island_developing_states,2011,6.4355
small_island_developing_states,2012,6.3011
small_island_developing_states,2013,6.1675
small_island_developing_states,2014,6.0355
small_island_developing_states,2015,5.3262
small_island_developing_states,2016,5.9450
small_island_developing_states,2017,5.6760
small_island_developing_states,2018,5.4072
small_island_developing_states,2019,5.1434
small_island_developing_states,2020,4.8761
small_island_developing_states,2021,4.7997
small_island_developing_states,2022,4.7136
somalia,1987,0.0000
somalia,1988,0.0000
somalia,1989,0.0000
somalia,1990,0.0000
somalia,1991,0.0000
somalia,1992,0.0000
somalia,1993,0.0000
somalia,1994,0.0000
somalia,1995,0.0000
somalia,1996,0.0000
somalia,1997,0.0000
somalia,1998,0.0000
somalia,1999,0.0000
somalia,2000,0.0000
somalia,2001,0.00066667
somalia,2002,0.0013333
somalia,2003,0.0020000
somalia,2004,0.0020000
somalia,2005,0.0020000
somalia,2006,0.0020000
somalia,2007,0.0020000
somalia,2008,0.0020000
somalia,2009,0.0020000
somalia,2010,0.0020000
somalia,2011,0.0020000
somalia,2012,0.0020000
somalia,2013,0.0020000
somalia,2014,0.0020000
somalia,2015,0.0020000
somalia,2016,0.0020000
somalia,2017,0.0020000
somalia,2018,0.0020000
somalia,2019,0.0020000
somalia,2020,0.0020000
somalia,2021,0.0020000
somalia,2022,0.0020000
south_africa,1990,1.4480
south_africa,1991,1.3788
south_africa,1992,1.3096
south_africa,1993,1.2404
south_africa,1994,1.1712
south_africa,1995,1.1020
south_africa,1996,1.0920
south_africa,1997,1.0820
south_africa,1998,1.0720
south_africa,1999,1.0620
south_africa,2000,1.0520
south_africa,2001,1.0961
south_africa,2002,1.1402
south_africa,2003,1.1842
south_africa,2004,1.2283
south_africa,2005,1.2724
south_africa,2006,1.3165
south_africa,2007,1.3605
south_africa,2008,1.4046
south_africa,2009,1.4487
south_africa,2010,1.4928
south_africa,2011,1.5368
south_africa,2012,1.5809
south_africa,2013,1.6250
south_africa,2014,2.6075
south_africa,2015,3.5900
south_africa,2016,3.9400
south_africa,2017,4.1000
south_africa,2018,4.0700
south_africa,2019,4.2500
south_africa,2020,4.0898
south_africa,2021,4.1640
south_africa,2022,4.6160
south_sudan,2012,0.22500
south_sudan,2013,0.22500
south_sudan,2014,0.22500
south_sudan,2015,0.22500
south_sudan,2016,0.22500
south_sudan,2017,0.22500
south_sudan,2018,0.22500
south_sudan,2019,0.22500
south_sudan,2020,0.22500
south_sudan,2021,0.22500
south_sudan,2022,0.22500
south_eastern_asia,2000,18.945
south_eastern_asia,2001,23.279
south_eastern_asia,2002,27.613
south_eastern_asia,2003,31.947
south_eastern_asia,2004,36.277
south_eastern_asia,2005,40.607
south_eastern_asia,2006,39.947
south_eastern_asia,2007,38.417
south_eastern_asia,2008,37.817
south_eastern_asia,2009,36.326
south_eastern_asia,2010,34.840
south_eastern_asia,2011,34.033
south_eastern_asia,2012,32.613
south_eastern_asia,2013,31.131
south_eastern_asia,2014,29.586
south_eastern_asia,2015,29.011
south_eastern_asia,2016,28.229
south_eastern_asia,2017,33.582
south_eastern_asia,2018,33.854
south_eastern_asia,2019,27.550
south_eastern_asia,2020,28.301
south_eastern_asia,2021,29.545
south_eastern_asia,2022,31.095
southern_asia,2000,15.730
southern_asia,2001,16.290
southern_asia,2002,16.850
southern_asia,2003,17.411
southern_asia,2004,17.971
southern_asia,2005,18.506
southern_asia,2006,18.972
southern_asia,2007,19.438
southern_asia,2008,19.903
southern_asia,2009,20.603
southern_asia,2010,21.303
southern_asia,2011,21.303
southern_asia,2012,21.303
southern_asia,2013,21.303
southern_asia,2014,21.303
southern_asia,2015,21.303
southern_asia,2016,21.303
southern_asia,2017,21.303
southern_asia,2018,21.303
southern_asia,2019,21.303
southern_asia,2020,21.303
southern_asia,2021,21.303
southern_asia,2022,21.303
spain,1986,11.920
spain,1987,10.816
spain,1988,9.7120
spain,1989,8.6080
spain,1990,7.5040
spain,1991,6.4000
spain,1992,6.4467
spain,1993,6.4933
spain,1994,6.5400
spain,1995,6.5867
spain,1996,6.6333
spain,1997,6.6800
spain,1998,6.8653
spain,1999,7.0507
spain,2000,7.2360
spain,2001,7.3415
spain,2002,7.4470
spain,2003,7.4807
spain,2004,7.5143
spain,2005,7.5480
spain,2006,7.0215
spain,2007,6.4950
spain,2008,6.7330
spain,2009,6.7735
spain,2010,6.8140
spain,2011,6.6930
spain,2012,6.5720
spain,2013,6.4555
spain,2014,6.3390
spain,2015,6.0570
spain,2016,5.9660
spain,2017,5.5910
spain,2018,5.7170
spain,2019,5.6085
spain,2020,5.5000
spain,2021,5.5000
spain,2022,5.5000
sri_lanka,1990,0.19500
sri_lanka,1991,0.22686
sri_lanka,1992,0.25872
sri_lanka,1993,0.29058
sri_lanka,1994,0.32244
sri_lanka,1995,0.35430
sri_lanka,1996,0.38616
sri_lanka,1997,0.41802
sri_lanka,1998,0.44988
sri_lanka,1999,0.48174
sri_lanka,2000,0.51360
sri_lanka,2001,0.57708
sri_lanka,2002,0.64056
sri_lanka,2003,0.70404
sri_lanka,2004,0.76752
sri_lanka,2005,0.83100
sri_lanka,2006,0.83100
sri_lanka,2007,0.83100
sri_lanka,2008,0.83100
sri_lanka,2009,0.83100
sri_lanka,2010,0.83100
sri_lanka,2011,0.83100
sri_lanka,2012,0.83100
sri_lanka,2013,0.83100
sri_lanka,2014,0.83100
sri_lanka,2015,0.83100
sri_lanka,2016,0.83100
sri_lanka,2017,0.83100
sri_lanka,2018,0.83100
sri_lanka,2019,0.83100
sri_lanka,2020,0.83100
sri_lanka,2021,0.83100
sri_lanka,2022,0.83100
sub_saharan_africa,2000,5.3282
sub_saharan_africa,2001,5.5060
sub_saharan_africa,2002,5.7036
sub_saharan_africa,2003,5.8694
sub_saharan_africa,2004,6.0405
sub_saharan_africa,2005,6.2267
sub_saharan_africa,2006,6.2965
sub_saharan_africa,2007,6.4088
sub_saharan_africa,2008,6.3464
sub_saharan_africa,2009,6.2854
sub_saharan_africa,2010,6.2214
sub_saharan_africa,2011,6.1538
sub_saharan_africa,2012,6.3171
sub_saharan_africa,2013,6.2617
sub_saharan_africa,2014,7.1427
sub_saharan_africa,2015,8.0285
sub_saharan_africa,2016,8.4675
sub_saharan_africa,2017,8.6264
sub_saharan_africa,2018,8.6000
sub_saharan_africa,2019,8.7809
sub_saharan_africa,2020,8.6236
sub_saharan_africa,2021,8.6971
sub_saharan_africa,2022,9.1468
sudan,2012,0.075000
sudan,2013,0.075000
sudan,2014,0.075000
sudan,2015,0.075000
sudan,2016,0.075000
sudan,2017,0.075000
sudan,2018,0.075000
sudan,2019,0.075000
sudan,2020,0.075000
sudan,2021,0.075000
sudan,2022,0.075000
suriname,1987,0.022000
suriname,1988,0.021846
suriname,1989,0.021692
suriname,1990,0.021538
suriname,1991,0.021385
suriname,1992,0.021231
suriname,1993,0.021077
suriname,1994,0.020923
suriname,1995,0.020769
suriname,1996,0.020615
suriname,1997,0.020462
suriname,1998,0.020308
suriname,1999,0.020154
suriname,2000,0.020000
suriname,2001,0.039250
suriname,2002,0.058500
suriname,2003,0.077750
suriname,2004,0.097000
suriname,2005,0.11625
suriname,2006,0.13550
suriname,2007,0.13550
suriname,2008,0.13550
suriname,2009,0.13550
suriname,2010,0.13550
suriname,2011,0.13550
suriname,2012,0.13550
suriname,2013,0.13550
suriname,2014,0.13550
suriname,2015,0.13550
suriname,2016,0.13550
suriname,2017,0.13550
suriname,2018,0.13550
suriname,2019,0.13550
suriname,2020,0.13550
suriname,2021,0.13550
suriname,2022,0.13550
sweden,1970,2.9600
sweden,1971,2.9600
sweden,1972,2.9600
sweden,1973,2.9600
sweden,1974,2.9600
sweden,1975,2.9600
sweden,1976,2.9600
sweden,1977,2.9600
sweden,1978,2.9600
sweden,1979,2.9600
sweden,1980,2.9600
sweden,1981,2.7962
sweden,1982,2.6324
sweden,1983,2.4686
sweden,1984,2.3048
sweden,1985,2.1411
sweden,1986,2.0515
sweden,1987,1.9620
sweden,1988,1.8725
sweden,1989,1.7830
sweden,1990,1.7830
sweden,1991,1.7830
sweden,1992,1.7830
sweden,1993,1.7282
sweden,1994,1.6734
sweden,1995,1.6186
sweden,1996,1.5638
sweden,1997,1.5090
sweden,1998,1.5070
sweden,1999,1.5050
sweden,2000,1.5030
sweden,2001,1.5030
sweden,2002,1.5030
sweden,2003,1.5097
sweden,2004,1.5163
sweden,2005,1.5230
sweden,2006,1.5230
sweden,2007,1.5230
sweden,2008,1.5393
sweden,2009,1.5557
sweden,2010,1.5720
sweden,2011,1.5266
sweden,2012,1.4812
sweden,2013,1.4358
sweden,2014,1.3904
sweden,2015,1.3450
sweden,2016,1.3294
sweden,2017,1.3138
sweden,2018,1.2982
sweden,2019,1.2826
sweden,2020,1.2670
sweden,2021,1.2670
sweden,2022,1.2670
switzerland,2012,0.64270
switzerland,2013,0.64270
switzerland,2014,0.64270
switzerland,2015,0.64270
switzerland,2016,0.64270
switzerland,2017,0.64270
switzerland,2018,0.64270
switzerland,2019,0.64270
switzerland,2020,0.64270
switzerland,2021,0.64270
switzerland,2022,0.64270
syrian_arab_republic,1993,0.31500
syrian_arab_republic,1994,0.34200
syrian_arab_republic,1995,0.35800
syrian_arab_republic,1996,0.39200
syrian_arab_republic,1997,0.41800
syrian_arab_republic,1998,0.44900
syrian_arab_republic,1999,0.44900
syrian_arab_republic,2000,0.59100
syrian_arab_republic,2001,0.54100
syrian_arab_republic,2002,0.56900
syrian_arab_republic,2003,0.59500
syrian_arab_republic,2004,0.60520
syrian_arab_republic,2005,0.61540
syrian_arab_republic,2006,0.61540
syrian_arab_republic,2007,0.61540
syrian_arab_republic,2008,0.61540
syrian_arab_republic,2009,0.61540
syrian_arab_republic,2010,0.61540
syrian_arab_republic,2011,0.61540
syrian_arab_republic,2012,0.61540
syrian_arab_republic,2013,0.61540
syrian_arab_republic,2014,0.61540
syrian_arab_republic,2015,0.61540
syrian_arab_republic,2016,0.61540
syrian_arab_republic,2017,0.61540
syrian_arab_republic,2018,0.61540
syrian_arab_republic,2019,0.61540
syrian_arab_republic,2020,0.61540
syrian_arab_republic,2021,0.61540
syrian_arab_republic,2022,0.61540
tajikistan,1994,0.50100
tajikistan,1995,0.47433
tajikistan,1996,0.44767
tajikistan,1997,0.42100
tajikistan,1998,0.39433
tajikistan,1999,0.36767
tajikistan,2000,0.34100
tajikistan,2001,0.35213
tajikistan,2002,0.36327
tajikistan,2003,0.37440
tajikistan,2004,0.38553
tajikistan,2005,0.39667
tajikistan,2006,0.40780
tajikistan,2007,0.40293
tajikistan,2008,0.39807
tajikistan,2009,0.39320
tajikistan,2010,0.38833
tajikistan,2011,0.38347
tajikistan,2012,0.37860
tajikistan,2013,0.37373
tajikistan,2014,0.36887
tajikistan,2015,0.36400
tajikistan,2016,0.33900
tajikistan,2017,2.0840
tajikistan,2018,1.6100
tajikistan,2019,1.6100
tajikistan,2020,1.6100
tajikistan,2021,1.6100
tajikistan,2022,1.6100
thailand,1982,1.1230
thailand,1983,1.1578
thailand,1984,1.1926
thailand,1985,1.2274
thailand,1986,1.2622
thailand,1987,1.2970
thailand,1988,1.3433
thailand,1989,1.3897
thailand,1990,1.4360
thailand,1991,1.5149
thailand,1992,1.5938
thailand,1993,1.6726
thailand,1994,1.7515
thailand,1995,1.8304
thailand,1996,1.9093
thailand,1997,1.9882
thailand,1998,2.0671
thailand,1999,2.1459
thailand,2000,2.2248
thailand,2001,2.3037
thailand,2002,2.3826
thailand,2003,2.4615
thailand,2004,2.5404
thailand,2005,2.6192
thailand,2006,2.6981
thailand,2007,2.7770
thailand,2008,2.7770
thailand,2009,2.7770
thailand,2010,2.7770
thailand,2011,2.7770
thailand,2012,2.7770
thailand,2013,2.7770
thailand,2014,2.7770
thailand,2015,2.7770
thailand,2016,2.7770
thailand,2017,2.7770
thailand,2018,2.7770
thailand,2019,2.7770
thailand,2020,2.7770
thailand,2021,2.7770
thailand,2022,2.7770
timor_leste,2000,0.0044000
timor_leste,2001,0.0038000
timor_leste,2002,0.0032000
timor_leste,2003,0.0026000
timor_leste,2004,0.0020000
timor_leste,2005,0.0020000
timor_leste,2006,0.0020000
timor_leste,2007,0.0020000
timor_leste,2008,0.0020000
timor_leste,2009,0.0020000
timor_leste,2010,0.0020000
timor_leste,2011,0.0020000
timor_leste,2012,0.0020000
timor_leste,2013,0.0020000
timor_leste,2014,0.0020000
timor_leste,2015,0.0020000
timor_leste,2016,0.0020000
timor_leste,2017,0.0020000
timor_leste,2018,0.0020000
timor_leste,2019,0.0020000
timor_leste,2020,0.0020000
timor_leste,2021,0.0020000
timor_leste,2022,0.0020000
togo,1987,0.012000
togo,1988,0.011467
togo,1989,0.010933
togo,1990,0.010400
togo,1991,0.0098667
togo,1992,0.0093333
togo,1993,0.0088000
togo,1994,0.0082667
togo,1995,0.0077333
togo,1996,0.0072000
togo,1997,0.0066667
togo,1998,0.0061333
togo,1999,0.0056000
togo,2000,0.0050667
togo,2001,0.0045333
togo,2002,0.0040000
togo,2003,0.0047667
togo,2004,0.0055333
togo,2005,0.0063000
togo,2006,0.0063000
togo,2007,0.0063000
togo,2008,0.0063000
togo,2009,0.0063000
togo,2010,0.0063000
togo,2011,0.0063000
togo,2012,0.0063000
togo,2013,0.0063000
togo,2014,0.0063000
togo,2015,0.0063000
togo,2016,0.0063000
togo,2017,0.0063000
togo,2018,0.0063000
togo,2019,0.0063000
togo,2020,0.0063000
togo,2021,0.0063000
togo,2022,0.0063000
trinidad_and_tobago,1997,0.093800
trinidad_and_tobago,1998,0.095533
trinidad_and_tobago,1999,0.097267
trinidad_and_tobago,2000,0.099000
trinidad_and_tobago,2001,0.10240
trinidad_and_tobago,2002,0.10580
trinidad_and_tobago,2003,0.10920
trinidad_and_tobago,2004,0.11260
trinidad_and_tobago,2005,0.11600
trinidad_and_tobago,2006,0.11815
trinidad_and_tobago,2007,0.12030
trinidad_and_tobago,2008,0.12245
trinidad_and_tobago,2009,0.12460
trinidad_and_tobago,2010,0.12675
trinidad_and_tobago,2011,0.12890
trinidad_and_tobago,2012,0.12890
trinidad_and_tobago,2013,0.12890
trinidad_and_tobago,2014,0.12890
trinidad_and_tobago,2015,0.12890
trinidad_and_tobago,2016,0.12890
trinidad_and_tobago,2017,0.12890
trinidad_and_tobago,2018,0.12890
trinidad_and_tobago,2019,0.12890
trinidad_and_tobago,2020,0.12890
trinidad_and_tobago,2021,0.12890
trinidad_and_tobago,2022,0.12890
tunisia,1990,0.086000
tunisia,1991,0.088400
tunisia,1992,0.090800
tunisia,1993,0.093200
tunisia,1994,0.095600
tunisia,1995,0.098000
tunisia,1996,0.10040
tunisia,1997,0.10280
tunisia,1998,0.10520
tunisia,1999,0.10760
tunisia,2000,0.11000
tunisia,2001,0.11875
tunisia,2002,0.12337
tunisia,2003,0.12800
tunisia,2004,0.13262
tunisia,2005,0.13725
tunisia,2006,0.14188
tunisia,2007,0.14650
tunisia,2008,0.15113
tunisia,2009,0.15575
tunisia,2010,0.16037
tunisia,2011,0.16500
tunisia,2012,0.14640
tunisia,2013,0.12780
tunisia,2014,0.10920
tunisia,2015,0.090600
tunisia,2016,0.072000
tunisia,2017,0.090000
tunisia,2018,0.045880
tunisia,2019,0.067800
tunisia,2020,0.061900
tunisia,2021,0.061900
tunisia,2022,0.061900
turkiye,1992,3.5000
turkiye,1993,3.2462
turkiye,1994,2.9925
turkiye,1995,2.7388
turkiye,1996,2.4850
turkiye,1997,2.2313
turkiye,1998,1.9775
turkiye,1999,1.7237
turkiye,2000,1.4700
turkiye,2001,2.4133
turkiye,2002,3.3567
turkiye,2003,4.3000
turkiye,2004,1.2240
turkiye,2005,1.2465
turkiye,2006,1.2690
turkiye,2007,1.2915
turkiye,2008,1.3140
turkiye,2009,1.4355
turkiye,2010,1.5570
turkiye,2011,1.6745
turkiye,2012,1.7920
turkiye,2013,2.0740
turkiye,2014,2.3560
turkiye,2015,1.6780
turkiye,2016,1.0000
turkiye,2017,1.0477
turkiye,2018,1.0954
turkiye,2019,1.1330
turkiye,2020,1.1706
turkiye,2021,1.2336
turkiye,2022,1.2967
turkmenistan,1994,0.13900
turkmenistan,1995,0.16085
turkmenistan,1996,0.18270
turkmenistan,1997,0.20455
turkmenistan,1998,0.22640
turkmenistan,1999,0.24825
turkmenistan,2000,0.27010
turkmenistan,2001,0.27647
turkmenistan,2002,0.28284
turkmenistan,2003,0.28922
turkmenistan,2004,0.83900
turkmenistan,2005,0.83941
turkmenistan,2006,0.83982
turkmenistan,2007,0.84023
turkmenistan,2008,0.84064
turkmenistan,2009,0.84105
turkmenistan,2010,0.84146
turkmenistan,2011,0.84187
turkmenistan,2012,0.84228
turkmenistan,2013,0.84268
turkmenistan,2014,0.84309
turkmenistan,2015,0.84350
turkmenistan,2016,0.84391
turkmenistan,2017,0.86608
turkmenistan,2018,0.80677
turkmenistan,2019,0.80677
turkmenistan,2020,0.80677
turkmenistan,2021,0.80677
turkmenistan,2022,0.80677
uganda,1970,0.016000
uganda,1971,0.017407
uganda,1972,0.018813
uganda,1973,0.020220
uganda,1974,0.021627
uganda,1975,0.023033
uganda,1976,0.024440
uganda,1977,0.025847
uganda,1978,0.027253
uganda,1979,0.028660
uganda,1980,0.030067
uganda,1981,0.031473
uganda,1982,0.032880
uganda,1983,0.034287
uganda,1984,0.035693
uganda,1985,0.037100
uganda,1986,0.038507
uganda,1987,0.039913
uganda,1988,0.041320
uganda,1989,0.042727
uganda,1990,0.044133
uganda,1991,0.045540
uganda,1992,0.046947
uganda,1993,0.048353
uganda,1994,0.049760
uganda,1995,0.051167
uganda,1996,0.052573
uganda,1997,0.053980
uganda,1998,0.055387
uganda,1999,0.056793
uganda,2000,0.058200
uganda,2001,0.052100
uganda,2002,0.046000
uganda,2003,0.046667
uganda,2004,0.047333
uganda,2005,0.048000
uganda,2006,0.048667
uganda,2007,0.049333
uganda,2008,0.050000
uganda,2009,0.050000
uganda,2010,0.050000
uganda,2011,0.050000
uganda,2012,0.050000
uganda,2013,0.050000
uganda,2014,0.050000
uganda,2015,0.050000
uganda,2016,0.050000
uganda,2017,0.050000
uganda,2018,0.050000
uganda,2019,0.050000
uganda,2020,0.050000
uganda,2021,0.050000
uganda,2022,0.050000
ukraine,1992,13.500
ukraine,1993,12.998
ukraine,1994,12.496
ukraine,1995,11.995
ukraine,1996,11.493
ukraine,1997,10.991
ukraine,1998,10.489
ukraine,1999,9.9878
ukraine,2000,9.4860
ukraine,2001,9.0368
ukraine,2002,8.5876
ukraine,2003,8.1384
ukraine,2004,7.6892
ukraine,2005,7.2400
ukraine,2006,7.2172
ukraine,2007,7.1944
ukraine,2008,7.1716
ukraine,2009,7.1488
ukraine,2010,7.1260
ukraine,2011,6.5765
ukraine,2012,6.0270
ukraine,2013,5.4775
ukraine,2014,4.9280
ukraine,2015,4.1620
ukraine,2016,4.2730
ukraine,2017,4.0870
ukraine,2018,4.0870
ukraine,2019,4.2770
ukraine,2020,4.0850
ukraine,2021,3.5620
ukraine,2022,2.1879
united_arab_emirates,1980,0.081000
united_arab_emirates,1981,0.088933
united_arab_emirates,1982,0.096867
united_arab_emirates,1983,0.10480
united_arab_emirates,1984,0.11273
united_arab_emirates,1985,0.12067
united_arab_emirates,1986,0.12860
united_arab_emirates,1987,0.13653
united_arab_emirates,1988,0.14447
united_arab_emirates,1989,0.15240
united_arab_emirates,1990,0.16033
united_arab_emirates,1991,0.16827
united_arab_emirates,1992,0.17620
united_arab_emirates,1993,0.18413
united_arab_emirates,1994,0.19207
united_arab_emirates,1995,0.20000
united_arab_emirates,1996,0.18226
united_arab_emirates,1997,0.16452
united_arab_emirates,1998,0.14678
united_arab_emirates,1999,0.12904
united_arab_emirates,2000,0.11130
united_arab_emirates,2001,0.093533
united_arab_emirates,2002,0.075767
united_arab_emirates,2003,0.058000
united_arab_emirates,2004,0.063500
united_arab_emirates,2005,0.069000
united_arab_emirates,2006,0.066091
united_arab_emirates,2007,0.063182
united_arab_emirates,2008,0.060273
united_arab_emirates,2009,0.057364
united_arab_emirates,2010,0.054455
united_arab_emirates,2011,0.051545
united_arab_emirates,2012,0.048636
united_arab_emirates,2013,0.045727
united_arab_emirates,2014,0.042818
united_arab_emirates,2015,0.039909
united_arab_emirates,2016,0.037000
united_arab_emirates,2017,0.037000
united_arab_emirates,2018,0.037000
united_arab_emirates,2019,0.037000
united_arab_emirates,2020,0.037000
united_arab_emirates,2021,0.037000
united_arab_emirates,2022,0.055000
united_kingdom_of_great_britain_and_northern_ireland,2000,7.1900
united_kingdom_of_great_britain_and_northern_ireland,2001,6.2510
united_kingdom_of_great_britain_and_northern_ireland,2002,5.3120
united_kingdom_of_great_britain_and_northern_ireland,2003,4.3730
united_kingdom_of_great_britain_and_northern_ireland,2004,3.4340
united_kingdom_of_great_britain_and_northern_ireland,2005,2.4950
united_kingdom_of_great_britain_and_northern_ireland,2006,1.5560
united_kingdom_of_great_britain_and_northern_ireland,2007,1.1930
united_kingdom_of_great_britain_and_northern_ireland,2008,1.0930
united_kingdom_of_great_britain_and_northern_ireland,2009,1.2420
united_kingdom_of_great_britain_and_northern_ireland,2010,0.88940
united_kingdom_of_great_britain_and_northern_ireland,2011,0.67220
united_kingdom_of_great_britain_and_northern_ireland,2012,1.1220
united_kingdom_of_great_britain_and_northern_ireland,2013,0.98560
united_kingdom_of_great_britain_and_northern_ireland,2014,0.84920
united_kingdom_of_great_britain_and_northern_ireland,2015,0.93850
united_kingdom_of_great_britain_and_northern_ireland,2016,1.0100
united_kingdom_of_great_britain_and_northern_ireland,2017,1.0100
united_kingdom_of_great_britain_and_northern_ireland,2018,1.0100
united_kingdom_of_great_britain_and_northern_ireland,2019,1.0100
united_kingdom_of_great_britain_and_northern_ireland,2020,1.0100
united_kingdom_of_great_britain_and_northern_ireland,2021,1.0100
united_kingdom_of_great_britain_and_northern_ireland,2022,1.0100
united_republic_of_tanzania,1970,0.024000
united_republic_of_tanzania,1971,0.024031
united_republic_of_tanzania,1972,0.024063
united_republic_of_tanzania,1973,0.024094
united_republic_of_tanzania,1974,0.024125
united_republic_of_tanzania,1975,0.024156
united_republic_of_tanzania,1976,0.024188
united_republic_of_tanzania,1977,0.024219
united_republic_of_tanzania,1978,0.024250
united_republic_of_tanzania,1979,0.024281
united_republic_of_tanzania,1980,0.024313
united_republic_of_tanzania,1981,0.024344
united_republic_of_tanzania,1982,0.024375
united_republic_of_tanzania,1983,0.024406
united_republic_of_tanzania,1984,0.024438
united_republic_of_tanzania,1985,0.024469
united_republic_of_tanzania,1986,0.024500
united_republic_of_tanzania,1987,0.024531
united_republic_of_tanzania,1988,0.024563
united_republic_of_tanzania,1989,0.024594
united_republic_of_tanzania,1990,0.024625
united_republic_of_tanzania,1991,0.024656
united_republic_of_tanzania,1992,0.024688
united_republic_of_tanzania,1993,0.024719
united_republic_of_tanzania,1994,0.024750
united_republic_of_tanzania,1995,0.024781
united_republic_of_tanzania,1996,0.024813
united_republic_of_tanzania,1997,0.024844
united_republic_of_tanzania,1998,0.024875
united_republic_of_tanzania,1999,0.024906
united_republic_of_tanzania,2000,0.024938
united_republic_of_tanzania,2001,0.024969
united_republic_of_tanzania,2002,0.025000
united_republic_of_tanzania,2003,0.025000
united_republic_of_tanzania,2004,0.025000
united_republic_of_tanzania,2005,0.025000
united_republic_of_tanzania,2006,0.025000
united_republic_of_tanzania,2007,0.025000
united_republic_of_tanzania,2008,0.025000
united_republic_of_tanzania,2009,0.025000
united_republic_of_tanzania,2010,0.025000
united_republic_of_tanzania,2011,0.025000
united_republic_of_tanzania,2012,0.025000
united_republic_of_tanzania,2013,0.025000
united_republic_of_tanzania,2014,0.025000
united_republic_of_tanzania,2015,0.025000
united_republic_of_tanzania,2016,0.025000
united_republic_of_tanzania,2017,0.025000
united_republic_of_tanzania,2018,0.025000
united_republic_of_tanzania,2019,0.025000
united_republic_of_tanzania,2020,0.025000
united_republic_of_tanzania,2021,0.025000
united_republic_of_tanzania,2022,0.025000
united_states_of_america,1990,303.90
united_states_of_america,1991,303.39
united_states_of_america,1992,302.88
united_states_of_america,1993,302.37
united_states_of_america,1994,301.86
united_states_of_america,1995,301.35
united_states_of_america,1996,300.84
united_states_of_america,1997,300.33
united_states_of_america,1998,299.82
united_states_of_america,1999,299.31
united_states_of_america,2000,298.80
united_states_of_america,2001,300.06
united_states_of_america,2002,301.32
united_states_of_america,2003,302.58
united_states_of_america,2004,303.84
united_states_of_america,2005,305.10
united_states_of_america,2006,293.76
united_states_of_america,2007,282.42
united_states_of_america,2008,271.08
united_states_of_america,2009,259.74
united_states_of_america,2010,248.40
united_states_of_america,2011,240.66
united_states_of_america,2012,232.92
united_states_of_america,2013,225.18
united_states_of_america,2014,217.44
united_states_of_america,2015,209.70
united_states_of_america,2016,209.70
united_states_of_america,2017,209.70
united_states_of_america,2018,209.70
united_states_of_america,2019,209.70
united_states_of_america,2020,209.70
united_states_of_america,2021,209.70
united_states_of_america,2022,209.70
uruguay,1965,0.019500
uruguay,1966,0.021229
uruguay,1967,0.022957
uruguay,1968,0.024686
uruguay,1969,0.026414
uruguay,1970,0.028143
uruguay,1971,0.029871
uruguay,1972,0.031600
uruguay,1973,0.033329
uruguay,1974,0.035057
uruguay,1975,0.036786
uruguay,1976,0.038514
uruguay,1977,0.040243
uruguay,1978,0.041971
uruguay,1979,0.043700
uruguay,1980,0.045429
uruguay,1981,0.047157
uruguay,1982,0.048886
uruguay,1983,0.050614
uruguay,1984,0.052343
uruguay,1985,0.054071
uruguay,1986,0.055800
uruguay,1987,0.057529
uruguay,1988,0.059257
uruguay,1989,0.060986
uruguay,1990,0.062714
uruguay,1991,0.064443
uruguay,1992,0.066171
uruguay,1993,0.067900
uruguay,1994,0.069629
uruguay,1995,0.071357
uruguay,1996,0.073086
uruguay,1997,0.074814
uruguay,1998,0.076543
uruguay,1999,0.078271
uruguay,2000,0.080000
uruguay,2001,0.10362
uruguay,2002,0.12723
uruguay,2003,0.15085
uruguay,2004,0.17447
uruguay,2005,0.19809
uruguay,2006,0.22170
uruguay,2007,0.24532
uruguay,2008,0.26894
uruguay,2009,0.29255
uruguay,2010,0.31617
uruguay,2011,0.33979
uruguay,2012,0.36341
uruguay,2013,0.38702
uruguay,2014,0.41064
uruguay,2015,0.43426
uruguay,2016,0.45787
uruguay,2017,0.48149
uruguay,2018,0.50511
uruguay,2019,0.52873
uruguay,2020,0.55234
uruguay,2021,0.55158
uruguay,2022,0.60370
uzbekistan,1994,1.1030
uzbekistan,1995,1.2811
uzbekistan,1996,1.4593
uzbekistan,1997,1.6374
uzbekistan,1998,1.8156
uzbekistan,1999,1.9937
uzbekistan,2000,2.1719
uzbekistan,2001,2.3500
uzbekistan,2002,2.1375
uzbekistan,2003,1.9250
uzbekistan,2004,1.7125
uzbekistan,2005,1.5000
uzbekistan,2006,1.5600
uzbekistan,2007,1.6200
uzbekistan,2008,1.6800
uzbekistan,2009,1.7400
uzbekistan,2010,1.8000
uzbekistan,2011,1.8600
uzbekistan,2012,1.9200
uzbekistan,2013,1.9800
uzbekistan,2014,2.0400
uzbekistan,2015,1.9590
uzbekistan,2016,2.1140
uzbekistan,2017,2.1300
uzbekistan,2018,1.9850
uzbekistan,2019,1.8400
uzbekistan,2020,1.8000
uzbekistan,2021,1.8000
uzbekistan,2022,1.2000
venezuela_bolivarian_republic_of,1970,0.45100
venezuela_bolivarian_republic_of,1971,0.45874
venezuela_bolivarian_republic_of,1972,0.46647
venezuela_bolivarian_republic_of,1973,0.47421
venezuela_bolivarian_republic_of,1974,0.48195
venezuela_bolivarian_republic_of,1975,0.48968
venezuela_bolivarian_republic_of,1976,0.49742
venezuela_bolivarian_republic_of,1977,0.50516
venezuela_bolivarian_republic_of,1978,0.51289
venezuela_bolivarian_republic_of,1979,0.52063
venezuela_bolivarian_republic_of,1980,0.52837
venezuela_bolivarian_republic_of,1981,0.53610
venezuela_bolivarian_republic_of,1982,0.54384
venezuela_bolivarian_republic_of,1983,0.55158
venezuela_bolivarian_republic_of,1984,0.55931
venezuela_bolivarian_republic_of,1985,0.56705
venezuela_bolivarian_republic_of,1986,0.57479
venezuela_bolivarian_republic_of,1987,0.58252
venezuela_bolivarian_republic_of,1988,0.59026
venezuela_bolivarian_republic_of,1989,0.59800
venezuela_bolivarian_republic_of,1990,0.60573
venezuela_bolivarian_republic_of,1991,0.61347
venezuela_bolivarian_republic_of,1992,0.62121
venezuela_bolivarian_republic_of,1993,0.62894
venezuela_bolivarian_republic_of,1994,0.63668
venezuela_bolivarian_republic_of,1995,0.64442
venezuela_bolivarian_republic_of,1996,0.65215
venezuela_bolivarian_republic_of,1997,0.65989
venezuela_bolivarian_republic_of,1998,0.66763
venezuela_bolivarian_republic_of,1999,0.67536
venezuela_bolivarian_republic_of,2000,0.68310
venezuela_bolivarian_republic_of,2001,0.70514
venezuela_bolivarian_republic_of,2002,0.72718
venezuela_bolivarian_republic_of,2003,0.74922
venezuela_bolivarian_republic_of,2004,0.77126
venezuela_bolivarian_republic_of,2005,0.79330
venezuela_bolivarian_republic_of,2006,0.79330
venezuela_bolivarian_republic_of,2007,0.79330
venezuela_bolivarian_republic_of,2008,0.79330
venezuela_bolivarian_republic_of,2009,0.79330
venezuela_bolivarian_republic_of,2010,0.79330
venezuela_bolivarian_republic_of,2011,0.79330
venezuela_bolivarian_republic_of,2012,0.79330
venezuela_bolivarian_republic_of,2013,0.79330
venezuela_bolivarian_republic_of,2014,0.79330
venezuela_bolivarian_republic_of,2015,0.79330
venezuela_bolivarian_republic_of,2016,0.79330
venezuela_bolivarian_republic_of,2017,0.79330
venezuela_bolivarian_republic_of,2018,0.79330
venezuela_bolivarian_republic_of,2019,0.79330
venezuela_bolivarian_republic_of,2020,0.79330
venezuela_bolivarian_republic_of,2021,0.79330
venezuela_bolivarian_republic_of,2022,0.79330
viet_nam,1980,1.5000
viet_nam,1981,1.7740
viet_nam,1982,2.0480
viet_nam,1983,2.3220
viet_nam,1984,2.5960
viet_nam,1985,2.8700
viet_nam,1986,2.8962
viet_nam,1987,2.9224
viet_nam,1988,2.9486
viet_nam,1989,2.9748
viet_nam,1990,3.0010
viet_nam,1991,3.0272
viet_nam,1992,3.0534
viet_nam,1993,3.0796
viet_nam,1994,3.1058
viet_nam,1995,3.1320
viet_nam,1996,3.1582
viet_nam,1997,3.1844
viet_nam,1998,3.2106
viet_nam,1999,3.2368
viet_nam,2000,3.2630
viet_nam,2001,3.2252
viet_nam,2002,3.1874
viet_nam,2003,3.1496
viet_nam,2004,3.1118
viet_nam,2005,3.0740
viet_nam,2006,3.0740
viet_nam,2007,3.0740
viet_nam,2008,3.0740
viet_nam,2009,3.0740
viet_nam,2010,3.0740
viet_nam,2011,3.0740
viet_nam,2012,3.0740
viet_nam,2013,3.0740
viet_nam,2014,3.0740
viet_nam,2015,3.0740
viet_nam,2016,3.0740
viet_nam,2017,3.0740
viet_nam,2018,3.0740
viet_nam,2019,3.0740
viet_nam,2020,3.0740
viet_nam,2021,3.0740
viet_nam,2022,3.0740
western_asia,2000,13.430
western_asia,2001,13.925
western_asia,2002,14.412
western_asia,2003,15.092
western_asia,2004,11.694
western_asia,2005,11.367
western_asia,2006,11.080
western_asia,2007,10.563
western_asia,2008,10.074
western_asia,2009,9.5408
western_asia,2010,9.2605
western_asia,2011,8.9669
western_asia,2012,8.7593
western_asia,2013,8.5187
western_asia,2014,8.5224
western_asia,2015,7.5894
western_asia,2016,7.1697
western_asia,2017,9.7626
western_asia,2018,10.859
western_asia,2019,11.161
western_asia,2020,9.6338
western_asia,2021,10.316
western_asia,2022,10.466
world,2000,746.48
world,2001,759.97
world,2002,769.58
world,2003,777.44
world,2004,781.65
world,2005,787.59
world,2006,778.26
world,2007,768.76
world,2008,753.85
world,2009,736.63
world,2010,728.12
world,2011,716.09
world,2012,700.53
world,2013,682.08
world,2014,664.96
world,2015,642.01
world,2016,639.11
world,2017,643.94
world,2018,641.24
world,2019,626.82
world,2020,606.35
world,2021,609.59
world,2022,609.89
yemen,1990,0.031000
yemen,1991,0.034700
yemen,1992,0.038400
yemen,1993,0.042100
yemen,1994,0.045800
yemen,1995,0.049500
yemen,1996,0.053200
yemen,1997,0.056900
yemen,1998,0.060600
yemen,1999,0.064300
yemen,2000,0.068000
yemen,2001,0.067400
yemen,2002,0.066800
yemen,2003,0.066200
yemen,2004,0.065600
yemen,2005,0.065000
yemen,2006,0.065000
yemen,2007,0.065000
yemen,2008,0.065000
yemen,2009,0.065000
yemen,2010,0.065000
yemen,2011,0.065000
yemen,2012,0.065000
yemen,2013,0.065000
yemen,2014,0.065000
yemen,2015,0.065000
yemen,2016,0.065000
yemen,2017,0.065000
yemen,2018,0.065000
yemen,2019,0.065000
yemen,2020,0.065000
yemen,2021,0.065000
yemen,2022,0.065000
zambia,1992,0.10700
zambia,1993,0.11250
zambia,1994,0.11800
zambia,1995,0.12000
zambia,1996,0.12200
zambia,1997,0.12400
zambia,1998,0.12600
zambia,1999,0.12800
zambia,2000,0.13000
zambia,2001,0.13000
zambia,2002,0.13000
zambia,2003,0.13000
zambia,2004,0.13000
zambia,2005,0.13000
zambia,2006,0.13000
zambia,2007,0.13000
zambia,2008,0.13000
zambia,2009,0.13000
zambia,2010,0.13000
zambia,2011,0.13000
zambia,2012,0.13000
zambia,2013,0.13000
zambia,2014,0.13000
zambia,2015,0.13000
zambia,2016,0.13000
zambia,2017,0.13000
zambia,2018,0.13000
zambia,2019,0.13000
zambia,2020,0.13000
zambia,2021,0.13000
zambia,2022,0.13000
zimbabwe,1987,0.085000
zimbabwe,1988,0.099200
zimbabwe,1989,0.11340
zimbabwe,1990,0.12760
zimbabwe,1991,0.14180
zimbabwe,1992,0.15600
zimbabwe,1993,0.17020
zimbabwe,1994,0.18440
zimbabwe,1995,0.19860
zimbabwe,1996,0.21280
zimbabwe,1997,0.22700
zimbabwe,1998,0.24120
zimbabwe,1999,0.25540
zimbabwe,2000,0.26960
zimbabwe,2001,0.28380
zimbabwe,2002,0.29800
zimbabwe,2003,0.28140
zimbabwe,2004,0.26480
zimbabwe,2005,0.24820
zimbabwe,2006,0.23160
zimbabwe,2007,0.21500
zimbabwe,2008,0.19830
zimbabwe,2009,0.18160
zimbabwe,2010,0.16490
zimbabwe,2011,0.14820
zimbabwe,2012,0.13150
zimbabwe,2013,0.11480
zimbabwe,2014,0.098100
zimbabwe,2015,0.081400
zimbabwe,2016,0.081400
zimbabwe,2017,0.081400
zimbabwe,2018,0.081352
zimbabwe,2019,0.081352
zimbabwe,2020,0.081352
zimbabwe,2021,0.081352
zimbabwe,2022,0.081352
