area,year,sdg_6_4_2_industrial_sector_contribution_to_water_stress
afghanistan,1987,0.0000
afghanistan,1988,0.026687
afghanistan,1989,0.053374
afghanistan,1990,0.080061
afghanistan,1991,0.10675
afghanistan,1992,0.13343
afghanistan,1993,0.16012
afghanistan,1994,0.18680
afghanistan,1995,0.21349
afghanistan,1996,0.24018
afghanistan,1997,0.26686
afghanistan,1998,0.29359
afghanistan,1999,0.32025
afghanistan,2000,0.34691
afghanistan,2001,0.36872
afghanistan,2002,0.39049
afghanistan,2003,0.41222
afghanistan,2004,0.43392
afghanistan,2005,0.45557
afghanistan,2006,0.45557
afghanistan,2007,0.45557
afghanistan,2008,0.45557
afghanistan,2009,0.45557
afghanistan,2010,0.45557
afghanistan,2011,0.45557
afghanistan,2012,0.45557
afghanistan,2013,0.45557
afghanistan,2014,0.45557
afghanistan,2015,0.45557
afghanistan,2016,0.45557
afghanistan,2017,0.45557
afghanistan,2018,0.45557
afghanistan,2019,0.45557
afghanistan,2020,0.45557
afghanistan,2021,0.45557
afghanistan,2022,0.45557
albania,1990,0.60096
albania,1991,0.67752
albania,1992,0.75409
albania,1993,0.83065
albania,1994,0.90721
albania,1995,0.98377
albania,1996,1.0603
albania,1997,1.1369
albania,1998,1.2135
albania,1999,1.2900
albania,2000,1.3666
albania,2001,1.3719
albania,2002,1.3772
albania,2003,1.3825
albania,2004,1.3877
albania,2005,1.3930
albania,2006,1.3320
albania,2007,1.2710
albania,2008,1.2100
albania,2009,1.1490
albania,2010,1.0880
albania,2011,1.0270
albania,2012,0.96605
albania,2013,0.90505
albania,2014,0.84405
albania,2015,0.78305
albania,2016,0.86837
albania,2017,0.66045
albania,2018,0.58894
albania,2019,1.2079
albania,2020,0.096154
albania,2021,0.060096
albania,2022,0.066106
algeria,1980,1.6885
algeria,1981,1.7448
algeria,1982,1.8010
algeria,1983,1.8573
algeria,1984,1.9136
algeria,1985,1.9699
algeria,1986,3.4895
algeria,1987,5.0091
algeria,1988,6.5288
algeria,1989,8.0484
algeria,1990,9.4320
algeria,1991,9.1951
algeria,1992,8.9569
algeria,1993,8.7175
algeria,1994,8.4770
algeria,1995,8.2354
algeria,1996,7.9929
algeria,1997,7.7494
algeria,1998,7.5051
algeria,1999,7.2600
algeria,2000,7.0141
algeria,2001,6.9154
algeria,2002,6.8168
algeria,2003,6.6542
algeria,2004,6.4979
algeria,2005,6.3473
algeria,2006,6.2019
algeria,2007,6.0611
algeria,2008,5.9245
algeria,2009,5.7918
algeria,2010,5.6625
algeria,2011,5.5363
algeria,2012,5.4061
algeria,2013,4.1712
algeria,2014,2.9114
algeria,2015,1.6293
algeria,2016,2.4470
algeria,2017,2.5179
algeria,2018,2.6228
algeria,2019,2.7279
algeria,2020,2.8331
algeria,2021,2.7269
algeria,2022,2.3913
angola,1987,0.12732
angola,1988,0.15517
angola,1989,0.18301
angola,1990,0.21086
angola,1991,0.23870
angola,1992,0.26655
angola,1993,0.29439
angola,1994,0.32224
angola,1995,0.35009
angola,1996,0.37793
angola,1997,0.40578
angola,1998,0.43362
angola,1999,0.46147
angola,2000,0.48931
angola,2001,0.51854
angola,2002,0.54777
angola,2003,0.57700
angola,2004,0.60623
angola,2005,0.63545
angola,2006,0.63545
angola,2007,0.63545
angola,2008,0.63545
angola,2009,0.63545
angola,2010,0.63545
angola,2011,0.63545
angola,2012,0.63545
angola,2013,0.63545
angola,2014,0.63545
angola,2015,0.63545
angola,2016,0.63545
angola,2017,0.63545
angola,2018,0.63545
angola,2019,0.63545
angola,2020,0.63545
angola,2021,0.63545
angola,2022,0.63545
antigua_and_barbuda,1990,0.65385
antigua_and_barbuda,1991,0.74670
antigua_and_barbuda,1992,0.84035
antigua_and_barbuda,1993,0.93472
antigua_and_barbuda,1994,1.0297
antigua_and_barbuda,1995,1.1253
antigua_and_barbuda,1996,1.2213
antigua_and_barbuda,1997,1.3178
antigua_and_barbuda,1998,1.4147
antigua_and_barbuda,1999,1.5120
antigua_and_barbuda,2000,1.6096
antigua_and_barbuda,2001,1.6895
antigua_and_barbuda,2002,1.8057
antigua_and_barbuda,2003,1.9041
antigua_and_barbuda,2004,2.0028
antigua_and_barbuda,2005,2.1016
antigua_and_barbuda,2006,2.0660
antigua_and_barbuda,2007,2.0296
antigua_and_barbuda,2008,1.9925
antigua_and_barbuda,2009,1.9549
antigua_and_barbuda,2010,1.9169
antigua_and_barbuda,2011,1.8784
antigua_and_barbuda,2012,1.8395
antigua_and_barbuda,2013,1.8395
antigua_and_barbuda,2014,1.8395
antigua_and_barbuda,2015,1.8395
antigua_and_barbuda,2016,1.8395
antigua_and_barbuda,2017,1.8395
antigua_and_barbuda,2018,1.8395
antigua_and_barbuda,2019,1.8395
antigua_and_barbuda,2020,1.8395
antigua_and_barbuda,2021,1.8395
antigua_and_barbuda,2022,1.8395
argentina,1995,0.69358
argentina,1996,0.77494
argentina,1997,0.85620
argentina,1998,0.93739
argentina,1999,1.0185
argentina,2000,1.0995
argentina,2001,1.1002
argentina,2002,1.1009
argentina,2003,1.1016
argentina,2004,1.1023
argentina,2005,1.1030
argentina,2006,1.1037
argentina,2007,1.1043
argentina,2008,1.1050
argentina,2009,1.1057
argentina,2010,1.1064
argentina,2011,1.1071
argentina,2012,1.1071
argentina,2013,1.1071
argentina,2014,1.1071
argentina,2015,1.1071
argentina,2016,1.1071
argentina,2017,1.1071
argentina,2018,1.1071
argentina,2019,1.1071
argentina,2020,1.1071
argentina,2021,1.1071
argentina,2022,1.1071
armenia,1995,2.0947
armenia,1996,1.8975
armenia,1997,1.5536
armenia,1998,1.6893
armenia,1999,1.6823
armenia,2000,1.6195
armenia,2001,1.5143
armenia,2002,1.5449
armenia,2003,1.7635
armenia,2004,2.2322
armenia,2005,2.4728
armenia,2006,2.5217
armenia,2007,2.9708
armenia,2008,3.4433
armenia,2009,3.6058
armenia,2010,3.8356
armenia,2011,3.8350
armenia,2012,4.6843
armenia,2013,2.4898
armenia,2014,3.4805
armenia,2015,2.2077
armenia,2016,2.2036
armenia,2017,2.4692
armenia,2018,2.6226
armenia,2019,2.3401
armenia,2020,3.7536
armenia,2021,2.2191
armenia,2022,3.0260
australia,2001,0.88861
australia,2002,0.90031
australia,2003,0.91240
australia,2004,0.92429
australia,2005,0.93619
australia,2006,0.96469
australia,2007,0.99319
australia,2008,1.0217
australia,2009,1.0502
australia,2010,0.99712
australia,2011,1.0862
australia,2012,1.0706
australia,2013,0.98209
australia,2014,1.0606
australia,2015,0.59214
australia,2016,0.89379
australia,2017,0.75606
australia,2018,0.81739
australia,2019,0.74198
australia,2020,0.74324
australia,2021,0.86555
australia,2022,0.86855
australia_and_new_zealand,2000,0.056796
australia_and_new_zealand,2001,0.71842
australia_and_new_zealand,2002,0.75678
australia_and_new_zealand,2003,0.79464
australia_and_new_zealand,2004,0.83195
australia_and_new_zealand,2005,0.86870
australia_and_new_zealand,2006,0.91588
australia_and_new_zealand,2007,0.95215
australia_and_new_zealand,2008,0.98840
australia_and_new_zealand,2009,1.0246
australia_and_new_zealand,2010,1.0038
australia_and_new_zealand,2011,1.1372
australia_and_new_zealand,2012,1.1786
australia_and_new_zealand,2013,1.1427
australia_and_new_zealand,2014,1.2675
australia_and_new_zealand,2015,0.93150
australia_and_new_zealand,2016,1.2211
australia_and_new_zealand,2017,1.0539
australia_and_new_zealand,2018,1.1062
australia_and_new_zealand,2019,1.0696
australia_and_new_zealand,2020,1.1298
australia_and_new_zealand,2021,1.1777
australia_and_new_zealand,2022,1.1688
austria,1980,7.4391
austria,1981,7.4263
austria,1982,7.4134
austria,1983,7.4005
austria,1984,7.3876
austria,1985,7.3747
austria,1986,7.5689
austria,1987,7.7631
austria,1988,7.9573
austria,1989,8.1516
austria,1990,8.3458
austria,1991,8.1441
austria,1992,7.9424
austria,1993,7.7407
austria,1994,7.5390
austria,1995,7.3373
austria,1996,7.6136
austria,1997,7.8899
austria,1998,7.9483
austria,1999,8.0068
austria,2000,7.9429
austria,2001,7.8812
austria,2002,7.8173
austria,2003,7.8015
austria,2004,7.7858
austria,2005,7.7702
austria,2006,7.7547
austria,2007,7.7393
austria,2008,7.7240
austria,2009,7.5538
austria,2010,7.3853
austria,2011,7.2419
austria,2012,7.0988
austria,2013,6.9560
austria,2014,6.8135
austria,2015,6.6714
austria,2016,6.5297
austria,2017,6.3883
austria,2018,6.2473
austria,2019,6.1067
austria,2020,6.9626
austria,2021,8.0976
austria,2022,8.0963
azerbaijan,1992,18.808
azerbaijan,1993,17.775
azerbaijan,1994,13.015
azerbaijan,1995,12.447
azerbaijan,1996,13.037
azerbaijan,1997,12.828
azerbaijan,1998,14.042
azerbaijan,1999,19.223
azerbaijan,2000,2.5259
azerbaijan,2001,2.7114
azerbaijan,2002,2.4774
azerbaijan,2003,3.0603
azerbaijan,2004,3.1574
azerbaijan,2005,3.4842
azerbaijan,2006,3.8110
azerbaijan,2007,3.2325
azerbaijan,2008,2.8792
azerbaijan,2009,1.9695
azerbaijan,2010,2.1550
azerbaijan,2011,2.3361
azerbaijan,2012,2.7909
azerbaijan,2013,2.8748
azerbaijan,2014,2.9675
azerbaijan,2015,2.5657
azerbaijan,2016,2.8351
azerbaijan,2017,2.4862
azerbaijan,2018,2.2389
azerbaijan,2019,2.5039
azerbaijan,2020,2.4993
azerbaijan,2021,2.6407
azerbaijan,2022,2.6528
bahrain,1990,7.0300
bahrain,1991,7.3861
bahrain,1992,7.9654
bahrain,1993,8.5711
bahrain,1994,9.1797
bahrain,1995,9.7909
bahrain,1996,10.404
bahrain,1997,11.020
bahrain,1998,11.637
bahrain,1999,12.256
bahrain,2000,12.877
bahrain,2001,12.549
bahrain,2002,12.166
bahrain,2003,11.688
bahrain,2004,11.169
bahrain,2005,10.671
bahrain,2006,10.192
bahrain,2007,9.7314
bahrain,2008,9.2883
bahrain,2009,8.8618
bahrain,2010,8.4512
bahrain,2011,8.0556
bahrain,2012,7.6744
bahrain,2013,7.3069
bahrain,2014,6.9525
bahrain,2015,4.5686
bahrain,2016,4.3399
bahrain,2017,4.3399
bahrain,2018,4.3399
bahrain,2019,4.3399
bahrain,2020,4.3399
bahrain,2021,4.3399
bahrain,2022,4.3399
bangladesh,2008,0.12286
bangladesh,2009,0.12286
bangladesh,2010,0.12286
bangladesh,2011,0.12286
bangladesh,2012,0.12286
bangladesh,2013,0.12286
bangladesh,2014,0.12286
bangladesh,2015,0.12286
bangladesh,2016,0.12286
bangladesh,2017,0.12286
bangladesh,2018,0.12286
bangladesh,2019,0.12286
bangladesh,2020,0.12286
bangladesh,2021,0.12286
bangladesh,2022,0.12286
barbados,1996,7.7500
barbados,1997,7.7500
barbados,1998,7.7500
barbados,1999,7.7500
barbados,2000,7.7500
barbados,2001,7.7500
barbados,2002,7.7500
barbados,2003,7.7500
barbados,2004,7.7500
barbados,2005,6.6975
barbados,2006,6.6975
barbados,2007,6.6975
barbados,2008,6.6975
barbados,2009,6.6975
barbados,2010,6.6975
barbados,2011,6.6975
barbados,2012,6.6975
barbados,2013,6.6975
barbados,2014,6.6975
barbados,2015,6.6975
barbados,2016,6.6975
barbados,2017,6.6975
barbados,2018,6.6975
barbados,2019,6.6975
barbados,2020,6.6975
barbados,2021,6.6975
barbados,2022,6.6975
belarus,1995,2.1753
belarus,1996,2.0992
belarus,1997,2.0231
belarus,1998,1.9469
belarus,1999,1.8708
belarus,2000,1.7947
belarus,2001,1.7614
belarus,2002,1.7281
belarus,2003,1.6948
belarus,2004,1.6615
belarus,2005,1.6282
belarus,2006,1.6239
belarus,2007,1.6196
belarus,2008,1.6154
belarus,2009,1.6111
belarus,2010,1.6068
belarus,2011,1.5964
belarus,2012,1.5859
belarus,2013,1.5755
belarus,2014,1.0514
belarus,2015,1.0126
belarus,2016,1.5085
belarus,2017,1.4633
belarus,2018,1.4558
belarus,2019,1.4436
belarus,2020,1.3569
belarus,2021,1.4173
belarus,2022,1.4173
belgium,1980,94.300
belgium,1981,94.165
belgium,1982,94.031
belgium,1983,93.897
belgium,1984,93.762
belgium,1985,93.628
belgium,1986,93.494
belgium,1987,93.360
belgium,1988,93.225
belgium,1989,93.091
belgium,1990,92.957
belgium,1991,92.822
belgium,1992,92.688
belgium,1993,92.554
belgium,1994,92.419
belgium,1995,92.285
belgium,1996,87.912
belgium,1997,83.538
belgium,1998,83.342
belgium,1999,83.145
belgium,2000,82.921
belgium,2001,78.082
belgium,2002,73.243
belgium,2003,71.793
belgium,2004,70.389
belgium,2005,68.945
belgium,2006,67.935
belgium,2007,66.924
belgium,2008,66.194
belgium,2009,64.570
belgium,2010,63.439
belgium,2011,53.577
belgium,2012,55.189
belgium,2013,49.505
belgium,2014,46.093
belgium,2015,39.435
belgium,2016,41.483
belgium,2017,42.629
belgium,2018,40.880
belgium,2019,40.681
belgium,2020,46.617
belgium,2021,51.406
belgium,2022,44.431
belize,1987,0.0000
belize,1988,0.020349
belize,1989,0.040698
belize,1990,0.061047
belize,1991,0.081396
belize,1992,0.10175
belize,1993,0.12209
belize,1994,0.14244
belize,1995,0.16279
belize,1996,0.18314
belize,1997,0.20349
belize,1998,0.22384
belize,1999,0.24419
belize,2000,0.26454
belize,2001,0.26454
belize,2002,0.26454
belize,2003,0.26454
belize,2004,0.26454
belize,2005,0.26454
belize,2006,0.26454
belize,2007,0.26454
belize,2008,0.26454
belize,2009,0.26454
belize,2010,0.26454
belize,2011,0.26454
belize,2012,0.26454
belize,2013,0.26454
belize,2014,0.26454
belize,2015,0.26454
belize,2016,0.26454
belize,2017,0.26454
belize,2018,0.26454
belize,2019,0.26454
belize,2020,0.26454
belize,2021,0.26454
belize,2022,0.26454
benin,1985,0.11253
benin,1986,0.11956
benin,1987,0.12659
benin,1988,0.13363
benin,1989,0.14066
benin,1990,0.14769
benin,1991,0.15473
benin,1992,0.16176
benin,1993,0.16879
benin,1994,0.17583
benin,1995,0.18286
benin,1996,0.18989
benin,1997,0.19692
benin,1998,0.20396
benin,1999,0.21099
benin,2000,0.21802
benin,2001,0.22506
benin,2002,0.21092
benin,2003,0.19845
benin,2004,0.18738
benin,2005,0.17747
benin,2006,0.16856
benin,2007,0.16050
benin,2008,0.15318
benin,2009,0.14650
benin,2010,0.14037
benin,2011,0.13474
benin,2012,0.12954
benin,2013,0.12473
benin,2014,0.12026
benin,2015,0.11610
benin,2016,0.12242
benin,2017,0.12503
benin,2018,0.12503
benin,2019,0.12503
benin,2020,0.12503
benin,2021,0.12503
benin,2022,0.12503
bhutan,2008,0.012549
bhutan,2009,0.012549
bhutan,2010,0.012549
bhutan,2011,0.012549
bhutan,2012,0.012549
bhutan,2013,0.012549
bhutan,2014,0.012549
bhutan,2015,0.012549
bhutan,2016,0.012549
bhutan,2017,0.012549
bhutan,2018,0.012549
bhutan,2019,0.012549
bhutan,2020,0.012549
bhutan,2021,0.012549
bhutan,2022,0.012549
bolivia_plurinational_state_of,1987,0.034949
bolivia_plurinational_state_of,1988,0.034181
bolivia_plurinational_state_of,1989,0.033412
bolivia_plurinational_state_of,1990,0.032643
bolivia_plurinational_state_of,1991,0.031875
bolivia_plurinational_state_of,1992,0.031106
bolivia_plurinational_state_of,1993,0.030337
bolivia_plurinational_state_of,1994,0.029569
bolivia_plurinational_state_of,1995,0.028800
bolivia_plurinational_state_of,1996,0.028031
bolivia_plurinational_state_of,1997,0.027262
bolivia_plurinational_state_of,1998,0.026494
bolivia_plurinational_state_of,1999,0.025725
bolivia_plurinational_state_of,2000,0.024956
bolivia_plurinational_state_of,2001,0.024188
bolivia_plurinational_state_of,2002,0.023419
bolivia_plurinational_state_of,2003,0.022650
bolivia_plurinational_state_of,2004,0.021882
bolivia_plurinational_state_of,2005,0.021113
bolivia_plurinational_state_of,2006,0.020344
bolivia_plurinational_state_of,2007,0.019576
bolivia_plurinational_state_of,2008,0.018807
bolivia_plurinational_state_of,2009,0.018038
bolivia_plurinational_state_of,2010,0.018038
bolivia_plurinational_state_of,2011,0.018038
bolivia_plurinational_state_of,2012,0.018038
bolivia_plurinational_state_of,2013,0.018038
bolivia_plurinational_state_of,2014,0.018038
bolivia_plurinational_state_of,2015,0.018038
bolivia_plurinational_state_of,2016,0.018038
bolivia_plurinational_state_of,2017,0.018038
bolivia_plurinational_state_of,2018,0.018038
bolivia_plurinational_state_of,2019,0.018038
bolivia_plurinational_state_of,2020,0.018038
bolivia_plurinational_state_of,2021,0.018038
bolivia_plurinational_state_of,2022,0.0029459
botswana,1992,0.24051
botswana,1993,0.25620
botswana,1994,0.27188
botswana,1995,0.28757
botswana,1996,0.30325
botswana,1997,0.31894
botswana,1998,0.33462
botswana,1999,0.35031
botswana,2000,0.36599
botswana,2001,0.37085
botswana,2002,0.37562
botswana,2003,0.38033
botswana,2004,0.38496
botswana,2005,0.38953
botswana,2006,0.38156
botswana,2007,0.37348
botswana,2008,0.36526
botswana,2009,0.35692
botswana,2010,0.34845
botswana,2011,0.33985
botswana,2012,0.37978
botswana,2013,0.35093
botswana,2014,0.32207
botswana,2015,0.32538
botswana,2016,0.25097
botswana,2017,0.24469
botswana,2018,0.28443
botswana,2019,0.29490
botswana,2020,0.31116
botswana,2021,0.28809
botswana,2022,0.25402
brazil,1996,0.46963
brazil,1997,0.47061
brazil,1998,0.47159
brazil,1999,0.47257
brazil,2000,0.47342
brazil,2001,0.47437
brazil,2002,0.47532
brazil,2003,0.47649
brazil,2004,0.47747
brazil,2005,0.47845
brazil,2006,0.47943
brazil,2007,0.50985
brazil,2008,0.54026
brazil,2009,0.57048
brazil,2010,0.60110
brazil,2011,0.60979
brazil,2012,0.61848
brazil,2013,0.62717
brazil,2014,0.63586
brazil,2015,0.60948
brazil,2016,0.54232
brazil,2017,0.44969
brazil,2018,0.19441
brazil,2019,0.19441
brazil,2020,0.20944
brazil,2021,0.21532
brazil,2022,0.22457
bulgaria,1990,35.864
bulgaria,1991,35.051
bulgaria,1992,34.239
bulgaria,1993,33.427
bulgaria,1994,32.614
bulgaria,1995,31.802
bulgaria,1996,30.990
bulgaria,1997,30.177
bulgaria,1998,29.365
bulgaria,1999,28.553
bulgaria,2000,27.739
bulgaria,2001,28.658
bulgaria,2002,35.300
bulgaria,2003,33.045
bulgaria,2004,33.559
bulgaria,2005,33.163
bulgaria,2006,32.766
bulgaria,2007,33.227
bulgaria,2008,32.419
bulgaria,2009,31.158
bulgaria,2010,30.129
bulgaria,2011,32.559
bulgaria,2012,28.211
bulgaria,2013,27.356
bulgaria,2014,27.808
bulgaria,2015,28.834
bulgaria,2016,28.736
bulgaria,2017,28.967
bulgaria,2018,28.354
bulgaria,2019,27.763
bulgaria,2020,25.723
bulgaria,2021,26.935
bulgaria,2022,28.672
burkina_faso,1985,0.0000
burkina_faso,1986,0.0000
burkina_faso,1987,0.0000
burkina_faso,1988,0.0000
burkina_faso,1989,0.0000
burkina_faso,1990,0.0000
burkina_faso,1991,0.0000
burkina_faso,1992,0.0000
burkina_faso,1993,0.0095602
burkina_faso,1994,0.019120
burkina_faso,1995,0.028681
burkina_faso,1996,0.038241
burkina_faso,1997,0.047801
burkina_faso,1998,0.067695
burkina_faso,1999,0.10864
burkina_faso,2000,0.14195
burkina_faso,2001,0.15252
burkina_faso,2002,0.16592
burkina_faso,2003,0.17956
burkina_faso,2004,0.19341
burkina_faso,2005,0.20746
burkina_faso,2006,0.20746
burkina_faso,2007,0.20746
burkina_faso,2008,0.20746
burkina_faso,2009,0.20746
burkina_faso,2010,0.20746
burkina_faso,2011,0.20746
burkina_faso,2012,0.20746
burkina_faso,2013,0.20746
burkina_faso,2014,0.20746
burkina_faso,2015,0.20746
burkina_faso,2016,0.20746
burkina_faso,2017,0.20746
burkina_faso,2018,0.20746
burkina_faso,2019,0.20746
burkina_faso,2020,0.20746
burkina_faso,2021,0.20746
burkina_faso,2022,0.20746
burundi,1987,0.0000
burundi,1988,0.047587
burundi,1989,0.095174
burundi,1990,0.14276
burundi,1991,0.19035
burundi,1992,0.23794
burundi,1993,0.28552
burundi,1994,0.33311
burundi,1995,0.38070
burundi,1996,0.42828
burundi,1997,0.47587
burundi,1998,0.52346
burundi,1999,0.57104
burundi,2000,0.61863
burundi,2001,0.60408
burundi,2002,0.58952
burundi,2003,0.57496
burundi,2004,0.56041
burundi,2005,0.54585
burundi,2006,0.54585
burundi,2007,0.54585
burundi,2008,0.54585
burundi,2009,0.54585
burundi,2010,0.54585
burundi,2011,0.54585
burundi,2012,0.54585
burundi,2013,0.54585
burundi,2014,0.54585
burundi,2015,0.54585
burundi,2016,0.54585
burundi,2017,0.54585
burundi,2018,0.54585
burundi,2019,0.54585
burundi,2020,0.54585
burundi,2021,0.54585
burundi,2022,0.54585
cabo_verde,2001,0.12358
cabo_verde,2002,0.14060
cabo_verde,2003,0.15901
cabo_verde,2004,0.17803
cabo_verde,2005,0.20361
cabo_verde,2006,0.22967
cabo_verde,2007,0.25599
cabo_verde,2008,0.28248
cabo_verde,2009,0.30908
cabo_verde,2010,0.33576
cabo_verde,2011,0.36250
cabo_verde,2012,0.38929
cabo_verde,2013,0.41610
cabo_verde,2014,0.44295
cabo_verde,2015,0.46981
cabo_verde,2016,0.49669
cabo_verde,2017,0.52359
cabo_verde,2018,0.55049
cabo_verde,2019,0.60459
cabo_verde,2020,1.2384
cabo_verde,2021,1.2582
cabo_verde,2022,1.2656
cambodia,2006,0.015662
cambodia,2007,0.015662
cambodia,2008,0.015662
cambodia,2009,0.015662
cambodia,2010,0.015662
cambodia,2011,0.015662
cambodia,2012,0.015662
cambodia,2013,0.015662
cambodia,2014,0.015662
cambodia,2015,0.015662
cambodia,2016,0.015662
cambodia,2017,0.015662
cambodia,2018,0.015662
cambodia,2019,0.015662
cambodia,2020,0.015662
cambodia,2021,0.015662
cambodia,2022,0.015662
cameroon,1987,0.10896
cameroon,1988,0.10896
cameroon,1989,0.10896
cameroon,1990,0.10896
cameroon,1991,0.10896
cameroon,1992,0.10896
cameroon,1993,0.10758
cameroon,1994,0.10620
cameroon,1995,0.10482
cameroon,1996,0.10344
cameroon,1997,0.10206
cameroon,1998,0.10068
cameroon,1999,0.099301
cameroon,2000,0.097921
cameroon,2001,0.10833
cameroon,2002,0.11874
cameroon,2003,0.12915
cameroon,2004,0.13956
cameroon,2005,0.14996
cameroon,2006,0.14996
cameroon,2007,0.14996
cameroon,2008,0.14996
cameroon,2009,0.14996
cameroon,2010,0.14996
cameroon,2011,0.14996
cameroon,2012,0.14996
cameroon,2013,0.14996
cameroon,2014,0.14996
cameroon,2015,0.14996
cameroon,2016,0.14996
cameroon,2017,0.14996
cameroon,2018,0.14996
cameroon,2019,0.14996
cameroon,2020,0.14996
cameroon,2021,0.14996
cameroon,2022,0.14996
canada,1991,3.7074
canada,1992,3.6437
canada,1993,3.5800
canada,1994,3.5163
canada,1995,3.4526
canada,1996,3.3890
canada,1997,3.3793
canada,1998,3.3696
canada,1999,3.3643
canada,2000,3.3590
canada,2001,3.3668
canada,2002,3.3745
canada,2003,3.3820
canada,2004,3.3893
canada,2005,3.3966
canada,2006,3.4037
canada,2007,3.4107
canada,2008,3.3067
canada,2009,3.2027
canada,2010,2.8800
canada,2011,2.7858
canada,2012,2.8722
canada,2013,2.9608
canada,2014,2.9193
canada,2015,2.8780
canada,2016,2.8554
canada,2017,2.8327
canada,2018,2.8314
canada,2019,2.8301
canada,2020,2.8278
canada,2021,2.8174
canada,2022,2.8208
central_african_republic,1987,0.018519
central_african_republic,1988,0.021011
central_african_republic,1989,0.023504
central_african_republic,1990,0.025997
central_african_republic,1991,0.028490
central_african_republic,1992,0.030983
central_african_republic,1993,0.033476
central_african_republic,1994,0.035969
central_african_republic,1995,0.038462
central_african_republic,1996,0.040954
central_african_republic,1997,0.043447
central_african_republic,1998,0.045940
central_african_republic,1999,0.048433
central_african_republic,2000,0.050926
central_african_republic,2001,0.051852
central_african_republic,2002,0.052778
central_african_republic,2003,0.053704
central_african_republic,2004,0.054630
central_african_republic,2005,0.055556
central_african_republic,2006,0.055556
central_african_republic,2007,0.055556
central_african_republic,2008,0.055556
central_african_republic,2009,0.055556
central_african_republic,2010,0.055556
central_african_republic,2011,0.055556
central_african_republic,2012,0.055556
central_african_republic,2013,0.055556
central_african_republic,2014,0.055556
central_african_republic,2015,0.055556
central_african_republic,2016,0.055556
central_african_republic,2017,0.055556
central_african_republic,2018,0.055556
central_african_republic,2019,0.055556
central_african_republic,2020,0.055556
central_african_republic,2021,0.055556
central_african_republic,2022,0.055556
central_and_southern_asia,2000,1.4927
central_and_southern_asia,2001,1.5361
central_and_southern_asia,2002,1.5662
central_and_southern_asia,2003,1.5945
central_and_southern_asia,2004,1.5905
central_and_southern_asia,2005,1.5759
central_and_southern_asia,2006,1.6289
central_and_southern_asia,2007,1.6737
central_and_southern_asia,2008,1.6667
central_and_southern_asia,2009,1.7083
central_and_southern_asia,2010,1.7783
central_and_southern_asia,2011,1.7525
central_and_southern_asia,2012,1.7784
central_and_southern_asia,2013,1.7828
central_and_southern_asia,2014,1.8522
central_and_southern_asia,2015,1.7801
central_and_southern_asia,2016,1.8358
central_and_southern_asia,2017,1.9401
central_and_southern_asia,2018,1.7739
central_and_southern_asia,2019,1.6872
central_and_southern_asia,2020,1.7347
central_and_southern_asia,2021,1.8195
central_and_southern_asia,2022,1.7786
central_asia,2000,4.6693
central_asia,2001,4.8105
central_asia,2002,4.7454
central_asia,2003,4.6625
central_asia,2004,4.9199
central_asia,2005,4.5979
central_asia,2006,4.9959
central_asia,2007,5.3540
central_asia,2008,5.4126
central_asia,2009,5.6964
central_asia,2010,6.0424
central_asia,2011,5.9383
central_asia,2012,6.1664
central_asia,2013,6.2982
central_asia,2014,6.8684
central_asia,2015,6.0853
central_asia,2016,6.5007
central_asia,2017,7.6259
central_asia,2018,6.0199
central_asia,2019,5.3178
central_asia,2020,5.6436
central_asia,2021,7.0931
central_asia,2022,6.6784
chad,1987,0.019531
chad,1988,0.051270
chad,1989,0.083008
chad,1990,0.11475
chad,1991,0.14648
chad,1992,0.17822
chad,1993,0.20996
chad,1994,0.24170
chad,1995,0.27344
chad,1996,0.30518
chad,1997,0.33691
chad,1998,0.36865
chad,1999,0.40039
chad,2000,0.43213
chad,2001,0.44697
chad,2002,0.46182
chad,2003,0.47666
chad,2004,0.49150
chad,2005,0.50635
chad,2006,0.50635
chad,2007,0.50635
chad,2008,0.50635
chad,2009,0.50635
chad,2010,0.50635
chad,2011,0.50635
chad,2012,0.50635
chad,2013,0.50635
chad,2014,0.50635
chad,2015,0.50635
chad,2016,0.50635
chad,2017,0.50635
chad,2018,0.50635
chad,2019,0.50635
chad,2020,0.50635
chad,2021,0.50635
chad,2022,0.50635
chile,1992,0.56138
chile,1993,0.56496
chile,1994,0.56856
chile,1995,0.57215
chile,1996,0.57575
chile,1997,0.57934
chile,1998,0.58293
chile,1999,0.58652
chile,2000,0.59011
chile,2001,0.69241
chile,2002,0.79469
chile,2003,0.89597
chile,2004,0.99813
chile,2005,1.1003
chile,2006,1.2024
chile,2007,1.1343
chile,2008,1.0647
chile,2009,0.99386
chile,2010,0.92178
chile,2011,0.84839
chile,2012,0.77366
chile,2013,0.69756
chile,2014,0.62005
chile,2015,0.54108
chile,2016,0.46062
chile,2017,0.46062
chile,2018,0.46062
chile,2019,0.46062
chile,2020,0.46062
chile,2021,0.46062
chile,2022,0.46062
china,1980,3.3399
china,1981,3.1147
china,1982,2.8896
china,1983,2.6645
china,1984,2.4393
china,1985,2.6416
china,1986,2.8437
china,1987,3.0457
china,1988,3.2477
china,1989,3.4497
china,1990,3.6517
china,1991,4.6875
china,1992,5.7234
china,1993,6.7592
china,1994,6.9843
china,1995,7.2095
china,1996,7.4340
china,1997,7.6592
china,1998,7.8845
china,1999,8.1101
china,2000,8.3352
china,2001,8.5465
china,2002,8.7578
china,2003,8.9696
china,2004,9.1807
china,2005,9.3917
china,2006,9.7779
china,2007,10.200
china,2008,10.152
china,2009,10.107
china,2010,10.508
china,2011,10.596
china,2012,10.323
china,2013,10.184
china,2014,9.8076
china,2015,9.6474
china,2016,9.5529
china,2017,9.2012
china,2018,9.0817
china,2019,8.7383
china,2020,7.3596
china,2021,7.3596
china,2022,7.3596
colombia,2000,0.053743
colombia,2001,0.088982
colombia,2002,0.12421
colombia,2003,0.15945
colombia,2004,0.19469
colombia,2005,0.22992
colombia,2006,0.26516
colombia,2007,0.30039
colombia,2008,0.33571
colombia,2009,0.21563
colombia,2010,0.095698
colombia,2011,0.091943
colombia,2012,0.26776
colombia,2013,0.25400
colombia,2014,0.25529
colombia,2015,0.25116
colombia,2016,0.34143
colombia,2017,0.34502
colombia,2018,0.34579
colombia,2019,0.34383
colombia,2020,0.15251
colombia,2021,0.15146
colombia,2022,0.15071
comoros,1999,0.041667
comoros,2000,0.041667
comoros,2001,0.041667
comoros,2002,0.041667
comoros,2003,0.041667
comoros,2004,0.041667
comoros,2005,0.041667
comoros,2006,0.041667
comoros,2007,0.041667
comoros,2008,0.041667
comoros,2009,0.041667
comoros,2010,0.041667
comoros,2011,0.041667
comoros,2012,0.041667
comoros,2013,0.041667
comoros,2014,0.041667
comoros,2015,0.041667
comoros,2016,0.041667
comoros,2017,0.041667
comoros,2018,0.041667
comoros,2019,0.041667
comoros,2020,0.041667
comoros,2021,0.041667
comoros,2022,0.041667
congo,1987,0.0064439
congo,1988,0.0064121
congo,1989,0.0063803
congo,1990,0.0063484
congo,1991,0.0063166
congo,1992,0.0062848
congo,1993,0.0062530
congo,1994,0.0062212
congo,1995,0.0061893
congo,1996,0.0061575
congo,1997,0.0061257
congo,1998,0.0060939
congo,1999,0.0060621
congo,2000,0.0060302
congo,2001,0.0059984
congo,2002,0.0059666
congo,2003,0.0065740
congo,2004,0.0069393
congo,2005,0.0071833
congo,2006,0.0071833
congo,2007,0.0071833
congo,2008,0.0071833
congo,2009,0.0071833
congo,2010,0.0071833
congo,2011,0.0071833
congo,2012,0.0071833
congo,2013,0.0071833
congo,2014,0.0071833
congo,2015,0.0071833
congo,2016,0.0071833
congo,2017,0.0071833
congo,2018,0.0071833
congo,2019,0.0071833
congo,2020,0.0071833
congo,2021,0.0071833
congo,2022,0.0071833
costa_rica,2012,0.14678
costa_rica,2013,0.23727
costa_rica,2014,0.29705
costa_rica,2015,0.40970
costa_rica,2016,0.39006
costa_rica,2017,0.37543
costa_rica,2018,0.39058
costa_rica,2019,0.39058
costa_rica,2020,0.39734
costa_rica,2021,0.41867
costa_rica,2022,0.41867
cote_d_ivoire,1987,0.34151
cote_d_ivoire,1988,0.40428
cote_d_ivoire,1989,0.46706
cote_d_ivoire,1990,0.52984
cote_d_ivoire,1991,0.69291
cote_d_ivoire,1992,0.85599
cote_d_ivoire,1993,1.0191
cote_d_ivoire,1994,1.1821
cote_d_ivoire,1995,1.1818
cote_d_ivoire,1996,1.1816
cote_d_ivoire,1997,1.1813
cote_d_ivoire,1998,1.1810
cote_d_ivoire,1999,1.1807
cote_d_ivoire,2000,1.1804
cote_d_ivoire,2001,1.2228
cote_d_ivoire,2002,1.2651
cote_d_ivoire,2003,1.3075
cote_d_ivoire,2004,1.3499
cote_d_ivoire,2005,1.3923
cote_d_ivoire,2006,1.3553
cote_d_ivoire,2007,1.3183
cote_d_ivoire,2008,1.2814
cote_d_ivoire,2009,1.2444
cote_d_ivoire,2010,1.2074
cote_d_ivoire,2011,1.1705
cote_d_ivoire,2012,1.1335
cote_d_ivoire,2013,1.0965
cote_d_ivoire,2014,1.0595
cote_d_ivoire,2015,1.0595
cote_d_ivoire,2016,1.0595
cote_d_ivoire,2017,1.0595
cote_d_ivoire,2018,1.0595
cote_d_ivoire,2019,1.0595
cote_d_ivoire,2020,1.0595
cote_d_ivoire,2021,1.0595
cote_d_ivoire,2022,1.0595
croatia,2002,0.13962
croatia,2003,0.16585
croatia,2004,0.19208
croatia,2005,0.21831
croatia,2006,0.24455
croatia,2007,0.27078
croatia,2008,0.30713
croatia,2009,0.32324
croatia,2010,0.70751
croatia,2011,0.70532
croatia,2012,0.73145
croatia,2013,0.68735
croatia,2014,0.67843
croatia,2015,0.69548
croatia,2016,0.71989
croatia,2017,0.70980
croatia,2018,0.70674
croatia,2019,0.72377
croatia,2020,0.72419
croatia,2021,0.71709
croatia,2022,0.70575
cuba,1995,2.6320
cuba,1996,2.6308
cuba,1997,2.6296
cuba,1998,2.6283
cuba,1999,2.6271
cuba,2000,2.6259
cuba,2001,2.6244
cuba,2002,2.6234
cuba,2003,2.6222
cuba,2004,2.6209
cuba,2005,2.6197
cuba,2006,2.6185
cuba,2007,2.6172
cuba,2008,2.6053
cuba,2009,2.5934
cuba,2010,2.5814
cuba,2011,2.5695
cuba,2012,2.5576
cuba,2013,2.5457
cuba,2014,2.5457
cuba,2015,2.5457
cuba,2016,2.5457
cuba,2017,2.5457
cuba,2018,2.5457
cuba,2019,2.5457
cuba,2020,2.5457
cuba,2021,2.5457
cuba,2022,2.5457
cyprus,1975,0.0000
cyprus,1976,0.0000
cyprus,1977,0.0000
cyprus,1978,0.0000
cyprus,1979,0.0000
cyprus,1980,0.0000
cyprus,1981,0.0000
cyprus,1982,0.0000
cyprus,1983,0.0000
cyprus,1984,0.0000
cyprus,1985,0.0000
cyprus,1986,0.13629
cyprus,1987,0.27337
cyprus,1988,0.41006
cyprus,1989,0.54675
cyprus,1990,0.67436
cyprus,1991,0.67415
cyprus,1992,0.67393
cyprus,1993,0.67372
cyprus,1994,0.63108
cyprus,1995,0.58937
cyprus,1996,0.54863
cyprus,1997,0.50888
cyprus,1998,0.47017
cyprus,1999,0.43253
cyprus,2000,0.39600
cyprus,2001,0.44820
cyprus,2002,0.52799
cyprus,2003,0.53407
cyprus,2004,0.53218
cyprus,2005,0.67349
cyprus,2006,0.75303
cyprus,2007,0.82845
cyprus,2008,0.94329
cyprus,2009,0.82325
cyprus,2010,0.72618
cyprus,2011,0.65167
cyprus,2012,0.57702
cyprus,2013,0.39859
cyprus,2014,0.32008
cyprus,2015,0.64717
cyprus,2016,0.38080
cyprus,2017,1.6899
cyprus,2018,1.6818
cyprus,2019,1.7131
cyprus,2020,1.9519
cyprus,2021,1.8895
cyprus,2022,1.7930
czechia,1993,14.277
czechia,1994,13.347
czechia,1995,12.419
czechia,1996,11.966
czechia,1997,23.023
czechia,1998,22.011
czechia,1999,20.995
czechia,2000,19.975
czechia,2001,18.956
czechia,2002,20.721
czechia,2003,18.008
czechia,2004,18.159
czechia,2005,18.312
czechia,2006,18.468
czechia,2007,18.423
czechia,2008,18.836
czechia,2009,18.286
czechia,2010,18.266
czechia,2011,17.701
czechia,2012,16.109
czechia,2013,15.657
czechia,2014,15.197
czechia,2015,14.265
czechia,2016,14.883
czechia,2017,14.708
czechia,2018,13.534
czechia,2019,12.439
czechia,2020,10.614
czechia,2021,10.417
czechia,2022,11.792
democratic_people_s_republic_of_korea,2000,3.4861
democratic_people_s_republic_of_korea,2001,3.5226
democratic_people_s_republic_of_korea,2002,3.5591
democratic_people_s_republic_of_korea,2003,3.5956
democratic_people_s_republic_of_korea,2004,3.6322
democratic_people_s_republic_of_korea,2005,3.6687
democratic_people_s_republic_of_korea,2006,3.6687
democratic_people_s_republic_of_korea,2007,3.6687
democratic_people_s_republic_of_korea,2008,3.6687
democratic_people_s_republic_of_korea,2009,3.6687
democratic_people_s_republic_of_korea,2010,3.6687
democratic_people_s_republic_of_korea,2011,3.6687
democratic_people_s_republic_of_korea,2012,3.6687
democratic_people_s_republic_of_korea,2013,3.6687
democratic_people_s_republic_of_korea,2014,3.6687
democratic_people_s_republic_of_korea,2015,3.6687
democratic_people_s_republic_of_korea,2016,3.6687
democratic_people_s_republic_of_korea,2017,3.6687
democratic_people_s_republic_of_korea,2018,3.6687
democratic_people_s_republic_of_korea,2019,3.6687
democratic_people_s_republic_of_korea,2020,3.6687
democratic_people_s_republic_of_korea,2021,3.6687
democratic_people_s_republic_of_korea,2022,3.6687
democratic_republic_of_the_congo,1995,0.030020
democratic_republic_of_the_congo,1996,0.032174
democratic_republic_of_the_congo,1997,0.034328
democratic_republic_of_the_congo,1998,0.036482
democratic_republic_of_the_congo,1999,0.038636
democratic_republic_of_the_congo,2000,0.040790
democratic_republic_of_the_congo,2001,0.042376
democratic_republic_of_the_congo,2002,0.043963
democratic_republic_of_the_congo,2003,0.045549
democratic_republic_of_the_congo,2004,0.047136
democratic_republic_of_the_congo,2005,0.048722
democratic_republic_of_the_congo,2006,0.048722
democratic_republic_of_the_congo,2007,0.048722
democratic_republic_of_the_congo,2008,0.048722
democratic_republic_of_the_congo,2009,0.048722
democratic_republic_of_the_congo,2010,0.048722
democratic_republic_of_the_congo,2011,0.048722
democratic_republic_of_the_congo,2012,0.048722
democratic_republic_of_the_congo,2013,0.048722
democratic_republic_of_the_congo,2014,0.048722
democratic_republic_of_the_congo,2015,0.048722
democratic_republic_of_the_congo,2016,0.048722
democratic_republic_of_the_congo,2017,0.048722
democratic_republic_of_the_congo,2018,0.048722
democratic_republic_of_the_congo,2019,0.048722
democratic_republic_of_the_congo,2020,0.048722
democratic_republic_of_the_congo,2021,0.048722
democratic_republic_of_the_congo,2022,0.048722
denmark,1970,2.1633
denmark,1971,1.9740
denmark,1972,1.7847
denmark,1973,1.5955
denmark,1974,1.4062
denmark,1975,1.2169
denmark,1976,1.2169
denmark,1977,1.2169
denmark,1978,1.2169
denmark,1979,1.2169
denmark,1980,1.2169
denmark,1981,2.7582
denmark,1982,4.2996
denmark,1983,5.8410
denmark,1984,7.3824
denmark,1985,8.9237
denmark,1986,8.7694
denmark,1987,8.6053
denmark,1988,8.4329
denmark,1989,7.3799
denmark,1990,6.2634
denmark,1991,5.9126
denmark,1992,5.5608
denmark,1993,5.2080
denmark,1994,4.8540
denmark,1995,4.4985
denmark,1996,3.8417
denmark,1997,3.4551
denmark,1998,2.9848
denmark,1999,2.7234
denmark,2000,2.4557
denmark,2001,2.0414
denmark,2002,1.6375
denmark,2003,1.5053
denmark,2004,1.3274
denmark,2005,1.2474
denmark,2006,1.0292
denmark,2007,1.1130
denmark,2008,1.0415
denmark,2009,0.96280
denmark,2010,2.0096
denmark,2011,3.0533
denmark,2012,3.5242
denmark,2013,3.1893
denmark,2014,2.1624
denmark,2015,0.94375
denmark,2016,1.0420
denmark,2017,0.94592
denmark,2018,1.2918
denmark,2019,1.3996
denmark,2020,1.5493
denmark,2021,1.3607
denmark,2022,1.2189
djibouti,1985,0.0000
djibouti,1986,0.0000
djibouti,1987,0.0000
djibouti,1988,0.0000
djibouti,1989,0.0000
djibouti,1990,0.0000
djibouti,1991,0.0000
djibouti,1992,0.0000
djibouti,1993,0.0000
djibouti,1994,0.0000
djibouti,1995,0.0000
djibouti,1996,0.0000
djibouti,1997,0.0000
djibouti,1998,0.0000
djibouti,1999,0.0000
djibouti,2000,0.0000
djibouti,2001,0.0000
djibouti,2002,0.0000
djibouti,2003,0.0000
djibouti,2004,0.0000
djibouti,2005,0.0000
djibouti,2006,0.0000
djibouti,2007,0.0000
djibouti,2008,0.0000
djibouti,2009,0.0000
djibouti,2010,0.0000
djibouti,2011,0.0000
djibouti,2012,0.0000
djibouti,2013,0.0000
djibouti,2014,0.0000
djibouti,2015,0.0000
djibouti,2016,0.0000
djibouti,2017,0.0000
djibouti,2018,0.0000
djibouti,2019,0.0000
djibouti,2020,0.0000
djibouti,2021,0.0000
djibouti,2022,0.0000
dominica,2010,0.0000
dominica,2011,0.0000
dominica,2012,0.0000
dominica,2013,0.0000
dominica,2014,0.0000
dominica,2015,0.0000
dominica,2016,0.0000
dominica,2017,0.0000
dominica,2018,0.0000
dominica,2019,0.0000
dominica,2020,0.0000
dominica,2021,0.0000
dominica,2022,0.0000
dominican_republic,2000,0.36023
dominican_republic,2001,0.57482
dominican_republic,2002,0.78911
dominican_republic,2003,1.0031
dominican_republic,2004,1.2169
dominican_republic,2005,1.4304
dominican_republic,2006,1.7921
dominican_republic,2007,2.1538
dominican_republic,2008,2.5153
dominican_republic,2009,2.8773
dominican_republic,2010,3.2390
dominican_republic,2011,3.1514
dominican_republic,2012,3.0723
dominican_republic,2013,3.0006
dominican_republic,2014,2.9351
dominican_republic,2015,2.8753
dominican_republic,2016,2.8753
dominican_republic,2017,2.8753
dominican_republic,2018,2.8753
dominican_republic,2019,2.8753
dominican_republic,2020,2.8753
dominican_republic,2021,2.8753
dominican_republic,2022,2.8753
eastern_and_south_eastern_asia,2000,4.8588
eastern_and_south_eastern_asia,2001,5.0160
eastern_and_south_eastern_asia,2002,5.1719
eastern_and_south_eastern_asia,2003,5.3858
eastern_and_south_eastern_asia,2004,5.5097
eastern_and_south_eastern_asia,2005,5.5386
eastern_and_south_eastern_asia,2006,5.0853
eastern_and_south_eastern_asia,2007,4.9866
eastern_and_south_eastern_asia,2008,4.9447
eastern_and_south_eastern_asia,2009,4.8807
eastern_and_south_eastern_asia,2010,4.9852
eastern_and_south_eastern_asia,2011,4.9997
eastern_and_south_eastern_asia,2012,4.8698
eastern_and_south_eastern_asia,2013,4.7863
eastern_and_south_eastern_asia,2014,4.6222
eastern_and_south_eastern_asia,2015,4.5679
eastern_and_south_eastern_asia,2016,4.5197
eastern_and_south_eastern_asia,2017,4.5448
eastern_and_south_eastern_asia,2018,4.5002
eastern_and_south_eastern_asia,2019,4.2130
eastern_and_south_eastern_asia,2020,3.8161
eastern_and_south_eastern_asia,2021,3.8484
eastern_and_south_eastern_asia,2022,3.8879
eastern_asia,2000,8.7154
eastern_asia,2001,8.7930
eastern_asia,2002,8.8702
eastern_asia,2003,9.0733
eastern_asia,2004,9.2747
eastern_asia,2005,9.4499
eastern_asia,2006,9.8248
eastern_asia,2007,10.202
eastern_asia,2008,10.122
eastern_asia,2009,10.045
eastern_asia,2010,10.393
eastern_asia,2011,10.466
eastern_asia,2012,10.219
eastern_asia,2013,10.091
eastern_asia,2014,9.7546
eastern_asia,2015,9.6187
eastern_asia,2016,9.5297
eastern_asia,2017,9.2121
eastern_asia,2018,9.0814
eastern_asia,2019,8.7595
eastern_asia,2020,7.7122
eastern_asia,2021,7.7145
eastern_asia,2022,7.7145
ecuador,2000,0.26341
ecuador,2001,0.28582
ecuador,2002,0.30822
ecuador,2003,0.33062
ecuador,2004,0.35303
ecuador,2005,0.37543
ecuador,2006,0.37543
ecuador,2007,0.37543
ecuador,2008,0.37543
ecuador,2009,0.37543
ecuador,2010,0.37543
ecuador,2011,0.37543
ecuador,2012,0.37543
ecuador,2013,0.37543
ecuador,2014,0.37543
ecuador,2015,0.37543
ecuador,2016,0.37543
ecuador,2017,0.37543
ecuador,2018,0.37543
ecuador,2019,0.37543
ecuador,2020,0.37543
ecuador,2021,0.37543
ecuador,2022,0.37543
egypt,1993,8.3447
egypt,1994,8.1790
egypt,1995,8.0144
egypt,1996,7.8503
egypt,1997,7.6870
egypt,1998,7.5245
egypt,1999,7.3628
egypt,2000,6.0837
egypt,2001,5.8662
egypt,2002,5.6373
egypt,2003,5.3974
egypt,2004,5.1471
egypt,2005,4.8867
egypt,2006,4.6166
egypt,2007,4.3372
egypt,2008,4.0489
egypt,2009,3.7520
egypt,2010,3.4468
egypt,2011,2.1858
egypt,2012,2.1858
egypt,2013,2.1858
egypt,2014,1.8051
egypt,2015,1.8013
egypt,2016,1.7975
egypt,2017,9.8361
egypt,2018,9.8361
egypt,2019,9.8361
egypt,2020,9.8361
egypt,2021,9.8361
egypt,2022,9.8361
el_salvador,1992,0.91690
el_salvador,1993,0.98701
el_salvador,1994,1.0571
el_salvador,1995,1.1272
el_salvador,1996,1.1973
el_salvador,1997,1.2674
el_salvador,1998,1.3375
el_salvador,1999,1.4076
el_salvador,2000,1.4777
el_salvador,2001,1.4479
el_salvador,2002,1.4182
el_salvador,2003,1.3884
el_salvador,2004,1.3586
el_salvador,2005,1.3288
el_salvador,2006,1.3355
el_salvador,2007,1.3433
el_salvador,2008,1.3524
el_salvador,2009,1.3630
el_salvador,2010,1.3752
el_salvador,2011,1.3894
el_salvador,2012,1.4059
el_salvador,2013,1.4253
el_salvador,2014,1.4479
el_salvador,2015,1.4523
el_salvador,2016,1.4692
el_salvador,2017,1.4701
el_salvador,2018,1.4945
el_salvador,2019,1.5142
el_salvador,2020,1.5182
el_salvador,2021,1.1862
el_salvador,2022,0.58837
equatorial_guinea,1987,0.012048
equatorial_guinea,1988,0.012975
equatorial_guinea,1989,0.013902
equatorial_guinea,1990,0.014829
equatorial_guinea,1991,0.015755
equatorial_guinea,1992,0.016682
equatorial_guinea,1993,0.017609
equatorial_guinea,1994,0.018536
equatorial_guinea,1995,0.019462
equatorial_guinea,1996,0.020389
equatorial_guinea,1997,0.021316
equatorial_guinea,1998,0.022243
equatorial_guinea,1999,0.023170
equatorial_guinea,2000,0.024096
equatorial_guinea,2001,0.024838
equatorial_guinea,2002,0.025579
equatorial_guinea,2003,0.026321
equatorial_guinea,2004,0.027062
equatorial_guinea,2005,0.027804
equatorial_guinea,2006,0.027804
equatorial_guinea,2007,0.027804
equatorial_guinea,2008,0.027804
equatorial_guinea,2009,0.027804
equatorial_guinea,2010,0.027804
equatorial_guinea,2011,0.027804
equatorial_guinea,2012,0.027804
equatorial_guinea,2013,0.027804
equatorial_guinea,2014,0.027804
equatorial_guinea,2015,0.027804
equatorial_guinea,2016,0.027804
equatorial_guinea,2017,0.027804
equatorial_guinea,2018,0.027804
equatorial_guinea,2019,0.027804
equatorial_guinea,2020,0.027804
equatorial_guinea,2021,0.027804
equatorial_guinea,2022,0.027804
eritrea,2000,1.1847
eritrea,2001,0.89334
eritrea,2002,0.60196
eritrea,2003,0.31058
eritrea,2004,0.019201
eritrea,2005,0.019201
eritrea,2006,0.019201
eritrea,2007,0.019201
eritrea,2008,0.019201
eritrea,2009,0.019201
eritrea,2010,0.019201
eritrea,2011,0.019201
eritrea,2012,0.019201
eritrea,2013,0.019201
eritrea,2014,0.019201
eritrea,2015,0.019201
eritrea,2016,0.019201
eritrea,2017,0.019201
eritrea,2018,0.019201
eritrea,2019,0.019201
eritrea,2020,0.019201
eritrea,2021,0.019201
eritrea,2022,0.019201
estonia,1992,24.383
estonia,1993,20.808
estonia,1994,17.233
estonia,1995,13.658
estonia,1996,13.702
estonia,1997,13.748
estonia,1998,13.794
estonia,1999,13.841
estonia,2000,13.888
estonia,2001,13.970
estonia,2002,15.230
estonia,2003,14.850
estonia,2004,15.507
estonia,2005,17.007
estonia,2006,17.940
estonia,2007,16.344
estonia,2008,16.571
estonia,2009,14.174
estonia,2010,19.230
estonia,2011,19.588
estonia,2012,16.937
estonia,2013,18.219
estonia,2014,17.914
estonia,2015,16.784
estonia,2016,18.246
estonia,2017,18.626
estonia,2018,16.685
estonia,2019,9.9949
estonia,2020,8.4973
estonia,2021,9.9859
estonia,2022,12.289
eswatini,1980,1.1619
eswatini,1981,1.1474
eswatini,1982,1.1329
eswatini,1983,1.1184
eswatini,1984,1.1038
eswatini,1985,1.0893
eswatini,1986,1.0748
eswatini,1987,1.0603
eswatini,1988,1.0458
eswatini,1989,1.0312
eswatini,1990,1.0167
eswatini,1991,1.0022
eswatini,1992,0.98765
eswatini,1993,0.97313
eswatini,1994,0.95861
eswatini,1995,0.94408
eswatini,1996,0.92956
eswatini,1997,0.91503
eswatini,1998,0.90051
eswatini,1999,0.88598
eswatini,2000,0.87146
eswatini,2001,0.99782
eswatini,2002,1.1242
eswatini,2003,1.2505
eswatini,2004,1.3769
eswatini,2005,1.5033
eswatini,2006,1.5033
eswatini,2007,1.5033
eswatini,2008,1.5033
eswatini,2009,1.5033
eswatini,2010,1.5033
eswatini,2011,1.5033
eswatini,2012,1.5033
eswatini,2013,1.5033
eswatini,2014,1.5033
eswatini,2015,1.5033
eswatini,2016,1.5033
eswatini,2017,1.5033
eswatini,2018,1.5033
eswatini,2019,1.5033
eswatini,2020,1.5033
eswatini,2021,1.5033
eswatini,2022,1.5033
ethiopia,2002,0.064220
ethiopia,2003,0.094903
ethiopia,2004,0.12559
ethiopia,2005,0.15627
ethiopia,2006,0.15627
ethiopia,2007,0.15627
ethiopia,2008,0.15627
ethiopia,2009,0.15627
ethiopia,2010,0.15627
ethiopia,2011,0.15627
ethiopia,2012,0.15627
ethiopia,2013,0.15627
ethiopia,2014,0.15627
ethiopia,2015,0.15627
ethiopia,2016,0.15627
ethiopia,2017,0.15627
ethiopia,2018,0.15627
ethiopia,2019,0.15627
ethiopia,2020,0.15627
ethiopia,2021,0.15627
ethiopia,2022,0.15627
europe,2000,5.6569
europe,2001,5.4103
europe,2002,5.4545
europe,2003,5.3483
europe,2004,5.3125
europe,2005,5.3181
europe,2006,4.9962
europe,2007,4.8115
europe,2008,4.8822
europe,2009,4.8443
europe,2010,4.7820
europe,2011,4.6706
europe,2012,4.5694
europe,2013,4.2922
europe,2014,4.2266
europe,2015,3.9373
europe,2016,3.8142
europe,2017,3.8254
europe,2018,3.7942
europe,2019,3.7156
europe,2020,3.6406
europe,2021,3.6947
europe,2022,3.6534
europe_and_northern_america,2000,7.6681
europe_and_northern_america,2001,7.5565
europe_and_northern_america,2002,7.6184
europe_and_northern_america,2003,7.5868
europe_and_northern_america,2004,7.5913
europe_and_northern_america,2005,7.6216
europe_and_northern_america,2006,7.3027
europe_and_northern_america,2007,7.0378
europe_and_northern_america,2008,6.9295
europe_and_northern_america,2009,6.7323
europe_and_northern_america,2010,6.5123
europe_and_northern_america,2011,6.4308
europe_and_northern_america,2012,6.3717
europe_and_northern_america,2013,6.2118
europe_and_northern_america,2014,6.1561
europe_and_northern_america,2015,5.9706
europe_and_northern_america,2016,5.8985
europe_and_northern_america,2017,5.9047
europe_and_northern_america,2018,5.8938
europe_and_northern_america,2019,5.8496
europe_and_northern_america,2020,5.8193
europe_and_northern_america,2021,5.8496
europe_and_northern_america,2022,5.8269
fiji,1987,0.021016
fiji,1988,0.021770
fiji,1989,0.022525
fiji,1990,0.023279
fiji,1991,0.024033
fiji,1992,0.024788
fiji,1993,0.025542
fiji,1994,0.026297
fiji,1995,0.027051
fiji,1996,0.027805
fiji,1997,0.028560
fiji,1998,0.029314
fiji,1999,0.030069
fiji,2000,0.030823
fiji,2001,0.031384
fiji,2002,0.031944
fiji,2003,0.032504
fiji,2004,0.033065
fiji,2005,0.033625
fiji,2006,0.033625
fiji,2007,0.033625
fiji,2008,0.033625
fiji,2009,0.033625
fiji,2010,0.033625
fiji,2011,0.033625
fiji,2012,0.033625
fiji,2013,0.033625
fiji,2014,0.033625
fiji,2015,0.033625
fiji,2016,0.033625
fiji,2017,0.033625
fiji,2018,0.033625
fiji,2019,0.033625
fiji,2020,0.033625
fiji,2021,0.033625
fiji,2022,0.033625
finland,1990,4.4742
finland,1991,4.5867
finland,1992,4.6992
finland,1993,4.8117
finland,1994,4.9243
finland,1995,5.0368
finland,1996,4.9110
finland,1997,4.7852
finland,1998,4.6594
finland,1999,4.5337
finland,2000,5.6144
finland,2001,6.7634
finland,2002,7.9074
finland,2003,9.0311
finland,2004,10.148
finland,2005,11.259
finland,2006,4.2105
finland,2007,11.220
finland,2008,10.278
finland,2009,9.3611
finland,2010,8.4697
finland,2011,7.6034
finland,2012,6.7346
finland,2013,5.8972
finland,2014,5.1389
finland,2015,4.3678
finland,2016,3.5570
finland,2017,3.5570
finland,2018,4.7427
finland,2019,4.0652
finland,2020,4.0652
finland,2021,3.4525
finland,2022,3.3017
france,1985,21.452
france,1986,21.929
france,1987,22.405
france,1988,22.881
france,1989,23.357
france,1990,23.833
france,1991,24.191
france,1992,24.791
france,1993,23.526
france,1994,22.261
france,1995,20.996
france,1996,19.731
france,1997,18.466
france,1998,18.719
france,1999,18.972
france,2000,19.224
france,2001,19.177
france,2002,19.348
france,2003,18.972
france,2004,19.512
france,2005,20.108
france,2006,19.206
france,2007,18.824
france,2008,17.951
france,2009,17.344
france,2010,17.421
france,2011,18.927
france,2012,17.307
france,2013,16.546
france,2014,17.421
france,2015,17.235
france,2016,15.888
france,2017,16.293
france,2018,16.300
france,2019,15.512
france,2020,13.896
france,2021,14.568
france,2022,14.568
gabon,1987,0.047653
gabon,1988,0.047154
gabon,1989,0.046654
gabon,1990,0.046154
gabon,1991,0.045654
gabon,1992,0.045154
gabon,1993,0.044654
gabon,1994,0.044154
gabon,1995,0.043655
gabon,1996,0.043155
gabon,1997,0.042655
gabon,1998,0.042155
gabon,1999,0.041655
gabon,2000,0.041155
gabon,2001,0.043105
gabon,2002,0.045054
gabon,2003,0.047004
gabon,2004,0.048953
gabon,2005,0.050903
gabon,2006,0.050903
gabon,2007,0.050903
gabon,2008,0.050903
gabon,2009,0.050903
gabon,2010,0.050903
gabon,2011,0.050903
gabon,2012,0.050903
gabon,2013,0.050903
gabon,2014,0.050903
gabon,2015,0.050903
gabon,2016,0.050903
gabon,2017,0.050903
gabon,2018,0.050903
gabon,2019,0.050903
gabon,2020,0.050903
gabon,2021,0.050903
gabon,2022,0.050903
gambia,1982,0.0086994
gambia,1983,0.029240
gambia,1984,0.049780
gambia,1985,0.070320
gambia,1986,0.090861
gambia,1987,0.11140
gambia,1988,0.13194
gambia,1989,0.15248
gambia,1990,0.17302
gambia,1991,0.19356
gambia,1992,0.21410
gambia,1993,0.23464
gambia,1994,0.25518
gambia,1995,0.27572
gambia,1996,0.29626
gambia,1997,0.31680
gambia,1998,0.33734
gambia,1999,0.35789
gambia,2000,0.37843
gambia,2001,0.39495
gambia,2002,0.41148
gambia,2003,0.42801
gambia,2004,0.44454
gambia,2005,0.46107
gambia,2006,0.46107
gambia,2007,0.46107
gambia,2008,0.46107
gambia,2009,0.46107
gambia,2010,0.46107
gambia,2011,0.46107
gambia,2012,0.46107
gambia,2013,0.46107
gambia,2014,0.46107
gambia,2015,0.46107
gambia,2016,0.46107
gambia,2017,0.46107
gambia,2018,0.46107
gambia,2019,0.46107
gambia,2020,0.46107
gambia,2021,0.46107
gambia,2022,0.46107
georgia,1992,1.9435
georgia,1993,1.7800
georgia,1994,1.6165
georgia,1995,1.4531
georgia,1996,1.2896
georgia,1997,1.1262
georgia,1998,0.96274
georgia,1999,0.79928
georgia,2000,0.63583
georgia,2001,0.76925
georgia,2002,0.90267
georgia,2003,1.0361
georgia,2004,1.1695
georgia,2005,1.3029
georgia,2006,1.3053
georgia,2007,1.3077
georgia,2008,1.3101
georgia,2009,1.2283
georgia,2010,1.1465
georgia,2011,1.0647
georgia,2012,0.98283
georgia,2013,0.90101
georgia,2014,0.81918
georgia,2015,0.73736
georgia,2016,0.65554
georgia,2017,0.67368
georgia,2018,0.68459
georgia,2019,1.0611
georgia,2020,1.1062
georgia,2021,1.0581
georgia,2022,1.1546
germany,1991,48.772
germany,1992,52.236
germany,1993,51.483
germany,1994,50.821
germany,1995,50.058
germany,1996,49.041
germany,1997,48.804
germany,1998,47.171
germany,1999,46.285
germany,2000,45.506
germany,2001,44.104
germany,2002,44.541
germany,2003,42.681
germany,2004,41.272
germany,2005,39.606
germany,2006,38.650
germany,2007,30.724
germany,2008,37.316
germany,2009,38.616
germany,2010,31.653
germany,2011,33.959
germany,2012,30.112
germany,2013,21.676
germany,2014,26.888
germany,2015,24.905
germany,2016,20.645
germany,2017,22.351
germany,2018,20.866
germany,2019,19.196
germany,2020,19.196
germany,2021,19.196
germany,2022,19.196
ghana,1970,0.17001
ghana,1971,0.17815
ghana,1972,0.18628
ghana,1973,0.19442
ghana,1974,0.20256
ghana,1975,0.21069
ghana,1976,0.21883
ghana,1977,0.22697
ghana,1978,0.23511
ghana,1979,0.24324
ghana,1980,0.25138
ghana,1981,0.25952
ghana,1982,0.26765
ghana,1983,0.27579
ghana,1984,0.28393
ghana,1985,0.29207
ghana,1986,0.30020
ghana,1987,0.30834
ghana,1988,0.31648
ghana,1989,0.32461
ghana,1990,0.33275
ghana,1991,0.34089
ghana,1992,0.34903
ghana,1993,0.35716
ghana,1994,0.36530
ghana,1995,0.37344
ghana,1996,0.38158
ghana,1997,0.38971
ghana,1998,0.39785
ghana,1999,0.40599
ghana,2000,0.41412
ghana,2001,0.41412
ghana,2002,0.41412
ghana,2003,0.41412
ghana,2004,0.41412
ghana,2005,0.41412
ghana,2006,0.41412
ghana,2007,0.41412
ghana,2008,0.41412
ghana,2009,0.41412
ghana,2010,0.41412
ghana,2011,0.41412
ghana,2012,0.41412
ghana,2013,0.41412
ghana,2014,0.41412
ghana,2015,0.41412
ghana,2016,0.40960
ghana,2017,0.40960
ghana,2018,0.40960
ghana,2019,0.40960
ghana,2020,0.40960
ghana,2021,0.40960
ghana,2022,0.40960
greece,1975,0.23225
greece,1976,0.24044
greece,1977,0.24863
greece,1978,0.25683
greece,1979,0.26502
greece,1980,0.27321
greece,1981,0.31550
greece,1982,0.35778
greece,1983,0.40007
greece,1984,0.44236
greece,1985,0.48465
greece,1986,0.47081
greece,1987,0.45942
greece,1988,0.44986
greece,1989,0.44170
greece,1990,0.47965
greece,1991,0.43300
greece,1992,0.47765
greece,1993,0.43003
greece,1994,0.42864
greece,1995,0.47465
greece,1996,0.45003
greece,1997,0.47265
greece,1998,0.45332
greece,1999,0.43597
greece,2000,0.42030
greece,2001,0.43095
greece,2002,0.47320
greece,2003,0.46173
greece,2004,0.31955
greece,2005,0.17380
greece,2006,0.42121
greece,2007,0.65782
greece,2008,0.56053
greece,2009,0.46197
greece,2010,0.36211
greece,2011,0.26103
greece,2012,0.25491
greece,2013,0.25491
greece,2014,0.25488
greece,2015,0.25491
greece,2016,0.68986
greece,2017,0.68784
greece,2018,0.66356
greece,2019,0.64940
greece,2020,0.66356
greece,2021,0.59276
greece,2022,0.56454
grenada,2014,0.0000
grenada,2015,0.0000
grenada,2016,0.0000
grenada,2017,0.0000
grenada,2018,0.0000
grenada,2019,0.0000
grenada,2020,0.0000
grenada,2021,0.0000
grenada,2022,0.0000
guatemala,2001,0.79127
guatemala,2002,0.84137
guatemala,2003,0.89148
guatemala,2004,0.94159
guatemala,2005,0.99170
guatemala,2006,1.0418
guatemala,2007,1.0418
guatemala,2008,1.0418
guatemala,2009,1.0418
guatemala,2010,1.0418
guatemala,2011,1.0418
guatemala,2012,1.0418
guatemala,2013,1.0418
guatemala,2014,1.0418
guatemala,2015,1.0418
guatemala,2016,1.0418
guatemala,2017,1.0418
guatemala,2018,1.0418
guatemala,2019,1.0418
guatemala,2020,1.0418
guatemala,2021,1.0418
guatemala,2022,1.0418
guinea,1987,0.033846
guinea,1988,0.037407
guinea,1989,0.040967
guinea,1990,0.044527
guinea,1991,0.048087
guinea,1992,0.051646
guinea,1993,0.055204
guinea,1994,0.058763
guinea,1995,0.062321
guinea,1996,0.065878
guinea,1997,0.069435
guinea,1998,0.072991
guinea,1999,0.076546
guinea,2000,0.080101
guinea,2001,0.081354
guinea,2002,0.080059
guinea,2003,0.078877
guinea,2004,0.077796
guinea,2005,0.076806
guinea,2006,0.078205
guinea,2007,0.079559
guinea,2008,0.080872
guinea,2009,0.082147
guinea,2010,0.083386
guinea,2011,0.084594
guinea,2012,0.085771
guinea,2013,0.086920
guinea,2014,0.088043
guinea,2015,0.089142
guinea,2016,0.090218
guinea,2017,0.091273
guinea,2018,0.092308
guinea,2019,0.092308
guinea,2020,0.092308
guinea,2021,0.092308
guinea,2022,0.092308
guinea_bissau,1991,0.0051282
guinea_bissau,1992,0.017778
guinea_bissau,1993,0.030427
guinea_bissau,1994,0.043077
guinea_bissau,1995,0.055726
guinea_bissau,1996,0.068376
guinea_bissau,1997,0.068376
guinea_bissau,1998,0.068376
guinea_bissau,1999,0.068376
guinea_bissau,2000,0.068376
guinea_bissau,2001,0.073778
guinea_bissau,2002,0.079001
guinea_bissau,2003,0.084053
guinea_bissau,2004,0.088944
guinea_bissau,2005,0.093680
guinea_bissau,2006,0.093680
guinea_bissau,2007,0.093680
guinea_bissau,2008,0.093680
guinea_bissau,2009,0.093680
guinea_bissau,2010,0.093680
guinea_bissau,2011,0.093680
guinea_bissau,2012,0.093680
guinea_bissau,2013,0.093680
guinea_bissau,2014,0.093680
guinea_bissau,2015,0.093680
guinea_bissau,2016,0.093680
guinea_bissau,2017,0.093680
guinea_bissau,2018,0.093680
guinea_bissau,2019,0.093680
guinea_bissau,2020,0.093680
guinea_bissau,2021,0.093680
guinea_bissau,2022,0.093680
guyana,1992,0.015982
guyana,1993,0.016838
guyana,1994,0.017694
guyana,1995,0.018550
guyana,1996,0.019406
guyana,1997,0.020263
guyana,1998,0.021119
guyana,1999,0.021975
guyana,2000,0.022831
guyana,2001,0.027580
guyana,2002,0.032329
guyana,2003,0.037078
guyana,2004,0.041826
guyana,2005,0.046575
guyana,2006,0.046575
guyana,2007,0.046575
guyana,2008,0.046575
guyana,2009,0.046575
guyana,2010,0.046575
guyana,2011,0.046575
guyana,2012,0.046575
guyana,2013,0.046575
guyana,2014,0.046575
guyana,2015,0.046575
guyana,2016,0.046575
guyana,2017,0.046575
guyana,2018,0.046575
guyana,2019,0.046575
guyana,2020,0.046575
guyana,2021,0.046575
guyana,2022,0.046575
haiti,1991,0.049843
haiti,1992,0.047997
haiti,1993,0.046151
haiti,1994,0.044305
haiti,1995,0.042459
haiti,1996,0.073050
haiti,1997,0.10364
haiti,1998,0.13423
haiti,1999,0.16483
haiti,2000,0.19542
haiti,2001,0.22601
haiti,2002,0.25660
haiti,2003,0.28719
haiti,2004,0.31778
haiti,2005,0.34837
haiti,2006,0.37897
haiti,2007,0.40956
haiti,2008,0.44015
haiti,2009,0.47074
haiti,2010,0.47074
haiti,2011,0.47074
haiti,2012,0.47074
haiti,2013,0.47074
haiti,2014,0.47074
haiti,2015,0.47074
haiti,2016,0.47074
haiti,2017,0.47074
haiti,2018,0.47074
haiti,2019,0.47074
haiti,2020,0.47074
haiti,2021,0.47074
haiti,2022,0.47074
honduras,2003,0.32783
honduras,2004,0.32783
honduras,2005,0.32783
honduras,2006,0.32783
honduras,2007,0.32783
honduras,2008,0.32783
honduras,2009,0.32783
honduras,2010,0.32783
honduras,2011,0.32783
honduras,2012,0.32783
honduras,2013,0.32783
honduras,2014,0.32783
honduras,2015,0.32783
honduras,2016,0.32783
honduras,2017,0.32783
honduras,2018,0.32783
honduras,2019,0.32783
honduras,2020,0.32783
honduras,2021,0.32783
honduras,2022,0.32783
hungary,1970,2.8795
hungary,1971,3.1023
hungary,1972,3.3251
hungary,1973,3.5479
hungary,1974,3.7707
hungary,1975,3.9935
hungary,1976,4.1625
hungary,1977,4.3315
hungary,1978,4.5005
hungary,1979,4.6695
hungary,1980,4.8386
hungary,1981,5.0774
hungary,1982,5.3163
hungary,1983,5.5551
hungary,1984,5.7940
hungary,1985,6.0328
hungary,1986,6.4550
hungary,1987,6.8771
hungary,1988,7.2992
hungary,1989,7.7214
hungary,1990,8.1435
hungary,1991,8.5656
hungary,1992,8.9878
hungary,1993,8.7815
hungary,1994,8.5752
hungary,1995,8.3689
hungary,1996,8.1626
hungary,1997,8.1029
hungary,1998,8.0431
hungary,1999,7.9019
hungary,2000,7.4408
hungary,2001,7.3604
hungary,2002,7.3206
hungary,2003,7.2893
hungary,2004,7.3289
hungary,2005,7.6654
hungary,2006,7.6438
hungary,2007,7.6085
hungary,2008,7.5181
hungary,2009,8.7599
hungary,2010,7.4018
hungary,2011,7.1861
hungary,2012,6.9309
hungary,2013,7.1093
hungary,2014,5.1007
hungary,2015,5.0990
hungary,2016,5.2193
hungary,2017,6.1350
hungary,2018,6.4391
hungary,2019,5.7044
hungary,2020,5.7732
hungary,2021,5.7473
hungary,2022,6.1352
iceland,1980,0.013589
iceland,1981,0.013589
iceland,1982,0.013589
iceland,1983,0.013589
iceland,1984,0.013589
iceland,1985,0.013589
iceland,1986,0.014923
iceland,1987,0.016258
iceland,1988,0.017593
iceland,1989,0.018927
iceland,1990,0.020262
iceland,1991,0.016925
iceland,1992,0.013589
iceland,1993,0.014268
iceland,1994,0.014948
iceland,1995,0.015627
iceland,1996,0.016307
iceland,1997,0.016986
iceland,1998,0.017665
iceland,1999,0.018345
iceland,2000,0.019024
iceland,2001,0.019024
iceland,2002,0.019024
iceland,2003,0.019024
iceland,2004,0.019024
iceland,2005,0.056054
iceland,2006,0.093083
iceland,2007,0.12931
iceland,2008,0.16587
iceland,2009,0.20236
iceland,2010,0.23880
iceland,2011,0.25944
iceland,2012,0.27150
iceland,2013,0.27847
iceland,2014,0.27061
iceland,2015,0.27022
iceland,2016,0.26906
iceland,2017,0.28037
iceland,2018,0.28037
iceland,2019,0.28037
iceland,2020,0.28037
iceland,2021,0.28037
iceland,2022,0.28037
india,1975,1.5609
india,1976,1.5075
india,1977,1.4541
india,1978,1.4007
india,1979,1.3473
india,1980,1.2939
india,1981,1.2405
india,1982,1.1871
india,1983,1.1337
india,1984,1.0803
india,1985,1.0269
india,1986,1.1296
india,1987,1.2323
india,1988,1.3350
india,1989,1.4377
india,1990,1.5404
india,1991,1.4890
india,1992,1.4377
india,1993,1.3863
india,1994,1.3350
india,1995,1.2836
india,1996,1.2323
india,1997,1.1809
india,1998,1.1296
india,1999,1.0782
india,2000,1.0269
india,2001,1.0988
india,2002,1.1707
india,2003,1.2426
india,2004,1.2255
india,2005,1.2716
india,2006,1.3165
india,2007,1.3603
india,2008,1.4030
india,2009,1.4446
india,2010,1.4854
india,2011,1.4854
india,2012,1.4854
india,2013,1.4854
india,2014,1.4854
india,2015,1.4854
india,2016,1.4854
india,2017,1.4854
india,2018,1.4854
india,2019,1.4854
india,2020,1.4854
india,2021,1.4854
india,2022,1.4854
indonesia,1990,0.050141
indonesia,1991,0.14379
indonesia,1992,0.23744
indonesia,1993,0.33109
indonesia,1994,0.42474
indonesia,1995,0.51839
indonesia,1996,0.61204
indonesia,1997,0.70569
indonesia,1998,0.79934
indonesia,1999,0.89299
indonesia,2000,0.98664
indonesia,2001,1.4077
indonesia,2002,1.8117
indonesia,2003,2.2023
indonesia,2004,2.5821
indonesia,2005,2.9531
indonesia,2006,2.8100
indonesia,2007,2.6620
indonesia,2008,2.5097
indonesia,2009,2.3535
indonesia,2010,2.1938
indonesia,2011,2.0308
indonesia,2012,1.8649
indonesia,2013,1.6964
indonesia,2014,1.5254
indonesia,2015,1.3763
indonesia,2016,1.2185
indonesia,2017,1.2185
indonesia,2018,1.2185
indonesia,2019,1.2185
indonesia,2020,1.2185
indonesia,2021,1.2185
indonesia,2022,1.2185
iran_islamic_republic_of,1993,1.2978
iran_islamic_republic_of,1994,1.0861
iran_islamic_republic_of,1995,0.87451
iran_islamic_republic_of,1996,0.87452
iran_islamic_republic_of,1997,0.87452
iran_islamic_republic_of,1998,0.87452
iran_islamic_republic_of,1999,0.87452
iran_islamic_republic_of,2000,0.87452
iran_islamic_republic_of,2001,0.89641
iran_islamic_republic_of,2002,0.91707
iran_islamic_republic_of,2003,0.93773
iran_islamic_republic_of,2004,0.95839
iran_islamic_republic_of,2005,0.95839
iran_islamic_republic_of,2006,0.95839
iran_islamic_republic_of,2007,0.95839
iran_islamic_republic_of,2008,0.95839
iran_islamic_republic_of,2009,0.95839
iran_islamic_republic_of,2010,0.95839
iran_islamic_republic_of,2011,0.95839
iran_islamic_republic_of,2012,0.95839
iran_islamic_republic_of,2013,0.95839
iran_islamic_republic_of,2014,0.95839
iran_islamic_republic_of,2015,0.95839
iran_islamic_republic_of,2016,0.95839
iran_islamic_republic_of,2017,0.95839
iran_islamic_republic_of,2018,0.95839
iran_islamic_republic_of,2019,0.95839
iran_islamic_republic_of,2020,0.95839
iran_islamic_republic_of,2021,0.95839
iran_islamic_republic_of,2022,0.95839
iraq,1975,0.63202
iraq,1976,0.59270
iraq,1977,0.55337
iraq,1978,0.51404
iraq,1979,0.47472
iraq,1980,0.43539
iraq,1981,0.39607
iraq,1982,0.35674
iraq,1983,0.31742
iraq,1984,0.27809
iraq,1985,0.23876
iraq,1986,0.79213
iraq,1987,1.3455
iraq,1988,1.8989
iraq,1989,2.4522
iraq,1990,3.0056
iraq,1991,4.0674
iraq,1992,5.1292
iraq,1993,6.1910
iraq,1994,7.2528
iraq,1995,8.3146
iraq,1996,9.3761
iraq,1997,10.437
iraq,1998,11.499
iraq,1999,12.560
iraq,2000,13.622
iraq,2001,12.860
iraq,2002,12.097
iraq,2003,11.335
iraq,2004,10.572
iraq,2005,9.8101
iraq,2006,9.0474
iraq,2007,8.2853
iraq,2008,7.5229
iraq,2009,6.7602
iraq,2010,5.9981
iraq,2011,5.2355
iraq,2012,4.4733
iraq,2013,3.7104
iraq,2014,2.9482
iraq,2015,2.6112
iraq,2016,2.8762
iraq,2017,6.6141
iraq,2018,7.5829
iraq,2019,7.7104
iraq,2020,5.3944
iraq,2021,6.3483
iraq,2022,6.3483
ireland,1980,2.5361
ireland,1981,2.5361
ireland,1982,2.5361
ireland,1983,2.5361
ireland,1984,2.5361
ireland,1985,2.5361
ireland,1986,2.5361
ireland,1987,2.5361
ireland,1988,2.5361
ireland,1989,2.5361
ireland,1990,2.5361
ireland,1991,2.5361
ireland,1992,2.5361
ireland,1993,2.5361
ireland,1994,2.5361
ireland,1995,2.3488
ireland,1996,2.1627
ireland,1997,1.9777
ireland,1998,1.7941
ireland,1999,1.6119
ireland,2000,1.4312
ireland,2001,1.2523
ireland,2002,1.0751
ireland,2003,0.84532
ireland,2004,0.64140
ireland,2005,0.59784
ireland,2006,0.34537
ireland,2007,0.24543
ireland,2008,0.38333
ireland,2009,0.64861
ireland,2010,0.76675
ireland,2011,1.0131
ireland,2012,1.2813
ireland,2013,1.5182
ireland,2014,1.7602
ireland,2015,2.0989
ireland,2016,2.3814
ireland,2017,2.3228
ireland,2018,2.3000
ireland,2019,2.4840
ireland,2020,2.4928
ireland,2021,2.5409
ireland,2022,2.5593
israel,1970,6.3854
israel,1971,6.5079
israel,1972,6.6236
israel,1973,6.7391
israel,1974,6.8543
israel,1975,6.9693
israel,1976,7.0841
israel,1977,7.1986
israel,1978,7.3129
israel,1979,7.4202
israel,1980,7.5271
israel,1981,7.6683
israel,1982,7.8094
israel,1983,7.9102
israel,1984,8.0110
israel,1985,8.1118
israel,1986,8.0592
israel,1987,7.9510
israel,1988,8.0118
israel,1989,8.0702
israel,1990,7.9710
israel,1991,7.9183
israel,1992,7.8655
israel,1993,7.8128
israel,1994,7.7601
israel,1995,7.7682
israel,1996,8.0098
israel,1997,8.2509
israel,1998,8.4914
israel,1999,8.7314
israel,2000,8.9709
israel,2001,8.9214
israel,2002,8.8727
israel,2003,9.3343
israel,2004,7.0797
israel,2005,7.2778
israel,2006,7.4774
israel,2007,7.6786
israel,2008,7.8814
israel,2009,8.0859
israel,2010,7.8316
israel,2011,7.2499
israel,2012,6.7035
israel,2013,6.1902
israel,2014,5.7081
israel,2015,5.2554
israel,2016,2.4793
israel,2017,4.7084
israel,2018,4.4286
israel,2019,4.5417
israel,2020,4.8086
israel,2021,5.2817
israel,2022,5.2184
italy,1970,7.9302
italy,1971,8.4748
italy,1972,9.0193
italy,1973,9.5638
italy,1974,10.108
italy,1975,10.653
italy,1976,11.196
italy,1977,11.738
italy,1978,12.281
italy,1979,12.824
italy,1980,13.367
italy,1981,13.132
italy,1982,12.898
italy,1983,12.664
italy,1984,12.429
italy,1985,12.195
italy,1986,11.959
italy,1987,11.709
italy,1988,11.469
italy,1989,11.228
italy,1990,10.988
italy,1991,11.322
italy,1992,11.655
italy,1993,11.989
italy,1994,12.322
italy,1995,12.656
italy,1996,12.989
italy,1997,13.323
italy,1998,13.656
italy,1999,13.990
italy,2000,14.249
italy,2001,13.680
italy,2002,13.111
italy,2003,12.542
italy,2004,11.973
italy,2005,11.390
italy,2006,10.806
italy,2007,10.222
italy,2008,9.6620
italy,2009,9.0614
italy,2010,8.4812
italy,2011,7.9013
italy,2012,7.3215
italy,2013,6.7418
italy,2014,6.7407
italy,2015,6.7395
italy,2016,6.7383
italy,2017,6.7370
italy,2018,6.7357
italy,2019,6.7717
italy,2020,6.7717
italy,2021,6.7717
italy,2022,6.7717
jamaica,1993,0.60025
jamaica,1994,0.63275
jamaica,1995,0.66627
jamaica,1996,0.70084
jamaica,1997,0.73649
jamaica,1998,0.77323
jamaica,1999,0.81109
jamaica,2000,0.85010
jamaica,2001,0.89029
jamaica,2002,0.93167
jamaica,2003,0.97429
jamaica,2004,1.0182
jamaica,2005,1.0633
jamaica,2006,2.2742
jamaica,2007,3.3423
jamaica,2008,4.3177
jamaica,2009,5.2100
jamaica,2010,6.0346
jamaica,2011,6.8034
jamaica,2012,7.5257
jamaica,2013,8.2088
jamaica,2014,8.8586
jamaica,2015,4.4619
jamaica,2016,10.134
jamaica,2017,8.9674
jamaica,2018,7.3621
jamaica,2019,4.9466
jamaica,2020,0.70969
jamaica,2021,1.1769
jamaica,2022,1.1769
japan,1980,7.5862
japan,1981,7.5594
japan,1982,7.5326
japan,1983,7.5057
japan,1984,7.4789
japan,1985,7.4521
japan,1986,7.4253
japan,1987,7.3985
japan,1988,7.3716
japan,1989,7.3448
japan,1990,7.3180
japan,1991,7.2912
japan,1992,7.2644
japan,1993,6.9900
japan,1994,6.7157
japan,1995,6.4385
japan,1996,6.5610
japan,1997,6.6822
japan,1998,6.8738
japan,1999,7.0668
japan,2000,7.2612
japan,2001,6.4561
japan,2002,5.6510
japan,2003,5.6941
japan,2004,5.7372
japan,2005,5.7803
japan,2006,5.8235
japan,2007,5.8596
japan,2008,5.5913
japan,2009,5.3230
japan,2010,5.2982
japan,2011,5.2734
japan,2012,5.2486
japan,2013,5.2238
japan,2014,5.1990
japan,2015,5.1742
japan,2016,5.1494
japan,2017,5.0575
japan,2018,4.8736
japan,2019,4.7356
japan,2020,5.9770
japan,2021,5.9920
japan,2022,5.9920
jordan,1975,2.9904
jordan,1976,2.9461
jordan,1977,2.9018
jordan,1978,2.8575
jordan,1979,2.8132
jordan,1980,2.7689
jordan,1981,2.7246
jordan,1982,2.6803
jordan,1983,2.6360
jordan,1984,2.5916
jordan,1985,2.5473
jordan,1986,2.9682
jordan,1987,3.3891
jordan,1988,3.8099
jordan,1989,4.2308
jordan,1990,4.4038
jordan,1991,3.9422
jordan,1992,3.4771
jordan,1993,3.5166
jordan,1994,3.5604
jordan,1995,3.6035
jordan,1996,3.6460
jordan,1997,3.6877
jordan,1998,3.7292
jordan,1999,3.7362
jordan,2000,3.7395
jordan,2001,3.3309
jordan,2002,3.7696
jordan,2003,3.6857
jordan,2004,3.9286
jordan,2005,3.9153
jordan,2006,4.2087
jordan,2007,5.4270
jordan,2008,4.3194
jordan,2009,4.0979
jordan,2010,4.4302
jordan,2011,3.9418
jordan,2012,3.6549
jordan,2013,4.3194
jordan,2014,5.4319
jordan,2015,3.5515
jordan,2016,3.1151
jordan,2017,3.0602
jordan,2018,3.2765
jordan,2019,3.4819
jordan,2020,3.5399
jordan,2021,3.4220
jordan,2022,3.5116
kazakhstan,1993,7.9877
kazakhstan,1994,7.7445
kazakhstan,1995,7.5014
kazakhstan,1996,7.2473
kazakhstan,1997,6.9900
kazakhstan,1998,6.7285
kazakhstan,1999,6.4614
kazakhstan,2000,6.6953
kazakhstan,2001,6.5052
kazakhstan,2002,6.6700
kazakhstan,2003,6.7992
kazakhstan,2004,6.9619
kazakhstan,2005,6.5393
kazakhstan,2006,7.3915
kazakhstan,2007,8.0569
kazakhstan,2008,8.0305
kazakhstan,2009,9.1411
kazakhstan,2010,8.6118
kazakhstan,2011,8.5430
kazakhstan,2012,9.3989
kazakhstan,2013,9.3203
kazakhstan,2014,10.243
kazakhstan,2015,8.4847
kazakhstan,2016,8.7018
kazakhstan,2017,8.8946
kazakhstan,2018,6.8488
kazakhstan,2019,5.5183
kazakhstan,2020,6.2461
kazakhstan,2021,8.2176
kazakhstan,2022,8.2586
kenya,1990,0.65952
kenya,1991,0.67220
kenya,1992,0.68489
kenya,1993,0.69757
kenya,1994,0.71025
kenya,1995,0.72294
kenya,1996,0.73562
kenya,1997,0.74830
kenya,1998,0.76099
kenya,1999,0.77367
kenya,2000,0.78635
kenya,2001,0.79904
kenya,2002,0.81172
kenya,2003,0.82440
kenya,2004,0.85385
kenya,2005,0.88329
kenya,2006,0.91273
kenya,2007,0.94217
kenya,2008,0.97162
kenya,2009,1.0011
kenya,2010,1.0305
kenya,2011,1.0306
kenya,2012,1.0308
kenya,2013,1.0309
kenya,2014,1.0310
kenya,2015,1.0311
kenya,2016,2.4979
kenya,2017,2.4979
kenya,2018,2.4979
kenya,2019,2.4979
kenya,2020,2.4979
kenya,2021,2.4979
kenya,2022,2.4979
kuwait,1993,37.091
kuwait,1994,33.421
kuwait,1995,36.523
kuwait,1996,39.610
kuwait,1997,42.684
kuwait,1998,45.749
kuwait,1999,49.853
kuwait,2000,53.972
kuwait,2001,50.611
kuwait,2002,47.262
kuwait,2003,49.832
kuwait,2004,52.408
kuwait,2005,54.990
kuwait,2006,56.500
kuwait,2007,57.965
kuwait,2008,59.389
kuwait,2009,60.773
kuwait,2010,62.118
kuwait,2011,63.426
kuwait,2012,64.699
kuwait,2013,65.939
kuwait,2014,67.145
kuwait,2015,68.320
kuwait,2016,69.752
kuwait,2017,71.773
kuwait,2018,71.773
kuwait,2019,71.773
kuwait,2020,71.773
kuwait,2021,71.773
kuwait,2022,71.773
kyrgyzstan,1994,1.8213
kyrgyzstan,1995,1.8532
kyrgyzstan,1996,1.8842
kyrgyzstan,1997,1.9160
kyrgyzstan,1998,1.9480
kyrgyzstan,1999,1.9803
kyrgyzstan,2000,2.0127
kyrgyzstan,2001,2.0304
kyrgyzstan,2002,2.0470
kyrgyzstan,2003,2.0623
kyrgyzstan,2004,2.0764
kyrgyzstan,2005,2.0889
kyrgyzstan,2006,2.0998
kyrgyzstan,2007,2.1182
kyrgyzstan,2008,2.1368
kyrgyzstan,2009,2.1559
kyrgyzstan,2010,2.1752
kyrgyzstan,2011,2.1949
kyrgyzstan,2012,2.1949
kyrgyzstan,2013,2.1949
kyrgyzstan,2014,2.1949
kyrgyzstan,2015,2.1949
kyrgyzstan,2016,2.1949
kyrgyzstan,2017,2.1949
kyrgyzstan,2018,2.1949
kyrgyzstan,2019,2.1949
kyrgyzstan,2020,2.1949
kyrgyzstan,2021,2.1949
kyrgyzstan,2022,2.1949
land_locked_developing_countries,2000,0.89655
land_locked_developing_countries,2001,0.91944
land_locked_developing_countries,2002,0.88119
land_locked_developing_countries,2003,0.89728
land_locked_developing_countries,2004,0.95124
land_locked_developing_countries,2005,0.82096
land_locked_developing_countries,2006,0.85513
land_locked_developing_countries,2007,0.87064
land_locked_developing_countries,2008,0.85736
land_locked_developing_countries,2009,0.86952
land_locked_developing_countries,2010,0.91030
land_locked_developing_countries,2011,0.89259
land_locked_developing_countries,2012,0.94202
land_locked_developing_countries,2013,0.94956
land_locked_developing_countries,2014,1.0137
land_locked_developing_countries,2015,0.90703
land_locked_developing_countries,2016,0.96647
land_locked_developing_countries,2017,1.0919
land_locked_developing_countries,2018,0.89483
land_locked_developing_countries,2019,0.81868
land_locked_developing_countries,2020,0.86057
land_locked_developing_countries,2021,1.0033
land_locked_developing_countries,2022,0.95378
lao_people_s_democratic_republic,2005,0.11082
lao_people_s_democratic_republic,2006,0.11082
lao_people_s_democratic_republic,2007,0.11082
lao_people_s_democratic_republic,2008,0.11082
lao_people_s_democratic_republic,2009,0.11082
lao_people_s_democratic_republic,2010,0.11082
lao_people_s_democratic_republic,2011,0.11082
lao_people_s_democratic_republic,2012,0.11082
lao_people_s_democratic_republic,2013,0.11082
lao_people_s_democratic_republic,2014,0.11082
lao_people_s_democratic_republic,2015,0.11082
lao_people_s_democratic_republic,2016,0.11082
lao_people_s_democratic_republic,2017,0.11082
lao_people_s_democratic_republic,2018,0.11082
lao_people_s_democratic_republic,2019,0.11082
lao_people_s_democratic_republic,2020,0.11082
lao_people_s_democratic_republic,2021,0.11082
lao_people_s_democratic_republic,2022,0.11082
latin_america_and_the_caribbean,2000,0.46081
latin_america_and_the_caribbean,2001,0.60294
latin_america_and_the_caribbean,2002,0.62587
latin_america_and_the_caribbean,2003,0.64933
latin_america_and_the_caribbean,2004,0.66605
latin_america_and_the_caribbean,2005,0.67947
latin_america_and_the_caribbean,2006,0.69929
latin_america_and_the_caribbean,2007,0.71652
latin_america_and_the_caribbean,2008,0.66189
latin_america_and_the_caribbean,2009,0.66136
latin_america_and_the_caribbean,2010,0.62000
latin_america_and_the_caribbean,2011,0.62130
latin_america_and_the_caribbean,2012,0.63806
latin_america_and_the_caribbean,2013,0.64741
latin_america_and_the_caribbean,2014,0.64857
latin_america_and_the_caribbean,2015,0.63209
latin_america_and_the_caribbean,2016,0.63242
latin_america_and_the_caribbean,2017,0.58361
latin_america_and_the_caribbean,2018,0.59374
latin_america_and_the_caribbean,2019,0.59180
latin_america_and_the_caribbean,2020,0.57820
latin_america_and_the_caribbean,2021,0.55201
latin_america_and_the_caribbean,2022,0.54630
latvia,2007,0.23769
latvia,2008,0.26977
latvia,2009,0.47610
latvia,2010,0.33860
latvia,2011,0.46264
latvia,2012,0.31646
latvia,2013,0.29295
latvia,2014,0.21665
latvia,2015,0.20648
latvia,2016,0.20381
latvia,2017,0.21595
latvia,2018,0.23235
latvia,2019,0.21484
latvia,2020,0.17988
latvia,2021,0.20190
latvia,2022,0.17850
least_developed_countries,2000,0.14364
least_developed_countries,2001,0.14887
least_developed_countries,2002,0.15273
least_developed_countries,2003,0.15857
least_developed_countries,2004,0.16341
least_developed_countries,2005,0.15836
least_developed_countries,2006,0.15447
least_developed_countries,2007,0.15541
least_developed_countries,2008,0.12449
least_developed_countries,2009,0.12434
least_developed_countries,2010,0.12406
least_developed_countries,2011,0.12379
least_developed_countries,2012,0.12309
least_developed_countries,2013,0.12318
least_developed_countries,2014,0.12327
least_developed_countries,2015,0.12313
least_developed_countries,2016,0.12306
least_developed_countries,2017,0.12296
least_developed_countries,2018,0.12299
least_developed_countries,2019,0.12304
least_developed_countries,2020,0.12304
least_developed_countries,2021,0.12304
least_developed_countries,2022,0.12304
lebanon,1975,0.97339
lebanon,1976,1.0075
lebanon,1977,1.0414
lebanon,1978,1.0759
lebanon,1979,1.1095
lebanon,1980,1.1435
lebanon,1981,1.1775
lebanon,1982,1.2115
lebanon,1983,1.2466
lebanon,1984,1.2808
lebanon,1985,1.3149
lebanon,1986,1.3491
lebanon,1987,1.3832
lebanon,1988,1.4174
lebanon,1989,1.4516
lebanon,1990,1.4857
lebanon,1991,1.5173
lebanon,1992,1.5518
lebanon,1993,1.5858
lebanon,1994,1.6198
lebanon,1995,1.7759
lebanon,1996,1.9320
lebanon,1997,2.0881
lebanon,1998,2.2442
lebanon,1999,2.4003
lebanon,2000,2.2617
lebanon,2001,2.6632
lebanon,2002,3.0625
lebanon,2003,3.4596
lebanon,2004,3.8543
lebanon,2005,4.0719
lebanon,2006,6.2539
lebanon,2007,8.5186
lebanon,2008,10.857
lebanon,2009,13.262
lebanon,2010,15.726
lebanon,2011,18.243
lebanon,2012,20.810
lebanon,2013,23.420
lebanon,2014,26.070
lebanon,2015,28.757
lebanon,2016,28.757
lebanon,2017,28.757
lebanon,2018,28.757
lebanon,2019,28.757
lebanon,2020,28.757
lebanon,2021,28.757
lebanon,2022,28.757
lesotho,1987,0.64441
lesotho,1988,0.68496
lesotho,1989,0.72552
lesotho,1990,0.76608
lesotho,1991,0.80663
lesotho,1992,0.84719
lesotho,1993,0.88775
lesotho,1994,0.92830
lesotho,1995,0.96886
lesotho,1996,1.0094
lesotho,1997,1.0500
lesotho,1998,1.0905
lesotho,1999,1.1311
lesotho,2000,1.1716
lesotho,2001,1.1716
lesotho,2002,1.1716
lesotho,2003,1.1716
lesotho,2004,1.1716
lesotho,2005,1.1716
lesotho,2006,1.1716
lesotho,2007,1.1716
lesotho,2008,1.1716
lesotho,2009,1.1716
lesotho,2010,1.1716
lesotho,2011,1.1716
lesotho,2012,1.1716
lesotho,2013,1.1716
lesotho,2014,1.1716
lesotho,2015,1.1716
lesotho,2016,1.1716
lesotho,2017,1.1716
lesotho,2018,1.1716
lesotho,2019,1.1716
lesotho,2020,1.1716
lesotho,2021,1.1716
lesotho,2022,1.1716
liberia,1987,0.030616
liberia,1988,0.034866
liberia,1989,0.039116
liberia,1990,0.043367
liberia,1991,0.047617
liberia,1992,0.051867
liberia,1993,0.056118
liberia,1994,0.060368
liberia,1995,0.064618
liberia,1996,0.068868
liberia,1997,0.073119
liberia,1998,0.077369
liberia,1999,0.081619
liberia,2000,0.085870
liberia,2001,0.088043
liberia,2002,0.090217
liberia,2003,0.092391
liberia,2004,0.094565
liberia,2005,0.096739
liberia,2006,0.096739
liberia,2007,0.096739
liberia,2008,0.096739
liberia,2009,0.096739
liberia,2010,0.096739
liberia,2011,0.096739
liberia,2012,0.096739
liberia,2013,0.096739
liberia,2014,0.096739
liberia,2015,0.096739
liberia,2016,0.096739
liberia,2017,0.096739
liberia,2018,0.096739
liberia,2019,0.096739
liberia,2020,0.096739
liberia,2021,0.096739
liberia,2022,0.096739
libya,1990,10.000
libya,1991,11.071
libya,1992,12.143
libya,1993,13.214
libya,1994,14.286
libya,1995,15.049
libya,1996,15.811
libya,1997,16.574
libya,1998,17.266
libya,1999,18.025
libya,2000,18.779
libya,2001,19.283
libya,2002,19.787
libya,2003,20.292
libya,2004,20.796
libya,2005,21.300
libya,2006,23.903
libya,2007,26.491
libya,2008,29.065
libya,2009,31.627
libya,2010,34.177
libya,2011,36.716
libya,2012,39.245
libya,2013,39.245
libya,2014,39.245
libya,2015,39.245
libya,2016,39.245
libya,2017,39.245
libya,2018,39.245
libya,2019,39.245
libya,2020,39.245
libya,2021,39.245
libya,2022,39.245
lithuania,1995,29.808
lithuania,1996,27.931
lithuania,1997,26.053
lithuania,1998,24.176
lithuania,1999,22.297
lithuania,2000,20.419
lithuania,2001,18.335
lithuania,2002,17.485
lithuania,2003,16.626
lithuania,2004,15.878
lithuania,2005,13.038
lithuania,2006,14.655
lithuania,2007,10.406
lithuania,2008,11.466
lithuania,2009,8.7797
lithuania,2010,6.1607
lithuania,2011,3.6113
lithuania,2012,2.9425
lithuania,2013,2.2273
lithuania,2014,1.2048
lithuania,2015,1.3220
lithuania,2016,0.84138
lithuania,2017,0.50252
lithuania,2018,0.43526
lithuania,2019,0.93599
lithuania,2020,1.4036
lithuania,2021,1.0818
lithuania,2022,0.63417
luxembourg,1995,1.2046
luxembourg,1996,1.1993
luxembourg,1997,1.1939
luxembourg,1998,1.1886
luxembourg,1999,1.1833
luxembourg,2000,1.0941
luxembourg,2001,1.0054
luxembourg,2002,0.92516
luxembourg,2003,0.83924
luxembourg,2004,0.75339
luxembourg,2005,0.66761
luxembourg,2006,0.58192
luxembourg,2007,0.49631
luxembourg,2008,0.41080
luxembourg,2009,0.32539
luxembourg,2010,0.24097
luxembourg,2011,0.28497
luxembourg,2012,0.30749
luxembourg,2013,0.16584
luxembourg,2014,0.25094
luxembourg,2015,0.16584
luxembourg,2016,0.10779
luxembourg,2017,0.13267
luxembourg,2018,0.15755
luxembourg,2019,0.36484
luxembourg,2020,0.0000
luxembourg,2021,0.47927
luxembourg,2022,0.15174
madagascar,1984,0.0000
madagascar,1985,0.0068410
madagascar,1986,0.013682
madagascar,1987,0.020523
madagascar,1988,0.027364
madagascar,1989,0.034205
madagascar,1990,0.041046
madagascar,1991,0.047887
madagascar,1992,0.054728
madagascar,1993,0.061569
madagascar,1994,0.068410
madagascar,1995,0.075251
madagascar,1996,0.082092
madagascar,1997,0.088933
madagascar,1998,0.095774
madagascar,1999,0.10262
madagascar,2000,0.10946
madagascar,2001,0.11466
madagascar,2002,0.11987
madagascar,2003,0.12507
madagascar,2004,0.13028
madagascar,2005,0.13548
madagascar,2006,0.13449
madagascar,2007,0.13449
madagascar,2008,0.13449
madagascar,2009,0.13449
madagascar,2010,0.13449
madagascar,2011,0.13449
madagascar,2012,0.13449
madagascar,2013,0.13449
madagascar,2014,0.13449
madagascar,2015,0.13449
madagascar,2016,0.13449
madagascar,2017,0.13449
madagascar,2018,0.13449
madagascar,2019,0.13449
madagascar,2020,0.13449
madagascar,2021,0.13449
madagascar,2022,0.13449
malawi,1994,0.41285
malawi,1995,0.42984
malawi,1996,0.44682
malawi,1997,0.46381
malawi,1998,0.48080
malawi,1999,0.49779
malawi,2000,0.51477
malawi,2001,0.53490
malawi,2002,0.55503
malawi,2003,0.57515
malawi,2004,0.59528
malawi,2005,0.61540
malawi,2006,0.61540
malawi,2007,0.61540
malawi,2008,0.61540
malawi,2009,0.61540
malawi,2010,0.61540
malawi,2011,0.61540
malawi,2012,0.61540
malawi,2013,0.61540
malawi,2014,0.61540
malawi,2015,0.61540
malawi,2016,0.61540
malawi,2017,0.61540
malawi,2018,0.61540
malawi,2019,0.61540
malawi,2020,0.61540
malawi,2021,0.61540
malawi,2022,0.61540
malaysia,1990,0.51209
malaysia,1991,0.57789
malaysia,1992,0.64368
malaysia,1993,0.70946
malaysia,1994,0.77523
malaysia,1995,0.97782
malaysia,1996,0.84093
malaysia,1997,0.84691
malaysia,1998,0.85290
malaysia,1999,0.85889
malaysia,2000,0.86488
malaysia,2001,0.87087
malaysia,2002,0.87686
malaysia,2003,0.88284
malaysia,2004,0.88883
malaysia,2005,0.89482
malaysia,2006,0.90081
malaysia,2007,0.90680
malaysia,2008,0.91279
malaysia,2009,0.91877
malaysia,2010,0.92476
malaysia,2011,0.93075
malaysia,2012,0.93674
malaysia,2013,0.94273
malaysia,2014,0.94872
malaysia,2015,0.95470
malaysia,2016,1.0047
malaysia,2017,1.0285
malaysia,2018,1.0285
malaysia,2019,1.0285
malaysia,2020,1.0285
malaysia,2021,1.0285
malaysia,2022,1.0285
maldives,1987,0.33333
maldives,1988,0.35897
maldives,1989,0.37253
maldives,1990,0.39154
maldives,1991,0.39092
maldives,1992,0.37597
maldives,1993,0.38401
maldives,1994,0.39196
maldives,1995,0.47175
maldives,1996,0.49072
maldives,1997,0.50967
maldives,1998,0.52860
maldives,1999,0.54751
maldives,2000,0.55208
maldives,2001,0.57421
maldives,2002,0.60657
maldives,2003,0.63875
maldives,2004,0.67073
maldives,2005,0.68557
maldives,2006,0.72239
maldives,2007,0.76888
maldives,2008,0.79661
maldives,2009,0.48426
maldives,2010,0.17191
maldives,2011,0.79661
maldives,2012,0.79661
maldives,2013,0.79661
maldives,2014,0.79661
maldives,2015,0.79661
maldives,2016,0.79661
maldives,2017,0.79661
maldives,2018,0.79661
maldives,2019,0.79661
maldives,2020,0.79661
maldives,2021,0.79661
maldives,2022,0.79661
mali,1987,0.021605
mali,1988,0.020793
mali,1989,0.019981
mali,1990,0.019168
mali,1991,0.018356
mali,1992,0.017544
mali,1993,0.016732
mali,1994,0.015919
mali,1995,0.015107
mali,1996,0.014295
mali,1997,0.013483
mali,1998,0.012671
mali,1999,0.011858
mali,2000,0.011046
mali,2001,0.010234
mali,2002,0.0094217
mali,2003,0.0086095
mali,2004,0.0077973
mali,2005,0.0069851
mali,2006,0.0061728
mali,2007,0.0061728
mali,2008,0.0061728
mali,2009,0.0061728
mali,2010,0.0061728
mali,2011,0.0061728
mali,2012,0.0061728
mali,2013,0.0061728
mali,2014,0.0061728
mali,2015,0.0061728
mali,2016,0.0061728
mali,2017,0.0061728
mali,2018,0.0061728
mali,2019,0.0061728
mali,2020,0.0061728
mali,2021,0.0061728
mali,2022,0.0061728
malta,1985,0.0000
malta,1986,0.0000
malta,1987,0.0000
malta,1988,0.0000
malta,1989,0.0000
malta,1990,0.0000
malta,1991,0.0000
malta,1992,0.0000
malta,1993,0.0000
malta,1994,0.0000
malta,1995,0.0000
malta,1996,0.087487
malta,1997,0.18509
malta,1998,0.29272
malta,1999,0.41025
malta,2000,0.53759
malta,2001,0.64284
malta,2002,0.80236
malta,2003,0.94524
malta,2004,1.0852
malta,2005,1.3015
malta,2006,1.4619
malta,2007,1.5508
malta,2008,1.6227
malta,2009,1.6165
malta,2010,2.0667
malta,2011,1.9079
malta,2012,1.9901
malta,2013,2.0152
malta,2014,1.3945
malta,2015,1.3394
malta,2016,1.3212
malta,2017,1.3801
malta,2018,1.3279
malta,2019,1.2832
malta,2020,1.2932
malta,2021,1.2748
malta,2022,1.1737
mauritania,1980,0.28493
mauritania,1981,0.28310
mauritania,1982,0.28126
mauritania,1983,0.27943
mauritania,1984,0.27760
mauritania,1985,0.27576
mauritania,1986,0.27393
mauritania,1987,0.27210
mauritania,1988,0.27026
mauritania,1989,0.26857
mauritania,1990,0.26642
mauritania,1991,0.26476
mauritania,1992,0.26293
mauritania,1993,0.26110
mauritania,1994,0.25926
mauritania,1995,0.25743
mauritania,1996,0.25560
mauritania,1997,0.25376
mauritania,1998,0.25193
mauritania,1999,0.25010
mauritania,2000,0.24826
mauritania,2001,0.26101
mauritania,2002,0.27375
mauritania,2003,0.28649
mauritania,2004,0.29922
mauritania,2005,0.31198
mauritania,2006,0.31198
mauritania,2007,0.31198
mauritania,2008,0.31198
mauritania,2009,0.31198
mauritania,2010,0.31198
mauritania,2011,0.31198
mauritania,2012,0.31198
mauritania,2013,0.31198
mauritania,2014,0.31198
mauritania,2015,0.31198
mauritania,2016,0.31198
mauritania,2017,0.31198
mauritania,2018,0.31198
mauritania,2019,0.31198
mauritania,2020,0.31198
mauritania,2021,0.31198
mauritania,2022,0.31198
mauritius,1974,0.90149
mauritius,1975,0.90149
mauritius,1976,0.93588
mauritius,1977,0.97027
mauritius,1978,1.0047
mauritius,1979,1.0391
mauritius,1980,1.0734
mauritius,1981,1.1078
mauritius,1982,1.1422
mauritius,1983,1.1766
mauritius,1984,1.2110
mauritius,1985,1.2454
mauritius,1986,1.2798
mauritius,1987,1.3142
mauritius,1988,1.3486
mauritius,1989,1.3830
mauritius,1990,1.4173
mauritius,1991,1.4756
mauritius,1992,1.5338
mauritius,1993,1.5920
mauritius,1994,1.6502
mauritius,1995,1.7085
mauritius,1996,1.7057
mauritius,1997,1.7029
mauritius,1998,1.7001
mauritius,1999,1.6974
mauritius,2000,1.6946
mauritius,2001,1.3721
mauritius,2002,1.0495
mauritius,2003,0.72701
mauritius,2004,0.56343
mauritius,2005,0.39985
mauritius,2006,0.47256
mauritius,2007,0.21810
mauritius,2008,0.25445
mauritius,2009,0.36350
mauritius,2010,0.35789
mauritius,2011,0.36350
mauritius,2012,0.39985
mauritius,2013,0.47256
mauritius,2014,0.47256
mauritius,2015,0.50891
mauritius,2016,0.43202
mauritius,2017,0.43196
mauritius,2018,0.39650
mauritius,2019,0.36168
mauritius,2020,0.32662
mauritius,2021,0.32661
mauritius,2022,0.36293
mexico,2001,2.4750
mexico,2002,2.5776
mexico,2003,2.7383
mexico,2004,2.7274
mexico,2005,2.6528
mexico,2006,2.6903
mexico,2007,2.6980
mexico,2008,2.7752
mexico,2009,2.7476
mexico,2010,2.7252
mexico,2011,2.7029
mexico,2012,2.7768
mexico,2013,2.9511
mexico,2014,2.8965
mexico,2015,2.9351
mexico,2016,2.9825
mexico,2017,2.5560
mexico,2018,4.2455
mexico,2019,4.2806
mexico,2020,4.2816
mexico,2021,4.2971
mexico,2022,3.9802
mongolia,1993,0.85169
mongolia,1994,0.90930
mongolia,1995,0.96690
mongolia,1996,1.0245
mongolia,1997,1.0821
mongolia,1998,1.1397
mongolia,1999,1.1973
mongolia,2000,1.2549
mongolia,2001,1.3125
mongolia,2002,1.3702
mongolia,2003,1.4278
mongolia,2004,1.4854
mongolia,2005,1.4844
mongolia,2006,1.6006
mongolia,2007,1.6495
mongolia,2008,1.6985
mongolia,2009,1.7474
mongolia,2010,1.5663
mongolia,2011,1.3852
mongolia,2012,1.2041
mongolia,2013,1.0230
mongolia,2014,0.84190
mongolia,2015,0.66079
mongolia,2016,1.2203
mongolia,2017,1.2203
mongolia,2018,1.2203
mongolia,2019,1.2203
mongolia,2020,1.2203
mongolia,2021,1.2203
mongolia,2022,1.2203
morocco,1992,1.5451
morocco,1993,1.5678
morocco,1994,1.5905
morocco,1995,1.6135
morocco,1996,1.6359
morocco,1997,1.6586
morocco,1998,1.6816
morocco,1999,1.7040
morocco,2000,1.7267
morocco,2001,2.7014
morocco,2002,3.6761
morocco,2003,3.3480
morocco,2004,3.0193
morocco,2005,2.6901
morocco,2006,2.3602
morocco,2007,2.0295
morocco,2008,1.6979
morocco,2009,1.3653
morocco,2010,1.0315
morocco,2011,1.0315
morocco,2012,1.0315
morocco,2013,1.0315
morocco,2014,1.0315
morocco,2015,1.0315
morocco,2016,1.0315
morocco,2017,1.0315
morocco,2018,1.0315
morocco,2019,1.0315
morocco,2020,1.0315
morocco,2021,1.0315
morocco,2022,1.0315
mozambique,1990,0.014269
mozambique,1991,0.015731
mozambique,1992,0.017194
mozambique,1993,0.018656
mozambique,1994,0.020119
mozambique,1995,0.021581
mozambique,1996,0.023044
mozambique,1997,0.024507
mozambique,1998,0.025969
mozambique,1999,0.027432
mozambique,2000,0.028894
mozambique,2001,0.031724
mozambique,2002,0.034554
mozambique,2003,0.037384
mozambique,2004,0.040214
mozambique,2005,0.043044
mozambique,2006,0.041712
mozambique,2007,0.040380
mozambique,2008,0.039049
mozambique,2009,0.037717
mozambique,2010,0.036385
mozambique,2011,0.035054
mozambique,2012,0.033722
mozambique,2013,0.032390
mozambique,2014,0.031058
mozambique,2015,0.029727
mozambique,2016,0.029727
mozambique,2017,0.029727
mozambique,2018,0.029727
mozambique,2019,0.029727
mozambique,2020,0.029727
mozambique,2021,0.029727
mozambique,2022,0.029727
myanmar,1987,0.020740
myanmar,1988,0.023608
myanmar,1989,0.026476
myanmar,1990,0.029344
myanmar,1991,0.032212
myanmar,1992,0.035080
myanmar,1993,0.037948
myanmar,1994,0.040816
myanmar,1995,0.043684
myanmar,1996,0.046552
myanmar,1997,0.049419
myanmar,1998,0.052287
myanmar,1999,0.055155
myanmar,2000,0.058023
myanmar,2001,0.063760
myanmar,2002,0.069485
myanmar,2003,0.075199
myanmar,2004,0.080902
myanmar,2005,0.086593
myanmar,2006,0.086593
myanmar,2007,0.086593
myanmar,2008,0.086593
myanmar,2009,0.086593
myanmar,2010,0.086593
myanmar,2011,0.086593
myanmar,2012,0.086593
myanmar,2013,0.086593
myanmar,2014,0.086593
myanmar,2015,0.086593
myanmar,2016,0.086593
myanmar,2017,0.086593
myanmar,2018,0.086593
myanmar,2019,0.086593
myanmar,2020,0.086593
myanmar,2021,0.086593
myanmar,2022,0.086593
namibia,1991,0.024420
namibia,1992,0.026329
namibia,1993,0.028238
namibia,1994,0.030147
namibia,1995,0.032055
namibia,1996,0.032526
namibia,1997,0.035485
namibia,1998,0.037200
namibia,1999,0.038915
namibia,2000,0.042744
namibia,2001,0.042744
namibia,2002,0.042744
namibia,2003,0.042302
namibia,2004,0.041470
namibia,2005,0.040600
namibia,2006,0.039693
namibia,2007,0.038787
namibia,2008,0.037812
namibia,2009,0.036800
namibia,2010,0.035750
namibia,2011,0.034661
namibia,2012,0.033533
namibia,2013,0.032366
namibia,2014,0.031059
namibia,2015,0.029804
namibia,2016,0.028509
namibia,2017,0.027173
namibia,2018,0.025797
namibia,2019,0.024532
namibia,2020,0.043804
namibia,2021,0.045392
namibia,2022,0.020827
nepal,2000,0.035358
nepal,2001,0.033450
nepal,2002,0.031542
nepal,2003,0.029634
nepal,2004,0.027726
nepal,2005,0.025818
nepal,2006,0.025818
nepal,2007,0.025818
nepal,2008,0.025818
nepal,2009,0.025818
nepal,2010,0.025818
nepal,2011,0.025818
nepal,2012,0.025818
nepal,2013,0.025818
nepal,2014,0.025818
nepal,2015,0.025818
nepal,2016,0.025818
nepal,2017,0.025818
nepal,2018,0.025818
nepal,2019,0.025818
nepal,2020,0.025818
nepal,2021,0.025818
nepal,2022,0.025818
netherlands_kingdom_of_the,1991,12.377
netherlands_kingdom_of_the,1992,11.789
netherlands_kingdom_of_the,1993,11.201
netherlands_kingdom_of_the,1994,10.614
netherlands_kingdom_of_the,1995,10.027
netherlands_kingdom_of_the,1996,9.5121
netherlands_kingdom_of_the,1997,10.473
netherlands_kingdom_of_the,1998,11.434
netherlands_kingdom_of_the,1999,12.395
netherlands_kingdom_of_the,2000,13.355
netherlands_kingdom_of_the,2001,14.350
netherlands_kingdom_of_the,2002,15.623
netherlands_kingdom_of_the,2003,16.710
netherlands_kingdom_of_the,2004,18.110
netherlands_kingdom_of_the,2005,19.404
netherlands_kingdom_of_the,2006,18.756
netherlands_kingdom_of_the,2007,18.270
netherlands_kingdom_of_the,2008,17.821
netherlands_kingdom_of_the,2009,19.002
netherlands_kingdom_of_the,2010,18.208
netherlands_kingdom_of_the,2011,16.945
netherlands_kingdom_of_the,2012,17.923
netherlands_kingdom_of_the,2013,17.478
netherlands_kingdom_of_the,2014,15.378
netherlands_kingdom_of_the,2015,13.419
netherlands_kingdom_of_the,2016,11.639
netherlands_kingdom_of_the,2017,11.597
netherlands_kingdom_of_the,2018,11.793
netherlands_kingdom_of_the,2019,12.510
netherlands_kingdom_of_the,2020,12.025
netherlands_kingdom_of_the,2021,11.736
netherlands_kingdom_of_the,2022,11.702
new_zealand,1985,0.15485
new_zealand,1986,0.16207
new_zealand,1987,0.16929
new_zealand,1988,0.17650
new_zealand,1989,0.18372
new_zealand,1990,0.19094
new_zealand,1991,0.19816
new_zealand,1992,0.20538
new_zealand,1993,0.21260
new_zealand,1994,0.21982
new_zealand,1995,0.22703
new_zealand,1996,0.23425
new_zealand,1997,0.24147
new_zealand,1998,0.24869
new_zealand,1999,0.25591
new_zealand,2000,0.22973
new_zealand,2001,0.33997
new_zealand,2002,0.43750
new_zealand,2003,0.52667
new_zealand,2004,0.61003
new_zealand,2005,0.68922
new_zealand,2006,0.76528
new_zealand,2007,0.81520
new_zealand,2008,0.86512
new_zealand,2009,0.91504
new_zealand,2010,0.96496
new_zealand,2011,1.1957
new_zealand,2012,1.4319
new_zealand,2013,1.6737
new_zealand,2014,1.9215
new_zealand,2015,1.9453
new_zealand,2016,1.9696
new_zealand,2017,1.9640
new_zealand,2018,1.9531
new_zealand,2019,1.9488
new_zealand,2020,1.9246
new_zealand,2021,1.9272
new_zealand,2022,1.9297
nicaragua,1998,0.047097
nicaragua,1999,0.058709
nicaragua,2000,0.070266
nicaragua,2001,0.081872
nicaragua,2002,0.093476
nicaragua,2003,0.10508
nicaragua,2004,0.11669
nicaragua,2005,0.12829
nicaragua,2006,0.12829
nicaragua,2007,0.12829
nicaragua,2008,0.12829
nicaragua,2009,0.11673
nicaragua,2010,0.10516
nicaragua,2011,0.093592
nicaragua,2012,0.082025
nicaragua,2013,0.070459
nicaragua,2014,0.058894
nicaragua,2015,0.047097
nicaragua,2016,0.035765
nicaragua,2017,0.024203
nicaragua,2018,0.012641
nicaragua,2019,0.0010803
nicaragua,2020,0.0010808
nicaragua,2021,0.0010808
nicaragua,2022,0.0010808
niger,1988,0.042662
niger,1989,0.048999
niger,1990,0.055308
niger,1991,0.061591
niger,1992,0.067854
niger,1993,0.074099
niger,1994,0.080328
niger,1995,0.086544
niger,1996,0.092748
niger,1997,0.098941
niger,1998,0.10513
niger,1999,0.11130
niger,2000,0.11747
niger,2001,0.12187
niger,2002,0.12627
niger,2003,0.13068
niger,2004,0.13509
niger,2005,0.13951
niger,2006,0.13049
niger,2007,0.12083
niger,2008,0.11062
niger,2009,0.099892
niger,2010,0.088709
niger,2011,0.077110
niger,2012,0.065133
niger,2013,0.10253
niger,2014,0.13652
niger,2015,0.14249
niger,2016,0.14804
niger,2017,0.15361
niger,2018,0.15926
niger,2019,0.16491
niger,2020,0.16491
niger,2021,0.16491
niger,2022,0.16491
nigeria,1987,0.42248
nigeria,1988,0.48262
nigeria,1989,0.54276
nigeria,1990,0.60290
nigeria,1991,0.66304
nigeria,1992,0.72318
nigeria,1993,0.78332
nigeria,1994,0.84346
nigeria,1995,0.90350
nigeria,1996,0.96374
nigeria,1997,1.0239
nigeria,1998,1.0840
nigeria,1999,1.1442
nigeria,2000,1.2043
nigeria,2001,1.2680
nigeria,2002,1.3317
nigeria,2003,1.3954
nigeria,2004,1.4591
nigeria,2005,1.5229
nigeria,2006,1.5229
nigeria,2007,1.5229
nigeria,2008,1.5229
nigeria,2009,1.5229
nigeria,2010,1.5233
nigeria,2011,1.5233
nigeria,2012,1.5233
nigeria,2013,1.5233
nigeria,2014,1.5233
nigeria,2015,1.5233
nigeria,2016,1.5233
nigeria,2017,1.5233
nigeria,2018,1.5233
nigeria,2019,1.5233
nigeria,2020,1.5233
nigeria,2021,1.5233
nigeria,2022,1.5233
north_macedonia,1996,6.6312
north_macedonia,1997,5.6044
north_macedonia,1998,4.5777
north_macedonia,1999,3.5509
north_macedonia,2000,2.5242
north_macedonia,2001,3.0707
north_macedonia,2002,3.3809
north_macedonia,2003,6.7657
north_macedonia,2004,12.414
north_macedonia,2005,16.569
north_macedonia,2006,10.801
north_macedonia,2007,4.8233
north_macedonia,2008,5.1611
north_macedonia,2009,5.6440
north_macedonia,2010,4.5394
north_macedonia,2011,3.8903
north_macedonia,2012,1.0985
north_macedonia,2013,2.5895
north_macedonia,2014,2.4321
north_macedonia,2015,2.3705
north_macedonia,2016,0.53991
north_macedonia,2017,1.9324
north_macedonia,2018,0.50355
north_macedonia,2019,0.59802
north_macedonia,2020,0.38214
north_macedonia,2021,0.32164
north_macedonia,2022,0.76331
northern_africa,2000,3.5792
northern_africa,2001,3.6260
northern_africa,2002,3.6678
northern_africa,2003,3.5163
northern_africa,2004,3.3624
northern_africa,2005,3.2062
northern_africa,2006,3.0469
northern_africa,2007,2.8855
northern_africa,2008,2.7220
northern_africa,2009,2.5582
northern_africa,2010,2.3921
northern_africa,2011,1.8909
northern_africa,2012,2.0775
northern_africa,2013,1.9748
northern_africa,2014,1.6859
northern_africa,2015,1.5916
northern_africa,2016,1.6254
northern_africa,2017,5.5745
northern_africa,2018,5.5435
northern_africa,2019,5.5710
northern_africa,2020,5.5863
northern_africa,2021,5.5794
northern_africa,2022,5.5554
northern_africa_and_western_asia,2000,4.4499
northern_africa_and_western_asia,2001,4.5849
northern_africa_and_western_asia,2002,4.6912
northern_africa_and_western_asia,2003,4.7354
northern_africa_and_western_asia,2004,3.9110
northern_africa_and_western_asia,2005,3.7882
northern_africa_and_western_asia,2006,3.6668
northern_africa_and_western_asia,2007,3.4940
northern_africa_and_western_asia,2008,3.3026
northern_africa_and_western_asia,2009,3.1470
northern_africa_and_western_asia,2010,3.0290
northern_africa_and_western_asia,2011,2.7986
northern_africa_and_western_asia,2012,2.8632
northern_africa_and_western_asia,2013,2.7391
northern_africa_and_western_asia,2014,2.5776
northern_africa_and_western_asia,2015,2.2971
northern_africa_and_western_asia,2016,2.2380
northern_africa_and_western_asia,2017,4.0934
northern_africa_and_western_asia,2018,4.3372
northern_africa_and_western_asia,2019,4.4103
northern_africa_and_western_asia,2020,4.0200
northern_africa_and_western_asia,2021,4.2508
northern_africa_and_western_asia,2022,4.2225
northern_america,2000,11.925
northern_america,2001,11.985
northern_america,2002,12.045
northern_america,2003,12.106
northern_america,2004,12.166
northern_america,2005,12.226
northern_america,2006,11.849
northern_america,2007,11.472
northern_america,2008,11.050
northern_america,2009,10.627
northern_america,2010,10.152
northern_america,2011,10.107
northern_america,2012,10.104
northern_america,2013,10.093
northern_america,2014,10.038
northern_america,2015,9.9749
northern_america,2016,9.9691
northern_america,2017,9.9633
northern_america,2018,9.9616
northern_america,2019,9.9600
northern_america,2020,9.9581
northern_america,2021,9.9570
northern_america,2022,9.9579
norway,1996,0.69123
norway,1997,0.65930
norway,1998,0.62737
norway,1999,0.59544
norway,2000,0.63476
norway,2001,0.67408
norway,2002,0.71340
norway,2003,0.75273
norway,2004,0.79205
norway,2005,0.83137
norway,2006,0.87069
norway,2007,0.93761
norway,2008,0.87602
norway,2009,0.81442
norway,2010,0.81442
norway,2011,0.81439
norway,2012,0.81439
norway,2013,0.81442
norway,2014,0.81441
norway,2015,0.81437
norway,2016,0.81432
norway,2017,0.81428
norway,2018,0.81427
norway,2019,0.81432
norway,2020,0.81432
norway,2021,0.81401
norway,2022,0.81401
oceania,2000,0.048512
oceania,2001,0.39804
oceania,2002,0.41970
oceania,2003,0.44108
oceania,2004,0.46216
oceania,2005,0.48295
oceania,2006,0.50766
oceania,2007,0.52676
oceania,2008,0.54584
oceania,2009,0.56491
oceania,2010,0.55367
oceania,2011,0.62481
oceania,2012,0.64734
oceania,2013,0.62893
oceania,2014,0.69560
oceania,2015,0.51406
oceania,2016,0.66768
oceania,2017,0.58015
oceania,2018,0.60754
oceania,2019,0.58854
oceania,2020,0.62017
oceania,2021,0.64528
oceania,2022,0.64072
oceania_excluding_australia_and_new_zealand,2000,0.040628
oceania_excluding_australia_and_new_zealand,2001,0.044049
oceania_excluding_australia_and_new_zealand,2002,0.047470
oceania_excluding_australia_and_new_zealand,2003,0.050891
oceania_excluding_australia_and_new_zealand,2004,0.054311
oceania_excluding_australia_and_new_zealand,2005,0.057732
oceania_excluding_australia_and_new_zealand,2006,0.057732
oceania_excluding_australia_and_new_zealand,2007,0.057732
oceania_excluding_australia_and_new_zealand,2008,0.057732
oceania_excluding_australia_and_new_zealand,2009,0.057732
oceania_excluding_australia_and_new_zealand,2010,0.057732
oceania_excluding_australia_and_new_zealand,2011,0.057732
oceania_excluding_australia_and_new_zealand,2012,0.057732
oceania_excluding_australia_and_new_zealand,2013,0.057732
oceania_excluding_australia_and_new_zealand,2014,0.057732
oceania_excluding_australia_and_new_zealand,2015,0.057732
oceania_excluding_australia_and_new_zealand,2016,0.057732
oceania_excluding_australia_and_new_zealand,2017,0.057732
oceania_excluding_australia_and_new_zealand,2018,0.057732
oceania_excluding_australia_and_new_zealand,2019,0.057732
oceania_excluding_australia_and_new_zealand,2020,0.057732
oceania_excluding_australia_and_new_zealand,2021,0.057732
oceania_excluding_australia_and_new_zealand,2022,0.057732
oman,1991,1.3283
oman,1992,1.4123
oman,1993,1.4961
oman,1994,1.5798
oman,1995,1.6181
oman,1996,1.6998
oman,1997,1.7814
oman,1998,1.8629
oman,1999,1.9444
oman,2000,2.0483
oman,2001,1.7750
oman,2002,1.5250
oman,2003,1.2184
oman,2004,1.9549
oman,2005,2.6866
oman,2006,3.4139
oman,2007,4.1374
oman,2008,4.8575
oman,2009,5.5745
oman,2010,6.2887
oman,2011,7.0003
oman,2012,7.7096
oman,2013,8.4169
oman,2014,10.612
oman,2015,12.698
oman,2016,14.839
oman,2017,14.839
oman,2018,14.831
oman,2019,14.505
oman,2020,14.505
oman,2021,14.505
oman,2022,14.505
pakistan,1975,0.94105
pakistan,1976,0.97808
pakistan,1977,1.0151
pakistan,1978,1.0522
pakistan,1979,1.0892
pakistan,1980,1.1262
pakistan,1981,1.1633
pakistan,1982,1.2003
pakistan,1983,1.2373
pakistan,1984,1.2744
pakistan,1985,1.3114
pakistan,1986,1.3485
pakistan,1987,1.3855
pakistan,1988,1.4225
pakistan,1989,1.4596
pakistan,1990,1.4961
pakistan,1991,1.5336
pakistan,1992,1.5998
pakistan,1993,1.6659
pakistan,1994,1.7320
pakistan,1995,1.7981
pakistan,1996,1.8642
pakistan,1997,1.9304
pakistan,1998,1.9965
pakistan,1999,2.0626
pakistan,2000,2.1287
pakistan,2001,1.9700
pakistan,2002,1.8113
pakistan,2003,1.6526
pakistan,2004,1.4939
pakistan,2005,1.3352
pakistan,2006,1.1765
pakistan,2007,1.0178
pakistan,2008,0.85908
pakistan,2009,0.85716
pakistan,2010,0.86741
pakistan,2011,0.84026
pakistan,2012,0.87958
pakistan,2013,0.85908
pakistan,2014,0.91231
pakistan,2015,0.92186
pakistan,2016,0.93525
pakistan,2017,0.93618
pakistan,2018,0.90234
pakistan,2019,0.82916
pakistan,2020,0.88759
pakistan,2021,0.86217
pakistan,2022,0.83941
palestine,2000,2.0176
palestine,2001,2.4168
palestine,2002,2.8334
palestine,2003,3.2427
palestine,2004,3.6574
palestine,2005,4.0374
palestine,2006,3.9037
palestine,2007,3.7365
palestine,2008,3.5693
palestine,2009,3.4021
palestine,2010,2.6797
palestine,2011,2.6411
palestine,2012,2.8955
palestine,2013,2.9924
palestine,2014,2.7163
palestine,2015,2.8816
palestine,2016,2.7767
palestine,2017,3.5035
palestine,2018,3.5229
palestine,2019,3.8361
palestine,2020,3.9122
palestine,2021,4.2481
palestine,2022,3.9912
panama,2010,0.0074383
panama,2011,0.0071407
panama,2012,0.0068432
panama,2013,0.0065457
panama,2014,0.0048349
panama,2015,0.0047605
panama,2016,0.0046117
panama,2017,0.0046117
panama,2018,0.0046117
panama,2019,0.0046117
panama,2020,0.0046117
panama,2021,0.0046117
panama,2022,0.0046117
papua_new_guinea,2000,0.039089
papua_new_guinea,2001,0.042577
papua_new_guinea,2002,0.046064
papua_new_guinea,2003,0.049551
papua_new_guinea,2004,0.053039
papua_new_guinea,2005,0.056526
papua_new_guinea,2006,0.056526
papua_new_guinea,2007,0.056526
papua_new_guinea,2008,0.056526
papua_new_guinea,2009,0.056526
papua_new_guinea,2010,0.056526
papua_new_guinea,2011,0.056526
papua_new_guinea,2012,0.056526
papua_new_guinea,2013,0.056526
papua_new_guinea,2014,0.056526
papua_new_guinea,2015,0.056526
papua_new_guinea,2016,0.056526
papua_new_guinea,2017,0.056526
papua_new_guinea,2018,0.056526
papua_new_guinea,2019,0.056526
papua_new_guinea,2020,0.056526
papua_new_guinea,2021,0.056526
papua_new_guinea,2022,0.056526
paraguay,1987,0.022895
paraguay,1988,0.023474
paraguay,1989,0.024053
paraguay,1990,0.024633
paraguay,1991,0.025212
paraguay,1992,0.025791
paraguay,1993,0.026370
paraguay,1994,0.026950
paraguay,1995,0.027529
paraguay,1996,0.028108
paraguay,1997,0.028687
paraguay,1998,0.029267
paraguay,1999,0.029846
paraguay,2000,0.030425
paraguay,2001,0.041264
paraguay,2002,0.052103
paraguay,2003,0.062942
paraguay,2004,0.073781
paraguay,2005,0.084620
paraguay,2006,0.095459
paraguay,2007,0.10630
paraguay,2008,0.11714
paraguay,2009,0.11714
paraguay,2010,0.11714
paraguay,2011,0.11553
paraguay,2012,0.11714
paraguay,2013,0.11714
paraguay,2014,0.11714
paraguay,2015,0.11714
paraguay,2016,0.11714
paraguay,2017,0.11714
paraguay,2018,0.11714
paraguay,2019,0.11714
paraguay,2020,0.11714
paraguay,2021,0.11714
paraguay,2022,0.11714
peru,2008,0.053463
peru,2009,0.11190
peru,2010,0.17034
peru,2011,0.22829
peru,2012,0.28722
peru,2013,0.34518
peru,2014,0.40410
peru,2015,0.46220
peru,2016,0.52098
peru,2017,0.57941
peru,2018,0.63785
peru,2019,0.65387
peru,2020,0.65387
peru,2021,0.29490
peru,2022,0.31036
philippines,2006,2.2799
philippines,2007,2.2464
philippines,2008,2.5212
philippines,2009,2.5233
philippines,2010,2.5274
philippines,2011,2.7389
philippines,2012,2.7628
philippines,2013,2.7680
philippines,2014,2.7863
philippines,2015,3.0359
philippines,2016,3.2074
philippines,2017,4.8656
philippines,2018,4.9492
philippines,2019,3.0208
philippines,2020,3.2509
philippines,2021,3.6579
philippines,2022,4.1583
poland,1992,31.752
poland,1993,31.939
poland,1994,32.127
poland,1995,32.316
poland,1996,32.461
poland,1997,32.606
poland,1998,31.996
poland,1999,31.388
poland,2000,30.779
poland,2001,30.223
poland,2002,30.234
poland,2003,29.709
poland,2004,29.628
poland,2005,29.612
poland,2006,29.687
poland,2007,27.870
poland,2008,27.877
poland,2009,26.925
poland,2010,26.483
poland,2011,29.217
poland,2012,26.445
poland,2013,27.761
poland,2014,26.319
poland,2015,25.697
poland,2016,25.185
poland,2017,24.349
poland,2018,21.571
poland,2019,20.045
poland,2020,19.207
poland,2021,20.772
poland,2022,21.275
portugal,1991,6.2275
portugal,1992,5.7676
portugal,1993,5.3084
portugal,1994,4.8483
portugal,1995,4.3882
portugal,1996,3.9281
portugal,1997,3.4675
portugal,1998,3.0074
portugal,1999,3.0430
portugal,2000,3.0769
portugal,2001,3.1120
portugal,2002,3.1471
portugal,2003,3.1823
portugal,2004,3.2174
portugal,2005,3.2525
portugal,2006,3.2876
portugal,2007,3.3227
portugal,2008,3.5553
portugal,2009,3.6888
portugal,2010,3.8172
portugal,2011,3.9533
portugal,2012,4.1243
portugal,2013,4.2910
portugal,2014,4.4701
portugal,2015,4.6633
portugal,2016,4.8598
portugal,2017,3.6752
portugal,2018,3.7556
portugal,2019,3.6634
portugal,2020,3.6526
portugal,2021,3.6526
portugal,2022,3.6526
puerto_rico,1990,14.527
puerto_rico,1991,14.580
puerto_rico,1992,14.632
puerto_rico,1993,14.682
puerto_rico,1994,14.730
puerto_rico,1995,14.776
puerto_rico,1996,14.821
puerto_rico,1997,14.864
puerto_rico,1998,14.904
puerto_rico,1999,14.943
puerto_rico,2000,14.980
puerto_rico,2001,15.400
puerto_rico,2002,15.817
puerto_rico,2003,16.232
puerto_rico,2004,16.644
puerto_rico,2005,17.054
puerto_rico,2006,17.089
puerto_rico,2007,17.123
puerto_rico,2008,17.153
puerto_rico,2009,17.190
puerto_rico,2010,17.223
puerto_rico,2011,16.607
puerto_rico,2012,15.993
puerto_rico,2013,15.371
puerto_rico,2014,14.744
puerto_rico,2015,14.110
puerto_rico,2016,14.110
puerto_rico,2017,14.110
puerto_rico,2018,14.110
puerto_rico,2019,14.110
puerto_rico,2020,14.110
puerto_rico,2021,14.110
puerto_rico,2022,14.110
qatar,1994,8.1691
qatar,1995,9.0430
qatar,1996,9.9137
qatar,1997,10.781
qatar,1998,11.646
qatar,1999,12.507
qatar,2000,13.365
qatar,2001,11.816
qatar,2002,10.497
qatar,2003,9.2185
qatar,2004,8.0128
qatar,2005,6.7412
qatar,2006,7.4793
qatar,2007,8.1457
qatar,2008,8.7954
qatar,2009,9.3005
qatar,2010,9.5959
qatar,2011,9.9047
qatar,2012,10.103
qatar,2013,10.574
qatar,2014,44.232
qatar,2015,60.762
qatar,2016,68.089
qatar,2017,17.181
qatar,2018,20.480
qatar,2019,21.481
qatar,2020,21.443
qatar,2021,19.016
qatar,2022,18.539
republic_of_korea,1990,5.8377
republic_of_korea,1991,6.3617
republic_of_korea,1992,6.8848
republic_of_korea,1993,7.4070
republic_of_korea,1994,7.9285
republic_of_korea,1995,8.4758
republic_of_korea,1996,9.0243
republic_of_korea,1997,9.5738
republic_of_korea,1998,10.390
republic_of_korea,1999,11.413
republic_of_korea,2000,12.480
republic_of_korea,2001,12.733
republic_of_korea,2002,12.991
republic_of_korea,2003,13.316
republic_of_korea,2004,13.590
republic_of_korea,2005,12.988
republic_of_korea,2006,13.853
republic_of_korea,2007,13.832
republic_of_korea,2008,13.811
republic_of_korea,2009,13.790
republic_of_korea,2010,13.769
republic_of_korea,2011,13.748
republic_of_korea,2012,13.727
republic_of_korea,2013,13.707
republic_of_korea,2014,13.686
republic_of_korea,2015,14.066
republic_of_korea,2016,14.003
republic_of_korea,2017,14.003
republic_of_korea,2018,14.003
republic_of_korea,2019,14.003
republic_of_korea,2020,14.003
republic_of_korea,2021,14.003
republic_of_korea,2022,14.003
republic_of_moldova,1992,13.647
republic_of_moldova,1993,13.781
republic_of_moldova,1994,13.915
republic_of_moldova,1995,14.049
republic_of_moldova,1996,16.371
republic_of_moldova,1997,14.317
republic_of_moldova,1998,14.451
republic_of_moldova,1999,14.585
republic_of_moldova,2000,14.719
republic_of_moldova,2001,9.4101
republic_of_moldova,2002,9.4976
republic_of_moldova,2003,9.6641
republic_of_moldova,2004,9.7328
republic_of_moldova,2005,9.9551
republic_of_moldova,2006,10.181
republic_of_moldova,2007,10.405
republic_of_moldova,2008,10.421
republic_of_moldova,2009,10.396
republic_of_moldova,2010,10.152
republic_of_moldova,2011,10.035
republic_of_moldova,2012,9.9976
republic_of_moldova,2013,9.8031
republic_of_moldova,2014,9.6410
republic_of_moldova,2015,9.6377
republic_of_moldova,2016,9.6707
republic_of_moldova,2017,8.6576
republic_of_moldova,2018,8.6427
republic_of_moldova,2019,8.6324
republic_of_moldova,2020,9.1554
republic_of_moldova,2021,9.1783
republic_of_moldova,2022,9.1783
romania,1970,4.4191
romania,1971,4.7805
romania,1972,5.1418
romania,1973,5.5032
romania,1974,5.8646
romania,1975,6.2260
romania,1976,6.8177
romania,1977,7.4094
romania,1978,8.0011
romania,1979,8.5928
romania,1980,9.1845
romania,1981,9.0965
romania,1982,9.0085
romania,1983,8.9205
romania,1984,8.8325
romania,1985,8.7445
romania,1986,8.6921
romania,1987,8.6396
romania,1988,8.5872
romania,1989,8.5348
romania,1990,8.4824
romania,1991,8.3825
romania,1992,8.2826
romania,1993,8.1828
romania,1994,7.8457
romania,1995,7.5087
romania,1996,7.2325
romania,1997,6.9563
romania,1998,6.8814
romania,1999,6.7222
romania,2000,6.2166
romania,2001,5.6549
romania,2002,5.7766
romania,2003,5.2102
romania,2004,4.6438
romania,2005,4.0773
romania,2006,3.5109
romania,2007,4.1007
romania,2008,4.6906
romania,2009,3.8948
romania,2010,4.1469
romania,2011,4.0986
romania,2012,4.0595
romania,2013,4.0286
romania,2014,3.9060
romania,2015,3.9079
romania,2016,3.8199
romania,2017,3.9640
romania,2018,3.6551
romania,2019,3.9556
romania,2020,3.7805
romania,2021,3.8517
romania,2022,3.6888
russian_federation,1994,3.0208
russian_federation,1995,2.9490
russian_federation,1996,2.8772
russian_federation,1997,2.8055
russian_federation,1998,2.7337
russian_federation,1999,2.6619
russian_federation,2000,2.8954
russian_federation,2001,2.5184
russian_federation,2002,2.5019
russian_federation,2003,2.4854
russian_federation,2004,2.4689
russian_federation,2005,2.6363
russian_federation,2006,2.4359
russian_federation,2007,2.4195
russian_federation,2008,2.4030
russian_federation,2009,2.3865
russian_federation,2010,2.6515
russian_federation,2011,2.3535
russian_federation,2012,2.4347
russian_federation,2013,2.3206
russian_federation,2014,2.2125
russian_federation,2015,1.8170
russian_federation,2016,1.8036
russian_federation,2017,1.7845
russian_federation,2018,1.8462
russian_federation,2019,1.8462
russian_federation,2020,1.8462
russian_federation,2021,1.8462
russian_federation,2022,1.8462
rwanda,2000,0.39735
rwanda,2001,0.45364
rwanda,2002,0.50993
rwanda,2003,0.56623
rwanda,2004,0.62252
rwanda,2005,0.67881
rwanda,2006,0.65397
rwanda,2007,0.62914
rwanda,2008,0.60430
rwanda,2009,0.57947
rwanda,2010,0.55464
rwanda,2011,0.52980
rwanda,2012,0.50497
rwanda,2013,0.48013
rwanda,2014,0.45530
rwanda,2015,0.43046
rwanda,2016,0.40563
rwanda,2017,0.38079
rwanda,2018,0.35596
rwanda,2019,0.33113
rwanda,2020,0.33636
rwanda,2021,0.33113
rwanda,2022,0.33608
saint_kitts_and_nevis,2012,0.0000
saint_kitts_and_nevis,2013,0.0000
saint_kitts_and_nevis,2014,0.0000
saint_kitts_and_nevis,2015,0.0000
saint_kitts_and_nevis,2016,0.0000
saint_kitts_and_nevis,2017,0.0000
saint_kitts_and_nevis,2018,0.0000
saint_kitts_and_nevis,2019,0.0000
saint_kitts_and_nevis,2020,0.0000
saint_kitts_and_nevis,2021,0.0000
saint_kitts_and_nevis,2022,0.0000
saint_lucia,2007,0.0000
saint_lucia,2008,0.0000
saint_lucia,2009,0.0000
saint_lucia,2010,0.0000
saint_lucia,2011,0.0000
saint_lucia,2012,0.0000
saint_lucia,2013,0.0000
saint_lucia,2014,0.0000
saint_lucia,2015,0.0000
saint_lucia,2016,0.0000
saint_lucia,2017,0.0000
saint_lucia,2018,0.0000
saint_lucia,2019,0.0000
saint_lucia,2020,0.0000
saint_lucia,2021,0.0000
saint_lucia,2022,0.0000
saint_vincent_and_the_grenadines,2013,0.0018584
saint_vincent_and_the_grenadines,2014,0.0018584
saint_vincent_and_the_grenadines,2015,0.0018584
saint_vincent_and_the_grenadines,2016,0.0018584
saint_vincent_and_the_grenadines,2017,0.0018584
saint_vincent_and_the_grenadines,2018,0.0018584
saint_vincent_and_the_grenadines,2019,0.0018584
saint_vincent_and_the_grenadines,2020,0.0018584
saint_vincent_and_the_grenadines,2021,0.0018584
saint_vincent_and_the_grenadines,2022,0.0018584
sao_tome_and_principe,2016,0.027523
sao_tome_and_principe,2017,0.027523
sao_tome_and_principe,2018,0.027523
sao_tome_and_principe,2019,0.027523
sao_tome_and_principe,2020,0.027523
sao_tome_and_principe,2021,0.027523
sao_tome_and_principe,2022,0.027523
saudi_arabia,1992,7.6164
saudi_arabia,1993,8.0877
saudi_arabia,1994,8.5515
saudi_arabia,1995,9.0312
saudi_arabia,1996,9.4947
saudi_arabia,1997,9.9700
saudi_arabia,1998,10.437
saudi_arabia,1999,10.892
saudi_arabia,2000,11.354
saudi_arabia,2001,14.426
saudi_arabia,2002,17.526
saudi_arabia,2003,20.510
saudi_arabia,2004,23.505
saudi_arabia,2005,25.540
saudi_arabia,2006,28.296
saudi_arabia,2007,29.537
saudi_arabia,2008,30.814
saudi_arabia,2009,32.131
saudi_arabia,2010,33.489
saudi_arabia,2011,34.891
saudi_arabia,2012,36.340
saudi_arabia,2013,35.752
saudi_arabia,2014,35.538
saudi_arabia,2015,37.333
saudi_arabia,2016,39.422
saudi_arabia,2017,40.940
saudi_arabia,2018,52.471
saudi_arabia,2019,52.471
saudi_arabia,2020,52.471
saudi_arabia,2021,52.471
saudi_arabia,2022,52.471
senegal,1987,0.21797
senegal,1988,0.22574
senegal,1989,0.23351
senegal,1990,0.24128
senegal,1991,0.24905
senegal,1992,0.25682
senegal,1993,0.26458
senegal,1994,0.27235
senegal,1995,0.28012
senegal,1996,0.28789
senegal,1997,0.29566
senegal,1998,0.30343
senegal,1999,0.31120
senegal,2000,0.31897
senegal,2001,0.31365
senegal,2002,0.30834
senegal,2003,0.28839
senegal,2004,0.26845
senegal,2005,0.24846
senegal,2006,0.22856
senegal,2007,0.20861
senegal,2008,0.18867
senegal,2009,0.16872
senegal,2010,0.14878
senegal,2011,0.12883
senegal,2012,0.10888
senegal,2013,0.088939
senegal,2014,0.068993
senegal,2015,0.049048
senegal,2016,0.029102
senegal,2017,0.0091569
senegal,2018,0.0075219
senegal,2019,0.0075219
senegal,2020,0.0075219
senegal,2021,0.0075219
senegal,2022,0.0075219
serbia,2012,3.9721
serbia,2013,3.6926
serbia,2014,3.0175
serbia,2015,3.7274
serbia,2016,3.8430
serbia,2017,4.5720
serbia,2018,4.7237
serbia,2019,4.7795
serbia,2020,4.4934
serbia,2021,4.2056
serbia,2022,4.4709
sierra_leone,1987,0.035047
sierra_leone,1988,0.040924
sierra_leone,1989,0.046801
sierra_leone,1990,0.052678
sierra_leone,1991,0.058555
sierra_leone,1992,0.064432
sierra_leone,1993,0.070309
sierra_leone,1994,0.076186
sierra_leone,1995,0.082063
sierra_leone,1996,0.087940
sierra_leone,1997,0.093817
sierra_leone,1998,0.099694
sierra_leone,1999,0.10557
sierra_leone,2000,0.11145
sierra_leone,2001,0.11509
sierra_leone,2002,0.11874
sierra_leone,2003,0.12238
sierra_leone,2004,0.12603
sierra_leone,2005,0.12967
sierra_leone,2006,0.12967
sierra_leone,2007,0.12967
sierra_leone,2008,0.12967
sierra_leone,2009,0.12967
sierra_leone,2010,0.12967
sierra_leone,2011,0.12967
sierra_leone,2012,0.12967
sierra_leone,2013,0.12967
sierra_leone,2014,0.12967
sierra_leone,2015,0.12967
sierra_leone,2016,0.12967
sierra_leone,2017,0.12967
sierra_leone,2018,0.12967
sierra_leone,2019,0.12967
sierra_leone,2020,0.12967
sierra_leone,2021,0.12967
sierra_leone,2022,0.12967
singapore,1975,16.150
singapore,1976,22.131
singapore,1977,28.111
singapore,1978,34.092
singapore,1979,40.073
singapore,1980,46.053
singapore,1981,52.034
singapore,1982,58.015
singapore,1983,63.995
singapore,1984,69.976
singapore,1985,75.957
singapore,1986,81.937
singapore,1987,87.918
singapore,1988,93.899
singapore,1989,99.879
singapore,1990,105.23
singapore,1991,111.21
singapore,1992,117.19
singapore,1993,123.17
singapore,1994,129.15
singapore,1995,135.13
singapore,1996,141.11
singapore,1997,147.09
singapore,1998,153.07
singapore,1999,159.06
singapore,2000,165.04
singapore,2001,172.60
singapore,2002,177.89
singapore,2003,185.42
singapore,2004,192.95
singapore,2005,198.61
singapore,2006,182.01
singapore,2007,165.42
singapore,2008,149.15
singapore,2009,132.02
singapore,2010,114.91
singapore,2011,97.810
singapore,2012,83.162
singapore,2013,68.532
singapore,2014,55.826
singapore,2015,43.138
singapore,2016,43.333
singapore,2017,42.441
singapore,2018,41.505
singapore,2019,41.905
singapore,2020,42.389
singapore,2021,28.455
singapore,2022,14.988
slovakia,1993,1.6361
slovakia,1994,1.5556
slovakia,1995,1.4750
slovakia,1996,1.4970
slovakia,1997,3.2745
slovakia,1998,3.0769
slovakia,1999,2.8792
slovakia,2000,2.6816
slovakia,2001,2.6897
slovakia,2002,2.6786
slovakia,2003,2.4061
slovakia,2004,2.3465
slovakia,2005,2.1689
slovakia,2006,1.7341
slovakia,2007,1.3208
slovakia,2008,1.3147
slovakia,2009,1.1707
slovakia,2010,1.1306
slovakia,2011,1.1021
slovakia,2012,1.4148
slovakia,2013,0.99853
slovakia,2014,0.99613
slovakia,2015,1.0427
slovakia,2016,1.0178
slovakia,2017,0.99484
slovakia,2018,1.0258
slovakia,2019,1.0203
slovakia,2020,1.0000
slovakia,2021,1.0211
slovakia,2022,0.96628
slovenia,2002,4.7701
slovenia,2003,4.8814
slovenia,2004,5.0011
slovenia,2005,5.1237
slovenia,2006,5.1266
slovenia,2007,5.1610
slovenia,2008,5.7648
slovenia,2009,5.2406
slovenia,2010,5.1396
slovenia,2011,4.6954
slovenia,2012,5.1658
slovenia,2013,6.6802
slovenia,2014,5.5145
slovenia,2015,4.9304
slovenia,2016,4.8830
slovenia,2017,5.1251
slovenia,2018,5.3212
slovenia,2019,5.2130
slovenia,2020,5.6131
slovenia,2021,5.1048
slovenia,2022,4.3611
small_island_developing_states,2000,0.74940
small_island_developing_states,2001,0.77054
small_island_developing_states,2002,0.79059
small_island_developing_states,2003,0.81167
small_island_developing_states,2004,0.83028
small_island_developing_states,2005,0.84884
small_island_developing_states,2006,0.85958
small_island_developing_states,2007,0.86466
small_island_developing_states,2008,0.87714
small_island_developing_states,2009,0.88579
small_island_developing_states,2010,0.89216
small_island_developing_states,2011,0.86459
small_island_developing_states,2012,0.83846
small_island_developing_states,2013,0.81318
small_island_developing_states,2014,0.78766
small_island_developing_states,2015,0.68547
small_island_developing_states,2016,0.76764
small_island_developing_states,2017,0.73746
small_island_developing_states,2018,0.70685
small_island_developing_states,2019,0.67706
small_island_developing_states,2020,0.64464
small_island_developing_states,2021,0.63920
small_island_developing_states,2022,0.62730
somalia,1987,0.0000
somalia,1988,0.0000
somalia,1989,0.0000
somalia,1990,0.0000
somalia,1991,0.0000
somalia,1992,0.0000
somalia,1993,0.0000
somalia,1994,0.0000
somalia,1995,0.0000
somalia,1996,0.0000
somalia,1997,0.0000
somalia,1998,0.0000
somalia,1999,0.0000
somalia,2000,0.0000
somalia,2001,0.0049581
somalia,2002,0.0099162
somalia,2003,0.014874
somalia,2004,0.014874
somalia,2005,0.014874
somalia,2006,0.014874
somalia,2007,0.014874
somalia,2008,0.014874
somalia,2009,0.014874
somalia,2010,0.014874
somalia,2011,0.014874
somalia,2012,0.014874
somalia,2013,0.014874
somalia,2014,0.014874
somalia,2015,0.014874
somalia,2016,0.014874
somalia,2017,0.014874
somalia,2018,0.014874
somalia,2019,0.014874
somalia,2020,0.014874
somalia,2021,0.014874
somalia,2022,0.014874
south_africa,1990,4.6303
south_africa,1991,4.4090
south_africa,1992,4.1877
south_africa,1993,3.9664
south_africa,1994,3.7450
south_africa,1995,3.5237
south_africa,1996,3.4916
south_africa,1997,3.4598
south_africa,1998,3.4278
south_africa,1999,3.3958
south_africa,2000,3.3530
south_africa,2001,3.4954
south_africa,2002,3.6370
south_africa,2003,3.7791
south_africa,2004,3.9213
south_africa,2005,4.0635
south_africa,2006,4.2058
south_africa,2007,4.3482
south_africa,2008,4.4906
south_africa,2009,4.6330
south_africa,2010,4.7763
south_africa,2011,4.9181
south_africa,2012,5.0610
south_africa,2013,4.7958
south_africa,2014,8.0526
south_africa,2015,11.495
south_africa,2016,12.609
south_africa,2017,13.128
south_africa,2018,12.894
south_africa,2019,14.401
south_africa,2020,13.861
south_africa,2021,14.208
south_africa,2022,15.655
south_sudan,2012,1.4451
south_sudan,2013,1.4451
south_sudan,2014,1.4451
south_sudan,2015,1.4451
south_sudan,2016,1.4451
south_sudan,2017,1.4451
south_sudan,2018,1.4451
south_sudan,2019,1.4451
south_sudan,2020,1.4451
south_sudan,2021,1.4451
south_sudan,2022,1.4451
south_eastern_asia,2000,1.1350
south_eastern_asia,2001,1.3751
south_eastern_asia,2002,1.6100
south_eastern_asia,2003,1.8395
south_eastern_asia,2004,1.9840
south_eastern_asia,2005,2.0405
south_eastern_asia,2006,1.6781
south_eastern_asia,2007,1.5194
south_eastern_asia,2008,1.4994
south_eastern_asia,2009,1.4434
south_eastern_asia,2010,1.3876
south_eastern_asia,2011,1.3584
south_eastern_asia,2012,1.3045
south_eastern_asia,2013,1.2478
south_eastern_asia,2014,1.1907
south_eastern_asia,2015,1.1769
south_eastern_asia,2016,1.1557
south_eastern_asia,2017,1.3768
south_eastern_asia,2018,1.3879
south_eastern_asia,2019,1.1295
south_eastern_asia,2020,1.1603
south_eastern_asia,2021,1.2113
south_eastern_asia,2022,1.2748
southern_asia,2000,1.2155
southern_asia,2001,1.2587
southern_asia,2002,1.3019
southern_asia,2003,1.3451
southern_asia,2004,1.3240
southern_asia,2005,1.3483
southern_asia,2006,1.3672
southern_asia,2007,1.3859
southern_asia,2008,1.4003
southern_asia,2009,1.4344
southern_asia,2010,1.4718
southern_asia,2011,1.4633
southern_asia,2012,1.4756
southern_asia,2013,1.4692
southern_asia,2014,1.4859
southern_asia,2015,1.4888
southern_asia,2016,1.4930
southern_asia,2017,1.4933
southern_asia,2018,1.4827
southern_asia,2019,1.4598
southern_asia,2020,1.4781
southern_asia,2021,1.4702
southern_asia,2022,1.4630
spain,1986,16.251
spain,1987,14.739
spain,1988,13.228
spain,1989,11.718
spain,1990,10.209
spain,1991,8.7016
spain,1992,8.7649
spain,1993,8.8281
spain,1994,8.8913
spain,1995,8.9545
spain,1996,9.0177
spain,1997,9.0810
spain,1998,9.3037
spain,1999,9.5259
spain,2000,9.7476
spain,2001,9.8938
spain,2002,10.032
spain,2003,10.134
spain,2004,10.445
spain,2005,10.131
spain,2006,9.5797
spain,2007,8.7062
spain,2008,9.0533
spain,2009,9.2157
spain,2010,9.2335
spain,2011,9.1333
spain,2012,8.8925
spain,2013,8.8106
spain,2014,8.6442
spain,2015,8.2577
spain,2016,8.1336
spain,2017,7.6224
spain,2018,7.7941
spain,2019,7.6462
spain,2020,8.1977
spain,2021,8.1977
spain,2022,8.1977
sri_lanka,1990,1.3675
sri_lanka,1991,1.5909
sri_lanka,1992,1.8143
sri_lanka,1993,2.0377
sri_lanka,1994,2.2612
sri_lanka,1995,2.4846
sri_lanka,1996,2.7080
sri_lanka,1997,2.9314
sri_lanka,1998,3.1548
sri_lanka,1999,3.3783
sri_lanka,2000,3.6017
sri_lanka,2001,4.0468
sri_lanka,2002,4.4920
sri_lanka,2003,4.9372
sri_lanka,2004,5.3823
sri_lanka,2005,5.8275
sri_lanka,2006,5.8275
sri_lanka,2007,5.8275
sri_lanka,2008,5.8275
sri_lanka,2009,5.8275
sri_lanka,2010,5.8275
sri_lanka,2011,5.8275
sri_lanka,2012,5.8275
sri_lanka,2013,5.8275
sri_lanka,2014,5.8275
sri_lanka,2015,5.8275
sri_lanka,2016,5.8275
sri_lanka,2017,5.8275
sri_lanka,2018,5.8275
sri_lanka,2019,5.8275
sri_lanka,2020,5.8275
sri_lanka,2021,5.8275
sri_lanka,2022,5.8275
sub_saharan_africa,2000,0.32138
sub_saharan_africa,2001,0.33212
sub_saharan_africa,2002,0.33638
sub_saharan_africa,2003,0.34602
sub_saharan_africa,2004,0.35596
sub_saharan_africa,2005,0.36679
sub_saharan_africa,2006,0.37054
sub_saharan_africa,2007,0.37720
sub_saharan_africa,2008,0.37358
sub_saharan_africa,2009,0.37003
sub_saharan_africa,2010,0.36627
sub_saharan_africa,2011,0.36237
sub_saharan_africa,2012,0.37469
sub_saharan_africa,2013,0.36635
sub_saharan_africa,2014,0.42030
sub_saharan_africa,2015,0.47536
sub_saharan_africa,2016,0.50126
sub_saharan_africa,2017,0.51068
sub_saharan_africa,2018,0.50811
sub_saharan_africa,2019,0.52559
sub_saharan_africa,2020,0.51700
sub_saharan_africa,2021,0.52217
sub_saharan_africa,2022,0.54785
sudan,2012,0.33040
sudan,2013,0.33040
sudan,2014,0.33040
sudan,2015,0.33040
sudan,2016,0.33040
sudan,2017,0.33040
sudan,2018,0.33040
sudan,2019,0.33040
sudan,2020,0.33040
sudan,2021,0.33040
sudan,2022,0.33040
suriname,1987,0.14112
suriname,1988,0.14013
suriname,1989,0.13914
suriname,1990,0.13816
suriname,1991,0.13717
suriname,1992,0.13618
suriname,1993,0.13520
suriname,1994,0.13421
suriname,1995,0.13322
suriname,1996,0.13223
suriname,1997,0.13125
suriname,1998,0.13026
suriname,1999,0.12927
suriname,2000,0.12829
suriname,2001,0.25176
suriname,2002,0.37524
suriname,2003,0.49872
suriname,2004,0.62219
suriname,2005,0.74567
suriname,2006,0.86915
suriname,2007,0.86915
suriname,2008,0.86915
suriname,2009,0.86915
suriname,2010,0.86915
suriname,2011,0.86915
suriname,2012,0.86915
suriname,2013,0.86915
suriname,2014,0.86915
suriname,2015,0.86915
suriname,2016,0.86915
suriname,2017,0.86915
suriname,2018,0.86915
suriname,2019,0.86915
suriname,2020,0.86915
suriname,2021,0.86915
suriname,2022,0.86915
sweden,1970,4.2713
sweden,1971,4.2713
sweden,1972,4.2713
sweden,1973,4.2713
sweden,1974,4.2713
sweden,1975,4.2713
sweden,1976,4.2713
sweden,1977,4.2713
sweden,1978,4.2713
sweden,1979,4.2713
sweden,1980,4.2713
sweden,1981,4.0349
sweden,1982,3.7986
sweden,1983,3.5622
sweden,1984,3.3259
sweden,1985,3.0896
sweden,1986,2.9604
sweden,1987,2.8312
sweden,1988,2.7020
sweden,1989,2.5729
sweden,1990,2.5720
sweden,1991,2.5724
sweden,1992,2.5729
sweden,1993,2.4707
sweden,1994,2.3690
sweden,1995,2.2681
sweden,1996,2.2234
sweden,1997,2.1775
sweden,1998,2.1746
sweden,1999,2.1717
sweden,2000,2.1688
sweden,2001,2.1700
sweden,2002,2.1688
sweden,2003,2.1711
sweden,2004,2.1733
sweden,2005,2.1985
sweden,2006,2.1981
sweden,2007,2.1977
sweden,2008,2.2213
sweden,2009,2.2448
sweden,2010,2.2684
sweden,2011,2.2029
sweden,2012,2.1374
sweden,2013,2.0719
sweden,2014,2.0063
sweden,2015,1.9408
sweden,2016,1.9871
sweden,2017,2.0355
sweden,2018,2.0862
sweden,2019,2.1394
sweden,2020,1.8275
sweden,2021,2.1952
sweden,2022,2.1952
switzerland,2012,2.4453
switzerland,2013,2.4515
switzerland,2014,2.4515
switzerland,2015,2.4090
switzerland,2016,2.4077
switzerland,2017,2.4091
switzerland,2018,2.3627
switzerland,2019,2.4132
switzerland,2020,2.3980
switzerland,2021,2.4329
switzerland,2022,2.4104
syrian_arab_republic,1993,2.8052
syrian_arab_republic,1994,3.0457
syrian_arab_republic,1995,3.1882
syrian_arab_republic,1996,3.4910
syrian_arab_republic,1997,3.7225
syrian_arab_republic,1998,3.9986
syrian_arab_republic,1999,3.9986
syrian_arab_republic,2000,5.2632
syrian_arab_republic,2001,4.8179
syrian_arab_republic,2002,5.0672
syrian_arab_republic,2003,4.5858
syrian_arab_republic,2004,4.5466
syrian_arab_republic,2005,4.6251
syrian_arab_republic,2006,4.6251
syrian_arab_republic,2007,4.6251
syrian_arab_republic,2008,4.6251
syrian_arab_republic,2009,4.6103
syrian_arab_republic,2010,4.5956
syrian_arab_republic,2011,4.5809
syrian_arab_republic,2012,4.5662
syrian_arab_republic,2013,4.5662
syrian_arab_republic,2014,4.5662
syrian_arab_republic,2015,4.5662
syrian_arab_republic,2016,4.5662
syrian_arab_republic,2017,4.5662
syrian_arab_republic,2018,4.5662
syrian_arab_republic,2019,4.5662
syrian_arab_republic,2020,4.5662
syrian_arab_republic,2021,4.5662
syrian_arab_republic,2022,4.5662
tajikistan,1994,3.2069
tajikistan,1995,3.1906
tajikistan,1996,3.1688
tajikistan,1997,3.1408
tajikistan,1998,3.1057
tajikistan,1999,3.0626
tajikistan,2000,2.1961
tajikistan,2001,2.9393
tajikistan,2002,2.8711
tajikistan,2003,2.8054
tajikistan,2004,2.7418
tajikistan,2005,2.6801
tajikistan,2006,2.6201
tajikistan,2007,2.6436
tajikistan,2008,2.6681
tajikistan,2009,2.6950
tajikistan,2010,2.7242
tajikistan,2011,2.7559
tajikistan,2012,2.7903
tajikistan,2013,2.8277
tajikistan,2014,2.8685
tajikistan,2015,2.8073
tajikistan,2016,2.2364
tajikistan,2017,13.749
tajikistan,2018,10.621
tajikistan,2019,10.621
tajikistan,2020,11.375
tajikistan,2021,11.375
tajikistan,2022,11.375
thailand,2007,1.1152
thailand,2008,1.1152
thailand,2009,1.1152
thailand,2010,1.1152
thailand,2011,1.1152
thailand,2012,1.1152
thailand,2013,1.1152
thailand,2014,1.1152
thailand,2015,1.1152
thailand,2016,1.1152
thailand,2017,1.1152
thailand,2018,1.1152
thailand,2019,1.1152
thailand,2020,1.1152
thailand,2021,1.1152
thailand,2022,1.1152
timor_leste,2004,0.048239
timor_leste,2005,0.048239
timor_leste,2006,0.048239
timor_leste,2007,0.048239
timor_leste,2008,0.048239
timor_leste,2009,0.048239
timor_leste,2010,0.048239
timor_leste,2011,0.048239
timor_leste,2012,0.048239
timor_leste,2013,0.048239
timor_leste,2014,0.048239
timor_leste,2015,0.048239
timor_leste,2016,0.048239
timor_leste,2017,0.048239
timor_leste,2018,0.048239
timor_leste,2019,0.048239
timor_leste,2020,0.048239
timor_leste,2021,0.048239
timor_leste,2022,0.048239
togo,1987,0.18251
togo,1988,0.17440
togo,1989,0.16629
togo,1990,0.15817
togo,1991,0.15006
togo,1992,0.14195
togo,1993,0.13384
togo,1994,0.12573
togo,1995,0.11762
togo,1996,0.10951
togo,1997,0.10139
togo,1998,0.093283
togo,1999,0.085171
togo,2000,0.077060
togo,2001,0.068948
togo,2002,0.060837
togo,2003,0.072497
togo,2004,0.084157
togo,2005,0.095817
togo,2006,0.095817
togo,2007,0.095817
togo,2008,0.095817
togo,2009,0.095817
togo,2010,0.095817
togo,2011,0.095817
togo,2012,0.095817
togo,2013,0.095817
togo,2014,0.095817
togo,2015,0.095817
togo,2016,0.095817
togo,2017,0.095817
togo,2018,0.095817
togo,2019,0.095817
togo,2020,0.095817
togo,2021,0.095817
togo,2022,0.095817
trinidad_and_tobago,1997,5.6711
trinidad_and_tobago,1998,5.7759
trinidad_and_tobago,1999,5.8807
trinidad_and_tobago,2000,5.9855
trinidad_and_tobago,2001,6.1911
trinidad_and_tobago,2002,6.3966
trinidad_and_tobago,2003,6.6022
trinidad_and_tobago,2004,6.8077
trinidad_and_tobago,2005,6.2815
trinidad_and_tobago,2006,6.3741
trinidad_and_tobago,2007,6.4668
trinidad_and_tobago,2008,6.5594
trinidad_and_tobago,2009,6.6521
trinidad_and_tobago,2010,6.7447
trinidad_and_tobago,2011,6.8374
trinidad_and_tobago,2012,6.8374
trinidad_and_tobago,2013,6.8374
trinidad_and_tobago,2014,6.8374
trinidad_and_tobago,2015,6.8374
trinidad_and_tobago,2016,6.8374
trinidad_and_tobago,2017,6.8374
trinidad_and_tobago,2018,6.8374
trinidad_and_tobago,2019,6.8374
trinidad_and_tobago,2020,6.8374
trinidad_and_tobago,2021,6.8374
trinidad_and_tobago,2022,6.8374
tunisia,1990,2.1780
tunisia,1991,2.2387
tunisia,1992,2.2994
tunisia,1993,2.3601
tunisia,1994,2.4207
tunisia,1995,2.4814
tunisia,1996,2.5412
tunisia,1997,2.6008
tunisia,1998,2.6604
tunisia,1999,2.7199
tunisia,2000,2.7508
tunisia,2001,2.9719
tunisia,2002,3.0553
tunisia,2003,3.1374
tunisia,2004,3.2182
tunisia,2005,3.2977
tunisia,2006,3.3759
tunisia,2007,3.4531
tunisia,2008,3.5291
tunisia,2009,3.7099
tunisia,2010,3.8929
tunisia,2011,4.0781
tunisia,2012,3.6314
tunisia,2013,3.1809
tunisia,2014,2.7267
tunisia,2015,2.2691
tunisia,2016,1.8085
tunisia,2017,2.2284
tunisia,2018,1.1456
tunisia,2019,1.7004
tunisia,2020,1.6929
tunisia,2021,1.6929
tunisia,2022,1.6929
turkiye,1992,2.5997
turkiye,1993,2.4112
turkiye,1994,2.2227
turkiye,1995,2.0342
turkiye,1996,1.8458
turkiye,1997,1.6573
turkiye,1998,1.4688
turkiye,1999,1.2803
turkiye,2000,1.1648
turkiye,2001,1.9341
turkiye,2002,2.5890
turkiye,2003,3.1939
turkiye,2004,0.98059
turkiye,2005,0.98961
turkiye,2006,0.99879
turkiye,2007,1.0131
turkiye,2008,0.97485
turkiye,2009,1.1188
turkiye,2010,1.2207
turkiye,2011,1.2849
turkiye,2012,1.3927
turkiye,2013,1.5584
turkiye,2014,1.7741
turkiye,2015,1.2020
turkiye,2016,0.76312
turkiye,2017,0.79565
turkiye,2018,0.83701
turkiye,2019,0.84361
turkiye,2020,0.86821
turkiye,2021,0.99443
turkiye,2022,0.96171
turkmenistan,1994,0.71372
turkmenistan,1995,0.82593
turkmenistan,1996,0.93815
turkmenistan,1997,1.0504
turkmenistan,1998,1.1626
turkmenistan,1999,1.2748
turkmenistan,2000,1.3871
turkmenistan,2001,1.4199
turkmenistan,2002,1.4527
turkmenistan,2003,1.4856
turkmenistan,2004,4.3088
turkmenistan,2005,4.3088
turkmenistan,2006,4.3088
turkmenistan,2007,4.3127
turkmenistan,2008,4.3166
turkmenistan,2009,4.3205
turkmenistan,2010,4.3244
turkmenistan,2011,4.3283
turkmenistan,2012,4.3322
turkmenistan,2013,4.3361
turkmenistan,2014,4.3400
turkmenistan,2015,4.3439
turkmenistan,2016,4.3478
turkmenistan,2017,4.4620
turkmenistan,2018,4.1564
turkmenistan,2019,4.1564
turkmenistan,2020,4.1565
turkmenistan,2021,6.2766
turkmenistan,2022,6.2766
uganda,1970,0.14639
uganda,1971,0.15926
uganda,1972,0.17213
uganda,1973,0.18500
uganda,1974,0.19787
uganda,1975,0.21073
uganda,1976,0.22360
uganda,1977,0.23647
uganda,1978,0.24934
uganda,1979,0.26221
uganda,1980,0.27508
uganda,1981,0.28795
uganda,1982,0.30082
uganda,1983,0.31369
uganda,1984,0.32656
uganda,1985,0.33943
uganda,1986,0.35230
uganda,1987,0.36517
uganda,1988,0.37804
uganda,1989,0.39091
uganda,1990,0.40378
uganda,1991,0.41665
uganda,1992,0.42952
uganda,1993,0.44239
uganda,1994,0.45526
uganda,1995,0.46813
uganda,1996,0.48100
uganda,1997,0.49387
uganda,1998,0.50674
uganda,1999,0.51961
uganda,2000,0.53248
uganda,2001,0.47667
uganda,2002,0.42086
uganda,2003,0.42696
uganda,2004,0.43306
uganda,2005,0.43916
uganda,2006,0.44526
uganda,2007,0.45136
uganda,2008,0.45746
uganda,2009,0.45746
uganda,2010,0.45746
uganda,2011,0.45746
uganda,2012,0.45746
uganda,2013,0.45746
uganda,2014,0.45746
uganda,2015,0.45746
uganda,2016,0.45746
uganda,2017,0.45746
uganda,2018,0.45746
uganda,2019,0.45746
uganda,2020,0.45746
uganda,2021,0.45746
uganda,2022,0.45746
ukraine,1992,17.492
ukraine,1993,16.841
ukraine,1994,16.191
ukraine,1995,15.541
ukraine,1996,14.891
ukraine,1997,14.241
ukraine,1998,13.591
ukraine,1999,12.941
ukraine,2000,12.291
ukraine,2001,11.709
ukraine,2002,11.127
ukraine,2003,10.545
ukraine,2004,9.9627
ukraine,2005,9.3807
ukraine,2006,9.3511
ukraine,2007,9.3216
ukraine,2008,9.2920
ukraine,2009,9.2625
ukraine,2010,9.2330
ukraine,2011,8.4393
ukraine,2012,7.6472
ukraine,2013,6.8600
ukraine,2014,6.0789
ukraine,2015,5.0892
ukraine,2016,5.2349
ukraine,2017,5.0605
ukraine,2018,5.0605
ukraine,2019,5.3053
ukraine,2020,5.1264
ukraine,2021,4.6026
ukraine,2022,2.8243
united_arab_emirates,1980,54.000
united_arab_emirates,1981,59.289
united_arab_emirates,1982,64.578
united_arab_emirates,1983,69.867
united_arab_emirates,1984,75.156
united_arab_emirates,1985,80.444
united_arab_emirates,1986,85.733
united_arab_emirates,1987,91.022
united_arab_emirates,1988,96.311
united_arab_emirates,1989,101.60
united_arab_emirates,1990,96.672
united_arab_emirates,1991,99.150
united_arab_emirates,1992,101.62
united_arab_emirates,1993,104.08
united_arab_emirates,1994,106.53
united_arab_emirates,1995,108.98
united_arab_emirates,1996,100.87
united_arab_emirates,1997,92.277
united_arab_emirates,1998,83.283
united_arab_emirates,1999,73.960
united_arab_emirates,2000,59.629
united_arab_emirates,2001,46.657
united_arab_emirates,2002,35.273
united_arab_emirates,2003,25.253
united_arab_emirates,2004,28.724
united_arab_emirates,2005,32.216
united_arab_emirates,2006,29.879
united_arab_emirates,2007,27.670
united_arab_emirates,2008,25.580
united_arab_emirates,2009,23.602
united_arab_emirates,2010,21.729
united_arab_emirates,2011,19.955
united_arab_emirates,2012,18.273
united_arab_emirates,2013,16.678
united_arab_emirates,2014,15.165
united_arab_emirates,2015,13.729
united_arab_emirates,2016,12.367
united_arab_emirates,2017,12.058
united_arab_emirates,2018,12.124
united_arab_emirates,2019,11.973
united_arab_emirates,2020,11.790
united_arab_emirates,2021,11.577
united_arab_emirates,2022,17.238
united_kingdom_of_great_britain_and_northern_ireland,2000,9.4032
united_kingdom_of_great_britain_and_northern_ireland,2001,8.8240
united_kingdom_of_great_britain_and_northern_ireland,2002,8.2182
united_kingdom_of_great_britain_and_northern_ireland,2003,7.4973
united_kingdom_of_great_britain_and_northern_ireland,2004,6.3965
united_kingdom_of_great_britain_and_northern_ireland,2005,5.3276
united_kingdom_of_great_britain_and_northern_ireland,2006,2.6462
united_kingdom_of_great_britain_and_northern_ireland,2007,2.0341
united_kingdom_of_great_britain_and_northern_ireland,2008,1.9108
united_kingdom_of_great_britain_and_northern_ireland,2009,2.1765
united_kingdom_of_great_britain_and_northern_ireland,2010,1.5604
united_kingdom_of_great_britain_and_northern_ireland,2011,1.1466
united_kingdom_of_great_britain_and_northern_ireland,2012,1.8672
united_kingdom_of_great_britain_and_northern_ireland,2013,1.7020
united_kingdom_of_great_britain_and_northern_ireland,2014,1.4837
united_kingdom_of_great_britain_and_northern_ireland,2015,1.6003
united_kingdom_of_great_britain_and_northern_ireland,2016,1.7219
united_kingdom_of_great_britain_and_northern_ireland,2017,1.7219
united_kingdom_of_great_britain_and_northern_ireland,2018,1.7219
united_kingdom_of_great_britain_and_northern_ireland,2019,1.7219
united_kingdom_of_great_britain_and_northern_ireland,2020,1.7219
united_kingdom_of_great_britain_and_northern_ireland,2021,1.7219
united_kingdom_of_great_britain_and_northern_ireland,2022,1.7219
united_republic_of_tanzania,1994,0.061890
united_republic_of_tanzania,1995,0.061969
united_republic_of_tanzania,1996,0.062047
united_republic_of_tanzania,1997,0.062125
united_republic_of_tanzania,1998,0.062203
united_republic_of_tanzania,1999,0.062281
united_republic_of_tanzania,2000,0.062359
united_republic_of_tanzania,2001,0.062437
united_republic_of_tanzania,2002,0.062516
united_republic_of_tanzania,2003,0.062516
united_republic_of_tanzania,2004,0.062516
united_republic_of_tanzania,2005,0.062516
united_republic_of_tanzania,2006,0.062516
united_republic_of_tanzania,2007,0.062516
united_republic_of_tanzania,2008,0.062516
united_republic_of_tanzania,2009,0.062516
united_republic_of_tanzania,2010,0.062516
united_republic_of_tanzania,2011,0.062516
united_republic_of_tanzania,2012,0.062516
united_republic_of_tanzania,2013,0.062516
united_republic_of_tanzania,2014,0.062516
united_republic_of_tanzania,2015,0.062516
united_republic_of_tanzania,2016,0.062516
united_republic_of_tanzania,2017,0.062516
united_republic_of_tanzania,2018,0.062516
united_republic_of_tanzania,2019,0.062516
united_republic_of_tanzania,2020,0.062516
united_republic_of_tanzania,2021,0.062516
united_republic_of_tanzania,2022,0.062516
united_states_of_america,1990,16.016
united_states_of_america,1991,16.018
united_states_of_america,1992,16.020
united_states_of_america,1993,16.022
united_states_of_america,1994,16.024
united_states_of_america,1995,16.026
united_states_of_america,1996,16.028
united_states_of_america,1997,16.030
united_states_of_america,1998,16.031
united_states_of_america,1999,16.033
united_states_of_america,2000,16.034
united_states_of_america,2001,16.117
united_states_of_america,2002,16.201
united_states_of_america,2003,16.285
united_states_of_america,2004,16.369
united_states_of_america,2005,16.452
united_states_of_america,2006,15.879
united_states_of_america,2007,15.305
united_states_of_america,2008,14.730
united_states_of_america,2009,14.154
united_states_of_america,2010,13.576
united_states_of_america,2011,13.544
united_states_of_america,2012,13.499
united_states_of_america,2013,13.443
united_states_of_america,2014,13.373
united_states_of_america,2015,13.289
united_states_of_america,2016,13.289
united_states_of_america,2017,13.289
united_states_of_america,2018,13.289
united_states_of_america,2019,13.289
united_states_of_america,2020,13.289
united_states_of_america,2021,13.289
united_states_of_america,2022,13.289
uruguay,1965,0.052139
uruguay,1966,0.056761
uruguay,1967,0.061383
uruguay,1968,0.066005
uruguay,1969,0.070626
uruguay,1970,0.075248
uruguay,1971,0.079870
uruguay,1972,0.084492
uruguay,1973,0.089114
uruguay,1974,0.093736
uruguay,1975,0.098358
uruguay,1976,0.10298
uruguay,1977,0.10760
uruguay,1978,0.11222
uruguay,1979,0.11684
uruguay,1980,0.12147
uruguay,1981,0.12609
uruguay,1982,0.13071
uruguay,1983,0.13533
uruguay,1984,0.13995
uruguay,1985,0.14458
uruguay,1986,0.14920
uruguay,1987,0.15382
uruguay,1988,0.15844
uruguay,1989,0.16306
uruguay,1990,0.16769
uruguay,1991,0.17231
uruguay,1992,0.17693
uruguay,1993,0.18155
uruguay,1994,0.18617
uruguay,1995,0.19079
uruguay,1996,0.19542
uruguay,1997,0.20004
uruguay,1998,0.20466
uruguay,1999,0.20928
uruguay,2000,0.21390
uruguay,2001,0.27705
uruguay,2002,0.34020
uruguay,2003,0.40335
uruguay,2004,0.46649
uruguay,2005,0.52964
uruguay,2006,0.59279
uruguay,2007,0.65594
uruguay,2008,0.71908
uruguay,2009,0.78223
uruguay,2010,0.84538
uruguay,2011,0.90853
uruguay,2012,0.97167
uruguay,2013,1.0348
uruguay,2014,1.0980
uruguay,2015,1.1611
uruguay,2016,1.2243
uruguay,2017,1.2874
uruguay,2018,1.3506
uruguay,2019,1.4137
uruguay,2020,1.4769
uruguay,2021,1.4748
uruguay,2022,1.6142
uzbekistan,1994,2.9293
uzbekistan,1995,3.3774
uzbekistan,1996,3.8189
uzbekistan,1997,4.2538
uzbekistan,1998,4.6824
uzbekistan,1999,5.1048
uzbekistan,2000,5.5210
uzbekistan,2001,5.9784
uzbekistan,2002,5.4245
uzbekistan,2003,4.8727
uzbekistan,2004,4.3233
uzbekistan,2005,3.7763
uzbekistan,2006,3.9720
uzbekistan,2007,4.1720
uzbekistan,2008,4.3762
uzbekistan,2009,4.5850
uzbekistan,2010,4.7983
uzbekistan,2011,5.0162
uzbekistan,2012,5.2390
uzbekistan,2013,5.4667
uzbekistan,2014,5.6995
uzbekistan,2015,5.6183
uzbekistan,2016,6.0617
uzbekistan,2017,6.1088
uzbekistan,2018,5.6409
uzbekistan,2019,5.1762
uzbekistan,2020,5.0312
uzbekistan,2021,5.0203
uzbekistan,2022,3.3176
venezuela_bolivarian_republic_of,1970,0.15033
venezuela_bolivarian_republic_of,1971,0.15291
venezuela_bolivarian_republic_of,1972,0.15548
venezuela_bolivarian_republic_of,1973,0.15806
venezuela_bolivarian_republic_of,1974,0.16063
venezuela_bolivarian_republic_of,1975,0.16321
venezuela_bolivarian_republic_of,1976,0.16578
venezuela_bolivarian_republic_of,1977,0.16836
venezuela_bolivarian_republic_of,1978,0.17093
venezuela_bolivarian_republic_of,1979,0.17349
venezuela_bolivarian_republic_of,1980,0.17608
venezuela_bolivarian_republic_of,1981,0.17865
venezuela_bolivarian_republic_of,1982,0.18123
venezuela_bolivarian_republic_of,1983,0.18380
venezuela_bolivarian_republic_of,1984,0.18638
venezuela_bolivarian_republic_of,1985,0.18895
venezuela_bolivarian_republic_of,1986,0.19153
venezuela_bolivarian_republic_of,1987,0.19410
venezuela_bolivarian_republic_of,1988,0.19667
venezuela_bolivarian_republic_of,1989,0.19925
venezuela_bolivarian_republic_of,1990,0.20182
venezuela_bolivarian_republic_of,1991,0.20440
venezuela_bolivarian_republic_of,1992,0.20697
venezuela_bolivarian_republic_of,1993,0.20955
venezuela_bolivarian_republic_of,1994,0.21212
venezuela_bolivarian_republic_of,1995,0.21470
venezuela_bolivarian_republic_of,1996,0.21727
venezuela_bolivarian_republic_of,1997,0.21985
venezuela_bolivarian_republic_of,1998,0.22242
venezuela_bolivarian_republic_of,1999,0.22499
venezuela_bolivarian_republic_of,2000,0.22757
venezuela_bolivarian_republic_of,2001,0.23494
venezuela_bolivarian_republic_of,2002,0.24230
venezuela_bolivarian_republic_of,2003,0.23724
venezuela_bolivarian_republic_of,2004,0.24423
venezuela_bolivarian_republic_of,2005,0.25121
venezuela_bolivarian_republic_of,2006,0.25122
venezuela_bolivarian_republic_of,2007,0.26437
venezuela_bolivarian_republic_of,2008,0.26437
venezuela_bolivarian_republic_of,2009,0.26437
venezuela_bolivarian_republic_of,2010,0.26437
venezuela_bolivarian_republic_of,2011,0.26437
venezuela_bolivarian_republic_of,2012,0.26437
venezuela_bolivarian_republic_of,2013,0.26437
venezuela_bolivarian_republic_of,2014,0.26437
venezuela_bolivarian_republic_of,2015,0.26437
venezuela_bolivarian_republic_of,2016,0.26437
venezuela_bolivarian_republic_of,2017,0.26437
venezuela_bolivarian_republic_of,2018,0.26437
venezuela_bolivarian_republic_of,2019,0.26437
venezuela_bolivarian_republic_of,2020,0.26437
venezuela_bolivarian_republic_of,2021,0.26437
venezuela_bolivarian_republic_of,2022,0.26437
viet_nam,1980,0.33221
viet_nam,1981,0.39290
viet_nam,1982,0.45358
viet_nam,1983,0.51426
viet_nam,1984,0.57495
viet_nam,1985,0.63563
viet_nam,1986,0.64143
viet_nam,1987,0.64724
viet_nam,1988,0.65304
viet_nam,1989,0.65884
viet_nam,1990,0.66464
viet_nam,1991,0.67045
viet_nam,1992,0.67625
viet_nam,1993,0.68205
viet_nam,1994,0.68785
viet_nam,1995,0.69366
viet_nam,1996,0.69946
viet_nam,1997,0.70526
viet_nam,1998,0.71106
viet_nam,1999,0.71687
viet_nam,2000,0.72267
viet_nam,2001,0.71430
viet_nam,2002,0.70593
viet_nam,2003,0.69599
viet_nam,2004,0.68768
viet_nam,2005,0.67942
viet_nam,2006,0.67942
viet_nam,2007,0.67942
viet_nam,2008,0.67942
viet_nam,2009,0.67942
viet_nam,2010,0.67942
viet_nam,2011,0.67942
viet_nam,2012,0.67942
viet_nam,2013,0.67942
viet_nam,2014,0.67942
viet_nam,2015,0.67942
viet_nam,2016,0.67942
viet_nam,2017,0.67942
viet_nam,2018,0.67942
viet_nam,2019,0.67942
viet_nam,2020,0.67942
viet_nam,2021,0.67942
viet_nam,2022,0.67942
western_asia,2000,4.9729
western_asia,2001,5.1572
western_asia,2002,5.2853
western_asia,2003,5.3987
western_asia,2004,4.2243
western_asia,2005,4.1156
western_asia,2006,4.0078
western_asia,2007,3.8255
western_asia,2008,3.6050
western_asia,2009,3.4593
western_asia,2010,3.3618
western_asia,2011,3.2325
western_asia,2012,3.1732
western_asia,2013,3.0213
western_asia,2014,2.9970
western_asia,2015,2.6183
western_asia,2016,2.5358
western_asia,2017,3.4748
western_asia,2018,3.8179
western_asia,2019,3.9187
western_asia,2020,3.3659
western_asia,2021,3.6929
western_asia,2022,3.6579
world,2000,3.6880
world,2001,3.7396
world,2002,3.7868
world,2003,3.8163
world,2004,3.7904
world,2005,3.7950
world,2006,3.6744
world,2007,3.5979
world,2008,3.3993
world,2009,3.3216
world,2010,3.2425
world,2011,3.1991
world,2012,3.1434
world,2013,3.0624
world,2014,2.9997
world,2015,2.9032
world,2016,2.8966
world,2017,2.9292
world,2018,2.9058
world,2019,2.8276
world,2020,2.7454
world,2021,2.7663
world,2022,2.7585
yemen,1990,1.4712
yemen,1991,1.6468
yemen,1992,1.8225
yemen,1993,1.9982
yemen,1994,2.1740
yemen,1995,2.3497
yemen,1996,2.5254
yemen,1997,2.7012
yemen,1998,2.8770
yemen,1999,3.0528
yemen,2000,3.2229
yemen,2001,3.1976
yemen,2002,3.1718
yemen,2003,3.1466
yemen,2004,3.1208
yemen,2005,3.0952
yemen,2006,3.0952
yemen,2007,3.0952
yemen,2008,3.0952
yemen,2009,3.0952
yemen,2010,3.0952
yemen,2011,3.0952
yemen,2012,3.0952
yemen,2013,3.0952
yemen,2014,3.0952
yemen,2015,3.0952
yemen,2016,3.0952
yemen,2017,3.0952
yemen,2018,3.0952
yemen,2019,3.0952
yemen,2020,3.0952
yemen,2021,3.0952
yemen,2022,3.0952
zambia,1992,0.19300
zambia,1993,0.20292
zambia,1994,0.21284
zambia,1995,0.21628
zambia,1996,0.21971
zambia,1997,0.22313
zambia,1998,0.22654
zambia,1999,0.22994
zambia,2000,0.23333
zambia,2001,0.23390
zambia,2002,0.23449
zambia,2003,0.23449
zambia,2004,0.23449
zambia,2005,0.23449
zambia,2006,0.23449
zambia,2007,0.23449
zambia,2008,0.23449
zambia,2009,0.23449
zambia,2010,0.23449
zambia,2011,0.23449
zambia,2012,0.23449
zambia,2013,0.23449
zambia,2014,0.23449
zambia,2015,0.23449
zambia,2016,0.23449
zambia,2017,0.23449
zambia,2018,0.23449
zambia,2019,0.23449
zambia,2020,0.23449
zambia,2021,0.23449
zambia,2022,0.23449
zimbabwe,1987,0.79797
zimbabwe,1988,0.93128
zimbabwe,1989,1.0646
zimbabwe,1990,1.1979
zimbabwe,1991,1.3312
zimbabwe,1992,1.4645
zimbabwe,1993,1.5978
zimbabwe,1994,1.7311
zimbabwe,1995,1.8644
zimbabwe,1996,1.9977
zimbabwe,1997,2.1311
zimbabwe,1998,2.2644
zimbabwe,1999,2.3977
zimbabwe,2000,2.5310
zimbabwe,2001,2.6643
zimbabwe,2002,2.7976
zimbabwe,2003,2.6418
zimbabwe,2004,2.4859
zimbabwe,2005,2.3301
zimbabwe,2006,2.1742
zimbabwe,2007,2.0184
zimbabwe,2008,1.8616
zimbabwe,2009,1.7048
zimbabwe,2010,1.5481
zimbabwe,2011,1.3913
zimbabwe,2012,1.2345
zimbabwe,2013,1.0777
zimbabwe,2014,0.92095
zimbabwe,2015,0.76418
zimbabwe,2016,0.76424
zimbabwe,2017,0.76415
zimbabwe,2018,0.76373
zimbabwe,2019,0.76373
zimbabwe,2020,0.76373
zimbabwe,2021,0.76373
zimbabwe,2022,0.76373
