area,year,agricultural_water_withdrawal_as_pct_of_total_water_withdrawal
afghanistan,1987,99.000
afghanistan,1988,98.973
afghanistan,1989,98.944
afghanistan,1990,98.915
afghanistan,1991,98.884
afghanistan,1992,98.852
afghanistan,1993,98.818
afghanistan,1994,98.782
afghanistan,1995,98.745
afghanistan,1996,98.706
afghanistan,1997,98.665
afghanistan,1998,98.622
afghanistan,1999,98.614
afghanistan,2000,98.606
afghanistan,2001,98.519
afghanistan,2002,98.431
afghanistan,2003,98.344
afghanistan,2004,98.257
afghanistan,2005,98.170
afghanistan,2006,98.170
afghanistan,2007,98.170
afghanistan,2008,98.170
afghanistan,2009,98.170
afghanistan,2010,98.170
afghanistan,2011,98.170
afghanistan,2012,98.170
afghanistan,2013,98.170
afghanistan,2014,98.170
afghanistan,2015,98.170
afghanistan,2016,98.170
afghanistan,2017,98.170
afghanistan,2018,98.170
afghanistan,2019,98.170
afghanistan,2020,98.170
afghanistan,2021,98.170
afghanistan,2022,98.170
albania,1990,83.333
albania,1991,78.370
albania,1992,73.338
albania,1993,68.236
albania,1994,63.061
albania,1995,57.813
albania,1996,57.775
albania,1997,57.744
albania,1998,57.718
albania,1999,57.696
albania,2000,57.678
albania,2001,55.391
albania,2002,52.864
albania,2003,50.058
albania,2004,46.922
albania,2005,43.394
albania,2006,40.678
albania,2007,42.573
albania,2008,44.544
albania,2009,46.596
albania,2010,48.735
albania,2011,50.965
albania,2012,53.293
albania,2013,55.726
albania,2014,58.271
albania,2015,69.565
albania,2016,70.264
albania,2017,64.011
albania,2018,68.163
albania,2019,61.185
albania,2020,69.338
albania,2021,70.854
albania,2022,70.891
algeria,1980,74.000
algeria,1981,74.000
algeria,1982,74.000
algeria,1983,74.000
algeria,1984,74.000
algeria,1985,74.000
algeria,1986,70.595
algeria,1987,67.538
algeria,1988,64.780
algeria,1989,62.279
algeria,1990,60.000
algeria,1991,60.085
algeria,1992,60.165
algeria,1993,60.242
algeria,1994,60.315
algeria,1995,60.385
algeria,1996,60.451
algeria,1997,60.515
algeria,1998,60.576
algeria,1999,60.635
algeria,2000,60.691
algeria,2001,60.129
algeria,2002,60.015
algeria,2003,59.910
algeria,2004,59.812
algeria,2005,59.721
algeria,2006,59.637
algeria,2007,59.558
algeria,2008,59.483
algeria,2009,59.414
algeria,2010,59.348
algeria,2011,59.287
algeria,2012,59.228
algeria,2013,61.604
algeria,2014,63.804
algeria,2015,65.847
algeria,2016,64.141
algeria,2017,63.764
algeria,2018,64.455
algeria,2019,65.114
algeria,2020,65.742
algeria,2021,67.150
algeria,2022,67.430
angola,1987,76.042
angola,1988,71.713
angola,1989,67.596
angola,1990,63.676
angola,1991,59.939
angola,1992,56.372
angola,1993,52.964
angola,1994,49.705
angola,1995,46.584
angola,1996,43.594
angola,1997,40.727
angola,1998,37.974
angola,1999,35.329
angola,2000,32.787
angola,2001,30.195
angola,2002,27.704
angola,2003,25.309
angola,2004,23.004
angola,2005,20.785
angola,2006,20.785
angola,2007,20.785
angola,2008,20.785
angola,2009,20.785
angola,2010,20.785
angola,2011,20.785
angola,2012,20.785
angola,2013,20.785
angola,2014,20.785
angola,2015,20.785
angola,2016,20.785
angola,2017,20.785
angola,2018,20.785
angola,2019,20.785
angola,2020,20.785
angola,2021,20.785
angola,2022,20.785
antigua_and_barbuda,1990,20.000
antigua_and_barbuda,1991,19.953
antigua_and_barbuda,1992,19.909
antigua_and_barbuda,1993,19.869
antigua_and_barbuda,1994,19.832
antigua_and_barbuda,1995,19.798
antigua_and_barbuda,1996,19.766
antigua_and_barbuda,1997,19.737
antigua_and_barbuda,1998,19.080
antigua_and_barbuda,1999,18.466
antigua_and_barbuda,2000,17.890
antigua_and_barbuda,2001,17.165
antigua_and_barbuda,2002,16.839
antigua_and_barbuda,2003,16.359
antigua_and_barbuda,2004,15.905
antigua_and_barbuda,2005,15.476
antigua_and_barbuda,2006,15.509
antigua_and_barbuda,2007,15.538
antigua_and_barbuda,2008,15.565
antigua_and_barbuda,2009,15.590
antigua_and_barbuda,2010,15.612
antigua_and_barbuda,2011,15.633
antigua_and_barbuda,2012,15.652
antigua_and_barbuda,2013,15.652
antigua_and_barbuda,2014,15.652
antigua_and_barbuda,2015,15.652
antigua_and_barbuda,2016,15.652
antigua_and_barbuda,2017,15.652
antigua_and_barbuda,2018,15.652
antigua_and_barbuda,2019,15.652
antigua_and_barbuda,2020,15.652
antigua_and_barbuda,2021,15.652
antigua_and_barbuda,2022,15.652
argentina,1995,75.297
argentina,1996,74.321
argentina,1997,73.369
argentina,1998,72.441
argentina,1999,71.537
argentina,2000,70.654
argentina,2001,71.016
argentina,2002,71.362
argentina,2003,71.694
argentina,2004,72.012
argentina,2005,72.318
argentina,2006,72.612
argentina,2007,72.896
argentina,2008,73.168
argentina,2009,73.431
argentina,2010,73.684
argentina,2011,73.928
argentina,2012,73.928
argentina,2013,73.928
argentina,2014,73.928
argentina,2015,73.928
argentina,2016,73.928
argentina,2017,73.928
argentina,2018,73.928
argentina,2019,73.928
argentina,2020,73.928
argentina,2021,73.928
argentina,2022,73.928
armenia,1995,66.325
armenia,1996,66.276
armenia,1997,66.220
armenia,1998,66.156
armenia,1999,66.083
armenia,2000,65.998
armenia,2001,65.893
armenia,2002,65.767
armenia,2003,65.752
armenia,2004,65.758
armenia,2005,65.756
armenia,2006,65.759
armenia,2007,66.950
armenia,2008,64.678
armenia,2009,61.842
armenia,2010,58.203
armenia,2011,67.473
armenia,2012,71.676
armenia,2013,77.509
armenia,2014,74.908
armenia,2015,81.743
armenia,2016,80.000
armenia,2017,73.171
armenia,2018,69.344
armenia,2019,74.485
armenia,2020,70.343
armenia,2021,76.036
armenia,2022,77.474
australia,1993,65.447
australia,1994,69.489
australia,1995,66.952
australia,1996,69.851
australia,1997,69.736
australia,1998,69.619
australia,1999,69.501
australia,2000,69.383
australia,2001,69.263
australia,2002,68.361
australia,2003,67.395
australia,2004,66.356
australia,2005,65.235
australia,2006,62.594
australia,2007,59.574
australia,2008,56.088
australia,2009,52.020
australia,2010,53.833
australia,2011,55.114
australia,2012,59.848
australia,2013,65.678
australia,2014,63.358
australia,2015,54.241
australia,2016,65.537
australia,2017,69.414
australia,2018,70.658
australia,2019,66.645
australia,2020,62.324
australia,2021,66.138
australia,2022,66.886
australia_and_new_zealand,2000,69.040
australia_and_new_zealand,2001,68.597
australia_and_new_zealand,2002,67.464
australia_and_new_zealand,2003,66.300
australia_and_new_zealand,2004,65.106
australia_and_new_zealand,2005,63.879
australia_and_new_zealand,2006,61.473
australia_and_new_zealand,2007,59.337
australia_and_new_zealand,2008,56.968
australia_and_new_zealand,2009,54.328
australia_and_new_zealand,2010,55.991
australia_and_new_zealand,2011,57.137
australia_and_new_zealand,2012,60.638
australia_and_new_zealand,2013,65.315
australia_and_new_zealand,2014,63.634
australia_and_new_zealand,2015,56.715
australia_and_new_zealand,2016,65.703
australia_and_new_zealand,2017,68.692
australia_and_new_zealand,2018,69.602
australia_and_new_zealand,2019,66.394
australia_and_new_zealand,2020,62.981
australia_and_new_zealand,2021,65.842
australia_and_new_zealand,2022,66.444
austria,1980,2.6928
austria,1981,3.3041
austria,1982,3.8985
austria,1983,4.4766
austria,1984,5.0392
austria,1985,5.5869
austria,1986,4.9652
austria,1987,4.3588
austria,1988,3.7673
austria,1989,3.1901
austria,1990,2.6267
austria,1991,2.6770
austria,1992,2.7293
austria,1993,2.7837
austria,1994,2.8403
austria,1995,2.8993
austria,1996,2.8196
austria,1997,2.7442
austria,1998,2.7353
austria,1999,2.7265
austria,2000,2.7486
austria,2001,2.7710
austria,2002,2.7937
austria,2003,2.7385
austria,2004,2.6822
austria,2005,2.6249
austria,2006,2.5664
austria,2007,2.5069
austria,2008,2.4463
austria,2009,2.3554
austria,2010,2.2650
austria,2011,2.4391
austria,2012,2.6163
austria,2013,2.7966
austria,2014,2.9801
austria,2015,3.1669
austria,2016,3.3571
austria,2017,3.5508
austria,2018,3.7481
austria,2019,3.9490
austria,2020,4.5026
austria,2021,5.2365
austria,2022,5.2357
azerbaijan,1992,67.461
azerbaijan,1993,70.128
azerbaijan,1994,75.042
azerbaijan,1995,75.537
azerbaijan,1996,74.810
azerbaijan,1997,73.950
azerbaijan,1998,64.942
azerbaijan,1999,56.442
azerbaijan,2000,90.000
azerbaijan,2001,90.205
azerbaijan,2002,88.164
azerbaijan,2003,86.794
azerbaijan,2004,87.195
azerbaijan,2005,88.517
azerbaijan,2006,88.587
azerbaijan,2007,89.913
azerbaijan,2008,90.841
azerbaijan,2009,92.469
azerbaijan,2010,92.069
azerbaijan,2011,91.068
azerbaijan,2012,90.597
azerbaijan,2013,90.537
azerbaijan,2014,89.872
azerbaijan,2015,91.146
azerbaijan,2016,91.093
azerbaijan,2017,92.087
azerbaijan,2018,92.356
azerbaijan,2019,92.248
azerbaijan,2020,91.831
azerbaijan,2021,92.242
azerbaijan,2022,92.242
bahrain,1990,56.485
bahrain,1991,55.456
bahrain,1992,54.512
bahrain,1993,53.643
bahrain,1994,52.840
bahrain,1995,52.096
bahrain,1996,51.404
bahrain,1997,50.760
bahrain,1998,50.159
bahrain,1999,49.596
bahrain,2000,49.067
bahrain,2001,47.528
bahrain,2002,46.021
bahrain,2003,44.544
bahrain,2004,43.167
bahrain,2005,41.838
bahrain,2006,40.555
bahrain,2007,39.315
bahrain,2008,38.116
bahrain,2009,36.957
bahrain,2010,35.835
bahrain,2011,34.748
bahrain,2012,33.695
bahrain,2013,32.674
bahrain,2014,31.685
bahrain,2015,32.169
bahrain,2016,33.310
bahrain,2017,33.310
bahrain,2018,33.310
bahrain,2019,33.310
bahrain,2020,33.310
bahrain,2021,33.310
bahrain,2022,33.310
bangladesh,2008,87.817
bangladesh,2009,87.817
bangladesh,2010,87.817
bangladesh,2011,87.817
bangladesh,2012,87.817
bangladesh,2013,87.817
bangladesh,2014,87.817
bangladesh,2015,87.817
bangladesh,2016,87.817
bangladesh,2017,87.817
bangladesh,2018,87.817
bangladesh,2019,87.817
bangladesh,2020,87.817
bangladesh,2021,87.817
bangladesh,2022,87.817
barbados,1989,77.730
barbados,1990,76.111
barbados,1991,74.558
barbados,1992,73.067
barbados,1993,71.634
barbados,1994,70.256
barbados,1995,68.931
barbados,1996,67.654
barbados,1997,67.654
barbados,1998,67.654
barbados,1999,67.654
barbados,2000,67.654
barbados,2001,67.654
barbados,2002,67.654
barbados,2003,67.654
barbados,2004,67.654
barbados,2005,67.654
barbados,2006,67.654
barbados,2007,67.654
barbados,2008,67.654
barbados,2009,67.654
barbados,2010,67.654
barbados,2011,67.654
barbados,2012,67.654
barbados,2013,67.654
barbados,2014,67.654
barbados,2015,67.654
barbados,2016,67.654
barbados,2017,67.654
barbados,2018,67.654
barbados,2019,67.654
barbados,2020,67.654
barbados,2021,67.654
barbados,2022,67.654
belarus,1995,28.687
belarus,1996,27.816
belarus,1997,26.919
belarus,1998,25.995
belarus,1999,25.043
belarus,2000,24.061
belarus,2001,24.045
belarus,2002,24.028
belarus,2003,24.010
belarus,2004,23.993
belarus,2005,23.974
belarus,2006,25.167
belarus,2007,26.406
belarus,2008,27.694
belarus,2009,29.033
belarus,2010,30.426
belarus,2011,31.041
belarus,2012,31.665
belarus,2013,32.299
belarus,2014,32.973
belarus,2015,29.993
belarus,2016,29.477
belarus,2017,30.852
belarus,2018,29.907
belarus,2019,27.025
belarus,2020,27.615
belarus,2021,27.789
belarus,2022,27.228
belgium,1980,3.9998
belgium,1981,3.7640
belgium,1982,3.5255
belgium,1983,3.2842
belgium,1984,3.0401
belgium,1985,2.7930
belgium,1986,2.5430
belgium,1987,2.2900
belgium,1988,2.0340
belgium,1989,1.7749
belgium,1990,1.5126
belgium,1991,1.2470
belgium,1992,0.97823
belgium,1993,0.70608
belgium,1994,0.43052
belgium,1995,0.15149
belgium,1996,0.17878
belgium,1997,0.20806
belgium,1998,0.29456
belgium,1999,0.38223
belgium,2000,0.47110
belgium,2001,0.52124
belgium,2002,0.56693
belgium,2003,0.58734
belgium,2004,0.54276
belgium,2005,0.55415
belgium,2006,0.58387
belgium,2007,0.59351
belgium,2008,0.64050
belgium,2009,0.66644
belgium,2010,0.68243
belgium,2011,0.70044
belgium,2012,0.72087
belgium,2013,0.83619
belgium,2014,0.92764
belgium,2015,1.1267
belgium,2016,1.0937
belgium,2017,1.0410
belgium,2018,1.2782
belgium,2019,1.3004
belgium,2020,1.2600
belgium,2021,0.98654
belgium,2022,0.85268
belize,1987,90.000
belize,1988,79.403
belize,1989,71.306
belize,1990,64.919
belize,1991,59.751
belize,1992,55.484
belize,1993,51.901
belize,1994,55.833
belize,1995,58.451
belize,1996,61.268
belize,1997,63.437
belize,1998,65.160
belize,1999,66.561
belize,2000,67.723
belize,2001,67.723
belize,2002,67.723
belize,2003,67.723
belize,2004,67.723
belize,2005,67.723
belize,2006,67.723
belize,2007,67.723
belize,2008,67.723
belize,2009,67.723
belize,2010,67.723
belize,2011,67.723
belize,2012,67.723
belize,2013,67.723
belize,2014,67.723
belize,2015,67.723
belize,2016,67.723
belize,2017,67.723
belize,2018,67.723
belize,2019,67.723
belize,2020,67.723
belize,2021,67.723
belize,2022,67.723
benin,1985,58.182
benin,1986,58.928
benin,1987,59.615
benin,1988,60.248
benin,1989,60.834
benin,1990,61.378
benin,1991,61.886
benin,1992,62.360
benin,1993,62.803
benin,1994,63.218
benin,1995,61.011
benin,1996,58.704
benin,1997,56.289
benin,1998,53.758
benin,1999,51.104
benin,2000,48.316
benin,2001,45.385
benin,2002,42.533
benin,2003,40.019
benin,2004,37.786
benin,2005,35.789
benin,2006,33.992
benin,2007,32.367
benin,2008,30.890
benin,2009,29.542
benin,2010,28.307
benin,2011,27.171
benin,2012,26.123
benin,2013,25.152
benin,2014,24.251
benin,2015,23.413
benin,2016,24.686
benin,2017,25.214
benin,2018,25.214
benin,2019,25.214
benin,2020,25.214
benin,2021,25.214
benin,2022,25.214
bhutan,2008,94.083
bhutan,2009,94.083
bhutan,2010,94.083
bhutan,2011,94.083
bhutan,2012,94.083
bhutan,2013,94.083
bhutan,2014,94.083
bhutan,2015,94.083
bhutan,2016,94.083
bhutan,2017,94.083
bhutan,2018,94.083
bhutan,2019,94.083
bhutan,2020,94.083
bhutan,2021,94.083
bhutan,2022,94.083
bolivia_plurinational_state_of,1987,85.000
bolivia_plurinational_state_of,1988,85.749
bolivia_plurinational_state_of,1989,86.433
bolivia_plurinational_state_of,1990,87.059
bolivia_plurinational_state_of,1991,87.635
bolivia_plurinational_state_of,1992,88.166
bolivia_plurinational_state_of,1993,88.658
bolivia_plurinational_state_of,1994,89.114
bolivia_plurinational_state_of,1995,89.539
bolivia_plurinational_state_of,1996,89.935
bolivia_plurinational_state_of,1997,90.306
bolivia_plurinational_state_of,1998,90.653
bolivia_plurinational_state_of,1999,90.980
bolivia_plurinational_state_of,2000,91.090
bolivia_plurinational_state_of,2001,91.199
bolivia_plurinational_state_of,2002,91.307
bolivia_plurinational_state_of,2003,91.412
bolivia_plurinational_state_of,2004,91.516
bolivia_plurinational_state_of,2005,91.619
bolivia_plurinational_state_of,2006,91.720
bolivia_plurinational_state_of,2007,91.820
bolivia_plurinational_state_of,2008,91.954
bolivia_plurinational_state_of,2009,91.954
bolivia_plurinational_state_of,2010,91.445
bolivia_plurinational_state_of,2011,90.941
bolivia_plurinational_state_of,2012,90.443
bolivia_plurinational_state_of,2013,89.951
bolivia_plurinational_state_of,2014,89.463
bolivia_plurinational_state_of,2015,88.981
bolivia_plurinational_state_of,2016,88.504
bolivia_plurinational_state_of,2017,88.033
bolivia_plurinational_state_of,2018,87.566
bolivia_plurinational_state_of,2019,87.104
bolivia_plurinational_state_of,2020,521.93
bolivia_plurinational_state_of,2021,533.21
bolivia_plurinational_state_of,2022,87.078
botswana,1992,47.788
botswana,1993,46.508
botswana,1994,45.423
botswana,1995,44.491
botswana,1996,43.669
botswana,1997,42.948
botswana,1998,42.311
botswana,1999,41.745
botswana,2000,41.237
botswana,2001,40.547
botswana,2002,39.872
botswana,2003,39.210
botswana,2004,38.561
botswana,2005,37.925
botswana,2006,37.885
botswana,2007,37.845
botswana,2008,37.804
botswana,2009,37.762
botswana,2010,37.720
botswana,2011,37.677
botswana,2012,38.240
botswana,2013,36.709
botswana,2014,35.125
botswana,2015,36.315
botswana,2016,40.238
botswana,2017,35.751
botswana,2018,39.020
botswana,2019,36.928
botswana,2020,36.960
botswana,2021,33.387
botswana,2022,27.973
brazil,1996,60.926
brazil,1997,60.259
brazil,1998,59.600
brazil,1999,58.949
brazil,2000,58.305
brazil,2001,57.668
brazil,2002,57.038
brazil,2003,56.416
brazil,2004,55.800
brazil,2005,55.191
brazil,2006,54.589
brazil,2007,56.216
brazil,2008,57.637
brazil,2009,58.890
brazil,2010,60.003
brazil,2011,58.708
brazil,2012,57.322
brazil,2013,55.835
brazil,2014,54.237
brazil,2015,54.027
brazil,2016,60.866
brazil,2017,60.033
brazil,2018,58.361
brazil,2019,63.078
brazil,2020,61.766
brazil,2021,61.313
brazil,2022,60.842
brunei_darussalam,1995,5.7609
brunei_darussalam,1996,5.7609
brunei_darussalam,1997,5.7609
brunei_darussalam,1998,5.7609
brunei_darussalam,1999,5.7609
brunei_darussalam,2000,5.7609
brunei_darussalam,2001,5.7609
brunei_darussalam,2002,5.7609
brunei_darussalam,2003,5.7609
brunei_darussalam,2004,5.7609
brunei_darussalam,2005,5.7609
brunei_darussalam,2006,5.7609
brunei_darussalam,2007,5.7609
brunei_darussalam,2008,5.7609
brunei_darussalam,2009,5.7609
brunei_darussalam,2010,5.7609
brunei_darussalam,2011,5.7609
brunei_darussalam,2012,5.7609
brunei_darussalam,2013,5.7609
brunei_darussalam,2014,5.7609
brunei_darussalam,2015,5.7609
brunei_darussalam,2016,5.7609
brunei_darussalam,2017,5.7609
brunei_darussalam,2018,5.7609
brunei_darussalam,2019,5.7609
brunei_darussalam,2020,5.7609
brunei_darussalam,2021,5.7609
brunei_darussalam,2022,5.7609
bulgaria,1988,24.467
bulgaria,1989,22.071
bulgaria,1990,29.185
bulgaria,1991,28.376
bulgaria,1992,27.534
bulgaria,1993,26.657
bulgaria,1994,25.742
bulgaria,1995,24.788
bulgaria,1996,23.792
bulgaria,1997,22.750
bulgaria,1998,21.660
bulgaria,1999,20.519
bulgaria,2000,19.322
bulgaria,2001,14.832
bulgaria,2002,11.276
bulgaria,2003,15.958
bulgaria,2004,13.625
bulgaria,2005,13.606
bulgaria,2006,13.586
bulgaria,2007,11.276
bulgaria,2008,15.813
bulgaria,2009,16.277
bulgaria,2010,15.761
bulgaria,2011,16.445
bulgaria,2012,16.612
bulgaria,2013,15.088
bulgaria,2014,13.516
bulgaria,2015,14.723
bulgaria,2016,15.952
bulgaria,2017,14.758
bulgaria,2018,13.346
bulgaria,2019,11.453
bulgaria,2020,13.101
bulgaria,2021,14.083
bulgaria,2022,13.345
burkina_faso,1985,79.310
burkina_faso,1986,79.536
burkina_faso,1987,79.743
burkina_faso,1988,79.935
burkina_faso,1989,80.113
burkina_faso,1990,80.279
burkina_faso,1991,80.437
burkina_faso,1992,80.585
burkina_faso,1993,79.970
burkina_faso,1994,79.412
burkina_faso,1995,78.904
burkina_faso,1996,78.439
burkina_faso,1997,78.012
burkina_faso,1998,77.618
burkina_faso,1999,66.083
burkina_faso,2000,58.014
burkina_faso,2001,57.148
burkina_faso,2002,55.603
burkina_faso,2003,54.139
burkina_faso,2004,52.750
burkina_faso,2005,51.430
burkina_faso,2006,51.430
burkina_faso,2007,51.430
burkina_faso,2008,51.430
burkina_faso,2009,51.430
burkina_faso,2010,51.430
burkina_faso,2011,51.430
burkina_faso,2012,51.430
burkina_faso,2013,51.430
burkina_faso,2014,51.430
burkina_faso,2015,51.430
burkina_faso,2016,51.430
burkina_faso,2017,51.430
burkina_faso,2018,51.430
burkina_faso,2019,51.430
burkina_faso,2020,51.430
burkina_faso,2021,51.430
burkina_faso,2022,51.430
burundi,1987,64.000
burundi,1988,66.532
burundi,1989,68.496
burundi,1990,70.064
burundi,1991,71.345
burundi,1992,72.411
burundi,1993,73.311
burundi,1994,74.083
burundi,1995,74.750
burundi,1996,75.334
burundi,1997,75.849
burundi,1998,76.306
burundi,1999,76.715
burundi,2000,77.083
burundi,2001,77.509
burundi,2002,77.938
burundi,2003,78.373
burundi,2004,78.813
burundi,2005,79.257
burundi,2006,79.257
burundi,2007,79.257
burundi,2008,79.257
burundi,2009,79.257
burundi,2010,79.257
burundi,2011,79.257
burundi,2012,79.257
burundi,2013,79.257
burundi,2014,79.257
burundi,2015,79.257
burundi,2016,79.257
burundi,2017,79.257
burundi,2018,79.257
burundi,2019,79.257
burundi,2020,79.257
burundi,2021,79.257
burundi,2022,79.257
cabo_verde,2001,91.398
cabo_verde,2002,67.252
cabo_verde,2003,54.395
cabo_verde,2004,46.409
cabo_verde,2005,43.651
cabo_verde,2006,41.803
cabo_verde,2007,40.479
cabo_verde,2008,39.482
cabo_verde,2009,38.706
cabo_verde,2010,38.084
cabo_verde,2011,37.574
cabo_verde,2012,37.149
cabo_verde,2013,36.789
cabo_verde,2014,36.480
cabo_verde,2015,36.212
cabo_verde,2016,35.978
cabo_verde,2017,35.771
cabo_verde,2018,35.587
cabo_verde,2019,35.422
cabo_verde,2020,38.638
cabo_verde,2021,42.526
cabo_verde,2022,38.990
cambodia,2006,94.002
cambodia,2007,94.002
cambodia,2008,94.002
cambodia,2009,94.002
cambodia,2010,94.002
cambodia,2011,94.002
cambodia,2012,94.002
cambodia,2013,94.002
cambodia,2014,94.002
cambodia,2015,94.002
cambodia,2016,94.002
cambodia,2017,94.002
cambodia,2018,94.002
cambodia,2019,94.002
cambodia,2020,94.002
cambodia,2021,94.002
cambodia,2022,94.002
cameroon,1987,35.354
cameroon,1988,35.282
cameroon,1989,35.211
cameroon,1990,35.141
cameroon,1991,35.070
cameroon,1992,35.000
cameroon,1993,45.587
cameroon,1994,53.407
cameroon,1995,59.418
cameroon,1996,64.183
cameroon,1997,68.054
cameroon,1998,71.260
cameroon,1999,73.959
cameroon,2000,76.262
cameroon,2001,74.384
cameroon,2002,72.597
cameroon,2003,70.893
cameroon,2004,69.267
cameroon,2005,67.714
cameroon,2006,67.714
cameroon,2007,67.714
cameroon,2008,67.714
cameroon,2009,67.714
cameroon,2010,67.714
cameroon,2011,67.714
cameroon,2012,67.714
cameroon,2013,67.714
cameroon,2014,67.714
cameroon,2015,67.714
cameroon,2016,67.714
cameroon,2017,67.714
cameroon,2018,67.714
cameroon,2019,67.714
cameroon,2020,67.714
cameroon,2021,67.714
cameroon,2022,67.714
canada,1991,8.8506
canada,1992,9.0158
canada,1993,9.1853
canada,1994,9.3594
canada,1995,9.5381
canada,1996,9.7217
canada,1997,9.4252
canada,1998,9.1232
canada,1999,8.8270
canada,2000,8.5244
canada,2001,8.1026
canada,2002,7.6832
canada,2003,7.2659
canada,2004,6.8510
canada,2005,6.4383
canada,2006,6.0278
canada,2007,5.6196
canada,2008,5.6196
canada,2009,5.6196
canada,2010,11.705
canada,2011,10.996
canada,2012,10.200
canada,2013,9.3589
canada,2014,8.4586
canada,2015,7.5057
canada,2016,9.0992
canada,2017,10.645
canada,2018,10.674
canada,2019,10.703
canada,2020,10.729
canada,2021,10.681
canada,2022,10.694
central_african_republic,1987,2.0619
central_african_republic,1988,1.7391
central_african_republic,1989,1.5038
central_african_republic,1990,1.3245
central_african_republic,1991,1.1834
central_african_republic,1992,1.0695
central_african_republic,1993,0.97561
central_african_republic,1994,0.89686
central_african_republic,1995,0.82988
central_african_republic,1996,0.77220
central_african_republic,1997,0.72202
central_african_republic,1998,0.67797
central_african_republic,1999,0.63898
central_african_republic,2000,0.60423
central_african_republic,2001,0.59294
central_african_republic,2002,0.58207
central_african_republic,2003,0.57159
central_african_republic,2004,0.56148
central_african_republic,2005,0.55172
central_african_republic,2006,0.55172
central_african_republic,2007,0.55172
central_african_republic,2008,0.55172
central_african_republic,2009,0.55172
central_african_republic,2010,0.55172
central_african_republic,2011,0.55172
central_african_republic,2012,0.55172
central_african_republic,2013,0.55172
central_african_republic,2014,0.55172
central_african_republic,2015,0.55172
central_african_republic,2016,0.55172
central_african_republic,2017,0.55172
central_african_republic,2018,0.55172
central_african_republic,2019,0.55172
central_african_republic,2020,0.55172
central_african_republic,2021,0.55172
central_african_republic,2022,0.55172
central_and_southern_asia,2000,91.665
central_and_southern_asia,2001,91.826
central_and_southern_asia,2002,91.684
central_and_southern_asia,2003,91.549
central_and_southern_asia,2004,91.374
central_and_southern_asia,2005,91.316
central_and_southern_asia,2006,91.143
central_and_southern_asia,2007,91.043
central_and_southern_asia,2008,90.858
central_and_southern_asia,2009,90.808
central_and_southern_asia,2010,90.674
central_and_southern_asia,2011,90.739
central_and_southern_asia,2012,90.738
central_and_southern_asia,2013,90.760
central_and_southern_asia,2014,90.699
central_and_southern_asia,2015,90.796
central_and_southern_asia,2016,90.671
central_and_southern_asia,2017,90.615
central_and_southern_asia,2018,90.705
central_and_southern_asia,2019,89.915
central_and_southern_asia,2020,89.922
central_and_southern_asia,2021,90.472
central_and_southern_asia,2022,90.449
central_asia,2000,85.990
central_asia,2001,88.244
central_asia,2002,88.092
central_asia,2003,87.947
central_asia,2004,87.440
central_asia,2005,87.619
central_asia,2006,86.681
central_asia,2007,86.515
central_asia,2008,86.251
central_asia,2009,86.355
central_asia,2010,85.637
central_asia,2011,86.191
central_asia,2012,86.129
central_asia,2013,86.364
central_asia,2014,85.729
central_asia,2015,86.799
central_asia,2016,85.591
central_asia,2017,85.235
central_asia,2018,85.984
central_asia,2019,78.022
central_asia,2020,77.730
central_asia,2021,82.267
central_asia,2022,82.105
chad,1987,81.768
chad,1988,80.585
chad,1989,79.801
chad,1990,79.243
chad,1991,78.825
chad,1992,78.501
chad,1993,78.243
chad,1994,78.031
chad,1995,77.855
chad,1996,77.707
chad,1997,77.579
chad,1998,77.469
chad,1999,77.373
chad,2000,77.288
chad,2001,77.682
chad,2002,78.039
chad,2003,77.492
chad,2004,76.953
chad,2005,76.421
chad,2006,76.421
chad,2007,76.421
chad,2008,76.421
chad,2009,76.421
chad,2010,76.421
chad,2011,76.421
chad,2012,76.421
chad,2013,76.421
chad,2014,76.421
chad,2015,76.421
chad,2016,76.421
chad,2017,76.421
chad,2018,76.421
chad,2019,76.421
chad,2020,76.421
chad,2021,76.421
chad,2022,76.421
chile,2006,83.037
chile,2007,83.758
chile,2008,84.495
chile,2009,85.244
chile,2010,86.007
chile,2011,86.783
chile,2012,87.574
chile,2013,88.379
chile,2014,89.200
chile,2015,90.035
chile,2016,90.887
chile,2017,90.887
chile,2018,90.887
chile,2019,90.887
chile,2020,90.887
chile,2021,90.887
chile,2022,90.887
china,1980,88.168
china,1981,87.860
china,1982,87.564
china,1983,87.278
china,1984,87.002
china,1985,86.309
china,1986,85.627
china,1987,84.955
china,1988,84.293
china,1989,83.642
china,1990,83.000
china,1991,81.139
china,1992,79.339
china,1993,77.597
china,1994,76.294
china,1995,75.008
china,1996,73.740
china,1997,72.487
china,1998,71.251
china,1999,70.030
china,2000,68.825
china,2001,67.976
china,2002,67.129
china,2003,66.286
china,2004,65.444
china,2005,64.606
china,2006,64.258
china,2007,63.014
china,2008,63.282
china,2009,63.511
china,2010,62.504
china,2011,62.442
china,2012,64.313
china,2013,64.527
china,2014,64.569
china,2015,64.404
china,2016,62.382
china,2017,62.323
china,2018,61.393
china,2019,61.156
china,2020,62.145
china,2021,62.145
china,2022,62.145
colombia,2000,63.517
colombia,2001,61.875
colombia,2002,60.423
colombia,2003,59.128
colombia,2004,57.966
colombia,2005,56.919
colombia,2006,55.969
colombia,2007,55.104
colombia,2008,54.313
colombia,2009,67.930
colombia,2010,77.503
colombia,2011,76.962
colombia,2012,72.643
colombia,2013,74.293
colombia,2014,74.712
colombia,2015,75.441
colombia,2016,73.705
colombia,2017,75.007
colombia,2018,75.595
colombia,2019,75.311
colombia,2020,81.323
colombia,2021,82.254
colombia,2022,82.174
comoros,1999,47.000
comoros,2000,47.000
comoros,2001,47.000
comoros,2002,47.000
comoros,2003,47.000
comoros,2004,47.000
comoros,2005,47.000
comoros,2006,47.000
comoros,2007,47.000
comoros,2008,47.000
comoros,2009,47.000
comoros,2010,47.000
comoros,2011,47.000
comoros,2012,47.000
comoros,2013,47.000
comoros,2014,47.000
comoros,2015,47.000
comoros,2016,47.000
comoros,2017,47.000
comoros,2018,47.000
comoros,2019,47.000
comoros,2020,47.000
comoros,2021,47.000
comoros,2022,47.000
congo,1987,11.000
congo,1988,10.815
congo,1989,10.633
congo,1990,10.456
congo,1991,10.281
congo,1992,10.110
congo,1993,9.9419
congo,1994,9.7771
congo,1995,9.6154
congo,1996,9.4566
congo,1997,9.3007
congo,1998,9.1476
congo,1999,8.9973
congo,2000,8.8496
congo,2001,8.7719
congo,2002,8.6957
congo,2003,6.5324
congo,2004,5.2310
congo,2005,4.3621
congo,2006,4.3621
congo,2007,4.3621
congo,2008,4.3621
congo,2009,4.3621
congo,2010,4.3621
congo,2011,4.3621
congo,2012,4.3621
congo,2013,4.3621
congo,2014,4.3621
congo,2015,4.3621
congo,2016,4.3621
congo,2017,4.3621
congo,2018,4.3621
congo,2019,4.3621
congo,2020,4.3621
congo,2021,4.3621
congo,2022,4.3621
costa_rica,2012,71.557
costa_rica,2013,70.211
costa_rica,2014,70.628
costa_rica,2015,72.097
costa_rica,2016,73.141
costa_rica,2017,81.967
costa_rica,2018,68.630
costa_rica,2019,65.977
costa_rica,2020,66.166
costa_rica,2021,60.719
costa_rica,2022,60.719
cote_d_ivoire,1987,66.996
cote_d_ivoire,1988,66.996
cote_d_ivoire,1989,66.996
cote_d_ivoire,1990,66.996
cote_d_ivoire,1991,66.436
cote_d_ivoire,1992,65.907
cote_d_ivoire,1993,65.408
cote_d_ivoire,1994,64.935
cote_d_ivoire,1995,60.776
cote_d_ivoire,1996,56.806
cote_d_ivoire,1997,53.014
cote_d_ivoire,1998,49.388
cote_d_ivoire,1999,45.916
cote_d_ivoire,2000,42.589
cote_d_ivoire,2001,41.692
cote_d_ivoire,2002,40.828
cote_d_ivoire,2003,39.998
cote_d_ivoire,2004,39.197
cote_d_ivoire,2005,38.426
cote_d_ivoire,2006,39.524
cote_d_ivoire,2007,40.715
cote_d_ivoire,2008,41.965
cote_d_ivoire,2009,43.326
cote_d_ivoire,2010,44.775
cote_d_ivoire,2011,46.319
cote_d_ivoire,2012,47.950
cote_d_ivoire,2013,49.727
cote_d_ivoire,2014,51.635
cote_d_ivoire,2015,51.635
cote_d_ivoire,2016,51.635
cote_d_ivoire,2017,51.635
cote_d_ivoire,2018,51.635
cote_d_ivoire,2019,51.635
cote_d_ivoire,2020,51.635
cote_d_ivoire,2021,51.635
cote_d_ivoire,2022,51.635
croatia,2002,1.0288
croatia,2003,0.93120
croatia,2004,1.2029
croatia,2005,0.99116
croatia,2006,0.83549
croatia,2007,0.49157
croatia,2008,0.98179
croatia,2009,1.5935
croatia,2010,6.8806
croatia,2011,6.6886
croatia,2012,6.6185
croatia,2013,6.8255
croatia,2014,6.9098
croatia,2015,6.9781
croatia,2016,6.8704
croatia,2017,7.6452
croatia,2018,7.7113
croatia,2019,7.6229
croatia,2020,7.5248
croatia,2021,7.5848
croatia,2022,7.4803
cuba,1995,51.161
cuba,1996,51.343
cuba,1997,51.525
cuba,1998,51.706
cuba,1999,51.887
cuba,2000,52.068
cuba,2001,52.248
cuba,2002,52.428
cuba,2003,52.608
cuba,2004,52.787
cuba,2005,52.966
cuba,2006,53.145
cuba,2007,50.155
cuba,2008,57.178
cuba,2009,59.487
cuba,2010,59.292
cuba,2011,61.360
cuba,2012,63.233
cuba,2013,64.937
cuba,2014,64.937
cuba,2015,64.937
cuba,2016,64.937
cuba,2017,64.937
cuba,2018,64.937
cuba,2019,64.937
cuba,2020,64.937
cuba,2021,64.937
cuba,2022,64.937
cyprus,1975,83.871
cyprus,1976,82.811
cyprus,1977,81.807
cyprus,1978,80.856
cyprus,1979,79.954
cyprus,1980,79.096
cyprus,1981,78.744
cyprus,1982,78.410
cyprus,1983,78.092
cyprus,1984,77.789
cyprus,1985,77.500
cyprus,1986,76.608
cyprus,1987,75.760
cyprus,1988,74.954
cyprus,1989,74.185
cyprus,1990,73.451
cyprus,1991,73.605
cyprus,1992,73.765
cyprus,1993,73.934
cyprus,1994,73.995
cyprus,1995,74.058
cyprus,1996,74.123
cyprus,1997,74.189
cyprus,1998,74.256
cyprus,1999,74.325
cyprus,2000,74.396
cyprus,2001,73.426
cyprus,2002,75.939
cyprus,2003,76.829
cyprus,2004,77.803
cyprus,2005,72.795
cyprus,2006,69.350
cyprus,2007,66.020
cyprus,2008,68.182
cyprus,2009,76.797
cyprus,2010,73.164
cyprus,2011,74.044
cyprus,2012,67.323
cyprus,2013,65.648
cyprus,2014,63.309
cyprus,2015,66.327
cyprus,2016,63.898
cyprus,2017,62.626
cyprus,2018,61.189
cyprus,2019,60.584
cyprus,2020,62.545
cyprus,2021,62.284
cyprus,2022,61.246
czechia,1993,0.90751
czechia,1994,1.1184
czechia,1995,1.3489
czechia,1996,1.0887
czechia,1997,0.80241
czechia,1998,0.74601
czechia,1999,0.68689
czechia,2000,0.62485
czechia,2001,0.53037
czechia,2002,0.98008
czechia,2003,0.96827
czechia,2004,1.0981
czechia,2005,1.2346
czechia,2006,1.3785
czechia,2007,1.5135
czechia,2008,1.7412
czechia,2009,2.1632
czechia,2010,2.0225
czechia,2011,2.2072
czechia,2012,2.3466
czechia,2013,2.6667
czechia,2014,2.9401
czechia,2015,3.3875
czechia,2016,2.8963
czechia,2017,2.8589
czechia,2018,3.1447
czechia,2019,2.8552
czechia,2020,2.8551
czechia,2021,2.7428
czechia,2022,3.0429
democratic_people_s_republic_of_korea,2000,77.259
democratic_people_s_republic_of_korea,2001,77.075
democratic_people_s_republic_of_korea,2002,76.892
democratic_people_s_republic_of_korea,2003,76.710
democratic_people_s_republic_of_korea,2004,76.528
democratic_people_s_republic_of_korea,2005,76.347
democratic_people_s_republic_of_korea,2006,76.347
democratic_people_s_republic_of_korea,2007,76.347
democratic_people_s_republic_of_korea,2008,76.347
democratic_people_s_republic_of_korea,2009,76.347
democratic_people_s_republic_of_korea,2010,76.347
democratic_people_s_republic_of_korea,2011,76.347
democratic_people_s_republic_of_korea,2012,76.347
democratic_people_s_republic_of_korea,2013,76.347
democratic_people_s_republic_of_korea,2014,76.347
democratic_people_s_republic_of_korea,2015,76.347
democratic_people_s_republic_of_korea,2016,76.347
democratic_people_s_republic_of_korea,2017,76.347
democratic_people_s_republic_of_korea,2018,76.347
democratic_people_s_republic_of_korea,2019,76.347
democratic_people_s_republic_of_korea,2020,76.347
democratic_people_s_republic_of_korea,2021,76.347
democratic_people_s_republic_of_korea,2022,76.347
democratic_republic_of_the_congo,1995,17.433
democratic_republic_of_the_congo,1996,16.231
democratic_republic_of_the_congo,1997,15.128
democratic_republic_of_the_congo,1998,14.114
democratic_republic_of_the_congo,1999,13.177
democratic_republic_of_the_congo,2000,12.310
democratic_republic_of_the_congo,2001,11.904
democratic_republic_of_the_congo,2002,11.524
democratic_republic_of_the_congo,2003,11.168
democratic_republic_of_the_congo,2004,10.833
democratic_republic_of_the_congo,2005,10.518
democratic_republic_of_the_congo,2006,10.518
democratic_republic_of_the_congo,2007,10.518
democratic_republic_of_the_congo,2008,10.518
democratic_republic_of_the_congo,2009,10.518
democratic_republic_of_the_congo,2010,10.518
democratic_republic_of_the_congo,2011,10.518
democratic_republic_of_the_congo,2012,10.518
democratic_republic_of_the_congo,2013,10.518
democratic_republic_of_the_congo,2014,10.518
democratic_republic_of_the_congo,2015,10.518
democratic_republic_of_the_congo,2016,10.518
democratic_republic_of_the_congo,2017,10.518
democratic_republic_of_the_congo,2018,10.518
democratic_republic_of_the_congo,2019,10.518
democratic_republic_of_the_congo,2020,10.518
democratic_republic_of_the_congo,2021,10.518
democratic_republic_of_the_congo,2022,10.518
denmark,1970,25.000
denmark,1971,28.886
denmark,1972,31.947
denmark,1973,34.421
denmark,1974,36.462
denmark,1975,38.174
denmark,1976,38.174
denmark,1977,38.174
denmark,1978,38.174
denmark,1979,38.174
denmark,1980,38.174
denmark,1981,38.927
denmark,1982,39.573
denmark,1983,40.133
denmark,1984,40.623
denmark,1985,41.056
denmark,1986,41.560
denmark,1987,42.180
denmark,1988,43.000
denmark,1989,39.823
denmark,1990,36.875
denmark,1991,35.840
denmark,1992,34.699
denmark,1993,33.435
denmark,1994,32.028
denmark,1995,30.450
denmark,1996,33.831
denmark,1997,39.571
denmark,1998,34.073
denmark,1999,30.406
denmark,2000,25.921
denmark,2001,25.360
denmark,2002,24.734
denmark,2003,25.620
denmark,2004,28.992
denmark,2005,27.136
denmark,2006,33.774
denmark,2007,20.585
denmark,2008,35.483
denmark,2009,35.251
denmark,2010,33.602
denmark,2011,32.822
denmark,2012,26.038
denmark,2013,40.093
denmark,2014,43.316
denmark,2015,47.746
denmark,2016,52.069
denmark,2017,53.330
denmark,2018,59.625
denmark,2019,53.576
denmark,2020,51.497
denmark,2021,54.135
denmark,2022,54.207
djibouti,1985,87.500
djibouti,1986,77.099
djibouti,1987,68.310
djibouti,1988,60.784
djibouti,1989,54.268
djibouti,1990,48.571
djibouti,1991,43.548
djibouti,1992,39.086
djibouti,1993,35.096
djibouti,1994,31.507
djibouti,1995,28.261
djibouti,1996,25.311
djibouti,1997,22.619
djibouti,1998,20.152
djibouti,1999,17.883
djibouti,2000,15.789
djibouti,2001,15.789
djibouti,2002,15.789
djibouti,2003,15.789
djibouti,2004,15.789
djibouti,2005,15.789
djibouti,2006,15.789
djibouti,2007,15.789
djibouti,2008,15.789
djibouti,2009,15.789
djibouti,2010,15.789
djibouti,2011,15.789
djibouti,2012,15.789
djibouti,2013,15.789
djibouti,2014,15.789
djibouti,2015,15.789
djibouti,2016,15.789
djibouti,2017,15.789
djibouti,2018,15.789
djibouti,2019,15.789
djibouti,2020,15.789
djibouti,2021,15.789
djibouti,2022,15.789
dominica,2010,5.0000
dominica,2011,5.0000
dominica,2012,5.0000
dominica,2013,5.0000
dominica,2014,5.0000
dominica,2015,5.0000
dominica,2016,5.0000
dominica,2017,5.0000
dominica,2018,5.0000
dominica,2019,5.0000
dominica,2020,5.0000
dominica,2021,5.0000
dominica,2022,5.0000
dominican_republic,2000,86.331
dominican_republic,2001,85.387
dominican_republic,2002,84.488
dominican_republic,2003,83.630
dominican_republic,2004,82.812
dominican_republic,2005,82.029
dominican_republic,2006,81.495
dominican_republic,2007,81.020
dominican_republic,2008,80.594
dominican_republic,2009,80.211
dominican_republic,2010,79.863
dominican_republic,2011,80.694
dominican_republic,2012,81.443
dominican_republic,2013,82.124
dominican_republic,2014,82.744
dominican_republic,2015,83.312
dominican_republic,2016,83.312
dominican_republic,2017,83.312
dominican_republic,2018,83.312
dominican_republic,2019,83.312
dominican_republic,2020,83.312
dominican_republic,2021,83.312
dominican_republic,2022,83.312
eastern_and_south_eastern_asia,2000,72.241
eastern_and_south_eastern_asia,2001,71.727
eastern_and_south_eastern_asia,2002,71.227
eastern_and_south_eastern_asia,2003,70.734
eastern_and_south_eastern_asia,2004,70.284
eastern_and_south_eastern_asia,2005,69.764
eastern_and_south_eastern_asia,2006,70.890
eastern_and_south_eastern_asia,2007,71.435
eastern_and_south_eastern_asia,2008,71.712
eastern_and_south_eastern_asia,2009,72.075
eastern_and_south_eastern_asia,2010,71.719
eastern_and_south_eastern_asia,2011,71.783
eastern_and_south_eastern_asia,2012,72.896
eastern_and_south_eastern_asia,2013,73.165
eastern_and_south_eastern_asia,2014,73.500
eastern_and_south_eastern_asia,2015,73.420
eastern_and_south_eastern_asia,2016,72.379
eastern_and_south_eastern_asia,2017,72.114
eastern_and_south_eastern_asia,2018,71.653
eastern_and_south_eastern_asia,2019,71.906
eastern_and_south_eastern_asia,2020,72.402
eastern_and_south_eastern_asia,2021,72.313
eastern_and_south_eastern_asia,2022,72.205
eastern_asia,2000,67.909
eastern_asia,2001,67.258
eastern_asia,2002,66.606
eastern_asia,2003,65.948
eastern_asia,2004,65.296
eastern_asia,2005,64.465
eastern_asia,2006,64.336
eastern_asia,2007,63.294
eastern_asia,2008,63.574
eastern_asia,2009,63.823
eastern_asia,2010,62.991
eastern_asia,2011,62.940
eastern_asia,2012,64.512
eastern_asia,2013,64.698
eastern_asia,2014,64.744
eastern_asia,2015,64.686
eastern_asia,2016,62.982
eastern_asia,2017,62.953
eastern_asia,2018,62.165
eastern_asia,2019,61.998
eastern_asia,2020,62.717
eastern_asia,2021,62.707
eastern_asia,2022,62.707
ecuador,2000,86.204
ecuador,2001,85.204
ecuador,2002,84.228
ecuador,2003,83.273
ecuador,2004,82.340
ecuador,2005,81.428
ecuador,2006,81.428
ecuador,2007,81.428
ecuador,2008,81.428
ecuador,2009,81.428
ecuador,2010,81.428
ecuador,2011,81.428
ecuador,2012,81.428
ecuador,2013,81.428
ecuador,2014,81.428
ecuador,2015,81.428
ecuador,2016,81.428
ecuador,2017,81.428
ecuador,2018,81.428
ecuador,2019,81.428
ecuador,2020,81.428
ecuador,2021,81.428
ecuador,2022,81.428
egypt,1993,86.025
egypt,1994,86.086
egypt,1995,86.142
egypt,1996,86.196
egypt,1997,86.247
egypt,1998,86.295
egypt,1999,86.341
egypt,2000,86.384
egypt,2001,86.329
egypt,2002,86.276
egypt,2003,86.224
egypt,2004,86.173
egypt,2005,86.124
egypt,2006,86.077
egypt,2007,86.030
egypt,2008,85.985
egypt,2009,85.941
egypt,2010,85.897
egypt,2011,84.997
egypt,2012,85.062
egypt,2013,85.068
egypt,2014,84.830
egypt,2015,84.371
egypt,2016,84.271
egypt,2017,79.161
egypt,2018,79.161
egypt,2019,79.161
egypt,2020,79.161
egypt,2021,79.161
egypt,2022,79.161
el_salvador,1992,46.091
el_salvador,1993,48.033
el_salvador,1994,49.622
el_salvador,1995,50.948
el_salvador,1996,52.069
el_salvador,1997,53.030
el_salvador,1998,53.864
el_salvador,1999,54.593
el_salvador,2000,55.237
el_salvador,2001,58.662
el_salvador,2002,61.480
el_salvador,2003,63.838
el_salvador,2004,65.841
el_salvador,2005,67.564
el_salvador,2006,67.038
el_salvador,2007,66.463
el_salvador,2008,65.832
el_salvador,2009,65.137
el_salvador,2010,64.366
el_salvador,2011,63.508
el_salvador,2012,62.547
el_salvador,2013,61.462
el_salvador,2014,60.227
el_salvador,2015,57.917
el_salvador,2016,55.750
el_salvador,2017,52.569
el_salvador,2018,49.732
el_salvador,2019,46.090
el_salvador,2020,41.266
el_salvador,2021,49.938
el_salvador,2022,72.786
equatorial_guinea,1987,6.0000
equatorial_guinea,1988,5.9680
equatorial_guinea,1989,5.9392
equatorial_guinea,1990,5.9133
equatorial_guinea,1991,5.8897
equatorial_guinea,1992,5.8683
equatorial_guinea,1993,5.8486
equatorial_guinea,1994,5.8306
equatorial_guinea,1995,5.8140
equatorial_guinea,1996,5.7986
equatorial_guinea,1997,5.7843
equatorial_guinea,1998,5.7711
equatorial_guinea,1999,5.7587
equatorial_guinea,2000,5.7471
equatorial_guinea,2001,5.5928
equatorial_guinea,2002,5.4466
equatorial_guinea,2003,5.3079
equatorial_guinea,2004,5.1760
equatorial_guinea,2005,5.0505
equatorial_guinea,2006,5.0505
equatorial_guinea,2007,5.0505
equatorial_guinea,2008,5.0505
equatorial_guinea,2009,5.0505
equatorial_guinea,2010,5.0505
equatorial_guinea,2011,5.0505
equatorial_guinea,2012,5.0505
equatorial_guinea,2013,5.0505
equatorial_guinea,2014,5.0505
equatorial_guinea,2015,5.0505
equatorial_guinea,2016,5.0505
equatorial_guinea,2017,5.0505
equatorial_guinea,2018,5.0505
equatorial_guinea,2019,5.0505
equatorial_guinea,2020,5.0505
equatorial_guinea,2021,5.0505
equatorial_guinea,2022,5.0505
eritrea,2000,70.150
eritrea,2001,77.928
eritrea,2002,84.388
eritrea,2003,89.840
eritrea,2004,94.502
eritrea,2005,94.502
eritrea,2006,94.502
eritrea,2007,94.502
eritrea,2008,94.502
eritrea,2009,94.502
eritrea,2010,94.502
eritrea,2011,94.502
eritrea,2012,94.502
eritrea,2013,94.502
eritrea,2014,94.502
eritrea,2015,94.502
eritrea,2016,94.502
eritrea,2017,94.502
eritrea,2018,94.502
eritrea,2019,94.502
eritrea,2020,94.502
eritrea,2021,94.502
eritrea,2022,94.502
estonia,1995,0.58910
estonia,1996,0.98857
estonia,1997,1.3734
estonia,1998,1.7444
estonia,1999,2.1023
estonia,2000,2.4478
estonia,2001,2.6503
estonia,2002,2.1231
estonia,2003,3.2992
estonia,2004,4.5916
estonia,2005,0.84778
estonia,2006,0.63595
estonia,2007,0.41439
estonia,2008,0.25948
estonia,2009,0.30616
estonia,2010,0.22586
estonia,2011,0.23038
estonia,2012,0.27198
estonia,2013,0.27564
estonia,2014,0.29289
estonia,2015,0.30593
estonia,2016,0.25292
estonia,2017,0.25022
estonia,2018,0.29460
estonia,2019,0.48299
estonia,2020,0.56941
estonia,2021,0.49726
estonia,2022,0.41478
eswatini,1980,95.890
eswatini,1981,95.941
eswatini,1982,95.988
eswatini,1983,96.034
eswatini,1984,96.076
eswatini,1985,96.117
eswatini,1986,96.155
eswatini,1987,96.192
eswatini,1988,96.227
eswatini,1989,96.260
eswatini,1990,96.292
eswatini,1991,96.322
eswatini,1992,96.351
eswatini,1993,96.379
eswatini,1994,96.406
eswatini,1995,96.431
eswatini,1996,96.456
eswatini,1997,96.480
eswatini,1998,96.502
eswatini,1999,96.524
eswatini,2000,96.545
eswatini,2001,96.066
eswatini,2002,95.591
eswatini,2003,95.121
eswatini,2004,94.656
eswatini,2005,94.195
eswatini,2006,94.195
eswatini,2007,94.195
eswatini,2008,94.195
eswatini,2009,94.195
eswatini,2010,94.195
eswatini,2011,94.195
eswatini,2012,94.195
eswatini,2013,94.195
eswatini,2014,94.195
eswatini,2015,94.195
eswatini,2016,94.195
eswatini,2017,94.195
eswatini,2018,94.195
eswatini,2019,94.195
eswatini,2020,94.195
eswatini,2021,94.195
eswatini,2022,94.195
ethiopia,2002,93.631
ethiopia,2003,91.732
ethiopia,2004,90.244
ethiopia,2005,89.046
ethiopia,2006,89.376
ethiopia,2007,89.683
ethiopia,2008,89.975
ethiopia,2009,90.257
ethiopia,2010,90.519
ethiopia,2011,90.767
ethiopia,2012,91.003
ethiopia,2013,91.227
ethiopia,2014,91.440
ethiopia,2015,91.643
ethiopia,2016,91.820
ethiopia,2017,91.836
ethiopia,2018,91.836
ethiopia,2019,91.836
ethiopia,2020,91.836
ethiopia,2021,91.836
ethiopia,2022,91.836
europe,2000,26.240
europe,2001,26.103
europe,2002,25.417
europe,2003,25.798
europe,2004,25.407
europe,2005,25.401
europe,2006,24.376
europe,2007,24.660
europe,2008,23.492
europe,2009,25.629
europe,2010,25.623
europe,2011,26.097
europe,2012,27.416
europe,2013,26.907
europe,2014,28.402
europe,2015,28.909
europe,2016,28.668
europe,2017,29.298
europe,2018,29.283
europe,2019,29.557
europe,2020,29.711
europe,2021,29.393
europe,2022,29.251
europe_and_northern_america,2000,30.662
europe_and_northern_america,2001,30.510
europe_and_northern_america,2002,30.142
europe_and_northern_america,2003,30.157
europe_and_northern_america,2004,29.912
europe_and_northern_america,2005,29.795
europe_and_northern_america,2006,29.518
europe_and_northern_america,2007,29.802
europe_and_northern_america,2008,29.446
europe_and_northern_america,2009,30.552
europe_and_northern_america,2010,30.966
europe_and_northern_america,2011,31.495
europe_and_northern_america,2012,32.356
europe_and_northern_america,2013,32.605
europe_and_northern_america,2014,33.487
europe_and_northern_america,2015,34.134
europe_and_northern_america,2016,34.086
europe_and_northern_america,2017,34.391
europe_and_northern_america,2018,34.383
europe_and_northern_america,2019,34.505
europe_and_northern_america,2020,34.598
europe_and_northern_america,2021,34.481
europe_and_northern_america,2022,34.440
fiji,1987,60.000
fiji,1988,60.222
fiji,1989,60.397
fiji,1990,60.539
fiji,1991,60.657
fiji,1992,60.756
fiji,1993,60.840
fiji,1994,60.912
fiji,1995,60.976
fiji,1996,61.031
fiji,1997,61.080
fiji,1998,61.124
fiji,1999,61.164
fiji,2000,61.200
fiji,2001,60.724
fiji,2002,60.255
fiji,2003,59.794
fiji,2004,59.340
fiji,2005,58.893
fiji,2006,58.893
fiji,2007,58.893
fiji,2008,58.893
fiji,2009,58.893
fiji,2010,58.893
fiji,2011,58.893
fiji,2012,58.893
fiji,2013,58.893
fiji,2014,58.893
fiji,2015,58.893
fiji,2016,58.893
fiji,2017,58.893
fiji,2018,58.893
fiji,2019,58.893
fiji,2020,58.893
fiji,2021,58.893
fiji,2022,58.893
finland,1990,0.85215
finland,1991,1.0857
finland,1992,1.3101
finland,1993,1.5259
finland,1994,1.7335
finland,1995,1.9335
finland,1996,1.9335
finland,1997,1.9335
finland,1998,1.9335
finland,1999,1.9335
finland,2000,2.1308
finland,2001,2.1486
finland,2002,2.1668
finland,2003,2.1840
finland,2004,2.2014
finland,2005,2.2192
finland,2006,1.2468
finland,2007,4.9902
finland,2008,6.3583
finland,2009,7.7140
finland,2010,9.0574
finland,2011,10.389
finland,2012,11.661
finland,2013,12.912
finland,2014,14.278
finland,2015,15.547
finland,2016,17.391
finland,2017,17.391
finland,2018,14.286
finland,2019,28.571
finland,2020,28.571
finland,2021,34.313
finland,2022,35.726
france,1990,12.958
france,1991,12.682
france,1992,12.542
france,1993,12.299
france,1994,12.031
france,1995,11.736
france,1996,11.408
france,1997,11.042
france,1998,12.391
france,1999,13.673
france,2000,14.893
france,2001,14.566
france,2002,13.257
france,2003,16.246
france,2004,15.160
france,2005,13.864
france,2006,14.380
france,2007,12.523
france,2008,8.9023
france,2009,11.035
france,2010,10.613
france,2011,10.071
france,2012,10.380
france,2013,10.222
france,2014,7.7444
france,2015,11.428
france,2016,11.774
france,2017,10.922
france,2018,11.094
france,2019,12.144
france,2020,13.944
france,2021,10.296
france,2022,10.296
gabon,1987,6.0000
gabon,1988,9.9369
gabon,1989,13.347
gabon,1990,16.328
gabon,1991,18.958
gabon,1992,21.294
gabon,1993,23.384
gabon,1994,25.264
gabon,1995,26.965
gabon,1996,28.510
gabon,1997,29.920
gabon,1998,31.213
gabon,1999,32.402
gabon,2000,33.500
gabon,2001,32.484
gabon,2002,31.529
gabon,2003,30.628
gabon,2004,29.777
gabon,2005,28.972
gabon,2006,28.972
gabon,2007,28.972
gabon,2008,28.972
gabon,2009,28.972
gabon,2010,28.972
gabon,2011,28.972
gabon,2012,28.972
gabon,2013,28.972
gabon,2014,28.972
gabon,2015,28.972
gabon,2016,28.972
gabon,2017,28.972
gabon,2018,28.972
gabon,2019,28.972
gabon,2020,28.972
gabon,2021,28.972
gabon,2022,28.972
gambia,1982,91.000
gambia,1983,81.030
gambia,1984,73.901
gambia,1985,68.550
gambia,1986,64.386
gambia,1987,61.053
gambia,1988,58.326
gambia,1989,56.052
gambia,1990,54.127
gambia,1991,52.477
gambia,1992,51.047
gambia,1993,49.795
gambia,1994,48.690
gambia,1995,47.708
gambia,1996,46.830
gambia,1997,46.039
gambia,1998,45.323
gambia,1999,44.672
gambia,2000,43.315
gambia,2001,42.278
gambia,2002,41.289
gambia,2003,40.346
gambia,2004,39.445
gambia,2005,38.583
gambia,2006,38.583
gambia,2007,38.583
gambia,2008,38.583
gambia,2009,38.583
gambia,2010,38.583
gambia,2011,38.583
gambia,2012,38.583
gambia,2013,38.583
gambia,2014,38.583
gambia,2015,38.583
gambia,2016,38.583
gambia,2017,38.583
gambia,2018,38.583
gambia,2019,38.583
gambia,2020,38.583
gambia,2021,38.583
gambia,2022,38.583
georgia,1992,60.531
georgia,1993,61.467
georgia,1994,62.505
georgia,1995,63.663
georgia,1996,64.963
georgia,1997,66.432
georgia,1998,68.106
georgia,1999,70.032
georgia,2000,72.269
georgia,2001,69.575
georgia,2002,66.822
georgia,2003,64.009
georgia,2004,61.132
georgia,2005,58.191
georgia,2006,58.191
georgia,2007,58.191
georgia,2008,58.191
georgia,2009,54.868
georgia,2010,51.434
georgia,2011,47.885
georgia,2012,44.213
georgia,2013,40.412
georgia,2014,36.476
georgia,2015,32.398
georgia,2016,28.168
georgia,2017,35.390
georgia,2018,35.461
georgia,2019,37.592
georgia,2020,42.805
georgia,2021,46.606
georgia,2022,33.552
germany,1991,2.4842
germany,1992,2.2939
germany,1993,2.0559
germany,1994,1.8115
germany,1995,1.5646
germany,1996,1.2820
germany,1997,0.97222
germany,1998,0.67457
germany,1999,0.68106
germany,2000,0.68775
germany,2001,1.8843
germany,2002,1.6298
germany,2003,2.1663
germany,2004,1.9286
germany,2005,1.9025
germany,2006,1.7596
germany,2007,1.7955
germany,2008,2.0670
germany,2009,2.0762
germany,2010,1.7612
germany,2011,2.1874
germany,2012,2.5294
germany,2013,2.6270
germany,2014,2.7522
germany,2015,3.2123
germany,2016,3.0042
germany,2017,3.3213
germany,2018,4.3017
germany,2019,4.1666
germany,2020,4.1666
germany,2021,4.1666
germany,2022,4.1666
ghana,1970,52.000
ghana,1971,53.460
ghana,1972,54.728
ghana,1973,55.839
ghana,1974,56.821
ghana,1975,57.695
ghana,1976,58.478
ghana,1977,59.184
ghana,1978,59.823
ghana,1979,60.404
ghana,1980,60.936
ghana,1981,61.423
ghana,1982,61.872
ghana,1983,62.286
ghana,1984,62.670
ghana,1985,63.027
ghana,1986,63.359
ghana,1987,63.669
ghana,1988,63.959
ghana,1989,64.232
ghana,1990,64.488
ghana,1991,64.729
ghana,1992,64.956
ghana,1993,65.171
ghana,1994,65.374
ghana,1995,65.566
ghana,1996,65.749
ghana,1997,65.923
ghana,1998,66.088
ghana,1999,66.245
ghana,2000,66.395
ghana,2001,67.199
ghana,2002,67.961
ghana,2003,68.685
ghana,2004,69.372
ghana,2005,70.026
ghana,2006,70.649
ghana,2007,71.243
ghana,2008,71.810
ghana,2009,72.352
ghana,2010,72.871
ghana,2011,73.196
ghana,2012,73.394
ghana,2013,74.133
ghana,2014,74.782
ghana,2015,72.568
ghana,2016,73.057
ghana,2017,73.057
ghana,2018,73.057
ghana,2019,73.057
ghana,2020,73.057
ghana,2021,73.057
ghana,2022,73.057
greece,1970,57.005
greece,1971,62.353
greece,1972,67.689
greece,1973,73.015
greece,1974,78.330
greece,1975,83.633
greece,1976,83.633
greece,1977,83.633
greece,1978,83.633
greece,1979,83.633
greece,1980,83.633
greece,1981,83.647
greece,1982,83.660
greece,1983,83.673
greece,1984,83.685
greece,1985,83.697
greece,1986,85.119
greece,1987,86.273
greece,1988,87.229
greece,1989,88.033
greece,1990,97.939
greece,1991,88.680
greece,1992,98.283
greece,1993,88.347
greece,1994,88.046
greece,1995,97.599
greece,1996,87.571
greece,1997,87.407
greece,1998,88.065
greece,1999,88.659
greece,2000,89.195
greece,2001,89.051
greece,2002,90.939
greece,2003,88.568
greece,2004,89.347
greece,2005,90.112
greece,2006,88.831
greece,2007,87.832
greece,2008,87.214
greece,2009,86.599
greece,2010,85.985
greece,2011,85.374
greece,2012,83.372
greece,2013,83.456
greece,2014,83.523
greece,2015,83.599
greece,2016,79.982
greece,2017,79.998
greece,2018,80.093
greece,2019,80.148
greece,2020,80.093
greece,2021,80.371
greece,2022,80.474
grenada,2005,21.529
grenada,2006,20.535
grenada,2007,19.624
grenada,2008,18.786
grenada,2009,18.012
grenada,2010,17.296
grenada,2011,16.631
grenada,2012,16.012
grenada,2013,15.434
grenada,2014,14.894
grenada,2015,14.894
grenada,2016,14.894
grenada,2017,14.894
grenada,2018,14.894
grenada,2019,14.894
grenada,2020,14.894
grenada,2021,14.894
grenada,2022,14.894
guatemala,2001,60.641
guatemala,2002,59.645
guatemala,2003,58.778
guatemala,2004,58.015
guatemala,2005,57.340
guatemala,2006,56.737
guatemala,2007,56.737
guatemala,2008,56.737
guatemala,2009,56.737
guatemala,2010,56.737
guatemala,2011,56.737
guatemala,2012,56.737
guatemala,2013,56.737
guatemala,2014,56.737
guatemala,2015,56.737
guatemala,2016,56.737
guatemala,2017,56.737
guatemala,2018,56.737
guatemala,2019,56.737
guatemala,2020,56.737
guatemala,2021,56.737
guatemala,2022,56.737
guinea,1987,87.027
guinea,1988,85.067
guinea,1989,83.039
guinea,1990,80.940
guinea,1991,78.764
guinea,1992,76.509
guinea,1993,74.170
guinea,1994,71.741
guinea,1995,69.218
guinea,1996,66.596
guinea,1997,63.867
guinea,1998,61.026
guinea,1999,58.065
guinea,2000,54.978
guinea,2001,52.546
guinea,2002,53.651
guinea,2003,54.675
guinea,2004,55.626
guinea,2005,56.512
guinea,2006,57.635
guinea,2007,58.696
guinea,2008,59.700
guinea,2009,60.652
guinea,2010,61.556
guinea,2011,62.416
guinea,2012,63.233
guinea,2013,64.012
guinea,2014,64.756
guinea,2015,65.466
guinea,2016,66.144
guinea,2017,66.794
guinea,2018,67.416
guinea,2019,67.416
guinea,2020,67.416
guinea,2021,67.416
guinea,2022,67.416
guinea_bissau,1991,36.145
guinea_bissau,1992,69.594
guinea_bissau,1993,76.538
guinea_bissau,1994,79.541
guinea_bissau,1995,81.217
guinea_bissau,1996,82.286
guinea_bissau,1997,82.286
guinea_bissau,1998,82.286
guinea_bissau,1999,82.286
guinea_bissau,2000,82.286
guinea_bissau,2001,80.899
guinea_bissau,2002,79.558
guinea_bissau,2003,78.261
guinea_bissau,2004,77.005
guinea_bissau,2005,75.789
guinea_bissau,2006,75.789
guinea_bissau,2007,75.789
guinea_bissau,2008,75.789
guinea_bissau,2009,75.789
guinea_bissau,2010,75.789
guinea_bissau,2011,75.789
guinea_bissau,2012,75.789
guinea_bissau,2013,75.789
guinea_bissau,2014,75.789
guinea_bissau,2015,75.789
guinea_bissau,2016,75.789
guinea_bissau,2017,75.789
guinea_bissau,2018,75.789
guinea_bissau,2019,75.789
guinea_bissau,2020,75.789
guinea_bissau,2021,75.789
guinea_bissau,2022,75.789
guyana,1992,98.493
guyana,1993,98.364
guyana,1994,98.239
guyana,1995,98.118
guyana,1996,98.000
guyana,1997,97.886
guyana,1998,97.774
guyana,1999,97.666
guyana,2000,97.561
guyana,2001,97.025
guyana,2002,96.478
guyana,2003,95.921
guyana,2004,95.353
guyana,2005,94.774
guyana,2006,94.693
guyana,2007,94.610
guyana,2008,94.524
guyana,2009,94.436
guyana,2010,94.345
guyana,2011,94.345
guyana,2012,94.345
guyana,2013,94.345
guyana,2014,94.345
guyana,2015,94.345
guyana,2016,94.345
guyana,2017,94.345
guyana,2018,94.345
guyana,2019,94.345
guyana,2020,94.345
guyana,2021,94.345
guyana,2022,94.345
haiti,1991,94.357
haiti,1992,93.336
haiti,1993,92.453
haiti,1994,91.681
haiti,1995,91.001
haiti,1996,90.392
haiti,1997,89.794
haiti,1998,89.207
haiti,1999,88.630
haiti,2000,88.064
haiti,2001,87.507
haiti,2002,86.960
haiti,2003,86.422
haiti,2004,85.893
haiti,2005,85.374
haiti,2006,84.863
haiti,2007,84.360
haiti,2008,83.866
haiti,2009,83.379
haiti,2010,83.379
haiti,2011,83.379
haiti,2012,83.379
haiti,2013,83.379
haiti,2014,83.379
haiti,2015,83.379
haiti,2016,83.379
haiti,2017,83.379
haiti,2018,83.379
haiti,2019,83.379
haiti,2020,83.379
haiti,2021,83.379
haiti,2022,83.379
honduras,2003,73.304
honduras,2004,73.304
honduras,2005,73.304
honduras,2006,73.304
honduras,2007,73.304
honduras,2008,73.304
honduras,2009,73.304
honduras,2010,73.304
honduras,2011,73.304
honduras,2012,73.304
honduras,2013,73.304
honduras,2014,73.304
honduras,2015,73.304
honduras,2016,73.304
honduras,2017,73.304
honduras,2018,73.304
honduras,2019,73.304
honduras,2020,73.304
honduras,2021,73.304
honduras,2022,73.304
hungary,1970,22.315
hungary,1971,22.349
hungary,1972,22.379
hungary,1973,22.406
hungary,1974,22.430
hungary,1975,22.452
hungary,1976,22.452
hungary,1977,22.452
hungary,1978,22.452
hungary,1979,22.452
hungary,1980,22.452
hungary,1981,25.816
hungary,1982,28.796
hungary,1983,31.455
hungary,1984,33.843
hungary,1985,35.997
hungary,1986,32.416
hungary,1987,28.957
hungary,1988,25.615
hungary,1989,22.382
hungary,1990,19.255
hungary,1991,16.228
hungary,1992,13.297
hungary,1993,12.044
hungary,1994,10.683
hungary,1995,9.2013
hungary,1996,7.5802
hungary,1997,7.3081
hungary,1998,7.0260
hungary,1999,7.6826
hungary,2000,12.127
hungary,2001,12.250
hungary,2002,11.882
hungary,2003,11.616
hungary,2004,10.471
hungary,2005,5.6467
hungary,2006,5.5053
hungary,2007,5.5156
hungary,2008,5.6740
hungary,2009,5.8388
hungary,2010,6.0102
hungary,2011,6.1888
hungary,2012,6.3750
hungary,2013,8.6505
hungary,2014,11.156
hungary,2015,12.714
hungary,2016,9.9945
hungary,2017,11.059
hungary,2018,10.812
hungary,2019,11.166
hungary,2020,11.206
hungary,2021,11.433
hungary,2022,11.047
iceland,1980,3.7037
iceland,1981,3.6765
iceland,1982,3.6496
iceland,1983,3.6232
iceland,1984,3.5971
iceland,1985,3.5714
iceland,1986,3.5714
iceland,1987,3.5714
iceland,1988,3.5714
iceland,1989,3.5714
iceland,1990,3.5714
iceland,1991,22.744
iceland,1992,41.916
iceland,1993,42.042
iceland,1994,42.169
iceland,1995,42.296
iceland,1996,42.424
iceland,1997,42.553
iceland,1998,42.683
iceland,1999,42.813
iceland,2000,42.945
iceland,2001,42.683
iceland,2002,42.424
iceland,2003,42.424
iceland,2004,42.424
iceland,2005,32.114
iceland,2006,23.548
iceland,2007,16.318
iceland,2008,10.135
iceland,2009,4.7858
iceland,2010,0.11287
iceland,2011,0.10125
iceland,2012,0.10194
iceland,2013,0.068681
iceland,2014,0.072674
iceland,2015,0.10780
iceland,2016,0.11538
iceland,2017,0.10780
iceland,2018,0.10780
iceland,2019,0.10780
iceland,2020,0.10780
iceland,2021,0.10780
iceland,2022,0.10780
india,1975,93.000
india,1976,93.206
india,1977,93.400
india,1978,93.583
india,1979,93.756
india,1980,93.920
india,1981,94.076
india,1982,94.223
india,1983,94.364
india,1984,94.497
india,1985,94.625
india,1986,94.097
india,1987,93.571
india,1988,93.046
india,1989,92.522
india,1990,92.000
india,1991,91.938
india,1992,91.879
india,1993,91.822
india,1994,91.767
india,1995,91.715
india,1996,91.664
india,1997,91.616
india,1998,91.569
india,1999,91.524
india,2000,91.481
india,2001,91.350
india,2002,91.226
india,2003,91.107
india,2004,90.994
india,2005,90.885
india,2006,90.781
india,2007,90.682
india,2008,90.587
india,2009,90.495
india,2010,90.407
india,2011,90.407
india,2012,90.407
india,2013,90.407
india,2014,90.407
india,2015,90.407
india,2016,90.407
india,2017,90.407
india,2018,90.407
india,2019,90.407
india,2020,90.407
india,2021,90.407
india,2022,90.407
indonesia,1990,93.133
indonesia,1991,91.504
indonesia,1992,90.029
indonesia,1993,88.688
indonesia,1994,87.462
indonesia,1995,86.339
indonesia,1996,85.305
indonesia,1997,84.350
indonesia,1998,83.466
indonesia,1999,82.645
indonesia,2000,81.880
indonesia,2001,80.439
indonesia,2002,79.218
indonesia,2003,78.170
indonesia,2004,77.260
indonesia,2005,76.463
indonesia,2006,77.602
indonesia,2007,78.663
indonesia,2008,79.654
indonesia,2009,80.581
indonesia,2010,81.451
indonesia,2011,82.269
indonesia,2012,83.038
indonesia,2013,83.764
indonesia,2014,84.450
indonesia,2015,84.832
indonesia,2016,85.207
indonesia,2017,85.207
indonesia,2018,85.207
indonesia,2019,85.207
indonesia,2020,85.207
indonesia,2021,85.207
indonesia,2022,85.207
iran_islamic_republic_of,1993,91.606
iran_islamic_republic_of,1994,91.584
iran_islamic_republic_of,1995,91.566
iran_islamic_republic_of,1996,92.033
iran_islamic_republic_of,1997,92.488
iran_islamic_republic_of,1998,92.932
iran_islamic_republic_of,1999,93.364
iran_islamic_republic_of,2000,93.785
iran_islamic_republic_of,2001,93.367
iran_islamic_republic_of,2002,92.959
iran_islamic_republic_of,2003,92.562
iran_islamic_republic_of,2004,92.176
iran_islamic_republic_of,2005,92.176
iran_islamic_republic_of,2006,92.176
iran_islamic_republic_of,2007,92.176
iran_islamic_republic_of,2008,92.176
iran_islamic_republic_of,2009,92.176
iran_islamic_republic_of,2010,92.176
iran_islamic_republic_of,2011,92.176
iran_islamic_republic_of,2012,92.176
iran_islamic_republic_of,2013,92.176
iran_islamic_republic_of,2014,92.176
iran_islamic_republic_of,2015,92.176
iran_islamic_republic_of,2016,92.176
iran_islamic_republic_of,2017,92.176
iran_islamic_republic_of,2018,92.176
iran_islamic_republic_of,2019,92.176
iran_islamic_republic_of,2020,92.176
iran_islamic_republic_of,2021,92.176
iran_islamic_republic_of,2022,92.176
iraq,1975,97.461
iraq,1976,97.466
iraq,1977,97.471
iraq,1978,97.477
iraq,1979,97.482
iraq,1980,97.487
iraq,1981,97.493
iraq,1982,97.498
iraq,1983,97.503
iraq,1984,97.508
iraq,1985,97.513
iraq,1986,96.375
iraq,1987,95.255
iraq,1988,94.155
iraq,1989,93.073
iraq,1990,92.009
iraq,1991,90.075
iraq,1992,88.331
iraq,1993,86.748
iraq,1994,85.307
iraq,1995,83.989
iraq,1996,82.779
iraq,1997,81.663
iraq,1998,80.632
iraq,1999,79.677
iraq,2000,78.788
iraq,2001,79.354
iraq,2002,79.954
iraq,2003,80.591
iraq,2004,81.268
iraq,2005,81.990
iraq,2006,82.760
iraq,2007,83.585
iraq,2008,84.469
iraq,2009,85.420
iraq,2010,86.446
iraq,2011,87.555
iraq,2012,88.758
iraq,2013,90.068
iraq,2014,91.500
iraq,2015,91.495
iraq,2016,91.492
iraq,2017,87.811
iraq,2018,91.480
iraq,2019,78.117
iraq,2020,72.570
iraq,2021,73.470
iraq,2022,73.470
ireland,1980,12.150
ireland,1981,12.389
ireland,1982,12.625
ireland,1983,12.858
ireland,1984,13.088
ireland,1985,13.314
ireland,1986,13.537
ireland,1987,13.758
ireland,1988,13.975
ireland,1989,14.190
ireland,1990,14.401
ireland,1991,14.610
ireland,1992,14.817
ireland,1993,15.020
ireland,1994,15.221
ireland,1995,15.079
ireland,1996,14.930
ireland,1997,14.773
ireland,1998,14.607
ireland,1999,14.432
ireland,2000,14.247
ireland,2001,14.051
ireland,2002,13.843
ireland,2003,12.794
ireland,2004,11.809
ireland,2005,14.108
ireland,2006,11.432
ireland,2007,13.791
ireland,2008,10.916
ireland,2009,11.707
ireland,2010,8.9594
ireland,2011,8.1422
ireland,2012,7.3566
ireland,2013,6.3831
ireland,2014,5.5047
ireland,2015,4.9244
ireland,2016,4.2018
ireland,2017,3.0700
ireland,2018,2.2512
ireland,2019,2.2986
ireland,2020,2.5259
ireland,2021,2.5300
ireland,2022,2.3688
israel,1970,79.859
israel,1971,79.082
israel,1972,78.318
israel,1973,77.567
israel,1974,76.829
israel,1975,76.103
israel,1976,75.389
israel,1977,74.687
israel,1978,73.996
israel,1979,73.316
israel,1980,72.647
israel,1981,72.647
israel,1982,72.647
israel,1983,72.647
israel,1984,72.647
israel,1985,72.647
israel,1986,72.647
israel,1987,71.387
israel,1988,70.094
israel,1989,68.768
israel,1990,67.406
israel,1991,67.406
israel,1992,67.406
israel,1993,67.406
israel,1994,67.406
israel,1995,67.406
israel,1996,65.673
israel,1997,63.983
israel,1998,62.333
israel,1999,60.721
israel,2000,59.148
israel,2001,57.497
israel,2002,55.762
israel,2003,56.183
israel,2004,57.779
israel,2005,57.315
israel,2006,56.839
israel,2007,56.351
israel,2008,55.851
israel,2009,55.338
israel,2010,57.322
israel,2011,56.306
israel,2012,55.332
israel,2013,54.398
israel,2014,53.500
israel,2015,52.637
israel,2016,55.615
israel,2017,43.346
israel,2018,51.651
israel,2019,51.381
israel,2020,49.792
israel,2021,49.084
israel,2022,46.626
italy,1970,61.538
italy,1971,60.355
italy,1972,59.201
italy,1973,58.076
italy,1974,56.978
italy,1975,55.907
italy,1976,54.864
italy,1977,53.846
italy,1978,52.851
italy,1979,51.879
italy,1980,50.929
italy,1981,51.193
italy,1982,51.463
italy,1983,51.740
italy,1984,52.024
italy,1985,52.316
italy,1986,52.617
italy,1987,52.927
italy,1988,53.245
italy,1989,53.572
italy,1990,53.907
italy,1991,52.856
italy,1992,51.830
italy,1993,50.828
italy,1994,49.849
italy,1995,48.892
italy,1996,47.957
italy,1997,47.043
italy,1998,46.149
italy,1999,44.595
italy,2000,44.092
italy,2001,43.485
italy,2002,42.829
italy,2003,42.118
italy,2004,41.343
italy,2005,40.497
italy,2006,39.480
italy,2007,38.365
italy,2008,25.256
italy,2009,42.205
italy,2010,44.085
italy,2011,45.952
italy,2012,47.807
italy,2013,49.708
italy,2014,49.716
italy,2015,49.725
italy,2016,49.850
italy,2017,49.976
italy,2018,50.103
italy,2019,50.133
italy,2020,50.173
italy,2021,50.272
italy,2022,50.225
jamaica,1993,75.000
jamaica,1994,73.624
jamaica,1995,72.227
jamaica,1996,70.810
jamaica,1997,69.372
jamaica,1998,67.912
jamaica,1999,66.431
jamaica,2000,64.926
jamaica,2001,63.399
jamaica,2002,61.848
jamaica,2003,60.272
jamaica,2004,58.672
jamaica,2005,57.047
jamaica,2006,50.116
jamaica,2007,44.308
jamaica,2008,39.114
jamaica,2009,34.610
jamaica,2010,30.665
jamaica,2011,27.182
jamaica,2012,24.085
jamaica,2013,21.311
jamaica,2014,18.814
jamaica,2015,16.364
jamaica,2016,8.4195
jamaica,2017,9.9070
jamaica,2018,12.048
jamaica,2019,15.395
jamaica,2020,21.367
jamaica,2021,17.063
jamaica,2022,17.063
japan,1980,65.760
japan,1981,65.623
japan,1982,65.487
japan,1983,65.352
japan,1984,65.218
japan,1985,65.085
japan,1986,64.952
japan,1987,64.821
japan,1988,64.690
japan,1989,64.560
japan,1990,64.431
japan,1991,64.272
japan,1992,64.114
japan,1993,64.683
japan,1994,65.262
japan,1995,65.853
japan,1996,65.501
japan,1997,65.154
japan,1998,64.533
japan,1999,63.912
japan,2000,63.291
japan,2001,64.704
japan,2002,66.214
japan,2003,66.100
japan,2004,65.986
japan,2005,65.871
japan,2006,65.754
japan,2007,65.678
japan,2008,66.247
japan,2009,66.826
japan,2010,66.921
japan,2011,67.017
japan,2012,67.113
japan,2013,67.209
japan,2014,67.307
japan,2015,67.405
japan,2016,67.503
japan,2017,67.718
japan,2018,67.636
japan,2019,67.985
japan,2020,66.750
japan,2021,66.667
japan,2022,66.667
jordan,1975,64.967
jordan,1976,66.225
jordan,1977,67.396
jordan,1978,68.488
jordan,1979,69.510
jordan,1980,70.467
jordan,1981,71.366
jordan,1982,72.212
jordan,1983,73.010
jordan,1984,73.763
jordan,1985,74.475
jordan,1986,74.598
jordan,1987,74.703
jordan,1988,74.794
jordan,1989,74.873
jordan,1990,74.943
jordan,1991,74.920
jordan,1992,74.898
jordan,1993,73.978
jordan,1994,73.017
jordan,1995,72.012
jordan,1996,70.961
jordan,1997,69.859
jordan,1998,68.705
jordan,1999,67.492
jordan,2000,66.218
jordan,2001,63.577
jordan,2002,64.384
jordan,2003,62.935
jordan,2004,62.907
jordan,2005,64.959
jordan,2006,64.122
jordan,2007,63.197
jordan,2008,61.853
jordan,2009,57.937
jordan,2010,56.103
jordan,2011,56.935
jordan,2012,54.417
jordan,2013,53.385
jordan,2014,53.468
jordan,2015,51.033
jordan,2016,53.127
jordan,2017,52.373
jordan,2018,52.248
jordan,2019,51.645
jordan,2020,51.645
jordan,2021,51.645
jordan,2022,51.645
kazakhstan,1993,80.944
kazakhstan,1994,81.171
kazakhstan,1995,81.405
kazakhstan,1996,79.416
kazakhstan,1997,77.075
kazakhstan,1998,74.278
kazakhstan,1999,70.879
kazakhstan,2000,66.660
kazakhstan,2001,67.246
kazakhstan,2002,68.131
kazakhstan,2003,68.321
kazakhstan,2004,68.897
kazakhstan,2005,71.270
kazakhstan,2006,62.929
kazakhstan,2007,63.396
kazakhstan,2008,58.915
kazakhstan,2009,60.623
kazakhstan,2010,59.127
kazakhstan,2011,59.697
kazakhstan,2012,58.381
kazakhstan,2013,60.761
kazakhstan,2014,57.804
kazakhstan,2015,61.066
kazakhstan,2016,61.049
kazakhstan,2017,61.838
kazakhstan,2018,63.580
kazakhstan,2019,66.805
kazakhstan,2020,62.109
kazakhstan,2021,59.570
kazakhstan,2022,56.747
kenya,1990,76.428
kenya,1991,75.517
kenya,1992,74.560
kenya,1993,73.554
kenya,1994,72.495
kenya,1995,71.379
kenya,1996,70.200
kenya,1997,68.954
kenya,1998,67.634
kenya,1999,66.234
kenya,2000,64.747
kenya,2001,69.303
kenya,2002,72.743
kenya,2003,75.431
kenya,2004,72.395
kenya,2005,69.661
kenya,2006,67.186
kenya,2007,64.935
kenya,2008,62.880
kenya,2009,60.995
kenya,2010,59.260
kenya,2011,59.260
kenya,2012,59.260
kenya,2013,59.260
kenya,2014,59.260
kenya,2015,59.260
kenya,2016,80.208
kenya,2017,80.208
kenya,2018,80.208
kenya,2019,80.208
kenya,2020,80.208
kenya,2021,80.208
kenya,2022,80.208
kuwait,1993,60.223
kuwait,1994,57.540
kuwait,1995,56.633
kuwait,1996,55.854
kuwait,1997,55.177
kuwait,1998,54.584
kuwait,1999,54.060
kuwait,2000,53.593
kuwait,2001,53.735
kuwait,2002,53.866
kuwait,2003,53.645
kuwait,2004,53.438
kuwait,2005,53.245
kuwait,2006,53.933
kuwait,2007,54.600
kuwait,2008,55.249
kuwait,2009,55.879
kuwait,2010,56.492
kuwait,2011,57.088
kuwait,2012,57.668
kuwait,2013,58.232
kuwait,2014,58.781
kuwait,2015,59.317
kuwait,2016,60.509
kuwait,2017,62.272
kuwait,2018,62.272
kuwait,2019,62.272
kuwait,2020,62.272
kuwait,2021,62.272
kuwait,2022,62.272
kyrgyzstan,1994,94.150
kyrgyzstan,1995,94.084
kyrgyzstan,1996,94.017
kyrgyzstan,1997,93.950
kyrgyzstan,1998,93.883
kyrgyzstan,1999,93.817
kyrgyzstan,2000,93.750
kyrgyzstan,2001,93.648
kyrgyzstan,2002,93.539
kyrgyzstan,2003,93.421
kyrgyzstan,2004,93.293
kyrgyzstan,2005,93.156
kyrgyzstan,2006,93.006
kyrgyzstan,2007,92.945
kyrgyzstan,2008,92.883
kyrgyzstan,2009,92.819
kyrgyzstan,2010,92.755
kyrgyzstan,2011,92.689
kyrgyzstan,2012,92.689
kyrgyzstan,2013,92.689
kyrgyzstan,2014,92.689
kyrgyzstan,2015,92.689
kyrgyzstan,2016,92.689
kyrgyzstan,2017,92.689
kyrgyzstan,2018,92.689
kyrgyzstan,2019,92.689
kyrgyzstan,2020,92.689
kyrgyzstan,2021,92.689
kyrgyzstan,2022,92.689
land_locked_developing_countries,2000,86.910
land_locked_developing_countries,2001,88.396
land_locked_developing_countries,2002,88.308
land_locked_developing_countries,2003,87.979
land_locked_developing_countries,2004,87.439
land_locked_developing_countries,2005,87.610
land_locked_developing_countries,2006,87.155
land_locked_developing_countries,2007,87.315
land_locked_developing_countries,2008,87.293
land_locked_developing_countries,2009,87.513
land_locked_developing_countries,2010,87.120
land_locked_developing_countries,2011,87.537
land_locked_developing_countries,2012,87.490
land_locked_developing_countries,2013,87.667
land_locked_developing_countries,2014,87.265
land_locked_developing_countries,2015,88.065
land_locked_developing_countries,2016,87.063
land_locked_developing_countries,2017,87.051
land_locked_developing_countries,2018,86.762
land_locked_developing_countries,2019,82.559
land_locked_developing_countries,2020,83.246
land_locked_developing_countries,2021,86.213
land_locked_developing_countries,2022,85.054
lao_people_s_democratic_republic,2005,91.411
lao_people_s_democratic_republic,2006,92.397
lao_people_s_democratic_republic,2007,93.180
lao_people_s_democratic_republic,2008,93.817
lao_people_s_democratic_republic,2009,94.345
lao_people_s_democratic_republic,2010,94.790
lao_people_s_democratic_republic,2011,95.170
lao_people_s_democratic_republic,2012,95.498
lao_people_s_democratic_republic,2013,95.785
lao_people_s_democratic_republic,2014,96.037
lao_people_s_democratic_republic,2015,96.178
lao_people_s_democratic_republic,2016,96.084
lao_people_s_democratic_republic,2017,95.902
lao_people_s_democratic_republic,2018,95.902
lao_people_s_democratic_republic,2019,95.918
lao_people_s_democratic_republic,2020,95.918
lao_people_s_democratic_republic,2021,95.918
lao_people_s_democratic_republic,2022,95.918
latin_america_and_the_caribbean,2000,61.914
latin_america_and_the_caribbean,2001,59.422
latin_america_and_the_caribbean,2002,59.739
latin_america_and_the_caribbean,2003,59.481
latin_america_and_the_caribbean,2004,59.367
latin_america_and_the_caribbean,2005,59.428
latin_america_and_the_caribbean,2006,69.797
latin_america_and_the_caribbean,2007,70.112
latin_america_and_the_caribbean,2008,71.163
latin_america_and_the_caribbean,2009,71.940
latin_america_and_the_caribbean,2010,72.539
latin_america_and_the_caribbean,2011,72.569
latin_america_and_the_caribbean,2012,72.365
latin_america_and_the_caribbean,2013,72.248
latin_america_and_the_caribbean,2014,72.554
latin_america_and_the_caribbean,2015,72.828
latin_america_and_the_caribbean,2016,73.912
latin_america_and_the_caribbean,2017,73.973
latin_america_and_the_caribbean,2018,73.603
latin_america_and_the_caribbean,2019,74.393
latin_america_and_the_caribbean,2020,74.963
latin_america_and_the_caribbean,2021,74.204
latin_america_and_the_caribbean,2022,73.987
latvia,1995,8.6124
latvia,1996,9.7442
latvia,1997,11.017
latvia,1998,12.458
latvia,1999,14.103
latvia,2000,16.000
latvia,2001,16.679
latvia,2002,20.757
latvia,2003,21.071
latvia,2004,17.299
latvia,2005,21.890
latvia,2006,22.186
latvia,2007,23.190
latvia,2008,21.465
latvia,2009,19.864
latvia,2010,18.373
latvia,2011,16.982
latvia,2012,15.680
latvia,2013,14.649
latvia,2014,21.998
latvia,2015,27.819
latvia,2016,31.260
latvia,2017,31.156
latvia,2018,29.929
latvia,2019,29.747
latvia,2020,30.531
latvia,2021,28.738
latvia,2022,29.070
least_developed_countries,2000,91.920
least_developed_countries,2001,91.792
least_developed_countries,2002,91.727
least_developed_countries,2003,91.461
least_developed_countries,2004,91.203
least_developed_countries,2005,90.946
least_developed_countries,2006,90.959
least_developed_countries,2007,90.988
least_developed_countries,2008,90.418
least_developed_countries,2009,90.453
least_developed_countries,2010,90.493
least_developed_countries,2011,90.532
least_developed_countries,2012,90.570
least_developed_countries,2013,90.566
least_developed_countries,2014,90.562
least_developed_countries,2015,90.576
least_developed_countries,2016,90.583
least_developed_countries,2017,90.554
least_developed_countries,2018,90.615
least_developed_countries,2019,90.612
least_developed_countries,2020,90.617
least_developed_countries,2021,90.613
least_developed_countries,2022,90.617
lebanon,1975,84.953
lebanon,1976,83.445
lebanon,1977,82.043
lebanon,1978,80.736
lebanon,1979,79.516
lebanon,1980,78.373
lebanon,1981,77.302
lebanon,1982,76.294
lebanon,1983,75.345
lebanon,1984,74.450
lebanon,1985,73.605
lebanon,1986,72.804
lebanon,1987,72.045
lebanon,1988,71.325
lebanon,1989,70.641
lebanon,1990,69.990
lebanon,1991,69.369
lebanon,1992,68.777
lebanon,1993,68.212
lebanon,1994,67.672
lebanon,1995,67.042
lebanon,1996,66.434
lebanon,1997,65.847
lebanon,1998,65.280
lebanon,1999,64.732
lebanon,2000,64.201
lebanon,2001,63.334
lebanon,2002,62.437
lebanon,2003,61.507
lebanon,2004,60.542
lebanon,2005,59.542
lebanon,2006,56.640
lebanon,2007,53.955
lebanon,2008,51.464
lebanon,2009,49.146
lebanon,2010,46.984
lebanon,2011,44.963
lebanon,2012,43.070
lebanon,2013,41.292
lebanon,2014,39.619
lebanon,2015,38.043
lebanon,2016,38.043
lebanon,2017,38.043
lebanon,2018,38.043
lebanon,2019,38.043
lebanon,2020,38.043
lebanon,2021,38.043
lebanon,2022,38.043
lesotho,1987,56.000
lesotho,1988,52.632
lesotho,1989,49.177
lesotho,1990,45.630
lesotho,1991,41.990
lesotho,1992,38.251
lesotho,1993,34.410
lesotho,1994,30.462
lesotho,1995,26.403
lesotho,1996,22.229
lesotho,1997,17.934
lesotho,1998,13.512
lesotho,1999,8.9590
lesotho,2000,8.6758
lesotho,2001,8.6758
lesotho,2002,8.6758
lesotho,2003,8.6758
lesotho,2004,8.6758
lesotho,2005,8.6758
lesotho,2006,8.6758
lesotho,2007,8.6758
lesotho,2008,8.6758
lesotho,2009,8.6758
lesotho,2010,8.6758
lesotho,2011,8.6758
lesotho,2012,8.6758
lesotho,2013,8.6758
lesotho,2014,8.6758
lesotho,2015,8.6758
lesotho,2016,8.6758
lesotho,2017,8.6758
lesotho,2018,8.6758
lesotho,2019,8.6758
lesotho,2020,8.6758
lesotho,2021,8.6758
lesotho,2022,8.6758
liberia,1987,60.000
liberia,1988,56.086
liberia,1989,52.175
liberia,1990,48.269
liberia,1991,44.366
liberia,1992,40.466
liberia,1993,36.571
liberia,1994,32.679
liberia,1995,28.790
liberia,1996,24.906
liberia,1997,21.025
liberia,1998,17.147
liberia,1999,13.274
liberia,2000,9.4037
liberia,2001,9.1915
liberia,2002,8.9886
liberia,2003,8.7945
liberia,2004,8.6086
liberia,2005,8.4304
liberia,2006,8.4304
liberia,2007,8.4304
liberia,2008,8.4304
liberia,2009,8.4304
liberia,2010,8.4304
liberia,2011,8.4304
liberia,2012,8.4304
liberia,2013,8.4304
liberia,2014,8.4304
liberia,2015,8.4304
liberia,2016,8.4304
liberia,2017,8.4304
liberia,2018,8.4304
liberia,2019,8.4304
liberia,2020,8.4304
liberia,2021,8.4304
liberia,2022,8.4304
libya,1985,63.082
libya,1986,70.499
libya,1987,76.623
libya,1988,81.765
libya,1989,86.143
libya,1990,89.916
libya,1991,89.195
libya,1992,88.462
libya,1993,87.716
libya,1994,86.957
libya,1995,86.306
libya,1996,85.642
libya,1997,84.964
libya,1998,84.272
libya,1999,83.566
libya,2000,82.848
libya,2001,82.848
libya,2002,82.848
libya,2003,82.848
libya,2004,82.848
libya,2005,82.848
libya,2006,82.905
libya,2007,82.959
libya,2008,83.010
libya,2009,83.058
libya,2010,83.105
libya,2011,83.149
libya,2012,83.190
libya,2013,83.190
libya,2014,83.190
libya,2015,83.190
libya,2016,83.190
libya,2017,83.190
libya,2018,83.190
libya,2019,83.190
libya,2020,83.190
libya,2021,83.190
libya,2022,83.190
lithuania,1995,0.18382
lithuania,1996,0.25472
lithuania,1997,0.33562
lithuania,1998,0.42881
lithuania,1999,0.53731
lithuania,2000,0.66523
lithuania,2001,1.9147
lithuania,2002,2.6439
lithuania,2003,3.4774
lithuania,2004,3.6811
lithuania,2005,3.4207
lithuania,2006,4.4733
lithuania,2007,3.6051
lithuania,2008,5.5101
lithuania,2009,6.1818
lithuania,2010,6.8107
lithuania,2011,7.7126
lithuania,2012,9.1143
lithuania,2013,11.590
lithuania,2014,16.191
lithuania,2015,15.602
lithuania,2016,19.259
lithuania,2017,22.741
lithuania,2018,22.462
lithuania,2019,18.252
lithuania,2020,15.056
lithuania,2021,16.673
lithuania,2022,19.557
luxembourg,1995,0.35398
luxembourg,1996,0.34813
luxembourg,1997,0.34228
luxembourg,1998,0.33643
luxembourg,1999,0.33058
luxembourg,2000,0.32184
luxembourg,2001,0.31274
luxembourg,2002,0.30592
luxembourg,2003,0.29690
luxembourg,2004,0.28743
luxembourg,2005,0.27747
luxembourg,2006,0.26698
luxembourg,2007,0.25593
luxembourg,2008,0.24426
luxembourg,2009,0.23193
luxembourg,2010,0.21053
luxembourg,2011,1.0309
luxembourg,2012,0.44944
luxembourg,2013,0.69606
luxembourg,2014,0.65789
luxembourg,2015,1.5625
luxembourg,2016,0.67568
luxembourg,2017,0.87719
luxembourg,2018,0.95785
luxembourg,2019,1.2170
luxembourg,2020,0.0000
luxembourg,2021,0.84727
luxembourg,2022,1.0264
madagascar,1984,99.000
madagascar,1985,98.909
madagascar,1986,98.815
madagascar,1987,98.719
madagascar,1988,98.621
madagascar,1989,98.521
madagascar,1990,98.418
madagascar,1991,98.313
madagascar,1992,98.205
madagascar,1993,98.094
madagascar,1994,97.981
madagascar,1995,97.865
madagascar,1996,97.746
madagascar,1997,97.623
madagascar,1998,97.497
madagascar,1999,97.368
madagascar,2000,97.236
madagascar,2001,97.108
madagascar,2002,96.980
madagascar,2003,96.853
madagascar,2004,96.727
madagascar,2005,96.600
madagascar,2006,95.892
madagascar,2007,95.892
madagascar,2008,95.892
madagascar,2009,95.892
madagascar,2010,95.892
madagascar,2011,95.892
madagascar,2012,95.892
madagascar,2013,95.892
madagascar,2014,95.892
madagascar,2015,95.892
madagascar,2016,95.892
madagascar,2017,95.892
madagascar,2018,95.892
madagascar,2019,95.892
madagascar,2020,95.892
madagascar,2021,95.892
madagascar,2022,95.892
malawi,1994,86.432
malawi,1995,86.571
malawi,1996,86.697
malawi,1997,86.811
malawi,1998,86.915
malawi,1999,87.010
malawi,2000,87.098
malawi,2001,87.122
malawi,2002,87.144
malawi,2003,86.738
malawi,2004,86.336
malawi,2005,85.938
malawi,2006,85.938
malawi,2007,85.938
malawi,2008,85.938
malawi,2009,85.938
malawi,2010,85.938
malawi,2011,85.938
malawi,2012,85.938
malawi,2013,85.938
malawi,2014,85.938
malawi,2015,85.938
malawi,2016,85.938
malawi,2017,85.938
malawi,2018,85.938
malawi,2019,85.938
malawi,2020,85.938
malawi,2021,85.938
malawi,2022,85.938
malaysia,1990,82.040
malaysia,1991,78.153
malaysia,1992,73.608
malaysia,1993,68.221
malaysia,1994,61.736
malaysia,1995,53.779
malaysia,1996,45.645
malaysia,1997,45.645
malaysia,1998,45.645
malaysia,1999,45.645
malaysia,2000,45.645
malaysia,2001,45.645
malaysia,2002,45.645
malaysia,2003,45.645
malaysia,2004,45.645
malaysia,2005,45.645
malaysia,2006,45.645
malaysia,2007,45.645
malaysia,2008,45.645
malaysia,2009,45.645
malaysia,2010,45.645
malaysia,2011,45.645
malaysia,2012,45.645
malaysia,2013,45.645
malaysia,2014,45.645
malaysia,2015,45.645
malaysia,2016,45.645
malaysia,2017,45.645
malaysia,2018,45.645
malaysia,2019,45.645
malaysia,2020,45.645
malaysia,2021,45.645
malaysia,2022,45.645
maldives,1987,0.0000
maldives,1988,0.0000
maldives,1989,0.0000
maldives,1990,0.0000
maldives,1991,0.0000
maldives,1992,0.0000
maldives,1993,0.0000
maldives,1994,0.0000
maldives,1995,0.0000
maldives,1996,0.0000
maldives,1997,0.0000
maldives,1998,0.0000
maldives,1999,0.0000
maldives,2000,0.0000
maldives,2001,0.0000
maldives,2002,0.0000
maldives,2003,0.0000
maldives,2004,0.0000
maldives,2005,0.0000
maldives,2006,0.0000
maldives,2007,0.0000
maldives,2008,0.0000
maldives,2009,0.13650
maldives,2010,0.27301
maldives,2011,0.40951
maldives,2012,0.54602
maldives,2013,0.68252
maldives,2014,0.81903
maldives,2015,0.95553
maldives,2016,1.0920
maldives,2017,1.2285
maldives,2018,1.3650
maldives,2019,1.5015
maldives,2020,3.0236
maldives,2021,4.5457
maldives,2022,4.5457
mali,1987,96.985
mali,1988,97.260
mali,1989,97.457
mali,1990,97.605
mali,1991,97.720
mali,1992,97.811
mali,1993,97.887
mali,1994,97.949
mali,1995,98.003
mali,1996,98.048
mali,1997,98.081
mali,1998,98.110
mali,1999,98.135
mali,2000,98.158
mali,2001,98.179
mali,2002,98.114
mali,2003,98.049
mali,2004,97.986
mali,2005,97.922
mali,2006,97.860
mali,2007,97.860
mali,2008,97.860
mali,2009,97.860
mali,2010,97.860
mali,2011,97.860
mali,2012,97.860
mali,2013,97.860
mali,2014,97.860
mali,2015,97.860
mali,2016,97.860
mali,2017,97.860
mali,2018,97.860
mali,2019,97.860
mali,2020,97.860
mali,2021,97.860
mali,2022,97.860
malta,1995,12.500
malta,1996,16.341
malta,1997,20.155
malta,1998,23.943
malta,1999,27.704
malta,2000,31.439
malta,2001,35.166
malta,2002,35.037
malta,2003,32.099
malta,2004,33.462
malta,2005,34.172
malta,2006,37.295
malta,2007,43.202
malta,2008,44.177
malta,2009,42.489
malta,2010,48.568
malta,2011,54.538
malta,2012,60.401
malta,2013,64.018
malta,2014,44.288
malta,2015,41.100
malta,2016,40.605
malta,2017,42.424
malta,2018,39.746
malta,2019,36.511
malta,2020,38.037
malta,2021,36.772
malta,2022,34.529
mauritania,1980,83.973
mauritania,1981,86.894
mauritania,1982,88.852
mauritania,1983,90.255
mauritania,1984,91.311
mauritania,1985,92.133
mauritania,1986,92.235
mauritania,1987,92.337
mauritania,1988,92.439
mauritania,1989,92.541
mauritania,1990,92.643
mauritania,1991,92.746
mauritania,1992,92.849
mauritania,1993,92.952
mauritania,1994,93.055
mauritania,1995,93.159
mauritania,1996,93.262
mauritania,1997,93.366
mauritania,1998,93.471
mauritania,1999,93.575
mauritania,2000,93.680
mauritania,2001,93.078
mauritania,2002,92.424
mauritania,2003,91.711
mauritania,2004,90.929
mauritania,2005,90.579
mauritania,2006,90.579
mauritania,2007,90.579
mauritania,2008,90.579
mauritania,2009,90.579
mauritania,2010,90.579
mauritania,2011,90.579
mauritania,2012,90.579
mauritania,2013,90.579
mauritania,2014,90.579
mauritania,2015,90.579
mauritania,2016,90.579
mauritania,2017,90.579
mauritania,2018,90.579
mauritania,2019,90.579
mauritania,2020,90.579
mauritania,2021,90.579
mauritania,2022,90.579
mauritius,1974,76.889
mauritius,1975,76.889
mauritius,1976,76.889
mauritius,1977,76.889
mauritius,1978,76.889
mauritius,1979,76.889
mauritius,1980,76.889
mauritius,1981,76.889
mauritius,1982,76.889
mauritius,1983,76.889
mauritius,1984,76.889
mauritius,1985,76.889
mauritius,1986,76.889
mauritius,1987,76.889
mauritius,1988,76.889
mauritius,1989,76.889
mauritius,1990,76.889
mauritius,1991,76.442
mauritius,1992,76.010
mauritius,1993,75.592
mauritius,1994,75.188
mauritius,1995,74.797
mauritius,1996,74.797
mauritius,1997,74.797
mauritius,1998,74.797
mauritius,1999,74.797
mauritius,2000,74.797
mauritius,2001,72.160
mauritius,2002,69.818
mauritius,2003,67.724
mauritius,2004,67.585
mauritius,2005,67.438
mauritius,2006,66.422
mauritius,2007,67.143
mauritius,2008,67.102
mauritius,2009,63.133
mauritius,2010,62.442
mauritius,2011,62.347
mauritius,2012,62.715
mauritius,2013,61.678
mauritius,2014,60.161
mauritius,2015,56.046
mauritius,2016,57.029
mauritius,2017,55.844
mauritius,2018,51.007
mauritius,2019,50.334
mauritius,2020,50.164
mauritius,2021,49.752
mauritius,2022,47.867
mexico,1995,95.943
mexico,1996,93.612
mexico,1997,91.323
mexico,1998,89.077
mexico,1999,86.871
mexico,2000,84.704
mexico,2001,76.453
mexico,2002,77.273
mexico,2003,76.171
mexico,2004,76.159
mexico,2005,76.732
mexico,2006,76.843
mexico,2007,76.719
mexico,2008,76.692
mexico,2009,76.675
mexico,2010,76.681
mexico,2011,76.687
mexico,2012,76.572
mexico,2013,75.716
mexico,2014,76.720
mexico,2015,76.297
mexico,2016,76.290
mexico,2017,76.047
mexico,2018,75.720
mexico,2019,75.708
mexico,2020,75.744
mexico,2021,75.680
mexico,2022,76.301
monaco,1990,0.0000
monaco,1991,0.0000
monaco,1992,0.0000
monaco,1993,0.0000
monaco,1994,0.0000
monaco,1995,0.0000
monaco,1996,0.0000
monaco,1997,0.0000
monaco,1998,0.0000
monaco,1999,0.0000
monaco,2000,0.0000
monaco,2001,0.0000
monaco,2002,0.0000
monaco,2003,0.0000
monaco,2004,0.0000
monaco,2005,0.0000
monaco,2006,0.0000
monaco,2007,0.0000
monaco,2008,0.0000
monaco,2009,0.0000
monaco,2010,0.0000
monaco,2011,0.0000
monaco,2012,0.0000
monaco,2013,0.0000
monaco,2014,0.0000
monaco,2015,0.0000
monaco,2016,0.0000
monaco,2017,0.0000
monaco,2018,0.0000
monaco,2019,0.0000
monaco,2020,0.0000
monaco,2021,0.0000
monaco,2022,0.0000
mongolia,1993,53.037
mongolia,1994,51.938
mongolia,1995,50.881
mongolia,1996,49.864
mongolia,1997,48.886
mongolia,1998,47.943
mongolia,1999,47.033
mongolia,2000,46.156
mongolia,2001,45.310
mongolia,2002,44.492
mongolia,2003,43.701
mongolia,2004,42.937
mongolia,2005,42.197
mongolia,2006,41.481
mongolia,2007,42.305
mongolia,2008,43.118
mongolia,2009,43.920
mongolia,2010,46.307
mongolia,2011,48.884
mongolia,2012,51.672
mongolia,2013,54.701
mongolia,2014,58.003
mongolia,2015,61.615
mongolia,2016,54.260
mongolia,2017,54.260
mongolia,2018,54.260
mongolia,2019,54.260
mongolia,2020,54.260
mongolia,2021,54.260
mongolia,2022,54.260
montenegro,2006,5.4232
montenegro,2007,3.8953
montenegro,2008,1.0566
montenegro,2009,0.49541
montenegro,2010,0.32414
montenegro,2011,0.32046
montenegro,2012,0.31828
montenegro,2013,0.31685
montenegro,2014,0.31569
montenegro,2015,0.31507
montenegro,2016,0.31441
montenegro,2017,0.31397
montenegro,2018,0.31361
montenegro,2019,0.31330
montenegro,2020,0.31305
montenegro,2021,0.26417
montenegro,2022,0.30629
morocco,1990,89.158
morocco,1991,90.740
morocco,1992,92.168
morocco,1993,91.334
morocco,1994,89.214
morocco,1995,87.780
morocco,1996,89.145
morocco,1997,88.655
morocco,1998,88.191
morocco,1999,87.751
morocco,2000,87.312
morocco,2001,80.443
morocco,2002,74.582
morocco,2003,75.787
morocco,2004,77.090
morocco,2005,78.500
morocco,2006,80.033
morocco,2007,81.706
morocco,2008,83.537
morocco,2009,85.551
morocco,2010,87.777
morocco,2011,87.777
morocco,2012,87.777
morocco,2013,87.777
morocco,2014,87.777
morocco,2015,87.777
morocco,2016,87.777
morocco,2017,87.777
morocco,2018,87.777
morocco,2019,87.777
morocco,2020,87.777
morocco,2021,87.777
morocco,2022,87.777
mozambique,1990,89.256
mozambique,1991,87.662
mozambique,1992,86.197
mozambique,1993,84.845
mozambique,1994,83.595
mozambique,1995,82.434
mozambique,1996,81.354
mozambique,1997,80.346
mozambique,1998,79.404
mozambique,1999,78.522
mozambique,2000,77.693
mozambique,2001,76.383
mozambique,2002,75.530
mozambique,2003,74.756
mozambique,2004,74.052
mozambique,2005,73.408
mozambique,2006,73.361
mozambique,2007,73.317
mozambique,2008,73.276
mozambique,2009,73.238
mozambique,2010,73.201
mozambique,2011,73.167
mozambique,2012,73.135
mozambique,2013,73.104
mozambique,2014,73.076
mozambique,2015,73.048
mozambique,2016,73.048
mozambique,2017,73.048
mozambique,2018,73.048
mozambique,2019,73.048
mozambique,2020,73.048
mozambique,2021,73.048
mozambique,2022,73.048
myanmar,1987,98.599
myanmar,1988,97.742
myanmar,1989,96.908
myanmar,1990,96.095
myanmar,1991,95.303
myanmar,1992,94.532
myanmar,1993,93.780
myanmar,1994,93.046
myanmar,1995,92.330
myanmar,1996,91.632
myanmar,1997,90.950
myanmar,1998,90.284
myanmar,1999,89.634
myanmar,2000,88.998
myanmar,2001,88.910
myanmar,2002,88.821
myanmar,2003,88.732
myanmar,2004,88.644
myanmar,2005,88.556
myanmar,2006,88.556
myanmar,2007,88.556
myanmar,2008,88.556
myanmar,2009,88.556
myanmar,2010,88.556
myanmar,2011,88.556
myanmar,2012,88.556
myanmar,2013,88.556
myanmar,2014,88.556
myanmar,2015,88.556
myanmar,2016,88.556
myanmar,2017,88.556
myanmar,2018,88.556
myanmar,2019,88.556
myanmar,2020,88.556
myanmar,2021,88.556
myanmar,2022,88.556
namibia,1985,82.143
namibia,1986,78.503
namibia,1987,75.613
namibia,1988,73.262
namibia,1989,71.313
namibia,1990,69.671
namibia,1991,68.273
namibia,1992,68.775
namibia,1993,69.253
namibia,1994,69.710
namibia,1995,70.147
namibia,1996,70.565
namibia,1997,70.965
namibia,1998,71.349
namibia,1999,71.717
namibia,2000,71.000
namibia,2001,70.564
namibia,2002,70.107
namibia,2003,70.266
namibia,2004,70.426
namibia,2005,70.586
namibia,2006,70.747
namibia,2007,70.909
namibia,2008,71.071
namibia,2009,71.234
namibia,2010,71.398
namibia,2011,71.563
namibia,2012,71.728
namibia,2013,71.895
namibia,2014,72.062
namibia,2015,72.230
namibia,2016,72.398
namibia,2017,72.568
namibia,2018,72.738
namibia,2019,72.909
namibia,2020,138.68
namibia,2021,155.80
namibia,2022,71.485
nepal,2000,97.464
nepal,2001,97.598
nepal,2002,97.731
nepal,2003,97.866
nepal,2004,98.000
nepal,2005,98.135
nepal,2006,98.135
nepal,2007,98.135
nepal,2008,98.135
nepal,2009,98.135
nepal,2010,98.135
nepal,2011,98.135
nepal,2012,98.135
nepal,2013,98.135
nepal,2014,98.135
nepal,2015,98.135
nepal,2016,98.135
nepal,2017,98.135
nepal,2018,98.135
nepal,2019,98.135
nepal,2020,98.135
nepal,2021,98.135
nepal,2022,98.135
netherlands_kingdom_of_the,1991,2.3049
netherlands_kingdom_of_the,1992,2.6372
netherlands_kingdom_of_the,1993,2.9951
netherlands_kingdom_of_the,1994,3.3816
netherlands_kingdom_of_the,1995,3.8004
netherlands_kingdom_of_the,1996,3.5347
netherlands_kingdom_of_the,1997,2.7840
netherlands_kingdom_of_the,1998,2.1309
netherlands_kingdom_of_the,1999,1.5574
netherlands_kingdom_of_the,2000,1.0499
netherlands_kingdom_of_the,2001,0.59903
netherlands_kingdom_of_the,2002,0.54979
netherlands_kingdom_of_the,2003,1.6072
netherlands_kingdom_of_the,2004,0.80294
netherlands_kingdom_of_the,2005,0.64757
netherlands_kingdom_of_the,2006,1.0780
netherlands_kingdom_of_the,2007,0.65669
netherlands_kingdom_of_the,2008,0.66955
netherlands_kingdom_of_the,2009,0.85928
netherlands_kingdom_of_the,2010,1.1171
netherlands_kingdom_of_the,2011,1.0992
netherlands_kingdom_of_the,2012,0.56140
netherlands_kingdom_of_the,2013,1.0844
netherlands_kingdom_of_the,2014,0.92727
netherlands_kingdom_of_the,2015,1.2591
netherlands_kingdom_of_the,2016,0.95346
netherlands_kingdom_of_the,2017,1.5121
netherlands_kingdom_of_the,2018,3.7341
netherlands_kingdom_of_the,2019,3.0154
netherlands_kingdom_of_the,2020,3.6985
netherlands_kingdom_of_the,2021,1.0549
netherlands_kingdom_of_the,2022,3.2193
new_zealand,1985,44.000
new_zealand,1986,44.000
new_zealand,1987,44.000
new_zealand,1988,44.000
new_zealand,1989,44.000
new_zealand,1990,44.000
new_zealand,1991,44.000
new_zealand,1992,44.000
new_zealand,1993,44.000
new_zealand,1994,44.000
new_zealand,1995,44.000
new_zealand,1996,44.000
new_zealand,1997,44.000
new_zealand,1998,44.000
new_zealand,1999,44.000
new_zealand,2000,65.934
new_zealand,2001,63.478
new_zealand,2002,61.655
new_zealand,2003,60.247
new_zealand,2004,59.127
new_zealand,2005,58.214
new_zealand,2006,57.457
new_zealand,2007,58.555
new_zealand,2008,59.620
new_zealand,2009,60.655
new_zealand,2010,61.661
new_zealand,2011,62.387
new_zealand,2012,63.130
new_zealand,2013,63.891
new_zealand,2014,64.670
new_zealand,2015,65.469
new_zealand,2016,66.287
new_zealand,2017,66.098
new_zealand,2018,65.732
new_zealand,2019,65.588
new_zealand,2020,64.775
new_zealand,2021,64.860
new_zealand,2022,64.945
nicaragua,1998,83.813
nicaragua,1999,83.153
nicaragua,2000,82.542
nicaragua,2001,81.975
nicaragua,2002,81.016
nicaragua,2003,80.079
nicaragua,2004,79.166
nicaragua,2005,78.273
nicaragua,2006,77.740
nicaragua,2007,77.214
nicaragua,2008,76.696
nicaragua,2009,77.475
nicaragua,2010,78.269
nicaragua,2011,79.078
nicaragua,2012,79.725
nicaragua,2013,80.396
nicaragua,2014,81.094
nicaragua,2015,81.821
nicaragua,2016,82.577
nicaragua,2017,83.365
nicaragua,2018,84.187
nicaragua,2019,85.086
nicaragua,2020,85.045
nicaragua,2021,85.045
nicaragua,2022,85.045
niger,1988,82.000
niger,1989,79.996
niger,1990,78.211
niger,1991,76.611
niger,1992,75.169
niger,1993,73.861
niger,1994,72.671
niger,1995,71.584
niger,1996,70.585
niger,1997,69.666
niger,1998,68.816
niger,1999,68.028
niger,2000,67.297
niger,2001,67.175
niger,2002,67.059
niger,2003,66.949
niger,2004,66.844
niger,2005,66.745
niger,2006,71.507
niger,2007,75.926
niger,2008,80.038
niger,2009,83.873
niger,2010,87.459
niger,2011,90.819
niger,2012,93.973
niger,2013,90.483
niger,2014,87.595
niger,2015,88.527
niger,2016,87.912
niger,2017,86.411
niger,2018,90.866
niger,2019,91.023
niger,2020,91.023
niger,2021,91.023
niger,2022,91.023
nigeria,1987,70.125
nigeria,1988,67.906
nigeria,1989,65.942
nigeria,1990,64.192
nigeria,1991,62.622
nigeria,1992,61.205
nigeria,1993,59.921
nigeria,1994,58.752
nigeria,1995,57.682
nigeria,1996,56.700
nigeria,1997,55.796
nigeria,1998,54.960
nigeria,1999,54.185
nigeria,2000,53.464
nigeria,2001,52.180
nigeria,2002,50.956
nigeria,2003,49.789
nigeria,2004,48.673
nigeria,2005,47.607
nigeria,2006,46.877
nigeria,2007,46.169
nigeria,2008,45.482
nigeria,2009,44.816
nigeria,2010,44.168
nigeria,2011,44.168
nigeria,2012,44.168
nigeria,2013,44.168
nigeria,2014,44.168
nigeria,2015,44.168
nigeria,2016,44.168
nigeria,2017,44.168
nigeria,2018,44.168
nigeria,2019,44.168
nigeria,2020,44.168
nigeria,2021,44.168
nigeria,2022,44.168
north_macedonia,1996,68.553
north_macedonia,1997,66.847
north_macedonia,1998,64.486
north_macedonia,1999,61.002
north_macedonia,2000,55.347
north_macedonia,2001,48.140
north_macedonia,2002,44.441
north_macedonia,2003,42.366
north_macedonia,2004,25.419
north_macedonia,2005,22.056
north_macedonia,2006,21.523
north_macedonia,2007,22.769
north_macedonia,2008,40.337
north_macedonia,2009,47.575
north_macedonia,2010,48.504
north_macedonia,2011,44.347
north_macedonia,2012,79.299
north_macedonia,2013,31.534
north_macedonia,2014,39.400
north_macedonia,2015,31.296
north_macedonia,2016,13.316
north_macedonia,2017,31.707
north_macedonia,2018,6.2517
north_macedonia,2019,8.6920
north_macedonia,2020,9.6538
north_macedonia,2021,8.8682
north_macedonia,2022,6.4011
northern_africa,2000,87.239
northern_africa,2001,86.310
northern_africa,2002,85.423
northern_africa,2003,85.472
northern_africa,2004,85.520
northern_africa,2005,85.567
northern_africa,2006,85.664
northern_africa,2007,85.760
northern_africa,2008,85.855
northern_africa,2009,85.949
northern_africa,2010,86.042
northern_africa,2011,85.478
northern_africa,2012,85.704
northern_africa,2013,85.787
northern_africa,2014,85.731
northern_africa,2015,85.550
northern_africa,2016,85.274
northern_africa,2017,82.084
northern_africa,2018,82.143
northern_africa,2019,82.166
northern_africa,2020,82.174
northern_africa,2021,82.361
northern_africa,2022,82.345
northern_africa_and_western_asia,2000,83.654
northern_africa_and_western_asia,2001,83.653
northern_africa_and_western_asia,2002,83.041
northern_africa_and_western_asia,2003,82.821
northern_africa_and_western_asia,2004,83.855
northern_africa_and_western_asia,2005,84.084
northern_africa_and_western_asia,2006,84.185
northern_africa_and_western_asia,2007,84.436
northern_africa_and_western_asia,2008,84.039
northern_africa_and_western_asia,2009,84.833
northern_africa_and_western_asia,2010,84.850
northern_africa_and_western_asia,2011,84.654
northern_africa_and_western_asia,2012,84.733
northern_africa_and_western_asia,2013,84.825
northern_africa_and_western_asia,2014,84.654
northern_africa_and_western_asia,2015,84.739
northern_africa_and_western_asia,2016,84.708
northern_africa_and_western_asia,2017,82.732
northern_africa_and_western_asia,2018,83.092
northern_africa_and_western_asia,2019,81.431
northern_africa_and_western_asia,2020,80.630
northern_africa_and_western_asia,2021,83.069
northern_africa_and_western_asia,2022,81.055
northern_america,2000,33.335
northern_america,2001,33.114
northern_america,2002,32.893
northern_america,2003,32.673
northern_america,2004,32.453
northern_america,2005,32.234
northern_america,2006,32.471
northern_america,2007,32.721
northern_america,2008,33.083
northern_america,2009,33.466
northern_america,2010,34.181
northern_america,2011,34.769
northern_america,2012,35.368
northern_america,2013,35.990
northern_america,2014,36.633
northern_america,2015,37.300
northern_america,2016,37.385
northern_america,2017,37.469
northern_america,2018,37.477
northern_america,2019,37.485
northern_america,2020,37.491
northern_america,2021,37.479
northern_america,2022,37.482
norway,1996,30.165
norway,1997,31.013
norway,1998,31.878
norway,1999,32.760
norway,2000,31.988
norway,2001,34.166
norway,2002,31.635
norway,2003,28.913
norway,2004,31.651
norway,2005,26.726
norway,2006,28.747
norway,2007,27.920
norway,2008,28.793
norway,2009,29.723
norway,2010,30.114
norway,2011,30.515
norway,2012,30.927
norway,2013,30.680
norway,2014,30.404
norway,2015,31.136
norway,2016,31.903
norway,2017,31.395
norway,2018,31.420
norway,2019,31.445
norway,2020,31.470
norway,2021,31.956
norway,2022,31.417
oceania,2000,68.255
oceania,2001,67.760
oceania,2002,66.567
oceania,2003,65.345
oceania,2004,64.093
oceania,2005,62.810
oceania,2006,60.419
oceania,2007,58.276
oceania,2008,55.905
oceania,2009,53.269
oceania,2010,54.874
oceania,2011,55.969
oceania,2012,59.534
oceania,2013,64.283
oceania,2014,62.585
oceania,2015,55.749
oceania,2016,64.528
oceania,2017,67.476
oceania,2018,68.392
oceania,2019,65.132
oceania,2020,61.664
oceania,2021,64.636
oceania,2022,65.243
oceania_excluding_australia_and_new_zealand,2000,14.444
oceania_excluding_australia_and_new_zealand,2001,13.496
oceania_excluding_australia_and_new_zealand,2002,12.666
oceania_excluding_australia_and_new_zealand,2003,11.931
oceania_excluding_australia_and_new_zealand,2004,11.278
oceania_excluding_australia_and_new_zealand,2005,10.692
oceania_excluding_australia_and_new_zealand,2006,10.692
oceania_excluding_australia_and_new_zealand,2007,10.692
oceania_excluding_australia_and_new_zealand,2008,10.692
oceania_excluding_australia_and_new_zealand,2009,10.692
oceania_excluding_australia_and_new_zealand,2010,10.692
oceania_excluding_australia_and_new_zealand,2011,10.692
oceania_excluding_australia_and_new_zealand,2012,10.692
oceania_excluding_australia_and_new_zealand,2013,10.692
oceania_excluding_australia_and_new_zealand,2014,10.692
oceania_excluding_australia_and_new_zealand,2015,10.692
oceania_excluding_australia_and_new_zealand,2016,10.692
oceania_excluding_australia_and_new_zealand,2017,10.692
oceania_excluding_australia_and_new_zealand,2018,10.692
oceania_excluding_australia_and_new_zealand,2019,10.692
oceania_excluding_australia_and_new_zealand,2020,10.692
oceania_excluding_australia_and_new_zealand,2021,10.692
oceania_excluding_australia_and_new_zealand,2022,10.692
oman,1991,93.868
oman,1992,93.449
oman,1993,93.041
oman,1994,92.643
oman,1995,92.254
oman,1996,91.875
oman,1997,91.504
oman,1998,91.142
oman,1999,90.787
oman,2000,90.441
oman,2001,89.780
oman,2002,89.105
oman,2003,88.418
oman,2004,88.068
oman,2005,87.745
oman,2006,87.445
oman,2007,87.168
oman,2008,86.909
oman,2009,86.667
oman,2010,86.442
oman,2011,86.230
oman,2012,86.031
oman,2013,85.844
oman,2014,84.679
oman,2015,82.639
oman,2016,82.639
oman,2017,82.639
oman,2018,82.595
oman,2019,80.783
oman,2020,80.783
oman,2021,80.783
oman,2022,80.783
pakistan,1975,98.000
pakistan,1976,97.923
pakistan,1977,97.846
pakistan,1978,97.769
pakistan,1979,97.693
pakistan,1980,97.617
pakistan,1981,97.541
pakistan,1982,97.465
pakistan,1983,97.389
pakistan,1984,97.313
pakistan,1985,97.237
pakistan,1986,97.162
pakistan,1987,97.087
pakistan,1988,97.011
pakistan,1989,96.936
pakistan,1990,96.861
pakistan,1991,96.787
pakistan,1992,96.482
pakistan,1993,96.185
pakistan,1994,95.895
pakistan,1995,95.611
pakistan,1996,95.334
pakistan,1997,95.063
pakistan,1998,94.798
pakistan,1999,94.539
pakistan,2000,94.286
pakistan,2001,94.292
pakistan,2002,94.297
pakistan,2003,94.302
pakistan,2004,94.308
pakistan,2005,94.313
pakistan,2006,94.199
pakistan,2007,94.087
pakistan,2008,93.977
pakistan,2009,93.977
pakistan,2010,93.977
pakistan,2011,93.977
pakistan,2012,93.977
pakistan,2013,93.977
pakistan,2014,93.977
pakistan,2015,93.977
pakistan,2016,93.977
pakistan,2017,93.977
pakistan,2018,93.977
pakistan,2019,93.977
pakistan,2020,93.977
pakistan,2021,93.977
pakistan,2022,93.977
palestine,2000,60.000
palestine,2001,59.857
palestine,2002,51.402
palestine,2003,49.928
palestine,2004,46.790
palestine,2005,45.215
palestine,2006,45.215
palestine,2007,45.215
palestine,2008,45.215
palestine,2009,45.215
palestine,2010,45.215
palestine,2011,45.215
palestine,2012,45.215
palestine,2013,45.215
palestine,2014,45.215
palestine,2015,45.215
palestine,2016,45.215
palestine,2017,43.177
palestine,2018,45.058
palestine,2019,45.609
palestine,2020,48.127
palestine,2021,34.672
palestine,2022,35.426
panama,2010,43.009
panama,2011,41.505
panama,2012,40.155
panama,2013,38.936
panama,2014,38.764
panama,2015,35.731
panama,2016,36.825
panama,2017,36.825
panama,2018,36.825
panama,2019,36.825
panama,2020,36.825
panama,2021,36.825
panama,2022,36.825
papua_new_guinea,2000,0.36846
papua_new_guinea,2001,0.33836
papua_new_guinea,2002,0.31281
papua_new_guinea,2003,0.29085
papua_new_guinea,2004,0.27177
papua_new_guinea,2005,0.25504
papua_new_guinea,2006,0.25504
papua_new_guinea,2007,0.25504
papua_new_guinea,2008,0.25504
papua_new_guinea,2009,0.25504
papua_new_guinea,2010,0.25504
papua_new_guinea,2011,0.25504
papua_new_guinea,2012,0.25504
papua_new_guinea,2013,0.25504
papua_new_guinea,2014,0.25504
papua_new_guinea,2015,0.25504
papua_new_guinea,2016,0.25504
papua_new_guinea,2017,0.25504
papua_new_guinea,2018,0.25504
papua_new_guinea,2019,0.25504
papua_new_guinea,2020,0.25504
papua_new_guinea,2021,0.25504
papua_new_guinea,2022,0.25504
paraguay,1987,78.000
paraguay,1988,77.430
paraguay,1989,76.872
paraguay,1990,76.326
paraguay,1991,75.791
paraguay,1992,75.267
paraguay,1993,74.753
paraguay,1994,74.250
paraguay,1995,73.756
paraguay,1996,73.272
paraguay,1997,72.798
paraguay,1998,72.333
paraguay,1999,71.876
paraguay,2000,71.429
paraguay,2001,72.896
paraguay,2002,73.769
paraguay,2003,74.348
paraguay,2004,74.759
paraguay,2005,75.067
paraguay,2006,75.306
paraguay,2007,75.497
paraguay,2008,75.653
paraguay,2009,76.329
paraguay,2010,76.907
paraguay,2011,77.409
paraguay,2012,78.616
paraguay,2013,78.616
paraguay,2014,78.616
paraguay,2015,78.616
paraguay,2016,78.616
paraguay,2017,78.616
paraguay,2018,78.616
paraguay,2019,78.616
paraguay,2020,78.616
paraguay,2021,78.616
paraguay,2022,78.616
peru,2008,88.726
peru,2009,88.023
peru,2010,87.515
peru,2011,87.123
peru,2012,86.811
peru,2013,86.557
peru,2014,86.346
peru,2015,86.168
peru,2016,86.018
peru,2017,85.885
peru,2018,85.770
peru,2019,85.084
peru,2020,85.084
peru,2021,80.991
peru,2022,81.454
philippines,2006,83.135
philippines,2007,82.446
philippines,2008,81.478
philippines,2009,82.235
philippines,2010,81.515
philippines,2011,80.777
philippines,2012,80.607
philippines,2013,80.429
philippines,2014,81.222
philippines,2015,78.633
philippines,2016,77.482
philippines,2017,74.039
philippines,2018,73.752
philippines,2019,78.853
philippines,2020,77.564
philippines,2021,76.234
philippines,2022,74.626
poland,1970,16.627
poland,1971,15.538
poland,1972,14.579
poland,1973,13.728
poland,1974,12.967
poland,1975,12.284
poland,1976,11.510
poland,1977,10.772
poland,1978,10.066
poland,1979,9.3910
poland,1980,8.7442
poland,1981,8.9666
poland,1982,9.1817
poland,1983,9.3899
poland,1984,9.5914
poland,1985,9.7867
poland,1986,10.161
poland,1987,10.556
poland,1988,10.974
poland,1989,11.416
poland,1990,11.885
poland,1991,11.084
poland,1992,10.232
poland,1993,9.8429
poland,1994,9.4469
poland,1995,9.0433
poland,1996,8.7545
poland,1997,8.4609
poland,1998,8.5106
poland,1999,8.5616
poland,2000,8.6139
poland,2001,8.5120
poland,2002,9.4459
poland,2003,8.5939
poland,2004,9.1513
poland,2005,9.4999
poland,2006,9.5642
poland,2007,9.3267
poland,2008,10.280
poland,2009,10.061
poland,2010,10.611
poland,2011,10.293
poland,2012,9.5993
poland,2013,10.069
poland,2014,9.8793
poland,2015,9.4449
poland,2016,9.9509
poland,2017,10.098
poland,2018,13.847
poland,2019,13.885
poland,2020,14.647
poland,2021,13.867
poland,2022,13.019
portugal,1991,59.302
portugal,1992,66.854
portugal,1993,72.479
portugal,1994,76.833
portugal,1995,77.799
portugal,1996,78.079
portugal,1997,78.387
portugal,1998,78.727
portugal,1999,77.830
portugal,2000,76.895
portugal,2001,75.917
portugal,2002,74.895
portugal,2003,73.825
portugal,2004,72.704
portugal,2005,71.528
portugal,2006,71.887
portugal,2007,68.123
portugal,2008,69.380
portugal,2009,68.373
portugal,2010,67.047
portugal,2011,65.633
portugal,2012,64.534
portugal,2013,63.075
portugal,2014,61.502
portugal,2015,59.799
portugal,2016,57.803
portugal,2017,55.481
portugal,2018,56.991
portugal,2019,55.592
portugal,2020,55.429
portugal,2021,55.429
portugal,2022,55.429
puerto_rico,1990,4.9000
puerto_rico,1991,4.7573
puerto_rico,1992,4.6124
puerto_rico,1993,4.4652
puerto_rico,1994,4.3156
puerto_rico,1995,4.1635
puerto_rico,1996,4.0090
puerto_rico,1997,3.8519
puerto_rico,1998,3.6922
puerto_rico,1999,3.5298
puerto_rico,2000,3.3647
puerto_rico,2001,3.0288
puerto_rico,2002,2.7024
puerto_rico,2003,2.3850
puerto_rico,2004,2.0762
puerto_rico,2005,1.7758
puerto_rico,2006,1.7293
puerto_rico,2007,1.6829
puerto_rico,2008,1.6366
puerto_rico,2009,1.5900
puerto_rico,2010,1.5436
puerto_rico,2011,1.8602
puerto_rico,2012,2.2060
puerto_rico,2013,2.5854
puerto_rico,2014,3.0034
puerto_rico,2015,3.4662
puerto_rico,2016,3.4662
puerto_rico,2017,3.4662
puerto_rico,2018,3.4662
puerto_rico,2019,3.4662
puerto_rico,2020,3.4662
puerto_rico,2021,3.4662
puerto_rico,2022,3.4662
qatar,1994,73.921
qatar,1995,73.499
qatar,1996,73.081
qatar,1997,72.668
qatar,1998,72.259
qatar,1999,71.854
qatar,2000,71.453
qatar,2001,68.041
qatar,2002,65.209
qatar,2003,62.819
qatar,2004,60.776
qatar,2005,59.009
qatar,2006,53.776
qatar,2007,49.318
qatar,2008,45.231
qatar,2009,42.262
qatar,2010,40.764
qatar,2011,39.315
qatar,2012,38.641
qatar,2013,36.410
qatar,2014,35.141
qatar,2015,28.304
qatar,2016,31.964
qatar,2017,26.964
qatar,2018,41.369
qatar,2019,35.820
qatar,2020,35.611
qatar,2021,36.253
qatar,2022,33.307
republic_of_korea,1990,68.546
republic_of_korea,1991,67.154
republic_of_korea,1992,65.853
republic_of_korea,1993,64.635
republic_of_korea,1994,63.493
republic_of_korea,1995,62.302
republic_of_korea,1996,61.173
republic_of_korea,1997,60.102
republic_of_korea,1998,61.159
republic_of_korea,1999,61.527
republic_of_korea,2000,61.896
republic_of_korea,2001,58.345
republic_of_korea,2002,55.207
republic_of_korea,2003,56.079
republic_of_korea,2004,57.210
republic_of_korea,2005,54.658
republic_of_korea,2006,58.300
republic_of_korea,2007,58.211
republic_of_korea,2008,58.122
republic_of_korea,2009,58.034
republic_of_korea,2010,57.946
republic_of_korea,2011,57.858
republic_of_korea,2012,57.771
republic_of_korea,2013,57.684
republic_of_korea,2014,57.597
republic_of_korea,2015,59.194
republic_of_korea,2016,58.932
republic_of_korea,2017,58.932
republic_of_korea,2018,58.932
republic_of_korea,2019,58.932
republic_of_korea,2020,58.932
republic_of_korea,2021,58.932
republic_of_korea,2022,58.932
republic_of_moldova,1992,39.480
republic_of_moldova,1993,36.097
republic_of_moldova,1994,32.285
republic_of_moldova,1995,27.957
republic_of_moldova,1996,23.002
republic_of_moldova,1997,21.589
republic_of_moldova,1998,20.113
republic_of_moldova,1999,18.569
republic_of_moldova,2000,16.953
republic_of_moldova,2001,15.501
republic_of_moldova,2002,13.928
republic_of_moldova,2003,12.216
republic_of_moldova,2004,10.348
republic_of_moldova,2005,8.2999
republic_of_moldova,2006,6.0487
republic_of_moldova,2007,3.5552
republic_of_moldova,2008,3.7462
republic_of_moldova,2009,3.9471
republic_of_moldova,2010,4.1588
republic_of_moldova,2011,4.2771
republic_of_moldova,2012,4.4024
republic_of_moldova,2013,4.4240
republic_of_moldova,2014,5.0179
republic_of_moldova,2015,5.2381
republic_of_moldova,2016,5.1008
republic_of_moldova,2017,5.0000
republic_of_moldova,2018,5.1374
republic_of_moldova,2019,5.2381
republic_of_moldova,2020,6.8750
republic_of_moldova,2021,6.8922
republic_of_moldova,2022,6.8922
romania,1970,35.454
romania,1971,36.676
romania,1972,37.693
romania,1973,38.554
romania,1974,39.292
romania,1975,39.931
romania,1976,38.992
romania,1977,38.156
romania,1978,37.406
romania,1979,36.730
romania,1980,36.117
romania,1981,37.252
romania,1982,38.347
romania,1983,39.405
romania,1984,40.427
romania,1985,41.415
romania,1986,42.047
romania,1987,42.680
romania,1988,43.314
romania,1989,43.949
romania,1990,44.586
romania,1991,44.684
romania,1992,44.784
romania,1993,44.885
romania,1994,41.541
romania,1995,37.375
romania,1996,31.483
romania,1997,23.917
romania,1998,26.097
romania,1999,26.561
romania,2000,9.7409
romania,2001,11.239
romania,2002,12.926
romania,2003,15.080
romania,2004,9.8821
romania,2005,8.1015
romania,2006,9.7561
romania,2007,15.965
romania,2008,14.958
romania,2009,17.030
romania,2010,11.897
romania,2011,14.606
romania,2012,16.862
romania,2013,17.685
romania,2014,17.431
romania,2015,19.969
romania,2016,19.501
romania,2017,22.014
romania,2018,22.241
romania,2019,23.052
romania,2020,30.827
romania,2021,31.536
romania,2022,36.253
russian_federation,1994,19.844
russian_federation,1995,19.881
russian_federation,1996,19.919
russian_federation,1997,19.959
russian_federation,1998,20.001
russian_federation,1999,20.044
russian_federation,2000,20.089
russian_federation,2001,19.940
russian_federation,2002,19.940
russian_federation,2003,19.940
russian_federation,2004,19.940
russian_federation,2005,19.940
russian_federation,2006,19.940
russian_federation,2007,19.940
russian_federation,2008,19.940
russian_federation,2009,19.940
russian_federation,2010,19.940
russian_federation,2011,19.940
russian_federation,2012,19.940
russian_federation,2013,19.940
russian_federation,2014,26.380
russian_federation,2015,28.018
russian_federation,2016,28.075
russian_federation,2017,28.971
russian_federation,2018,28.757
russian_federation,2019,28.757
russian_federation,2020,28.757
russian_federation,2021,28.757
russian_federation,2022,28.757
rwanda,2000,68.000
rwanda,2001,67.844
rwanda,2002,67.722
rwanda,2003,67.623
rwanda,2004,67.542
rwanda,2005,67.474
rwanda,2006,66.316
rwanda,2007,65.349
rwanda,2008,64.530
rwanda,2009,63.826
rwanda,2010,63.216
rwanda,2011,62.681
rwanda,2012,62.209
rwanda,2013,61.789
rwanda,2014,61.413
rwanda,2015,61.074
rwanda,2016,60.768
rwanda,2017,60.489
rwanda,2018,60.234
rwanda,2019,59.016
rwanda,2020,60.033
rwanda,2021,59.180
rwanda,2022,60.067
saint_kitts_and_nevis,2012,1.2821
saint_kitts_and_nevis,2013,1.2821
saint_kitts_and_nevis,2014,1.2821
saint_kitts_and_nevis,2015,1.2821
saint_kitts_and_nevis,2016,1.2821
saint_kitts_and_nevis,2017,1.2821
saint_kitts_and_nevis,2018,1.2821
saint_kitts_and_nevis,2019,1.2821
saint_kitts_and_nevis,2020,1.2821
saint_kitts_and_nevis,2021,1.2821
saint_kitts_and_nevis,2022,1.2821
saint_lucia,2007,70.862
saint_lucia,2008,70.862
saint_lucia,2009,70.862
saint_lucia,2010,70.862
saint_lucia,2011,70.862
saint_lucia,2012,70.862
saint_lucia,2013,70.862
saint_lucia,2014,70.862
saint_lucia,2015,70.862
saint_lucia,2016,70.862
saint_lucia,2017,70.862
saint_lucia,2018,70.862
saint_lucia,2019,70.862
saint_lucia,2020,70.862
saint_lucia,2021,70.862
saint_lucia,2022,70.862
saint_vincent_and_the_grenadines,1995,79.043
saint_vincent_and_the_grenadines,1996,75.279
saint_vincent_and_the_grenadines,1997,71.450
saint_vincent_and_the_grenadines,1998,67.556
saint_vincent_and_the_grenadines,1999,63.595
saint_vincent_and_the_grenadines,2000,59.566
saint_vincent_and_the_grenadines,2001,55.465
saint_vincent_and_the_grenadines,2002,51.292
saint_vincent_and_the_grenadines,2003,47.045
saint_vincent_and_the_grenadines,2004,42.722
saint_vincent_and_the_grenadines,2005,38.319
saint_vincent_and_the_grenadines,2006,33.837
saint_vincent_and_the_grenadines,2007,29.271
saint_vincent_and_the_grenadines,2008,24.620
saint_vincent_and_the_grenadines,2009,19.882
saint_vincent_and_the_grenadines,2010,15.053
saint_vincent_and_the_grenadines,2011,10.132
saint_vincent_and_the_grenadines,2012,5.1150
saint_vincent_and_the_grenadines,2013,0.0000
saint_vincent_and_the_grenadines,2014,0.0000
saint_vincent_and_the_grenadines,2015,0.0000
saint_vincent_and_the_grenadines,2016,0.0000
saint_vincent_and_the_grenadines,2017,0.0000
saint_vincent_and_the_grenadines,2018,0.0000
saint_vincent_and_the_grenadines,2019,0.0000
saint_vincent_and_the_grenadines,2020,0.0000
saint_vincent_and_the_grenadines,2021,0.0000
saint_vincent_and_the_grenadines,2022,0.0000
sao_tome_and_principe,2016,62.592
sao_tome_and_principe,2017,62.592
sao_tome_and_principe,2018,62.592
sao_tome_and_principe,2019,62.592
sao_tome_and_principe,2020,62.592
sao_tome_and_principe,2021,62.592
sao_tome_and_principe,2022,62.592
saudi_arabia,1992,89.953
saudi_arabia,1993,89.621
saudi_arabia,1994,89.307
saudi_arabia,1995,89.009
saudi_arabia,1996,88.727
saudi_arabia,1997,88.459
saudi_arabia,1998,88.203
saudi_arabia,1999,87.961
saudi_arabia,2000,87.729
saudi_arabia,2001,87.874
saudi_arabia,2002,88.014
saudi_arabia,2003,88.149
saudi_arabia,2004,88.280
saudi_arabia,2005,88.137
saudi_arabia,2006,88.002
saudi_arabia,2007,87.381
saudi_arabia,2008,86.734
saudi_arabia,2009,86.061
saudi_arabia,2010,85.358
saudi_arabia,2011,84.626
saudi_arabia,2012,83.860
saudi_arabia,2013,83.734
saudi_arabia,2014,83.753
saudi_arabia,2015,83.884
saudi_arabia,2016,82.686
saudi_arabia,2017,82.227
saudi_arabia,2018,81.564
saudi_arabia,2019,81.564
saudi_arabia,2020,81.564
saudi_arabia,2021,81.564
saudi_arabia,2022,81.564
senegal,1987,91.985
senegal,1988,91.803
senegal,1989,91.626
senegal,1990,91.453
senegal,1991,91.285
senegal,1992,91.121
senegal,1993,90.960
senegal,1994,90.804
senegal,1995,90.651
senegal,1996,90.501
senegal,1997,90.355
senegal,1998,90.213
senegal,1999,90.073
senegal,2000,89.937
senegal,2001,91.708
senegal,2002,92.976
senegal,2003,92.681
senegal,2004,92.390
senegal,2005,92.104
senegal,2006,91.822
senegal,2007,91.544
senegal,2008,91.271
senegal,2009,91.001
senegal,2010,90.735
senegal,2011,90.473
senegal,2012,90.215
senegal,2013,89.960
senegal,2014,89.709
senegal,2015,89.461
senegal,2016,89.217
senegal,2017,88.976
senegal,2018,91.115
senegal,2019,91.314
senegal,2020,91.314
senegal,2021,91.314
senegal,2022,91.314
serbia,2006,3.2615
serbia,2007,3.2390
serbia,2008,18.214
serbia,2009,13.388
serbia,2010,14.677
serbia,2011,14.160
serbia,2012,16.141
serbia,2013,15.234
serbia,2014,16.029
serbia,2015,15.410
serbia,2016,13.481
serbia,2017,12.288
serbia,2018,12.817
serbia,2019,12.621
serbia,2020,8.5102
serbia,2021,8.5355
serbia,2022,8.2891
seychelles,1989,7.5630
seychelles,1990,7.5455
seychelles,1991,7.5269
seychelles,1992,7.5089
seychelles,1993,7.4911
seychelles,1994,7.4733
seychelles,1995,7.4556
seychelles,1996,7.1791
seychelles,1997,7.1274
seychelles,1998,7.0765
seychelles,1999,7.0263
seychelles,2000,6.9767
seychelles,2001,7.0866
seychelles,2002,7.3341
seychelles,2003,7.3171
seychelles,2004,6.9231
seychelles,2005,6.5693
seychelles,2006,6.5693
seychelles,2007,6.5693
seychelles,2008,6.5693
seychelles,2009,6.5693
seychelles,2010,6.5693
seychelles,2011,6.5693
seychelles,2012,6.5693
seychelles,2013,6.5693
seychelles,2014,6.5693
seychelles,2015,6.5693
seychelles,2016,6.5693
seychelles,2017,6.5693
seychelles,2018,6.5693
seychelles,2019,6.5693
seychelles,2020,6.5693
seychelles,2021,6.5693
seychelles,2022,6.5693
sierra_leone,1987,88.919
sierra_leone,1988,84.788
sierra_leone,1989,79.177
sierra_leone,1990,71.117
sierra_leone,1991,58.556
sierra_leone,1992,36.268
sierra_leone,1993,34.138
sierra_leone,1994,32.244
sierra_leone,1995,30.550
sierra_leone,1996,29.024
sierra_leone,1997,27.644
sierra_leone,1998,26.389
sierra_leone,1999,25.243
sierra_leone,2000,24.193
sierra_leone,2001,23.610
sierra_leone,2002,23.055
sierra_leone,2003,22.526
sierra_leone,2004,22.020
sierra_leone,2005,21.536
sierra_leone,2006,21.536
sierra_leone,2007,21.536
sierra_leone,2008,21.536
sierra_leone,2009,21.536
sierra_leone,2010,21.536
sierra_leone,2011,21.536
sierra_leone,2012,21.536
sierra_leone,2013,21.536
sierra_leone,2014,21.536
sierra_leone,2015,21.536
sierra_leone,2016,21.536
sierra_leone,2017,21.536
sierra_leone,2018,21.536
sierra_leone,2019,21.536
sierra_leone,2020,21.536
sierra_leone,2021,21.536
sierra_leone,2022,21.536
singapore,1975,4.0000
singapore,1976,3.1294
singapore,1977,2.6220
singapore,1978,2.2898
singapore,1979,2.0554
singapore,1980,1.8812
singapore,1981,1.7466
singapore,1982,1.6395
singapore,1983,1.5522
singapore,1984,1.4797
singapore,1985,1.4186
singapore,1986,1.3663
singapore,1987,1.3211
singapore,1988,1.2816
singapore,1989,1.2469
singapore,1990,1.2160
singapore,1991,1.1884
singapore,1992,1.1636
singapore,1993,1.1412
singapore,1994,1.1208
singapore,1995,1.1023
singapore,1996,1.0853
singapore,1997,1.0696
singapore,1998,1.0552
singapore,1999,1.0418
singapore,2000,1.0295
singapore,2001,1.0086
singapore,2002,0.98957
singapore,2003,0.97202
singapore,2004,0.95582
singapore,2005,0.94083
singapore,2006,1.0351
singapore,2007,1.1452
singapore,2008,1.2752
singapore,2009,1.4312
singapore,2010,1.6218
singapore,2011,1.8599
singapore,2012,2.1660
singapore,2013,2.5740
singapore,2014,3.1447
singapore,2015,4.0000
singapore,2016,4.0000
singapore,2017,4.0000
singapore,2018,4.0000
singapore,2019,4.0000
singapore,2020,4.0000
singapore,2021,2.5861
singapore,2022,0.0000
slovakia,1993,8.4818
slovakia,1994,7.7530
slovakia,1995,6.9264
slovakia,1996,6.0460
slovakia,1997,5.1145
slovakia,1998,5.9422
slovakia,1999,6.8327
slovakia,2000,7.7934
slovakia,2001,6.1653
slovakia,2002,5.1170
slovakia,2003,8.2910
slovakia,2004,3.2294
slovakia,2005,2.6026
slovakia,2006,3.4897
slovakia,2007,3.2703
slovakia,2008,2.7439
slovakia,2009,4.1433
slovakia,2010,3.0653
slovakia,2011,4.1129
slovakia,2012,4.6145
slovakia,2013,5.1160
slovakia,2014,4.0944
slovakia,2015,5.5182
slovakia,2016,3.8879
slovakia,2017,5.6804
slovakia,2018,4.6002
slovakia,2019,5.2274
slovakia,2020,5.3153
slovakia,2021,5.3737
slovakia,2022,5.8285
slovenia,2002,0.73399
slovenia,2003,0.70441
slovenia,2004,0.50200
slovenia,2005,0.24903
slovenia,2006,0.67589
slovenia,2007,0.49203
slovenia,2008,0.24522
slovenia,2009,0.26522
slovenia,2010,0.17036
slovenia,2011,0.34041
slovenia,2012,0.24782
slovenia,2013,0.31153
slovenia,2014,0.16322
slovenia,2015,0.39019
slovenia,2016,0.37191
slovenia,2017,0.41872
slovenia,2018,0.31217
slovenia,2019,0.31780
slovenia,2020,0.29880
slovenia,2021,0.32223
slovenia,2022,0.41112
small_island_developing_states,2000,53.207
small_island_developing_states,2001,52.401
small_island_developing_states,2002,51.650
small_island_developing_states,2003,50.920
small_island_developing_states,2004,52.170
small_island_developing_states,2005,51.486
small_island_developing_states,2006,51.687
small_island_developing_states,2007,51.404
small_island_developing_states,2008,53.253
small_island_developing_states,2009,53.917
small_island_developing_states,2010,54.123
small_island_developing_states,2011,55.671
small_island_developing_states,2012,57.183
small_island_developing_states,2013,58.650
small_island_developing_states,2014,59.607
small_island_developing_states,2015,61.762
small_island_developing_states,2016,60.631
small_island_developing_states,2017,61.047
small_island_developing_states,2018,61.389
small_island_developing_states,2019,61.800
small_island_developing_states,2020,62.256
small_island_developing_states,2021,62.631
small_island_developing_states,2022,62.829
somalia,1987,97.037
somalia,1988,97.709
somalia,1989,98.167
somalia,1990,98.497
somalia,1991,98.748
somalia,1992,98.945
somalia,1993,99.103
somalia,1994,99.233
somalia,1995,99.341
somalia,1996,99.434
somalia,1997,99.513
somalia,1998,99.582
somalia,1999,99.643
somalia,2000,99.696
somalia,2001,99.625
somalia,2002,99.555
somalia,2003,99.485
somalia,2004,99.485
somalia,2005,99.485
somalia,2006,99.485
somalia,2007,99.485
somalia,2008,99.485
somalia,2009,99.485
somalia,2010,99.485
somalia,2011,99.485
somalia,2012,99.485
somalia,2013,99.485
somalia,2014,99.485
somalia,2015,99.485
somalia,2016,99.485
somalia,2017,99.485
somalia,2018,99.485
somalia,2019,99.485
somalia,2020,99.485
somalia,2021,99.485
somalia,2022,99.485
south_africa,1990,71.981
south_africa,1991,71.106
south_africa,1992,70.220
south_africa,1993,69.322
south_africa,1994,68.414
south_africa,1995,67.493
south_africa,1996,66.255
south_africa,1997,65.012
south_africa,1998,63.764
south_africa,1999,62.513
south_africa,2000,61.257
south_africa,2001,61.373
south_africa,2002,61.484
south_africa,2003,61.593
south_africa,2004,61.698
south_africa,2005,61.800
south_africa,2006,61.899
south_africa,2007,61.994
south_africa,2008,62.088
south_africa,2009,62.178
south_africa,2010,62.266
south_africa,2011,62.352
south_africa,2012,62.435
south_africa,2013,62.516
south_africa,2014,61.563
south_africa,2015,60.772
south_africa,2016,59.475
south_africa,2017,58.772
south_africa,2018,57.834
south_africa,2019,60.847
south_africa,2020,62.479
south_africa,2021,61.324
south_africa,2022,59.400
south_sudan,2012,36.474
south_sudan,2013,36.474
south_sudan,2014,36.474
south_sudan,2015,36.474
south_sudan,2016,36.474
south_sudan,2017,36.474
south_sudan,2018,36.474
south_sudan,2019,36.474
south_sudan,2020,36.474
south_sudan,2021,36.474
south_sudan,2022,36.474
south_eastern_asia,2000,85.191
south_eastern_asia,2001,84.390
south_eastern_asia,2002,83.668
south_eastern_asia,2003,83.014
south_eastern_asia,2004,82.456
south_eastern_asia,2005,82.026
south_eastern_asia,2006,82.805
south_eastern_asia,2007,84.052
south_eastern_asia,2008,84.246
south_eastern_asia,2009,84.752
south_eastern_asia,2010,84.968
south_eastern_asia,2011,85.176
south_eastern_asia,2012,85.483
south_eastern_asia,2013,85.779
south_eastern_asia,2014,86.246
south_eastern_asia,2015,85.965
south_eastern_asia,2016,85.901
south_eastern_asia,2017,85.197
south_eastern_asia,2018,85.137
south_eastern_asia,2019,86.158
south_eastern_asia,2020,85.911
south_eastern_asia,2021,85.673
south_eastern_asia,2022,85.366
southern_asia,2000,92.464
southern_asia,2001,92.311
southern_asia,2002,92.164
southern_asia,2003,92.023
southern_asia,2004,91.886
southern_asia,2005,91.789
southern_asia,2006,91.688
southern_asia,2007,91.590
southern_asia,2008,91.374
southern_asia,2009,91.302
southern_asia,2010,91.231
southern_asia,2011,91.231
southern_asia,2012,91.231
southern_asia,2013,91.231
southern_asia,2014,91.231
southern_asia,2015,91.231
southern_asia,2016,91.231
southern_asia,2017,91.231
southern_asia,2018,91.231
southern_asia,2019,91.231
southern_asia,2020,91.231
southern_asia,2021,91.231
southern_asia,2022,91.231
spain,1986,62.004
spain,1987,62.376
spain,1988,62.780
spain,1989,63.220
spain,1990,63.701
spain,1991,64.228
spain,1992,64.770
spain,1993,65.323
spain,1994,65.889
spain,1995,66.467
spain,1996,67.057
spain,1997,67.661
spain,1998,66.684
spain,1999,65.742
spain,2000,64.833
spain,2001,64.463
spain,2002,64.116
spain,2003,63.960
spain,2004,63.066
spain,2005,64.377
spain,2006,64.152
spain,2007,65.162
spain,2008,64.553
spain,2009,66.227
spain,2010,66.318
spain,2011,67.643
spain,2012,69.512
spain,2013,65.698
spain,2014,66.847
spain,2015,65.749
spain,2016,65.229
spain,2017,65.824
spain,2018,65.266
spain,2019,65.300
spain,2020,65.334
spain,2021,65.334
spain,2022,65.334
sri_lanka,1990,96.008
sri_lanka,1991,95.521
sri_lanka,1992,95.065
sri_lanka,1993,94.636
sri_lanka,1994,94.232
sri_lanka,1995,93.852
sri_lanka,1996,93.492
sri_lanka,1997,93.152
sri_lanka,1998,92.829
sri_lanka,1999,92.523
sri_lanka,2000,92.232
sri_lanka,2001,91.262
sri_lanka,2002,90.290
sri_lanka,2003,89.317
sri_lanka,2004,88.341
sri_lanka,2005,87.363
sri_lanka,2006,87.363
sri_lanka,2007,87.363
sri_lanka,2008,87.363
sri_lanka,2009,87.363
sri_lanka,2010,87.363
sri_lanka,2011,87.363
sri_lanka,2012,87.363
sri_lanka,2013,87.363
sri_lanka,2014,87.363
sri_lanka,2015,87.363
sri_lanka,2016,87.363
sri_lanka,2017,87.363
sri_lanka,2018,87.363
sri_lanka,2019,87.363
sri_lanka,2020,87.363
sri_lanka,2021,87.363
sri_lanka,2022,87.363
sub_saharan_africa,2000,74.733
sub_saharan_africa,2001,74.567
sub_saharan_africa,2002,75.696
sub_saharan_africa,2003,75.320
sub_saharan_africa,2004,74.830
sub_saharan_africa,2005,74.465
sub_saharan_africa,2006,74.238
sub_saharan_africa,2007,74.061
sub_saharan_africa,2008,73.974
sub_saharan_africa,2009,73.898
sub_saharan_africa,2010,73.835
sub_saharan_africa,2011,74.004
sub_saharan_africa,2012,73.902
sub_saharan_africa,2013,73.982
sub_saharan_africa,2014,73.716
sub_saharan_africa,2015,73.447
sub_saharan_africa,2016,74.046
sub_saharan_africa,2017,73.887
sub_saharan_africa,2018,73.915
sub_saharan_africa,2019,74.824
sub_saharan_africa,2020,75.347
sub_saharan_africa,2021,75.092
sub_saharan_africa,2022,74.550
sudan,2012,96.195
sudan,2013,96.195
sudan,2014,96.195
sudan,2015,96.195
sudan,2016,96.195
sudan,2017,96.195
sudan,2018,96.195
sudan,2019,96.195
sudan,2020,96.195
sudan,2021,96.195
sudan,2022,96.195
suriname,1987,89.130
suriname,1988,89.499
suriname,1989,89.844
suriname,1990,90.166
suriname,1991,90.469
suriname,1992,90.754
suriname,1993,91.022
suriname,1994,91.275
suriname,1995,91.514
suriname,1996,91.741
suriname,1997,91.955
suriname,1998,92.159
suriname,1999,92.353
suriname,2000,92.537
suriname,2001,89.037
suriname,2002,85.439
suriname,2003,81.740
suriname,2004,77.937
suriname,2005,74.023
suriname,2006,69.995
suriname,2007,69.995
suriname,2008,69.995
suriname,2009,69.995
suriname,2010,69.995
suriname,2011,69.995
suriname,2012,69.995
suriname,2013,69.995
suriname,2014,69.995
suriname,2015,69.995
suriname,2016,69.995
suriname,2017,69.995
suriname,2018,69.995
suriname,2019,69.995
suriname,2020,69.995
suriname,2021,69.995
suriname,2022,69.995
sweden,1970,3.2409
sweden,1971,3.2553
sweden,1972,3.2698
sweden,1973,3.2845
sweden,1974,3.2987
sweden,1975,3.3132
sweden,1976,3.3325
sweden,1977,3.3518
sweden,1978,3.3711
sweden,1979,3.3904
sweden,1980,3.4096
sweden,1981,3.4096
sweden,1982,3.4096
sweden,1983,3.4096
sweden,1984,3.4096
sweden,1985,3.4096
sweden,1986,3.8946
sweden,1987,4.3794
sweden,1988,4.8639
sweden,1989,5.3481
sweden,1990,5.3890
sweden,1991,5.6210
sweden,1992,5.8527
sweden,1993,5.6900
sweden,1994,5.5210
sweden,1995,5.3453
sweden,1996,5.4375
sweden,1997,5.5330
sweden,1998,5.5488
sweden,1999,5.5645
sweden,2000,5.5804
sweden,2001,5.0477
sweden,2002,5.0448
sweden,2003,5.0562
sweden,2004,5.0676
sweden,2005,4.0684
sweden,2006,4.0684
sweden,2007,4.0684
sweden,2008,3.9250
sweden,2009,3.7837
sweden,2010,3.6445
sweden,2011,3.5565
sweden,2012,3.4641
sweden,2013,3.3672
sweden,2014,3.2652
sweden,2015,3.1579
sweden,2016,3.4751
sweden,2017,3.8096
sweden,2018,4.1629
sweden,2019,4.5365
sweden,2020,4.1063
sweden,2021,4.9323
sweden,2022,4.9323
switzerland,2000,1.9729
switzerland,2001,2.3425
switzerland,2002,2.7145
switzerland,2003,3.1429
switzerland,2004,3.5895
switzerland,2005,4.0556
switzerland,2006,4.5423
switzerland,2007,5.0511
switzerland,2008,5.5835
switzerland,2009,6.1413
switzerland,2010,6.7262
switzerland,2011,7.3403
switzerland,2012,7.9858
switzerland,2013,9.3092
switzerland,2014,9.3966
switzerland,2015,9.2234
switzerland,2016,9.2287
switzerland,2017,9.2341
switzerland,2018,9.0565
switzerland,2019,9.2501
switzerland,2020,9.1916
switzerland,2021,9.3255
switzerland,2022,9.2394
syrian_arab_republic,1993,89.521
syrian_arab_republic,1994,89.598
syrian_arab_republic,1995,89.238
syrian_arab_republic,1996,89.086
syrian_arab_republic,1997,89.000
syrian_arab_republic,1998,88.892
syrian_arab_republic,1999,88.447
syrian_arab_republic,2000,87.513
syrian_arab_republic,2001,87.952
syrian_arab_republic,2002,88.086
syrian_arab_republic,2003,87.892
syrian_arab_republic,2004,87.709
syrian_arab_republic,2005,87.528
syrian_arab_republic,2006,87.528
syrian_arab_republic,2007,87.528
syrian_arab_republic,2008,87.528
syrian_arab_republic,2009,87.528
syrian_arab_republic,2010,87.528
syrian_arab_republic,2011,87.528
syrian_arab_republic,2012,87.528
syrian_arab_republic,2013,87.528
syrian_arab_republic,2014,87.528
syrian_arab_republic,2015,87.528
syrian_arab_republic,2016,87.528
syrian_arab_republic,2017,87.528
syrian_arab_republic,2018,87.528
syrian_arab_republic,2019,87.528
syrian_arab_republic,2020,87.528
syrian_arab_republic,2021,87.528
syrian_arab_republic,2022,87.528
tajikistan,1994,92.310
tajikistan,1995,92.409
tajikistan,1996,92.515
tajikistan,1997,92.630
tajikistan,1998,92.755
tajikistan,1999,92.892
tajikistan,2000,67.880
tajikistan,2001,92.599
tajikistan,2002,92.189
tajikistan,2003,91.810
tajikistan,2004,91.458
tajikistan,2005,91.130
tajikistan,2006,90.824
tajikistan,2007,90.862
tajikistan,2008,90.902
tajikistan,2009,90.945
tajikistan,2010,90.990
tajikistan,2011,91.039
tajikistan,2012,91.090
tajikistan,2013,91.146
tajikistan,2014,91.205
tajikistan,2015,87.961
tajikistan,2016,81.084
tajikistan,2017,64.922
tajikistan,2018,75.486
tajikistan,2019,69.591
tajikistan,2020,74.525
tajikistan,2021,74.525
tajikistan,2022,74.525
thailand,2007,90.374
thailand,2008,90.374
thailand,2009,90.374
thailand,2010,90.374
thailand,2011,90.374
thailand,2012,90.374
thailand,2013,90.374
thailand,2014,90.374
thailand,2015,90.374
thailand,2016,90.374
thailand,2017,90.374
thailand,2018,90.374
thailand,2019,90.374
thailand,2020,90.374
thailand,2021,90.374
thailand,2022,90.374
timor_leste,2004,91.382
timor_leste,2005,91.382
timor_leste,2006,91.382
timor_leste,2007,91.382
timor_leste,2008,91.382
timor_leste,2009,91.382
timor_leste,2010,91.382
timor_leste,2011,91.382
timor_leste,2012,91.382
timor_leste,2013,91.382
timor_leste,2014,91.382
timor_leste,2015,91.382
timor_leste,2016,91.382
timor_leste,2017,91.382
timor_leste,2018,91.382
timor_leste,2019,91.382
timor_leste,2020,91.382
timor_leste,2021,91.382
timor_leste,2022,91.382
togo,1987,25.275
togo,1988,28.217
togo,1989,30.813
togo,1990,33.122
togo,1991,35.188
togo,1992,37.048
togo,1993,38.731
togo,1994,40.261
togo,1995,41.659
togo,1996,42.940
togo,1997,44.119
togo,1998,45.207
togo,1999,46.215
togo,2000,47.151
togo,2001,46.063
togo,2002,44.970
togo,2003,40.642
togo,2004,37.073
togo,2005,34.081
togo,2006,34.081
togo,2007,34.081
togo,2008,34.081
togo,2009,34.081
togo,2010,34.081
togo,2011,34.081
togo,2012,34.081
togo,2013,34.081
togo,2014,34.081
togo,2015,34.081
togo,2016,34.081
togo,2017,34.081
togo,2018,34.081
togo,2019,34.081
togo,2020,34.081
togo,2021,34.081
togo,2022,34.081
trinidad_and_tobago,1997,5.2525
trinidad_and_tobago,1998,5.3084
trinidad_and_tobago,1999,5.3622
trinidad_and_tobago,2000,5.4140
trinidad_and_tobago,2001,5.1843
trinidad_and_tobago,2002,4.9632
trinidad_and_tobago,2003,4.7505
trinidad_and_tobago,2004,4.5455
trinidad_and_tobago,2005,4.3478
trinidad_and_tobago,2006,4.3495
trinidad_and_tobago,2007,4.3512
trinidad_and_tobago,2008,4.3529
trinidad_and_tobago,2009,4.3546
trinidad_and_tobago,2010,4.3563
trinidad_and_tobago,2011,4.3580
trinidad_and_tobago,2012,4.3580
trinidad_and_tobago,2013,4.3580
trinidad_and_tobago,2014,4.3580
trinidad_and_tobago,2015,4.3580
trinidad_and_tobago,2016,4.3580
trinidad_and_tobago,2017,4.3580
trinidad_and_tobago,2018,4.3580
trinidad_and_tobago,2019,4.3580
trinidad_and_tobago,2020,4.3580
trinidad_and_tobago,2021,4.3580
trinidad_and_tobago,2022,4.3580
tunisia,1990,88.715
tunisia,1991,88.131
tunisia,1992,87.529
tunisia,1993,86.910
tunisia,1994,86.272
tunisia,1995,85.614
tunisia,1996,84.937
tunisia,1997,84.239
tunisia,1998,83.519
tunisia,1999,82.776
tunisia,2000,82.008
tunisia,2001,82.008
tunisia,2002,81.778
tunisia,2003,81.556
tunisia,2004,81.341
tunisia,2005,81.132
tunisia,2006,80.930
tunisia,2007,80.733
tunisia,2008,80.542
tunisia,2009,80.356
tunisia,2010,80.176
tunisia,2011,80.000
tunisia,2012,79.798
tunisia,2013,79.606
tunisia,2014,79.424
tunisia,2015,79.251
tunisia,2016,79.087
tunisia,2017,74.419
tunisia,2018,76.276
tunisia,2019,76.376
tunisia,2020,75.542
tunisia,2021,75.542
tunisia,2022,75.542
turkiye,1992,72.468
turkiye,1993,74.284
turkiye,1994,76.025
turkiye,1995,77.696
turkiye,1996,79.302
turkiye,1997,80.846
turkiye,1998,82.331
turkiye,1999,83.761
turkiye,2000,80.010
turkiye,2001,81.348
turkiye,2002,78.726
turkiye,2003,76.253
turkiye,2004,83.147
turkiye,2005,83.259
turkiye,2006,83.366
turkiye,2007,84.346
turkiye,2008,80.933
turkiye,2009,85.814
turkiye,2010,85.746
turkiye,2011,86.147
turkiye,2012,86.063
turkiye,2013,85.863
turkiye,2014,85.188
turkiye,2015,86.707
turkiye,2016,87.572
turkiye,2017,87.045
turkiye,2018,87.118
turkiye,2019,87.275
turkiye,2020,86.903
turkiye,2021,100.00
turkiye,2022,86.927
turkmenistan,1994,97.948
turkmenistan,1995,97.700
turkmenistan,1996,97.456
turkmenistan,1997,97.217
turkmenistan,1998,96.980
turkmenistan,1999,96.748
turkmenistan,2000,96.519
turkmenistan,2001,96.519
turkmenistan,2002,96.519
turkmenistan,2003,96.519
turkmenistan,2004,94.298
turkmenistan,2005,94.298
turkmenistan,2006,94.298
turkmenistan,2007,94.298
turkmenistan,2008,94.298
turkmenistan,2009,94.298
turkmenistan,2010,94.298
turkmenistan,2011,94.298
turkmenistan,2012,94.298
turkmenistan,2013,94.298
turkmenistan,2014,94.298
turkmenistan,2015,94.298
turkmenistan,2016,94.298
turkmenistan,2017,94.298
turkmenistan,2018,94.298
turkmenistan,2019,59.022
turkmenistan,2020,61.420
turkmenistan,2021,92.749
turkmenistan,2022,92.749
uganda,1970,60.000
uganda,1971,58.731
uganda,1972,57.515
uganda,1973,56.349
uganda,1974,55.228
uganda,1975,54.152
uganda,1976,53.116
uganda,1977,52.120
uganda,1978,51.160
uganda,1979,50.234
uganda,1980,49.342
uganda,1981,48.481
uganda,1982,47.649
uganda,1983,46.846
uganda,1984,46.069
uganda,1985,45.317
uganda,1986,44.590
uganda,1987,43.885
uganda,1988,43.203
uganda,1989,42.541
uganda,1990,41.899
uganda,1991,41.277
uganda,1992,40.672
uganda,1993,40.086
uganda,1994,39.515
uganda,1995,38.961
uganda,1996,38.422
uganda,1997,37.898
uganda,1998,37.388
uganda,1999,36.891
uganda,2000,36.408
uganda,2001,34.725
uganda,2002,33.190
uganda,2003,35.137
uganda,2004,36.688
uganda,2005,37.955
uganda,2006,39.008
uganda,2007,39.898
uganda,2008,40.659
uganda,2009,40.659
uganda,2010,40.659
uganda,2011,40.659
uganda,2012,40.659
uganda,2013,40.659
uganda,2014,40.659
uganda,2015,40.659
uganda,2016,40.659
uganda,2017,40.659
uganda,2018,40.659
uganda,2019,40.659
uganda,2020,40.659
uganda,2021,40.659
uganda,2022,40.659
ukraine,1992,30.250
ukraine,1993,30.225
ukraine,1994,30.201
ukraine,1995,30.175
ukraine,1996,30.146
ukraine,1997,30.115
ukraine,1998,30.081
ukraine,1999,30.044
ukraine,2000,30.005
ukraine,2001,30.002
ukraine,2002,30.002
ukraine,2003,30.001
ukraine,2004,30.001
ukraine,2005,30.007
ukraine,2006,30.001
ukraine,2007,30.001
ukraine,2008,30.001
ukraine,2009,30.001
ukraine,2010,29.993
ukraine,2011,30.890
ukraine,2012,31.893
ukraine,2013,33.035
ukraine,2014,34.347
ukraine,2015,31.051
ukraine,2016,32.103
ukraine,2017,41.555
ukraine,2018,41.555
ukraine,2019,39.574
ukraine,2020,30.012
ukraine,2021,29.046
ukraine,2022,21.132
united_arab_emirates,1980,80.000
united_arab_emirates,1981,78.107
united_arab_emirates,1982,76.502
united_arab_emirates,1983,75.123
united_arab_emirates,1984,73.925
united_arab_emirates,1985,72.876
united_arab_emirates,1986,71.949
united_arab_emirates,1987,71.124
united_arab_emirates,1988,70.385
united_arab_emirates,1989,69.719
united_arab_emirates,1990,69.116
united_arab_emirates,1991,68.568
united_arab_emirates,1992,68.067
united_arab_emirates,1993,67.607
united_arab_emirates,1994,67.184
united_arab_emirates,1995,66.793
united_arab_emirates,1996,69.786
united_arab_emirates,1997,72.386
united_arab_emirates,1998,74.666
united_arab_emirates,1999,76.681
united_arab_emirates,2000,78.475
united_arab_emirates,2001,80.083
united_arab_emirates,2002,81.532
united_arab_emirates,2003,82.845
united_arab_emirates,2004,82.843
united_arab_emirates,2005,82.841
united_arab_emirates,2006,78.947
united_arab_emirates,2007,75.227
united_arab_emirates,2008,71.669
united_arab_emirates,2009,68.262
united_arab_emirates,2010,64.999
united_arab_emirates,2011,61.868
united_arab_emirates,2012,58.864
united_arab_emirates,2013,55.977
united_arab_emirates,2014,53.202
united_arab_emirates,2015,50.532
united_arab_emirates,2016,47.961
united_arab_emirates,2017,47.388
united_arab_emirates,2018,47.753
united_arab_emirates,2019,47.254
united_arab_emirates,2020,46.496
united_arab_emirates,2021,45.667
united_arab_emirates,2022,51.180
united_kingdom_of_great_britain_and_northern_ireland,1989,3.6414
united_kingdom_of_great_britain_and_northern_ireland,1990,5.5444
united_kingdom_of_great_britain_and_northern_ireland,1991,7.2868
united_kingdom_of_great_britain_and_northern_ireland,1992,9.0252
united_kingdom_of_great_britain_and_northern_ireland,1993,10.760
united_kingdom_of_great_britain_and_northern_ireland,1994,12.490
united_kingdom_of_great_britain_and_northern_ireland,1995,14.216
united_kingdom_of_great_britain_and_northern_ireland,1996,14.499
united_kingdom_of_great_britain_and_northern_ireland,1997,14.779
united_kingdom_of_great_britain_and_northern_ireland,1998,15.055
united_kingdom_of_great_britain_and_northern_ireland,1999,15.328
united_kingdom_of_great_britain_and_northern_ireland,2000,11.993
united_kingdom_of_great_britain_and_northern_ireland,2001,12.080
united_kingdom_of_great_britain_and_northern_ireland,2002,9.3885
united_kingdom_of_great_britain_and_northern_ireland,2003,10.166
united_kingdom_of_great_britain_and_northern_ireland,2004,13.751
united_kingdom_of_great_britain_and_northern_ireland,2005,13.984
united_kingdom_of_great_britain_and_northern_ireland,2006,11.085
united_kingdom_of_great_britain_and_northern_ireland,2007,15.623
united_kingdom_of_great_britain_and_northern_ireland,2008,13.647
united_kingdom_of_great_britain_and_northern_ireland,2009,13.082
united_kingdom_of_great_britain_and_northern_ireland,2010,14.779
united_kingdom_of_great_britain_and_northern_ireland,2011,12.889
united_kingdom_of_great_britain_and_northern_ireland,2012,12.771
united_kingdom_of_great_britain_and_northern_ireland,2013,13.814
united_kingdom_of_great_britain_and_northern_ireland,2014,14.601
united_kingdom_of_great_britain_and_northern_ireland,2015,15.430
united_kingdom_of_great_britain_and_northern_ireland,2016,14.050
united_kingdom_of_great_britain_and_northern_ireland,2017,14.050
united_kingdom_of_great_britain_and_northern_ireland,2018,14.050
united_kingdom_of_great_britain_and_northern_ireland,2019,14.050
united_kingdom_of_great_britain_and_northern_ireland,2020,14.050
united_kingdom_of_great_britain_and_northern_ireland,2021,14.050
united_kingdom_of_great_britain_and_northern_ireland,2022,14.050
united_republic_of_tanzania,1994,70.022
united_republic_of_tanzania,1995,76.453
united_republic_of_tanzania,1996,80.417
united_republic_of_tanzania,1997,83.105
united_republic_of_tanzania,1998,85.047
united_republic_of_tanzania,1999,86.516
united_republic_of_tanzania,2000,87.667
united_republic_of_tanzania,2001,88.592
united_republic_of_tanzania,2002,89.352
united_republic_of_tanzania,2003,89.352
united_republic_of_tanzania,2004,89.352
united_republic_of_tanzania,2005,89.352
united_republic_of_tanzania,2006,89.352
united_republic_of_tanzania,2007,89.352
united_republic_of_tanzania,2008,89.352
united_republic_of_tanzania,2009,89.352
united_republic_of_tanzania,2010,89.352
united_republic_of_tanzania,2011,89.352
united_republic_of_tanzania,2012,89.352
united_republic_of_tanzania,2013,89.352
united_republic_of_tanzania,2014,89.352
united_republic_of_tanzania,2015,89.352
united_republic_of_tanzania,2016,89.352
united_republic_of_tanzania,2017,89.352
united_republic_of_tanzania,2018,89.352
united_republic_of_tanzania,2019,89.352
united_republic_of_tanzania,2020,89.352
united_republic_of_tanzania,2021,89.352
united_republic_of_tanzania,2022,89.352
united_states_of_america,1980,23.982
united_states_of_america,1981,25.143
united_states_of_america,1982,26.285
united_states_of_america,1983,27.410
united_states_of_america,1984,28.517
united_states_of_america,1985,29.607
united_states_of_america,1986,30.680
united_states_of_america,1987,31.737
united_states_of_america,1988,32.778
united_states_of_america,1989,33.803
united_states_of_america,1990,34.813
united_states_of_america,1991,34.845
united_states_of_america,1992,34.877
united_states_of_america,1993,34.909
united_states_of_america,1994,34.941
united_states_of_america,1995,34.973
united_states_of_america,1996,35.005
united_states_of_america,1997,35.037
united_states_of_america,1998,35.069
united_states_of_america,1999,35.101
united_states_of_america,2000,35.133
united_states_of_america,2001,34.929
united_states_of_america,2002,34.726
united_states_of_america,2003,34.523
united_states_of_america,2004,34.321
united_states_of_america,2005,34.119
united_states_of_america,2006,34.464
united_states_of_america,2007,34.828
united_states_of_america,2008,35.214
united_states_of_america,2009,35.624
united_states_of_america,2010,36.059
united_states_of_america,2011,36.729
united_states_of_america,2012,37.423
united_states_of_america,2013,38.142
united_states_of_america,2014,38.886
united_states_of_america,2015,39.659
united_states_of_america,2016,39.659
united_states_of_america,2017,39.659
united_states_of_america,2018,39.659
united_states_of_america,2019,39.659
united_states_of_america,2020,39.659
united_states_of_america,2021,39.659
united_states_of_america,2022,39.659
uruguay,1965,91.000
uruguay,1966,90.377
uruguay,1967,89.884
uruguay,1968,89.484
uruguay,1969,89.153
uruguay,1970,88.876
uruguay,1971,88.639
uruguay,1972,88.435
uruguay,1973,88.256
uruguay,1974,88.100
uruguay,1975,87.961
uruguay,1976,87.837
uruguay,1977,87.726
uruguay,1978,87.626
uruguay,1979,87.535
uruguay,1980,87.452
uruguay,1981,87.376
uruguay,1982,87.307
uruguay,1983,87.242
uruguay,1984,87.183
uruguay,1985,87.128
uruguay,1986,87.077
uruguay,1987,87.029
uruguay,1988,86.984
uruguay,1989,86.942
uruguay,1990,86.903
uruguay,1991,86.866
uruguay,1992,86.831
uruguay,1993,86.799
uruguay,1994,86.768
uruguay,1995,86.738
uruguay,1996,86.710
uruguay,1997,86.684
uruguay,1998,86.659
uruguay,1999,86.635
uruguay,2000,86.612
uruguay,2001,86.084
uruguay,2002,85.566
uruguay,2003,85.057
uruguay,2004,84.558
uruguay,2005,84.067
uruguay,2006,83.586
uruguay,2007,83.112
uruguay,2008,82.647
uruguay,2009,82.191
uruguay,2010,81.742
uruguay,2011,81.300
uruguay,2012,80.867
uruguay,2013,80.440
uruguay,2014,80.021
uruguay,2015,79.608
uruguay,2016,79.203
uruguay,2017,78.804
uruguay,2018,78.411
uruguay,2019,78.025
uruguay,2020,77.644
uruguay,2021,78.030
uruguay,2022,77.190
uzbekistan,1994,93.653
uzbekistan,1995,93.175
uzbekistan,1996,92.702
uzbekistan,1997,92.236
uzbekistan,1998,91.775
uzbekistan,1999,91.320
uzbekistan,2000,90.870
uzbekistan,2001,90.426
uzbekistan,2002,90.326
uzbekistan,2003,90.221
uzbekistan,2004,90.113
uzbekistan,2005,90.000
uzbekistan,2006,90.161
uzbekistan,2007,90.325
uzbekistan,2008,90.491
uzbekistan,2009,90.661
uzbekistan,2010,90.833
uzbekistan,2011,91.008
uzbekistan,2012,91.187
uzbekistan,2013,91.368
uzbekistan,2014,91.553
uzbekistan,2015,92.081
uzbekistan,2016,91.661
uzbekistan,2017,92.292
uzbekistan,2018,92.277
uzbekistan,2019,92.261
uzbekistan,2020,92.008
uzbekistan,2021,90.847
uzbekistan,2022,92.135
venezuela_bolivarian_republic_of,1970,46.000
venezuela_bolivarian_republic_of,1971,45.844
venezuela_bolivarian_republic_of,1972,45.700
venezuela_bolivarian_republic_of,1973,45.566
venezuela_bolivarian_republic_of,1974,45.441
venezuela_bolivarian_republic_of,1975,45.325
venezuela_bolivarian_republic_of,1976,45.217
venezuela_bolivarian_republic_of,1977,45.115
venezuela_bolivarian_republic_of,1978,45.019
venezuela_bolivarian_republic_of,1979,44.929
venezuela_bolivarian_republic_of,1980,44.845
venezuela_bolivarian_republic_of,1981,44.764
venezuela_bolivarian_republic_of,1982,44.689
venezuela_bolivarian_republic_of,1983,44.617
venezuela_bolivarian_republic_of,1984,44.549
venezuela_bolivarian_republic_of,1985,44.485
venezuela_bolivarian_republic_of,1986,44.423
venezuela_bolivarian_republic_of,1987,44.365
venezuela_bolivarian_republic_of,1988,44.309
venezuela_bolivarian_republic_of,1989,44.256
venezuela_bolivarian_republic_of,1990,44.205
venezuela_bolivarian_republic_of,1991,44.157
venezuela_bolivarian_republic_of,1992,44.110
venezuela_bolivarian_republic_of,1993,44.065
venezuela_bolivarian_republic_of,1994,44.023
venezuela_bolivarian_republic_of,1995,43.982
venezuela_bolivarian_republic_of,1996,43.942
venezuela_bolivarian_republic_of,1997,43.904
venezuela_bolivarian_republic_of,1998,43.868
venezuela_bolivarian_republic_of,1999,43.833
venezuela_bolivarian_republic_of,2000,43.799
venezuela_bolivarian_republic_of,2001,52.405
venezuela_bolivarian_republic_of,2002,58.390
venezuela_bolivarian_republic_of,2003,62.794
venezuela_bolivarian_republic_of,2004,66.169
venezuela_bolivarian_republic_of,2005,68.839
venezuela_bolivarian_republic_of,2006,71.565
venezuela_bolivarian_republic_of,2007,73.852
venezuela_bolivarian_republic_of,2008,73.852
venezuela_bolivarian_republic_of,2009,73.852
venezuela_bolivarian_republic_of,2010,73.852
venezuela_bolivarian_republic_of,2011,73.852
venezuela_bolivarian_republic_of,2012,73.852
venezuela_bolivarian_republic_of,2013,73.852
venezuela_bolivarian_republic_of,2014,73.852
venezuela_bolivarian_republic_of,2015,73.852
venezuela_bolivarian_republic_of,2016,73.852
venezuela_bolivarian_republic_of,2017,73.852
venezuela_bolivarian_republic_of,2018,73.852
venezuela_bolivarian_republic_of,2019,73.852
venezuela_bolivarian_republic_of,2020,73.852
venezuela_bolivarian_republic_of,2021,73.852
venezuela_bolivarian_republic_of,2022,73.852
viet_nam,1980,92.552
viet_nam,1981,91.917
viet_nam,1982,91.329
viet_nam,1983,90.781
viet_nam,1984,90.271
viet_nam,1985,89.795
viet_nam,1986,90.113
viet_nam,1987,90.414
viet_nam,1988,90.700
viet_nam,1989,90.972
viet_nam,1990,91.230
viet_nam,1991,91.601
viet_nam,1992,91.944
viet_nam,1993,92.263
viet_nam,1994,92.561
viet_nam,1995,92.839
viet_nam,1996,93.099
viet_nam,1997,93.343
viet_nam,1998,93.573
viet_nam,1999,93.789
viet_nam,2000,93.993
viet_nam,2001,94.168
viet_nam,2002,94.334
viet_nam,2003,94.491
viet_nam,2004,94.641
viet_nam,2005,94.782
viet_nam,2006,94.782
viet_nam,2007,94.782
viet_nam,2008,94.782
viet_nam,2009,94.782
viet_nam,2010,94.782
viet_nam,2011,94.782
viet_nam,2012,94.782
viet_nam,2013,94.782
viet_nam,2014,94.782
viet_nam,2015,94.782
viet_nam,2016,94.782
viet_nam,2017,94.782
viet_nam,2018,94.782
viet_nam,2019,94.782
viet_nam,2020,94.782
viet_nam,2021,94.782
viet_nam,2022,94.782
western_asia,2000,81.110
western_asia,2001,81.685
western_asia,2002,81.239
western_asia,2003,80.807
western_asia,2004,82.569
western_asia,2005,82.935
western_asia,2006,83.036
western_asia,2007,83.391
western_asia,2008,82.593
western_asia,2009,83.929
western_asia,2010,83.873
western_asia,2011,84.014
western_asia,2012,83.977
western_asia,2013,84.080
western_asia,2014,83.813
western_asia,2015,84.107
western_asia,2016,84.280
western_asia,2017,83.228
western_asia,2018,83.843
western_asia,2019,80.928
western_asia,2020,79.504
western_asia,2021,83.613
western_asia,2022,80.119
world,2000,66.919
world,2001,66.796
world,2002,66.714
world,2003,66.647
world,2004,66.662
world,2005,66.652
world,2006,67.883
world,2007,68.539
world,2008,68.847
world,2009,69.751
world,2010,70.014
world,2011,70.264
world,2012,70.902
world,2013,71.297
world,2014,71.583
world,2015,71.922
world,2016,71.729
world,2017,71.614
world,2018,71.467
world,2019,71.363
world,2020,71.513
world,2021,71.659
world,2022,71.473
yemen,1990,92.087
yemen,1991,91.849
yemen,1992,91.618
yemen,1993,91.394
yemen,1994,91.177
yemen,1995,90.967
yemen,1996,90.762
yemen,1997,90.563
yemen,1998,90.370
yemen,1999,90.183
yemen,2000,90.000
yemen,2001,90.154
yemen,2002,90.306
yemen,2003,90.454
yemen,2004,90.600
yemen,2005,90.743
yemen,2006,90.743
yemen,2007,90.743
yemen,2008,90.743
yemen,2009,90.743
yemen,2010,90.743
yemen,2011,90.743
yemen,2012,90.743
yemen,2013,90.743
yemen,2014,90.743
yemen,2015,90.743
yemen,2016,90.743
yemen,2017,90.743
yemen,2018,90.743
yemen,2019,90.743
yemen,2020,90.743
yemen,2021,90.743
yemen,2022,90.743
zambia,1992,76.646
zambia,1993,76.948
zambia,1994,77.257
zambia,1995,76.734
zambia,1996,76.201
zambia,1997,75.659
zambia,1998,75.106
zambia,1999,74.543
zambia,2000,73.970
zambia,2001,73.631
zambia,2002,73.282
zambia,2003,73.282
zambia,2004,73.282
zambia,2005,73.282
zambia,2006,73.282
zambia,2007,73.282
zambia,2008,73.282
zambia,2009,73.282
zambia,2010,73.282
zambia,2011,73.282
zambia,2012,73.282
zambia,2013,73.282
zambia,2014,73.282
zambia,2015,73.282
zambia,2016,73.282
zambia,2017,73.282
zambia,2018,73.282
zambia,2019,73.282
zambia,2020,73.282
zambia,2021,73.282
zambia,2022,73.282
zimbabwe,1987,79.016
zimbabwe,1988,78.995
zimbabwe,1989,78.978
zimbabwe,1990,78.965
zimbabwe,1991,78.955
zimbabwe,1992,78.947
zimbabwe,1993,78.940
zimbabwe,1994,78.934
zimbabwe,1995,78.928
zimbabwe,1996,78.924
zimbabwe,1997,78.920
zimbabwe,1998,78.917
zimbabwe,1999,78.914
zimbabwe,2000,78.911
zimbabwe,2001,78.908
zimbabwe,2002,78.906
zimbabwe,2003,79.461
zimbabwe,2004,80.051
zimbabwe,2005,80.680
zimbabwe,2006,81.352
zimbabwe,2007,82.073
zimbabwe,2008,81.707
zimbabwe,2009,81.336
zimbabwe,2010,80.961
zimbabwe,2011,80.581
zimbabwe,2012,80.196
zimbabwe,2013,79.806
zimbabwe,2014,79.411
zimbabwe,2015,79.012
zimbabwe,2016,79.989
zimbabwe,2017,82.956
zimbabwe,2018,80.635
zimbabwe,2019,84.827
zimbabwe,2020,87.200
zimbabwe,2021,87.200
zimbabwe,2022,87.200
