area,year,area_equipped_for_irrigation_actually_irrigated
afghanistan,1990,2660.0
afghanistan,1991,2583.2
afghanistan,1992,2506.4
afghanistan,1993,2429.7
afghanistan,1994,2352.9
afghanistan,1995,2276.1
afghanistan,1996,2199.3
afghanistan,1997,2122.6
afghanistan,1998,2045.8
afghanistan,1999,1969.0
afghanistan,2000,1999.0
afghanistan,2001,2141.0
afghanistan,2002,2140.0
afghanistan,2003,1754.0
afghanistan,2004,2752.0
afghanistan,2005,2086.0
afghanistan,2006,2214.0
afghanistan,2007,2307.0
afghanistan,2008,2252.0
afghanistan,2009,2191.0
afghanistan,2010,1836.0
afghanistan,2011,1896.0
afghanistan,2012,2044.0
afghanistan,2013,2072.0
afghanistan,2014,2092.0
afghanistan,2015,2177.0
afghanistan,2016,2165.0
afghanistan,2017,2165.0
afghanistan,2018,2165.0
afghanistan,2019,2165.0
afghanistan,2020,2165.0
afghanistan,2021,2165.0
afghanistan,2022,2165.0
albania,2001,72.740
albania,2002,92.670
albania,2003,107.50
albania,2004,97.260
albania,2005,94.670
albania,2006,102.70
albania,2007,106.50
albania,2008,117.90
albania,2009,204.90
albania,2010,204.50
albania,2011,204.40
albania,2012,204.70
albania,2013,205.30
albania,2014,209.40
albania,2015,225.00
albania,2016,231.20
albania,2017,171.00
albania,2018,176.00
albania,2019,179.00
albania,2020,182.00
albania,2021,188.00
albania,2022,190.60
algeria,1992,366.30
algeria,1993,375.97
algeria,1994,385.63
algeria,1995,395.30
algeria,1996,404.97
algeria,1997,414.63
algeria,1998,424.30
algeria,1999,433.97
algeria,2000,443.63
algeria,2001,453.30
algeria,2002,505.24
algeria,2003,557.19
algeria,2004,609.13
algeria,2005,661.07
algeria,2006,713.01
algeria,2007,764.96
algeria,2008,816.90
algeria,2009,878.92
algeria,2010,940.95
algeria,2011,1003.0
algeria,2012,1065.0
algeria,2013,1065.0
algeria,2014,1065.0
algeria,2015,1065.0
algeria,2016,1065.0
algeria,2017,1065.0
algeria,2018,1065.0
algeria,2019,1065.0
algeria,2020,1065.0
algeria,2021,1065.0
algeria,2022,1065.0
andorra,2000,0.15000
andorra,2001,0.15000
andorra,2002,0.15000
andorra,2003,0.15000
andorra,2004,0.15000
andorra,2005,0.15000
andorra,2006,0.15000
andorra,2007,0.15000
andorra,2008,0.15000
andorra,2009,0.15000
andorra,2010,0.15000
andorra,2011,0.15000
andorra,2012,0.15000
andorra,2013,0.15000
andorra,2014,0.15000
andorra,2015,0.15000
andorra,2016,0.15000
andorra,2017,0.15000
andorra,2018,0.15000
andorra,2019,0.15000
andorra,2020,0.15000
andorra,2021,0.15000
andorra,2022,0.15000
angola,1996,35.000
angola,1997,32.391
angola,1998,29.782
angola,1999,27.173
angola,2000,24.564
angola,2001,21.956
angola,2002,19.347
angola,2003,16.738
angola,2004,14.129
angola,2005,11.520
angola,2006,11.520
angola,2007,11.520
angola,2008,11.520
angola,2009,11.520
angola,2010,11.520
angola,2011,11.520
angola,2012,11.520
angola,2013,11.520
angola,2014,11.520
angola,2015,11.520
angola,2016,11.520
angola,2017,11.520
angola,2018,11.520
angola,2019,11.520
angola,2020,11.520
angola,2021,11.520
angola,2022,11.520
antigua_and_barbuda,2014,0.38450
antigua_and_barbuda,2015,0.38450
antigua_and_barbuda,2016,0.38450
antigua_and_barbuda,2017,0.38450
antigua_and_barbuda,2018,0.38450
antigua_and_barbuda,2019,0.38450
antigua_and_barbuda,2020,0.38450
antigua_and_barbuda,2021,0.38450
antigua_and_barbuda,2022,0.38450
argentina,1970,1066.0
argentina,1971,1075.1
argentina,1972,1084.1
argentina,1973,1093.2
argentina,1974,1102.3
argentina,1975,1111.3
argentina,1976,1120.4
argentina,1977,1129.4
argentina,1978,1138.5
argentina,1979,1147.6
argentina,1980,1156.6
argentina,1981,1165.7
argentina,1982,1174.8
argentina,1983,1183.8
argentina,1984,1192.9
argentina,1985,1201.9
argentina,1986,1211.0
argentina,1987,1220.1
argentina,1988,1229.1
argentina,1989,1238.2
argentina,1990,1247.3
argentina,1991,1256.3
argentina,1992,1265.4
argentina,1993,1274.4
argentina,1994,1283.5
argentina,1995,1292.6
argentina,1996,1301.6
argentina,1997,1310.7
argentina,1998,1319.8
argentina,1999,1328.8
argentina,2000,1337.9
argentina,2001,1346.9
argentina,2002,1356.0
argentina,2003,1445.6
argentina,2004,1535.1
argentina,2005,1624.7
argentina,2006,1714.2
argentina,2007,1803.8
argentina,2008,1893.3
argentina,2009,1982.9
argentina,2010,2072.4
argentina,2011,2162.0
argentina,2012,2047.5
argentina,2013,1933.0
argentina,2014,1818.5
argentina,2015,1704.0
argentina,2016,1589.5
argentina,2017,1475.0
argentina,2018,1360.5
argentina,2019,1360.5
argentina,2020,1360.5
argentina,2021,1360.5
argentina,2022,1360.5
armenia,1995,172.60
armenia,1996,172.91
armenia,1997,173.22
armenia,1998,173.53
armenia,1999,173.84
armenia,2000,174.15
armenia,2001,174.45
armenia,2002,174.76
armenia,2003,175.07
armenia,2004,175.38
armenia,2005,175.69
armenia,2006,176.00
armenia,2007,165.53
armenia,2008,155.05
armenia,2009,144.57
armenia,2010,134.10
armenia,2011,123.63
armenia,2012,113.15
armenia,2013,102.67
armenia,2014,92.200
armenia,2015,93.967
armenia,2016,95.733
armenia,2017,97.500
armenia,2018,82.300
armenia,2019,82.800
armenia,2020,85.400
armenia,2021,82.800
armenia,2022,82.800
australia,2006,2558.1
australia,2007,2204.6
australia,2008,1851.0
australia,2009,1761.0
australia,2010,1841.0
australia,2011,2020.0
australia,2012,2199.0
australia,2013,2378.0
australia,2014,2238.0
australia,2015,2056.0
australia,2016,2148.0
australia,2017,2244.0
australia,2018,2298.0
australia,2019,1955.0
australia,2020,1520.9
australia,2021,1944.9
australia,2022,1976.2
australia_and_new_zealand,2002,384.20
australia_and_new_zealand,2003,409.16
australia_and_new_zealand,2004,434.12
australia_and_new_zealand,2005,459.08
australia_and_new_zealand,2006,3042.2
australia_and_new_zealand,2007,2713.6
australia_and_new_zealand,2008,2383.1
australia_and_new_zealand,2009,2316.2
australia_and_new_zealand,2010,2419.3
australia_and_new_zealand,2011,2621.4
australia_and_new_zealand,2012,2823.5
australia_and_new_zealand,2013,3025.7
australia_and_new_zealand,2014,2908.8
australia_and_new_zealand,2015,2749.9
australia_and_new_zealand,2016,2865.0
australia_and_new_zealand,2017,2984.1
australia_and_new_zealand,2018,3037.6
australia_and_new_zealand,2019,2694.2
australia_and_new_zealand,2020,2260.1
australia_and_new_zealand,2021,2684.1
australia_and_new_zealand,2022,2715.4
austria,1995,45.720
austria,1996,44.284
austria,1997,42.847
austria,1998,41.411
austria,1999,39.975
austria,2000,38.539
austria,2001,37.102
austria,2002,35.666
austria,2003,34.230
austria,2004,37.125
austria,2005,40.020
austria,2006,41.730
austria,2007,43.440
austria,2008,37.787
austria,2009,32.133
austria,2010,26.480
austria,2011,34.880
austria,2012,43.280
austria,2013,51.680
austria,2014,47.187
austria,2015,42.693
austria,2016,38.200
austria,2017,38.200
austria,2018,38.200
austria,2019,38.200
austria,2020,38.200
austria,2021,38.200
austria,2022,38.200
azerbaijan,1992,1340.0
azerbaijan,1993,1341.2
azerbaijan,1994,1342.4
azerbaijan,1995,1343.6
azerbaijan,1996,1344.8
azerbaijan,1997,1346.0
azerbaijan,1998,1347.2
azerbaijan,1999,1348.4
azerbaijan,2000,1349.6
azerbaijan,2001,1350.8
azerbaijan,2002,1352.0
azerbaijan,2003,1354.0
azerbaijan,2004,1356.0
azerbaijan,2005,1356.3
azerbaijan,2006,1356.7
azerbaijan,2007,1357.0
azerbaijan,2008,1357.3
azerbaijan,2009,1357.7
azerbaijan,2010,1358.0
azerbaijan,2011,1373.3
azerbaijan,2012,1388.6
azerbaijan,2013,1403.9
azerbaijan,2014,1419.2
azerbaijan,2015,1434.5
azerbaijan,2016,1438.8
azerbaijan,2017,1445.8
azerbaijan,2018,1449.4
azerbaijan,2019,1450.2
azerbaijan,2020,1480.2
azerbaijan,2021,1484.9
azerbaijan,2022,1484.9
bahrain,1994,3.1650
bahrain,1995,3.2929
bahrain,1996,3.4207
bahrain,1997,3.5486
bahrain,1998,3.6764
bahrain,1999,3.8043
bahrain,2000,3.9321
bahrain,2001,4.0600
bahrain,2002,4.0600
bahrain,2003,4.0600
bahrain,2004,4.0600
bahrain,2005,4.0600
bahrain,2006,4.0600
bahrain,2007,4.0600
bahrain,2008,4.0600
bahrain,2009,4.0600
bahrain,2010,4.0600
bahrain,2011,4.0600
bahrain,2012,4.0600
bahrain,2013,4.0600
bahrain,2014,4.0600
bahrain,2015,4.0600
bahrain,2016,4.0600
bahrain,2017,4.0600
bahrain,2018,4.0600
bahrain,2019,4.0600
bahrain,2020,4.0600
bahrain,2021,4.0600
bahrain,2022,4.0600
bangladesh,1989,2738.0
bangladesh,1990,2738.0
bangladesh,1991,2738.0
bangladesh,1992,2738.0
bangladesh,1993,2738.0
bangladesh,1994,2738.0
bangladesh,1995,2738.0
bangladesh,1996,2738.0
bangladesh,1997,2738.0
bangladesh,1998,2738.0
bangladesh,1999,2738.0
bangladesh,2000,2738.0
bangladesh,2001,2738.0
bangladesh,2002,2738.0
bangladesh,2003,2738.0
bangladesh,2004,2738.0
bangladesh,2005,2738.0
bangladesh,2006,2738.0
bangladesh,2007,2738.0
bangladesh,2008,2738.0
bangladesh,2009,2738.0
bangladesh,2010,2738.0
bangladesh,2011,2738.0
bangladesh,2012,2738.0
bangladesh,2013,2738.0
bangladesh,2014,2738.0
bangladesh,2015,2738.0
bangladesh,2016,2738.0
bangladesh,2017,2738.0
bangladesh,2018,2738.0
bangladesh,2019,2738.0
bangladesh,2020,2738.0
bangladesh,2021,2738.0
bangladesh,2022,2738.0
barbados,2005,5.4350
barbados,2006,5.4350
barbados,2007,5.4350
barbados,2008,5.4350
barbados,2009,5.4350
barbados,2010,5.4350
barbados,2011,5.4350
barbados,2012,5.4350
barbados,2013,5.4350
barbados,2014,5.4350
barbados,2015,5.4350
barbados,2016,5.4350
barbados,2017,5.4350
barbados,2018,5.4350
barbados,2019,5.4350
barbados,2020,5.4350
barbados,2021,5.4350
barbados,2022,5.4350
belarus,2011,30.600
belarus,2012,25.600
belarus,2013,20.600
belarus,2014,20.700
belarus,2015,21.300
belarus,2016,21.600
belarus,2017,21.900
belarus,2018,30.300
belarus,2019,30.300
belarus,2020,30.300
belarus,2021,28.700
belarus,2022,28.700
belgium,2003,1.8500
belgium,2004,2.6150
belgium,2005,3.3800
belgium,2006,4.5300
belgium,2007,5.6800
belgium,2008,5.2067
belgium,2009,4.7333
belgium,2010,4.2600
belgium,2011,4.7533
belgium,2012,5.2467
belgium,2013,5.7400
belgium,2014,7.2533
belgium,2015,8.7667
belgium,2016,10.280
belgium,2017,10.280
belgium,2018,10.280
belgium,2019,10.280
belgium,2020,10.280
belgium,2021,10.280
belgium,2022,10.280
belize,2005,3.5480
belize,2006,3.5480
belize,2007,3.5480
belize,2008,3.5480
belize,2009,3.5480
belize,2010,3.5480
belize,2011,3.5480
belize,2012,3.5480
belize,2013,3.5480
belize,2014,3.5480
belize,2015,3.5480
belize,2016,3.5480
belize,2017,3.5480
belize,2018,3.5480
belize,2019,3.5480
belize,2020,3.5480
belize,2021,3.5480
belize,2022,3.5480
benin,2002,9.3240
benin,2003,10.637
benin,2004,11.949
benin,2005,13.262
benin,2006,14.575
benin,2007,15.887
benin,2008,17.200
benin,2009,17.200
benin,2010,17.200
benin,2011,17.200
benin,2012,17.200
benin,2013,17.200
benin,2014,17.200
benin,2015,17.200
benin,2016,17.200
benin,2017,17.200
benin,2018,17.200
benin,2019,17.200
benin,2020,17.200
benin,2021,17.200
benin,2022,17.200
bhutan,1995,27.020
bhutan,1996,27.075
bhutan,1997,27.130
bhutan,1998,27.185
bhutan,1999,27.240
bhutan,2000,27.295
bhutan,2001,27.350
bhutan,2002,27.405
bhutan,2003,27.460
bhutan,2004,27.515
bhutan,2005,27.570
bhutan,2006,27.625
bhutan,2007,27.680
bhutan,2008,27.680
bhutan,2009,27.680
bhutan,2010,27.680
bhutan,2011,27.680
bhutan,2012,27.680
bhutan,2013,27.680
bhutan,2014,27.680
bhutan,2015,27.680
bhutan,2016,27.680
bhutan,2017,27.680
bhutan,2018,27.680
bhutan,2019,27.680
bhutan,2020,27.680
bhutan,2021,27.680
bhutan,2022,27.680
bolivia_plurinational_state_of,2000,226.56
bolivia_plurinational_state_of,2001,232.51
bolivia_plurinational_state_of,2002,238.45
bolivia_plurinational_state_of,2003,244.39
bolivia_plurinational_state_of,2004,250.33
bolivia_plurinational_state_of,2005,256.27
bolivia_plurinational_state_of,2006,262.22
bolivia_plurinational_state_of,2007,268.16
bolivia_plurinational_state_of,2008,274.10
bolivia_plurinational_state_of,2009,281.80
bolivia_plurinational_state_of,2010,289.50
bolivia_plurinational_state_of,2011,297.20
bolivia_plurinational_state_of,2012,303.20
bolivia_plurinational_state_of,2013,327.54
bolivia_plurinational_state_of,2014,357.01
bolivia_plurinational_state_of,2015,392.43
bolivia_plurinational_state_of,2016,417.35
bolivia_plurinational_state_of,2017,441.74
bolivia_plurinational_state_of,2018,473.32
bolivia_plurinational_state_of,2019,502.91
bolivia_plurinational_state_of,2020,519.70
bolivia_plurinational_state_of,2021,541.56
bolivia_plurinational_state_of,2022,546.54
botswana,1992,1.3810
botswana,1993,1.4410
botswana,1994,1.5009
botswana,1995,1.5609
botswana,1996,1.6208
botswana,1997,1.6808
botswana,1998,1.7407
botswana,1999,1.8007
botswana,2000,1.8606
botswana,2001,1.9206
botswana,2002,1.9805
botswana,2003,2.0405
botswana,2004,2.1005
botswana,2005,2.1604
botswana,2006,2.2204
botswana,2007,2.2803
botswana,2008,2.3403
botswana,2009,2.4002
botswana,2010,2.4602
botswana,2011,2.5201
botswana,2012,2.5801
botswana,2013,2.6400
botswana,2014,2.7000
botswana,2015,3.0000
botswana,2016,3.5000
botswana,2017,3.7500
botswana,2018,3.7500
botswana,2019,3.7500
botswana,2020,3.7500
botswana,2021,3.7500
botswana,2022,3.7500
brazil,1989,2700.0
brazil,1990,2803.2
brazil,1991,2906.4
brazil,1992,3009.5
brazil,1993,3112.7
brazil,1994,3215.9
brazil,1995,3319.1
brazil,1996,3422.2
brazil,1997,3525.4
brazil,1998,3628.6
brazil,1999,3731.8
brazil,2000,3834.9
brazil,2001,3938.1
brazil,2002,4041.3
brazil,2003,4144.5
brazil,2004,4247.6
brazil,2005,4350.8
brazil,2006,4454.0
brazil,2007,4518.1
brazil,2008,4582.2
brazil,2009,4646.3
brazil,2010,4710.4
brazil,2011,4774.5
brazil,2012,4838.5
brazil,2013,4902.6
brazil,2014,4966.7
brazil,2015,5030.8
brazil,2016,5094.9
brazil,2017,5159.0
brazil,2018,5159.0
brazil,2019,5159.0
brazil,2020,5159.0
brazil,2021,5159.0
brazil,2022,5159.0
brunei_darussalam,1995,0.63000
brunei_darussalam,1996,0.63000
brunei_darussalam,1997,0.63000
brunei_darussalam,1998,0.63000
brunei_darussalam,1999,0.63000
brunei_darussalam,2000,0.63000
brunei_darussalam,2001,0.63000
brunei_darussalam,2002,0.63000
brunei_darussalam,2003,0.63000
brunei_darussalam,2004,0.63000
brunei_darussalam,2005,0.63000
brunei_darussalam,2006,0.63000
brunei_darussalam,2007,0.63000
brunei_darussalam,2008,0.63000
brunei_darussalam,2009,0.63000
brunei_darussalam,2010,0.63000
brunei_darussalam,2011,0.63000
brunei_darussalam,2012,0.63000
brunei_darussalam,2013,0.63000
brunei_darussalam,2014,0.63000
brunei_darussalam,2015,0.63000
brunei_darussalam,2016,0.63000
brunei_darussalam,2017,0.63000
brunei_darussalam,2018,0.63000
brunei_darussalam,2019,0.63000
brunei_darussalam,2020,0.63000
brunei_darussalam,2021,0.63000
brunei_darussalam,2022,0.63000
bulgaria,1995,42.130
bulgaria,1996,105.90
bulgaria,1997,42.760
bulgaria,1998,41.890
bulgaria,1999,24.540
bulgaria,2000,49.330
bulgaria,2001,38.370
bulgaria,2002,30.880
bulgaria,2003,34.430
bulgaria,2004,31.930
bulgaria,2005,53.650
bulgaria,2006,63.145
bulgaria,2007,72.640
bulgaria,2008,65.270
bulgaria,2009,57.900
bulgaria,2010,30.050
bulgaria,2011,40.510
bulgaria,2012,69.590
bulgaria,2013,98.670
bulgaria,2014,96.707
bulgaria,2015,94.743
bulgaria,2016,92.780
bulgaria,2017,92.780
bulgaria,2018,92.780
bulgaria,2019,92.780
bulgaria,2020,92.780
bulgaria,2021,92.780
bulgaria,2022,92.780
burkina_faso,1992,24.330
burkina_faso,1993,25.477
burkina_faso,1994,26.625
burkina_faso,1995,27.772
burkina_faso,1996,28.919
burkina_faso,1997,30.067
burkina_faso,1998,31.214
burkina_faso,1999,32.362
burkina_faso,2000,33.509
burkina_faso,2001,34.656
burkina_faso,2002,35.804
burkina_faso,2003,36.951
burkina_faso,2004,38.098
burkina_faso,2005,39.246
burkina_faso,2006,40.393
burkina_faso,2007,41.541
burkina_faso,2008,42.688
burkina_faso,2009,43.835
burkina_faso,2010,44.983
burkina_faso,2011,46.130
burkina_faso,2012,46.130
burkina_faso,2013,46.130
burkina_faso,2014,46.130
burkina_faso,2015,46.130
burkina_faso,2016,46.130
burkina_faso,2017,46.130
burkina_faso,2018,46.130
burkina_faso,2019,46.130
burkina_faso,2020,46.130
burkina_faso,2021,46.130
burkina_faso,2022,46.130
cabo_verde,1980,1.7900
cabo_verde,1981,1.7920
cabo_verde,1982,1.7940
cabo_verde,1983,1.7960
cabo_verde,1984,1.7980
cabo_verde,1985,1.8000
cabo_verde,1986,1.8020
cabo_verde,1987,1.8040
cabo_verde,1988,1.8060
cabo_verde,1989,1.8077
cabo_verde,1990,1.8093
cabo_verde,1991,1.8110
cabo_verde,1992,1.8127
cabo_verde,1993,1.8143
cabo_verde,1994,1.8160
cabo_verde,1995,1.8177
cabo_verde,1996,1.8193
cabo_verde,1997,1.8210
cabo_verde,1998,1.8811
cabo_verde,1999,1.9413
cabo_verde,2000,2.0014
cabo_verde,2001,2.0615
cabo_verde,2002,2.1217
cabo_verde,2003,2.1818
cabo_verde,2004,2.2420
cabo_verde,2005,2.3021
cabo_verde,2006,2.3622
cabo_verde,2007,2.4224
cabo_verde,2008,2.4825
cabo_verde,2009,2.5426
cabo_verde,2010,2.6028
cabo_verde,2011,2.6629
cabo_verde,2012,2.7230
cabo_verde,2013,2.7832
cabo_verde,2014,2.8433
cabo_verde,2015,2.9035
cabo_verde,2016,2.9636
cabo_verde,2017,3.0237
cabo_verde,2018,3.0839
cabo_verde,2019,3.1440
cabo_verde,2020,3.1440
cabo_verde,2021,3.1440
cabo_verde,2022,3.1440
cambodia,1993,241.80
cambodia,1994,243.44
cambodia,1995,245.07
cambodia,1996,246.71
cambodia,1997,248.35
cambodia,1998,249.99
cambodia,1999,251.63
cambodia,2000,253.26
cambodia,2001,254.90
cambodia,2002,267.36
cambodia,2003,279.82
cambodia,2004,292.28
cambodia,2005,304.74
cambodia,2006,317.20
cambodia,2007,317.20
cambodia,2008,317.20
cambodia,2009,317.20
cambodia,2010,317.20
cambodia,2011,317.20
cambodia,2012,317.20
cambodia,2013,317.20
cambodia,2014,317.20
cambodia,2015,317.20
cambodia,2016,317.20
cambodia,2017,317.20
cambodia,2018,317.20
cambodia,2019,317.20
cambodia,2020,317.20
cambodia,2021,317.20
cambodia,2022,317.20
canada,2006,846.00
canada,2007,766.64
canada,2008,687.28
canada,2009,607.93
canada,2010,528.57
canada,2011,559.81
canada,2012,591.05
canada,2013,588.46
canada,2014,585.87
canada,2015,637.33
canada,2016,688.78
canada,2017,689.94
canada,2018,691.11
canada,2019,648.51
canada,2020,605.91
canada,2021,682.21
canada,2022,758.52
central_african_republic,1987,0.069000
central_african_republic,1988,0.069000
central_african_republic,1989,0.069000
central_african_republic,1990,0.069000
central_african_republic,1991,0.069000
central_african_republic,1992,0.069000
central_african_republic,1993,0.069000
central_african_republic,1994,0.069000
central_african_republic,1995,0.069000
central_african_republic,1996,0.069000
central_african_republic,1997,0.069000
central_african_republic,1998,0.069000
central_african_republic,1999,0.069000
central_african_republic,2000,0.069000
central_african_republic,2001,0.069000
central_african_republic,2002,0.069000
central_african_republic,2003,0.069000
central_african_republic,2004,0.069000
central_african_republic,2005,0.069000
central_african_republic,2006,0.069000
central_african_republic,2007,0.069000
central_african_republic,2008,0.069000
central_african_republic,2009,0.069000
central_african_republic,2010,0.069000
central_african_republic,2011,0.069000
central_african_republic,2012,0.069000
central_african_republic,2013,0.069000
central_african_republic,2014,0.069000
central_african_republic,2015,0.069000
central_african_republic,2016,0.069000
central_african_republic,2017,0.069000
central_african_republic,2018,0.069000
central_african_republic,2019,0.069000
central_african_republic,2020,0.069000
central_african_republic,2021,0.069000
central_african_republic,2022,0.069000
central_and_southern_asia,2000,76178
central_and_southern_asia,2001,77292
central_and_southern_asia,2002,77462
central_and_southern_asia,2003,77247
central_and_southern_asia,2004,78416
central_and_southern_asia,2005,77921
central_and_southern_asia,2006,79490
central_and_southern_asia,2007,80573
central_and_southern_asia,2008,81508
central_and_southern_asia,2009,82183
central_and_southern_asia,2010,83830
central_and_southern_asia,2011,84641
central_and_southern_asia,2012,85539
central_and_southern_asia,2013,86316
central_and_southern_asia,2014,86322
central_and_southern_asia,2015,86393
central_and_southern_asia,2016,86367
central_and_southern_asia,2017,86307
central_and_southern_asia,2018,104830
central_and_southern_asia,2019,104460
central_and_southern_asia,2020,105500
central_and_southern_asia,2021,105420
central_and_southern_asia,2022,105390
central_asia,2000,7542.1
central_asia,2001,7508.8
central_asia,2002,7475.4
central_asia,2003,7442.1
central_asia,2004,7408.8
central_asia,2005,7375.4
central_asia,2006,7392.6
central_asia,2007,7355.4
central_asia,2008,7318.3
central_asia,2009,7291.8
central_asia,2010,8529.6
central_asia,2011,8517.6
central_asia,2012,8503.7
central_asia,2013,8489.8
central_asia,2014,8475.9
central_asia,2015,8462.0
central_asia,2016,8448.0
central_asia,2017,8387.5
central_asia,2018,8308.6
central_asia,2019,8214.0
central_asia,2020,8241.3
central_asia,2021,8163.3
central_asia,2022,8130.3
chad,1988,12.870
chad,1989,13.822
chad,1990,14.774
chad,1991,15.726
chad,1992,16.679
chad,1993,17.631
chad,1994,18.583
chad,1995,19.535
chad,1996,20.487
chad,1997,21.439
chad,1998,22.391
chad,1999,23.344
chad,2000,24.296
chad,2001,25.248
chad,2002,26.200
chad,2003,26.200
chad,2004,26.200
chad,2005,26.200
chad,2006,26.200
chad,2007,26.200
chad,2008,26.200
chad,2009,26.200
chad,2010,26.200
chad,2011,26.200
chad,2012,26.200
chad,2013,26.200
chad,2014,26.200
chad,2015,26.200
chad,2016,26.200
chad,2017,26.200
chad,2018,26.200
chad,2019,26.200
chad,2020,26.200
chad,2021,26.200
chad,2022,26.200
chile,2007,1094.0
chile,2008,1094.0
chile,2009,1094.0
chile,2010,1093.9
chile,2011,1093.9
chile,2012,1093.9
chile,2013,1093.9
chile,2014,1093.8
chile,2015,1093.8
chile,2016,1093.8
chile,2017,1093.8
chile,2018,1093.8
chile,2019,1093.8
chile,2020,1093.8
chile,2021,1093.8
chile,2022,1093.8
china,1975,40316
china,1976,40409
china,1977,40502
china,1978,40595
china,1979,40687
china,1980,40780
china,1981,40873
china,1982,40966
china,1983,40157
china,1984,40630
china,1985,41104
china,1986,41577
china,1987,42051
china,1988,42524
china,1989,42998
china,1990,43471
china,1991,43945
china,1992,44418
china,1993,44618
china,1994,44817
china,1995,45017
china,1996,45854
china,1997,46690
china,1998,47527
china,1999,48363
china,2000,49200
china,2001,50036
china,2002,50873
china,2003,51709
china,2004,52546
china,2005,53382
china,2006,54219
china,2007,54823
china,2008,55428
china,2009,56032
china,2010,56636
china,2011,57240
china,2012,57845
china,2013,58449
china,2014,62161
china,2015,65873
china,2016,67141
china,2017,67816
china,2018,68272
china,2019,68679
china,2020,69161
china,2021,69161
china,2022,69161
colombia,2011,394.00
colombia,2012,369.87
colombia,2013,345.74
colombia,2014,321.62
colombia,2015,297.49
colombia,2016,297.49
colombia,2017,297.49
colombia,2018,297.49
colombia,2019,297.49
colombia,2020,297.49
colombia,2021,297.45
colombia,2022,297.45
comoros,1987,0.085000
comoros,1988,0.085000
comoros,1989,0.085000
comoros,1990,0.085000
comoros,1991,0.085000
comoros,1992,0.085000
comoros,1993,0.085000
comoros,1994,0.085000
comoros,1995,0.085000
comoros,1996,0.085000
comoros,1997,0.085000
comoros,1998,0.085000
comoros,1999,0.085000
comoros,2000,0.085000
comoros,2001,0.085000
comoros,2002,0.085000
comoros,2003,0.085000
comoros,2004,0.085000
comoros,2005,0.085000
comoros,2006,0.085000
comoros,2007,0.085000
comoros,2008,0.085000
comoros,2009,0.085000
comoros,2010,0.085000
comoros,2011,0.085000
comoros,2012,0.085000
comoros,2013,0.085000
comoros,2014,0.085000
comoros,2015,0.085000
comoros,2016,0.085000
comoros,2017,0.085000
comoros,2018,0.085000
comoros,2019,0.085000
comoros,2020,0.085000
comoros,2021,0.085000
comoros,2022,0.085000
costa_rica,1997,103.10
costa_rica,1998,102.92
costa_rica,1999,102.74
costa_rica,2000,102.57
costa_rica,2001,102.39
costa_rica,2002,102.21
costa_rica,2003,102.03
costa_rica,2004,101.86
costa_rica,2005,101.68
costa_rica,2006,101.50
costa_rica,2007,101.50
costa_rica,2008,101.50
costa_rica,2009,101.50
costa_rica,2010,101.50
costa_rica,2011,101.50
costa_rica,2012,101.50
costa_rica,2013,101.50
costa_rica,2014,101.50
costa_rica,2015,101.50
costa_rica,2016,101.50
costa_rica,2017,101.50
costa_rica,2018,101.50
costa_rica,2019,101.50
costa_rica,2020,101.50
costa_rica,2021,101.50
costa_rica,2022,101.50
cote_d_ivoire,1994,66.930
cote_d_ivoire,1995,66.930
cote_d_ivoire,1996,66.930
cote_d_ivoire,1997,66.930
cote_d_ivoire,1998,66.930
cote_d_ivoire,1999,66.930
cote_d_ivoire,2000,66.930
cote_d_ivoire,2001,66.930
cote_d_ivoire,2002,66.930
cote_d_ivoire,2003,66.930
cote_d_ivoire,2004,66.930
cote_d_ivoire,2005,66.930
cote_d_ivoire,2006,66.930
cote_d_ivoire,2007,66.930
cote_d_ivoire,2008,66.930
cote_d_ivoire,2009,66.930
cote_d_ivoire,2010,66.930
cote_d_ivoire,2011,66.930
cote_d_ivoire,2012,66.930
cote_d_ivoire,2013,66.930
cote_d_ivoire,2014,66.930
cote_d_ivoire,2015,66.930
cote_d_ivoire,2016,66.930
cote_d_ivoire,2017,66.930
cote_d_ivoire,2018,66.930
cote_d_ivoire,2019,66.930
cote_d_ivoire,2020,66.930
cote_d_ivoire,2021,66.930
cote_d_ivoire,2022,66.930
croatia,2007,8.6200
croatia,2008,10.573
croatia,2009,12.527
croatia,2010,14.480
croatia,2011,14.130
croatia,2012,13.780
croatia,2013,13.430
croatia,2014,12.310
croatia,2015,11.190
croatia,2016,10.070
croatia,2017,12.380
croatia,2018,14.690
croatia,2019,17.000
croatia,2020,16.982
croatia,2021,17.000
croatia,2022,19.000
cuba,1997,737.90
cuba,1998,721.49
cuba,1999,705.09
cuba,2000,688.68
cuba,2001,672.27
cuba,2002,655.87
cuba,2003,639.46
cuba,2004,623.05
cuba,2005,606.65
cuba,2006,590.24
cuba,2007,573.83
cuba,2008,557.43
cuba,2009,541.02
cuba,2010,524.61
cuba,2011,508.21
cuba,2012,491.80
cuba,2013,491.80
cuba,2014,491.80
cuba,2015,491.80
cuba,2016,491.80
cuba,2017,491.80
cuba,2018,491.80
cuba,2019,491.80
cuba,2020,491.80
cuba,2021,491.80
cuba,2022,491.80
cyprus,1994,33.390
cyprus,1995,34.484
cyprus,1996,35.577
cyprus,1997,36.671
cyprus,1998,37.765
cyprus,1999,38.858
cyprus,2000,39.952
cyprus,2001,41.045
cyprus,2002,42.139
cyprus,2003,43.233
cyprus,2004,44.326
cyprus,2005,45.420
cyprus,2006,38.340
cyprus,2007,31.260
cyprus,2008,30.270
cyprus,2009,29.280
cyprus,2010,28.290
cyprus,2011,27.083
cyprus,2012,25.877
cyprus,2013,24.670
cyprus,2014,24.277
cyprus,2015,23.883
cyprus,2016,23.490
cyprus,2017,24.270
cyprus,2018,25.051
cyprus,2019,25.831
cyprus,2020,26.612
cyprus,2021,26.612
cyprus,2022,26.612
czechia,2003,16.860
czechia,2004,17.090
czechia,2005,17.320
czechia,2006,18.615
czechia,2007,19.910
czechia,2008,19.673
czechia,2009,19.437
czechia,2010,19.200
czechia,2011,18.747
czechia,2012,18.293
czechia,2013,17.840
czechia,2014,20.223
czechia,2015,22.607
czechia,2016,24.990
czechia,2017,24.247
czechia,2018,23.505
czechia,2019,22.762
czechia,2020,22.020
czechia,2021,22.020
czechia,2022,22.020
democratic_republic_of_the_congo,1995,8.0000
democratic_republic_of_the_congo,1996,7.8600
democratic_republic_of_the_congo,1997,7.7200
democratic_republic_of_the_congo,1998,7.5800
democratic_republic_of_the_congo,1999,7.4400
democratic_republic_of_the_congo,2000,7.3000
democratic_republic_of_the_congo,2001,7.3000
democratic_republic_of_the_congo,2002,7.3000
democratic_republic_of_the_congo,2003,7.3000
democratic_republic_of_the_congo,2004,7.3000
democratic_republic_of_the_congo,2005,7.3000
democratic_republic_of_the_congo,2006,7.3000
democratic_republic_of_the_congo,2007,7.3000
democratic_republic_of_the_congo,2008,7.3000
democratic_republic_of_the_congo,2009,7.3000
democratic_republic_of_the_congo,2010,7.3000
democratic_republic_of_the_congo,2011,7.3000
democratic_republic_of_the_congo,2012,7.3000
democratic_republic_of_the_congo,2013,7.3000
democratic_republic_of_the_congo,2014,7.3000
democratic_republic_of_the_congo,2015,7.3000
democratic_republic_of_the_congo,2016,7.3000
democratic_republic_of_the_congo,2017,7.3000
democratic_republic_of_the_congo,2018,7.3000
democratic_republic_of_the_congo,2019,7.3000
democratic_republic_of_the_congo,2020,7.3000
democratic_republic_of_the_congo,2021,7.3000
democratic_republic_of_the_congo,2022,7.3000
denmark,2003,201.50
denmark,2004,231.60
denmark,2005,261.70
denmark,2006,257.90
denmark,2007,254.10
denmark,2008,276.13
denmark,2009,298.17
denmark,2010,320.20
denmark,2011,294.13
denmark,2012,268.07
denmark,2013,242.00
denmark,2014,193.85
denmark,2015,145.70
denmark,2016,215.90
denmark,2017,216.00
denmark,2018,228.79
denmark,2019,305.74
denmark,2020,235.89
denmark,2021,226.53
denmark,2022,241.80
djibouti,1975,0.053000
djibouti,1976,0.061143
djibouti,1977,0.069286
djibouti,1978,0.077429
djibouti,1979,0.085571
djibouti,1980,0.093714
djibouti,1981,0.10186
djibouti,1982,0.11000
djibouti,1983,0.15500
djibouti,1984,0.20000
djibouti,1985,0.37750
djibouti,1986,0.55500
djibouti,1987,0.48100
djibouti,1988,0.40700
djibouti,1989,0.40700
djibouti,1990,0.40510
djibouti,1991,0.40320
djibouti,1992,0.40130
djibouti,1993,0.39940
djibouti,1994,0.39750
djibouti,1995,0.39560
djibouti,1996,0.39370
djibouti,1997,0.39180
djibouti,1998,0.38990
djibouti,1999,0.38800
djibouti,2000,0.38800
djibouti,2001,0.38800
djibouti,2002,0.38800
djibouti,2003,0.38800
djibouti,2004,0.38800
djibouti,2005,0.38800
djibouti,2006,0.38800
djibouti,2007,0.38800
djibouti,2008,0.38800
djibouti,2009,0.38800
djibouti,2010,0.38800
djibouti,2011,0.38800
djibouti,2012,0.38800
djibouti,2013,0.38800
djibouti,2014,0.38800
djibouti,2015,0.38800
djibouti,2016,0.38800
djibouti,2017,0.38800
djibouti,2018,0.38800
djibouti,2019,0.38800
djibouti,2020,0.38800
djibouti,2021,0.38800
djibouti,2022,0.38800
dominican_republic,1999,269.70
dominican_republic,2000,259.00
dominican_republic,2001,248.30
dominican_republic,2002,237.60
dominican_republic,2003,226.90
dominican_republic,2004,216.20
dominican_republic,2005,222.74
dominican_republic,2006,229.27
dominican_republic,2007,235.81
dominican_republic,2008,242.34
dominican_republic,2009,248.88
dominican_republic,2010,255.41
dominican_republic,2011,261.95
dominican_republic,2012,268.48
dominican_republic,2013,275.02
dominican_republic,2014,281.55
dominican_republic,2015,288.09
dominican_republic,2016,294.62
dominican_republic,2017,301.16
dominican_republic,2018,307.69
dominican_republic,2019,307.69
dominican_republic,2020,307.69
dominican_republic,2021,307.69
dominican_republic,2022,307.69
eastern_and_south_eastern_asia,2000,59457
eastern_and_south_eastern_asia,2001,60541
eastern_and_south_eastern_asia,2002,61665
eastern_and_south_eastern_asia,2003,62759
eastern_and_south_eastern_asia,2004,63732
eastern_and_south_eastern_asia,2005,64857
eastern_and_south_eastern_asia,2006,65658
eastern_and_south_eastern_asia,2007,71346
eastern_and_south_eastern_asia,2008,71974
eastern_and_south_eastern_asia,2009,73409
eastern_and_south_eastern_asia,2010,74038
eastern_and_south_eastern_asia,2011,74666
eastern_and_south_eastern_asia,2012,75295
eastern_and_south_eastern_asia,2013,75923
eastern_and_south_eastern_asia,2014,79659
eastern_and_south_eastern_asia,2015,83395
eastern_and_south_eastern_asia,2016,84687
eastern_and_south_eastern_asia,2017,85341
eastern_and_south_eastern_asia,2018,85762
eastern_and_south_eastern_asia,2019,86139
eastern_and_south_eastern_asia,2020,86608
eastern_and_south_eastern_asia,2021,86601
eastern_and_south_eastern_asia,2022,86601
eastern_asia,2000,52106
eastern_asia,2001,52902
eastern_asia,2002,53698
eastern_asia,2003,54494
eastern_asia,2004,55290
eastern_asia,2005,56086
eastern_asia,2006,56882
eastern_asia,2007,57518
eastern_asia,2008,58154
eastern_asia,2009,59597
eastern_asia,2010,60233
eastern_asia,2011,60869
eastern_asia,2012,61506
eastern_asia,2013,62142
eastern_asia,2014,65886
eastern_asia,2015,69629
eastern_asia,2016,70929
eastern_asia,2017,71591
eastern_asia,2018,72034
eastern_asia,2019,72430
eastern_asia,2020,72899
eastern_asia,2021,72893
eastern_asia,2022,72893
ecuador,1997,613.00
ecuador,1998,615.30
ecuador,1999,617.60
ecuador,2000,619.90
ecuador,2001,652.11
ecuador,2002,684.32
ecuador,2003,716.53
ecuador,2004,748.74
ecuador,2005,780.95
ecuador,2006,813.16
ecuador,2007,845.37
ecuador,2008,877.58
ecuador,2009,909.79
ecuador,2010,942.00
ecuador,2011,942.00
ecuador,2012,942.00
ecuador,2013,942.00
ecuador,2014,942.00
ecuador,2015,942.00
ecuador,2016,942.00
ecuador,2017,942.00
ecuador,2018,942.00
ecuador,2019,942.00
ecuador,2020,942.00
ecuador,2021,942.00
ecuador,2022,942.00
egypt,1990,2585.0
egypt,1991,2805.3
egypt,1992,3025.7
egypt,1993,3246.0
egypt,1994,3265.6
egypt,1995,3285.1
egypt,1996,3304.7
egypt,1997,3324.2
egypt,1998,3343.8
egypt,1999,3363.3
egypt,2000,3382.9
egypt,2001,3402.4
egypt,2002,3422.0
egypt,2003,3422.0
egypt,2004,3422.0
egypt,2005,3422.0
egypt,2006,3422.0
egypt,2007,3422.0
egypt,2008,3422.0
egypt,2009,3422.0
egypt,2010,3422.0
egypt,2011,3422.0
egypt,2012,3422.0
egypt,2013,3422.0
egypt,2014,3422.0
egypt,2015,3422.0
egypt,2016,3422.0
egypt,2017,3422.0
egypt,2018,3422.0
egypt,2019,3422.0
egypt,2020,3422.0
egypt,2021,3422.0
egypt,2022,3422.0
el_salvador,2012,33.840
el_salvador,2013,31.917
el_salvador,2014,29.993
el_salvador,2015,28.070
el_salvador,2016,26.147
el_salvador,2017,24.223
el_salvador,2018,22.300
el_salvador,2019,25.400
el_salvador,2020,25.400
el_salvador,2021,25.400
el_salvador,2022,25.400
eritrea,1993,13.490
eritrea,1994,13.490
eritrea,1995,13.490
eritrea,1996,13.490
eritrea,1997,13.490
eritrea,1998,13.490
eritrea,1999,13.490
eritrea,2000,13.490
eritrea,2001,13.490
eritrea,2002,13.490
eritrea,2003,13.490
eritrea,2004,13.490
eritrea,2005,13.490
eritrea,2006,13.490
eritrea,2007,13.490
eritrea,2008,13.490
eritrea,2009,13.490
eritrea,2010,13.490
eritrea,2011,13.490
eritrea,2012,13.490
eritrea,2013,13.490
eritrea,2014,13.490
eritrea,2015,13.490
eritrea,2016,13.490
eritrea,2017,13.490
eritrea,2018,13.490
eritrea,2019,13.490
eritrea,2020,13.490
eritrea,2021,13.490
eritrea,2022,13.490
estonia,1995,1.6220
estonia,1996,1.5198
estonia,1997,1.4176
estonia,1998,1.3154
estonia,1999,1.2132
estonia,2000,1.1110
estonia,2001,1.0088
estonia,2002,0.90660
estonia,2003,0.80440
estonia,2004,0.70220
estonia,2005,0.60000
estonia,2006,0.54520
estonia,2007,0.49040
estonia,2008,0.43560
estonia,2009,0.38080
estonia,2010,0.32600
estonia,2011,0.32067
estonia,2012,0.31533
estonia,2013,0.31000
estonia,2014,0.85000
estonia,2015,1.3900
estonia,2016,1.9300
estonia,2017,1.9300
estonia,2018,1.9300
estonia,2019,1.9300
estonia,2020,1.9300
estonia,2021,1.9300
estonia,2022,1.9300
eswatini,2002,44.840
eswatini,2003,44.840
eswatini,2004,44.840
eswatini,2005,44.840
eswatini,2006,44.840
eswatini,2007,44.840
eswatini,2008,44.840
eswatini,2009,44.840
eswatini,2010,44.840
eswatini,2011,44.840
eswatini,2012,44.840
eswatini,2013,44.840
eswatini,2014,44.840
eswatini,2015,44.840
eswatini,2016,44.840
eswatini,2017,44.840
eswatini,2018,44.840
eswatini,2019,44.840
eswatini,2020,44.840
eswatini,2021,44.840
eswatini,2022,44.840
europe,2000,7757.3
europe,2001,7249.5
europe,2002,7341.6
europe,2003,9976.2
europe,2004,9400.3
europe,2005,12473
europe,2006,12350
europe,2007,12313
europe,2008,12085
europe,2009,11933
europe,2010,11728
europe,2011,12192
europe,2012,12668
europe,2013,12301
europe,2014,12285
europe,2015,12472
europe,2016,12588
europe,2017,13185
europe,2018,13534
europe,2019,13555
europe,2020,10985
europe,2021,10646
europe,2022,11118
europe_and_northern_america,2000,30299
europe_and_northern_america,2001,29713
europe_and_northern_america,2002,29726
europe_and_northern_america,2003,32464
europe_and_northern_america,2004,31993
europe_and_northern_america,2005,35169
europe_and_northern_america,2006,35997
europe_and_northern_america,2007,35985
europe_and_northern_america,2008,35001
europe_and_northern_america,2009,34860
europe_and_northern_america,2010,34666
europe_and_northern_america,2011,35252
europe_and_northern_america,2012,35849
europe_and_northern_america,2013,35276
europe_and_northern_america,2014,35258
europe_and_northern_america,2015,35497
europe_and_northern_america,2016,35665
europe_and_northern_america,2017,37353
europe_and_northern_america,2018,36864
europe_and_northern_america,2019,36842
europe_and_northern_america,2020,34230
europe_and_northern_america,2021,33967
europe_and_northern_america,2022,34515
fiji,2003,4.0000
fiji,2004,4.0000
fiji,2005,4.0000
fiji,2006,4.0000
fiji,2007,4.0000
fiji,2008,4.0000
fiji,2009,4.0000
fiji,2010,4.0000
fiji,2011,4.0000
fiji,2012,4.0000
fiji,2013,4.0000
fiji,2014,4.0000
fiji,2015,4.0000
fiji,2016,4.0000
fiji,2017,4.0000
fiji,2018,4.0000
fiji,2019,4.0000
fiji,2020,4.0000
fiji,2021,4.0000
fiji,2022,4.0000
finland,2005,0.0000
finland,2006,0.0000
finland,2007,0.0000
finland,2008,5.0067
finland,2009,10.013
finland,2010,15.020
finland,2011,13.183
finland,2012,11.347
finland,2013,9.5100
finland,2014,8.9700
finland,2015,8.4300
finland,2016,7.8900
finland,2017,4.0000
finland,2018,4.0000
finland,2019,4.0000
finland,2020,4.0000
finland,2021,4.0000
finland,2022,4.0000
france,2003,1939.0
france,2004,1818.2
france,2005,1697.4
france,2006,1604.5
france,2007,1511.7
france,2008,1535.7
france,2009,1559.7
france,2010,1583.6
france,2011,1530.3
france,2012,1477.0
france,2013,1423.6
france,2014,1408.2
france,2015,1392.9
france,2016,1377.5
france,2017,1489.6
france,2018,1601.7
france,2019,1713.9
france,2020,1826.0
france,2021,1826.0
france,2022,1826.0
gambia,1991,1.0800
gambia,1992,1.0800
gambia,1993,1.0800
gambia,1994,1.0800
gambia,1995,1.0800
gambia,1996,1.0800
gambia,1997,1.0800
gambia,1998,1.0800
gambia,1999,1.0800
gambia,2000,1.0800
gambia,2001,1.0800
gambia,2002,1.0800
gambia,2003,1.0800
gambia,2004,1.0800
gambia,2005,1.0800
gambia,2006,1.0800
gambia,2007,1.0800
gambia,2008,1.0800
gambia,2009,1.0800
gambia,2010,1.0800
gambia,2011,1.0800
gambia,2012,1.0800
gambia,2013,1.0800
gambia,2014,1.0800
gambia,2015,1.0800
gambia,2016,1.0800
gambia,2017,1.0800
gambia,2018,1.0800
gambia,2019,1.0800
gambia,2020,1.0800
gambia,2021,1.0800
gambia,2022,1.0800
georgia,1992,251.33
georgia,1993,238.67
georgia,1994,226.00
georgia,1995,213.33
georgia,1996,200.67
georgia,1997,188.00
georgia,1998,175.33
georgia,1999,162.67
georgia,2000,150.00
georgia,2001,143.39
georgia,2002,136.78
georgia,2003,130.17
georgia,2004,123.56
georgia,2005,116.95
georgia,2006,110.34
georgia,2007,103.74
georgia,2008,97.126
georgia,2009,90.517
georgia,2010,83.908
georgia,2011,77.299
georgia,2012,70.690
georgia,2013,64.081
georgia,2014,57.471
georgia,2015,50.862
georgia,2016,44.253
georgia,2017,47.475
georgia,2018,46.575
georgia,2019,56.093
georgia,2020,70.756
georgia,2021,60.996
georgia,2022,69.048
germany,2006,234.60
germany,2007,269.15
germany,2008,303.70
germany,2009,338.25
germany,2010,372.80
germany,2011,370.40
germany,2012,367.99
germany,2013,365.59
germany,2014,408.69
germany,2015,451.80
germany,2016,451.73
germany,2017,469.98
germany,2018,488.23
germany,2019,506.48
germany,2020,506.48
germany,2021,530.24
germany,2022,554.00
ghana,1994,3.8880
ghana,1995,7.8917
ghana,1996,11.895
ghana,1997,15.899
ghana,1998,19.903
ghana,1999,23.906
ghana,2000,27.910
ghana,2001,28.146
ghana,2002,28.382
ghana,2003,28.618
ghana,2004,28.854
ghana,2005,29.090
ghana,2006,29.326
ghana,2007,29.562
ghana,2008,29.798
ghana,2009,30.034
ghana,2010,30.270
ghana,2011,30.270
ghana,2012,30.270
ghana,2013,30.270
ghana,2014,30.270
ghana,2015,30.270
ghana,2016,30.270
ghana,2017,30.270
ghana,2018,30.270
ghana,2019,30.270
ghana,2020,30.270
ghana,2021,30.270
ghana,2022,30.270
greece,1990,933.00
greece,1991,976.67
greece,1992,1020.3
greece,1993,1064.0
greece,1994,1103.0
greece,1995,1142.0
greece,1996,1152.5
greece,1997,1163.0
greece,1998,1162.3
greece,1999,1161.7
greece,2000,1161.0
greece,2001,1205.3
greece,2002,1249.7
greece,2003,1294.0
greece,2004,1303.5
greece,2005,1313.0
greece,2006,1296.5
greece,2007,1280.0
greece,2008,1195.0
greece,2009,1110.0
greece,2010,1025.0
greece,2011,1071.7
greece,2012,1118.3
greece,2013,1165.0
greece,2014,1135.0
greece,2015,1104.9
greece,2016,1074.9
greece,2017,1046.6
greece,2018,1018.2
greece,2019,989.82
greece,2020,961.45
greece,2021,961.45
greece,2022,961.45
grenada,2008,0.36500
grenada,2009,0.36500
grenada,2010,0.36500
grenada,2011,0.36500
grenada,2012,0.36500
grenada,2013,0.36500
grenada,2014,0.36500
grenada,2015,0.36500
grenada,2016,0.36500
grenada,2017,0.36500
grenada,2018,0.36500
grenada,2019,0.36500
grenada,2020,0.36500
grenada,2021,0.36500
grenada,2022,0.36500
guatemala,1997,129.80
guatemala,1998,160.18
guatemala,1999,190.57
guatemala,2000,220.95
guatemala,2001,251.33
guatemala,2002,281.72
guatemala,2003,312.10
guatemala,2004,312.10
guatemala,2005,312.10
guatemala,2006,312.10
guatemala,2007,312.10
guatemala,2008,312.10
guatemala,2009,312.10
guatemala,2010,312.10
guatemala,2011,312.10
guatemala,2012,312.10
guatemala,2013,312.10
guatemala,2014,312.10
guatemala,2015,312.10
guatemala,2016,312.10
guatemala,2017,312.10
guatemala,2018,312.10
guatemala,2019,312.10
guatemala,2020,312.10
guatemala,2021,312.10
guatemala,2022,312.10
guinea,2000,94.910
guinea,2001,94.910
guinea,2002,90.988
guinea,2003,87.066
guinea,2004,83.144
guinea,2005,79.222
guinea,2006,75.299
guinea,2007,71.377
guinea,2008,67.455
guinea,2009,63.533
guinea,2010,59.611
guinea,2011,55.689
guinea,2012,51.767
guinea,2013,47.845
guinea,2014,43.923
guinea,2015,40.001
guinea,2016,36.078
guinea,2017,32.156
guinea,2018,28.234
guinea,2019,24.312
guinea,2020,20.390
guinea,2021,20.390
guinea,2022,20.390
guinea_bissau,1994,17.110
guinea_bissau,1995,19.835
guinea_bissau,1996,22.560
guinea_bissau,1997,22.560
guinea_bissau,1998,22.560
guinea_bissau,1999,22.560
guinea_bissau,2000,22.560
guinea_bissau,2001,22.560
guinea_bissau,2002,22.560
guinea_bissau,2003,22.560
guinea_bissau,2004,22.560
guinea_bissau,2005,22.560
guinea_bissau,2006,22.560
guinea_bissau,2007,22.560
guinea_bissau,2008,22.560
guinea_bissau,2009,22.560
guinea_bissau,2010,22.560
guinea_bissau,2011,22.560
guinea_bissau,2012,22.560
guinea_bissau,2013,22.560
guinea_bissau,2014,22.560
guinea_bissau,2015,22.560
guinea_bissau,2016,22.560
guinea_bissau,2017,22.560
guinea_bissau,2018,22.560
guinea_bissau,2019,22.560
guinea_bissau,2020,22.560
guinea_bissau,2021,22.560
guinea_bissau,2022,22.560
guyana,2010,127.50
guyana,2011,127.50
guyana,2012,127.50
guyana,2013,127.50
guyana,2014,127.50
guyana,2015,127.50
guyana,2016,127.50
guyana,2017,127.50
guyana,2018,127.50
guyana,2019,127.50
guyana,2020,127.50
guyana,2021,127.50
guyana,2022,127.50
haiti,1991,65.420
haiti,1992,66.083
haiti,1993,66.745
haiti,1994,67.408
haiti,1995,68.071
haiti,1996,68.734
haiti,1997,69.396
haiti,1998,70.059
haiti,1999,70.722
haiti,2000,71.385
haiti,2001,72.047
haiti,2002,72.710
haiti,2003,73.373
haiti,2004,74.035
haiti,2005,74.698
haiti,2006,75.361
haiti,2007,76.024
haiti,2008,76.686
haiti,2009,77.349
haiti,2010,78.012
haiti,2011,78.675
haiti,2012,79.337
haiti,2013,80.000
haiti,2014,80.000
haiti,2015,80.000
haiti,2016,80.000
haiti,2017,80.000
haiti,2018,80.000
haiti,2019,80.000
haiti,2020,80.000
haiti,2021,80.000
haiti,2022,80.000
honduras,1991,54.910
honduras,1992,56.819
honduras,1993,58.727
honduras,1994,60.636
honduras,1995,62.544
honduras,1996,64.453
honduras,1997,66.361
honduras,1998,68.270
honduras,1999,70.179
honduras,2000,72.087
honduras,2001,73.996
honduras,2002,75.904
honduras,2003,77.813
honduras,2004,79.721
honduras,2005,81.630
honduras,2006,81.630
honduras,2007,81.630
honduras,2008,81.630
honduras,2009,81.630
honduras,2010,81.630
honduras,2011,81.630
honduras,2012,81.630
honduras,2013,81.630
honduras,2014,81.630
honduras,2015,81.630
honduras,2016,81.630
honduras,2017,81.630
honduras,2018,81.630
honduras,2019,81.630
honduras,2020,81.630
honduras,2021,81.630
honduras,2022,81.630
hungary,2000,67.100
hungary,2001,94.300
hungary,2002,121.50
hungary,2003,148.70
hungary,2004,111.92
hungary,2005,75.140
hungary,2006,81.380
hungary,2007,87.620
hungary,2008,90.990
hungary,2009,94.360
hungary,2010,97.730
hungary,2011,101.10
hungary,2012,124.80
hungary,2013,118.80
hungary,2014,99.320
hungary,2015,100.01
hungary,2016,100.71
hungary,2017,101.40
hungary,2018,96.849
hungary,2019,101.10
hungary,2020,111.90
hungary,2021,110.50
hungary,2022,133.12
india,1962,24880
india,1963,25286
india,1964,25692
india,1965,26098
india,1966,26504
india,1967,26910
india,1968,27838
india,1969,28766
india,1970,29694
india,1971,30622
india,1972,31550
india,1973,32270
india,1974,32990
india,1975,33710
india,1976,34430
india,1977,35150
india,1978,36220
india,1979,37290
india,1980,38360
india,1981,39430
india,1982,40500
india,1983,40914
india,1984,41328
india,1985,41742
india,1986,42156
india,1987,42570
india,1988,43805
india,1989,45039
india,1990,46235
india,1991,47430
india,1992,48500
india,1993,49570
india,1994,50640
india,1995,51710
india,1996,52780
india,1997,53850
india,1998,54920
india,1999,55990
india,2000,57060
india,2001,58130
india,2002,58399
india,2003,58668
india,2004,58937
india,2005,59206
india,2006,60233
india,2007,61259
india,2008,62286
india,2009,63049
india,2010,63813
india,2011,64576
india,2012,65340
india,2013,66103
india,2014,66103
india,2015,66103
india,2016,66103
india,2017,66103
india,2018,66103
india,2019,66103
india,2020,66103
india,2021,66103
india,2022,66103
iran_islamic_republic_of,1993,7264.0
iran_islamic_republic_of,1994,7199.3
iran_islamic_republic_of,1995,7134.6
iran_islamic_republic_of,1996,7069.9
iran_islamic_republic_of,1997,7005.2
iran_islamic_republic_of,1998,6940.5
iran_islamic_republic_of,1999,6875.8
iran_islamic_republic_of,2000,6811.2
iran_islamic_republic_of,2001,6746.5
iran_islamic_republic_of,2002,6681.8
iran_islamic_republic_of,2003,6617.1
iran_islamic_republic_of,2004,6552.4
iran_islamic_republic_of,2005,6487.7
iran_islamic_republic_of,2006,6423.0
iran_islamic_republic_of,2007,6423.0
iran_islamic_republic_of,2008,6423.0
iran_islamic_republic_of,2009,6423.0
iran_islamic_republic_of,2010,6423.0
iran_islamic_republic_of,2011,6423.0
iran_islamic_republic_of,2012,6423.0
iran_islamic_republic_of,2013,6423.0
iran_islamic_republic_of,2014,6423.0
iran_islamic_republic_of,2015,6423.0
iran_islamic_republic_of,2016,6423.0
iran_islamic_republic_of,2017,6423.0
iran_islamic_republic_of,2018,6423.0
iran_islamic_republic_of,2019,6423.0
iran_islamic_republic_of,2020,6423.0
iran_islamic_republic_of,2021,6423.0
iran_islamic_republic_of,2022,6423.0
iraq,1990,1935.0
iraq,1991,1935.0
iraq,1992,1935.0
iraq,1993,1935.0
iraq,1994,1935.0
iraq,1995,1935.0
iraq,1996,1935.0
iraq,1997,1935.0
iraq,1998,1935.0
iraq,1999,1935.0
iraq,2000,1935.0
iraq,2001,1935.0
iraq,2002,1935.0
iraq,2003,1935.0
iraq,2004,1935.0
iraq,2005,1935.0
iraq,2006,1935.0
iraq,2007,1935.0
iraq,2008,1935.0
iraq,2009,1935.0
iraq,2010,1935.0
iraq,2011,1935.0
iraq,2012,1935.0
iraq,2013,1935.0
iraq,2014,1935.0
iraq,2015,1935.0
iraq,2016,1935.0
iraq,2017,1935.0
iraq,2018,1935.0
iraq,2019,1935.0
iraq,2020,1935.0
iraq,2021,1935.0
iraq,2022,1935.0
ireland,1998,1.1000
ireland,1999,0.94286
ireland,2000,0.78571
ireland,2001,0.62857
ireland,2002,0.47143
ireland,2003,0.31429
ireland,2004,0.15714
ireland,2005,0.0000
ireland,2006,0.0000
ireland,2007,0.0000
ireland,2008,0.0000
ireland,2009,0.0000
ireland,2010,0.0000
ireland,2011,0.0000
ireland,2012,0.0000
ireland,2013,0.0000
ireland,2014,0.0000
ireland,2015,0.0000
ireland,2016,0.0000
ireland,2017,0.0000
ireland,2018,0.0000
ireland,2019,0.0000
ireland,2020,0.0000
ireland,2021,0.0000
ireland,2022,0.0000
israel,2006,181.50
israel,2007,186.79
israel,2008,192.08
israel,2009,197.37
israel,2010,202.66
israel,2011,207.95
israel,2012,213.25
israel,2013,218.54
israel,2014,223.83
israel,2015,229.12
israel,2016,234.41
israel,2017,239.70
israel,2018,239.70
israel,2019,239.70
israel,2020,239.70
israel,2021,239.70
israel,2022,239.70
italy,1990,2697.0
italy,1991,2681.0
italy,1992,2665.0
italy,1993,2649.0
italy,1994,2673.5
italy,1995,2698.0
italy,1996,3168.5
italy,1997,3639.0
italy,1998,3243.7
italy,1999,2848.3
italy,2000,2453.0
italy,2001,2471.0
italy,2002,2602.0
italy,2003,2733.0
italy,2004,2673.0
italy,2005,2613.0
italy,2006,2639.5
italy,2007,2666.0
italy,2008,2580.0
italy,2009,2494.0
italy,2010,2408.0
italy,2011,2560.7
italy,2012,2713.3
italy,2013,2866.0
italy,2014,2761.7
italy,2015,2657.3
italy,2016,2553.0
italy,2017,2895.0
italy,2018,3132.0
italy,2019,2967.0
italy,2020,2.5820
italy,2021,2.8670
italy,2022,2.8670
jamaica,1997,25.220
jamaica,1998,25.640
jamaica,1999,26.060
jamaica,2000,26.480
jamaica,2001,26.900
jamaica,2002,27.320
jamaica,2003,27.740
jamaica,2004,28.160
jamaica,2005,28.580
jamaica,2006,29.000
jamaica,2007,29.420
jamaica,2008,29.840
jamaica,2009,30.260
jamaica,2010,30.680
jamaica,2011,30.680
jamaica,2012,30.680
jamaica,2013,30.680
jamaica,2014,30.680
jamaica,2015,30.680
jamaica,2016,30.680
jamaica,2017,30.680
jamaica,2018,30.680
jamaica,2019,30.680
jamaica,2020,30.680
jamaica,2021,30.680
jamaica,2022,30.680
japan,1990,3012.0
japan,1991,3050.7
japan,1992,3089.3
japan,1993,3128.0
japan,1994,3087.4
japan,1995,3046.8
japan,1996,3006.2
japan,1997,2965.5
japan,1998,2924.9
japan,1999,2884.3
japan,2000,2843.7
japan,2001,2803.1
japan,2002,2762.5
japan,2003,2721.8
japan,2004,2681.2
japan,2005,2640.6
japan,2006,2600.0
japan,2007,2631.9
japan,2008,2663.9
japan,2009,2695.8
japan,2010,2727.7
japan,2011,2759.6
japan,2012,2791.6
japan,2013,2823.5
japan,2014,2855.4
japan,2015,2887.3
japan,2016,2919.3
japan,2017,2905.7
japan,2018,2893.4
japan,2019,2881.9
japan,2020,2869.2
japan,2021,2862.9
japan,2022,2862.9
jordan,2006,76.200
jordan,2007,76.880
jordan,2008,77.561
jordan,2009,78.242
jordan,2010,78.922
jordan,2011,79.603
jordan,2012,80.283
jordan,2013,80.963
jordan,2014,81.644
jordan,2015,82.325
jordan,2016,83.005
jordan,2017,83.686
jordan,2018,84.366
jordan,2019,80.056
jordan,2020,80.056
jordan,2021,80.056
jordan,2022,80.056
kazakhstan,2010,1265.0
kazakhstan,2011,1277.3
kazakhstan,2012,1289.7
kazakhstan,2013,1302.0
kazakhstan,2014,1314.3
kazakhstan,2015,1326.7
kazakhstan,2016,1339.0
kazakhstan,2017,1303.0
kazakhstan,2018,1255.0
kazakhstan,2019,1194.0
kazakhstan,2020,1255.0
kazakhstan,2021,1177.0
kazakhstan,2022,1144.0
kenya,1992,66.610
kenya,1993,69.391
kenya,1994,72.172
kenya,1995,74.953
kenya,1996,77.734
kenya,1997,80.515
kenya,1998,83.295
kenya,1999,86.076
kenya,2000,88.857
kenya,2001,91.638
kenya,2002,94.419
kenya,2003,97.200
kenya,2004,97.200
kenya,2005,97.200
kenya,2006,97.200
kenya,2007,97.200
kenya,2008,97.200
kenya,2009,97.200
kenya,2010,97.200
kenya,2011,97.200
kenya,2012,97.200
kenya,2013,97.200
kenya,2014,97.200
kenya,2015,97.200
kenya,2016,97.200
kenya,2017,97.200
kenya,2018,97.200
kenya,2019,97.200
kenya,2020,97.200
kenya,2021,97.200
kenya,2022,97.200
kuwait,1994,4.7700
kuwait,1995,5.0233
kuwait,1996,5.2767
kuwait,1997,5.5300
kuwait,1998,5.7833
kuwait,1999,6.0367
kuwait,2000,6.2900
kuwait,2001,6.5433
kuwait,2002,6.7967
kuwait,2003,7.0500
kuwait,2004,8.0800
kuwait,2005,9.1100
kuwait,2006,10.140
kuwait,2007,10.129
kuwait,2008,10.118
kuwait,2009,10.107
kuwait,2010,10.096
kuwait,2011,10.084
kuwait,2012,10.073
kuwait,2013,10.062
kuwait,2014,10.051
kuwait,2015,10.040
kuwait,2016,9.9460
kuwait,2017,11.700
kuwait,2018,11.700
kuwait,2019,11.700
kuwait,2020,11.700
kuwait,2021,11.700
kuwait,2022,11.700
kyrgyzstan,1994,1077.0
kyrgyzstan,1995,1071.9
kyrgyzstan,1996,1066.8
kyrgyzstan,1997,1061.7
kyrgyzstan,1998,1056.6
kyrgyzstan,1999,1051.5
kyrgyzstan,2000,1046.5
kyrgyzstan,2001,1041.4
kyrgyzstan,2002,1036.3
kyrgyzstan,2003,1031.2
kyrgyzstan,2004,1026.1
kyrgyzstan,2005,1021.0
kyrgyzstan,2006,1020.8
kyrgyzstan,2007,1020.5
kyrgyzstan,2008,1020.3
kyrgyzstan,2009,1020.0
kyrgyzstan,2010,1019.0
kyrgyzstan,2011,1021.0
kyrgyzstan,2012,1021.0
kyrgyzstan,2013,1021.0
kyrgyzstan,2014,1021.0
kyrgyzstan,2015,1021.0
kyrgyzstan,2016,1021.0
kyrgyzstan,2017,1021.0
kyrgyzstan,2018,1021.0
kyrgyzstan,2019,1021.0
kyrgyzstan,2020,1021.0
kyrgyzstan,2021,1021.0
kyrgyzstan,2022,1021.0
land_locked_developing_countries,2000,12426
land_locked_developing_countries,2001,12547
land_locked_developing_countries,2002,12570
land_locked_developing_countries,2003,12152
land_locked_developing_countries,2004,12996
land_locked_developing_countries,2005,12385
land_locked_developing_countries,2006,12547
land_locked_developing_countries,2007,12609
land_locked_developing_countries,2008,12542
land_locked_developing_countries,2009,12473
land_locked_developing_countries,2010,13375
land_locked_developing_countries,2011,13489
land_locked_developing_countries,2012,13821
land_locked_developing_countries,2013,13916
land_locked_developing_countries,2014,14008
land_locked_developing_countries,2015,14183
land_locked_developing_countries,2016,14239
land_locked_developing_countries,2017,14230
land_locked_developing_countries,2018,14168
land_locked_developing_countries,2019,14110
land_locked_developing_countries,2020,14191
land_locked_developing_countries,2021,14156
land_locked_developing_countries,2022,14130
lao_people_s_democratic_republic,1990,126.70
lao_people_s_democratic_republic,1991,128.98
lao_people_s_democratic_republic,1992,131.26
lao_people_s_democratic_republic,1993,133.54
lao_people_s_democratic_republic,1994,135.82
lao_people_s_democratic_republic,1995,138.10
lao_people_s_democratic_republic,1996,169.58
lao_people_s_democratic_republic,1997,201.06
lao_people_s_democratic_republic,1998,232.54
lao_people_s_democratic_republic,1999,264.02
lao_people_s_democratic_republic,2000,295.50
lao_people_s_democratic_republic,2001,297.07
lao_people_s_democratic_republic,2002,298.63
lao_people_s_democratic_republic,2003,300.20
lao_people_s_democratic_republic,2004,180.50
lao_people_s_democratic_republic,2005,270.70
lao_people_s_democratic_republic,2006,284.73
lao_people_s_democratic_republic,2007,298.75
lao_people_s_democratic_republic,2008,312.77
lao_people_s_democratic_republic,2009,326.80
lao_people_s_democratic_republic,2010,340.82
lao_people_s_democratic_republic,2011,354.85
lao_people_s_democratic_republic,2012,368.88
lao_people_s_democratic_republic,2013,382.90
lao_people_s_democratic_republic,2014,396.93
lao_people_s_democratic_republic,2015,410.95
lao_people_s_democratic_republic,2016,424.98
lao_people_s_democratic_republic,2017,439.00
lao_people_s_democratic_republic,2018,438.42
lao_people_s_democratic_republic,2019,440.99
lao_people_s_democratic_republic,2020,440.99
lao_people_s_democratic_republic,2021,440.99
lao_people_s_democratic_republic,2022,440.99
latin_america_and_the_caribbean,2000,15074
latin_america_and_the_caribbean,2001,15342
latin_america_and_the_caribbean,2002,15610
latin_america_and_the_caribbean,2003,15959
latin_america_and_the_caribbean,2004,16277
latin_america_and_the_caribbean,2005,16634
latin_america_and_the_caribbean,2006,16968
latin_america_and_the_caribbean,2007,18373
latin_america_and_the_caribbean,2008,18730
latin_america_and_the_caribbean,2009,19020
latin_america_and_the_caribbean,2010,19438
latin_america_and_the_caribbean,2011,20093
latin_america_and_the_caribbean,2012,20271
latin_america_and_the_caribbean,2013,20273
latin_america_and_the_caribbean,2014,20279
latin_america_and_the_caribbean,2015,20291
latin_america_and_the_caribbean,2016,20316
latin_america_and_the_caribbean,2017,20341
latin_america_and_the_caribbean,2018,20317
latin_america_and_the_caribbean,2019,20322
latin_america_and_the_caribbean,2020,20257
latin_america_and_the_caribbean,2021,20015
latin_america_and_the_caribbean,2022,19990
latvia,2005,0.0000
latvia,2006,0.31000
latvia,2007,0.62000
latvia,2008,0.65000
latvia,2009,0.68000
latvia,2010,0.71000
latvia,2011,0.61000
latvia,2012,0.51000
latvia,2013,0.41000
latvia,2014,0.47000
latvia,2015,0.53000
latvia,2016,0.59000
latvia,2017,0.59250
latvia,2018,0.59500
latvia,2019,0.74500
latvia,2020,0.89500
latvia,2021,0.89500
latvia,2022,0.89500
least_developed_countries,2000,9447.2
least_developed_countries,2001,9664.9
least_developed_countries,2002,9788.1
least_developed_countries,2003,9477.3
least_developed_countries,2004,10429
least_developed_countries,2005,9869.0
least_developed_countries,2006,10033
least_developed_countries,2007,10150
least_developed_countries,2008,10127
least_developed_countries,2009,10089
least_developed_countries,2010,9756.7
least_developed_countries,2011,9832.5
least_developed_countries,2012,9195.2
least_developed_countries,2013,9237.5
least_developed_countries,2014,9271.1
least_developed_countries,2015,9369.8
least_developed_countries,2016,9373.6
least_developed_countries,2017,9387.2
least_developed_countries,2018,9386.3
least_developed_countries,2019,9388.5
least_developed_countries,2020,9388.1
least_developed_countries,2021,9407.6
least_developed_countries,2022,9408.9
lebanon,1998,90.000
lebanon,1999,90.000
lebanon,2000,90.000
lebanon,2001,90.000
lebanon,2002,90.000
lebanon,2003,90.000
lebanon,2004,90.000
lebanon,2005,90.000
lebanon,2006,90.000
lebanon,2007,90.000
lebanon,2008,90.000
lebanon,2009,90.000
lebanon,2010,90.000
lebanon,2011,90.000
lebanon,2012,90.000
lebanon,2013,90.000
lebanon,2014,90.000
lebanon,2015,90.000
lebanon,2016,90.000
lebanon,2017,90.000
lebanon,2018,90.000
lebanon,2019,90.000
lebanon,2020,90.000
lebanon,2021,90.000
lebanon,2022,90.000
lesotho,1994,0.20300
lesotho,1995,0.17580
lesotho,1996,0.14860
lesotho,1997,0.12140
lesotho,1998,0.094200
lesotho,1999,0.067000
lesotho,2000,0.067000
lesotho,2001,0.067000
lesotho,2002,0.067000
lesotho,2003,0.067000
lesotho,2004,0.067000
lesotho,2005,0.067000
lesotho,2006,0.067000
lesotho,2007,0.067000
lesotho,2008,0.067000
lesotho,2009,0.067000
lesotho,2010,0.067000
lesotho,2011,0.067000
lesotho,2012,0.067000
lesotho,2013,0.067000
lesotho,2014,0.067000
lesotho,2015,0.067000
lesotho,2016,0.067000
lesotho,2017,0.067000
lesotho,2018,0.067000
lesotho,2019,0.067000
lesotho,2020,0.067000
lesotho,2021,0.067000
lesotho,2022,0.067000
libya,1990,240.00
libya,1991,247.60
libya,1992,255.20
libya,1993,262.80
libya,1994,270.40
libya,1995,278.00
libya,1996,285.60
libya,1997,293.20
libya,1998,300.80
libya,1999,308.40
libya,2000,316.00
libya,2001,316.00
libya,2002,316.00
libya,2003,316.00
libya,2004,316.00
libya,2005,316.00
libya,2006,316.00
libya,2007,316.00
libya,2008,316.00
libya,2009,316.00
libya,2010,316.00
libya,2011,316.00
libya,2012,316.00
libya,2013,316.00
libya,2014,316.00
libya,2015,316.00
libya,2016,316.00
libya,2017,316.00
libya,2018,316.00
libya,2019,316.00
libya,2020,316.00
libya,2021,316.00
libya,2022,316.00
lithuania,2005,0.23000
lithuania,2006,0.61500
lithuania,2007,1.0000
lithuania,2008,1.2800
lithuania,2009,1.3210
lithuania,2010,1.5320
lithuania,2011,1.5547
lithuania,2012,1.5773
lithuania,2013,1.6000
lithuania,2014,1.7533
lithuania,2015,1.9067
lithuania,2016,2.0600
lithuania,2017,2.0600
lithuania,2018,2.0600
lithuania,2019,2.0600
lithuania,2020,2.0600
lithuania,2021,2.0600
lithuania,2022,2.0600
luxembourg,2002,0.027000
luxembourg,2003,0.024923
luxembourg,2004,0.022846
luxembourg,2005,0.020769
luxembourg,2006,0.018692
luxembourg,2007,0.016615
luxembourg,2008,0.014538
luxembourg,2009,0.012462
luxembourg,2010,0.010385
luxembourg,2011,0.0083077
luxembourg,2012,0.0062308
luxembourg,2013,0.0041538
luxembourg,2014,0.0020769
luxembourg,2015,0.0000
luxembourg,2016,0.0000
luxembourg,2017,0.0000
luxembourg,2018,0.0000
luxembourg,2019,0.0000
luxembourg,2020,0.0000
luxembourg,2021,0.0000
luxembourg,2022,0.0000
madagascar,2000,550.00
madagascar,2001,550.00
madagascar,2002,550.00
madagascar,2003,550.00
madagascar,2004,550.00
madagascar,2005,550.00
madagascar,2006,550.00
madagascar,2007,550.00
madagascar,2008,550.00
madagascar,2009,550.00
madagascar,2010,550.00
madagascar,2011,550.00
madagascar,2012,550.00
madagascar,2013,550.00
madagascar,2014,550.00
madagascar,2015,550.00
madagascar,2016,550.00
madagascar,2017,550.00
madagascar,2018,550.00
madagascar,2019,550.00
madagascar,2020,550.00
madagascar,2021,550.00
madagascar,2022,550.00
malawi,1992,26.900
malawi,1993,30.445
malawi,1994,33.990
malawi,1995,37.535
malawi,1996,41.080
malawi,1997,44.625
malawi,1998,48.170
malawi,1999,51.715
malawi,2000,55.260
malawi,2001,58.805
malawi,2002,62.350
malawi,2003,65.895
malawi,2004,69.440
malawi,2005,72.985
malawi,2006,76.530
malawi,2007,80.075
malawi,2008,83.620
malawi,2009,87.165
malawi,2010,90.710
malawi,2011,94.255
malawi,2012,97.800
malawi,2013,101.34
malawi,2014,104.89
malawi,2015,108.44
malawi,2016,111.98
malawi,2017,115.53
malawi,2018,119.07
malawi,2019,122.61
malawi,2020,126.16
malawi,2021,145.66
malawi,2022,147.00
mali,2000,175.80
mali,2001,175.80
mali,2002,175.80
mali,2003,175.80
mali,2004,175.80
mali,2005,175.80
mali,2006,175.80
mali,2007,175.80
mali,2008,175.80
mali,2009,175.80
mali,2010,175.80
mali,2011,175.80
mali,2012,175.80
mali,2013,175.80
mali,2014,175.80
mali,2015,175.80
mali,2016,175.80
mali,2017,175.80
mali,2018,175.80
mali,2019,175.80
mali,2020,175.80
mali,2021,175.80
mali,2022,175.80
malta,1990,0.72300
malta,1991,0.83123
malta,1992,0.93946
malta,1993,1.0477
malta,1994,1.1559
malta,1995,1.2642
malta,1996,1.3724
malta,1997,1.4806
malta,1998,1.5888
malta,1999,1.6971
malta,2000,1.8053
malta,2001,1.9135
malta,2002,2.0218
malta,2003,2.1300
malta,2004,2.2950
malta,2005,2.4600
malta,2006,2.6350
malta,2007,2.8100
malta,2008,2.8167
malta,2009,2.8233
malta,2010,2.8300
malta,2011,3.1067
malta,2012,3.3833
malta,2013,3.6600
malta,2014,3.6580
malta,2015,3.6560
malta,2016,3.6600
malta,2017,3.4800
malta,2018,3.4800
malta,2019,3.4800
malta,2020,3.6410
malta,2021,3.6410
malta,2022,3.6410
mauritania,1994,26.750
mauritania,1995,26.359
mauritania,1996,25.968
mauritania,1997,25.577
mauritania,1998,25.186
mauritania,1999,24.795
mauritania,2000,24.404
mauritania,2001,24.013
mauritania,2002,23.622
mauritania,2003,23.231
mauritania,2004,22.840
mauritania,2005,22.840
mauritania,2006,22.840
mauritania,2007,22.840
mauritania,2008,22.840
mauritania,2009,22.840
mauritania,2010,22.840
mauritania,2011,22.840
mauritania,2012,22.840
mauritania,2013,22.840
mauritania,2014,22.840
mauritania,2015,22.840
mauritania,2016,22.840
mauritania,2017,22.840
mauritania,2018,22.840
mauritania,2019,22.840
mauritania,2020,22.840
mauritania,2021,22.840
mauritania,2022,22.840
mauritius,2002,20.800
mauritius,2003,20.496
mauritius,2004,20.193
mauritius,2005,19.889
mauritius,2006,19.586
mauritius,2007,19.282
mauritius,2008,18.979
mauritius,2009,18.675
mauritius,2010,18.372
mauritius,2011,18.068
mauritius,2012,17.765
mauritius,2013,17.461
mauritius,2014,17.158
mauritius,2015,16.854
mauritius,2016,16.551
mauritius,2017,16.247
mauritius,2018,15.944
mauritius,2019,15.640
mauritius,2020,15.846
mauritius,2021,15.333
mauritius,2022,14.295
mexico,1989,5150.0
mexico,1990,5194.4
mexico,1991,5238.8
mexico,1992,5283.1
mexico,1993,5327.5
mexico,1994,5371.9
mexico,1995,5416.3
mexico,1996,5460.6
mexico,1997,5505.0
mexico,1998,5498.4
mexico,1999,5491.8
mexico,2000,5485.2
mexico,2001,5478.6
mexico,2002,5472.0
mexico,2003,5465.4
mexico,2004,5458.8
mexico,2005,5452.2
mexico,2006,5445.6
mexico,2007,5439.0
mexico,2008,5496.2
mexico,2009,5553.3
mexico,2010,5610.5
mexico,2011,5667.7
mexico,2012,5724.9
mexico,2013,5782.0
mexico,2014,5839.2
mexico,2015,5896.4
mexico,2016,5953.6
mexico,2017,6010.7
mexico,2018,6067.9
mexico,2019,6041.5
mexico,2020,5962.0
mexico,2021,5701.0
mexico,2022,5670.8
mongolia,1993,62.900
mongolia,1994,62.900
mongolia,1995,62.900
mongolia,1996,62.900
mongolia,1997,62.900
mongolia,1998,62.900
mongolia,1999,62.900
mongolia,2000,62.900
mongolia,2001,62.900
mongolia,2002,62.900
mongolia,2003,62.900
mongolia,2004,62.900
mongolia,2005,62.900
mongolia,2006,62.900
mongolia,2007,62.900
mongolia,2008,62.900
mongolia,2009,62.900
mongolia,2010,62.900
mongolia,2011,62.900
mongolia,2012,62.900
mongolia,2013,62.900
mongolia,2014,62.900
mongolia,2015,62.900
mongolia,2016,62.900
mongolia,2017,62.900
mongolia,2018,62.900
mongolia,2019,62.900
mongolia,2020,62.900
mongolia,2021,62.900
mongolia,2022,62.900
morocco,2000,1407.0
morocco,2001,1417.3
morocco,2002,1427.5
morocco,2003,1437.8
morocco,2004,1448.0
morocco,2005,1448.0
morocco,2006,1448.0
morocco,2007,1448.0
morocco,2008,1448.0
morocco,2009,1448.0
morocco,2010,1448.0
morocco,2011,1448.0
morocco,2012,1448.0
morocco,2013,1448.0
morocco,2014,1448.0
morocco,2015,1448.0
morocco,2016,1448.0
morocco,2017,1448.0
morocco,2018,1448.0
morocco,2019,1448.0
morocco,2020,1448.0
morocco,2021,1448.0
morocco,2022,1448.0
mozambique,1987,42.000
mozambique,1988,42.350
mozambique,1989,42.700
mozambique,1990,43.050
mozambique,1991,43.400
mozambique,1992,43.750
mozambique,1993,44.100
mozambique,1994,44.450
mozambique,1995,44.800
mozambique,1996,44.010
mozambique,1997,43.220
mozambique,1998,42.430
mozambique,1999,41.640
mozambique,2000,40.850
mozambique,2001,40.060
mozambique,2002,42.498
mozambique,2003,44.936
mozambique,2004,47.373
mozambique,2005,49.811
mozambique,2006,52.249
mozambique,2007,54.687
mozambique,2008,57.124
mozambique,2009,59.562
mozambique,2010,62.000
mozambique,2011,62.000
mozambique,2012,62.000
mozambique,2013,62.000
mozambique,2014,62.000
mozambique,2015,62.000
mozambique,2016,62.000
mozambique,2017,62.000
mozambique,2018,62.000
mozambique,2019,62.000
mozambique,2020,62.000
mozambique,2021,62.000
mozambique,2022,62.000
myanmar,1980,1006.0
myanmar,1981,1016.2
myanmar,1982,1026.4
myanmar,1983,1036.6
myanmar,1984,1046.8
myanmar,1985,1057.0
myanmar,1986,1056.8
myanmar,1987,1056.6
myanmar,1988,1056.4
myanmar,1989,1056.2
myanmar,1990,1056.0
myanmar,1991,1161.2
myanmar,1992,1266.4
myanmar,1993,1371.6
myanmar,1994,1476.8
myanmar,1995,1582.0
myanmar,1996,1640.7
myanmar,1997,1699.3
myanmar,1998,1758.0
myanmar,1999,1816.7
myanmar,2000,1875.3
myanmar,2001,1934.0
myanmar,2002,1992.7
myanmar,2003,2051.3
myanmar,2004,2110.0
myanmar,2005,2110.0
myanmar,2006,2110.0
myanmar,2007,2110.0
myanmar,2008,2110.0
myanmar,2009,2110.0
myanmar,2010,2110.0
myanmar,2011,2110.0
myanmar,2012,2110.0
myanmar,2013,2110.0
myanmar,2014,2110.0
myanmar,2015,2110.0
myanmar,2016,2110.0
myanmar,2017,2110.0
myanmar,2018,2110.0
myanmar,2019,2110.0
myanmar,2020,2110.0
myanmar,2021,2110.0
myanmar,2022,2110.0
namibia,1992,6.1400
namibia,1993,6.1400
namibia,1994,6.1400
namibia,1995,6.1400
namibia,1996,6.1400
namibia,1997,6.1400
namibia,1998,6.1400
namibia,1999,6.1400
namibia,2000,6.1400
namibia,2001,6.1400
namibia,2002,6.1400
namibia,2003,6.1400
namibia,2004,6.1400
namibia,2005,6.1400
namibia,2006,6.1400
namibia,2007,6.1400
namibia,2008,6.1400
namibia,2009,6.1400
namibia,2010,6.1400
namibia,2011,6.1400
namibia,2012,6.1400
namibia,2013,6.1400
namibia,2014,6.1400
namibia,2015,6.1400
namibia,2016,6.1400
namibia,2017,6.1400
namibia,2018,6.1400
namibia,2019,6.1400
namibia,2020,6.1400
namibia,2021,6.1400
namibia,2022,6.1400
netherlands_kingdom_of_the,2003,62.190
netherlands_kingdom_of_the,2004,77.605
netherlands_kingdom_of_the,2005,93.020
netherlands_kingdom_of_the,2006,147.64
netherlands_kingdom_of_the,2007,202.26
netherlands_kingdom_of_the,2008,180.61
netherlands_kingdom_of_the,2009,158.96
netherlands_kingdom_of_the,2010,137.31
netherlands_kingdom_of_the,2011,125.46
netherlands_kingdom_of_the,2012,113.62
netherlands_kingdom_of_the,2013,101.77
netherlands_kingdom_of_the,2014,134.97
netherlands_kingdom_of_the,2015,168.18
netherlands_kingdom_of_the,2016,201.38
netherlands_kingdom_of_the,2017,249.12
netherlands_kingdom_of_the,2018,296.86
netherlands_kingdom_of_the,2019,255.24
netherlands_kingdom_of_the,2020,354.00
netherlands_kingdom_of_the,2021,101.13
netherlands_kingdom_of_the,2022,305.16
new_zealand,2002,384.20
new_zealand,2003,409.16
new_zealand,2004,434.12
new_zealand,2005,459.08
new_zealand,2006,484.04
new_zealand,2007,509.00
new_zealand,2008,532.11
new_zealand,2009,555.22
new_zealand,2010,578.33
new_zealand,2011,601.44
new_zealand,2012,624.55
new_zealand,2013,647.66
new_zealand,2014,670.76
new_zealand,2015,693.87
new_zealand,2016,716.98
new_zealand,2017,740.09
new_zealand,2018,739.63
new_zealand,2019,739.16
new_zealand,2020,739.16
new_zealand,2021,739.16
new_zealand,2022,739.16
nicaragua,1997,50.930
nicaragua,1998,57.585
nicaragua,1999,64.240
nicaragua,2000,70.895
nicaragua,2001,77.550
nicaragua,2002,84.205
nicaragua,2003,90.860
nicaragua,2004,97.515
nicaragua,2005,104.17
nicaragua,2006,110.83
nicaragua,2007,117.48
nicaragua,2008,124.14
nicaragua,2009,130.79
nicaragua,2010,137.44
nicaragua,2011,144.10
nicaragua,2012,135.35
nicaragua,2013,126.59
nicaragua,2014,117.84
nicaragua,2015,109.09
nicaragua,2016,100.33
nicaragua,2017,91.580
nicaragua,2018,91.580
nicaragua,2019,91.580
nicaragua,2020,91.580
nicaragua,2021,91.580
nicaragua,2022,91.580
niger,2000,65.300
niger,2001,65.362
niger,2002,65.424
niger,2003,65.486
niger,2004,65.548
niger,2005,65.610
niger,2006,70.062
niger,2007,74.514
niger,2008,78.966
niger,2009,83.418
niger,2010,87.870
niger,2011,87.870
niger,2012,87.870
niger,2013,87.870
niger,2014,87.870
niger,2015,87.870
niger,2016,87.870
niger,2017,87.870
niger,2018,87.870
niger,2019,87.870
niger,2020,87.870
niger,2021,87.870
niger,2022,87.870
nigeria,1991,172.30
nigeria,1992,177.77
nigeria,1993,183.23
nigeria,1994,188.70
nigeria,1995,194.17
nigeria,1996,199.63
nigeria,1997,205.10
nigeria,1998,210.57
nigeria,1999,216.03
nigeria,2000,221.50
nigeria,2001,220.82
nigeria,2002,220.15
nigeria,2003,219.47
nigeria,2004,218.80
nigeria,2005,218.80
nigeria,2006,218.80
nigeria,2007,218.80
nigeria,2008,218.80
nigeria,2009,218.80
nigeria,2010,218.80
nigeria,2011,218.80
nigeria,2012,218.80
nigeria,2013,218.80
nigeria,2014,218.80
nigeria,2015,218.80
nigeria,2016,218.80
nigeria,2017,218.80
nigeria,2018,218.80
nigeria,2019,218.80
nigeria,2020,218.80
nigeria,2021,218.80
nigeria,2022,218.80
northern_africa,2000,6742.5
northern_africa,2001,6784.0
northern_africa,2002,6867.7
northern_africa,2003,6931.9
northern_africa,2004,6996.1
northern_africa,2005,7050.1
northern_africa,2006,7104.0
northern_africa,2007,7156.7
northern_africa,2008,7209.4
northern_africa,2009,7272.2
northern_africa,2010,7335.0
northern_africa,2011,7397.7
northern_africa,2012,6660.5
northern_africa,2013,6661.3
northern_africa,2014,6662.0
northern_africa,2015,6662.8
northern_africa,2016,6663.5
northern_africa,2017,6653.7
northern_africa,2018,6656.0
northern_africa,2019,6662.0
northern_africa,2020,6664.0
northern_africa,2021,6664.0
northern_africa,2022,6664.0
northern_africa_and_western_asia,2000,16722
northern_africa_and_western_asia,2001,16861
northern_africa_and_western_asia,2002,17042
northern_africa_and_western_asia,2003,17205
northern_africa_and_western_asia,2004,17368
northern_africa_and_western_asia,2005,17520
northern_africa_and_western_asia,2006,17961
northern_africa_and_western_asia,2007,18479
northern_africa_and_western_asia,2008,19003
northern_africa_and_western_asia,2009,18770
northern_africa_and_western_asia,2010,18538
northern_africa_and_western_asia,2011,18315
northern_africa_and_western_asia,2012,17291
northern_africa_and_western_asia,2013,17006
northern_africa_and_western_asia,2014,16722
northern_africa_and_western_asia,2015,16450
northern_africa_and_western_asia,2016,16119
northern_africa_and_western_asia,2017,15857
northern_africa_and_western_asia,2018,15604
northern_africa_and_western_asia,2019,15333
northern_africa_and_western_asia,2020,15110
northern_africa_and_western_asia,2021,15146
northern_africa_and_western_asia,2022,15212
northern_america,2000,22542
northern_america,2001,22463
northern_america,2002,22384
northern_america,2003,22488
northern_america,2004,22592
northern_america,2005,22697
northern_america,2006,23647
northern_america,2007,23672
northern_america,2008,22916
northern_america,2009,22927
northern_america,2010,22938
northern_america,2011,23060
northern_america,2012,23181
northern_america,2013,22975
northern_america,2014,22973
northern_america,2015,23025
northern_america,2016,23077
northern_america,2017,24168
northern_america,2018,23330
northern_america,2019,23287
northern_america,2020,23244
northern_america,2021,23321
northern_america,2022,23397
norway,2005,43.390
norway,2006,49.180
norway,2007,54.970
norway,2008,50.103
norway,2009,45.237
norway,2010,40.370
norway,2011,33.397
norway,2012,26.423
norway,2013,19.450
norway,2014,19.450
norway,2015,19.450
norway,2016,19.450
norway,2017,19.450
norway,2018,19.450
norway,2019,19.450
norway,2020,19.450
norway,2021,19.450
norway,2022,19.450
oceania,2000,0.43790
oceania,2001,0.43790
oceania,2002,384.64
oceania,2003,413.60
oceania,2004,438.56
oceania,2005,463.52
oceania,2006,3046.6
oceania,2007,2718.0
oceania,2008,2387.6
oceania,2009,2320.7
oceania,2010,2423.8
oceania,2011,2625.9
oceania,2012,2828.0
oceania,2013,3030.1
oceania,2014,2913.2
oceania,2015,2754.3
oceania,2016,2869.4
oceania,2017,2988.6
oceania,2018,3042.1
oceania,2019,2698.6
oceania,2020,2264.5
oceania,2021,2688.5
oceania,2022,2719.8
oceania_excluding_australia_and_new_zealand,2000,0.43790
oceania_excluding_australia_and_new_zealand,2001,0.43790
oceania_excluding_australia_and_new_zealand,2002,0.43790
oceania_excluding_australia_and_new_zealand,2003,4.4379
oceania_excluding_australia_and_new_zealand,2004,4.4379
oceania_excluding_australia_and_new_zealand,2005,4.4379
oceania_excluding_australia_and_new_zealand,2006,4.4379
oceania_excluding_australia_and_new_zealand,2007,4.4643
oceania_excluding_australia_and_new_zealand,2008,4.4643
oceania_excluding_australia_and_new_zealand,2009,4.4643
oceania_excluding_australia_and_new_zealand,2010,4.4643
oceania_excluding_australia_and_new_zealand,2011,4.4643
oceania_excluding_australia_and_new_zealand,2012,4.4643
oceania_excluding_australia_and_new_zealand,2013,4.4643
oceania_excluding_australia_and_new_zealand,2014,4.4643
oceania_excluding_australia_and_new_zealand,2015,4.4643
oceania_excluding_australia_and_new_zealand,2016,4.4643
oceania_excluding_australia_and_new_zealand,2017,4.4643
oceania_excluding_australia_and_new_zealand,2018,4.4643
oceania_excluding_australia_and_new_zealand,2019,4.4643
oceania_excluding_australia_and_new_zealand,2020,4.4643
oceania_excluding_australia_and_new_zealand,2021,4.4643
oceania_excluding_australia_and_new_zealand,2022,4.4643
oman,1993,61.550
oman,1994,62.902
oman,1995,64.255
oman,1996,65.607
oman,1997,66.959
oman,1998,68.311
oman,1999,69.664
oman,2000,71.016
oman,2001,72.368
oman,2002,73.720
oman,2003,75.073
oman,2004,76.425
oman,2005,77.777
oman,2006,79.130
oman,2007,80.482
oman,2008,81.834
oman,2009,83.186
oman,2010,84.539
oman,2011,85.891
oman,2012,87.243
oman,2013,88.595
oman,2014,89.948
oman,2015,91.300
oman,2016,46.300
oman,2017,51.300
oman,2018,94.800
oman,2019,93.900
oman,2020,107.10
oman,2021,107.10
oman,2022,107.10
pakistan,2018,18600
pakistan,2019,18330
pakistan,2020,19340
pakistan,2021,19340
pakistan,2022,19340
panama,1997,28.050
panama,1998,27.860
panama,1999,27.670
panama,2000,27.480
panama,2001,27.998
panama,2002,28.516
panama,2003,29.033
panama,2004,29.551
panama,2005,30.069
panama,2006,30.587
panama,2007,31.104
panama,2008,31.622
panama,2009,32.140
panama,2010,32.140
panama,2011,32.140
panama,2012,32.140
panama,2013,32.140
panama,2014,32.140
panama,2015,32.140
panama,2016,32.140
panama,2017,32.140
panama,2018,32.140
panama,2019,32.140
panama,2020,32.140
panama,2021,32.140
panama,2022,32.140
paraguay,2012,136.20
paraguay,2013,136.20
paraguay,2014,136.20
paraguay,2015,136.20
paraguay,2016,136.20
paraguay,2017,136.20
paraguay,2018,136.20
paraguay,2019,136.20
paraguay,2020,136.20
paraguay,2021,136.20
paraguay,2022,136.20
peru,1994,1109.0
peru,1995,1147.8
peru,1996,1186.7
peru,1997,1225.5
peru,1998,1264.3
peru,1999,1303.2
peru,2000,1342.0
peru,2001,1380.8
peru,2002,1419.7
peru,2003,1458.5
peru,2004,1497.3
peru,2005,1536.2
peru,2006,1575.0
peru,2007,1613.8
peru,2008,1652.7
peru,2009,1691.5
peru,2010,1730.3
peru,2011,1769.2
peru,2012,1808.0
peru,2013,1808.0
peru,2014,1808.0
peru,2015,1808.0
peru,2016,1808.0
peru,2017,1808.0
peru,2018,1808.0
peru,2019,1808.0
peru,2020,1808.0
peru,2021,1808.0
peru,2022,1808.0
philippines,1993,1471.0
philippines,1994,1471.0
philippines,1995,1471.0
philippines,1996,1471.0
philippines,1997,1471.0
philippines,1998,1471.0
philippines,1999,1471.0
philippines,2000,1471.0
philippines,2001,1471.0
philippines,2002,1471.0
philippines,2003,1471.0
philippines,2004,1471.0
philippines,2005,1471.0
philippines,2006,1471.0
philippines,2007,1471.0
philippines,2008,1471.0
philippines,2009,1471.0
philippines,2010,1471.0
philippines,2011,1471.0
philippines,2012,1471.0
philippines,2013,1471.0
philippines,2014,1471.0
philippines,2015,1471.0
philippines,2016,1471.0
philippines,2017,1471.0
philippines,2018,1471.0
philippines,2019,1471.0
philippines,2020,1471.0
philippines,2021,1471.0
philippines,2022,1471.0
poland,2003,46.910
poland,2004,58.680
poland,2005,70.450
poland,2006,71.255
poland,2007,72.060
poland,2008,63.217
poland,2009,54.373
poland,2010,45.530
poland,2011,45.537
poland,2012,45.543
poland,2013,45.550
poland,2014,74.590
poland,2015,103.63
poland,2016,132.67
poland,2017,101.69
poland,2018,70.700
poland,2019,70.700
poland,2020,70.700
poland,2021,70.700
poland,2022,70.700
portugal,1990,631.10
portugal,1991,601.63
portugal,1992,572.16
portugal,1993,542.69
portugal,1994,513.22
portugal,1995,483.75
portugal,1996,454.28
portugal,1997,424.82
portugal,1998,395.35
portugal,1999,365.88
portugal,2000,336.41
portugal,2001,306.94
portugal,2002,277.47
portugal,2003,248.00
portugal,2004,350.75
portugal,2005,453.50
portugal,2006,437.50
portugal,2007,421.50
portugal,2008,436.44
portugal,2009,451.39
portugal,2010,466.33
portugal,2011,469.94
portugal,2012,473.55
portugal,2013,477.16
portugal,2014,476.73
portugal,2015,476.30
portugal,2016,474.50
portugal,2017,474.50
portugal,2018,474.50
portugal,2019,474.50
portugal,2020,474.50
portugal,2021,474.50
portugal,2022,474.50
puerto_rico,2007,15.780
puerto_rico,2008,15.780
puerto_rico,2009,15.780
puerto_rico,2010,15.780
puerto_rico,2011,15.780
puerto_rico,2012,15.780
puerto_rico,2013,15.780
puerto_rico,2014,15.780
puerto_rico,2015,15.780
puerto_rico,2016,15.780
puerto_rico,2017,15.780
puerto_rico,2018,15.780
puerto_rico,2019,15.780
puerto_rico,2020,15.780
puerto_rico,2021,15.780
puerto_rico,2022,15.780
qatar,1990,5.7060
qatar,1991,6.5747
qatar,1992,7.4433
qatar,1993,8.3120
qatar,1994,8.0309
qatar,1995,7.7497
qatar,1996,7.4686
qatar,1997,7.1875
qatar,1998,6.9064
qatar,1999,6.6253
qatar,2000,6.3441
qatar,2001,6.0630
qatar,2002,6.1493
qatar,2003,6.2357
qatar,2004,6.3220
qatar,2005,6.7919
qatar,2006,7.2618
qatar,2007,7.7317
qatar,2008,8.2016
qatar,2009,8.6715
qatar,2010,9.1415
qatar,2011,9.6114
qatar,2012,10.081
qatar,2013,10.551
qatar,2014,11.021
qatar,2015,11.805
qatar,2016,11.021
qatar,2017,11.590
qatar,2018,13.203
qatar,2019,12.897
qatar,2020,13.647
qatar,2021,13.430
qatar,2022,13.430
republic_of_korea,2009,806.50
republic_of_korea,2010,806.50
republic_of_korea,2011,806.50
republic_of_korea,2012,806.50
republic_of_korea,2013,806.50
republic_of_korea,2014,806.50
republic_of_korea,2015,806.50
republic_of_korea,2016,806.50
republic_of_korea,2017,806.50
republic_of_korea,2018,806.50
republic_of_korea,2019,806.50
republic_of_korea,2020,806.50
republic_of_korea,2021,806.50
republic_of_korea,2022,806.50
republic_of_moldova,1992,225.00
republic_of_moldova,1993,217.50
republic_of_moldova,1994,210.00
republic_of_moldova,1995,196.31
republic_of_moldova,1996,182.62
republic_of_moldova,1997,168.92
republic_of_moldova,1998,155.23
republic_of_moldova,1999,141.54
republic_of_moldova,2000,127.85
republic_of_moldova,2001,114.15
republic_of_moldova,2002,100.46
republic_of_moldova,2003,86.769
republic_of_moldova,2004,73.077
republic_of_moldova,2005,59.385
republic_of_moldova,2006,45.692
republic_of_moldova,2007,32.000
republic_of_moldova,2008,30.033
republic_of_moldova,2009,28.067
republic_of_moldova,2010,26.100
republic_of_moldova,2011,59.733
republic_of_moldova,2012,93.367
republic_of_moldova,2013,127.00
republic_of_moldova,2014,160.63
republic_of_moldova,2015,194.27
republic_of_moldova,2016,227.90
republic_of_moldova,2017,227.90
republic_of_moldova,2018,222.20
republic_of_moldova,2019,222.00
republic_of_moldova,2020,222.20
republic_of_moldova,2021,222.20
republic_of_moldova,2022,222.20
romania,2003,400.50
romania,2004,244.91
romania,2005,89.330
romania,2006,131.37
romania,2007,173.40
romania,2008,160.10
romania,2009,146.80
romania,2010,133.50
romania,2011,139.93
romania,2012,146.37
romania,2013,152.80
romania,2014,162.90
romania,2015,173.00
romania,2016,153.00
romania,2017,212.00
romania,2018,267.00
romania,2019,287.19
romania,2020,472.93
romania,2021,344.97
romania,2022,528.20
russian_federation,1994,4095.0
russian_federation,1995,3832.0
russian_federation,1996,3569.0
russian_federation,1997,3306.0
russian_federation,1998,3043.0
russian_federation,1999,2780.0
russian_federation,2000,2516.9
russian_federation,2001,2253.9
russian_federation,2002,1990.9
russian_federation,2003,1727.9
russian_federation,2004,1464.9
russian_federation,2005,1201.9
russian_federation,2006,938.90
russian_federation,2007,985.02
russian_federation,2008,1031.1
russian_federation,2009,1077.3
russian_federation,2010,1123.4
russian_federation,2011,1169.5
russian_federation,2012,1215.6
russian_federation,2013,1261.8
russian_federation,2014,1307.9
russian_federation,2015,1354.0
russian_federation,2016,1315.0
russian_federation,2017,1329.0
russian_federation,2018,1245.0
russian_federation,2019,1245.0
russian_federation,2020,1245.0
russian_federation,2021,1245.0
russian_federation,2022,1245.0
rwanda,2008,7.9400
rwanda,2009,7.9400
rwanda,2010,7.9400
rwanda,2011,7.9400
rwanda,2012,7.9400
rwanda,2013,7.9400
rwanda,2014,7.9400
rwanda,2015,7.9400
rwanda,2016,7.9400
rwanda,2017,7.9400
rwanda,2018,7.9400
rwanda,2019,7.9400
rwanda,2020,7.9400
rwanda,2021,7.9400
rwanda,2022,7.9400
saint_vincent_and_the_grenadines,2014,0.0000
saint_vincent_and_the_grenadines,2015,0.0000
saint_vincent_and_the_grenadines,2016,0.0000
saint_vincent_and_the_grenadines,2017,0.0000
saint_vincent_and_the_grenadines,2018,0.0000
saint_vincent_and_the_grenadines,2019,0.0000
saint_vincent_and_the_grenadines,2020,0.0000
saint_vincent_and_the_grenadines,2021,0.0000
saint_vincent_and_the_grenadines,2022,0.0000
sao_tome_and_principe,2016,2.1500
sao_tome_and_principe,2017,2.1500
sao_tome_and_principe,2018,2.1500
sao_tome_and_principe,2019,2.1500
sao_tome_and_principe,2020,2.1500
sao_tome_and_principe,2021,2.1500
sao_tome_and_principe,2022,2.1500
saudi_arabia,1992,1608.0
saudi_arabia,1993,1548.4
saudi_arabia,1994,1488.9
saudi_arabia,1995,1429.3
saudi_arabia,1996,1369.7
saudi_arabia,1997,1310.1
saudi_arabia,1998,1250.6
saudi_arabia,1999,1191.0
saudi_arabia,2000,1191.0
saudi_arabia,2001,1191.0
saudi_arabia,2002,1191.0
saudi_arabia,2003,1191.0
saudi_arabia,2004,1191.0
saudi_arabia,2005,1191.0
saudi_arabia,2006,1191.0
saudi_arabia,2007,1191.0
saudi_arabia,2008,1191.0
saudi_arabia,2009,1191.0
saudi_arabia,2010,1191.0
saudi_arabia,2011,1191.0
saudi_arabia,2012,1191.0
saudi_arabia,2013,1191.0
saudi_arabia,2014,1191.0
saudi_arabia,2015,1191.0
saudi_arabia,2016,1191.0
saudi_arabia,2017,1191.0
saudi_arabia,2018,1191.0
saudi_arabia,2019,1191.0
saudi_arabia,2020,1191.0
saudi_arabia,2021,1191.0
saudi_arabia,2022,1191.0
senegal,1997,69.000
senegal,1998,69.000
senegal,1999,69.000
senegal,2000,69.000
senegal,2001,69.000
senegal,2002,69.000
senegal,2003,69.000
senegal,2004,69.000
senegal,2005,69.000
senegal,2006,69.000
senegal,2007,69.000
senegal,2008,69.000
senegal,2009,69.000
senegal,2010,69.000
senegal,2011,69.000
senegal,2012,69.000
senegal,2013,69.000
senegal,2014,69.000
senegal,2015,69.000
senegal,2016,69.000
senegal,2017,69.000
senegal,2018,69.000
senegal,2019,69.000
senegal,2020,69.000
senegal,2021,69.000
senegal,2022,69.000
serbia,2006,28.645
serbia,2007,29.750
serbia,2008,30.855
serbia,2009,31.960
serbia,2010,33.065
serbia,2011,34.170
serbia,2012,39.303
serbia,2013,44.435
serbia,2014,49.568
serbia,2015,54.700
serbia,2016,43.490
serbia,2017,50.370
serbia,2018,52.500
serbia,2019,46.960
serbia,2020,52.500
serbia,2021,52.270
serbia,2022,54.560
seychelles,2003,0.20000
seychelles,2004,0.20000
seychelles,2005,0.20000
seychelles,2006,0.20000
seychelles,2007,0.20000
seychelles,2008,0.20000
seychelles,2009,0.20000
seychelles,2010,0.20000
seychelles,2011,0.20000
seychelles,2012,0.20000
seychelles,2013,0.20000
seychelles,2014,0.20000
seychelles,2015,0.20000
seychelles,2016,0.20000
seychelles,2017,0.20000
seychelles,2018,0.20000
seychelles,2019,0.20000
seychelles,2020,0.20000
seychelles,2021,0.20000
seychelles,2022,0.20000
slovakia,2000,110.70
slovakia,2001,108.67
slovakia,2002,106.63
slovakia,2003,104.60
slovakia,2004,74.695
slovakia,2005,44.790
slovakia,2006,41.940
slovakia,2007,39.090
slovakia,2008,31.007
slovakia,2009,22.923
slovakia,2010,14.840
slovakia,2011,18.093
slovakia,2012,21.347
slovakia,2013,24.600
slovakia,2014,18.090
slovakia,2015,21.090
slovakia,2016,22.560
slovakia,2017,24.380
slovakia,2018,21.902
slovakia,2019,20.200
slovakia,2020,23.400
slovakia,2021,21.850
slovakia,2022,20.300
slovenia,2015,2.3600
slovenia,2016,2.3540
slovenia,2017,2.5110
slovenia,2018,2.5520
slovenia,2019,2.6460
slovenia,2020,3.3760
slovenia,2021,4.1290
slovenia,2022,4.4610
small_island_developing_states,2000,1126.4
small_island_developing_states,2001,1101.2
small_island_developing_states,2002,1125.7
small_island_developing_states,2003,1104.4
small_island_developing_states,2004,1078.9
small_island_developing_states,2005,1079.3
small_island_developing_states,2006,1070.8
small_island_developing_states,2007,1078.0
small_island_developing_states,2008,1069.8
small_island_developing_states,2009,1061.2
small_island_developing_states,2010,1180.1
small_island_developing_states,2011,1171.1
small_island_developing_states,2012,1161.6
small_island_developing_states,2013,1168.6
small_island_developing_states,2014,1175.3
small_island_developing_states,2015,1181.6
small_island_developing_states,2016,1190.0
small_island_developing_states,2017,1196.3
small_island_developing_states,2018,1202.6
small_island_developing_states,2019,1202.3
small_island_developing_states,2020,1202.5
small_island_developing_states,2021,1202.0
small_island_developing_states,2022,1201.0
solomon_islands,2007,0.026400
solomon_islands,2008,0.026400
solomon_islands,2009,0.026400
solomon_islands,2010,0.026400
solomon_islands,2011,0.026400
solomon_islands,2012,0.026400
solomon_islands,2013,0.026400
solomon_islands,2014,0.026400
solomon_islands,2015,0.026400
solomon_islands,2016,0.026400
solomon_islands,2017,0.026400
solomon_islands,2018,0.026400
solomon_islands,2019,0.026400
solomon_islands,2020,0.026400
solomon_islands,2021,0.026400
solomon_islands,2022,0.026400
somalia,2000,65.000
somalia,2001,65.000
somalia,2002,65.000
somalia,2003,65.000
somalia,2004,65.000
somalia,2005,65.000
somalia,2006,65.000
somalia,2007,65.000
somalia,2008,65.000
somalia,2009,65.000
somalia,2010,65.000
somalia,2011,65.000
somalia,2012,65.000
somalia,2013,65.000
somalia,2014,65.000
somalia,2015,65.000
somalia,2016,65.000
somalia,2017,65.000
somalia,2018,65.000
somalia,2019,65.000
somalia,2020,65.000
somalia,2021,65.000
somalia,2022,65.000
south_africa,1999,1498.0
south_africa,2000,1498.0
south_africa,2001,1498.0
south_africa,2002,1498.0
south_africa,2003,1498.0
south_africa,2004,1498.0
south_africa,2005,1498.0
south_africa,2006,1498.0
south_africa,2007,1498.0
south_africa,2008,1498.0
south_africa,2009,1498.0
south_africa,2010,1498.0
south_africa,2011,1498.0
south_africa,2012,1498.0
south_africa,2013,1498.0
south_africa,2014,1498.0
south_africa,2015,1498.0
south_africa,2016,1498.0
south_africa,2017,1498.0
south_africa,2018,1498.0
south_africa,2019,1498.0
south_africa,2020,1498.0
south_africa,2021,1498.0
south_africa,2022,1498.0
south_eastern_asia,2000,7351.2
south_eastern_asia,2001,7639.0
south_eastern_asia,2002,7966.5
south_eastern_asia,2003,8265.1
south_eastern_asia,2004,8442.4
south_eastern_asia,2005,8771.0
south_eastern_asia,2006,8775.7
south_eastern_asia,2007,13828
south_eastern_asia,2008,13820
south_eastern_asia,2009,13812
south_eastern_asia,2010,13805
south_eastern_asia,2011,13797
south_eastern_asia,2012,13789
south_eastern_asia,2013,13781
south_eastern_asia,2014,13774
south_eastern_asia,2015,13766
south_eastern_asia,2016,13758
south_eastern_asia,2017,13750
south_eastern_asia,2018,13728
south_eastern_asia,2019,13709
south_eastern_asia,2020,13709
south_eastern_asia,2021,13709
south_eastern_asia,2022,13709
southern_asia,2000,68635
southern_asia,2001,69783
southern_asia,2002,69986
southern_asia,2003,69805
southern_asia,2004,71007
southern_asia,2005,70545
southern_asia,2006,72098
southern_asia,2007,73218
southern_asia,2008,74189
southern_asia,2009,74892
southern_asia,2010,75300
southern_asia,2011,76123
southern_asia,2012,77035
southern_asia,2013,77826
southern_asia,2014,77846
southern_asia,2015,77931
southern_asia,2016,77919
southern_asia,2017,77919
southern_asia,2018,96519
southern_asia,2019,96249
southern_asia,2020,97259
southern_asia,2021,97259
southern_asia,2022,97259
spain,2005,3364.5
spain,2006,3315.4
spain,2007,3266.3
spain,2008,3192.5
spain,2009,3118.6
spain,2010,3044.7
spain,2011,3274.4
spain,2012,3504.0
spain,2013,2899.0
spain,2014,2958.2
spain,2015,3017.4
spain,2016,3076.7
spain,2017,3120.2
spain,2018,3120.2
spain,2019,3120.2
spain,2020,3120.2
spain,2021,3120.2
spain,2022,3120.2
sri_lanka,2006,462.50
sri_lanka,2007,462.50
sri_lanka,2008,462.50
sri_lanka,2009,462.50
sri_lanka,2010,462.50
sri_lanka,2011,462.50
sri_lanka,2012,462.50
sri_lanka,2013,462.50
sri_lanka,2014,462.50
sri_lanka,2015,462.50
sri_lanka,2016,462.50
sri_lanka,2017,462.50
sri_lanka,2018,462.50
sri_lanka,2019,462.50
sri_lanka,2020,462.50
sri_lanka,2021,462.50
sri_lanka,2022,462.50
sub_saharan_africa,2000,3451.8
sub_saharan_africa,2001,3467.5
sub_saharan_africa,2002,3557.4
sub_saharan_africa,2003,3561.7
sub_saharan_africa,2004,3563.0
sub_saharan_africa,2005,3572.8
sub_saharan_africa,2006,3582.6
sub_saharan_africa,2007,3592.4
sub_saharan_africa,2008,3609.8
sub_saharan_africa,2009,3618.0
sub_saharan_africa,2010,3626.2
sub_saharan_africa,2011,3627.9
sub_saharan_africa,2012,3628.5
sub_saharan_africa,2013,3628.7
sub_saharan_africa,2014,3628.1
sub_saharan_africa,2015,3627.8
sub_saharan_africa,2016,3629.9
sub_saharan_africa,2017,3629.5
sub_saharan_africa,2018,3628.9
sub_saharan_africa,2019,3628.2
sub_saharan_africa,2020,3628.1
sub_saharan_africa,2021,3647.1
sub_saharan_africa,2022,3647.4
suriname,1998,51.180
suriname,1999,51.628
suriname,2000,52.075
suriname,2001,52.523
suriname,2002,52.971
suriname,2003,53.418
suriname,2004,53.866
suriname,2005,54.314
suriname,2006,54.762
suriname,2007,55.209
suriname,2008,55.657
suriname,2009,56.105
suriname,2010,56.552
suriname,2011,57.000
suriname,2012,57.000
suriname,2013,57.000
suriname,2014,57.000
suriname,2015,57.000
suriname,2016,57.000
suriname,2017,57.000
suriname,2018,57.000
suriname,2019,57.000
suriname,2020,57.000
suriname,2021,57.000
suriname,2022,57.000
sweden,2003,53.440
sweden,2004,51.145
sweden,2005,48.850
sweden,2006,51.510
sweden,2007,54.170
sweden,2008,57.197
sweden,2009,60.223
sweden,2010,63.250
sweden,2011,59.457
sweden,2012,55.663
sweden,2013,51.870
sweden,2014,52.050
sweden,2015,52.230
sweden,2016,52.410
sweden,2017,57.657
sweden,2018,62.905
sweden,2019,68.153
sweden,2020,73.400
sweden,2021,73.400
sweden,2022,73.400
switzerland,2010,36.180
switzerland,2011,35.615
switzerland,2012,35.049
switzerland,2013,34.484
switzerland,2014,33.919
switzerland,2015,33.353
switzerland,2016,32.788
switzerland,2017,32.788
switzerland,2018,32.788
switzerland,2019,32.788
switzerland,2020,32.788
switzerland,2021,32.788
switzerland,2022,32.788
syrian_arab_republic,2000,1210.0
syrian_arab_republic,2001,1210.0
syrian_arab_republic,2002,1210.0
syrian_arab_republic,2003,1210.0
syrian_arab_republic,2004,1210.0
syrian_arab_republic,2005,1210.0
syrian_arab_republic,2006,1210.0
syrian_arab_republic,2007,1210.0
syrian_arab_republic,2008,1210.0
syrian_arab_republic,2009,1210.0
syrian_arab_republic,2010,1210.0
syrian_arab_republic,2011,1210.0
syrian_arab_republic,2012,1210.0
syrian_arab_republic,2013,1210.0
syrian_arab_republic,2014,1210.0
syrian_arab_republic,2015,1210.0
syrian_arab_republic,2016,1210.0
syrian_arab_republic,2017,1210.0
syrian_arab_republic,2018,1210.0
syrian_arab_republic,2019,1210.0
syrian_arab_republic,2020,1210.0
syrian_arab_republic,2021,1210.0
syrian_arab_republic,2022,1210.0
tajikistan,1994,719.20
tajikistan,1995,716.00
tajikistan,1996,712.80
tajikistan,1997,709.60
tajikistan,1998,706.40
tajikistan,1999,703.20
tajikistan,2000,700.00
tajikistan,2001,696.80
tajikistan,2002,693.60
tajikistan,2003,690.40
tajikistan,2004,687.20
tajikistan,2005,684.00
tajikistan,2006,680.80
tajikistan,2007,677.60
tajikistan,2008,674.40
tajikistan,2009,681.80
tajikistan,2010,689.20
tajikistan,2011,696.60
tajikistan,2012,704.00
tajikistan,2013,711.40
tajikistan,2014,718.80
tajikistan,2015,726.20
tajikistan,2016,733.60
tajikistan,2017,742.70
tajikistan,2018,745.50
tajikistan,2019,745.50
tajikistan,2020,745.50
tajikistan,2021,745.50
tajikistan,2022,745.50
thailand,2007,5060.0
thailand,2008,5060.0
thailand,2009,5060.0
thailand,2010,5060.0
thailand,2011,5060.0
thailand,2012,5060.0
thailand,2013,5060.0
thailand,2014,5060.0
thailand,2015,5060.0
thailand,2016,5060.0
thailand,2017,5060.0
thailand,2018,5060.0
thailand,2019,5060.0
thailand,2020,5060.0
thailand,2021,5060.0
thailand,2022,5060.0
timor_leste,2002,28.910
timor_leste,2003,28.910
timor_leste,2004,28.910
timor_leste,2005,28.910
timor_leste,2006,28.910
timor_leste,2007,28.910
timor_leste,2008,28.910
timor_leste,2009,28.910
timor_leste,2010,28.910
timor_leste,2011,28.910
timor_leste,2012,28.910
timor_leste,2013,28.910
timor_leste,2014,28.910
timor_leste,2015,28.910
timor_leste,2016,28.910
timor_leste,2017,28.910
timor_leste,2018,28.910
timor_leste,2019,28.910
timor_leste,2020,28.910
timor_leste,2021,28.910
timor_leste,2022,28.910
togo,1990,2.0080
togo,1991,2.7145
togo,1992,3.4210
togo,1993,4.1275
togo,1994,4.8340
togo,1995,5.5405
togo,1996,6.2470
togo,1997,6.2470
togo,1998,6.2470
togo,1999,6.2470
togo,2000,6.2470
togo,2001,6.2470
togo,2002,6.2470
togo,2003,6.2470
togo,2004,6.2470
togo,2005,6.2470
togo,2006,6.2470
togo,2007,6.2470
togo,2008,6.2470
togo,2009,6.2470
togo,2010,6.2470
togo,2011,6.2470
togo,2012,6.2470
togo,2013,6.2470
togo,2014,6.2470
togo,2015,6.2470
togo,2016,6.2470
togo,2017,6.2470
togo,2018,6.2470
togo,2019,6.2470
togo,2020,6.2470
togo,2021,6.2470
togo,2022,6.2470
trinidad_and_tobago,1997,3.0600
trinidad_and_tobago,1998,3.0410
trinidad_and_tobago,1999,3.3675
trinidad_and_tobago,2000,3.6940
trinidad_and_tobago,2001,4.0205
trinidad_and_tobago,2002,4.3470
trinidad_and_tobago,2003,4.6735
trinidad_and_tobago,2004,5.0000
trinidad_and_tobago,2005,5.0000
trinidad_and_tobago,2006,5.0000
trinidad_and_tobago,2007,5.0000
trinidad_and_tobago,2008,5.0000
trinidad_and_tobago,2009,5.0000
trinidad_and_tobago,2010,5.0000
trinidad_and_tobago,2011,5.0000
trinidad_and_tobago,2012,5.0000
trinidad_and_tobago,2013,5.0000
trinidad_and_tobago,2014,5.0000
trinidad_and_tobago,2015,5.0000
trinidad_and_tobago,2016,5.0000
trinidad_and_tobago,2017,5.0000
trinidad_and_tobago,2018,5.0000
trinidad_and_tobago,2019,5.0000
trinidad_and_tobago,2020,5.0000
trinidad_and_tobago,2021,5.0000
trinidad_and_tobago,2022,5.0000
tunisia,1991,322.00
tunisia,1992,329.89
tunisia,1993,337.78
tunisia,1994,345.67
tunisia,1995,353.56
tunisia,1996,361.44
tunisia,1997,369.33
tunisia,1998,377.22
tunisia,1999,385.11
tunisia,2000,393.00
tunisia,2001,395.00
tunisia,2002,397.00
tunisia,2003,399.00
tunisia,2004,401.00
tunisia,2005,403.00
tunisia,2006,405.00
tunisia,2007,405.75
tunisia,2008,406.51
tunisia,2009,407.26
tunisia,2010,408.02
tunisia,2011,408.77
tunisia,2012,409.52
tunisia,2013,410.28
tunisia,2014,411.03
tunisia,2015,411.79
tunisia,2016,412.54
tunisia,2017,402.67
tunisia,2018,405.00
tunisia,2019,411.00
tunisia,2020,413.00
tunisia,2021,413.00
tunisia,2022,413.00
turkiye,1994,3098.0
turkiye,1995,3196.5
turkiye,1996,3295.1
turkiye,1997,3393.6
turkiye,1998,3492.2
turkiye,1999,3590.7
turkiye,2000,3689.3
turkiye,2001,3787.8
turkiye,2002,3886.4
turkiye,2003,3984.9
turkiye,2004,4083.5
turkiye,2005,4182.0
turkiye,2006,4320.0
turkiye,2007,4800.0
turkiye,2008,5280.0
turkiye,2009,4993.6
turkiye,2010,4707.2
turkiye,2011,4420.8
turkiye,2012,4134.3
turkiye,2013,3847.9
turkiye,2014,3561.5
turkiye,2015,3275.1
turkiye,2016,2988.7
turkiye,2017,2702.3
turkiye,2018,2415.8
turkiye,2019,2129.4
turkiye,2020,1843.0
turkiye,2021,1883.0
turkiye,2022,1945.0
turkmenistan,1994,1744.0
turkmenistan,1995,1764.6
turkmenistan,1996,1785.2
turkmenistan,1997,1805.8
turkmenistan,1998,1826.3
turkmenistan,1999,1846.9
turkmenistan,2000,1867.5
turkmenistan,2001,1888.1
turkmenistan,2002,1908.7
turkmenistan,2003,1929.3
turkmenistan,2004,1949.8
turkmenistan,2005,1970.4
turkmenistan,2006,1991.0
turkmenistan,2007,1957.3
turkmenistan,2008,1923.7
turkmenistan,2009,1890.0
turkmenistan,2010,1856.4
turkmenistan,2011,1822.7
turkmenistan,2012,1789.1
turkmenistan,2013,1755.4
turkmenistan,2014,1721.7
turkmenistan,2015,1688.1
turkmenistan,2016,1654.4
turkmenistan,2017,1620.8
turkmenistan,2018,1587.1
turkmenistan,2019,1553.5
turkmenistan,2020,1519.8
turkmenistan,2021,1519.8
turkmenistan,2022,1519.8
uganda,1998,5.9000
uganda,1999,6.2343
uganda,2000,6.5686
uganda,2001,6.9029
uganda,2002,7.2371
uganda,2003,7.5714
uganda,2004,7.9057
uganda,2005,8.2400
uganda,2006,8.5743
uganda,2007,8.9086
uganda,2008,9.2429
uganda,2009,9.5771
uganda,2010,9.9114
uganda,2011,10.246
uganda,2012,10.580
uganda,2013,10.580
uganda,2014,10.580
uganda,2015,10.580
uganda,2016,10.580
uganda,2017,10.580
uganda,2018,10.580
uganda,2019,10.580
uganda,2020,10.580
uganda,2021,10.580
uganda,2022,10.580
ukraine,1995,1845.0
ukraine,1996,1697.7
ukraine,1997,1550.3
ukraine,1998,1403.0
ukraine,1999,1457.0
ukraine,2000,892.60
ukraine,2001,543.30
ukraine,2002,730.10
ukraine,2003,731.40
ukraine,2004,677.00
ukraine,2005,622.60
ukraine,2006,568.20
ukraine,2007,513.80
ukraine,2008,459.40
ukraine,2009,405.00
ukraine,2010,370.00
ukraine,2011,371.00
ukraine,2012,376.00
ukraine,2013,402.00
ukraine,2014,310.00
ukraine,2015,377.00
ukraine,2016,444.00
ukraine,2017,511.00
ukraine,2018,511.00
ukraine,2019,532.00
ukraine,2020,600.40
ukraine,2021,625.30
ukraine,2022,642.50
united_arab_emirates,1993,54.480
united_arab_emirates,1994,55.746
united_arab_emirates,1995,57.012
united_arab_emirates,1996,58.278
united_arab_emirates,1997,59.544
united_arab_emirates,1998,60.809
united_arab_emirates,1999,62.075
united_arab_emirates,2000,63.341
united_arab_emirates,2001,64.607
united_arab_emirates,2002,65.873
united_arab_emirates,2003,67.139
united_arab_emirates,2004,68.405
united_arab_emirates,2005,69.671
united_arab_emirates,2006,70.936
united_arab_emirates,2007,72.202
united_arab_emirates,2008,73.468
united_arab_emirates,2009,74.734
united_arab_emirates,2010,76.000
united_arab_emirates,2011,71.602
united_arab_emirates,2012,67.204
united_arab_emirates,2013,62.806
united_arab_emirates,2014,58.409
united_arab_emirates,2015,54.011
united_arab_emirates,2016,49.613
united_arab_emirates,2017,57.648
united_arab_emirates,2018,54.565
united_arab_emirates,2019,58.150
united_arab_emirates,2020,57.931
united_arab_emirates,2021,61.160
united_arab_emirates,2022,57.775
united_kingdom_of_great_britain_and_northern_ireland,2005,208.40
united_kingdom_of_great_britain_and_northern_ireland,2006,173.30
united_kingdom_of_great_britain_and_northern_ireland,2007,138.20
united_kingdom_of_great_britain_and_northern_ireland,2008,114.25
united_kingdom_of_great_britain_and_northern_ireland,2009,90.300
united_kingdom_of_great_britain_and_northern_ireland,2010,66.350
united_kingdom_of_great_britain_and_northern_ireland,2011,60.610
united_kingdom_of_great_britain_and_northern_ireland,2012,54.870
united_kingdom_of_great_britain_and_northern_ireland,2013,49.130
united_kingdom_of_great_britain_and_northern_ireland,2014,89.767
united_kingdom_of_great_britain_and_northern_ireland,2015,130.40
united_kingdom_of_great_britain_and_northern_ireland,2016,171.04
united_kingdom_of_great_britain_and_northern_ireland,2017,171.04
united_kingdom_of_great_britain_and_northern_ireland,2018,171.04
united_kingdom_of_great_britain_and_northern_ireland,2019,171.04
united_kingdom_of_great_britain_and_northern_ireland,2020,171.04
united_kingdom_of_great_britain_and_northern_ireland,2021,171.04
united_kingdom_of_great_britain_and_northern_ireland,2022,171.04
united_states_of_america,1997,22779
united_states_of_america,1998,22700
united_states_of_america,1999,22621
united_states_of_america,2000,22542
united_states_of_america,2001,22463
united_states_of_america,2002,22384
united_states_of_america,2003,22488
united_states_of_america,2004,22592
united_states_of_america,2005,22697
united_states_of_america,2006,22801
united_states_of_america,2007,22905
united_states_of_america,2008,22229
united_states_of_america,2009,22319
united_states_of_america,2010,22410
united_states_of_america,2011,22500
united_states_of_america,2012,22590
united_states_of_america,2013,22387
united_states_of_america,2014,22387
united_states_of_america,2015,22388
united_states_of_america,2016,22388
united_states_of_america,2017,23478
united_states_of_america,2018,22638
united_states_of_america,2019,22638
united_states_of_america,2020,22638
united_states_of_america,2021,22638
united_states_of_america,2022,22638
uruguay,1998,181.00
uruguay,1999,185.38
uruguay,2000,189.77
uruguay,2001,194.15
uruguay,2002,198.54
uruguay,2003,202.92
uruguay,2004,207.31
uruguay,2005,211.69
uruguay,2006,216.08
uruguay,2007,220.46
uruguay,2008,224.85
uruguay,2009,229.23
uruguay,2010,233.62
uruguay,2011,238.00
uruguay,2012,235.77
uruguay,2013,233.53
uruguay,2014,231.30
uruguay,2015,229.07
uruguay,2016,226.83
uruguay,2017,224.60
uruguay,2018,222.37
uruguay,2019,220.13
uruguay,2020,217.90
uruguay,2021,215.67
uruguay,2022,215.67
uzbekistan,1994,4202.0
uzbekistan,1995,4156.4
uzbekistan,1996,4110.7
uzbekistan,1997,4065.1
uzbekistan,1998,4019.5
uzbekistan,1999,3973.8
uzbekistan,2000,3928.2
uzbekistan,2001,3882.5
uzbekistan,2002,3836.9
uzbekistan,2003,3791.3
uzbekistan,2004,3745.6
uzbekistan,2005,3700.0
uzbekistan,2006,3700.0
uzbekistan,2007,3700.0
uzbekistan,2008,3700.0
uzbekistan,2009,3700.0
uzbekistan,2010,3700.0
uzbekistan,2011,3700.0
uzbekistan,2012,3700.0
uzbekistan,2013,3700.0
uzbekistan,2014,3700.0
uzbekistan,2015,3700.0
uzbekistan,2016,3700.0
uzbekistan,2017,3700.0
uzbekistan,2018,3700.0
uzbekistan,2019,3700.0
uzbekistan,2020,3700.0
uzbekistan,2021,3700.0
uzbekistan,2022,3700.0
venezuela_bolivarian_republic_of,1998,307.90
venezuela_bolivarian_republic_of,1999,374.99
venezuela_bolivarian_republic_of,2000,442.08
venezuela_bolivarian_republic_of,2001,509.17
venezuela_bolivarian_republic_of,2002,576.26
venezuela_bolivarian_republic_of,2003,643.35
venezuela_bolivarian_republic_of,2004,710.44
venezuela_bolivarian_republic_of,2005,777.53
venezuela_bolivarian_republic_of,2006,844.62
venezuela_bolivarian_republic_of,2007,911.71
venezuela_bolivarian_republic_of,2008,978.80
venezuela_bolivarian_republic_of,2009,978.80
venezuela_bolivarian_republic_of,2010,978.80
venezuela_bolivarian_republic_of,2011,978.80
venezuela_bolivarian_republic_of,2012,978.80
venezuela_bolivarian_republic_of,2013,978.80
venezuela_bolivarian_republic_of,2014,978.80
venezuela_bolivarian_republic_of,2015,978.80
venezuela_bolivarian_republic_of,2016,978.80
venezuela_bolivarian_republic_of,2017,978.80
venezuela_bolivarian_republic_of,2018,978.80
venezuela_bolivarian_republic_of,2019,978.80
venezuela_bolivarian_republic_of,2020,978.80
venezuela_bolivarian_republic_of,2021,978.80
venezuela_bolivarian_republic_of,2022,978.80
viet_nam,1990,2100.0
viet_nam,1991,2100.0
viet_nam,1992,2100.0
viet_nam,1993,2100.0
viet_nam,1994,2100.0
viet_nam,1995,2325.9
viet_nam,1996,2551.8
viet_nam,1997,2777.7
viet_nam,1998,3003.6
viet_nam,1999,3229.5
viet_nam,2000,3455.5
viet_nam,2001,3681.4
viet_nam,2002,3907.3
viet_nam,2003,4133.2
viet_nam,2004,4359.1
viet_nam,2005,4585.0
viet_nam,2006,4563.2
viet_nam,2007,4541.4
viet_nam,2008,4519.6
viet_nam,2009,4497.9
viet_nam,2010,4476.1
viet_nam,2011,4454.3
viet_nam,2012,4432.5
viet_nam,2013,4410.7
viet_nam,2014,4388.9
viet_nam,2015,4367.1
viet_nam,2016,4345.4
viet_nam,2017,4323.6
viet_nam,2018,4301.8
viet_nam,2019,4280.0
viet_nam,2020,4280.0
viet_nam,2021,4280.0
viet_nam,2022,4280.0
western_asia,2000,9979.9
western_asia,2001,10077
western_asia,2002,10175
western_asia,2003,10273
western_asia,2004,10372
western_asia,2005,10470
western_asia,2006,10857
western_asia,2007,11322
western_asia,2008,11793
western_asia,2009,11498
western_asia,2010,11203
western_asia,2011,10917
western_asia,2012,10631
western_asia,2013,10345
western_asia,2014,10060
western_asia,2015,9787.0
western_asia,2016,9455.3
western_asia,2017,9203.0
western_asia,2018,8947.6
western_asia,2019,8670.8
western_asia,2020,8446.2
western_asia,2021,8481.5
western_asia,2022,8548.2
world,2000,201180
world,2001,203220
world,2002,205450
world,2003,209610
world,2004,211790
world,2005,216140
world,2006,222700
world,2007,231070
world,2008,232210
world,2009,234180
world,2010,236560
world,2011,239220
world,2012,240700
world,2013,241450
world,2014,244780
world,2015,248410
world,2016,249650
world,2017,251820
world,2018,270050
world,2019,269420
world,2020,267600
world,2021,267490
world,2022,268080
zambia,1992,46.140
zambia,1993,57.116
zambia,1994,68.092
zambia,1995,79.068
zambia,1996,90.044
zambia,1997,101.02
zambia,1998,112.00
zambia,1999,122.97
zambia,2000,133.95
zambia,2001,144.92
zambia,2002,155.90
zambia,2003,155.90
zambia,2004,155.90
zambia,2005,155.90
zambia,2006,155.90
zambia,2007,155.90
zambia,2008,155.90
zambia,2009,155.90
zambia,2010,155.90
zambia,2011,155.90
zambia,2012,155.90
zambia,2013,155.90
zambia,2014,155.90
zambia,2015,155.90
zambia,2016,155.90
zambia,2017,155.90
zambia,2018,155.90
zambia,2019,155.90
zambia,2020,155.90
zambia,2021,155.90
zambia,2022,155.90
zimbabwe,1999,123.90
zimbabwe,2000,123.90
zimbabwe,2001,123.90
zimbabwe,2002,123.90
zimbabwe,2003,123.90
zimbabwe,2004,123.90
zimbabwe,2005,123.90
zimbabwe,2006,123.90
zimbabwe,2007,123.90
zimbabwe,2008,123.90
zimbabwe,2009,123.90
zimbabwe,2010,123.90
zimbabwe,2011,123.90
zimbabwe,2012,123.90
zimbabwe,2013,123.90
zimbabwe,2014,123.90
zimbabwe,2015,123.90
zimbabwe,2016,123.90
zimbabwe,2017,123.90
zimbabwe,2018,123.90
zimbabwe,2019,123.90
zimbabwe,2020,123.90
zimbabwe,2021,123.90
zimbabwe,2022,123.90
