area,year,dam_capacity_per_capita
afghanistan,1961,130.24
afghanistan,1962,127.60
afghanistan,1963,124.94
afghanistan,1964,122.27
afghanistan,1965,119.57
afghanistan,1966,116.89
afghanistan,1967,138.87
afghanistan,1968,186.76
afghanistan,1969,182.35
afghanistan,1970,177.94
afghanistan,1971,173.67
afghanistan,1972,169.48
afghanistan,1973,165.24
afghanistan,1974,161.12
afghanistan,1975,157.27
afghanistan,1976,153.83
afghanistan,1977,150.59
afghanistan,1978,147.60
afghanistan,1979,147.12
afghanistan,1980,152.55
afghanistan,1981,168.29
afghanistan,1982,182.78
afghanistan,1983,184.01
afghanistan,1984,179.53
afghanistan,1985,175.81
afghanistan,1986,175.92
afghanistan,1987,176.42
afghanistan,1988,174.34
afghanistan,1989,169.19
afghanistan,1990,166.78
afghanistan,1991,164.15
afghanistan,1992,151.29
afghanistan,1993,134.44
afghanistan,1994,123.62
afghanistan,1995,117.72
afghanistan,1996,113.10
afghanistan,1997,108.88
afghanistan,1998,104.85
afghanistan,1999,101.02
afghanistan,2000,99.800
afghanistan,2001,99.042
afghanistan,2002,93.975
afghanistan,2003,88.374
afghanistan,2004,85.269
afghanistan,2005,82.321
afghanistan,2006,79.020
afghanistan,2007,77.538
afghanistan,2008,75.861
afghanistan,2009,73.145
afghanistan,2010,71.029
afghanistan,2011,68.455
afghanistan,2012,65.739
afghanistan,2013,63.530
afghanistan,2014,61.264
afghanistan,2015,59.382
afghanistan,2016,57.895
afghanistan,2017,56.292
afghanistan,2018,54.677
afghanistan,2019,53.069
afghanistan,2020,51.422
afghanistan,2021,50.224
afghanistan,2022,49.509
albania,1962,80.288
albania,1963,78.156
albania,1964,76.027
albania,1965,73.905
albania,1966,71.793
albania,1967,189.19
albania,1968,183.68
albania,1969,178.67
albania,1970,174.21
albania,1971,170.02
albania,1972,165.99
albania,1973,375.41
albania,1974,366.76
albania,1975,358.47
albania,1976,350.52
albania,1977,342.87
albania,1978,335.29
albania,1979,1335.1
albania,1980,1308.8
albania,1981,1283.0
albania,1982,1257.5
albania,1983,1232.3
albania,1984,1207.4
albania,1985,1183.0
albania,1986,1305.2
albania,1987,1279.8
albania,1988,1254.3
albania,1989,1236.1
albania,1990,1229.4
albania,1991,1227.7
albania,1992,1227.7
albania,1993,1229.5
albania,1994,1232.6
albania,1995,1236.7
albania,1996,1241.7
albania,1997,1247.8
albania,1998,1255.4
albania,1999,1263.9
albania,2000,1272.8
albania,2001,1280.2
albania,2002,1285.9
albania,2003,1292.5
albania,2004,1300.6
albania,2005,1310.1
albania,2006,1321.0
albania,2007,1333.2
albania,2008,1346.5
albania,2009,1360.8
albania,2010,1376.0
albania,2011,1384.2
albania,2012,1384.9
albania,2013,1386.0
albania,2014,1387.9
albania,2015,1390.3
albania,2016,1390.7
albania,2017,1390.5
albania,2018,1392.4
albania,2019,1396.9
albania,2020,1403.2
albania,2021,1414.2
albania,2022,1425.2
algeria,1961,90.443
algeria,1962,90.397
algeria,1963,105.72
algeria,1964,104.00
algeria,1965,116.27
algeria,1966,114.20
algeria,1967,111.66
algeria,1968,135.72
algeria,1969,132.66
algeria,1970,131.01
algeria,1971,128.08
algeria,1972,125.16
algeria,1973,122.25
algeria,1974,119.32
algeria,1975,115.17
algeria,1976,110.05
algeria,1977,107.94
algeria,1978,118.34
algeria,1979,114.86
algeria,1980,111.34
algeria,1981,107.79
algeria,1982,104.25
algeria,1983,114.40
algeria,1984,127.71
algeria,1985,146.36
algeria,1986,147.12
algeria,1987,160.99
algeria,1988,181.95
algeria,1989,177.21
algeria,1990,172.87
algeria,1991,168.80
algeria,1992,171.46
algeria,1993,167.38
algeria,1994,163.72
algeria,1995,165.88
algeria,1996,162.67
algeria,1997,159.66
algeria,1998,158.86
algeria,1999,162.47
algeria,2000,161.99
algeria,2001,173.11
algeria,2002,171.85
algeria,2003,206.56
algeria,2004,211.82
algeria,2005,217.95
algeria,2006,233.65
algeria,2007,229.79
algeria,2008,225.64
algeria,2009,228.07
algeria,2010,226.02
algeria,2011,225.03
algeria,2012,220.59
algeria,2013,216.18
algeria,2014,211.82
algeria,2015,207.50
algeria,2016,203.28
algeria,2017,206.75
algeria,2018,202.78
algeria,2019,199.08
algeria,2020,195.70
algeria,2021,192.56
algeria,2022,189.53
angola,1961,26.766
angola,1962,26.502
angola,1963,29.935
angola,1964,29.757
angola,1965,29.446
angola,1966,29.133
angola,1967,28.821
angola,1968,30.617
angola,1969,32.202
angola,1970,31.711
angola,1971,30.979
angola,1972,30.060
angola,1973,29.052
angola,1974,417.28
angola,1975,631.55
angola,1976,610.86
angola,1977,590.56
angola,1978,570.38
angola,1979,550.72
angola,1980,531.32
angola,1981,512.31
angola,1982,493.81
angola,1983,475.80
angola,1984,458.49
angola,1985,441.93
angola,1986,426.22
angola,1987,411.67
angola,1988,411.57
angola,1989,397.76
angola,1990,384.49
angola,1991,371.79
angola,1992,359.81
angola,1993,348.50
angola,1994,337.38
angola,1995,326.30
angola,1996,315.45
angola,1997,304.92
angola,1998,294.88
angola,1999,285.32
angola,2000,276.03
angola,2001,266.92
angola,2002,257.98
angola,2003,249.12
angola,2004,507.80
angola,2005,489.61
angola,2006,471.90
angola,2007,454.57
angola,2008,437.71
angola,2009,421.38
angola,2010,405.46
angola,2011,390.00
angola,2012,375.15
angola,2013,360.98
angola,2014,347.75
angola,2015,335.44
angola,2016,323.65
angola,2017,312.39
angola,2018,301.79
angola,2019,291.74
angola,2020,282.36
angola,2021,273.52
angola,2022,265.05
antigua_and_barbuda,1965,16.675
antigua_and_barbuda,1966,5.6158
antigua_and_barbuda,1967,5.5307
antigua_and_barbuda,1968,79.941
antigua_and_barbuda,1969,78.676
antigua_and_barbuda,1970,77.811
antigua_and_barbuda,1971,77.570
antigua_and_barbuda,1972,77.706
antigua_and_barbuda,1973,78.036
antigua_and_barbuda,1974,78.382
antigua_and_barbuda,1975,78.651
antigua_and_barbuda,1976,78.746
antigua_and_barbuda,1977,78.623
antigua_and_barbuda,1978,78.407
antigua_and_barbuda,1979,78.119
antigua_and_barbuda,1980,77.829
antigua_and_barbuda,1981,77.646
antigua_and_barbuda,1982,77.503
antigua_and_barbuda,1983,77.325
antigua_and_barbuda,1984,77.387
antigua_and_barbuda,1985,77.735
antigua_and_barbuda,1986,78.116
antigua_and_barbuda,1987,78.519
antigua_and_barbuda,1988,78.918
antigua_and_barbuda,1989,79.289
antigua_and_barbuda,1990,79.615
antigua_and_barbuda,1991,79.212
antigua_and_barbuda,1992,77.961
antigua_and_barbuda,1993,76.555
antigua_and_barbuda,1994,75.116
antigua_and_barbuda,1995,73.634
antigua_and_barbuda,1996,72.128
antigua_and_barbuda,1997,70.666
antigua_and_barbuda,1998,69.339
antigua_and_barbuda,1999,68.159
antigua_and_barbuda,2000,67.025
antigua_and_barbuda,2001,66.006
antigua_and_barbuda,2002,65.181
antigua_and_barbuda,2003,64.468
antigua_and_barbuda,2004,63.784
antigua_and_barbuda,2005,63.069
antigua_and_barbuda,2006,62.292
antigua_and_barbuda,2007,61.454
antigua_and_barbuda,2008,60.558
antigua_and_barbuda,2009,59.651
antigua_and_barbuda,2010,58.849
antigua_and_barbuda,2011,58.159
antigua_and_barbuda,2012,57.541
antigua_and_barbuda,2013,68.132
antigua_and_barbuda,2014,56.565
antigua_and_barbuda,2015,56.158
antigua_and_barbuda,2016,55.808
antigua_and_barbuda,2017,55.500
antigua_and_barbuda,2018,55.221
antigua_and_barbuda,2019,54.956
antigua_and_barbuda,2020,54.668
antigua_and_barbuda,2021,54.370
antigua_and_barbuda,2022,54.082
argentina,1961,137.48
argentina,1962,135.73
argentina,1963,220.11
argentina,1964,217.00
argentina,1965,220.90
argentina,1966,230.95
argentina,1967,303.77
argentina,1968,300.70
argentina,1969,296.94
argentina,1970,292.35
argentina,1971,287.78
argentina,1972,295.03
argentina,1973,1824.9
argentina,1974,1810.1
argentina,1975,1781.5
argentina,1976,1985.6
argentina,1977,3511.4
argentina,1978,3470.6
argentina,1979,3521.1
argentina,1980,3476.0
argentina,1981,3452.9
argentina,1982,3400.8
argentina,1983,3357.0
argentina,1984,3424.0
argentina,1985,3380.9
argentina,1986,3328.9
argentina,1987,3277.9
argentina,1988,3227.5
argentina,1989,3303.5
argentina,1990,3291.0
argentina,1991,3244.0
argentina,1992,3199.4
argentina,1993,3519.4
argentina,1994,3775.9
argentina,1995,3726.8
argentina,1996,3680.2
argentina,1997,3636.3
argentina,1998,3599.5
argentina,1999,3558.2
argentina,2000,3523.4
argentina,2001,3485.0
argentina,2002,3458.9
argentina,2003,3424.0
argentina,2004,3389.4
argentina,2005,3354.8
argentina,2006,3320.5
argentina,2007,3287.7
argentina,2008,3254.6
argentina,2009,3220.3
argentina,2010,3186.4
argentina,2011,3153.6
argentina,2012,3120.5
argentina,2013,3089.6
argentina,2014,3057.9
argentina,2015,3026.1
argentina,2016,2996.9
argentina,2017,2970.6
argentina,2018,2946.2
argentina,2019,2925.4
argentina,2020,2911.2
argentina,2021,2903.5
argentina,2022,2897.4
armenia,1992,381.01
armenia,1993,401.62
armenia,1994,412.21
armenia,1995,419.31
armenia,1996,423.00
armenia,1997,427.23
armenia,1998,432.27
armenia,1999,437.89
armenia,2000,443.72
armenia,2001,449.66
armenia,2002,453.89
armenia,2003,456.38
armenia,2004,462.86
armenia,2005,461.33
armenia,2006,463.79
armenia,2007,466.22
armenia,2008,468.55
armenia,2009,470.85
armenia,2010,473.17
armenia,2011,474.44
armenia,2012,474.56
armenia,2013,474.56
armenia,2014,474.58
armenia,2015,474.78
armenia,2016,475.17
armenia,2017,475.79
armenia,2018,476.61
armenia,2019,477.59
armenia,2020,479.75
armenia,2021,483.19
armenia,2022,481.42
australia,1961,1927.2
australia,1962,1928.6
australia,1963,1901.3
australia,1964,1868.4
australia,1965,1845.5
australia,1966,1869.7
australia,1967,2039.0
australia,1968,2159.6
australia,1969,2163.2
australia,1970,2109.8
australia,1971,3312.2
australia,1972,3377.3
australia,1973,3346.0
australia,1974,4224.1
australia,1975,4215.8
australia,1976,4308.6
australia,1977,4269.8
australia,1978,4221.2
australia,1979,4462.8
australia,1980,4414.8
australia,1981,4412.1
australia,1982,4586.9
australia,1983,4566.8
australia,1984,4547.0
australia,1985,4602.3
australia,1986,4565.4
australia,1987,4690.1
australia,1988,4643.3
australia,1989,4580.9
australia,1990,4541.4
australia,1991,4482.5
australia,1992,4432.4
australia,1993,4389.0
australia,1994,4346.2
australia,1995,4298.7
australia,1996,4249.4
australia,1997,4203.5
australia,1998,4159.3
australia,1999,4113.5
australia,2000,4065.7
australia,2001,4016.8
australia,2002,3969.6
australia,2003,3924.7
australia,2004,3880.3
australia,2005,3832.9
australia,2006,3777.8
australia,2007,3712.1
australia,2008,3639.9
australia,2009,3571.0
australia,2010,3513.1
australia,2011,3460.3
australia,2012,3403.8
australia,2013,3347.6
australia,2014,3296.6
australia,2015,3248.1
australia,2016,3197.1
australia,2017,3145.3
australia,2018,3096.6
australia,2019,3052.5
australia,2020,3021.6
australia,2021,2996.8
australia,2022,2968.8
austria,1961,51.721
austria,1962,63.047
austria,1963,62.644
austria,1964,97.392
austria,1965,96.762
austria,1966,103.39
austria,1967,102.63
austria,1968,108.84
austria,1969,177.55
austria,1970,176.93
austria,1971,193.34
austria,1972,192.22
austria,1973,198.68
austria,1974,198.34
austria,1975,203.22
austria,1976,215.88
austria,1977,242.89
austria,1978,243.08
austria,1979,243.50
austria,1980,251.51
austria,1981,255.63
austria,1982,255.44
austria,1983,255.85
austria,1984,267.37
austria,1985,267.24
austria,1986,278.95
austria,1987,278.77
austria,1988,278.37
austria,1989,277.08
austria,1990,277.06
austria,1991,274.29
austria,1992,271.30
austria,1993,269.07
austria,1994,268.03
austria,1995,267.62
austria,1996,267.27
austria,1997,266.97
austria,1998,266.68
austria,1999,266.17
austria,2000,265.53
austria,2001,264.57
austria,2002,263.28
austria,2003,261.95
austria,2004,260.32
austria,2005,258.55
austria,2006,257.28
austria,2007,256.44
austria,2008,255.63
austria,2009,254.97
austria,2010,254.35
austria,2011,253.50
austria,2012,252.35
austria,2013,250.87
austria,2014,248.92
austria,2015,246.15
austria,2016,243.50
austria,2017,241.82
austria,2018,240.65
austria,2019,239.58
austria,2020,238.49
austria,2021,237.28
austria,2022,234.72
azerbaijan,1992,2887.5
azerbaijan,1993,2849.7
azerbaijan,1994,2810.4
azerbaijan,1995,2770.3
azerbaijan,1996,2730.7
azerbaijan,1997,2694.5
azerbaijan,1998,2664.5
azerbaijan,1999,2639.9
azerbaijan,2000,2635.2
azerbaijan,2001,2610.6
azerbaijan,2002,2587.3
azerbaijan,2003,2559.4
azerbaijan,2004,2537.4
azerbaijan,2005,2505.7
azerbaijan,2006,2472.9
azerbaijan,2007,2440.1
azerbaijan,2008,2409.0
azerbaijan,2009,2381.3
azerbaijan,2010,2355.2
azerbaijan,2011,2327.4
azerbaijan,2012,2297.6
azerbaijan,2013,2266.6
azerbaijan,2014,2236.7
azerbaijan,2015,2208.8
azerbaijan,2016,2183.0
azerbaijan,2017,2161.0
azerbaijan,2018,2145.7
azerbaijan,2019,2130.7
azerbaijan,2020,2115.8
azerbaijan,2021,2104.9
azerbaijan,2022,2092.4
bahrain,1995,0.0000
bahrain,1996,0.0000
bahrain,1997,0.0000
bahrain,1998,0.0000
bahrain,1999,0.0000
bahrain,2000,0.0000
bahrain,2001,0.0000
bahrain,2002,0.0000
bahrain,2003,0.0000
bahrain,2004,0.0000
bahrain,2005,0.0000
bahrain,2006,0.0000
bahrain,2007,0.0000
bahrain,2008,0.0000
bahrain,2009,0.0000
bahrain,2010,0.0000
bahrain,2011,0.0000
bahrain,2012,0.0000
bahrain,2013,0.0000
bahrain,2014,0.0000
bahrain,2015,0.0000
bahrain,2016,0.0000
bahrain,2017,0.0000
bahrain,2018,0.0000
bahrain,2019,0.0000
bahrain,2020,0.0000
bahrain,2021,0.0000
bahrain,2022,0.0000
bangladesh,1962,118.02
bangladesh,1963,114.63
bangladesh,1964,111.33
bangladesh,1965,108.13
bangladesh,1966,105.03
bangladesh,1967,101.98
bangladesh,1968,99.024
bangladesh,1969,96.249
bangladesh,1970,93.790
bangladesh,1971,92.164
bangladesh,1972,90.408
bangladesh,1973,87.857
bangladesh,1974,85.404
bangladesh,1975,83.194
bangladesh,1976,81.109
bangladesh,1977,79.116
bangladesh,1978,77.209
bangladesh,1979,75.371
bangladesh,1980,73.589
bangladesh,1981,71.725
bangladesh,1982,69.784
bangladesh,1983,67.939
bangladesh,1984,66.217
bangladesh,1985,64.606
bangladesh,1986,63.107
bangladesh,1987,61.710
bangladesh,1988,60.411
bangladesh,1989,59.186
bangladesh,1990,58.020
bangladesh,1991,56.922
bangladesh,1992,55.859
bangladesh,1993,54.828
bangladesh,1994,53.821
bangladesh,1995,52.830
bangladesh,1996,51.873
bangladesh,1997,50.921
bangladesh,1998,49.968
bangladesh,1999,49.028
bangladesh,2000,48.140
bangladesh,2001,47.344
bangladesh,2002,46.619
bangladesh,2003,45.946
bangladesh,2004,45.324
bangladesh,2005,44.757
bangladesh,2006,44.240
bangladesh,2007,43.767
bangladesh,2008,43.332
bangladesh,2009,42.930
bangladesh,2010,42.555
bangladesh,2011,42.170
bangladesh,2012,41.768
bangladesh,2013,41.378
bangladesh,2014,41.003
bangladesh,2015,40.638
bangladesh,2016,40.277
bangladesh,2017,39.936
bangladesh,2018,39.609
bangladesh,2019,39.275
bangladesh,2020,38.948
bangladesh,2021,38.632
bangladesh,2022,38.238
belarus,1992,130.72
belarus,1993,130.41
belarus,1994,130.55
belarus,1995,130.97
belarus,1996,131.40
belarus,1997,131.95
belarus,1998,132.49
belarus,1999,133.04
belarus,2000,133.68
belarus,2001,134.39
belarus,2002,135.27
belarus,2003,136.24
belarus,2004,137.19
belarus,2005,138.15
belarus,2006,139.01
belarus,2007,139.66
belarus,2008,140.16
belarus,2009,326.06
belarus,2010,326.63
belarus,2011,327.26
belarus,2012,327.59
belarus,2013,327.54
belarus,2014,327.26
belarus,2015,326.75
belarus,2016,326.35
belarus,2017,326.46
belarus,2018,327.00
belarus,2019,328.55
belarus,2020,331.52
belarus,2021,335.09
belarus,2022,337.94
belgium,1961,3.9430
belgium,1962,3.9160
belgium,1963,3.8898
belgium,1964,3.8647
belgium,1965,3.8412
belgium,1966,3.8192
belgium,1967,3.7991
belgium,1968,3.7811
belgium,1969,3.7653
belgium,1970,3.7512
belgium,1971,6.5448
belgium,1972,6.5278
belgium,1973,6.5136
belgium,1974,6.5009
belgium,1975,6.4875
belgium,1976,6.4742
belgium,1977,6.4602
belgium,1978,14.767
belgium,1979,14.741
belgium,1980,14.718
belgium,1981,14.705
belgium,1982,14.693
belgium,1983,14.684
belgium,1984,14.675
belgium,1985,14.662
belgium,1986,14.642
belgium,1987,14.623
belgium,1988,14.596
belgium,1989,14.563
belgium,1990,14.520
belgium,1991,14.468
belgium,1992,14.407
belgium,1993,14.343
belgium,1994,14.283
belgium,1995,14.232
belgium,1996,14.190
belgium,1997,14.157
belgium,1998,14.126
belgium,1999,14.093
belgium,2000,14.076
belgium,2001,14.027
belgium,2002,13.965
belgium,2003,13.907
belgium,2004,13.847
belgium,2005,13.771
belgium,2006,13.680
belgium,2007,13.581
belgium,2008,13.474
belgium,2009,13.345
belgium,2010,13.194
belgium,2011,13.072
belgium,2012,12.991
belgium,2013,12.930
belgium,2014,12.872
belgium,2015,12.798
belgium,2016,12.733
belgium,2017,12.684
belgium,2018,12.626
belgium,2019,12.558
belgium,2020,12.504
belgium,2021,12.471
belgium,2022,12.395
belize,1961,0.0000
belize,1962,0.0000
belize,1963,0.0000
belize,1964,0.0000
belize,1965,0.0000
belize,1966,0.0000
belize,1967,0.0000
belize,1968,0.0000
belize,1969,0.0000
belize,1970,0.0000
belize,1971,0.0000
belize,1972,0.0000
belize,1973,0.0000
belize,1974,0.0000
belize,1975,0.0000
belize,1976,0.0000
belize,1977,0.0000
belize,1978,0.0000
belize,1979,0.0000
belize,1980,0.0000
belize,1981,0.0000
belize,1982,0.0000
belize,1983,0.0000
belize,1984,0.0000
belize,1985,0.0000
belize,1986,0.0000
belize,1987,0.0000
belize,1988,0.0000
belize,1989,0.0000
belize,1990,0.0000
belize,1991,0.0000
belize,1992,0.0000
belize,1993,0.0000
belize,1994,0.0000
belize,1995,8.3274
belize,1996,8.0833
belize,1997,7.8180
belize,1998,7.5498
belize,1999,7.2943
belize,2000,7.0598
belize,2001,6.8444
belize,2002,6.6404
belize,2003,6.4448
belize,2004,6.2572
belize,2005,435.06
belize,2006,422.75
belize,2007,411.01
belize,2008,399.85
belize,2009,389.30
belize,2010,380.02
belize,2011,371.83
belize,2012,363.92
belize,2013,356.24
belize,2014,348.79
belize,2015,341.53
belize,2016,333.69
belize,2017,326.10
belize,2018,320.07
belize,2019,315.42
belize,2020,311.40
belize,2021,307.83
belize,2022,302.19
benin,1961,0.0000
benin,1962,0.0000
benin,1963,0.0000
benin,1964,0.0000
benin,1965,0.0000
benin,1966,0.0000
benin,1967,0.0000
benin,1968,0.0000
benin,1969,0.0000
benin,1970,0.0000
benin,1971,0.0000
benin,1972,0.0000
benin,1973,0.0000
benin,1974,0.0000
benin,1975,0.0000
benin,1976,0.0000
benin,1977,0.0000
benin,1978,0.0000
benin,1979,6.1542
benin,1980,5.9869
benin,1981,5.8193
benin,1982,5.6537
benin,1983,5.4920
benin,1984,5.3338
benin,1985,5.1785
benin,1986,5.0263
benin,1987,4.8771
benin,1988,4.7309
benin,1989,4.5884
benin,1990,4.4495
benin,1991,4.3144
benin,1992,4.1831
benin,1993,4.0016
benin,1994,3.8547
benin,1995,3.7740
benin,1996,3.6766
benin,1997,3.5696
benin,1998,3.4612
benin,1999,3.3558
benin,2000,3.2541
benin,2001,3.1562
benin,2002,3.0617
benin,2003,2.9698
benin,2004,2.8802
benin,2005,2.7889
benin,2006,2.7032
benin,2007,2.6245
benin,2008,2.5465
benin,2009,2.4712
benin,2010,2.3986
benin,2011,2.3282
benin,2012,2.2601
benin,2013,2.1944
benin,2014,2.1306
benin,2015,2.0685
benin,2016,2.0089
benin,2017,1.9519
benin,2018,1.8977
benin,2019,1.8465
benin,2020,1.7980
benin,2021,1.7520
benin,2022,1.7079
bhutan,1961,0.0000
bhutan,1962,0.0000
bhutan,1963,0.0000
bhutan,1964,0.0000
bhutan,1965,0.0000
bhutan,1966,0.0000
bhutan,1967,0.0000
bhutan,1968,0.0000
bhutan,1969,0.0000
bhutan,1970,0.0000
bhutan,1971,0.0000
bhutan,1972,0.0000
bhutan,1973,0.0000
bhutan,1974,0.0000
bhutan,1975,0.0000
bhutan,1976,0.0000
bhutan,1977,0.0000
bhutan,1978,0.0000
bhutan,1979,0.0000
bhutan,1980,0.0000
bhutan,1981,0.0000
bhutan,1982,0.0000
bhutan,1983,0.0000
bhutan,1984,0.0000
bhutan,1985,0.0000
bhutan,1986,0.0000
bhutan,1987,0.0000
bhutan,1988,0.0000
bhutan,1989,0.0000
bhutan,1990,0.0000
bhutan,1991,0.0000
bhutan,1992,0.0000
bhutan,1993,0.0000
bhutan,1994,0.0000
bhutan,1995,0.0000
bhutan,1996,0.0000
bhutan,1997,0.0000
bhutan,1998,0.0000
bhutan,1999,0.0000
bhutan,2000,0.0000
bhutan,2001,0.0000
bhutan,2002,0.0000
bhutan,2003,0.0000
bhutan,2004,0.0000
bhutan,2005,0.0000
bhutan,2006,0.0000
bhutan,2007,0.0000
bhutan,2008,0.0000
bhutan,2009,0.0000
bhutan,2010,0.0000
bhutan,2011,0.0000
bhutan,2012,0.0000
bhutan,2013,0.0000
bhutan,2014,0.0000
bhutan,2015,0.0000
bhutan,2016,0.0000
bhutan,2017,0.0000
bhutan,2018,0.0000
bhutan,2019,0.0000
bhutan,2020,0.0000
bhutan,2021,0.0000
bhutan,2022,0.0000
bolivia_plurinational_state_of,1961,73.711
bolivia_plurinational_state_of,1962,72.474
bolivia_plurinational_state_of,1963,70.976
bolivia_plurinational_state_of,1964,69.493
bolivia_plurinational_state_of,1965,68.025
bolivia_plurinational_state_of,1966,66.571
bolivia_plurinational_state_of,1967,65.129
bolivia_plurinational_state_of,1968,63.699
bolivia_plurinational_state_of,1969,62.311
bolivia_plurinational_state_of,1970,61.182
bolivia_plurinational_state_of,1971,59.822
bolivia_plurinational_state_of,1972,58.493
bolivia_plurinational_state_of,1973,57.192
bolivia_plurinational_state_of,1974,55.914
bolivia_plurinational_state_of,1975,54.661
bolivia_plurinational_state_of,1976,53.424
bolivia_plurinational_state_of,1977,53.861
bolivia_plurinational_state_of,1978,52.638
bolivia_plurinational_state_of,1979,51.454
bolivia_plurinational_state_of,1980,50.996
bolivia_plurinational_state_of,1981,50.000
bolivia_plurinational_state_of,1982,48.920
bolivia_plurinational_state_of,1983,47.878
bolivia_plurinational_state_of,1984,46.866
bolivia_plurinational_state_of,1985,45.942
bolivia_plurinational_state_of,1986,54.466
bolivia_plurinational_state_of,1987,53.449
bolivia_plurinational_state_of,1988,76.905
bolivia_plurinational_state_of,1989,75.406
bolivia_plurinational_state_of,1990,74.252
bolivia_plurinational_state_of,1991,72.752
bolivia_plurinational_state_of,1992,71.316
bolivia_plurinational_state_of,1993,70.025
bolivia_plurinational_state_of,1994,72.200
bolivia_plurinational_state_of,1995,70.862
bolivia_plurinational_state_of,1996,69.600
bolivia_plurinational_state_of,1997,68.369
bolivia_plurinational_state_of,1998,67.173
bolivia_plurinational_state_of,1999,66.082
bolivia_plurinational_state_of,2000,65.036
bolivia_plurinational_state_of,2001,64.108
bolivia_plurinational_state_of,2002,63.049
bolivia_plurinational_state_of,2003,62.757
bolivia_plurinational_state_of,2004,62.373
bolivia_plurinational_state_of,2005,61.417
bolivia_plurinational_state_of,2006,60.967
bolivia_plurinational_state_of,2007,60.129
bolivia_plurinational_state_of,2008,59.460
bolivia_plurinational_state_of,2009,58.593
bolivia_plurinational_state_of,2010,58.003
bolivia_plurinational_state_of,2011,57.069
bolivia_plurinational_state_of,2012,56.164
bolivia_plurinational_state_of,2013,55.704
bolivia_plurinational_state_of,2014,54.850
bolivia_plurinational_state_of,2015,54.025
bolivia_plurinational_state_of,2016,53.226
bolivia_plurinational_state_of,2017,52.454
bolivia_plurinational_state_of,2018,51.707
bolivia_plurinational_state_of,2019,50.985
bolivia_plurinational_state_of,2020,50.360
bolivia_plurinational_state_of,2021,49.849
bolivia_plurinational_state_of,2022,49.272
bosnia_and_herzegovina,1992,687.76
bosnia_and_herzegovina,1993,745.91
bosnia_and_herzegovina,1994,781.77
bosnia_and_herzegovina,1995,783.84
bosnia_and_herzegovina,1996,751.54
bosnia_and_herzegovina,1997,724.80
bosnia_and_herzegovina,1998,712.19
bosnia_and_herzegovina,1999,705.13
bosnia_and_herzegovina,2000,700.13
bosnia_and_herzegovina,2001,696.84
bosnia_and_herzegovina,2002,695.42
bosnia_and_herzegovina,2003,696.99
bosnia_and_herzegovina,2004,703.31
bosnia_and_herzegovina,2005,710.95
bosnia_and_herzegovina,2006,716.76
bosnia_and_herzegovina,2007,725.66
bosnia_and_herzegovina,2008,737.78
bosnia_and_herzegovina,2009,750.56
bosnia_and_herzegovina,2010,764.11
bosnia_and_herzegovina,2011,778.34
bosnia_and_herzegovina,2012,793.55
bosnia_and_herzegovina,2013,806.57
bosnia_and_herzegovina,2014,816.98
bosnia_and_herzegovina,2015,827.73
bosnia_and_herzegovina,2016,838.58
bosnia_and_herzegovina,2017,849.42
bosnia_and_herzegovina,2018,859.88
bosnia_and_herzegovina,2019,870.53
bosnia_and_herzegovina,2020,882.72
bosnia_and_herzegovina,2021,897.53
bosnia_and_herzegovina,2022,908.76
botswana,1961,411.98
botswana,1962,402.64
botswana,1963,393.33
botswana,1964,388.16
botswana,1965,382.48
botswana,1966,380.36
botswana,1967,378.36
botswana,1968,376.39
botswana,1969,374.40
botswana,1970,372.33
botswana,1971,366.04
botswana,1972,489.71
botswana,1973,467.19
botswana,1974,444.67
botswana,1975,423.11
botswana,1976,401.84
botswana,1977,381.20
botswana,1978,358.91
botswana,1979,338.01
botswana,1980,325.13
botswana,1981,314.23
botswana,1982,302.00
botswana,1983,291.36
botswana,1984,281.27
botswana,1985,400.02
botswana,1986,386.68
botswana,1987,374.26
botswana,1988,363.26
botswana,1989,353.31
botswana,1990,346.72
botswana,1991,337.40
botswana,1992,328.04
botswana,1993,319.48
botswana,1994,310.75
botswana,1995,302.70
botswana,1996,295.40
botswana,1997,288.67
botswana,1998,282.35
botswana,1999,276.31
botswana,2000,330.10
botswana,2001,323.38
botswana,2002,317.35
botswana,2003,311.82
botswana,2004,320.78
botswana,2005,315.08
botswana,2006,309.26
botswana,2007,303.32
botswana,2008,297.29
botswana,2009,291.21
botswana,2010,285.13
botswana,2011,472.48
botswana,2012,526.27
botswana,2013,518.39
botswana,2014,510.90
botswana,2015,503.66
botswana,2016,496.56
botswana,2017,489.56
botswana,2018,482.66
botswana,2019,475.84
botswana,2020,469.04
botswana,2021,462.10
botswana,2022,454.82
brazil,1961,5408.0
brazil,1962,5249.0
brazil,1963,5386.5
brazil,1964,5232.8
brazil,1965,5087.4
brazil,1966,4950.3
brazil,1967,4821.2
brazil,1968,4699.3
brazil,1969,4582.9
brazil,1970,4470.9
brazil,1971,4362.8
brazil,1972,4257.9
brazil,1973,4361.2
brazil,1974,4257.9
brazil,1975,4157.8
brazil,1976,4060.0
brazil,1977,4062.3
brazil,1978,3966.5
brazil,1979,4072.4
brazil,1980,3977.5
brazil,1981,4023.2
brazil,1982,3932.5
brazil,1983,3982.2
brazil,1984,4384.4
brazil,1985,4291.9
brazil,1986,4204.4
brazil,1987,4121.9
brazil,1988,4043.9
brazil,1989,4106.3
brazil,1990,4033.6
brazil,1991,3965.0
brazil,1992,3899.4
brazil,1993,3836.8
brazil,1994,3777.3
brazil,1995,3719.6
brazil,1996,3663.7
brazil,1997,3609.6
brazil,1998,3877.9
brazil,1999,4018.1
brazil,2000,3963.3
brazil,2001,3941.4
brazil,2002,3905.7
brazil,2003,3860.0
brazil,2004,3816.6
brazil,2005,3775.0
brazil,2006,3750.0
brazil,2007,3712.2
brazil,2008,3676.8
brazil,2009,3646.6
brazil,2010,3616.1
brazil,2011,3586.7
brazil,2012,3557.7
brazil,2013,3529.0
brazil,2014,3500.7
brazil,2015,3473.1
brazil,2016,3446.7
brazil,2017,3421.7
brazil,2018,3398.4
brazil,2019,3376.3
brazil,2020,3356.8
brazil,2021,3342.6
brazil,2022,3330.5
brunei_darussalam,1961,486.54
brunei_darussalam,1962,465.40
brunei_darussalam,1963,444.97
brunei_darussalam,1964,424.96
brunei_darussalam,1965,406.12
brunei_darussalam,1966,388.47
brunei_darussalam,1967,371.96
brunei_darussalam,1968,356.62
brunei_darussalam,1969,342.44
brunei_darussalam,1970,333.09
brunei_darussalam,1971,326.37
brunei_darussalam,1972,316.57
brunei_darussalam,1973,305.44
brunei_darussalam,1974,294.87
brunei_darussalam,1975,284.77
brunei_darussalam,1976,275.13
brunei_darussalam,1977,265.91
brunei_darussalam,1978,257.39
brunei_darussalam,1979,249.49
brunei_darussalam,1980,241.86
brunei_darussalam,1981,234.47
brunei_darussalam,1982,227.15
brunei_darussalam,1983,219.85
brunei_darussalam,1984,212.67
brunei_darussalam,1985,205.61
brunei_darussalam,1986,198.74
brunei_darussalam,1987,192.48
brunei_darussalam,1988,186.84
brunei_darussalam,1989,181.46
brunei_darussalam,1990,176.32
brunei_darussalam,1991,171.42
brunei_darussalam,1992,166.81
brunei_darussalam,1993,162.52
brunei_darussalam,1994,158.45
brunei_darussalam,1995,154.58
brunei_darussalam,1996,150.91
brunei_darussalam,1997,147.42
brunei_darussalam,1998,144.09
brunei_darussalam,1999,140.93
brunei_darussalam,2000,137.90
brunei_darussalam,2001,135.03
brunei_darussalam,2002,132.35
brunei_darussalam,2003,129.86
brunei_darussalam,2004,127.55
brunei_darussalam,2005,125.41
brunei_darussalam,2006,123.44
brunei_darussalam,2007,121.37
brunei_darussalam,2008,119.15
brunei_darussalam,2009,116.93
brunei_darussalam,2010,114.73
brunei_darussalam,2011,112.70
brunei_darussalam,2012,110.99
brunei_darussalam,2013,109.47
brunei_darussalam,2014,108.01
brunei_darussalam,2015,106.61
brunei_darussalam,2016,105.28
brunei_darussalam,2017,104.01
brunei_darussalam,2018,102.81
brunei_darussalam,2019,101.68
brunei_darussalam,2020,100.61
brunei_darussalam,2021,99.648
brunei_darussalam,2022,98.849
bulgaria,1961,239.32
bulgaria,1962,238.83
bulgaria,1963,264.39
bulgaria,1964,285.33
bulgaria,1965,283.16
bulgaria,1966,306.62
bulgaria,1967,313.83
bulgaria,1968,311.60
bulgaria,1969,366.02
bulgaria,1970,410.74
bulgaria,1971,410.47
bulgaria,1972,415.13
bulgaria,1973,449.12
bulgaria,1974,521.52
bulgaria,1975,552.74
bulgaria,1976,612.48
bulgaria,1977,609.33
bulgaria,1978,608.71
bulgaria,1979,634.67
bulgaria,1980,632.20
bulgaria,1981,630.19
bulgaria,1982,666.73
bulgaria,1983,665.19
bulgaria,1984,663.76
bulgaria,1985,666.09
bulgaria,1986,722.20
bulgaria,1987,721.17
bulgaria,1988,721.41
bulgaria,1989,725.39
bulgaria,1990,734.77
bulgaria,1991,745.46
bulgaria,1992,757.37
bulgaria,1993,765.65
bulgaria,1994,774.44
bulgaria,1995,779.94
bulgaria,1996,786.16
bulgaria,1997,793.27
bulgaria,1998,800.96
bulgaria,1999,807.99
bulgaria,2000,814.75
bulgaria,2001,822.15
bulgaria,2002,829.11
bulgaria,2003,835.22
bulgaria,2004,841.15
bulgaria,2005,847.09
bulgaria,2006,853.16
bulgaria,2007,859.17
bulgaria,2008,865.01
bulgaria,2009,870.51
bulgaria,2010,876.41
bulgaria,2011,883.25
bulgaria,2012,890.86
bulgaria,2013,897.28
bulgaria,2014,902.39
bulgaria,2015,908.17
bulgaria,2016,914.55
bulgaria,2017,921.25
bulgaria,2018,927.92
bulgaria,2019,934.47
bulgaria,2020,940.11
bulgaria,2021,947.82
bulgaria,2022,954.96
burkina_faso,1961,31.065
burkina_faso,1962,32.642
burkina_faso,1963,33.675
burkina_faso,1964,35.052
burkina_faso,1965,38.347
burkina_faso,1966,39.031
burkina_faso,1967,42.117
burkina_faso,1968,41.399
burkina_faso,1969,40.904
burkina_faso,1970,40.622
burkina_faso,1971,40.383
burkina_faso,1972,39.693
burkina_faso,1973,38.990
burkina_faso,1974,39.437
burkina_faso,1975,39.054
burkina_faso,1976,133.97
burkina_faso,1977,133.49
burkina_faso,1978,131.99
burkina_faso,1979,130.63
burkina_faso,1980,129.37
burkina_faso,1981,126.03
burkina_faso,1982,124.65
burkina_faso,1983,122.19
burkina_faso,1984,384.40
burkina_faso,1985,374.14
burkina_faso,1986,365.00
burkina_faso,1987,363.66
burkina_faso,1988,354.39
burkina_faso,1989,346.59
burkina_faso,1990,337.58
burkina_faso,1991,334.23
burkina_faso,1992,502.86
burkina_faso,1993,491.47
burkina_faso,1994,489.79
burkina_faso,1995,478.32
burkina_faso,1996,466.83
burkina_faso,1997,455.63
burkina_faso,1998,443.33
burkina_faso,1999,430.63
burkina_faso,2000,435.87
burkina_faso,2001,422.78
burkina_faso,2002,409.91
burkina_faso,2003,397.66
burkina_faso,2004,385.85
burkina_faso,2005,375.03
burkina_faso,2006,370.61
burkina_faso,2007,359.71
burkina_faso,2008,349.82
burkina_faso,2009,339.75
burkina_faso,2010,329.96
burkina_faso,2011,320.35
burkina_faso,2012,310.82
burkina_faso,2013,301.64
burkina_faso,2014,292.80
burkina_faso,2015,284.25
burkina_faso,2016,276.06
burkina_faso,2017,268.30
burkina_faso,2018,261.16
burkina_faso,2019,254.63
burkina_faso,2020,248.51
burkina_faso,2021,242.67
burkina_faso,2022,237.13
cabo_verde,1985,0.0000
cabo_verde,1986,0.0000
cabo_verde,1987,0.0000
cabo_verde,1988,0.0000
cabo_verde,1989,0.0000
cabo_verde,1990,0.0000
cabo_verde,1991,0.0000
cabo_verde,1992,0.0000
cabo_verde,1993,0.0000
cabo_verde,1994,0.0000
cabo_verde,1995,0.0000
cabo_verde,1996,0.0000
cabo_verde,1997,0.0000
cabo_verde,1998,0.0000
cabo_verde,1999,0.0000
cabo_verde,2000,0.0000
cabo_verde,2001,0.0000
cabo_verde,2002,0.0000
cabo_verde,2003,0.0000
cabo_verde,2004,0.0000
cabo_verde,2005,0.0000
cabo_verde,2006,0.0000
cabo_verde,2007,0.0000
cabo_verde,2008,0.0000
cabo_verde,2009,0.0000
cabo_verde,2010,0.0000
cabo_verde,2011,0.0000
cabo_verde,2012,0.0000
cabo_verde,2013,0.0000
cabo_verde,2014,0.0000
cabo_verde,2015,0.0000
cabo_verde,2016,0.0000
cabo_verde,2017,0.0000
cabo_verde,2018,0.0000
cabo_verde,2019,0.0000
cabo_verde,2020,0.0000
cabo_verde,2021,0.0000
cabo_verde,2022,0.0000
cambodia,1968,0.0000
cambodia,1969,0.0000
cambodia,1970,0.0000
cambodia,1971,0.0000
cambodia,1972,0.0000
cambodia,1973,0.0000
cambodia,1974,0.0000
cambodia,1975,0.0000
cambodia,1976,0.0000
cambodia,1977,0.0000
cambodia,1978,0.0000
cambodia,1979,0.0000
cambodia,1980,0.0000
cambodia,1981,0.0000
cambodia,1982,0.0000
cambodia,1983,0.0000
cambodia,1984,0.0000
cambodia,1985,0.0000
cambodia,1986,0.0000
cambodia,1987,0.0000
cambodia,1988,0.0000
cambodia,1989,0.0000
cambodia,1990,0.0000
cambodia,1991,0.0000
cambodia,1992,0.12326
cambodia,1993,0.11606
cambodia,1994,0.10823
cambodia,1995,0.099815
cambodia,1996,0.092582
cambodia,1997,0.086423
cambodia,1998,0.082931
cambodia,1999,0.081528
cambodia,2000,0.080242
cambodia,2001,0.078998
cambodia,2002,0.077789
cambodia,2003,0.076623
cambodia,2004,0.075502
cambodia,2005,0.074409
cambodia,2006,0.073319
cambodia,2007,0.072245
cambodia,2008,0.071157
cambodia,2009,0.070044
cambodia,2010,0.068962
cambodia,2011,0.067923
cambodia,2012,0.066912
cambodia,2013,0.065919
cambodia,2014,0.064949
cambodia,2015,0.064007
cambodia,2016,0.063080
cambodia,2017,0.062215
cambodia,2018,0.061446
cambodia,2019,0.060675
cambodia,2020,0.059789
cambodia,2021,0.058913
cambodia,2022,0.058134
cameroon,1961,1.2546
cameroon,1962,1.2312
cameroon,1963,1.2046
cameroon,1964,1.1783
cameroon,1965,1.1522
cameroon,1966,1.1260
cameroon,1967,1.0997
cameroon,1968,1.0730
cameroon,1969,1.0461
cameroon,1970,1.7943
cameroon,1971,394.23
cameroon,1972,383.67
cameroon,1973,373.26
cameroon,1974,624.25
cameroon,1975,607.07
cameroon,1976,591.02
cameroon,1977,575.97
cameroon,1978,560.49
cameroon,1979,545.61
cameroon,1980,529.31
cameroon,1981,511.05
cameroon,1982,499.03
cameroon,1983,1335.3
cameroon,1984,1299.3
cameroon,1985,1261.1
cameroon,1986,1223.7
cameroon,1987,1187.1
cameroon,1988,1461.0
cameroon,1989,1418.8
cameroon,1990,1377.6
cameroon,1991,1338.0
cameroon,1992,1300.2
cameroon,1993,1263.7
cameroon,1994,1228.7
cameroon,1995,1195.4
cameroon,1996,1163.7
cameroon,1997,1133.2
cameroon,1998,1103.6
cameroon,1999,1074.7
cameroon,2000,1046.8
cameroon,2001,1019.7
cameroon,2002,992.69
cameroon,2003,965.98
cameroon,2004,939.81
cameroon,2005,914.26
cameroon,2006,889.47
cameroon,2007,864.86
cameroon,2008,840.45
cameroon,2009,816.71
cameroon,2010,793.70
cameroon,2011,771.57
cameroon,2012,750.17
cameroon,2013,729.39
cameroon,2014,707.65
cameroon,2015,685.78
cameroon,2016,665.58
cameroon,2017,646.98
cameroon,2018,629.30
cameroon,2019,612.04
cameroon,2020,595.59
cameroon,2021,579.98
cameroon,2022,564.93
canada,1961,11364
canada,1962,11294
canada,1963,11125
canada,1964,10921
canada,1965,11426
canada,1966,11507
canada,1967,15282
canada,1968,22981
canada,1969,23832
canada,1970,23850
canada,1971,24874
canada,1972,25703
canada,1973,25382
canada,1974,25035
canada,1975,26514
canada,1976,26390
canada,1977,28705
canada,1978,28466
canada,1979,28162
canada,1980,28188
canada,1981,33202
canada,1982,32911
canada,1983,32771
canada,1984,32483
canada,1985,32165
canada,1986,31818
canada,1987,31423
canada,1988,30990
canada,1989,30507
canada,1990,30048
canada,1991,29695
canada,1992,29338
canada,1993,29001
canada,1994,28820
canada,1995,28515
canada,1996,28226
canada,1997,27952
canada,1998,27710
canada,1999,27467
canada,2000,27209
canada,2001,26929
canada,2002,26662
canada,2003,26410
canada,2004,26167
canada,2005,25919
canada,2006,25666
canada,2007,25408
canada,2008,25158
canada,2009,24877
canada,2010,24608
canada,2011,24352
canada,2012,24096
canada,2013,23843
canada,2014,23615
canada,2015,23400
canada,2016,23148
canada,2017,22862
canada,2018,22563
canada,2019,22272
canada,2020,22045
canada,2021,21883
canada,2022,21676
chile,1961,922.30
chile,1962,903.60
chile,1963,885.56
chile,1964,868.53
chile,1965,852.11
chile,1966,836.44
chile,1967,848.81
chile,1968,930.19
chile,1969,914.28
chile,1970,898.95
chile,1971,884.19
chile,1972,872.68
chile,1973,858.70
chile,1974,917.04
chile,1975,904.86
chile,1976,891.75
chile,1977,878.19
chile,1978,865.05
chile,1979,852.31
chile,1980,839.81
chile,1981,827.57
chile,1982,815.60
chile,1983,803.66
chile,1984,791.71
chile,1985,909.22
chile,1986,895.23
chile,1987,883.92
chile,1988,869.69
chile,1989,855.50
chile,1990,841.36
chile,1991,827.48
chile,1992,814.24
chile,1993,801.67
chile,1994,806.25
chile,1995,805.96
chile,1996,800.29
chile,1997,789.65
chile,1998,779.46
chile,1999,769.71
chile,2000,776.71
chile,2001,767.79
chile,2002,759.36
chile,2003,751.45
chile,2004,816.43
chile,2005,808.37
chile,2006,800.51
chile,2007,792.72
chile,2008,784.84
chile,2009,776.96
chile,2010,769.19
chile,2011,761.64
chile,2012,754.37
chile,2013,816.42
chile,2014,739.79
chile,2015,732.28
chile,2016,723.47
chile,2017,712.10
chile,2018,699.50
chile,2019,688.41
chile,2020,682.26
chile,2021,679.26
chile,2022,675.90
china,1961,224.01
china,1962,229.50
china,1963,224.14
china,1964,233.40
china,1965,232.59
china,1966,236.33
china,1967,233.45
china,1968,233.42
china,1969,233.11
china,1970,242.49
china,1971,241.43
china,1972,254.02
china,1973,276.66
china,1974,280.77
china,1975,279.60
china,1976,280.25
china,1977,277.98
china,1978,276.80
china,1979,280.33
china,1980,277.41
china,1981,274.61
china,1982,272.44
china,1983,270.79
china,1984,267.35
china,1985,265.52
china,1986,267.91
china,1987,264.65
china,1988,263.30
china,1989,281.48
china,1990,279.14
china,1991,275.09
china,1992,283.17
china,1993,283.32
china,1994,281.25
china,1995,384.30
china,1996,386.63
china,1997,385.15
china,1998,383.21
china,1999,387.55
china,2000,402.97
china,2001,401.37
china,2002,398.99
china,2003,396.64
china,2004,395.08
china,2005,419.62
china,2006,447.10
china,2007,444.50
china,2008,446.10
china,2009,463.90
china,2010,460.83
china,2011,468.38
china,2012,481.59
china,2013,588.39
china,2014,584.63
china,2015,581.23
china,2016,578.44
china,2017,575.08
china,2018,572.42
china,2019,570.63
china,2020,569.61
china,2021,569.52
china,2022,570.07
colombia,1961,96.649
colombia,1962,95.549
colombia,1963,92.675
colombia,1964,170.24
colombia,1965,171.15
colombia,1966,194.35
colombia,1967,188.97
colombia,1968,183.89
colombia,1969,179.13
colombia,1970,174.66
colombia,1971,170.50
colombia,1972,218.17
colombia,1973,215.91
colombia,1974,211.10
colombia,1975,206.48
colombia,1976,202.03
colombia,1977,224.45
colombia,1978,219.44
colombia,1979,257.45
colombia,1980,251.64
colombia,1981,245.91
colombia,1982,240.29
colombia,1983,234.71
colombia,1984,231.50
colombia,1985,255.99
colombia,1986,250.76
colombia,1987,248.28
colombia,1988,249.42
colombia,1989,244.35
colombia,1990,246.64
colombia,1991,241.73
colombia,1992,261.55
colombia,1993,256.38
colombia,1994,251.38
colombia,1995,246.62
colombia,1996,242.17
colombia,1997,237.87
colombia,1998,233.65
colombia,1999,229.62
colombia,2000,273.57
colombia,2001,274.99
colombia,2002,275.56
colombia,2003,271.44
colombia,2004,267.48
colombia,2005,263.76
colombia,2006,260.30
colombia,2007,257.02
colombia,2008,253.94
colombia,2009,251.00
colombia,2010,251.91
colombia,2011,249.28
colombia,2012,246.79
colombia,2013,244.46
colombia,2014,242.29
colombia,2015,240.20
colombia,2016,237.84
colombia,2017,234.41
colombia,2018,230.14
colombia,2019,226.06
colombia,2020,222.84
colombia,2021,220.41
colombia,2022,218.07
congo,1961,7.8385
congo,1962,7.6358
congo,1963,7.4349
congo,1964,7.2352
congo,1965,7.0371
congo,1966,6.8409
congo,1967,6.6474
congo,1968,6.4564
congo,1969,6.2676
congo,1970,6.0817
congo,1971,5.8985
congo,1972,5.7183
congo,1973,5.5422
congo,1974,5.6879
congo,1975,5.5315
congo,1976,5.3982
congo,1977,5.2707
congo,1978,5.1485
congo,1979,5.0321
congo,1980,4.9208
congo,1981,4.8135
congo,1982,4.7110
congo,1983,4.6146
congo,1984,4.5011
congo,1985,4.3704
congo,1986,4.2441
congo,1987,4.1219
congo,1988,4.0042
congo,1989,3.8901
congo,1990,3.7806
congo,1991,3.6746
congo,1992,3.5722
congo,1993,3.4680
congo,1994,3.3668
congo,1995,3.2734
congo,1996,3.1838
congo,1997,3.1165
congo,1998,3.0487
congo,1999,2.9675
congo,2000,2.8559
congo,2001,2.7502
congo,2002,2.6859
congo,2003,2.6119
congo,2004,2.5242
congo,2005,2.4348
congo,2006,2.3453
congo,2007,2.2611
congo,2008,2.1879
congo,2009,2.1022
congo,2010,2.0169
congo,2011,1.9524
congo,2012,1.8986
congo,2013,1.8530
congo,2014,1.8087
congo,2015,1.7655
congo,2016,1.7233
congo,2017,1.6819
congo,2018,1.6414
congo,2019,1.6024
congo,2020,1.5645
congo,2021,1.5274
congo,2022,1.4913
costa_rica,1961,0.36287
costa_rica,1962,0.34979
costa_rica,1963,0.60745
costa_rica,1964,0.58672
costa_rica,1965,0.56739
costa_rica,1966,22.526
costa_rica,1967,21.840
costa_rica,1968,21.210
costa_rica,1969,20.623
costa_rica,1970,20.066
costa_rica,1971,19.539
costa_rica,1972,19.038
costa_rica,1973,18.558
costa_rica,1974,18.091
costa_rica,1975,17.633
costa_rica,1976,17.181
costa_rica,1977,16.735
costa_rica,1978,16.295
costa_rica,1979,837.27
costa_rica,1980,814.81
costa_rica,1981,792.91
costa_rica,1982,771.54
costa_rica,1983,750.62
costa_rica,1984,730.24
costa_rica,1985,710.45
costa_rica,1986,691.46
costa_rica,1987,673.64
costa_rica,1988,656.53
costa_rica,1989,640.19
costa_rica,1990,624.22
costa_rica,1991,608.54
costa_rica,1992,594.79
costa_rica,1993,580.10
costa_rica,1994,566.03
costa_rica,1995,552.57
costa_rica,1996,539.84
costa_rica,1997,527.77
costa_rica,1998,516.46
costa_rica,1999,505.86
costa_rica,2000,498.93
costa_rica,2001,490.07
costa_rica,2002,482.53
costa_rica,2003,475.18
costa_rica,2004,468.25
costa_rica,2005,461.53
costa_rica,2006,455.11
costa_rica,2007,448.99
costa_rica,2008,442.94
costa_rica,2009,437.06
costa_rica,2010,431.67
costa_rica,2011,433.20
costa_rica,2012,428.11
costa_rica,2013,423.37
costa_rica,2014,418.84
costa_rica,2015,414.42
costa_rica,2016,410.25
costa_rica,2017,406.39
costa_rica,2018,402.73
costa_rica,2019,399.37
costa_rica,2020,396.61
costa_rica,2021,394.60
costa_rica,2022,392.91
cote_d_ivoire,1961,242.85
cote_d_ivoire,1962,233.84
cote_d_ivoire,1963,225.02
cote_d_ivoire,1964,233.30
cote_d_ivoire,1965,224.45
cote_d_ivoire,1966,215.94
cote_d_ivoire,1967,207.74
cote_d_ivoire,1968,199.82
cote_d_ivoire,1969,192.04
cote_d_ivoire,1970,184.25
cote_d_ivoire,1971,176.45
cote_d_ivoire,1972,4851.7
cote_d_ivoire,1973,4636.9
cote_d_ivoire,1974,4433.2
cote_d_ivoire,1975,4239.7
cote_d_ivoire,1976,4080.6
cote_d_ivoire,1977,3933.5
cote_d_ivoire,1978,3788.0
cote_d_ivoire,1979,3657.8
cote_d_ivoire,1980,4528.8
cote_d_ivoire,1981,4351.0
cote_d_ivoire,1982,4181.0
cote_d_ivoire,1983,4016.5
cote_d_ivoire,1984,3859.3
cote_d_ivoire,1985,3709.4
cote_d_ivoire,1986,3567.1
cote_d_ivoire,1987,3432.2
cote_d_ivoire,1988,3303.2
cote_d_ivoire,1989,3177.9
cote_d_ivoire,1990,3055.3
cote_d_ivoire,1991,2936.3
cote_d_ivoire,1992,2821.4
cote_d_ivoire,1993,2711.4
cote_d_ivoire,1994,2606.8
cote_d_ivoire,1995,2507.1
cote_d_ivoire,1996,2411.8
cote_d_ivoire,1997,2320.9
cote_d_ivoire,1998,2235.0
cote_d_ivoire,1999,2163.3
cote_d_ivoire,2000,2104.3
cote_d_ivoire,2001,2048.7
cote_d_ivoire,2002,1996.5
cote_d_ivoire,2003,1947.3
cote_d_ivoire,2004,1900.7
cote_d_ivoire,2005,1855.8
cote_d_ivoire,2006,1812.6
cote_d_ivoire,2007,1770.9
cote_d_ivoire,2008,1731.1
cote_d_ivoire,2009,1693.1
cote_d_ivoire,2010,1656.2
cote_d_ivoire,2011,1620.6
cote_d_ivoire,2012,1587.1
cote_d_ivoire,2013,1555.7
cote_d_ivoire,2014,1518.5
cote_d_ivoire,2015,1475.2
cote_d_ivoire,2016,1433.0
cote_d_ivoire,2017,1393.2
cote_d_ivoire,2018,1356.1
cote_d_ivoire,2019,1321.0
cote_d_ivoire,2020,1288.0
cote_d_ivoire,2021,1256.6
cote_d_ivoire,2022,1225.3
croatia,1992,201.16
croatia,1993,203.39
croatia,1994,205.75
croatia,1995,208.25
croatia,1996,210.86
croatia,1997,213.56
croatia,1998,216.39
croatia,1999,219.34
croatia,2000,222.37
croatia,2001,223.67
croatia,2002,223.42
croatia,2003,223.37
croatia,2004,223.20
croatia,2005,223.00
croatia,2006,222.90
croatia,2007,222.89
croatia,2008,222.96
croatia,2009,223.17
croatia,2010,223.66
croatia,2011,224.72
croatia,2012,225.86
croatia,2013,226.76
croatia,2014,227.99
croatia,2015,229.94
croatia,2016,232.57
croatia,2017,235.83
croatia,2018,239.01
croatia,2019,241.32
croatia,2020,243.30
croatia,2021,245.12
croatia,2022,246.22
cuba,1961,5.6585
cuba,1962,5.5430
cuba,1963,5.4274
cuba,1964,5.3140
cuba,1965,5.2050
cuba,1966,33.977
cuba,1967,62.422
cuba,1968,71.706
cuba,1969,75.200
cuba,1970,80.205
cuba,1971,83.941
cuba,1972,122.55
cuba,1973,240.52
cuba,1974,263.32
cuba,1975,294.81
cuba,1976,309.98
cuba,1977,364.44
cuba,1978,364.06
cuba,1979,363.02
cuba,1980,413.51
cuba,1981,411.74
cuba,1982,410.15
cuba,1983,407.22
cuba,1984,405.24
cuba,1985,405.98
cuba,1986,402.83
cuba,1987,419.22
cuba,1988,437.03
cuba,1989,434.99
cuba,1990,448.47
cuba,1991,456.85
cuba,1992,462.96
cuba,1993,461.27
cuba,1994,459.36
cuba,1995,457.71
cuba,1996,459.05
cuba,1997,457.55
cuba,1998,456.03
cuba,1999,454.48
cuba,2000,452.97
cuba,2001,451.55
cuba,2002,450.21
cuba,2003,448.92
cuba,2004,447.75
cuba,2005,446.80
cuba,2006,446.17
cuba,2007,445.82
cuba,2008,445.65
cuba,2009,445.53
cuba,2010,445.42
cuba,2011,501.00
cuba,2012,830.21
cuba,2013,501.16
cuba,2014,501.71
cuba,2015,502.18
cuba,2016,502.60
cuba,2017,503.40
cuba,2018,504.33
cuba,2019,505.42
cuba,2020,506.62
cuba,2021,509.09
cuba,2022,511.96
cyprus,1961,17.088
cyprus,1962,16.919
cyprus,1963,16.757
cyprus,1964,16.613
cyprus,1965,21.977
cyprus,1966,25.275
cyprus,1967,25.039
cyprus,1968,46.218
cyprus,1969,45.784
cyprus,1970,45.341
cyprus,1971,44.883
cyprus,1972,44.407
cyprus,1973,64.880
cyprus,1974,65.142
cyprus,1975,65.523
cyprus,1976,65.263
cyprus,1977,64.767
cyprus,1978,64.271
cyprus,1979,63.768
cyprus,1980,63.252
cyprus,1981,62.718
cyprus,1982,135.26
cyprus,1983,133.21
cyprus,1984,130.96
cyprus,1985,173.40
cyprus,1986,204.29
cyprus,1987,210.13
cyprus,1988,357.08
cyprus,1989,351.94
cyprus,1990,347.06
cyprus,1991,342.46
cyprus,1992,337.64
cyprus,1993,331.23
cyprus,1994,353.99
cyprus,1995,317.15
cyprus,1996,310.81
cyprus,1997,304.83
cyprus,1998,303.87
cyprus,1999,298.43
cyprus,2000,293.25
cyprus,2001,288.25
cyprus,2002,286.01
cyprus,2003,280.82
cyprus,2004,275.78
cyprus,2005,288.28
cyprus,2006,283.29
cyprus,2007,278.46
cyprus,2008,273.78
cyprus,2009,269.26
cyprus,2010,264.85
cyprus,2011,260.54
cyprus,2012,256.31
cyprus,2013,252.31
cyprus,2014,277.67
cyprus,2015,273.64
cyprus,2016,269.75
cyprus,2017,266.05
cyprus,2018,262.61
cyprus,2019,259.36
cyprus,2020,256.25
cyprus,2021,253.32
cyprus,2022,250.65
czechia,1993,287.47
czechia,1994,287.42
czechia,1995,287.62
czechia,1996,288.15
czechia,1997,309.76
czechia,1998,310.20
czechia,1999,310.62
czechia,2000,311.06
czechia,2001,311.21
czechia,2002,310.98
czechia,2003,310.70
czechia,2004,310.32
czechia,2005,309.75
czechia,2006,309.02
czechia,2007,308.03
czechia,2008,306.82
czechia,2009,305.54
czechia,2010,304.31
czechia,2011,303.40
czechia,2012,303.05
czechia,2013,302.94
czechia,2014,302.77
czechia,2015,302.56
czechia,2016,302.35
czechia,2017,302.08
czechia,2018,301.86
czechia,2019,301.69
czechia,2020,301.83
czechia,2021,302.38
czechia,2022,298.35
democratic_people_s_republic_of_korea,1961,1426.9
democratic_people_s_republic_of_korea,1962,1396.7
democratic_people_s_republic_of_korea,1963,1362.9
democratic_people_s_republic_of_korea,1964,1328.8
democratic_people_s_republic_of_korea,1965,745.19
democratic_people_s_republic_of_korea,1966,1264.0
democratic_people_s_republic_of_korea,1967,1229.2
democratic_people_s_republic_of_korea,1968,1194.3
democratic_people_s_republic_of_korea,1969,1161.8
democratic_people_s_republic_of_korea,1970,1132.0
democratic_people_s_republic_of_korea,1971,1103.0
democratic_people_s_republic_of_korea,1972,1075.2
democratic_people_s_republic_of_korea,1973,1079.4
democratic_people_s_republic_of_korea,1974,1067.1
democratic_people_s_republic_of_korea,1975,1048.4
democratic_people_s_republic_of_korea,1976,1034.2
democratic_people_s_republic_of_korea,1977,1019.4
democratic_people_s_republic_of_korea,1978,1006.2
democratic_people_s_republic_of_korea,1979,992.38
democratic_people_s_republic_of_korea,1980,978.59
democratic_people_s_republic_of_korea,1981,964.60
democratic_people_s_republic_of_korea,1982,950.47
democratic_people_s_republic_of_korea,1983,936.62
democratic_people_s_republic_of_korea,1984,923.01
democratic_people_s_republic_of_korea,1985,909.58
democratic_people_s_republic_of_korea,1986,896.31
democratic_people_s_republic_of_korea,1987,883.24
democratic_people_s_republic_of_korea,1988,870.42
democratic_people_s_republic_of_korea,1989,857.82
democratic_people_s_republic_of_korea,1990,845.31
democratic_people_s_republic_of_korea,1991,832.83
democratic_people_s_republic_of_korea,1992,820.49
democratic_people_s_republic_of_korea,1993,808.50
democratic_people_s_republic_of_korea,1994,796.93
democratic_people_s_republic_of_korea,1995,787.25
democratic_people_s_republic_of_korea,1996,779.46
democratic_people_s_republic_of_korea,1997,772.21
democratic_people_s_republic_of_korea,1998,765.56
democratic_people_s_republic_of_korea,1999,759.50
democratic_people_s_republic_of_korea,2000,754.10
democratic_people_s_republic_of_korea,2001,749.36
democratic_people_s_republic_of_korea,2002,745.34
democratic_people_s_republic_of_korea,2003,849.57
democratic_people_s_republic_of_korea,2004,843.80
democratic_people_s_republic_of_korea,2005,838.91
democratic_people_s_republic_of_korea,2006,834.53
democratic_people_s_republic_of_korea,2007,861.24
democratic_people_s_republic_of_korea,2008,857.12
democratic_people_s_republic_of_korea,2009,853.21
democratic_people_s_republic_of_korea,2010,849.49
democratic_people_s_republic_of_korea,2011,845.74
democratic_people_s_republic_of_korea,2012,841.92
democratic_people_s_republic_of_korea,2013,838.01
democratic_people_s_republic_of_korea,2014,834.00
democratic_people_s_republic_of_korea,2015,829.95
democratic_people_s_republic_of_korea,2016,825.98
democratic_people_s_republic_of_korea,2017,822.16
democratic_people_s_republic_of_korea,2018,818.57
democratic_people_s_republic_of_korea,2019,815.22
democratic_people_s_republic_of_korea,2020,812.14
democratic_people_s_republic_of_korea,2021,809.16
democratic_people_s_republic_of_korea,2022,806.20
democratic_republic_of_the_congo,1961,2.0985
democratic_republic_of_the_congo,1962,2.0446
democratic_republic_of_the_congo,1963,1.9911
democratic_republic_of_the_congo,1964,1.9385
democratic_republic_of_the_congo,1965,1.8860
democratic_republic_of_the_congo,1966,1.8329
democratic_republic_of_the_congo,1967,1.7802
democratic_republic_of_the_congo,1968,1.7288
democratic_republic_of_the_congo,1969,1.6795
democratic_republic_of_the_congo,1970,1.6322
democratic_republic_of_the_congo,1971,1.5882
democratic_republic_of_the_congo,1972,2.4878
democratic_republic_of_the_congo,1973,2.4221
democratic_republic_of_the_congo,1974,2.3582
democratic_republic_of_the_congo,1975,2.2965
democratic_republic_of_the_congo,1976,2.2379
democratic_republic_of_the_congo,1977,2.1820
democratic_republic_of_the_congo,1978,2.1153
democratic_republic_of_the_congo,1979,2.0423
democratic_republic_of_the_congo,1980,1.9793
democratic_republic_of_the_congo,1981,1.9224
democratic_republic_of_the_congo,1982,1.8656
democratic_republic_of_the_congo,1983,1.8074
democratic_republic_of_the_congo,1984,1.7480
democratic_republic_of_the_congo,1985,1.6910
democratic_republic_of_the_congo,1986,1.6385
democratic_republic_of_the_congo,1987,1.5877
democratic_republic_of_the_congo,1988,1.5376
democratic_republic_of_the_congo,1989,1.4898
democratic_republic_of_the_congo,1990,1.4412
democratic_republic_of_the_congo,1991,1.3940
democratic_republic_of_the_congo,1992,1.3477
democratic_republic_of_the_congo,1993,1.3004
democratic_republic_of_the_congo,1994,1.2403
democratic_republic_of_the_congo,1995,1.1898
democratic_republic_of_the_congo,1996,1.1672
democratic_republic_of_the_congo,1997,1.1486
democratic_republic_of_the_congo,1998,1.1178
democratic_republic_of_the_congo,1999,1.0809
democratic_republic_of_the_congo,2000,1.0467
democratic_republic_of_the_congo,2001,1.0141
democratic_republic_of_the_congo,2002,0.98358
democratic_republic_of_the_congo,2003,0.95526
democratic_republic_of_the_congo,2004,0.92755
democratic_republic_of_the_congo,2005,0.89949
democratic_republic_of_the_congo,2006,0.87218
democratic_republic_of_the_congo,2007,0.84619
democratic_republic_of_the_congo,2008,0.82105
democratic_republic_of_the_congo,2009,0.79606
democratic_republic_of_the_congo,2010,0.77109
democratic_republic_of_the_congo,2011,0.74620
democratic_republic_of_the_congo,2012,0.72170
democratic_republic_of_the_congo,2013,0.69756
democratic_republic_of_the_congo,2014,0.67431
democratic_republic_of_the_congo,2015,0.65241
democratic_republic_of_the_congo,2016,0.62971
democratic_republic_of_the_congo,2017,0.60710
democratic_republic_of_the_congo,2018,0.58711
democratic_republic_of_the_congo,2019,0.56879
democratic_republic_of_the_congo,2020,0.55077
democratic_republic_of_the_congo,2021,0.53322
democratic_republic_of_the_congo,2022,0.51630
denmark,1961,4.3371
denmark,1962,4.3034
denmark,1963,4.2696
denmark,1964,4.2356
denmark,1965,4.2027
denmark,1966,4.1691
denmark,1967,4.1363
denmark,1968,4.1112
denmark,1969,4.0885
denmark,1970,4.0579
denmark,1971,4.0298
denmark,1972,4.0068
denmark,1973,3.9827
denmark,1974,3.9638
denmark,1975,3.9523
denmark,1976,3.9426
denmark,1977,3.9304
denmark,1978,3.9182
denmark,1979,3.9086
denmark,1980,3.9039
denmark,1981,3.9050
denmark,1982,3.9079
denmark,1983,3.9105
denmark,1984,3.9125
denmark,1985,3.9109
denmark,1986,3.9057
denmark,1987,3.9008
denmark,1988,3.8989
denmark,1989,3.8966
denmark,1990,3.8903
denmark,1991,3.8802
denmark,1992,3.8674
denmark,1993,3.8546
denmark,1994,3.8416
denmark,1995,3.8216
denmark,1996,3.8001
denmark,1997,3.7843
denmark,1998,3.7706
denmark,1999,3.7581
denmark,2000,3.7456
denmark,2001,3.7322
denmark,2002,3.7203
denmark,2003,3.7101
denmark,2004,3.7006
denmark,2005,3.6903
denmark,2006,3.6782
denmark,2007,3.6619
denmark,2008,3.6405
denmark,2009,3.6211
denmark,2010,3.6050
denmark,2011,3.5901
denmark,2012,3.5644
denmark,2013,3.5617
denmark,2014,3.5437
denmark,2015,3.5188
denmark,2016,3.4915
denmark,2017,3.4691
denmark,2018,3.4520
denmark,2019,3.4396
denmark,2020,3.4296
denmark,2021,3.4148
denmark,2022,3.3882
dominican_republic,1961,0.11858
dominican_republic,1962,0.11494
dominican_republic,1963,0.11147
dominican_republic,1964,0.10815
dominican_republic,1965,0.10502
dominican_republic,1966,0.10199
dominican_republic,1967,0.10894
dominican_republic,1968,0.10584
dominican_republic,1969,0.10288
dominican_republic,1970,0.10002
dominican_republic,1971,0.097254
dominican_republic,1972,0.094585
dominican_republic,1973,0.092007
dominican_republic,1974,35.294
dominican_republic,1975,71.024
dominican_republic,1976,69.771
dominican_republic,1977,67.998
dominican_republic,1978,96.855
dominican_republic,1979,166.21
dominican_republic,1980,165.08
dominican_republic,1981,174.28
dominican_republic,1982,171.25
dominican_republic,1983,167.35
dominican_republic,1984,233.70
dominican_republic,1985,266.63
dominican_republic,1986,260.92
dominican_republic,1987,256.08
dominican_republic,1988,250.82
dominican_republic,1989,245.57
dominican_republic,1990,240.77
dominican_republic,1991,235.87
dominican_republic,1992,254.19
dominican_republic,1993,249.27
dominican_republic,1994,244.53
dominican_republic,1995,240.00
dominican_republic,1996,235.81
dominican_republic,1997,231.73
dominican_republic,1998,228.83
dominican_republic,1999,225.15
dominican_republic,2000,221.54
dominican_republic,2001,259.59
dominican_republic,2002,255.72
dominican_republic,2003,252.07
dominican_republic,2004,248.62
dominican_republic,2005,245.39
dominican_republic,2006,242.34
dominican_republic,2007,239.40
dominican_republic,2008,236.46
dominican_republic,2009,233.69
dominican_republic,2010,230.72
dominican_republic,2011,227.81
dominican_republic,2012,224.99
dominican_republic,2013,222.26
dominican_republic,2014,219.64
dominican_republic,2015,217.13
dominican_republic,2016,214.73
dominican_republic,2017,212.41
dominican_republic,2018,210.14
dominican_republic,2019,207.98
dominican_republic,2020,205.82
dominican_republic,2021,203.69
dominican_republic,2022,201.74
ecuador,1967,18.778
ecuador,1968,18.225
ecuador,1969,17.690
ecuador,1970,17.172
ecuador,1971,32.445
ecuador,1972,31.505
ecuador,1973,30.601
ecuador,1974,29.732
ecuador,1975,28.898
ecuador,1976,28.098
ecuador,1977,27.329
ecuador,1978,26.589
ecuador,1979,25.878
ecuador,1980,25.190
ecuador,1981,24.526
ecuador,1982,23.887
ecuador,1983,36.842
ecuador,1984,35.891
ecuador,1985,34.980
ecuador,1986,34.119
ecuador,1987,55.147
ecuador,1988,53.872
ecuador,1989,52.656
ecuador,1990,51.491
ecuador,1991,76.553
ecuador,1992,651.35
ecuador,1993,638.26
ecuador,1994,626.03
ecuador,1995,614.24
ecuador,1996,640.87
ecuador,1997,633.30
ecuador,1998,621.92
ecuador,1999,610.97
ecuador,2000,600.46
ecuador,2001,590.15
ecuador,2002,580.87
ecuador,2003,575.20
ecuador,2004,565.21
ecuador,2005,555.52
ecuador,2006,546.05
ecuador,2007,536.81
ecuador,2008,527.73
ecuador,2009,518.81
ecuador,2010,510.18
ecuador,2011,501.88
ecuador,2012,493.94
ecuador,2013,486.60
ecuador,2014,479.68
ecuador,2015,472.87
ecuador,2016,466.02
ecuador,2017,458.95
ecuador,2018,451.14
ecuador,2019,443.59
ecuador,2020,438.38
ecuador,2021,435.00
ecuador,2022,431.54
egypt,1961,224.51
egypt,1962,218.68
egypt,1963,213.01
egypt,1964,207.53
egypt,1965,202.32
egypt,1966,197.31
egypt,1967,192.47
egypt,1968,187.79
egypt,1969,183.27
egypt,1970,4857.8
egypt,1971,4746.8
egypt,1972,4638.8
egypt,1973,4533.4
egypt,1974,4429.8
egypt,1975,4326.6
egypt,1976,4226.5
egypt,1977,4127.6
egypt,1978,4027.6
egypt,1979,3928.1
egypt,1980,3827.0
egypt,1981,3725.5
egypt,1982,3624.3
egypt,1983,3519.8
egypt,1984,3415.3
egypt,1985,3315.2
egypt,1986,3221.8
egypt,1987,3133.6
egypt,1988,3047.7
egypt,1989,2965.9
egypt,1990,2880.2
egypt,1991,2801.9
egypt,1992,2735.8
egypt,1993,2673.4
egypt,1994,2616.4
egypt,1995,2561.9
egypt,1996,2509.3
egypt,1997,2457.9
egypt,1998,2404.8
egypt,1999,2351.7
egypt,2000,2301.4
egypt,2001,2253.1
egypt,2002,2206.2
egypt,2003,2160.4
egypt,2004,2116.3
egypt,2005,2073.9
egypt,2006,2033.8
egypt,2007,1995.8
egypt,2008,1958.9
egypt,2009,1922.2
egypt,2010,1885.7
egypt,2011,1846.4
egypt,2012,1805.4
egypt,2013,1764.3
egypt,2014,1724.6
egypt,2015,1688.8
egypt,2016,1654.8
egypt,2017,1622.0
egypt,2018,1591.5
egypt,2019,1563.8
egypt,2020,1538.6
egypt,2021,1515.9
egypt,2022,1493.5
el_salvador,1963,328.53
el_salvador,1964,319.74
el_salvador,1965,310.99
el_salvador,1966,400.79
el_salvador,1967,389.64
el_salvador,1968,378.94
el_salvador,1969,368.80
el_salvador,1970,359.52
el_salvador,1971,351.03
el_salvador,1972,342.88
el_salvador,1973,334.94
el_salvador,1974,327.32
el_salvador,1975,320.11
el_salvador,1976,313.28
el_salvador,1977,813.48
el_salvador,1978,796.29
el_salvador,1979,780.96
el_salvador,1980,770.64
el_salvador,1981,765.55
el_salvador,1982,756.95
el_salvador,1983,743.30
el_salvador,1984,808.46
el_salvador,1985,792.49
el_salvador,1986,776.92
el_salvador,1987,761.72
el_salvador,1988,746.56
el_salvador,1989,732.03
el_salvador,1990,718.37
el_salvador,1991,705.90
el_salvador,1992,694.46
el_salvador,1993,685.34
el_salvador,1994,678.84
el_salvador,1995,673.19
el_salvador,1996,668.18
el_salvador,1997,663.69
el_salvador,1998,659.61
el_salvador,1999,655.91
el_salvador,2000,652.66
el_salvador,2001,649.96
el_salvador,2002,647.94
el_salvador,2003,646.65
el_salvador,2004,646.00
el_salvador,2005,645.90
el_salvador,2006,646.25
el_salvador,2007,645.44
el_salvador,2008,643.36
el_salvador,2009,641.34
el_salvador,2010,639.23
el_salvador,2011,636.93
el_salvador,2012,634.45
el_salvador,2013,631.88
el_salvador,2014,629.41
el_salvador,2015,627.30
el_salvador,2016,625.56
el_salvador,2017,624.28
el_salvador,2018,623.65
el_salvador,2019,623.40
el_salvador,2020,622.17
el_salvador,2021,620.07
el_salvador,2022,617.64
eritrea,1993,23.766
eritrea,1994,23.047
eritrea,1995,21.780
eritrea,1996,20.724
eritrea,1997,20.496
eritrea,1998,20.230
eritrea,1999,19.934
eritrea,2000,19.630
eritrea,2001,19.078
eritrea,2002,18.433
eritrea,2003,17.687
eritrea,2004,16.977
eritrea,2005,16.575
eritrea,2006,16.316
eritrea,2007,16.080
eritrea,2008,15.662
eritrea,2009,15.274
eritrea,2010,14.977
eritrea,2011,14.711
eritrea,2012,14.524
eritrea,2013,14.348
eritrea,2014,14.251
eritrea,2015,14.204
eritrea,2016,14.117
eritrea,2017,14.002
eritrea,2018,13.816
eritrea,2019,13.613
eritrea,2020,13.402
eritrea,2021,13.166
eritrea,2022,12.938
estonia,1992,118.49
estonia,1993,121.32
estonia,1994,123.67
estonia,1995,125.62
estonia,1996,127.21
estonia,1997,128.39
estonia,1998,129.32
estonia,1999,130.02
estonia,2000,130.64
estonia,2001,131.47
estonia,2002,132.30
estonia,2003,133.13
estonia,2004,133.93
estonia,2005,134.70
estonia,2006,135.50
estonia,2007,136.12
estonia,2008,136.49
estonia,2009,136.75
estonia,2010,137.07
estonia,2011,137.49
estonia,2012,137.98
estonia,2013,138.48
estonia,2014,138.84
estonia,2015,138.83
estonia,2016,138.69
estonia,2017,138.53
estonia,2018,138.05
estonia,2019,137.55
estonia,2020,137.25
estonia,2021,137.04
estonia,2022,135.18
eswatini,1966,126.21
eswatini,1967,123.05
eswatini,1968,120.08
eswatini,1969,117.08
eswatini,1970,129.44
eswatini,1971,147.79
eswatini,1972,143.79
eswatini,1973,139.81
eswatini,1974,147.86
eswatini,1975,143.59
eswatini,1976,139.29
eswatini,1977,134.90
eswatini,1978,130.53
eswatini,1979,126.29
eswatini,1980,378.61
eswatini,1981,366.23
eswatini,1982,354.26
eswatini,1983,342.81
eswatini,1984,371.11
eswatini,1985,357.75
eswatini,1986,343.86
eswatini,1987,330.77
eswatini,1988,315.89
eswatini,1989,301.56
eswatini,1990,289.59
eswatini,1991,278.19
eswatini,1992,267.80
eswatini,1993,260.11
eswatini,1994,260.13
eswatini,1995,260.34
eswatini,1996,255.59
eswatini,1997,251.32
eswatini,1998,248.11
eswatini,1999,245.44
eswatini,2000,242.93
eswatini,2001,556.57
eswatini,2002,552.18
eswatini,2003,548.41
eswatini,2004,545.11
eswatini,2005,542.15
eswatini,2006,539.44
eswatini,2007,536.34
eswatini,2008,532.73
eswatini,2009,529.33
eswatini,2010,526.24
eswatini,2011,523.33
eswatini,2012,520.52
eswatini,2013,517.69
eswatini,2014,514.82
eswatini,2015,511.89
eswatini,2016,508.91
eswatini,2017,505.09
eswatini,2018,500.45
eswatini,2019,495.81
eswatini,2020,490.46
eswatini,2021,484.83
eswatini,2022,479.93
ethiopia,1993,102.78
ethiopia,1994,99.265
ethiopia,1995,97.239
ethiopia,1996,94.251
ethiopia,1997,91.278
ethiopia,1998,88.456
ethiopia,1999,86.026
ethiopia,2000,83.426
ethiopia,2001,80.934
ethiopia,2002,78.507
ethiopia,2003,76.171
ethiopia,2004,85.977
ethiopia,2005,83.464
ethiopia,2006,81.049
ethiopia,2007,78.708
ethiopia,2008,76.463
ethiopia,2009,197.72
ethiopia,2010,192.19
ethiopia,2011,186.81
ethiopia,2012,182.51
ethiopia,2013,177.61
ethiopia,2014,172.91
ethiopia,2015,303.12
ethiopia,2016,295.02
ethiopia,2017,287.09
ethiopia,2018,279.45
ethiopia,2019,272.03
ethiopia,2020,264.75
ethiopia,2021,257.77
ethiopia,2022,251.10
fiji,1961,0.0000
fiji,1962,0.0000
fiji,1963,0.0000
fiji,1964,0.0000
fiji,1965,0.0000
fiji,1966,0.0000
fiji,1967,0.0000
fiji,1968,0.0000
fiji,1969,0.0000
fiji,1970,0.0000
fiji,1971,0.0000
fiji,1972,0.0000
fiji,1973,0.0000
fiji,1974,0.0000
fiji,1975,0.0000
fiji,1976,0.0000
fiji,1977,0.0000
fiji,1978,0.0000
fiji,1979,0.0000
fiji,1980,0.0000
fiji,1981,0.0000
fiji,1982,0.0000
fiji,1983,192.80
fiji,1984,188.19
fiji,1985,183.76
fiji,1986,179.90
fiji,1987,177.21
fiji,1988,175.30
fiji,1989,173.56
fiji,1990,171.99
fiji,1991,170.59
fiji,1992,169.35
fiji,1993,168.28
fiji,1994,167.34
fiji,1995,166.51
fiji,1996,165.47
fiji,1997,163.77
fiji,1998,161.75
fiji,1999,159.89
fiji,2000,158.16
fiji,2001,156.54
fiji,2002,155.00
fiji,2003,153.53
fiji,2004,152.11
fiji,2005,150.73
fiji,2006,149.38
fiji,2007,148.13
fiji,2008,147.22
fiji,2009,146.60
fiji,2010,146.09
fiji,2011,145.68
fiji,2012,145.41
fiji,2013,145.18
fiji,2014,144.98
fiji,2015,144.83
fiji,2016,144.74
fiji,2017,144.80
fiji,2018,145.05
fiji,2019,145.41
fiji,2020,145.40
fiji,2021,145.12
fiji,2022,144.70
finland,1961,3032.6
finland,1962,3011.9
finland,1963,3233.6
finland,1964,3215.7
finland,1965,3215.9
finland,1966,3203.8
finland,1967,3503.2
finland,1968,3487.5
finland,1969,3490.0
finland,1970,3848.4
finland,1971,4004.9
finland,1972,3981.2
finland,1973,3958.7
finland,1974,3946.6
finland,1975,3939.8
finland,1976,3936.9
finland,1977,3925.9
finland,1978,3914.6
finland,1979,3904.6
finland,1980,3892.4
finland,1981,3875.7
finland,1982,3854.0
finland,1983,3831.1
finland,1984,3810.7
finland,1985,3794.8
finland,1986,3782.4
finland,1987,3771.7
finland,1988,3760.7
finland,1989,3747.2
finland,1990,3730.6
finland,1991,3710.3
finland,1992,3689.5
finland,1993,3671.7
finland,1994,3655.9
finland,1995,3642.0
finland,1996,3630.1
finland,1997,3619.3
finland,1998,3609.7
finland,1999,3601.4
finland,2000,3593.9
finland,2001,3585.8
finland,2002,3577.1
finland,2003,3568.6
finland,2004,3558.2
finland,2005,3546.1
finland,2006,3532.5
finland,2007,3517.5
finland,2008,3501.2
finland,2009,3484.5
finland,2010,3468.5
finland,2011,3452.5
finland,2012,3436.1
finland,2013,3420.3
finland,2014,3406.1
finland,2015,3394.9
finland,2016,3385.2
finland,2017,3377.2
finland,2018,3372.7
finland,2019,3369.0
finland,2020,3364.3
finland,2021,3357.3
finland,2022,3340.3
france,1961,116.10
france,1962,116.37
france,1963,120.99
france,1964,120.69
france,1965,125.67
france,1966,129.58
france,1967,130.45
france,1968,150.22
france,1969,149.01
france,1970,147.89
france,1971,151.01
france,1972,150.33
france,1973,149.13
france,1974,170.08
france,1975,169.90
france,1976,169.80
france,1977,169.38
france,1978,169.14
france,1979,168.41
france,1980,167.54
france,1981,170.07
france,1982,169.26
france,1983,168.85
france,1984,173.24
france,1985,174.69
france,1986,174.22
france,1987,173.57
france,1988,172.79
france,1989,174.67
france,1990,173.73
france,1991,173.32
france,1992,172.46
france,1993,171.73
france,1994,171.85
france,1995,171.28
france,1996,170.73
france,1997,170.18
france,1998,169.57
france,1999,168.93
france,2000,167.80
france,2001,166.62
france,2002,165.45
france,2003,164.33
france,2004,163.16
france,2005,161.97
france,2006,160.86
france,2007,159.87
france,2008,158.99
france,2009,158.17
france,2010,157.39
france,2011,156.61
france,2012,155.82
france,2013,155.02
france,2014,154.29
france,2015,153.76
france,2016,153.35
france,2017,152.89
france,2018,152.34
france,2019,151.85
france,2020,151.45
france,2021,151.04
france,2022,150.60
gabon,1980,293.96
gabon,1981,286.31
gabon,1982,278.73
gabon,1983,271.27
gabon,1984,263.95
gabon,1985,256.79
gabon,1986,249.80
gabon,1987,242.97
gabon,1988,236.30
gabon,1989,229.85
gabon,1990,223.64
gabon,1991,217.65
gabon,1992,211.87
gabon,1993,206.30
gabon,1994,200.96
gabon,1995,195.87
gabon,1996,190.97
gabon,1997,186.21
gabon,1998,181.56
gabon,1999,176.99
gabon,2000,172.47
gabon,2001,167.99
gabon,2002,163.55
gabon,2003,159.15
gabon,2004,154.75
gabon,2005,150.33
gabon,2006,145.86
gabon,2007,141.37
gabon,2008,136.89
gabon,2009,132.41
gabon,2010,127.92
gabon,2011,123.46
gabon,2012,119.12
gabon,2013,115.00
gabon,2014,111.20
gabon,2015,107.79
gabon,2016,104.75
gabon,2017,102.00
gabon,2018,99.443
gabon,2019,97.014
gabon,2020,94.724
gabon,2021,92.564
gabon,2022,90.507
georgia,1992,643.46
georgia,1993,657.80
georgia,1994,676.52
georgia,1995,693.07
georgia,1996,709.34
georgia,1997,727.08
georgia,1998,745.97
georgia,1999,766.21
georgia,2000,788.73
georgia,2001,810.97
georgia,2002,827.04
georgia,2003,835.62
georgia,2004,841.68
georgia,2005,847.94
georgia,2006,854.20
georgia,2007,860.45
georgia,2008,866.21
georgia,2009,871.13
georgia,2010,876.27
georgia,2011,882.44
georgia,2012,889.22
georgia,2013,896.24
georgia,2014,900.07
georgia,2015,900.39
georgia,2016,900.28
georgia,2017,900.09
georgia,2018,899.61
georgia,2019,899.17
georgia,2020,899.42
georgia,2021,901.13
georgia,2022,899.63
germany,1961,28.817
germany,1962,28.575
germany,1963,28.307
germany,1964,28.897
germany,1965,31.471
germany,1966,32.053
germany,1967,32.130
germany,1968,32.861
germany,1969,33.194
germany,1970,33.083
germany,1971,33.089
germany,1972,34.063
germany,1973,34.356
germany,1974,34.343
germany,1975,37.063
germany,1976,37.647
germany,1977,37.733
germany,1978,37.767
germany,1979,37.751
germany,1980,37.670
germany,1981,38.058
germany,1982,39.216
germany,1983,39.560
germany,1984,40.713
germany,1985,40.784
germany,1986,41.084
germany,1987,41.012
germany,1988,40.842
germany,1989,40.521
germany,1990,40.521
germany,1991,40.272
germany,1992,41.551
germany,1993,41.413
germany,1994,41.268
germany,1995,41.144
germany,1996,41.022
germany,1997,40.960
germany,1998,41.148
germany,1999,41.316
germany,2000,41.256
germany,2001,41.187
germany,2002,41.120
germany,2003,41.098
germany,2004,41.108
germany,2005,41.526
germany,2006,41.701
germany,2007,41.908
germany,2008,49.315
germany,2009,49.422
germany,2010,49.486
germany,2011,49.470
germany,2012,49.434
germany,2013,49.357
germany,2014,49.154
germany,2015,48.734
germany,2016,48.332
germany,2017,48.132
germany,2018,47.980
germany,2019,47.870
germany,2020,47.830
germany,2021,47.791
germany,2022,47.570
ghana,1961,17.796
ghana,1962,17.373
ghana,1963,16.963
ghana,1964,16.564
ghana,1965,18787
ghana,1966,18340
ghana,1967,17902
ghana,1968,17472
ghana,1969,17041
ghana,1970,16591
ghana,1971,16138
ghana,1972,15690
ghana,1973,15244
ghana,1974,14808
ghana,1975,14386
ghana,1976,13977
ghana,1977,13578
ghana,1978,13184
ghana,1979,12788
ghana,1980,12419
ghana,1981,12092
ghana,1982,11745
ghana,1983,11397
ghana,1984,11107
ghana,1985,10870
ghana,1986,10634
ghana,1987,10393
ghana,1988,10146
ghana,1989,9895.8
ghana,1990,9646.5
ghana,1991,9406.5
ghana,1992,9175.5
ghana,1993,8951.7
ghana,1994,8738.8
ghana,1995,8535.2
ghana,1996,8338.2
ghana,1997,8142.2
ghana,1998,7946.5
ghana,1999,7754.9
ghana,2000,7562.4
ghana,2001,7363.7
ghana,2002,7164.0
ghana,2003,6973.1
ghana,2004,6790.9
ghana,2005,6615.1
ghana,2006,6445.3
ghana,2007,6281.3
ghana,2008,6123.7
ghana,2009,5973.0
ghana,2010,5829.4
ghana,2011,5690.9
ghana,2012,5554.8
ghana,2013,5422.6
ghana,2014,5295.9
ghana,2015,5175.1
ghana,2016,5058.6
ghana,2017,4948.8
ghana,2018,4847.1
ghana,2019,4750.8
ghana,2020,4657.1
ghana,2021,4566.7
ghana,2022,4479.9
greece,1961,58.009
greece,1962,57.828
greece,1963,57.726
greece,1964,57.620
greece,1965,614.93
greece,1966,610.72
greece,1967,605.42
greece,1968,649.24
greece,1969,755.68
greece,1970,755.62
greece,1971,752.24
greece,1972,746.95
greece,1973,743.25
greece,1974,991.59
greece,1975,981.93
greece,1976,1051.7
greece,1977,1037.9
greece,1978,1026.0
greece,1979,1011.3
greece,1980,997.99
greece,1981,1062.5
greece,1982,1053.5
greece,1983,1045.7
greece,1984,1038.6
greece,1985,1047.9
greece,1986,1044.0
greece,1987,1039.3
greece,1988,1042.8
greece,1989,1064.1
greece,1990,1059.9
greece,1991,1055.0
greece,1992,1049.5
greece,1993,1044.2
greece,1994,1058.0
greece,1995,1052.6
greece,1996,1114.3
greece,1997,1115.7
greece,1998,1120.7
greece,1999,1115.2
greece,2000,1109.6
greece,2001,1136.4
greece,2002,1131.5
greece,2003,1128.5
greece,2004,1125.6
greece,2005,1122.1
greece,2006,1118.5
greece,2007,1115.5
greece,2008,1112.4
greece,2009,1109.3
greece,2010,1107.6
greece,2011,1109.2
greece,2012,1115.3
greece,2013,1123.5
greece,2014,1131.2
greece,2015,1138.7
greece,2016,1143.5
greece,2017,1145.9
greece,2018,1148.3
greece,2019,1149.6
greece,2020,1151.7
greece,2021,1164.7
greece,2022,1183.4
grenada,1961,0.062936
grenada,1962,0.062257
grenada,1963,0.061732
grenada,1964,0.061375
grenada,1965,0.061183
grenada,1966,0.061149
grenada,1967,0.061183
grenada,1968,0.061176
grenada,1969,0.061097
grenada,1970,0.060967
grenada,1971,0.060822
grenada,1972,0.060743
grenada,1973,0.11144
grenada,1974,0.11169
grenada,1975,0.11210
grenada,1976,0.11267
grenada,1977,0.11338
grenada,1978,0.11422
grenada,1979,0.11520
grenada,1980,0.19040
grenada,1981,0.19138
grenada,1982,0.19071
grenada,1983,0.18958
grenada,1984,0.18849
grenada,1985,0.18728
grenada,1986,0.18597
grenada,1987,0.18457
grenada,1988,0.18310
grenada,1989,0.18160
grenada,1990,0.18008
grenada,1991,0.17858
grenada,1992,0.21653
grenada,1993,0.21488
grenada,1994,0.21331
grenada,1995,0.21181
grenada,1996,0.21036
grenada,1997,0.20894
grenada,1998,0.20753
grenada,1999,0.20613
grenada,2000,0.20474
grenada,2001,0.20373
grenada,2002,0.20294
grenada,2003,0.20205
grenada,2004,0.20124
grenada,2005,0.20048
grenada,2006,0.19975
grenada,2007,0.19906
grenada,2008,0.19838
grenada,2009,0.19775
grenada,2010,0.19716
grenada,2011,0.19629
grenada,2012,0.19508
grenada,2013,0.19385
grenada,2014,0.19276
grenada,2015,0.19184
grenada,2016,0.19109
grenada,2017,0.19058
grenada,2018,0.19016
grenada,2019,0.18969
grenada,2020,0.18910
grenada,2021,0.18854
grenada,2022,0.18817
guatemala,1961,0.11349
guatemala,1962,0.11018
guatemala,1963,0.10700
guatemala,1964,0.10394
guatemala,1965,0.10098
guatemala,1966,0.14462
guatemala,1967,0.14061
guatemala,1968,0.13816
guatemala,1969,0.13450
guatemala,1970,0.15177
guatemala,1971,0.14790
guatemala,1972,0.14414
guatemala,1973,0.14046
guatemala,1974,0.13695
guatemala,1975,0.13365
guatemala,1976,0.13080
guatemala,1977,0.12795
guatemala,1978,0.12483
guatemala,1979,0.12175
guatemala,1980,0.11871
guatemala,1981,0.15816
guatemala,1982,0.15457
guatemala,1983,62.148
guatemala,1984,60.430
guatemala,1985,58.744
guatemala,1986,57.134
guatemala,1987,55.580
guatemala,1988,54.045
guatemala,1989,52.546
guatemala,1990,51.095
guatemala,1991,49.729
guatemala,1992,48.425
guatemala,1993,47.150
guatemala,1994,45.911
guatemala,1995,44.718
guatemala,1996,43.575
guatemala,1997,42.475
guatemala,1998,41.410
guatemala,1999,40.381
guatemala,2000,39.439
guatemala,2001,38.543
guatemala,2002,37.692
guatemala,2003,36.868
guatemala,2004,36.067
guatemala,2005,35.353
guatemala,2006,34.612
guatemala,2007,33.891
guatemala,2008,33.202
guatemala,2009,32.547
guatemala,2010,31.961
guatemala,2011,31.337
guatemala,2012,30.736
guatemala,2013,30.144
guatemala,2014,29.578
guatemala,2015,29.041
guatemala,2016,28.511
guatemala,2017,27.997
guatemala,2018,27.535
guatemala,2019,27.119
guatemala,2020,26.723
guatemala,2021,26.357
guatemala,2022,25.989
guinea,1963,3.7324
guinea,1964,3.6652
guinea,1965,3.5983
guinea,1966,3.5316
guinea,1967,3.4652
guinea,1968,3.3993
guinea,1969,56.451
guinea,1970,55.406
guinea,1971,54.418
guinea,1972,53.483
guinea,1973,52.593
guinea,1974,51.741
guinea,1975,50.925
guinea,1976,50.137
guinea,1977,49.363
guinea,1978,48.587
guinea,1979,47.789
guinea,1980,46.955
guinea,1981,46.079
guinea,1982,45.163
guinea,1983,44.218
guinea,1984,43.247
guinea,1985,42.243
guinea,1986,41.213
guinea,1987,40.168
guinea,1988,39.131
guinea,1989,38.129
guinea,1990,36.833
guinea,1991,35.388
guinea,1992,34.276
guinea,1993,33.248
guinea,1994,32.266
guinea,1995,31.377
guinea,1996,30.502
guinea,1997,29.881
guinea,1998,29.324
guinea,1999,222.26
guinea,2000,217.94
guinea,2001,215.11
guinea,2002,211.78
guinea,2003,207.08
guinea,2004,202.70
guinea,2005,198.68
guinea,2006,194.57
guinea,2007,190.12
guinea,2008,185.58
guinea,2009,181.10
guinea,2010,176.70
guinea,2011,172.38
guinea,2012,168.20
guinea,2013,164.14
guinea,2014,160.12
guinea,2015,156.11
guinea,2016,152.16
guinea,2017,148.32
guinea,2018,144.59
guinea,2019,140.94
guinea,2020,137.39
guinea,2021,133.98
guinea,2022,130.70
guinea_bissau,1990,0.0000
guinea_bissau,1991,0.0000
guinea_bissau,1992,0.0000
guinea_bissau,1993,0.0000
guinea_bissau,1994,0.0000
guinea_bissau,1995,0.0000
guinea_bissau,1996,0.0000
guinea_bissau,1997,0.0000
guinea_bissau,1998,0.0000
guinea_bissau,1999,0.0000
guinea_bissau,2000,0.0000
guinea_bissau,2001,0.0000
guinea_bissau,2002,0.0000
guinea_bissau,2003,0.0000
guinea_bissau,2004,0.0000
guinea_bissau,2005,0.0000
guinea_bissau,2006,0.0000
guinea_bissau,2007,0.0000
guinea_bissau,2008,0.0000
guinea_bissau,2009,0.0000
guinea_bissau,2010,0.0000
guinea_bissau,2011,0.0000
guinea_bissau,2012,0.0000
guinea_bissau,2013,0.0000
guinea_bissau,2014,0.0000
guinea_bissau,2015,0.0000
guinea_bissau,2016,0.0000
guinea_bissau,2017,0.0000
guinea_bissau,2018,0.0000
guinea_bissau,2019,0.0000
guinea_bissau,2020,0.0000
guinea_bissau,2021,0.0000
guinea_bissau,2022,0.0000
guyana,1961,312.43
guyana,1962,305.66
guyana,1963,299.09
guyana,1964,292.73
guyana,1965,286.57
guyana,1966,280.60
guyana,1967,274.81
guyana,1968,269.18
guyana,1969,263.70
guyana,1970,259.01
guyana,1971,255.39
guyana,1972,252.23
guyana,1973,249.28
guyana,1974,271.19
guyana,1975,268.52
guyana,1976,266.07
guyana,1977,263.82
guyana,1978,261.78
guyana,1979,259.91
guyana,1980,258.47
guyana,1981,257.77
guyana,1982,257.69
guyana,1983,257.96
guyana,1984,258.55
guyana,1985,1048.8
guyana,1986,1053.4
guyana,1987,1058.9
guyana,1988,1065.1
guyana,1989,1071.9
guyana,1990,1079.0
guyana,1991,1082.0
guyana,1992,1079.0
guyana,1993,1074.6
guyana,1994,1070.6
guyana,1995,1066.9
guyana,1996,1063.9
guyana,1997,1061.5
guyana,1998,1059.7
guyana,1999,1058.4
guyana,2000,1057.9
guyana,2001,1058.4
guyana,2002,1059.6
guyana,2003,1060.3
guyana,2004,1061.3
guyana,2005,1063.4
guyana,2006,1066.1
guyana,2007,1069.1
guyana,2008,1072.3
guyana,2009,1075.9
guyana,2010,1079.9
guyana,2011,1084.5
guyana,2012,1084.2
guyana,2013,1078.8
guyana,2014,1072.8
guyana,2015,1066.4
guyana,2016,1059.7
guyana,2017,1052.9
guyana,2018,1022.2
guyana,2019,1001.8
guyana,2020,1002.1
guyana,2021,992.24
guyana,2022,984.80
haiti,1961,75.591
haiti,1962,74.221
haiti,1963,72.918
haiti,1964,71.631
haiti,1965,70.315
haiti,1966,69.027
haiti,1967,67.762
haiti,1968,66.512
haiti,1969,65.284
haiti,1970,64.076
haiti,1971,62.881
haiti,1972,61.697
haiti,1973,60.529
haiti,1974,59.379
haiti,1975,58.246
haiti,1976,57.133
haiti,1977,56.043
haiti,1978,54.974
haiti,1979,53.926
haiti,1980,52.899
haiti,1981,51.889
haiti,1982,50.892
haiti,1983,49.907
haiti,1984,48.935
haiti,1985,47.974
haiti,1986,47.023
haiti,1987,46.081
haiti,1988,45.150
haiti,1989,44.231
haiti,1990,43.330
haiti,1991,42.456
haiti,1992,41.617
haiti,1993,40.807
haiti,1994,40.028
haiti,1995,39.272
haiti,1996,38.534
haiti,1997,37.814
haiti,1998,37.115
haiti,1999,36.436
haiti,2000,35.770
haiti,2001,35.123
haiti,2002,34.504
haiti,2003,33.904
haiti,2004,33.332
haiti,2005,32.777
haiti,2006,32.225
haiti,2007,31.686
haiti,2008,31.162
haiti,2009,30.651
haiti,2010,30.296
haiti,2011,29.955
haiti,2012,29.494
haiti,2013,29.054
haiti,2014,28.631
haiti,2015,28.223
haiti,2016,27.831
haiti,2017,27.455
haiti,2018,27.093
haiti,2019,26.744
haiti,2020,26.414
haiti,2021,26.111
haiti,2022,25.818
honduras,1961,0.0000
honduras,1962,0.0000
honduras,1963,0.0000
honduras,1964,0.0000
honduras,1965,5.3004
honduras,1966,5.1497
honduras,1967,5.0027
honduras,1968,4.8591
honduras,1969,4.9395
honduras,1970,4.7951
honduras,1971,4.6532
honduras,1972,4.5139
honduras,1973,4.3799
honduras,1974,4.2551
honduras,1975,4.1306
honduras,1976,7.6462
honduras,1977,7.4118
honduras,1978,7.1859
honduras,1979,6.9682
honduras,1980,6.7585
honduras,1981,6.5569
honduras,1982,6.3632
honduras,1983,6.1768
honduras,1984,5.9978
honduras,1985,1324.4
honduras,1986,1287.0
honduras,1987,1251.0
honduras,1988,1216.2
honduras,1989,1182.5
honduras,1990,1149.6
honduras,1991,1117.5
honduras,1992,1093.0
honduras,1993,1062.4
honduras,1994,1040.4
honduras,1995,1011.3
honduras,1996,983.18
honduras,1997,956.06
honduras,1998,931.06
honduras,1999,906.91
honduras,2000,882.47
honduras,2001,858.93
honduras,2002,836.54
honduras,2003,815.35
honduras,2004,795.27
honduras,2005,776.19
honduras,2006,758.10
honduras,2007,740.88
honduras,2008,724.44
honduras,2009,708.76
honduras,2010,693.85
honduras,2011,679.66
honduras,2012,666.05
honduras,2013,653.03
honduras,2014,640.47
honduras,2015,628.39
honduras,2016,616.70
honduras,2017,605.40
honduras,2018,594.42
honduras,2019,583.76
honduras,2020,573.60
honduras,2021,564.11
honduras,2022,554.73
hungary,1961,0.51862
hungary,1962,0.51700
hungary,1963,0.51568
hungary,1964,0.51412
hungary,1965,0.51276
hungary,1966,0.51129
hungary,1967,0.50946
hungary,1968,1.3178
hungary,1969,1.3130
hungary,1970,1.3088
hungary,1971,1.3051
hungary,1972,2.6797
hungary,1973,2.6712
hungary,1974,2.6593
hungary,1975,2.6437
hungary,1976,2.6291
hungary,1977,2.6169
hungary,1978,24.052
hungary,1979,23.989
hungary,1980,23.973
hungary,1981,24.009
hungary,1982,24.061
hungary,1983,24.136
hungary,1984,24.224
hungary,1985,24.310
hungary,1986,24.393
hungary,1987,24.477
hungary,1988,24.558
hungary,1989,24.646
hungary,1990,24.698
hungary,1991,24.706
hungary,1992,24.722
hungary,1993,24.757
hungary,1994,24.797
hungary,1995,24.838
hungary,1996,24.888
hungary,1997,24.945
hungary,1998,25.010
hungary,1999,25.089
hungary,2000,25.160
hungary,2001,25.220
hungary,2002,25.290
hungary,2003,25.364
hungary,2004,25.422
hungary,2005,25.473
hungary,2006,25.513
hungary,2007,25.553
hungary,2008,25.597
hungary,2009,25.636
hungary,2010,25.694
hungary,2011,25.777
hungary,2012,25.856
hungary,2013,25.927
hungary,2014,25.997
hungary,2015,26.059
hungary,2016,26.135
hungary,2017,26.202
hungary,2018,26.232
hungary,2019,26.243
hungary,2020,26.299
hungary,2021,26.412
hungary,2022,26.476
iceland,1972,5640.5
iceland,1973,5556.1
iceland,1974,5481.6
iceland,1975,5412.1
iceland,1976,5359.0
iceland,1977,6198.3
iceland,1978,6150.1
iceland,1979,6090.6
iceland,1980,6026.9
iceland,1981,7107.8
iceland,1982,7013.6
iceland,1983,7410.8
iceland,1984,7958.6
iceland,1985,7896.0
iceland,1986,7838.1
iceland,1987,7752.9
iceland,1988,7632.8
iceland,1989,7538.4
iceland,1990,7479.8
iceland,1991,8944.9
iceland,1992,8832.8
iceland,1993,8743.4
iceland,1994,8667.8
iceland,1995,8620.6
iceland,1996,8574.1
iceland,1997,8503.8
iceland,1998,8413.0
iceland,1999,8311.8
iceland,2000,8198.6
iceland,2001,8090.1
iceland,2002,8018.2
iceland,2003,7962.9
iceland,2004,7893.1
iceland,2005,7769.0
iceland,2006,7589.0
iceland,2007,7399.6
iceland,2008,7263.0
iceland,2009,7238.0
iceland,2010,7248.3
iceland,2011,7226.1
iceland,2012,7187.7
iceland,2013,7120.1
iceland,2014,7041.3
iceland,2015,6968.1
iceland,2016,6872.1
iceland,2017,6712.9
iceland,2018,6535.6
iceland,2019,6393.4
iceland,2020,6290.3
iceland,2021,6188.5
iceland,2022,6063.0
india,1961,150.83
india,1962,169.51
india,1963,183.81
india,1964,189.29
india,1965,193.82
india,1966,203.88
india,1967,204.19
india,1968,204.02
india,1969,201.87
india,1970,192.36
india,1971,199.73
india,1972,212.21
india,1973,209.50
india,1974,221.99
india,1975,212.66
india,1976,223.72
india,1977,234.54
india,1978,237.62
india,1979,238.21
india,1980,236.04
india,1981,232.17
india,1982,230.04
india,1983,228.34
india,1984,230.33
india,1985,238.32
india,1986,235.54
india,1987,237.77
india,1988,236.97
india,1989,236.11
india,1990,235.20
india,1991,231.66
india,1992,227.38
india,1993,224.09
india,1994,220.11
india,1995,215.84
india,1996,217.94
india,1997,214.49
india,1998,210.61
india,1999,213.73
india,2000,212.90
india,2001,209.06
india,2002,205.31
india,2003,201.78
india,2004,198.45
india,2005,193.99
india,2006,202.76
india,2007,199.73
india,2008,196.88
india,2009,194.17
india,2010,191.37
india,2011,188.68
india,2012,186.10
india,2013,183.64
india,2014,181.34
india,2015,179.19
india,2016,177.06
india,2017,182.00
india,2018,180.02
india,2019,178.15
india,2020,176.43
india,2021,174.98
india,2022,173.61
indonesia,1961,32.968
indonesia,1962,32.489
indonesia,1963,31.584
indonesia,1964,30.695
indonesia,1965,29.929
indonesia,1966,29.229
indonesia,1967,52.473
indonesia,1968,51.071
indonesia,1969,49.679
indonesia,1970,48.869
indonesia,1971,47.562
indonesia,1972,46.313
indonesia,1973,60.540
indonesia,1974,59.002
indonesia,1975,57.986
indonesia,1976,56.660
indonesia,1977,55.286
indonesia,1978,54.671
indonesia,1979,53.420
indonesia,1980,52.197
indonesia,1981,50.992
indonesia,1982,58.285
indonesia,1983,74.852
indonesia,1984,74.114
indonesia,1985,72.547
indonesia,1986,77.047
indonesia,1987,78.127
indonesia,1988,94.745
indonesia,1989,98.134
indonesia,1990,96.415
indonesia,1991,94.733
indonesia,1992,93.410
indonesia,1993,91.845
indonesia,1994,90.583
indonesia,1995,79.044
indonesia,1996,102.26
indonesia,1997,108.14
indonesia,1998,106.48
indonesia,1999,107.69
indonesia,2000,106.16
indonesia,2001,104.70
indonesia,2002,103.66
indonesia,2003,102.29
indonesia,2004,101.00
indonesia,2005,99.712
indonesia,2006,96.131
indonesia,2007,97.108
indonesia,2008,95.857
indonesia,2009,94.650
indonesia,2010,93.464
indonesia,2011,92.279
indonesia,2012,91.100
indonesia,2013,89.977
indonesia,2014,88.925
indonesia,2015,91.676
indonesia,2016,90.696
indonesia,2017,89.774
indonesia,2018,88.907
indonesia,2019,88.080
indonesia,2020,87.334
indonesia,2021,86.721
indonesia,2022,86.076
iran_islamic_republic_of,1961,291.65
iran_islamic_republic_of,1962,408.14
iran_islamic_republic_of,1963,396.14
iran_islamic_republic_of,1964,384.00
iran_islamic_republic_of,1965,372.12
iran_islamic_republic_of,1966,360.71
iran_islamic_republic_of,1967,353.45
iran_islamic_republic_of,1968,343.03
iran_islamic_republic_of,1969,332.89
iran_islamic_republic_of,1970,383.90
iran_islamic_republic_of,1971,394.25
iran_islamic_republic_of,1972,414.99
iran_islamic_republic_of,1973,403.01
iran_islamic_republic_of,1974,391.26
iran_islamic_republic_of,1975,379.61
iran_islamic_republic_of,1976,458.44
iran_islamic_republic_of,1977,444.46
iran_islamic_republic_of,1978,430.17
iran_islamic_republic_of,1979,415.64
iran_islamic_republic_of,1980,400.85
iran_islamic_republic_of,1981,380.36
iran_islamic_republic_of,1982,382.43
iran_islamic_republic_of,1983,367.83
iran_islamic_republic_of,1984,361.57
iran_islamic_republic_of,1985,348.53
iran_islamic_republic_of,1986,335.90
iran_islamic_republic_of,1987,324.60
iran_islamic_republic_of,1988,314.89
iran_islamic_republic_of,1989,305.83
iran_islamic_republic_of,1990,297.05
iran_islamic_republic_of,1991,295.77
iran_islamic_republic_of,1992,290.66
iran_islamic_republic_of,1993,297.33
iran_islamic_republic_of,1994,300.01
iran_islamic_republic_of,1995,297.68
iran_islamic_republic_of,1996,300.35
iran_islamic_republic_of,1997,297.95
iran_islamic_republic_of,1998,296.02
iran_islamic_republic_of,1999,310.17
iran_islamic_republic_of,2000,308.74
iran_islamic_republic_of,2001,391.66
iran_islamic_republic_of,2002,389.01
iran_islamic_republic_of,2003,395.22
iran_islamic_republic_of,2004,442.30
iran_islamic_republic_of,2005,439.17
iran_islamic_republic_of,2006,430.70
iran_islamic_republic_of,2007,432.09
iran_islamic_republic_of,2008,448.22
iran_islamic_republic_of,2009,442.69
iran_islamic_republic_of,2010,466.18
iran_islamic_republic_of,2011,460.45
iran_islamic_republic_of,2012,511.42
iran_islamic_republic_of,2013,545.95
iran_islamic_republic_of,2014,541.85
iran_islamic_republic_of,2015,535.15
iran_islamic_republic_of,2016,530.25
iran_islamic_republic_of,2017,522.68
iran_islamic_republic_of,2018,516.06
iran_islamic_republic_of,2019,510.52
iran_islamic_republic_of,2020,506.61
iran_islamic_republic_of,2021,502.42
iran_islamic_republic_of,2022,496.42
iraq,1961,13218
iraq,1962,13232
iraq,1963,12794
iraq,1964,12371
iraq,1965,12326
iraq,1966,11915
iraq,1967,11516
iraq,1968,11128
iraq,1969,10751
iraq,1970,13055
iraq,1971,12612
iraq,1972,12186
iraq,1973,11773
iraq,1974,11381
iraq,1975,11010
iraq,1976,10656
iraq,1977,10307
iraq,1978,9966.0
iraq,1979,9650.5
iraq,1980,9645.4
iraq,1981,9360.0
iraq,1982,9100.3
iraq,1983,9676.2
iraq,1984,9914.6
iraq,1985,9679.0
iraq,1986,9443.7
iraq,1987,9188.3
iraq,1988,8977.6
iraq,1989,8742.0
iraq,1990,8634.2
iraq,1991,8543.8
iraq,1992,8294.7
iraq,1993,7905.8
iraq,1994,7537.3
iraq,1995,7289.0
iraq,1996,7060.0
iraq,1997,6845.1
iraq,1998,6633.3
iraq,1999,6422.3
iraq,2000,6215.2
iraq,2001,6024.3
iraq,2002,5837.0
iraq,2003,5663.6
iraq,2004,5504.4
iraq,2005,5343.7
iraq,2006,5304.6
iraq,2007,5346.7
iraq,2008,5239.7
iraq,2009,5050.2
iraq,2010,4889.6
iraq,2011,4719.9
iraq,2012,4510.5
iraq,2013,4302.5
iraq,2014,4153.2
iraq,2015,4041.5
iraq,2016,3946.0
iraq,2017,3858.9
iraq,2018,3770.0
iraq,2019,3685.2
iraq,2020,3604.3
iraq,2021,3524.4
iraq,2022,3444.5
ireland,1961,307.64
ireland,1962,306.91
ireland,1963,305.66
ireland,1964,304.15
ireland,1965,302.46
ireland,1966,300.81
ireland,1967,299.10
ireland,1968,297.32
ireland,1969,295.50
ireland,1970,293.44
ireland,1971,290.33
ireland,1972,286.12
ireland,1973,281.74
ireland,1974,277.44
ireland,1975,273.26
ireland,1976,269.17
ireland,1977,265.12
ireland,1978,261.03
ireland,1979,257.42
ireland,1980,254.45
ireland,1981,251.97
ireland,1982,250.03
ireland,1983,248.46
ireland,1984,247.16
ireland,1985,246.09
ireland,1986,245.35
ireland,1987,245.45
ireland,1988,246.52
ireland,1989,247.50
ireland,1990,247.30
ireland,1991,245.88
ireland,1992,244.21
ireland,1993,243.00
ireland,1994,242.05
ireland,1995,240.67
ireland,1996,238.83
ireland,1997,236.64
ireland,1998,234.16
ireland,1999,231.55
ireland,2000,228.53
ireland,2001,224.96
ireland,2002,221.21
ireland,2003,217.63
ireland,2004,213.72
ireland,2005,209.13
ireland,2006,203.57
ireland,2007,197.79
ireland,2008,193.71
ireland,2009,191.67
ireland,2010,190.61
ireland,2011,189.75
ireland,2012,188.91
ireland,2013,187.90
ireland,2014,186.55
ireland,2015,184.80
ireland,2016,182.81
ireland,2017,180.66
ireland,2018,178.35
ireland,2019,176.14
ireland,2020,174.41
ireland,2021,172.82
ireland,2022,170.06
italy,1961,80.008
italy,1962,83.047
italy,1963,86.641
italy,1964,87.237
italy,1965,89.940
italy,1966,95.595
italy,1967,94.829
italy,1968,95.447
italy,1969,94.821
italy,1970,144.60
italy,1971,144.14
italy,1972,143.54
italy,1973,142.53
italy,1974,142.31
italy,1975,143.16
italy,1976,143.13
italy,1977,142.47
italy,1978,141.90
italy,1979,141.41
italy,1980,142.06
italy,1981,141.47
italy,1982,151.96
italy,1983,152.15
italy,1984,148.39
italy,1985,153.63
italy,1986,153.57
italy,1987,153.53
italy,1988,153.43
italy,1989,153.30
italy,1990,153.15
italy,1991,155.47
italy,1992,158.44
italy,1993,161.26
italy,1994,160.56
italy,1995,160.60
italy,1996,162.69
italy,1997,162.61
italy,1998,162.54
italy,1999,175.53
italy,2000,175.44
italy,2001,175.33
italy,2002,174.98
italy,2003,174.02
italy,2004,172.71
italy,2005,171.70
italy,2006,171.01
italy,2007,169.99
italy,2008,168.69
italy,2009,167.73
italy,2010,167.00
italy,2011,166.44
italy,2012,165.99
italy,2013,165.65
italy,2014,165.63
italy,2015,165.87
italy,2016,166.14
italy,2017,166.38
italy,2018,166.69
italy,2019,167.10
italy,2020,167.70
italy,2021,168.22
italy,2022,168.53
jamaica,1961,3.2571
jamaica,1962,3.2117
jamaica,1963,3.1666
jamaica,1964,3.1222
jamaica,1965,3.0805
jamaica,1966,3.0422
jamaica,1967,3.0063
jamaica,1968,2.9720
jamaica,1969,2.9378
jamaica,1970,2.9017
jamaica,1971,2.8628
jamaica,1972,2.8216
jamaica,1973,2.7789
jamaica,1974,2.7374
jamaica,1975,2.6994
jamaica,1976,2.6643
jamaica,1977,2.6320
jamaica,1978,2.6016
jamaica,1979,2.5714
jamaica,1980,2.5400
jamaica,1981,2.5071
jamaica,1982,2.4729
jamaica,1983,2.4387
jamaica,1984,2.4066
jamaica,1985,2.3792
jamaica,1986,2.3571
jamaica,1987,2.3392
jamaica,1988,2.3233
jamaica,1989,2.3074
jamaica,1990,2.2900
jamaica,1991,2.2700
jamaica,1992,2.2477
jamaica,1993,2.2246
jamaica,1994,2.2018
jamaica,1995,2.1799
jamaica,1996,2.1589
jamaica,1997,2.1391
jamaica,1998,2.1208
jamaica,1999,2.1044
jamaica,2000,2.0899
jamaica,2001,2.0767
jamaica,2002,2.0639
jamaica,2003,2.0515
jamaica,2004,2.0395
jamaica,2005,2.0282
jamaica,2006,2.0178
jamaica,2007,2.0083
jamaica,2008,1.9995
jamaica,2009,1.9912
jamaica,2010,1.9829
jamaica,2011,1.9743
jamaica,2012,1.9658
jamaica,2013,1.9578
jamaica,2014,1.9508
jamaica,2015,1.9447
jamaica,2016,1.9396
jamaica,2017,1.9355
jamaica,2018,1.9326
jamaica,2019,1.9304
jamaica,2020,1.9253
jamaica,2021,1.9206
jamaica,2022,1.9196
japan,1961,64.840
japan,1962,67.274
japan,1963,70.691
japan,1964,76.909
japan,1965,79.726
japan,1966,81.495
japan,1967,85.629
japan,1968,92.321
japan,1969,93.510
japan,1970,97.060
japan,1971,96.856
japan,1972,98.542
japan,1973,99.809
japan,1974,102.75
japan,1975,102.48
japan,1976,104.20
japan,1977,107.12
japan,1978,107.60
japan,1979,109.90
japan,1980,109.88
japan,1981,110.51
japan,1982,110.62
japan,1983,114.17
japan,1984,115.40
japan,1985,115.80
japan,1986,116.44
japan,1987,116.80
japan,1988,117.16
japan,1989,117.84
japan,1990,123.20
japan,1991,140.12
japan,1992,140.16
japan,1993,232.14
japan,1994,231.41
japan,1995,235.69
japan,1996,235.21
japan,1997,235.20
japan,1998,235.85
japan,1999,237.22
japan,2000,236.85
japan,2001,239.54
japan,2002,244.46
japan,2003,244.10
japan,2004,244.26
japan,2005,244.52
japan,2006,244.95
japan,2007,244.77
japan,2008,245.31
japan,2009,245.36
japan,2010,245.38
japan,2011,245.55
japan,2012,245.87
japan,2013,246.42
japan,2014,246.88
japan,2015,247.29
japan,2016,247.51
japan,2017,247.70
japan,2018,247.99
japan,2019,248.41
japan,2020,249.19
japan,2021,250.43
japan,2022,251.79
jordan,1967,3.3827
jordan,1968,3.1331
jordan,1969,4.4803
jordan,1970,4.2168
jordan,1971,4.0118
jordan,1972,3.8494
jordan,1973,3.7118
jordan,1974,3.5886
jordan,1975,3.4754
jordan,1976,3.3705
jordan,1977,3.2689
jordan,1978,3.1676
jordan,1979,3.0642
jordan,1980,2.9541
jordan,1981,2.8381
jordan,1982,2.7195
jordan,1983,2.6012
jordan,1984,2.4862
jordan,1985,2.3751
jordan,1986,9.1412
jordan,1987,33.337
jordan,1988,31.819
jordan,1989,30.332
jordan,1990,28.052
jordan,1991,25.950
jordan,1992,24.614
jordan,1993,23.367
jordan,1994,22.274
jordan,1995,21.380
jordan,1996,20.682
jordan,1997,21.818
jordan,1998,31.489
jordan,1999,30.820
jordan,2000,30.188
jordan,2001,32.628
jordan,2002,31.948
jordan,2003,38.301
jordan,2004,37.388
jordan,2005,36.473
jordan,2006,34.216
jordan,2007,40.268
jordan,2008,39.331
jordan,2009,38.495
jordan,2010,37.676
jordan,2011,36.752
jordan,2012,36.235
jordan,2013,34.400
jordan,2014,31.270
jordan,2015,28.803
jordan,2016,27.475
jordan,2017,26.863
jordan,2018,26.277
jordan,2019,25.761
jordan,2020,25.303
jordan,2021,24.843
jordan,2022,24.424
kazakhstan,1992,4612.5
kazakhstan,1993,4628.0
kazakhstan,1994,4690.7
kazakhstan,1995,4778.5
kazakhstan,1996,4870.1
kazakhstan,1997,4983.2
kazakhstan,1998,5109.2
kazakhstan,1999,5172.6
kazakhstan,2000,5157.5
kazakhstan,2001,5132.8
kazakhstan,2002,5106.2
kazakhstan,2003,5076.8
kazakhstan,2004,5043.9
kazakhstan,2005,5006.7
kazakhstan,2006,4964.5
kazakhstan,2007,4917.6
kazakhstan,2008,4866.9
kazakhstan,2009,4810.3
kazakhstan,2010,4748.3
kazakhstan,2011,4684.6
kazakhstan,2012,4619.6
kazakhstan,2013,4553.7
kazakhstan,2014,4487.3
kazakhstan,2015,4420.8
kazakhstan,2016,4353.6
kazakhstan,2017,4286.3
kazakhstan,2018,4222.7
kazakhstan,2019,4161.8
kazakhstan,2020,4103.6
kazakhstan,2021,4049.3
kazakhstan,2022,3990.4
kenya,1961,2506.2
kenya,1962,2412.1
kenya,1963,2320.2
kenya,1964,2230.9
kenya,1965,2143.8
kenya,1966,2060.0
kenya,1967,1979.9
kenya,1968,1904.7
kenya,1969,1831.4
kenya,1970,1762.3
kenya,1971,1699.5
kenya,1972,1641.4
kenya,1973,1585.7
kenya,1974,1544.3
kenya,1975,1493.9
kenya,1976,1446.1
kenya,1977,1398.9
kenya,1978,1352.9
kenya,1979,1306.8
kenya,1980,1358.7
kenya,1981,1311.1
kenya,1982,1265.0
kenya,1983,1219.7
kenya,1984,1175.9
kenya,1985,1133.8
kenya,1986,1093.9
kenya,1987,1084.6
kenya,1988,1047.0
kenya,1989,1010.9
kenya,1990,976.70
kenya,1991,1044.2
kenya,1992,1012.6
kenya,1993,985.80
kenya,1994,957.59
kenya,1995,930.79
kenya,1996,905.51
kenya,1997,881.10
kenya,1998,857.12
kenya,1999,832.75
kenya,2000,808.13
kenya,2001,783.18
kenya,2002,758.92
kenya,2003,735.87
kenya,2004,713.37
kenya,2005,691.79
kenya,2006,671.03
kenya,2007,651.05
kenya,2008,631.62
kenya,2009,612.82
kenya,2010,595.30
kenya,2011,579.15
kenya,2012,564.27
kenya,2013,550.68
kenya,2014,538.21
kenya,2015,526.35
kenya,2016,514.86
kenya,2017,503.79
kenya,2018,493.66
kenya,2019,484.06
kenya,2020,474.66
kenya,2021,465.72
kenya,2022,456.85
kyrgyzstan,1992,4721.5
kyrgyzstan,1993,4694.5
kyrgyzstan,1994,4671.9
kyrgyzstan,1995,4985.5
kyrgyzstan,1996,4913.4
kyrgyzstan,1997,4847.4
kyrgyzstan,1998,4788.3
kyrgyzstan,1999,4729.7
kyrgyzstan,2000,4676.5
kyrgyzstan,2001,4633.3
kyrgyzstan,2002,4593.2
kyrgyzstan,2003,4554.8
kyrgyzstan,2004,4516.6
kyrgyzstan,2005,4479.3
kyrgyzstan,2006,4448.7
kyrgyzstan,2007,4422.8
kyrgyzstan,2008,4398.7
kyrgyzstan,2009,4353.5
kyrgyzstan,2010,4291.9
kyrgyzstan,2011,4213.0
kyrgyzstan,2012,4137.6
kyrgyzstan,2013,4065.7
kyrgyzstan,2014,3996.1
kyrgyzstan,2015,3927.1
kyrgyzstan,2016,3858.6
kyrgyzstan,2017,3789.3
kyrgyzstan,2018,3716.7
kyrgyzstan,2019,3629.5
kyrgyzstan,2020,3536.8
kyrgyzstan,2021,3455.8
kyrgyzstan,2022,3388.5
lao_people_s_democratic_republic,1975,2339.0
lao_people_s_democratic_republic,1976,2293.7
lao_people_s_democratic_republic,1977,2254.0
lao_people_s_democratic_republic,1978,2216.4
lao_people_s_democratic_republic,1979,2177.7
lao_people_s_democratic_republic,1980,2135.1
lao_people_s_democratic_republic,1981,2088.1
lao_people_s_democratic_republic,1982,2037.7
lao_people_s_democratic_republic,1983,1985.3
lao_people_s_democratic_republic,1984,1932.5
lao_people_s_democratic_republic,1985,1879.7
lao_people_s_democratic_republic,1986,1822.3
lao_people_s_democratic_republic,1987,1771.3
lao_people_s_democratic_republic,1988,1721.3
lao_people_s_democratic_republic,1989,1672.6
lao_people_s_democratic_republic,1990,1630.4
lao_people_s_democratic_republic,1991,1587.3
lao_people_s_democratic_republic,1992,1544.0
lao_people_s_democratic_republic,1993,1509.1
lao_people_s_democratic_republic,1994,1470.1
lao_people_s_democratic_republic,1995,1426.1
lao_people_s_democratic_republic,1996,1401.2
lao_people_s_democratic_republic,1997,1372.3
lao_people_s_democratic_republic,1998,1350.9
lao_people_s_democratic_republic,1999,1327.5
lao_people_s_democratic_republic,2000,1438.2
lao_people_s_democratic_republic,2001,1284.1
lao_people_s_democratic_republic,2002,1263.6
lao_people_s_democratic_republic,2003,1244.3
lao_people_s_democratic_republic,2004,1226.3
lao_people_s_democratic_republic,2005,1330.8
lao_people_s_democratic_republic,2006,1189.0
lao_people_s_democratic_republic,2007,1170.7
lao_people_s_democratic_republic,2008,1153.0
lao_people_s_democratic_republic,2009,1251.4
lao_people_s_democratic_republic,2010,1233.1
lao_people_s_democratic_republic,2011,1652.5
lao_people_s_democratic_republic,2012,1629.1
lao_people_s_democratic_republic,2013,1606.3
lao_people_s_democratic_republic,2014,1584.3
lao_people_s_democratic_republic,2015,1561.4
lao_people_s_democratic_republic,2016,1537.2
lao_people_s_democratic_republic,2017,1513.2
lao_people_s_democratic_republic,2018,1489.9
lao_people_s_democratic_republic,2019,1467.3
lao_people_s_democratic_republic,2020,1445.6
lao_people_s_democratic_republic,2021,1424.9
lao_people_s_democratic_republic,2022,1404.9
latvia,1992,384.35
latvia,1993,391.99
latvia,1994,398.61
latvia,1995,404.27
latvia,1996,408.88
latvia,1997,413.03
latvia,1998,416.98
latvia,1999,420.36
latvia,2000,424.35
latvia,2001,429.80
latvia,2002,434.81
latvia,2003,439.06
latvia,2004,443.87
latvia,2005,448.70
latvia,2006,452.90
latvia,2007,456.66
latvia,2008,461.49
latvia,2009,469.18
latvia,2010,479.07
latvia,2011,487.88
latvia,2012,493.95
latvia,2013,499.25
latvia,2014,503.97
latvia,2015,508.12
latvia,2016,512.79
latvia,2017,517.35
latvia,2018,521.38
latvia,2019,525.01
latvia,2020,528.63
latvia,2021,532.99
latvia,2022,534.27
lebanon,1961,118.91
lebanon,1962,115.21
lebanon,1963,111.66
lebanon,1964,108.35
lebanon,1965,105.32
lebanon,1966,102.41
lebanon,1967,99.695
lebanon,1968,97.072
lebanon,1969,94.495
lebanon,1970,92.200
lebanon,1971,89.931
lebanon,1972,87.659
lebanon,1973,85.505
lebanon,1974,83.486
lebanon,1975,81.687
lebanon,1976,80.690
lebanon,1977,79.648
lebanon,1978,77.940
lebanon,1979,76.319
lebanon,1980,74.709
lebanon,1981,73.114
lebanon,1982,72.015
lebanon,1983,71.082
lebanon,1984,69.780
lebanon,1985,68.379
lebanon,1986,66.659
lebanon,1987,64.982
lebanon,1988,63.682
lebanon,1989,62.406
lebanon,1990,61.193
lebanon,1991,59.963
lebanon,1992,58.708
lebanon,1993,57.582
lebanon,1994,56.558
lebanon,1995,55.545
lebanon,1996,54.526
lebanon,1997,53.549
lebanon,1998,52.615
lebanon,1999,51.701
lebanon,2000,50.816
lebanon,2001,49.978
lebanon,2002,49.289
lebanon,2003,48.613
lebanon,2004,47.834
lebanon,2005,47.098
lebanon,2006,46.305
lebanon,2007,47.067
lebanon,2008,46.291
lebanon,2009,45.670
lebanon,2010,45.227
lebanon,2011,44.741
lebanon,2012,43.547
lebanon,2013,39.697
lebanon,2014,35.923
lebanon,2015,35.226
lebanon,2016,36.058
lebanon,2017,37.012
lebanon,2018,38.101
lebanon,2019,39.347
lebanon,2020,39.983
lebanon,2021,39.873
lebanon,2022,39.690
lesotho,1961,1137.4
lesotho,1962,1104.0
lesotho,1963,1073.9
lesotho,1964,1042.7
lesotho,1965,1012.7
lesotho,1966,980.70
lesotho,1967,946.24
lesotho,1968,912.19
lesotho,1969,880.89
lesotho,1970,849.72
lesotho,1971,819.97
lesotho,1972,791.63
lesotho,1973,764.63
lesotho,1974,738.72
lesotho,1975,713.63
lesotho,1976,691.10
lesotho,1977,671.41
lesotho,1978,652.55
lesotho,1979,633.96
lesotho,1980,615.77
lesotho,1981,601.07
lesotho,1982,583.87
lesotho,1983,567.25
lesotho,1984,551.24
lesotho,1985,535.83
lesotho,1986,522.40
lesotho,1987,510.98
lesotho,1988,500.27
lesotho,1989,490.24
lesotho,1990,480.96
lesotho,1991,472.43
lesotho,1992,464.64
lesotho,1993,457.67
lesotho,1994,451.52
lesotho,1995,446.03
lesotho,1996,441.28
lesotho,1997,1418.6
lesotho,1998,1411.6
lesotho,1999,1407.9
lesotho,2000,1407.4
lesotho,2001,1409.6
lesotho,2002,1414.0
lesotho,2003,1420.8
lesotho,2004,1430.9
lesotho,2005,1444.1
lesotho,2006,1450.0
lesotho,2007,1443.9
lesotho,2008,1434.2
lesotho,2009,1423.8
lesotho,2010,1412.8
lesotho,2011,1400.4
lesotho,2012,1386.4
lesotho,2013,1371.5
lesotho,2014,1355.9
lesotho,2015,1340.1
lesotho,2016,1348.7
lesotho,2017,1332.1
lesotho,2018,1315.9
lesotho,2019,1300.5
lesotho,2020,1285.2
lesotho,2021,1270.5
lesotho,2022,1256.9
liberia,1966,180.16
liberia,1967,175.64
liberia,1968,171.22
liberia,1969,166.90
liberia,1970,162.68
liberia,1971,158.64
liberia,1972,154.67
liberia,1973,150.67
liberia,1974,146.71
liberia,1975,142.80
liberia,1976,138.96
liberia,1977,135.11
liberia,1978,131.23
liberia,1979,127.41
liberia,1980,123.67
liberia,1981,120.09
liberia,1982,116.67
liberia,1983,113.24
liberia,1984,109.79
liberia,1985,106.49
liberia,1986,103.36
liberia,1987,100.37
liberia,1988,97.510
liberia,1989,94.763
liberia,1990,107.30
liberia,1991,121.95
liberia,1992,115.13
liberia,1993,110.71
liberia,1994,110.98
liberia,1995,110.00
liberia,1996,106.89
liberia,1997,98.882
liberia,1998,89.359
liberia,1999,84.559
liberia,2000,81.486
liberia,2001,79.129
liberia,2002,77.098
liberia,2003,76.486
liberia,2004,75.581
liberia,2005,72.281
liberia,2006,68.351
liberia,2007,65.030
liberia,2008,62.444
liberia,2009,60.512
liberia,2010,58.785
liberia,2011,56.525
liberia,2012,54.562
liberia,2013,53.375
liberia,2014,52.275
liberia,2015,51.208
liberia,2016,50.172
liberia,2017,49.207
liberia,2018,48.253
liberia,2019,47.306
liberia,2020,46.335
liberia,2021,45.367
liberia,2022,44.405
libya,1961,8.6392
libya,1962,8.2863
libya,1963,7.9505
libya,1964,7.6638
libya,1965,7.4500
libya,1966,7.2685
libya,1967,7.0804
libya,1968,6.8825
libya,1969,6.6723
libya,1970,6.4535
libya,1971,6.2409
libya,1972,32.092
libya,1973,89.206
libya,1974,84.878
libya,1975,80.278
libya,1976,75.863
libya,1977,71.642
libya,1978,76.360
libya,1979,106.40
libya,1980,100.48
libya,1981,95.013
libya,1982,104.14
libya,1983,104.30
libya,1984,103.32
libya,1985,100.00
libya,1986,97.050
libya,1987,94.410
libya,1988,92.004
libya,1989,89.776
libya,1990,87.710
libya,1991,85.796
libya,1992,84.022
libya,1993,82.376
libya,1994,80.856
libya,1995,79.458
libya,1996,78.175
libya,1997,76.983
libya,1998,75.844
libya,1999,74.720
libya,2000,73.495
libya,2001,72.153
libya,2002,70.781
libya,2003,69.383
libya,2004,67.964
libya,2005,66.548
libya,2006,65.197
libya,2007,63.871
libya,2008,62.528
libya,2009,61.239
libya,2010,60.003
libya,2011,61.466
libya,2012,63.096
libya,2013,61.842
libya,2014,60.662
libya,2015,59.691
libya,2016,58.788
libya,2017,57.858
libya,2018,56.926
libya,2019,56.091
libya,2020,55.340
libya,2021,54.643
libya,2022,53.973
lithuania,1992,133.93
lithuania,1993,134.56
lithuania,1994,135.49
lithuania,1995,136.53
lithuania,1996,137.57
lithuania,1997,138.58
lithuania,1998,139.58
lithuania,1999,140.57
lithuania,2000,141.47
lithuania,2001,142.59
lithuania,2002,143.78
lithuania,2003,145.00
lithuania,2004,146.65
lithuania,2005,149.06
lithuania,2006,151.45
lithuania,2007,153.25
lithuania,2008,154.82
lithuania,2009,156.55
lithuania,2010,159.86
lithuania,2011,163.51
lithuania,2012,165.71
lithuania,2013,167.39
lithuania,2014,168.83
lithuania,2015,170.42
lithuania,2016,172.60
lithuania,2017,175.02
lithuania,2018,176.70
lithuania,2019,177.17
lithuania,2020,177.13
lithuania,2021,177.21
lithuania,2022,175.79
luxembourg,1961,159.92
luxembourg,1962,158.85
luxembourg,1963,157.76
luxembourg,1964,156.72
luxembourg,1965,155.78
luxembourg,1966,154.92
luxembourg,1967,154.08
luxembourg,1968,153.35
luxembourg,1969,152.71
luxembourg,1970,152.15
luxembourg,1971,151.66
luxembourg,1972,151.29
luxembourg,1973,150.96
luxembourg,1974,150.67
luxembourg,1975,150.38
luxembourg,1976,150.05
luxembourg,1977,149.72
luxembourg,1978,149.43
luxembourg,1979,149.15
luxembourg,1980,148.93
luxembourg,1981,148.79
luxembourg,1982,148.68
luxembourg,1983,148.57
luxembourg,1984,148.50
luxembourg,1985,148.36
luxembourg,1986,148.18
luxembourg,1987,147.97
luxembourg,1988,147.69
luxembourg,1989,147.34
luxembourg,1990,146.92
luxembourg,1991,146.40
luxembourg,1992,145.78
luxembourg,1993,145.13
luxembourg,1994,144.52
luxembourg,1995,144.02
luxembourg,1996,143.58
luxembourg,1997,143.25
luxembourg,1998,142.92
luxembourg,1999,142.59
luxembourg,2000,142.16
luxembourg,2001,140.35
luxembourg,2002,138.89
luxembourg,2003,137.22
luxembourg,2004,135.28
luxembourg,2005,133.23
luxembourg,2006,131.12
luxembourg,2007,129.09
luxembourg,2008,126.79
luxembourg,2009,124.45
luxembourg,2010,122.19
luxembourg,2011,119.56
luxembourg,2012,116.77
luxembourg,2013,114.11
luxembourg,2014,111.45
luxembourg,2015,108.86
luxembourg,2016,106.25
luxembourg,2017,103.94
luxembourg,2018,101.96
luxembourg,2019,99.974
luxembourg,2020,98.320
luxembourg,2021,96.834
luxembourg,2022,94.901
madagascar,1961,93.108
madagascar,1962,90.722
madagascar,1963,88.406
madagascar,1964,86.150
madagascar,1965,83.941
madagascar,1966,81.760
madagascar,1967,79.599
madagascar,1968,77.454
madagascar,1969,75.325
madagascar,1970,73.210
madagascar,1971,71.840
madagascar,1972,69.753
madagascar,1973,67.708
madagascar,1974,65.709
madagascar,1975,63.760
madagascar,1976,61.862
madagascar,1977,60.015
madagascar,1978,58.219
madagascar,1979,56.476
madagascar,1980,54.792
madagascar,1981,53.180
madagascar,1982,51.630
madagascar,1983,50.133
madagascar,1984,48.691
madagascar,1985,47.297
madagascar,1986,45.959
madagascar,1987,44.668
madagascar,1988,43.402
madagascar,1989,42.158
madagascar,1990,40.932
madagascar,1991,39.727
madagascar,1992,38.549
madagascar,1993,37.391
madagascar,1994,36.247
madagascar,1995,35.119
madagascar,1996,34.007
madagascar,1997,32.917
madagascar,1998,31.858
madagascar,1999,30.840
madagascar,2000,29.877
madagascar,2001,28.971
madagascar,2002,28.118
madagascar,2003,27.305
madagascar,2004,26.521
madagascar,2005,25.755
madagascar,2006,25.009
madagascar,2007,24.286
madagascar,2008,23.584
madagascar,2009,22.901
madagascar,2010,22.245
madagascar,2011,21.622
madagascar,2012,21.032
madagascar,2013,20.468
madagascar,2014,19.926
madagascar,2015,19.407
madagascar,2016,18.907
madagascar,2017,18.421
madagascar,2018,17.947
madagascar,2019,17.486
madagascar,2020,17.043
madagascar,2021,16.620
madagascar,2022,16.212
malawi,1961,9.8384
malawi,1962,9.6038
malawi,1963,9.3719
malawi,1964,9.1449
malawi,1965,8.9242
malawi,1966,9.9466
malawi,1967,9.7037
malawi,1968,9.4660
malawi,1969,9.2354
malawi,1970,9.0107
malawi,1971,8.7879
malawi,1972,8.5661
malawi,1973,8.3444
malawi,1974,8.1214
malawi,1975,7.8971
malawi,1976,7.6708
malawi,1977,7.4364
malawi,1978,7.1866
malawi,1979,6.9260
malawi,1980,6.6642
malawi,1981,6.4076
malawi,1982,6.1596
malawi,1983,5.9213
malawi,1984,5.6943
malawi,1985,5.4793
malawi,1986,5.2811
malawi,1987,5.0349
malawi,1988,4.7702
malawi,1989,4.5503
malawi,1990,4.3742
malawi,1991,4.2416
malawi,1992,4.1198
malawi,1993,4.0602
malawi,1994,4.1078
malawi,1995,4.1137
malawi,1996,4.0334
malawi,1997,3.9533
malawi,1998,3.8688
malawi,1999,3.7795
malawi,2000,3.6899
malawi,2001,3.6017
malawi,2002,3.5146
malawi,2003,3.4277
malawi,2004,3.3402
malawi,2005,3.2519
malawi,2006,3.1636
malawi,2007,3.0756
malawi,2008,2.9875
malawi,2009,2.9005
malawi,2010,2.8162
malawi,2011,2.7353
malawi,2012,2.6579
malawi,2013,2.5836
malawi,2014,2.5121
malawi,2015,2.4439
malawi,2016,2.3782
malawi,2017,2.3146
malawi,2018,2.2536
malawi,2019,2.1947
malawi,2020,2.1376
malawi,2021,2.0828
malawi,2022,2.0300
malaysia,1961,25.462
malaysia,1962,24.807
malaysia,1963,24.213
malaysia,1964,25.235
malaysia,1965,24.600
malaysia,1966,23.995
malaysia,1967,23.433
malaysia,1968,22.908
malaysia,1969,127.73
malaysia,1970,124.83
malaysia,1971,121.90
malaysia,1972,685.65
malaysia,1973,669.43
malaysia,1974,653.57
malaysia,1975,638.13
malaysia,1976,623.02
malaysia,1977,608.24
malaysia,1978,593.81
malaysia,1979,579.72
malaysia,1980,563.84
malaysia,1981,546.34
malaysia,1982,531.43
malaysia,1983,544.12
malaysia,1984,527.89
malaysia,1985,1456.8
malaysia,1986,1409.8
malaysia,1987,1367.3
malaysia,1988,1325.0
malaysia,1989,1285.3
malaysia,1990,1249.8
malaysia,1991,1215.1
malaysia,1992,1185.5
malaysia,1993,1155.5
malaysia,1994,1126.5
malaysia,1995,1098.2
malaysia,1996,1070.9
malaysia,1997,1044.6
malaysia,1998,1019.2
malaysia,1999,995.20
malaysia,2000,972.13
malaysia,2001,949.05
malaysia,2002,926.37
malaysia,2003,904.71
malaysia,2004,888.88
malaysia,2005,868.95
malaysia,2006,849.81
malaysia,2007,831.54
malaysia,2008,814.30
malaysia,2009,798.24
malaysia,2010,783.44
malaysia,2011,769.84
malaysia,2012,756.85
malaysia,2013,744.02
malaysia,2014,731.37
malaysia,2015,718.80
malaysia,2016,706.21
malaysia,2017,693.86
malaysia,2018,682.15
malaysia,2019,671.35
malaysia,2020,662.45
malaysia,2021,654.86
malaysia,2022,647.06
maldives,1990,0.0000
maldives,1991,0.0000
maldives,1992,0.0000
maldives,1993,0.0000
maldives,1994,0.0000
maldives,1995,0.0000
maldives,1996,0.0000
maldives,1997,0.0000
maldives,1998,0.0000
maldives,1999,0.0000
maldives,2000,0.0000
maldives,2001,0.0000
maldives,2002,0.0000
maldives,2003,0.0000
maldives,2004,0.0000
maldives,2005,0.0000
maldives,2006,0.0000
maldives,2007,0.0000
maldives,2008,0.0000
maldives,2009,0.0000
maldives,2010,0.0000
maldives,2011,0.0000
maldives,2012,0.0000
maldives,2013,0.0000
maldives,2014,0.0000
maldives,2015,0.0000
maldives,2016,0.0000
maldives,2017,0.0000
maldives,2018,0.0000
maldives,2019,0.0000
maldives,2020,0.0000
maldives,2021,0.0000
maldives,2022,0.0000
mali,1961,31.921
mali,1962,31.453
mali,1963,30.992
mali,1964,30.540
mali,1965,30.092
mali,1966,29.650
mali,1967,29.211
mali,1968,28.769
mali,1969,28.328
mali,1970,27.882
mali,1971,27.438
mali,1972,26.991
mali,1973,26.527
mali,1974,26.059
mali,1975,25.595
mali,1976,25.140
mali,1977,24.679
mali,1978,24.206
mali,1979,23.728
mali,1980,23.239
mali,1981,22.749
mali,1982,298.34
mali,1983,291.87
mali,1984,285.68
mali,1985,280.01
mali,1986,274.87
mali,1987,270.13
mali,1988,1541.2
mali,1989,1512.8
mali,1990,1483.3
mali,1991,1454.1
mali,1992,1425.1
mali,1993,1395.7
mali,1994,1366.0
mali,1995,1336.7
mali,1996,1308.2
mali,1997,1278.8
mali,1998,1246.8
mali,1999,1212.7
mali,2000,1177.8
mali,2001,1142.9
mali,2002,1108.0
mali,2003,1073.3
mali,2004,1039.1
mali,2005,1005.6
mali,2006,986.41
mali,2007,954.16
mali,2008,923.31
mali,2009,893.72
mali,2010,865.15
mali,2011,837.63
mali,2012,813.53
mali,2013,790.11
mali,2014,765.53
mali,2015,741.95
mali,2016,718.82
mali,2017,696.26
mali,2018,674.84
mali,2019,654.77
mali,2020,635.31
mali,2021,616.16
mali,2022,597.89
malta,1995,0.0000
malta,1996,0.0000
malta,1997,0.0000
malta,1998,0.0000
malta,1999,0.0000
malta,2000,0.0000
malta,2001,0.0000
malta,2002,0.0000
malta,2003,0.0000
malta,2004,0.0000
malta,2005,0.0000
malta,2006,0.0000
malta,2007,0.0000
malta,2008,0.0000
malta,2009,0.0000
malta,2010,0.0000
malta,2011,0.0000
malta,2012,0.0000
malta,2013,0.0000
malta,2014,0.0000
malta,2015,0.0000
malta,2016,0.0000
malta,2017,0.0000
malta,2018,0.0000
malta,2019,0.0000
malta,2020,0.0000
malta,2021,0.0000
malta,2022,0.0000
mauritania,1988,269.42
mauritania,1989,262.74
mauritania,1990,256.16
mauritania,1991,248.79
mauritania,1992,239.45
mauritania,1993,229.96
mauritania,1994,222.28
mauritania,1995,216.26
mauritania,1996,212.03
mauritania,1997,207.36
mauritania,1998,202.05
mauritania,1999,196.72
mauritania,2000,191.32
mauritania,2001,186.65
mauritania,2002,182.57
mauritania,2003,178.44
mauritania,2004,174.30
mauritania,2005,170.12
mauritania,2006,165.91
mauritania,2007,161.65
mauritania,2008,157.07
mauritania,2009,152.23
mauritania,2010,147.45
mauritania,2011,142.74
mauritania,2012,138.16
mauritania,2013,133.89
mauritania,2014,129.92
mauritania,2015,126.07
mauritania,2016,122.35
mauritania,2017,118.75
mauritania,2018,115.27
mauritania,2019,111.91
mauritania,2020,108.69
mauritania,2021,105.60
mauritania,2022,102.55
mauritius,1961,88.040
mauritius,1962,86.449
mauritius,1963,84.639
mauritius,1964,82.779
mauritius,1965,83.663
mauritius,1966,81.923
mauritius,1967,80.293
mauritius,1968,78.783
mauritius,1969,77.383
mauritius,1970,76.079
mauritius,1971,74.866
mauritius,1972,73.770
mauritius,1973,72.786
mauritius,1974,71.846
mauritius,1975,70.910
mauritius,1976,69.978
mauritius,1977,69.035
mauritius,1978,68.055
mauritius,1979,67.033
mauritius,1980,65.991
mauritius,1981,64.970
mauritius,1982,64.019
mauritius,1983,63.136
mauritius,1984,66.621
mauritius,1985,65.723
mauritius,1986,64.882
mauritius,1987,64.094
mauritius,1988,63.342
mauritius,1989,62.613
mauritius,1990,61.863
mauritius,1991,61.077
mauritius,1992,60.277
mauritius,1993,59.493
mauritius,1994,58.759
mauritius,1995,58.087
mauritius,1996,57.464
mauritius,1997,56.886
mauritius,1998,56.372
mauritius,1999,55.867
mauritius,2000,55.374
mauritius,2001,54.960
mauritius,2002,54.591
mauritius,2003,74.769
mauritius,2004,74.308
mauritius,2005,73.870
mauritius,2006,73.486
mauritius,2007,73.154
mauritius,2008,72.860
mauritius,2009,72.613
mauritius,2010,72.401
mauritius,2011,72.201
mauritius,2012,72.039
mauritius,2013,71.937
mauritius,2014,71.881
mauritius,2015,71.866
mauritius,2016,71.892
mauritius,2017,71.956
mauritius,2018,72.057
mauritius,2019,72.201
mauritius,2020,72.372
mauritius,2021,72.576
mauritius,2022,72.775
mexico,1961,904.79
mexico,1962,876.14
mexico,1963,1157.3
mexico,1964,1524.3
mexico,1965,1474.8
mexico,1966,1426.7
mexico,1967,1391.4
mexico,1968,1376.6
mexico,1969,1378.1
mexico,1970,1335.2
mexico,1971,1369.1
mexico,1972,1334.1
mexico,1973,1294.9
mexico,1974,1480.2
mexico,1975,1438.5
mexico,1976,1424.6
mexico,1977,1386.6
mexico,1978,1350.4
mexico,1979,1316.0
mexico,1980,1320.9
mexico,1981,1321.1
mexico,1982,1292.2
mexico,1983,1303.5
mexico,1984,1280.3
mexico,1985,1258.1
mexico,1986,1272.3
mexico,1987,1247.0
mexico,1988,1255.3
mexico,1989,1236.8
mexico,1990,1213.3
mexico,1991,1195.1
mexico,1992,1172.6
mexico,1993,1218.0
mexico,1994,1207.6
mexico,1995,1218.3
mexico,1996,1207.4
mexico,1997,1187.3
mexico,1998,1167.9
mexico,1999,1149.4
mexico,2000,1131.8
mexico,2001,1115.2
mexico,2002,1477.1
mexico,2003,1456.6
mexico,2004,1436.9
mexico,2005,1417.6
mexico,2006,1419.8
mexico,2007,1400.0
mexico,2008,1379.7
mexico,2009,1359.7
mexico,2010,1340.2
mexico,2011,1301.6
mexico,2012,1303.6
mexico,2013,1286.8
mexico,2014,1271.3
mexico,2015,1257.8
mexico,2016,1245.6
mexico,2017,1234.1
mexico,2018,1222.4
mexico,2019,1210.9
mexico,2020,1201.0
mexico,2021,1193.0
mexico,2022,1184.0
mongolia,1961,247.70
mongolia,1962,240.05
mongolia,1963,233.35
mongolia,1964,227.22
mongolia,1965,221.01
mongolia,1966,214.82
mongolia,1967,208.86
mongolia,1968,203.26
mongolia,1969,198.05
mongolia,1970,193.01
mongolia,1971,187.96
mongolia,1972,182.91
mongolia,1973,177.87
mongolia,1974,172.88
mongolia,1975,167.98
mongolia,1976,163.19
mongolia,1977,158.60
mongolia,1978,154.37
mongolia,1979,150.54
mongolia,1980,146.94
mongolia,1981,143.44
mongolia,1982,140.03
mongolia,1983,136.68
mongolia,1984,133.38
mongolia,1985,130.11
mongolia,1986,126.84
mongolia,1987,123.59
mongolia,1988,120.41
mongolia,1989,117.69
mongolia,1990,115.50
mongolia,1991,113.49
mongolia,1992,111.65
mongolia,1993,109.96
mongolia,1994,108.42
mongolia,1995,107.03
mongolia,1996,105.78
mongolia,1997,104.64
mongolia,1998,103.61
mongolia,1999,102.71
mongolia,2000,101.83
mongolia,2001,100.90
mongolia,2002,99.997
mongolia,2003,99.135
mongolia,2004,98.317
mongolia,2005,97.524
mongolia,2006,96.721
mongolia,2007,95.860
mongolia,2008,94.897
mongolia,2009,93.797
mongolia,2010,92.533
mongolia,2011,91.069
mongolia,2012,89.431
mongolia,2013,87.661
mongolia,2014,85.821
mongolia,2015,83.991
mongolia,2016,82.215
mongolia,2017,80.532
mongolia,2018,78.921
mongolia,2019,77.349
mongolia,2020,75.970
mongolia,2021,74.858
mongolia,2022,73.833
montenegro,2006,1621.8
montenegro,2007,1623.0
montenegro,2008,1624.4
montenegro,2009,1625.5
montenegro,2010,1626.4
montenegro,2011,1624.8
montenegro,2012,1622.6
montenegro,2013,1623.5
montenegro,2014,1628.2
montenegro,2015,1636.6
montenegro,2016,1646.8
montenegro,2017,1657.8
montenegro,2018,1669.4
montenegro,2019,1680.7
montenegro,2020,1691.0
montenegro,2021,1702.4
montenegro,2022,1672.5
morocco,1961,174.55
morocco,1962,169.97
morocco,1963,165.58
morocco,1964,161.46
morocco,1965,157.46
morocco,1966,153.31
morocco,1967,201.14
morocco,1968,195.82
morocco,1969,204.26
morocco,1970,198.92
morocco,1971,217.59
morocco,1972,269.43
morocco,1973,337.35
morocco,1974,390.38
morocco,1975,380.89
morocco,1976,371.72
morocco,1977,365.05
morocco,1978,355.91
morocco,1979,535.10
morocco,1980,521.23
morocco,1981,520.97
morocco,1982,507.38
morocco,1983,494.37
morocco,1984,482.49
morocco,1985,471.50
morocco,1986,474.12
morocco,1987,465.12
morocco,1988,456.29
morocco,1989,448.04
morocco,1990,443.46
morocco,1991,443.93
morocco,1992,436.29
morocco,1993,430.67
morocco,1994,426.70
morocco,1995,436.32
morocco,1996,575.14
morocco,1997,566.63
morocco,1998,570.26
morocco,1999,574.64
morocco,2000,566.63
morocco,2001,586.41
morocco,2002,582.51
morocco,2003,544.11
morocco,2004,568.88
morocco,2005,564.86
morocco,2006,570.28
morocco,2007,565.19
morocco,2008,561.12
morocco,2009,556.07
morocco,2010,548.65
morocco,2011,541.90
morocco,2012,536.45
morocco,2013,531.51
morocco,2014,525.03
morocco,2015,518.92
morocco,2016,512.76
morocco,2017,506.64
morocco,2018,501.08
morocco,2019,495.94
morocco,2020,490.88
morocco,2021,485.96
morocco,2022,481.09
mozambique,1961,2661.0
mozambique,1962,2609.6
mozambique,1963,2562.7
mozambique,1964,2511.4
mozambique,1965,2460.1
mozambique,1966,2409.2
mozambique,1967,2358.8
mozambique,1968,2308.5
mozambique,1969,2258.7
mozambique,1970,2208.6
mozambique,1971,2155.4
mozambique,1972,2096.7
mozambique,1973,2035.5
mozambique,1974,7603.5
mozambique,1975,7360.6
mozambique,1976,7345.8
mozambique,1977,7088.8
mozambique,1978,6826.2
mozambique,1979,6572.1
mozambique,1980,6393.9
mozambique,1981,6265.7
mozambique,1982,6129.9
mozambique,1983,6003.3
mozambique,1984,5885.3
mozambique,1985,5777.9
mozambique,1986,5677.6
mozambique,1987,5682.4
mozambique,1988,5791.7
mozambique,1989,5744.0
mozambique,1990,5661.6
mozambique,1991,5552.4
mozambique,1992,5445.9
mozambique,1993,5276.2
mozambique,1994,4931.3
mozambique,1995,4645.0
mozambique,1996,4495.2
mozambique,1997,4373.8
mozambique,1998,4275.4
mozambique,1999,4180.4
mozambique,2000,4089.2
mozambique,2001,3999.2
mozambique,2002,3910.5
mozambique,2003,3823.0
mozambique,2004,3736.7
mozambique,2005,3651.2
mozambique,2006,3566.5
mozambique,2007,3482.6
mozambique,2008,3397.8
mozambique,2009,3310.9
mozambique,2010,3223.4
mozambique,2011,3134.9
mozambique,2012,3046.1
mozambique,2013,2959.4
mozambique,2014,2874.8
mozambique,2015,2792.6
mozambique,2016,2711.9
mozambique,2017,2632.1
mozambique,2018,2554.8
mozambique,2019,2480.8
mozambique,2020,2408.3
mozambique,2021,2338.1
mozambique,2022,2270.2
myanmar,1961,68.000
myanmar,1962,66.520
myanmar,1963,65.062
myanmar,1964,63.626
myanmar,1965,62.205
myanmar,1966,60.810
myanmar,1967,59.446
myanmar,1968,58.112
myanmar,1969,56.810
myanmar,1970,55.540
myanmar,1971,84.049
myanmar,1972,82.212
myanmar,1973,80.519
myanmar,1974,78.963
myanmar,1975,77.450
myanmar,1976,78.389
myanmar,1977,76.896
myanmar,1978,75.412
myanmar,1979,73.970
myanmar,1980,72.566
myanmar,1981,71.212
myanmar,1982,69.923
myanmar,1983,68.572
myanmar,1984,67.165
myanmar,1985,65.838
myanmar,1986,93.506
myanmar,1987,94.338
myanmar,1988,92.800
myanmar,1989,91.348
myanmar,1990,89.965
myanmar,1991,88.680
myanmar,1992,87.476
myanmar,1993,86.312
myanmar,1994,85.178
myanmar,1995,89.288
myanmar,1996,88.151
myanmar,1997,87.034
myanmar,1998,85.955
myanmar,1999,84.938
myanmar,2000,83.994
myanmar,2001,83.113
myanmar,2002,82.283
myanmar,2003,82.588
myanmar,2004,81.884
myanmar,2005,325.90
myanmar,2006,323.53
myanmar,2007,322.70
myanmar,2008,320.93
myanmar,2009,319.15
myanmar,2010,316.78
myanmar,2011,314.25
myanmar,2012,311.61
myanmar,2013,308.98
myanmar,2014,306.42
myanmar,2015,303.98
myanmar,2016,301.58
myanmar,2017,299.26
myanmar,2018,297.10
myanmar,2019,295.02
myanmar,2020,292.93
myanmar,2021,290.89
myanmar,2022,288.89
namibia,1961,89.415
namibia,1962,566.01
namibia,1963,553.57
namibia,1964,542.64
namibia,1965,529.47
namibia,1966,516.11
namibia,1967,502.48
namibia,1968,488.79
namibia,1969,475.12
namibia,1970,461.49
namibia,1971,680.18
namibia,1972,660.05
namibia,1973,640.51
namibia,1974,621.48
namibia,1975,606.04
namibia,1976,588.97
namibia,1977,641.64
namibia,1978,647.04
namibia,1979,636.59
namibia,1980,624.51
namibia,1981,661.38
namibia,1982,649.72
namibia,1983,632.69
namibia,1984,624.99
namibia,1985,607.38
namibia,1986,589.02
namibia,1987,570.45
namibia,1988,550.74
namibia,1989,516.88
namibia,1990,517.44
namibia,1991,500.49
namibia,1992,484.86
namibia,1993,469.63
namibia,1994,455.27
namibia,1995,442.23
namibia,1996,430.43
namibia,1997,419.43
namibia,1998,408.91
namibia,1999,398.87
namibia,2000,389.59
namibia,2001,381.54
namibia,2002,374.89
namibia,2003,369.52
namibia,2004,364.83
namibia,2005,360.29
namibia,2006,355.71
namibia,2007,351.00
namibia,2008,346.12
namibia,2009,341.07
namibia,2010,335.83
namibia,2011,330.11
namibia,2012,322.84
namibia,2013,314.55
namibia,2014,306.44
namibia,2015,298.42
namibia,2016,290.48
namibia,2017,282.64
namibia,2018,274.91
namibia,2019,267.32
namibia,2020,259.65
namibia,2021,252.10
namibia,2022,245.20
nepal,1963,0.0000
nepal,1964,0.0000
nepal,1965,0.0000
nepal,1966,0.0000
nepal,1967,0.0000
nepal,1968,0.0000
nepal,1969,0.0000
nepal,1970,0.0000
nepal,1971,0.0000
nepal,1972,0.0000
nepal,1973,0.0000
nepal,1974,0.0000
nepal,1975,0.0000
nepal,1976,0.0000
nepal,1977,0.0000
nepal,1978,0.0000
nepal,1979,0.0000
nepal,1980,0.0000
nepal,1981,0.0000
nepal,1982,5.2338
nepal,1983,5.1111
nepal,1984,4.9926
nepal,1985,4.8805
nepal,1986,4.7739
nepal,1987,4.6738
nepal,1988,4.5765
nepal,1989,4.4759
nepal,1990,4.3689
nepal,1991,4.2572
nepal,1992,4.1388
nepal,1993,4.0274
nepal,1994,3.9277
nepal,1995,3.8345
nepal,1996,3.7508
nepal,1997,3.6736
nepal,1998,3.6021
nepal,1999,3.5357
nepal,2000,3.4750
nepal,2001,3.4193
nepal,2002,3.3677
nepal,2003,3.3205
nepal,2004,3.2787
nepal,2005,3.2422
nepal,2006,3.2109
nepal,2007,3.1842
nepal,2008,3.1604
nepal,2009,3.1391
nepal,2010,3.1197
nepal,2011,3.1058
nepal,2012,3.0979
nepal,2013,3.0917
nepal,2014,3.0825
nepal,2015,3.0657
nepal,2016,3.0513
nepal,2017,3.0452
nepal,2018,3.0378
nepal,2019,3.0020
nepal,2020,2.9448
nepal,2021,2.8940
nepal,2022,2.8706
netherlands_kingdom_of_the,1961,449.94
netherlands_kingdom_of_the,1962,443.53
netherlands_kingdom_of_the,1963,437.54
netherlands_kingdom_of_the,1964,431.67
netherlands_kingdom_of_the,1965,425.73
netherlands_kingdom_of_the,1966,420.16
netherlands_kingdom_of_the,1967,419.10
netherlands_kingdom_of_the,1968,414.73
netherlands_kingdom_of_the,1969,413.79
netherlands_kingdom_of_the,1970,450.81
netherlands_kingdom_of_the,1971,445.48
netherlands_kingdom_of_the,1972,483.71
netherlands_kingdom_of_the,1973,479.72
netherlands_kingdom_of_the,1974,475.97
netherlands_kingdom_of_the,1975,471.78
netherlands_kingdom_of_the,1976,468.13
netherlands_kingdom_of_the,1977,465.37
netherlands_kingdom_of_the,1978,462.52
netherlands_kingdom_of_the,1979,459.35
netherlands_kingdom_of_the,1980,455.70
netherlands_kingdom_of_the,1981,452.51
netherlands_kingdom_of_the,1982,450.26
netherlands_kingdom_of_the,1983,448.29
netherlands_kingdom_of_the,1984,446.25
netherlands_kingdom_of_the,1985,443.91
netherlands_kingdom_of_the,1986,631.32
netherlands_kingdom_of_the,1987,627.10
netherlands_kingdom_of_the,1988,622.83
netherlands_kingdom_of_the,1989,618.85
netherlands_kingdom_of_the,1990,614.34
netherlands_kingdom_of_the,1991,609.30
netherlands_kingdom_of_the,1992,604.45
netherlands_kingdom_of_the,1993,600.01
netherlands_kingdom_of_the,1994,596.30
netherlands_kingdom_of_the,1995,593.25
netherlands_kingdom_of_the,1996,590.41
netherlands_kingdom_of_the,1997,587.27
netherlands_kingdom_of_the,1998,583.43
netherlands_kingdom_of_the,1999,579.29
netherlands_kingdom_of_the,2000,575.01
netherlands_kingdom_of_the,2001,570.61
netherlands_kingdom_of_the,2002,566.92
netherlands_kingdom_of_the,2003,564.19
netherlands_kingdom_of_the,2004,562.17
netherlands_kingdom_of_the,2005,560.80
netherlands_kingdom_of_the,2006,559.84
netherlands_kingdom_of_the,2007,558.57
netherlands_kingdom_of_the,2008,556.36
netherlands_kingdom_of_the,2009,553.46
netherlands_kingdom_of_the,2010,550.59
netherlands_kingdom_of_the,2011,547.98
netherlands_kingdom_of_the,2012,545.90
netherlands_kingdom_of_the,2013,544.23
netherlands_kingdom_of_the,2014,542.22
netherlands_kingdom_of_the,2015,539.77
netherlands_kingdom_of_the,2016,536.71
netherlands_kingdom_of_the,2017,533.28
netherlands_kingdom_of_the,2018,530.04
netherlands_kingdom_of_the,2019,526.53
netherlands_kingdom_of_the,2020,523.57
netherlands_kingdom_of_the,2021,520.80
netherlands_kingdom_of_the,2022,515.74
new_zealand,1961,1711.3
new_zealand,1962,1675.2
new_zealand,1963,1639.7
new_zealand,1964,1608.8
new_zealand,1965,2429.9
new_zealand,1966,2388.4
new_zealand,1967,2352.6
new_zealand,1968,2511.1
new_zealand,1969,2484.8
new_zealand,1970,2451.6
new_zealand,1971,2417.8
new_zealand,1972,2378.0
new_zealand,1973,2330.4
new_zealand,1974,2282.7
new_zealand,1975,3087.9
new_zealand,1976,5070.7
new_zealand,1977,5061.3
new_zealand,1978,5057.9
new_zealand,1979,5058.9
new_zealand,1980,5053.6
new_zealand,1981,5047.5
new_zealand,1982,5156.9
new_zealand,1983,5102.5
new_zealand,1984,5097.0
new_zealand,1985,5069.2
new_zealand,1986,5048.8
new_zealand,1987,5118.3
new_zealand,1988,5092.8
new_zealand,1989,5065.6
new_zealand,1990,4971.4
new_zealand,1991,4851.5
new_zealand,1992,4781.0
new_zealand,1993,4725.7
new_zealand,1994,4663.8
new_zealand,1995,4596.0
new_zealand,1996,4528.3
new_zealand,1997,4471.3
new_zealand,1998,4430.9
new_zealand,1999,4402.9
new_zealand,2000,4377.8
new_zealand,2001,4339.3
new_zealand,2002,4274.2
new_zealand,2003,4198.2
new_zealand,2004,4135.2
new_zealand,2005,4084.1
new_zealand,2006,4038.2
new_zealand,2007,3998.7
new_zealand,2008,3962.6
new_zealand,2009,3923.4
new_zealand,2010,3884.2
new_zealand,2011,3853.3
new_zealand,2012,3828.0
new_zealand,2013,3791.7
new_zealand,2014,3733.8
new_zealand,2015,3660.1
new_zealand,2016,3581.9
new_zealand,2017,3508.9
new_zealand,2018,3445.9
new_zealand,2019,3384.7
new_zealand,2020,3331.0
new_zealand,2021,3306.3
new_zealand,2022,3290.8
nicaragua,1961,17172
nicaragua,1962,16665
nicaragua,1963,16171
nicaragua,1964,15904
nicaragua,1965,15425
nicaragua,1966,14955
nicaragua,1967,14495
nicaragua,1968,14048
nicaragua,1969,13614
nicaragua,1970,13194
nicaragua,1971,12789
nicaragua,1972,12423
nicaragua,1973,12068
nicaragua,1974,11702
nicaragua,1975,11349
nicaragua,1976,11010
nicaragua,1977,10683
nicaragua,1978,10379
nicaragua,1979,10103
nicaragua,1980,9829.8
nicaragua,1981,9555.8
nicaragua,1982,9297.1
nicaragua,1983,9056.1
nicaragua,1984,8833.8
nicaragua,1985,8625.6
nicaragua,1986,8426.2
nicaragua,1987,8235.2
nicaragua,1988,8048.3
nicaragua,1989,7870.6
nicaragua,1990,7688.9
nicaragua,1991,7513.7
nicaragua,1992,7345.7
nicaragua,1993,7186.2
nicaragua,1994,7035.2
nicaragua,1995,6893.4
nicaragua,1996,6766.5
nicaragua,1997,6654.5
nicaragua,1998,6553.6
nicaragua,1999,6460.5
nicaragua,2000,6372.2
nicaragua,2001,6290.6
nicaragua,2002,6214.8
nicaragua,2003,6141.9
nicaragua,2004,6069.8
nicaragua,2005,5991.2
nicaragua,2006,5906.3
nicaragua,2007,5822.1
nicaragua,2008,5739.2
nicaragua,2009,5658.1
nicaragua,2010,5579.1
nicaragua,2011,5500.1
nicaragua,2012,5423.5
nicaragua,2013,5348.6
nicaragua,2014,5275.8
nicaragua,2015,5204.6
nicaragua,2016,5135.1
nicaragua,2017,5067.2
nicaragua,2018,5000.8
nicaragua,2019,4936.3
nicaragua,2020,4875.0
nicaragua,2021,4816.7
nicaragua,2022,4755.2
niger,1961,1.4329
niger,1962,1.3918
niger,1963,1.3520
niger,1964,1.3136
niger,1965,1.2766
niger,1966,1.2411
niger,1967,1.5921
niger,1968,1.7645
niger,1969,1.7169
niger,1970,3.0686
niger,1971,3.3227
niger,1972,4.5608
niger,1973,4.4404
niger,1974,4.3227
niger,1975,4.2072
niger,1976,4.0933
niger,1977,3.9806
niger,1978,5.5975
niger,1979,5.4353
niger,1980,13.587
niger,1981,13.187
niger,1982,12.801
niger,1983,12.427
niger,1984,12.065
niger,1985,11.712
niger,1986,11.365
niger,1987,11.026
niger,1988,10.697
niger,1989,10.376
niger,1990,10.061
niger,1991,9.7544
niger,1992,9.4549
niger,1993,9.1607
niger,1994,8.8708
niger,1995,8.5820
niger,1996,8.2998
niger,1997,8.0287
niger,1998,7.7615
niger,1999,7.4990
niger,2000,7.2435
niger,2001,6.9937
niger,2002,6.7511
niger,2003,6.5148
niger,2004,6.2846
niger,2005,6.0605
niger,2006,5.8429
niger,2007,6.1634
niger,2008,6.0959
niger,2009,5.8734
niger,2010,5.6586
niger,2011,5.4519
niger,2012,5.2501
niger,2013,5.0564
niger,2014,4.8733
niger,2015,4.6964
niger,2016,4.5270
niger,2017,4.3687
niger,2018,4.2205
niger,2019,4.0807
niger,2020,3.9483
niger,2021,3.8219
niger,2022,3.6996
nigeria,1961,87.099
nigeria,1962,85.497
nigeria,1963,83.700
nigeria,1964,82.652
nigeria,1965,80.879
nigeria,1966,79.138
nigeria,1967,77.479
nigeria,1968,356.55
nigeria,1969,349.33
nigeria,1970,341.84
nigeria,1971,334.25
nigeria,1972,326.34
nigeria,1973,318.70
nigeria,1974,341.01
nigeria,1975,419.24
nigeria,1976,508.69
nigeria,1977,495.51
nigeria,1978,487.55
nigeria,1979,473.20
nigeria,1980,463.50
nigeria,1981,449.86
nigeria,1982,444.52
nigeria,1983,453.97
nigeria,1984,487.65
nigeria,1985,474.02
nigeria,1986,461.32
nigeria,1987,450.23
nigeria,1988,470.02
nigeria,1989,458.72
nigeria,1990,447.95
nigeria,1991,436.33
nigeria,1992,494.77
nigeria,1993,481.83
nigeria,1994,469.38
nigeria,1995,457.16
nigeria,1996,445.37
nigeria,1997,433.92
nigeria,1998,422.76
nigeria,1999,411.77
nigeria,2000,400.90
nigeria,2001,390.16
nigeria,2002,379.61
nigeria,2003,369.28
nigeria,2004,359.19
nigeria,2005,349.38
nigeria,2006,339.87
nigeria,2007,330.58
nigeria,2008,321.50
nigeria,2009,312.66
nigeria,2010,304.04
nigeria,2011,295.64
nigeria,2012,287.55
nigeria,2013,279.85
nigeria,2014,272.55
nigeria,2015,265.73
nigeria,2016,259.24
nigeria,2017,253.01
nigeria,2018,247.23
nigeria,2019,241.86
nigeria,2020,236.76
nigeria,2021,231.85
nigeria,2022,227.05
north_macedonia,1992,806.83
north_macedonia,1993,817.15
north_macedonia,1994,822.97
north_macedonia,1995,820.55
north_macedonia,1996,814.84
north_macedonia,1997,809.53
north_macedonia,1998,804.83
north_macedonia,1999,800.70
north_macedonia,2000,797.13
north_macedonia,2001,793.64
north_macedonia,2002,790.51
north_macedonia,2003,1100.2
north_macedonia,2004,1097.4
north_macedonia,2005,1095.7
north_macedonia,2006,1096.0
north_macedonia,2007,1099.9
north_macedonia,2008,1105.8
north_macedonia,2009,1111.3
north_macedonia,2010,1116.2
north_macedonia,2011,1122.3
north_macedonia,2012,1129.5
north_macedonia,2013,1137.4
north_macedonia,2014,1146.2
north_macedonia,2015,1156.3
north_macedonia,2016,1167.6
north_macedonia,2017,1179.8
north_macedonia,2018,1192.8
north_macedonia,2019,1206.7
north_macedonia,2020,1223.2
north_macedonia,2021,1237.0
north_macedonia,2022,1244.4
norway,1961,2209.7
norway,1962,2419.9
norway,1963,2510.1
norway,1964,2716.7
norway,1965,2802.6
norway,1966,2993.2
norway,1967,3211.6
norway,1968,3818.0
norway,1969,4058.8
norway,1970,4461.8
norway,1971,4609.6
norway,1972,4739.2
norway,1973,4870.8
norway,1974,4906.1
norway,1975,4932.6
norway,1976,5315.3
norway,1977,5292.9
norway,1978,5356.0
norway,1979,5618.5
norway,1980,5607.2
norway,1981,5677.3
norway,1982,5691.5
norway,1983,5672.8
norway,1984,6056.1
norway,1985,6037.9
norway,1986,6296.0
norway,1987,6855.3
norway,1988,6818.4
norway,1989,6836.9
norway,1990,6878.1
norway,1991,6845.5
norway,1992,6806.1
norway,1993,6765.7
norway,1994,6727.3
norway,1995,6692.6
norway,1996,6658.8
norway,1997,7472.4
norway,1998,7428.0
norway,1999,7397.5
norway,2000,7361.8
norway,2001,7324.6
norway,2002,7285.3
norway,2003,7242.8
norway,2004,7200.1
norway,2005,7151.2
norway,2006,7093.9
norway,2007,7020.8
norway,2008,6979.7
norway,2009,6892.2
norway,2010,6806.9
norway,2011,6719.2
norway,2012,6631.5
norway,2013,6551.0
norway,2014,6478.0
norway,2015,6412.6
norway,2016,6356.0
norway,2017,6306.8
norway,2018,6265.3
norway,2019,6223.2
norway,2020,6186.7
norway,2021,6153.7
norway,2022,6098.8
oman,1985,9.1665
oman,1986,22.060
oman,1987,20.773
oman,1988,19.628
oman,1989,22.497
oman,1990,21.662
oman,1991,26.460
oman,1992,30.125
oman,1993,32.048
oman,1994,34.388
oman,1995,35.505
oman,1996,34.948
oman,1997,34.409
oman,1998,33.917
oman,1999,33.459
oman,2000,33.031
oman,2001,32.629
oman,2002,33.323
oman,2003,32.947
oman,2004,35.129
oman,2005,34.344
oman,2006,35.152
oman,2007,34.387
oman,2008,33.649
oman,2009,32.920
oman,2010,32.051
oman,2011,28.725
oman,2012,24.916
oman,2013,23.052
oman,2014,22.082
oman,2015,21.119
oman,2016,20.128
oman,2017,19.478
oman,2018,19.222
oman,2019,19.250
oman,2020,19.542
oman,2021,19.638
oman,2022,18.684
pakistan,1961,59.251
pakistan,1962,61.367
pakistan,1963,59.778
pakistan,1964,58.200
pakistan,1965,56.630
pakistan,1966,55.079
pakistan,1967,241.51
pakistan,1968,237.86
pakistan,1969,231.14
pakistan,1970,224.66
pakistan,1971,232.69
pakistan,1972,226.34
pakistan,1973,219.84
pakistan,1974,213.47
pakistan,1975,207.24
pakistan,1976,367.98
pakistan,1977,356.62
pakistan,1978,345.38
pakistan,1979,348.13
pakistan,1980,334.20
pakistan,1981,320.55
pakistan,1982,308.72
pakistan,1983,300.04
pakistan,1984,290.78
pakistan,1985,281.76
pakistan,1986,272.57
pakistan,1987,263.43
pakistan,1988,254.72
pakistan,1989,246.53
pakistan,1990,238.50
pakistan,1991,230.82
pakistan,1992,224.33
pakistan,1993,218.19
pakistan,1994,212.13
pakistan,1995,206.15
pakistan,1996,200.24
pakistan,1997,194.66
pakistan,1998,189.35
pakistan,1999,184.27
pakistan,2000,179.14
pakistan,2001,174.20
pakistan,2002,169.99
pakistan,2003,166.04
pakistan,2004,162.03
pakistan,2005,158.31
pakistan,2006,154.59
pakistan,2007,150.61
pakistan,2008,146.75
pakistan,2009,143.06
pakistan,2010,139.57
pakistan,2011,136.48
pakistan,2012,133.91
pakistan,2013,131.75
pakistan,2014,129.78
pakistan,2015,127.98
pakistan,2016,126.32
pakistan,2017,124.55
pakistan,2018,122.54
pakistan,2019,120.49
pakistan,2020,118.33
pakistan,2021,116.12
pakistan,2022,114.11
palestine,1997,0.0000
palestine,1998,0.0000
palestine,1999,0.0000
palestine,2000,0.0000
palestine,2001,0.0000
palestine,2002,0.0000
palestine,2003,0.0000
palestine,2004,0.0000
palestine,2005,0.0000
palestine,2006,0.0000
palestine,2007,0.0000
palestine,2008,0.0000
palestine,2009,0.0000
palestine,2010,0.0000
palestine,2011,0.0000
palestine,2012,0.0000
palestine,2013,0.0000
palestine,2014,0.0000
palestine,2015,0.0000
palestine,2016,0.0000
palestine,2017,0.0000
palestine,2018,0.0000
palestine,2019,0.0000
palestine,2020,0.0000
palestine,2021,0.0000
palestine,2022,0.0000
panama,1961,5017.7
panama,1962,4869.0
panama,1963,4723.5
panama,1964,4582.4
panama,1965,4446.6
panama,1966,4316.2
panama,1967,4201.8
panama,1968,4081.8
panama,1969,3966.8
panama,1970,3856.2
panama,1971,3749.6
panama,1972,3647.3
panama,1973,3549.8
panama,1974,3456.7
panama,1975,3368.0
panama,1976,4803.0
panama,1977,4685.4
panama,1978,4573.0
panama,1979,4464.8
panama,1980,4359.9
panama,1981,4257.9
panama,1982,4158.7
panama,1983,4062.0
panama,1984,4048.3
panama,1985,3956.1
panama,1986,3867.5
panama,1987,3782.4
panama,1988,3700.6
panama,1989,3622.2
panama,1990,3545.8
panama,1991,3471.3
panama,1992,3399.4
panama,1993,3329.5
panama,1994,3261.6
panama,1995,3195.7
panama,1996,3131.8
panama,1997,3069.4
panama,1998,3008.7
panama,1999,2949.7
panama,2000,2892.3
panama,2001,2836.6
panama,2002,2782.4
panama,2003,2754.8
panama,2004,2702.8
panama,2005,2652.3
panama,2006,2603.6
panama,2007,2556.3
panama,2008,2510.2
panama,2009,2465.3
panama,2010,2422.0
panama,2011,2473.3
panama,2012,2430.6
panama,2013,2388.6
panama,2014,2347.6
panama,2015,2307.3
panama,2016,2267.8
panama,2017,2229.3
panama,2018,2192.3
panama,2019,2157.7
panama,2020,2128.2
panama,2021,2102.7
panama,2022,2076.2
papua_new_guinea,1961,0.0000
papua_new_guinea,1962,0.0000
papua_new_guinea,1963,0.0000
papua_new_guinea,1964,0.0000
papua_new_guinea,1965,0.0000
papua_new_guinea,1966,0.0000
papua_new_guinea,1967,0.0000
papua_new_guinea,1968,0.0000
papua_new_guinea,1969,0.0000
papua_new_guinea,1970,0.0000
papua_new_guinea,1971,0.0000
papua_new_guinea,1972,0.0000
papua_new_guinea,1973,0.0000
papua_new_guinea,1974,0.0000
papua_new_guinea,1975,118.30
papua_new_guinea,1976,0.0000
papua_new_guinea,1977,0.0000
papua_new_guinea,1978,0.0000
papua_new_guinea,1979,0.0000
papua_new_guinea,1980,106.34
papua_new_guinea,1981,0.0000
papua_new_guinea,1982,0.0000
papua_new_guinea,1983,0.0000
papua_new_guinea,1984,0.0000
papua_new_guinea,1985,95.719
papua_new_guinea,1986,0.0000
papua_new_guinea,1987,0.0000
papua_new_guinea,1988,0.0000
papua_new_guinea,1989,0.0000
papua_new_guinea,1990,85.462
papua_new_guinea,1991,0.0000
papua_new_guinea,1992,0.0000
papua_new_guinea,1993,0.0000
papua_new_guinea,1994,0.0000
papua_new_guinea,1995,143.19
papua_new_guinea,1996,0.0000
papua_new_guinea,1997,0.0000
papua_new_guinea,1998,0.0000
papua_new_guinea,1999,0.0000
papua_new_guinea,2000,120.10
papua_new_guinea,2001,0.0000
papua_new_guinea,2002,0.0000
papua_new_guinea,2003,0.0000
papua_new_guinea,2004,0.0000
papua_new_guinea,2005,101.75
papua_new_guinea,2006,0.0000
papua_new_guinea,2007,0.0000
papua_new_guinea,2008,0.0000
papua_new_guinea,2009,89.787
papua_new_guinea,2010,87.116
papua_new_guinea,2011,0.0000
papua_new_guinea,2012,0.0000
papua_new_guinea,2013,0.0000
papua_new_guinea,2014,0.0000
papua_new_guinea,2015,0.0000
papua_new_guinea,2016,0.0000
papua_new_guinea,2017,0.0000
papua_new_guinea,2018,0.0000
papua_new_guinea,2019,0.0000
papua_new_guinea,2020,0.0000
papua_new_guinea,2021,0.0000
papua_new_guinea,2022,0.0000
paraguay,1977,3016.0
paraguay,1978,2941.8
paraguay,1979,2867.9
paraguay,1980,2793.4
paraguay,1981,2718.3
paraguay,1982,2643.7
paraguay,1983,2570.5
paraguay,1984,6747.6
paraguay,1985,6559.7
paraguay,1986,6376.6
paraguay,1987,6199.1
paraguay,1988,6027.7
paraguay,1989,5863.1
paraguay,1990,5706.3
paraguay,1991,5556.7
paraguay,1992,5414.0
paraguay,1993,5278.6
paraguay,1994,5150.3
paraguay,1995,5028.4
paraguay,1996,4912.8
paraguay,1997,4803.3
paraguay,1998,6842.6
paraguay,1999,6701.6
paraguay,2000,6573.2
paraguay,2001,6463.2
paraguay,2002,6372.7
paraguay,2003,6294.8
paraguay,2004,6222.7
paraguay,2005,6154.3
paraguay,2006,6090.5
paraguay,2007,6031.1
paraguay,2008,5972.8
paraguay,2009,5912.1
paraguay,2010,5843.4
paraguay,2011,5766.5
paraguay,2012,5685.8
paraguay,2013,5604.6
paraguay,2014,5523.9
paraguay,2015,5443.8
paraguay,2016,5365.4
paraguay,2017,5289.6
paraguay,2018,5216.6
paraguay,2019,5146.4
paraguay,2020,5077.3
paraguay,2021,5016.2
paraguay,2022,4959.6
peru,1961,259.85
peru,1962,252.40
peru,1963,245.18
peru,1964,238.19
peru,1965,231.44
peru,1966,224.93
peru,1967,218.65
peru,1968,237.58
peru,1969,231.04
peru,1970,225.31
peru,1971,222.93
peru,1972,218.22
peru,1973,212.65
peru,1974,207.33
peru,1975,259.95
peru,1976,253.61
peru,1977,247.43
peru,1978,241.34
peru,1979,235.40
peru,1980,229.59
peru,1981,223.95
peru,1982,220.11
peru,1983,214.71
peru,1984,209.46
peru,1985,218.66
peru,1986,213.56
peru,1987,236.48
peru,1988,231.17
peru,1989,226.04
peru,1990,221.09
peru,1991,216.48
peru,1992,212.12
peru,1993,207.88
peru,1994,203.81
peru,1995,202.75
peru,1996,231.21
peru,1997,226.98
peru,1998,222.89
peru,1999,220.45
peru,2000,217.04
peru,2001,214.09
peru,2002,211.55
peru,2003,209.31
peru,2004,207.27
peru,2005,205.43
peru,2006,203.81
peru,2007,202.34
peru,2008,201.01
peru,2009,199.77
peru,2010,198.47
peru,2011,197.00
peru,2012,195.36
peru,2013,193.60
peru,2014,191.69
peru,2015,189.54
peru,2016,187.03
peru,2017,184.29
peru,2018,180.98
peru,2019,177.90
peru,2020,175.79
peru,2021,174.11
peru,2022,172.45
philippines,1961,18.581
philippines,1962,17.999
philippines,1963,17.441
philippines,1964,16.907
philippines,1965,16.398
philippines,1966,15.914
philippines,1967,15.453
philippines,1968,44.895
philippines,1969,43.643
philippines,1970,42.528
philippines,1971,41.538
philippines,1972,40.600
philippines,1973,39.708
philippines,1974,38.859
philippines,1975,37.986
philippines,1976,37.036
philippines,1977,88.262
philippines,1978,85.924
philippines,1979,83.663
philippines,1980,81.509
philippines,1981,79.413
philippines,1982,77.245
philippines,1983,98.976
philippines,1984,96.154
philippines,1985,98.763
philippines,1986,96.266
philippines,1987,93.763
philippines,1988,91.280
philippines,1989,89.006
philippines,1990,86.756
philippines,1991,84.697
philippines,1992,82.714
philippines,1993,80.749
philippines,1994,79.007
philippines,1995,67.374
philippines,1996,75.537
philippines,1997,73.780
philippines,1998,71.948
philippines,1999,70.132
philippines,2000,68.483
philippines,2001,66.989
philippines,2002,85.531
philippines,2003,83.853
philippines,2004,82.239
philippines,2005,80.724
philippines,2006,70.105
philippines,2007,78.012
philippines,2008,76.646
philippines,2009,75.277
philippines,2010,73.751
philippines,2011,72.317
philippines,2012,70.926
philippines,2013,69.605
philippines,2014,68.471
philippines,2015,67.466
philippines,2016,66.566
philippines,2017,65.714
philippines,2018,64.906
philippines,2019,64.122
philippines,2020,63.392
philippines,2021,62.820
philippines,2022,62.344
poland,1961,22.892
poland,1962,22.622
poland,1963,25.448
poland,1964,25.186
poland,1965,24.949
poland,1966,24.727
poland,1967,27.752
poland,1968,42.312
poland,1969,41.992
poland,1970,54.246
poland,1971,57.431
poland,1972,56.961
poland,1973,56.463
poland,1974,58.447
poland,1975,57.893
poland,1976,57.332
poland,1977,56.783
poland,1978,57.391
poland,1979,56.879
poland,1980,56.355
poland,1981,55.845
poland,1982,55.333
poland,1983,54.818
poland,1984,54.325
poland,1985,54.448
poland,1986,55.951
poland,1987,55.634
poland,1988,59.512
poland,1989,59.323
poland,1990,64.469
poland,1991,64.304
poland,1992,64.169
poland,1993,64.066
poland,1994,63.983
poland,1995,63.949
poland,1996,65.327
poland,1997,71.969
poland,1998,72.010
poland,1999,72.083
poland,2000,72.139
poland,2001,72.159
poland,2002,72.193
poland,2003,72.242
poland,2004,73.227
poland,2005,77.533
poland,2006,77.641
poland,2007,77.745
poland,2008,77.795
poland,2009,77.782
poland,2010,77.592
poland,2011,77.362
poland,2012,77.283
poland,2013,77.260
poland,2014,77.248
poland,2015,77.245
poland,2016,77.252
poland,2017,77.268
poland,2018,77.296
poland,2019,77.327
poland,2020,77.438
poland,2021,77.704
poland,2022,77.005
portugal,1961,375.72
portugal,1962,375.40
portugal,1963,375.30
portugal,1964,453.81
portugal,1965,466.69
portugal,1966,467.59
portugal,1967,491.95
portugal,1968,559.95
portugal,1969,563.50
portugal,1970,569.00
portugal,1971,567.95
portugal,1972,612.54
portugal,1973,625.04
portugal,1974,616.77
portugal,1975,619.06
portugal,1976,612.11
portugal,1977,617.85
portugal,1978,610.21
portugal,1979,603.46
portugal,1980,600.59
portugal,1981,645.96
portugal,1982,658.27
portugal,1983,655.66
portugal,1984,662.52
portugal,1985,676.14
portugal,1986,680.02
portugal,1987,679.41
portugal,1988,691.63
portugal,1989,691.85
portugal,1990,692.68
portugal,1991,698.44
portugal,1992,738.22
portugal,1993,738.88
portugal,1994,736.95
portugal,1995,734.51
portugal,1996,731.89
portugal,1997,728.78
portugal,1998,725.27
portugal,1999,721.34
portugal,2000,727.66
portugal,2001,722.66
portugal,2002,1117.1
portugal,2003,1112.7
portugal,2004,1109.8
portugal,2005,1107.6
portugal,2006,1105.3
portugal,2007,1103.0
portugal,2008,1101.2
portugal,2009,1099.9
portugal,2010,1099.6
portugal,2011,1101.9
portugal,2012,1106.5
portugal,2013,1112.3
portugal,2014,1117.9
portugal,2015,1121.7
portugal,2016,1124.3
portugal,2017,1126.0
portugal,2018,1126.6
portugal,2019,1124.7
portugal,2020,1121.7
portugal,2021,1119.5
portugal,2022,1116.7
republic_of_korea,1961,56.264
republic_of_korea,1962,55.053
republic_of_korea,1963,53.842
republic_of_korea,1964,54.476
republic_of_korea,1965,74.508
republic_of_korea,1966,73.106
republic_of_korea,1967,73.434
republic_of_korea,1968,71.833
republic_of_korea,1969,70.305
republic_of_korea,1970,78.311
republic_of_korea,1971,77.253
republic_of_korea,1972,76.174
republic_of_korea,1973,158.41
republic_of_korea,1974,162.35
republic_of_korea,1975,159.82
republic_of_korea,1976,158.03
republic_of_korea,1977,190.09
republic_of_korea,1978,188.69
republic_of_korea,1979,186.57
republic_of_korea,1980,184.46
republic_of_korea,1981,220.45
republic_of_korea,1982,216.71
republic_of_korea,1983,213.22
republic_of_korea,1984,214.64
republic_of_korea,1985,211.79
republic_of_korea,1986,274.81
republic_of_korea,1987,270.89
republic_of_korea,1988,267.78
republic_of_korea,1989,282.23
republic_of_korea,1990,278.66
republic_of_korea,1991,276.42
republic_of_korea,1992,279.80
republic_of_korea,1993,291.59
republic_of_korea,1994,358.96
republic_of_korea,1995,357.08
republic_of_korea,1996,354.96
republic_of_korea,1997,352.62
republic_of_korea,1998,350.42
republic_of_korea,1999,348.38
republic_of_korea,2000,346.40
republic_of_korea,2001,344.36
republic_of_korea,2002,342.50
republic_of_korea,2003,340.95
republic_of_korea,2004,339.64
republic_of_korea,2005,393.09
republic_of_korea,2006,392.33
republic_of_korea,2007,390.94
republic_of_korea,2008,389.49
republic_of_korea,2009,387.97
republic_of_korea,2010,386.20
republic_of_korea,2011,383.38
republic_of_korea,2012,379.73
republic_of_korea,2013,376.16
republic_of_korea,2014,372.67
republic_of_korea,2015,369.42
republic_of_korea,2016,367.16
republic_of_korea,2017,365.82
republic_of_korea,2018,364.72
republic_of_korea,2019,363.83
republic_of_korea,2020,363.19
republic_of_korea,2021,363.26
republic_of_korea,2022,363.72
republic_of_moldova,1992,253.05
republic_of_moldova,1993,253.47
republic_of_moldova,1994,254.26
republic_of_moldova,1995,255.43
republic_of_moldova,1996,256.97
republic_of_moldova,1997,258.87
republic_of_moldova,1998,261.07
republic_of_moldova,1999,263.54
republic_of_moldova,2000,266.24
republic_of_moldova,2001,269.11
republic_of_moldova,2002,272.15
republic_of_moldova,2003,275.31
republic_of_moldova,2004,278.62
republic_of_moldova,2005,282.68
republic_of_moldova,2006,287.53
republic_of_moldova,2007,292.75
republic_of_moldova,2008,298.32
republic_of_moldova,2009,304.22
republic_of_moldova,2010,310.44
republic_of_moldova,2011,316.96
republic_of_moldova,2012,323.75
republic_of_moldova,2013,330.77
republic_of_moldova,2014,337.30
republic_of_moldova,2015,343.00
republic_of_moldova,2016,348.23
republic_of_moldova,2017,353.06
republic_of_moldova,2018,357.51
republic_of_moldova,2019,362.24
republic_of_moldova,2020,367.37
republic_of_moldova,2021,372.88
republic_of_moldova,2022,370.89
romania,1961,91.410
romania,1962,90.970
romania,1963,91.137
romania,1964,94.879
romania,1965,120.11
romania,1966,119.71
romania,1967,118.31
romania,1968,116.09
romania,1969,114.09
romania,1970,112.32
romania,1971,113.63
romania,1972,236.23
romania,1973,254.79
romania,1974,259.98
romania,1975,274.96
romania,1976,273.61
romania,1977,272.21
romania,1978,298.94
romania,1979,372.62
romania,1980,375.77
romania,1981,373.99
romania,1982,372.29
romania,1983,383.50
romania,1984,425.35
romania,1985,432.19
romania,1986,438.24
romania,1987,445.35
romania,1988,450.88
romania,1989,457.46
romania,1990,460.14
romania,1991,459.98
romania,1992,460.91
romania,1993,468.19
romania,1994,479.41
romania,1995,484.50
romania,1996,490.75
romania,1997,493.60
romania,1998,496.41
romania,1999,499.07
romania,2000,501.78
romania,2001,504.67
romania,2002,508.15
romania,2003,512.30
romania,2004,516.86
romania,2005,521.48
romania,2006,525.89
romania,2007,530.04
romania,2008,533.93
romania,2009,537.61
romania,2010,541.41
romania,2011,545.43
romania,2012,548.77
romania,2013,551.39
romania,2014,554.00
romania,2015,556.71
romania,2016,559.36
romania,2017,561.85
romania,2018,564.47
romania,2019,567.26
romania,2020,570.45
romania,2021,574.73
romania,2022,577.17
russian_federation,1992,5382.5
russian_federation,1993,5410.9
russian_federation,1994,5408.5
russian_federation,1995,5405.2
russian_federation,1996,5412.7
russian_federation,1997,5421.2
russian_federation,1998,5429.2
russian_federation,1999,5443.7
russian_federation,2000,5463.2
russian_federation,2001,5485.6
russian_federation,2002,5492.3
russian_federation,2003,5497.8
russian_federation,2004,5521.0
russian_federation,2005,5543.3
russian_federation,2006,5562.3
russian_federation,2007,5571.7
russian_federation,2008,5573.6
russian_federation,2009,5571.3
russian_federation,2010,5568.8
russian_federation,2011,5564.6
russian_federation,2012,5555.0
russian_federation,2013,5543.0
russian_federation,2014,5530.7
russian_federation,2015,5516.2
russian_federation,2016,5498.4
russian_federation,2017,5483.0
russian_federation,2018,5473.9
russian_federation,2019,5470.1
russian_federation,2020,5476.1
russian_federation,2021,5496.2
russian_federation,2022,5505.9
rwanda,1961,0.0000
rwanda,1962,0.0000
rwanda,1963,0.0000
rwanda,1964,0.0000
rwanda,1965,0.0000
rwanda,1966,0.0000
rwanda,1967,0.0000
rwanda,1968,0.0000
rwanda,1969,0.0000
rwanda,1970,0.0000
rwanda,1971,0.0000
rwanda,1972,0.0000
rwanda,1973,0.0000
rwanda,1974,0.0000
rwanda,1975,0.0000
rwanda,1976,0.0000
rwanda,1977,0.0000
rwanda,1978,0.0000
rwanda,1979,0.0000
rwanda,1980,0.0000
rwanda,1981,0.0000
rwanda,1982,0.0000
rwanda,1983,0.0000
rwanda,1984,0.0000
rwanda,1985,0.0000
rwanda,1986,0.0000
rwanda,1987,0.0000
rwanda,1988,0.0000
rwanda,1989,0.0000
rwanda,1990,0.0000
rwanda,1991,0.0000
rwanda,1992,0.0000
rwanda,1993,0.0000
rwanda,1994,0.0000
rwanda,1995,0.0000
rwanda,1996,0.0000
rwanda,1997,0.0000
rwanda,1998,0.0000
rwanda,1999,0.0000
rwanda,2000,0.0000
rwanda,2001,0.0000
rwanda,2002,0.0000
rwanda,2003,0.0000
rwanda,2004,0.0000
rwanda,2005,0.0000
rwanda,2006,0.0000
rwanda,2007,0.0000
rwanda,2008,0.0000
rwanda,2009,0.0000
rwanda,2010,0.0000
rwanda,2011,0.0000
rwanda,2012,0.0000
rwanda,2013,0.0000
rwanda,2014,0.0000
rwanda,2015,0.0000
rwanda,2016,0.0000
rwanda,2017,0.0000
rwanda,2018,0.0000
rwanda,2019,0.0000
rwanda,2020,0.0000
rwanda,2021,0.0000
rwanda,2022,0.0000
saint_lucia,1961,27.810
saint_lucia,1962,27.512
saint_lucia,1963,27.220
saint_lucia,1964,26.942
saint_lucia,1965,26.669
saint_lucia,1966,26.406
saint_lucia,1967,26.130
saint_lucia,1968,25.826
saint_lucia,1969,25.520
saint_lucia,1970,25.202
saint_lucia,1971,24.865
saint_lucia,1972,24.528
saint_lucia,1973,24.186
saint_lucia,1974,23.837
saint_lucia,1975,23.482
saint_lucia,1976,23.127
saint_lucia,1977,22.780
saint_lucia,1978,22.446
saint_lucia,1979,22.122
saint_lucia,1980,21.796
saint_lucia,1981,21.458
saint_lucia,1982,21.123
saint_lucia,1983,20.793
saint_lucia,1984,20.462
saint_lucia,1985,20.130
saint_lucia,1986,19.811
saint_lucia,1987,19.516
saint_lucia,1988,19.259
saint_lucia,1989,19.046
saint_lucia,1990,18.860
saint_lucia,1991,18.635
saint_lucia,1992,18.359
saint_lucia,1993,18.090
saint_lucia,1994,17.822
saint_lucia,1995,17.543
saint_lucia,1996,17.283
saint_lucia,1997,17.041
saint_lucia,1998,16.809
saint_lucia,1999,16.592
saint_lucia,2000,16.392
saint_lucia,2001,16.226
saint_lucia,2002,16.085
saint_lucia,2003,15.953
saint_lucia,2004,15.831
saint_lucia,2005,15.715
saint_lucia,2006,15.603
saint_lucia,2007,15.499
saint_lucia,2008,15.402
saint_lucia,2009,15.306
saint_lucia,2010,15.213
saint_lucia,2011,15.134
saint_lucia,2012,15.065
saint_lucia,2013,14.997
saint_lucia,2014,14.931
saint_lucia,2015,14.865
saint_lucia,2016,14.803
saint_lucia,2017,14.744
saint_lucia,2018,14.688
saint_lucia,2019,14.635
saint_lucia,2020,14.586
saint_lucia,2021,14.564
saint_lucia,2022,14.543
samoa,1993,58.216
samoa,1994,57.750
samoa,1995,57.283
samoa,1996,56.795
samoa,1997,56.323
samoa,1998,55.896
samoa,1999,55.471
samoa,2000,55.040
samoa,2001,54.595
samoa,2002,54.209
samoa,2003,53.929
samoa,2004,53.692
samoa,2005,53.482
samoa,2006,53.274
samoa,2007,52.979
samoa,2008,52.602
samoa,2009,52.216
samoa,2010,51.807
samoa,2011,51.358
samoa,2012,50.891
samoa,2013,50.437
samoa,2014,49.991
samoa,2015,49.558
samoa,2016,49.140
samoa,2017,48.682
samoa,2018,48.174
samoa,2019,47.669
samoa,2020,47.182
samoa,2021,46.777
samoa,2022,46.455
sao_tome_and_principe,1980,395.76
sao_tome_and_principe,1981,387.62
sao_tome_and_principe,1982,380.46
sao_tome_and_principe,1983,373.63
sao_tome_and_principe,1984,366.56
sao_tome_and_principe,1985,358.92
sao_tome_and_principe,1986,350.88
sao_tome_and_principe,1987,342.35
sao_tome_and_principe,1988,333.51
sao_tome_and_principe,1989,325.06
sao_tome_and_principe,1990,317.12
sao_tome_and_principe,1991,310.27
sao_tome_and_principe,1992,304.43
sao_tome_and_principe,1993,298.93
sao_tome_and_principe,1994,293.83
sao_tome_and_principe,1995,289.11
sao_tome_and_principe,1996,284.75
sao_tome_and_principe,1997,280.73
sao_tome_and_principe,1998,277.09
sao_tome_and_principe,1999,273.80
sao_tome_and_principe,2000,270.80
sao_tome_and_principe,2001,266.44
sao_tome_and_principe,2002,260.14
sao_tome_and_principe,2003,253.55
sao_tome_and_principe,2004,247.30
sao_tome_and_principe,2005,241.28
sao_tome_and_principe,2006,235.45
sao_tome_and_principe,2007,229.82
sao_tome_and_principe,2008,224.40
sao_tome_and_principe,2009,219.28
sao_tome_and_principe,2010,214.52
sao_tome_and_principe,2011,210.07
sao_tome_and_principe,2012,205.87
sao_tome_and_principe,2013,201.92
sao_tome_and_principe,2014,198.20
sao_tome_and_principe,2015,194.72
sao_tome_and_principe,2016,191.47
sao_tome_and_principe,2017,188.43
sao_tome_and_principe,2018,185.55
sao_tome_and_principe,2019,182.76
sao_tome_and_principe,2020,179.36
sao_tome_and_principe,2021,175.71
sao_tome_and_principe,2022,172.33
saudi_arabia,1970,14.316
saudi_arabia,1971,13.695
saudi_arabia,1972,13.058
saudi_arabia,1973,12.420
saudi_arabia,1974,62.447
saudi_arabia,1975,59.259
saudi_arabia,1976,56.948
saudi_arabia,1977,54.456
saudi_arabia,1978,51.432
saudi_arabia,1979,50.371
saudi_arabia,1980,62.219
saudi_arabia,1981,61.802
saudi_arabia,1982,68.141
saudi_arabia,1983,64.529
saudi_arabia,1984,68.393
saudi_arabia,1985,68.881
saudi_arabia,1986,65.422
saudi_arabia,1987,61.973
saudi_arabia,1988,61.777
saudi_arabia,1989,59.324
saudi_arabia,1990,58.113
saudi_arabia,1991,55.405
saudi_arabia,1992,52.912
saudi_arabia,1993,50.620
saudi_arabia,1994,48.499
saudi_arabia,1995,46.531
saudi_arabia,1996,44.708
saudi_arabia,1997,43.017
saudi_arabia,1998,63.219
saudi_arabia,1999,60.972
saudi_arabia,2000,58.349
saudi_arabia,2001,57.739
saudi_arabia,2002,55.606
saudi_arabia,2003,53.174
saudi_arabia,2004,50.940
saudi_arabia,2005,48.836
saudi_arabia,2006,46.789
saudi_arabia,2007,44.888
saudi_arabia,2008,43.115
saudi_arabia,2009,41.460
saudi_arabia,2010,39.912
saudi_arabia,2011,38.461
saudi_arabia,2012,37.102
saudi_arabia,2013,35.825
saudi_arabia,2014,34.625
saudi_arabia,2015,33.497
saudi_arabia,2016,32.687
saudi_arabia,2017,32.618
saudi_arabia,2018,33.066
saudi_arabia,2019,32.949
saudi_arabia,2020,32.398
saudi_arabia,2021,32.050
saudi_arabia,2022,31.206
senegal,1986,36.347
senegal,1987,35.303
senegal,1988,34.295
senegal,1989,33.324
senegal,1990,32.381
senegal,1991,31.474
senegal,1992,30.606
senegal,1993,29.775
senegal,1994,28.989
senegal,1995,28.255
senegal,1996,27.572
senegal,1997,26.930
senegal,1998,26.308
senegal,1999,25.691
senegal,2000,25.080
senegal,2001,24.479
senegal,2002,23.886
senegal,2003,23.318
senegal,2004,22.778
senegal,2005,22.251
senegal,2006,21.739
senegal,2007,21.240
senegal,2008,20.749
senegal,2009,20.264
senegal,2010,19.786
senegal,2011,19.292
senegal,2012,18.782
senegal,2013,18.234
senegal,2014,17.665
senegal,2015,17.131
senegal,2016,16.628
senegal,2017,16.155
senegal,2018,15.709
senegal,2019,15.288
senegal,2020,14.891
senegal,2021,14.517
senegal,2022,14.163
serbia,2006,302.19
serbia,2007,303.34
serbia,2008,304.51
serbia,2009,305.70
serbia,2010,306.91
serbia,2011,308.21
serbia,2012,309.90
serbia,2013,311.96
serbia,2014,314.08
serbia,2015,316.26
serbia,2016,318.53
serbia,2017,320.90
serbia,2018,323.35
serbia,2019,325.85
serbia,2020,328.60
serbia,2021,332.08
serbia,2022,334.24
seychelles,1989,13.677
seychelles,1990,13.517
seychelles,1991,13.366
seychelles,1992,13.225
seychelles,1993,13.087
seychelles,1994,12.943
seychelles,1995,12.800
seychelles,1996,12.677
seychelles,1997,12.555
seychelles,1998,12.388
seychelles,1999,12.192
seychelles,2000,12.002
seychelles,2001,11.819
seychelles,2002,11.647
seychelles,2003,11.490
seychelles,2004,11.344
seychelles,2005,11.202
seychelles,2006,11.065
seychelles,2007,10.933
seychelles,2008,10.805
seychelles,2009,10.681
seychelles,2010,10.530
seychelles,2011,10.307
seychelles,2012,10.046
seychelles,2013,9.7950
seychelles,2014,9.5553
seychelles,2015,9.3257
seychelles,2016,9.1057
seychelles,2017,8.8947
seychelles,2018,8.6926
seychelles,2019,8.4998
seychelles,2020,8.3132
seychelles,2021,8.1309
seychelles,2022,7.9667
sierra_leone,1966,87.488
sierra_leone,1967,85.858
sierra_leone,1968,84.242
sierra_leone,1969,82.664
sierra_leone,1970,81.112
sierra_leone,1971,79.617
sierra_leone,1972,78.170
sierra_leone,1973,76.736
sierra_leone,1974,75.331
sierra_leone,1975,73.958
sierra_leone,1976,72.636
sierra_leone,1977,71.305
sierra_leone,1978,69.941
sierra_leone,1979,68.589
sierra_leone,1980,67.235
sierra_leone,1981,65.889
sierra_leone,1982,64.551
sierra_leone,1983,63.189
sierra_leone,1984,61.819
sierra_leone,1985,60.466
sierra_leone,1986,59.007
sierra_leone,1987,57.445
sierra_leone,1988,55.915
sierra_leone,1989,54.536
sierra_leone,1990,52.421
sierra_leone,1991,51.810
sierra_leone,1992,52.804
sierra_leone,1993,52.921
sierra_leone,1994,52.719
sierra_leone,1995,52.642
sierra_leone,1996,52.391
sierra_leone,1997,51.719
sierra_leone,1998,51.213
sierra_leone,1999,50.949
sierra_leone,2000,49.733
sierra_leone,2001,46.881
sierra_leone,2002,44.253
sierra_leone,2003,42.490
sierra_leone,2004,41.078
sierra_leone,2005,39.988
sierra_leone,2006,39.115
sierra_leone,2007,38.265
sierra_leone,2008,37.322
sierra_leone,2009,36.330
sierra_leone,2010,35.354
sierra_leone,2011,34.444
sierra_leone,2012,33.582
sierra_leone,2013,32.767
sierra_leone,2014,31.994
sierra_leone,2015,31.260
sierra_leone,2016,30.533
sierra_leone,2017,29.813
sierra_leone,2018,29.121
sierra_leone,2019,28.453
sierra_leone,2020,27.804
sierra_leone,2021,27.179
sierra_leone,2022,26.580
singapore,1968,13.731
singapore,1969,13.449
singapore,1970,13.196
singapore,1971,12.967
singapore,1972,12.752
singapore,1973,12.545
singapore,1974,12.349
singapore,1975,25.611
singapore,1976,25.253
singapore,1977,24.919
singapore,1978,24.612
singapore,1979,24.328
singapore,1980,23.836
singapore,1981,29.584
singapore,1982,28.507
singapore,1983,27.886
singapore,1984,27.527
singapore,1985,27.385
singapore,1986,27.289
singapore,1987,26.927
singapore,1988,26.290
singapore,1989,25.488
singapore,1990,24.641
singapore,1991,23.882
singapore,1992,23.214
singapore,1993,22.575
singapore,1994,21.915
singapore,1995,21.196
singapore,1996,20.439
singapore,1997,19.728
singapore,1998,19.198
singapore,1999,18.883
singapore,2000,18.561
singapore,2001,18.197
singapore,2002,18.062
singapore,2003,18.099
singapore,2004,17.950
singapore,2005,17.548
singapore,2006,16.995
singapore,2007,16.295
singapore,2008,15.582
singapore,2009,15.075
singapore,2010,14.753
singapore,2011,14.453
singapore,2012,14.150
singapore,2013,13.907
singapore,2014,13.723
singapore,2015,13.556
singapore,2016,13.428
singapore,2017,13.365
singapore,2018,13.293
singapore,2019,13.211
singapore,2020,13.327
singapore,2021,13.505
singapore,2022,13.257
slovakia,1993,285.77
slovakia,1994,289.86
slovakia,1995,319.15
slovakia,1996,318.66
slovakia,1997,318.23
slovakia,1998,321.26
slovakia,1999,321.06
slovakia,2000,320.95
slovakia,2001,320.98
slovakia,2002,321.09
slovakia,2003,321.18
slovakia,2004,321.18
slovakia,2005,321.15
slovakia,2006,321.14
slovakia,2007,321.13
slovakia,2008,321.00
slovakia,2009,320.65
slovakia,2010,320.24
slovakia,2011,319.87
slovakia,2012,319.47
slovakia,2013,319.14
slovakia,2014,318.86
slovakia,2015,318.56
slovakia,2016,318.15
slovakia,2017,317.66
slovakia,2018,317.22
slovakia,2019,316.79
slovakia,2020,316.53
slovakia,2021,317.25
slovakia,2022,315.48
slovenia,1992,16.785
slovenia,1993,16.827
slovenia,1994,16.849
slovenia,1995,16.850
slovenia,1996,16.861
slovenia,1997,16.882
slovenia,1998,16.919
slovenia,1999,16.909
slovenia,2000,16.861
slovenia,2001,16.837
slovenia,2002,16.821
slovenia,2003,16.813
slovenia,2004,16.804
slovenia,2005,16.776
slovenia,2006,16.724
slovenia,2007,16.632
slovenia,2008,16.543
slovenia,2009,16.457
slovenia,2010,16.385
slovenia,2011,16.351
slovenia,2012,16.315
slovenia,2013,16.290
slovenia,2014,16.275
slovenia,2015,16.263
slovenia,2016,16.251
slovenia,2017,16.243
slovenia,2018,16.188
slovenia,2019,16.079
slovenia,2020,15.934
slovenia,2021,15.851
slovenia,2022,15.838
somalia,2003,0.0000
somalia,2004,0.0000
somalia,2005,0.0000
somalia,2006,0.0000
somalia,2007,0.0000
somalia,2008,0.0000
somalia,2009,0.0000
somalia,2010,0.0000
somalia,2011,0.0000
somalia,2012,0.0000
somalia,2013,0.0000
somalia,2014,0.0000
somalia,2015,0.0000
somalia,2016,0.0000
somalia,2017,0.0000
somalia,2018,0.0000
somalia,2019,0.0000
somalia,2020,0.0000
somalia,2021,0.0000
somalia,2022,0.0000
south_africa,1961,130.08
south_africa,1962,131.67
south_africa,1963,129.30
south_africa,1964,134.98
south_africa,1965,148.67
south_africa,1966,145.64
south_africa,1967,146.12
south_africa,1968,151.26
south_africa,1969,166.30
south_africa,1970,220.88
south_africa,1971,458.56
south_africa,1972,462.33
south_africa,1973,550.13
south_africa,1974,536.05
south_africa,1975,525.98
south_africa,1976,529.59
south_africa,1977,663.66
south_africa,1978,652.93
south_africa,1979,665.41
south_africa,1980,671.46
south_africa,1981,668.33
south_africa,1982,675.94
south_africa,1983,679.65
south_africa,1984,670.43
south_africa,1985,810.66
south_africa,1986,805.96
south_africa,1987,781.22
south_africa,1988,757.78
south_africa,1989,746.01
south_africa,1990,725.55
south_africa,1991,709.16
south_africa,1992,696.56
south_africa,1993,684.18
south_africa,1994,675.42
south_africa,1995,667.27
south_africa,1996,658.67
south_africa,1997,650.83
south_africa,1998,648.42
south_africa,1999,641.39
south_africa,2000,637.99
south_africa,2001,635.16
south_africa,2002,629.17
south_africa,2003,622.93
south_africa,2004,616.69
south_africa,2005,613.79
south_africa,2006,607.62
south_africa,2007,601.24
south_africa,2008,596.94
south_africa,2009,589.86
south_africa,2010,582.92
south_africa,2011,576.18
south_africa,2012,567.75
south_africa,2013,567.35
south_africa,2014,558.00
south_africa,2015,546.90
south_africa,2016,541.78
south_africa,2017,538.25
south_africa,2018,529.27
south_africa,2019,520.61
south_africa,2020,512.23
south_africa,2021,504.40
south_africa,2022,497.32
spain,1961,644.09
spain,1962,660.46
spain,1963,708.22
spain,1964,761.40
spain,1965,757.80
spain,1966,805.91
spain,1967,817.37
spain,1968,829.94
spain,1969,992.30
spain,1970,1066.5
spain,1971,1066.4
spain,1972,1081.2
spain,1973,1076.0
spain,1974,1102.6
spain,1975,1100.0
spain,1976,1094.6
spain,1977,1089.6
spain,1978,1091.8
spain,1979,1082.3
spain,1980,1080.0
spain,1981,1073.1
spain,1982,1070.3
spain,1983,1069.7
spain,1984,1079.0
spain,1985,1075.9
spain,1986,1083.0
spain,1987,1089.4
spain,1988,1112.9
spain,1989,1217.4
spain,1990,1223.4
spain,1991,1231.6
spain,1992,1261.3
spain,1993,1258.2
spain,1994,1263.0
spain,1995,1280.7
spain,1996,1293.6
spain,1997,1296.3
spain,1998,1291.6
spain,1999,1296.1
spain,2000,1289.5
spain,2001,1282.5
spain,2002,1266.8
spain,2003,1263.6
spain,2004,1242.3
spain,2005,1221.8
spain,2006,1201.7
spain,2007,1180.0
spain,2008,1163.9
spain,2009,1153.9
spain,2010,1148.9
spain,2011,1145.0
spain,2012,1144.5
spain,2013,1148.4
spain,2014,1151.8
spain,2015,1152.7
spain,2016,1151.5
spain,2017,1148.2
spain,2018,1142.7
spain,2019,1134.5
spain,2020,1128.7
spain,2021,1127.3
spain,2022,1125.2
sri_lanka,1961,424.66
sri_lanka,1962,414.43
sri_lanka,1963,404.41
sri_lanka,1964,394.60
sri_lanka,1965,385.08
sri_lanka,1966,375.88
sri_lanka,1967,366.92
sri_lanka,1968,358.20
sri_lanka,1969,349.92
sri_lanka,1970,342.14
sri_lanka,1971,334.92
sri_lanka,1972,328.19
sri_lanka,1973,321.87
sri_lanka,1974,315.94
sri_lanka,1975,310.27
sri_lanka,1976,304.70
sri_lanka,1977,299.22
sri_lanka,1978,293.77
sri_lanka,1979,288.34
sri_lanka,1980,283.13
sri_lanka,1981,278.41
sri_lanka,1982,275.00
sri_lanka,1983,273.18
sri_lanka,1984,272.24
sri_lanka,1985,270.45
sri_lanka,1986,267.23
sri_lanka,1987,264.12
sri_lanka,1988,261.46
sri_lanka,1989,258.72
sri_lanka,1990,257.08
sri_lanka,1991,255.16
sri_lanka,1992,264.16
sri_lanka,1993,259.71
sri_lanka,1994,255.96
sri_lanka,1995,251.76
sri_lanka,1996,331.86
sri_lanka,1997,325.62
sri_lanka,1998,319.53
sri_lanka,1999,313.65
sri_lanka,2000,307.99
sri_lanka,2001,303.16
sri_lanka,2002,300.01
sri_lanka,2003,297.82
sri_lanka,2004,295.80
sri_lanka,2005,293.92
sri_lanka,2006,291.96
sri_lanka,2007,289.96
sri_lanka,2008,288.04
sri_lanka,2009,286.27
sri_lanka,2010,284.59
sri_lanka,2011,282.83
sri_lanka,2012,280.69
sri_lanka,2013,278.20
sri_lanka,2014,275.76
sri_lanka,2015,273.45
sri_lanka,2016,271.19
sri_lanka,2017,269.02
sri_lanka,2018,267.02
sri_lanka,2019,265.14
sri_lanka,2020,263.37
sri_lanka,2021,261.76
sri_lanka,2022,260.21
sudan,2012,574.98
sudan,2013,561.85
sudan,2014,546.84
sudan,2015,530.43
sudan,2016,514.54
sudan,2017,497.02
sudan,2018,479.98
sudan,2019,466.10
sudan,2020,453.74
sudan,2021,441.68
sudan,2022,429.90
suriname,1964,64716
suriname,1965,62500
suriname,1966,60398
suriname,1967,58364
suriname,1968,56399
suriname,1969,54510
suriname,1970,52709
suriname,1971,51029
suriname,1972,50325
suriname,1973,50534
suriname,1974,50803
suriname,1975,51129
suriname,1976,51508
suriname,1977,51939
suriname,1978,52424
suriname,1979,52966
suriname,1980,53280
suriname,1981,53268
suriname,1982,53113
suriname,1983,52806
suriname,1984,52330
suriname,1985,51683
suriname,1986,50977
suriname,1987,50389
suriname,1988,49723
suriname,1989,48971
suriname,1990,48486
suriname,1991,48191
suriname,1992,47894
suriname,1993,47693
suriname,1994,47351
suriname,1995,46554
suriname,1996,45576
suriname,1997,44636
suriname,1998,43725
suriname,1999,42834
suriname,2000,41960
suriname,2001,41105
suriname,2002,40278
suriname,2003,39493
suriname,2004,38916
suriname,2005,38512
suriname,2006,38095
suriname,2007,37664
suriname,2008,37227
suriname,2009,36794
suriname,2010,36369
suriname,2011,35954
suriname,2012,35547
suriname,2013,35148
suriname,2014,34760
suriname,2015,34386
suriname,2016,34028
suriname,2017,33686
suriname,2018,33360
suriname,2019,33016
suriname,2020,32663
suriname,2021,32368
suriname,2022,32094
sweden,1961,2185.5
sweden,1962,2241.7
sweden,1963,2445.1
sweden,1964,2426.9
sweden,1965,2404.4
sweden,1966,2633.2
sweden,1967,2860.9
sweden,1968,2895.0
sweden,1969,3004.2
sweden,1970,3259.1
sweden,1971,3236.8
sweden,1972,3983.1
sweden,1973,3984.7
sweden,1974,4275.9
sweden,1975,4303.4
sweden,1976,4299.7
sweden,1977,4284.5
sweden,1978,4272.0
sweden,1979,4262.7
sweden,1980,4254.2
sweden,1981,4249.0
sweden,1982,4246.6
sweden,1983,4244.7
sweden,1984,4240.9
sweden,1985,4306.3
sweden,1986,4296.3
sweden,1987,4282.0
sweden,1988,4262.4
sweden,1989,4234.0
sweden,1990,4201.5
sweden,1991,4173.0
sweden,1992,4148.7
sweden,1993,4124.7
sweden,1994,4095.5
sweden,1995,4074.1
sweden,1996,4067.6
sweden,1997,4065.2
sweden,1998,4062.9
sweden,1999,4059.6
sweden,2000,4053.0
sweden,2001,4042.1
sweden,2002,4029.0
sweden,2003,4014.0
sweden,2004,3998.2
sweden,2005,3982.3
sweden,2006,3960.0
sweden,2007,3930.7
sweden,2008,3900.2
sweden,2009,3867.1
sweden,2010,3834.3
sweden,2011,3805.5
sweden,2012,3777.4
sweden,2013,3745.5
sweden,2014,3708.5
sweden,2015,3669.5
sweden,2016,3623.7
sweden,2017,3575.2
sweden,2018,3533.9
sweden,2019,3498.3
sweden,2020,3473.1
sweden,2021,3452.2
sweden,2022,3428.8
switzerland,1961,396.13
switzerland,1962,398.12
switzerland,1963,439.94
switzerland,1964,432.72
switzerland,1965,448.86
switzerland,1966,451.14
switzerland,1967,462.44
switzerland,1968,499.65
switzerland,1969,502.73
switzerland,1970,504.21
switzerland,1971,501.57
switzerland,1972,497.76
switzerland,1973,494.10
switzerland,1974,527.25
switzerland,1975,527.48
switzerland,1976,530.50
switzerland,1977,532.29
switzerland,1978,532.23
switzerland,1979,531.16
switzerland,1980,529.05
switzerland,1981,526.16
switzerland,1982,523.09
switzerland,1983,520.85
switzerland,1984,518.98
switzerland,1985,516.69
switzerland,1986,514.01
switzerland,1987,510.79
switzerland,1988,507.04
switzerland,1989,502.95
switzerland,1990,498.05
switzerland,1991,491.91
switzerland,1992,486.32
switzerland,1993,481.90
switzerland,1994,478.08
switzerland,1995,474.90
switzerland,1996,472.79
switzerland,1997,471.64
switzerland,1998,470.23
switzerland,1999,468.01
switzerland,2000,465.41
switzerland,2001,462.68
switzerland,2002,459.35
switzerland,2003,455.92
switzerland,2004,452.79
switzerland,2005,449.89
switzerland,2006,447.08
switzerland,2007,443.12
switzerland,2008,437.53
switzerland,2009,432.11
switzerland,2010,427.24
switzerland,2011,422.46
switzerland,2012,417.99
switzerland,2013,413.23
switzerland,2014,408.23
switzerland,2015,403.61
switzerland,2016,399.23
switzerland,2017,395.51
switzerland,2018,392.60
switzerland,2019,389.80
switzerland,2020,386.95
switzerland,2021,384.00
switzerland,2022,380.28
syrian_arab_republic,1961,61.261
syrian_arab_republic,1962,59.484
syrian_arab_republic,1963,57.725
syrian_arab_republic,1964,55.987
syrian_arab_republic,1965,54.275
syrian_arab_republic,1966,52.977
syrian_arab_republic,1967,51.648
syrian_arab_republic,1968,52.921
syrian_arab_republic,1969,52.020
syrian_arab_republic,1970,53.981
syrian_arab_republic,1971,52.201
syrian_arab_republic,1972,50.971
syrian_arab_republic,1973,1752.2
syrian_arab_republic,1974,1695.2
syrian_arab_republic,1975,1641.0
syrian_arab_republic,1976,1611.4
syrian_arab_republic,1977,1557.8
syrian_arab_republic,1978,1509.4
syrian_arab_republic,1979,1459.0
syrian_arab_republic,1980,1414.1
syrian_arab_republic,1981,1369.5
syrian_arab_republic,1982,1328.0
syrian_arab_republic,1983,1289.8
syrian_arab_republic,1984,1246.1
syrian_arab_republic,1985,1224.5
syrian_arab_republic,1986,1185.9
syrian_arab_republic,1987,1148.8
syrian_arab_republic,1988,1110.4
syrian_arab_republic,1989,1082.8
syrian_arab_republic,1990,1074.5
syrian_arab_republic,1991,1042.7
syrian_arab_republic,1992,1014.7
syrian_arab_republic,1993,984.49
syrian_arab_republic,1994,955.88
syrian_arab_republic,1995,937.70
syrian_arab_republic,1996,919.17
syrian_arab_republic,1997,895.36
syrian_arab_republic,1998,874.30
syrian_arab_republic,1999,971.83
syrian_arab_republic,2000,954.08
syrian_arab_republic,2001,967.28
syrian_arab_republic,2002,944.19
syrian_arab_republic,2003,923.04
syrian_arab_republic,2004,900.51
syrian_arab_republic,2005,877.67
syrian_arab_republic,2006,840.89
syrian_arab_republic,2007,940.91
syrian_arab_republic,2008,908.18
syrian_arab_republic,2009,894.12
syrian_arab_republic,2010,874.02
syrian_arab_republic,2011,858.90
syrian_arab_republic,2012,863.37
syrian_arab_republic,2013,906.91
syrian_arab_republic,2014,969.24
syrian_arab_republic,2015,1011.6
syrian_arab_republic,2016,1023.8
syrian_arab_republic,2017,1022.1
syrian_arab_republic,2018,1003.7
syrian_arab_republic,2019,965.43
syrian_arab_republic,2020,933.52
syrian_arab_republic,2021,908.51
syrian_arab_republic,2022,874.80
tajikistan,1992,2672.6
tajikistan,1993,2637.3
tajikistan,1994,4973.1
tajikistan,1995,4870.1
tajikistan,1996,4775.4
tajikistan,1997,4718.4
tajikistan,1998,4690.4
tajikistan,1999,4666.3
tajikistan,2000,4609.6
tajikistan,2001,4521.4
tajikistan,2002,4435.3
tajikistan,2003,4350.8
tajikistan,2004,4266.2
tajikistan,2005,4183.6
tajikistan,2006,4104.8
tajikistan,2007,4026.7
tajikistan,2008,3947.7
tajikistan,2009,3871.0
tajikistan,2010,3855.1
tajikistan,2011,3770.7
tajikistan,2012,3681.6
tajikistan,2013,3590.8
tajikistan,2014,3501.8
tajikistan,2015,3413.4
tajikistan,2016,3328.0
tajikistan,2017,3247.3
tajikistan,2018,3170.1
tajikistan,2019,3096.0
tajikistan,2020,3026.4
tajikistan,2021,2960.3
tajikistan,2022,2897.7
thailand,1961,0.0000
thailand,1962,0.0000
thailand,1963,0.0000
thailand,1964,445.29
thailand,1965,717.19
thailand,1966,718.46
thailand,1967,697.76
thailand,1968,677.97
thailand,1969,708.89
thailand,1970,756.51
thailand,1971,1047.1
thailand,1972,1027.5
thailand,1973,1014.1
thailand,1974,991.49
thailand,1975,967.51
thailand,1976,945.50
thailand,1977,924.59
thailand,1978,904.63
thailand,1979,885.83
thailand,1980,1271.4
thailand,1981,1276.3
thailand,1982,1281.2
thailand,1983,1258.9
thailand,1984,1417.0
thailand,1985,1396.4
thailand,1986,1371.6
thailand,1987,1475.5
thailand,1988,1455.4
thailand,1989,1431.7
thailand,1990,1408.4
thailand,1991,1390.4
thailand,1992,1369.5
thailand,1993,1351.4
thailand,1994,1333.6
thailand,1995,1314.7
thailand,1996,1296.6
thailand,1997,1279.5
thailand,1998,1267.3
thailand,1999,1264.1
thailand,2000,1249.9
thailand,2001,1237.3
thailand,2002,1225.4
thailand,2003,1214.1
thailand,2004,1203.2
thailand,2005,1200.2
thailand,2006,1190.2
thailand,2007,1180.7
thailand,2008,1171.7
thailand,2009,1163.1
thailand,2010,1155.3
thailand,2011,1148.2
thailand,2012,1141.1
thailand,2013,1134.4
thailand,2014,1128.4
thailand,2015,1123.2
thailand,2016,1118.1
thailand,2017,1113.4
thailand,2018,1110.0
thailand,2019,1107.8
thailand,2020,1105.9
thailand,2021,1104.6
thailand,2022,1104.5
togo,1961,3.8580
togo,1962,3.7906
togo,1963,4.2316
togo,1964,4.1415
togo,1965,4.0291
togo,1966,3.8931
togo,1967,3.7422
togo,1968,3.5905
togo,1969,3.4502
togo,1970,3.3273
togo,1971,3.2222
togo,1972,3.1317
togo,1973,3.0501
togo,1974,2.9736
togo,1975,2.9010
togo,1976,2.8315
togo,1977,2.7644
togo,1978,2.6982
togo,1979,2.6301
togo,1980,2.5571
togo,1981,2.4789
togo,1982,2.3977
togo,1983,2.3175
togo,1984,2.2410
togo,1985,2.1705
togo,1986,2.1052
togo,1987,469.57
togo,1988,455.59
togo,1989,442.26
togo,1990,429.50
togo,1991,417.31
togo,1992,405.67
togo,1993,408.20
togo,1994,406.70
togo,1995,389.38
togo,1996,375.17
togo,1997,363.48
togo,1998,353.32
togo,1999,343.48
togo,2000,334.14
togo,2001,325.44
togo,2002,317.27
togo,2003,309.33
togo,2004,301.50
togo,2005,293.85
togo,2006,285.74
togo,2007,277.53
togo,2008,269.67
togo,2009,262.13
togo,2010,255.10
togo,2011,248.32
togo,2012,241.87
togo,2013,235.74
togo,2014,229.84
togo,2015,224.12
togo,2016,218.56
togo,2017,213.16
togo,2018,207.96
togo,2019,202.94
togo,2020,198.10
togo,2021,193.44
togo,2022,188.95
trinidad_and_tobago,1961,6.6849
trinidad_and_tobago,1962,28.255
trinidad_and_tobago,1963,27.732
trinidad_and_tobago,1964,27.241
trinidad_and_tobago,1965,26.787
trinidad_and_tobago,1966,26.375
trinidad_and_tobago,1967,26.003
trinidad_and_tobago,1968,25.665
trinidad_and_tobago,1969,25.359
trinidad_and_tobago,1970,25.084
trinidad_and_tobago,1971,24.806
trinidad_and_tobago,1972,24.504
trinidad_and_tobago,1973,24.196
trinidad_and_tobago,1974,23.896
trinidad_and_tobago,1975,23.608
trinidad_and_tobago,1976,23.323
trinidad_and_tobago,1977,23.037
trinidad_and_tobago,1978,22.746
trinidad_and_tobago,1979,22.453
trinidad_and_tobago,1980,22.171
trinidad_and_tobago,1981,62.962
trinidad_and_tobago,1982,62.260
trinidad_and_tobago,1983,61.584
trinidad_and_tobago,1984,60.930
trinidad_and_tobago,1985,60.192
trinidad_and_tobago,1986,59.404
trinidad_and_tobago,1987,58.709
trinidad_and_tobago,1988,58.102
trinidad_and_tobago,1989,57.563
trinidad_and_tobago,1990,57.075
trinidad_and_tobago,1991,56.625
trinidad_and_tobago,1992,56.202
trinidad_and_tobago,1993,55.816
trinidad_and_tobago,1994,55.474
trinidad_and_tobago,1995,55.182
trinidad_and_tobago,1996,54.938
trinidad_and_tobago,1997,54.731
trinidad_and_tobago,1998,54.548
trinidad_and_tobago,1999,54.362
trinidad_and_tobago,2000,54.153
trinidad_and_tobago,2001,53.917
trinidad_and_tobago,2002,53.656
trinidad_and_tobago,2003,53.387
trinidad_and_tobago,2004,53.123
trinidad_and_tobago,2005,52.861
trinidad_and_tobago,2006,52.602
trinidad_and_tobago,2007,52.345
trinidad_and_tobago,2008,52.089
trinidad_and_tobago,2009,51.825
trinidad_and_tobago,2010,51.541
trinidad_and_tobago,2011,51.234
trinidad_and_tobago,2012,50.911
trinidad_and_tobago,2013,50.593
trinidad_and_tobago,2014,50.291
trinidad_and_tobago,2015,50.028
trinidad_and_tobago,2016,49.735
trinidad_and_tobago,2017,49.451
trinidad_and_tobago,2018,48.602
trinidad_and_tobago,2019,48.131
trinidad_and_tobago,2020,48.257
trinidad_and_tobago,2021,48.040
trinidad_and_tobago,2022,47.777
tunisia,1961,74.377
tunisia,1962,73.477
tunisia,1963,74.425
tunisia,1964,73.831
tunisia,1965,73.440
tunisia,1966,73.897
tunisia,1967,72.210
tunisia,1968,72.458
tunisia,1969,104.02
tunisia,1970,101.45
tunisia,1971,129.35
tunisia,1972,126.12
tunisia,1973,122.91
tunisia,1974,119.72
tunisia,1975,116.55
tunisia,1976,133.08
tunisia,1977,129.65
tunisia,1978,126.49
tunisia,1979,123.61
tunisia,1980,120.81
tunisia,1981,231.14
tunisia,1982,229.01
tunisia,1983,242.73
tunisia,1984,238.76
tunisia,1985,232.64
tunisia,1986,230.76
tunisia,1987,234.13
tunisia,1988,229.38
tunisia,1989,237.89
tunisia,1990,248.56
tunisia,1991,243.38
tunisia,1992,238.31
tunisia,1993,233.59
tunisia,1994,229.44
tunisia,1995,225.86
tunisia,1996,222.62
tunisia,1997,219.63
tunisia,1998,216.85
tunisia,1999,226.20
tunisia,2000,223.67
tunisia,2001,226.67
tunisia,2002,253.36
tunisia,2003,250.84
tunisia,2004,248.51
tunisia,2005,246.34
tunisia,2006,244.18
tunisia,2007,241.95
tunisia,2008,239.63
tunisia,2009,237.20
tunisia,2010,234.66
tunisia,2011,232.08
tunisia,2012,243.15
tunisia,2013,241.57
tunisia,2014,238.72
tunisia,2015,236.04
tunisia,2016,233.45
tunisia,2017,231.01
tunisia,2018,228.75
tunisia,2019,226.64
tunisia,2020,224.77
tunisia,2021,223.38
tunisia,2022,222.07
turkiye,1961,371.84
turkiye,1962,373.04
turkiye,1963,363.28
turkiye,1964,358.24
turkiye,1965,349.67
turkiye,1966,373.75
turkiye,1967,369.75
turkiye,1968,365.10
turkiye,1969,358.22
turkiye,1970,351.54
turkiye,1971,347.29
turkiye,1972,379.13
turkiye,1973,381.14
turkiye,1974,373.04
turkiye,1975,1126.3
turkiye,1976,1104.8
turkiye,1977,1085.0
turkiye,1978,1063.3
turkiye,1979,1042.7
turkiye,1980,1022.9
turkiye,1981,1032.8
turkiye,1982,1014.7
turkiye,1983,1007.7
turkiye,1984,1018.9
turkiye,1985,1063.0
turkiye,1986,1043.9
turkiye,1987,1209.2
turkiye,1988,1383.8
turkiye,1989,1423.1
turkiye,1990,1451.7
turkiye,1991,1484.7
turkiye,1992,2305.6
turkiye,1993,2271.2
turkiye,1994,2320.4
turkiye,1995,2282.7
turkiye,1996,2261.5
turkiye,1997,2343.6
turkiye,1998,2361.4
turkiye,1999,2367.2
turkiye,2000,2375.2
turkiye,2001,2347.3
turkiye,2002,2326.7
turkiye,2003,2299.8
turkiye,2004,2293.2
turkiye,2005,2268.9
turkiye,2006,2245.7
turkiye,2007,2223.3
turkiye,2008,2198.1
turkiye,2009,2170.7
turkiye,2010,2151.8
turkiye,2011,2126.6
turkiye,2012,2091.8
turkiye,2013,2065.7
turkiye,2014,2022.5
turkiye,2015,1972.5
turkiye,2016,1932.9
turkiye,2017,1899.6
turkiye,2018,1869.6
turkiye,2019,1849.0
turkiye,2020,1833.2
turkiye,2021,1820.7
turkiye,2022,1812.9
turkmenistan,1992,1259.8
turkmenistan,1993,1232.4
turkmenistan,1994,1207.2
turkmenistan,1995,1185.8
turkmenistan,1996,1165.5
turkmenistan,1997,1145.9
turkmenistan,1998,1126.7
turkmenistan,1999,1106.3
turkmenistan,2000,1084.5
turkmenistan,2001,1062.9
turkmenistan,2002,1041.9
turkmenistan,2003,1021.7
turkmenistan,2004,1254.5
turkmenistan,2005,1231.1
turkmenistan,2006,1086.9
turkmenistan,2007,1066.8
turkmenistan,2008,1046.7
turkmenistan,2009,1141.0
turkmenistan,2010,1117.8
turkmenistan,2011,984.36
turkmenistan,2012,963.15
turkmenistan,2013,941.94
turkmenistan,2014,920.86
turkmenistan,2015,900.05
turkmenistan,2016,879.63
turkmenistan,2017,859.76
turkmenistan,2018,840.58
turkmenistan,2019,822.24
turkmenistan,2020,804.97
turkmenistan,2021,788.84
turkmenistan,2022,773.77
uganda,1961,10175
uganda,1962,9886.0
uganda,1963,9599.6
uganda,1964,9317.1
uganda,1965,9040.4
uganda,1966,8769.2
uganda,1967,8502.6
uganda,1968,8240.1
uganda,1969,7988.1
uganda,1970,7750.7
uganda,1971,7534.2
uganda,1972,7349.0
uganda,1973,7178.6
uganda,1974,7002.3
uganda,1975,6822.9
uganda,1976,6646.0
uganda,1977,6472.7
uganda,1978,6303.1
uganda,1979,6152.8
uganda,1980,6026.0
uganda,1981,5901.2
uganda,1982,5766.3
uganda,1983,5625.1
uganda,1984,5476.6
uganda,1985,5324.9
uganda,1986,5172.1
uganda,1987,5014.4
uganda,1988,4857.2
uganda,1989,4702.9
uganda,1990,4553.2
uganda,1991,4406.3
uganda,1992,4258.7
uganda,1993,4114.1
uganda,1994,3978.4
uganda,1995,3871.2
uganda,1996,3768.0
uganda,1997,3660.3
uganda,1998,3553.1
uganda,1999,3439.8
uganda,2000,3333.3
uganda,2001,3232.9
uganda,2002,3133.2
uganda,2003,3035.8
uganda,2004,2946.1
uganda,2005,2860.9
uganda,2006,2778.4
uganda,2007,2697.8
uganda,2008,2619.6
uganda,2009,2543.6
uganda,2010,2469.8
uganda,2011,2398.5
uganda,2012,2329.8
uganda,2013,2263.9
uganda,2014,2198.1
uganda,2015,2131.6
uganda,2016,2061.9
uganda,2017,1991.2
uganda,2018,1924.7
uganda,2019,1860.5
uganda,2020,1799.5
uganda,2021,1742.5
uganda,2022,1690.9
ukraine,1992,902.08
ukraine,1993,901.62
ukraine,1994,906.37
ukraine,1995,913.57
ukraine,1996,921.41
ukraine,1997,929.37
ukraine,1998,936.88
ukraine,1999,944.44
ukraine,2000,952.45
ukraine,2001,961.17
ukraine,2002,969.65
ukraine,2003,976.92
ukraine,2004,983.75
ukraine,2005,991.90
ukraine,2006,998.34
ukraine,2007,1002.9
ukraine,2008,1008.1
ukraine,2009,1012.4
ukraine,2010,1016.0
ukraine,2011,1019.3
ukraine,2012,1201.0
ukraine,2013,1201.0
ukraine,2014,1205.0
ukraine,2015,1210.0
ukraine,2016,1214.4
ukraine,2017,1219.3
ukraine,2018,1225.4
ukraine,2019,1232.2
ukraine,2020,1239.9
ukraine,2021,1250.6
ukraine,2022,1349.6
united_arab_emirates,1982,13.246
united_arab_emirates,1983,12.922
united_arab_emirates,1984,12.222
united_arab_emirates,1985,11.584
united_arab_emirates,1986,10.878
united_arab_emirates,1987,10.139
united_arab_emirates,1988,9.4911
united_arab_emirates,1989,8.9181
united_arab_emirates,1990,8.4089
united_arab_emirates,1991,11.194
united_arab_emirates,1992,19.370
united_arab_emirates,1993,18.434
united_arab_emirates,1994,17.594
united_arab_emirates,1995,16.825
united_arab_emirates,1996,15.769
united_arab_emirates,1997,16.385
united_arab_emirates,1998,15.183
united_arab_emirates,1999,14.624
united_arab_emirates,2000,13.671
united_arab_emirates,2001,14.431
united_arab_emirates,2002,15.344
united_arab_emirates,2003,14.555
united_arab_emirates,2004,13.789
united_arab_emirates,2005,13.092
united_arab_emirates,2006,12.192
united_arab_emirates,2007,10.858
united_arab_emirates,2008,9.6896
united_arab_emirates,2009,9.1054
united_arab_emirates,2010,8.8018
united_arab_emirates,2011,8.4827
united_arab_emirates,2012,8.1458
united_arab_emirates,2013,7.7977
united_arab_emirates,2014,7.4143
united_arab_emirates,2015,7.0401
united_arab_emirates,2016,6.7624
united_arab_emirates,2017,6.6134
united_arab_emirates,2018,6.5338
united_arab_emirates,2019,6.5122
united_arab_emirates,2020,6.4635
united_arab_emirates,2021,6.2386
united_arab_emirates,2022,5.9627
united_kingdom_of_great_britain_and_northern_ireland,1961,67.740
united_kingdom_of_great_britain_and_northern_ireland,1962,74.053
united_kingdom_of_great_britain_and_northern_ireland,1963,76.773
united_kingdom_of_great_britain_and_northern_ireland,1964,78.037
united_kingdom_of_great_britain_and_northern_ireland,1965,79.473
united_kingdom_of_great_britain_and_northern_ireland,1966,79.927
united_kingdom_of_great_britain_and_northern_ireland,1967,80.404
united_kingdom_of_great_britain_and_northern_ireland,1968,80.015
united_kingdom_of_great_britain_and_northern_ireland,1969,80.564
united_kingdom_of_great_britain_and_northern_ireland,1970,81.195
united_kingdom_of_great_britain_and_northern_ireland,1971,80.865
united_kingdom_of_great_britain_and_northern_ireland,1972,81.681
united_kingdom_of_great_britain_and_northern_ireland,1973,81.863
united_kingdom_of_great_britain_and_northern_ireland,1974,81.811
united_kingdom_of_great_britain_and_northern_ireland,1975,84.582
united_kingdom_of_great_britain_and_northern_ireland,1976,85.867
united_kingdom_of_great_britain_and_northern_ireland,1977,85.905
united_kingdom_of_great_britain_and_northern_ireland,1978,86.290
united_kingdom_of_great_britain_and_northern_ireland,1979,86.224
united_kingdom_of_great_britain_and_northern_ireland,1980,86.578
united_kingdom_of_great_britain_and_northern_ireland,1981,86.544
united_kingdom_of_great_britain_and_northern_ireland,1982,91.461
united_kingdom_of_great_britain_and_northern_ireland,1983,91.914
united_kingdom_of_great_britain_and_northern_ireland,1984,91.720
united_kingdom_of_great_britain_and_northern_ireland,1985,91.468
united_kingdom_of_great_britain_and_northern_ireland,1986,91.618
united_kingdom_of_great_britain_and_northern_ireland,1987,91.402
united_kingdom_of_great_britain_and_northern_ireland,1988,91.177
united_kingdom_of_great_britain_and_northern_ireland,1989,91.576
united_kingdom_of_great_britain_and_northern_ireland,1990,91.279
united_kingdom_of_great_britain_and_northern_ireland,1991,90.982
united_kingdom_of_great_britain_and_northern_ireland,1992,91.330
united_kingdom_of_great_britain_and_northern_ireland,1993,91.106
united_kingdom_of_great_britain_and_northern_ireland,1994,90.883
united_kingdom_of_great_britain_and_northern_ireland,1995,90.646
united_kingdom_of_great_britain_and_northern_ireland,1996,90.422
united_kingdom_of_great_britain_and_northern_ireland,1997,90.193
united_kingdom_of_great_britain_and_northern_ireland,1998,89.916
united_kingdom_of_great_britain_and_northern_ireland,1999,89.592
united_kingdom_of_great_britain_and_northern_ireland,2000,89.261
united_kingdom_of_great_britain_and_northern_ireland,2001,88.913
united_kingdom_of_great_britain_and_northern_ireland,2002,88.536
united_kingdom_of_great_britain_and_northern_ireland,2003,88.122
united_kingdom_of_great_britain_and_northern_ireland,2004,87.610
united_kingdom_of_great_britain_and_northern_ireland,2005,86.994
united_kingdom_of_great_britain_and_northern_ireland,2006,86.346
united_kingdom_of_great_britain_and_northern_ireland,2007,85.666
united_kingdom_of_great_britain_and_northern_ireland,2008,84.987
united_kingdom_of_great_britain_and_northern_ireland,2009,84.336
united_kingdom_of_great_britain_and_northern_ireland,2010,83.666
united_kingdom_of_great_britain_and_northern_ireland,2011,83.004
united_kingdom_of_great_britain_and_northern_ireland,2012,82.418
united_kingdom_of_great_britain_and_northern_ireland,2013,81.869
united_kingdom_of_great_britain_and_northern_ireland,2014,81.268
united_kingdom_of_great_britain_and_northern_ireland,2015,80.626
united_kingdom_of_great_britain_and_northern_ireland,2016,80.000
united_kingdom_of_great_britain_and_northern_ireland,2017,79.445
united_kingdom_of_great_britain_and_northern_ireland,2018,78.971
united_kingdom_of_great_britain_and_northern_ireland,2019,78.549
united_kingdom_of_great_britain_and_northern_ireland,2020,78.268
united_kingdom_of_great_britain_and_northern_ireland,2021,77.901
united_kingdom_of_great_britain_and_northern_ireland,2022,77.318
united_republic_of_tanzania,1961,9815.6
united_republic_of_tanzania,1962,9534.9
united_republic_of_tanzania,1963,9259.7
united_republic_of_tanzania,1964,8986.7
united_republic_of_tanzania,1965,8718.0
united_republic_of_tanzania,1966,8528.6
united_republic_of_tanzania,1967,8268.1
united_republic_of_tanzania,1968,8004.4
united_republic_of_tanzania,1969,7737.5
united_republic_of_tanzania,1970,7476.0
united_republic_of_tanzania,1971,7219.9
united_republic_of_tanzania,1972,6966.6
united_republic_of_tanzania,1973,6720.3
united_republic_of_tanzania,1974,6482.1
united_republic_of_tanzania,1975,6258.2
united_republic_of_tanzania,1976,6034.6
united_republic_of_tanzania,1977,5820.2
united_republic_of_tanzania,1978,5618.3
united_republic_of_tanzania,1979,5432.3
united_republic_of_tanzania,1980,5429.8
united_republic_of_tanzania,1981,5266.5
united_republic_of_tanzania,1982,5108.0
united_republic_of_tanzania,1983,4943.0
united_republic_of_tanzania,1984,4784.3
united_republic_of_tanzania,1985,4630.6
united_republic_of_tanzania,1986,4479.9
united_republic_of_tanzania,1987,4336.0
united_republic_of_tanzania,1988,4206.6
united_republic_of_tanzania,1989,4096.0
united_republic_of_tanzania,1990,3990.7
united_republic_of_tanzania,1991,3890.8
united_republic_of_tanzania,1992,3794.8
united_republic_of_tanzania,1993,3677.6
united_republic_of_tanzania,1994,3539.0
united_republic_of_tanzania,1995,3429.4
united_republic_of_tanzania,1996,3367.1
united_republic_of_tanzania,1997,3299.7
united_republic_of_tanzania,1998,3213.9
united_republic_of_tanzania,1999,3129.0
united_republic_of_tanzania,2000,3041.4
united_republic_of_tanzania,2001,2960.3
united_republic_of_tanzania,2002,2884.7
united_republic_of_tanzania,2003,2809.4
united_republic_of_tanzania,2004,2734.2
united_republic_of_tanzania,2005,2659.3
united_republic_of_tanzania,2006,2585.9
united_republic_of_tanzania,2007,2514.7
united_republic_of_tanzania,2008,2447.7
united_republic_of_tanzania,2009,2388.0
united_republic_of_tanzania,2010,2328.0
united_republic_of_tanzania,2011,2263.7
united_republic_of_tanzania,2012,2199.5
united_republic_of_tanzania,2013,2134.2
united_republic_of_tanzania,2014,2069.4
united_republic_of_tanzania,2015,2003.0
united_republic_of_tanzania,2016,1935.9
united_republic_of_tanzania,2017,1872.3
united_republic_of_tanzania,2018,1814.1
united_republic_of_tanzania,2019,1760.9
united_republic_of_tanzania,2020,1708.9
united_republic_of_tanzania,2021,1658.4
united_republic_of_tanzania,2022,1610.2
united_states_of_america,1961,2282.3
united_states_of_america,1962,2350.9
united_states_of_america,1963,2560.4
united_states_of_america,1964,2617.5
united_states_of_america,1965,2708.0
united_states_of_america,1966,2906.8
united_states_of_america,1967,2932.2
united_states_of_america,1968,2948.5
united_states_of_america,1969,3006.9
united_states_of_america,1970,2997.2
united_states_of_america,1971,2992.3
united_states_of_america,1972,3027.7
united_states_of_america,1973,3083.3
united_states_of_america,1974,3095.0
united_states_of_america,1975,3082.8
united_states_of_america,1976,3073.2
united_states_of_america,1977,3072.6
united_states_of_america,1978,3089.8
united_states_of_america,1979,3088.4
united_states_of_america,1980,3076.0
united_states_of_america,1981,3063.9
united_states_of_america,1982,3036.9
united_states_of_america,1983,3027.7
united_states_of_america,1984,3001.0
united_states_of_america,1985,2972.7
united_states_of_america,1986,2962.1
united_states_of_america,1987,2945.4
united_states_of_america,1988,2927.7
united_states_of_america,1989,2910.9
united_states_of_america,1990,2881.9
united_states_of_america,1991,2851.5
united_states_of_america,1992,2817.8
united_states_of_america,1993,2787.9
united_states_of_america,1994,2765.5
united_states_of_america,1995,2738.2
united_states_of_america,1996,2711.4
united_states_of_america,1997,2686.3
united_states_of_america,1998,2660.7
united_states_of_america,1999,2635.3
united_states_of_america,2000,2614.1
united_states_of_america,2001,2588.4
united_states_of_america,2002,2563.1
united_states_of_america,2003,2538.3
united_states_of_america,2004,2513.3
united_states_of_america,2005,2488.4
united_states_of_america,2006,2463.3
united_states_of_america,2007,2437.9
united_states_of_america,2008,2412.9
united_states_of_america,2009,2389.0
united_states_of_america,2010,2365.7
united_states_of_america,2011,2342.7
united_states_of_america,2012,2320.5
united_states_of_america,2013,2298.8
united_states_of_america,2014,2277.4
united_states_of_america,2015,2256.4
united_states_of_america,2016,2235.5
united_states_of_america,2017,2215.1
united_states_of_america,2018,2196.2
united_states_of_america,2019,2178.5
united_states_of_america,2020,2167.9
united_states_of_america,2021,2163.3
united_states_of_america,2022,2154.6
uruguay,1961,4432.5
uruguay,1962,4379.0
uruguay,1963,4328.2
uruguay,1964,4280.2
uruguay,1965,4235.5
uruguay,1966,4194.1
uruguay,1967,4156.3
uruguay,1968,4122.6
uruguay,1969,4093.8
uruguay,1970,4069.1
uruguay,1971,4046.4
uruguay,1972,4024.7
uruguay,1973,4002.7
uruguay,1974,3979.1
uruguay,1975,3953.7
uruguay,1976,3927.6
uruguay,1977,3903.2
uruguay,1978,3881.5
uruguay,1979,4798.2
uruguay,1980,4778.6
uruguay,1981,4760.4
uruguay,1982,5698.6
uruguay,1983,5715.9
uruguay,1984,5689.8
uruguay,1985,5662.4
uruguay,1986,5656.0
uruguay,1987,5624.3
uruguay,1988,5591.2
uruguay,1989,5558.1
uruguay,1990,5525.6
uruguay,1991,5493.8
uruguay,1992,5463.5
uruguay,1993,5434.7
uruguay,1994,5406.4
uruguay,1995,5378.3
uruguay,1996,5349.9
uruguay,1997,5321.7
uruguay,1998,5295.5
uruguay,1999,5271.5
uruguay,2000,5251.9
uruguay,2001,5239.0
uruguay,2002,5231.6
uruguay,2003,5227.9
uruguay,2004,5224.8
uruguay,2005,5220.6
uruguay,2006,5214.7
uruguay,2007,5205.7
uruguay,2008,5194.7
uruguay,2009,5181.1
uruguay,2010,5169.0
uruguay,2011,5156.2
uruguay,2012,5142.9
uruguay,2013,5127.6
uruguay,2014,5110.8
uruguay,2015,5093.1
uruguay,2016,5076.1
uruguay,2017,5062.4
uruguay,2018,5053.3
uruguay,2019,5049.3
uruguay,2020,5046.7
uruguay,2021,5050.1
uruguay,2022,5058.7
uzbekistan,1992,1001.2
uzbekistan,1993,978.35
uzbekistan,1994,957.65
uzbekistan,1995,945.13
uzbekistan,1996,921.20
uzbekistan,1997,905.42
uzbekistan,1998,891.32
uzbekistan,1999,878.90
uzbekistan,2000,873.84
uzbekistan,2001,857.38
uzbekistan,2002,872.44
uzbekistan,2003,856.12
uzbekistan,2004,845.66
uzbekistan,2005,840.76
uzbekistan,2006,824.45
uzbekistan,2007,812.97
uzbekistan,2008,800.58
uzbekistan,2009,787.85
uzbekistan,2010,780.68
uzbekistan,2011,763.69
uzbekistan,2012,752.24
uzbekistan,2013,740.54
uzbekistan,2014,728.32
uzbekistan,2015,715.85
uzbekistan,2016,703.60
uzbekistan,2017,691.78
uzbekistan,2018,679.94
uzbekistan,2019,667.74
uzbekistan,2020,655.38
uzbekistan,2021,642.80
uzbekistan,2022,630.01
venezuela_bolivarian_republic_of,1961,304.14
venezuela_bolivarian_republic_of,1962,304.79
venezuela_bolivarian_republic_of,1963,361.21
venezuela_bolivarian_republic_of,1964,351.01
venezuela_bolivarian_republic_of,1965,341.81
venezuela_bolivarian_republic_of,1966,355.45
venezuela_bolivarian_republic_of,1967,377.95
venezuela_bolivarian_republic_of,1968,529.18
venezuela_bolivarian_republic_of,1969,514.63
venezuela_bolivarian_republic_of,1970,498.92
venezuela_bolivarian_republic_of,1971,520.13
venezuela_bolivarian_republic_of,1972,504.73
venezuela_bolivarian_republic_of,1973,573.30
venezuela_bolivarian_republic_of,1974,576.68
venezuela_bolivarian_republic_of,1975,560.15
venezuela_bolivarian_republic_of,1976,545.19
venezuela_bolivarian_republic_of,1977,577.75
venezuela_bolivarian_republic_of,1978,691.29
venezuela_bolivarian_republic_of,1979,682.23
venezuela_bolivarian_republic_of,1980,678.47
venezuela_bolivarian_republic_of,1981,659.91
venezuela_bolivarian_republic_of,1982,642.12
venezuela_bolivarian_republic_of,1983,723.08
venezuela_bolivarian_republic_of,1984,704.09
venezuela_bolivarian_republic_of,1985,685.84
venezuela_bolivarian_republic_of,1986,8226.9
venezuela_bolivarian_republic_of,1987,8017.0
venezuela_bolivarian_republic_of,1988,8116.1
venezuela_bolivarian_republic_of,1989,7915.7
venezuela_bolivarian_republic_of,1990,7724.8
venezuela_bolivarian_republic_of,1991,7543.0
venezuela_bolivarian_republic_of,1992,7370.2
venezuela_bolivarian_republic_of,1993,7206.0
venezuela_bolivarian_republic_of,1994,7049.9
venezuela_bolivarian_republic_of,1995,6909.3
venezuela_bolivarian_republic_of,1996,6766.5
venezuela_bolivarian_republic_of,1997,6638.3
venezuela_bolivarian_republic_of,1998,6506.2
venezuela_bolivarian_republic_of,1999,6380.4
venezuela_bolivarian_republic_of,2000,6260.7
venezuela_bolivarian_republic_of,2001,6147.1
venezuela_bolivarian_republic_of,2002,6037.0
venezuela_bolivarian_republic_of,2003,6080.4
venezuela_bolivarian_republic_of,2004,5976.9
venezuela_bolivarian_republic_of,2005,5877.7
venezuela_bolivarian_republic_of,2006,5789.8
venezuela_bolivarian_republic_of,2007,5700.9
venezuela_bolivarian_republic_of,2008,5618.7
venezuela_bolivarian_republic_of,2009,5542.7
venezuela_bolivarian_republic_of,2010,5470.6
venezuela_bolivarian_republic_of,2011,5400.9
venezuela_bolivarian_republic_of,2012,5333.5
venezuela_bolivarian_republic_of,2013,5269.6
venezuela_bolivarian_republic_of,2014,5210.1
venezuela_bolivarian_republic_of,2015,5155.6
venezuela_bolivarian_republic_of,2016,5123.4
venezuela_bolivarian_republic_of,2017,5157.0
venezuela_bolivarian_republic_of,2018,5288.1
venezuela_bolivarian_republic_of,2019,5447.0
venezuela_bolivarian_republic_of,2020,5541.6
venezuela_bolivarian_republic_of,2021,5582.1
venezuela_bolivarian_republic_of,2022,5587.0
viet_nam,1961,669.70
viet_nam,1962,652.52
viet_nam,1963,634.74
viet_nam,1964,619.32
viet_nam,1965,603.84
viet_nam,1966,589.62
viet_nam,1967,576.43
viet_nam,1968,564.25
viet_nam,1969,552.47
viet_nam,1970,540.57
viet_nam,1971,597.43
viet_nam,1972,584.27
viet_nam,1973,571.37
viet_nam,1974,568.61
viet_nam,1975,555.52
viet_nam,1976,541.76
viet_nam,1977,527.70
viet_nam,1978,514.11
viet_nam,1979,503.91
viet_nam,1980,495.89
viet_nam,1981,484.37
viet_nam,1982,478.93
viet_nam,1983,467.85
viet_nam,1984,456.76
viet_nam,1985,473.04
viet_nam,1986,462.95
viet_nam,1987,459.41
viet_nam,1988,456.97
viet_nam,1989,447.68
viet_nam,1990,438.40
viet_nam,1991,470.65
viet_nam,1992,461.21
viet_nam,1993,452.67
viet_nam,1994,577.94
viet_nam,1995,568.81
viet_nam,1996,563.26
viet_nam,1997,555.13
viet_nam,1998,548.19
viet_nam,1999,544.41
viet_nam,2000,538.78
viet_nam,2001,550.24
viet_nam,2002,559.15
viet_nam,2003,555.41
viet_nam,2004,550.05
viet_nam,2005,546.97
viet_nam,2006,539.96
viet_nam,2007,530.50
viet_nam,2008,520.89
viet_nam,2009,324.31
viet_nam,2010,320.62
viet_nam,2011,501.50
viet_nam,2012,495.66
viet_nam,2013,489.85
viet_nam,2014,483.94
viet_nam,2015,477.97
viet_nam,2016,475.70
viet_nam,2017,469.82
viet_nam,2018,464.64
viet_nam,2019,460.16
viet_nam,2020,455.91
viet_nam,2021,451.97
viet_nam,2022,448.59
yemen,1961,0.92587
yemen,1962,0.90553
yemen,1963,0.88579
yemen,1964,0.86574
yemen,1965,0.84512
yemen,1966,0.82437
yemen,1967,0.80351
yemen,1968,0.78260
yemen,1969,0.76150
yemen,1970,0.74109
yemen,1971,0.72146
yemen,1972,0.70187
yemen,1973,0.68241
yemen,1974,0.66305
yemen,1975,0.64375
yemen,1976,0.62451
yemen,1977,0.60544
yemen,1978,0.58656
yemen,1979,0.56764
yemen,1980,0.54865
yemen,1981,0.52983
yemen,1982,0.51128
yemen,1983,0.49296
yemen,1984,0.47489
yemen,1985,0.50952
yemen,1986,0.49038
yemen,1987,32.808
yemen,1988,31.598
yemen,1989,30.405
yemen,1990,29.258
yemen,1991,28.159
yemen,1992,27.108
yemen,1993,26.173
yemen,1994,25.225
yemen,1995,24.334
yemen,1996,23.574
yemen,1997,22.902
yemen,1998,22.191
yemen,1999,21.653
yemen,2000,21.346
yemen,2001,20.821
yemen,2002,20.514
yemen,2003,20.060
yemen,2004,19.693
yemen,2005,19.150
yemen,2006,19.645
yemen,2007,19.019
yemen,2008,18.418
yemen,2009,17.838
yemen,2010,17.287
yemen,2011,16.768
yemen,2012,16.266
yemen,2013,15.778
yemen,2014,15.301
yemen,2015,14.843
yemen,2016,14.404
yemen,2017,13.977
yemen,2018,13.569
yemen,2019,13.172
yemen,2020,12.799
yemen,2021,12.453
yemen,2022,12.100
zambia,1961,29324
zambia,1962,28416
zambia,1963,27532
zambia,1964,26677
zambia,1965,25845
zambia,1966,25032
zambia,1967,24242
zambia,1968,23471
zambia,1969,22735
zambia,1970,22080
zambia,1971,21656
zambia,1972,21055
zambia,1973,20458
zambia,1974,19866
zambia,1975,19280
zambia,1976,18704
zambia,1977,18144
zambia,1978,18504
zambia,1979,17958
zambia,1980,17428
zambia,1981,16903
zambia,1982,16368
zambia,1983,15849
zambia,1984,15369
zambia,1985,14914
zambia,1986,14476
zambia,1987,14063
zambia,1988,13683
zambia,1989,13326
zambia,1990,12989
zambia,1991,12671
zambia,1992,12369
zambia,1993,12077
zambia,1994,11792
zambia,1995,11511
zambia,1996,11232
zambia,1997,10949
zambia,1998,10665
zambia,1999,10383
zambia,2000,10096
zambia,2001,9794.8
zambia,2002,9497.9
zambia,2003,9207.7
zambia,2004,8919.7
zambia,2005,8630.0
zambia,2006,8337.8
zambia,2007,8048.8
zambia,2008,7766.8
zambia,2009,7496.7
zambia,2010,7241.6
zambia,2011,7004.8
zambia,2012,6781.3
zambia,2013,6567.5
zambia,2014,6362.5
zambia,2015,6167.0
zambia,2016,5979.1
zambia,2017,5798.5
zambia,2018,5626.8
zambia,2019,5462.6
zambia,2020,5306.2
zambia,2021,5158.9
zambia,2022,5018.3
zimbabwe,1961,24542
zimbabwe,1962,23782
zimbabwe,1963,23075
zimbabwe,1964,22359
zimbabwe,1965,21667
zimbabwe,1966,20998
zimbabwe,1967,20418
zimbabwe,1968,19803
zimbabwe,1969,19189
zimbabwe,1970,18618
zimbabwe,1971,18075
zimbabwe,1972,17560
zimbabwe,1973,17069
zimbabwe,1974,16526
zimbabwe,1975,16011
zimbabwe,1976,15663
zimbabwe,1977,15270
zimbabwe,1978,15052
zimbabwe,1979,14828
zimbabwe,1980,14005
zimbabwe,1981,13152
zimbabwe,1982,12654
zimbabwe,1983,12185
zimbabwe,1984,11761
zimbabwe,1985,11367
zimbabwe,1986,10995
zimbabwe,1987,10639
zimbabwe,1988,10349
zimbabwe,1989,10085
zimbabwe,1990,9814.3
zimbabwe,1991,9561.9
zimbabwe,1992,9295.8
zimbabwe,1993,9160.9
zimbabwe,1994,9186.8
zimbabwe,1995,9101.9
zimbabwe,1996,8952.0
zimbabwe,1997,8785.5
zimbabwe,1998,8615.4
zimbabwe,1999,8477.1
zimbabwe,2000,8399.7
zimbabwe,2001,8343.7
zimbabwe,2002,8263.8
zimbabwe,2003,8166.1
zimbabwe,2004,8077.9
zimbabwe,2005,8001.8
zimbabwe,2006,7904.9
zimbabwe,2007,7801.4
zimbabwe,2008,7708.1
zimbabwe,2009,7600.4
zimbabwe,2010,7478.7
zimbabwe,2011,7347.3
zimbabwe,2012,7231.9
zimbabwe,2013,7130.8
zimbabwe,2014,7033.7
zimbabwe,2015,6940.1
zimbabwe,2016,6844.4
zimbabwe,2017,6746.3
zimbabwe,2018,6646.7
zimbabwe,2019,6543.6
zimbabwe,2020,6435.9
zimbabwe,2021,6325.8
zimbabwe,2022,6218.8
