area,year,surface_water_outflow_to_other_countries_submitted_to_treaties
afghanistan,1961,6.7000
afghanistan,1962,6.7000
afghanistan,1963,6.7000
afghanistan,1964,6.7000
afghanistan,1965,6.7000
afghanistan,1966,6.7000
afghanistan,1967,6.7000
afghanistan,1968,6.7000
afghanistan,1969,6.7000
afghanistan,1970,6.7000
afghanistan,1971,6.7000
afghanistan,1972,6.7000
afghanistan,1973,6.7000
afghanistan,1974,6.7000
afghanistan,1975,6.7000
afghanistan,1976,6.7000
afghanistan,1977,6.7000
afghanistan,1978,6.7000
afghanistan,1979,6.7000
afghanistan,1980,6.7000
afghanistan,1981,6.7000
afghanistan,1982,6.7000
afghanistan,1983,6.7000
afghanistan,1984,6.7000
afghanistan,1985,6.7000
afghanistan,1986,6.7000
afghanistan,1987,6.7000
afghanistan,1988,6.7000
afghanistan,1989,6.7000
afghanistan,1990,6.7000
afghanistan,1991,6.7000
afghanistan,1992,6.7000
afghanistan,1993,6.7000
afghanistan,1994,6.7000
afghanistan,1995,6.7000
afghanistan,1996,6.7000
afghanistan,1997,6.7000
afghanistan,1998,6.7000
afghanistan,1999,6.7000
afghanistan,2000,6.7000
afghanistan,2001,6.7000
afghanistan,2002,6.7000
afghanistan,2003,6.7000
afghanistan,2004,6.7000
afghanistan,2005,6.7000
afghanistan,2006,6.7000
afghanistan,2007,6.7000
afghanistan,2008,6.7000
afghanistan,2009,6.7000
afghanistan,2010,6.7000
afghanistan,2011,6.7000
afghanistan,2012,6.7000
afghanistan,2013,6.7000
afghanistan,2014,6.7000
afghanistan,2015,6.7000
afghanistan,2016,6.7000
afghanistan,2017,6.7000
afghanistan,2018,6.7000
afghanistan,2019,6.7000
afghanistan,2020,6.7000
afghanistan,2021,6.7000
afghanistan,2022,6.7000
albania,1962,0.0000
albania,1963,0.0000
albania,1964,0.0000
albania,1965,0.0000
albania,1966,0.0000
albania,1967,0.0000
albania,1968,0.0000
albania,1969,0.0000
albania,1970,0.0000
albania,1971,0.0000
albania,1972,0.0000
albania,1973,0.0000
albania,1974,0.0000
albania,1975,0.0000
albania,1976,0.0000
albania,1977,0.0000
albania,1978,0.0000
albania,1979,0.0000
albania,1980,0.0000
albania,1981,0.0000
albania,1982,0.0000
albania,1983,0.0000
albania,1984,0.0000
albania,1985,0.0000
albania,1986,0.0000
albania,1987,0.0000
albania,1988,0.0000
albania,1989,0.0000
albania,1990,0.0000
albania,1991,0.0000
albania,1992,0.0000
albania,1993,0.0000
albania,1994,0.0000
albania,1995,0.0000
albania,1996,0.0000
albania,1997,0.0000
albania,1998,0.0000
albania,1999,0.0000
albania,2000,0.0000
albania,2001,0.0000
albania,2002,0.0000
albania,2003,0.0000
albania,2004,0.0000
albania,2005,0.0000
albania,2006,0.0000
albania,2007,0.0000
albania,2008,0.0000
albania,2009,0.0000
albania,2010,0.0000
albania,2011,0.0000
albania,2012,0.0000
albania,2013,0.0000
albania,2014,0.0000
albania,2015,0.0000
albania,2016,0.0000
albania,2017,0.0000
albania,2018,0.0000
albania,2019,0.0000
albania,2020,0.0000
albania,2021,0.0000
albania,2022,0.0000
algeria,1962,0.0000
algeria,1963,0.0000
algeria,1964,0.0000
algeria,1965,0.0000
algeria,1966,0.0000
algeria,1967,0.0000
algeria,1968,0.0000
algeria,1969,0.0000
algeria,1970,0.0000
algeria,1971,0.0000
algeria,1972,0.0000
algeria,1973,0.0000
algeria,1974,0.0000
algeria,1975,0.0000
algeria,1976,0.0000
algeria,1977,0.0000
algeria,1978,0.0000
algeria,1979,0.0000
algeria,1980,0.0000
algeria,1981,0.0000
algeria,1982,0.0000
algeria,1983,0.0000
algeria,1984,0.0000
algeria,1985,0.0000
algeria,1986,0.0000
algeria,1987,0.0000
algeria,1988,0.0000
algeria,1989,0.0000
algeria,1990,0.0000
algeria,1991,0.0000
algeria,1992,0.0000
algeria,1993,0.0000
algeria,1994,0.0000
algeria,1995,0.0000
algeria,1996,0.0000
algeria,1997,0.0000
algeria,1998,0.0000
algeria,1999,0.0000
algeria,2000,0.0000
algeria,2001,0.0000
algeria,2002,0.0000
algeria,2003,0.0000
algeria,2004,0.0000
algeria,2005,0.0000
algeria,2006,0.0000
algeria,2007,0.0000
algeria,2008,0.0000
algeria,2009,0.0000
algeria,2010,0.0000
algeria,2011,0.0000
algeria,2012,0.0000
algeria,2013,0.0000
algeria,2014,0.0000
algeria,2015,0.0000
algeria,2016,0.0000
algeria,2017,0.0000
algeria,2018,0.0000
algeria,2019,0.0000
algeria,2020,0.0000
algeria,2021,0.0000
algeria,2022,0.0000
angola,1962,0.0000
angola,1963,0.0000
angola,1964,0.0000
angola,1965,0.0000
angola,1966,0.0000
angola,1967,0.0000
angola,1968,0.0000
angola,1969,0.0000
angola,1970,0.0000
angola,1971,0.0000
angola,1972,0.0000
angola,1973,0.0000
angola,1974,0.0000
angola,1975,0.0000
angola,1976,0.0000
angola,1977,0.0000
angola,1978,0.0000
angola,1979,0.0000
angola,1980,0.0000
angola,1981,0.0000
angola,1982,0.0000
angola,1983,0.0000
angola,1984,0.0000
angola,1985,0.0000
angola,1986,0.0000
angola,1987,0.0000
angola,1988,0.0000
angola,1989,0.0000
angola,1990,0.0000
angola,1991,0.0000
angola,1992,0.0000
angola,1993,0.0000
angola,1994,0.0000
angola,1995,0.0000
angola,1996,0.0000
angola,1997,0.0000
angola,1998,0.0000
angola,1999,0.0000
angola,2000,0.0000
angola,2001,0.0000
angola,2002,0.0000
angola,2003,0.0000
angola,2004,0.0000
angola,2005,0.0000
angola,2006,0.0000
angola,2007,0.0000
angola,2008,0.0000
angola,2009,0.0000
angola,2010,0.0000
angola,2011,0.0000
angola,2012,0.0000
angola,2013,0.0000
angola,2014,0.0000
angola,2015,0.0000
angola,2016,0.0000
angola,2017,0.0000
angola,2018,0.0000
angola,2019,0.0000
angola,2020,0.0000
angola,2021,0.0000
angola,2022,0.0000
antigua_and_barbuda,1961,0.0000
antigua_and_barbuda,1962,0.0000
antigua_and_barbuda,1963,0.0000
antigua_and_barbuda,1964,0.0000
antigua_and_barbuda,1965,0.0000
antigua_and_barbuda,1966,0.0000
antigua_and_barbuda,1967,0.0000
antigua_and_barbuda,1968,0.0000
antigua_and_barbuda,1969,0.0000
antigua_and_barbuda,1970,0.0000
antigua_and_barbuda,1971,0.0000
antigua_and_barbuda,1972,0.0000
antigua_and_barbuda,1973,0.0000
antigua_and_barbuda,1974,0.0000
antigua_and_barbuda,1975,0.0000
antigua_and_barbuda,1976,0.0000
antigua_and_barbuda,1977,0.0000
antigua_and_barbuda,1978,0.0000
antigua_and_barbuda,1979,0.0000
antigua_and_barbuda,1980,0.0000
antigua_and_barbuda,1981,0.0000
antigua_and_barbuda,1982,0.0000
antigua_and_barbuda,1983,0.0000
antigua_and_barbuda,1984,0.0000
antigua_and_barbuda,1985,0.0000
antigua_and_barbuda,1986,0.0000
antigua_and_barbuda,1987,0.0000
antigua_and_barbuda,1988,0.0000
antigua_and_barbuda,1989,0.0000
antigua_and_barbuda,1990,0.0000
antigua_and_barbuda,1991,0.0000
antigua_and_barbuda,1992,0.0000
antigua_and_barbuda,1993,0.0000
antigua_and_barbuda,1994,0.0000
antigua_and_barbuda,1995,0.0000
antigua_and_barbuda,1996,0.0000
antigua_and_barbuda,1997,0.0000
antigua_and_barbuda,1998,0.0000
antigua_and_barbuda,1999,0.0000
antigua_and_barbuda,2000,0.0000
antigua_and_barbuda,2001,0.0000
antigua_and_barbuda,2002,0.0000
antigua_and_barbuda,2003,0.0000
antigua_and_barbuda,2004,0.0000
antigua_and_barbuda,2005,0.0000
antigua_and_barbuda,2006,0.0000
antigua_and_barbuda,2007,0.0000
antigua_and_barbuda,2008,0.0000
antigua_and_barbuda,2009,0.0000
antigua_and_barbuda,2010,0.0000
antigua_and_barbuda,2011,0.0000
antigua_and_barbuda,2012,0.0000
antigua_and_barbuda,2013,0.0000
antigua_and_barbuda,2014,0.0000
antigua_and_barbuda,2015,0.0000
antigua_and_barbuda,2016,0.0000
antigua_and_barbuda,2017,0.0000
antigua_and_barbuda,2018,0.0000
antigua_and_barbuda,2019,0.0000
antigua_and_barbuda,2020,0.0000
antigua_and_barbuda,2021,0.0000
antigua_and_barbuda,2022,0.0000
argentina,1961,0.0000
argentina,1962,0.0000
argentina,1963,0.0000
argentina,1964,0.0000
argentina,1965,0.0000
argentina,1966,0.0000
argentina,1967,0.0000
argentina,1968,0.0000
argentina,1969,0.0000
argentina,1970,0.0000
argentina,1971,0.0000
argentina,1972,0.0000
argentina,1973,0.0000
argentina,1974,0.0000
argentina,1975,0.0000
argentina,1976,0.0000
argentina,1977,0.0000
argentina,1978,0.0000
argentina,1979,0.0000
argentina,1980,0.0000
argentina,1981,0.0000
argentina,1982,0.0000
argentina,1983,0.0000
argentina,1984,0.0000
argentina,1985,0.0000
argentina,1986,0.0000
argentina,1987,0.0000
argentina,1988,0.0000
argentina,1989,0.0000
argentina,1990,0.0000
argentina,1991,0.0000
argentina,1992,0.0000
argentina,1993,0.0000
argentina,1994,0.0000
argentina,1995,0.0000
argentina,1996,0.0000
argentina,1997,0.0000
argentina,1998,0.0000
argentina,1999,0.0000
argentina,2000,0.0000
argentina,2001,0.0000
argentina,2002,0.0000
argentina,2003,0.0000
argentina,2004,0.0000
argentina,2005,0.0000
argentina,2006,0.0000
argentina,2007,0.0000
argentina,2008,0.0000
argentina,2009,0.0000
argentina,2010,0.0000
argentina,2011,0.0000
argentina,2012,0.0000
argentina,2013,0.0000
argentina,2014,0.0000
argentina,2015,0.0000
argentina,2016,0.0000
argentina,2017,0.0000
argentina,2018,0.0000
argentina,2019,0.0000
argentina,2020,0.0000
argentina,2021,0.0000
argentina,2022,0.0000
armenia,1992,0.0000
armenia,1993,0.0000
armenia,1994,0.0000
armenia,1995,0.0000
armenia,1996,0.0000
armenia,1997,0.0000
armenia,1998,0.0000
armenia,1999,0.0000
armenia,2000,0.0000
armenia,2001,0.0000
armenia,2002,0.0000
armenia,2003,0.0000
armenia,2004,0.0000
armenia,2005,0.0000
armenia,2006,0.0000
armenia,2007,0.0000
armenia,2008,0.0000
armenia,2009,0.0000
armenia,2010,0.0000
armenia,2011,0.0000
armenia,2012,0.0000
armenia,2013,0.0000
armenia,2014,0.0000
armenia,2015,0.0000
armenia,2016,0.0000
armenia,2017,0.0000
armenia,2018,0.0000
armenia,2019,0.0000
armenia,2020,0.0000
armenia,2021,0.0000
armenia,2022,0.0000
australia,1961,0.0000
australia,1962,0.0000
australia,1963,0.0000
australia,1964,0.0000
australia,1965,0.0000
australia,1966,0.0000
australia,1967,0.0000
australia,1968,0.0000
australia,1969,0.0000
australia,1970,0.0000
australia,1971,0.0000
australia,1972,0.0000
australia,1973,0.0000
australia,1974,0.0000
australia,1975,0.0000
australia,1976,0.0000
australia,1977,0.0000
australia,1978,0.0000
australia,1979,0.0000
australia,1980,0.0000
australia,1981,0.0000
australia,1982,0.0000
australia,1983,0.0000
australia,1984,0.0000
australia,1985,0.0000
australia,1986,0.0000
australia,1987,0.0000
australia,1988,0.0000
australia,1989,0.0000
australia,1990,0.0000
australia,1991,0.0000
australia,1992,0.0000
australia,1993,0.0000
australia,1994,0.0000
australia,1995,0.0000
australia,1996,0.0000
australia,1997,0.0000
australia,1998,0.0000
australia,1999,0.0000
australia,2000,0.0000
australia,2001,0.0000
australia,2002,0.0000
australia,2003,0.0000
australia,2004,0.0000
australia,2005,0.0000
australia,2006,0.0000
australia,2007,0.0000
australia,2008,0.0000
australia,2009,0.0000
australia,2010,0.0000
australia,2011,0.0000
australia,2012,0.0000
australia,2013,0.0000
australia,2014,0.0000
australia,2015,0.0000
australia,2016,0.0000
australia,2017,0.0000
australia,2018,0.0000
australia,2019,0.0000
australia,2020,0.0000
australia,2021,0.0000
australia,2022,0.0000
austria,1961,0.0000
austria,1962,0.0000
austria,1963,0.0000
austria,1964,0.0000
austria,1965,0.0000
austria,1966,0.0000
austria,1967,0.0000
austria,1968,0.0000
austria,1969,0.0000
austria,1970,0.0000
austria,1971,0.0000
austria,1972,0.0000
austria,1973,0.0000
austria,1974,0.0000
austria,1975,0.0000
austria,1976,0.0000
austria,1977,0.0000
austria,1978,0.0000
austria,1979,0.0000
austria,1980,0.0000
austria,1981,0.0000
austria,1982,0.0000
austria,1983,0.0000
austria,1984,0.0000
austria,1985,0.0000
austria,1986,0.0000
austria,1987,0.0000
austria,1988,0.0000
austria,1989,0.0000
austria,1990,0.0000
austria,1991,0.0000
austria,1992,0.0000
austria,1993,0.0000
austria,1994,0.0000
austria,1995,0.0000
austria,1996,0.0000
austria,1997,0.0000
austria,1998,0.0000
austria,1999,0.0000
austria,2000,0.0000
austria,2001,0.0000
austria,2002,0.0000
austria,2003,0.0000
austria,2004,0.0000
austria,2005,0.0000
austria,2006,0.0000
austria,2007,0.0000
austria,2008,0.0000
austria,2009,0.0000
austria,2010,0.0000
austria,2011,0.0000
austria,2012,0.0000
austria,2013,0.0000
austria,2014,0.0000
austria,2015,0.0000
austria,2016,0.0000
austria,2017,0.0000
austria,2018,0.0000
austria,2019,0.0000
austria,2020,0.0000
austria,2021,0.0000
austria,2022,0.0000
bahamas,1961,0.0000
bahamas,1962,0.0000
bahamas,1963,0.0000
bahamas,1964,0.0000
bahamas,1965,0.0000
bahamas,1966,0.0000
bahamas,1967,0.0000
bahamas,1968,0.0000
bahamas,1969,0.0000
bahamas,1970,0.0000
bahamas,1971,0.0000
bahamas,1972,0.0000
bahamas,1973,0.0000
bahamas,1974,0.0000
bahamas,1975,0.0000
bahamas,1976,0.0000
bahamas,1977,0.0000
bahamas,1978,0.0000
bahamas,1979,0.0000
bahamas,1980,0.0000
bahamas,1981,0.0000
bahamas,1982,0.0000
bahamas,1983,0.0000
bahamas,1984,0.0000
bahamas,1985,0.0000
bahamas,1986,0.0000
bahamas,1987,0.0000
bahamas,1988,0.0000
bahamas,1989,0.0000
bahamas,1990,0.0000
bahamas,1991,0.0000
bahamas,1992,0.0000
bahamas,1993,0.0000
bahamas,1994,0.0000
bahamas,1995,0.0000
bahamas,1996,0.0000
bahamas,1997,0.0000
bahamas,1998,0.0000
bahamas,1999,0.0000
bahamas,2000,0.0000
bahamas,2001,0.0000
bahamas,2002,0.0000
bahamas,2003,0.0000
bahamas,2004,0.0000
bahamas,2005,0.0000
bahamas,2006,0.0000
bahamas,2007,0.0000
bahamas,2008,0.0000
bahamas,2009,0.0000
bahamas,2010,0.0000
bahamas,2011,0.0000
bahamas,2012,0.0000
bahamas,2013,0.0000
bahamas,2014,0.0000
bahamas,2015,0.0000
bahamas,2016,0.0000
bahamas,2017,0.0000
bahamas,2018,0.0000
bahamas,2019,0.0000
bahamas,2020,0.0000
bahamas,2021,0.0000
bahamas,2022,0.0000
bahrain,1962,0.0000
bahrain,1963,0.0000
bahrain,1964,0.0000
bahrain,1965,0.0000
bahrain,1966,0.0000
bahrain,1967,0.0000
bahrain,1968,0.0000
bahrain,1969,0.0000
bahrain,1970,0.0000
bahrain,1971,0.0000
bahrain,1972,0.0000
bahrain,1973,0.0000
bahrain,1974,0.0000
bahrain,1975,0.0000
bahrain,1976,0.0000
bahrain,1977,0.0000
bahrain,1978,0.0000
bahrain,1979,0.0000
bahrain,1980,0.0000
bahrain,1981,0.0000
bahrain,1982,0.0000
bahrain,1983,0.0000
bahrain,1984,0.0000
bahrain,1985,0.0000
bahrain,1986,0.0000
bahrain,1987,0.0000
bahrain,1988,0.0000
bahrain,1989,0.0000
bahrain,1990,0.0000
bahrain,1991,0.0000
bahrain,1992,0.0000
bahrain,1993,0.0000
bahrain,1994,0.0000
bahrain,1995,0.0000
bahrain,1996,0.0000
bahrain,1997,0.0000
bahrain,1998,0.0000
bahrain,1999,0.0000
bahrain,2000,0.0000
bahrain,2001,0.0000
bahrain,2002,0.0000
bahrain,2003,0.0000
bahrain,2004,0.0000
bahrain,2005,0.0000
bahrain,2006,0.0000
bahrain,2007,0.0000
bahrain,2008,0.0000
bahrain,2009,0.0000
bahrain,2010,0.0000
bahrain,2011,0.0000
bahrain,2012,0.0000
bahrain,2013,0.0000
bahrain,2014,0.0000
bahrain,2015,0.0000
bahrain,2016,0.0000
bahrain,2017,0.0000
bahrain,2018,0.0000
bahrain,2019,0.0000
bahrain,2020,0.0000
bahrain,2021,0.0000
bahrain,2022,0.0000
bangladesh,1961,0.0000
bangladesh,1962,0.0000
bangladesh,1963,0.0000
bangladesh,1964,0.0000
bangladesh,1965,0.0000
bangladesh,1966,0.0000
bangladesh,1967,0.0000
bangladesh,1968,0.0000
bangladesh,1969,0.0000
bangladesh,1970,0.0000
bangladesh,1971,0.0000
bangladesh,1972,0.0000
bangladesh,1973,0.0000
bangladesh,1974,0.0000
bangladesh,1975,0.0000
bangladesh,1976,0.0000
bangladesh,1977,0.0000
bangladesh,1978,0.0000
bangladesh,1979,0.0000
bangladesh,1980,0.0000
bangladesh,1981,0.0000
bangladesh,1982,0.0000
bangladesh,1983,0.0000
bangladesh,1984,0.0000
bangladesh,1985,0.0000
bangladesh,1986,0.0000
bangladesh,1987,0.0000
bangladesh,1988,0.0000
bangladesh,1989,0.0000
bangladesh,1990,0.0000
bangladesh,1991,0.0000
bangladesh,1992,0.0000
bangladesh,1993,0.0000
bangladesh,1994,0.0000
bangladesh,1995,0.0000
bangladesh,1996,0.0000
bangladesh,1997,0.0000
bangladesh,1998,0.0000
bangladesh,1999,0.0000
bangladesh,2000,0.0000
bangladesh,2001,0.0000
bangladesh,2002,0.0000
bangladesh,2003,0.0000
bangladesh,2004,0.0000
bangladesh,2005,0.0000
bangladesh,2006,0.0000
bangladesh,2007,0.0000
bangladesh,2008,0.0000
bangladesh,2009,0.0000
bangladesh,2010,0.0000
bangladesh,2011,0.0000
bangladesh,2012,0.0000
bangladesh,2013,0.0000
bangladesh,2014,0.0000
bangladesh,2015,0.0000
bangladesh,2016,0.0000
bangladesh,2017,0.0000
bangladesh,2018,0.0000
bangladesh,2019,0.0000
bangladesh,2020,0.0000
bangladesh,2021,0.0000
bangladesh,2022,0.0000
barbados,1961,0.0000
barbados,1962,0.0000
barbados,1963,0.0000
barbados,1964,0.0000
barbados,1965,0.0000
barbados,1966,0.0000
barbados,1967,0.0000
barbados,1968,0.0000
barbados,1969,0.0000
barbados,1970,0.0000
barbados,1971,0.0000
barbados,1972,0.0000
barbados,1973,0.0000
barbados,1974,0.0000
barbados,1975,0.0000
barbados,1976,0.0000
barbados,1977,0.0000
barbados,1978,0.0000
barbados,1979,0.0000
barbados,1980,0.0000
barbados,1981,0.0000
barbados,1982,0.0000
barbados,1983,0.0000
barbados,1984,0.0000
barbados,1985,0.0000
barbados,1986,0.0000
barbados,1987,0.0000
barbados,1988,0.0000
barbados,1989,0.0000
barbados,1990,0.0000
barbados,1991,0.0000
barbados,1992,0.0000
barbados,1993,0.0000
barbados,1994,0.0000
barbados,1995,0.0000
barbados,1996,0.0000
barbados,1997,0.0000
barbados,1998,0.0000
barbados,1999,0.0000
barbados,2000,0.0000
barbados,2001,0.0000
barbados,2002,0.0000
barbados,2003,0.0000
barbados,2004,0.0000
barbados,2005,0.0000
barbados,2006,0.0000
barbados,2007,0.0000
barbados,2008,0.0000
barbados,2009,0.0000
barbados,2010,0.0000
barbados,2011,0.0000
barbados,2012,0.0000
barbados,2013,0.0000
barbados,2014,0.0000
barbados,2015,0.0000
barbados,2016,0.0000
barbados,2017,0.0000
barbados,2018,0.0000
barbados,2019,0.0000
barbados,2020,0.0000
barbados,2021,0.0000
barbados,2022,0.0000
belarus,1992,0.0000
belarus,1993,0.0000
belarus,1994,0.0000
belarus,1995,0.0000
belarus,1996,0.0000
belarus,1997,0.0000
belarus,1998,0.0000
belarus,1999,0.0000
belarus,2000,0.0000
belarus,2001,0.0000
belarus,2002,0.0000
belarus,2003,0.0000
belarus,2004,0.0000
belarus,2005,0.0000
belarus,2006,0.0000
belarus,2007,0.0000
belarus,2008,0.0000
belarus,2009,0.0000
belarus,2010,0.0000
belarus,2011,0.0000
belarus,2012,0.0000
belarus,2013,0.0000
belarus,2014,0.0000
belarus,2015,0.0000
belarus,2016,0.0000
belarus,2017,0.0000
belarus,2018,0.0000
belarus,2019,0.0000
belarus,2020,0.0000
belarus,2021,0.0000
belarus,2022,0.0000
belgium,1962,0.0000
belgium,1963,0.0000
belgium,1964,0.0000
belgium,1965,0.0000
belgium,1966,0.0000
belgium,1967,0.0000
belgium,1968,0.0000
belgium,1969,0.0000
belgium,1970,0.0000
belgium,1971,0.0000
belgium,1972,0.0000
belgium,1973,0.0000
belgium,1974,0.0000
belgium,1975,0.0000
belgium,1976,0.0000
belgium,1977,0.0000
belgium,1978,0.0000
belgium,1979,0.0000
belgium,1980,0.0000
belgium,1981,0.0000
belgium,1982,0.0000
belgium,1983,0.0000
belgium,1984,0.0000
belgium,1985,0.0000
belgium,1986,0.0000
belgium,1987,0.0000
belgium,1988,0.0000
belgium,1989,0.0000
belgium,1990,0.0000
belgium,1991,0.0000
belgium,1992,0.0000
belgium,1993,0.0000
belgium,1994,0.0000
belgium,1995,0.0000
belgium,1996,0.0000
belgium,1997,0.0000
belgium,1998,0.0000
belgium,1999,0.0000
belgium,2000,0.0000
belgium,2001,0.0000
belgium,2002,0.0000
belgium,2003,0.0000
belgium,2004,0.0000
belgium,2005,0.0000
belgium,2006,0.0000
belgium,2007,0.0000
belgium,2008,0.0000
belgium,2009,0.0000
belgium,2010,0.0000
belgium,2011,0.0000
belgium,2012,0.0000
belgium,2013,0.0000
belgium,2014,0.0000
belgium,2015,0.0000
belgium,2016,0.0000
belgium,2017,0.0000
belgium,2018,0.0000
belgium,2019,0.0000
belgium,2020,0.0000
belgium,2021,0.0000
belgium,2022,0.0000
belize,1961,0.0000
belize,1962,0.0000
belize,1963,0.0000
belize,1964,0.0000
belize,1965,0.0000
belize,1966,0.0000
belize,1967,0.0000
belize,1968,0.0000
belize,1969,0.0000
belize,1970,0.0000
belize,1971,0.0000
belize,1972,0.0000
belize,1973,0.0000
belize,1974,0.0000
belize,1975,0.0000
belize,1976,0.0000
belize,1977,0.0000
belize,1978,0.0000
belize,1979,0.0000
belize,1980,0.0000
belize,1981,0.0000
belize,1982,0.0000
belize,1983,0.0000
belize,1984,0.0000
belize,1985,0.0000
belize,1986,0.0000
belize,1987,0.0000
belize,1988,0.0000
belize,1989,0.0000
belize,1990,0.0000
belize,1991,0.0000
belize,1992,0.0000
belize,1993,0.0000
belize,1994,0.0000
belize,1995,0.0000
belize,1996,0.0000
belize,1997,0.0000
belize,1998,0.0000
belize,1999,0.0000
belize,2000,0.0000
belize,2001,0.0000
belize,2002,0.0000
belize,2003,0.0000
belize,2004,0.0000
belize,2005,0.0000
belize,2006,0.0000
belize,2007,0.0000
belize,2008,0.0000
belize,2009,0.0000
belize,2010,0.0000
belize,2011,0.0000
belize,2012,0.0000
belize,2013,0.0000
belize,2014,0.0000
belize,2015,0.0000
belize,2016,0.0000
belize,2017,0.0000
belize,2018,0.0000
belize,2019,0.0000
belize,2020,0.0000
belize,2021,0.0000
belize,2022,0.0000
benin,1962,0.0000
benin,1963,0.0000
benin,1964,0.0000
benin,1965,0.0000
benin,1966,0.0000
benin,1967,0.0000
benin,1968,0.0000
benin,1969,0.0000
benin,1970,0.0000
benin,1971,0.0000
benin,1972,0.0000
benin,1973,0.0000
benin,1974,0.0000
benin,1975,0.0000
benin,1976,0.0000
benin,1977,0.0000
benin,1978,0.0000
benin,1979,0.0000
benin,1980,0.0000
benin,1981,0.0000
benin,1982,0.0000
benin,1983,0.0000
benin,1984,0.0000
benin,1985,0.0000
benin,1986,0.0000
benin,1987,0.0000
benin,1988,0.0000
benin,1989,0.0000
benin,1990,0.0000
benin,1991,0.0000
benin,1992,0.0000
benin,1993,0.0000
benin,1994,0.0000
benin,1995,0.0000
benin,1996,0.0000
benin,1997,0.0000
benin,1998,0.0000
benin,1999,0.0000
benin,2000,0.0000
benin,2001,0.0000
benin,2002,0.0000
benin,2003,0.0000
benin,2004,0.0000
benin,2005,0.0000
benin,2006,0.0000
benin,2007,0.0000
benin,2008,0.0000
benin,2009,0.0000
benin,2010,0.0000
benin,2011,0.0000
benin,2012,0.0000
benin,2013,0.0000
benin,2014,0.0000
benin,2015,0.0000
benin,2016,0.0000
benin,2017,0.0000
benin,2018,0.0000
benin,2019,0.0000
benin,2020,0.0000
benin,2021,0.0000
benin,2022,0.0000
bhutan,1962,0.0000
bhutan,1963,0.0000
bhutan,1964,0.0000
bhutan,1965,0.0000
bhutan,1966,0.0000
bhutan,1967,0.0000
bhutan,1968,0.0000
bhutan,1969,0.0000
bhutan,1970,0.0000
bhutan,1971,0.0000
bhutan,1972,0.0000
bhutan,1973,0.0000
bhutan,1974,0.0000
bhutan,1975,0.0000
bhutan,1976,0.0000
bhutan,1977,0.0000
bhutan,1978,0.0000
bhutan,1979,0.0000
bhutan,1980,0.0000
bhutan,1981,0.0000
bhutan,1982,0.0000
bhutan,1983,0.0000
bhutan,1984,0.0000
bhutan,1985,0.0000
bhutan,1986,0.0000
bhutan,1987,0.0000
bhutan,1988,0.0000
bhutan,1989,0.0000
bhutan,1990,0.0000
bhutan,1991,0.0000
bhutan,1992,0.0000
bhutan,1993,0.0000
bhutan,1994,0.0000
bhutan,1995,0.0000
bhutan,1996,0.0000
bhutan,1997,0.0000
bhutan,1998,0.0000
bhutan,1999,0.0000
bhutan,2000,0.0000
bhutan,2001,0.0000
bhutan,2002,0.0000
bhutan,2003,0.0000
bhutan,2004,0.0000
bhutan,2005,0.0000
bhutan,2006,0.0000
bhutan,2007,0.0000
bhutan,2008,0.0000
bhutan,2009,0.0000
bhutan,2010,0.0000
bhutan,2011,0.0000
bhutan,2012,0.0000
bhutan,2013,0.0000
bhutan,2014,0.0000
bhutan,2015,0.0000
bhutan,2016,0.0000
bhutan,2017,0.0000
bhutan,2018,0.0000
bhutan,2019,0.0000
bhutan,2020,0.0000
bhutan,2021,0.0000
bhutan,2022,0.0000
bolivia_plurinational_state_of,1961,0.0000
bolivia_plurinational_state_of,1962,0.0000
bolivia_plurinational_state_of,1963,0.0000
bolivia_plurinational_state_of,1964,0.0000
bolivia_plurinational_state_of,1965,0.0000
bolivia_plurinational_state_of,1966,0.0000
bolivia_plurinational_state_of,1967,0.0000
bolivia_plurinational_state_of,1968,0.0000
bolivia_plurinational_state_of,1969,0.0000
bolivia_plurinational_state_of,1970,0.0000
bolivia_plurinational_state_of,1971,0.0000
bolivia_plurinational_state_of,1972,0.0000
bolivia_plurinational_state_of,1973,0.0000
bolivia_plurinational_state_of,1974,0.0000
bolivia_plurinational_state_of,1975,0.0000
bolivia_plurinational_state_of,1976,0.0000
bolivia_plurinational_state_of,1977,0.0000
bolivia_plurinational_state_of,1978,0.0000
bolivia_plurinational_state_of,1979,0.0000
bolivia_plurinational_state_of,1980,0.0000
bolivia_plurinational_state_of,1981,0.0000
bolivia_plurinational_state_of,1982,0.0000
bolivia_plurinational_state_of,1983,0.0000
bolivia_plurinational_state_of,1984,0.0000
bolivia_plurinational_state_of,1985,0.0000
bolivia_plurinational_state_of,1986,0.0000
bolivia_plurinational_state_of,1987,0.0000
bolivia_plurinational_state_of,1988,0.0000
bolivia_plurinational_state_of,1989,0.0000
bolivia_plurinational_state_of,1990,0.0000
bolivia_plurinational_state_of,1991,0.0000
bolivia_plurinational_state_of,1992,0.0000
bolivia_plurinational_state_of,1993,0.0000
bolivia_plurinational_state_of,1994,0.0000
bolivia_plurinational_state_of,1995,0.0000
bolivia_plurinational_state_of,1996,0.0000
bolivia_plurinational_state_of,1997,0.0000
bolivia_plurinational_state_of,1998,0.0000
bolivia_plurinational_state_of,1999,0.0000
bolivia_plurinational_state_of,2000,0.0000
bolivia_plurinational_state_of,2001,0.0000
bolivia_plurinational_state_of,2002,0.0000
bolivia_plurinational_state_of,2003,0.0000
bolivia_plurinational_state_of,2004,0.0000
bolivia_plurinational_state_of,2005,0.0000
bolivia_plurinational_state_of,2006,0.0000
bolivia_plurinational_state_of,2007,0.0000
bolivia_plurinational_state_of,2008,0.0000
bolivia_plurinational_state_of,2009,0.0000
bolivia_plurinational_state_of,2010,0.0000
bolivia_plurinational_state_of,2011,0.0000
bolivia_plurinational_state_of,2012,0.0000
bolivia_plurinational_state_of,2013,0.0000
bolivia_plurinational_state_of,2014,0.0000
bolivia_plurinational_state_of,2015,0.0000
bolivia_plurinational_state_of,2016,0.0000
bolivia_plurinational_state_of,2017,0.0000
bolivia_plurinational_state_of,2018,0.0000
bolivia_plurinational_state_of,2019,0.0000
bolivia_plurinational_state_of,2020,0.0000
bolivia_plurinational_state_of,2021,0.0000
bolivia_plurinational_state_of,2022,0.0000
bosnia_and_herzegovina,1992,0.0000
bosnia_and_herzegovina,1993,0.0000
bosnia_and_herzegovina,1994,0.0000
bosnia_and_herzegovina,1995,0.0000
bosnia_and_herzegovina,1996,0.0000
bosnia_and_herzegovina,1997,0.0000
bosnia_and_herzegovina,1998,0.0000
bosnia_and_herzegovina,1999,0.0000
bosnia_and_herzegovina,2000,0.0000
bosnia_and_herzegovina,2001,0.0000
bosnia_and_herzegovina,2002,0.0000
bosnia_and_herzegovina,2003,0.0000
bosnia_and_herzegovina,2004,0.0000
bosnia_and_herzegovina,2005,0.0000
bosnia_and_herzegovina,2006,0.0000
bosnia_and_herzegovina,2007,0.0000
bosnia_and_herzegovina,2008,0.0000
bosnia_and_herzegovina,2009,0.0000
bosnia_and_herzegovina,2010,0.0000
bosnia_and_herzegovina,2011,0.0000
bosnia_and_herzegovina,2012,0.0000
bosnia_and_herzegovina,2013,0.0000
bosnia_and_herzegovina,2014,0.0000
bosnia_and_herzegovina,2015,0.0000
bosnia_and_herzegovina,2016,0.0000
bosnia_and_herzegovina,2017,0.0000
bosnia_and_herzegovina,2018,0.0000
bosnia_and_herzegovina,2019,0.0000
bosnia_and_herzegovina,2020,0.0000
bosnia_and_herzegovina,2021,0.0000
bosnia_and_herzegovina,2022,0.0000
botswana,1962,0.0000
botswana,1963,0.0000
botswana,1964,0.0000
botswana,1965,0.0000
botswana,1966,0.0000
botswana,1967,0.0000
botswana,1968,0.0000
botswana,1969,0.0000
botswana,1970,0.0000
botswana,1971,0.0000
botswana,1972,0.0000
botswana,1973,0.0000
botswana,1974,0.0000
botswana,1975,0.0000
botswana,1976,0.0000
botswana,1977,0.0000
botswana,1978,0.0000
botswana,1979,0.0000
botswana,1980,0.0000
botswana,1981,0.0000
botswana,1982,0.0000
botswana,1983,0.0000
botswana,1984,0.0000
botswana,1985,0.0000
botswana,1986,0.0000
botswana,1987,0.0000
botswana,1988,0.0000
botswana,1989,0.0000
botswana,1990,0.0000
botswana,1991,0.0000
botswana,1992,0.0000
botswana,1993,0.0000
botswana,1994,0.0000
botswana,1995,0.0000
botswana,1996,0.0000
botswana,1997,0.0000
botswana,1998,0.0000
botswana,1999,0.0000
botswana,2000,0.0000
botswana,2001,0.0000
botswana,2002,0.0000
botswana,2003,0.0000
botswana,2004,0.0000
botswana,2005,0.0000
botswana,2006,0.0000
botswana,2007,0.0000
botswana,2008,0.0000
botswana,2009,0.0000
botswana,2010,0.0000
botswana,2011,0.0000
botswana,2012,0.0000
botswana,2013,0.0000
botswana,2014,0.0000
botswana,2015,0.0000
botswana,2016,0.0000
botswana,2017,0.0000
botswana,2018,0.0000
botswana,2019,0.0000
botswana,2020,0.0000
botswana,2021,0.0000
botswana,2022,0.0000
brazil,1961,0.0000
brazil,1962,0.0000
brazil,1963,0.0000
brazil,1964,0.0000
brazil,1965,0.0000
brazil,1966,0.0000
brazil,1967,0.0000
brazil,1968,0.0000
brazil,1969,0.0000
brazil,1970,0.0000
brazil,1971,0.0000
brazil,1972,0.0000
brazil,1973,0.0000
brazil,1974,0.0000
brazil,1975,0.0000
brazil,1976,0.0000
brazil,1977,0.0000
brazil,1978,0.0000
brazil,1979,0.0000
brazil,1980,0.0000
brazil,1981,0.0000
brazil,1982,0.0000
brazil,1983,0.0000
brazil,1984,0.0000
brazil,1985,0.0000
brazil,1986,0.0000
brazil,1987,0.0000
brazil,1988,0.0000
brazil,1989,0.0000
brazil,1990,0.0000
brazil,1991,0.0000
brazil,1992,0.0000
brazil,1993,0.0000
brazil,1994,0.0000
brazil,1995,0.0000
brazil,1996,0.0000
brazil,1997,0.0000
brazil,1998,0.0000
brazil,1999,0.0000
brazil,2000,0.0000
brazil,2001,0.0000
brazil,2002,0.0000
brazil,2003,0.0000
brazil,2004,0.0000
brazil,2005,0.0000
brazil,2006,0.0000
brazil,2007,0.0000
brazil,2008,0.0000
brazil,2009,0.0000
brazil,2010,0.0000
brazil,2011,0.0000
brazil,2012,0.0000
brazil,2013,0.0000
brazil,2014,0.0000
brazil,2015,0.0000
brazil,2016,0.0000
brazil,2017,0.0000
brazil,2018,0.0000
brazil,2019,0.0000
brazil,2020,0.0000
brazil,2021,0.0000
brazil,2022,0.0000
brunei_darussalam,1961,0.0000
brunei_darussalam,1962,0.0000
brunei_darussalam,1963,0.0000
brunei_darussalam,1964,0.0000
brunei_darussalam,1965,0.0000
brunei_darussalam,1966,0.0000
brunei_darussalam,1967,0.0000
brunei_darussalam,1968,0.0000
brunei_darussalam,1969,0.0000
brunei_darussalam,1970,0.0000
brunei_darussalam,1971,0.0000
brunei_darussalam,1972,0.0000
brunei_darussalam,1973,0.0000
brunei_darussalam,1974,0.0000
brunei_darussalam,1975,0.0000
brunei_darussalam,1976,0.0000
brunei_darussalam,1977,0.0000
brunei_darussalam,1978,0.0000
brunei_darussalam,1979,0.0000
brunei_darussalam,1980,0.0000
brunei_darussalam,1981,0.0000
brunei_darussalam,1982,0.0000
brunei_darussalam,1983,0.0000
brunei_darussalam,1984,0.0000
brunei_darussalam,1985,0.0000
brunei_darussalam,1986,0.0000
brunei_darussalam,1987,0.0000
brunei_darussalam,1988,0.0000
brunei_darussalam,1989,0.0000
brunei_darussalam,1990,0.0000
brunei_darussalam,1991,0.0000
brunei_darussalam,1992,0.0000
brunei_darussalam,1993,0.0000
brunei_darussalam,1994,0.0000
brunei_darussalam,1995,0.0000
brunei_darussalam,1996,0.0000
brunei_darussalam,1997,0.0000
brunei_darussalam,1998,0.0000
brunei_darussalam,1999,0.0000
brunei_darussalam,2000,0.0000
brunei_darussalam,2001,0.0000
brunei_darussalam,2002,0.0000
brunei_darussalam,2003,0.0000
brunei_darussalam,2004,0.0000
brunei_darussalam,2005,0.0000
brunei_darussalam,2006,0.0000
brunei_darussalam,2007,0.0000
brunei_darussalam,2008,0.0000
brunei_darussalam,2009,0.0000
brunei_darussalam,2010,0.0000
brunei_darussalam,2011,0.0000
brunei_darussalam,2012,0.0000
brunei_darussalam,2013,0.0000
brunei_darussalam,2014,0.0000
brunei_darussalam,2015,0.0000
brunei_darussalam,2016,0.0000
brunei_darussalam,2017,0.0000
brunei_darussalam,2018,0.0000
brunei_darussalam,2019,0.0000
brunei_darussalam,2020,0.0000
brunei_darussalam,2021,0.0000
brunei_darussalam,2022,0.0000
bulgaria,1962,0.0000
bulgaria,1963,0.0000
bulgaria,1964,0.0000
bulgaria,1965,0.0000
bulgaria,1966,0.0000
bulgaria,1967,0.0000
bulgaria,1968,0.0000
bulgaria,1969,0.0000
bulgaria,1970,0.0000
bulgaria,1971,0.0000
bulgaria,1972,0.0000
bulgaria,1973,0.0000
bulgaria,1974,0.0000
bulgaria,1975,0.0000
bulgaria,1976,0.0000
bulgaria,1977,0.0000
bulgaria,1978,0.0000
bulgaria,1979,0.0000
bulgaria,1980,0.0000
bulgaria,1981,0.0000
bulgaria,1982,0.0000
bulgaria,1983,0.0000
bulgaria,1984,0.0000
bulgaria,1985,0.0000
bulgaria,1986,0.0000
bulgaria,1987,0.0000
bulgaria,1988,0.0000
bulgaria,1989,0.0000
bulgaria,1990,0.0000
bulgaria,1991,0.0000
bulgaria,1992,0.0000
bulgaria,1993,0.0000
bulgaria,1994,0.0000
bulgaria,1995,0.0000
bulgaria,1996,0.0000
bulgaria,1997,0.0000
bulgaria,1998,0.0000
bulgaria,1999,0.0000
bulgaria,2000,0.0000
bulgaria,2001,0.0000
bulgaria,2002,0.0000
bulgaria,2003,0.0000
bulgaria,2004,0.0000
bulgaria,2005,0.0000
bulgaria,2006,0.0000
bulgaria,2007,0.0000
bulgaria,2008,0.0000
bulgaria,2009,0.0000
bulgaria,2010,0.0000
bulgaria,2011,0.0000
bulgaria,2012,0.0000
bulgaria,2013,0.0000
bulgaria,2014,0.0000
bulgaria,2015,0.0000
bulgaria,2016,0.0000
bulgaria,2017,0.0000
bulgaria,2018,0.0000
bulgaria,2019,0.0000
bulgaria,2020,0.0000
bulgaria,2021,0.0000
bulgaria,2022,0.0000
burkina_faso,1962,0.0000
burkina_faso,1963,0.0000
burkina_faso,1964,0.0000
burkina_faso,1965,0.0000
burkina_faso,1966,0.0000
burkina_faso,1967,0.0000
burkina_faso,1968,0.0000
burkina_faso,1969,0.0000
burkina_faso,1970,0.0000
burkina_faso,1971,0.0000
burkina_faso,1972,0.0000
burkina_faso,1973,0.0000
burkina_faso,1974,0.0000
burkina_faso,1975,0.0000
burkina_faso,1976,0.0000
burkina_faso,1977,0.0000
burkina_faso,1978,0.0000
burkina_faso,1979,0.0000
burkina_faso,1980,0.0000
burkina_faso,1981,0.0000
burkina_faso,1982,0.0000
burkina_faso,1983,0.0000
burkina_faso,1984,0.0000
burkina_faso,1985,0.0000
burkina_faso,1986,0.0000
burkina_faso,1987,0.0000
burkina_faso,1988,0.0000
burkina_faso,1989,0.0000
burkina_faso,1990,0.0000
burkina_faso,1991,0.0000
burkina_faso,1992,0.0000
burkina_faso,1993,0.0000
burkina_faso,1994,0.0000
burkina_faso,1995,0.0000
burkina_faso,1996,0.0000
burkina_faso,1997,0.0000
burkina_faso,1998,0.0000
burkina_faso,1999,0.0000
burkina_faso,2000,0.0000
burkina_faso,2001,0.0000
burkina_faso,2002,0.0000
burkina_faso,2003,0.0000
burkina_faso,2004,0.0000
burkina_faso,2005,0.0000
burkina_faso,2006,0.0000
burkina_faso,2007,0.0000
burkina_faso,2008,0.0000
burkina_faso,2009,0.0000
burkina_faso,2010,0.0000
burkina_faso,2011,0.0000
burkina_faso,2012,0.0000
burkina_faso,2013,0.0000
burkina_faso,2014,0.0000
burkina_faso,2015,0.0000
burkina_faso,2016,0.0000
burkina_faso,2017,0.0000
burkina_faso,2018,0.0000
burkina_faso,2019,0.0000
burkina_faso,2020,0.0000
burkina_faso,2021,0.0000
burkina_faso,2022,0.0000
burundi,1962,0.0000
burundi,1963,0.0000
burundi,1964,0.0000
burundi,1965,0.0000
burundi,1966,0.0000
burundi,1967,0.0000
burundi,1968,0.0000
burundi,1969,0.0000
burundi,1970,0.0000
burundi,1971,0.0000
burundi,1972,0.0000
burundi,1973,0.0000
burundi,1974,0.0000
burundi,1975,0.0000
burundi,1976,0.0000
burundi,1977,0.0000
burundi,1978,0.0000
burundi,1979,0.0000
burundi,1980,0.0000
burundi,1981,0.0000
burundi,1982,0.0000
burundi,1983,0.0000
burundi,1984,0.0000
burundi,1985,0.0000
burundi,1986,0.0000
burundi,1987,0.0000
burundi,1988,0.0000
burundi,1989,0.0000
burundi,1990,0.0000
burundi,1991,0.0000
burundi,1992,0.0000
burundi,1993,0.0000
burundi,1994,0.0000
burundi,1995,0.0000
burundi,1996,0.0000
burundi,1997,0.0000
burundi,1998,0.0000
burundi,1999,0.0000
burundi,2000,0.0000
burundi,2001,0.0000
burundi,2002,0.0000
burundi,2003,0.0000
burundi,2004,0.0000
burundi,2005,0.0000
burundi,2006,0.0000
burundi,2007,0.0000
burundi,2008,0.0000
burundi,2009,0.0000
burundi,2010,0.0000
burundi,2011,0.0000
burundi,2012,0.0000
burundi,2013,0.0000
burundi,2014,0.0000
burundi,2015,0.0000
burundi,2016,0.0000
burundi,2017,0.0000
burundi,2018,0.0000
burundi,2019,0.0000
burundi,2020,0.0000
burundi,2021,0.0000
burundi,2022,0.0000
cabo_verde,1961,0.0000
cabo_verde,1962,0.0000
cabo_verde,1963,0.0000
cabo_verde,1964,0.0000
cabo_verde,1965,0.0000
cabo_verde,1966,0.0000
cabo_verde,1967,0.0000
cabo_verde,1968,0.0000
cabo_verde,1969,0.0000
cabo_verde,1970,0.0000
cabo_verde,1971,0.0000
cabo_verde,1972,0.0000
cabo_verde,1973,0.0000
cabo_verde,1974,0.0000
cabo_verde,1975,0.0000
cabo_verde,1976,0.0000
cabo_verde,1977,0.0000
cabo_verde,1978,0.0000
cabo_verde,1979,0.0000
cabo_verde,1980,0.0000
cabo_verde,1981,0.0000
cabo_verde,1982,0.0000
cabo_verde,1983,0.0000
cabo_verde,1984,0.0000
cabo_verde,1985,0.0000
cabo_verde,1986,0.0000
cabo_verde,1987,0.0000
cabo_verde,1988,0.0000
cabo_verde,1989,0.0000
cabo_verde,1990,0.0000
cabo_verde,1991,0.0000
cabo_verde,1992,0.0000
cabo_verde,1993,0.0000
cabo_verde,1994,0.0000
cabo_verde,1995,0.0000
cabo_verde,1996,0.0000
cabo_verde,1997,0.0000
cabo_verde,1998,0.0000
cabo_verde,1999,0.0000
cabo_verde,2000,0.0000
cabo_verde,2001,0.0000
cabo_verde,2002,0.0000
cabo_verde,2003,0.0000
cabo_verde,2004,0.0000
cabo_verde,2005,0.0000
cabo_verde,2006,0.0000
cabo_verde,2007,0.0000
cabo_verde,2008,0.0000
cabo_verde,2009,0.0000
cabo_verde,2010,0.0000
cabo_verde,2011,0.0000
cabo_verde,2012,0.0000
cabo_verde,2013,0.0000
cabo_verde,2014,0.0000
cabo_verde,2015,0.0000
cabo_verde,2016,0.0000
cabo_verde,2017,0.0000
cabo_verde,2018,0.0000
cabo_verde,2019,0.0000
cabo_verde,2020,0.0000
cabo_verde,2021,0.0000
cabo_verde,2022,0.0000
cambodia,1961,0.0000
cambodia,1962,0.0000
cambodia,1963,0.0000
cambodia,1964,0.0000
cambodia,1965,0.0000
cambodia,1966,0.0000
cambodia,1967,0.0000
cambodia,1968,0.0000
cambodia,1969,0.0000
cambodia,1970,0.0000
cambodia,1971,0.0000
cambodia,1972,0.0000
cambodia,1973,0.0000
cambodia,1974,0.0000
cambodia,1975,0.0000
cambodia,1976,0.0000
cambodia,1977,0.0000
cambodia,1978,0.0000
cambodia,1979,0.0000
cambodia,1980,0.0000
cambodia,1981,0.0000
cambodia,1982,0.0000
cambodia,1983,0.0000
cambodia,1984,0.0000
cambodia,1985,0.0000
cambodia,1986,0.0000
cambodia,1987,0.0000
cambodia,1988,0.0000
cambodia,1989,0.0000
cambodia,1990,0.0000
cambodia,1991,0.0000
cambodia,1992,0.0000
cambodia,1993,0.0000
cambodia,1994,0.0000
cambodia,1995,0.0000
cambodia,1996,0.0000
cambodia,1997,0.0000
cambodia,1998,0.0000
cambodia,1999,0.0000
cambodia,2000,0.0000
cambodia,2001,0.0000
cambodia,2002,0.0000
cambodia,2003,0.0000
cambodia,2004,0.0000
cambodia,2005,0.0000
cambodia,2006,0.0000
cambodia,2007,0.0000
cambodia,2008,0.0000
cambodia,2009,0.0000
cambodia,2010,0.0000
cambodia,2011,0.0000
cambodia,2012,0.0000
cambodia,2013,0.0000
cambodia,2014,0.0000
cambodia,2015,0.0000
cambodia,2016,0.0000
cambodia,2017,0.0000
cambodia,2018,0.0000
cambodia,2019,0.0000
cambodia,2020,0.0000
cambodia,2021,0.0000
cambodia,2022,0.0000
cameroon,1962,0.0000
cameroon,1963,0.0000
cameroon,1964,0.0000
cameroon,1965,0.0000
cameroon,1966,0.0000
cameroon,1967,0.0000
cameroon,1968,0.0000
cameroon,1969,0.0000
cameroon,1970,0.0000
cameroon,1971,0.0000
cameroon,1972,0.0000
cameroon,1973,0.0000
cameroon,1974,0.0000
cameroon,1975,0.0000
cameroon,1976,0.0000
cameroon,1977,0.0000
cameroon,1978,0.0000
cameroon,1979,0.0000
cameroon,1980,0.0000
cameroon,1981,0.0000
cameroon,1982,0.0000
cameroon,1983,0.0000
cameroon,1984,0.0000
cameroon,1985,0.0000
cameroon,1986,0.0000
cameroon,1987,0.0000
cameroon,1988,0.0000
cameroon,1989,0.0000
cameroon,1990,0.0000
cameroon,1991,0.0000
cameroon,1992,0.0000
cameroon,1993,0.0000
cameroon,1994,0.0000
cameroon,1995,0.0000
cameroon,1996,0.0000
cameroon,1997,0.0000
cameroon,1998,0.0000
cameroon,1999,0.0000
cameroon,2000,0.0000
cameroon,2001,0.0000
cameroon,2002,0.0000
cameroon,2003,0.0000
cameroon,2004,0.0000
cameroon,2005,0.0000
cameroon,2006,0.0000
cameroon,2007,0.0000
cameroon,2008,0.0000
cameroon,2009,0.0000
cameroon,2010,0.0000
cameroon,2011,0.0000
cameroon,2012,0.0000
cameroon,2013,0.0000
cameroon,2014,0.0000
cameroon,2015,0.0000
cameroon,2016,0.0000
cameroon,2017,0.0000
cameroon,2018,0.0000
cameroon,2019,0.0000
cameroon,2020,0.0000
cameroon,2021,0.0000
cameroon,2022,0.0000
canada,1962,0.0000
canada,1963,0.0000
canada,1964,0.0000
canada,1965,0.0000
canada,1966,0.0000
canada,1967,0.0000
canada,1968,0.0000
canada,1969,0.0000
canada,1970,0.0000
canada,1971,0.0000
canada,1972,0.0000
canada,1973,0.0000
canada,1974,0.0000
canada,1975,0.0000
canada,1976,0.0000
canada,1977,0.0000
canada,1978,0.0000
canada,1979,0.0000
canada,1980,0.0000
canada,1981,0.0000
canada,1982,0.0000
canada,1983,0.0000
canada,1984,0.0000
canada,1985,0.0000
canada,1986,0.0000
canada,1987,0.0000
canada,1988,0.0000
canada,1989,0.0000
canada,1990,0.0000
canada,1991,0.0000
canada,1992,0.0000
canada,1993,0.0000
canada,1994,0.0000
canada,1995,0.0000
canada,1996,0.0000
canada,1997,0.0000
canada,1998,0.0000
canada,1999,0.0000
canada,2000,0.0000
canada,2001,0.0000
canada,2002,0.0000
canada,2003,0.0000
canada,2004,0.0000
canada,2005,0.0000
canada,2006,0.0000
canada,2007,0.0000
canada,2008,0.0000
canada,2009,0.0000
canada,2010,0.0000
canada,2011,0.0000
canada,2012,0.0000
canada,2013,0.0000
canada,2014,0.0000
canada,2015,0.0000
canada,2016,0.0000
canada,2017,0.0000
canada,2018,0.0000
canada,2019,0.0000
canada,2020,0.0000
canada,2021,0.0000
canada,2022,0.0000
central_african_republic,1962,0.0000
central_african_republic,1963,0.0000
central_african_republic,1964,0.0000
central_african_republic,1965,0.0000
central_african_republic,1966,0.0000
central_african_republic,1967,0.0000
central_african_republic,1968,0.0000
central_african_republic,1969,0.0000
central_african_republic,1970,0.0000
central_african_republic,1971,0.0000
central_african_republic,1972,0.0000
central_african_republic,1973,0.0000
central_african_republic,1974,0.0000
central_african_republic,1975,0.0000
central_african_republic,1976,0.0000
central_african_republic,1977,0.0000
central_african_republic,1978,0.0000
central_african_republic,1979,0.0000
central_african_republic,1980,0.0000
central_african_republic,1981,0.0000
central_african_republic,1982,0.0000
central_african_republic,1983,0.0000
central_african_republic,1984,0.0000
central_african_republic,1985,0.0000
central_african_republic,1986,0.0000
central_african_republic,1987,0.0000
central_african_republic,1988,0.0000
central_african_republic,1989,0.0000
central_african_republic,1990,0.0000
central_african_republic,1991,0.0000
central_african_republic,1992,0.0000
central_african_republic,1993,0.0000
central_african_republic,1994,0.0000
central_african_republic,1995,0.0000
central_african_republic,1996,0.0000
central_african_republic,1997,0.0000
central_african_republic,1998,0.0000
central_african_republic,1999,0.0000
central_african_republic,2000,0.0000
central_african_republic,2001,0.0000
central_african_republic,2002,0.0000
central_african_republic,2003,0.0000
central_african_republic,2004,0.0000
central_african_republic,2005,0.0000
central_african_republic,2006,0.0000
central_african_republic,2007,0.0000
central_african_republic,2008,0.0000
central_african_republic,2009,0.0000
central_african_republic,2010,0.0000
central_african_republic,2011,0.0000
central_african_republic,2012,0.0000
central_african_republic,2013,0.0000
central_african_republic,2014,0.0000
central_african_republic,2015,0.0000
central_african_republic,2016,0.0000
central_african_republic,2017,0.0000
central_african_republic,2018,0.0000
central_african_republic,2019,0.0000
central_african_republic,2020,0.0000
central_african_republic,2021,0.0000
central_african_republic,2022,0.0000
chad,1962,0.0000
chad,1963,0.0000
chad,1964,0.0000
chad,1965,0.0000
chad,1966,0.0000
chad,1967,0.0000
chad,1968,0.0000
chad,1969,0.0000
chad,1970,0.0000
chad,1971,0.0000
chad,1972,0.0000
chad,1973,0.0000
chad,1974,0.0000
chad,1975,0.0000
chad,1976,0.0000
chad,1977,0.0000
chad,1978,0.0000
chad,1979,0.0000
chad,1980,0.0000
chad,1981,0.0000
chad,1982,0.0000
chad,1983,0.0000
chad,1984,0.0000
chad,1985,0.0000
chad,1986,0.0000
chad,1987,0.0000
chad,1988,0.0000
chad,1989,0.0000
chad,1990,0.0000
chad,1991,0.0000
chad,1992,0.0000
chad,1993,0.0000
chad,1994,0.0000
chad,1995,0.0000
chad,1996,0.0000
chad,1997,0.0000
chad,1998,0.0000
chad,1999,0.0000
chad,2000,0.0000
chad,2001,0.0000
chad,2002,0.0000
chad,2003,0.0000
chad,2004,0.0000
chad,2005,0.0000
chad,2006,0.0000
chad,2007,0.0000
chad,2008,0.0000
chad,2009,0.0000
chad,2010,0.0000
chad,2011,0.0000
chad,2012,0.0000
chad,2013,0.0000
chad,2014,0.0000
chad,2015,0.0000
chad,2016,0.0000
chad,2017,0.0000
chad,2018,0.0000
chad,2019,0.0000
chad,2020,0.0000
chad,2021,0.0000
chad,2022,0.0000
chile,1961,0.0000
chile,1962,0.0000
chile,1963,0.0000
chile,1964,0.0000
chile,1965,0.0000
chile,1966,0.0000
chile,1967,0.0000
chile,1968,0.0000
chile,1969,0.0000
chile,1970,0.0000
chile,1971,0.0000
chile,1972,0.0000
chile,1973,0.0000
chile,1974,0.0000
chile,1975,0.0000
chile,1976,0.0000
chile,1977,0.0000
chile,1978,0.0000
chile,1979,0.0000
chile,1980,0.0000
chile,1981,0.0000
chile,1982,0.0000
chile,1983,0.0000
chile,1984,0.0000
chile,1985,0.0000
chile,1986,0.0000
chile,1987,0.0000
chile,1988,0.0000
chile,1989,0.0000
chile,1990,0.0000
chile,1991,0.0000
chile,1992,0.0000
chile,1993,0.0000
chile,1994,0.0000
chile,1995,0.0000
chile,1996,0.0000
chile,1997,0.0000
chile,1998,0.0000
chile,1999,0.0000
chile,2000,0.0000
chile,2001,0.0000
chile,2002,0.0000
chile,2003,0.0000
chile,2004,0.0000
chile,2005,0.0000
chile,2006,0.0000
chile,2007,0.0000
chile,2008,0.0000
chile,2009,0.0000
chile,2010,0.0000
chile,2011,0.0000
chile,2012,0.0000
chile,2013,0.0000
chile,2014,0.0000
chile,2015,0.0000
chile,2016,0.0000
chile,2017,0.0000
chile,2018,0.0000
chile,2019,0.0000
chile,2020,0.0000
chile,2021,0.0000
chile,2022,0.0000
china,1962,0.0000
china,1963,0.0000
china,1964,0.0000
china,1965,0.0000
china,1966,0.0000
china,1967,0.0000
china,1968,0.0000
china,1969,0.0000
china,1970,0.0000
china,1971,0.0000
china,1972,0.0000
china,1973,0.0000
china,1974,0.0000
china,1975,0.0000
china,1976,0.0000
china,1977,0.0000
china,1978,0.0000
china,1979,0.0000
china,1980,0.0000
china,1981,0.0000
china,1982,0.0000
china,1983,0.0000
china,1984,0.0000
china,1985,0.0000
china,1986,0.0000
china,1987,0.0000
china,1988,0.0000
china,1989,0.0000
china,1990,0.0000
china,1991,0.0000
china,1992,0.0000
china,1993,0.0000
china,1994,0.0000
china,1995,0.0000
china,1996,0.0000
china,1997,0.0000
china,1998,0.0000
china,1999,0.0000
china,2000,0.0000
china,2001,0.0000
china,2002,0.0000
china,2003,0.0000
china,2004,0.0000
china,2005,0.0000
china,2006,0.0000
china,2007,0.0000
china,2008,0.0000
china,2009,0.0000
china,2010,0.0000
china,2011,0.0000
china,2012,0.0000
china,2013,0.0000
china,2014,0.0000
china,2015,0.0000
china,2016,0.0000
china,2017,0.0000
china,2018,0.0000
china,2019,0.0000
china,2020,0.0000
china,2021,0.0000
china,2022,0.0000
colombia,1961,0.0000
colombia,1962,0.0000
colombia,1963,0.0000
colombia,1964,0.0000
colombia,1965,0.0000
colombia,1966,0.0000
colombia,1967,0.0000
colombia,1968,0.0000
colombia,1969,0.0000
colombia,1970,0.0000
colombia,1971,0.0000
colombia,1972,0.0000
colombia,1973,0.0000
colombia,1974,0.0000
colombia,1975,0.0000
colombia,1976,0.0000
colombia,1977,0.0000
colombia,1978,0.0000
colombia,1979,0.0000
colombia,1980,0.0000
colombia,1981,0.0000
colombia,1982,0.0000
colombia,1983,0.0000
colombia,1984,0.0000
colombia,1985,0.0000
colombia,1986,0.0000
colombia,1987,0.0000
colombia,1988,0.0000
colombia,1989,0.0000
colombia,1990,0.0000
colombia,1991,0.0000
colombia,1992,0.0000
colombia,1993,0.0000
colombia,1994,0.0000
colombia,1995,0.0000
colombia,1996,0.0000
colombia,1997,0.0000
colombia,1998,0.0000
colombia,1999,0.0000
colombia,2000,0.0000
colombia,2001,0.0000
colombia,2002,0.0000
colombia,2003,0.0000
colombia,2004,0.0000
colombia,2005,0.0000
colombia,2006,0.0000
colombia,2007,0.0000
colombia,2008,0.0000
colombia,2009,0.0000
colombia,2010,0.0000
colombia,2011,0.0000
colombia,2012,0.0000
colombia,2013,0.0000
colombia,2014,0.0000
colombia,2015,0.0000
colombia,2016,0.0000
colombia,2017,0.0000
colombia,2018,0.0000
colombia,2019,0.0000
colombia,2020,0.0000
colombia,2021,0.0000
colombia,2022,0.0000
comoros,1961,0.0000
comoros,1962,0.0000
comoros,1963,0.0000
comoros,1964,0.0000
comoros,1965,0.0000
comoros,1966,0.0000
comoros,1967,0.0000
comoros,1968,0.0000
comoros,1969,0.0000
comoros,1970,0.0000
comoros,1971,0.0000
comoros,1972,0.0000
comoros,1973,0.0000
comoros,1974,0.0000
comoros,1975,0.0000
comoros,1976,0.0000
comoros,1977,0.0000
comoros,1978,0.0000
comoros,1979,0.0000
comoros,1980,0.0000
comoros,1981,0.0000
comoros,1982,0.0000
comoros,1983,0.0000
comoros,1984,0.0000
comoros,1985,0.0000
comoros,1986,0.0000
comoros,1987,0.0000
comoros,1988,0.0000
comoros,1989,0.0000
comoros,1990,0.0000
comoros,1991,0.0000
comoros,1992,0.0000
comoros,1993,0.0000
comoros,1994,0.0000
comoros,1995,0.0000
comoros,1996,0.0000
comoros,1997,0.0000
comoros,1998,0.0000
comoros,1999,0.0000
comoros,2000,0.0000
comoros,2001,0.0000
comoros,2002,0.0000
comoros,2003,0.0000
comoros,2004,0.0000
comoros,2005,0.0000
comoros,2006,0.0000
comoros,2007,0.0000
comoros,2008,0.0000
comoros,2009,0.0000
comoros,2010,0.0000
comoros,2011,0.0000
comoros,2012,0.0000
comoros,2013,0.0000
comoros,2014,0.0000
comoros,2015,0.0000
comoros,2016,0.0000
comoros,2017,0.0000
comoros,2018,0.0000
comoros,2019,0.0000
comoros,2020,0.0000
comoros,2021,0.0000
comoros,2022,0.0000
congo,1962,0.0000
congo,1963,0.0000
congo,1964,0.0000
congo,1965,0.0000
congo,1966,0.0000
congo,1967,0.0000
congo,1968,0.0000
congo,1969,0.0000
congo,1970,0.0000
congo,1971,0.0000
congo,1972,0.0000
congo,1973,0.0000
congo,1974,0.0000
congo,1975,0.0000
congo,1976,0.0000
congo,1977,0.0000
congo,1978,0.0000
congo,1979,0.0000
congo,1980,0.0000
congo,1981,0.0000
congo,1982,0.0000
congo,1983,0.0000
congo,1984,0.0000
congo,1985,0.0000
congo,1986,0.0000
congo,1987,0.0000
congo,1988,0.0000
congo,1989,0.0000
congo,1990,0.0000
congo,1991,0.0000
congo,1992,0.0000
congo,1993,0.0000
congo,1994,0.0000
congo,1995,0.0000
congo,1996,0.0000
congo,1997,0.0000
congo,1998,0.0000
congo,1999,0.0000
congo,2000,0.0000
congo,2001,0.0000
congo,2002,0.0000
congo,2003,0.0000
congo,2004,0.0000
congo,2005,0.0000
congo,2006,0.0000
congo,2007,0.0000
congo,2008,0.0000
congo,2009,0.0000
congo,2010,0.0000
congo,2011,0.0000
congo,2012,0.0000
congo,2013,0.0000
congo,2014,0.0000
congo,2015,0.0000
congo,2016,0.0000
congo,2017,0.0000
congo,2018,0.0000
congo,2019,0.0000
congo,2020,0.0000
congo,2021,0.0000
congo,2022,0.0000
cook_islands,1962,0.0000
cook_islands,1963,0.0000
cook_islands,1964,0.0000
cook_islands,1965,0.0000
cook_islands,1966,0.0000
cook_islands,1967,0.0000
cook_islands,1968,0.0000
cook_islands,1969,0.0000
cook_islands,1970,0.0000
cook_islands,1971,0.0000
cook_islands,1972,0.0000
cook_islands,1973,0.0000
cook_islands,1974,0.0000
cook_islands,1975,0.0000
cook_islands,1976,0.0000
cook_islands,1977,0.0000
cook_islands,1978,0.0000
cook_islands,1979,0.0000
cook_islands,1980,0.0000
cook_islands,1981,0.0000
cook_islands,1982,0.0000
cook_islands,1983,0.0000
cook_islands,1984,0.0000
cook_islands,1985,0.0000
cook_islands,1986,0.0000
cook_islands,1987,0.0000
cook_islands,1988,0.0000
cook_islands,1989,0.0000
cook_islands,1990,0.0000
cook_islands,1991,0.0000
cook_islands,1992,0.0000
cook_islands,1993,0.0000
cook_islands,1994,0.0000
cook_islands,1995,0.0000
cook_islands,1996,0.0000
cook_islands,1997,0.0000
cook_islands,1998,0.0000
cook_islands,1999,0.0000
cook_islands,2000,0.0000
cook_islands,2001,0.0000
cook_islands,2002,0.0000
cook_islands,2003,0.0000
cook_islands,2004,0.0000
cook_islands,2005,0.0000
cook_islands,2006,0.0000
cook_islands,2007,0.0000
cook_islands,2008,0.0000
cook_islands,2009,0.0000
cook_islands,2010,0.0000
cook_islands,2011,0.0000
cook_islands,2012,0.0000
cook_islands,2013,0.0000
cook_islands,2014,0.0000
cook_islands,2015,0.0000
cook_islands,2016,0.0000
cook_islands,2017,0.0000
cook_islands,2018,0.0000
cook_islands,2019,0.0000
cook_islands,2020,0.0000
cook_islands,2021,0.0000
cook_islands,2022,0.0000
costa_rica,1961,0.0000
costa_rica,1962,0.0000
costa_rica,1963,0.0000
costa_rica,1964,0.0000
costa_rica,1965,0.0000
costa_rica,1966,0.0000
costa_rica,1967,0.0000
costa_rica,1968,0.0000
costa_rica,1969,0.0000
costa_rica,1970,0.0000
costa_rica,1971,0.0000
costa_rica,1972,0.0000
costa_rica,1973,0.0000
costa_rica,1974,0.0000
costa_rica,1975,0.0000
costa_rica,1976,0.0000
costa_rica,1977,0.0000
costa_rica,1978,0.0000
costa_rica,1979,0.0000
costa_rica,1980,0.0000
costa_rica,1981,0.0000
costa_rica,1982,0.0000
costa_rica,1983,0.0000
costa_rica,1984,0.0000
costa_rica,1985,0.0000
costa_rica,1986,0.0000
costa_rica,1987,0.0000
costa_rica,1988,0.0000
costa_rica,1989,0.0000
costa_rica,1990,0.0000
costa_rica,1991,0.0000
costa_rica,1992,0.0000
costa_rica,1993,0.0000
costa_rica,1994,0.0000
costa_rica,1995,0.0000
costa_rica,1996,0.0000
costa_rica,1997,0.0000
costa_rica,1998,0.0000
costa_rica,1999,0.0000
costa_rica,2000,0.0000
costa_rica,2001,0.0000
costa_rica,2002,0.0000
costa_rica,2003,0.0000
costa_rica,2004,0.0000
costa_rica,2005,0.0000
costa_rica,2006,0.0000
costa_rica,2007,0.0000
costa_rica,2008,0.0000
costa_rica,2009,0.0000
costa_rica,2010,0.0000
costa_rica,2011,0.0000
costa_rica,2012,0.0000
costa_rica,2013,0.0000
costa_rica,2014,0.0000
costa_rica,2015,0.0000
costa_rica,2016,0.0000
costa_rica,2017,0.0000
costa_rica,2018,0.0000
costa_rica,2019,0.0000
costa_rica,2020,0.0000
costa_rica,2021,0.0000
costa_rica,2022,0.0000
cote_d_ivoire,1961,0.0000
cote_d_ivoire,1962,0.0000
cote_d_ivoire,1963,0.0000
cote_d_ivoire,1964,0.0000
cote_d_ivoire,1965,0.0000
cote_d_ivoire,1966,0.0000
cote_d_ivoire,1967,0.0000
cote_d_ivoire,1968,0.0000
cote_d_ivoire,1969,0.0000
cote_d_ivoire,1970,0.0000
cote_d_ivoire,1971,0.0000
cote_d_ivoire,1972,0.0000
cote_d_ivoire,1973,0.0000
cote_d_ivoire,1974,0.0000
cote_d_ivoire,1975,0.0000
cote_d_ivoire,1976,0.0000
cote_d_ivoire,1977,0.0000
cote_d_ivoire,1978,0.0000
cote_d_ivoire,1979,0.0000
cote_d_ivoire,1980,0.0000
cote_d_ivoire,1981,0.0000
cote_d_ivoire,1982,0.0000
cote_d_ivoire,1983,0.0000
cote_d_ivoire,1984,0.0000
cote_d_ivoire,1985,0.0000
cote_d_ivoire,1986,0.0000
cote_d_ivoire,1987,0.0000
cote_d_ivoire,1988,0.0000
cote_d_ivoire,1989,0.0000
cote_d_ivoire,1990,0.0000
cote_d_ivoire,1991,0.0000
cote_d_ivoire,1992,0.0000
cote_d_ivoire,1993,0.0000
cote_d_ivoire,1994,0.0000
cote_d_ivoire,1995,0.0000
cote_d_ivoire,1996,0.0000
cote_d_ivoire,1997,0.0000
cote_d_ivoire,1998,0.0000
cote_d_ivoire,1999,0.0000
cote_d_ivoire,2000,0.0000
cote_d_ivoire,2001,0.0000
cote_d_ivoire,2002,0.0000
cote_d_ivoire,2003,0.0000
cote_d_ivoire,2004,0.0000
cote_d_ivoire,2005,0.0000
cote_d_ivoire,2006,0.0000
cote_d_ivoire,2007,0.0000
cote_d_ivoire,2008,0.0000
cote_d_ivoire,2009,0.0000
cote_d_ivoire,2010,0.0000
cote_d_ivoire,2011,0.0000
cote_d_ivoire,2012,0.0000
cote_d_ivoire,2013,0.0000
cote_d_ivoire,2014,0.0000
cote_d_ivoire,2015,0.0000
cote_d_ivoire,2016,0.0000
cote_d_ivoire,2017,0.0000
cote_d_ivoire,2018,0.0000
cote_d_ivoire,2019,0.0000
cote_d_ivoire,2020,0.0000
cote_d_ivoire,2021,0.0000
cote_d_ivoire,2022,0.0000
croatia,1992,0.0000
croatia,1993,0.0000
croatia,1994,0.0000
croatia,1995,0.0000
croatia,1996,0.0000
croatia,1997,0.0000
croatia,1998,0.0000
croatia,1999,0.0000
croatia,2000,0.0000
croatia,2001,0.0000
croatia,2002,0.0000
croatia,2003,0.0000
croatia,2004,0.0000
croatia,2005,0.0000
croatia,2006,0.0000
croatia,2007,0.0000
croatia,2008,0.0000
croatia,2009,0.0000
croatia,2010,0.0000
croatia,2011,0.0000
croatia,2012,0.0000
croatia,2013,0.0000
croatia,2014,0.0000
croatia,2015,0.0000
croatia,2016,0.0000
croatia,2017,0.0000
croatia,2018,0.0000
croatia,2019,0.0000
croatia,2020,0.0000
croatia,2021,0.0000
croatia,2022,0.0000
cuba,1961,0.0000
cuba,1962,0.0000
cuba,1963,0.0000
cuba,1964,0.0000
cuba,1965,0.0000
cuba,1966,0.0000
cuba,1967,0.0000
cuba,1968,0.0000
cuba,1969,0.0000
cuba,1970,0.0000
cuba,1971,0.0000
cuba,1972,0.0000
cuba,1973,0.0000
cuba,1974,0.0000
cuba,1975,0.0000
cuba,1976,0.0000
cuba,1977,0.0000
cuba,1978,0.0000
cuba,1979,0.0000
cuba,1980,0.0000
cuba,1981,0.0000
cuba,1982,0.0000
cuba,1983,0.0000
cuba,1984,0.0000
cuba,1985,0.0000
cuba,1986,0.0000
cuba,1987,0.0000
cuba,1988,0.0000
cuba,1989,0.0000
cuba,1990,0.0000
cuba,1991,0.0000
cuba,1992,0.0000
cuba,1993,0.0000
cuba,1994,0.0000
cuba,1995,0.0000
cuba,1996,0.0000
cuba,1997,0.0000
cuba,1998,0.0000
cuba,1999,0.0000
cuba,2000,0.0000
cuba,2001,0.0000
cuba,2002,0.0000
cuba,2003,0.0000
cuba,2004,0.0000
cuba,2005,0.0000
cuba,2006,0.0000
cuba,2007,0.0000
cuba,2008,0.0000
cuba,2009,0.0000
cuba,2010,0.0000
cuba,2011,0.0000
cuba,2012,0.0000
cuba,2013,0.0000
cuba,2014,0.0000
cuba,2015,0.0000
cuba,2016,0.0000
cuba,2017,0.0000
cuba,2018,0.0000
cuba,2019,0.0000
cuba,2020,0.0000
cuba,2021,0.0000
cuba,2022,0.0000
cyprus,1961,0.0000
cyprus,1962,0.0000
cyprus,1963,0.0000
cyprus,1964,0.0000
cyprus,1965,0.0000
cyprus,1966,0.0000
cyprus,1967,0.0000
cyprus,1968,0.0000
cyprus,1969,0.0000
cyprus,1970,0.0000
cyprus,1971,0.0000
cyprus,1972,0.0000
cyprus,1973,0.0000
cyprus,1974,0.0000
cyprus,1975,0.0000
cyprus,1976,0.0000
cyprus,1977,0.0000
cyprus,1978,0.0000
cyprus,1979,0.0000
cyprus,1980,0.0000
cyprus,1981,0.0000
cyprus,1982,0.0000
cyprus,1983,0.0000
cyprus,1984,0.0000
cyprus,1985,0.0000
cyprus,1986,0.0000
cyprus,1987,0.0000
cyprus,1988,0.0000
cyprus,1989,0.0000
cyprus,1990,0.0000
cyprus,1991,0.0000
cyprus,1992,0.0000
cyprus,1993,0.0000
cyprus,1994,0.0000
cyprus,1995,0.0000
cyprus,1996,0.0000
cyprus,1997,0.0000
cyprus,1998,0.0000
cyprus,1999,0.0000
cyprus,2000,0.0000
cyprus,2001,0.0000
cyprus,2002,0.0000
cyprus,2003,0.0000
cyprus,2004,0.0000
cyprus,2005,0.0000
cyprus,2006,0.0000
cyprus,2007,0.0000
cyprus,2008,0.0000
cyprus,2009,0.0000
cyprus,2010,0.0000
cyprus,2011,0.0000
cyprus,2012,0.0000
cyprus,2013,0.0000
cyprus,2014,0.0000
cyprus,2015,0.0000
cyprus,2016,0.0000
cyprus,2017,0.0000
cyprus,2018,0.0000
cyprus,2019,0.0000
cyprus,2020,0.0000
cyprus,2021,0.0000
cyprus,2022,0.0000
czechia,1997,0.0000
czechia,1998,0.0000
czechia,1999,0.0000
czechia,2000,0.0000
czechia,2001,0.0000
czechia,2002,0.0000
czechia,2003,0.0000
czechia,2004,0.0000
czechia,2005,0.0000
czechia,2006,0.0000
czechia,2007,0.0000
czechia,2008,0.0000
czechia,2009,0.0000
czechia,2010,0.0000
czechia,2011,0.0000
czechia,2012,0.0000
czechia,2013,0.0000
czechia,2014,0.0000
czechia,2015,0.0000
czechia,2016,0.0000
czechia,2017,0.0000
czechia,2018,0.0000
czechia,2019,0.0000
czechia,2020,0.0000
czechia,2021,0.0000
czechia,2022,0.0000
democratic_people_s_republic_of_korea,1961,0.0000
democratic_people_s_republic_of_korea,1962,0.0000
democratic_people_s_republic_of_korea,1963,0.0000
democratic_people_s_republic_of_korea,1964,0.0000
democratic_people_s_republic_of_korea,1965,0.0000
democratic_people_s_republic_of_korea,1966,0.0000
democratic_people_s_republic_of_korea,1967,0.0000
democratic_people_s_republic_of_korea,1968,0.0000
democratic_people_s_republic_of_korea,1969,0.0000
democratic_people_s_republic_of_korea,1970,0.0000
democratic_people_s_republic_of_korea,1971,0.0000
democratic_people_s_republic_of_korea,1972,0.0000
democratic_people_s_republic_of_korea,1973,0.0000
democratic_people_s_republic_of_korea,1974,0.0000
democratic_people_s_republic_of_korea,1975,0.0000
democratic_people_s_republic_of_korea,1976,0.0000
democratic_people_s_republic_of_korea,1977,0.0000
democratic_people_s_republic_of_korea,1978,0.0000
democratic_people_s_republic_of_korea,1979,0.0000
democratic_people_s_republic_of_korea,1980,0.0000
democratic_people_s_republic_of_korea,1981,0.0000
democratic_people_s_republic_of_korea,1982,0.0000
democratic_people_s_republic_of_korea,1983,0.0000
democratic_people_s_republic_of_korea,1984,0.0000
democratic_people_s_republic_of_korea,1985,0.0000
democratic_people_s_republic_of_korea,1986,0.0000
democratic_people_s_republic_of_korea,1987,0.0000
democratic_people_s_republic_of_korea,1988,0.0000
democratic_people_s_republic_of_korea,1989,0.0000
democratic_people_s_republic_of_korea,1990,0.0000
democratic_people_s_republic_of_korea,1991,0.0000
democratic_people_s_republic_of_korea,1992,0.0000
democratic_people_s_republic_of_korea,1993,0.0000
democratic_people_s_republic_of_korea,1994,0.0000
democratic_people_s_republic_of_korea,1995,0.0000
democratic_people_s_republic_of_korea,1996,0.0000
democratic_people_s_republic_of_korea,1997,0.0000
democratic_people_s_republic_of_korea,1998,0.0000
democratic_people_s_republic_of_korea,1999,0.0000
democratic_people_s_republic_of_korea,2000,0.0000
democratic_people_s_republic_of_korea,2001,0.0000
democratic_people_s_republic_of_korea,2002,0.0000
democratic_people_s_republic_of_korea,2003,0.0000
democratic_people_s_republic_of_korea,2004,0.0000
democratic_people_s_republic_of_korea,2005,0.0000
democratic_people_s_republic_of_korea,2006,0.0000
democratic_people_s_republic_of_korea,2007,0.0000
democratic_people_s_republic_of_korea,2008,0.0000
democratic_people_s_republic_of_korea,2009,0.0000
democratic_people_s_republic_of_korea,2010,0.0000
democratic_people_s_republic_of_korea,2011,0.0000
democratic_people_s_republic_of_korea,2012,0.0000
democratic_people_s_republic_of_korea,2013,0.0000
democratic_people_s_republic_of_korea,2014,0.0000
democratic_people_s_republic_of_korea,2015,0.0000
democratic_people_s_republic_of_korea,2016,0.0000
democratic_people_s_republic_of_korea,2017,0.0000
democratic_people_s_republic_of_korea,2018,0.0000
democratic_people_s_republic_of_korea,2019,0.0000
democratic_people_s_republic_of_korea,2020,0.0000
democratic_people_s_republic_of_korea,2021,0.0000
democratic_people_s_republic_of_korea,2022,0.0000
democratic_republic_of_the_congo,1962,0.0000
democratic_republic_of_the_congo,1963,0.0000
democratic_republic_of_the_congo,1964,0.0000
democratic_republic_of_the_congo,1965,0.0000
democratic_republic_of_the_congo,1966,0.0000
democratic_republic_of_the_congo,1967,0.0000
democratic_republic_of_the_congo,1968,0.0000
democratic_republic_of_the_congo,1969,0.0000
democratic_republic_of_the_congo,1970,0.0000
democratic_republic_of_the_congo,1971,0.0000
democratic_republic_of_the_congo,1972,0.0000
democratic_republic_of_the_congo,1973,0.0000
democratic_republic_of_the_congo,1974,0.0000
democratic_republic_of_the_congo,1975,0.0000
democratic_republic_of_the_congo,1976,0.0000
democratic_republic_of_the_congo,1977,0.0000
democratic_republic_of_the_congo,1978,0.0000
democratic_republic_of_the_congo,1979,0.0000
democratic_republic_of_the_congo,1980,0.0000
democratic_republic_of_the_congo,1981,0.0000
democratic_republic_of_the_congo,1982,0.0000
democratic_republic_of_the_congo,1983,0.0000
democratic_republic_of_the_congo,1984,0.0000
democratic_republic_of_the_congo,1985,0.0000
democratic_republic_of_the_congo,1986,0.0000
democratic_republic_of_the_congo,1987,0.0000
democratic_republic_of_the_congo,1988,0.0000
democratic_republic_of_the_congo,1989,0.0000
democratic_republic_of_the_congo,1990,0.0000
democratic_republic_of_the_congo,1991,0.0000
democratic_republic_of_the_congo,1992,0.0000
democratic_republic_of_the_congo,1993,0.0000
democratic_republic_of_the_congo,1994,0.0000
democratic_republic_of_the_congo,1995,0.0000
democratic_republic_of_the_congo,1996,0.0000
democratic_republic_of_the_congo,1997,0.0000
democratic_republic_of_the_congo,1998,0.0000
democratic_republic_of_the_congo,1999,0.0000
democratic_republic_of_the_congo,2000,0.0000
democratic_republic_of_the_congo,2001,0.0000
democratic_republic_of_the_congo,2002,0.0000
democratic_republic_of_the_congo,2003,0.0000
democratic_republic_of_the_congo,2004,0.0000
democratic_republic_of_the_congo,2005,0.0000
democratic_republic_of_the_congo,2006,0.0000
democratic_republic_of_the_congo,2007,0.0000
democratic_republic_of_the_congo,2008,0.0000
democratic_republic_of_the_congo,2009,0.0000
democratic_republic_of_the_congo,2010,0.0000
democratic_republic_of_the_congo,2011,0.0000
democratic_republic_of_the_congo,2012,0.0000
democratic_republic_of_the_congo,2013,0.0000
democratic_republic_of_the_congo,2014,0.0000
democratic_republic_of_the_congo,2015,0.0000
democratic_republic_of_the_congo,2016,0.0000
democratic_republic_of_the_congo,2017,0.0000
democratic_republic_of_the_congo,2018,0.0000
democratic_republic_of_the_congo,2019,0.0000
democratic_republic_of_the_congo,2020,0.0000
democratic_republic_of_the_congo,2021,0.0000
democratic_republic_of_the_congo,2022,0.0000
denmark,1962,0.0000
denmark,1963,0.0000
denmark,1964,0.0000
denmark,1965,0.0000
denmark,1966,0.0000
denmark,1967,0.0000
denmark,1968,0.0000
denmark,1969,0.0000
denmark,1970,0.0000
denmark,1971,0.0000
denmark,1972,0.0000
denmark,1973,0.0000
denmark,1974,0.0000
denmark,1975,0.0000
denmark,1976,0.0000
denmark,1977,0.0000
denmark,1978,0.0000
denmark,1979,0.0000
denmark,1980,0.0000
denmark,1981,0.0000
denmark,1982,0.0000
denmark,1983,0.0000
denmark,1984,0.0000
denmark,1985,0.0000
denmark,1986,0.0000
denmark,1987,0.0000
denmark,1988,0.0000
denmark,1989,0.0000
denmark,1990,0.0000
denmark,1991,0.0000
denmark,1992,0.0000
denmark,1993,0.0000
denmark,1994,0.0000
denmark,1995,0.0000
denmark,1996,0.0000
denmark,1997,0.0000
denmark,1998,0.0000
denmark,1999,0.0000
denmark,2000,0.0000
denmark,2001,0.0000
denmark,2002,0.0000
denmark,2003,0.0000
denmark,2004,0.0000
denmark,2005,0.0000
denmark,2006,0.0000
denmark,2007,0.0000
denmark,2008,0.0000
denmark,2009,0.0000
denmark,2010,0.0000
denmark,2011,0.0000
denmark,2012,0.0000
denmark,2013,0.0000
denmark,2014,0.0000
denmark,2015,0.0000
denmark,2016,0.0000
denmark,2017,0.0000
denmark,2018,0.0000
denmark,2019,0.0000
denmark,2020,0.0000
denmark,2021,0.0000
denmark,2022,0.0000
djibouti,1962,0.0000
djibouti,1963,0.0000
djibouti,1964,0.0000
djibouti,1965,0.0000
djibouti,1966,0.0000
djibouti,1967,0.0000
djibouti,1968,0.0000
djibouti,1969,0.0000
djibouti,1970,0.0000
djibouti,1971,0.0000
djibouti,1972,0.0000
djibouti,1973,0.0000
djibouti,1974,0.0000
djibouti,1975,0.0000
djibouti,1976,0.0000
djibouti,1977,0.0000
djibouti,1978,0.0000
djibouti,1979,0.0000
djibouti,1980,0.0000
djibouti,1981,0.0000
djibouti,1982,0.0000
djibouti,1983,0.0000
djibouti,1984,0.0000
djibouti,1985,0.0000
djibouti,1986,0.0000
djibouti,1987,0.0000
djibouti,1988,0.0000
djibouti,1989,0.0000
djibouti,1990,0.0000
djibouti,1991,0.0000
djibouti,1992,0.0000
djibouti,1993,0.0000
djibouti,1994,0.0000
djibouti,1995,0.0000
djibouti,1996,0.0000
djibouti,1997,0.0000
djibouti,1998,0.0000
djibouti,1999,0.0000
djibouti,2000,0.0000
djibouti,2001,0.0000
djibouti,2002,0.0000
djibouti,2003,0.0000
djibouti,2004,0.0000
djibouti,2005,0.0000
djibouti,2006,0.0000
djibouti,2007,0.0000
djibouti,2008,0.0000
djibouti,2009,0.0000
djibouti,2010,0.0000
djibouti,2011,0.0000
djibouti,2012,0.0000
djibouti,2013,0.0000
djibouti,2014,0.0000
djibouti,2015,0.0000
djibouti,2016,0.0000
djibouti,2017,0.0000
djibouti,2018,0.0000
djibouti,2019,0.0000
djibouti,2020,0.0000
djibouti,2021,0.0000
djibouti,2022,0.0000
dominica,1962,0.0000
dominica,1963,0.0000
dominica,1964,0.0000
dominica,1965,0.0000
dominica,1966,0.0000
dominica,1967,0.0000
dominica,1968,0.0000
dominica,1969,0.0000
dominica,1970,0.0000
dominica,1971,0.0000
dominica,1972,0.0000
dominica,1973,0.0000
dominica,1974,0.0000
dominica,1975,0.0000
dominica,1976,0.0000
dominica,1977,0.0000
dominica,1978,0.0000
dominica,1979,0.0000
dominica,1980,0.0000
dominica,1981,0.0000
dominica,1982,0.0000
dominica,1983,0.0000
dominica,1984,0.0000
dominica,1985,0.0000
dominica,1986,0.0000
dominica,1987,0.0000
dominica,1988,0.0000
dominica,1989,0.0000
dominica,1990,0.0000
dominica,1991,0.0000
dominica,1992,0.0000
dominica,1993,0.0000
dominica,1994,0.0000
dominica,1995,0.0000
dominica,1996,0.0000
dominica,1997,0.0000
dominica,1998,0.0000
dominica,1999,0.0000
dominica,2000,0.0000
dominica,2001,0.0000
dominica,2002,0.0000
dominica,2003,0.0000
dominica,2004,0.0000
dominica,2005,0.0000
dominica,2006,0.0000
dominica,2007,0.0000
dominica,2008,0.0000
dominica,2009,0.0000
dominica,2010,0.0000
dominica,2011,0.0000
dominica,2012,0.0000
dominica,2013,0.0000
dominica,2014,0.0000
dominica,2015,0.0000
dominica,2016,0.0000
dominica,2017,0.0000
dominica,2018,0.0000
dominica,2019,0.0000
dominica,2020,0.0000
dominica,2021,0.0000
dominica,2022,0.0000
dominican_republic,1961,0.0000
dominican_republic,1962,0.0000
dominican_republic,1963,0.0000
dominican_republic,1964,0.0000
dominican_republic,1965,0.0000
dominican_republic,1966,0.0000
dominican_republic,1967,0.0000
dominican_republic,1968,0.0000
dominican_republic,1969,0.0000
dominican_republic,1970,0.0000
dominican_republic,1971,0.0000
dominican_republic,1972,0.0000
dominican_republic,1973,0.0000
dominican_republic,1974,0.0000
dominican_republic,1975,0.0000
dominican_republic,1976,0.0000
dominican_republic,1977,0.0000
dominican_republic,1978,0.0000
dominican_republic,1979,0.0000
dominican_republic,1980,0.0000
dominican_republic,1981,0.0000
dominican_republic,1982,0.0000
dominican_republic,1983,0.0000
dominican_republic,1984,0.0000
dominican_republic,1985,0.0000
dominican_republic,1986,0.0000
dominican_republic,1987,0.0000
dominican_republic,1988,0.0000
dominican_republic,1989,0.0000
dominican_republic,1990,0.0000
dominican_republic,1991,0.0000
dominican_republic,1992,0.0000
dominican_republic,1993,0.0000
dominican_republic,1994,0.0000
dominican_republic,1995,0.0000
dominican_republic,1996,0.0000
dominican_republic,1997,0.0000
dominican_republic,1998,0.0000
dominican_republic,1999,0.0000
dominican_republic,2000,0.0000
dominican_republic,2001,0.0000
dominican_republic,2002,0.0000
dominican_republic,2003,0.0000
dominican_republic,2004,0.0000
dominican_republic,2005,0.0000
dominican_republic,2006,0.0000
dominican_republic,2007,0.0000
dominican_republic,2008,0.0000
dominican_republic,2009,0.0000
dominican_republic,2010,0.0000
dominican_republic,2011,0.0000
dominican_republic,2012,0.0000
dominican_republic,2013,0.0000
dominican_republic,2014,0.0000
dominican_republic,2015,0.0000
dominican_republic,2016,0.0000
dominican_republic,2017,0.0000
dominican_republic,2018,0.0000
dominican_republic,2019,0.0000
dominican_republic,2020,0.0000
dominican_republic,2021,0.0000
dominican_republic,2022,0.0000
ecuador,1961,0.0000
ecuador,1962,0.0000
ecuador,1963,0.0000
ecuador,1964,0.0000
ecuador,1965,0.0000
ecuador,1966,0.0000
ecuador,1967,0.0000
ecuador,1968,0.0000
ecuador,1969,0.0000
ecuador,1970,0.0000
ecuador,1971,0.0000
ecuador,1972,0.0000
ecuador,1973,0.0000
ecuador,1974,0.0000
ecuador,1975,0.0000
ecuador,1976,0.0000
ecuador,1977,0.0000
ecuador,1978,0.0000
ecuador,1979,0.0000
ecuador,1980,0.0000
ecuador,1981,0.0000
ecuador,1982,0.0000
ecuador,1983,0.0000
ecuador,1984,0.0000
ecuador,1985,0.0000
ecuador,1986,0.0000
ecuador,1987,0.0000
ecuador,1988,0.0000
ecuador,1989,0.0000
ecuador,1990,0.0000
ecuador,1991,0.0000
ecuador,1992,0.0000
ecuador,1993,0.0000
ecuador,1994,0.0000
ecuador,1995,0.0000
ecuador,1996,0.0000
ecuador,1997,0.0000
ecuador,1998,0.0000
ecuador,1999,0.0000
ecuador,2000,0.0000
ecuador,2001,0.0000
ecuador,2002,0.0000
ecuador,2003,0.0000
ecuador,2004,0.0000
ecuador,2005,0.0000
ecuador,2006,0.0000
ecuador,2007,0.0000
ecuador,2008,0.0000
ecuador,2009,0.0000
ecuador,2010,0.0000
ecuador,2011,0.0000
ecuador,2012,0.0000
ecuador,2013,0.0000
ecuador,2014,0.0000
ecuador,2015,0.0000
ecuador,2016,0.0000
ecuador,2017,0.0000
ecuador,2018,0.0000
ecuador,2019,0.0000
ecuador,2020,0.0000
ecuador,2021,0.0000
ecuador,2022,0.0000
egypt,1962,0.0000
egypt,1963,0.0000
egypt,1964,0.0000
egypt,1965,0.0000
egypt,1966,0.0000
egypt,1967,0.0000
egypt,1968,0.0000
egypt,1969,0.0000
egypt,1970,0.0000
egypt,1971,0.0000
egypt,1972,0.0000
egypt,1973,0.0000
egypt,1974,0.0000
egypt,1975,0.0000
egypt,1976,0.0000
egypt,1977,0.0000
egypt,1978,0.0000
egypt,1979,0.0000
egypt,1980,0.0000
egypt,1981,0.0000
egypt,1982,0.0000
egypt,1983,0.0000
egypt,1984,0.0000
egypt,1985,0.0000
egypt,1986,0.0000
egypt,1987,0.0000
egypt,1988,0.0000
egypt,1989,0.0000
egypt,1990,0.0000
egypt,1991,0.0000
egypt,1992,0.0000
egypt,1993,0.0000
egypt,1994,0.0000
egypt,1995,0.0000
egypt,1996,0.0000
egypt,1997,0.0000
egypt,1998,0.0000
egypt,1999,0.0000
egypt,2000,0.0000
egypt,2001,0.0000
egypt,2002,0.0000
egypt,2003,0.0000
egypt,2004,0.0000
egypt,2005,0.0000
egypt,2006,0.0000
egypt,2007,0.0000
egypt,2008,0.0000
egypt,2009,0.0000
egypt,2010,0.0000
egypt,2011,0.0000
egypt,2012,0.0000
egypt,2013,0.0000
egypt,2014,0.0000
egypt,2015,0.0000
egypt,2016,0.0000
egypt,2017,0.0000
egypt,2018,0.0000
egypt,2019,0.0000
egypt,2020,0.0000
egypt,2021,0.0000
egypt,2022,0.0000
el_salvador,1961,0.0000
el_salvador,1962,0.0000
el_salvador,1963,0.0000
el_salvador,1964,0.0000
el_salvador,1965,0.0000
el_salvador,1966,0.0000
el_salvador,1967,0.0000
el_salvador,1968,0.0000
el_salvador,1969,0.0000
el_salvador,1970,0.0000
el_salvador,1971,0.0000
el_salvador,1972,0.0000
el_salvador,1973,0.0000
el_salvador,1974,0.0000
el_salvador,1975,0.0000
el_salvador,1976,0.0000
el_salvador,1977,0.0000
el_salvador,1978,0.0000
el_salvador,1979,0.0000
el_salvador,1980,0.0000
el_salvador,1981,0.0000
el_salvador,1982,0.0000
el_salvador,1983,0.0000
el_salvador,1984,0.0000
el_salvador,1985,0.0000
el_salvador,1986,0.0000
el_salvador,1987,0.0000
el_salvador,1988,0.0000
el_salvador,1989,0.0000
el_salvador,1990,0.0000
el_salvador,1991,0.0000
el_salvador,1992,0.0000
el_salvador,1993,0.0000
el_salvador,1994,0.0000
el_salvador,1995,0.0000
el_salvador,1996,0.0000
el_salvador,1997,0.0000
el_salvador,1998,0.0000
el_salvador,1999,0.0000
el_salvador,2000,0.0000
el_salvador,2001,0.0000
el_salvador,2002,0.0000
el_salvador,2003,0.0000
el_salvador,2004,0.0000
el_salvador,2005,0.0000
el_salvador,2006,0.0000
el_salvador,2007,0.0000
el_salvador,2008,0.0000
el_salvador,2009,0.0000
el_salvador,2010,0.0000
el_salvador,2011,0.0000
el_salvador,2012,0.0000
el_salvador,2013,0.0000
el_salvador,2014,0.0000
el_salvador,2015,0.0000
el_salvador,2016,0.0000
el_salvador,2017,0.0000
el_salvador,2018,0.0000
el_salvador,2019,0.0000
el_salvador,2020,0.0000
el_salvador,2021,0.0000
el_salvador,2022,0.0000
equatorial_guinea,1962,0.0000
equatorial_guinea,1963,0.0000
equatorial_guinea,1964,0.0000
equatorial_guinea,1965,0.0000
equatorial_guinea,1966,0.0000
equatorial_guinea,1967,0.0000
equatorial_guinea,1968,0.0000
equatorial_guinea,1969,0.0000
equatorial_guinea,1970,0.0000
equatorial_guinea,1971,0.0000
equatorial_guinea,1972,0.0000
equatorial_guinea,1973,0.0000
equatorial_guinea,1974,0.0000
equatorial_guinea,1975,0.0000
equatorial_guinea,1976,0.0000
equatorial_guinea,1977,0.0000
equatorial_guinea,1978,0.0000
equatorial_guinea,1979,0.0000
equatorial_guinea,1980,0.0000
equatorial_guinea,1981,0.0000
equatorial_guinea,1982,0.0000
equatorial_guinea,1983,0.0000
equatorial_guinea,1984,0.0000
equatorial_guinea,1985,0.0000
equatorial_guinea,1986,0.0000
equatorial_guinea,1987,0.0000
equatorial_guinea,1988,0.0000
equatorial_guinea,1989,0.0000
equatorial_guinea,1990,0.0000
equatorial_guinea,1991,0.0000
equatorial_guinea,1992,0.0000
equatorial_guinea,1993,0.0000
equatorial_guinea,1994,0.0000
equatorial_guinea,1995,0.0000
equatorial_guinea,1996,0.0000
equatorial_guinea,1997,0.0000
equatorial_guinea,1998,0.0000
equatorial_guinea,1999,0.0000
equatorial_guinea,2000,0.0000
equatorial_guinea,2001,0.0000
equatorial_guinea,2002,0.0000
equatorial_guinea,2003,0.0000
equatorial_guinea,2004,0.0000
equatorial_guinea,2005,0.0000
equatorial_guinea,2006,0.0000
equatorial_guinea,2007,0.0000
equatorial_guinea,2008,0.0000
equatorial_guinea,2009,0.0000
equatorial_guinea,2010,0.0000
equatorial_guinea,2011,0.0000
equatorial_guinea,2012,0.0000
equatorial_guinea,2013,0.0000
equatorial_guinea,2014,0.0000
equatorial_guinea,2015,0.0000
equatorial_guinea,2016,0.0000
equatorial_guinea,2017,0.0000
equatorial_guinea,2018,0.0000
equatorial_guinea,2019,0.0000
equatorial_guinea,2020,0.0000
equatorial_guinea,2021,0.0000
equatorial_guinea,2022,0.0000
eritrea,1997,0.0000
eritrea,1998,0.0000
eritrea,1999,0.0000
eritrea,2000,0.0000
eritrea,2001,0.0000
eritrea,2002,0.0000
eritrea,2003,0.0000
eritrea,2004,0.0000
eritrea,2005,0.0000
eritrea,2006,0.0000
eritrea,2007,0.0000
eritrea,2008,0.0000
eritrea,2009,0.0000
eritrea,2010,0.0000
eritrea,2011,0.0000
eritrea,2012,0.0000
eritrea,2013,0.0000
eritrea,2014,0.0000
eritrea,2015,0.0000
eritrea,2016,0.0000
eritrea,2017,0.0000
eritrea,2018,0.0000
eritrea,2019,0.0000
eritrea,2020,0.0000
eritrea,2021,0.0000
eritrea,2022,0.0000
estonia,1992,0.0000
estonia,1993,0.0000
estonia,1994,0.0000
estonia,1995,0.0000
estonia,1996,0.0000
estonia,1997,0.0000
estonia,1998,0.0000
estonia,1999,0.0000
estonia,2000,0.0000
estonia,2001,0.0000
estonia,2002,0.0000
estonia,2003,0.0000
estonia,2004,0.0000
estonia,2005,0.0000
estonia,2006,0.0000
estonia,2007,0.0000
estonia,2008,0.0000
estonia,2009,0.0000
estonia,2010,0.0000
estonia,2011,0.0000
estonia,2012,0.0000
estonia,2013,0.0000
estonia,2014,0.0000
estonia,2015,0.0000
estonia,2016,0.0000
estonia,2017,0.0000
estonia,2018,0.0000
estonia,2019,0.0000
estonia,2020,0.0000
estonia,2021,0.0000
estonia,2022,0.0000
eswatini,1962,0.0000
eswatini,1963,0.0000
eswatini,1964,0.0000
eswatini,1965,0.0000
eswatini,1966,0.0000
eswatini,1967,0.0000
eswatini,1968,0.0000
eswatini,1969,0.0000
eswatini,1970,0.0000
eswatini,1971,0.0000
eswatini,1972,0.0000
eswatini,1973,0.0000
eswatini,1974,0.0000
eswatini,1975,0.0000
eswatini,1976,0.0000
eswatini,1977,0.0000
eswatini,1978,0.0000
eswatini,1979,0.0000
eswatini,1980,0.0000
eswatini,1981,0.0000
eswatini,1982,0.0000
eswatini,1983,0.0000
eswatini,1984,0.0000
eswatini,1985,0.0000
eswatini,1986,0.0000
eswatini,1987,0.0000
eswatini,1988,0.0000
eswatini,1989,0.0000
eswatini,1990,0.0000
eswatini,1991,0.0000
eswatini,1992,0.0000
eswatini,1993,0.0000
eswatini,1994,0.0000
eswatini,1995,0.0000
eswatini,1996,0.0000
eswatini,1997,0.0000
eswatini,1998,0.0000
eswatini,1999,0.0000
eswatini,2000,0.0000
eswatini,2001,0.0000
eswatini,2002,0.0000
eswatini,2003,0.0000
eswatini,2004,0.0000
eswatini,2005,0.0000
eswatini,2006,0.0000
eswatini,2007,0.0000
eswatini,2008,0.0000
eswatini,2009,0.0000
eswatini,2010,0.0000
eswatini,2011,0.0000
eswatini,2012,0.0000
eswatini,2013,0.0000
eswatini,2014,0.0000
eswatini,2015,0.0000
eswatini,2016,0.0000
eswatini,2017,0.0000
eswatini,2018,0.0000
eswatini,2019,0.0000
eswatini,2020,0.0000
eswatini,2021,0.0000
eswatini,2022,0.0000
faroe_islands,1962,0.0000
faroe_islands,1963,0.0000
faroe_islands,1964,0.0000
faroe_islands,1965,0.0000
faroe_islands,1966,0.0000
faroe_islands,1967,0.0000
faroe_islands,1968,0.0000
faroe_islands,1969,0.0000
faroe_islands,1970,0.0000
faroe_islands,1971,0.0000
faroe_islands,1972,0.0000
faroe_islands,1973,0.0000
faroe_islands,1974,0.0000
faroe_islands,1975,0.0000
faroe_islands,1976,0.0000
faroe_islands,1977,0.0000
faroe_islands,1978,0.0000
faroe_islands,1979,0.0000
faroe_islands,1980,0.0000
faroe_islands,1981,0.0000
faroe_islands,1982,0.0000
faroe_islands,1983,0.0000
faroe_islands,1984,0.0000
faroe_islands,1985,0.0000
faroe_islands,1986,0.0000
faroe_islands,1987,0.0000
faroe_islands,1988,0.0000
faroe_islands,1989,0.0000
faroe_islands,1990,0.0000
faroe_islands,1991,0.0000
faroe_islands,1992,0.0000
faroe_islands,1993,0.0000
faroe_islands,1994,0.0000
faroe_islands,1995,0.0000
faroe_islands,1996,0.0000
faroe_islands,1997,0.0000
faroe_islands,1998,0.0000
faroe_islands,1999,0.0000
faroe_islands,2000,0.0000
faroe_islands,2001,0.0000
faroe_islands,2002,0.0000
faroe_islands,2003,0.0000
faroe_islands,2004,0.0000
faroe_islands,2005,0.0000
faroe_islands,2006,0.0000
faroe_islands,2007,0.0000
faroe_islands,2008,0.0000
faroe_islands,2009,0.0000
faroe_islands,2010,0.0000
faroe_islands,2011,0.0000
faroe_islands,2012,0.0000
faroe_islands,2013,0.0000
faroe_islands,2014,0.0000
faroe_islands,2015,0.0000
faroe_islands,2016,0.0000
faroe_islands,2017,0.0000
faroe_islands,2018,0.0000
faroe_islands,2019,0.0000
faroe_islands,2020,0.0000
faroe_islands,2021,0.0000
faroe_islands,2022,0.0000
fiji,1961,0.0000
fiji,1962,0.0000
fiji,1963,0.0000
fiji,1964,0.0000
fiji,1965,0.0000
fiji,1966,0.0000
fiji,1967,0.0000
fiji,1968,0.0000
fiji,1969,0.0000
fiji,1970,0.0000
fiji,1971,0.0000
fiji,1972,0.0000
fiji,1973,0.0000
fiji,1974,0.0000
fiji,1975,0.0000
fiji,1976,0.0000
fiji,1977,0.0000
fiji,1978,0.0000
fiji,1979,0.0000
fiji,1980,0.0000
fiji,1981,0.0000
fiji,1982,0.0000
fiji,1983,0.0000
fiji,1984,0.0000
fiji,1985,0.0000
fiji,1986,0.0000
fiji,1987,0.0000
fiji,1988,0.0000
fiji,1989,0.0000
fiji,1990,0.0000
fiji,1991,0.0000
fiji,1992,0.0000
fiji,1993,0.0000
fiji,1994,0.0000
fiji,1995,0.0000
fiji,1996,0.0000
fiji,1997,0.0000
fiji,1998,0.0000
fiji,1999,0.0000
fiji,2000,0.0000
fiji,2001,0.0000
fiji,2002,0.0000
fiji,2003,0.0000
fiji,2004,0.0000
fiji,2005,0.0000
fiji,2006,0.0000
fiji,2007,0.0000
fiji,2008,0.0000
fiji,2009,0.0000
fiji,2010,0.0000
fiji,2011,0.0000
fiji,2012,0.0000
fiji,2013,0.0000
fiji,2014,0.0000
fiji,2015,0.0000
fiji,2016,0.0000
fiji,2017,0.0000
fiji,2018,0.0000
fiji,2019,0.0000
fiji,2020,0.0000
fiji,2021,0.0000
fiji,2022,0.0000
finland,1962,0.0000
finland,1963,0.0000
finland,1964,0.0000
finland,1965,0.0000
finland,1966,0.0000
finland,1967,0.0000
finland,1968,0.0000
finland,1969,0.0000
finland,1970,0.0000
finland,1971,0.0000
finland,1972,0.0000
finland,1973,0.0000
finland,1974,0.0000
finland,1975,0.0000
finland,1976,0.0000
finland,1977,0.0000
finland,1978,0.0000
finland,1979,0.0000
finland,1980,0.0000
finland,1981,0.0000
finland,1982,0.0000
finland,1983,0.0000
finland,1984,0.0000
finland,1985,0.0000
finland,1986,0.0000
finland,1987,0.0000
finland,1988,0.0000
finland,1989,0.0000
finland,1990,0.0000
finland,1991,0.0000
finland,1992,0.0000
finland,1993,0.0000
finland,1994,0.0000
finland,1995,0.0000
finland,1996,0.0000
finland,1997,0.0000
finland,1998,0.0000
finland,1999,0.0000
finland,2000,0.0000
finland,2001,0.0000
finland,2002,0.0000
finland,2003,0.0000
finland,2004,0.0000
finland,2005,0.0000
finland,2006,0.0000
finland,2007,0.0000
finland,2008,0.0000
finland,2009,0.0000
finland,2010,0.0000
finland,2011,0.0000
finland,2012,0.0000
finland,2013,0.0000
finland,2014,0.0000
finland,2015,0.0000
finland,2016,0.0000
finland,2017,0.0000
finland,2018,0.0000
finland,2019,0.0000
finland,2020,0.0000
finland,2021,0.0000
finland,2022,0.0000
france,1962,0.0000
france,1963,0.0000
france,1964,0.0000
france,1965,0.0000
france,1966,0.0000
france,1967,0.0000
france,1968,0.0000
france,1969,0.0000
france,1970,0.0000
france,1971,0.0000
france,1972,0.0000
france,1973,0.0000
france,1974,0.0000
france,1975,0.0000
france,1976,0.0000
france,1977,0.0000
france,1978,0.0000
france,1979,0.0000
france,1980,0.0000
france,1981,0.0000
france,1982,0.0000
france,1983,0.0000
france,1984,0.0000
france,1985,0.0000
france,1986,0.0000
france,1987,0.0000
france,1988,0.0000
france,1989,0.0000
france,1990,0.0000
france,1991,0.0000
france,1992,0.0000
france,1993,0.0000
france,1994,0.0000
france,1995,0.0000
france,1996,0.0000
france,1997,0.0000
france,1998,0.0000
france,1999,0.0000
france,2000,0.0000
france,2001,0.0000
france,2002,0.0000
france,2003,0.0000
france,2004,0.0000
france,2005,0.0000
france,2006,0.0000
france,2007,0.0000
france,2008,0.0000
france,2009,0.0000
france,2010,0.0000
france,2011,0.0000
france,2012,0.0000
france,2013,0.0000
france,2014,0.0000
france,2015,0.0000
france,2016,0.0000
france,2017,0.0000
france,2018,0.0000
france,2019,0.0000
france,2020,0.0000
france,2021,0.0000
france,2022,0.0000
gabon,1962,0.0000
gabon,1963,0.0000
gabon,1964,0.0000
gabon,1965,0.0000
gabon,1966,0.0000
gabon,1967,0.0000
gabon,1968,0.0000
gabon,1969,0.0000
gabon,1970,0.0000
gabon,1971,0.0000
gabon,1972,0.0000
gabon,1973,0.0000
gabon,1974,0.0000
gabon,1975,0.0000
gabon,1976,0.0000
gabon,1977,0.0000
gabon,1978,0.0000
gabon,1979,0.0000
gabon,1980,0.0000
gabon,1981,0.0000
gabon,1982,0.0000
gabon,1983,0.0000
gabon,1984,0.0000
gabon,1985,0.0000
gabon,1986,0.0000
gabon,1987,0.0000
gabon,1988,0.0000
gabon,1989,0.0000
gabon,1990,0.0000
gabon,1991,0.0000
gabon,1992,0.0000
gabon,1993,0.0000
gabon,1994,0.0000
gabon,1995,0.0000
gabon,1996,0.0000
gabon,1997,0.0000
gabon,1998,0.0000
gabon,1999,0.0000
gabon,2000,0.0000
gabon,2001,0.0000
gabon,2002,0.0000
gabon,2003,0.0000
gabon,2004,0.0000
gabon,2005,0.0000
gabon,2006,0.0000
gabon,2007,0.0000
gabon,2008,0.0000
gabon,2009,0.0000
gabon,2010,0.0000
gabon,2011,0.0000
gabon,2012,0.0000
gabon,2013,0.0000
gabon,2014,0.0000
gabon,2015,0.0000
gabon,2016,0.0000
gabon,2017,0.0000
gabon,2018,0.0000
gabon,2019,0.0000
gabon,2020,0.0000
gabon,2021,0.0000
gabon,2022,0.0000
gambia,1962,0.0000
gambia,1963,0.0000
gambia,1964,0.0000
gambia,1965,0.0000
gambia,1966,0.0000
gambia,1967,0.0000
gambia,1968,0.0000
gambia,1969,0.0000
gambia,1970,0.0000
gambia,1971,0.0000
gambia,1972,0.0000
gambia,1973,0.0000
gambia,1974,0.0000
gambia,1975,0.0000
gambia,1976,0.0000
gambia,1977,0.0000
gambia,1978,0.0000
gambia,1979,0.0000
gambia,1980,0.0000
gambia,1981,0.0000
gambia,1982,0.0000
gambia,1983,0.0000
gambia,1984,0.0000
gambia,1985,0.0000
gambia,1986,0.0000
gambia,1987,0.0000
gambia,1988,0.0000
gambia,1989,0.0000
gambia,1990,0.0000
gambia,1991,0.0000
gambia,1992,0.0000
gambia,1993,0.0000
gambia,1994,0.0000
gambia,1995,0.0000
gambia,1996,0.0000
gambia,1997,0.0000
gambia,1998,0.0000
gambia,1999,0.0000
gambia,2000,0.0000
gambia,2001,0.0000
gambia,2002,0.0000
gambia,2003,0.0000
gambia,2004,0.0000
gambia,2005,0.0000
gambia,2006,0.0000
gambia,2007,0.0000
gambia,2008,0.0000
gambia,2009,0.0000
gambia,2010,0.0000
gambia,2011,0.0000
gambia,2012,0.0000
gambia,2013,0.0000
gambia,2014,0.0000
gambia,2015,0.0000
gambia,2016,0.0000
gambia,2017,0.0000
gambia,2018,0.0000
gambia,2019,0.0000
gambia,2020,0.0000
gambia,2021,0.0000
gambia,2022,0.0000
georgia,1992,0.0000
georgia,1993,0.0000
georgia,1994,0.0000
georgia,1995,0.0000
georgia,1996,0.0000
georgia,1997,0.0000
georgia,1998,0.0000
georgia,1999,0.0000
georgia,2000,0.0000
georgia,2001,0.0000
georgia,2002,0.0000
georgia,2003,0.0000
georgia,2004,0.0000
georgia,2005,0.0000
georgia,2006,0.0000
georgia,2007,0.0000
georgia,2008,0.0000
georgia,2009,0.0000
georgia,2010,0.0000
georgia,2011,0.0000
georgia,2012,0.0000
georgia,2013,0.0000
georgia,2014,0.0000
georgia,2015,0.0000
georgia,2016,0.0000
georgia,2017,0.0000
georgia,2018,0.0000
georgia,2019,0.0000
georgia,2020,0.0000
georgia,2021,0.0000
georgia,2022,0.0000
germany,1962,0.0000
germany,1963,0.0000
germany,1964,0.0000
germany,1965,0.0000
germany,1966,0.0000
germany,1967,0.0000
germany,1968,0.0000
germany,1969,0.0000
germany,1970,0.0000
germany,1971,0.0000
germany,1972,0.0000
germany,1973,0.0000
germany,1974,0.0000
germany,1975,0.0000
germany,1976,0.0000
germany,1977,0.0000
germany,1978,0.0000
germany,1979,0.0000
germany,1980,0.0000
germany,1981,0.0000
germany,1982,0.0000
germany,1983,0.0000
germany,1984,0.0000
germany,1985,0.0000
germany,1986,0.0000
germany,1987,0.0000
germany,1988,0.0000
germany,1989,0.0000
germany,1990,0.0000
germany,1991,0.0000
germany,1992,0.0000
germany,1993,0.0000
germany,1994,0.0000
germany,1995,0.0000
germany,1996,0.0000
germany,1997,0.0000
germany,1998,0.0000
germany,1999,0.0000
germany,2000,0.0000
germany,2001,0.0000
germany,2002,0.0000
germany,2003,0.0000
germany,2004,0.0000
germany,2005,0.0000
germany,2006,0.0000
germany,2007,0.0000
germany,2008,0.0000
germany,2009,0.0000
germany,2010,0.0000
germany,2011,0.0000
germany,2012,0.0000
germany,2013,0.0000
germany,2014,0.0000
germany,2015,0.0000
germany,2016,0.0000
germany,2017,0.0000
germany,2018,0.0000
germany,2019,0.0000
germany,2020,0.0000
germany,2021,0.0000
germany,2022,0.0000
ghana,1962,0.0000
ghana,1963,0.0000
ghana,1964,0.0000
ghana,1965,0.0000
ghana,1966,0.0000
ghana,1967,0.0000
ghana,1968,0.0000
ghana,1969,0.0000
ghana,1970,0.0000
ghana,1971,0.0000
ghana,1972,0.0000
ghana,1973,0.0000
ghana,1974,0.0000
ghana,1975,0.0000
ghana,1976,0.0000
ghana,1977,0.0000
ghana,1978,0.0000
ghana,1979,0.0000
ghana,1980,0.0000
ghana,1981,0.0000
ghana,1982,0.0000
ghana,1983,0.0000
ghana,1984,0.0000
ghana,1985,0.0000
ghana,1986,0.0000
ghana,1987,0.0000
ghana,1988,0.0000
ghana,1989,0.0000
ghana,1990,0.0000
ghana,1991,0.0000
ghana,1992,0.0000
ghana,1993,0.0000
ghana,1994,0.0000
ghana,1995,0.0000
ghana,1996,0.0000
ghana,1997,0.0000
ghana,1998,0.0000
ghana,1999,0.0000
ghana,2000,0.0000
ghana,2001,0.0000
ghana,2002,0.0000
ghana,2003,0.0000
ghana,2004,0.0000
ghana,2005,0.0000
ghana,2006,0.0000
ghana,2007,0.0000
ghana,2008,0.0000
ghana,2009,0.0000
ghana,2010,0.0000
ghana,2011,0.0000
ghana,2012,0.0000
ghana,2013,0.0000
ghana,2014,0.0000
ghana,2015,0.0000
ghana,2016,0.0000
ghana,2017,0.0000
ghana,2018,0.0000
ghana,2019,0.0000
ghana,2020,0.0000
ghana,2021,0.0000
ghana,2022,0.0000
greece,1962,0.0000
greece,1963,0.0000
greece,1964,0.0000
greece,1965,0.0000
greece,1966,0.0000
greece,1967,0.0000
greece,1968,0.0000
greece,1969,0.0000
greece,1970,0.0000
greece,1971,0.0000
greece,1972,0.0000
greece,1973,0.0000
greece,1974,0.0000
greece,1975,0.0000
greece,1976,0.0000
greece,1977,0.0000
greece,1978,0.0000
greece,1979,0.0000
greece,1980,0.0000
greece,1981,0.0000
greece,1982,0.0000
greece,1983,0.0000
greece,1984,0.0000
greece,1985,0.0000
greece,1986,0.0000
greece,1987,0.0000
greece,1988,0.0000
greece,1989,0.0000
greece,1990,0.0000
greece,1991,0.0000
greece,1992,0.0000
greece,1993,0.0000
greece,1994,0.0000
greece,1995,0.0000
greece,1996,0.0000
greece,1997,0.0000
greece,1998,0.0000
greece,1999,0.0000
greece,2000,0.0000
greece,2001,0.0000
greece,2002,0.0000
greece,2003,0.0000
greece,2004,0.0000
greece,2005,0.0000
greece,2006,0.0000
greece,2007,0.0000
greece,2008,0.0000
greece,2009,0.0000
greece,2010,0.0000
greece,2011,0.0000
greece,2012,0.0000
greece,2013,0.0000
greece,2014,0.0000
greece,2015,0.0000
greece,2016,0.0000
greece,2017,0.0000
greece,2018,0.0000
greece,2019,0.0000
greece,2020,0.0000
greece,2021,0.0000
greece,2022,0.0000
grenada,1962,0.0000
grenada,1963,0.0000
grenada,1964,0.0000
grenada,1965,0.0000
grenada,1966,0.0000
grenada,1967,0.0000
grenada,1968,0.0000
grenada,1969,0.0000
grenada,1970,0.0000
grenada,1971,0.0000
grenada,1972,0.0000
grenada,1973,0.0000
grenada,1974,0.0000
grenada,1975,0.0000
grenada,1976,0.0000
grenada,1977,0.0000
grenada,1978,0.0000
grenada,1979,0.0000
grenada,1980,0.0000
grenada,1981,0.0000
grenada,1982,0.0000
grenada,1983,0.0000
grenada,1984,0.0000
grenada,1985,0.0000
grenada,1986,0.0000
grenada,1987,0.0000
grenada,1988,0.0000
grenada,1989,0.0000
grenada,1990,0.0000
grenada,1991,0.0000
grenada,1992,0.0000
grenada,1993,0.0000
grenada,1994,0.0000
grenada,1995,0.0000
grenada,1996,0.0000
grenada,1997,0.0000
grenada,1998,0.0000
grenada,1999,0.0000
grenada,2000,0.0000
grenada,2001,0.0000
grenada,2002,0.0000
grenada,2003,0.0000
grenada,2004,0.0000
grenada,2005,0.0000
grenada,2006,0.0000
grenada,2007,0.0000
grenada,2008,0.0000
grenada,2009,0.0000
grenada,2010,0.0000
grenada,2011,0.0000
grenada,2012,0.0000
grenada,2013,0.0000
grenada,2014,0.0000
grenada,2015,0.0000
grenada,2016,0.0000
grenada,2017,0.0000
grenada,2018,0.0000
grenada,2019,0.0000
grenada,2020,0.0000
grenada,2021,0.0000
grenada,2022,0.0000
guatemala,1961,0.0000
guatemala,1962,0.0000
guatemala,1963,0.0000
guatemala,1964,0.0000
guatemala,1965,0.0000
guatemala,1966,0.0000
guatemala,1967,0.0000
guatemala,1968,0.0000
guatemala,1969,0.0000
guatemala,1970,0.0000
guatemala,1971,0.0000
guatemala,1972,0.0000
guatemala,1973,0.0000
guatemala,1974,0.0000
guatemala,1975,0.0000
guatemala,1976,0.0000
guatemala,1977,0.0000
guatemala,1978,0.0000
guatemala,1979,0.0000
guatemala,1980,0.0000
guatemala,1981,0.0000
guatemala,1982,0.0000
guatemala,1983,0.0000
guatemala,1984,0.0000
guatemala,1985,0.0000
guatemala,1986,0.0000
guatemala,1987,0.0000
guatemala,1988,0.0000
guatemala,1989,0.0000
guatemala,1990,0.0000
guatemala,1991,0.0000
guatemala,1992,0.0000
guatemala,1993,0.0000
guatemala,1994,0.0000
guatemala,1995,0.0000
guatemala,1996,0.0000
guatemala,1997,0.0000
guatemala,1998,0.0000
guatemala,1999,0.0000
guatemala,2000,0.0000
guatemala,2001,0.0000
guatemala,2002,0.0000
guatemala,2003,0.0000
guatemala,2004,0.0000
guatemala,2005,0.0000
guatemala,2006,0.0000
guatemala,2007,0.0000
guatemala,2008,0.0000
guatemala,2009,0.0000
guatemala,2010,0.0000
guatemala,2011,0.0000
guatemala,2012,0.0000
guatemala,2013,0.0000
guatemala,2014,0.0000
guatemala,2015,0.0000
guatemala,2016,0.0000
guatemala,2017,0.0000
guatemala,2018,0.0000
guatemala,2019,0.0000
guatemala,2020,0.0000
guatemala,2021,0.0000
guatemala,2022,0.0000
guinea,1962,0.0000
guinea,1963,0.0000
guinea,1964,0.0000
guinea,1965,0.0000
guinea,1966,0.0000
guinea,1967,0.0000
guinea,1968,0.0000
guinea,1969,0.0000
guinea,1970,0.0000
guinea,1971,0.0000
guinea,1972,0.0000
guinea,1973,0.0000
guinea,1974,0.0000
guinea,1975,0.0000
guinea,1976,0.0000
guinea,1977,0.0000
guinea,1978,0.0000
guinea,1979,0.0000
guinea,1980,0.0000
guinea,1981,0.0000
guinea,1982,0.0000
guinea,1983,0.0000
guinea,1984,0.0000
guinea,1985,0.0000
guinea,1986,0.0000
guinea,1987,0.0000
guinea,1988,0.0000
guinea,1989,0.0000
guinea,1990,0.0000
guinea,1991,0.0000
guinea,1992,0.0000
guinea,1993,0.0000
guinea,1994,0.0000
guinea,1995,0.0000
guinea,1996,0.0000
guinea,1997,0.0000
guinea,1998,0.0000
guinea,1999,0.0000
guinea,2000,0.0000
guinea,2001,0.0000
guinea,2002,0.0000
guinea,2003,0.0000
guinea,2004,0.0000
guinea,2005,0.0000
guinea,2006,0.0000
guinea,2007,0.0000
guinea,2008,0.0000
guinea,2009,0.0000
guinea,2010,0.0000
guinea,2011,0.0000
guinea,2012,0.0000
guinea,2013,0.0000
guinea,2014,0.0000
guinea,2015,0.0000
guinea,2016,0.0000
guinea,2017,0.0000
guinea,2018,0.0000
guinea,2019,0.0000
guinea,2020,0.0000
guinea,2021,0.0000
guinea,2022,0.0000
guinea_bissau,1962,0.0000
guinea_bissau,1963,0.0000
guinea_bissau,1964,0.0000
guinea_bissau,1965,0.0000
guinea_bissau,1966,0.0000
guinea_bissau,1967,0.0000
guinea_bissau,1968,0.0000
guinea_bissau,1969,0.0000
guinea_bissau,1970,0.0000
guinea_bissau,1971,0.0000
guinea_bissau,1972,0.0000
guinea_bissau,1973,0.0000
guinea_bissau,1974,0.0000
guinea_bissau,1975,0.0000
guinea_bissau,1976,0.0000
guinea_bissau,1977,0.0000
guinea_bissau,1978,0.0000
guinea_bissau,1979,0.0000
guinea_bissau,1980,0.0000
guinea_bissau,1981,0.0000
guinea_bissau,1982,0.0000
guinea_bissau,1983,0.0000
guinea_bissau,1984,0.0000
guinea_bissau,1985,0.0000
guinea_bissau,1986,0.0000
guinea_bissau,1987,0.0000
guinea_bissau,1988,0.0000
guinea_bissau,1989,0.0000
guinea_bissau,1990,0.0000
guinea_bissau,1991,0.0000
guinea_bissau,1992,0.0000
guinea_bissau,1993,0.0000
guinea_bissau,1994,0.0000
guinea_bissau,1995,0.0000
guinea_bissau,1996,0.0000
guinea_bissau,1997,0.0000
guinea_bissau,1998,0.0000
guinea_bissau,1999,0.0000
guinea_bissau,2000,0.0000
guinea_bissau,2001,0.0000
guinea_bissau,2002,0.0000
guinea_bissau,2003,0.0000
guinea_bissau,2004,0.0000
guinea_bissau,2005,0.0000
guinea_bissau,2006,0.0000
guinea_bissau,2007,0.0000
guinea_bissau,2008,0.0000
guinea_bissau,2009,0.0000
guinea_bissau,2010,0.0000
guinea_bissau,2011,0.0000
guinea_bissau,2012,0.0000
guinea_bissau,2013,0.0000
guinea_bissau,2014,0.0000
guinea_bissau,2015,0.0000
guinea_bissau,2016,0.0000
guinea_bissau,2017,0.0000
guinea_bissau,2018,0.0000
guinea_bissau,2019,0.0000
guinea_bissau,2020,0.0000
guinea_bissau,2021,0.0000
guinea_bissau,2022,0.0000
guyana,1961,0.0000
guyana,1962,0.0000
guyana,1963,0.0000
guyana,1964,0.0000
guyana,1965,0.0000
guyana,1966,0.0000
guyana,1967,0.0000
guyana,1968,0.0000
guyana,1969,0.0000
guyana,1970,0.0000
guyana,1971,0.0000
guyana,1972,0.0000
guyana,1973,0.0000
guyana,1974,0.0000
guyana,1975,0.0000
guyana,1976,0.0000
guyana,1977,0.0000
guyana,1978,0.0000
guyana,1979,0.0000
guyana,1980,0.0000
guyana,1981,0.0000
guyana,1982,0.0000
guyana,1983,0.0000
guyana,1984,0.0000
guyana,1985,0.0000
guyana,1986,0.0000
guyana,1987,0.0000
guyana,1988,0.0000
guyana,1989,0.0000
guyana,1990,0.0000
guyana,1991,0.0000
guyana,1992,0.0000
guyana,1993,0.0000
guyana,1994,0.0000
guyana,1995,0.0000
guyana,1996,0.0000
guyana,1997,0.0000
guyana,1998,0.0000
guyana,1999,0.0000
guyana,2000,0.0000
guyana,2001,0.0000
guyana,2002,0.0000
guyana,2003,0.0000
guyana,2004,0.0000
guyana,2005,0.0000
guyana,2006,0.0000
guyana,2007,0.0000
guyana,2008,0.0000
guyana,2009,0.0000
guyana,2010,0.0000
guyana,2011,0.0000
guyana,2012,0.0000
guyana,2013,0.0000
guyana,2014,0.0000
guyana,2015,0.0000
guyana,2016,0.0000
guyana,2017,0.0000
guyana,2018,0.0000
guyana,2019,0.0000
guyana,2020,0.0000
guyana,2021,0.0000
guyana,2022,0.0000
haiti,1961,0.0000
haiti,1962,0.0000
haiti,1963,0.0000
haiti,1964,0.0000
haiti,1965,0.0000
haiti,1966,0.0000
haiti,1967,0.0000
haiti,1968,0.0000
haiti,1969,0.0000
haiti,1970,0.0000
haiti,1971,0.0000
haiti,1972,0.0000
haiti,1973,0.0000
haiti,1974,0.0000
haiti,1975,0.0000
haiti,1976,0.0000
haiti,1977,0.0000
haiti,1978,0.0000
haiti,1979,0.0000
haiti,1980,0.0000
haiti,1981,0.0000
haiti,1982,0.0000
haiti,1983,0.0000
haiti,1984,0.0000
haiti,1985,0.0000
haiti,1986,0.0000
haiti,1987,0.0000
haiti,1988,0.0000
haiti,1989,0.0000
haiti,1990,0.0000
haiti,1991,0.0000
haiti,1992,0.0000
haiti,1993,0.0000
haiti,1994,0.0000
haiti,1995,0.0000
haiti,1996,0.0000
haiti,1997,0.0000
haiti,1998,0.0000
haiti,1999,0.0000
haiti,2000,0.0000
haiti,2001,0.0000
haiti,2002,0.0000
haiti,2003,0.0000
haiti,2004,0.0000
haiti,2005,0.0000
haiti,2006,0.0000
haiti,2007,0.0000
haiti,2008,0.0000
haiti,2009,0.0000
haiti,2010,0.0000
haiti,2011,0.0000
haiti,2012,0.0000
haiti,2013,0.0000
haiti,2014,0.0000
haiti,2015,0.0000
haiti,2016,0.0000
haiti,2017,0.0000
haiti,2018,0.0000
haiti,2019,0.0000
haiti,2020,0.0000
haiti,2021,0.0000
haiti,2022,0.0000
honduras,1961,0.0000
honduras,1962,0.0000
honduras,1963,0.0000
honduras,1964,0.0000
honduras,1965,0.0000
honduras,1966,0.0000
honduras,1967,0.0000
honduras,1968,0.0000
honduras,1969,0.0000
honduras,1970,0.0000
honduras,1971,0.0000
honduras,1972,0.0000
honduras,1973,0.0000
honduras,1974,0.0000
honduras,1975,0.0000
honduras,1976,0.0000
honduras,1977,0.0000
honduras,1978,0.0000
honduras,1979,0.0000
honduras,1980,0.0000
honduras,1981,0.0000
honduras,1982,0.0000
honduras,1983,0.0000
honduras,1984,0.0000
honduras,1985,0.0000
honduras,1986,0.0000
honduras,1987,0.0000
honduras,1988,0.0000
honduras,1989,0.0000
honduras,1990,0.0000
honduras,1991,0.0000
honduras,1992,0.0000
honduras,1993,0.0000
honduras,1994,0.0000
honduras,1995,0.0000
honduras,1996,0.0000
honduras,1997,0.0000
honduras,1998,0.0000
honduras,1999,0.0000
honduras,2000,0.0000
honduras,2001,0.0000
honduras,2002,0.0000
honduras,2003,0.0000
honduras,2004,0.0000
honduras,2005,0.0000
honduras,2006,0.0000
honduras,2007,0.0000
honduras,2008,0.0000
honduras,2009,0.0000
honduras,2010,0.0000
honduras,2011,0.0000
honduras,2012,0.0000
honduras,2013,0.0000
honduras,2014,0.0000
honduras,2015,0.0000
honduras,2016,0.0000
honduras,2017,0.0000
honduras,2018,0.0000
honduras,2019,0.0000
honduras,2020,0.0000
honduras,2021,0.0000
honduras,2022,0.0000
hungary,1962,0.0000
hungary,1963,0.0000
hungary,1964,0.0000
hungary,1965,0.0000
hungary,1966,0.0000
hungary,1967,0.0000
hungary,1968,0.0000
hungary,1969,0.0000
hungary,1970,0.0000
hungary,1971,0.0000
hungary,1972,0.0000
hungary,1973,0.0000
hungary,1974,0.0000
hungary,1975,0.0000
hungary,1976,0.0000
hungary,1977,0.0000
hungary,1978,0.0000
hungary,1979,0.0000
hungary,1980,0.0000
hungary,1981,0.0000
hungary,1982,0.0000
hungary,1983,0.0000
hungary,1984,0.0000
hungary,1985,0.0000
hungary,1986,0.0000
hungary,1987,0.0000
hungary,1988,0.0000
hungary,1989,0.0000
hungary,1990,0.0000
hungary,1991,0.0000
hungary,1992,0.0000
hungary,1993,0.0000
hungary,1994,0.0000
hungary,1995,0.0000
hungary,1996,0.0000
hungary,1997,0.0000
hungary,1998,0.0000
hungary,1999,0.0000
hungary,2000,0.0000
hungary,2001,0.0000
hungary,2002,0.0000
hungary,2003,0.0000
hungary,2004,0.0000
hungary,2005,0.0000
hungary,2006,0.0000
hungary,2007,0.0000
hungary,2008,0.0000
hungary,2009,0.0000
hungary,2010,0.0000
hungary,2011,0.0000
hungary,2012,0.0000
hungary,2013,0.0000
hungary,2014,0.0000
hungary,2015,0.0000
hungary,2016,0.0000
hungary,2017,0.0000
hungary,2018,0.0000
hungary,2019,0.0000
hungary,2020,0.0000
hungary,2021,0.0000
hungary,2022,0.0000
iceland,1962,0.0000
iceland,1963,0.0000
iceland,1964,0.0000
iceland,1965,0.0000
iceland,1966,0.0000
iceland,1967,0.0000
iceland,1968,0.0000
iceland,1969,0.0000
iceland,1970,0.0000
iceland,1971,0.0000
iceland,1972,0.0000
iceland,1973,0.0000
iceland,1974,0.0000
iceland,1975,0.0000
iceland,1976,0.0000
iceland,1977,0.0000
iceland,1978,0.0000
iceland,1979,0.0000
iceland,1980,0.0000
iceland,1981,0.0000
iceland,1982,0.0000
iceland,1983,0.0000
iceland,1984,0.0000
iceland,1985,0.0000
iceland,1986,0.0000
iceland,1987,0.0000
iceland,1988,0.0000
iceland,1989,0.0000
iceland,1990,0.0000
iceland,1991,0.0000
iceland,1992,0.0000
iceland,1993,0.0000
iceland,1994,0.0000
iceland,1995,0.0000
iceland,1996,0.0000
iceland,1997,0.0000
iceland,1998,0.0000
iceland,1999,0.0000
iceland,2000,0.0000
iceland,2001,0.0000
iceland,2002,0.0000
iceland,2003,0.0000
iceland,2004,0.0000
iceland,2005,0.0000
iceland,2006,0.0000
iceland,2007,0.0000
iceland,2008,0.0000
iceland,2009,0.0000
iceland,2010,0.0000
iceland,2011,0.0000
iceland,2012,0.0000
iceland,2013,0.0000
iceland,2014,0.0000
iceland,2015,0.0000
iceland,2016,0.0000
iceland,2017,0.0000
iceland,2018,0.0000
iceland,2019,0.0000
iceland,2020,0.0000
iceland,2021,0.0000
iceland,2022,0.0000
india,1961,243.00
india,1962,243.00
india,1963,243.00
india,1964,243.00
india,1965,243.00
india,1966,243.00
india,1967,243.00
india,1968,243.00
india,1969,243.00
india,1970,243.00
india,1971,243.00
india,1972,243.00
india,1973,243.00
india,1974,243.00
india,1975,243.00
india,1976,243.00
india,1977,243.00
india,1978,243.00
india,1979,243.00
india,1980,243.00
india,1981,243.00
india,1982,243.00
india,1983,243.00
india,1984,243.00
india,1985,243.00
india,1986,243.00
india,1987,243.00
india,1988,243.00
india,1989,243.00
india,1990,243.00
india,1991,243.00
india,1992,243.00
india,1993,243.00
india,1994,243.00
india,1995,243.00
india,1996,243.00
india,1997,243.00
india,1998,243.00
india,1999,243.00
india,2000,243.00
india,2001,243.00
india,2002,243.00
india,2003,243.00
india,2004,243.00
india,2005,243.00
india,2006,243.00
india,2007,243.00
india,2008,243.00
india,2009,243.00
india,2010,243.00
india,2011,243.00
india,2012,243.00
india,2013,243.00
india,2014,243.00
india,2015,243.00
india,2016,243.00
india,2017,243.00
india,2018,243.00
india,2019,243.00
india,2020,243.00
india,2021,243.00
india,2022,243.00
indonesia,1962,0.0000
indonesia,1963,0.0000
indonesia,1964,0.0000
indonesia,1965,0.0000
indonesia,1966,0.0000
indonesia,1967,0.0000
indonesia,1968,0.0000
indonesia,1969,0.0000
indonesia,1970,0.0000
indonesia,1971,0.0000
indonesia,1972,0.0000
indonesia,1973,0.0000
indonesia,1974,0.0000
indonesia,1975,0.0000
indonesia,1976,0.0000
indonesia,1977,0.0000
indonesia,1978,0.0000
indonesia,1979,0.0000
indonesia,1980,0.0000
indonesia,1981,0.0000
indonesia,1982,0.0000
indonesia,1983,0.0000
indonesia,1984,0.0000
indonesia,1985,0.0000
indonesia,1986,0.0000
indonesia,1987,0.0000
indonesia,1988,0.0000
indonesia,1989,0.0000
indonesia,1990,0.0000
indonesia,1991,0.0000
indonesia,1992,0.0000
indonesia,1993,0.0000
indonesia,1994,0.0000
indonesia,1995,0.0000
indonesia,1996,0.0000
indonesia,1997,0.0000
indonesia,1998,0.0000
indonesia,1999,0.0000
indonesia,2000,0.0000
indonesia,2001,0.0000
indonesia,2002,0.0000
indonesia,2003,0.0000
indonesia,2004,0.0000
indonesia,2005,0.0000
indonesia,2006,0.0000
indonesia,2007,0.0000
indonesia,2008,0.0000
indonesia,2009,0.0000
indonesia,2010,0.0000
indonesia,2011,0.0000
indonesia,2012,0.0000
indonesia,2013,0.0000
indonesia,2014,0.0000
indonesia,2015,0.0000
indonesia,2016,0.0000
indonesia,2017,0.0000
indonesia,2018,0.0000
indonesia,2019,0.0000
indonesia,2020,0.0000
indonesia,2021,0.0000
indonesia,2022,0.0000
iran_islamic_republic_of,1961,1.1700
iran_islamic_republic_of,1962,1.1700
iran_islamic_republic_of,1963,1.1700
iran_islamic_republic_of,1964,1.1700
iran_islamic_republic_of,1965,1.1700
iran_islamic_republic_of,1966,1.1700
iran_islamic_republic_of,1967,1.1700
iran_islamic_republic_of,1968,1.1700
iran_islamic_republic_of,1969,1.1700
iran_islamic_republic_of,1970,1.1700
iran_islamic_republic_of,1971,1.1700
iran_islamic_republic_of,1972,1.1700
iran_islamic_republic_of,1973,1.1700
iran_islamic_republic_of,1974,1.1700
iran_islamic_republic_of,1975,1.1700
iran_islamic_republic_of,1976,1.1700
iran_islamic_republic_of,1977,1.1700
iran_islamic_republic_of,1978,1.1700
iran_islamic_republic_of,1979,1.1700
iran_islamic_republic_of,1980,1.1700
iran_islamic_republic_of,1981,1.1700
iran_islamic_republic_of,1982,1.1700
iran_islamic_republic_of,1983,1.1700
iran_islamic_republic_of,1984,1.1700
iran_islamic_republic_of,1985,1.1700
iran_islamic_republic_of,1986,1.1700
iran_islamic_republic_of,1987,1.1700
iran_islamic_republic_of,1988,1.1700
iran_islamic_republic_of,1989,1.1700
iran_islamic_republic_of,1990,1.1700
iran_islamic_republic_of,1991,1.1700
iran_islamic_republic_of,1992,1.1700
iran_islamic_republic_of,1993,1.1700
iran_islamic_republic_of,1994,1.1700
iran_islamic_republic_of,1995,1.1700
iran_islamic_republic_of,1996,1.1700
iran_islamic_republic_of,1997,1.1700
iran_islamic_republic_of,1998,1.1700
iran_islamic_republic_of,1999,1.1700
iran_islamic_republic_of,2000,1.1700
iran_islamic_republic_of,2001,1.1700
iran_islamic_republic_of,2002,1.1700
iran_islamic_republic_of,2003,1.1700
iran_islamic_republic_of,2004,1.1700
iran_islamic_republic_of,2005,1.1700
iran_islamic_republic_of,2006,1.1700
iran_islamic_republic_of,2007,1.1700
iran_islamic_republic_of,2008,1.1700
iran_islamic_republic_of,2009,1.1700
iran_islamic_republic_of,2010,1.1700
iran_islamic_republic_of,2011,1.1700
iran_islamic_republic_of,2012,1.1700
iran_islamic_republic_of,2013,1.1700
iran_islamic_republic_of,2014,1.1700
iran_islamic_republic_of,2015,1.1700
iran_islamic_republic_of,2016,1.1700
iran_islamic_republic_of,2017,1.1700
iran_islamic_republic_of,2018,1.1700
iran_islamic_republic_of,2019,1.1700
iran_islamic_republic_of,2020,1.1700
iran_islamic_republic_of,2021,1.1700
iran_islamic_republic_of,2022,1.1700
ireland,1962,0.0000
ireland,1963,0.0000
ireland,1964,0.0000
ireland,1965,0.0000
ireland,1966,0.0000
ireland,1967,0.0000
ireland,1968,0.0000
ireland,1969,0.0000
ireland,1970,0.0000
ireland,1971,0.0000
ireland,1972,0.0000
ireland,1973,0.0000
ireland,1974,0.0000
ireland,1975,0.0000
ireland,1976,0.0000
ireland,1977,0.0000
ireland,1978,0.0000
ireland,1979,0.0000
ireland,1980,0.0000
ireland,1981,0.0000
ireland,1982,0.0000
ireland,1983,0.0000
ireland,1984,0.0000
ireland,1985,0.0000
ireland,1986,0.0000
ireland,1987,0.0000
ireland,1988,0.0000
ireland,1989,0.0000
ireland,1990,0.0000
ireland,1991,0.0000
ireland,1992,0.0000
ireland,1993,0.0000
ireland,1994,0.0000
ireland,1995,0.0000
ireland,1996,0.0000
ireland,1997,0.0000
ireland,1998,0.0000
ireland,1999,0.0000
ireland,2000,0.0000
ireland,2001,0.0000
ireland,2002,0.0000
ireland,2003,0.0000
ireland,2004,0.0000
ireland,2005,0.0000
ireland,2006,0.0000
ireland,2007,0.0000
ireland,2008,0.0000
ireland,2009,0.0000
ireland,2010,0.0000
ireland,2011,0.0000
ireland,2012,0.0000
ireland,2013,0.0000
ireland,2014,0.0000
ireland,2015,0.0000
ireland,2016,0.0000
ireland,2017,0.0000
ireland,2018,0.0000
ireland,2019,0.0000
ireland,2020,0.0000
ireland,2021,0.0000
ireland,2022,0.0000
israel,1962,0.0000
israel,1963,0.0000
israel,1964,0.0000
israel,1965,0.0000
israel,1966,0.0000
israel,1967,0.0000
israel,1968,0.0000
israel,1969,0.0000
israel,1970,0.0000
israel,1971,0.0000
israel,1972,0.0000
israel,1973,0.0000
israel,1974,0.0000
israel,1975,0.0000
israel,1976,0.0000
israel,1977,0.0000
israel,1978,0.0000
israel,1979,0.0000
israel,1980,0.0000
israel,1981,0.0000
israel,1982,0.0000
israel,1983,0.0000
israel,1984,0.0000
israel,1985,0.0000
israel,1986,0.0000
israel,1987,0.0000
israel,1988,0.0000
israel,1989,0.0000
israel,1990,0.0000
israel,1991,0.0000
israel,1992,0.0000
israel,1993,0.0000
israel,1994,0.0000
israel,1995,0.0000
israel,1996,0.0000
israel,1997,0.0000
israel,1998,0.0000
israel,1999,0.0000
israel,2000,0.0000
israel,2001,0.0000
israel,2002,0.0000
israel,2003,0.0000
israel,2004,0.0000
israel,2005,0.0000
israel,2006,0.0000
israel,2007,0.0000
israel,2008,0.0000
israel,2009,0.0000
israel,2010,0.0000
israel,2011,0.0000
israel,2012,0.0000
israel,2013,0.0000
israel,2014,0.0000
israel,2015,0.0000
israel,2016,0.0000
israel,2017,0.0000
israel,2018,0.0000
israel,2019,0.0000
israel,2020,0.0000
israel,2021,0.0000
israel,2022,0.0000
italy,1962,0.0000
italy,1963,0.0000
italy,1964,0.0000
italy,1965,0.0000
italy,1966,0.0000
italy,1967,0.0000
italy,1968,0.0000
italy,1969,0.0000
italy,1970,0.0000
italy,1971,0.0000
italy,1972,0.0000
italy,1973,0.0000
italy,1974,0.0000
italy,1975,0.0000
italy,1976,0.0000
italy,1977,0.0000
italy,1978,0.0000
italy,1979,0.0000
italy,1980,0.0000
italy,1981,0.0000
italy,1982,0.0000
italy,1983,0.0000
italy,1984,0.0000
italy,1985,0.0000
italy,1986,0.0000
italy,1987,0.0000
italy,1988,0.0000
italy,1989,0.0000
italy,1990,0.0000
italy,1991,0.0000
italy,1992,0.0000
italy,1993,0.0000
italy,1994,0.0000
italy,1995,0.0000
italy,1996,0.0000
italy,1997,0.0000
italy,1998,0.0000
italy,1999,0.0000
italy,2000,0.0000
italy,2001,0.0000
italy,2002,0.0000
italy,2003,0.0000
italy,2004,0.0000
italy,2005,0.0000
italy,2006,0.0000
italy,2007,0.0000
italy,2008,0.0000
italy,2009,0.0000
italy,2010,0.0000
italy,2011,0.0000
italy,2012,0.0000
italy,2013,0.0000
italy,2014,0.0000
italy,2015,0.0000
italy,2016,0.0000
italy,2017,0.0000
italy,2018,0.0000
italy,2019,0.0000
italy,2020,0.0000
italy,2021,0.0000
italy,2022,0.0000
jamaica,1961,0.0000
jamaica,1962,0.0000
jamaica,1963,0.0000
jamaica,1964,0.0000
jamaica,1965,0.0000
jamaica,1966,0.0000
jamaica,1967,0.0000
jamaica,1968,0.0000
jamaica,1969,0.0000
jamaica,1970,0.0000
jamaica,1971,0.0000
jamaica,1972,0.0000
jamaica,1973,0.0000
jamaica,1974,0.0000
jamaica,1975,0.0000
jamaica,1976,0.0000
jamaica,1977,0.0000
jamaica,1978,0.0000
jamaica,1979,0.0000
jamaica,1980,0.0000
jamaica,1981,0.0000
jamaica,1982,0.0000
jamaica,1983,0.0000
jamaica,1984,0.0000
jamaica,1985,0.0000
jamaica,1986,0.0000
jamaica,1987,0.0000
jamaica,1988,0.0000
jamaica,1989,0.0000
jamaica,1990,0.0000
jamaica,1991,0.0000
jamaica,1992,0.0000
jamaica,1993,0.0000
jamaica,1994,0.0000
jamaica,1995,0.0000
jamaica,1996,0.0000
jamaica,1997,0.0000
jamaica,1998,0.0000
jamaica,1999,0.0000
jamaica,2000,0.0000
jamaica,2001,0.0000
jamaica,2002,0.0000
jamaica,2003,0.0000
jamaica,2004,0.0000
jamaica,2005,0.0000
jamaica,2006,0.0000
jamaica,2007,0.0000
jamaica,2008,0.0000
jamaica,2009,0.0000
jamaica,2010,0.0000
jamaica,2011,0.0000
jamaica,2012,0.0000
jamaica,2013,0.0000
jamaica,2014,0.0000
jamaica,2015,0.0000
jamaica,2016,0.0000
jamaica,2017,0.0000
jamaica,2018,0.0000
jamaica,2019,0.0000
jamaica,2020,0.0000
jamaica,2021,0.0000
jamaica,2022,0.0000
japan,1961,0.0000
japan,1962,0.0000
japan,1963,0.0000
japan,1964,0.0000
japan,1965,0.0000
japan,1966,0.0000
japan,1967,0.0000
japan,1968,0.0000
japan,1969,0.0000
japan,1970,0.0000
japan,1971,0.0000
japan,1972,0.0000
japan,1973,0.0000
japan,1974,0.0000
japan,1975,0.0000
japan,1976,0.0000
japan,1977,0.0000
japan,1978,0.0000
japan,1979,0.0000
japan,1980,0.0000
japan,1981,0.0000
japan,1982,0.0000
japan,1983,0.0000
japan,1984,0.0000
japan,1985,0.0000
japan,1986,0.0000
japan,1987,0.0000
japan,1988,0.0000
japan,1989,0.0000
japan,1990,0.0000
japan,1991,0.0000
japan,1992,0.0000
japan,1993,0.0000
japan,1994,0.0000
japan,1995,0.0000
japan,1996,0.0000
japan,1997,0.0000
japan,1998,0.0000
japan,1999,0.0000
japan,2000,0.0000
japan,2001,0.0000
japan,2002,0.0000
japan,2003,0.0000
japan,2004,0.0000
japan,2005,0.0000
japan,2006,0.0000
japan,2007,0.0000
japan,2008,0.0000
japan,2009,0.0000
japan,2010,0.0000
japan,2011,0.0000
japan,2012,0.0000
japan,2013,0.0000
japan,2014,0.0000
japan,2015,0.0000
japan,2016,0.0000
japan,2017,0.0000
japan,2018,0.0000
japan,2019,0.0000
japan,2020,0.0000
japan,2021,0.0000
japan,2022,0.0000
kazakhstan,1992,0.0000
kazakhstan,1993,0.0000
kazakhstan,1994,0.0000
kazakhstan,1995,0.0000
kazakhstan,1996,0.0000
kazakhstan,1997,0.0000
kazakhstan,1998,0.0000
kazakhstan,1999,0.0000
kazakhstan,2000,0.0000
kazakhstan,2001,0.0000
kazakhstan,2002,0.0000
kazakhstan,2003,0.0000
kazakhstan,2004,0.0000
kazakhstan,2005,0.0000
kazakhstan,2006,0.0000
kazakhstan,2007,0.0000
kazakhstan,2008,0.0000
kazakhstan,2009,0.0000
kazakhstan,2010,0.0000
kazakhstan,2011,0.0000
kazakhstan,2012,0.0000
kazakhstan,2013,0.0000
kazakhstan,2014,0.0000
kazakhstan,2015,0.0000
kazakhstan,2016,0.0000
kazakhstan,2017,0.0000
kazakhstan,2018,0.0000
kazakhstan,2019,0.0000
kazakhstan,2020,0.0000
kazakhstan,2021,0.0000
kazakhstan,2022,0.0000
kenya,1962,0.0000
kenya,1963,0.0000
kenya,1964,0.0000
kenya,1965,0.0000
kenya,1966,0.0000
kenya,1967,0.0000
kenya,1968,0.0000
kenya,1969,0.0000
kenya,1970,0.0000
kenya,1971,0.0000
kenya,1972,0.0000
kenya,1973,0.0000
kenya,1974,0.0000
kenya,1975,0.0000
kenya,1976,0.0000
kenya,1977,0.0000
kenya,1978,0.0000
kenya,1979,0.0000
kenya,1980,0.0000
kenya,1981,0.0000
kenya,1982,0.0000
kenya,1983,0.0000
kenya,1984,0.0000
kenya,1985,0.0000
kenya,1986,0.0000
kenya,1987,0.0000
kenya,1988,0.0000
kenya,1989,0.0000
kenya,1990,0.0000
kenya,1991,0.0000
kenya,1992,0.0000
kenya,1993,0.0000
kenya,1994,0.0000
kenya,1995,0.0000
kenya,1996,0.0000
kenya,1997,0.0000
kenya,1998,0.0000
kenya,1999,0.0000
kenya,2000,0.0000
kenya,2001,0.0000
kenya,2002,0.0000
kenya,2003,0.0000
kenya,2004,0.0000
kenya,2005,0.0000
kenya,2006,0.0000
kenya,2007,0.0000
kenya,2008,0.0000
kenya,2009,0.0000
kenya,2010,0.0000
kenya,2011,0.0000
kenya,2012,0.0000
kenya,2013,0.0000
kenya,2014,0.0000
kenya,2015,0.0000
kenya,2016,0.0000
kenya,2017,0.0000
kenya,2018,0.0000
kenya,2019,0.0000
kenya,2020,0.0000
kenya,2021,0.0000
kenya,2022,0.0000
kiribati,1962,0.0000
kiribati,1963,0.0000
kiribati,1964,0.0000
kiribati,1965,0.0000
kiribati,1966,0.0000
kiribati,1967,0.0000
kiribati,1968,0.0000
kiribati,1969,0.0000
kiribati,1970,0.0000
kiribati,1971,0.0000
kiribati,1972,0.0000
kiribati,1973,0.0000
kiribati,1974,0.0000
kiribati,1975,0.0000
kiribati,1976,0.0000
kiribati,1977,0.0000
kiribati,1978,0.0000
kiribati,1979,0.0000
kiribati,1980,0.0000
kiribati,1981,0.0000
kiribati,1982,0.0000
kiribati,1983,0.0000
kiribati,1984,0.0000
kiribati,1985,0.0000
kiribati,1986,0.0000
kiribati,1987,0.0000
kiribati,1988,0.0000
kiribati,1989,0.0000
kiribati,1990,0.0000
kiribati,1991,0.0000
kiribati,1992,0.0000
kiribati,1993,0.0000
kiribati,1994,0.0000
kiribati,1995,0.0000
kiribati,1996,0.0000
kiribati,1997,0.0000
kiribati,1998,0.0000
kiribati,1999,0.0000
kiribati,2000,0.0000
kiribati,2001,0.0000
kiribati,2002,0.0000
kiribati,2003,0.0000
kiribati,2004,0.0000
kiribati,2005,0.0000
kiribati,2006,0.0000
kiribati,2007,0.0000
kiribati,2008,0.0000
kiribati,2009,0.0000
kiribati,2010,0.0000
kiribati,2011,0.0000
kiribati,2012,0.0000
kiribati,2013,0.0000
kiribati,2014,0.0000
kiribati,2015,0.0000
kiribati,2016,0.0000
kiribati,2017,0.0000
kiribati,2018,0.0000
kiribati,2019,0.0000
kiribati,2020,0.0000
kiribati,2021,0.0000
kiribati,2022,0.0000
kuwait,1962,0.0000
kuwait,1963,0.0000
kuwait,1964,0.0000
kuwait,1965,0.0000
kuwait,1966,0.0000
kuwait,1967,0.0000
kuwait,1968,0.0000
kuwait,1969,0.0000
kuwait,1970,0.0000
kuwait,1971,0.0000
kuwait,1972,0.0000
kuwait,1973,0.0000
kuwait,1974,0.0000
kuwait,1975,0.0000
kuwait,1976,0.0000
kuwait,1977,0.0000
kuwait,1978,0.0000
kuwait,1979,0.0000
kuwait,1980,0.0000
kuwait,1981,0.0000
kuwait,1982,0.0000
kuwait,1983,0.0000
kuwait,1984,0.0000
kuwait,1985,0.0000
kuwait,1986,0.0000
kuwait,1987,0.0000
kuwait,1988,0.0000
kuwait,1989,0.0000
kuwait,1990,0.0000
kuwait,1991,0.0000
kuwait,1992,0.0000
kuwait,1993,0.0000
kuwait,1994,0.0000
kuwait,1995,0.0000
kuwait,1996,0.0000
kuwait,1997,0.0000
kuwait,1998,0.0000
kuwait,1999,0.0000
kuwait,2000,0.0000
kuwait,2001,0.0000
kuwait,2002,0.0000
kuwait,2003,0.0000
kuwait,2004,0.0000
kuwait,2005,0.0000
kuwait,2006,0.0000
kuwait,2007,0.0000
kuwait,2008,0.0000
kuwait,2009,0.0000
kuwait,2010,0.0000
kuwait,2011,0.0000
kuwait,2012,0.0000
kuwait,2013,0.0000
kuwait,2014,0.0000
kuwait,2015,0.0000
kuwait,2016,0.0000
kuwait,2017,0.0000
kuwait,2018,0.0000
kuwait,2019,0.0000
kuwait,2020,0.0000
kuwait,2021,0.0000
kuwait,2022,0.0000
kyrgyzstan,1992,36.090
kyrgyzstan,1993,36.090
kyrgyzstan,1994,36.090
kyrgyzstan,1995,36.090
kyrgyzstan,1996,36.090
kyrgyzstan,1997,36.090
kyrgyzstan,1998,36.090
kyrgyzstan,1999,36.090
kyrgyzstan,2000,36.090
kyrgyzstan,2001,36.090
kyrgyzstan,2002,36.090
kyrgyzstan,2003,36.090
kyrgyzstan,2004,36.090
kyrgyzstan,2005,36.090
kyrgyzstan,2006,36.090
kyrgyzstan,2007,36.090
kyrgyzstan,2008,36.090
kyrgyzstan,2009,36.090
kyrgyzstan,2010,36.090
kyrgyzstan,2011,36.090
kyrgyzstan,2012,36.090
kyrgyzstan,2013,36.090
kyrgyzstan,2014,36.090
kyrgyzstan,2015,36.090
kyrgyzstan,2016,36.090
kyrgyzstan,2017,36.090
kyrgyzstan,2018,36.090
kyrgyzstan,2019,36.090
kyrgyzstan,2020,36.090
kyrgyzstan,2021,36.090
kyrgyzstan,2022,36.090
lao_people_s_democratic_republic,1961,0.0000
lao_people_s_democratic_republic,1962,0.0000
lao_people_s_democratic_republic,1963,0.0000
lao_people_s_democratic_republic,1964,0.0000
lao_people_s_democratic_republic,1965,0.0000
lao_people_s_democratic_republic,1966,0.0000
lao_people_s_democratic_republic,1967,0.0000
lao_people_s_democratic_republic,1968,0.0000
lao_people_s_democratic_republic,1969,0.0000
lao_people_s_democratic_republic,1970,0.0000
lao_people_s_democratic_republic,1971,0.0000
lao_people_s_democratic_republic,1972,0.0000
lao_people_s_democratic_republic,1973,0.0000
lao_people_s_democratic_republic,1974,0.0000
lao_people_s_democratic_republic,1975,0.0000
lao_people_s_democratic_republic,1976,0.0000
lao_people_s_democratic_republic,1977,0.0000
lao_people_s_democratic_republic,1978,0.0000
lao_people_s_democratic_republic,1979,0.0000
lao_people_s_democratic_republic,1980,0.0000
lao_people_s_democratic_republic,1981,0.0000
lao_people_s_democratic_republic,1982,0.0000
lao_people_s_democratic_republic,1983,0.0000
lao_people_s_democratic_republic,1984,0.0000
lao_people_s_democratic_republic,1985,0.0000
lao_people_s_democratic_republic,1986,0.0000
lao_people_s_democratic_republic,1987,0.0000
lao_people_s_democratic_republic,1988,0.0000
lao_people_s_democratic_republic,1989,0.0000
lao_people_s_democratic_republic,1990,0.0000
lao_people_s_democratic_republic,1991,0.0000
lao_people_s_democratic_republic,1992,0.0000
lao_people_s_democratic_republic,1993,0.0000
lao_people_s_democratic_republic,1994,0.0000
lao_people_s_democratic_republic,1995,0.0000
lao_people_s_democratic_republic,1996,0.0000
lao_people_s_democratic_republic,1997,0.0000
lao_people_s_democratic_republic,1998,0.0000
lao_people_s_democratic_republic,1999,0.0000
lao_people_s_democratic_republic,2000,0.0000
lao_people_s_democratic_republic,2001,0.0000
lao_people_s_democratic_republic,2002,0.0000
lao_people_s_democratic_republic,2003,0.0000
lao_people_s_democratic_republic,2004,0.0000
lao_people_s_democratic_republic,2005,0.0000
lao_people_s_democratic_republic,2006,0.0000
lao_people_s_democratic_republic,2007,0.0000
lao_people_s_democratic_republic,2008,0.0000
lao_people_s_democratic_republic,2009,0.0000
lao_people_s_democratic_republic,2010,0.0000
lao_people_s_democratic_republic,2011,0.0000
lao_people_s_democratic_republic,2012,0.0000
lao_people_s_democratic_republic,2013,0.0000
lao_people_s_democratic_republic,2014,0.0000
lao_people_s_democratic_republic,2015,0.0000
lao_people_s_democratic_republic,2016,0.0000
lao_people_s_democratic_republic,2017,0.0000
lao_people_s_democratic_republic,2018,0.0000
lao_people_s_democratic_republic,2019,0.0000
lao_people_s_democratic_republic,2020,0.0000
lao_people_s_democratic_republic,2021,0.0000
lao_people_s_democratic_republic,2022,0.0000
latvia,1992,0.0000
latvia,1993,0.0000
latvia,1994,0.0000
latvia,1995,0.0000
latvia,1996,0.0000
latvia,1997,0.0000
latvia,1998,0.0000
latvia,1999,0.0000
latvia,2000,0.0000
latvia,2001,0.0000
latvia,2002,0.0000
latvia,2003,0.0000
latvia,2004,0.0000
latvia,2005,0.0000
latvia,2006,0.0000
latvia,2007,0.0000
latvia,2008,0.0000
latvia,2009,0.0000
latvia,2010,0.0000
latvia,2011,0.0000
latvia,2012,0.0000
latvia,2013,0.0000
latvia,2014,0.0000
latvia,2015,0.0000
latvia,2016,0.0000
latvia,2017,0.0000
latvia,2018,0.0000
latvia,2019,0.0000
latvia,2020,0.0000
latvia,2021,0.0000
latvia,2022,0.0000
lebanon,1961,0.41500
lebanon,1962,0.41500
lebanon,1963,0.41500
lebanon,1964,0.41500
lebanon,1965,0.41500
lebanon,1966,0.41500
lebanon,1967,0.41500
lebanon,1968,0.41500
lebanon,1969,0.41500
lebanon,1970,0.41500
lebanon,1971,0.41500
lebanon,1972,0.41500
lebanon,1973,0.41500
lebanon,1974,0.41500
lebanon,1975,0.41500
lebanon,1976,0.41500
lebanon,1977,0.41500
lebanon,1978,0.41500
lebanon,1979,0.41500
lebanon,1980,0.41500
lebanon,1981,0.41500
lebanon,1982,0.41500
lebanon,1983,0.41500
lebanon,1984,0.41500
lebanon,1985,0.41500
lebanon,1986,0.41500
lebanon,1987,0.41500
lebanon,1988,0.41500
lebanon,1989,0.41500
lebanon,1990,0.41500
lebanon,1991,0.41500
lebanon,1992,0.41500
lebanon,1993,0.41500
lebanon,1994,0.41500
lebanon,1995,0.41500
lebanon,1996,0.41500
lebanon,1997,0.41500
lebanon,1998,0.41500
lebanon,1999,0.41500
lebanon,2000,0.41500
lebanon,2001,0.41500
lebanon,2002,0.41500
lebanon,2003,0.41500
lebanon,2004,0.41500
lebanon,2005,0.41500
lebanon,2006,0.41500
lebanon,2007,0.41500
lebanon,2008,0.41500
lebanon,2009,0.41500
lebanon,2010,0.41500
lebanon,2011,0.41500
lebanon,2012,0.41500
lebanon,2013,0.41500
lebanon,2014,0.41500
lebanon,2015,0.41500
lebanon,2016,0.41500
lebanon,2017,0.41500
lebanon,2018,0.41500
lebanon,2019,0.41500
lebanon,2020,0.41500
lebanon,2021,0.41500
lebanon,2022,0.41500
lesotho,1961,2.2080
lesotho,1962,2.2080
lesotho,1963,2.2080
lesotho,1964,2.2080
lesotho,1965,2.2080
lesotho,1966,2.2080
lesotho,1967,2.2080
lesotho,1968,2.2080
lesotho,1969,2.2080
lesotho,1970,2.2080
lesotho,1971,2.2080
lesotho,1972,2.2080
lesotho,1973,2.2080
lesotho,1974,2.2080
lesotho,1975,2.2080
lesotho,1976,2.2080
lesotho,1977,2.2080
lesotho,1978,2.2080
lesotho,1979,2.2080
lesotho,1980,2.2080
lesotho,1981,2.2080
lesotho,1982,2.2080
lesotho,1983,2.2080
lesotho,1984,2.2080
lesotho,1985,2.2080
lesotho,1986,2.2080
lesotho,1987,2.2080
lesotho,1988,2.2080
lesotho,1989,2.2080
lesotho,1990,2.2080
lesotho,1991,2.2080
lesotho,1992,2.2080
lesotho,1993,2.2080
lesotho,1994,2.2080
lesotho,1995,2.2080
lesotho,1996,2.2080
lesotho,1997,2.2080
lesotho,1998,2.2080
lesotho,1999,2.2080
lesotho,2000,2.2080
lesotho,2001,2.2080
lesotho,2002,2.2080
lesotho,2003,2.2080
lesotho,2004,2.2080
lesotho,2005,2.2080
lesotho,2006,2.2080
lesotho,2007,2.2080
lesotho,2008,2.2080
lesotho,2009,2.2080
lesotho,2010,2.2080
lesotho,2011,2.2080
lesotho,2012,2.2080
lesotho,2013,2.2080
lesotho,2014,2.2080
lesotho,2015,2.2080
lesotho,2016,2.2080
lesotho,2017,2.2080
lesotho,2018,2.2080
lesotho,2019,2.2080
lesotho,2020,2.2080
lesotho,2021,2.2080
lesotho,2022,2.2080
liberia,1962,0.0000
liberia,1963,0.0000
liberia,1964,0.0000
liberia,1965,0.0000
liberia,1966,0.0000
liberia,1967,0.0000
liberia,1968,0.0000
liberia,1969,0.0000
liberia,1970,0.0000
liberia,1971,0.0000
liberia,1972,0.0000
liberia,1973,0.0000
liberia,1974,0.0000
liberia,1975,0.0000
liberia,1976,0.0000
liberia,1977,0.0000
liberia,1978,0.0000
liberia,1979,0.0000
liberia,1980,0.0000
liberia,1981,0.0000
liberia,1982,0.0000
liberia,1983,0.0000
liberia,1984,0.0000
liberia,1985,0.0000
liberia,1986,0.0000
liberia,1987,0.0000
liberia,1988,0.0000
liberia,1989,0.0000
liberia,1990,0.0000
liberia,1991,0.0000
liberia,1992,0.0000
liberia,1993,0.0000
liberia,1994,0.0000
liberia,1995,0.0000
liberia,1996,0.0000
liberia,1997,0.0000
liberia,1998,0.0000
liberia,1999,0.0000
liberia,2000,0.0000
liberia,2001,0.0000
liberia,2002,0.0000
liberia,2003,0.0000
liberia,2004,0.0000
liberia,2005,0.0000
liberia,2006,0.0000
liberia,2007,0.0000
liberia,2008,0.0000
liberia,2009,0.0000
liberia,2010,0.0000
liberia,2011,0.0000
liberia,2012,0.0000
liberia,2013,0.0000
liberia,2014,0.0000
liberia,2015,0.0000
liberia,2016,0.0000
liberia,2017,0.0000
liberia,2018,0.0000
liberia,2019,0.0000
liberia,2020,0.0000
liberia,2021,0.0000
liberia,2022,0.0000
libya,1962,0.0000
libya,1963,0.0000
libya,1964,0.0000
libya,1965,0.0000
libya,1966,0.0000
libya,1967,0.0000
libya,1968,0.0000
libya,1969,0.0000
libya,1970,0.0000
libya,1971,0.0000
libya,1972,0.0000
libya,1973,0.0000
libya,1974,0.0000
libya,1975,0.0000
libya,1976,0.0000
libya,1977,0.0000
libya,1978,0.0000
libya,1979,0.0000
libya,1980,0.0000
libya,1981,0.0000
libya,1982,0.0000
libya,1983,0.0000
libya,1984,0.0000
libya,1985,0.0000
libya,1986,0.0000
libya,1987,0.0000
libya,1988,0.0000
libya,1989,0.0000
libya,1990,0.0000
libya,1991,0.0000
libya,1992,0.0000
libya,1993,0.0000
libya,1994,0.0000
libya,1995,0.0000
libya,1996,0.0000
libya,1997,0.0000
libya,1998,0.0000
libya,1999,0.0000
libya,2000,0.0000
libya,2001,0.0000
libya,2002,0.0000
libya,2003,0.0000
libya,2004,0.0000
libya,2005,0.0000
libya,2006,0.0000
libya,2007,0.0000
libya,2008,0.0000
libya,2009,0.0000
libya,2010,0.0000
libya,2011,0.0000
libya,2012,0.0000
libya,2013,0.0000
libya,2014,0.0000
libya,2015,0.0000
libya,2016,0.0000
libya,2017,0.0000
libya,2018,0.0000
libya,2019,0.0000
libya,2020,0.0000
libya,2021,0.0000
libya,2022,0.0000
lithuania,1992,0.0000
lithuania,1993,0.0000
lithuania,1994,0.0000
lithuania,1995,0.0000
lithuania,1996,0.0000
lithuania,1997,0.0000
lithuania,1998,0.0000
lithuania,1999,0.0000
lithuania,2000,0.0000
lithuania,2001,0.0000
lithuania,2002,0.0000
lithuania,2003,0.0000
lithuania,2004,0.0000
lithuania,2005,0.0000
lithuania,2006,0.0000
lithuania,2007,0.0000
lithuania,2008,0.0000
lithuania,2009,0.0000
lithuania,2010,0.0000
lithuania,2011,0.0000
lithuania,2012,0.0000
lithuania,2013,0.0000
lithuania,2014,0.0000
lithuania,2015,0.0000
lithuania,2016,0.0000
lithuania,2017,0.0000
lithuania,2018,0.0000
lithuania,2019,0.0000
lithuania,2020,0.0000
lithuania,2021,0.0000
lithuania,2022,0.0000
luxembourg,1962,0.0000
luxembourg,1963,0.0000
luxembourg,1964,0.0000
luxembourg,1965,0.0000
luxembourg,1966,0.0000
luxembourg,1967,0.0000
luxembourg,1968,0.0000
luxembourg,1969,0.0000
luxembourg,1970,0.0000
luxembourg,1971,0.0000
luxembourg,1972,0.0000
luxembourg,1973,0.0000
luxembourg,1974,0.0000
luxembourg,1975,0.0000
luxembourg,1976,0.0000
luxembourg,1977,0.0000
luxembourg,1978,0.0000
luxembourg,1979,0.0000
luxembourg,1980,0.0000
luxembourg,1981,0.0000
luxembourg,1982,0.0000
luxembourg,1983,0.0000
luxembourg,1984,0.0000
luxembourg,1985,0.0000
luxembourg,1986,0.0000
luxembourg,1987,0.0000
luxembourg,1988,0.0000
luxembourg,1989,0.0000
luxembourg,1990,0.0000
luxembourg,1991,0.0000
luxembourg,1992,0.0000
luxembourg,1993,0.0000
luxembourg,1994,0.0000
luxembourg,1995,0.0000
luxembourg,1996,0.0000
luxembourg,1997,0.0000
luxembourg,1998,0.0000
luxembourg,1999,0.0000
luxembourg,2000,0.0000
luxembourg,2001,0.0000
luxembourg,2002,0.0000
luxembourg,2003,0.0000
luxembourg,2004,0.0000
luxembourg,2005,0.0000
luxembourg,2006,0.0000
luxembourg,2007,0.0000
luxembourg,2008,0.0000
luxembourg,2009,0.0000
luxembourg,2010,0.0000
luxembourg,2011,0.0000
luxembourg,2012,0.0000
luxembourg,2013,0.0000
luxembourg,2014,0.0000
luxembourg,2015,0.0000
luxembourg,2016,0.0000
luxembourg,2017,0.0000
luxembourg,2018,0.0000
luxembourg,2019,0.0000
luxembourg,2020,0.0000
luxembourg,2021,0.0000
luxembourg,2022,0.0000
madagascar,1961,0.0000
madagascar,1962,0.0000
madagascar,1963,0.0000
madagascar,1964,0.0000
madagascar,1965,0.0000
madagascar,1966,0.0000
madagascar,1967,0.0000
madagascar,1968,0.0000
madagascar,1969,0.0000
madagascar,1970,0.0000
madagascar,1971,0.0000
madagascar,1972,0.0000
madagascar,1973,0.0000
madagascar,1974,0.0000
madagascar,1975,0.0000
madagascar,1976,0.0000
madagascar,1977,0.0000
madagascar,1978,0.0000
madagascar,1979,0.0000
madagascar,1980,0.0000
madagascar,1981,0.0000
madagascar,1982,0.0000
madagascar,1983,0.0000
madagascar,1984,0.0000
madagascar,1985,0.0000
madagascar,1986,0.0000
madagascar,1987,0.0000
madagascar,1988,0.0000
madagascar,1989,0.0000
madagascar,1990,0.0000
madagascar,1991,0.0000
madagascar,1992,0.0000
madagascar,1993,0.0000
madagascar,1994,0.0000
madagascar,1995,0.0000
madagascar,1996,0.0000
madagascar,1997,0.0000
madagascar,1998,0.0000
madagascar,1999,0.0000
madagascar,2000,0.0000
madagascar,2001,0.0000
madagascar,2002,0.0000
madagascar,2003,0.0000
madagascar,2004,0.0000
madagascar,2005,0.0000
madagascar,2006,0.0000
madagascar,2007,0.0000
madagascar,2008,0.0000
madagascar,2009,0.0000
madagascar,2010,0.0000
madagascar,2011,0.0000
madagascar,2012,0.0000
madagascar,2013,0.0000
madagascar,2014,0.0000
madagascar,2015,0.0000
madagascar,2016,0.0000
madagascar,2017,0.0000
madagascar,2018,0.0000
madagascar,2019,0.0000
madagascar,2020,0.0000
madagascar,2021,0.0000
madagascar,2022,0.0000
malawi,1962,0.0000
malawi,1963,0.0000
malawi,1964,0.0000
malawi,1965,0.0000
malawi,1966,0.0000
malawi,1967,0.0000
malawi,1968,0.0000
malawi,1969,0.0000
malawi,1970,0.0000
malawi,1971,0.0000
malawi,1972,0.0000
malawi,1973,0.0000
malawi,1974,0.0000
malawi,1975,0.0000
malawi,1976,0.0000
malawi,1977,0.0000
malawi,1978,0.0000
malawi,1979,0.0000
malawi,1980,0.0000
malawi,1981,0.0000
malawi,1982,0.0000
malawi,1983,0.0000
malawi,1984,0.0000
malawi,1985,0.0000
malawi,1986,0.0000
malawi,1987,0.0000
malawi,1988,0.0000
malawi,1989,0.0000
malawi,1990,0.0000
malawi,1991,0.0000
malawi,1992,0.0000
malawi,1993,0.0000
malawi,1994,0.0000
malawi,1995,0.0000
malawi,1996,0.0000
malawi,1997,0.0000
malawi,1998,0.0000
malawi,1999,0.0000
malawi,2000,0.0000
malawi,2001,0.0000
malawi,2002,0.0000
malawi,2003,0.0000
malawi,2004,0.0000
malawi,2005,0.0000
malawi,2006,0.0000
malawi,2007,0.0000
malawi,2008,0.0000
malawi,2009,0.0000
malawi,2010,0.0000
malawi,2011,0.0000
malawi,2012,0.0000
malawi,2013,0.0000
malawi,2014,0.0000
malawi,2015,0.0000
malawi,2016,0.0000
malawi,2017,0.0000
malawi,2018,0.0000
malawi,2019,0.0000
malawi,2020,0.0000
malawi,2021,0.0000
malawi,2022,0.0000
malaysia,1961,0.0000
malaysia,1962,0.0000
malaysia,1963,0.0000
malaysia,1964,0.0000
malaysia,1965,0.0000
malaysia,1966,0.0000
malaysia,1967,0.0000
malaysia,1968,0.0000
malaysia,1969,0.0000
malaysia,1970,0.0000
malaysia,1971,0.0000
malaysia,1972,0.0000
malaysia,1973,0.0000
malaysia,1974,0.0000
malaysia,1975,0.0000
malaysia,1976,0.0000
malaysia,1977,0.0000
malaysia,1978,0.0000
malaysia,1979,0.0000
malaysia,1980,0.0000
malaysia,1981,0.0000
malaysia,1982,0.0000
malaysia,1983,0.0000
malaysia,1984,0.0000
malaysia,1985,0.0000
malaysia,1986,0.0000
malaysia,1987,0.0000
malaysia,1988,0.0000
malaysia,1989,0.0000
malaysia,1990,0.0000
malaysia,1991,0.0000
malaysia,1992,0.0000
malaysia,1993,0.0000
malaysia,1994,0.0000
malaysia,1995,0.0000
malaysia,1996,0.0000
malaysia,1997,0.0000
malaysia,1998,0.0000
malaysia,1999,0.0000
malaysia,2000,0.0000
malaysia,2001,0.0000
malaysia,2002,0.0000
malaysia,2003,0.0000
malaysia,2004,0.0000
malaysia,2005,0.0000
malaysia,2006,0.0000
malaysia,2007,0.0000
malaysia,2008,0.0000
malaysia,2009,0.0000
malaysia,2010,0.0000
malaysia,2011,0.0000
malaysia,2012,0.0000
malaysia,2013,0.0000
malaysia,2014,0.0000
malaysia,2015,0.0000
malaysia,2016,0.0000
malaysia,2017,0.0000
malaysia,2018,0.0000
malaysia,2019,0.0000
malaysia,2020,0.0000
malaysia,2021,0.0000
malaysia,2022,0.0000
maldives,1961,0.0000
maldives,1962,0.0000
maldives,1963,0.0000
maldives,1964,0.0000
maldives,1965,0.0000
maldives,1966,0.0000
maldives,1967,0.0000
maldives,1968,0.0000
maldives,1969,0.0000
maldives,1970,0.0000
maldives,1971,0.0000
maldives,1972,0.0000
maldives,1973,0.0000
maldives,1974,0.0000
maldives,1975,0.0000
maldives,1976,0.0000
maldives,1977,0.0000
maldives,1978,0.0000
maldives,1979,0.0000
maldives,1980,0.0000
maldives,1981,0.0000
maldives,1982,0.0000
maldives,1983,0.0000
maldives,1984,0.0000
maldives,1985,0.0000
maldives,1986,0.0000
maldives,1987,0.0000
maldives,1988,0.0000
maldives,1989,0.0000
maldives,1990,0.0000
maldives,1991,0.0000
maldives,1992,0.0000
maldives,1993,0.0000
maldives,1994,0.0000
maldives,1995,0.0000
maldives,1996,0.0000
maldives,1997,0.0000
maldives,1998,0.0000
maldives,1999,0.0000
maldives,2000,0.0000
maldives,2001,0.0000
maldives,2002,0.0000
maldives,2003,0.0000
maldives,2004,0.0000
maldives,2005,0.0000
maldives,2006,0.0000
maldives,2007,0.0000
maldives,2008,0.0000
maldives,2009,0.0000
maldives,2010,0.0000
maldives,2011,0.0000
maldives,2012,0.0000
maldives,2013,0.0000
maldives,2014,0.0000
maldives,2015,0.0000
maldives,2016,0.0000
maldives,2017,0.0000
maldives,2018,0.0000
maldives,2019,0.0000
maldives,2020,0.0000
maldives,2021,0.0000
maldives,2022,0.0000
mali,1962,0.0000
mali,1963,0.0000
mali,1964,0.0000
mali,1965,0.0000
mali,1966,0.0000
mali,1967,0.0000
mali,1968,0.0000
mali,1969,0.0000
mali,1970,0.0000
mali,1971,0.0000
mali,1972,0.0000
mali,1973,0.0000
mali,1974,0.0000
mali,1975,0.0000
mali,1976,0.0000
mali,1977,0.0000
mali,1978,0.0000
mali,1979,0.0000
mali,1980,0.0000
mali,1981,0.0000
mali,1982,0.0000
mali,1983,0.0000
mali,1984,0.0000
mali,1985,0.0000
mali,1986,0.0000
mali,1987,0.0000
mali,1988,0.0000
mali,1989,0.0000
mali,1990,0.0000
mali,1991,0.0000
mali,1992,0.0000
mali,1993,0.0000
mali,1994,0.0000
mali,1995,0.0000
mali,1996,0.0000
mali,1997,0.0000
mali,1998,0.0000
mali,1999,0.0000
mali,2000,0.0000
mali,2001,0.0000
mali,2002,0.0000
mali,2003,0.0000
mali,2004,0.0000
mali,2005,0.0000
mali,2006,0.0000
mali,2007,0.0000
mali,2008,0.0000
mali,2009,0.0000
mali,2010,0.0000
mali,2011,0.0000
mali,2012,0.0000
mali,2013,0.0000
mali,2014,0.0000
mali,2015,0.0000
mali,2016,0.0000
mali,2017,0.0000
mali,2018,0.0000
mali,2019,0.0000
mali,2020,0.0000
mali,2021,0.0000
mali,2022,0.0000
malta,1962,0.0000
malta,1963,0.0000
malta,1964,0.0000
malta,1965,0.0000
malta,1966,0.0000
malta,1967,0.0000
malta,1968,0.0000
malta,1969,0.0000
malta,1970,0.0000
malta,1971,0.0000
malta,1972,0.0000
malta,1973,0.0000
malta,1974,0.0000
malta,1975,0.0000
malta,1976,0.0000
malta,1977,0.0000
malta,1978,0.0000
malta,1979,0.0000
malta,1980,0.0000
malta,1981,0.0000
malta,1982,0.0000
malta,1983,0.0000
malta,1984,0.0000
malta,1985,0.0000
malta,1986,0.0000
malta,1987,0.0000
malta,1988,0.0000
malta,1989,0.0000
malta,1990,0.0000
malta,1991,0.0000
malta,1992,0.0000
malta,1993,0.0000
malta,1994,0.0000
malta,1995,0.0000
malta,1996,0.0000
malta,1997,0.0000
malta,1998,0.0000
malta,1999,0.0000
malta,2000,0.0000
malta,2001,0.0000
malta,2002,0.0000
malta,2003,0.0000
malta,2004,0.0000
malta,2005,0.0000
malta,2006,0.0000
malta,2007,0.0000
malta,2008,0.0000
malta,2009,0.0000
malta,2010,0.0000
malta,2011,0.0000
malta,2012,0.0000
malta,2013,0.0000
malta,2014,0.0000
malta,2015,0.0000
malta,2016,0.0000
malta,2017,0.0000
malta,2018,0.0000
malta,2019,0.0000
malta,2020,0.0000
malta,2021,0.0000
malta,2022,0.0000
marshall_islands,1962,0.0000
marshall_islands,1963,0.0000
marshall_islands,1964,0.0000
marshall_islands,1965,0.0000
marshall_islands,1966,0.0000
marshall_islands,1967,0.0000
marshall_islands,1968,0.0000
marshall_islands,1969,0.0000
marshall_islands,1970,0.0000
marshall_islands,1971,0.0000
marshall_islands,1972,0.0000
marshall_islands,1973,0.0000
marshall_islands,1974,0.0000
marshall_islands,1975,0.0000
marshall_islands,1976,0.0000
marshall_islands,1977,0.0000
marshall_islands,1978,0.0000
marshall_islands,1979,0.0000
marshall_islands,1980,0.0000
marshall_islands,1981,0.0000
marshall_islands,1982,0.0000
marshall_islands,1983,0.0000
marshall_islands,1984,0.0000
marshall_islands,1985,0.0000
marshall_islands,1986,0.0000
marshall_islands,1987,0.0000
marshall_islands,1988,0.0000
marshall_islands,1989,0.0000
marshall_islands,1990,0.0000
marshall_islands,1991,0.0000
marshall_islands,1992,0.0000
marshall_islands,1993,0.0000
marshall_islands,1994,0.0000
marshall_islands,1995,0.0000
marshall_islands,1996,0.0000
marshall_islands,1997,0.0000
marshall_islands,1998,0.0000
marshall_islands,1999,0.0000
marshall_islands,2000,0.0000
marshall_islands,2001,0.0000
marshall_islands,2002,0.0000
marshall_islands,2003,0.0000
marshall_islands,2004,0.0000
marshall_islands,2005,0.0000
marshall_islands,2006,0.0000
marshall_islands,2007,0.0000
marshall_islands,2008,0.0000
marshall_islands,2009,0.0000
marshall_islands,2010,0.0000
marshall_islands,2011,0.0000
marshall_islands,2012,0.0000
marshall_islands,2013,0.0000
marshall_islands,2014,0.0000
marshall_islands,2015,0.0000
marshall_islands,2016,0.0000
marshall_islands,2017,0.0000
marshall_islands,2018,0.0000
marshall_islands,2019,0.0000
marshall_islands,2020,0.0000
marshall_islands,2021,0.0000
marshall_islands,2022,0.0000
mauritania,1962,0.0000
mauritania,1963,0.0000
mauritania,1964,0.0000
mauritania,1965,0.0000
mauritania,1966,0.0000
mauritania,1967,0.0000
mauritania,1968,0.0000
mauritania,1969,0.0000
mauritania,1970,0.0000
mauritania,1971,0.0000
mauritania,1972,0.0000
mauritania,1973,0.0000
mauritania,1974,0.0000
mauritania,1975,0.0000
mauritania,1976,0.0000
mauritania,1977,0.0000
mauritania,1978,0.0000
mauritania,1979,0.0000
mauritania,1980,0.0000
mauritania,1981,0.0000
mauritania,1982,0.0000
mauritania,1983,0.0000
mauritania,1984,0.0000
mauritania,1985,0.0000
mauritania,1986,0.0000
mauritania,1987,0.0000
mauritania,1988,0.0000
mauritania,1989,0.0000
mauritania,1990,0.0000
mauritania,1991,0.0000
mauritania,1992,0.0000
mauritania,1993,0.0000
mauritania,1994,0.0000
mauritania,1995,0.0000
mauritania,1996,0.0000
mauritania,1997,0.0000
mauritania,1998,0.0000
mauritania,1999,0.0000
mauritania,2000,0.0000
mauritania,2001,0.0000
mauritania,2002,0.0000
mauritania,2003,0.0000
mauritania,2004,0.0000
mauritania,2005,0.0000
mauritania,2006,0.0000
mauritania,2007,0.0000
mauritania,2008,0.0000
mauritania,2009,0.0000
mauritania,2010,0.0000
mauritania,2011,0.0000
mauritania,2012,0.0000
mauritania,2013,0.0000
mauritania,2014,0.0000
mauritania,2015,0.0000
mauritania,2016,0.0000
mauritania,2017,0.0000
mauritania,2018,0.0000
mauritania,2019,0.0000
mauritania,2020,0.0000
mauritania,2021,0.0000
mauritania,2022,0.0000
mauritius,1962,0.0000
mauritius,1963,0.0000
mauritius,1964,0.0000
mauritius,1965,0.0000
mauritius,1966,0.0000
mauritius,1967,0.0000
mauritius,1968,0.0000
mauritius,1969,0.0000
mauritius,1970,0.0000
mauritius,1971,0.0000
mauritius,1972,0.0000
mauritius,1973,0.0000
mauritius,1974,0.0000
mauritius,1975,0.0000
mauritius,1976,0.0000
mauritius,1977,0.0000
mauritius,1978,0.0000
mauritius,1979,0.0000
mauritius,1980,0.0000
mauritius,1981,0.0000
mauritius,1982,0.0000
mauritius,1983,0.0000
mauritius,1984,0.0000
mauritius,1985,0.0000
mauritius,1986,0.0000
mauritius,1987,0.0000
mauritius,1988,0.0000
mauritius,1989,0.0000
mauritius,1990,0.0000
mauritius,1991,0.0000
mauritius,1992,0.0000
mauritius,1993,0.0000
mauritius,1994,0.0000
mauritius,1995,0.0000
mauritius,1996,0.0000
mauritius,1997,0.0000
mauritius,1998,0.0000
mauritius,1999,0.0000
mauritius,2000,0.0000
mauritius,2001,0.0000
mauritius,2002,0.0000
mauritius,2003,0.0000
mauritius,2004,0.0000
mauritius,2005,0.0000
mauritius,2006,0.0000
mauritius,2007,0.0000
mauritius,2008,0.0000
mauritius,2009,0.0000
mauritius,2010,0.0000
mauritius,2011,0.0000
mauritius,2012,0.0000
mauritius,2013,0.0000
mauritius,2014,0.0000
mauritius,2015,0.0000
mauritius,2016,0.0000
mauritius,2017,0.0000
mauritius,2018,0.0000
mauritius,2019,0.0000
mauritius,2020,0.0000
mauritius,2021,0.0000
mauritius,2022,0.0000
mexico,1961,0.43200
mexico,1962,0.43200
mexico,1963,0.43200
mexico,1964,0.43200
mexico,1965,0.43200
mexico,1966,0.43200
mexico,1967,0.43200
mexico,1968,0.43200
mexico,1969,0.43200
mexico,1970,0.43200
mexico,1971,0.43200
mexico,1972,0.43200
mexico,1973,0.43200
mexico,1974,0.43200
mexico,1975,0.43200
mexico,1976,0.43200
mexico,1977,0.43200
mexico,1978,0.43200
mexico,1979,0.43200
mexico,1980,0.43200
mexico,1981,0.43200
mexico,1982,0.43200
mexico,1983,0.43200
mexico,1984,0.43200
mexico,1985,0.43200
mexico,1986,0.43200
mexico,1987,0.43200
mexico,1988,0.43200
mexico,1989,0.43200
mexico,1990,0.43200
mexico,1991,0.43200
mexico,1992,0.43200
mexico,1993,0.43200
mexico,1994,0.43200
mexico,1995,0.43200
mexico,1996,0.43200
mexico,1997,0.43200
mexico,1998,0.43200
mexico,1999,0.43200
mexico,2000,0.43200
mexico,2001,0.43200
mexico,2002,0.43200
mexico,2003,0.43200
mexico,2004,0.43200
mexico,2005,0.43200
mexico,2006,0.43200
mexico,2007,0.43200
mexico,2008,0.43200
mexico,2009,0.43200
mexico,2010,0.43200
mexico,2011,0.43200
mexico,2012,0.43200
mexico,2013,0.43200
mexico,2014,0.43200
mexico,2015,0.43200
mexico,2016,0.43200
mexico,2017,0.43200
mexico,2018,0.43200
mexico,2019,0.43200
mexico,2020,0.43200
mexico,2021,0.43200
mexico,2022,0.43200
micronesia_federated_states_of,1962,0.0000
micronesia_federated_states_of,1963,0.0000
micronesia_federated_states_of,1964,0.0000
micronesia_federated_states_of,1965,0.0000
micronesia_federated_states_of,1966,0.0000
micronesia_federated_states_of,1967,0.0000
micronesia_federated_states_of,1968,0.0000
micronesia_federated_states_of,1969,0.0000
micronesia_federated_states_of,1970,0.0000
micronesia_federated_states_of,1971,0.0000
micronesia_federated_states_of,1972,0.0000
micronesia_federated_states_of,1973,0.0000
micronesia_federated_states_of,1974,0.0000
micronesia_federated_states_of,1975,0.0000
micronesia_federated_states_of,1976,0.0000
micronesia_federated_states_of,1977,0.0000
micronesia_federated_states_of,1978,0.0000
micronesia_federated_states_of,1979,0.0000
micronesia_federated_states_of,1980,0.0000
micronesia_federated_states_of,1981,0.0000
micronesia_federated_states_of,1982,0.0000
micronesia_federated_states_of,1983,0.0000
micronesia_federated_states_of,1984,0.0000
micronesia_federated_states_of,1985,0.0000
micronesia_federated_states_of,1986,0.0000
micronesia_federated_states_of,1987,0.0000
micronesia_federated_states_of,1988,0.0000
micronesia_federated_states_of,1989,0.0000
micronesia_federated_states_of,1990,0.0000
micronesia_federated_states_of,1991,0.0000
micronesia_federated_states_of,1992,0.0000
micronesia_federated_states_of,1993,0.0000
micronesia_federated_states_of,1994,0.0000
micronesia_federated_states_of,1995,0.0000
micronesia_federated_states_of,1996,0.0000
micronesia_federated_states_of,1997,0.0000
micronesia_federated_states_of,1998,0.0000
micronesia_federated_states_of,1999,0.0000
micronesia_federated_states_of,2000,0.0000
micronesia_federated_states_of,2001,0.0000
micronesia_federated_states_of,2002,0.0000
micronesia_federated_states_of,2003,0.0000
micronesia_federated_states_of,2004,0.0000
micronesia_federated_states_of,2005,0.0000
micronesia_federated_states_of,2006,0.0000
micronesia_federated_states_of,2007,0.0000
micronesia_federated_states_of,2008,0.0000
micronesia_federated_states_of,2009,0.0000
micronesia_federated_states_of,2010,0.0000
micronesia_federated_states_of,2011,0.0000
micronesia_federated_states_of,2012,0.0000
micronesia_federated_states_of,2013,0.0000
micronesia_federated_states_of,2014,0.0000
micronesia_federated_states_of,2015,0.0000
micronesia_federated_states_of,2016,0.0000
micronesia_federated_states_of,2017,0.0000
micronesia_federated_states_of,2018,0.0000
micronesia_federated_states_of,2019,0.0000
micronesia_federated_states_of,2020,0.0000
micronesia_federated_states_of,2021,0.0000
micronesia_federated_states_of,2022,0.0000
mongolia,1962,0.0000
mongolia,1963,0.0000
mongolia,1964,0.0000
mongolia,1965,0.0000
mongolia,1966,0.0000
mongolia,1967,0.0000
mongolia,1968,0.0000
mongolia,1969,0.0000
mongolia,1970,0.0000
mongolia,1971,0.0000
mongolia,1972,0.0000
mongolia,1973,0.0000
mongolia,1974,0.0000
mongolia,1975,0.0000
mongolia,1976,0.0000
mongolia,1977,0.0000
mongolia,1978,0.0000
mongolia,1979,0.0000
mongolia,1980,0.0000
mongolia,1981,0.0000
mongolia,1982,0.0000
mongolia,1983,0.0000
mongolia,1984,0.0000
mongolia,1985,0.0000
mongolia,1986,0.0000
mongolia,1987,0.0000
mongolia,1988,0.0000
mongolia,1989,0.0000
mongolia,1990,0.0000
mongolia,1991,0.0000
mongolia,1992,0.0000
mongolia,1993,0.0000
mongolia,1994,0.0000
mongolia,1995,0.0000
mongolia,1996,0.0000
mongolia,1997,0.0000
mongolia,1998,0.0000
mongolia,1999,0.0000
mongolia,2000,0.0000
mongolia,2001,0.0000
mongolia,2002,0.0000
mongolia,2003,0.0000
mongolia,2004,0.0000
mongolia,2005,0.0000
mongolia,2006,0.0000
mongolia,2007,0.0000
mongolia,2008,0.0000
mongolia,2009,0.0000
mongolia,2010,0.0000
mongolia,2011,0.0000
mongolia,2012,0.0000
mongolia,2013,0.0000
mongolia,2014,0.0000
mongolia,2015,0.0000
mongolia,2016,0.0000
mongolia,2017,0.0000
mongolia,2018,0.0000
mongolia,2019,0.0000
mongolia,2020,0.0000
mongolia,2021,0.0000
mongolia,2022,0.0000
morocco,1962,0.0000
morocco,1963,0.0000
morocco,1964,0.0000
morocco,1965,0.0000
morocco,1966,0.0000
morocco,1967,0.0000
morocco,1968,0.0000
morocco,1969,0.0000
morocco,1970,0.0000
morocco,1971,0.0000
morocco,1972,0.0000
morocco,1973,0.0000
morocco,1974,0.0000
morocco,1975,0.0000
morocco,1976,0.0000
morocco,1977,0.0000
morocco,1978,0.0000
morocco,1979,0.0000
morocco,1980,0.0000
morocco,1981,0.0000
morocco,1982,0.0000
morocco,1983,0.0000
morocco,1984,0.0000
morocco,1985,0.0000
morocco,1986,0.0000
morocco,1987,0.0000
morocco,1988,0.0000
morocco,1989,0.0000
morocco,1990,0.0000
morocco,1991,0.0000
morocco,1992,0.0000
morocco,1993,0.0000
morocco,1994,0.0000
morocco,1995,0.0000
morocco,1996,0.0000
morocco,1997,0.0000
morocco,1998,0.0000
morocco,1999,0.0000
morocco,2000,0.0000
morocco,2001,0.0000
morocco,2002,0.0000
morocco,2003,0.0000
morocco,2004,0.0000
morocco,2005,0.0000
morocco,2006,0.0000
morocco,2007,0.0000
morocco,2008,0.0000
morocco,2009,0.0000
morocco,2010,0.0000
morocco,2011,0.0000
morocco,2012,0.0000
morocco,2013,0.0000
morocco,2014,0.0000
morocco,2015,0.0000
morocco,2016,0.0000
morocco,2017,0.0000
morocco,2018,0.0000
morocco,2019,0.0000
morocco,2020,0.0000
morocco,2021,0.0000
morocco,2022,0.0000
mozambique,1962,0.0000
mozambique,1963,0.0000
mozambique,1964,0.0000
mozambique,1965,0.0000
mozambique,1966,0.0000
mozambique,1967,0.0000
mozambique,1968,0.0000
mozambique,1969,0.0000
mozambique,1970,0.0000
mozambique,1971,0.0000
mozambique,1972,0.0000
mozambique,1973,0.0000
mozambique,1974,0.0000
mozambique,1975,0.0000
mozambique,1976,0.0000
mozambique,1977,0.0000
mozambique,1978,0.0000
mozambique,1979,0.0000
mozambique,1980,0.0000
mozambique,1981,0.0000
mozambique,1982,0.0000
mozambique,1983,0.0000
mozambique,1984,0.0000
mozambique,1985,0.0000
mozambique,1986,0.0000
mozambique,1987,0.0000
mozambique,1988,0.0000
mozambique,1989,0.0000
mozambique,1990,0.0000
mozambique,1991,0.0000
mozambique,1992,0.0000
mozambique,1993,0.0000
mozambique,1994,0.0000
mozambique,1995,0.0000
mozambique,1996,0.0000
mozambique,1997,0.0000
mozambique,1998,0.0000
mozambique,1999,0.0000
mozambique,2000,0.0000
mozambique,2001,0.0000
mozambique,2002,0.0000
mozambique,2003,0.0000
mozambique,2004,0.0000
mozambique,2005,0.0000
mozambique,2006,0.0000
mozambique,2007,0.0000
mozambique,2008,0.0000
mozambique,2009,0.0000
mozambique,2010,0.0000
mozambique,2011,0.0000
mozambique,2012,0.0000
mozambique,2013,0.0000
mozambique,2014,0.0000
mozambique,2015,0.0000
mozambique,2016,0.0000
mozambique,2017,0.0000
mozambique,2018,0.0000
mozambique,2019,0.0000
mozambique,2020,0.0000
mozambique,2021,0.0000
mozambique,2022,0.0000
myanmar,1962,0.0000
myanmar,1963,0.0000
myanmar,1964,0.0000
myanmar,1965,0.0000
myanmar,1966,0.0000
myanmar,1967,0.0000
myanmar,1968,0.0000
myanmar,1969,0.0000
myanmar,1970,0.0000
myanmar,1971,0.0000
myanmar,1972,0.0000
myanmar,1973,0.0000
myanmar,1974,0.0000
myanmar,1975,0.0000
myanmar,1976,0.0000
myanmar,1977,0.0000
myanmar,1978,0.0000
myanmar,1979,0.0000
myanmar,1980,0.0000
myanmar,1981,0.0000
myanmar,1982,0.0000
myanmar,1983,0.0000
myanmar,1984,0.0000
myanmar,1985,0.0000
myanmar,1986,0.0000
myanmar,1987,0.0000
myanmar,1988,0.0000
myanmar,1989,0.0000
myanmar,1990,0.0000
myanmar,1991,0.0000
myanmar,1992,0.0000
myanmar,1993,0.0000
myanmar,1994,0.0000
myanmar,1995,0.0000
myanmar,1996,0.0000
myanmar,1997,0.0000
myanmar,1998,0.0000
myanmar,1999,0.0000
myanmar,2000,0.0000
myanmar,2001,0.0000
myanmar,2002,0.0000
myanmar,2003,0.0000
myanmar,2004,0.0000
myanmar,2005,0.0000
myanmar,2006,0.0000
myanmar,2007,0.0000
myanmar,2008,0.0000
myanmar,2009,0.0000
myanmar,2010,0.0000
myanmar,2011,0.0000
myanmar,2012,0.0000
myanmar,2013,0.0000
myanmar,2014,0.0000
myanmar,2015,0.0000
myanmar,2016,0.0000
myanmar,2017,0.0000
myanmar,2018,0.0000
myanmar,2019,0.0000
myanmar,2020,0.0000
myanmar,2021,0.0000
myanmar,2022,0.0000
namibia,1962,0.0000
namibia,1963,0.0000
namibia,1964,0.0000
namibia,1965,0.0000
namibia,1966,0.0000
namibia,1967,0.0000
namibia,1968,0.0000
namibia,1969,0.0000
namibia,1970,0.0000
namibia,1971,0.0000
namibia,1972,0.0000
namibia,1973,0.0000
namibia,1974,0.0000
namibia,1975,0.0000
namibia,1976,0.0000
namibia,1977,0.0000
namibia,1978,0.0000
namibia,1979,0.0000
namibia,1980,0.0000
namibia,1981,0.0000
namibia,1982,0.0000
namibia,1983,0.0000
namibia,1984,0.0000
namibia,1985,0.0000
namibia,1986,0.0000
namibia,1987,0.0000
namibia,1988,0.0000
namibia,1989,0.0000
namibia,1990,0.0000
namibia,1991,0.0000
namibia,1992,0.0000
namibia,1993,0.0000
namibia,1994,0.0000
namibia,1995,0.0000
namibia,1996,0.0000
namibia,1997,0.0000
namibia,1998,0.0000
namibia,1999,0.0000
namibia,2000,0.0000
namibia,2001,0.0000
namibia,2002,0.0000
namibia,2003,0.0000
namibia,2004,0.0000
namibia,2005,0.0000
namibia,2006,0.0000
namibia,2007,0.0000
namibia,2008,0.0000
namibia,2009,0.0000
namibia,2010,0.0000
namibia,2011,0.0000
namibia,2012,0.0000
namibia,2013,0.0000
namibia,2014,0.0000
namibia,2015,0.0000
namibia,2016,0.0000
namibia,2017,0.0000
namibia,2018,0.0000
namibia,2019,0.0000
namibia,2020,0.0000
namibia,2021,0.0000
namibia,2022,0.0000
nauru,1962,0.0000
nauru,1963,0.0000
nauru,1964,0.0000
nauru,1965,0.0000
nauru,1966,0.0000
nauru,1967,0.0000
nauru,1968,0.0000
nauru,1969,0.0000
nauru,1970,0.0000
nauru,1971,0.0000
nauru,1972,0.0000
nauru,1973,0.0000
nauru,1974,0.0000
nauru,1975,0.0000
nauru,1976,0.0000
nauru,1977,0.0000
nauru,1978,0.0000
nauru,1979,0.0000
nauru,1980,0.0000
nauru,1981,0.0000
nauru,1982,0.0000
nauru,1983,0.0000
nauru,1984,0.0000
nauru,1985,0.0000
nauru,1986,0.0000
nauru,1987,0.0000
nauru,1988,0.0000
nauru,1989,0.0000
nauru,1990,0.0000
nauru,1991,0.0000
nauru,1992,0.0000
nauru,1993,0.0000
nauru,1994,0.0000
nauru,1995,0.0000
nauru,1996,0.0000
nauru,1997,0.0000
nauru,1998,0.0000
nauru,1999,0.0000
nauru,2000,0.0000
nauru,2001,0.0000
nauru,2002,0.0000
nauru,2003,0.0000
nauru,2004,0.0000
nauru,2005,0.0000
nauru,2006,0.0000
nauru,2007,0.0000
nauru,2008,0.0000
nauru,2009,0.0000
nauru,2010,0.0000
nauru,2011,0.0000
nauru,2012,0.0000
nauru,2013,0.0000
nauru,2014,0.0000
nauru,2015,0.0000
nauru,2016,0.0000
nauru,2017,0.0000
nauru,2018,0.0000
nauru,2019,0.0000
nauru,2020,0.0000
nauru,2021,0.0000
nauru,2022,0.0000
nepal,1962,0.0000
nepal,1963,0.0000
nepal,1964,0.0000
nepal,1965,0.0000
nepal,1966,0.0000
nepal,1967,0.0000
nepal,1968,0.0000
nepal,1969,0.0000
nepal,1970,0.0000
nepal,1971,0.0000
nepal,1972,0.0000
nepal,1973,0.0000
nepal,1974,0.0000
nepal,1975,0.0000
nepal,1976,0.0000
nepal,1977,0.0000
nepal,1978,0.0000
nepal,1979,0.0000
nepal,1980,0.0000
nepal,1981,0.0000
nepal,1982,0.0000
nepal,1983,0.0000
nepal,1984,0.0000
nepal,1985,0.0000
nepal,1986,0.0000
nepal,1987,0.0000
nepal,1988,0.0000
nepal,1989,0.0000
nepal,1990,0.0000
nepal,1991,0.0000
nepal,1992,0.0000
nepal,1993,0.0000
nepal,1994,0.0000
nepal,1995,0.0000
nepal,1996,0.0000
nepal,1997,0.0000
nepal,1998,0.0000
nepal,1999,0.0000
nepal,2000,0.0000
nepal,2001,0.0000
nepal,2002,0.0000
nepal,2003,0.0000
nepal,2004,0.0000
nepal,2005,0.0000
nepal,2006,0.0000
nepal,2007,0.0000
nepal,2008,0.0000
nepal,2009,0.0000
nepal,2010,0.0000
nepal,2011,0.0000
nepal,2012,0.0000
nepal,2013,0.0000
nepal,2014,0.0000
nepal,2015,0.0000
nepal,2016,0.0000
nepal,2017,0.0000
nepal,2018,0.0000
nepal,2019,0.0000
nepal,2020,0.0000
nepal,2021,0.0000
nepal,2022,0.0000
netherlands_kingdom_of_the,1962,0.0000
netherlands_kingdom_of_the,1963,0.0000
netherlands_kingdom_of_the,1964,0.0000
netherlands_kingdom_of_the,1965,0.0000
netherlands_kingdom_of_the,1966,0.0000
netherlands_kingdom_of_the,1967,0.0000
netherlands_kingdom_of_the,1968,0.0000
netherlands_kingdom_of_the,1969,0.0000
netherlands_kingdom_of_the,1970,0.0000
netherlands_kingdom_of_the,1971,0.0000
netherlands_kingdom_of_the,1972,0.0000
netherlands_kingdom_of_the,1973,0.0000
netherlands_kingdom_of_the,1974,0.0000
netherlands_kingdom_of_the,1975,0.0000
netherlands_kingdom_of_the,1976,0.0000
netherlands_kingdom_of_the,1977,0.0000
netherlands_kingdom_of_the,1978,0.0000
netherlands_kingdom_of_the,1979,0.0000
netherlands_kingdom_of_the,1980,0.0000
netherlands_kingdom_of_the,1981,0.0000
netherlands_kingdom_of_the,1982,0.0000
netherlands_kingdom_of_the,1983,0.0000
netherlands_kingdom_of_the,1984,0.0000
netherlands_kingdom_of_the,1985,0.0000
netherlands_kingdom_of_the,1986,0.0000
netherlands_kingdom_of_the,1987,0.0000
netherlands_kingdom_of_the,1988,0.0000
netherlands_kingdom_of_the,1989,0.0000
netherlands_kingdom_of_the,1990,0.0000
netherlands_kingdom_of_the,1991,0.0000
netherlands_kingdom_of_the,1992,0.0000
netherlands_kingdom_of_the,1993,0.0000
netherlands_kingdom_of_the,1994,0.0000
netherlands_kingdom_of_the,1995,0.0000
netherlands_kingdom_of_the,1996,0.0000
netherlands_kingdom_of_the,1997,0.0000
netherlands_kingdom_of_the,1998,0.0000
netherlands_kingdom_of_the,1999,0.0000
netherlands_kingdom_of_the,2000,0.0000
netherlands_kingdom_of_the,2001,0.0000
netherlands_kingdom_of_the,2002,0.0000
netherlands_kingdom_of_the,2003,0.0000
netherlands_kingdom_of_the,2004,0.0000
netherlands_kingdom_of_the,2005,0.0000
netherlands_kingdom_of_the,2006,0.0000
netherlands_kingdom_of_the,2007,0.0000
netherlands_kingdom_of_the,2008,0.0000
netherlands_kingdom_of_the,2009,0.0000
netherlands_kingdom_of_the,2010,0.0000
netherlands_kingdom_of_the,2011,0.0000
netherlands_kingdom_of_the,2012,0.0000
netherlands_kingdom_of_the,2013,0.0000
netherlands_kingdom_of_the,2014,0.0000
netherlands_kingdom_of_the,2015,0.0000
netherlands_kingdom_of_the,2016,0.0000
netherlands_kingdom_of_the,2017,0.0000
netherlands_kingdom_of_the,2018,0.0000
netherlands_kingdom_of_the,2019,0.0000
netherlands_kingdom_of_the,2020,0.0000
netherlands_kingdom_of_the,2021,0.0000
netherlands_kingdom_of_the,2022,0.0000
new_zealand,1961,0.0000
new_zealand,1962,0.0000
new_zealand,1963,0.0000
new_zealand,1964,0.0000
new_zealand,1965,0.0000
new_zealand,1966,0.0000
new_zealand,1967,0.0000
new_zealand,1968,0.0000
new_zealand,1969,0.0000
new_zealand,1970,0.0000
new_zealand,1971,0.0000
new_zealand,1972,0.0000
new_zealand,1973,0.0000
new_zealand,1974,0.0000
new_zealand,1975,0.0000
new_zealand,1976,0.0000
new_zealand,1977,0.0000
new_zealand,1978,0.0000
new_zealand,1979,0.0000
new_zealand,1980,0.0000
new_zealand,1981,0.0000
new_zealand,1982,0.0000
new_zealand,1983,0.0000
new_zealand,1984,0.0000
new_zealand,1985,0.0000
new_zealand,1986,0.0000
new_zealand,1987,0.0000
new_zealand,1988,0.0000
new_zealand,1989,0.0000
new_zealand,1990,0.0000
new_zealand,1991,0.0000
new_zealand,1992,0.0000
new_zealand,1993,0.0000
new_zealand,1994,0.0000
new_zealand,1995,0.0000
new_zealand,1996,0.0000
new_zealand,1997,0.0000
new_zealand,1998,0.0000
new_zealand,1999,0.0000
new_zealand,2000,0.0000
new_zealand,2001,0.0000
new_zealand,2002,0.0000
new_zealand,2003,0.0000
new_zealand,2004,0.0000
new_zealand,2005,0.0000
new_zealand,2006,0.0000
new_zealand,2007,0.0000
new_zealand,2008,0.0000
new_zealand,2009,0.0000
new_zealand,2010,0.0000
new_zealand,2011,0.0000
new_zealand,2012,0.0000
new_zealand,2013,0.0000
new_zealand,2014,0.0000
new_zealand,2015,0.0000
new_zealand,2016,0.0000
new_zealand,2017,0.0000
new_zealand,2018,0.0000
new_zealand,2019,0.0000
new_zealand,2020,0.0000
new_zealand,2021,0.0000
new_zealand,2022,0.0000
nicaragua,1961,0.0000
nicaragua,1962,0.0000
nicaragua,1963,0.0000
nicaragua,1964,0.0000
nicaragua,1965,0.0000
nicaragua,1966,0.0000
nicaragua,1967,0.0000
nicaragua,1968,0.0000
nicaragua,1969,0.0000
nicaragua,1970,0.0000
nicaragua,1971,0.0000
nicaragua,1972,0.0000
nicaragua,1973,0.0000
nicaragua,1974,0.0000
nicaragua,1975,0.0000
nicaragua,1976,0.0000
nicaragua,1977,0.0000
nicaragua,1978,0.0000
nicaragua,1979,0.0000
nicaragua,1980,0.0000
nicaragua,1981,0.0000
nicaragua,1982,0.0000
nicaragua,1983,0.0000
nicaragua,1984,0.0000
nicaragua,1985,0.0000
nicaragua,1986,0.0000
nicaragua,1987,0.0000
nicaragua,1988,0.0000
nicaragua,1989,0.0000
nicaragua,1990,0.0000
nicaragua,1991,0.0000
nicaragua,1992,0.0000
nicaragua,1993,0.0000
nicaragua,1994,0.0000
nicaragua,1995,0.0000
nicaragua,1996,0.0000
nicaragua,1997,0.0000
nicaragua,1998,0.0000
nicaragua,1999,0.0000
nicaragua,2000,0.0000
nicaragua,2001,0.0000
nicaragua,2002,0.0000
nicaragua,2003,0.0000
nicaragua,2004,0.0000
nicaragua,2005,0.0000
nicaragua,2006,0.0000
nicaragua,2007,0.0000
nicaragua,2008,0.0000
nicaragua,2009,0.0000
nicaragua,2010,0.0000
nicaragua,2011,0.0000
nicaragua,2012,0.0000
nicaragua,2013,0.0000
nicaragua,2014,0.0000
nicaragua,2015,0.0000
nicaragua,2016,0.0000
nicaragua,2017,0.0000
nicaragua,2018,0.0000
nicaragua,2019,0.0000
nicaragua,2020,0.0000
nicaragua,2021,0.0000
nicaragua,2022,0.0000
niger,1962,0.0000
niger,1963,0.0000
niger,1964,0.0000
niger,1965,0.0000
niger,1966,0.0000
niger,1967,0.0000
niger,1968,0.0000
niger,1969,0.0000
niger,1970,0.0000
niger,1971,0.0000
niger,1972,0.0000
niger,1973,0.0000
niger,1974,0.0000
niger,1975,0.0000
niger,1976,0.0000
niger,1977,0.0000
niger,1978,0.0000
niger,1979,0.0000
niger,1980,0.0000
niger,1981,0.0000
niger,1982,0.0000
niger,1983,0.0000
niger,1984,0.0000
niger,1985,0.0000
niger,1986,0.0000
niger,1987,0.0000
niger,1988,0.0000
niger,1989,0.0000
niger,1990,0.0000
niger,1991,0.0000
niger,1992,0.0000
niger,1993,0.0000
niger,1994,0.0000
niger,1995,0.0000
niger,1996,0.0000
niger,1997,0.0000
niger,1998,0.0000
niger,1999,0.0000
niger,2000,0.0000
niger,2001,0.0000
niger,2002,0.0000
niger,2003,0.0000
niger,2004,0.0000
niger,2005,0.0000
niger,2006,0.0000
niger,2007,0.0000
niger,2008,0.0000
niger,2009,0.0000
niger,2010,0.0000
niger,2011,0.0000
niger,2012,0.0000
niger,2013,0.0000
niger,2014,0.0000
niger,2015,0.0000
niger,2016,0.0000
niger,2017,0.0000
niger,2018,0.0000
niger,2019,0.0000
niger,2020,0.0000
niger,2021,0.0000
niger,2022,0.0000
nigeria,1962,0.0000
nigeria,1963,0.0000
nigeria,1964,0.0000
nigeria,1965,0.0000
nigeria,1966,0.0000
nigeria,1967,0.0000
nigeria,1968,0.0000
nigeria,1969,0.0000
nigeria,1970,0.0000
nigeria,1971,0.0000
nigeria,1972,0.0000
nigeria,1973,0.0000
nigeria,1974,0.0000
nigeria,1975,0.0000
nigeria,1976,0.0000
nigeria,1977,0.0000
nigeria,1978,0.0000
nigeria,1979,0.0000
nigeria,1980,0.0000
nigeria,1981,0.0000
nigeria,1982,0.0000
nigeria,1983,0.0000
nigeria,1984,0.0000
nigeria,1985,0.0000
nigeria,1986,0.0000
nigeria,1987,0.0000
nigeria,1988,0.0000
nigeria,1989,0.0000
nigeria,1990,0.0000
nigeria,1991,0.0000
nigeria,1992,0.0000
nigeria,1993,0.0000
nigeria,1994,0.0000
nigeria,1995,0.0000
nigeria,1996,0.0000
nigeria,1997,0.0000
nigeria,1998,0.0000
nigeria,1999,0.0000
nigeria,2000,0.0000
nigeria,2001,0.0000
nigeria,2002,0.0000
nigeria,2003,0.0000
nigeria,2004,0.0000
nigeria,2005,0.0000
nigeria,2006,0.0000
nigeria,2007,0.0000
nigeria,2008,0.0000
nigeria,2009,0.0000
nigeria,2010,0.0000
nigeria,2011,0.0000
nigeria,2012,0.0000
nigeria,2013,0.0000
nigeria,2014,0.0000
nigeria,2015,0.0000
nigeria,2016,0.0000
nigeria,2017,0.0000
nigeria,2018,0.0000
nigeria,2019,0.0000
nigeria,2020,0.0000
nigeria,2021,0.0000
nigeria,2022,0.0000
niue,1962,0.0000
niue,1963,0.0000
niue,1964,0.0000
niue,1965,0.0000
niue,1966,0.0000
niue,1967,0.0000
niue,1968,0.0000
niue,1969,0.0000
niue,1970,0.0000
niue,1971,0.0000
niue,1972,0.0000
niue,1973,0.0000
niue,1974,0.0000
niue,1975,0.0000
niue,1976,0.0000
niue,1977,0.0000
niue,1978,0.0000
niue,1979,0.0000
niue,1980,0.0000
niue,1981,0.0000
niue,1982,0.0000
niue,1983,0.0000
niue,1984,0.0000
niue,1985,0.0000
niue,1986,0.0000
niue,1987,0.0000
niue,1988,0.0000
niue,1989,0.0000
niue,1990,0.0000
niue,1991,0.0000
niue,1992,0.0000
niue,1993,0.0000
niue,1994,0.0000
niue,1995,0.0000
niue,1996,0.0000
niue,1997,0.0000
niue,1998,0.0000
niue,1999,0.0000
niue,2000,0.0000
niue,2001,0.0000
niue,2002,0.0000
niue,2003,0.0000
niue,2004,0.0000
niue,2005,0.0000
niue,2006,0.0000
niue,2007,0.0000
niue,2008,0.0000
niue,2009,0.0000
niue,2010,0.0000
niue,2011,0.0000
niue,2012,0.0000
niue,2013,0.0000
niue,2014,0.0000
niue,2015,0.0000
niue,2016,0.0000
niue,2017,0.0000
niue,2018,0.0000
niue,2019,0.0000
niue,2020,0.0000
niue,2021,0.0000
niue,2022,0.0000
north_macedonia,1992,0.0000
north_macedonia,1993,0.0000
north_macedonia,1994,0.0000
north_macedonia,1995,0.0000
north_macedonia,1996,0.0000
north_macedonia,1997,0.0000
north_macedonia,1998,0.0000
north_macedonia,1999,0.0000
north_macedonia,2000,0.0000
north_macedonia,2001,0.0000
north_macedonia,2002,0.0000
north_macedonia,2003,0.0000
north_macedonia,2004,0.0000
north_macedonia,2005,0.0000
north_macedonia,2006,0.0000
north_macedonia,2007,0.0000
north_macedonia,2008,0.0000
north_macedonia,2009,0.0000
north_macedonia,2010,0.0000
north_macedonia,2011,0.0000
north_macedonia,2012,0.0000
north_macedonia,2013,0.0000
north_macedonia,2014,0.0000
north_macedonia,2015,0.0000
north_macedonia,2016,0.0000
north_macedonia,2017,0.0000
north_macedonia,2018,0.0000
north_macedonia,2019,0.0000
north_macedonia,2020,0.0000
north_macedonia,2021,0.0000
north_macedonia,2022,0.0000
norway,1962,0.0000
norway,1963,0.0000
norway,1964,0.0000
norway,1965,0.0000
norway,1966,0.0000
norway,1967,0.0000
norway,1968,0.0000
norway,1969,0.0000
norway,1970,0.0000
norway,1971,0.0000
norway,1972,0.0000
norway,1973,0.0000
norway,1974,0.0000
norway,1975,0.0000
norway,1976,0.0000
norway,1977,0.0000
norway,1978,0.0000
norway,1979,0.0000
norway,1980,0.0000
norway,1981,0.0000
norway,1982,0.0000
norway,1983,0.0000
norway,1984,0.0000
norway,1985,0.0000
norway,1986,0.0000
norway,1987,0.0000
norway,1988,0.0000
norway,1989,0.0000
norway,1990,0.0000
norway,1991,0.0000
norway,1992,0.0000
norway,1993,0.0000
norway,1994,0.0000
norway,1995,0.0000
norway,1996,0.0000
norway,1997,0.0000
norway,1998,0.0000
norway,1999,0.0000
norway,2000,0.0000
norway,2001,0.0000
norway,2002,0.0000
norway,2003,0.0000
norway,2004,0.0000
norway,2005,0.0000
norway,2006,0.0000
norway,2007,0.0000
norway,2008,0.0000
norway,2009,0.0000
norway,2010,0.0000
norway,2011,0.0000
norway,2012,0.0000
norway,2013,0.0000
norway,2014,0.0000
norway,2015,0.0000
norway,2016,0.0000
norway,2017,0.0000
norway,2018,0.0000
norway,2019,0.0000
norway,2020,0.0000
norway,2021,0.0000
norway,2022,0.0000
pakistan,1962,0.0000
pakistan,1963,0.0000
pakistan,1964,0.0000
pakistan,1965,0.0000
pakistan,1966,0.0000
pakistan,1967,0.0000
pakistan,1968,0.0000
pakistan,1969,0.0000
pakistan,1970,0.0000
pakistan,1971,0.0000
pakistan,1972,0.0000
pakistan,1973,0.0000
pakistan,1974,0.0000
pakistan,1975,0.0000
pakistan,1976,0.0000
pakistan,1977,0.0000
pakistan,1978,0.0000
pakistan,1979,0.0000
pakistan,1980,0.0000
pakistan,1981,0.0000
pakistan,1982,0.0000
pakistan,1983,0.0000
pakistan,1984,0.0000
pakistan,1985,0.0000
pakistan,1986,0.0000
pakistan,1987,0.0000
pakistan,1988,0.0000
pakistan,1989,0.0000
pakistan,1990,0.0000
pakistan,1991,0.0000
pakistan,1992,0.0000
pakistan,1993,0.0000
pakistan,1994,0.0000
pakistan,1995,0.0000
pakistan,1996,0.0000
pakistan,1997,0.0000
pakistan,1998,0.0000
pakistan,1999,0.0000
pakistan,2000,0.0000
pakistan,2001,0.0000
pakistan,2002,0.0000
pakistan,2003,0.0000
pakistan,2004,0.0000
pakistan,2005,0.0000
pakistan,2006,0.0000
pakistan,2007,0.0000
pakistan,2008,0.0000
pakistan,2009,0.0000
pakistan,2010,0.0000
pakistan,2011,0.0000
pakistan,2012,0.0000
pakistan,2013,0.0000
pakistan,2014,0.0000
pakistan,2015,0.0000
pakistan,2016,0.0000
pakistan,2017,0.0000
pakistan,2018,0.0000
pakistan,2019,0.0000
pakistan,2020,0.0000
pakistan,2021,0.0000
pakistan,2022,0.0000
palau,1962,0.0000
palau,1963,0.0000
palau,1964,0.0000
palau,1965,0.0000
palau,1966,0.0000
palau,1967,0.0000
palau,1968,0.0000
palau,1969,0.0000
palau,1970,0.0000
palau,1971,0.0000
palau,1972,0.0000
palau,1973,0.0000
palau,1974,0.0000
palau,1975,0.0000
palau,1976,0.0000
palau,1977,0.0000
palau,1978,0.0000
palau,1979,0.0000
palau,1980,0.0000
palau,1981,0.0000
palau,1982,0.0000
palau,1983,0.0000
palau,1984,0.0000
palau,1985,0.0000
palau,1986,0.0000
palau,1987,0.0000
palau,1988,0.0000
palau,1989,0.0000
palau,1990,0.0000
palau,1991,0.0000
palau,1992,0.0000
palau,1993,0.0000
palau,1994,0.0000
palau,1995,0.0000
palau,1996,0.0000
palau,1997,0.0000
palau,1998,0.0000
palau,1999,0.0000
palau,2000,0.0000
palau,2001,0.0000
palau,2002,0.0000
palau,2003,0.0000
palau,2004,0.0000
palau,2005,0.0000
palau,2006,0.0000
palau,2007,0.0000
palau,2008,0.0000
palau,2009,0.0000
palau,2010,0.0000
palau,2011,0.0000
palau,2012,0.0000
palau,2013,0.0000
palau,2014,0.0000
palau,2015,0.0000
palau,2016,0.0000
palau,2017,0.0000
palau,2018,0.0000
palau,2019,0.0000
palau,2020,0.0000
palau,2021,0.0000
palau,2022,0.0000
palestine,1962,0.0000
palestine,1963,0.0000
palestine,1964,0.0000
palestine,1965,0.0000
palestine,1966,0.0000
palestine,1967,0.0000
palestine,1968,0.0000
palestine,1969,0.0000
palestine,1970,0.0000
palestine,1971,0.0000
palestine,1972,0.0000
palestine,1973,0.0000
palestine,1974,0.0000
palestine,1975,0.0000
palestine,1976,0.0000
palestine,1977,0.0000
palestine,1978,0.0000
palestine,1979,0.0000
palestine,1980,0.0000
palestine,1981,0.0000
palestine,1982,0.0000
palestine,1983,0.0000
palestine,1984,0.0000
palestine,1985,0.0000
palestine,1986,0.0000
palestine,1987,0.0000
palestine,1988,0.0000
palestine,1989,0.0000
palestine,1990,0.0000
palestine,1991,0.0000
palestine,1992,0.0000
palestine,1993,0.0000
palestine,1994,0.0000
palestine,1995,0.0000
palestine,1996,0.0000
palestine,1997,0.0000
palestine,1998,0.0000
palestine,1999,0.0000
palestine,2000,0.0000
palestine,2001,0.0000
palestine,2002,0.0000
palestine,2003,0.0000
palestine,2004,0.0000
palestine,2005,0.0000
palestine,2006,0.0000
palestine,2007,0.0000
palestine,2008,0.0000
palestine,2009,0.0000
palestine,2010,0.0000
palestine,2011,0.0000
palestine,2012,0.0000
palestine,2013,0.0000
palestine,2014,0.0000
palestine,2015,0.0000
palestine,2016,0.0000
palestine,2017,0.0000
palestine,2018,0.0000
palestine,2019,0.0000
palestine,2020,0.0000
palestine,2021,0.0000
palestine,2022,0.0000
panama,1961,0.0000
panama,1962,0.0000
panama,1963,0.0000
panama,1964,0.0000
panama,1965,0.0000
panama,1966,0.0000
panama,1967,0.0000
panama,1968,0.0000
panama,1969,0.0000
panama,1970,0.0000
panama,1971,0.0000
panama,1972,0.0000
panama,1973,0.0000
panama,1974,0.0000
panama,1975,0.0000
panama,1976,0.0000
panama,1977,0.0000
panama,1978,0.0000
panama,1979,0.0000
panama,1980,0.0000
panama,1981,0.0000
panama,1982,0.0000
panama,1983,0.0000
panama,1984,0.0000
panama,1985,0.0000
panama,1986,0.0000
panama,1987,0.0000
panama,1988,0.0000
panama,1989,0.0000
panama,1990,0.0000
panama,1991,0.0000
panama,1992,0.0000
panama,1993,0.0000
panama,1994,0.0000
panama,1995,0.0000
panama,1996,0.0000
panama,1997,0.0000
panama,1998,0.0000
panama,1999,0.0000
panama,2000,0.0000
panama,2001,0.0000
panama,2002,0.0000
panama,2003,0.0000
panama,2004,0.0000
panama,2005,0.0000
panama,2006,0.0000
panama,2007,0.0000
panama,2008,0.0000
panama,2009,0.0000
panama,2010,0.0000
panama,2011,0.0000
panama,2012,0.0000
panama,2013,0.0000
panama,2014,0.0000
panama,2015,0.0000
panama,2016,0.0000
panama,2017,0.0000
panama,2018,0.0000
panama,2019,0.0000
panama,2020,0.0000
panama,2021,0.0000
panama,2022,0.0000
papua_new_guinea,1962,0.0000
papua_new_guinea,1963,0.0000
papua_new_guinea,1964,0.0000
papua_new_guinea,1965,0.0000
papua_new_guinea,1966,0.0000
papua_new_guinea,1967,0.0000
papua_new_guinea,1968,0.0000
papua_new_guinea,1969,0.0000
papua_new_guinea,1970,0.0000
papua_new_guinea,1971,0.0000
papua_new_guinea,1972,0.0000
papua_new_guinea,1973,0.0000
papua_new_guinea,1974,0.0000
papua_new_guinea,1975,0.0000
papua_new_guinea,1976,0.0000
papua_new_guinea,1977,0.0000
papua_new_guinea,1978,0.0000
papua_new_guinea,1979,0.0000
papua_new_guinea,1980,0.0000
papua_new_guinea,1981,0.0000
papua_new_guinea,1982,0.0000
papua_new_guinea,1983,0.0000
papua_new_guinea,1984,0.0000
papua_new_guinea,1985,0.0000
papua_new_guinea,1986,0.0000
papua_new_guinea,1987,0.0000
papua_new_guinea,1988,0.0000
papua_new_guinea,1989,0.0000
papua_new_guinea,1990,0.0000
papua_new_guinea,1991,0.0000
papua_new_guinea,1992,0.0000
papua_new_guinea,1993,0.0000
papua_new_guinea,1994,0.0000
papua_new_guinea,1995,0.0000
papua_new_guinea,1996,0.0000
papua_new_guinea,1997,0.0000
papua_new_guinea,1998,0.0000
papua_new_guinea,1999,0.0000
papua_new_guinea,2000,0.0000
papua_new_guinea,2001,0.0000
papua_new_guinea,2002,0.0000
papua_new_guinea,2003,0.0000
papua_new_guinea,2004,0.0000
papua_new_guinea,2005,0.0000
papua_new_guinea,2006,0.0000
papua_new_guinea,2007,0.0000
papua_new_guinea,2008,0.0000
papua_new_guinea,2009,0.0000
papua_new_guinea,2010,0.0000
papua_new_guinea,2011,0.0000
papua_new_guinea,2012,0.0000
papua_new_guinea,2013,0.0000
papua_new_guinea,2014,0.0000
papua_new_guinea,2015,0.0000
papua_new_guinea,2016,0.0000
papua_new_guinea,2017,0.0000
papua_new_guinea,2018,0.0000
papua_new_guinea,2019,0.0000
papua_new_guinea,2020,0.0000
papua_new_guinea,2021,0.0000
papua_new_guinea,2022,0.0000
paraguay,1961,0.0000
paraguay,1962,0.0000
paraguay,1963,0.0000
paraguay,1964,0.0000
paraguay,1965,0.0000
paraguay,1966,0.0000
paraguay,1967,0.0000
paraguay,1968,0.0000
paraguay,1969,0.0000
paraguay,1970,0.0000
paraguay,1971,0.0000
paraguay,1972,0.0000
paraguay,1973,0.0000
paraguay,1974,0.0000
paraguay,1975,0.0000
paraguay,1976,0.0000
paraguay,1977,0.0000
paraguay,1978,0.0000
paraguay,1979,0.0000
paraguay,1980,0.0000
paraguay,1981,0.0000
paraguay,1982,0.0000
paraguay,1983,0.0000
paraguay,1984,0.0000
paraguay,1985,0.0000
paraguay,1986,0.0000
paraguay,1987,0.0000
paraguay,1988,0.0000
paraguay,1989,0.0000
paraguay,1990,0.0000
paraguay,1991,0.0000
paraguay,1992,0.0000
paraguay,1993,0.0000
paraguay,1994,0.0000
paraguay,1995,0.0000
paraguay,1996,0.0000
paraguay,1997,0.0000
paraguay,1998,0.0000
paraguay,1999,0.0000
paraguay,2000,0.0000
paraguay,2001,0.0000
paraguay,2002,0.0000
paraguay,2003,0.0000
paraguay,2004,0.0000
paraguay,2005,0.0000
paraguay,2006,0.0000
paraguay,2007,0.0000
paraguay,2008,0.0000
paraguay,2009,0.0000
paraguay,2010,0.0000
paraguay,2011,0.0000
paraguay,2012,0.0000
paraguay,2013,0.0000
paraguay,2014,0.0000
paraguay,2015,0.0000
paraguay,2016,0.0000
paraguay,2017,0.0000
paraguay,2018,0.0000
paraguay,2019,0.0000
paraguay,2020,0.0000
paraguay,2021,0.0000
paraguay,2022,0.0000
peru,1961,0.0000
peru,1962,0.0000
peru,1963,0.0000
peru,1964,0.0000
peru,1965,0.0000
peru,1966,0.0000
peru,1967,0.0000
peru,1968,0.0000
peru,1969,0.0000
peru,1970,0.0000
peru,1971,0.0000
peru,1972,0.0000
peru,1973,0.0000
peru,1974,0.0000
peru,1975,0.0000
peru,1976,0.0000
peru,1977,0.0000
peru,1978,0.0000
peru,1979,0.0000
peru,1980,0.0000
peru,1981,0.0000
peru,1982,0.0000
peru,1983,0.0000
peru,1984,0.0000
peru,1985,0.0000
peru,1986,0.0000
peru,1987,0.0000
peru,1988,0.0000
peru,1989,0.0000
peru,1990,0.0000
peru,1991,0.0000
peru,1992,0.0000
peru,1993,0.0000
peru,1994,0.0000
peru,1995,0.0000
peru,1996,0.0000
peru,1997,0.0000
peru,1998,0.0000
peru,1999,0.0000
peru,2000,0.0000
peru,2001,0.0000
peru,2002,0.0000
peru,2003,0.0000
peru,2004,0.0000
peru,2005,0.0000
peru,2006,0.0000
peru,2007,0.0000
peru,2008,0.0000
peru,2009,0.0000
peru,2010,0.0000
peru,2011,0.0000
peru,2012,0.0000
peru,2013,0.0000
peru,2014,0.0000
peru,2015,0.0000
peru,2016,0.0000
peru,2017,0.0000
peru,2018,0.0000
peru,2019,0.0000
peru,2020,0.0000
peru,2021,0.0000
peru,2022,0.0000
philippines,1961,0.0000
philippines,1962,0.0000
philippines,1963,0.0000
philippines,1964,0.0000
philippines,1965,0.0000
philippines,1966,0.0000
philippines,1967,0.0000
philippines,1968,0.0000
philippines,1969,0.0000
philippines,1970,0.0000
philippines,1971,0.0000
philippines,1972,0.0000
philippines,1973,0.0000
philippines,1974,0.0000
philippines,1975,0.0000
philippines,1976,0.0000
philippines,1977,0.0000
philippines,1978,0.0000
philippines,1979,0.0000
philippines,1980,0.0000
philippines,1981,0.0000
philippines,1982,0.0000
philippines,1983,0.0000
philippines,1984,0.0000
philippines,1985,0.0000
philippines,1986,0.0000
philippines,1987,0.0000
philippines,1988,0.0000
philippines,1989,0.0000
philippines,1990,0.0000
philippines,1991,0.0000
philippines,1992,0.0000
philippines,1993,0.0000
philippines,1994,0.0000
philippines,1995,0.0000
philippines,1996,0.0000
philippines,1997,0.0000
philippines,1998,0.0000
philippines,1999,0.0000
philippines,2000,0.0000
philippines,2001,0.0000
philippines,2002,0.0000
philippines,2003,0.0000
philippines,2004,0.0000
philippines,2005,0.0000
philippines,2006,0.0000
philippines,2007,0.0000
philippines,2008,0.0000
philippines,2009,0.0000
philippines,2010,0.0000
philippines,2011,0.0000
philippines,2012,0.0000
philippines,2013,0.0000
philippines,2014,0.0000
philippines,2015,0.0000
philippines,2016,0.0000
philippines,2017,0.0000
philippines,2018,0.0000
philippines,2019,0.0000
philippines,2020,0.0000
philippines,2021,0.0000
philippines,2022,0.0000
poland,1962,0.0000
poland,1963,0.0000
poland,1964,0.0000
poland,1965,0.0000
poland,1966,0.0000
poland,1967,0.0000
poland,1968,0.0000
poland,1969,0.0000
poland,1970,0.0000
poland,1971,0.0000
poland,1972,0.0000
poland,1973,0.0000
poland,1974,0.0000
poland,1975,0.0000
poland,1976,0.0000
poland,1977,0.0000
poland,1978,0.0000
poland,1979,0.0000
poland,1980,0.0000
poland,1981,0.0000
poland,1982,0.0000
poland,1983,0.0000
poland,1984,0.0000
poland,1985,0.0000
poland,1986,0.0000
poland,1987,0.0000
poland,1988,0.0000
poland,1989,0.0000
poland,1990,0.0000
poland,1991,0.0000
poland,1992,0.0000
poland,1993,0.0000
poland,1994,0.0000
poland,1995,0.0000
poland,1996,0.0000
poland,1997,0.0000
poland,1998,0.0000
poland,1999,0.0000
poland,2000,0.0000
poland,2001,0.0000
poland,2002,0.0000
poland,2003,0.0000
poland,2004,0.0000
poland,2005,0.0000
poland,2006,0.0000
poland,2007,0.0000
poland,2008,0.0000
poland,2009,0.0000
poland,2010,0.0000
poland,2011,0.0000
poland,2012,0.0000
poland,2013,0.0000
poland,2014,0.0000
poland,2015,0.0000
poland,2016,0.0000
poland,2017,0.0000
poland,2018,0.0000
poland,2019,0.0000
poland,2020,0.0000
poland,2021,0.0000
poland,2022,0.0000
portugal,1962,0.0000
portugal,1963,0.0000
portugal,1964,0.0000
portugal,1965,0.0000
portugal,1966,0.0000
portugal,1967,0.0000
portugal,1968,0.0000
portugal,1969,0.0000
portugal,1970,0.0000
portugal,1971,0.0000
portugal,1972,0.0000
portugal,1973,0.0000
portugal,1974,0.0000
portugal,1975,0.0000
portugal,1976,0.0000
portugal,1977,0.0000
portugal,1978,0.0000
portugal,1979,0.0000
portugal,1980,0.0000
portugal,1981,0.0000
portugal,1982,0.0000
portugal,1983,0.0000
portugal,1984,0.0000
portugal,1985,0.0000
portugal,1986,0.0000
portugal,1987,0.0000
portugal,1988,0.0000
portugal,1989,0.0000
portugal,1990,0.0000
portugal,1991,0.0000
portugal,1992,0.0000
portugal,1993,0.0000
portugal,1994,0.0000
portugal,1995,0.0000
portugal,1996,0.0000
portugal,1997,0.0000
portugal,1998,0.0000
portugal,1999,0.0000
portugal,2000,0.0000
portugal,2001,0.0000
portugal,2002,0.0000
portugal,2003,0.0000
portugal,2004,0.0000
portugal,2005,0.0000
portugal,2006,0.0000
portugal,2007,0.0000
portugal,2008,0.0000
portugal,2009,0.0000
portugal,2010,0.0000
portugal,2011,0.0000
portugal,2012,0.0000
portugal,2013,0.0000
portugal,2014,0.0000
portugal,2015,0.0000
portugal,2016,0.0000
portugal,2017,0.0000
portugal,2018,0.0000
portugal,2019,0.0000
portugal,2020,0.0000
portugal,2021,0.0000
portugal,2022,0.0000
puerto_rico,1962,0.0000
puerto_rico,1963,0.0000
puerto_rico,1964,0.0000
puerto_rico,1965,0.0000
puerto_rico,1966,0.0000
puerto_rico,1967,0.0000
puerto_rico,1968,0.0000
puerto_rico,1969,0.0000
puerto_rico,1970,0.0000
puerto_rico,1971,0.0000
puerto_rico,1972,0.0000
puerto_rico,1973,0.0000
puerto_rico,1974,0.0000
puerto_rico,1975,0.0000
puerto_rico,1976,0.0000
puerto_rico,1977,0.0000
puerto_rico,1978,0.0000
puerto_rico,1979,0.0000
puerto_rico,1980,0.0000
puerto_rico,1981,0.0000
puerto_rico,1982,0.0000
puerto_rico,1983,0.0000
puerto_rico,1984,0.0000
puerto_rico,1985,0.0000
puerto_rico,1986,0.0000
puerto_rico,1987,0.0000
puerto_rico,1988,0.0000
puerto_rico,1989,0.0000
puerto_rico,1990,0.0000
puerto_rico,1991,0.0000
puerto_rico,1992,0.0000
puerto_rico,1993,0.0000
puerto_rico,1994,0.0000
puerto_rico,1995,0.0000
puerto_rico,1996,0.0000
puerto_rico,1997,0.0000
puerto_rico,1998,0.0000
puerto_rico,1999,0.0000
puerto_rico,2000,0.0000
puerto_rico,2001,0.0000
puerto_rico,2002,0.0000
puerto_rico,2003,0.0000
puerto_rico,2004,0.0000
puerto_rico,2005,0.0000
puerto_rico,2006,0.0000
puerto_rico,2007,0.0000
puerto_rico,2008,0.0000
puerto_rico,2009,0.0000
puerto_rico,2010,0.0000
puerto_rico,2011,0.0000
puerto_rico,2012,0.0000
puerto_rico,2013,0.0000
puerto_rico,2014,0.0000
puerto_rico,2015,0.0000
puerto_rico,2016,0.0000
puerto_rico,2017,0.0000
puerto_rico,2018,0.0000
puerto_rico,2019,0.0000
puerto_rico,2020,0.0000
puerto_rico,2021,0.0000
puerto_rico,2022,0.0000
qatar,1962,0.0000
qatar,1963,0.0000
qatar,1964,0.0000
qatar,1965,0.0000
qatar,1966,0.0000
qatar,1967,0.0000
qatar,1968,0.0000
qatar,1969,0.0000
qatar,1970,0.0000
qatar,1971,0.0000
qatar,1972,0.0000
qatar,1973,0.0000
qatar,1974,0.0000
qatar,1975,0.0000
qatar,1976,0.0000
qatar,1977,0.0000
qatar,1978,0.0000
qatar,1979,0.0000
qatar,1980,0.0000
qatar,1981,0.0000
qatar,1982,0.0000
qatar,1983,0.0000
qatar,1984,0.0000
qatar,1985,0.0000
qatar,1986,0.0000
qatar,1987,0.0000
qatar,1988,0.0000
qatar,1989,0.0000
qatar,1990,0.0000
qatar,1991,0.0000
qatar,1992,0.0000
qatar,1993,0.0000
qatar,1994,0.0000
qatar,1995,0.0000
qatar,1996,0.0000
qatar,1997,0.0000
qatar,1998,0.0000
qatar,1999,0.0000
qatar,2000,0.0000
qatar,2001,0.0000
qatar,2002,0.0000
qatar,2003,0.0000
qatar,2004,0.0000
qatar,2005,0.0000
qatar,2006,0.0000
qatar,2007,0.0000
qatar,2008,0.0000
qatar,2009,0.0000
qatar,2010,0.0000
qatar,2011,0.0000
qatar,2012,0.0000
qatar,2013,0.0000
qatar,2014,0.0000
qatar,2015,0.0000
qatar,2016,0.0000
qatar,2017,0.0000
qatar,2018,0.0000
qatar,2019,0.0000
qatar,2020,0.0000
qatar,2021,0.0000
qatar,2022,0.0000
republic_of_korea,1961,0.0000
republic_of_korea,1962,0.0000
republic_of_korea,1963,0.0000
republic_of_korea,1964,0.0000
republic_of_korea,1965,0.0000
republic_of_korea,1966,0.0000
republic_of_korea,1967,0.0000
republic_of_korea,1968,0.0000
republic_of_korea,1969,0.0000
republic_of_korea,1970,0.0000
republic_of_korea,1971,0.0000
republic_of_korea,1972,0.0000
republic_of_korea,1973,0.0000
republic_of_korea,1974,0.0000
republic_of_korea,1975,0.0000
republic_of_korea,1976,0.0000
republic_of_korea,1977,0.0000
republic_of_korea,1978,0.0000
republic_of_korea,1979,0.0000
republic_of_korea,1980,0.0000
republic_of_korea,1981,0.0000
republic_of_korea,1982,0.0000
republic_of_korea,1983,0.0000
republic_of_korea,1984,0.0000
republic_of_korea,1985,0.0000
republic_of_korea,1986,0.0000
republic_of_korea,1987,0.0000
republic_of_korea,1988,0.0000
republic_of_korea,1989,0.0000
republic_of_korea,1990,0.0000
republic_of_korea,1991,0.0000
republic_of_korea,1992,0.0000
republic_of_korea,1993,0.0000
republic_of_korea,1994,0.0000
republic_of_korea,1995,0.0000
republic_of_korea,1996,0.0000
republic_of_korea,1997,0.0000
republic_of_korea,1998,0.0000
republic_of_korea,1999,0.0000
republic_of_korea,2000,0.0000
republic_of_korea,2001,0.0000
republic_of_korea,2002,0.0000
republic_of_korea,2003,0.0000
republic_of_korea,2004,0.0000
republic_of_korea,2005,0.0000
republic_of_korea,2006,0.0000
republic_of_korea,2007,0.0000
republic_of_korea,2008,0.0000
republic_of_korea,2009,0.0000
republic_of_korea,2010,0.0000
republic_of_korea,2011,0.0000
republic_of_korea,2012,0.0000
republic_of_korea,2013,0.0000
republic_of_korea,2014,0.0000
republic_of_korea,2015,0.0000
republic_of_korea,2016,0.0000
republic_of_korea,2017,0.0000
republic_of_korea,2018,0.0000
republic_of_korea,2019,0.0000
republic_of_korea,2020,0.0000
republic_of_korea,2021,0.0000
republic_of_korea,2022,0.0000
republic_of_moldova,1992,0.0000
republic_of_moldova,1993,0.0000
republic_of_moldova,1994,0.0000
republic_of_moldova,1995,0.0000
republic_of_moldova,1996,0.0000
republic_of_moldova,1997,0.0000
republic_of_moldova,1998,0.0000
republic_of_moldova,1999,0.0000
republic_of_moldova,2000,0.0000
republic_of_moldova,2001,0.0000
republic_of_moldova,2002,0.0000
republic_of_moldova,2003,0.0000
republic_of_moldova,2004,0.0000
republic_of_moldova,2005,0.0000
republic_of_moldova,2006,0.0000
republic_of_moldova,2007,0.0000
republic_of_moldova,2008,0.0000
republic_of_moldova,2009,0.0000
republic_of_moldova,2010,0.0000
republic_of_moldova,2011,0.0000
republic_of_moldova,2012,0.0000
republic_of_moldova,2013,0.0000
republic_of_moldova,2014,0.0000
republic_of_moldova,2015,0.0000
republic_of_moldova,2016,0.0000
republic_of_moldova,2017,0.0000
republic_of_moldova,2018,0.0000
republic_of_moldova,2019,0.0000
republic_of_moldova,2020,0.0000
republic_of_moldova,2021,0.0000
republic_of_moldova,2022,0.0000
romania,1962,0.0000
romania,1963,0.0000
romania,1964,0.0000
romania,1965,0.0000
romania,1966,0.0000
romania,1967,0.0000
romania,1968,0.0000
romania,1969,0.0000
romania,1970,0.0000
romania,1971,0.0000
romania,1972,0.0000
romania,1973,0.0000
romania,1974,0.0000
romania,1975,0.0000
romania,1976,0.0000
romania,1977,0.0000
romania,1978,0.0000
romania,1979,0.0000
romania,1980,0.0000
romania,1981,0.0000
romania,1982,0.0000
romania,1983,0.0000
romania,1984,0.0000
romania,1985,0.0000
romania,1986,0.0000
romania,1987,0.0000
romania,1988,0.0000
romania,1989,0.0000
romania,1990,0.0000
romania,1991,0.0000
romania,1992,0.0000
romania,1993,0.0000
romania,1994,0.0000
romania,1995,0.0000
romania,1996,0.0000
romania,1997,0.0000
romania,1998,0.0000
romania,1999,0.0000
romania,2000,0.0000
romania,2001,0.0000
romania,2002,0.0000
romania,2003,0.0000
romania,2004,0.0000
romania,2005,0.0000
romania,2006,0.0000
romania,2007,0.0000
romania,2008,0.0000
romania,2009,0.0000
romania,2010,0.0000
romania,2011,0.0000
romania,2012,0.0000
romania,2013,0.0000
romania,2014,0.0000
romania,2015,0.0000
romania,2016,0.0000
romania,2017,0.0000
romania,2018,0.0000
romania,2019,0.0000
romania,2020,0.0000
romania,2021,0.0000
romania,2022,0.0000
russian_federation,1992,0.0000
russian_federation,1993,0.0000
russian_federation,1994,0.0000
russian_federation,1995,0.0000
russian_federation,1996,0.0000
russian_federation,1997,0.0000
russian_federation,1998,0.0000
russian_federation,1999,0.0000
russian_federation,2000,0.0000
russian_federation,2001,0.0000
russian_federation,2002,0.0000
russian_federation,2003,0.0000
russian_federation,2004,0.0000
russian_federation,2005,0.0000
russian_federation,2006,0.0000
russian_federation,2007,0.0000
russian_federation,2008,0.0000
russian_federation,2009,0.0000
russian_federation,2010,0.0000
russian_federation,2011,0.0000
russian_federation,2012,0.0000
russian_federation,2013,0.0000
russian_federation,2014,0.0000
russian_federation,2015,0.0000
russian_federation,2016,0.0000
russian_federation,2017,0.0000
russian_federation,2018,0.0000
russian_federation,2019,0.0000
russian_federation,2020,0.0000
russian_federation,2021,0.0000
russian_federation,2022,0.0000
rwanda,1962,0.0000
rwanda,1963,0.0000
rwanda,1964,0.0000
rwanda,1965,0.0000
rwanda,1966,0.0000
rwanda,1967,0.0000
rwanda,1968,0.0000
rwanda,1969,0.0000
rwanda,1970,0.0000
rwanda,1971,0.0000
rwanda,1972,0.0000
rwanda,1973,0.0000
rwanda,1974,0.0000
rwanda,1975,0.0000
rwanda,1976,0.0000
rwanda,1977,0.0000
rwanda,1978,0.0000
rwanda,1979,0.0000
rwanda,1980,0.0000
rwanda,1981,0.0000
rwanda,1982,0.0000
rwanda,1983,0.0000
rwanda,1984,0.0000
rwanda,1985,0.0000
rwanda,1986,0.0000
rwanda,1987,0.0000
rwanda,1988,0.0000
rwanda,1989,0.0000
rwanda,1990,0.0000
rwanda,1991,0.0000
rwanda,1992,0.0000
rwanda,1993,0.0000
rwanda,1994,0.0000
rwanda,1995,0.0000
rwanda,1996,0.0000
rwanda,1997,0.0000
rwanda,1998,0.0000
rwanda,1999,0.0000
rwanda,2000,0.0000
rwanda,2001,0.0000
rwanda,2002,0.0000
rwanda,2003,0.0000
rwanda,2004,0.0000
rwanda,2005,0.0000
rwanda,2006,0.0000
rwanda,2007,0.0000
rwanda,2008,0.0000
rwanda,2009,0.0000
rwanda,2010,0.0000
rwanda,2011,0.0000
rwanda,2012,0.0000
rwanda,2013,0.0000
rwanda,2014,0.0000
rwanda,2015,0.0000
rwanda,2016,0.0000
rwanda,2017,0.0000
rwanda,2018,0.0000
rwanda,2019,0.0000
rwanda,2020,0.0000
rwanda,2021,0.0000
rwanda,2022,0.0000
saint_kitts_and_nevis,1961,0.0000
saint_kitts_and_nevis,1962,0.0000
saint_kitts_and_nevis,1963,0.0000
saint_kitts_and_nevis,1964,0.0000
saint_kitts_and_nevis,1965,0.0000
saint_kitts_and_nevis,1966,0.0000
saint_kitts_and_nevis,1967,0.0000
saint_kitts_and_nevis,1968,0.0000
saint_kitts_and_nevis,1969,0.0000
saint_kitts_and_nevis,1970,0.0000
saint_kitts_and_nevis,1971,0.0000
saint_kitts_and_nevis,1972,0.0000
saint_kitts_and_nevis,1973,0.0000
saint_kitts_and_nevis,1974,0.0000
saint_kitts_and_nevis,1975,0.0000
saint_kitts_and_nevis,1976,0.0000
saint_kitts_and_nevis,1977,0.0000
saint_kitts_and_nevis,1978,0.0000
saint_kitts_and_nevis,1979,0.0000
saint_kitts_and_nevis,1980,0.0000
saint_kitts_and_nevis,1981,0.0000
saint_kitts_and_nevis,1982,0.0000
saint_kitts_and_nevis,1983,0.0000
saint_kitts_and_nevis,1984,0.0000
saint_kitts_and_nevis,1985,0.0000
saint_kitts_and_nevis,1986,0.0000
saint_kitts_and_nevis,1987,0.0000
saint_kitts_and_nevis,1988,0.0000
saint_kitts_and_nevis,1989,0.0000
saint_kitts_and_nevis,1990,0.0000
saint_kitts_and_nevis,1991,0.0000
saint_kitts_and_nevis,1992,0.0000
saint_kitts_and_nevis,1993,0.0000
saint_kitts_and_nevis,1994,0.0000
saint_kitts_and_nevis,1995,0.0000
saint_kitts_and_nevis,1996,0.0000
saint_kitts_and_nevis,1997,0.0000
saint_kitts_and_nevis,1998,0.0000
saint_kitts_and_nevis,1999,0.0000
saint_kitts_and_nevis,2000,0.0000
saint_kitts_and_nevis,2001,0.0000
saint_kitts_and_nevis,2002,0.0000
saint_kitts_and_nevis,2003,0.0000
saint_kitts_and_nevis,2004,0.0000
saint_kitts_and_nevis,2005,0.0000
saint_kitts_and_nevis,2006,0.0000
saint_kitts_and_nevis,2007,0.0000
saint_kitts_and_nevis,2008,0.0000
saint_kitts_and_nevis,2009,0.0000
saint_kitts_and_nevis,2010,0.0000
saint_kitts_and_nevis,2011,0.0000
saint_kitts_and_nevis,2012,0.0000
saint_kitts_and_nevis,2013,0.0000
saint_kitts_and_nevis,2014,0.0000
saint_kitts_and_nevis,2015,0.0000
saint_kitts_and_nevis,2016,0.0000
saint_kitts_and_nevis,2017,0.0000
saint_kitts_and_nevis,2018,0.0000
saint_kitts_and_nevis,2019,0.0000
saint_kitts_and_nevis,2020,0.0000
saint_kitts_and_nevis,2021,0.0000
saint_kitts_and_nevis,2022,0.0000
saint_lucia,1962,0.0000
saint_lucia,1963,0.0000
saint_lucia,1964,0.0000
saint_lucia,1965,0.0000
saint_lucia,1966,0.0000
saint_lucia,1967,0.0000
saint_lucia,1968,0.0000
saint_lucia,1969,0.0000
saint_lucia,1970,0.0000
saint_lucia,1971,0.0000
saint_lucia,1972,0.0000
saint_lucia,1973,0.0000
saint_lucia,1974,0.0000
saint_lucia,1975,0.0000
saint_lucia,1976,0.0000
saint_lucia,1977,0.0000
saint_lucia,1978,0.0000
saint_lucia,1979,0.0000
saint_lucia,1980,0.0000
saint_lucia,1981,0.0000
saint_lucia,1982,0.0000
saint_lucia,1983,0.0000
saint_lucia,1984,0.0000
saint_lucia,1985,0.0000
saint_lucia,1986,0.0000
saint_lucia,1987,0.0000
saint_lucia,1988,0.0000
saint_lucia,1989,0.0000
saint_lucia,1990,0.0000
saint_lucia,1991,0.0000
saint_lucia,1992,0.0000
saint_lucia,1993,0.0000
saint_lucia,1994,0.0000
saint_lucia,1995,0.0000
saint_lucia,1996,0.0000
saint_lucia,1997,0.0000
saint_lucia,1998,0.0000
saint_lucia,1999,0.0000
saint_lucia,2000,0.0000
saint_lucia,2001,0.0000
saint_lucia,2002,0.0000
saint_lucia,2003,0.0000
saint_lucia,2004,0.0000
saint_lucia,2005,0.0000
saint_lucia,2006,0.0000
saint_lucia,2007,0.0000
saint_lucia,2008,0.0000
saint_lucia,2009,0.0000
saint_lucia,2010,0.0000
saint_lucia,2011,0.0000
saint_lucia,2012,0.0000
saint_lucia,2013,0.0000
saint_lucia,2014,0.0000
saint_lucia,2015,0.0000
saint_lucia,2016,0.0000
saint_lucia,2017,0.0000
saint_lucia,2018,0.0000
saint_lucia,2019,0.0000
saint_lucia,2020,0.0000
saint_lucia,2021,0.0000
saint_lucia,2022,0.0000
saint_vincent_and_the_grenadines,1962,0.0000
saint_vincent_and_the_grenadines,1963,0.0000
saint_vincent_and_the_grenadines,1964,0.0000
saint_vincent_and_the_grenadines,1965,0.0000
saint_vincent_and_the_grenadines,1966,0.0000
saint_vincent_and_the_grenadines,1967,0.0000
saint_vincent_and_the_grenadines,1968,0.0000
saint_vincent_and_the_grenadines,1969,0.0000
saint_vincent_and_the_grenadines,1970,0.0000
saint_vincent_and_the_grenadines,1971,0.0000
saint_vincent_and_the_grenadines,1972,0.0000
saint_vincent_and_the_grenadines,1973,0.0000
saint_vincent_and_the_grenadines,1974,0.0000
saint_vincent_and_the_grenadines,1975,0.0000
saint_vincent_and_the_grenadines,1976,0.0000
saint_vincent_and_the_grenadines,1977,0.0000
saint_vincent_and_the_grenadines,1978,0.0000
saint_vincent_and_the_grenadines,1979,0.0000
saint_vincent_and_the_grenadines,1980,0.0000
saint_vincent_and_the_grenadines,1981,0.0000
saint_vincent_and_the_grenadines,1982,0.0000
saint_vincent_and_the_grenadines,1983,0.0000
saint_vincent_and_the_grenadines,1984,0.0000
saint_vincent_and_the_grenadines,1985,0.0000
saint_vincent_and_the_grenadines,1986,0.0000
saint_vincent_and_the_grenadines,1987,0.0000
saint_vincent_and_the_grenadines,1988,0.0000
saint_vincent_and_the_grenadines,1989,0.0000
saint_vincent_and_the_grenadines,1990,0.0000
saint_vincent_and_the_grenadines,1991,0.0000
saint_vincent_and_the_grenadines,1992,0.0000
saint_vincent_and_the_grenadines,1993,0.0000
saint_vincent_and_the_grenadines,1994,0.0000
saint_vincent_and_the_grenadines,1995,0.0000
saint_vincent_and_the_grenadines,1996,0.0000
saint_vincent_and_the_grenadines,1997,0.0000
saint_vincent_and_the_grenadines,1998,0.0000
saint_vincent_and_the_grenadines,1999,0.0000
saint_vincent_and_the_grenadines,2000,0.0000
saint_vincent_and_the_grenadines,2001,0.0000
saint_vincent_and_the_grenadines,2002,0.0000
saint_vincent_and_the_grenadines,2003,0.0000
saint_vincent_and_the_grenadines,2004,0.0000
saint_vincent_and_the_grenadines,2005,0.0000
saint_vincent_and_the_grenadines,2006,0.0000
saint_vincent_and_the_grenadines,2007,0.0000
saint_vincent_and_the_grenadines,2008,0.0000
saint_vincent_and_the_grenadines,2009,0.0000
saint_vincent_and_the_grenadines,2010,0.0000
saint_vincent_and_the_grenadines,2011,0.0000
saint_vincent_and_the_grenadines,2012,0.0000
saint_vincent_and_the_grenadines,2013,0.0000
saint_vincent_and_the_grenadines,2014,0.0000
saint_vincent_and_the_grenadines,2015,0.0000
saint_vincent_and_the_grenadines,2016,0.0000
saint_vincent_and_the_grenadines,2017,0.0000
saint_vincent_and_the_grenadines,2018,0.0000
saint_vincent_and_the_grenadines,2019,0.0000
saint_vincent_and_the_grenadines,2020,0.0000
saint_vincent_and_the_grenadines,2021,0.0000
saint_vincent_and_the_grenadines,2022,0.0000
samoa,1962,0.0000
samoa,1963,0.0000
samoa,1964,0.0000
samoa,1965,0.0000
samoa,1966,0.0000
samoa,1967,0.0000
samoa,1968,0.0000
samoa,1969,0.0000
samoa,1970,0.0000
samoa,1971,0.0000
samoa,1972,0.0000
samoa,1973,0.0000
samoa,1974,0.0000
samoa,1975,0.0000
samoa,1976,0.0000
samoa,1977,0.0000
samoa,1978,0.0000
samoa,1979,0.0000
samoa,1980,0.0000
samoa,1981,0.0000
samoa,1982,0.0000
samoa,1983,0.0000
samoa,1984,0.0000
samoa,1985,0.0000
samoa,1986,0.0000
samoa,1987,0.0000
samoa,1988,0.0000
samoa,1989,0.0000
samoa,1990,0.0000
samoa,1991,0.0000
samoa,1992,0.0000
samoa,1993,0.0000
samoa,1994,0.0000
samoa,1995,0.0000
samoa,1996,0.0000
samoa,1997,0.0000
samoa,1998,0.0000
samoa,1999,0.0000
samoa,2000,0.0000
samoa,2001,0.0000
samoa,2002,0.0000
samoa,2003,0.0000
samoa,2004,0.0000
samoa,2005,0.0000
samoa,2006,0.0000
samoa,2007,0.0000
samoa,2008,0.0000
samoa,2009,0.0000
samoa,2010,0.0000
samoa,2011,0.0000
samoa,2012,0.0000
samoa,2013,0.0000
samoa,2014,0.0000
samoa,2015,0.0000
samoa,2016,0.0000
samoa,2017,0.0000
samoa,2018,0.0000
samoa,2019,0.0000
samoa,2020,0.0000
samoa,2021,0.0000
samoa,2022,0.0000
sao_tome_and_principe,1961,0.0000
sao_tome_and_principe,1962,0.0000
sao_tome_and_principe,1963,0.0000
sao_tome_and_principe,1964,0.0000
sao_tome_and_principe,1965,0.0000
sao_tome_and_principe,1966,0.0000
sao_tome_and_principe,1967,0.0000
sao_tome_and_principe,1968,0.0000
sao_tome_and_principe,1969,0.0000
sao_tome_and_principe,1970,0.0000
sao_tome_and_principe,1971,0.0000
sao_tome_and_principe,1972,0.0000
sao_tome_and_principe,1973,0.0000
sao_tome_and_principe,1974,0.0000
sao_tome_and_principe,1975,0.0000
sao_tome_and_principe,1976,0.0000
sao_tome_and_principe,1977,0.0000
sao_tome_and_principe,1978,0.0000
sao_tome_and_principe,1979,0.0000
sao_tome_and_principe,1980,0.0000
sao_tome_and_principe,1981,0.0000
sao_tome_and_principe,1982,0.0000
sao_tome_and_principe,1983,0.0000
sao_tome_and_principe,1984,0.0000
sao_tome_and_principe,1985,0.0000
sao_tome_and_principe,1986,0.0000
sao_tome_and_principe,1987,0.0000
sao_tome_and_principe,1988,0.0000
sao_tome_and_principe,1989,0.0000
sao_tome_and_principe,1990,0.0000
sao_tome_and_principe,1991,0.0000
sao_tome_and_principe,1992,0.0000
sao_tome_and_principe,1993,0.0000
sao_tome_and_principe,1994,0.0000
sao_tome_and_principe,1995,0.0000
sao_tome_and_principe,1996,0.0000
sao_tome_and_principe,1997,0.0000
sao_tome_and_principe,1998,0.0000
sao_tome_and_principe,1999,0.0000
sao_tome_and_principe,2000,0.0000
sao_tome_and_principe,2001,0.0000
sao_tome_and_principe,2002,0.0000
sao_tome_and_principe,2003,0.0000
sao_tome_and_principe,2004,0.0000
sao_tome_and_principe,2005,0.0000
sao_tome_and_principe,2006,0.0000
sao_tome_and_principe,2007,0.0000
sao_tome_and_principe,2008,0.0000
sao_tome_and_principe,2009,0.0000
sao_tome_and_principe,2010,0.0000
sao_tome_and_principe,2011,0.0000
sao_tome_and_principe,2012,0.0000
sao_tome_and_principe,2013,0.0000
sao_tome_and_principe,2014,0.0000
sao_tome_and_principe,2015,0.0000
sao_tome_and_principe,2016,0.0000
sao_tome_and_principe,2017,0.0000
sao_tome_and_principe,2018,0.0000
sao_tome_and_principe,2019,0.0000
sao_tome_and_principe,2020,0.0000
sao_tome_and_principe,2021,0.0000
sao_tome_and_principe,2022,0.0000
senegal,1962,0.0000
senegal,1963,0.0000
senegal,1964,0.0000
senegal,1965,0.0000
senegal,1966,0.0000
senegal,1967,0.0000
senegal,1968,0.0000
senegal,1969,0.0000
senegal,1970,0.0000
senegal,1971,0.0000
senegal,1972,0.0000
senegal,1973,0.0000
senegal,1974,0.0000
senegal,1975,0.0000
senegal,1976,0.0000
senegal,1977,0.0000
senegal,1978,0.0000
senegal,1979,0.0000
senegal,1980,0.0000
senegal,1981,0.0000
senegal,1982,0.0000
senegal,1983,0.0000
senegal,1984,0.0000
senegal,1985,0.0000
senegal,1986,0.0000
senegal,1987,0.0000
senegal,1988,0.0000
senegal,1989,0.0000
senegal,1990,0.0000
senegal,1991,0.0000
senegal,1992,0.0000
senegal,1993,0.0000
senegal,1994,0.0000
senegal,1995,0.0000
senegal,1996,0.0000
senegal,1997,0.0000
senegal,1998,0.0000
senegal,1999,0.0000
senegal,2000,0.0000
senegal,2001,0.0000
senegal,2002,0.0000
senegal,2003,0.0000
senegal,2004,0.0000
senegal,2005,0.0000
senegal,2006,0.0000
senegal,2007,0.0000
senegal,2008,0.0000
senegal,2009,0.0000
senegal,2010,0.0000
senegal,2011,0.0000
senegal,2012,0.0000
senegal,2013,0.0000
senegal,2014,0.0000
senegal,2015,0.0000
senegal,2016,0.0000
senegal,2017,0.0000
senegal,2018,0.0000
senegal,2019,0.0000
senegal,2020,0.0000
senegal,2021,0.0000
senegal,2022,0.0000
seychelles,1961,0.0000
seychelles,1962,0.0000
seychelles,1963,0.0000
seychelles,1964,0.0000
seychelles,1965,0.0000
seychelles,1966,0.0000
seychelles,1967,0.0000
seychelles,1968,0.0000
seychelles,1969,0.0000
seychelles,1970,0.0000
seychelles,1971,0.0000
seychelles,1972,0.0000
seychelles,1973,0.0000
seychelles,1974,0.0000
seychelles,1975,0.0000
seychelles,1976,0.0000
seychelles,1977,0.0000
seychelles,1978,0.0000
seychelles,1979,0.0000
seychelles,1980,0.0000
seychelles,1981,0.0000
seychelles,1982,0.0000
seychelles,1983,0.0000
seychelles,1984,0.0000
seychelles,1985,0.0000
seychelles,1986,0.0000
seychelles,1987,0.0000
seychelles,1988,0.0000
seychelles,1989,0.0000
seychelles,1990,0.0000
seychelles,1991,0.0000
seychelles,1992,0.0000
seychelles,1993,0.0000
seychelles,1994,0.0000
seychelles,1995,0.0000
seychelles,1996,0.0000
seychelles,1997,0.0000
seychelles,1998,0.0000
seychelles,1999,0.0000
seychelles,2000,0.0000
seychelles,2001,0.0000
seychelles,2002,0.0000
seychelles,2003,0.0000
seychelles,2004,0.0000
seychelles,2005,0.0000
seychelles,2006,0.0000
seychelles,2007,0.0000
seychelles,2008,0.0000
seychelles,2009,0.0000
seychelles,2010,0.0000
seychelles,2011,0.0000
seychelles,2012,0.0000
seychelles,2013,0.0000
seychelles,2014,0.0000
seychelles,2015,0.0000
seychelles,2016,0.0000
seychelles,2017,0.0000
seychelles,2018,0.0000
seychelles,2019,0.0000
seychelles,2020,0.0000
seychelles,2021,0.0000
seychelles,2022,0.0000
sierra_leone,1961,0.0000
sierra_leone,1962,0.0000
sierra_leone,1963,0.0000
sierra_leone,1964,0.0000
sierra_leone,1965,0.0000
sierra_leone,1966,0.0000
sierra_leone,1967,0.0000
sierra_leone,1968,0.0000
sierra_leone,1969,0.0000
sierra_leone,1970,0.0000
sierra_leone,1971,0.0000
sierra_leone,1972,0.0000
sierra_leone,1973,0.0000
sierra_leone,1974,0.0000
sierra_leone,1975,0.0000
sierra_leone,1976,0.0000
sierra_leone,1977,0.0000
sierra_leone,1978,0.0000
sierra_leone,1979,0.0000
sierra_leone,1980,0.0000
sierra_leone,1981,0.0000
sierra_leone,1982,0.0000
sierra_leone,1983,0.0000
sierra_leone,1984,0.0000
sierra_leone,1985,0.0000
sierra_leone,1986,0.0000
sierra_leone,1987,0.0000
sierra_leone,1988,0.0000
sierra_leone,1989,0.0000
sierra_leone,1990,0.0000
sierra_leone,1991,0.0000
sierra_leone,1992,0.0000
sierra_leone,1993,0.0000
sierra_leone,1994,0.0000
sierra_leone,1995,0.0000
sierra_leone,1996,0.0000
sierra_leone,1997,0.0000
sierra_leone,1998,0.0000
sierra_leone,1999,0.0000
sierra_leone,2000,0.0000
sierra_leone,2001,0.0000
sierra_leone,2002,0.0000
sierra_leone,2003,0.0000
sierra_leone,2004,0.0000
sierra_leone,2005,0.0000
sierra_leone,2006,0.0000
sierra_leone,2007,0.0000
sierra_leone,2008,0.0000
sierra_leone,2009,0.0000
sierra_leone,2010,0.0000
sierra_leone,2011,0.0000
sierra_leone,2012,0.0000
sierra_leone,2013,0.0000
sierra_leone,2014,0.0000
sierra_leone,2015,0.0000
sierra_leone,2016,0.0000
sierra_leone,2017,0.0000
sierra_leone,2018,0.0000
sierra_leone,2019,0.0000
sierra_leone,2020,0.0000
sierra_leone,2021,0.0000
sierra_leone,2022,0.0000
singapore,1962,0.0000
singapore,1963,0.0000
singapore,1964,0.0000
singapore,1965,0.0000
singapore,1966,0.0000
singapore,1967,0.0000
singapore,1968,0.0000
singapore,1969,0.0000
singapore,1970,0.0000
singapore,1971,0.0000
singapore,1972,0.0000
singapore,1973,0.0000
singapore,1974,0.0000
singapore,1975,0.0000
singapore,1976,0.0000
singapore,1977,0.0000
singapore,1978,0.0000
singapore,1979,0.0000
singapore,1980,0.0000
singapore,1981,0.0000
singapore,1982,0.0000
singapore,1983,0.0000
singapore,1984,0.0000
singapore,1985,0.0000
singapore,1986,0.0000
singapore,1987,0.0000
singapore,1988,0.0000
singapore,1989,0.0000
singapore,1990,0.0000
singapore,1991,0.0000
singapore,1992,0.0000
singapore,1993,0.0000
singapore,1994,0.0000
singapore,1995,0.0000
singapore,1996,0.0000
singapore,1997,0.0000
singapore,1998,0.0000
singapore,1999,0.0000
singapore,2000,0.0000
singapore,2001,0.0000
singapore,2002,0.0000
singapore,2003,0.0000
singapore,2004,0.0000
singapore,2005,0.0000
singapore,2006,0.0000
singapore,2007,0.0000
singapore,2008,0.0000
singapore,2009,0.0000
singapore,2010,0.0000
singapore,2011,0.0000
singapore,2012,0.0000
singapore,2013,0.0000
singapore,2014,0.0000
singapore,2015,0.0000
singapore,2016,0.0000
singapore,2017,0.0000
singapore,2018,0.0000
singapore,2019,0.0000
singapore,2020,0.0000
singapore,2021,0.0000
singapore,2022,0.0000
slovakia,1997,0.0000
slovakia,1998,0.0000
slovakia,1999,0.0000
slovakia,2000,0.0000
slovakia,2001,0.0000
slovakia,2002,0.0000
slovakia,2003,0.0000
slovakia,2004,0.0000
slovakia,2005,0.0000
slovakia,2006,0.0000
slovakia,2007,0.0000
slovakia,2008,0.0000
slovakia,2009,0.0000
slovakia,2010,0.0000
slovakia,2011,0.0000
slovakia,2012,0.0000
slovakia,2013,0.0000
slovakia,2014,0.0000
slovakia,2015,0.0000
slovakia,2016,0.0000
slovakia,2017,0.0000
slovakia,2018,0.0000
slovakia,2019,0.0000
slovakia,2020,0.0000
slovakia,2021,0.0000
slovakia,2022,0.0000
slovenia,1992,0.0000
slovenia,1993,0.0000
slovenia,1994,0.0000
slovenia,1995,0.0000
slovenia,1996,0.0000
slovenia,1997,0.0000
slovenia,1998,0.0000
slovenia,1999,0.0000
slovenia,2000,0.0000
slovenia,2001,0.0000
slovenia,2002,0.0000
slovenia,2003,0.0000
slovenia,2004,0.0000
slovenia,2005,0.0000
slovenia,2006,0.0000
slovenia,2007,0.0000
slovenia,2008,0.0000
slovenia,2009,0.0000
slovenia,2010,0.0000
slovenia,2011,0.0000
slovenia,2012,0.0000
slovenia,2013,0.0000
slovenia,2014,0.0000
slovenia,2015,0.0000
slovenia,2016,0.0000
slovenia,2017,0.0000
slovenia,2018,0.0000
slovenia,2019,0.0000
slovenia,2020,0.0000
slovenia,2021,0.0000
slovenia,2022,0.0000
solomon_islands,1961,0.0000
solomon_islands,1962,0.0000
solomon_islands,1963,0.0000
solomon_islands,1964,0.0000
solomon_islands,1965,0.0000
solomon_islands,1966,0.0000
solomon_islands,1967,0.0000
solomon_islands,1968,0.0000
solomon_islands,1969,0.0000
solomon_islands,1970,0.0000
solomon_islands,1971,0.0000
solomon_islands,1972,0.0000
solomon_islands,1973,0.0000
solomon_islands,1974,0.0000
solomon_islands,1975,0.0000
solomon_islands,1976,0.0000
solomon_islands,1977,0.0000
solomon_islands,1978,0.0000
solomon_islands,1979,0.0000
solomon_islands,1980,0.0000
solomon_islands,1981,0.0000
solomon_islands,1982,0.0000
solomon_islands,1983,0.0000
solomon_islands,1984,0.0000
solomon_islands,1985,0.0000
solomon_islands,1986,0.0000
solomon_islands,1987,0.0000
solomon_islands,1988,0.0000
solomon_islands,1989,0.0000
solomon_islands,1990,0.0000
solomon_islands,1991,0.0000
solomon_islands,1992,0.0000
solomon_islands,1993,0.0000
solomon_islands,1994,0.0000
solomon_islands,1995,0.0000
solomon_islands,1996,0.0000
solomon_islands,1997,0.0000
solomon_islands,1998,0.0000
solomon_islands,1999,0.0000
solomon_islands,2000,0.0000
solomon_islands,2001,0.0000
solomon_islands,2002,0.0000
solomon_islands,2003,0.0000
solomon_islands,2004,0.0000
solomon_islands,2005,0.0000
solomon_islands,2006,0.0000
solomon_islands,2007,0.0000
solomon_islands,2008,0.0000
solomon_islands,2009,0.0000
solomon_islands,2010,0.0000
solomon_islands,2011,0.0000
solomon_islands,2012,0.0000
solomon_islands,2013,0.0000
solomon_islands,2014,0.0000
solomon_islands,2015,0.0000
solomon_islands,2016,0.0000
solomon_islands,2017,0.0000
solomon_islands,2018,0.0000
solomon_islands,2019,0.0000
solomon_islands,2020,0.0000
solomon_islands,2021,0.0000
solomon_islands,2022,0.0000
somalia,1962,0.0000
somalia,1963,0.0000
somalia,1964,0.0000
somalia,1965,0.0000
somalia,1966,0.0000
somalia,1967,0.0000
somalia,1968,0.0000
somalia,1969,0.0000
somalia,1970,0.0000
somalia,1971,0.0000
somalia,1972,0.0000
somalia,1973,0.0000
somalia,1974,0.0000
somalia,1975,0.0000
somalia,1976,0.0000
somalia,1977,0.0000
somalia,1978,0.0000
somalia,1979,0.0000
somalia,1980,0.0000
somalia,1981,0.0000
somalia,1982,0.0000
somalia,1983,0.0000
somalia,1984,0.0000
somalia,1985,0.0000
somalia,1986,0.0000
somalia,1987,0.0000
somalia,1988,0.0000
somalia,1989,0.0000
somalia,1990,0.0000
somalia,1991,0.0000
somalia,1992,0.0000
somalia,1993,0.0000
somalia,1994,0.0000
somalia,1995,0.0000
somalia,1996,0.0000
somalia,1997,0.0000
somalia,1998,0.0000
somalia,1999,0.0000
somalia,2000,0.0000
somalia,2001,0.0000
somalia,2002,0.0000
somalia,2003,0.0000
somalia,2004,0.0000
somalia,2005,0.0000
somalia,2006,0.0000
somalia,2007,0.0000
somalia,2008,0.0000
somalia,2009,0.0000
somalia,2010,0.0000
somalia,2011,0.0000
somalia,2012,0.0000
somalia,2013,0.0000
somalia,2014,0.0000
somalia,2015,0.0000
somalia,2016,0.0000
somalia,2017,0.0000
somalia,2018,0.0000
somalia,2019,0.0000
somalia,2020,0.0000
somalia,2021,0.0000
somalia,2022,0.0000
south_africa,1962,0.050000
south_africa,1963,0.050000
south_africa,1964,0.050000
south_africa,1965,0.050000
south_africa,1966,0.050000
south_africa,1967,0.050000
south_africa,1968,0.050000
south_africa,1969,0.050000
south_africa,1970,0.050000
south_africa,1971,0.050000
south_africa,1972,0.050000
south_africa,1973,0.050000
south_africa,1974,0.050000
south_africa,1975,0.050000
south_africa,1976,0.050000
south_africa,1977,0.050000
south_africa,1978,0.050000
south_africa,1979,0.050000
south_africa,1980,0.050000
south_africa,1981,0.050000
south_africa,1982,0.050000
south_africa,1983,0.050000
south_africa,1984,0.050000
south_africa,1985,0.050000
south_africa,1986,0.050000
south_africa,1987,0.050000
south_africa,1988,0.050000
south_africa,1989,0.050000
south_africa,1990,0.050000
south_africa,1991,0.050000
south_africa,1992,0.050000
south_africa,1993,0.050000
south_africa,1994,0.050000
south_africa,1995,0.050000
south_africa,1996,0.050000
south_africa,1997,0.050000
south_africa,1998,0.050000
south_africa,1999,0.050000
south_africa,2000,0.050000
south_africa,2001,0.050000
south_africa,2002,0.050000
south_africa,2003,0.050000
south_africa,2004,0.050000
south_africa,2005,0.050000
south_africa,2006,0.050000
south_africa,2007,0.050000
south_africa,2008,0.050000
south_africa,2009,0.050000
south_africa,2010,0.050000
south_africa,2011,0.050000
south_africa,2012,0.050000
south_africa,2013,0.050000
south_africa,2014,0.050000
south_africa,2015,0.050000
south_africa,2016,0.050000
south_africa,2017,0.050000
south_africa,2018,0.050000
south_africa,2019,0.050000
south_africa,2020,0.050000
south_africa,2021,0.050000
south_africa,2022,0.050000
south_sudan,2012,26.500
south_sudan,2013,26.500
south_sudan,2014,26.500
south_sudan,2015,26.500
south_sudan,2016,26.500
south_sudan,2017,26.500
south_sudan,2018,26.500
south_sudan,2019,26.500
south_sudan,2020,26.500
south_sudan,2021,26.500
south_sudan,2022,26.500
sri_lanka,1961,0.0000
sri_lanka,1962,0.0000
sri_lanka,1963,0.0000
sri_lanka,1964,0.0000
sri_lanka,1965,0.0000
sri_lanka,1966,0.0000
sri_lanka,1967,0.0000
sri_lanka,1968,0.0000
sri_lanka,1969,0.0000
sri_lanka,1970,0.0000
sri_lanka,1971,0.0000
sri_lanka,1972,0.0000
sri_lanka,1973,0.0000
sri_lanka,1974,0.0000
sri_lanka,1975,0.0000
sri_lanka,1976,0.0000
sri_lanka,1977,0.0000
sri_lanka,1978,0.0000
sri_lanka,1979,0.0000
sri_lanka,1980,0.0000
sri_lanka,1981,0.0000
sri_lanka,1982,0.0000
sri_lanka,1983,0.0000
sri_lanka,1984,0.0000
sri_lanka,1985,0.0000
sri_lanka,1986,0.0000
sri_lanka,1987,0.0000
sri_lanka,1988,0.0000
sri_lanka,1989,0.0000
sri_lanka,1990,0.0000
sri_lanka,1991,0.0000
sri_lanka,1992,0.0000
sri_lanka,1993,0.0000
sri_lanka,1994,0.0000
sri_lanka,1995,0.0000
sri_lanka,1996,0.0000
sri_lanka,1997,0.0000
sri_lanka,1998,0.0000
sri_lanka,1999,0.0000
sri_lanka,2000,0.0000
sri_lanka,2001,0.0000
sri_lanka,2002,0.0000
sri_lanka,2003,0.0000
sri_lanka,2004,0.0000
sri_lanka,2005,0.0000
sri_lanka,2006,0.0000
sri_lanka,2007,0.0000
sri_lanka,2008,0.0000
sri_lanka,2009,0.0000
sri_lanka,2010,0.0000
sri_lanka,2011,0.0000
sri_lanka,2012,0.0000
sri_lanka,2013,0.0000
sri_lanka,2014,0.0000
sri_lanka,2015,0.0000
sri_lanka,2016,0.0000
sri_lanka,2017,0.0000
sri_lanka,2018,0.0000
sri_lanka,2019,0.0000
sri_lanka,2020,0.0000
sri_lanka,2021,0.0000
sri_lanka,2022,0.0000
sudan,2012,84.000
sudan,2013,84.000
sudan,2014,84.000
sudan,2015,84.000
sudan,2016,84.000
sudan,2017,84.000
sudan,2018,84.000
sudan,2019,84.000
sudan,2020,84.000
sudan,2021,84.000
sudan,2022,84.000
suriname,1961,0.0000
suriname,1962,0.0000
suriname,1963,0.0000
suriname,1964,0.0000
suriname,1965,0.0000
suriname,1966,0.0000
suriname,1967,0.0000
suriname,1968,0.0000
suriname,1969,0.0000
suriname,1970,0.0000
suriname,1971,0.0000
suriname,1972,0.0000
suriname,1973,0.0000
suriname,1974,0.0000
suriname,1975,0.0000
suriname,1976,0.0000
suriname,1977,0.0000
suriname,1978,0.0000
suriname,1979,0.0000
suriname,1980,0.0000
suriname,1981,0.0000
suriname,1982,0.0000
suriname,1983,0.0000
suriname,1984,0.0000
suriname,1985,0.0000
suriname,1986,0.0000
suriname,1987,0.0000
suriname,1988,0.0000
suriname,1989,0.0000
suriname,1990,0.0000
suriname,1991,0.0000
suriname,1992,0.0000
suriname,1993,0.0000
suriname,1994,0.0000
suriname,1995,0.0000
suriname,1996,0.0000
suriname,1997,0.0000
suriname,1998,0.0000
suriname,1999,0.0000
suriname,2000,0.0000
suriname,2001,0.0000
suriname,2002,0.0000
suriname,2003,0.0000
suriname,2004,0.0000
suriname,2005,0.0000
suriname,2006,0.0000
suriname,2007,0.0000
suriname,2008,0.0000
suriname,2009,0.0000
suriname,2010,0.0000
suriname,2011,0.0000
suriname,2012,0.0000
suriname,2013,0.0000
suriname,2014,0.0000
suriname,2015,0.0000
suriname,2016,0.0000
suriname,2017,0.0000
suriname,2018,0.0000
suriname,2019,0.0000
suriname,2020,0.0000
suriname,2021,0.0000
suriname,2022,0.0000
sweden,1962,0.0000
sweden,1963,0.0000
sweden,1964,0.0000
sweden,1965,0.0000
sweden,1966,0.0000
sweden,1967,0.0000
sweden,1968,0.0000
sweden,1969,0.0000
sweden,1970,0.0000
sweden,1971,0.0000
sweden,1972,0.0000
sweden,1973,0.0000
sweden,1974,0.0000
sweden,1975,0.0000
sweden,1976,0.0000
sweden,1977,0.0000
sweden,1978,0.0000
sweden,1979,0.0000
sweden,1980,0.0000
sweden,1981,0.0000
sweden,1982,0.0000
sweden,1983,0.0000
sweden,1984,0.0000
sweden,1985,0.0000
sweden,1986,0.0000
sweden,1987,0.0000
sweden,1988,0.0000
sweden,1989,0.0000
sweden,1990,0.0000
sweden,1991,0.0000
sweden,1992,0.0000
sweden,1993,0.0000
sweden,1994,0.0000
sweden,1995,0.0000
sweden,1996,0.0000
sweden,1997,0.0000
sweden,1998,0.0000
sweden,1999,0.0000
sweden,2000,0.0000
sweden,2001,0.0000
sweden,2002,0.0000
sweden,2003,0.0000
sweden,2004,0.0000
sweden,2005,0.0000
sweden,2006,0.0000
sweden,2007,0.0000
sweden,2008,0.0000
sweden,2009,0.0000
sweden,2010,0.0000
sweden,2011,0.0000
sweden,2012,0.0000
sweden,2013,0.0000
sweden,2014,0.0000
sweden,2015,0.0000
sweden,2016,0.0000
sweden,2017,0.0000
sweden,2018,0.0000
sweden,2019,0.0000
sweden,2020,0.0000
sweden,2021,0.0000
sweden,2022,0.0000
switzerland,1962,0.0000
switzerland,1963,0.0000
switzerland,1964,0.0000
switzerland,1965,0.0000
switzerland,1966,0.0000
switzerland,1967,0.0000
switzerland,1968,0.0000
switzerland,1969,0.0000
switzerland,1970,0.0000
switzerland,1971,0.0000
switzerland,1972,0.0000
switzerland,1973,0.0000
switzerland,1974,0.0000
switzerland,1975,0.0000
switzerland,1976,0.0000
switzerland,1977,0.0000
switzerland,1978,0.0000
switzerland,1979,0.0000
switzerland,1980,0.0000
switzerland,1981,0.0000
switzerland,1982,0.0000
switzerland,1983,0.0000
switzerland,1984,0.0000
switzerland,1985,0.0000
switzerland,1986,0.0000
switzerland,1987,0.0000
switzerland,1988,0.0000
switzerland,1989,0.0000
switzerland,1990,0.0000
switzerland,1991,0.0000
switzerland,1992,0.0000
switzerland,1993,0.0000
switzerland,1994,0.0000
switzerland,1995,0.0000
switzerland,1996,0.0000
switzerland,1997,0.0000
switzerland,1998,0.0000
switzerland,1999,0.0000
switzerland,2000,0.0000
switzerland,2001,0.0000
switzerland,2002,0.0000
switzerland,2003,0.0000
switzerland,2004,0.0000
switzerland,2005,0.0000
switzerland,2006,0.0000
switzerland,2007,0.0000
switzerland,2008,0.0000
switzerland,2009,0.0000
switzerland,2010,0.0000
switzerland,2011,0.0000
switzerland,2012,0.0000
switzerland,2013,0.0000
switzerland,2014,0.0000
switzerland,2015,0.0000
switzerland,2016,0.0000
switzerland,2017,0.0000
switzerland,2018,0.0000
switzerland,2019,0.0000
switzerland,2020,0.0000
switzerland,2021,0.0000
switzerland,2022,0.0000
syrian_arab_republic,1961,30.000
syrian_arab_republic,1962,30.000
syrian_arab_republic,1963,30.000
syrian_arab_republic,1964,30.000
syrian_arab_republic,1965,30.000
syrian_arab_republic,1966,30.000
syrian_arab_republic,1967,30.000
syrian_arab_republic,1968,30.000
syrian_arab_republic,1969,30.000
syrian_arab_republic,1970,30.000
syrian_arab_republic,1971,30.000
syrian_arab_republic,1972,30.000
syrian_arab_republic,1973,30.000
syrian_arab_republic,1974,30.000
syrian_arab_republic,1975,30.000
syrian_arab_republic,1976,30.000
syrian_arab_republic,1977,30.000
syrian_arab_republic,1978,30.000
syrian_arab_republic,1979,30.000
syrian_arab_republic,1980,30.000
syrian_arab_republic,1981,30.000
syrian_arab_republic,1982,30.000
syrian_arab_republic,1983,30.000
syrian_arab_republic,1984,30.000
syrian_arab_republic,1985,30.000
syrian_arab_republic,1986,30.000
syrian_arab_republic,1987,30.000
syrian_arab_republic,1988,30.000
syrian_arab_republic,1989,30.000
syrian_arab_republic,1990,30.000
syrian_arab_republic,1991,30.000
syrian_arab_republic,1992,30.000
syrian_arab_republic,1993,30.000
syrian_arab_republic,1994,30.000
syrian_arab_republic,1995,30.000
syrian_arab_republic,1996,30.000
syrian_arab_republic,1997,30.000
syrian_arab_republic,1998,30.000
syrian_arab_republic,1999,30.000
syrian_arab_republic,2000,30.000
syrian_arab_republic,2001,30.000
syrian_arab_republic,2002,30.000
syrian_arab_republic,2003,30.000
syrian_arab_republic,2004,30.000
syrian_arab_republic,2005,30.000
syrian_arab_republic,2006,30.000
syrian_arab_republic,2007,30.000
syrian_arab_republic,2008,30.000
syrian_arab_republic,2009,30.000
syrian_arab_republic,2010,30.000
syrian_arab_republic,2011,30.000
syrian_arab_republic,2012,30.000
syrian_arab_republic,2013,30.000
syrian_arab_republic,2014,30.000
syrian_arab_republic,2015,30.000
syrian_arab_republic,2016,30.000
syrian_arab_republic,2017,30.000
syrian_arab_republic,2018,30.000
syrian_arab_republic,2019,30.000
syrian_arab_republic,2020,30.000
syrian_arab_republic,2021,30.000
syrian_arab_republic,2022,30.000
tajikistan,1992,94.650
tajikistan,1993,94.650
tajikistan,1994,94.650
tajikistan,1995,94.650
tajikistan,1996,94.650
tajikistan,1997,94.650
tajikistan,1998,94.650
tajikistan,1999,94.650
tajikistan,2000,94.650
tajikistan,2001,94.650
tajikistan,2002,94.650
tajikistan,2003,94.650
tajikistan,2004,94.650
tajikistan,2005,94.650
tajikistan,2006,94.650
tajikistan,2007,94.650
tajikistan,2008,94.650
tajikistan,2009,94.650
tajikistan,2010,94.650
tajikistan,2011,94.650
tajikistan,2012,94.650
tajikistan,2013,94.650
tajikistan,2014,94.650
tajikistan,2015,94.650
tajikistan,2016,94.650
tajikistan,2017,94.650
tajikistan,2018,94.650
tajikistan,2019,94.650
tajikistan,2020,94.650
tajikistan,2021,94.650
tajikistan,2022,94.650
thailand,1962,0.0000
thailand,1963,0.0000
thailand,1964,0.0000
thailand,1965,0.0000
thailand,1966,0.0000
thailand,1967,0.0000
thailand,1968,0.0000
thailand,1969,0.0000
thailand,1970,0.0000
thailand,1971,0.0000
thailand,1972,0.0000
thailand,1973,0.0000
thailand,1974,0.0000
thailand,1975,0.0000
thailand,1976,0.0000
thailand,1977,0.0000
thailand,1978,0.0000
thailand,1979,0.0000
thailand,1980,0.0000
thailand,1981,0.0000
thailand,1982,0.0000
thailand,1983,0.0000
thailand,1984,0.0000
thailand,1985,0.0000
thailand,1986,0.0000
thailand,1987,0.0000
thailand,1988,0.0000
thailand,1989,0.0000
thailand,1990,0.0000
thailand,1991,0.0000
thailand,1992,0.0000
thailand,1993,0.0000
thailand,1994,0.0000
thailand,1995,0.0000
thailand,1996,0.0000
thailand,1997,0.0000
thailand,1998,0.0000
thailand,1999,0.0000
thailand,2000,0.0000
thailand,2001,0.0000
thailand,2002,0.0000
thailand,2003,0.0000
thailand,2004,0.0000
thailand,2005,0.0000
thailand,2006,0.0000
thailand,2007,0.0000
thailand,2008,0.0000
thailand,2009,0.0000
thailand,2010,0.0000
thailand,2011,0.0000
thailand,2012,0.0000
thailand,2013,0.0000
thailand,2014,0.0000
thailand,2015,0.0000
thailand,2016,0.0000
thailand,2017,0.0000
thailand,2018,0.0000
thailand,2019,0.0000
thailand,2020,0.0000
thailand,2021,0.0000
thailand,2022,0.0000
timor_leste,1962,0.0000
timor_leste,1963,0.0000
timor_leste,1964,0.0000
timor_leste,1965,0.0000
timor_leste,1966,0.0000
timor_leste,1967,0.0000
timor_leste,1968,0.0000
timor_leste,1969,0.0000
timor_leste,1970,0.0000
timor_leste,1971,0.0000
timor_leste,1972,0.0000
timor_leste,1973,0.0000
timor_leste,1974,0.0000
timor_leste,1975,0.0000
timor_leste,1976,0.0000
timor_leste,1977,0.0000
timor_leste,1978,0.0000
timor_leste,1979,0.0000
timor_leste,1980,0.0000
timor_leste,1981,0.0000
timor_leste,1982,0.0000
timor_leste,1983,0.0000
timor_leste,1984,0.0000
timor_leste,1985,0.0000
timor_leste,1986,0.0000
timor_leste,1987,0.0000
timor_leste,1988,0.0000
timor_leste,1989,0.0000
timor_leste,1990,0.0000
timor_leste,1991,0.0000
timor_leste,1992,0.0000
timor_leste,1993,0.0000
timor_leste,1994,0.0000
timor_leste,1995,0.0000
timor_leste,1996,0.0000
timor_leste,1997,0.0000
timor_leste,1998,0.0000
timor_leste,1999,0.0000
timor_leste,2000,0.0000
timor_leste,2001,0.0000
timor_leste,2002,0.0000
timor_leste,2003,0.0000
timor_leste,2004,0.0000
timor_leste,2005,0.0000
timor_leste,2006,0.0000
timor_leste,2007,0.0000
timor_leste,2008,0.0000
timor_leste,2009,0.0000
timor_leste,2010,0.0000
timor_leste,2011,0.0000
timor_leste,2012,0.0000
timor_leste,2013,0.0000
timor_leste,2014,0.0000
timor_leste,2015,0.0000
timor_leste,2016,0.0000
timor_leste,2017,0.0000
timor_leste,2018,0.0000
timor_leste,2019,0.0000
timor_leste,2020,0.0000
timor_leste,2021,0.0000
timor_leste,2022,0.0000
togo,1962,0.0000
togo,1963,0.0000
togo,1964,0.0000
togo,1965,0.0000
togo,1966,0.0000
togo,1967,0.0000
togo,1968,0.0000
togo,1969,0.0000
togo,1970,0.0000
togo,1971,0.0000
togo,1972,0.0000
togo,1973,0.0000
togo,1974,0.0000
togo,1975,0.0000
togo,1976,0.0000
togo,1977,0.0000
togo,1978,0.0000
togo,1979,0.0000
togo,1980,0.0000
togo,1981,0.0000
togo,1982,0.0000
togo,1983,0.0000
togo,1984,0.0000
togo,1985,0.0000
togo,1986,0.0000
togo,1987,0.0000
togo,1988,0.0000
togo,1989,0.0000
togo,1990,0.0000
togo,1991,0.0000
togo,1992,0.0000
togo,1993,0.0000
togo,1994,0.0000
togo,1995,0.0000
togo,1996,0.0000
togo,1997,0.0000
togo,1998,0.0000
togo,1999,0.0000
togo,2000,0.0000
togo,2001,0.0000
togo,2002,0.0000
togo,2003,0.0000
togo,2004,0.0000
togo,2005,0.0000
togo,2006,0.0000
togo,2007,0.0000
togo,2008,0.0000
togo,2009,0.0000
togo,2010,0.0000
togo,2011,0.0000
togo,2012,0.0000
togo,2013,0.0000
togo,2014,0.0000
togo,2015,0.0000
togo,2016,0.0000
togo,2017,0.0000
togo,2018,0.0000
togo,2019,0.0000
togo,2020,0.0000
togo,2021,0.0000
togo,2022,0.0000
tokelau,1962,0.0000
tokelau,1963,0.0000
tokelau,1964,0.0000
tokelau,1965,0.0000
tokelau,1966,0.0000
tokelau,1967,0.0000
tokelau,1968,0.0000
tokelau,1969,0.0000
tokelau,1970,0.0000
tokelau,1971,0.0000
tokelau,1972,0.0000
tokelau,1973,0.0000
tokelau,1974,0.0000
tokelau,1975,0.0000
tokelau,1976,0.0000
tokelau,1977,0.0000
tokelau,1978,0.0000
tokelau,1979,0.0000
tokelau,1980,0.0000
tokelau,1981,0.0000
tokelau,1982,0.0000
tokelau,1983,0.0000
tokelau,1984,0.0000
tokelau,1985,0.0000
tokelau,1986,0.0000
tokelau,1987,0.0000
tokelau,1988,0.0000
tokelau,1989,0.0000
tokelau,1990,0.0000
tokelau,1991,0.0000
tokelau,1992,0.0000
tokelau,1993,0.0000
tokelau,1994,0.0000
tokelau,1995,0.0000
tokelau,1996,0.0000
tokelau,1997,0.0000
tokelau,1998,0.0000
tokelau,1999,0.0000
tokelau,2000,0.0000
tokelau,2001,0.0000
tokelau,2002,0.0000
tokelau,2003,0.0000
tokelau,2004,0.0000
tokelau,2005,0.0000
tokelau,2006,0.0000
tokelau,2007,0.0000
tokelau,2008,0.0000
tokelau,2009,0.0000
tokelau,2010,0.0000
tokelau,2011,0.0000
tokelau,2012,0.0000
tokelau,2013,0.0000
tokelau,2014,0.0000
tokelau,2015,0.0000
tokelau,2016,0.0000
tokelau,2017,0.0000
tokelau,2018,0.0000
tokelau,2019,0.0000
tokelau,2020,0.0000
tokelau,2021,0.0000
tokelau,2022,0.0000
tonga,1962,0.0000
tonga,1963,0.0000
tonga,1964,0.0000
tonga,1965,0.0000
tonga,1966,0.0000
tonga,1967,0.0000
tonga,1968,0.0000
tonga,1969,0.0000
tonga,1970,0.0000
tonga,1971,0.0000
tonga,1972,0.0000
tonga,1973,0.0000
tonga,1974,0.0000
tonga,1975,0.0000
tonga,1976,0.0000
tonga,1977,0.0000
tonga,1978,0.0000
tonga,1979,0.0000
tonga,1980,0.0000
tonga,1981,0.0000
tonga,1982,0.0000
tonga,1983,0.0000
tonga,1984,0.0000
tonga,1985,0.0000
tonga,1986,0.0000
tonga,1987,0.0000
tonga,1988,0.0000
tonga,1989,0.0000
tonga,1990,0.0000
tonga,1991,0.0000
tonga,1992,0.0000
tonga,1993,0.0000
tonga,1994,0.0000
tonga,1995,0.0000
tonga,1996,0.0000
tonga,1997,0.0000
tonga,1998,0.0000
tonga,1999,0.0000
tonga,2000,0.0000
tonga,2001,0.0000
tonga,2002,0.0000
tonga,2003,0.0000
tonga,2004,0.0000
tonga,2005,0.0000
tonga,2006,0.0000
tonga,2007,0.0000
tonga,2008,0.0000
tonga,2009,0.0000
tonga,2010,0.0000
tonga,2011,0.0000
tonga,2012,0.0000
tonga,2013,0.0000
tonga,2014,0.0000
tonga,2015,0.0000
tonga,2016,0.0000
tonga,2017,0.0000
tonga,2018,0.0000
tonga,2019,0.0000
tonga,2020,0.0000
tonga,2021,0.0000
tonga,2022,0.0000
trinidad_and_tobago,1961,0.0000
trinidad_and_tobago,1962,0.0000
trinidad_and_tobago,1963,0.0000
trinidad_and_tobago,1964,0.0000
trinidad_and_tobago,1965,0.0000
trinidad_and_tobago,1966,0.0000
trinidad_and_tobago,1967,0.0000
trinidad_and_tobago,1968,0.0000
trinidad_and_tobago,1969,0.0000
trinidad_and_tobago,1970,0.0000
trinidad_and_tobago,1971,0.0000
trinidad_and_tobago,1972,0.0000
trinidad_and_tobago,1973,0.0000
trinidad_and_tobago,1974,0.0000
trinidad_and_tobago,1975,0.0000
trinidad_and_tobago,1976,0.0000
trinidad_and_tobago,1977,0.0000
trinidad_and_tobago,1978,0.0000
trinidad_and_tobago,1979,0.0000
trinidad_and_tobago,1980,0.0000
trinidad_and_tobago,1981,0.0000
trinidad_and_tobago,1982,0.0000
trinidad_and_tobago,1983,0.0000
trinidad_and_tobago,1984,0.0000
trinidad_and_tobago,1985,0.0000
trinidad_and_tobago,1986,0.0000
trinidad_and_tobago,1987,0.0000
trinidad_and_tobago,1988,0.0000
trinidad_and_tobago,1989,0.0000
trinidad_and_tobago,1990,0.0000
trinidad_and_tobago,1991,0.0000
trinidad_and_tobago,1992,0.0000
trinidad_and_tobago,1993,0.0000
trinidad_and_tobago,1994,0.0000
trinidad_and_tobago,1995,0.0000
trinidad_and_tobago,1996,0.0000
trinidad_and_tobago,1997,0.0000
trinidad_and_tobago,1998,0.0000
trinidad_and_tobago,1999,0.0000
trinidad_and_tobago,2000,0.0000
trinidad_and_tobago,2001,0.0000
trinidad_and_tobago,2002,0.0000
trinidad_and_tobago,2003,0.0000
trinidad_and_tobago,2004,0.0000
trinidad_and_tobago,2005,0.0000
trinidad_and_tobago,2006,0.0000
trinidad_and_tobago,2007,0.0000
trinidad_and_tobago,2008,0.0000
trinidad_and_tobago,2009,0.0000
trinidad_and_tobago,2010,0.0000
trinidad_and_tobago,2011,0.0000
trinidad_and_tobago,2012,0.0000
trinidad_and_tobago,2013,0.0000
trinidad_and_tobago,2014,0.0000
trinidad_and_tobago,2015,0.0000
trinidad_and_tobago,2016,0.0000
trinidad_and_tobago,2017,0.0000
trinidad_and_tobago,2018,0.0000
trinidad_and_tobago,2019,0.0000
trinidad_and_tobago,2020,0.0000
trinidad_and_tobago,2021,0.0000
trinidad_and_tobago,2022,0.0000
tunisia,1962,0.0000
tunisia,1963,0.0000
tunisia,1964,0.0000
tunisia,1965,0.0000
tunisia,1966,0.0000
tunisia,1967,0.0000
tunisia,1968,0.0000
tunisia,1969,0.0000
tunisia,1970,0.0000
tunisia,1971,0.0000
tunisia,1972,0.0000
tunisia,1973,0.0000
tunisia,1974,0.0000
tunisia,1975,0.0000
tunisia,1976,0.0000
tunisia,1977,0.0000
tunisia,1978,0.0000
tunisia,1979,0.0000
tunisia,1980,0.0000
tunisia,1981,0.0000
tunisia,1982,0.0000
tunisia,1983,0.0000
tunisia,1984,0.0000
tunisia,1985,0.0000
tunisia,1986,0.0000
tunisia,1987,0.0000
tunisia,1988,0.0000
tunisia,1989,0.0000
tunisia,1990,0.0000
tunisia,1991,0.0000
tunisia,1992,0.0000
tunisia,1993,0.0000
tunisia,1994,0.0000
tunisia,1995,0.0000
tunisia,1996,0.0000
tunisia,1997,0.0000
tunisia,1998,0.0000
tunisia,1999,0.0000
tunisia,2000,0.0000
tunisia,2001,0.0000
tunisia,2002,0.0000
tunisia,2003,0.0000
tunisia,2004,0.0000
tunisia,2005,0.0000
tunisia,2006,0.0000
tunisia,2007,0.0000
tunisia,2008,0.0000
tunisia,2009,0.0000
tunisia,2010,0.0000
tunisia,2011,0.0000
tunisia,2012,0.0000
tunisia,2013,0.0000
tunisia,2014,0.0000
tunisia,2015,0.0000
tunisia,2016,0.0000
tunisia,2017,0.0000
tunisia,2018,0.0000
tunisia,2019,0.0000
tunisia,2020,0.0000
tunisia,2021,0.0000
tunisia,2022,0.0000
turkiye,1962,15.750
turkiye,1963,15.750
turkiye,1964,15.750
turkiye,1965,15.750
turkiye,1966,15.750
turkiye,1967,15.750
turkiye,1968,15.750
turkiye,1969,15.750
turkiye,1970,15.750
turkiye,1971,15.750
turkiye,1972,15.750
turkiye,1973,15.750
turkiye,1974,15.750
turkiye,1975,15.750
turkiye,1976,15.750
turkiye,1977,15.750
turkiye,1978,15.750
turkiye,1979,15.750
turkiye,1980,15.750
turkiye,1981,15.750
turkiye,1982,15.750
turkiye,1983,15.750
turkiye,1984,15.750
turkiye,1985,15.750
turkiye,1986,15.750
turkiye,1987,15.750
turkiye,1988,15.750
turkiye,1989,15.750
turkiye,1990,15.750
turkiye,1991,15.750
turkiye,1992,15.750
turkiye,1993,15.750
turkiye,1994,15.750
turkiye,1995,15.750
turkiye,1996,15.750
turkiye,1997,15.750
turkiye,1998,15.750
turkiye,1999,15.750
turkiye,2000,15.750
turkiye,2001,15.750
turkiye,2002,15.750
turkiye,2003,15.750
turkiye,2004,15.750
turkiye,2005,15.750
turkiye,2006,15.750
turkiye,2007,15.750
turkiye,2008,15.750
turkiye,2009,15.750
turkiye,2010,15.750
turkiye,2011,15.750
turkiye,2012,15.750
turkiye,2013,15.750
turkiye,2014,15.750
turkiye,2015,15.750
turkiye,2016,15.750
turkiye,2017,15.750
turkiye,2018,15.750
turkiye,2019,15.750
turkiye,2020,15.750
turkiye,2021,15.750
turkiye,2022,15.750
turkmenistan,1992,22.000
turkmenistan,1993,22.000
turkmenistan,1994,22.000
turkmenistan,1995,22.000
turkmenistan,1996,22.000
turkmenistan,1997,22.000
turkmenistan,1998,22.000
turkmenistan,1999,22.000
turkmenistan,2000,22.000
turkmenistan,2001,22.000
turkmenistan,2002,22.000
turkmenistan,2003,22.000
turkmenistan,2004,22.000
turkmenistan,2005,22.000
turkmenistan,2006,22.000
turkmenistan,2007,22.000
turkmenistan,2008,22.000
turkmenistan,2009,22.000
turkmenistan,2010,22.000
turkmenistan,2011,22.000
turkmenistan,2012,22.000
turkmenistan,2013,22.000
turkmenistan,2014,22.000
turkmenistan,2015,22.000
turkmenistan,2016,22.000
turkmenistan,2017,22.000
turkmenistan,2018,22.000
turkmenistan,2019,22.000
turkmenistan,2020,22.000
turkmenistan,2021,22.000
turkmenistan,2022,22.000
tuvalu,1962,0.0000
tuvalu,1963,0.0000
tuvalu,1964,0.0000
tuvalu,1965,0.0000
tuvalu,1966,0.0000
tuvalu,1967,0.0000
tuvalu,1968,0.0000
tuvalu,1969,0.0000
tuvalu,1970,0.0000
tuvalu,1971,0.0000
tuvalu,1972,0.0000
tuvalu,1973,0.0000
tuvalu,1974,0.0000
tuvalu,1975,0.0000
tuvalu,1976,0.0000
tuvalu,1977,0.0000
tuvalu,1978,0.0000
tuvalu,1979,0.0000
tuvalu,1980,0.0000
tuvalu,1981,0.0000
tuvalu,1982,0.0000
tuvalu,1983,0.0000
tuvalu,1984,0.0000
tuvalu,1985,0.0000
tuvalu,1986,0.0000
tuvalu,1987,0.0000
tuvalu,1988,0.0000
tuvalu,1989,0.0000
tuvalu,1990,0.0000
tuvalu,1991,0.0000
tuvalu,1992,0.0000
tuvalu,1993,0.0000
tuvalu,1994,0.0000
tuvalu,1995,0.0000
tuvalu,1996,0.0000
tuvalu,1997,0.0000
tuvalu,1998,0.0000
tuvalu,1999,0.0000
tuvalu,2000,0.0000
tuvalu,2001,0.0000
tuvalu,2002,0.0000
tuvalu,2003,0.0000
tuvalu,2004,0.0000
tuvalu,2005,0.0000
tuvalu,2006,0.0000
tuvalu,2007,0.0000
tuvalu,2008,0.0000
tuvalu,2009,0.0000
tuvalu,2010,0.0000
tuvalu,2011,0.0000
tuvalu,2012,0.0000
tuvalu,2013,0.0000
tuvalu,2014,0.0000
tuvalu,2015,0.0000
tuvalu,2016,0.0000
tuvalu,2017,0.0000
tuvalu,2018,0.0000
tuvalu,2019,0.0000
tuvalu,2020,0.0000
tuvalu,2021,0.0000
tuvalu,2022,0.0000
uganda,1962,0.0000
uganda,1963,0.0000
uganda,1964,0.0000
uganda,1965,0.0000
uganda,1966,0.0000
uganda,1967,0.0000
uganda,1968,0.0000
uganda,1969,0.0000
uganda,1970,0.0000
uganda,1971,0.0000
uganda,1972,0.0000
uganda,1973,0.0000
uganda,1974,0.0000
uganda,1975,0.0000
uganda,1976,0.0000
uganda,1977,0.0000
uganda,1978,0.0000
uganda,1979,0.0000
uganda,1980,0.0000
uganda,1981,0.0000
uganda,1982,0.0000
uganda,1983,0.0000
uganda,1984,0.0000
uganda,1985,0.0000
uganda,1986,0.0000
uganda,1987,0.0000
uganda,1988,0.0000
uganda,1989,0.0000
uganda,1990,0.0000
uganda,1991,0.0000
uganda,1992,0.0000
uganda,1993,0.0000
uganda,1994,0.0000
uganda,1995,0.0000
uganda,1996,0.0000
uganda,1997,0.0000
uganda,1998,0.0000
uganda,1999,0.0000
uganda,2000,0.0000
uganda,2001,0.0000
uganda,2002,0.0000
uganda,2003,0.0000
uganda,2004,0.0000
uganda,2005,0.0000
uganda,2006,0.0000
uganda,2007,0.0000
uganda,2008,0.0000
uganda,2009,0.0000
uganda,2010,0.0000
uganda,2011,0.0000
uganda,2012,0.0000
uganda,2013,0.0000
uganda,2014,0.0000
uganda,2015,0.0000
uganda,2016,0.0000
uganda,2017,0.0000
uganda,2018,0.0000
uganda,2019,0.0000
uganda,2020,0.0000
uganda,2021,0.0000
uganda,2022,0.0000
ukraine,1992,0.0000
ukraine,1993,0.0000
ukraine,1994,0.0000
ukraine,1995,0.0000
ukraine,1996,0.0000
ukraine,1997,0.0000
ukraine,1998,0.0000
ukraine,1999,0.0000
ukraine,2000,0.0000
ukraine,2001,0.0000
ukraine,2002,0.0000
ukraine,2003,0.0000
ukraine,2004,0.0000
ukraine,2005,0.0000
ukraine,2006,0.0000
ukraine,2007,0.0000
ukraine,2008,0.0000
ukraine,2009,0.0000
ukraine,2010,0.0000
ukraine,2011,0.0000
ukraine,2012,0.0000
ukraine,2013,0.0000
ukraine,2014,0.0000
ukraine,2015,0.0000
ukraine,2016,0.0000
ukraine,2017,0.0000
ukraine,2018,0.0000
ukraine,2019,0.0000
ukraine,2020,0.0000
ukraine,2021,0.0000
ukraine,2022,0.0000
united_arab_emirates,1961,0.0000
united_arab_emirates,1962,0.0000
united_arab_emirates,1963,0.0000
united_arab_emirates,1964,0.0000
united_arab_emirates,1965,0.0000
united_arab_emirates,1966,0.0000
united_arab_emirates,1967,0.0000
united_arab_emirates,1968,0.0000
united_arab_emirates,1969,0.0000
united_arab_emirates,1970,0.0000
united_arab_emirates,1971,0.0000
united_arab_emirates,1972,0.0000
united_arab_emirates,1973,0.0000
united_arab_emirates,1974,0.0000
united_arab_emirates,1975,0.0000
united_arab_emirates,1976,0.0000
united_arab_emirates,1977,0.0000
united_arab_emirates,1978,0.0000
united_arab_emirates,1979,0.0000
united_arab_emirates,1980,0.0000
united_arab_emirates,1981,0.0000
united_arab_emirates,1982,0.0000
united_arab_emirates,1983,0.0000
united_arab_emirates,1984,0.0000
united_arab_emirates,1985,0.0000
united_arab_emirates,1986,0.0000
united_arab_emirates,1987,0.0000
united_arab_emirates,1988,0.0000
united_arab_emirates,1989,0.0000
united_arab_emirates,1990,0.0000
united_arab_emirates,1991,0.0000
united_arab_emirates,1992,0.0000
united_arab_emirates,1993,0.0000
united_arab_emirates,1994,0.0000
united_arab_emirates,1995,0.0000
united_arab_emirates,1996,0.0000
united_arab_emirates,1997,0.0000
united_arab_emirates,1998,0.0000
united_arab_emirates,1999,0.0000
united_arab_emirates,2000,0.0000
united_arab_emirates,2001,0.0000
united_arab_emirates,2002,0.0000
united_arab_emirates,2003,0.0000
united_arab_emirates,2004,0.0000
united_arab_emirates,2005,0.0000
united_arab_emirates,2006,0.0000
united_arab_emirates,2007,0.0000
united_arab_emirates,2008,0.0000
united_arab_emirates,2009,0.0000
united_arab_emirates,2010,0.0000
united_arab_emirates,2011,0.0000
united_arab_emirates,2012,0.0000
united_arab_emirates,2013,0.0000
united_arab_emirates,2014,0.0000
united_arab_emirates,2015,0.0000
united_arab_emirates,2016,0.0000
united_arab_emirates,2017,0.0000
united_arab_emirates,2018,0.0000
united_arab_emirates,2019,0.0000
united_arab_emirates,2020,0.0000
united_arab_emirates,2021,0.0000
united_arab_emirates,2022,0.0000
united_kingdom_of_great_britain_and_northern_ireland,1961,0.0000
united_kingdom_of_great_britain_and_northern_ireland,1962,0.0000
united_kingdom_of_great_britain_and_northern_ireland,1963,0.0000
united_kingdom_of_great_britain_and_northern_ireland,1964,0.0000
united_kingdom_of_great_britain_and_northern_ireland,1965,0.0000
united_kingdom_of_great_britain_and_northern_ireland,1966,0.0000
united_kingdom_of_great_britain_and_northern_ireland,1967,0.0000
united_kingdom_of_great_britain_and_northern_ireland,1968,0.0000
united_kingdom_of_great_britain_and_northern_ireland,1969,0.0000
united_kingdom_of_great_britain_and_northern_ireland,1970,0.0000
united_kingdom_of_great_britain_and_northern_ireland,1971,0.0000
united_kingdom_of_great_britain_and_northern_ireland,1972,0.0000
united_kingdom_of_great_britain_and_northern_ireland,1973,0.0000
united_kingdom_of_great_britain_and_northern_ireland,1974,0.0000
united_kingdom_of_great_britain_and_northern_ireland,1975,0.0000
united_kingdom_of_great_britain_and_northern_ireland,1976,0.0000
united_kingdom_of_great_britain_and_northern_ireland,1977,0.0000
united_kingdom_of_great_britain_and_northern_ireland,1978,0.0000
united_kingdom_of_great_britain_and_northern_ireland,1979,0.0000
united_kingdom_of_great_britain_and_northern_ireland,1980,0.0000
united_kingdom_of_great_britain_and_northern_ireland,1981,0.0000
united_kingdom_of_great_britain_and_northern_ireland,1982,0.0000
united_kingdom_of_great_britain_and_northern_ireland,1983,0.0000
united_kingdom_of_great_britain_and_northern_ireland,1984,0.0000
united_kingdom_of_great_britain_and_northern_ireland,1985,0.0000
united_kingdom_of_great_britain_and_northern_ireland,1986,0.0000
united_kingdom_of_great_britain_and_northern_ireland,1987,0.0000
united_kingdom_of_great_britain_and_northern_ireland,1988,0.0000
united_kingdom_of_great_britain_and_northern_ireland,1989,0.0000
united_kingdom_of_great_britain_and_northern_ireland,1990,0.0000
united_kingdom_of_great_britain_and_northern_ireland,1991,0.0000
united_kingdom_of_great_britain_and_northern_ireland,1992,0.0000
united_kingdom_of_great_britain_and_northern_ireland,1993,0.0000
united_kingdom_of_great_britain_and_northern_ireland,1994,0.0000
united_kingdom_of_great_britain_and_northern_ireland,1995,0.0000
united_kingdom_of_great_britain_and_northern_ireland,1996,0.0000
united_kingdom_of_great_britain_and_northern_ireland,1997,0.0000
united_kingdom_of_great_britain_and_northern_ireland,1998,0.0000
united_kingdom_of_great_britain_and_northern_ireland,1999,0.0000
united_kingdom_of_great_britain_and_northern_ireland,2000,0.0000
united_kingdom_of_great_britain_and_northern_ireland,2001,0.0000
united_kingdom_of_great_britain_and_northern_ireland,2002,0.0000
united_kingdom_of_great_britain_and_northern_ireland,2003,0.0000
united_kingdom_of_great_britain_and_northern_ireland,2004,0.0000
united_kingdom_of_great_britain_and_northern_ireland,2005,0.0000
united_kingdom_of_great_britain_and_northern_ireland,2006,0.0000
united_kingdom_of_great_britain_and_northern_ireland,2007,0.0000
united_kingdom_of_great_britain_and_northern_ireland,2008,0.0000
united_kingdom_of_great_britain_and_northern_ireland,2009,0.0000
united_kingdom_of_great_britain_and_northern_ireland,2010,0.0000
united_kingdom_of_great_britain_and_northern_ireland,2011,0.0000
united_kingdom_of_great_britain_and_northern_ireland,2012,0.0000
united_kingdom_of_great_britain_and_northern_ireland,2013,0.0000
united_kingdom_of_great_britain_and_northern_ireland,2014,0.0000
united_kingdom_of_great_britain_and_northern_ireland,2015,0.0000
united_kingdom_of_great_britain_and_northern_ireland,2016,0.0000
united_kingdom_of_great_britain_and_northern_ireland,2017,0.0000
united_kingdom_of_great_britain_and_northern_ireland,2018,0.0000
united_kingdom_of_great_britain_and_northern_ireland,2019,0.0000
united_kingdom_of_great_britain_and_northern_ireland,2020,0.0000
united_kingdom_of_great_britain_and_northern_ireland,2021,0.0000
united_kingdom_of_great_britain_and_northern_ireland,2022,0.0000
united_states_of_america,1961,0.0000
united_states_of_america,1962,0.0000
united_states_of_america,1963,0.0000
united_states_of_america,1964,0.0000
united_states_of_america,1965,0.0000
united_states_of_america,1966,0.0000
united_states_of_america,1967,0.0000
united_states_of_america,1968,0.0000
united_states_of_america,1969,0.0000
united_states_of_america,1970,0.0000
united_states_of_america,1971,0.0000
united_states_of_america,1972,0.0000
united_states_of_america,1973,0.0000
united_states_of_america,1974,0.0000
united_states_of_america,1975,0.0000
united_states_of_america,1976,0.0000
united_states_of_america,1977,0.0000
united_states_of_america,1978,0.0000
united_states_of_america,1979,0.0000
united_states_of_america,1980,0.0000
united_states_of_america,1981,0.0000
united_states_of_america,1982,0.0000
united_states_of_america,1983,0.0000
united_states_of_america,1984,0.0000
united_states_of_america,1985,0.0000
united_states_of_america,1986,0.0000
united_states_of_america,1987,0.0000
united_states_of_america,1988,0.0000
united_states_of_america,1989,0.0000
united_states_of_america,1990,0.0000
united_states_of_america,1991,0.0000
united_states_of_america,1992,0.0000
united_states_of_america,1993,0.0000
united_states_of_america,1994,0.0000
united_states_of_america,1995,0.0000
united_states_of_america,1996,0.0000
united_states_of_america,1997,0.0000
united_states_of_america,1998,0.0000
united_states_of_america,1999,0.0000
united_states_of_america,2000,0.0000
united_states_of_america,2001,0.0000
united_states_of_america,2002,0.0000
united_states_of_america,2003,0.0000
united_states_of_america,2004,0.0000
united_states_of_america,2005,0.0000
united_states_of_america,2006,0.0000
united_states_of_america,2007,0.0000
united_states_of_america,2008,0.0000
united_states_of_america,2009,0.0000
united_states_of_america,2010,0.0000
united_states_of_america,2011,0.0000
united_states_of_america,2012,0.0000
united_states_of_america,2013,0.0000
united_states_of_america,2014,0.0000
united_states_of_america,2015,0.0000
united_states_of_america,2016,0.0000
united_states_of_america,2017,0.0000
united_states_of_america,2018,0.0000
united_states_of_america,2019,0.0000
united_states_of_america,2020,0.0000
united_states_of_america,2021,0.0000
united_states_of_america,2022,0.0000
uruguay,1961,0.0000
uruguay,1962,0.0000
uruguay,1963,0.0000
uruguay,1964,0.0000
uruguay,1965,0.0000
uruguay,1966,0.0000
uruguay,1967,0.0000
uruguay,1968,0.0000
uruguay,1969,0.0000
uruguay,1970,0.0000
uruguay,1971,0.0000
uruguay,1972,0.0000
uruguay,1973,0.0000
uruguay,1974,0.0000
uruguay,1975,0.0000
uruguay,1976,0.0000
uruguay,1977,0.0000
uruguay,1978,0.0000
uruguay,1979,0.0000
uruguay,1980,0.0000
uruguay,1981,0.0000
uruguay,1982,0.0000
uruguay,1983,0.0000
uruguay,1984,0.0000
uruguay,1985,0.0000
uruguay,1986,0.0000
uruguay,1987,0.0000
uruguay,1988,0.0000
uruguay,1989,0.0000
uruguay,1990,0.0000
uruguay,1991,0.0000
uruguay,1992,0.0000
uruguay,1993,0.0000
uruguay,1994,0.0000
uruguay,1995,0.0000
uruguay,1996,0.0000
uruguay,1997,0.0000
uruguay,1998,0.0000
uruguay,1999,0.0000
uruguay,2000,0.0000
uruguay,2001,0.0000
uruguay,2002,0.0000
uruguay,2003,0.0000
uruguay,2004,0.0000
uruguay,2005,0.0000
uruguay,2006,0.0000
uruguay,2007,0.0000
uruguay,2008,0.0000
uruguay,2009,0.0000
uruguay,2010,0.0000
uruguay,2011,0.0000
uruguay,2012,0.0000
uruguay,2013,0.0000
uruguay,2014,0.0000
uruguay,2015,0.0000
uruguay,2016,0.0000
uruguay,2017,0.0000
uruguay,2018,0.0000
uruguay,2019,0.0000
uruguay,2020,0.0000
uruguay,2021,0.0000
uruguay,2022,0.0000
uzbekistan,1992,99.350
uzbekistan,1993,99.350
uzbekistan,1994,99.350
uzbekistan,1995,99.350
uzbekistan,1996,99.350
uzbekistan,1997,99.350
uzbekistan,1998,99.350
uzbekistan,1999,99.350
uzbekistan,2000,99.350
uzbekistan,2001,99.350
uzbekistan,2002,99.350
uzbekistan,2003,99.350
uzbekistan,2004,99.350
uzbekistan,2005,99.350
uzbekistan,2006,99.350
uzbekistan,2007,99.350
uzbekistan,2008,99.350
uzbekistan,2009,99.350
uzbekistan,2010,99.350
uzbekistan,2011,99.350
uzbekistan,2012,99.350
uzbekistan,2013,99.350
uzbekistan,2014,99.350
uzbekistan,2015,99.350
uzbekistan,2016,99.350
uzbekistan,2017,99.350
uzbekistan,2018,99.350
uzbekistan,2019,99.350
uzbekistan,2020,99.350
uzbekistan,2021,99.350
uzbekistan,2022,99.350
vanuatu,1962,0.0000
vanuatu,1963,0.0000
vanuatu,1964,0.0000
vanuatu,1965,0.0000
vanuatu,1966,0.0000
vanuatu,1967,0.0000
vanuatu,1968,0.0000
vanuatu,1969,0.0000
vanuatu,1970,0.0000
vanuatu,1971,0.0000
vanuatu,1972,0.0000
vanuatu,1973,0.0000
vanuatu,1974,0.0000
vanuatu,1975,0.0000
vanuatu,1976,0.0000
vanuatu,1977,0.0000
vanuatu,1978,0.0000
vanuatu,1979,0.0000
vanuatu,1980,0.0000
vanuatu,1981,0.0000
vanuatu,1982,0.0000
vanuatu,1983,0.0000
vanuatu,1984,0.0000
vanuatu,1985,0.0000
vanuatu,1986,0.0000
vanuatu,1987,0.0000
vanuatu,1988,0.0000
vanuatu,1989,0.0000
vanuatu,1990,0.0000
vanuatu,1991,0.0000
vanuatu,1992,0.0000
vanuatu,1993,0.0000
vanuatu,1994,0.0000
vanuatu,1995,0.0000
vanuatu,1996,0.0000
vanuatu,1997,0.0000
vanuatu,1998,0.0000
vanuatu,1999,0.0000
vanuatu,2000,0.0000
vanuatu,2001,0.0000
vanuatu,2002,0.0000
vanuatu,2003,0.0000
vanuatu,2004,0.0000
vanuatu,2005,0.0000
vanuatu,2006,0.0000
vanuatu,2007,0.0000
vanuatu,2008,0.0000
vanuatu,2009,0.0000
vanuatu,2010,0.0000
vanuatu,2011,0.0000
vanuatu,2012,0.0000
vanuatu,2013,0.0000
vanuatu,2014,0.0000
vanuatu,2015,0.0000
vanuatu,2016,0.0000
vanuatu,2017,0.0000
vanuatu,2018,0.0000
vanuatu,2019,0.0000
vanuatu,2020,0.0000
vanuatu,2021,0.0000
vanuatu,2022,0.0000
venezuela_bolivarian_republic_of,1961,0.0000
venezuela_bolivarian_republic_of,1962,0.0000
venezuela_bolivarian_republic_of,1963,0.0000
venezuela_bolivarian_republic_of,1964,0.0000
venezuela_bolivarian_republic_of,1965,0.0000
venezuela_bolivarian_republic_of,1966,0.0000
venezuela_bolivarian_republic_of,1967,0.0000
venezuela_bolivarian_republic_of,1968,0.0000
venezuela_bolivarian_republic_of,1969,0.0000
venezuela_bolivarian_republic_of,1970,0.0000
venezuela_bolivarian_republic_of,1971,0.0000
venezuela_bolivarian_republic_of,1972,0.0000
venezuela_bolivarian_republic_of,1973,0.0000
venezuela_bolivarian_republic_of,1974,0.0000
venezuela_bolivarian_republic_of,1975,0.0000
venezuela_bolivarian_republic_of,1976,0.0000
venezuela_bolivarian_republic_of,1977,0.0000
venezuela_bolivarian_republic_of,1978,0.0000
venezuela_bolivarian_republic_of,1979,0.0000
venezuela_bolivarian_republic_of,1980,0.0000
venezuela_bolivarian_republic_of,1981,0.0000
venezuela_bolivarian_republic_of,1982,0.0000
venezuela_bolivarian_republic_of,1983,0.0000
venezuela_bolivarian_republic_of,1984,0.0000
venezuela_bolivarian_republic_of,1985,0.0000
venezuela_bolivarian_republic_of,1986,0.0000
venezuela_bolivarian_republic_of,1987,0.0000
venezuela_bolivarian_republic_of,1988,0.0000
venezuela_bolivarian_republic_of,1989,0.0000
venezuela_bolivarian_republic_of,1990,0.0000
venezuela_bolivarian_republic_of,1991,0.0000
venezuela_bolivarian_republic_of,1992,0.0000
venezuela_bolivarian_republic_of,1993,0.0000
venezuela_bolivarian_republic_of,1994,0.0000
venezuela_bolivarian_republic_of,1995,0.0000
venezuela_bolivarian_republic_of,1996,0.0000
venezuela_bolivarian_republic_of,1997,0.0000
venezuela_bolivarian_republic_of,1998,0.0000
venezuela_bolivarian_republic_of,1999,0.0000
venezuela_bolivarian_republic_of,2000,0.0000
venezuela_bolivarian_republic_of,2001,0.0000
venezuela_bolivarian_republic_of,2002,0.0000
venezuela_bolivarian_republic_of,2003,0.0000
venezuela_bolivarian_republic_of,2004,0.0000
venezuela_bolivarian_republic_of,2005,0.0000
venezuela_bolivarian_republic_of,2006,0.0000
venezuela_bolivarian_republic_of,2007,0.0000
venezuela_bolivarian_republic_of,2008,0.0000
venezuela_bolivarian_republic_of,2009,0.0000
venezuela_bolivarian_republic_of,2010,0.0000
venezuela_bolivarian_republic_of,2011,0.0000
venezuela_bolivarian_republic_of,2012,0.0000
venezuela_bolivarian_republic_of,2013,0.0000
venezuela_bolivarian_republic_of,2014,0.0000
venezuela_bolivarian_republic_of,2015,0.0000
venezuela_bolivarian_republic_of,2016,0.0000
venezuela_bolivarian_republic_of,2017,0.0000
venezuela_bolivarian_republic_of,2018,0.0000
venezuela_bolivarian_republic_of,2019,0.0000
venezuela_bolivarian_republic_of,2020,0.0000
venezuela_bolivarian_republic_of,2021,0.0000
venezuela_bolivarian_republic_of,2022,0.0000
viet_nam,1961,0.0000
viet_nam,1962,0.0000
viet_nam,1963,0.0000
viet_nam,1964,0.0000
viet_nam,1965,0.0000
viet_nam,1966,0.0000
viet_nam,1967,0.0000
viet_nam,1968,0.0000
viet_nam,1969,0.0000
viet_nam,1970,0.0000
viet_nam,1971,0.0000
viet_nam,1972,0.0000
viet_nam,1973,0.0000
viet_nam,1974,0.0000
viet_nam,1975,0.0000
viet_nam,1976,0.0000
viet_nam,1977,0.0000
viet_nam,1978,0.0000
viet_nam,1979,0.0000
viet_nam,1980,0.0000
viet_nam,1981,0.0000
viet_nam,1982,0.0000
viet_nam,1983,0.0000
viet_nam,1984,0.0000
viet_nam,1985,0.0000
viet_nam,1986,0.0000
viet_nam,1987,0.0000
viet_nam,1988,0.0000
viet_nam,1989,0.0000
viet_nam,1990,0.0000
viet_nam,1991,0.0000
viet_nam,1992,0.0000
viet_nam,1993,0.0000
viet_nam,1994,0.0000
viet_nam,1995,0.0000
viet_nam,1996,0.0000
viet_nam,1997,0.0000
viet_nam,1998,0.0000
viet_nam,1999,0.0000
viet_nam,2000,0.0000
viet_nam,2001,0.0000
viet_nam,2002,0.0000
viet_nam,2003,0.0000
viet_nam,2004,0.0000
viet_nam,2005,0.0000
viet_nam,2006,0.0000
viet_nam,2007,0.0000
viet_nam,2008,0.0000
viet_nam,2009,0.0000
viet_nam,2010,0.0000
viet_nam,2011,0.0000
viet_nam,2012,0.0000
viet_nam,2013,0.0000
viet_nam,2014,0.0000
viet_nam,2015,0.0000
viet_nam,2016,0.0000
viet_nam,2017,0.0000
viet_nam,2018,0.0000
viet_nam,2019,0.0000
viet_nam,2020,0.0000
viet_nam,2021,0.0000
viet_nam,2022,0.0000
zambia,1962,0.0000
zambia,1963,0.0000
zambia,1964,0.0000
zambia,1965,0.0000
zambia,1966,0.0000
zambia,1967,0.0000
zambia,1968,0.0000
zambia,1969,0.0000
zambia,1970,0.0000
zambia,1971,0.0000
zambia,1972,0.0000
zambia,1973,0.0000
zambia,1974,0.0000
zambia,1975,0.0000
zambia,1976,0.0000
zambia,1977,0.0000
zambia,1978,0.0000
zambia,1979,0.0000
zambia,1980,0.0000
zambia,1981,0.0000
zambia,1982,0.0000
zambia,1983,0.0000
zambia,1984,0.0000
zambia,1985,0.0000
zambia,1986,0.0000
zambia,1987,0.0000
zambia,1988,0.0000
zambia,1989,0.0000
zambia,1990,0.0000
zambia,1991,0.0000
zambia,1992,0.0000
zambia,1993,0.0000
zambia,1994,0.0000
zambia,1995,0.0000
zambia,1996,0.0000
zambia,1997,0.0000
zambia,1998,0.0000
zambia,1999,0.0000
zambia,2000,0.0000
zambia,2001,0.0000
zambia,2002,0.0000
zambia,2003,0.0000
zambia,2004,0.0000
zambia,2005,0.0000
zambia,2006,0.0000
zambia,2007,0.0000
zambia,2008,0.0000
zambia,2009,0.0000
zambia,2010,0.0000
zambia,2011,0.0000
zambia,2012,0.0000
zambia,2013,0.0000
zambia,2014,0.0000
zambia,2015,0.0000
zambia,2016,0.0000
zambia,2017,0.0000
zambia,2018,0.0000
zambia,2019,0.0000
zambia,2020,0.0000
zambia,2021,0.0000
zambia,2022,0.0000
zimbabwe,1962,0.0000
zimbabwe,1963,0.0000
zimbabwe,1964,0.0000
zimbabwe,1965,0.0000
zimbabwe,1966,0.0000
zimbabwe,1967,0.0000
zimbabwe,1968,0.0000
zimbabwe,1969,0.0000
zimbabwe,1970,0.0000
zimbabwe,1971,0.0000
zimbabwe,1972,0.0000
zimbabwe,1973,0.0000
zimbabwe,1974,0.0000
zimbabwe,1975,0.0000
zimbabwe,1976,0.0000
zimbabwe,1977,0.0000
zimbabwe,1978,0.0000
zimbabwe,1979,0.0000
zimbabwe,1980,0.0000
zimbabwe,1981,0.0000
zimbabwe,1982,0.0000
zimbabwe,1983,0.0000
zimbabwe,1984,0.0000
zimbabwe,1985,0.0000
zimbabwe,1986,0.0000
zimbabwe,1987,0.0000
zimbabwe,1988,0.0000
zimbabwe,1989,0.0000
zimbabwe,1990,0.0000
zimbabwe,1991,0.0000
zimbabwe,1992,0.0000
zimbabwe,1993,0.0000
zimbabwe,1994,0.0000
zimbabwe,1995,0.0000
zimbabwe,1996,0.0000
zimbabwe,1997,0.0000
zimbabwe,1998,0.0000
zimbabwe,1999,0.0000
zimbabwe,2000,0.0000
zimbabwe,2001,0.0000
zimbabwe,2002,0.0000
zimbabwe,2003,0.0000
zimbabwe,2004,0.0000
zimbabwe,2005,0.0000
zimbabwe,2006,0.0000
zimbabwe,2007,0.0000
zimbabwe,2008,0.0000
zimbabwe,2009,0.0000
zimbabwe,2010,0.0000
zimbabwe,2011,0.0000
zimbabwe,2012,0.0000
zimbabwe,2013,0.0000
zimbabwe,2014,0.0000
zimbabwe,2015,0.0000
zimbabwe,2016,0.0000
zimbabwe,2017,0.0000
zimbabwe,2018,0.0000
zimbabwe,2019,0.0000
zimbabwe,2020,0.0000
zimbabwe,2021,0.0000
zimbabwe,2022,0.0000
