area,year,sdg_6_4_1_services_water_use_efficiency
afghanistan,1987,11.548
afghanistan,1988,7.4233
afghanistan,1989,5.3274
afghanistan,1990,15.038
afghanistan,1991,9.1974
afghanistan,1992,10.297
afghanistan,1993,6.2288
afghanistan,1994,3.3867
afghanistan,1995,8.4387
afghanistan,1996,7.9199
afghanistan,1997,7.5195
afghanistan,1998,7.2608
afghanistan,1999,7.0587
afghanistan,2000,6.8850
afghanistan,2001,6.3939
afghanistan,2002,16.333
afghanistan,2003,17.703
afghanistan,2004,19.474
afghanistan,2005,20.060
afghanistan,2006,22.534
afghanistan,2007,28.685
afghanistan,2008,30.585
afghanistan,2009,37.214
afghanistan,2010,43.336
afghanistan,2011,48.152
afghanistan,2012,54.340
afghanistan,2013,60.985
afghanistan,2014,68.168
afghanistan,2015,70.380
afghanistan,2016,57.302
afghanistan,2017,58.166
afghanistan,2018,59.032
afghanistan,2019,60.115
afghanistan,2020,57.852
afghanistan,2021,41.592
afghanistan,2022,37.217
albania,1990,15.761
albania,1991,7.9083
albania,1992,4.7655
albania,1993,4.1967
albania,1994,3.8257
albania,1995,3.6705
albania,1996,6.1553
albania,1997,5.1007
albania,1998,5.0722
albania,1999,5.5178
albania,2000,5.1775
albania,2001,5.6430
albania,2002,5.6502
albania,2003,5.8925
albania,2004,6.3576
albania,2005,6.8153
albania,2006,7.5219
albania,2007,8.4598
albania,2008,9.6341
albania,2009,10.790
albania,2010,11.948
albania,2011,12.771
albania,2012,14.083
albania,2013,15.427
albania,2014,17.481
albania,2015,20.420
albania,2016,22.136
albania,2017,21.847
albania,2018,31.522
albania,2019,27.981
albania,2020,28.534
albania,2021,31.213
albania,2022,32.521
algeria,1980,36.058
algeria,1981,36.493
algeria,1982,39.048
algeria,1983,41.287
algeria,1984,42.118
algeria,1985,43.175
algeria,1986,22.328
algeria,1987,37.983
algeria,1988,35.134
algeria,1989,31.877
algeria,1990,27.960
algeria,1991,23.676
algeria,1992,26.250
algeria,1993,26.385
algeria,1994,24.561
algeria,1995,23.435
algeria,1996,22.459
algeria,1997,21.549
algeria,1998,23.707
algeria,1999,22.524
algeria,2000,19.220
algeria,2001,20.408
algeria,2002,20.403
algeria,2003,19.607
algeria,2004,18.913
algeria,2005,17.566
algeria,2006,17.039
algeria,2007,18.025
algeria,2008,17.724
algeria,2009,21.040
algeria,2010,20.149
algeria,2011,20.538
algeria,2012,20.493
algeria,2013,21.762
algeria,2014,23.288
algeria,2015,26.473
algeria,2016,25.422
algeria,2017,23.468
algeria,2018,22.513
algeria,2019,23.241
algeria,2020,23.475
algeria,2021,24.227
algeria,2022,25.409
angola,1987,222.73
angola,1988,193.38
angola,1989,155.78
angola,1990,134.47
angola,1991,110.16
angola,1992,84.983
angola,1993,59.574
angola,1994,39.202
angola,1995,41.975
angola,1996,41.360
angola,1997,49.712
angola,1998,51.774
angola,1999,33.078
angola,2000,34.125
angola,2001,39.372
angola,2002,65.884
angola,2003,70.345
angola,2004,72.661
angola,2005,70.226
angola,2006,82.645
angola,2007,88.612
angola,2008,96.226
angola,2009,138.22
angola,2010,123.79
angola,2011,119.20
angola,2012,131.03
angola,2013,148.66
angola,2014,170.27
angola,2015,178.81
angola,2016,168.38
angola,2017,167.08
angola,2018,152.72
angola,2019,148.11
angola,2020,147.63
angola,2021,138.95
angola,2022,142.96
antigua_and_barbuda,1990,185.61
antigua_and_barbuda,1991,181.55
antigua_and_barbuda,1992,176.95
antigua_and_barbuda,1993,181.30
antigua_and_barbuda,1994,185.60
antigua_and_barbuda,1995,167.61
antigua_and_barbuda,1996,170.20
antigua_and_barbuda,1997,173.65
antigua_and_barbuda,1998,175.24
antigua_and_barbuda,1999,175.73
antigua_and_barbuda,2000,174.82
antigua_and_barbuda,2001,165.67
antigua_and_barbuda,2002,163.24
antigua_and_barbuda,2003,164.88
antigua_and_barbuda,2004,165.98
antigua_and_barbuda,2005,173.37
antigua_and_barbuda,2006,174.85
antigua_and_barbuda,2007,179.14
antigua_and_barbuda,2008,174.36
antigua_and_barbuda,2009,148.98
antigua_and_barbuda,2010,137.53
antigua_and_barbuda,2011,133.05
antigua_and_barbuda,2012,130.13
antigua_and_barbuda,2013,128.11
antigua_and_barbuda,2014,132.13
antigua_and_barbuda,2015,137.56
antigua_and_barbuda,2016,143.07
antigua_and_barbuda,2017,144.28
antigua_and_barbuda,2018,149.36
antigua_and_barbuda,2019,158.35
antigua_and_barbuda,2020,131.28
antigua_and_barbuda,2021,137.74
antigua_and_barbuda,2022,148.80
argentina,1995,51.833
argentina,1996,52.993
argentina,1997,55.772
argentina,1998,57.512
argentina,1999,56.468
argentina,2000,55.261
argentina,2001,53.306
argentina,2002,39.086
argentina,2003,38.888
argentina,2004,40.716
argentina,2005,44.281
argentina,2006,47.136
argentina,2007,51.371
argentina,2008,53.318
argentina,2009,52.335
argentina,2010,54.806
argentina,2011,57.563
argentina,2012,58.789
argentina,2013,60.663
argentina,2014,58.097
argentina,2015,62.906
argentina,2016,62.150
argentina,2017,65.528
argentina,2018,62.813
argentina,2019,60.560
argentina,2020,53.687
argentina,2021,56.524
argentina,2022,59.744
armenia,1995,1.1277
armenia,1996,1.4053
armenia,1997,1.6983
armenia,1998,1.9265
armenia,1999,2.3401
armenia,2000,2.6965
armenia,2001,3.1032
armenia,2002,3.7883
armenia,2003,3.6853
armenia,2004,2.8573
armenia,2005,3.8083
armenia,2006,3.5695
armenia,2007,4.3588
armenia,2008,5.1548
armenia,2009,5.5977
armenia,2010,5.9540
armenia,2011,7.0194
armenia,2012,7.8971
armenia,2013,9.1253
armenia,2014,9.6785
armenia,2015,11.477
armenia,2016,10.939
armenia,2017,9.3895
armenia,2018,9.6548
armenia,2019,12.062
armenia,2020,10.419
armenia,2021,11.858
armenia,2022,15.484
australia,2001,124.21
australia,2002,130.35
australia,2003,137.94
australia,2004,144.64
australia,2005,149.29
australia,2006,156.51
australia,2007,162.93
australia,2008,165.62
australia,2009,174.50
australia,2010,194.40
australia,2011,234.46
australia,2012,213.41
australia,2013,189.41
australia,2014,202.67
australia,2015,219.18
australia,2016,226.25
australia,2017,347.27
australia,2018,399.80
australia,2019,368.40
australia,2020,439.09
australia,2021,392.15
australia,2022,397.26
australia_and_new_zealand,2000,978.97
australia_and_new_zealand,2001,122.37
australia_and_new_zealand,2002,126.54
australia_and_new_zealand,2003,131.61
australia_and_new_zealand,2004,135.30
australia_and_new_zealand,2005,137.36
australia_and_new_zealand,2006,141.15
australia_and_new_zealand,2007,148.95
australia_and_new_zealand,2008,153.55
australia_and_new_zealand,2009,164.19
australia_and_new_zealand,2010,182.54
australia_and_new_zealand,2011,217.22
australia_and_new_zealand,2012,205.26
australia_and_new_zealand,2013,187.84
australia_and_new_zealand,2014,203.10
australia_and_new_zealand,2015,221.78
australia_and_new_zealand,2016,232.25
australia_and_new_zealand,2017,337.76
australia_and_new_zealand,2018,379.05
australia_and_new_zealand,2019,354.11
australia_and_new_zealand,2020,400.30
australia_and_new_zealand,2021,369.19
australia_and_new_zealand,2022,375.59
austria,1980,191.88
austria,1981,184.29
austria,1982,183.14
austria,1983,180.82
austria,1984,173.20
austria,1985,171.00
austria,1986,177.39
austria,1987,182.52
austria,1988,189.26
austria,1989,199.23
austria,1990,209.01
austria,1991,216.89
austria,1992,225.27
austria,1993,229.63
austria,1994,232.50
austria,1995,241.38
austria,1996,246.87
austria,1997,253.27
austria,1998,267.10
austria,1999,279.72
austria,2000,293.71
austria,2001,302.11
austria,2002,312.42
austria,2003,319.53
austria,2004,331.96
austria,2005,343.83
austria,2006,360.02
austria,2007,375.17
austria,2008,388.62
austria,2009,349.48
austria,2010,327.40
austria,2011,331.94
austria,2012,328.75
austria,2013,326.54
austria,2014,325.95
austria,2015,325.62
austria,2016,326.74
austria,2017,329.88
austria,2018,334.28
austria,2019,337.17
austria,2020,606.84
austria,2021,7665.3
austria,2022,8044.5
azerbaijan,1992,4.9358
azerbaijan,1993,6.1242
azerbaijan,1994,6.1904
azerbaijan,1995,6.0656
azerbaijan,1996,6.5396
azerbaijan,1997,9.5533
azerbaijan,1998,11.160
azerbaijan,1999,5.2530
azerbaijan,2000,8.6614
azerbaijan,2001,13.077
azerbaijan,2002,7.8205
azerbaijan,2003,7.5392
azerbaijan,2004,8.0074
azerbaijan,2005,10.249
azerbaijan,2006,13.705
azerbaijan,2007,17.294
azerbaijan,2008,25.199
azerbaijan,2009,37.188
azerbaijan,2010,35.836
azerbaijan,2011,28.703
azerbaijan,2012,30.597
azerbaijan,2013,34.804
azerbaijan,2014,37.221
azerbaijan,2015,48.539
azerbaijan,2016,49.628
azerbaijan,2017,50.419
azerbaijan,2018,44.375
azerbaijan,2019,49.245
azerbaijan,2020,51.506
azerbaijan,2021,51.390
azerbaijan,2022,45.764
bahamas,2000,339.42
bahamas,2001,360.78
bahamas,2002,358.81
bahamas,2003,349.08
bahamas,2004,349.56
bahamas,2005,353.61
bahamas,2006,341.60
bahamas,2007,355.51
bahamas,2008,337.23
bahamas,2009,322.47
bahamas,2010,317.92
bahamas,2011,310.89
bahamas,2012,305.31
bahamas,2013,297.10
bahamas,2014,303.64
bahamas,2015,301.97
bahamas,2016,297.91
bahamas,2017,296.92
bahamas,2018,300.94
bahamas,2019,289.91
bahamas,2020,249.84
bahamas,2021,287.09
bahamas,2022,328.69
bahrain,1990,64.151
bahrain,1991,62.986
bahrain,1992,67.636
bahrain,1993,71.872
bahrain,1994,65.998
bahrain,1995,61.964
bahrain,1996,61.284
bahrain,1997,59.612
bahrain,1998,64.980
bahrain,1999,63.477
bahrain,2000,57.350
bahrain,2001,57.967
bahrain,2002,57.912
bahrain,2003,58.874
bahrain,2004,60.488
bahrain,2005,58.427
bahrain,2006,56.474
bahrain,2007,58.197
bahrain,2008,54.347
bahrain,2009,61.781
bahrain,2010,59.995
bahrain,2011,54.313
bahrain,2012,56.382
bahrain,2013,57.107
bahrain,2014,59.532
bahrain,2015,67.289
bahrain,2016,70.903
bahrain,2017,71.546
bahrain,2018,70.863
bahrain,2019,71.183
bahrain,2020,70.838
bahrain,2021,66.413
bahrain,2022,72.959
bangladesh,1987,29.494
bangladesh,1988,20.974
bangladesh,1989,16.512
bangladesh,1990,14.168
bangladesh,1991,13.956
bangladesh,1992,13.968
bangladesh,1993,14.314
bangladesh,1994,14.215
bangladesh,1995,13.850
bangladesh,1996,13.926
bangladesh,1997,13.920
bangladesh,1998,13.959
bangladesh,1999,14.064
bangladesh,2000,14.488
bangladesh,2001,14.939
bangladesh,2002,15.284
bangladesh,2003,15.864
bangladesh,2004,16.332
bangladesh,2005,16.829
bangladesh,2006,18.085
bangladesh,2007,19.001
bangladesh,2008,19.797
bangladesh,2009,21.163
bangladesh,2010,22.705
bangladesh,2011,24.391
bangladesh,2012,26.467
bangladesh,2013,28.549
bangladesh,2014,30.759
bangladesh,2015,34.167
bangladesh,2016,36.505
bangladesh,2017,38.867
bangladesh,2018,41.385
bangladesh,2019,44.562
bangladesh,2020,46.921
bangladesh,2021,49.743
bangladesh,2022,53.186
barbados,1996,143.02
barbados,1997,148.68
barbados,1998,150.22
barbados,1999,151.40
barbados,2000,159.75
barbados,2001,156.08
barbados,2002,161.78
barbados,2003,163.29
barbados,2004,166.18
barbados,2005,171.24
barbados,2006,184.17
barbados,2007,186.83
barbados,2008,189.29
barbados,2009,184.11
barbados,2010,179.03
barbados,2011,174.52
barbados,2012,174.43
barbados,2013,174.84
barbados,2014,173.75
barbados,2015,179.54
barbados,2016,183.05
barbados,2017,182.32
barbados,2018,179.98
barbados,2019,182.28
barbados,2020,158.87
barbados,2021,155.25
barbados,2022,175.17
belarus,1995,11.222
belarus,1996,10.292
belarus,1997,10.730
belarus,1998,11.827
belarus,1999,12.237
belarus,2000,13.366
belarus,2001,15.686
belarus,2002,16.055
belarus,2003,17.565
belarus,2004,19.258
belarus,2005,21.012
belarus,2006,24.743
belarus,2007,28.213
belarus,2008,30.955
belarus,2009,35.818
belarus,2010,42.161
belarus,2011,45.127
belarus,2012,47.334
belarus,2013,51.003
belarus,2014,39.123
belarus,2015,41.075
belarus,2016,51.580
belarus,2017,55.728
belarus,2018,56.531
belarus,2019,55.656
belarus,2020,56.132
belarus,2021,52.467
belarus,2022,49.465
belgium,1980,139.97
belgium,1981,151.35
belgium,1982,157.23
belgium,1983,157.14
belgium,1984,170.54
belgium,1985,178.45
belgium,1986,192.80
belgium,1987,204.26
belgium,1988,214.94
belgium,1989,220.33
belgium,1990,224.25
belgium,1991,240.16
belgium,1992,253.42
belgium,1993,256.08
belgium,1994,272.17
belgium,1995,286.69
belgium,1996,263.44
belgium,1997,247.90
belgium,1998,267.45
belgium,1999,295.51
belgium,2000,320.66
belgium,2001,332.73
belgium,2002,343.66
belgium,2003,349.20
belgium,2004,360.20
belgium,2005,370.20
belgium,2006,384.33
belgium,2007,399.90
belgium,2008,427.31
belgium,2009,421.40
belgium,2010,427.42
belgium,2011,433.99
belgium,2012,434.29
belgium,2013,433.78
belgium,2014,448.79
belgium,2015,447.90
belgium,2016,440.18
belgium,2017,433.71
belgium,2018,428.84
belgium,2019,425.52
belgium,2020,395.23
belgium,2021,418.87
belgium,2022,499.05
belize,1987,125.90
belize,1988,91.780
belize,1989,83.817
belize,1990,76.407
belize,1991,72.268
belize,1992,71.284
belize,1993,66.166
belize,1994,60.212
belize,1995,54.331
belize,1996,54.057
belize,1997,57.127
belize,1998,59.462
belize,1999,65.739
belize,2000,71.301
belize,2001,77.376
belize,2002,82.511
belize,2003,92.094
belize,2004,96.555
belize,2005,100.33
belize,2006,102.08
belize,2007,104.81
belize,2008,101.83
belize,2009,105.01
belize,2010,106.68
belize,2011,105.30
belize,2012,108.31
belize,2013,116.20
belize,2014,120.84
belize,2015,124.41
belize,2016,123.99
belize,2017,122.71
belize,2018,125.62
belize,2019,131.47
belize,2020,111.92
belize,2021,128.67
belize,2022,140.33
benin,1985,39.285
benin,1986,41.164
benin,1987,40.727
benin,1988,41.220
benin,1989,41.381
benin,1990,45.043
benin,1991,45.943
benin,1992,47.543
benin,1993,48.405
benin,1994,37.002
benin,1995,41.408
benin,1996,42.364
benin,1997,45.704
benin,1998,48.446
benin,1999,51.498
benin,2000,55.730
benin,2001,60.701
benin,2002,50.028
benin,2003,45.934
benin,2004,41.404
benin,2005,38.345
benin,2006,36.861
benin,2007,37.095
benin,2008,37.912
benin,2009,35.918
benin,2010,34.450
benin,2011,34.928
benin,2012,35.972
benin,2013,36.525
benin,2014,36.779
benin,2015,35.304
benin,2016,38.387
benin,2017,42.125
benin,2018,45.267
benin,2019,47.633
benin,2020,49.408
benin,2021,50.795
benin,2022,55.177
bhutan,1987,19.896
bhutan,1988,20.553
bhutan,1989,20.863
bhutan,1990,21.178
bhutan,1991,19.874
bhutan,1992,18.871
bhutan,1993,18.903
bhutan,1994,17.480
bhutan,1995,18.605
bhutan,1996,19.206
bhutan,1997,20.649
bhutan,1998,21.924
bhutan,1999,23.529
bhutan,2000,24.145
bhutan,2001,24.208
bhutan,2002,25.245
bhutan,2003,27.368
bhutan,2004,27.902
bhutan,2005,31.458
bhutan,2006,33.488
bhutan,2007,41.478
bhutan,2008,43.713
bhutan,2009,46.476
bhutan,2010,49.885
bhutan,2011,54.595
bhutan,2012,51.407
bhutan,2013,54.333
bhutan,2014,58.320
bhutan,2015,65.759
bhutan,2016,72.716
bhutan,2017,79.047
bhutan,2018,81.992
bhutan,2019,95.546
bhutan,2020,93.840
bhutan,2021,94.530
bhutan,2022,98.412
bolivia_plurinational_state_of,1987,40.826
bolivia_plurinational_state_of,1988,41.817
bolivia_plurinational_state_of,1989,43.705
bolivia_plurinational_state_of,1990,45.484
bolivia_plurinational_state_of,1991,48.542
bolivia_plurinational_state_of,1992,50.708
bolivia_plurinational_state_of,1993,54.741
bolivia_plurinational_state_of,1994,56.633
bolivia_plurinational_state_of,1995,57.184
bolivia_plurinational_state_of,1996,59.840
bolivia_plurinational_state_of,1997,64.350
bolivia_plurinational_state_of,1998,70.606
bolivia_plurinational_state_of,1999,73.932
bolivia_plurinational_state_of,2000,72.822
bolivia_plurinational_state_of,2001,74.489
bolivia_plurinational_state_of,2002,75.458
bolivia_plurinational_state_of,2003,75.823
bolivia_plurinational_state_of,2004,75.485
bolivia_plurinational_state_of,2005,74.530
bolivia_plurinational_state_of,2006,71.549
bolivia_plurinational_state_of,2007,73.281
bolivia_plurinational_state_of,2008,73.687
bolivia_plurinational_state_of,2009,81.485
bolivia_plurinational_state_of,2010,78.278
bolivia_plurinational_state_of,2011,71.770
bolivia_plurinational_state_of,2012,69.237
bolivia_plurinational_state_of,2013,68.772
bolivia_plurinational_state_of,2014,70.250
bolivia_plurinational_state_of,2015,77.023
bolivia_plurinational_state_of,2016,82.295
bolivia_plurinational_state_of,2017,79.647
bolivia_plurinational_state_of,2018,79.518
bolivia_plurinational_state_of,2019,80.074
bolivia_plurinational_state_of,2020,74.743
bolivia_plurinational_state_of,2021,77.317
bolivia_plurinational_state_of,2022,78.614
bosnia_and_herzegovina,2000,17.519
bosnia_and_herzegovina,2001,18.137
bosnia_and_herzegovina,2002,19.134
bosnia_and_herzegovina,2003,20.334
bosnia_and_herzegovina,2004,21.017
bosnia_and_herzegovina,2005,21.771
bosnia_and_herzegovina,2006,21.481
bosnia_and_herzegovina,2007,23.819
bosnia_and_herzegovina,2008,24.992
bosnia_and_herzegovina,2009,25.010
bosnia_and_herzegovina,2010,25.023
bosnia_and_herzegovina,2011,25.918
bosnia_and_herzegovina,2012,26.055
bosnia_and_herzegovina,2013,26.934
bosnia_and_herzegovina,2014,28.402
bosnia_and_herzegovina,2015,28.490
bosnia_and_herzegovina,2016,28.183
bosnia_and_herzegovina,2017,28.666
bosnia_and_herzegovina,2018,33.597
bosnia_and_herzegovina,2019,35.684
bosnia_and_herzegovina,2020,34.921
bosnia_and_herzegovina,2021,36.616
bosnia_and_herzegovina,2022,37.398
botswana,1992,67.744
botswana,1993,65.519
botswana,1994,63.720
botswana,1995,62.072
botswana,1996,57.292
botswana,1997,55.782
botswana,1998,54.283
botswana,1999,53.149
botswana,2000,48.641
botswana,2001,50.281
botswana,2002,55.180
botswana,2003,59.583
botswana,2004,59.196
botswana,2005,57.322
botswana,2006,61.400
botswana,2007,64.971
botswana,2008,71.208
botswana,2009,67.662
botswana,2010,69.608
botswana,2011,70.256
botswana,2012,81.080
botswana,2013,86.151
botswana,2014,84.521
botswana,2015,89.095
botswana,2016,83.327
botswana,2017,88.001
botswana,2018,97.309
botswana,2019,101.73
botswana,2020,91.380
botswana,2021,79.253
botswana,2022,77.275
brazil,1996,62.026
brazil,1997,62.032
brazil,1998,60.357
brazil,1999,56.937
brazil,2000,53.659
brazil,2001,52.676
brazil,2002,52.574
brazil,2003,50.194
brazil,2004,50.165
brazil,2005,51.234
brazil,2006,52.470
brazil,2007,55.202
brazil,2008,55.931
brazil,2009,57.127
brazil,2010,59.588
brazil,2011,62.568
brazil,2012,65.525
brazil,2013,69.111
brazil,2014,71.832
brazil,2015,70.448
brazil,2016,69.047
brazil,2017,69.538
brazil,2018,73.960
brazil,2019,75.049
brazil,2020,70.078
brazil,2021,68.202
brazil,2022,71.266
brunei_darussalam,2004,25.798
brunei_darussalam,2005,25.364
brunei_darussalam,2006,25.584
brunei_darussalam,2007,27.153
brunei_darussalam,2008,23.555
brunei_darussalam,2009,28.945
brunei_darussalam,2010,28.483
brunei_darussalam,2011,24.845
brunei_darussalam,2012,25.900
brunei_darussalam,2013,27.996
brunei_darussalam,2014,28.707
brunei_darussalam,2015,34.365
brunei_darussalam,2016,36.590
brunei_darussalam,2017,35.265
brunei_darussalam,2018,32.340
brunei_darussalam,2019,34.357
brunei_darussalam,2020,37.727
brunei_darussalam,2021,33.703
brunei_darussalam,2022,28.614
bulgaria,1988,46.967
bulgaria,1989,41.538
bulgaria,1990,32.722
bulgaria,1991,35.379
bulgaria,1992,26.709
bulgaria,1993,25.794
bulgaria,1994,24.448
bulgaria,1995,26.599
bulgaria,1996,26.168
bulgaria,1997,16.289
bulgaria,1998,17.377
bulgaria,1999,14.723
bulgaria,2000,14.914
bulgaria,2001,16.852
bulgaria,2002,18.768
bulgaria,2003,19.515
bulgaria,2004,21.007
bulgaria,2005,22.262
bulgaria,2006,23.908
bulgaria,2007,26.082
bulgaria,2008,26.987
bulgaria,2009,28.614
bulgaria,2010,31.946
bulgaria,2011,32.290
bulgaria,2012,31.635
bulgaria,2013,32.358
bulgaria,2014,34.889
bulgaria,2015,35.416
bulgaria,2016,36.469
bulgaria,2017,37.079
bulgaria,2018,41.133
bulgaria,2019,42.821
bulgaria,2020,42.635
bulgaria,2021,47.674
bulgaria,2022,49.365
burkina_faso,1985,19.876
burkina_faso,1986,22.675
burkina_faso,1987,22.365
burkina_faso,1988,22.611
burkina_faso,1989,22.832
burkina_faso,1990,23.001
burkina_faso,1991,23.844
burkina_faso,1992,23.481
burkina_faso,1993,22.559
burkina_faso,1994,19.367
burkina_faso,1995,19.818
burkina_faso,1996,19.346
burkina_faso,1997,19.834
burkina_faso,1998,19.774
burkina_faso,1999,11.728
burkina_faso,2000,8.8993
burkina_faso,2001,8.6190
burkina_faso,2002,8.4802
burkina_faso,2003,8.3281
burkina_faso,2004,8.5069
burkina_faso,2005,8.4037
burkina_faso,2006,9.4486
burkina_faso,2007,10.068
burkina_faso,2008,9.9686
burkina_faso,2009,10.458
burkina_faso,2010,10.408
burkina_faso,2011,10.662
burkina_faso,2012,11.229
burkina_faso,2013,12.235
burkina_faso,2014,13.056
burkina_faso,2015,14.078
burkina_faso,2016,14.927
burkina_faso,2017,15.860
burkina_faso,2018,16.768
burkina_faso,2019,16.547
burkina_faso,2020,16.171
burkina_faso,2021,17.659
burkina_faso,2022,17.419
burundi,1987,14.655
burundi,1988,15.940
burundi,1989,15.478
burundi,1990,13.729
burundi,1991,13.672
burundi,1992,13.155
burundi,1993,12.719
burundi,1994,12.361
burundi,1995,11.925
burundi,1996,10.177
burundi,1997,10.060
burundi,1998,12.666
burundi,1999,13.092
burundi,2000,12.884
burundi,2001,13.892
burundi,2002,14.662
burundi,2003,16.287
burundi,2004,13.194
burundi,2005,16.802
burundi,2006,18.196
burundi,2007,21.166
burundi,2008,21.277
burundi,2009,21.510
burundi,2010,22.635
burundi,2011,24.243
burundi,2012,25.650
burundi,2013,24.816
burundi,2014,28.215
burundi,2015,28.706
burundi,2016,27.452
burundi,2017,28.088
burundi,2018,30.586
burundi,2019,32.962
burundi,2020,31.440
burundi,2021,31.936
burundi,2022,32.942
cabo_verde,2001,375.06
cabo_verde,2002,60.585
cabo_verde,2003,36.427
cabo_verde,2004,27.239
cabo_verde,2005,22.282
cabo_verde,2006,20.113
cabo_verde,2007,18.936
cabo_verde,2008,17.284
cabo_verde,2009,15.104
cabo_verde,2010,13.819
cabo_verde,2011,12.923
cabo_verde,2012,12.249
cabo_verde,2013,11.270
cabo_verde,2014,10.420
cabo_verde,2015,9.8028
cabo_verde,2016,9.8249
cabo_verde,2017,9.6142
cabo_verde,2018,9.0855
cabo_verde,2019,9.4907
cabo_verde,2020,6.7473
cabo_verde,2021,8.5821
cabo_verde,2022,9.4197
cambodia,1987,41.879
cambodia,1988,42.132
cambodia,1989,35.594
cambodia,1990,31.931
cambodia,1991,35.472
cambodia,1992,34.765
cambodia,1993,29.895
cambodia,1994,27.475
cambodia,1995,25.812
cambodia,1996,26.556
cambodia,1997,25.743
cambodia,1998,25.330
cambodia,1999,27.267
cambodia,2000,29.685
cambodia,2001,31.417
cambodia,2002,32.733
cambodia,2003,33.020
cambodia,2004,35.900
cambodia,2005,38.784
cambodia,2006,40.997
cambodia,2007,44.947
cambodia,2008,48.304
cambodia,2009,48.318
cambodia,2010,50.570
cambodia,2011,53.004
cambodia,2012,57.280
cambodia,2013,62.680
cambodia,2014,69.240
cambodia,2015,74.378
cambodia,2016,79.722
cambodia,2017,84.985
cambodia,2018,90.852
cambodia,2019,95.506
cambodia,2020,87.276
cambodia,2021,84.014
cambodia,2022,87.552
cameroon,1987,42.117
cameroon,1988,40.075
cameroon,1989,38.603
cameroon,1990,36.897
cameroon,1991,35.457
cameroon,1992,34.334
cameroon,1993,35.909
cameroon,1994,35.004
cameroon,1995,37.403
cameroon,1996,38.942
cameroon,1997,41.504
cameroon,1998,44.437
cameroon,1999,47.404
cameroon,2000,49.388
cameroon,2001,47.887
cameroon,2002,45.142
cameroon,2003,43.625
cameroon,2004,45.587
cameroon,2005,43.407
cameroon,2006,44.857
cameroon,2007,47.895
cameroon,2008,49.687
cameroon,2009,51.949
cameroon,2010,53.480
cameroon,2011,56.634
cameroon,2012,58.162
cameroon,2013,60.586
cameroon,2014,64.367
cameroon,2015,66.851
cameroon,2016,71.079
cameroon,2017,73.869
cameroon,2018,76.224
cameroon,2019,79.686
cameroon,2020,81.077
cameroon,2021,82.707
cameroon,2022,85.111
canada,1991,111.66
canada,1992,113.38
canada,1993,115.42
canada,1994,118.42
canada,1995,119.59
canada,1996,120.77
canada,1997,125.53
canada,1998,129.03
canada,1999,132.18
canada,2000,134.79
canada,2001,138.43
canada,2002,142.42
canada,2003,143.54
canada,2004,145.34
canada,2005,147.84
canada,2006,151.72
canada,2007,154.56
canada,2008,159.57
canada,2009,170.65
canada,2010,178.82
canada,2011,190.09
canada,2012,196.09
canada,2013,202.06
canada,2014,206.32
canada,2015,215.10
canada,2016,224.18
canada,2017,230.99
canada,2018,237.37
canada,2019,243.85
canada,2020,230.85
canada,2021,242.86
canada,2022,250.29
central_african_republic,1987,48.616
central_african_republic,1988,38.320
central_african_republic,1989,33.571
central_african_republic,1990,26.743
central_african_republic,1991,25.213
central_african_republic,1992,21.966
central_african_republic,1993,19.417
central_african_republic,1994,19.231
central_african_republic,1995,17.344
central_african_republic,1996,14.243
central_african_republic,1997,13.649
central_african_republic,1998,13.003
central_african_republic,1999,15.389
central_african_republic,2000,14.497
central_african_republic,2001,13.797
central_african_republic,2002,13.370
central_african_republic,2003,10.996
central_african_republic,2004,11.280
central_african_republic,2005,11.723
central_african_republic,2006,12.103
central_african_republic,2007,12.272
central_african_republic,2008,12.058
central_african_republic,2009,11.883
central_african_republic,2010,12.606
central_african_republic,2011,13.063
central_african_republic,2012,13.280
central_african_republic,2013,11.242
central_african_republic,2014,11.711
central_african_republic,2015,12.387
central_african_republic,2016,12.809
central_african_republic,2017,13.438
central_african_republic,2018,13.962
central_african_republic,2019,14.349
central_african_republic,2020,14.500
central_african_republic,2021,14.643
central_african_republic,2022,14.707
central_and_southern_asia,2000,10.588
central_and_southern_asia,2001,10.860
central_and_southern_asia,2002,11.054
central_and_southern_asia,2003,11.471
central_and_southern_asia,2004,12.082
central_and_southern_asia,2005,12.614
central_and_southern_asia,2006,13.236
central_and_southern_asia,2007,13.935
central_and_southern_asia,2008,14.338
central_and_southern_asia,2009,15.233
central_and_southern_asia,2010,15.841
central_and_southern_asia,2011,16.853
central_and_southern_asia,2012,17.931
central_and_southern_asia,2013,18.966
central_and_southern_asia,2014,20.631
central_and_southern_asia,2015,22.462
central_and_southern_asia,2016,23.846
central_and_southern_asia,2017,25.091
central_and_southern_asia,2018,25.807
central_and_southern_asia,2019,27.348
central_and_southern_asia,2020,25.575
central_and_southern_asia,2021,27.398
central_and_southern_asia,2022,28.840
central_asia,2000,7.4325
central_asia,2001,8.1324
central_asia,2002,8.4937
central_asia,2003,8.9771
central_asia,2004,9.6429
central_asia,2005,10.062
central_asia,2006,11.149
central_asia,2007,13.026
central_asia,2008,13.380
central_asia,2009,14.890
central_asia,2010,15.455
central_asia,2011,17.591
central_asia,2012,19.868
central_asia,2013,23.188
central_asia,2014,25.562
central_asia,2015,27.864
central_asia,2016,27.849
central_asia,2017,28.192
central_asia,2018,23.352
central_asia,2019,24.082
central_asia,2020,21.552
central_asia,2021,24.789
central_asia,2022,22.869
chad,1987,49.474
chad,1988,47.502
chad,1989,41.106
chad,1990,37.114
chad,1991,33.937
chad,1992,33.462
chad,1993,31.937
chad,1994,29.684
chad,1995,27.887
chad,1996,25.489
chad,1997,24.397
chad,1998,25.157
chad,1999,23.307
chad,2000,21.348
chad,2001,22.415
chad,2002,24.446
chad,2003,24.274
chad,2004,22.291
chad,2005,23.492
chad,2006,20.894
chad,2007,24.496
chad,2008,23.290
chad,2009,29.063
chad,2010,18.656
chad,2011,27.154
chad,2012,26.854
chad,2013,30.813
chad,2014,33.860
chad,2015,34.446
chad,2016,39.985
chad,2017,43.635
chad,2018,44.407
chad,2019,49.907
chad,2020,51.080
chad,2021,41.754
chad,2022,34.026
chile,1975,20.623
chile,1976,19.864
chile,1977,22.447
chile,1978,25.237
chile,1979,27.298
chile,1980,31.111
chile,1981,34.973
chile,1982,32.347
chile,1983,26.781
chile,1984,26.048
chile,1985,27.173
chile,1986,27.689
chile,1987,28.329
chile,1988,27.745
chile,1989,31.496
chile,1990,32.171
chile,1991,34.264
chile,1992,39.475
chile,1993,43.598
chile,1994,46.447
chile,1995,50.538
chile,1996,56.886
chile,1997,61.587
chile,1998,66.571
chile,1999,66.504
chile,2000,69.266
chile,2001,69.728
chile,2002,67.719
chile,2003,71.936
chile,2004,71.610
chile,2005,72.589
chile,2006,69.937
chile,2007,74.508
chile,2008,85.510
chile,2009,85.594
chile,2010,88.141
chile,2011,94.140
chile,2012,102.67
chile,2013,108.88
chile,2014,109.64
chile,2015,114.93
chile,2016,118.26
chile,2017,118.71
chile,2018,122.98
chile,2019,126.31
chile,2020,113.40
chile,2021,121.19
chile,2022,123.50
china,1980,13.986
china,1981,8.2215
china,1982,6.1244
china,1983,5.3301
china,1984,5.4799
china,1985,6.9146
china,1986,7.3939
china,1987,8.1203
china,1988,8.9946
china,1989,9.5922
china,1990,9.4538
china,1991,12.235
china,1992,16.126
china,1993,20.124
china,1994,19.137
china,1995,18.040
china,1996,17.396
china,1997,17.704
china,1998,18.269
china,1999,18.736
china,2000,19.306
china,2001,20.901
china,2002,22.559
china,2003,23.873
china,2004,26.669
china,2005,28.763
china,2006,31.857
china,2007,36.301
china,2008,36.706
china,2009,41.529
china,2010,46.465
china,2011,49.557
china,2012,58.997
china,2013,63.374
china,2014,67.854
china,2015,73.300
china,2016,67.791
china,2017,70.662
china,2018,76.029
china,2019,75.303
china,2020,74.409
china,2021,88.878
china,2022,88.518
colombia,2000,37.669
colombia,2001,37.377
colombia,2002,36.687
colombia,2003,36.231
colombia,2004,36.565
colombia,2005,36.939
colombia,2006,37.814
colombia,2007,39.446
colombia,2008,39.001
colombia,2009,40.542
colombia,2010,42.216
colombia,2011,40.099
colombia,2012,43.380
colombia,2013,46.859
colombia,2014,49.493
colombia,2015,51.345
colombia,2016,54.489
colombia,2017,56.834
colombia,2018,59.437
colombia,2019,58.299
colombia,2020,57.467
colombia,2021,62.941
colombia,2022,60.916
comoros,1999,73.107
comoros,2000,69.967
comoros,2001,71.577
comoros,2002,74.177
comoros,2003,75.736
comoros,2004,77.217
comoros,2005,78.931
comoros,2006,81.651
comoros,2007,74.280
comoros,2008,79.566
comoros,2009,81.597
comoros,2010,85.631
comoros,2011,90.916
comoros,2012,97.708
comoros,2013,104.32
comoros,2014,108.74
comoros,2015,112.06
comoros,2016,113.56
comoros,2017,120.32
comoros,2018,121.55
comoros,2019,124.16
comoros,2020,129.79
comoros,2021,130.40
comoros,2022,130.11
congo,1987,180.34
congo,1988,149.73
congo,1989,105.08
congo,1990,97.410
congo,1991,114.97
congo,1992,120.32
congo,1993,122.08
congo,1994,97.776
congo,1995,99.527
congo,1996,89.775
congo,1997,81.883
congo,1998,102.49
congo,1999,71.097
congo,2000,60.607
congo,2001,59.925
congo,2002,64.385
congo,2003,50.621
congo,2004,37.367
congo,2005,37.532
congo,2006,41.634
congo,2007,45.647
congo,2008,39.808
congo,2009,54.035
congo,2010,44.650
congo,2011,45.640
congo,2012,51.533
congo,2013,54.079
congo,2014,65.077
congo,2015,81.318
congo,2016,89.577
congo,2017,75.574
congo,2018,61.748
congo,2019,70.632
congo,2020,84.135
congo,2021,69.987
congo,2022,64.460
costa_rica,1997,19.189
costa_rica,1998,20.980
costa_rica,1999,22.768
costa_rica,2000,24.825
costa_rica,2001,26.584
costa_rica,2002,28.198
costa_rica,2003,30.083
costa_rica,2004,31.809
costa_rica,2005,33.851
costa_rica,2006,36.950
costa_rica,2007,40.309
costa_rica,2008,44.036
costa_rica,2009,46.368
costa_rica,2010,50.275
costa_rica,2011,54.448
costa_rica,2012,59.394
costa_rica,2013,60.619
costa_rica,2014,59.755
costa_rica,2015,60.742
costa_rica,2016,73.790
costa_rica,2017,207.01
costa_rica,2018,61.521
costa_rica,2019,55.259
costa_rica,2020,53.058
costa_rica,2021,41.468
costa_rica,2022,43.355
cote_d_ivoire,1987,46.055
cote_d_ivoire,1988,37.006
cote_d_ivoire,1989,37.958
cote_d_ivoire,1990,33.501
cote_d_ivoire,1991,36.912
cote_d_ivoire,1992,40.311
cote_d_ivoire,1993,45.647
cote_d_ivoire,1994,57.198
cote_d_ivoire,1995,39.786
cote_d_ivoire,1996,31.701
cote_d_ivoire,1997,26.941
cote_d_ivoire,1998,24.485
cote_d_ivoire,1999,22.815
cote_d_ivoire,2000,19.246
cote_d_ivoire,2001,18.091
cote_d_ivoire,2002,16.194
cote_d_ivoire,2003,14.654
cote_d_ivoire,2004,15.420
cote_d_ivoire,2005,16.744
cote_d_ivoire,2006,17.727
cote_d_ivoire,2007,19.307
cote_d_ivoire,2008,20.688
cote_d_ivoire,2009,22.932
cote_d_ivoire,2010,27.618
cote_d_ivoire,2011,29.913
cote_d_ivoire,2012,40.893
cote_d_ivoire,2013,53.097
cote_d_ivoire,2014,67.897
cote_d_ivoire,2015,78.703
cote_d_ivoire,2016,85.248
cote_d_ivoire,2017,93.253
cote_d_ivoire,2018,98.350
cote_d_ivoire,2019,100.86
cote_d_ivoire,2020,101.28
cote_d_ivoire,2021,110.75
cote_d_ivoire,2022,117.75
croatia,1996,37.588
croatia,1997,39.157
croatia,1998,40.250
croatia,1999,41.394
croatia,2000,43.322
croatia,2001,45.445
croatia,2002,49.033
croatia,2003,50.134
croatia,2004,53.735
croatia,2005,57.135
croatia,2006,58.777
croatia,2007,61.783
croatia,2008,66.082
croatia,2009,58.972
croatia,2010,62.048
croatia,2011,61.832
croatia,2012,63.196
croatia,2013,63.253
croatia,2014,69.914
croatia,2015,68.418
croatia,2016,70.205
croatia,2017,75.774
croatia,2018,78.790
croatia,2019,82.084
croatia,2020,76.212
croatia,2021,84.878
croatia,2022,87.601
cuba,1975,32.160
cuba,1976,31.614
cuba,1977,32.208
cuba,1978,32.304
cuba,1979,30.841
cuba,1980,27.784
cuba,1981,31.501
cuba,1982,32.770
cuba,1983,32.970
cuba,1984,34.077
cuba,1985,33.061
cuba,1986,31.312
cuba,1987,30.324
cuba,1988,29.837
cuba,1989,29.183
cuba,1990,27.422
cuba,1991,23.758
cuba,1992,19.508
cuba,1993,16.583
cuba,1994,14.706
cuba,1995,14.061
cuba,1996,14.779
cuba,1997,15.092
cuba,1998,15.791
cuba,1999,16.970
cuba,2000,17.940
cuba,2001,18.837
cuba,2002,19.625
cuba,2003,20.820
cuba,2004,22.289
cuba,2005,25.319
cuba,2006,28.822
cuba,2007,30.722
cuba,2008,31.831
cuba,2009,32.314
cuba,2010,33.090
cuba,2011,34.238
cuba,2012,34.639
cuba,2013,35.648
cuba,2014,36.564
cuba,2015,38.105
cuba,2016,37.959
cuba,2017,37.979
cuba,2018,38.511
cuba,2019,38.571
cuba,2020,35.703
cuba,2021,42.332
cuba,2022,41.760
cyprus,1975,70.341
cyprus,1976,76.279
cyprus,1977,79.036
cyprus,1978,78.247
cyprus,1979,79.905
cyprus,1980,80.304
cyprus,1981,83.649
cyprus,1982,86.569
cyprus,1983,89.624
cyprus,1984,94.547
cyprus,1985,98.610
cyprus,1986,100.61
cyprus,1987,102.61
cyprus,1988,106.04
cyprus,1989,111.54
cyprus,1990,118.28
cyprus,1991,123.39
cyprus,1992,140.23
cyprus,1993,145.51
cyprus,1994,158.04
cyprus,1995,178.05
cyprus,1996,183.86
cyprus,1997,192.24
cyprus,1998,207.44
cyprus,1999,222.70
cyprus,2000,235.30
cyprus,2001,244.93
cyprus,2002,251.11
cyprus,2003,242.21
cyprus,2004,236.66
cyprus,2005,231.78
cyprus,2006,222.02
cyprus,2007,214.65
cyprus,2008,326.93
cyprus,2009,414.97
cyprus,2010,321.90
cyprus,2011,310.99
cyprus,2012,205.31
cyprus,2013,182.96
cyprus,2014,151.35
cyprus,2015,156.33
cyprus,2016,144.05
cyprus,2017,154.88
cyprus,2018,159.98
cyprus,2019,173.08
cyprus,2020,177.94
cyprus,2021,186.44
cyprus,2022,189.92
czechia,1993,53.579
czechia,1994,56.187
czechia,1995,60.762
czechia,1996,66.240
czechia,1997,70.053
czechia,1998,72.768
czechia,1999,76.987
czechia,2000,82.445
czechia,2001,87.623
czechia,2002,94.485
czechia,2003,102.37
czechia,2004,107.28
czechia,2005,117.96
czechia,2006,130.61
czechia,2007,142.40
czechia,2008,155.78
czechia,2009,152.54
czechia,2010,157.28
czechia,2011,163.37
czechia,2012,162.66
czechia,2013,167.93
czechia,2014,172.71
czechia,2015,177.84
czechia,2016,184.92
czechia,2017,192.53
czechia,2018,192.68
czechia,2019,201.22
czechia,2020,201.51
czechia,2021,210.20
czechia,2022,214.94
democratic_people_s_republic_of_korea,2000,6.0931
democratic_people_s_republic_of_korea,2001,6.1496
democratic_people_s_republic_of_korea,2002,6.0641
democratic_people_s_republic_of_korea,2003,6.3251
democratic_people_s_republic_of_korea,2004,6.2988
democratic_people_s_republic_of_korea,2005,6.4178
democratic_people_s_republic_of_korea,2006,6.6355
democratic_people_s_republic_of_korea,2007,6.6438
democratic_people_s_republic_of_korea,2008,6.3043
democratic_people_s_republic_of_korea,2009,6.3658
democratic_people_s_republic_of_korea,2010,6.0956
democratic_people_s_republic_of_korea,2011,5.7319
democratic_people_s_republic_of_korea,2012,5.8923
democratic_people_s_republic_of_korea,2013,6.1574
democratic_people_s_republic_of_korea,2014,6.4836
democratic_people_s_republic_of_korea,2015,6.6203
democratic_people_s_republic_of_korea,2016,6.7952
democratic_people_s_republic_of_korea,2017,6.6383
democratic_people_s_republic_of_korea,2018,6.6669
democratic_people_s_republic_of_korea,2019,6.8578
democratic_people_s_republic_of_korea,2020,6.5542
democratic_people_s_republic_of_korea,2021,6.2579
democratic_people_s_republic_of_korea,2022,5.8978
democratic_republic_of_the_congo,1990,56.722
democratic_republic_of_the_congo,1991,48.387
democratic_republic_of_the_congo,1992,34.193
democratic_republic_of_the_congo,1993,25.654
democratic_republic_of_the_congo,1994,20.023
democratic_republic_of_the_congo,1995,18.422
democratic_republic_of_the_congo,1996,23.162
democratic_republic_of_the_congo,1997,17.985
democratic_republic_of_the_congo,1998,17.378
democratic_republic_of_the_congo,1999,14.501
democratic_republic_of_the_congo,2000,19.715
democratic_republic_of_the_congo,2001,14.465
democratic_republic_of_the_congo,2002,15.830
democratic_republic_of_the_congo,2003,17.499
democratic_republic_of_the_congo,2004,17.406
democratic_republic_of_the_congo,2005,19.062
democratic_republic_of_the_congo,2006,20.653
democratic_republic_of_the_congo,2007,21.472
democratic_republic_of_the_congo,2008,20.392
democratic_republic_of_the_congo,2009,20.672
democratic_republic_of_the_congo,2010,22.123
democratic_republic_of_the_congo,2011,22.529
democratic_republic_of_the_congo,2012,24.329
democratic_republic_of_the_congo,2013,25.890
democratic_republic_of_the_congo,2014,27.594
democratic_republic_of_the_congo,2015,29.704
democratic_republic_of_the_congo,2016,30.517
democratic_republic_of_the_congo,2017,32.649
democratic_republic_of_the_congo,2018,34.954
democratic_republic_of_the_congo,2019,38.829
democratic_republic_of_the_congo,2020,41.137
democratic_republic_of_the_congo,2021,39.784
democratic_republic_of_the_congo,2022,42.814
denmark,1970,168.73
denmark,1971,159.13
denmark,1972,150.57
denmark,1973,146.26
denmark,1974,136.11
denmark,1975,127.57
denmark,1976,135.61
denmark,1977,136.45
denmark,1978,139.79
denmark,1979,146.25
denmark,1980,142.63
denmark,1981,144.67
denmark,1982,152.33
denmark,1983,157.70
denmark,1984,161.86
denmark,1985,169.42
denmark,1986,209.84
denmark,1987,263.85
denmark,1988,349.55
denmark,1989,269.75
denmark,1990,224.37
denmark,1991,235.13
denmark,1992,245.55
denmark,1993,255.02
denmark,1994,272.35
denmark,1995,282.13
denmark,1996,294.85
denmark,1997,308.37
denmark,1998,321.73
denmark,1999,336.96
denmark,2000,356.70
denmark,2001,370.43
denmark,2002,385.59
denmark,2003,397.83
denmark,2004,410.59
denmark,2005,425.49
denmark,2006,443.54
denmark,2007,455.48
denmark,2008,465.63
denmark,2009,489.08
denmark,2010,467.65
denmark,2011,477.77
denmark,2012,476.72
denmark,2013,487.05
denmark,2014,505.14
denmark,2015,529.13
denmark,2016,542.10
denmark,2017,560.65
denmark,2018,548.19
denmark,2019,572.62
denmark,2020,543.65
denmark,2021,605.50
denmark,2022,648.82
djibouti,1985,440.38
djibouti,1986,222.20
djibouti,1987,151.01
djibouti,1988,116.10
djibouti,1989,93.007
djibouti,1990,81.575
djibouti,1991,67.568
djibouti,1992,66.468
djibouti,1993,62.462
djibouti,1994,54.841
djibouti,1995,52.784
djibouti,1996,46.054
djibouti,1997,44.458
djibouti,1998,41.771
djibouti,1999,39.630
djibouti,2000,37.439
djibouti,2001,38.523
djibouti,2002,39.467
djibouti,2003,40.989
djibouti,2004,42.884
djibouti,2005,44.319
djibouti,2006,49.430
djibouti,2007,51.206
djibouti,2008,52.990
djibouti,2009,61.131
djibouti,2010,70.803
djibouti,2011,82.421
djibouti,2012,97.520
djibouti,2013,112.57
djibouti,2014,120.08
djibouti,2015,129.37
djibouti,2016,137.97
djibouti,2017,144.67
djibouti,2018,153.36
djibouti,2019,161.73
djibouti,2020,163.31
djibouti,2021,158.59
djibouti,2022,174.92
dominica,2010,18.344
dominica,2011,18.040
dominica,2012,18.192
dominica,2013,17.675
dominica,2014,18.432
dominica,2015,17.864
dominica,2016,17.881
dominica,2017,17.547
dominica,2018,15.786
dominica,2019,17.518
dominica,2020,15.485
dominica,2021,15.968
dominica,2022,16.920
dominican_republic,2000,31.376
dominican_republic,2001,31.846
dominican_republic,2002,32.233
dominican_republic,2003,31.975
dominican_republic,2004,31.072
dominican_republic,2005,33.017
dominican_republic,2006,35.172
dominican_republic,2007,36.344
dominican_republic,2008,37.716
dominican_republic,2009,38.026
dominican_republic,2010,40.203
dominican_republic,2011,41.780
dominican_republic,2012,43.375
dominican_republic,2013,44.764
dominican_republic,2014,47.669
dominican_republic,2015,50.816
dominican_republic,2016,54.657
dominican_republic,2017,56.730
dominican_republic,2018,59.818
dominican_republic,2019,62.498
dominican_republic,2020,57.271
dominican_republic,2021,61.279
dominican_republic,2022,64.109
eastern_and_south_eastern_asia,2000,46.345
eastern_and_south_eastern_asia,2001,47.272
eastern_and_south_eastern_asia,2002,48.390
eastern_and_south_eastern_asia,2003,49.744
eastern_and_south_eastern_asia,2004,52.099
eastern_and_south_eastern_asia,2005,54.197
eastern_and_south_eastern_asia,2006,56.291
eastern_and_south_eastern_asia,2007,58.805
eastern_and_south_eastern_asia,2008,58.611
eastern_and_south_eastern_asia,2009,60.654
eastern_and_south_eastern_asia,2010,63.843
eastern_and_south_eastern_asia,2011,65.770
eastern_and_south_eastern_asia,2012,72.330
eastern_and_south_eastern_asia,2013,75.321
eastern_and_south_eastern_asia,2014,78.441
eastern_and_south_eastern_asia,2015,81.164
eastern_and_south_eastern_asia,2016,77.119
eastern_and_south_eastern_asia,2017,80.177
eastern_and_south_eastern_asia,2018,83.783
eastern_and_south_eastern_asia,2019,83.820
eastern_and_south_eastern_asia,2020,81.921
eastern_and_south_eastern_asia,2021,91.993
eastern_and_south_eastern_asia,2022,92.384
eastern_asia,2000,54.786
eastern_asia,2001,55.633
eastern_asia,2002,56.621
eastern_asia,2003,58.137
eastern_asia,2004,61.051
eastern_asia,2005,63.528
eastern_asia,2006,66.195
eastern_asia,2007,70.037
eastern_asia,2008,69.869
eastern_asia,2009,72.038
eastern_asia,2010,76.524
eastern_asia,2011,78.936
eastern_asia,2012,88.734
eastern_asia,2013,92.484
eastern_asia,2014,95.844
eastern_asia,2015,100.52
eastern_asia,2016,92.627
eastern_asia,2017,94.833
eastern_asia,2018,98.328
eastern_asia,2019,97.208
eastern_asia,2020,95.249
eastern_asia,2021,108.36
eastern_asia,2022,108.48
ecuador,2000,27.227
ecuador,2001,29.333
ecuador,2002,29.471
ecuador,2003,29.276
ecuador,2004,29.383
ecuador,2005,28.608
ecuador,2006,28.885
ecuador,2007,29.270
ecuador,2008,30.014
ecuador,2009,31.598
ecuador,2010,32.283
ecuador,2011,33.653
ecuador,2012,35.332
ecuador,2013,37.233
ecuador,2014,38.800
ecuador,2015,40.617
ecuador,2016,40.382
ecuador,2017,41.138
ecuador,2018,41.704
ecuador,2019,42.067
ecuador,2020,39.947
ecuador,2021,41.627
ecuador,2022,43.160
egypt,1993,19.889
egypt,1994,18.783
egypt,1995,18.219
egypt,1996,17.683
egypt,1997,17.299
egypt,1998,16.566
egypt,1999,16.915
egypt,2000,16.673
egypt,2001,16.389
egypt,2002,15.675
egypt,2003,15.031
egypt,2004,13.889
egypt,2005,13.794
egypt,2006,13.617
egypt,2007,14.539
egypt,2008,14.791
egypt,2009,14.774
egypt,2010,14.838
egypt,2011,13.986
egypt,2012,16.247
egypt,2013,16.668
egypt,2014,16.673
egypt,2015,17.005
egypt,2016,18.166
egypt,2017,17.784
egypt,2018,18.156
egypt,2019,18.797
egypt,2020,19.915
egypt,2021,22.023
egypt,2022,23.063
el_salvador,1992,31.221
el_salvador,1993,30.299
el_salvador,1994,29.973
el_salvador,1995,30.158
el_salvador,1996,29.540
el_salvador,1997,29.429
el_salvador,1998,29.376
el_salvador,1999,29.150
el_salvador,2000,28.383
el_salvador,2001,27.216
el_salvador,2002,26.825
el_salvador,2003,26.330
el_salvador,2004,25.895
el_salvador,2005,25.427
el_salvador,2006,27.182
el_salvador,2007,28.066
el_salvador,2008,29.172
el_salvador,2009,30.560
el_salvador,2010,31.454
el_salvador,2011,32.879
el_salvador,2012,35.318
el_salvador,2013,37.714
el_salvador,2014,39.402
el_salvador,2015,39.474
el_salvador,2016,40.617
el_salvador,2017,40.274
el_salvador,2018,41.581
el_salvador,2019,42.078
el_salvador,2020,37.997
el_salvador,2021,39.923
el_salvador,2022,39.630
equatorial_guinea,1987,32.598
equatorial_guinea,1988,39.890
equatorial_guinea,1989,34.411
equatorial_guinea,1990,32.648
equatorial_guinea,1991,31.115
equatorial_guinea,1992,33.924
equatorial_guinea,1993,33.720
equatorial_guinea,1994,28.901
equatorial_guinea,1995,29.762
equatorial_guinea,1996,27.814
equatorial_guinea,1997,26.647
equatorial_guinea,1998,39.861
equatorial_guinea,1999,49.037
equatorial_guinea,2000,52.635
equatorial_guinea,2001,81.054
equatorial_guinea,2002,111.98
equatorial_guinea,2003,126.79
equatorial_guinea,2004,127.61
equatorial_guinea,2005,108.82
equatorial_guinea,2006,105.56
equatorial_guinea,2007,134.86
equatorial_guinea,2008,139.81
equatorial_guinea,2009,217.80
equatorial_guinea,2010,206.76
equatorial_guinea,2011,198.47
equatorial_guinea,2012,222.81
equatorial_guinea,2013,252.96
equatorial_guinea,2014,271.89
equatorial_guinea,2015,332.33
equatorial_guinea,2016,349.95
equatorial_guinea,2017,299.16
equatorial_guinea,2018,277.41
equatorial_guinea,2019,293.86
equatorial_guinea,2020,319.61
equatorial_guinea,2021,284.46
equatorial_guinea,2022,284.46
eritrea,2000,16.487
eritrea,2001,15.658
eritrea,2002,20.528
eritrea,2003,26.978
eritrea,2004,33.487
eritrea,2005,27.941
eritrea,2006,28.228
eritrea,2007,29.074
eritrea,2008,24.402
eritrea,2009,30.891
eritrea,2010,27.195
eritrea,2011,34.927
eritrea,2012,36.822
eritrea,2013,31.778
eritrea,2014,43.007
eritrea,2015,35.180
eritrea,2016,38.296
eritrea,2017,33.815
eritrea,2018,38.534
eritrea,2019,40.049
eritrea,2020,39.704
eritrea,2021,40.931
eritrea,2022,41.996
estonia,1995,70.052
estonia,1996,74.585
estonia,1997,84.626
estonia,1998,90.934
estonia,1999,96.692
estonia,2000,103.85
estonia,2001,112.47
estonia,2002,122.73
estonia,2003,135.47
estonia,2004,148.02
estonia,2005,164.83
estonia,2006,181.86
estonia,2007,198.08
estonia,2008,202.30
estonia,2009,191.59
estonia,2010,204.52
estonia,2011,216.71
estonia,2012,220.18
estonia,2013,231.58
estonia,2014,237.54
estonia,2015,248.93
estonia,2016,246.11
estonia,2017,268.59
estonia,2018,269.02
estonia,2019,224.35
estonia,2020,280.94
estonia,2021,262.44
estonia,2022,289.06
eswatini,1980,46.457
eswatini,1981,48.602
eswatini,1982,49.236
eswatini,1983,48.954
eswatini,1984,50.532
eswatini,1985,51.654
eswatini,1986,54.839
eswatini,1987,55.384
eswatini,1988,51.622
eswatini,1989,53.443
eswatini,1990,59.614
eswatini,1991,57.172
eswatini,1992,58.976
eswatini,1993,58.782
eswatini,1994,57.451
eswatini,1995,56.059
eswatini,1996,56.561
eswatini,1997,55.314
eswatini,1998,54.900
eswatini,1999,55.177
eswatini,2000,48.719
eswatini,2001,42.322
eswatini,2002,38.949
eswatini,2003,37.541
eswatini,2004,36.673
eswatini,2005,34.801
eswatini,2006,37.011
eswatini,2007,38.550
eswatini,2008,39.926
eswatini,2009,40.884
eswatini,2010,43.559
eswatini,2011,45.123
eswatini,2012,45.600
eswatini,2013,48.391
eswatini,2014,49.672
eswatini,2015,50.207
eswatini,2016,51.861
eswatini,2017,54.806
eswatini,2018,56.532
eswatini,2019,57.509
eswatini,2020,59.072
eswatini,2021,63.629
eswatini,2022,61.831
ethiopia,2002,23.856
ethiopia,2003,16.389
ethiopia,2004,13.163
ethiopia,2005,11.415
ethiopia,2006,12.561
ethiopia,2007,14.144
ethiopia,2008,14.975
ethiopia,2009,16.671
ethiopia,2010,19.983
ethiopia,2011,22.902
ethiopia,2012,23.101
ethiopia,2013,26.508
ethiopia,2014,29.339
ethiopia,2015,32.154
ethiopia,2016,31.350
ethiopia,2017,34.310
ethiopia,2018,36.384
ethiopia,2019,40.204
ethiopia,2020,42.288
ethiopia,2021,44.320
ethiopia,2022,46.540
europe,2000,129.12
europe,2001,133.82
europe,2002,138.68
europe,2003,143.53
europe,2004,148.69
europe,2005,153.25
europe,2006,160.18
europe,2007,166.26
europe,2008,168.93
europe,2009,167.94
europe,2010,170.38
europe,2011,175.37
europe,2012,177.04
europe,2013,180.61
europe,2014,173.69
europe,2015,177.32
europe,2016,175.87
europe,2017,180.25
europe,2018,184.55
europe,2019,187.55
europe,2020,178.94
europe,2021,189.16
europe,2022,195.75
europe_and_northern_america,2000,146.48
europe_and_northern_america,2001,150.49
europe_and_northern_america,2002,154.96
europe_and_northern_america,2003,159.17
europe_and_northern_america,2004,164.31
europe_and_northern_america,2005,168.78
europe_and_northern_america,2006,175.60
europe_and_northern_america,2007,182.06
europe_and_northern_america,2008,185.14
europe_and_northern_america,2009,185.43
europe_and_northern_america,2010,190.74
europe_and_northern_america,2011,196.07
europe_and_northern_america,2012,200.27
europe_and_northern_america,2013,205.68
europe_and_northern_america,2014,205.16
europe_and_northern_america,2015,212.74
europe_and_northern_america,2016,215.03
europe_and_northern_america,2017,219.91
europe_and_northern_america,2018,225.52
europe_and_northern_america,2019,230.76
europe_and_northern_america,2020,224.78
europe_and_northern_america,2021,237.20
europe_and_northern_america,2022,242.46
fiji,1987,259.19
fiji,1988,217.95
fiji,1989,201.64
fiji,1990,194.35
fiji,1991,166.41
fiji,1992,152.33
fiji,1993,137.27
fiji,1994,129.49
fiji,1995,126.61
fiji,1996,123.15
fiji,1997,108.57
fiji,1998,101.65
fiji,1999,98.414
fiji,2000,100.32
fiji,2001,101.63
fiji,2002,100.52
fiji,2003,96.263
fiji,2004,97.799
fiji,2005,97.135
fiji,2006,98.152
fiji,2007,96.626
fiji,2008,97.079
fiji,2009,97.633
fiji,2010,98.559
fiji,2011,94.676
fiji,2012,95.739
fiji,2013,98.171
fiji,2014,100.60
fiji,2015,105.55
fiji,2016,107.13
fiji,2017,112.95
fiji,2018,115.59
fiji,2019,115.13
fiji,2020,94.047
fiji,2021,90.053
fiji,2022,110.55
finland,1990,199.93
finland,1991,201.79
finland,1992,200.63
finland,1993,198.37
finland,1994,204.26
finland,1995,211.50
finland,1996,227.36
finland,1997,244.12
finland,1998,260.51
finland,1999,279.08
finland,2000,265.90
finland,2001,280.12
finland,2002,288.81
finland,2003,295.96
finland,2004,311.27
finland,2005,317.58
finland,2006,323.99
finland,2007,341.85
finland,2008,356.22
finland,2009,348.59
finland,2010,359.17
finland,2011,371.99
finland,2012,367.94
finland,2013,357.54
finland,2014,369.51
finland,2015,372.50
finland,2016,378.16
finland,2017,386.74
finland,2018,392.34
finland,2019,320.54
finland,2020,312.77
finland,2021,323.28
finland,2022,324.75
france,1985,149.43
france,1986,153.59
france,1987,158.38
france,1988,166.13
france,1989,174.07
france,1990,179.57
france,1991,183.98
france,1992,188.91
france,1993,191.74
france,1994,196.87
france,1995,201.51
france,1996,206.27
france,1997,211.49
france,1998,219.50
france,1999,228.85
france,2000,239.11
france,2001,244.03
france,2002,246.13
france,2003,252.59
france,2004,259.69
france,2005,267.08
france,2006,279.61
france,2007,292.08
france,2008,294.81
france,2009,299.99
france,2010,298.17
france,2011,311.96
france,2012,319.08
france,2013,316.25
france,2014,331.27
france,2015,339.34
france,2016,346.93
france,2017,338.82
france,2018,349.67
france,2019,355.68
france,2020,330.76
france,2021,356.44
france,2022,364.17
gabon,1987,80.100
gabon,1988,90.256
gabon,1989,83.539
gabon,1990,92.617
gabon,1991,82.658
gabon,1992,78.533
gabon,1993,77.588
gabon,1994,61.540
gabon,1995,63.013
gabon,1996,57.322
gabon,1997,59.639
gabon,1998,74.902
gabon,1999,60.747
gabon,2000,46.913
gabon,2001,53.269
gabon,2002,52.683
gabon,2003,51.682
gabon,2004,46.952
gabon,2005,39.038
gabon,2006,40.008
gabon,2007,42.767
gabon,2008,38.438
gabon,2009,48.800
gabon,2010,45.207
gabon,2011,42.129
gabon,2012,47.188
gabon,2013,53.388
gabon,2014,61.311
gabon,2015,70.139
gabon,2016,76.451
gabon,2017,78.537
gabon,2018,76.796
gabon,2019,79.261
gabon,2020,86.474
gabon,2021,72.803
gabon,2022,70.841
gambia,1982,306.84
gambia,1983,133.83
gambia,1984,86.778
gambia,1985,66.637
gambia,1986,54.034
gambia,1987,48.070
gambia,1988,43.316
gambia,1989,39.217
gambia,1990,36.916
gambia,1991,34.928
gambia,1992,32.711
gambia,1993,30.009
gambia,1994,25.787
gambia,1995,21.892
gambia,1996,20.579
gambia,1997,20.266
gambia,1998,19.892
gambia,1999,18.731
gambia,2000,18.397
gambia,2001,18.022
gambia,2002,17.335
gambia,2003,15.860
gambia,2004,14.729
gambia,2005,13.864
gambia,2006,15.097
gambia,2007,16.134
gambia,2008,15.879
gambia,2009,16.330
gambia,2010,16.665
gambia,2011,17.048
gambia,2012,17.758
gambia,2013,18.490
gambia,2014,18.686
gambia,2015,17.950
gambia,2016,17.233
gambia,2017,19.633
gambia,2018,21.759
gambia,2019,23.159
gambia,2020,23.027
gambia,2021,23.903
gambia,2022,25.409
georgia,1992,2.8128
georgia,1993,2.1066
georgia,1994,2.5320
georgia,1995,3.7660
georgia,1996,5.6997
georgia,1997,7.0980
georgia,1998,8.4832
georgia,1999,9.9573
georgia,2000,11.917
georgia,2001,12.124
georgia,2002,12.450
georgia,2003,13.424
georgia,2004,13.659
georgia,2005,14.514
georgia,2006,16.819
georgia,2007,18.876
georgia,2008,20.330
georgia,2009,16.580
georgia,2010,15.433
georgia,2011,14.066
georgia,2012,13.238
georgia,2013,12.446
georgia,2014,11.695
georgia,2015,11.119
georgia,2016,10.500
georgia,2017,14.911
georgia,2018,17.135
georgia,2019,17.213
georgia,2020,16.835
georgia,2021,21.601
georgia,2022,25.345
germany,1991,137.11
germany,1992,139.76
germany,1993,138.95
germany,1994,138.64
germany,1995,139.28
germany,1996,144.82
germany,1997,149.28
germany,1998,155.79
germany,1999,155.62
germany,2000,158.82
germany,2001,158.31
germany,2002,167.06
germany,2003,172.55
germany,2004,178.96
germany,2005,180.17
germany,2006,182.72
germany,2007,181.12
germany,2008,188.81
germany,2009,186.81
germany,2010,182.28
germany,2011,190.30
germany,2012,192.33
germany,2013,190.60
germany,2014,197.36
germany,2015,202.72
germany,2016,207.18
germany,2017,215.96
germany,2018,219.13
germany,2019,218.36
germany,2020,213.40
germany,2021,220.28
germany,2022,222.88
ghana,1970,36.592
ghana,1971,39.431
ghana,1972,37.969
ghana,1973,35.223
ghana,1974,31.867
ghana,1975,29.405
ghana,1976,27.709
ghana,1977,22.645
ghana,1978,20.906
ghana,1979,20.217
ghana,1980,20.183
ghana,1981,22.457
ghana,1982,19.929
ghana,1983,16.874
ghana,1984,22.218
ghana,1985,22.424
ghana,1986,25.322
ghana,1987,24.719
ghana,1988,26.109
ghana,1989,26.604
ghana,1990,28.751
ghana,1991,29.236
ghana,1992,29.425
ghana,1993,24.988
ghana,1994,25.411
ghana,1995,27.728
ghana,1996,27.222
ghana,1997,30.665
ghana,1998,31.468
ghana,1999,32.679
ghana,2000,33.801
ghana,2001,35.619
ghana,2002,37.371
ghana,2003,39.031
ghana,2004,40.601
ghana,2005,43.723
ghana,2006,46.246
ghana,2007,47.954
ghana,2008,51.169
ghana,2009,55.254
ghana,2010,60.089
ghana,2011,63.430
ghana,2012,68.794
ghana,2013,80.143
ghana,2014,76.495
ghana,2015,71.835
ghana,2016,80.035
ghana,2017,85.970
ghana,2018,90.723
ghana,2019,99.264
ghana,2020,99.881
ghana,2021,105.60
ghana,2022,100.61
greece,1975,137.83
greece,1976,138.81
greece,1977,138.73
greece,1978,140.55
greece,1979,137.98
greece,1980,135.45
greece,1981,138.82
greece,1982,139.09
greece,1983,139.45
greece,1984,140.48
greece,1985,146.91
greece,1986,144.99
greece,1987,141.32
greece,1988,141.56
greece,1989,142.25
greece,1990,140.04
greece,1991,137.29
greece,1992,138.34
greece,1993,138.73
greece,1994,134.06
greece,1995,136.69
greece,1996,139.95
greece,1997,144.80
greece,1998,150.95
greece,1999,152.01
greece,2000,157.86
greece,2001,162.86
greece,2002,170.15
greece,2003,179.16
greece,2004,191.50
greece,2005,198.15
greece,2006,205.45
greece,2007,219.99
greece,2008,199.77
greece,2009,176.02
greece,2010,147.64
greece,2011,121.40
greece,2012,96.430
greece,2013,95.893
greece,2014,96.724
greece,2015,96.064
greece,2016,84.288
greece,2017,85.800
greece,2018,86.685
greece,2019,88.295
greece,2020,80.219
greece,2021,86.292
greece,2022,91.143
grenada,2014,56.187
grenada,2015,58.203
grenada,2016,60.255
grenada,2017,62.751
grenada,2018,64.573
grenada,2019,66.181
grenada,2020,57.250
grenada,2021,58.416
grenada,2022,60.648
guatemala,1992,144.80
guatemala,1993,109.19
guatemala,1994,89.494
guatemala,1995,77.629
guatemala,1996,67.887
guatemala,1997,61.708
guatemala,1998,57.484
guatemala,1999,53.922
guatemala,2000,50.960
guatemala,2001,45.578
guatemala,2002,41.361
guatemala,2003,38.237
guatemala,2004,35.794
guatemala,2005,34.200
guatemala,2006,33.287
guatemala,2007,35.366
guatemala,2008,36.899
guatemala,2009,37.676
guatemala,2010,39.129
guatemala,2011,40.008
guatemala,2012,41.651
guatemala,2013,43.631
guatemala,2014,45.577
guatemala,2015,47.529
guatemala,2016,49.139
guatemala,2017,51.044
guatemala,2018,53.189
guatemala,2019,55.010
guatemala,2020,53.657
guatemala,2021,57.978
guatemala,2022,60.183
guinea,1987,22.972
guinea,1988,21.695
guinea,1989,20.023
guinea,1990,17.338
guinea,1991,16.176
guinea,1992,18.541
guinea,1993,17.226
guinea,1994,15.322
guinea,1995,13.919
guinea,1996,13.372
guinea,1997,12.060
guinea,1998,12.850
guinea,1999,11.761
guinea,2000,11.202
guinea,2001,11.737
guinea,2002,10.777
guinea,2003,14.196
guinea,2004,13.833
guinea,2005,13.456
guinea,2006,12.822
guinea,2007,13.831
guinea,2008,13.706
guinea,2009,13.831
guinea,2010,14.073
guinea,2011,15.060
guinea,2012,15.333
guinea,2013,16.393
guinea,2014,16.856
guinea,2015,18.404
guinea,2016,18.991
guinea,2017,18.879
guinea,2018,20.103
guinea,2019,19.675
guinea,2020,21.474
guinea,2021,21.904
guinea,2022,22.950
guinea_bissau,1991,25.206
guinea_bissau,1992,20.931
guinea_bissau,1993,15.127
guinea_bissau,1994,11.988
guinea_bissau,1995,10.915
guinea_bissau,1996,9.5028
guinea_bissau,1997,13.693
guinea_bissau,1998,10.978
guinea_bissau,1999,11.669
guinea_bissau,2000,12.545
guinea_bissau,2001,12.727
guinea_bissau,2002,9.8665
guinea_bissau,2003,9.2280
guinea_bissau,2004,9.0651
guinea_bissau,2005,8.7506
guinea_bissau,2006,9.4896
guinea_bissau,2007,9.8309
guinea_bissau,2008,9.3494
guinea_bissau,2009,10.287
guinea_bissau,2010,10.431
guinea_bissau,2011,11.651
guinea_bissau,2012,10.721
guinea_bissau,2013,11.629
guinea_bissau,2014,12.320
guinea_bissau,2015,11.376
guinea_bissau,2016,12.024
guinea_bissau,2017,11.509
guinea_bissau,2018,19.576
guinea_bissau,2019,20.677
guinea_bissau,2020,20.041
guinea_bissau,2021,21.915
guinea_bissau,2022,22.774
guyana,1992,27.953
guyana,1993,23.899
guyana,1994,22.088
guyana,1995,21.096
guyana,1996,21.110
guyana,1997,22.313
guyana,1998,22.346
guyana,1999,21.774
guyana,2000,21.887
guyana,2001,19.468
guyana,2002,17.401
guyana,2003,16.169
guyana,2004,15.717
guyana,2005,16.566
guyana,2006,20.737
guyana,2007,22.419
guyana,2008,22.277
guyana,2009,23.977
guyana,2010,25.326
guyana,2011,27.007
guyana,2012,28.802
guyana,2013,29.964
guyana,2014,31.822
guyana,2015,32.117
guyana,2016,33.510
guyana,2017,34.348
guyana,2018,36.726
guyana,2019,37.678
guyana,2020,47.141
guyana,2021,44.566
guyana,2022,45.457
haiti,1991,65.196
haiti,1992,51.182
haiti,1993,42.866
haiti,1994,32.790
haiti,1995,35.121
haiti,1996,35.079
haiti,1997,39.121
haiti,1998,38.542
haiti,1999,40.098
haiti,2000,43.577
haiti,2001,41.469
haiti,2002,40.327
haiti,2003,37.810
haiti,2004,36.891
haiti,2005,35.739
haiti,2006,34.898
haiti,2007,35.268
haiti,2008,34.472
haiti,2009,35.011
haiti,2010,35.651
haiti,2011,36.694
haiti,2012,36.404
haiti,2013,40.208
haiti,2014,39.649
haiti,2015,40.500
haiti,2016,41.660
haiti,2017,42.818
haiti,2018,43.451
haiti,2019,43.585
haiti,2020,38.602
haiti,2021,38.585
haiti,2022,35.377
honduras,1992,76.549
honduras,1993,57.539
honduras,1994,42.743
honduras,1995,38.606
honduras,1996,33.301
honduras,1997,30.474
honduras,1998,28.801
honduras,1999,26.064
honduras,2000,25.518
honduras,2001,24.764
honduras,2002,24.357
honduras,2003,23.788
honduras,2004,25.382
honduras,2005,27.108
honduras,2006,29.036
honduras,2007,31.531
honduras,2008,33.611
honduras,2009,34.217
honduras,2010,35.123
honduras,2011,34.720
honduras,2012,36.370
honduras,2013,38.602
honduras,2014,39.373
honduras,2015,40.813
honduras,2016,42.238
honduras,2017,43.345
honduras,2018,45.460
honduras,2019,47.705
honduras,2020,43.781
honduras,2021,48.028
honduras,2022,49.662
hungary,1970,30.402
hungary,1971,31.419
hungary,1972,32.377
hungary,1973,33.325
hungary,1974,36.448
hungary,1975,37.498
hungary,1976,36.063
hungary,1977,37.205
hungary,1978,37.823
hungary,1979,36.206
hungary,1980,32.407
hungary,1981,36.138
hungary,1982,40.195
hungary,1983,45.193
hungary,1984,51.635
hungary,1985,61.680
hungary,1986,60.770
hungary,1987,57.810
hungary,1988,55.697
hungary,1989,53.559
hungary,1990,51.206
hungary,1991,46.302
hungary,1992,42.944
hungary,1993,45.627
hungary,1994,50.002
hungary,1995,49.999
hungary,1996,53.335
hungary,1997,54.836
hungary,1998,56.859
hungary,1999,59.271
hungary,2000,61.712
hungary,2001,65.513
hungary,2002,70.580
hungary,2003,73.286
hungary,2004,75.597
hungary,2005,79.918
hungary,2006,85.660
hungary,2007,88.358
hungary,2008,91.747
hungary,2009,88.809
hungary,2010,90.975
hungary,2011,92.968
hungary,2012,92.730
hungary,2013,113.41
hungary,2014,120.65
hungary,2015,117.16
hungary,2016,125.18
hungary,2017,124.26
hungary,2018,129.72
hungary,2019,134.84
hungary,2020,125.58
hungary,2021,138.77
hungary,2022,139.98
iceland,1980,34.801
iceland,1981,36.125
iceland,1982,38.821
iceland,1983,41.426
iceland,1984,41.162
iceland,1985,41.932
iceland,1986,38.391
iceland,1987,40.827
iceland,1988,38.559
iceland,1989,34.688
iceland,1990,33.974
iceland,1991,42.499
iceland,1992,56.851
iceland,1993,57.426
iceland,1994,61.774
iceland,1995,62.625
iceland,1996,66.109
iceland,1997,69.667
iceland,1998,76.944
iceland,1999,82.953
iceland,2000,90.061
iceland,2001,92.911
iceland,2002,95.227
iceland,2003,98.790
iceland,2004,106.12
iceland,2005,111.36
iceland,2006,115.01
iceland,2007,129.85
iceland,2008,130.54
iceland,2009,126.10
iceland,2010,116.27
iceland,2011,111.35
iceland,2012,112.72
iceland,2013,130.22
iceland,2014,150.18
iceland,2015,150.34
iceland,2016,161.63
iceland,2017,168.18
iceland,2018,176.59
iceland,2019,180.71
iceland,2020,166.48
iceland,2021,173.10
iceland,2022,183.71
india,1975,6.9669
india,1976,6.9776
india,1977,6.9601
india,1978,7.1485
india,1979,6.6391
india,1980,6.5708
india,1981,6.7292
india,1982,6.8912
india,1983,6.9845
india,1984,7.1935
india,1985,7.4831
india,1986,7.2921
india,1987,6.9995
india,1988,6.9201
india,1989,6.9745
india,1990,6.8664
india,1991,6.7882
india,1992,6.7353
india,1993,6.8669
india,1994,6.8950
india,1995,7.1795
india,1996,7.2237
india,1997,7.4996
india,1998,7.8468
india,1999,8.3704
india,2000,8.3746
india,2001,8.7268
india,2002,9.0163
india,2003,9.3821
india,2004,10.110
india,2005,10.654
india,2006,11.066
india,2007,11.581
india,2008,12.037
india,2009,12.734
india,2010,13.143
india,2011,14.021
india,2012,15.057
india,2013,16.204
india,2014,17.723
india,2015,19.286
india,2016,20.835
india,2017,22.292
india,2018,23.904
india,2019,25.750
india,2020,23.453
india,2021,25.359
india,2022,27.565
indonesia,1990,26.412
indonesia,1991,24.605
indonesia,1992,23.137
indonesia,1993,22.220
indonesia,1994,21.446
indonesia,1995,20.565
indonesia,1996,19.755
indonesia,1997,19.108
indonesia,1998,14.294
indonesia,1999,13.360
indonesia,2000,12.942
indonesia,2001,13.193
indonesia,2002,14.429
indonesia,2003,15.245
indonesia,2004,15.824
indonesia,2005,16.244
indonesia,2006,15.996
indonesia,2007,15.691
indonesia,2008,14.906
indonesia,2009,14.551
indonesia,2010,14.922
indonesia,2011,15.124
indonesia,2012,15.392
indonesia,2013,15.774
indonesia,2014,16.197
indonesia,2015,16.719
indonesia,2016,17.041
indonesia,2017,17.922
indonesia,2018,18.770
indonesia,2019,20.053
indonesia,2020,19.692
indonesia,2021,19.700
indonesia,2022,20.233
iran_islamic_republic_of,1993,23.309
iran_islamic_republic_of,1994,19.207
iran_islamic_republic_of,1995,17.568
iran_islamic_republic_of,1996,19.543
iran_islamic_republic_of,1997,22.466
iran_islamic_republic_of,1998,26.336
iran_islamic_republic_of,1999,26.618
iran_islamic_republic_of,2000,28.918
iran_islamic_republic_of,2001,27.605
iran_islamic_republic_of,2002,24.912
iran_islamic_republic_of,2003,25.497
iran_islamic_republic_of,2004,25.334
iran_islamic_republic_of,2005,26.100
iran_islamic_republic_of,2006,28.125
iran_islamic_republic_of,2007,29.602
iran_islamic_republic_of,2008,30.527
iran_islamic_republic_of,2009,32.926
iran_islamic_republic_of,2010,35.216
iran_islamic_republic_of,2011,36.329
iran_islamic_republic_of,2012,35.840
iran_islamic_republic_of,2013,32.876
iran_islamic_republic_of,2014,35.982
iran_islamic_republic_of,2015,39.677
iran_islamic_republic_of,2016,40.847
iran_islamic_republic_of,2017,40.482
iran_islamic_republic_of,2018,37.503
iran_islamic_republic_of,2019,37.342
iran_islamic_republic_of,2020,36.855
iran_islamic_republic_of,2021,37.185
iran_islamic_republic_of,2022,37.365
iraq,1975,20.449
iraq,1976,20.553
iraq,1977,20.987
iraq,1978,25.099
iraq,1979,26.910
iraq,1980,24.776
iraq,1981,36.688
iraq,1982,35.714
iraq,1983,32.401
iraq,1984,33.529
iraq,1985,31.635
iraq,1986,35.990
iraq,1987,37.425
iraq,1988,35.139
iraq,1989,29.895
iraq,1990,30.549
iraq,1991,11.478
iraq,1992,4.1215
iraq,1993,5.1389
iraq,1994,4.5001
iraq,1995,3.2092
iraq,1996,3.9219
iraq,1997,3.2511
iraq,1998,3.7097
iraq,1999,2.6711
iraq,2000,2.1274
iraq,2001,3.3210
iraq,2002,3.5857
iraq,2003,3.7162
iraq,2004,8.7460
iraq,2005,8.9778
iraq,2006,11.222
iraq,2007,13.120
iraq,2008,15.017
iraq,2009,21.338
iraq,2010,23.175
iraq,2011,23.393
iraq,2012,32.153
iraq,2013,41.728
iraq,2014,51.828
iraq,2015,81.576
iraq,2016,83.399
iraq,2017,80.942
iraq,2018,84.103
iraq,2019,13.891
iraq,2020,11.983
iraq,2021,12.065
iraq,2022,10.354
ireland,1980,75.549
ireland,1981,77.651
ireland,1982,76.874
ireland,1983,76.314
ireland,1984,79.869
ireland,1985,84.813
ireland,1986,84.701
ireland,1987,88.047
ireland,1988,93.915
ireland,1989,97.527
ireland,1990,104.98
ireland,1991,110.63
ireland,1992,109.85
ireland,1993,114.80
ireland,1994,116.68
ireland,1995,122.20
ireland,1996,127.38
ireland,1997,135.97
ireland,1998,144.51
ireland,1999,153.00
ireland,2000,163.63
ireland,2001,162.41
ireland,2002,163.78
ireland,2003,158.55
ireland,2004,154.16
ireland,2005,150.35
ireland,2006,172.29
ireland,2007,206.05
ireland,2008,207.42
ireland,2009,200.67
ireland,2010,218.11
ireland,2011,221.62
ireland,2012,230.75
ireland,2013,230.79
ireland,2014,241.42
ireland,2015,256.78
ireland,2016,266.98
ireland,2017,227.12
ireland,2018,206.18
ireland,2019,221.12
ireland,2020,231.15
ireland,2021,251.76
ireland,2022,243.13
israel,1970,111.34
israel,1971,115.86
israel,1972,119.09
israel,1973,126.49
israel,1974,126.31
israel,1975,124.17
israel,1976,119.64
israel,1977,122.08
israel,1978,122.45
israel,1979,132.08
israel,1980,126.24
israel,1981,132.34
israel,1982,128.29
israel,1983,127.21
israel,1984,128.94
israel,1985,130.52
israel,1986,125.63
israel,1987,135.54
israel,1988,137.66
israel,1989,136.30
israel,1990,135.77
israel,1991,140.72
israel,1992,150.03
israel,1993,159.48
israel,1994,173.99
israel,1995,181.32
israel,1996,179.13
israel,1997,175.17
israel,1998,174.17
israel,1999,172.34
israel,2000,179.78
israel,2001,180.82
israel,2002,176.42
israel,2003,177.70
israel,2004,183.71
israel,2005,191.12
israel,2006,202.72
israel,2007,214.74
israel,2008,227.67
israel,2009,233.79
israel,2010,251.50
israel,2011,252.62
israel,2012,246.81
israel,2013,246.48
israel,2014,245.40
israel,2015,239.64
israel,2016,242.66
israel,2017,239.78
israel,2018,248.59
israel,2019,260.88
israel,2020,259.74
israel,2021,283.41
israel,2022,297.80
italy,1970,61.191
italy,1971,63.259
italy,1972,67.256
italy,1973,68.937
italy,1974,70.957
italy,1975,71.863
italy,1976,74.598
italy,1977,76.524
italy,1978,80.061
italy,1979,84.597
italy,1980,86.116
italy,1981,90.480
italy,1982,94.388
italy,1983,98.738
italy,1984,105.45
italy,1985,112.32
italy,1986,119.42
italy,1987,125.87
italy,1988,134.38
italy,1989,141.59
italy,1990,148.59
italy,1991,145.51
italy,1992,141.70
italy,1993,136.88
italy,1994,134.54
italy,1995,132.11
italy,1996,130.32
italy,1997,128.19
italy,1998,126.22
italy,1999,125.05
italy,2000,130.98
italy,2001,135.73
italy,2002,137.17
italy,2003,139.71
italy,2004,141.81
italy,2005,143.87
italy,2006,144.46
italy,2007,145.41
italy,2008,145.49
italy,2009,141.07
italy,2010,140.15
italy,2011,139.97
italy,2012,135.49
italy,2013,132.54
italy,2014,133.30
italy,2015,133.85
italy,2016,136.02
italy,2017,139.66
italy,2018,142.31
italy,2019,142.84
italy,2020,132.22
italy,2021,137.58
italy,2022,144.51
jamaica,1993,46.017
jamaica,1994,44.598
jamaica,1995,41.889
jamaica,1996,41.963
jamaica,1997,40.203
jamaica,1998,38.355
jamaica,1999,37.571
jamaica,2000,36.590
jamaica,2001,35.572
jamaica,2002,35.392
jamaica,2003,35.240
jamaica,2004,33.729
jamaica,2005,33.048
jamaica,2006,33.870
jamaica,2007,34.155
jamaica,2008,34.708
jamaica,2009,33.703
jamaica,2010,32.370
jamaica,2011,32.460
jamaica,2012,31.842
jamaica,2013,31.331
jamaica,2014,31.154
jamaica,2015,43.724
jamaica,2016,65.881
jamaica,2017,45.471
jamaica,2018,35.337
jamaica,2019,29.237
jamaica,2020,22.284
jamaica,2021,25.501
jamaica,2022,26.652
japan,1980,98.034
japan,1981,99.940
japan,1982,102.48
japan,1983,105.57
japan,1984,107.91
japan,1985,111.50
japan,1986,113.89
japan,1987,118.14
japan,1988,123.20
japan,1989,127.00
japan,1990,129.10
japan,1991,132.99
japan,1992,135.36
japan,1993,141.22
japan,1994,147.04
japan,1995,153.74
japan,1996,156.19
japan,1997,158.62
japan,1998,156.65
japan,1999,156.28
japan,2000,158.64
japan,2001,167.32
japan,2002,176.39
japan,2003,180.85
japan,2004,186.75
japan,2005,192.29
japan,2006,196.16
japan,2007,200.29
japan,2008,201.26
japan,2009,196.90
japan,2010,202.42
japan,2011,205.68
japan,2012,209.50
japan,2013,214.82
japan,2014,215.90
japan,2015,218.22
japan,2016,221.63
japan,2017,225.81
japan,2018,221.22
japan,2019,224.16
japan,2020,235.25
japan,2021,240.39
japan,2022,243.09
jordan,1975,24.764
jordan,1976,25.664
jordan,1977,28.097
jordan,1978,32.541
jordan,1979,40.410
jordan,1980,41.675
jordan,1981,47.327
jordan,1982,51.532
jordan,1983,50.642
jordan,1984,52.608
jordan,1985,56.158
jordan,1986,53.213
jordan,1987,51.384
jordan,1988,50.897
jordan,1989,42.407
jordan,1990,38.173
jordan,1991,37.070
jordan,1992,35.187
jordan,1993,36.887
jordan,1994,37.466
jordan,1995,40.014
jordan,1996,41.486
jordan,1997,44.352
jordan,1998,44.183
jordan,1999,45.768
jordan,2000,48.529
jordan,2001,49.766
jordan,2002,52.408
jordan,2003,51.879
jordan,2004,52.625
jordan,2005,56.326
jordan,2006,59.319
jordan,2007,63.191
jordan,2008,59.799
jordan,2009,61.844
jordan,2010,58.009
jordan,2011,60.214
jordan,2012,61.830
jordan,2013,59.111
jordan,2014,54.683
jordan,2015,52.240
jordan,2016,53.865
jordan,2017,53.333
jordan,2018,53.232
jordan,2019,52.832
jordan,2020,52.668
jordan,2021,53.498
jordan,2022,54.409
kazakhstan,1993,75.931
kazakhstan,1994,58.385
kazakhstan,1995,56.589
kazakhstan,1996,38.682
kazakhstan,1997,29.408
kazakhstan,1998,23.062
kazakhstan,1999,18.005
kazakhstan,2000,15.467
kazakhstan,2001,18.146
kazakhstan,2002,19.011
kazakhstan,2003,20.491
kazakhstan,2004,23.316
kazakhstan,2005,23.999
kazakhstan,2006,24.871
kazakhstan,2007,28.418
kazakhstan,2008,27.363
kazakhstan,2009,29.740
kazakhstan,2010,25.845
kazakhstan,2011,31.754
kazakhstan,2012,35.426
kazakhstan,2013,42.001
kazakhstan,2014,44.066
kazakhstan,2015,48.812
kazakhstan,2016,46.510
kazakhstan,2017,50.251
kazakhstan,2018,32.744
kazakhstan,2019,32.250
kazakhstan,2020,25.206
kazakhstan,2021,30.627
kazakhstan,2022,25.227
kenya,1990,45.573
kenya,1991,46.928
kenya,1992,41.658
kenya,1993,39.865
kenya,1994,40.442
kenya,1995,44.762
kenya,1996,46.784
kenya,1997,46.884
kenya,1998,47.540
kenya,1999,47.159
kenya,2000,44.703
kenya,2001,48.651
kenya,2002,49.166
kenya,2003,50.746
kenya,2004,42.883
kenya,2005,38.777
kenya,2006,36.482
kenya,2007,34.187
kenya,2008,30.795
kenya,2009,29.061
kenya,2010,27.971
kenya,2011,28.501
kenya,2012,30.176
kenya,2013,31.376
kenya,2014,33.530
kenya,2015,34.698
kenya,2016,87.264
kenya,2017,89.535
kenya,2018,94.483
kenya,2019,98.965
kenya,2020,95.212
kenya,2021,104.30
kenya,2022,108.92
kuwait,1993,118.02
kuwait,1994,115.84
kuwait,1995,102.96
kuwait,1996,88.408
kuwait,1997,90.999
kuwait,1998,110.16
kuwait,1999,91.493
kuwait,2000,77.116
kuwait,2001,82.789
kuwait,2002,86.510
kuwait,2003,92.285
kuwait,2004,89.716
kuwait,2005,85.427
kuwait,2006,87.535
kuwait,2007,102.35
kuwait,2008,90.176
kuwait,2009,105.84
kuwait,2010,104.88
kuwait,2011,95.286
kuwait,2012,96.361
kuwait,2013,101.15
kuwait,2014,112.50
kuwait,2015,156.86
kuwait,2016,167.92
kuwait,2017,149.60
kuwait,2018,140.00
kuwait,2019,146.35
kuwait,2020,166.04
kuwait,2021,143.74
kuwait,2022,162.22
kyrgyzstan,1994,3.1587
kyrgyzstan,1995,3.1098
kyrgyzstan,1996,2.8164
kyrgyzstan,1997,3.1329
kyrgyzstan,1998,3.5898
kyrgyzstan,1999,3.4699
kyrgyzstan,2000,4.0164
kyrgyzstan,2001,4.5258
kyrgyzstan,2002,5.2661
kyrgyzstan,2003,6.0388
kyrgyzstan,2004,7.1305
kyrgyzstan,2005,8.1995
kyrgyzstan,2006,9.1490
kyrgyzstan,2007,10.238
kyrgyzstan,2008,10.848
kyrgyzstan,2009,12.310
kyrgyzstan,2010,12.358
kyrgyzstan,2011,12.789
kyrgyzstan,2012,13.396
kyrgyzstan,2013,14.256
kyrgyzstan,2014,15.136
kyrgyzstan,2015,16.109
kyrgyzstan,2016,16.252
kyrgyzstan,2017,17.172
kyrgyzstan,2018,17.895
kyrgyzstan,2019,18.489
kyrgyzstan,2020,17.296
kyrgyzstan,2021,18.029
kyrgyzstan,2022,19.790
land_locked_developing_countries,2000,11.983
land_locked_developing_countries,2001,12.741
land_locked_developing_countries,2002,12.831
land_locked_developing_countries,2003,12.846
land_locked_developing_countries,2004,12.939
land_locked_developing_countries,2005,13.480
land_locked_developing_countries,2006,14.430
land_locked_developing_countries,2007,16.445
land_locked_developing_countries,2008,17.537
land_locked_developing_countries,2009,19.649
land_locked_developing_countries,2010,20.686
land_locked_developing_countries,2011,22.667
land_locked_developing_countries,2012,24.599
land_locked_developing_countries,2013,27.250
land_locked_developing_countries,2014,29.846
land_locked_developing_countries,2015,32.378
land_locked_developing_countries,2016,32.480
land_locked_developing_countries,2017,33.202
land_locked_developing_countries,2018,30.043
land_locked_developing_countries,2019,31.462
land_locked_developing_countries,2020,29.409
land_locked_developing_countries,2021,31.959
land_locked_developing_countries,2022,30.650
lao_people_s_democratic_republic,1987,13.430
lao_people_s_democratic_republic,1988,11.882
lao_people_s_democratic_republic,1989,12.565
lao_people_s_democratic_republic,1990,12.438
lao_people_s_democratic_republic,1991,13.154
lao_people_s_democratic_republic,1992,12.878
lao_people_s_democratic_republic,1993,13.262
lao_people_s_democratic_republic,1994,13.364
lao_people_s_democratic_republic,1995,14.279
lao_people_s_democratic_republic,1996,14.941
lao_people_s_democratic_republic,1997,20.544
lao_people_s_democratic_republic,1998,18.525
lao_people_s_democratic_republic,1999,18.643
lao_people_s_democratic_republic,2000,20.818
lao_people_s_democratic_republic,2001,21.004
lao_people_s_democratic_republic,2002,21.300
lao_people_s_democratic_republic,2003,21.531
lao_people_s_democratic_republic,2004,23.849
lao_people_s_democratic_republic,2005,24.598
lao_people_s_democratic_republic,2006,21.985
lao_people_s_democratic_republic,2007,26.567
lao_people_s_democratic_republic,2008,30.785
lao_people_s_democratic_republic,2009,34.805
lao_people_s_democratic_republic,2010,38.206
lao_people_s_democratic_republic,2011,39.997
lao_people_s_democratic_republic,2012,41.623
lao_people_s_democratic_republic,2013,47.867
lao_people_s_democratic_republic,2014,52.494
lao_people_s_democratic_republic,2015,56.716
lao_people_s_democratic_republic,2016,60.914
lao_people_s_democratic_republic,2017,66.269
lao_people_s_democratic_republic,2018,70.922
lao_people_s_democratic_republic,2019,73.407
lao_people_s_democratic_republic,2020,75.241
lao_people_s_democratic_republic,2021,76.050
lao_people_s_democratic_republic,2022,76.962
latin_america_and_the_caribbean,2000,62.326
latin_america_and_the_caribbean,2001,48.604
latin_america_and_the_caribbean,2002,46.499
latin_america_and_the_caribbean,2003,44.960
latin_america_and_the_caribbean,2004,45.195
latin_america_and_the_caribbean,2005,46.400
latin_america_and_the_caribbean,2006,47.948
latin_america_and_the_caribbean,2007,50.095
latin_america_and_the_caribbean,2008,51.178
latin_america_and_the_caribbean,2009,51.273
latin_america_and_the_caribbean,2010,52.532
latin_america_and_the_caribbean,2011,54.210
latin_america_and_the_caribbean,2012,56.232
latin_america_and_the_caribbean,2013,58.633
latin_america_and_the_caribbean,2014,59.941
latin_america_and_the_caribbean,2015,59.926
latin_america_and_the_caribbean,2016,60.118
latin_america_and_the_caribbean,2017,59.220
latin_america_and_the_caribbean,2018,60.726
latin_america_and_the_caribbean,2019,59.834
latin_america_and_the_caribbean,2020,55.213
latin_america_and_the_caribbean,2021,55.362
latin_america_and_the_caribbean,2022,57.411
latvia,2007,153.84
latvia,2008,143.97
latvia,2009,119.44
latvia,2010,106.14
latvia,2011,102.61
latvia,2012,105.06
latvia,2013,109.65
latvia,2014,189.09
latvia,2015,201.23
latvia,2016,219.47
latvia,2017,228.49
latvia,2018,219.74
latvia,2019,225.44
latvia,2020,201.86
latvia,2021,210.30
latvia,2022,228.36
least_developed_countries,2000,13.290
least_developed_countries,2001,13.758
least_developed_countries,2002,14.423
least_developed_countries,2003,14.883
least_developed_countries,2004,15.093
least_developed_countries,2005,15.381
least_developed_countries,2006,16.502
least_developed_countries,2007,17.776
least_developed_countries,2008,18.576
least_developed_countries,2009,20.689
least_developed_countries,2010,21.513
least_developed_countries,2011,22.095
least_developed_countries,2012,26.119
least_developed_countries,2013,27.858
least_developed_countries,2014,30.290
least_developed_countries,2015,32.025
least_developed_countries,2016,32.850
least_developed_countries,2017,34.353
least_developed_countries,2018,35.482
least_developed_countries,2019,37.195
least_developed_countries,2020,37.719
least_developed_countries,2021,38.179
least_developed_countries,2022,39.635
lebanon,1975,188.60
lebanon,1976,62.430
lebanon,1977,114.14
lebanon,1978,97.743
lebanon,1979,95.678
lebanon,1980,91.216
lebanon,1981,83.660
lebanon,1982,48.668
lebanon,1983,55.302
lebanon,1984,74.407
lebanon,1985,86.537
lebanon,1986,75.806
lebanon,1987,83.497
lebanon,1988,55.908
lebanon,1989,31.110
lebanon,1990,37.252
lebanon,1991,50.682
lebanon,1992,43.381
lebanon,1993,43.692
lebanon,1994,44.489
lebanon,1995,44.755
lebanon,1996,48.552
lebanon,1997,48.276
lebanon,1998,53.812
lebanon,1999,52.882
lebanon,2000,48.221
lebanon,2001,53.874
lebanon,2002,55.580
lebanon,2003,55.525
lebanon,2004,56.633
lebanon,2005,61.383
lebanon,2006,66.523
lebanon,2007,73.529
lebanon,2008,84.839
lebanon,2009,92.388
lebanon,2010,107.77
lebanon,2011,116.14
lebanon,2012,124.31
lebanon,2013,134.35
lebanon,2014,148.64
lebanon,2015,158.33
lebanon,2016,161.58
lebanon,2017,165.31
lebanon,2018,166.06
lebanon,2019,159.66
lebanon,2020,120.42
lebanon,2021,123.07
lebanon,2022,108.33
lesotho,1987,33.129
lesotho,1988,34.701
lesotho,1989,35.114
lesotho,1990,36.187
lesotho,1991,38.265
lesotho,1992,35.569
lesotho,1993,35.003
lesotho,1994,35.370
lesotho,1995,37.332
lesotho,1996,37.370
lesotho,1997,38.148
lesotho,1998,37.072
lesotho,1999,36.951
lesotho,2000,36.331
lesotho,2001,36.339
lesotho,2002,37.808
lesotho,2003,39.922
lesotho,2004,41.042
lesotho,2005,42.894
lesotho,2006,44.806
lesotho,2007,49.475
lesotho,2008,50.799
lesotho,2009,55.611
lesotho,2010,59.198
lesotho,2011,59.746
lesotho,2012,64.745
lesotho,2013,67.995
lesotho,2014,66.716
lesotho,2015,66.815
lesotho,2016,71.284
lesotho,2017,70.783
lesotho,2018,66.729
lesotho,2019,66.167
lesotho,2020,60.577
lesotho,2021,59.099
lesotho,2022,60.057
liberia,1987,18.706
liberia,1988,17.852
liberia,1989,16.986
liberia,1990,5.9783
liberia,1991,4.6029
liberia,1992,3.3821
liberia,1993,2.2402
liberia,1994,1.6175
liberia,1995,0.60313
liberia,1996,0.77527
liberia,1997,2.3728
liberia,1998,2.8068
liberia,1999,3.5626
liberia,2000,4.2596
liberia,2001,2.9726
liberia,2002,2.7952
liberia,2003,2.0888
liberia,2004,2.2722
liberia,2005,2.1841
liberia,2006,2.3600
liberia,2007,2.9819
liberia,2008,2.9588
liberia,2009,3.2630
liberia,2010,3.2544
liberia,2011,3.1520
liberia,2012,4.0372
liberia,2013,4.9334
liberia,2014,6.3624
liberia,2015,5.8508
liberia,2016,5.4601
liberia,2017,5.4008
liberia,2018,5.7191
liberia,2019,5.4422
liberia,2020,5.3579
liberia,2021,5.5933
liberia,2022,5.8514
libya,1985,55.757
libya,1986,56.995
libya,1987,47.156
libya,1988,65.498
libya,1989,70.077
libya,1990,71.954
libya,1991,78.547
libya,1992,71.709
libya,1993,66.648
libya,1994,67.341
libya,1995,60.883
libya,1996,59.018
libya,1997,56.671
libya,1998,61.161
libya,1999,54.656
libya,2000,45.264
libya,2001,45.128
libya,2002,34.795
libya,2003,34.334
libya,2004,30.060
libya,2005,28.214
libya,2006,26.001
libya,2007,31.264
libya,2008,28.893
libya,2009,40.909
libya,2010,40.273
libya,2011,37.235
libya,2012,44.188
libya,2013,47.107
libya,2014,49.625
libya,2015,52.716
libya,2016,55.488
libya,2017,60.253
libya,2018,55.405
libya,2019,50.462
libya,2020,37.006
libya,2021,45.883
libya,2022,37.748
liechtenstein,2015,459.17
liechtenstein,2016,477.72
liechtenstein,2017,441.45
liechtenstein,2018,467.30
liechtenstein,2019,453.17
liechtenstein,2020,484.79
liechtenstein,2021,479.98
liechtenstein,2022,486.79
lithuania,1995,48.960
lithuania,1996,53.074
lithuania,1997,58.045
lithuania,1998,65.859
lithuania,1999,70.221
lithuania,2000,76.643
lithuania,2001,84.793
lithuania,2002,95.089
lithuania,2003,109.28
lithuania,2004,119.67
lithuania,2005,132.96
lithuania,2006,147.63
lithuania,2007,171.94
lithuania,2008,186.01
lithuania,2009,182.99
lithuania,2010,190.25
lithuania,2011,204.83
lithuania,2012,225.22
lithuania,2013,252.61
lithuania,2014,191.58
lithuania,2015,197.04
lithuania,2016,205.05
lithuania,2017,214.22
lithuania,2018,214.86
lithuania,2019,226.88
lithuania,2020,228.50
lithuania,2021,235.47
lithuania,2022,246.10
luxembourg,1989,254.64
luxembourg,1990,284.31
luxembourg,1991,335.88
luxembourg,1992,366.35
luxembourg,1993,384.11
luxembourg,1994,471.87
luxembourg,1995,518.41
luxembourg,1996,523.23
luxembourg,1997,537.29
luxembourg,1998,553.87
luxembourg,1999,597.86
luxembourg,2000,646.54
luxembourg,2001,679.73
luxembourg,2002,706.75
luxembourg,2003,730.90
luxembourg,2004,767.46
luxembourg,2005,803.23
luxembourg,2006,879.12
luxembourg,2007,938.43
luxembourg,2008,968.74
luxembourg,2009,968.71
luxembourg,2010,972.21
luxembourg,2011,982.75
luxembourg,2012,1092.1
luxembourg,2013,1123.5
luxembourg,2014,1102.8
luxembourg,2015,1152.0
luxembourg,2016,1195.1
luxembourg,2017,1190.0
luxembourg,2018,1048.8
luxembourg,2019,1205.7
luxembourg,2020,1123.0
luxembourg,2021,1390.1
luxembourg,2022,1344.0
madagascar,1984,18.967
madagascar,1985,18.250
madagascar,1986,14.483
madagascar,1987,13.853
madagascar,1988,14.724
madagascar,1989,14.936
madagascar,1990,15.482
madagascar,1991,14.403
madagascar,1992,14.038
madagascar,1993,14.003
madagascar,1994,12.564
madagascar,1995,13.543
madagascar,1996,14.525
madagascar,1997,14.840
madagascar,1998,15.066
madagascar,1999,15.368
madagascar,2000,15.697
madagascar,2001,16.397
madagascar,2002,13.311
madagascar,2003,14.345
madagascar,2004,13.917
madagascar,2005,13.608
madagascar,2006,10.837
madagascar,2007,11.952
madagascar,2008,12.692
madagascar,2009,12.013
madagascar,2010,12.555
madagascar,2011,12.806
madagascar,2012,13.667
madagascar,2013,14.087
madagascar,2014,14.333
madagascar,2015,14.817
madagascar,2016,15.477
madagascar,2017,16.090
madagascar,2018,15.833
madagascar,2019,16.885
madagascar,2020,15.638
madagascar,2021,16.489
madagascar,2022,16.611
malawi,1985,8.6431
malawi,1986,7.2085
malawi,1987,8.1078
malawi,1988,7.6246
malawi,1989,7.2250
malawi,1990,8.4532
malawi,1991,10.268
malawi,1992,8.2485
malawi,1993,8.3342
malawi,1994,12.290
malawi,1995,12.188
malawi,1996,12.307
malawi,1997,13.089
malawi,1998,11.975
malawi,1999,11.184
malawi,2000,10.496
malawi,2001,10.014
malawi,2002,10.067
malawi,2003,10.150
malawi,2004,10.490
malawi,2005,10.854
malawi,2006,11.761
malawi,2007,13.529
malawi,2008,15.327
malawi,2009,16.727
malawi,2010,18.219
malawi,2011,20.192
malawi,2012,22.104
malawi,2013,24.684
malawi,2014,27.659
malawi,2015,30.803
malawi,2016,34.145
malawi,2017,38.196
malawi,2018,40.355
malawi,2019,41.932
malawi,2020,40.703
malawi,2021,41.832
malawi,2022,41.479
malaysia,1990,42.342
malaysia,1991,41.481
malaysia,1992,41.450
malaysia,1993,43.588
malaysia,1994,43.547
malaysia,1995,44.149
malaysia,1996,48.557
malaysia,1997,52.628
malaysia,1998,49.930
malaysia,1999,51.844
malaysia,2000,54.451
malaysia,2001,58.164
malaysia,2002,60.652
malaysia,2003,61.564
malaysia,2004,62.724
malaysia,2005,65.159
malaysia,2006,68.258
malaysia,2007,73.310
malaysia,2008,75.253
malaysia,2009,82.982
malaysia,2010,89.055
malaysia,2011,91.898
malaysia,2012,99.804
malaysia,2013,106.00
malaysia,2014,113.14
malaysia,2015,122.95
malaysia,2016,129.24
malaysia,2017,135.33
malaysia,2018,144.32
malaysia,2019,154.75
malaysia,2020,147.60
malaysia,2021,143.29
malaysia,2022,152.89
maldives,1987,177.11
maldives,1988,182.30
maldives,1989,189.75
maldives,1990,208.75
maldives,1991,211.49
maldives,1992,217.06
maldives,1993,219.92
maldives,1994,227.92
maldives,1995,209.28
maldives,1996,219.26
maldives,1997,229.05
maldives,1998,237.39
maldives,1999,242.22
maldives,2000,245.75
maldives,2001,234.64
maldives,2002,254.70
maldives,2003,292.37
maldives,2004,312.35
maldives,2005,269.13
maldives,2006,350.91
maldives,2007,386.38
maldives,2008,416.55
maldives,2009,412.88
maldives,2010,440.46
maldives,2011,461.45
maldives,2012,474.70
maldives,2013,507.65
maldives,2014,545.78
maldives,2015,546.08
maldives,2016,563.71
maldives,2017,600.22
maldives,2018,644.65
maldives,2019,717.61
maldives,2020,487.42
maldives,2021,681.51
maldives,2022,779.49
mali,1987,18.722
mali,1988,16.040
mali,1989,14.321
mali,1990,13.120
mali,1991,12.123
mali,1992,12.155
mali,1993,11.085
mali,1994,12.449
mali,1995,15.399
mali,1996,16.636
mali,1997,16.951
mali,1998,17.135
mali,1999,18.096
mali,2000,17.729
mali,2001,18.685
mali,2002,19.073
mali,2003,21.600
mali,2004,19.056
mali,2005,19.235
mali,2006,20.541
mali,2007,23.287
mali,2008,25.923
mali,2009,26.886
mali,2010,30.683
mali,2011,33.993
mali,2012,35.331
mali,2013,42.014
mali,2014,44.074
mali,2015,47.264
mali,2016,49.380
mali,2017,51.619
mali,2018,53.655
mali,2019,56.332
mali,2020,58.333
mali,2021,62.143
mali,2022,67.073
malta,1970,34.935
malta,1971,36.854
malta,1972,36.591
malta,1973,36.679
malta,1974,39.521
malta,1975,46.916
malta,1976,52.451
malta,1977,57.077
malta,1978,62.093
malta,1979,67.653
malta,1980,70.270
malta,1981,70.316
malta,1982,69.419
malta,1983,68.765
malta,1984,66.605
malta,1985,65.735
malta,1986,61.800
malta,1987,60.621
malta,1988,61.537
malta,1989,62.025
malta,1990,62.922
malta,1991,63.231
malta,1992,65.442
malta,1993,66.410
malta,1994,66.293
malta,1995,65.688
malta,1996,73.665
malta,1997,81.098
malta,1998,89.980
malta,1999,98.890
malta,2000,107.55
malta,2001,116.50
malta,2002,124.57
malta,2003,130.28
malta,2004,141.29
malta,2005,158.27
malta,2006,177.84
malta,2007,208.15
malta,2008,238.43
malta,2009,263.39
malta,2010,312.53
malta,2011,357.31
malta,2012,438.30
malta,2013,451.53
malta,2014,219.08
malta,2015,224.37
malta,2016,240.70
malta,2017,265.57
malta,2018,280.54
malta,2019,290.28
malta,2020,272.18
malta,2021,311.91
malta,2022,324.56
mauritania,1980,10.694
mauritania,1981,10.149
mauritania,1982,9.1293
mauritania,1983,10.218
mauritania,1984,10.502
mauritania,1985,10.270
mauritania,1986,10.873
mauritania,1987,10.870
mauritania,1988,11.054
mauritania,1989,11.146
mauritania,1990,11.294
mauritania,1991,11.918
mauritania,1992,12.786
mauritania,1993,13.853
mauritania,1994,14.652
mauritania,1995,14.436
mauritania,1996,16.609
mauritania,1997,17.472
mauritania,1998,19.340
mauritania,1999,20.898
mauritania,2000,21.153
mauritania,2001,20.118
mauritania,2002,19.555
mauritania,2003,20.252
mauritania,2004,19.621
mauritania,2005,19.516
mauritania,2006,18.854
mauritania,2007,20.755
mauritania,2008,21.425
mauritania,2009,23.500
mauritania,2010,22.389
mauritania,2011,20.759
mauritania,2012,23.063
mauritania,2013,23.531
mauritania,2014,28.714
mauritania,2015,31.955
mauritania,2016,30.711
mauritania,2017,32.531
mauritania,2018,33.356
mauritania,2019,33.983
mauritania,2020,32.543
mauritania,2021,32.967
mauritania,2022,36.999
mauritius,1974,8.2463
mauritius,1975,10.451
mauritius,1976,15.665
mauritius,1977,16.692
mauritius,1978,17.210
mauritius,1979,16.836
mauritius,1980,16.387
mauritius,1981,16.607
mauritius,1982,16.862
mauritius,1983,16.855
mauritius,1984,16.732
mauritius,1985,16.060
mauritius,1986,16.518
mauritius,1987,17.397
mauritius,1988,18.299
mauritius,1989,19.202
mauritius,1990,20.226
mauritius,1991,21.146
mauritius,1992,21.475
mauritius,1993,22.262
mauritius,1994,23.526
mauritius,1995,24.108
mauritius,1996,25.291
mauritius,1997,27.244
mauritius,1998,29.061
mauritius,1999,31.249
mauritius,2000,34.097
mauritius,2001,26.781
mauritius,2002,22.154
mauritius,2003,19.654
mauritius,2004,20.505
mauritius,2005,21.499
mauritius,2006,24.143
mauritius,2007,27.407
mauritius,2008,23.710
mauritius,2009,27.277
mauritius,2010,27.475
mauritius,2011,32.565
mauritius,2012,33.697
mauritius,2013,33.194
mauritius,2014,32.984
mauritius,2015,31.806
mauritius,2016,33.187
mauritius,2017,34.068
mauritius,2018,32.920
mauritius,2019,33.361
mauritius,2020,28.092
mauritius,2021,28.404
mauritius,2022,27.948
mexico,2001,58.965
mexico,2002,59.334
mexico,2003,56.236
mexico,2004,56.309
mexico,2005,57.898
mexico,2006,59.682
mexico,2007,58.690
mexico,2008,59.442
mexico,2009,55.940
mexico,2010,57.972
mexico,2011,59.182
mexico,2012,58.369
mexico,2013,60.181
mexico,2014,60.425
mexico,2015,60.176
mexico,2016,60.275
mexico,2017,54.121
mexico,2018,59.886
mexico,2019,59.633
mexico,2020,54.275
mexico,2021,55.619
mexico,2022,57.843
monaco,1990,424.94
monaco,1991,435.96
monaco,1992,449.84
monaco,1993,454.15
monaco,1994,472.23
monaco,1995,489.95
monaco,1996,496.83
monaco,1997,525.36
monaco,1998,544.03
monaco,1999,553.65
monaco,2000,584.27
monaco,2001,605.78
monaco,2002,624.21
monaco,2003,586.66
monaco,2004,681.36
monaco,2005,672.52
monaco,2006,710.16
monaco,2007,843.52
monaco,2008,915.52
monaco,2009,833.06
monaco,2010,818.66
monaco,2011,877.16
monaco,2012,884.97
monaco,2013,958.02
monaco,2014,1043.0
monaco,2015,1031.5
monaco,2016,1054.9
monaco,2017,1084.0
monaco,2018,1026.7
monaco,2019,1069.4
monaco,2020,1019.2
monaco,2021,970.47
monaco,2022,1060.2
mongolia,1993,16.222
mongolia,1994,15.305
mongolia,1995,13.849
mongolia,1996,15.075
mongolia,1997,16.021
mongolia,1998,18.930
mongolia,1999,18.944
mongolia,2000,19.324
mongolia,2001,21.010
mongolia,2002,23.794
mongolia,2003,23.973
mongolia,2004,23.928
mongolia,2005,23.641
mongolia,2006,23.089
mongolia,2007,27.923
mongolia,2008,39.128
mongolia,2009,47.232
mongolia,2010,47.552
mongolia,2011,56.012
mongolia,2012,63.598
mongolia,2013,67.255
mongolia,2014,73.610
mongolia,2015,75.288
mongolia,2016,126.16
mongolia,2017,122.78
mongolia,2018,124.46
mongolia,2019,131.13
mongolia,2020,127.95
mongolia,2021,126.81
mongolia,2022,136.54
montenegro,2006,21.506
montenegro,2007,22.509
montenegro,2008,23.911
montenegro,2009,23.451
montenegro,2010,23.976
montenegro,2011,24.113
montenegro,2012,23.660
montenegro,2013,23.526
montenegro,2014,23.197
montenegro,2015,23.984
montenegro,2016,23.972
montenegro,2017,24.355
montenegro,2018,25.207
montenegro,2019,25.427
montenegro,2020,21.188
montenegro,2021,24.524
montenegro,2022,26.321
morocco,1992,36.233
morocco,1993,31.727
morocco,1994,29.413
morocco,1995,26.226
morocco,1996,24.467
morocco,1997,22.594
morocco,1998,22.124
morocco,1999,21.415
morocco,2000,20.840
morocco,2001,13.021
morocco,2002,9.5243
morocco,2003,10.876
morocco,2004,12.593
morocco,2005,14.851
morocco,2006,17.524
morocco,2007,21.357
morocco,2008,25.409
morocco,2009,33.760
morocco,2010,43.799
morocco,2011,48.477
morocco,2012,51.402
morocco,2013,53.521
morocco,2014,56.921
morocco,2015,57.101
morocco,2016,60.920
morocco,2017,64.246
morocco,2018,66.112
morocco,2019,69.606
morocco,2020,65.248
morocco,2021,68.640
morocco,2022,72.607
mozambique,1990,22.011
mozambique,1991,21.939
mozambique,1992,18.149
mozambique,1993,17.818
mozambique,1994,17.054
mozambique,1995,15.680
mozambique,1996,13.649
mozambique,1997,14.072
mozambique,1998,14.555
mozambique,1999,14.302
mozambique,2000,14.317
mozambique,2001,15.266
mozambique,2002,16.537
mozambique,2003,15.576
mozambique,2004,15.528
mozambique,2005,15.782
mozambique,2006,16.039
mozambique,2007,16.876
mozambique,2008,17.061
mozambique,2009,17.352
mozambique,2010,18.026
mozambique,2011,18.703
mozambique,2012,19.802
mozambique,2013,20.609
mozambique,2014,21.092
mozambique,2015,21.560
mozambique,2016,21.514
mozambique,2017,20.314
mozambique,2018,20.501
mozambique,2019,21.417
mozambique,2020,21.213
mozambique,2021,20.906
mozambique,2022,22.579
myanmar,1987,9.5072
myanmar,1988,4.3757
myanmar,1989,3.0183
myanmar,1990,2.3688
myanmar,1991,1.8430
myanmar,1992,1.6263
myanmar,1993,1.3865
myanmar,1994,1.3270
myanmar,1995,1.3443
myanmar,1996,1.2605
myanmar,1997,1.2403
myanmar,1998,1.2234
myanmar,1999,1.2565
myanmar,2000,1.4135
myanmar,2001,1.5376
myanmar,2002,1.7282
myanmar,2003,2.1277
myanmar,2004,2.4500
myanmar,2005,2.8087
myanmar,2006,3.3056
myanmar,2007,3.6610
myanmar,2008,4.1152
myanmar,2009,4.6157
myanmar,2010,5.0028
myanmar,2011,5.2143
myanmar,2012,5.7445
myanmar,2013,6.4024
myanmar,2014,6.8783
myanmar,2015,7.5619
myanmar,2016,8.0180
myanmar,2017,8.5308
myanmar,2018,9.0063
myanmar,2019,9.5076
myanmar,2020,9.3436
myanmar,2021,9.4172
myanmar,2022,9.5623
namibia,1991,34.501
namibia,1992,38.976
namibia,1993,38.987
namibia,1994,37.168
namibia,1995,40.218
namibia,1996,42.462
namibia,1997,44.426
namibia,1998,45.278
namibia,1999,47.160
namibia,2000,45.135
namibia,2001,45.653
namibia,2002,46.932
namibia,2003,53.594
namibia,2004,59.763
namibia,2005,60.932
namibia,2006,61.109
namibia,2007,65.633
namibia,2008,65.956
namibia,2009,72.347
namibia,2010,79.267
namibia,2011,85.144
namibia,2012,89.048
namibia,2013,98.420
namibia,2014,105.76
namibia,2015,111.44
namibia,2016,115.54
namibia,2017,117.75
namibia,2018,119.74
namibia,2019,121.10
namibia,2020,113.93
namibia,2021,105.81
namibia,2022,106.53
nepal,1994,15.072
nepal,1995,16.174
nepal,1996,17.815
nepal,1997,19.343
nepal,1998,21.482
nepal,1999,23.035
nepal,2000,25.451
nepal,2001,28.976
nepal,2002,30.829
nepal,2003,35.367
nepal,2004,41.024
nepal,2005,47.037
nepal,2006,51.664
nepal,2007,55.412
nepal,2008,60.042
nepal,2009,62.467
nepal,2010,64.236
nepal,2011,66.331
nepal,2012,69.564
nepal,2013,73.247
nepal,2014,78.936
nepal,2015,83.564
nepal,2016,85.394
nepal,2017,93.718
nepal,2018,100.20
nepal,2019,107.60
nepal,2020,109.14
nepal,2021,109.24
nepal,2022,117.62
netherlands_kingdom_of_the,1991,240.85
netherlands_kingdom_of_the,1992,247.57
netherlands_kingdom_of_the,1993,254.64
netherlands_kingdom_of_the,1994,262.78
netherlands_kingdom_of_the,1995,268.41
netherlands_kingdom_of_the,1996,279.50
netherlands_kingdom_of_the,1997,291.22
netherlands_kingdom_of_the,1998,306.19
netherlands_kingdom_of_the,1999,319.88
netherlands_kingdom_of_the,2000,329.80
netherlands_kingdom_of_the,2001,337.80
netherlands_kingdom_of_the,2002,347.04
netherlands_kingdom_of_the,2003,351.94
netherlands_kingdom_of_the,2004,362.75
netherlands_kingdom_of_the,2005,372.05
netherlands_kingdom_of_the,2006,384.03
netherlands_kingdom_of_the,2007,401.86
netherlands_kingdom_of_the,2008,408.47
netherlands_kingdom_of_the,2009,411.25
netherlands_kingdom_of_the,2010,425.08
netherlands_kingdom_of_the,2011,427.88
netherlands_kingdom_of_the,2012,429.63
netherlands_kingdom_of_the,2013,428.85
netherlands_kingdom_of_the,2014,439.09
netherlands_kingdom_of_the,2015,443.82
netherlands_kingdom_of_the,2016,445.98
netherlands_kingdom_of_the,2017,341.55
netherlands_kingdom_of_the,2018,301.36
netherlands_kingdom_of_the,2019,305.95
netherlands_kingdom_of_the,2020,281.13
netherlands_kingdom_of_the,2021,295.25
netherlands_kingdom_of_the,2022,290.37
new_zealand,1985,58.817
new_zealand,1986,55.879
new_zealand,1987,53.806
new_zealand,1988,53.613
new_zealand,1989,50.834
new_zealand,1990,50.826
new_zealand,1991,48.012
new_zealand,1992,47.054
new_zealand,1993,48.028
new_zealand,1994,48.814
new_zealand,1995,49.786
new_zealand,1996,50.407
new_zealand,1997,50.993
new_zealand,1998,51.095
new_zealand,1999,51.891
new_zealand,2000,121.53
new_zealand,2001,110.84
new_zealand,2002,105.60
new_zealand,2003,100.72
new_zealand,2004,94.431
new_zealand,2005,90.231
new_zealand,2006,85.329
new_zealand,2007,94.309
new_zealand,2008,102.49
new_zealand,2009,116.61
new_zealand,2010,127.81
new_zealand,2011,142.25
new_zealand,2012,160.95
new_zealand,2013,177.23
new_zealand,2014,206.25
new_zealand,2015,242.35
new_zealand,2016,284.80
new_zealand,2017,283.87
new_zealand,2018,281.33
new_zealand,2019,282.71
new_zealand,2020,254.16
new_zealand,2021,271.32
new_zealand,2022,279.34
nicaragua,1998,19.054
nicaragua,1999,20.003
nicaragua,2000,19.715
nicaragua,2001,19.343
nicaragua,2002,18.774
nicaragua,2003,18.980
nicaragua,2004,18.901
nicaragua,2005,18.666
nicaragua,2006,18.579
nicaragua,2007,18.556
nicaragua,2008,18.401
nicaragua,2009,19.053
nicaragua,2010,19.623
nicaragua,2011,20.270
nicaragua,2012,22.218
nicaragua,2013,24.507
nicaragua,2014,26.908
nicaragua,2015,29.409
nicaragua,2016,32.586
nicaragua,2017,35.966
nicaragua,2018,36.892
nicaragua,2019,36.989
nicaragua,2020,35.252
nicaragua,2021,36.881
nicaragua,2022,37.939
niger,1988,25.088
niger,1989,21.407
niger,1990,18.928
niger,1991,16.754
niger,1992,15.036
niger,1993,14.073
niger,1994,13.048
niger,1995,12.397
niger,1996,11.579
niger,1997,10.887
niger,1998,10.127
niger,1999,9.6719
niger,2000,9.1935
niger,2001,8.3453
niger,2002,8.0210
niger,2003,7.9058
niger,2004,7.7133
niger,2005,7.8735
niger,2006,9.3704
niger,2007,10.659
niger,2008,12.826
niger,2009,16.515
niger,2010,21.394
niger,2011,30.736
niger,2012,49.715
niger,2013,30.250
niger,2014,23.380
niger,2015,23.688
niger,2016,23.122
niger,2017,23.668
niger,2018,23.804
niger,2019,24.197
niger,2020,24.677
niger,2021,25.711
niger,2022,28.402
nigeria,1987,52.820
nigeria,1988,46.700
nigeria,1989,41.641
nigeria,1990,41.475
nigeria,1991,36.945
nigeria,1992,34.960
nigeria,1993,32.549
nigeria,1994,29.630
nigeria,1995,23.911
nigeria,1996,22.281
nigeria,1997,22.159
nigeria,1998,24.988
nigeria,1999,24.464
nigeria,2000,24.486
nigeria,2001,26.229
nigeria,2002,24.272
nigeria,2003,24.974
nigeria,2004,28.821
nigeria,2005,30.240
nigeria,2006,33.467
nigeria,2007,35.137
nigeria,2008,35.215
nigeria,2009,38.212
nigeria,2010,39.628
nigeria,2011,40.530
nigeria,2012,43.099
nigeria,2013,48.052
nigeria,2014,52.884
nigeria,2015,58.200
nigeria,2016,58.922
nigeria,2017,55.350
nigeria,2018,52.870
nigeria,2019,51.688
nigeria,2020,47.625
nigeria,2021,46.830
nigeria,2022,48.609
north_macedonia,1996,16.352
north_macedonia,1997,16.551
north_macedonia,1998,17.482
north_macedonia,1999,18.622
north_macedonia,2000,19.121
north_macedonia,2001,18.650
north_macedonia,2002,17.947
north_macedonia,2003,18.471
north_macedonia,2004,19.559
north_macedonia,2005,20.504
north_macedonia,2006,20.958
north_macedonia,2007,21.890
north_macedonia,2008,22.271
north_macedonia,2009,22.938
north_macedonia,2010,23.086
north_macedonia,2011,23.324
north_macedonia,2012,23.625
north_macedonia,2013,23.644
north_macedonia,2014,22.922
north_macedonia,2015,22.737
north_macedonia,2016,22.290
north_macedonia,2017,21.927
north_macedonia,2018,20.431
north_macedonia,2019,21.307
north_macedonia,2020,20.751
north_macedonia,2021,21.783
north_macedonia,2022,22.250
northern_africa,2000,18.763
northern_africa,2001,17.424
northern_africa,2002,15.457
northern_africa,2003,15.439
northern_africa,2004,14.989
northern_africa,2005,15.035
northern_africa,2006,15.183
northern_africa,2007,16.582
northern_africa,2008,16.891
northern_africa,2009,18.639
northern_africa,2010,18.927
northern_africa,2011,18.489
northern_africa,2012,22.739
northern_africa,2013,23.640
northern_africa,2014,24.386
northern_africa,2015,25.371
northern_africa,2016,26.643
northern_africa,2017,26.340
northern_africa,2018,26.227
northern_africa,2019,26.911
northern_africa,2020,26.658
northern_africa,2021,28.708
northern_africa,2022,29.438
northern_africa_and_western_asia,2000,32.632
northern_africa_and_western_asia,2001,35.063
northern_africa_and_western_asia,2002,33.662
northern_africa_and_western_asia,2003,34.488
northern_africa_and_western_asia,2004,35.926
northern_africa_and_western_asia,2005,36.497
northern_africa_and_western_asia,2006,37.893
northern_africa_and_western_asia,2007,41.209
northern_africa_and_western_asia,2008,41.971
northern_africa_and_western_asia,2009,46.126
northern_africa_and_western_asia,2010,46.303
northern_africa_and_western_asia,2011,45.502
northern_africa_and_western_asia,2012,49.188
northern_africa_and_western_asia,2013,51.704
northern_africa_and_western_asia,2014,53.977
northern_africa_and_western_asia,2015,59.853
northern_africa_and_western_asia,2016,61.402
northern_africa_and_western_asia,2017,60.320
northern_africa_and_western_asia,2018,59.023
northern_africa_and_western_asia,2019,53.485
northern_africa_and_western_asia,2020,51.700
northern_africa_and_western_asia,2021,54.551
northern_africa_and_western_asia,2022,55.160
northern_america,2000,165.40
northern_america,2001,168.54
northern_america,2002,172.35
northern_america,2003,175.60
northern_america,2004,180.47
northern_america,2005,184.69
northern_america,2006,191.37
northern_america,2007,198.34
northern_america,2008,202.06
northern_america,2009,203.82
northern_america,2010,212.37
northern_america,2011,218.01
northern_america,2012,225.11
northern_america,2013,232.52
northern_america,2014,241.22
northern_america,2015,253.67
northern_america,2016,261.58
northern_america,2017,267.08
northern_america,2018,274.02
northern_america,2019,282.14
northern_america,2020,279.16
northern_america,2021,293.76
northern_america,2022,297.11
norway,1990,168.64
norway,1991,175.76
norway,1992,181.27
norway,1993,184.47
norway,1994,188.70
norway,1995,191.19
norway,1996,192.40
norway,1997,200.37
norway,1998,216.61
norway,1999,213.77
norway,2000,197.26
norway,2001,207.62
norway,2002,219.08
norway,2003,213.88
norway,2004,205.95
norway,2005,194.39
norway,2006,185.10
norway,2007,197.16
norway,2008,195.03
norway,2009,212.18
norway,2010,219.95
norway,2011,223.88
norway,2012,242.08
norway,2013,242.29
norway,2014,246.43
norway,2015,283.31
norway,2016,323.76
norway,2017,304.86
norway,2018,301.86
norway,2019,320.24
norway,2020,325.26
norway,2021,318.29
norway,2022,258.93
oceania,2000,782.21
oceania,2001,121.27
oceania,2002,125.00
oceania,2003,129.59
oceania,2004,132.85
oceania,2005,134.57
oceania,2006,138.29
oceania,2007,145.81
oceania,2008,150.24
oceania,2009,160.50
oceania,2010,177.66
oceania,2011,209.86
oceania,2012,199.42
oceania,2013,183.52
oceania,2014,197.92
oceania,2015,215.58
oceania,2016,225.47
oceania,2017,320.53
oceania,2018,356.89
oceania,2019,335.46
oceania,2020,375.32
oceania,2021,348.36
oceania,2022,354.87
oceania_excluding_australia_and_new_zealand,2000,94.553
oceania_excluding_australia_and_new_zealand,2001,91.729
oceania_excluding_australia_and_new_zealand,2002,86.255
oceania_excluding_australia_and_new_zealand,2003,81.831
oceania_excluding_australia_and_new_zealand,2004,78.189
oceania_excluding_australia_and_new_zealand,2005,75.762
oceania_excluding_australia_and_new_zealand,2006,77.260
oceania_excluding_australia_and_new_zealand,2007,79.858
oceania_excluding_australia_and_new_zealand,2008,82.045
oceania_excluding_australia_and_new_zealand,2009,86.033
oceania_excluding_australia_and_new_zealand,2010,88.446
oceania_excluding_australia_and_new_zealand,2011,91.253
oceania_excluding_australia_and_new_zealand,2012,95.447
oceania_excluding_australia_and_new_zealand,2013,98.594
oceania_excluding_australia_and_new_zealand,2014,99.407
oceania_excluding_australia_and_new_zealand,2015,102.86
oceania_excluding_australia_and_new_zealand,2016,106.56
oceania_excluding_australia_and_new_zealand,2017,107.66
oceania_excluding_australia_and_new_zealand,2018,108.80
oceania_excluding_australia_and_new_zealand,2019,111.44
oceania_excluding_australia_and_new_zealand,2020,107.23
oceania_excluding_australia_and_new_zealand,2021,104.44
oceania_excluding_australia_and_new_zealand,2022,106.98
oman,1991,220.20
oman,1992,221.98
oman,1993,231.54
oman,1994,235.01
oman,1995,231.93
oman,1996,221.67
oman,1997,233.63
oman,1998,263.04
oman,1999,228.21
oman,2000,203.43
oman,2001,202.45
oman,2002,184.63
oman,2003,167.27
oman,2004,168.35
oman,2005,153.64
oman,2006,158.13
oman,2007,176.03
oman,2008,163.94
oman,2009,208.32
oman,2010,199.20
oman,2011,190.51
oman,2012,210.29
oman,2013,236.74
oman,2014,286.43
oman,2015,405.99
oman,2016,526.49
oman,2017,513.66
oman,2018,321.58
oman,2019,337.99
oman,2020,356.60
oman,2021,338.61
oman,2022,362.62
pakistan,1975,12.195
pakistan,1976,12.020
pakistan,1977,11.814
pakistan,1978,12.422
pakistan,1979,12.922
pakistan,1980,13.260
pakistan,1981,14.272
pakistan,1982,14.870
pakistan,1983,15.945
pakistan,1984,16.679
pakistan,1985,17.504
pakistan,1986,18.029
pakistan,1987,18.614
pakistan,1988,19.383
pakistan,1989,19.445
pakistan,1990,19.822
pakistan,1991,20.600
pakistan,1992,18.913
pakistan,1993,17.389
pakistan,1994,16.083
pakistan,1995,15.092
pakistan,1996,14.695
pakistan,1997,13.523
pakistan,1998,12.637
pakistan,1999,12.377
pakistan,2000,11.792
pakistan,2001,11.528
pakistan,2002,11.493
pakistan,2003,11.370
pakistan,2004,11.457
pakistan,2005,12.194
pakistan,2006,12.432
pakistan,2007,12.371
pakistan,2008,12.151
pakistan,2009,12.558
pakistan,2010,12.930
pakistan,2011,13.243
pakistan,2012,13.968
pakistan,2013,14.783
pakistan,2014,15.496
pakistan,2015,16.684
pakistan,2016,17.993
pakistan,2017,18.936
pakistan,2018,19.821
pakistan,2019,20.597
pakistan,2020,20.458
pakistan,2021,21.321
pakistan,2022,22.198
palestine,2000,42.992
palestine,2001,34.268
palestine,2002,28.647
palestine,2003,26.988
palestine,2004,26.978
palestine,2005,26.780
palestine,2006,27.940
palestine,2007,31.165
palestine,2008,33.240
palestine,2009,38.164
palestine,2010,41.989
palestine,2011,48.886
palestine,2012,47.715
palestine,2013,48.013
palestine,2014,51.899
palestine,2015,50.904
palestine,2016,54.904
palestine,2017,51.886
palestine,2018,31.915
palestine,2019,51.778
palestine,2020,43.827
palestine,2021,37.257
palestine,2022,38.448
panama,2000,75.864
panama,2001,73.756
panama,2002,71.971
panama,2003,70.326
panama,2004,72.613
panama,2005,75.065
panama,2006,66.167
panama,2007,61.934
panama,2008,57.697
panama,2009,51.764
panama,2010,48.904
panama,2011,50.374
panama,2012,50.383
panama,2013,48.053
panama,2014,49.643
panama,2015,47.622
panama,2016,52.263
panama,2017,55.220
panama,2018,57.793
panama,2019,59.859
panama,2020,53.235
panama,2021,58.864
panama,2022,65.120
papua_new_guinea,1987,179.28
papua_new_guinea,1988,134.12
papua_new_guinea,1989,116.53
papua_new_guinea,1990,85.274
papua_new_guinea,1991,79.256
papua_new_guinea,1992,72.721
papua_new_guinea,1993,72.551
papua_new_guinea,1994,67.321
papua_new_guinea,1995,57.731
papua_new_guinea,1996,58.585
papua_new_guinea,1997,52.961
papua_new_guinea,1998,52.686
papua_new_guinea,1999,44.033
papua_new_guinea,2000,32.218
papua_new_guinea,2001,31.148
papua_new_guinea,2002,28.685
papua_new_guinea,2003,26.886
papua_new_guinea,2004,25.213
papua_new_guinea,2005,23.937
papua_new_guinea,2006,24.362
papua_new_guinea,2007,27.075
papua_new_guinea,2008,26.892
papua_new_guinea,2009,30.776
papua_new_guinea,2010,32.966
papua_new_guinea,2011,35.495
papua_new_guinea,2012,39.189
papua_new_guinea,2013,41.485
papua_new_guinea,2014,41.533
papua_new_guinea,2015,43.081
papua_new_guinea,2016,45.580
papua_new_guinea,2017,45.120
papua_new_guinea,2018,45.141
papua_new_guinea,2019,47.386
papua_new_guinea,2020,48.324
papua_new_guinea,2021,46.315
papua_new_guinea,2022,44.531
paraguay,1987,109.74
paraguay,1988,101.29
paraguay,1989,96.947
paraguay,1990,96.587
paraguay,1991,97.368
paraguay,1992,101.47
paraguay,1993,102.20
paraguay,1994,104.62
paraguay,1995,105.34
paraguay,1996,106.31
paraguay,1997,113.27
paraguay,1998,112.58
paraguay,1999,108.74
paraguay,2000,102.85
paraguay,2001,85.458
paraguay,2002,96.576
paraguay,2003,79.269
paraguay,2004,68.572
paraguay,2005,64.270
paraguay,2006,60.569
paraguay,2007,55.812
paraguay,2008,50.311
paraguay,2009,49.642
paraguay,2010,48.894
paraguay,2011,46.875
paraguay,2012,49.511
paraguay,2013,51.605
paraguay,2014,53.967
paraguay,2015,57.437
paraguay,2016,58.804
paraguay,2017,61.537
paraguay,2018,64.482
paraguay,2019,64.834
paraguay,2020,62.698
paraguay,2021,62.820
paraguay,2022,63.765
peru,1992,28.704
peru,1993,29.111
peru,1994,31.592
peru,1995,33.451
peru,1996,34.623
peru,1997,36.893
peru,1998,37.091
peru,1999,38.068
peru,2000,39.195
peru,2001,39.785
peru,2002,41.884
peru,2003,43.192
peru,2004,43.155
peru,2005,44.537
peru,2006,45.467
peru,2007,49.152
peru,2008,54.932
peru,2009,55.446
peru,2010,55.147
peru,2011,54.686
peru,2012,57.195
peru,2013,59.670
peru,2014,61.080
peru,2015,63.049
peru,2016,63.663
peru,2017,62.552
peru,2018,62.585
peru,2019,54.653
peru,2020,48.720
peru,2021,36.509
peru,2022,36.901
philippines,1995,13.665
philippines,1996,13.997
philippines,1997,14.495
philippines,1998,14.477
philippines,1999,14.508
philippines,2000,14.454
philippines,2001,14.978
philippines,2002,15.272
philippines,2003,15.968
philippines,2004,16.811
philippines,2005,17.518
philippines,2006,18.353
philippines,2007,16.466
philippines,2008,16.768
philippines,2009,19.607
philippines,2010,18.477
philippines,2011,19.149
philippines,2012,20.441
philippines,2013,21.839
philippines,2014,25.881
philippines,2015,22.157
philippines,2016,22.328
philippines,2017,27.823
philippines,2018,29.333
philippines,2019,30.515
philippines,2020,25.788
philippines,2021,26.589
philippines,2022,27.711
poland,1992,33.547
poland,1993,35.016
poland,1994,40.193
poland,1995,45.564
poland,1996,51.845
poland,1997,59.325
poland,1998,63.972
poland,1999,68.655
poland,2000,75.723
poland,2001,79.086
poland,2002,82.612
poland,2003,85.049
poland,2004,87.085
poland,2005,91.046
poland,2006,96.870
poland,2007,103.55
poland,2008,108.80
poland,2009,116.33
poland,2010,117.64
poland,2011,122.16
poland,2012,127.14
poland,2013,134.60
poland,2014,136.91
poland,2015,137.70
poland,2016,140.98
poland,2017,151.44
poland,2018,154.08
poland,2019,162.05
poland,2020,175.35
poland,2021,173.16
poland,2022,182.50
portugal,1991,230.95
portugal,1992,198.24
portugal,1993,177.14
portugal,1994,156.04
portugal,1995,144.18
portugal,1996,134.13
portugal,1997,129.35
portugal,1998,125.40
portugal,1999,126.58
portugal,2000,129.02
portugal,2001,128.43
portugal,2002,126.87
portugal,2003,124.60
portugal,2004,123.46
portugal,2005,121.59
portugal,2006,146.83
portugal,2007,142.57
portugal,2008,148.18
portugal,2009,152.69
portugal,2010,152.17
portugal,2011,148.50
portugal,2012,149.38
portugal,2013,150.46
portugal,2014,153.00
portugal,2015,156.37
portugal,2016,157.35
portugal,2017,157.06
portugal,2018,166.79
portugal,2019,168.42
portugal,2020,152.83
portugal,2021,159.51
portugal,2022,171.84
puerto_rico,1990,66.533
puerto_rico,1991,67.442
puerto_rico,1992,67.742
puerto_rico,1993,69.318
puerto_rico,1994,69.857
puerto_rico,1995,71.992
puerto_rico,1996,72.705
puerto_rico,1997,76.016
puerto_rico,1998,75.041
puerto_rico,1999,77.366
puerto_rico,2000,80.330
puerto_rico,2001,78.150
puerto_rico,2002,73.942
puerto_rico,2003,72.902
puerto_rico,2004,71.689
puerto_rico,2005,68.419
puerto_rico,2006,67.441
puerto_rico,2007,67.429
puerto_rico,2008,64.401
puerto_rico,2009,59.126
puerto_rico,2010,57.337
puerto_rico,2011,59.097
puerto_rico,2012,61.394
puerto_rico,2013,63.353
puerto_rico,2014,64.707
puerto_rico,2015,64.820
puerto_rico,2016,64.375
puerto_rico,2017,62.934
puerto_rico,2018,60.791
puerto_rico,2019,60.461
puerto_rico,2020,59.332
puerto_rico,2021,60.583
puerto_rico,2022,65.777
qatar,1975,78.782
qatar,1976,90.645
qatar,1977,101.87
qatar,1978,113.05
qatar,1979,94.949
qatar,1980,85.601
qatar,1981,91.390
qatar,1982,106.25
qatar,1983,122.07
qatar,1984,121.96
qatar,1985,119.16
qatar,1986,154.27
qatar,1987,148.24
qatar,1988,154.54
qatar,1989,149.65
qatar,1990,131.07
qatar,1991,140.30
qatar,1992,147.52
qatar,1993,150.11
qatar,1994,146.39
qatar,1995,141.88
qatar,1996,143.96
qatar,1997,167.67
qatar,1998,220.11
qatar,1999,193.19
qatar,2000,148.57
qatar,2001,126.57
qatar,2002,106.09
qatar,2003,85.419
qatar,2004,89.702
qatar,2005,75.563
qatar,2006,98.798
qatar,2007,100.96
qatar,2008,88.120
qatar,2009,120.06
qatar,2010,105.75
qatar,2011,94.891
qatar,2012,90.858
qatar,2013,94.078
qatar,2014,112.00
qatar,2015,161.51
qatar,2016,181.16
qatar,2017,135.09
qatar,2018,180.50
qatar,2019,151.70
qatar,2020,164.88
qatar,2021,142.30
qatar,2022,115.15
republic_of_korea,1975,18.367
republic_of_korea,1976,19.392
republic_of_korea,1977,20.707
republic_of_korea,1978,21.551
republic_of_korea,1979,22.512
republic_of_korea,1980,23.095
republic_of_korea,1981,23.820
republic_of_korea,1982,25.019
republic_of_korea,1983,26.936
republic_of_korea,1984,28.732
republic_of_korea,1985,30.550
republic_of_korea,1986,33.345
republic_of_korea,1987,36.218
republic_of_korea,1988,38.662
republic_of_korea,1989,41.073
republic_of_korea,1990,43.425
republic_of_korea,1991,45.277
republic_of_korea,1992,46.383
republic_of_korea,1993,46.995
republic_of_korea,1994,48.476
republic_of_korea,1995,50.215
republic_of_korea,1996,52.415
republic_of_korea,1997,53.260
republic_of_korea,1998,54.890
republic_of_korea,1999,64.283
republic_of_korea,2000,74.065
republic_of_korea,2001,64.546
republic_of_korea,2002,58.786
republic_of_korea,2003,65.313
republic_of_korea,2004,72.538
republic_of_korea,2005,82.822
republic_of_korea,2006,87.913
republic_of_korea,2007,92.870
republic_of_korea,2008,95.844
republic_of_korea,2009,96.322
republic_of_korea,2010,100.15
republic_of_korea,2011,102.68
republic_of_korea,2012,105.52
republic_of_korea,2013,108.86
republic_of_korea,2014,113.16
republic_of_korea,2015,130.04
republic_of_korea,2016,131.01
republic_of_korea,2017,133.04
republic_of_korea,2018,138.09
republic_of_korea,2019,145.25
republic_of_korea,2020,144.38
republic_of_korea,2021,148.20
republic_of_korea,2022,153.51
republic_of_moldova,1992,6.7669
republic_of_moldova,1993,8.8444
republic_of_moldova,1994,6.7201
republic_of_moldova,1995,6.5819
republic_of_moldova,1996,7.6511
republic_of_moldova,1997,8.2933
republic_of_moldova,1998,9.6646
republic_of_moldova,1999,11.936
republic_of_moldova,2000,11.248
republic_of_moldova,2001,12.551
republic_of_moldova,2002,14.068
republic_of_moldova,2003,15.365
republic_of_moldova,2004,17.658
republic_of_moldova,2005,19.496
republic_of_moldova,2006,21.216
republic_of_moldova,2007,23.534
republic_of_moldova,2008,25.887
republic_of_moldova,2009,25.849
republic_of_moldova,2010,26.039
republic_of_moldova,2011,27.115
republic_of_moldova,2012,27.394
republic_of_moldova,2013,28.972
republic_of_moldova,2014,29.433
republic_of_moldova,2015,30.044
republic_of_moldova,2016,31.486
republic_of_moldova,2017,32.397
republic_of_moldova,2018,33.223
republic_of_moldova,2019,34.260
republic_of_moldova,2020,29.796
republic_of_moldova,2021,34.260
republic_of_moldova,2022,33.858
romania,1970,7.9509
romania,1971,8.1547
romania,1972,8.6181
romania,1973,9.4264
romania,1974,11.399
romania,1975,10.972
romania,1976,11.747
romania,1977,12.653
romania,1978,13.482
romania,1979,14.024
romania,1980,15.073
romania,1981,14.950
romania,1982,13.437
romania,1983,14.355
romania,1984,14.435
romania,1985,13.558
romania,1986,13.777
romania,1987,15.297
romania,1988,15.741
romania,1989,15.157
romania,1990,15.088
romania,1991,17.207
romania,1992,20.012
romania,1993,18.448
romania,1994,18.914
romania,1995,22.734
romania,1996,22.951
romania,1997,21.832
romania,1998,22.675
romania,1999,23.874
romania,2000,25.928
romania,2001,25.895
romania,2002,30.146
romania,2003,34.081
romania,2004,42.378
romania,2005,54.116
romania,2006,69.738
romania,2007,73.840
romania,2008,74.034
romania,2009,54.115
romania,2010,77.470
romania,2011,79.704
romania,2012,83.799
romania,2013,91.712
romania,2014,92.721
romania,2015,97.087
romania,2016,101.47
romania,2017,113.26
romania,2018,116.88
romania,2019,116.44
romania,2020,123.21
romania,2021,110.07
romania,2022,111.88
russian_federation,1994,26.310
russian_federation,1995,26.004
russian_federation,1996,23.759
russian_federation,1997,24.908
russian_federation,1998,24.539
russian_federation,1999,25.401
russian_federation,2000,28.097
russian_federation,2001,30.819
russian_federation,2002,37.024
russian_federation,2003,39.741
russian_federation,2004,40.580
russian_federation,2005,41.676
russian_federation,2006,46.023
russian_federation,2007,51.122
russian_federation,2008,54.116
russian_federation,2009,54.216
russian_federation,2010,56.145
russian_federation,2011,59.060
russian_federation,2012,62.756
russian_federation,2013,65.852
russian_federation,2014,46.744
russian_federation,2015,49.145
russian_federation,2016,44.934
russian_federation,2017,46.507
russian_federation,2018,47.347
russian_federation,2019,48.925
russian_federation,2020,49.062
russian_federation,2021,50.084
russian_federation,2022,49.022
rwanda,1987,22.392
rwanda,1988,23.531
rwanda,1989,23.369
rwanda,1990,24.786
rwanda,1991,26.201
rwanda,1992,27.520
rwanda,1993,21.392
rwanda,1994,8.2517
rwanda,1995,16.715
rwanda,1996,16.530
rwanda,1997,21.491
rwanda,1998,25.274
rwanda,1999,31.808
rwanda,2000,35.974
rwanda,2001,33.141
rwanda,2002,33.894
rwanda,2003,29.975
rwanda,2004,28.088
rwanda,2005,28.648
rwanda,2006,27.789
rwanda,2007,27.877
rwanda,2008,27.204
rwanda,2009,25.843
rwanda,2010,25.197
rwanda,2011,23.794
rwanda,2012,24.238
rwanda,2013,23.892
rwanda,2014,23.291
rwanda,2015,23.945
rwanda,2016,23.710
rwanda,2017,22.538
rwanda,2018,23.931
rwanda,2019,24.596
rwanda,2020,22.606
rwanda,2021,25.581
rwanda,2022,26.669
saint_kitts_and_nevis,2012,37.404
saint_kitts_and_nevis,2013,39.091
saint_kitts_and_nevis,2014,40.657
saint_kitts_and_nevis,2015,40.389
saint_kitts_and_nevis,2016,41.261
saint_kitts_and_nevis,2017,40.603
saint_kitts_and_nevis,2018,42.409
saint_kitts_and_nevis,2019,43.758
saint_kitts_and_nevis,2020,38.309
saint_kitts_and_nevis,2021,38.338
saint_kitts_and_nevis,2022,42.553
saint_lucia,2007,100.66
saint_lucia,2008,102.99
saint_lucia,2009,102.91
saint_lucia,2010,107.43
saint_lucia,2011,113.90
saint_lucia,2012,114.50
saint_lucia,2013,111.55
saint_lucia,2014,112.96
saint_lucia,2015,111.39
saint_lucia,2016,115.36
saint_lucia,2017,120.96
saint_lucia,2018,125.00
saint_lucia,2019,126.06
saint_lucia,2020,87.293
saint_lucia,2021,101.87
saint_lucia,2022,113.71
saint_vincent_and_the_grenadines,2013,61.487
saint_vincent_and_the_grenadines,2014,61.710
saint_vincent_and_the_grenadines,2015,63.168
saint_vincent_and_the_grenadines,2016,64.410
saint_vincent_and_the_grenadines,2017,65.291
saint_vincent_and_the_grenadines,2018,67.337
saint_vincent_and_the_grenadines,2019,69.001
saint_vincent_and_the_grenadines,2020,64.995
saint_vincent_and_the_grenadines,2021,66.097
saint_vincent_and_the_grenadines,2022,70.827
sao_tome_and_principe,2014,14.495
sao_tome_and_principe,2015,15.664
sao_tome_and_principe,2016,16.456
sao_tome_and_principe,2017,17.169
sao_tome_and_principe,2018,17.996
sao_tome_and_principe,2019,18.413
sao_tome_and_principe,2020,18.495
sao_tome_and_principe,2021,19.171
sao_tome_and_principe,2022,19.133
saudi_arabia,1992,97.248
saudi_arabia,1993,97.038
saudi_arabia,1994,92.945
saudi_arabia,1995,86.443
saudi_arabia,1996,79.183
saudi_arabia,1997,78.742
saudi_arabia,1998,88.078
saudi_arabia,1999,75.935
saudi_arabia,2000,67.712
saudi_arabia,2001,73.482
saudi_arabia,2002,73.188
saudi_arabia,2003,79.259
saudi_arabia,2004,83.715
saudi_arabia,2005,76.442
saudi_arabia,2006,75.440
saudi_arabia,2007,74.682
saudi_arabia,2008,68.819
saudi_arabia,2009,90.036
saudi_arabia,2010,85.204
saudi_arabia,2011,81.034
saudi_arabia,2012,85.128
saudi_arabia,2013,87.486
saudi_arabia,2014,92.300
saudi_arabia,2015,117.36
saudi_arabia,2016,120.69
saudi_arabia,2017,114.63
saudi_arabia,2018,97.783
saudi_arabia,2019,104.28
saudi_arabia,2020,109.83
saudi_arabia,2021,99.363
saudi_arabia,2022,91.019
senegal,1987,56.476
senegal,1988,56.056
senegal,1989,55.980
senegal,1990,55.312
senegal,1991,54.449
senegal,1992,54.139
senegal,1993,51.498
senegal,1994,48.699
senegal,1995,48.860
senegal,1996,49.476
senegal,1997,48.544
senegal,1998,49.350
senegal,1999,52.729
senegal,2000,53.888
senegal,2001,55.066
senegal,2002,57.128
senegal,2003,54.480
senegal,2004,51.499
senegal,2005,48.179
senegal,2006,47.387
senegal,2007,46.276
senegal,2008,45.036
senegal,2009,42.429
senegal,2010,41.382
senegal,2011,40.458
senegal,2012,39.839
senegal,2013,38.013
senegal,2014,39.095
senegal,2015,37.976
senegal,2016,39.183
senegal,2017,40.602
senegal,2018,43.867
senegal,2019,45.762
senegal,2020,46.040
senegal,2021,49.161
senegal,2022,52.351
serbia,2008,29.585
serbia,2009,30.857
serbia,2010,31.965
serbia,2011,31.828
serbia,2012,31.412
serbia,2013,33.318
serbia,2014,35.085
serbia,2015,33.696
serbia,2016,34.342
serbia,2017,35.326
serbia,2018,37.131
serbia,2019,37.850
serbia,2020,37.514
serbia,2021,39.094
serbia,2022,39.513
seychelles,1989,35.137
seychelles,1990,37.524
seychelles,1991,39.279
seychelles,1992,39.252
seychelles,1993,39.896
seychelles,1994,40.990
seychelles,1995,43.096
seychelles,1996,44.189
seychelles,1997,48.715
seychelles,1998,54.178
seychelles,1999,54.183
seychelles,2000,51.681
seychelles,2001,54.567
seychelles,2002,58.613
seychelles,2003,64.932
seychelles,2004,60.422
seychelles,2005,62.255
seychelles,2006,71.246
seychelles,2007,78.529
seychelles,2008,75.857
seychelles,2009,75.790
seychelles,2010,78.526
seychelles,2011,78.404
seychelles,2012,83.637
seychelles,2013,94.602
seychelles,2014,97.568
seychelles,2015,111.33
seychelles,2016,127.49
seychelles,2017,136.77
seychelles,2018,146.14
seychelles,2019,156.72
seychelles,2020,140.01
seychelles,2021,148.94
seychelles,2022,153.64
sierra_leone,1987,45.209
sierra_leone,1988,39.441
sierra_leone,1989,36.696
sierra_leone,1990,31.760
sierra_leone,1991,26.155
sierra_leone,1992,21.233
sierra_leone,1993,19.087
sierra_leone,1994,18.334
sierra_leone,1995,14.943
sierra_leone,1996,10.662
sierra_leone,1997,8.3937
sierra_leone,1998,7.7098
sierra_leone,1999,6.6710
sierra_leone,2000,6.3044
sierra_leone,2001,7.4102
sierra_leone,2002,8.8312
sierra_leone,2003,9.0661
sierra_leone,2004,8.6659
sierra_leone,2005,8.8461
sierra_leone,2006,9.0598
sierra_leone,2007,9.5318
sierra_leone,2008,10.120
sierra_leone,2009,10.290
sierra_leone,2010,11.055
sierra_leone,2011,11.750
sierra_leone,2012,12.502
sierra_leone,2013,13.205
sierra_leone,2014,14.446
sierra_leone,2015,13.067
sierra_leone,2016,13.418
sierra_leone,2017,13.540
sierra_leone,2018,14.208
sierra_leone,2019,15.187
sierra_leone,2020,14.082
sierra_leone,2021,15.290
sierra_leone,2022,15.570
singapore,1975,172.07
singapore,1976,133.49
singapore,1977,112.44
singapore,1978,101.06
singapore,1979,91.881
singapore,1980,85.988
singapore,1981,84.369
singapore,1982,83.040
singapore,1983,80.367
singapore,1984,79.119
singapore,1985,76.195
singapore,1986,71.754
singapore,1987,73.745
singapore,1988,75.321
singapore,1989,78.544
singapore,1990,83.585
singapore,1991,82.482
singapore,1992,82.959
singapore,1993,87.391
singapore,1994,92.266
singapore,1995,94.203
singapore,1996,97.798
singapore,1997,102.72
singapore,1998,96.888
singapore,1999,98.908
singapore,2000,99.846
singapore,2001,99.639
singapore,2002,99.520
singapore,2003,100.33
singapore,2004,103.74
singapore,2005,108.47
singapore,2006,129.13
singapore,2007,154.92
singapore,2008,178.25
singapore,2009,196.08
singapore,2010,248.83
singapore,2011,303.60
singapore,2012,365.01
singapore,2013,456.67
singapore,2014,569.56
singapore,2015,735.72
singapore,2016,769.20
singapore,2017,805.66
singapore,2018,825.38
singapore,2019,843.17
singapore,2020,829.19
singapore,2021,1054.4
singapore,2022,1379.0
slovakia,1993,39.476
slovakia,1994,40.382
slovakia,1995,44.407
slovakia,1996,50.813
slovakia,1997,59.153
slovakia,1998,61.631
slovakia,1999,64.640
slovakia,2000,64.009
slovakia,2001,68.554
slovakia,2002,76.985
slovakia,2003,83.312
slovakia,2004,89.098
slovakia,2005,97.010
slovakia,2006,108.52
slovakia,2007,122.79
slovakia,2008,145.98
slovakia,2009,148.10
slovakia,2010,159.34
slovakia,2011,165.69
slovakia,2012,167.32
slovakia,2013,177.53
slovakia,2014,180.60
slovakia,2015,186.90
slovakia,2016,195.89
slovakia,2017,196.41
slovakia,2018,202.21
slovakia,2019,210.06
slovakia,2020,208.63
slovakia,2021,207.13
slovakia,2022,202.53
slovenia,1992,45.961
slovenia,1993,48.759
slovenia,1994,50.217
slovenia,1995,53.911
slovenia,1996,57.054
slovenia,1997,61.832
slovenia,1998,66.637
slovenia,1999,73.614
slovenia,2000,82.694
slovenia,2001,93.577
slovenia,2002,105.58
slovenia,2003,114.56
slovenia,2004,125.60
slovenia,2005,138.00
slovenia,2006,144.24
slovenia,2007,150.36
slovenia,2008,159.16
slovenia,2009,154.86
slovenia,2010,157.14
slovenia,2011,154.12
slovenia,2012,155.63
slovenia,2013,151.10
slovenia,2014,153.90
slovenia,2015,155.82
slovenia,2016,163.93
slovenia,2017,163.59
slovenia,2018,168.69
slovenia,2019,175.25
slovenia,2020,170.70
slovenia,2021,182.68
slovenia,2022,179.41
small_island_developing_states,2000,53.013
small_island_developing_states,2001,52.842
small_island_developing_states,2002,52.254
small_island_developing_states,2003,52.223
small_island_developing_states,2004,52.984
small_island_developing_states,2005,55.183
small_island_developing_states,2006,59.366
small_island_developing_states,2007,63.650
small_island_developing_states,2008,65.124
small_island_developing_states,2009,65.672
small_island_developing_states,2010,70.075
small_island_developing_states,2011,74.787
small_island_developing_states,2012,78.298
small_island_developing_states,2013,82.869
small_island_developing_states,2014,86.039
small_island_developing_states,2015,90.944
small_island_developing_states,2016,94.587
small_island_developing_states,2017,95.162
small_island_developing_states,2018,95.108
small_island_developing_states,2019,96.086
small_island_developing_states,2020,90.006
small_island_developing_states,2021,97.652
small_island_developing_states,2022,101.71
somalia,1987,18.483
somalia,1988,20.349
somalia,1989,20.545
somalia,1990,21.507
somalia,1991,27.279
somalia,1992,28.365
somalia,1993,31.723
somalia,1994,28.214
somalia,1995,32.148
somalia,1996,37.369
somalia,1997,40.904
somalia,1998,47.482
somalia,1999,54.428
somalia,2000,61.934
somalia,2001,56.344
somalia,2002,52.514
somalia,2003,50.232
somalia,2004,53.711
somalia,2005,57.414
somalia,2006,60.947
somalia,2007,65.375
somalia,2008,69.758
somalia,2009,74.483
somalia,2010,79.628
somalia,2011,85.034
somalia,2012,90.835
somalia,2013,88.341
somalia,2014,102.40
somalia,2015,126.66
somalia,2016,147.67
somalia,2017,161.76
somalia,2018,166.65
somalia,2019,172.65
somalia,2020,168.24
somalia,2021,173.81
somalia,2022,178.04
south_africa,1990,40.303
south_africa,1991,39.664
south_africa,1992,39.296
south_africa,1993,39.093
south_africa,1994,38.132
south_africa,1995,37.813
south_africa,1996,37.906
south_africa,1997,37.573
south_africa,1998,36.164
south_africa,1999,35.937
south_africa,2000,35.706
south_africa,2001,36.147
south_africa,2002,37.280
south_africa,2003,39.142
south_africa,2004,40.554
south_africa,2005,42.680
south_africa,2006,45.383
south_africa,2007,46.912
south_africa,2008,47.161
south_africa,2009,48.085
south_africa,2010,49.989
south_africa,2011,51.641
south_africa,2012,52.758
south_africa,2013,53.691
south_africa,2014,57.393
south_africa,2015,61.930
south_africa,2016,61.312
south_africa,2017,60.729
south_africa,2018,79.992
south_africa,2019,76.456
south_africa,2020,73.212
south_africa,2021,67.986
south_africa,2022,67.554
south_sudan,2012,6.7034
south_sudan,2013,9.2127
south_sudan,2014,12.574
south_sudan,2015,17.150
south_sudan,2016,15.920
south_sudan,2017,14.146
south_sudan,2018,13.795
south_sudan,2019,15.424
south_sudan,2020,18.258
south_sudan,2021,14.028
south_sudan,2022,11.317
south_eastern_asia,2000,21.327
south_eastern_asia,2001,22.012
south_eastern_asia,2002,23.066
south_eastern_asia,2003,23.912
south_eastern_asia,2004,24.672
south_eastern_asia,2005,25.557
south_eastern_asia,2006,26.264
south_eastern_asia,2007,26.309
south_eastern_asia,2008,26.300
south_eastern_asia,2009,27.404
south_eastern_asia,2010,27.967
south_eastern_asia,2011,28.581
south_eastern_asia,2012,29.859
south_eastern_asia,2013,31.108
south_eastern_asia,2014,32.870
south_eastern_asia,2015,32.945
south_eastern_asia,2016,33.661
south_eastern_asia,2017,36.594
south_eastern_asia,2018,38.331
south_eastern_asia,2019,40.404
south_eastern_asia,2020,38.273
south_eastern_asia,2021,38.581
south_eastern_asia,2022,40.157
southern_asia,2000,10.963
southern_asia,2001,11.177
southern_asia,2002,11.356
southern_asia,2003,11.767
southern_asia,2004,12.372
southern_asia,2005,12.919
southern_asia,2006,13.478
southern_asia,2007,14.034
southern_asia,2008,14.438
southern_asia,2009,15.267
southern_asia,2010,15.879
southern_asia,2011,16.787
southern_asia,2012,17.762
southern_asia,2013,18.622
southern_asia,2014,20.239
southern_asia,2015,22.033
southern_asia,2016,23.525
southern_asia,2017,24.835
southern_asia,2018,26.055
southern_asia,2019,27.686
southern_asia,2020,26.034
southern_asia,2021,27.664
southern_asia,2022,29.523
spain,1986,65.369
spain,1987,66.341
spain,1988,67.000
spain,1989,67.332
spain,1990,68.049
spain,1991,67.978
spain,1992,74.222
spain,1993,80.024
spain,1994,86.823
spain,1995,95.338
spain,1996,104.81
spain,1997,117.26
spain,1998,112.23
spain,1999,108.60
spain,2000,106.32
spain,2001,112.54
spain,2002,118.39
spain,2003,117.85
spain,2004,118.14
spain,2005,118.42
spain,2006,124.79
spain,2007,133.22
spain,2008,143.09
spain,2009,152.00
spain,2010,164.95
spain,2011,181.47
spain,2012,180.72
spain,2013,177.05
spain,2014,181.87
spain,2015,180.36
spain,2016,179.45
spain,2017,192.02
spain,2018,204.95
spain,2019,208.52
spain,2020,184.96
spain,2021,195.44
spain,2022,209.02
sri_lanka,1990,37.810
sri_lanka,1991,35.792
sri_lanka,1992,33.856
sri_lanka,1993,32.568
sri_lanka,1994,31.625
sri_lanka,1995,31.225
sri_lanka,1996,30.052
sri_lanka,1997,29.900
sri_lanka,1998,29.921
sri_lanka,1999,29.447
sri_lanka,2000,28.977
sri_lanka,2001,25.793
sri_lanka,2002,33.356
sri_lanka,2003,32.685
sri_lanka,2004,30.946
sri_lanka,2005,30.266
sri_lanka,2006,31.298
sri_lanka,2007,34.771
sri_lanka,2008,36.780
sri_lanka,2009,39.505
sri_lanka,2010,42.619
sri_lanka,2011,46.252
sri_lanka,2012,50.624
sri_lanka,2013,53.798
sri_lanka,2014,56.533
sri_lanka,2015,59.035
sri_lanka,2016,60.847
sri_lanka,2017,62.965
sri_lanka,2018,66.250
sri_lanka,2019,68.411
sri_lanka,2020,67.755
sri_lanka,2021,67.573
sri_lanka,2022,62.583
sub_saharan_africa,2000,27.653
sub_saharan_africa,2001,28.057
sub_saharan_africa,2002,27.581
sub_saharan_africa,2003,28.118
sub_saharan_africa,2004,29.059
sub_saharan_africa,2005,29.898
sub_saharan_africa,2006,31.837
sub_saharan_africa,2007,33.474
sub_saharan_africa,2008,33.778
sub_saharan_africa,2009,36.183
sub_saharan_africa,2010,37.323
sub_saharan_africa,2011,38.472
sub_saharan_africa,2012,40.282
sub_saharan_africa,2013,42.798
sub_saharan_africa,2014,46.233
sub_saharan_africa,2015,49.333
sub_saharan_africa,2016,51.889
sub_saharan_africa,2017,51.768
sub_saharan_africa,2018,54.027
sub_saharan_africa,2019,54.411
sub_saharan_africa,2020,52.591
sub_saharan_africa,2021,52.362
sub_saharan_africa,2022,53.336
sudan,2012,35.949
sudan,2013,38.839
sudan,2014,42.822
sudan,2015,46.022
sudan,2016,52.835
sudan,2017,57.576
sudan,2018,57.066
sudan,2019,58.228
sudan,2020,56.529
sudan,2021,55.064
sudan,2022,53.821
suriname,1987,57.290
suriname,1988,61.467
suriname,1989,63.698
suriname,1990,54.271
suriname,1991,60.543
suriname,1992,60.344
suriname,1993,52.882
suriname,1994,41.052
suriname,1995,38.956
suriname,1996,39.635
suriname,1997,47.874
suriname,1998,52.089
suriname,1999,51.019
suriname,2000,49.462
suriname,2001,42.324
suriname,2002,40.677
suriname,2003,40.831
suriname,2004,38.494
suriname,2005,37.980
suriname,2006,35.123
suriname,2007,36.611
suriname,2008,37.955
suriname,2009,42.329
suriname,2010,45.289
suriname,2011,46.734
suriname,2012,48.877
suriname,2013,53.943
suriname,2014,55.994
suriname,2015,58.666
suriname,2016,58.435
suriname,2017,50.601
suriname,2018,56.456
suriname,2019,61.092
suriname,2020,47.954
suriname,2021,45.941
suriname,2022,41.515
sweden,1970,100.81
sweden,1971,102.78
sweden,1972,104.02
sweden,1973,106.76
sweden,1974,108.57
sweden,1975,109.19
sweden,1976,113.25
sweden,1977,114.84
sweden,1978,119.90
sweden,1979,125.65
sweden,1980,141.76
sweden,1981,152.50
sweden,1982,163.58
sweden,1983,177.23
sweden,1984,193.91
sweden,1985,211.18
sweden,1986,198.34
sweden,1987,187.20
sweden,1988,176.53
sweden,1989,168.59
sweden,1990,174.01
sweden,1991,174.46
sweden,1992,179.14
sweden,1993,174.12
sweden,1994,177.06
sweden,1995,179.74
sweden,1996,185.49
sweden,1997,190.70
sweden,1998,199.21
sweden,1999,209.98
sweden,2000,221.26
sweden,2001,226.84
sweden,2002,232.13
sweden,2003,242.69
sweden,2004,258.80
sweden,2005,271.05
sweden,2006,282.50
sweden,2007,290.11
sweden,2008,292.08
sweden,2009,285.70
sweden,2010,294.49
sweden,2011,308.75
sweden,2012,315.42
sweden,2013,328.13
sweden,2014,342.45
sweden,2015,359.16
sweden,2016,388.29
sweden,2017,419.58
sweden,2018,455.38
sweden,2019,499.69
sweden,2020,526.09
sweden,2021,552.87
sweden,2022,566.89
switzerland,1970,188.76
switzerland,1971,196.82
switzerland,1972,203.50
switzerland,1973,210.17
switzerland,1974,213.57
switzerland,1975,198.39
switzerland,1976,196.75
switzerland,1977,202.01
switzerland,1978,203.97
switzerland,1979,211.07
switzerland,1980,219.05
switzerland,1981,223.27
switzerland,1982,222.48
switzerland,1983,223.75
switzerland,1984,229.32
switzerland,1985,235.97
switzerland,1986,237.96
switzerland,1987,241.19
switzerland,1988,249.67
switzerland,1989,258.87
switzerland,1990,266.01
switzerland,1991,269.20
switzerland,1992,273.74
switzerland,1993,280.34
switzerland,1994,288.70
switzerland,1995,298.56
switzerland,1996,312.57
switzerland,1997,329.81
switzerland,1998,340.62
switzerland,1999,344.24
switzerland,2000,359.84
switzerland,2001,361.66
switzerland,2002,357.83
switzerland,2003,367.18
switzerland,2004,386.50
switzerland,2005,405.27
switzerland,2006,430.67
switzerland,2007,431.14
switzerland,2008,428.06
switzerland,2009,412.63
switzerland,2010,411.51
switzerland,2011,403.86
switzerland,2012,400.39
switzerland,2013,532.64
switzerland,2014,557.07
switzerland,2015,549.84
switzerland,2016,561.37
switzerland,2017,569.20
switzerland,2018,565.47
switzerland,2019,593.77
switzerland,2020,573.98
switzerland,2021,610.45
switzerland,2022,624.04
syrian_arab_republic,1993,9.6998
syrian_arab_republic,1994,10.370
syrian_arab_republic,1995,10.627
syrian_arab_republic,1996,9.8495
syrian_arab_republic,1997,9.7961
syrian_arab_republic,1998,9.9140
syrian_arab_republic,1999,9.4783
syrian_arab_republic,2000,8.4914
syrian_arab_republic,2001,9.1931
syrian_arab_republic,2002,9.7352
syrian_arab_republic,2003,9.6967
syrian_arab_republic,2004,10.294
syrian_arab_republic,2005,10.766
syrian_arab_republic,2006,10.316
syrian_arab_republic,2007,11.672
syrian_arab_republic,2008,12.204
syrian_arab_republic,2009,13.691
syrian_arab_republic,2010,14.509
syrian_arab_republic,2011,13.593
syrian_arab_republic,2012,11.255
syrian_arab_republic,2013,8.3166
syrian_arab_republic,2014,7.7238
syrian_arab_republic,2015,7.0788
syrian_arab_republic,2016,6.4012
syrian_arab_republic,2017,5.4124
syrian_arab_republic,2018,5.5354
syrian_arab_republic,2019,5.7060
syrian_arab_republic,2020,5.4209
syrian_arab_republic,2021,5.8032
syrian_arab_republic,2022,5.6369
tajikistan,1994,2.5137
tajikistan,1995,1.5624
tajikistan,1996,1.3274
tajikistan,1997,1.6843
tajikistan,1998,2.5185
tajikistan,1999,2.6450
tajikistan,2000,2.9954
tajikistan,2001,2.7213
tajikistan,2002,2.7559
tajikistan,2003,2.6157
tajikistan,2004,3.1340
tajikistan,2005,3.1149
tajikistan,2006,3.0400
tajikistan,2007,3.5978
tajikistan,2008,4.1618
tajikistan,2009,4.8750
tajikistan,2010,5.2509
tajikistan,2011,5.7030
tajikistan,2012,6.4814
tajikistan,2013,7.5271
tajikistan,2014,7.9828
tajikistan,2015,9.0726
tajikistan,2016,11.860
tajikistan,2017,6.9344
tajikistan,2018,5.3286
tajikistan,2019,4.9972
tajikistan,2020,5.0111
tajikistan,2021,5.1612
tajikistan,2022,6.6449
thailand,1982,44.623
thailand,1983,41.489
thailand,1984,41.709
thailand,1985,42.653
thailand,1986,41.556
thailand,1987,42.633
thailand,1988,43.804
thailand,1989,45.780
thailand,1990,52.449
thailand,1991,53.078
thailand,1992,57.171
thailand,1993,61.341
thailand,1994,62.644
thailand,1995,64.345
thailand,1996,65.651
thailand,1997,62.247
thailand,1998,55.267
thailand,1999,56.610
thailand,2000,57.450
thailand,2001,58.059
thailand,2002,58.941
thailand,2003,59.385
thailand,2004,61.501
thailand,2005,61.744
thailand,2006,62.013
thailand,2007,62.986
thailand,2008,63.112
thailand,2009,64.410
thailand,2010,66.476
thailand,2011,67.863
thailand,2012,73.741
thailand,2013,76.640
thailand,2014,79.515
thailand,2015,84.702
thailand,2016,89.087
thailand,2017,94.098
thailand,2018,98.709
thailand,2019,103.17
thailand,2020,96.187
thailand,2021,94.735
thailand,2022,97.541
timor_leste,2000,40.242
timor_leste,2001,17.643
timor_leste,2002,9.6906
timor_leste,2003,6.8920
timor_leste,2004,5.4426
timor_leste,2005,5.8726
timor_leste,2006,5.5894
timor_leste,2007,6.1490
timor_leste,2008,6.7916
timor_leste,2009,8.0752
timor_leste,2010,9.0392
timor_leste,2011,9.3046
timor_leste,2012,10.067
timor_leste,2013,9.2295
timor_leste,2014,9.9579
timor_leste,2015,10.247
timor_leste,2016,10.961
timor_leste,2017,11.056
timor_leste,2018,10.916
timor_leste,2019,10.958
timor_leste,2020,12.609
timor_leste,2021,8.3787
timor_leste,2022,8.1255
togo,1987,13.657
togo,1988,12.912
togo,1989,12.694
togo,1990,12.811
togo,1991,12.025
togo,1992,10.935
togo,1993,7.3359
togo,1994,10.238
togo,1995,9.8359
togo,1996,10.040
togo,1997,10.096
togo,1998,13.216
togo,1999,13.334
togo,2000,13.393
togo,2001,14.099
togo,2002,13.716
togo,2003,12.674
togo,2004,10.866
togo,2005,10.466
togo,2006,12.574
togo,2007,14.152
togo,2008,14.528
togo,2009,15.484
togo,2010,16.494
togo,2011,17.784
togo,2012,19.285
togo,2013,20.188
togo,2014,20.254
togo,2015,21.682
togo,2016,23.297
togo,2017,24.353
togo,2018,25.661
togo,2019,27.080
togo,2020,27.722
togo,2021,29.229
togo,2022,31.088
trinidad_and_tobago,1997,37.774
trinidad_and_tobago,1998,42.766
trinidad_and_tobago,1999,44.719
trinidad_and_tobago,2000,42.538
trinidad_and_tobago,2001,42.548
trinidad_and_tobago,2002,45.955
trinidad_and_tobago,2003,45.664
trinidad_and_tobago,2004,45.670
trinidad_and_tobago,2005,44.342
trinidad_and_tobago,2006,46.631
trinidad_and_tobago,2007,51.403
trinidad_and_tobago,2008,48.065
trinidad_and_tobago,2009,54.818
trinidad_and_tobago,2010,55.412
trinidad_and_tobago,2011,53.464
trinidad_and_tobago,2012,56.067
trinidad_and_tobago,2013,60.477
trinidad_and_tobago,2014,64.730
trinidad_and_tobago,2015,69.979
trinidad_and_tobago,2016,65.398
trinidad_and_tobago,2017,61.922
trinidad_and_tobago,2018,58.919
trinidad_and_tobago,2019,61.532
trinidad_and_tobago,2020,59.009
trinidad_and_tobago,2021,50.425
trinidad_and_tobago,2022,45.864
tunisia,1990,32.691
tunisia,1991,32.502
tunisia,1992,33.609
tunisia,1993,34.985
tunisia,1994,35.607
tunisia,1995,36.331
tunisia,1996,36.994
tunisia,1997,37.000
tunisia,1998,38.191
tunisia,1999,39.057
tunisia,2000,39.180
tunisia,2001,38.260
tunisia,2002,38.799
tunisia,2003,39.816
tunisia,2004,41.260
tunisia,2005,41.966
tunisia,2006,43.316
tunisia,2007,44.706
tunisia,2008,44.855
tunisia,2009,45.941
tunisia,2010,47.162
tunisia,2011,45.125
tunisia,2012,43.250
tunisia,2013,41.990
tunisia,2014,40.882
tunisia,2015,41.267
tunisia,2016,41.722
tunisia,2017,36.645
tunisia,2018,35.524
tunisia,2019,37.528
tunisia,2020,35.761
tunisia,2021,37.366
tunisia,2022,38.401
turkiye,1992,27.297
turkiye,1993,30.204
turkiye,1994,29.239
turkiye,1995,32.801
turkiye,1996,37.543
turkiye,1997,42.501
turkiye,1998,46.632
turkiye,1999,50.613
turkiye,2000,35.360
turkiye,2001,48.081
turkiye,2002,48.113
turkiye,2003,49.383
turkiye,2004,53.555
turkiye,2005,57.031
turkiye,2006,59.974
turkiye,2007,68.880
turkiye,2008,75.258
turkiye,2009,71.983
turkiye,2010,73.017
turkiye,2011,77.561
turkiye,2012,81.669
turkiye,2013,84.940
turkiye,2014,87.320
turkiye,2015,84.010
turkiye,2016,80.806
turkiye,2017,83.460
turkiye,2018,85.229
turkiye,2019,86.578
turkiye,2020,82.673
turkiye,2021,88.971
turkiye,2022,91.599
turkmenistan,1994,6.1754
turkmenistan,1995,4.7208
turkmenistan,1996,4.1437
turkmenistan,1997,6.0090
turkmenistan,1998,5.7973
turkmenistan,1999,7.1072
turkmenistan,2000,7.8838
turkmenistan,2001,7.3304
turkmenistan,2002,7.5375
turkmenistan,2003,8.1321
turkmenistan,2004,7.5953
turkmenistan,2005,9.5813
turkmenistan,2006,11.255
turkmenistan,2007,11.640
turkmenistan,2008,9.1144
turkmenistan,2009,9.6086
turkmenistan,2010,11.553
turkmenistan,2011,11.320
turkmenistan,2012,11.882
turkmenistan,2013,13.195
turkmenistan,2014,14.979
turkmenistan,2015,17.824
turkmenistan,2016,18.350
turkmenistan,2017,19.212
turkmenistan,2018,22.314
turkmenistan,2019,28.818
turkmenistan,2020,33.702
turkmenistan,2021,36.120
turkmenistan,2022,37.071
uganda,1970,26.759
uganda,1971,26.287
uganda,1972,25.199
uganda,1973,24.196
uganda,1974,23.228
uganda,1975,22.121
uganda,1976,21.328
uganda,1977,20.727
uganda,1978,19.505
uganda,1979,16.394
uganda,1980,14.924
uganda,1981,16.218
uganda,1982,15.806
uganda,1983,14.881
uganda,1984,14.834
uganda,1985,13.671
uganda,1986,13.543
uganda,1987,13.231
uganda,1988,14.795
uganda,1989,14.691
uganda,1990,16.884
uganda,1991,18.164
uganda,1992,17.811
uganda,1993,20.335
uganda,1994,20.676
uganda,1995,23.407
uganda,1996,25.932
uganda,1997,26.518
uganda,1998,28.899
uganda,1999,30.399
uganda,2000,32.123
uganda,2001,31.904
uganda,2002,31.109
uganda,2003,29.297
uganda,2004,28.229
uganda,2005,28.034
uganda,2006,28.981
uganda,2007,29.383
uganda,2008,29.267
uganda,2009,29.150
uganda,2010,36.383
uganda,2011,35.298
uganda,2012,38.048
uganda,2013,25.322
uganda,2014,45.870
uganda,2015,44.192
uganda,2016,42.820
uganda,2017,45.788
uganda,2018,47.581
uganda,2019,51.137
uganda,2020,49.255
uganda,2021,52.159
uganda,2022,54.628
ukraine,1992,9.7582
ukraine,1993,12.844
ukraine,1994,8.1725
ukraine,1995,7.6939
ukraine,1996,7.7245
ukraine,1997,8.0181
ukraine,1998,7.8913
ukraine,1999,7.7121
ukraine,2000,9.7263
ukraine,2001,11.616
ukraine,2002,12.560
ukraine,2003,14.335
ukraine,2004,16.299
ukraine,2005,16.194
ukraine,2006,17.616
ukraine,2007,19.681
ukraine,2008,20.581
ukraine,2009,18.541
ukraine,2010,18.331
ukraine,2011,19.722
ukraine,2012,21.200
ukraine,2013,23.281
ukraine,2014,22.393
ukraine,2015,19.810
ukraine,2016,20.538
ukraine,2017,21.021
ukraine,2018,22.003
ukraine,2019,24.519
ukraine,2020,21.081
ukraine,2021,23.588
ukraine,2022,28.368
united_arab_emirates,1980,315.46
united_arab_emirates,1981,300.36
united_arab_emirates,1982,262.47
united_arab_emirates,1983,222.31
united_arab_emirates,1984,194.56
united_arab_emirates,1985,169.83
united_arab_emirates,1986,151.94
united_arab_emirates,1987,139.48
united_arab_emirates,1988,128.93
united_arab_emirates,1989,129.32
united_arab_emirates,1990,128.28
united_arab_emirates,1991,127.14
united_arab_emirates,1992,127.28
united_arab_emirates,1993,130.67
united_arab_emirates,1994,139.92
united_arab_emirates,1995,144.93
united_arab_emirates,1996,150.42
united_arab_emirates,1997,163.56
united_arab_emirates,1998,184.19
united_arab_emirates,1999,182.22
united_arab_emirates,2000,175.33
united_arab_emirates,2001,189.61
united_arab_emirates,2002,202.46
united_arab_emirates,2003,214.69
united_arab_emirates,2004,206.16
united_arab_emirates,2005,187.11
united_arab_emirates,2006,151.80
united_arab_emirates,2007,138.73
united_arab_emirates,2008,117.28
united_arab_emirates,2009,112.41
united_arab_emirates,2010,97.063
united_arab_emirates,2011,82.330
united_arab_emirates,2012,76.875
united_arab_emirates,2013,77.761
united_arab_emirates,2014,78.034
united_arab_emirates,2015,91.689
united_arab_emirates,2016,93.629
united_arab_emirates,2017,92.100
united_arab_emirates,2018,85.516
united_arab_emirates,2019,90.679
united_arab_emirates,2020,89.733
united_arab_emirates,2021,86.236
united_arab_emirates,2022,97.421
united_kingdom_of_great_britain_and_northern_ireland,1980,128.68
united_kingdom_of_great_britain_and_northern_ireland,1981,127.46
united_kingdom_of_great_britain_and_northern_ireland,1982,129.82
united_kingdom_of_great_britain_and_northern_ireland,1983,135.08
united_kingdom_of_great_britain_and_northern_ireland,1984,137.88
united_kingdom_of_great_britain_and_northern_ireland,1985,143.05
united_kingdom_of_great_britain_and_northern_ireland,1986,148.28
united_kingdom_of_great_britain_and_northern_ireland,1987,154.46
united_kingdom_of_great_britain_and_northern_ireland,1988,163.51
united_kingdom_of_great_britain_and_northern_ireland,1989,169.12
united_kingdom_of_great_britain_and_northern_ireland,1990,175.77
united_kingdom_of_great_britain_and_northern_ireland,1991,174.61
united_kingdom_of_great_britain_and_northern_ireland,1992,178.32
united_kingdom_of_great_britain_and_northern_ireland,1993,185.44
united_kingdom_of_great_britain_and_northern_ireland,1994,192.75
united_kingdom_of_great_britain_and_northern_ireland,1995,179.79
united_kingdom_of_great_britain_and_northern_ireland,1996,184.85
united_kingdom_of_great_britain_and_northern_ireland,1997,195.86
united_kingdom_of_great_britain_and_northern_ireland,1998,203.52
united_kingdom_of_great_britain_and_northern_ireland,1999,210.37
united_kingdom_of_great_britain_and_northern_ireland,2000,219.92
united_kingdom_of_great_britain_and_northern_ireland,2001,231.13
united_kingdom_of_great_britain_and_northern_ireland,2002,229.12
united_kingdom_of_great_britain_and_northern_ireland,2003,249.20
united_kingdom_of_great_britain_and_northern_ireland,2004,269.22
united_kingdom_of_great_britain_and_northern_ireland,2005,292.76
united_kingdom_of_great_britain_and_northern_ireland,2006,307.85
united_kingdom_of_great_britain_and_northern_ireland,2007,328.77
united_kingdom_of_great_britain_and_northern_ireland,2008,331.93
united_kingdom_of_great_britain_and_northern_ireland,2009,338.24
united_kingdom_of_great_britain_and_northern_ireland,2010,328.35
united_kingdom_of_great_britain_and_northern_ireland,2011,336.30
united_kingdom_of_great_britain_and_northern_ireland,2012,342.21
united_kingdom_of_great_britain_and_northern_ireland,2013,364.40
united_kingdom_of_great_britain_and_northern_ireland,2014,399.12
united_kingdom_of_great_britain_and_northern_ireland,2015,358.94
united_kingdom_of_great_britain_and_northern_ireland,2016,351.08
united_kingdom_of_great_britain_and_northern_ireland,2017,359.77
united_kingdom_of_great_britain_and_northern_ireland,2018,364.85
united_kingdom_of_great_britain_and_northern_ireland,2019,371.65
united_kingdom_of_great_britain_and_northern_ireland,2020,340.32
united_kingdom_of_great_britain_and_northern_ireland,2021,367.92
united_kingdom_of_great_britain_and_northern_ireland,2022,382.09
united_republic_of_tanzania,1970,39.930
united_republic_of_tanzania,1971,36.968
united_republic_of_tanzania,1972,35.321
united_republic_of_tanzania,1973,32.181
united_republic_of_tanzania,1974,30.871
united_republic_of_tanzania,1975,30.328
united_republic_of_tanzania,1976,28.113
united_republic_of_tanzania,1977,25.948
united_republic_of_tanzania,1978,24.491
united_republic_of_tanzania,1979,23.981
united_republic_of_tanzania,1980,24.078
united_republic_of_tanzania,1981,22.789
united_republic_of_tanzania,1982,21.614
united_republic_of_tanzania,1983,19.740
united_republic_of_tanzania,1984,18.965
united_republic_of_tanzania,1985,18.869
united_republic_of_tanzania,1986,17.220
united_republic_of_tanzania,1987,17.719
united_republic_of_tanzania,1988,16.778
united_republic_of_tanzania,1989,18.468
united_republic_of_tanzania,1990,19.308
united_republic_of_tanzania,1991,18.724
united_republic_of_tanzania,1992,18.707
united_republic_of_tanzania,1993,19.405
united_republic_of_tanzania,1994,19.476
united_republic_of_tanzania,1995,18.623
united_republic_of_tanzania,1996,18.244
united_republic_of_tanzania,1997,17.887
united_republic_of_tanzania,1998,17.991
united_republic_of_tanzania,1999,18.863
united_republic_of_tanzania,2000,19.508
united_republic_of_tanzania,2001,20.180
united_republic_of_tanzania,2002,20.420
united_republic_of_tanzania,2003,21.047
united_republic_of_tanzania,2004,22.129
united_republic_of_tanzania,2005,23.913
united_republic_of_tanzania,2006,23.975
united_republic_of_tanzania,2007,26.962
united_republic_of_tanzania,2008,27.242
united_republic_of_tanzania,2009,29.079
united_republic_of_tanzania,2010,30.193
united_republic_of_tanzania,2011,31.037
united_republic_of_tanzania,2012,32.059
united_republic_of_tanzania,2013,33.884
united_republic_of_tanzania,2014,37.293
united_republic_of_tanzania,2015,38.653
united_republic_of_tanzania,2016,39.935
united_republic_of_tanzania,2017,41.103
united_republic_of_tanzania,2018,44.905
united_republic_of_tanzania,2019,47.452
united_republic_of_tanzania,2020,49.274
united_republic_of_tanzania,2021,51.359
united_republic_of_tanzania,2022,49.705
united_states_of_america,1990,121.46
united_states_of_america,1991,123.09
united_states_of_america,1992,126.78
united_states_of_america,1993,129.57
united_states_of_america,1994,133.36
united_states_of_america,1995,137.39
united_states_of_america,1996,141.72
united_states_of_america,1997,148.17
united_states_of_america,1998,154.95
united_states_of_america,1999,162.32
united_states_of_america,2000,167.94
united_states_of_america,2001,171.03
united_states_of_america,2002,174.84
united_states_of_america,2003,178.30
united_states_of_america,2004,183.45
united_states_of_america,2005,187.85
united_states_of_america,2006,194.83
united_states_of_america,2007,202.24
united_states_of_america,2008,205.76
united_states_of_america,2009,206.64
united_states_of_america,2010,215.13
united_states_of_america,2011,220.23
united_states_of_america,2012,227.44
united_states_of_america,2013,234.98
united_states_of_america,2014,244.08
united_states_of_america,2015,256.89
united_states_of_america,2016,264.65
united_states_of_america,2017,270.00
united_states_of_america,2018,276.99
united_states_of_america,2019,285.23
united_states_of_america,2020,283.10
united_states_of_america,2021,297.91
united_states_of_america,2022,300.91
uruguay,1970,92.109
uruguay,1971,83.665
uruguay,1972,67.961
uruguay,1973,60.380
uruguay,1974,59.539
uruguay,1975,61.717
uruguay,1976,60.986
uruguay,1977,56.721
uruguay,1978,57.386
uruguay,1979,54.003
uruguay,1980,56.644
uruguay,1981,60.175
uruguay,1982,57.483
uruguay,1983,49.250
uruguay,1984,47.706
uruguay,1985,45.811
uruguay,1986,46.350
uruguay,1987,45.016
uruguay,1988,45.216
uruguay,1989,47.853
uruguay,1990,47.803
uruguay,1991,47.696
uruguay,1992,50.410
uruguay,1993,55.792
uruguay,1994,57.386
uruguay,1995,53.976
uruguay,1996,55.585
uruguay,1997,57.072
uruguay,1998,58.270
uruguay,1999,57.230
uruguay,2000,55.761
uruguay,2001,54.194
uruguay,2002,48.676
uruguay,2003,45.634
uruguay,2004,45.127
uruguay,2005,49.005
uruguay,2006,50.110
uruguay,2007,54.444
uruguay,2008,56.624
uruguay,2009,60.333
uruguay,2010,66.730
uruguay,2011,70.420
uruguay,2012,74.856
uruguay,2013,81.294
uruguay,2014,85.960
uruguay,2015,88.485
uruguay,2016,93.615
uruguay,2017,98.004
uruguay,2018,97.244
uruguay,2019,97.703
uruguay,2020,90.839
uruguay,2021,92.589
uruguay,2022,97.158
uzbekistan,1994,2.8897
uzbekistan,1995,2.6983
uzbekistan,1996,2.7670
uzbekistan,1997,2.7649
uzbekistan,1998,2.8157
uzbekistan,1999,2.8374
uzbekistan,2000,2.8270
uzbekistan,2001,2.9582
uzbekistan,2002,2.9231
uzbekistan,2003,2.8913
uzbekistan,2004,2.9751
uzbekistan,2005,3.0728
uzbekistan,2006,3.6371
uzbekistan,2007,4.4970
uzbekistan,2008,5.5744
uzbekistan,2009,6.6211
uzbekistan,2010,8.3338
uzbekistan,2011,9.3836
uzbekistan,2012,10.754
uzbekistan,2013,12.715
uzbekistan,2014,14.471
uzbekistan,2015,14.991
uzbekistan,2016,15.669
uzbekistan,2017,15.720
uzbekistan,2018,15.765
uzbekistan,2019,17.424
uzbekistan,2020,18.419
uzbekistan,2021,20.623
uzbekistan,2022,21.804
venezuela_bolivarian_republic_of,1970,30.989
venezuela_bolivarian_republic_of,1971,29.823
venezuela_bolivarian_republic_of,1972,29.307
venezuela_bolivarian_republic_of,1973,28.260
venezuela_bolivarian_republic_of,1974,23.294
venezuela_bolivarian_republic_of,1975,28.947
venezuela_bolivarian_republic_of,1976,30.359
venezuela_bolivarian_republic_of,1977,32.764
venezuela_bolivarian_republic_of,1978,33.219
venezuela_bolivarian_republic_of,1979,30.266
venezuela_bolivarian_republic_of,1980,28.593
venezuela_bolivarian_republic_of,1981,29.143
venezuela_bolivarian_republic_of,1982,29.844
venezuela_bolivarian_republic_of,1983,29.047
venezuela_bolivarian_republic_of,1984,25.585
venezuela_bolivarian_republic_of,1985,25.370
venezuela_bolivarian_republic_of,1986,28.947
venezuela_bolivarian_republic_of,1987,27.236
venezuela_bolivarian_republic_of,1988,29.203
venezuela_bolivarian_republic_of,1989,23.552
venezuela_bolivarian_republic_of,1990,22.920
venezuela_bolivarian_republic_of,1991,27.024
venezuela_bolivarian_republic_of,1992,28.804
venezuela_bolivarian_republic_of,1993,29.589
venezuela_bolivarian_republic_of,1994,29.330
venezuela_bolivarian_republic_of,1995,29.243
venezuela_bolivarian_republic_of,1996,23.778
venezuela_bolivarian_republic_of,1997,27.900
venezuela_bolivarian_republic_of,1998,31.733
venezuela_bolivarian_republic_of,1999,28.735
venezuela_bolivarian_republic_of,2000,27.118
venezuela_bolivarian_republic_of,2001,28.959
venezuela_bolivarian_republic_of,2002,24.333
venezuela_bolivarian_republic_of,2003,20.842
venezuela_bolivarian_republic_of,2004,21.154
venezuela_bolivarian_republic_of,2005,21.060
venezuela_bolivarian_republic_of,2006,23.994
venezuela_bolivarian_republic_of,2007,28.689
venezuela_bolivarian_republic_of,2008,29.276
venezuela_bolivarian_republic_of,2009,33.114
venezuela_bolivarian_republic_of,2010,27.796
venezuela_bolivarian_republic_of,2011,28.781
venezuela_bolivarian_republic_of,2012,33.131
venezuela_bolivarian_republic_of,2013,34.075
venezuela_bolivarian_republic_of,2014,37.038
venezuela_bolivarian_republic_of,2015,29.085
venezuela_bolivarian_republic_of,2016,28.037
venezuela_bolivarian_republic_of,2017,22.605
venezuela_bolivarian_republic_of,2018,16.321
venezuela_bolivarian_republic_of,2019,9.1811
venezuela_bolivarian_republic_of,2020,8.4621
venezuela_bolivarian_republic_of,2021,8.4805
venezuela_bolivarian_republic_of,2022,8.8954
viet_nam,1980,6.9853
viet_nam,1981,6.9482
viet_nam,1982,7.0685
viet_nam,1983,7.1526
viet_nam,1984,7.4022
viet_nam,1985,7.3489
viet_nam,1986,7.8250
viet_nam,1987,8.4905
viet_nam,1988,8.5880
viet_nam,1989,9.6980
viet_nam,1990,11.634
viet_nam,1991,11.352
viet_nam,1992,13.915
viet_nam,1993,16.708
viet_nam,1994,19.791
viet_nam,1995,23.069
viet_nam,1996,25.243
viet_nam,1997,28.208
viet_nam,1998,30.894
viet_nam,1999,32.605
viet_nam,2000,35.383
viet_nam,2001,36.946
viet_nam,2002,38.507
viet_nam,2003,39.826
viet_nam,2004,38.115
viet_nam,2005,39.492
viet_nam,2006,44.565
viet_nam,2007,50.443
viet_nam,2008,55.660
viet_nam,2009,63.446
viet_nam,2010,63.889
viet_nam,2011,64.999
viet_nam,2012,69.119
viet_nam,2013,75.792
viet_nam,2014,81.814
viet_nam,2015,91.211
viet_nam,2016,98.794
viet_nam,2017,105.39
viet_nam,2018,112.17
viet_nam,2019,121.84
viet_nam,2020,124.00
viet_nam,2021,125.67
viet_nam,2022,136.14
western_asia,2000,40.104
western_asia,2001,47.321
western_asia,2002,47.717
western_asia,2003,49.446
western_asia,2004,52.575
western_asia,2005,54.178
western_asia,2006,56.663
western_asia,2007,62.329
western_asia,2008,64.366
western_asia,2009,70.807
western_asia,2010,70.962
western_asia,2011,70.470
western_asia,2012,73.220
western_asia,2013,76.853
western_asia,2014,80.433
western_asia,2015,90.458
western_asia,2016,91.353
western_asia,2017,90.451
western_asia,2018,87.666
western_asia,2019,71.449
western_asia,2020,67.522
western_asia,2021,71.632
western_asia,2022,72.440
world,2000,78.658
world,2001,77.174
world,2002,77.705
world,2003,78.643
world,2004,80.458
world,2005,82.185
world,2006,84.532
world,2007,87.222
world,2008,87.716
world,2009,88.354
world,2010,90.456
world,2011,92.509
world,2012,96.441
world,2013,99.045
world,2014,101.31
world,2015,104.70
world,2016,104.03
world,2017,106.32
world,2018,108.93
world,2019,109.08
world,2020,105.36
world,2021,112.65
world,2022,114.45
yemen,1990,42.550
yemen,1991,46.896
yemen,1992,47.330
yemen,1993,50.299
yemen,1994,48.766
yemen,1995,50.328
yemen,1996,50.589
yemen,1997,50.487
yemen,1998,60.416
yemen,1999,55.623
yemen,2000,53.674
yemen,2001,62.231
yemen,2002,67.161
yemen,2003,71.077
yemen,2004,72.375
yemen,2005,73.014
yemen,2006,79.887
yemen,2007,84.188
yemen,2008,83.217
yemen,2009,94.409
yemen,2010,92.390
yemen,2011,73.588
yemen,2012,77.130
yemen,2013,80.248
yemen,2014,73.197
yemen,2015,57.999
yemen,2016,48.204
yemen,2017,43.261
yemen,2018,42.556
yemen,2019,42.517
yemen,2020,43.213
yemen,2021,42.877
yemen,2022,43.393
zambia,1992,6.1597
zambia,1993,6.2216
zambia,1994,10.747
zambia,1995,11.541
zambia,1996,12.415
zambia,1997,12.910
zambia,1998,13.495
zambia,1999,14.572
zambia,2000,15.382
zambia,2001,16.181
zambia,2002,16.924
zambia,2003,18.021
zambia,2004,18.816
zambia,2005,20.196
zambia,2006,21.113
zambia,2007,22.616
zambia,2008,24.983
zambia,2009,28.505
zambia,2010,30.571
zambia,2011,29.892
zambia,2012,36.042
zambia,2013,38.649
zambia,2014,39.871
zambia,2015,43.595
zambia,2016,43.980
zambia,2017,42.727
zambia,2018,43.634
zambia,2019,44.066
zambia,2020,44.660
zambia,2021,43.161
zambia,2022,51.054
zimbabwe,1987,29.002
zimbabwe,1988,25.513
zimbabwe,1989,23.104
zimbabwe,1990,22.385
zimbabwe,1991,20.035
zimbabwe,1992,19.056
zimbabwe,1993,17.854
zimbabwe,1994,16.486
zimbabwe,1995,17.045
zimbabwe,1996,16.389
zimbabwe,1997,15.741
zimbabwe,1998,15.598
zimbabwe,1999,13.958
zimbabwe,2000,12.406
zimbabwe,2001,10.848
zimbabwe,2002,9.5891
zimbabwe,2003,9.3115
zimbabwe,2004,9.3288
zimbabwe,2005,8.3149
zimbabwe,2006,6.6731
zimbabwe,2007,8.1374
zimbabwe,2008,11.846
zimbabwe,2009,14.370
zimbabwe,2010,17.161
zimbabwe,2011,18.677
zimbabwe,2012,19.655
zimbabwe,2013,20.127
zimbabwe,2014,19.630
zimbabwe,2015,19.457
zimbabwe,2016,21.093
zimbabwe,2017,26.787
zimbabwe,2018,21.245
zimbabwe,2019,20.556
zimbabwe,2020,19.999
zimbabwe,2021,22.534
zimbabwe,2022,17.129
