area,year,sdg_6_4_2_water_stress
afghanistan,1975,28.888
afghanistan,1976,32.355
afghanistan,1977,35.822
afghanistan,1978,39.289
afghanistan,1979,42.757
afghanistan,1980,46.224
afghanistan,1981,49.691
afghanistan,1982,53.158
afghanistan,1983,56.625
afghanistan,1984,60.093
afghanistan,1985,63.560
afghanistan,1986,67.027
afghanistan,1987,70.494
afghanistan,1988,69.064
afghanistan,1989,67.633
afghanistan,1990,66.202
afghanistan,1991,64.769
afghanistan,1992,63.338
afghanistan,1993,61.906
afghanistan,1994,60.475
afghanistan,1995,59.044
afghanistan,1996,57.613
afghanistan,1997,56.181
afghanistan,1998,54.757
afghanistan,1999,54.757
afghanistan,2000,54.757
afghanistan,2001,54.757
afghanistan,2002,54.757
afghanistan,2003,54.757
afghanistan,2004,54.757
afghanistan,2005,54.757
afghanistan,2006,54.757
afghanistan,2007,54.757
afghanistan,2008,54.757
afghanistan,2009,54.757
afghanistan,2010,54.757
afghanistan,2011,54.757
afghanistan,2012,54.757
afghanistan,2013,54.757
afghanistan,2014,54.757
afghanistan,2015,54.757
afghanistan,2016,54.757
afghanistan,2017,54.757
afghanistan,2018,54.757
afghanistan,2019,54.757
afghanistan,2020,54.757
afghanistan,2021,54.757
afghanistan,2022,54.757
albania,1990,7.2115
albania,1991,7.1621
albania,1992,7.1127
albania,1993,7.0633
albania,1994,7.0139
albania,1995,6.9645
albania,1996,7.7805
albania,1997,8.5965
albania,1998,9.4125
albania,1999,10.228
albania,2000,11.044
albania,2001,10.520
albania,2002,9.9947
albania,2003,9.4698
albania,2004,8.9450
albania,2005,8.4201
albania,2006,7.6468
albania,2007,7.4984
albania,2008,7.3501
albania,2009,7.2018
albania,2010,7.0535
albania,2011,6.9052
albania,2012,6.7569
albania,2013,6.6085
albania,2014,6.4602
albania,2015,5.5288
albania,2016,6.5625
albania,2017,6.5565
albania,2018,5.7572
albania,2019,6.7969
albania,2020,4.7236
albania,2021,4.7837
albania,2022,4.7897
algeria,1970,28.141
algeria,1971,29.548
algeria,1972,30.955
algeria,1973,32.362
algeria,1974,33.770
algeria,1975,35.177
algeria,1976,36.584
algeria,1977,37.991
algeria,1978,39.398
algeria,1979,40.805
algeria,1980,42.212
algeria,1981,43.619
algeria,1982,45.026
algeria,1983,46.433
algeria,1984,47.840
algeria,1985,49.247
algeria,1986,52.061
algeria,1987,54.875
algeria,1988,57.690
algeria,1989,60.504
algeria,1990,62.417
algeria,1991,64.102
algeria,1992,65.786
algeria,1993,67.470
algeria,1994,69.155
algeria,1995,70.839
algeria,1996,72.524
algeria,1997,74.208
algeria,1998,75.892
algeria,1999,77.577
algeria,2000,79.261
algeria,2001,81.711
algeria,2002,85.037
algeria,2003,87.523
algeria,2004,90.008
algeria,2005,92.494
algeria,2006,94.979
algeria,2007,97.465
algeria,2008,99.950
algeria,2009,102.44
algeria,2010,104.92
algeria,2011,107.41
algeria,2012,109.75
algeria,2013,115.16
algeria,2014,120.58
algeria,2015,125.99
algeria,2016,129.87
algeria,2017,137.92
algeria,2018,141.80
algeria,2019,145.68
algeria,2020,149.56
algeria,2021,140.59
algeria,2022,144.81
angola,1987,1.2732
angola,1988,1.3059
angola,1989,1.3387
angola,1990,1.3714
angola,1991,1.4041
angola,1992,1.4368
angola,1993,1.4696
angola,1994,1.5023
angola,1995,1.5350
angola,1996,1.5678
angola,1997,1.6005
angola,1998,1.6332
angola,1999,1.6659
angola,2000,1.6987
angola,2001,1.7333
angola,2002,1.7680
angola,2003,1.8026
angola,2004,1.8372
angola,2005,1.8719
angola,2006,1.8719
angola,2007,1.8719
angola,2008,1.8719
angola,2009,1.8719
angola,2010,1.8719
angola,2011,1.8719
angola,2012,1.8719
angola,2013,1.8719
angola,2014,1.8719
angola,2015,1.8719
angola,2016,1.8719
angola,2017,1.8719
angola,2018,1.8719
angola,2019,1.8719
angola,2020,1.8719
angola,2021,1.8719
angola,2022,1.8719
antigua_and_barbuda,1990,3.2692
antigua_and_barbuda,1991,3.7051
antigua_and_barbuda,1992,4.1410
antigua_and_barbuda,1993,4.5769
antigua_and_barbuda,1994,5.0128
antigua_and_barbuda,1995,5.4487
antigua_and_barbuda,1996,5.8846
antigua_and_barbuda,1997,6.3205
antigua_and_barbuda,1998,6.7564
antigua_and_barbuda,1999,7.1923
antigua_and_barbuda,2000,7.6282
antigua_and_barbuda,2001,8.0641
antigua_and_barbuda,2002,8.5000
antigua_and_barbuda,2003,8.9359
antigua_and_barbuda,2004,9.3718
antigua_and_barbuda,2005,9.8077
antigua_and_barbuda,2006,9.6154
antigua_and_barbuda,2007,9.4231
antigua_and_barbuda,2008,9.2308
antigua_and_barbuda,2009,9.0385
antigua_and_barbuda,2010,8.8462
antigua_and_barbuda,2011,8.6538
antigua_and_barbuda,2012,8.4615
antigua_and_barbuda,2013,8.4615
antigua_and_barbuda,2014,8.4615
antigua_and_barbuda,2015,8.4615
antigua_and_barbuda,2016,8.4615
antigua_and_barbuda,2017,8.4615
antigua_and_barbuda,2018,8.4615
antigua_and_barbuda,2019,8.4615
antigua_and_barbuda,2020,8.4615
antigua_and_barbuda,2021,8.4615
antigua_and_barbuda,2022,8.4615
argentina,1976,7.6573
argentina,1977,7.6716
argentina,1978,7.6859
argentina,1979,7.7002
argentina,1980,7.7145
argentina,1981,7.7288
argentina,1982,7.7431
argentina,1983,7.7574
argentina,1984,7.7717
argentina,1985,7.7860
argentina,1986,7.8003
argentina,1987,7.8146
argentina,1988,7.8289
argentina,1989,7.8432
argentina,1990,7.8575
argentina,1991,7.8718
argentina,1992,7.8861
argentina,1993,7.9004
argentina,1994,7.9147
argentina,1995,7.9290
argentina,1996,8.0282
argentina,1997,8.1274
argentina,1998,8.2265
argentina,1999,8.3257
argentina,2000,8.4249
argentina,2001,8.6096
argentina,2002,8.7942
argentina,2003,8.9789
argentina,2004,9.1636
argentina,2005,9.3482
argentina,2006,9.5329
argentina,2007,9.7175
argentina,2008,9.9022
argentina,2009,10.087
argentina,2010,10.272
argentina,2011,10.457
argentina,2012,10.457
argentina,2013,10.457
argentina,2014,10.457
argentina,2015,10.457
argentina,2016,10.457
argentina,2017,10.457
argentina,2018,10.457
argentina,2019,10.457
argentina,2020,10.457
argentina,2021,10.457
argentina,2022,10.457
armenia,1993,64.515
armenia,1994,60.178
armenia,1995,51.059
armenia,1996,45.935
armenia,1997,37.321
armenia,1998,40.226
armenia,1999,39.661
armenia,2000,37.745
armenia,2001,34.819
armenia,2002,34.961
armenia,2003,39.863
armenia,2004,50.494
armenia,2005,55.901
armenia,2006,57.030
armenia,2007,60.763
armenia,2008,57.958
armenia,2009,49.707
armenia,2010,42.909
armenia,2011,49.183
armenia,2012,59.330
armenia,2013,59.613
armenia,2014,57.696
armenia,2015,65.987
armenia,2016,64.172
armenia,2017,57.898
armenia,2018,54.751
armenia,2019,57.797
armenia,2020,57.091
armenia,2021,59.855
armenia,2022,61.973
australia,1993,7.4589
australia,1994,8.4882
australia,1995,7.9816
australia,1996,8.9104
australia,1997,8.8171
australia,1998,8.7745
australia,1999,8.7319
australia,2000,8.7090
australia,2001,8.6586
australia,2002,8.3771
australia,2003,8.0955
australia,2004,7.8140
australia,2005,7.5324
australia,2006,7.0594
australia,2007,6.5863
australia,2008,6.1132
australia,2009,5.6401
australia,2010,5.2975
australia,2011,5.3136
australia,2012,6.3804
australia,2013,7.6992
australia,2014,7.4238
australia,2015,3.7073
australia,2016,4.2714
australia,2017,4.8487
australia,2018,4.9578
australia,2019,4.2461
australia,2020,3.3695
australia,2021,4.4471
australia,2022,4.6723
australia_and_new_zealand,2000,6.8738
australia_and_new_zealand,2001,6.9087
australia_and_new_zealand,2002,6.7859
australia_and_new_zealand,2003,6.6631
australia_and_new_zealand,2004,6.5402
australia_and_new_zealand,2005,6.4174
australia_and_new_zealand,2006,6.1639
australia_and_new_zealand,2007,5.8612
australia_and_new_zealand,2008,5.5585
australia_and_new_zealand,2009,5.2557
australia_and_new_zealand,2010,5.0420
australia_and_new_zealand,2011,5.3736
australia_and_new_zealand,2012,6.4222
australia_and_new_zealand,2013,7.6428
australia_and_new_zealand,2014,7.7754
australia_and_new_zealand,2015,5.2393
australia_and_new_zealand,2016,5.6243
australia_and_new_zealand,2017,6.0182
australia_and_new_zealand,2018,6.0927
australia_and_new_zealand,2019,5.6070
australia_and_new_zealand,2020,5.0088
australia_and_new_zealand,2021,5.7442
australia_and_new_zealand,2022,5.8978
austria,1980,9.2291
austria,1981,9.3600
austria,1982,9.4910
austria,1983,9.6220
austria,1984,9.7530
austria,1985,9.8839
austria,1986,10.010
austria,1987,10.136
austria,1988,10.262
austria,1989,10.388
austria,1990,10.514
austria,1991,10.316
austria,1992,10.118
austria,1993,9.9204
austria,1994,9.7226
austria,1995,9.5247
austria,1996,9.7941
austria,1997,10.064
austria,1998,10.097
austria,1999,10.130
austria,2000,10.047
austria,2001,9.9668
austria,2002,9.8839
austria,2003,9.8539
austria,2004,9.8238
austria,2005,9.7938
austria,2006,9.7637
austria,2007,9.7337
austria,2008,9.7036
austria,2009,9.6736
austria,2010,9.6435
austria,2011,9.5361
austria,2012,9.4286
austria,2013,9.3212
austria,2014,9.2137
austria,2015,9.1063
austria,2016,8.9988
austria,2017,8.8913
austria,2018,8.7839
austria,2019,8.6764
austria,2020,8.6764
austria,2021,8.6764
austria,2022,8.6764
azerbaijan,1992,71.548
azerbaijan,1993,72.148
azerbaijan,1994,64.619
azerbaijan,1995,61.691
azerbaijan,1996,59.426
azerbaijan,1997,55.279
azerbaijan,1998,45.198
azerbaijan,1999,52.851
azerbaijan,2000,48.532
azerbaijan,2001,43.820
azerbaijan,2002,43.802
azerbaijan,2003,46.447
azerbaijan,2004,49.349
azerbaijan,2005,52.109
azerbaijan,2006,53.628
azerbaijan,2007,53.367
azerbaijan,2008,50.916
azerbaijan,2009,49.194
azerbaijan,2010,48.443
azerbaijan,2011,49.883
azerbaijan,2012,52.881
azerbaijan,2013,52.965
azerbaijan,2014,51.190
azerbaijan,2015,51.618
azerbaijan,2016,52.453
azerbaijan,2017,53.522
azerbaijan,2018,53.729
azerbaijan,2019,55.597
azerbaijan,2020,53.889
azerbaijan,2021,57.266
azerbaijan,2022,57.527
bahrain,1990,168.02
bahrain,1991,170.92
bahrain,1992,179.11
bahrain,1993,187.83
bahrain,1994,196.56
bahrain,1995,205.29
bahrain,1996,214.01
bahrain,1997,222.74
bahrain,1998,231.46
bahrain,1999,240.19
bahrain,2000,248.91
bahrain,2001,234.76
bahrain,2002,220.61
bahrain,2003,205.78
bahrain,2004,201.11
bahrain,2005,196.43
bahrain,2006,191.76
bahrain,2007,187.09
bahrain,2008,182.42
bahrain,2009,177.75
bahrain,2010,173.08
bahrain,2011,168.41
bahrain,2012,163.74
bahrain,2013,159.07
bahrain,2014,154.40
bahrain,2015,137.16
bahrain,2016,133.71
bahrain,2017,133.71
bahrain,2018,133.71
bahrain,2019,133.71
bahrain,2020,133.71
bahrain,2021,133.71
bahrain,2022,133.71
bangladesh,2008,5.7233
bangladesh,2009,5.7233
bangladesh,2010,5.7233
bangladesh,2011,5.7233
bangladesh,2012,5.7233
bangladesh,2013,5.7233
bangladesh,2014,5.7233
bangladesh,2015,5.7233
bangladesh,2016,5.7233
bangladesh,2017,5.7233
bangladesh,2018,5.7233
bangladesh,2019,5.7233
bangladesh,2020,5.7233
bangladesh,2021,5.7233
bangladesh,2022,5.7233
barbados,1962,37.500
barbados,1963,39.375
barbados,1964,41.250
barbados,1965,43.125
barbados,1966,45.000
barbados,1967,46.875
barbados,1968,48.750
barbados,1969,50.625
barbados,1970,52.500
barbados,1971,54.375
barbados,1972,56.250
barbados,1973,58.125
barbados,1974,60.000
barbados,1975,61.875
barbados,1976,63.750
barbados,1977,65.625
barbados,1978,67.500
barbados,1979,69.375
barbados,1980,71.250
barbados,1981,73.125
barbados,1982,75.000
barbados,1983,76.875
barbados,1984,78.750
barbados,1985,80.625
barbados,1986,82.500
barbados,1987,84.375
barbados,1988,86.250
barbados,1989,88.125
barbados,1990,90.000
barbados,1991,91.875
barbados,1992,93.750
barbados,1993,95.625
barbados,1994,97.500
barbados,1995,99.375
barbados,1996,101.25
barbados,1997,101.25
barbados,1998,101.25
barbados,1999,101.25
barbados,2000,101.25
barbados,2001,101.25
barbados,2002,101.25
barbados,2003,101.25
barbados,2004,101.25
barbados,2005,87.500
barbados,2006,87.500
barbados,2007,87.500
barbados,2008,87.500
barbados,2009,87.500
barbados,2010,87.500
barbados,2011,87.500
barbados,2012,87.500
barbados,2013,87.500
barbados,2014,87.500
barbados,2015,87.500
barbados,2016,87.500
barbados,2017,87.500
barbados,2018,87.500
barbados,2019,87.500
barbados,2020,87.500
barbados,2021,87.500
barbados,2022,87.500
belarus,1995,6.5260
belarus,1996,6.4318
belarus,1997,6.3375
belarus,1998,6.2432
belarus,1999,6.1490
belarus,2000,6.0547
belarus,2001,5.9684
belarus,2002,5.8820
belarus,2003,5.7956
belarus,2004,5.7093
belarus,2005,5.6229
belarus,2006,5.5188
belarus,2007,5.4146
belarus,2008,5.3105
belarus,2009,5.2063
belarus,2010,5.1022
belarus,2011,5.0648
belarus,2012,5.0275
belarus,2013,4.9901
belarus,2014,5.1780
belarus,2015,4.7726
belarus,2016,4.7825
belarus,2017,4.6144
belarus,2018,4.5814
belarus,2019,4.4759
belarus,2020,4.3771
belarus,2021,4.6968
belarus,2022,4.6605
belgium,1980,110.94
belgium,1981,110.30
belgium,1982,109.66
belgium,1983,109.02
belgium,1984,108.39
belgium,1985,107.75
belgium,1986,107.11
belgium,1987,106.47
belgium,1988,105.83
belgium,1989,105.19
belgium,1990,104.56
belgium,1991,103.92
belgium,1992,103.28
belgium,1993,102.64
belgium,1994,102.00
belgium,1995,101.36
belgium,1996,97.918
belgium,1997,94.472
belgium,1998,93.839
belgium,1999,93.207
belgium,2000,92.544
belgium,2001,87.646
belgium,2002,82.748
belgium,2003,81.317
belgium,2004,79.885
belgium,2005,78.453
belgium,2006,77.400
belgium,2007,76.346
belgium,2008,75.295
belgium,2009,73.735
belgium,2010,73.133
belgium,2011,62.432
belgium,2012,65.111
belgium,2013,59.324
belgium,2014,55.971
belgium,2015,49.066
belgium,2016,51.512
belgium,2017,53.957
belgium,2018,51.290
belgium,2019,51.585
belgium,2020,52.170
belgium,2021,52.826
belgium,2022,52.826
belize,1987,0.24956
belize,1988,0.28811
belize,1989,0.32666
belize,1990,0.36520
belize,1991,0.40375
belize,1992,0.44229
belize,1993,0.48084
belize,1994,0.60151
belize,1995,0.72217
belize,1996,0.82980
belize,1997,0.93742
belize,1998,1.0450
belize,1999,1.1527
belize,2000,1.2603
belize,2001,1.2603
belize,2002,1.2603
belize,2003,1.2603
belize,2004,1.2603
belize,2005,1.2603
belize,2006,1.2603
belize,2007,1.2603
belize,2008,1.2603
belize,2009,1.2603
belize,2010,1.2603
belize,2011,1.2603
belize,2012,1.2603
belize,2013,1.2603
belize,2014,1.2603
belize,2015,1.2603
belize,2016,1.2603
belize,2017,1.2603
belize,2018,1.2603
belize,2019,1.2603
belize,2020,1.2603
belize,2021,1.2603
belize,2022,1.2603
benin,1985,0.82521
benin,1986,0.86135
benin,1987,0.89749
benin,1988,0.93363
benin,1989,0.96977
benin,1990,1.0059
benin,1991,1.0422
benin,1992,1.0785
benin,1993,1.1148
benin,1994,1.1511
benin,1995,1.1260
benin,1996,1.1008
benin,1997,1.0757
benin,1998,1.0506
benin,1999,1.0255
benin,2000,1.0004
benin,2001,0.97524
benin,2002,0.97524
benin,2003,0.97524
benin,2004,0.97524
benin,2005,0.97524
benin,2006,0.97524
benin,2007,0.97524
benin,2008,0.97524
benin,2009,0.97524
benin,2010,0.97524
benin,2011,0.97524
benin,2012,0.97524
benin,2013,0.97524
benin,2014,0.97524
benin,2015,0.97524
benin,2016,0.97524
benin,2017,0.97524
benin,2018,0.97524
benin,2019,0.97524
benin,2020,0.97524
benin,2021,0.97524
benin,2022,0.97524
bhutan,2008,1.4138
bhutan,2009,1.4138
bhutan,2010,1.4138
bhutan,2011,1.4138
bhutan,2012,1.4138
bhutan,2013,1.4138
bhutan,2014,1.4138
bhutan,2015,1.4138
bhutan,2016,1.4138
bhutan,2017,1.4138
bhutan,2018,1.4138
bhutan,2019,1.4138
bhutan,2020,1.4138
bhutan,2021,1.4138
bhutan,2022,1.4138
bolivia_plurinational_state_of,1987,0.69899
bolivia_plurinational_state_of,1988,0.73249
bolivia_plurinational_state_of,1989,0.76599
bolivia_plurinational_state_of,1990,0.79949
bolivia_plurinational_state_of,1991,0.83299
bolivia_plurinational_state_of,1992,0.86649
bolivia_plurinational_state_of,1993,0.89999
bolivia_plurinational_state_of,1994,0.93350
bolivia_plurinational_state_of,1995,0.96700
bolivia_plurinational_state_of,1996,1.0005
bolivia_plurinational_state_of,1997,1.0340
bolivia_plurinational_state_of,1998,1.0675
bolivia_plurinational_state_of,1999,1.1010
bolivia_plurinational_state_of,2000,1.1095
bolivia_plurinational_state_of,2001,1.1180
bolivia_plurinational_state_of,2002,1.1265
bolivia_plurinational_state_of,2003,1.1350
bolivia_plurinational_state_of,2004,1.1435
bolivia_plurinational_state_of,2005,1.1520
bolivia_plurinational_state_of,2006,1.1605
bolivia_plurinational_state_of,2007,1.1690
bolivia_plurinational_state_of,2008,1.1770
bolivia_plurinational_state_of,2009,1.1770
bolivia_plurinational_state_of,2010,1.1836
bolivia_plurinational_state_of,2011,1.1901
bolivia_plurinational_state_of,2012,1.1967
bolivia_plurinational_state_of,2013,1.2032
bolivia_plurinational_state_of,2014,1.2098
bolivia_plurinational_state_of,2015,1.2163
bolivia_plurinational_state_of,2016,1.2229
bolivia_plurinational_state_of,2017,1.2294
bolivia_plurinational_state_of,2018,1.2360
bolivia_plurinational_state_of,2019,1.2425
bolivia_plurinational_state_of,2020,0.20737
bolivia_plurinational_state_of,2021,0.20298
bolivia_plurinational_state_of,2022,0.20298
bosnia_and_herzegovina,2000,2.4688
bosnia_and_herzegovina,2001,2.4807
bosnia_and_herzegovina,2002,2.4934
bosnia_and_herzegovina,2003,2.5060
bosnia_and_herzegovina,2004,2.5166
bosnia_and_herzegovina,2005,2.5146
bosnia_and_herzegovina,2006,2.5259
bosnia_and_herzegovina,2007,2.5870
bosnia_and_herzegovina,2008,2.6023
bosnia_and_herzegovina,2009,2.8546
bosnia_and_herzegovina,2010,2.8911
bosnia_and_herzegovina,2011,2.8127
bosnia_and_herzegovina,2012,2.9064
bosnia_and_herzegovina,2013,2.8938
bosnia_and_herzegovina,2014,2.7384
bosnia_and_herzegovina,2015,2.7789
bosnia_and_herzegovina,2016,2.7862
bosnia_and_herzegovina,2017,2.6620
bosnia_and_herzegovina,2018,2.0717
bosnia_and_herzegovina,2019,2.0286
bosnia_and_herzegovina,2020,2.0005
bosnia_and_herzegovina,2021,2.0319
bosnia_and_herzegovina,2022,2.0717
botswana,1985,0.94113
botswana,1986,0.97543
botswana,1987,1.0097
botswana,1988,1.0440
botswana,1989,1.0783
botswana,1990,1.1126
botswana,1991,1.1471
botswana,1992,1.1816
botswana,1993,1.2876
botswana,1994,1.3936
botswana,1995,1.4995
botswana,1996,1.6054
botswana,1997,1.7112
botswana,1998,1.8170
botswana,1999,1.9228
botswana,2000,2.0287
botswana,2001,2.0317
botswana,2002,2.0347
botswana,2003,2.0378
botswana,2004,2.0408
botswana,2005,2.0439
botswana,2006,2.0469
botswana,2007,2.0499
botswana,2008,2.0530
botswana,2009,2.0560
botswana,2010,2.0591
botswana,2011,2.0621
botswana,2012,2.0328
botswana,2013,1.9988
botswana,2014,1.9649
botswana,2015,1.9649
botswana,2016,2.1050
botswana,2017,2.0182
botswana,2018,2.1332
botswana,2019,2.1123
botswana,2020,2.3050
botswana,2021,2.4430
botswana,2022,2.2300
brazil,1987,1.6567
brazil,1988,1.7607
brazil,1989,1.8647
brazil,1990,1.9686
brazil,1991,2.0726
brazil,1992,2.1776
brazil,1993,2.2818
brazil,1994,2.3860
brazil,1995,2.4901
brazil,1996,2.5924
brazil,1997,2.6078
brazil,1998,2.6231
brazil,1999,2.6384
brazil,2000,2.6530
brazil,2001,2.6681
brazil,2002,2.6832
brazil,2003,2.6983
brazil,2004,2.7135
brazil,2005,2.7286
brazil,2006,2.7437
brazil,2007,2.9418
brazil,2008,3.1395
brazil,2009,3.3374
brazil,2010,3.5353
brazil,2011,3.4192
brazil,2012,3.3031
brazil,2013,3.1870
brazil,2014,3.0743
brazil,2015,3.0194
brazil,2016,3.1352
brazil,2017,3.1054
brazil,2018,1.4641
brazil,2019,1.4848
brazil,2020,1.4769
brazil,2021,1.4819
brazil,2022,1.4958
brunei_darussalam,1991,2.8636
brunei_darussalam,1992,3.0646
brunei_darussalam,1993,3.2655
brunei_darussalam,1994,3.4665
brunei_darussalam,1995,3.4665
brunei_darussalam,1996,3.4665
brunei_darussalam,1997,3.4665
brunei_darussalam,1998,3.4665
brunei_darussalam,1999,3.4665
brunei_darussalam,2000,3.4665
brunei_darussalam,2001,3.4665
brunei_darussalam,2002,3.4665
brunei_darussalam,2003,3.4665
brunei_darussalam,2004,3.4665
brunei_darussalam,2005,3.4665
brunei_darussalam,2006,3.4665
brunei_darussalam,2007,3.4665
brunei_darussalam,2008,3.4665
brunei_darussalam,2009,3.4665
brunei_darussalam,2010,3.4665
brunei_darussalam,2011,3.4665
brunei_darussalam,2012,3.4665
brunei_darussalam,2013,3.4665
brunei_darussalam,2014,3.4665
brunei_darussalam,2015,3.4665
brunei_darussalam,2016,3.4665
brunei_darussalam,2017,3.4665
brunei_darussalam,2018,3.4665
brunei_darussalam,2019,3.4665
brunei_darussalam,2020,3.4665
brunei_darussalam,2021,3.4665
brunei_darussalam,2022,3.4665
bulgaria,1980,104.81
bulgaria,1981,104.68
bulgaria,1982,104.55
bulgaria,1983,104.41
bulgaria,1984,104.28
bulgaria,1985,104.15
bulgaria,1986,100.23
bulgaria,1987,96.304
bulgaria,1988,92.383
bulgaria,1989,88.462
bulgaria,1990,56.351
bulgaria,1991,55.249
bulgaria,1992,54.147
bulgaria,1993,53.045
bulgaria,1994,51.943
bulgaria,1995,50.841
bulgaria,1996,49.740
bulgaria,1997,48.638
bulgaria,1998,47.536
bulgaria,1999,46.434
bulgaria,2000,45.330
bulgaria,2001,43.118
bulgaria,2002,48.701
bulgaria,2003,48.129
bulgaria,2004,47.557
bulgaria,2005,46.985
bulgaria,2006,46.413
bulgaria,2007,45.841
bulgaria,2008,47.491
bulgaria,2009,45.238
bulgaria,2010,44.054
bulgaria,2011,47.195
bulgaria,2012,42.240
bulgaria,2013,40.417
bulgaria,2014,39.737
bulgaria,2015,41.610
bulgaria,2016,42.050
bulgaria,2017,41.821
bulgaria,2018,40.099
bulgaria,2019,40.077
bulgaria,2020,36.729
bulgaria,2021,38.525
bulgaria,2022,40.235
burkina_faso,1985,2.7725
burkina_faso,1986,2.8899
burkina_faso,1987,3.0073
burkina_faso,1988,3.1247
burkina_faso,1989,3.2421
burkina_faso,1990,3.3595
burkina_faso,1991,3.4771
burkina_faso,1992,3.5946
burkina_faso,1993,3.7786
burkina_faso,1994,3.9626
burkina_faso,1995,4.1466
burkina_faso,1996,4.3306
burkina_faso,1997,4.5146
burkina_faso,1998,5.5449
burkina_faso,1999,5.8700
burkina_faso,2000,6.1950
burkina_faso,2001,6.5201
burkina_faso,2002,6.8451
burkina_faso,2003,7.1702
burkina_faso,2004,7.4952
burkina_faso,2005,7.8203
burkina_faso,2006,7.8203
burkina_faso,2007,7.8203
burkina_faso,2008,7.8203
burkina_faso,2009,7.8203
burkina_faso,2010,7.8203
burkina_faso,2011,7.8203
burkina_faso,2012,7.8203
burkina_faso,2013,7.8203
burkina_faso,2014,7.8203
burkina_faso,2015,7.8203
burkina_faso,2016,7.8203
burkina_faso,2017,7.8203
burkina_faso,2018,7.8203
burkina_faso,2019,7.8203
burkina_faso,2020,7.8203
burkina_faso,2021,7.8203
burkina_faso,2022,7.8203
burundi,1987,3.6390
burundi,1988,4.1653
burundi,1989,4.6915
burundi,1990,5.2178
burundi,1991,5.7440
burundi,1992,6.2703
burundi,1993,6.7966
burundi,1994,7.3228
burundi,1995,7.8491
burundi,1996,8.3753
burundi,1997,8.9016
burundi,1998,9.4278
burundi,1999,9.9541
burundi,2000,10.480
burundi,2001,10.423
burundi,2002,10.365
burundi,2003,10.308
burundi,2004,10.250
burundi,2005,10.193
burundi,2006,10.193
burundi,2007,10.193
burundi,2008,10.193
burundi,2009,10.193
burundi,2010,10.193
burundi,2011,10.193
burundi,2012,10.193
burundi,2013,10.193
burundi,2014,10.193
burundi,2015,10.193
burundi,2016,10.193
burundi,2017,10.193
burundi,2018,10.193
burundi,2019,10.193
burundi,2020,10.193
burundi,2021,10.193
burundi,2022,10.193
cabo_verde,2001,7.1833
cabo_verde,2002,8.5342
cabo_verde,2003,9.8851
cabo_verde,2004,11.236
cabo_verde,2005,13.604
cabo_verde,2006,15.972
cabo_verde,2007,18.340
cabo_verde,2008,20.708
cabo_verde,2009,23.076
cabo_verde,2010,25.444
cabo_verde,2011,27.812
cabo_verde,2012,30.181
cabo_verde,2013,32.549
cabo_verde,2014,34.917
cabo_verde,2015,37.285
cabo_verde,2016,39.653
cabo_verde,2017,42.021
cabo_verde,2018,44.389
cabo_verde,2019,48.958
cabo_verde,2020,68.944
cabo_verde,2021,57.178
cabo_verde,2022,59.684
cambodia,2006,1.0365
cambodia,2007,1.0365
cambodia,2008,1.0365
cambodia,2009,1.0365
cambodia,2010,1.0365
cambodia,2011,1.0365
cambodia,2012,1.0365
cambodia,2013,1.0365
cambodia,2014,1.0365
cambodia,2015,1.0365
cambodia,2016,1.0365
cambodia,2017,1.0365
cambodia,2018,1.0365
cambodia,2019,1.0365
cambodia,2020,1.0365
cambodia,2021,1.0365
cambodia,2022,1.0365
cameroon,1987,0.56774
cameroon,1988,0.56889
cameroon,1989,0.57004
cameroon,1990,0.57118
cameroon,1991,0.57233
cameroon,1992,0.57348
cameroon,1993,0.67498
cameroon,1994,0.77649
cameroon,1995,0.87799
cameroon,1996,0.97950
cameroon,1997,1.0810
cameroon,1998,1.1825
cameroon,1999,1.2840
cameroon,2000,1.3855
cameroon,2001,1.4205
cameroon,2002,1.4555
cameroon,2003,1.4905
cameroon,2004,1.5254
cameroon,2005,1.5604
cameroon,2006,1.5604
cameroon,2007,1.5604
cameroon,2008,1.5604
cameroon,2009,1.5604
cameroon,2010,1.5604
cameroon,2011,1.5604
cameroon,2012,1.5604
cameroon,2013,1.5604
cameroon,2014,1.5604
cameroon,2015,1.5604
cameroon,2016,1.5604
cameroon,2017,1.5604
cameroon,2018,1.5604
cameroon,2019,1.5604
cameroon,2020,1.5604
cameroon,2021,1.5604
cameroon,2022,1.5604
canada,1986,4.3460
canada,1987,4.4056
canada,1988,4.4651
canada,1989,4.5247
canada,1990,4.5842
canada,1991,4.6438
canada,1992,4.5844
canada,1993,4.5251
canada,1994,4.4658
canada,1995,4.4065
canada,1996,4.3472
canada,1997,4.3388
canada,1998,4.3304
canada,1999,4.3221
canada,2000,4.3137
canada,2001,4.3053
canada,2002,4.2970
canada,2003,4.2886
canada,2004,4.2802
canada,2005,4.2719
canada,2006,4.2635
canada,2007,4.2551
canada,2008,4.1254
canada,2009,3.9956
canada,2010,3.8310
canada,2011,3.6663
canada,2012,3.7528
canada,2013,3.8393
canada,2014,3.7595
canada,2015,3.6797
canada,2016,3.7066
canada,2017,3.7336
canada,2018,3.7336
canada,2019,3.7336
canada,2020,3.7336
canada,2021,3.7207
canada,2022,3.7207
central_african_republic,1987,0.089815
central_african_republic,1988,0.10648
central_african_republic,1989,0.12315
central_african_republic,1990,0.13981
central_african_republic,1991,0.15648
central_african_republic,1992,0.17315
central_african_republic,1993,0.18981
central_african_republic,1994,0.20648
central_african_republic,1995,0.22315
central_african_republic,1996,0.23981
central_african_republic,1997,0.25648
central_african_republic,1998,0.27315
central_african_republic,1999,0.28981
central_african_republic,2000,0.30648
central_african_republic,2001,0.31231
central_african_republic,2002,0.31815
central_african_republic,2003,0.32398
central_african_republic,2004,0.32981
central_african_republic,2005,0.33565
central_african_republic,2006,0.33565
central_african_republic,2007,0.33565
central_african_republic,2008,0.33565
central_african_republic,2009,0.33565
central_african_republic,2010,0.33565
central_african_republic,2011,0.33565
central_african_republic,2012,0.33565
central_african_republic,2013,0.33565
central_african_republic,2014,0.33565
central_african_republic,2015,0.33565
central_african_republic,2016,0.33565
central_african_republic,2017,0.33565
central_african_republic,2018,0.33565
central_african_republic,2019,0.33565
central_african_republic,2020,0.33565
central_african_republic,2021,0.33565
central_african_republic,2022,0.33565
central_and_southern_asia,2000,65.836
central_and_southern_asia,2001,66.959
central_and_southern_asia,2002,68.086
central_and_southern_asia,2003,69.169
central_and_southern_asia,2004,67.397
central_and_southern_asia,2005,67.676
central_and_southern_asia,2006,67.754
central_and_southern_asia,2007,68.191
central_and_southern_asia,2008,69.577
central_and_southern_asia,2009,70.001
central_and_southern_asia,2010,70.258
central_and_southern_asia,2011,69.864
central_and_southern_asia,2012,70.469
central_and_southern_asia,2013,70.232
central_and_southern_asia,2014,70.948
central_and_southern_asia,2015,71.275
central_and_southern_asia,2016,71.313
central_and_southern_asia,2017,71.647
central_and_southern_asia,2018,71.065
central_and_southern_asia,2019,70.003
central_and_southern_asia,2020,70.574
central_and_southern_asia,2021,69.761
central_and_southern_asia,2022,69.510
central_asia,2000,75.936
central_asia,2001,76.063
central_asia,2002,76.240
central_asia,2003,75.972
central_asia,2004,76.109
central_asia,2005,75.752
central_asia,2006,73.263
central_asia,2007,74.298
central_asia,2008,72.885
central_asia,2009,75.054
central_asia,2010,73.942
central_asia,2011,73.620
central_asia,2012,74.420
central_asia,2013,74.792
central_asia,2014,74.829
central_asia,2015,76.823
central_asia,2016,75.414
central_asia,2017,78.630
central_asia,2018,77.332
central_asia,2019,76.490
central_asia,2020,74.403
central_asia,2021,69.677
central_asia,2022,70.207
chad,1987,0.88379
chad,1988,1.1085
chad,1989,1.3332
chad,1990,1.5580
chad,1991,1.7827
chad,1992,2.0074
chad,1993,2.2321
chad,1994,2.4569
chad,1995,2.6816
chad,1996,2.9063
chad,1997,3.1310
chad,1998,3.3558
chad,1999,3.5805
chad,2000,3.8052
chad,2001,4.0055
chad,2002,4.2059
chad,2003,4.2355
chad,2004,4.2652
chad,2005,4.2949
chad,2006,4.2949
chad,2007,4.2949
chad,2008,4.2949
chad,2009,4.2949
chad,2010,4.2949
chad,2011,4.2949
chad,2012,4.2949
chad,2013,4.2949
chad,2014,4.2949
chad,2015,4.2949
chad,2016,4.2949
chad,2017,4.2949
chad,2018,4.2949
chad,2019,4.2949
chad,2020,4.2949
chad,2021,4.2949
chad,2022,4.2949
chile,1992,5.1517
chile,1993,5.4263
chile,1994,5.7009
chile,1995,5.9756
chile,1996,6.2502
chile,1997,6.5249
chile,1998,6.7995
chile,1999,7.0742
chile,2000,7.3488
chile,2001,7.6222
chile,2002,7.8956
chile,2003,8.1600
chile,2004,8.4333
chile,2005,8.7067
chile,2006,8.9801
chile,2007,8.9821
chile,2008,8.9821
chile,2009,8.9821
chile,2010,8.9821
chile,2011,8.9821
chile,2012,8.9821
chile,2013,8.9821
chile,2014,8.9821
chile,2015,8.9821
chile,2016,8.9821
chile,2017,8.9821
chile,2018,8.9821
chile,2019,8.9821
chile,2020,8.9821
chile,2021,8.9821
chile,2022,8.9821
china,1980,32.405
china,1981,33.018
china,1982,33.630
china,1983,34.242
china,1984,34.854
china,1985,35.134
china,1986,35.411
china,1987,35.687
china,1988,35.964
china,1989,36.240
china,1990,36.517
china,1991,37.135
china,1992,37.754
china,1993,38.372
china,1994,38.638
china,1995,38.904
china,1996,39.170
china,1997,39.436
china,1998,39.702
china,1999,39.969
china,2000,40.235
china,2001,40.281
china,2002,40.328
china,2003,40.375
china,2004,40.422
china,2005,40.468
china,2006,41.483
china,2007,41.535
china,2008,42.075
china,2009,42.594
china,2010,42.859
china,2011,43.455
china,2012,43.733
china,2013,44.025
china,2014,43.339
china,2015,43.222
china,2016,44.114
china,2017,43.544
china,2018,43.303
china,2019,43.212
china,2020,41.519
china,2021,41.519
china,2022,41.519
colombia,2000,1.1596
colombia,2001,1.2349
colombia,2002,1.3101
colombia,2003,1.3853
colombia,2004,1.4606
colombia,2005,1.5358
colombia,2006,1.6110
colombia,2007,1.6863
colombia,2008,1.7620
colombia,2009,2.1333
colombia,2010,2.5058
colombia,2011,2.6098
colombia,2012,2.6522
colombia,2013,2.7751
colombia,2014,2.8482
colombia,2015,2.9570
colombia,2016,3.0029
colombia,2017,3.1546
colombia,2018,3.2048
colombia,2019,3.2721
colombia,2020,3.3926
colombia,2021,3.5243
colombia,2022,3.6323
comoros,1999,0.83333
comoros,2000,0.83333
comoros,2001,0.83333
comoros,2002,0.83333
comoros,2003,0.83333
comoros,2004,0.83333
comoros,2005,0.83333
comoros,2006,0.83333
comoros,2007,0.83333
comoros,2008,0.83333
comoros,2009,0.83333
comoros,2010,0.83333
comoros,2011,0.83333
comoros,2012,0.83333
comoros,2013,0.83333
comoros,2014,0.83333
comoros,2015,0.83333
comoros,2016,0.83333
comoros,2017,0.83333
comoros,2018,0.83333
comoros,2019,0.83333
comoros,2020,0.83333
comoros,2021,0.83333
comoros,2022,0.83333
congo,1987,0.023866
congo,1988,0.024105
congo,1989,0.024344
congo,1990,0.024582
congo,1991,0.024821
congo,1992,0.025060
congo,1993,0.025298
congo,1994,0.025537
congo,1995,0.025776
congo,1996,0.026014
congo,1997,0.026253
congo,1998,0.026492
congo,1999,0.026730
congo,2000,0.026969
congo,2001,0.027208
congo,2002,0.027446
congo,2003,0.027446
congo,2004,0.027446
congo,2005,0.027446
congo,2006,0.027446
congo,2007,0.027446
congo,2008,0.027446
congo,2009,0.027446
congo,2010,0.027446
congo,2011,0.027446
congo,2012,0.027446
congo,2013,0.027446
congo,2014,0.027446
congo,2015,0.027446
congo,2016,0.027446
congo,2017,0.027446
congo,2018,0.027446
congo,2019,0.027446
congo,2020,0.027446
congo,2021,0.027446
congo,2022,0.027446
costa_rica,2012,3.9903
costa_rica,2013,4.2084
costa_rica,2014,4.6821
costa_rica,2015,5.4505
costa_rica,2016,4.9876
costa_rica,2017,4.1638
costa_rica,2018,5.2110
costa_rica,2019,5.3552
costa_rica,2020,5.3517
costa_rica,2021,5.8820
costa_rica,2022,5.8820
cote_d_ivoire,1987,3.1042
cote_d_ivoire,1988,3.6748
cote_d_ivoire,1989,4.2455
cote_d_ivoire,1990,4.8161
cote_d_ivoire,1991,4.9606
cote_d_ivoire,1992,5.1051
cote_d_ivoire,1993,5.2496
cote_d_ivoire,1994,5.3940
cote_d_ivoire,1995,5.5231
cote_d_ivoire,1996,5.6521
cote_d_ivoire,1997,5.7811
cote_d_ivoire,1998,5.9101
cote_d_ivoire,1999,6.0391
cote_d_ivoire,2000,6.1681
cote_d_ivoire,2001,6.2911
cote_d_ivoire,2002,6.4140
cote_d_ivoire,2003,6.5370
cote_d_ivoire,2004,6.6599
cote_d_ivoire,2005,6.7828
cote_d_ivoire,2006,6.5945
cote_d_ivoire,2007,6.4015
cote_d_ivoire,2008,6.2109
cote_d_ivoire,2009,6.0237
cote_d_ivoire,2010,5.8364
cote_d_ivoire,2011,5.6492
cote_d_ivoire,2012,5.4643
cote_d_ivoire,2013,5.2759
cote_d_ivoire,2014,5.0876
cote_d_ivoire,2015,5.0876
cote_d_ivoire,2016,5.0876
cote_d_ivoire,2017,5.0876
cote_d_ivoire,2018,5.0876
cote_d_ivoire,2019,5.0876
cote_d_ivoire,2020,5.0876
cote_d_ivoire,2021,5.0876
cote_d_ivoire,2022,5.0876
croatia,2002,1.2750
croatia,2003,1.3609
croatia,2004,1.3492
croatia,2005,1.3683
croatia,2006,1.4103
croatia,2007,1.4472
croatia,2008,1.4742
croatia,2009,1.5336
croatia,2010,1.5185
croatia,2011,1.4771
croatia,2012,1.4512
croatia,2013,1.3982
croatia,2014,1.2893
croatia,2015,1.3803
croatia,2016,1.4153
croatia,2017,1.5028
croatia,2018,1.4867
croatia,2019,1.4940
croatia,2020,1.4629
croatia,2021,1.4784
croatia,2022,1.5096
cuba,1995,17.929
cuba,1996,17.946
cuba,1997,17.964
cuba,1998,17.981
cuba,1999,17.998
cuba,2000,18.016
cuba,2001,18.032
cuba,2002,18.049
cuba,2003,18.067
cuba,2004,18.084
cuba,2005,18.102
cuba,2006,18.119
cuba,2007,16.984
cuba,2008,19.741
cuba,2009,20.837
cuba,2010,20.709
cuba,2011,21.786
cuba,2012,22.864
cuba,2013,23.939
cuba,2014,23.939
cuba,2015,23.939
cuba,2016,23.939
cuba,2017,23.939
cuba,2018,23.939
cuba,2019,23.939
cuba,2020,23.939
cuba,2021,23.939
cuba,2022,23.939
cyprus,1975,21.186
cyprus,1976,21.788
cyprus,1977,22.389
cyprus,1978,22.991
cyprus,1979,23.592
cyprus,1980,24.194
cyprus,1981,24.822
cyprus,1982,25.451
cyprus,1983,26.080
cyprus,1984,26.709
cyprus,1985,27.337
cyprus,1986,27.966
cyprus,1987,28.759
cyprus,1988,29.470
cyprus,1989,30.180
cyprus,1990,30.481
cyprus,1991,29.798
cyprus,1992,29.114
cyprus,1993,28.431
cyprus,1994,27.513
cyprus,1995,26.595
cyprus,1996,25.678
cyprus,1997,24.760
cyprus,1998,23.842
cyprus,1999,22.924
cyprus,2000,22.007
cyprus,2001,20.495
cyprus,2002,23.332
cyprus,2003,23.152
cyprus,2004,22.972
cyprus,2005,22.791
cyprus,2006,22.611
cyprus,2007,22.430
cyprus,2008,21.938
cyprus,2009,25.191
cyprus,2010,27.460
cyprus,2011,30.180
cyprus,2012,34.896
cyprus,2013,28.267
cyprus,2014,29.661
cyprus,2015,31.711
cyprus,2016,29.798
cyprus,2017,29.524
cyprus,2018,28.294
cyprus,2019,27.611
cyprus,2020,31.575
cyprus,2021,32.121
cyprus,2022,30.481
czechia,1993,23.060
czechia,1994,21.960
czechia,1995,20.861
czechia,1996,19.908
czechia,1997,37.903
czechia,1998,36.126
czechia,1999,34.348
czechia,2000,32.571
czechia,2001,30.793
czechia,2002,29.016
czechia,2003,29.203
czechia,2004,29.390
czechia,2005,29.577
czechia,2006,29.764
czechia,2007,29.951
czechia,2008,30.231
czechia,2009,29.608
czechia,2010,29.668
czechia,2011,28.695
czechia,2012,27.987
czechia,2013,25.096
czechia,2014,25.091
czechia,2015,24.383
czechia,2016,24.860
czechia,2017,24.787
czechia,2018,24.179
czechia,2019,22.901
czechia,2020,20.773
czechia,2021,20.514
czechia,2022,21.974
democratic_people_s_republic_of_korea,2000,27.413
democratic_people_s_republic_of_korea,2001,27.479
democratic_people_s_republic_of_korea,2002,27.544
democratic_people_s_republic_of_korea,2003,27.609
democratic_people_s_republic_of_korea,2004,27.675
democratic_people_s_republic_of_korea,2005,27.740
democratic_people_s_republic_of_korea,2006,27.740
democratic_people_s_republic_of_korea,2007,27.740
democratic_people_s_republic_of_korea,2008,27.740
democratic_people_s_republic_of_korea,2009,27.740
democratic_people_s_republic_of_korea,2010,27.740
democratic_people_s_republic_of_korea,2011,27.740
democratic_people_s_republic_of_korea,2012,27.740
democratic_people_s_republic_of_korea,2013,27.740
democratic_people_s_republic_of_korea,2014,27.740
democratic_people_s_republic_of_korea,2015,27.740
democratic_people_s_republic_of_korea,2016,27.740
democratic_people_s_republic_of_korea,2017,27.740
democratic_people_s_republic_of_korea,2018,27.740
democratic_people_s_republic_of_korea,2019,27.740
democratic_people_s_republic_of_korea,2020,27.740
democratic_people_s_republic_of_korea,2021,27.740
democratic_people_s_republic_of_korea,2022,27.740
democratic_republic_of_the_congo,1995,0.15802
democratic_republic_of_the_congo,1996,0.16518
democratic_republic_of_the_congo,1997,0.17235
democratic_republic_of_the_congo,1998,0.17952
democratic_republic_of_the_congo,1999,0.18669
democratic_republic_of_the_congo,2000,0.19386
democratic_republic_of_the_congo,2001,0.20046
democratic_republic_of_the_congo,2002,0.20707
democratic_republic_of_the_congo,2003,0.21367
democratic_republic_of_the_congo,2004,0.22028
democratic_republic_of_the_congo,2005,0.22688
democratic_republic_of_the_congo,2006,0.22688
democratic_republic_of_the_congo,2007,0.22688
democratic_republic_of_the_congo,2008,0.22688
democratic_republic_of_the_congo,2009,0.22688
democratic_republic_of_the_congo,2010,0.22688
democratic_republic_of_the_congo,2011,0.22688
democratic_republic_of_the_congo,2012,0.22688
democratic_republic_of_the_congo,2013,0.22688
democratic_republic_of_the_congo,2014,0.22688
democratic_republic_of_the_congo,2015,0.22688
democratic_republic_of_the_congo,2016,0.22688
democratic_republic_of_the_congo,2017,0.22688
democratic_republic_of_the_congo,2018,0.22688
democratic_republic_of_the_congo,2019,0.22688
democratic_republic_of_the_congo,2020,0.22688
democratic_republic_of_the_congo,2021,0.22688
democratic_republic_of_the_congo,2022,0.22688
denmark,1970,19.470
denmark,1971,22.093
denmark,1972,24.716
denmark,1973,27.339
denmark,1974,29.962
denmark,1975,32.585
denmark,1976,32.585
denmark,1977,32.585
denmark,1978,32.585
denmark,1979,32.585
denmark,1980,32.585
denmark,1981,35.289
denmark,1982,37.994
denmark,1983,40.698
denmark,1984,43.402
denmark,1985,46.106
denmark,1986,41.148
denmark,1987,36.191
denmark,1988,31.233
denmark,1989,33.168
denmark,1990,35.103
denmark,1991,33.633
denmark,1992,32.162
denmark,1993,30.692
denmark,1994,29.222
denmark,1995,27.751
denmark,1996,26.281
denmark,1997,24.811
denmark,1998,23.382
denmark,1999,21.954
denmark,2000,20.526
denmark,2001,19.097
denmark,2002,17.669
denmark,2003,17.451
denmark,2004,17.233
denmark,2005,17.015
denmark,2006,16.017
denmark,2007,15.019
denmark,2008,18.821
denmark,2009,17.839
denmark,2010,21.874
denmark,2011,23.410
denmark,2012,19.700
denmark,2013,27.285
denmark,2014,26.750
denmark,2015,21.952
denmark,2016,23.986
denmark,2017,24.224
denmark,2018,29.903
denmark,2019,25.570
denmark,2020,25.616
denmark,2021,25.937
denmark,2022,25.266
djibouti,1985,2.6667
djibouti,1986,2.9111
djibouti,1987,3.1556
djibouti,1988,3.4000
djibouti,1989,3.6444
djibouti,1990,3.8889
djibouti,1991,4.1333
djibouti,1992,4.3778
djibouti,1993,4.6222
djibouti,1994,4.8333
djibouti,1995,5.1111
djibouti,1996,5.3556
djibouti,1997,5.6000
djibouti,1998,5.8111
djibouti,1999,6.0889
djibouti,2000,6.3333
djibouti,2001,6.3333
djibouti,2002,6.3333
djibouti,2003,6.3333
djibouti,2004,6.3333
djibouti,2005,6.3333
djibouti,2006,6.3333
djibouti,2007,6.3333
djibouti,2008,6.3333
djibouti,2009,6.3333
djibouti,2010,6.3333
djibouti,2011,6.3333
djibouti,2012,6.3333
djibouti,2013,6.3333
djibouti,2014,6.3333
djibouti,2015,6.3333
djibouti,2016,6.3333
djibouti,2017,6.3333
djibouti,2018,6.3333
djibouti,2019,6.3333
djibouti,2020,6.3333
djibouti,2021,6.3333
djibouti,2022,6.3333
dominica,1996,8.3000
dominica,1997,8.3000
dominica,1998,8.3000
dominica,1999,8.3000
dominica,2000,8.3000
dominica,2001,8.3000
dominica,2002,8.3000
dominica,2003,8.3000
dominica,2004,8.3000
dominica,2005,8.5833
dominica,2006,8.8667
dominica,2007,9.1500
dominica,2008,9.4333
dominica,2009,9.7167
dominica,2010,10.000
dominica,2011,10.000
dominica,2012,10.000
dominica,2013,10.000
dominica,2014,10.000
dominica,2015,10.000
dominica,2016,10.000
dominica,2017,10.000
dominica,2018,10.000
dominica,2019,10.000
dominica,2020,10.000
dominica,2021,10.000
dominica,2022,10.000
dominican_republic,2000,26.962
dominican_republic,2001,27.611
dominican_republic,2002,28.261
dominican_republic,2003,28.910
dominican_republic,2004,29.560
dominican_republic,2005,30.209
dominican_republic,2006,32.078
dominican_republic,2007,33.947
dominican_republic,2008,35.816
dominican_republic,2009,37.685
dominican_republic,2010,39.553
dominican_republic,2011,39.553
dominican_republic,2012,39.553
dominican_republic,2013,39.553
dominican_republic,2014,39.553
dominican_republic,2015,39.553
dominican_republic,2016,39.553
dominican_republic,2017,39.553
dominican_republic,2018,39.553
dominican_republic,2019,39.553
dominican_republic,2020,39.553
dominican_republic,2021,39.553
dominican_republic,2022,39.553
eastern_and_south_eastern_asia,2000,28.443
eastern_and_south_eastern_asia,2001,28.678
eastern_and_south_eastern_asia,2002,28.911
eastern_and_south_eastern_asia,2003,29.199
eastern_and_south_eastern_asia,2004,29.060
eastern_and_south_eastern_asia,2005,28.585
eastern_and_south_eastern_asia,2006,28.204
eastern_and_south_eastern_asia,2007,28.726
eastern_and_south_eastern_asia,2008,29.105
eastern_and_south_eastern_asia,2009,29.427
eastern_and_south_eastern_asia,2010,29.740
eastern_and_south_eastern_asia,2011,30.147
eastern_and_south_eastern_asia,2012,30.427
eastern_and_south_eastern_asia,2013,30.712
eastern_and_south_eastern_asia,2014,30.648
eastern_and_south_eastern_asia,2015,30.831
eastern_and_south_eastern_asia,2016,31.337
eastern_and_south_eastern_asia,2017,31.242
eastern_and_south_eastern_asia,2018,31.161
eastern_and_south_eastern_asia,2019,30.954
eastern_and_south_eastern_asia,2020,30.431
eastern_and_south_eastern_asia,2021,30.466
eastern_and_south_eastern_asia,2022,30.515
eastern_asia,2000,43.600
eastern_asia,2001,43.500
eastern_asia,2002,43.399
eastern_asia,2003,43.421
eastern_asia,2004,43.443
eastern_asia,2005,43.463
eastern_asia,2006,44.337
eastern_asia,2007,44.361
eastern_asia,2008,44.788
eastern_asia,2009,45.195
eastern_asia,2010,45.413
eastern_asia,2011,45.923
eastern_asia,2012,46.152
eastern_asia,2013,46.394
eastern_asia,2014,45.775
eastern_asia,2015,45.657
eastern_asia,2016,46.430
eastern_asia,2017,45.903
eastern_asia,2018,45.677
eastern_asia,2019,45.553
eastern_asia,2020,44.145
eastern_asia,2021,44.145
eastern_asia,2022,44.145
ecuador,2000,6.4065
ecuador,2001,6.4817
ecuador,2002,6.5568
ecuador,2003,6.6320
ecuador,2004,6.7072
ecuador,2005,6.7824
ecuador,2006,6.7824
ecuador,2007,6.7824
ecuador,2008,6.7824
ecuador,2009,6.7824
ecuador,2010,6.7824
ecuador,2011,6.7824
ecuador,2012,6.7824
ecuador,2013,6.7824
ecuador,2014,6.7824
ecuador,2015,6.7824
ecuador,2016,6.7824
ecuador,2017,6.7824
ecuador,2018,6.7824
ecuador,2019,6.7824
ecuador,2020,6.7824
ecuador,2021,6.7824
ecuador,2022,6.7824
egypt,1975,87.796
egypt,1976,88.494
egypt,1977,89.192
egypt,1978,89.891
egypt,1979,90.589
egypt,1980,91.287
egypt,1981,91.985
egypt,1982,92.684
egypt,1983,93.382
egypt,1984,94.080
egypt,1985,94.778
egypt,1986,95.477
egypt,1987,96.175
egypt,1988,96.873
egypt,1989,97.571
egypt,1990,98.224
egypt,1991,98.922
egypt,1992,99.621
egypt,1993,99.954
egypt,1994,103.24
egypt,1995,106.52
egypt,1996,109.81
egypt,1997,113.10
egypt,1998,116.39
egypt,1999,119.68
egypt,2000,103.88
egypt,2001,106.93
egypt,2002,109.99
egypt,2003,113.04
egypt,2004,116.10
egypt,2005,119.15
egypt,2006,122.21
egypt,2007,125.26
egypt,2008,128.32
egypt,2009,131.37
egypt,2010,134.43
egypt,2011,130.51
egypt,2012,131.69
egypt,2013,132.97
egypt,2014,110.56
egypt,2015,110.93
egypt,2016,110.47
egypt,2017,141.17
egypt,2018,141.17
egypt,2019,141.17
egypt,2020,141.17
egypt,2021,141.17
egypt,2022,141.17
el_salvador,1992,4.5471
el_salvador,1993,5.0515
el_salvador,1994,5.5560
el_salvador,1995,6.0604
el_salvador,1996,6.5649
el_salvador,1997,7.0693
el_salvador,1998,7.5738
el_salvador,1999,8.0782
el_salvador,2000,8.5827
el_salvador,2001,9.5087
el_salvador,2002,10.435
el_salvador,2003,11.361
el_salvador,2004,12.286
el_salvador,2005,13.213
el_salvador,2006,13.147
el_salvador,2007,13.081
el_salvador,2008,13.015
el_salvador,2009,12.949
el_salvador,2010,12.883
el_salvador,2011,12.818
el_salvador,2012,12.752
el_salvador,2013,12.686
el_salvador,2014,12.620
el_salvador,2015,12.554
el_salvador,2016,12.488
el_salvador,2017,12.422
el_salvador,2018,12.357
el_salvador,2019,12.291
el_salvador,2020,12.225
el_salvador,2021,12.159
el_salvador,2022,12.093
equatorial_guinea,1987,0.092678
equatorial_guinea,1988,0.097954
equatorial_guinea,1989,0.10323
equatorial_guinea,1990,0.10851
equatorial_guinea,1991,0.11378
equatorial_guinea,1992,0.11906
equatorial_guinea,1993,0.12433
equatorial_guinea,1994,0.12961
equatorial_guinea,1995,0.13488
equatorial_guinea,1996,0.14016
equatorial_guinea,1997,0.14543
equatorial_guinea,1998,0.15071
equatorial_guinea,1999,0.15598
equatorial_guinea,2000,0.16126
equatorial_guinea,2001,0.16571
equatorial_guinea,2002,0.17016
equatorial_guinea,2003,0.17461
equatorial_guinea,2004,0.17905
equatorial_guinea,2005,0.18350
equatorial_guinea,2006,0.18350
equatorial_guinea,2007,0.18350
equatorial_guinea,2008,0.18350
equatorial_guinea,2009,0.18350
equatorial_guinea,2010,0.18350
equatorial_guinea,2011,0.18350
equatorial_guinea,2012,0.18350
equatorial_guinea,2013,0.18350
equatorial_guinea,2014,0.18350
equatorial_guinea,2015,0.18350
equatorial_guinea,2016,0.18350
equatorial_guinea,2017,0.18350
equatorial_guinea,2018,0.18350
equatorial_guinea,2019,0.18350
equatorial_guinea,2020,0.18350
equatorial_guinea,2021,0.18350
equatorial_guinea,2022,0.18350
eritrea,2000,7.9378
eritrea,2001,8.7471
eritrea,2002,9.5565
eritrea,2003,10.366
eritrea,2004,11.175
eritrea,2005,11.175
eritrea,2006,11.175
eritrea,2007,11.175
eritrea,2008,11.175
eritrea,2009,11.175
eritrea,2010,11.175
eritrea,2011,11.175
eritrea,2012,11.175
eritrea,2013,11.175
eritrea,2014,11.175
eritrea,2015,11.175
eritrea,2016,11.175
eritrea,2017,11.175
eritrea,2018,11.175
eritrea,2019,11.175
eritrea,2020,11.175
eritrea,2021,11.175
eritrea,2022,11.175
estonia,1992,28.463
estonia,1993,23.874
estonia,1994,19.286
estonia,1995,14.697
estonia,1996,14.783
estonia,1997,14.868
estonia,1998,14.954
estonia,1999,15.040
estonia,2000,15.125
estonia,2001,15.211
estonia,2002,15.297
estonia,2003,16.207
estonia,2004,17.117
estonia,2005,18.027
estonia,2006,18.937
estonia,2007,19.847
estonia,2008,17.359
estonia,2009,14.913
estonia,2010,19.935
estonia,2011,20.281
estonia,2012,17.652
estonia,2013,18.918
estonia,2014,18.615
estonia,2015,17.482
estonia,2016,18.955
estonia,2017,19.317
estonia,2018,17.408
estonia,2019,10.892
estonia,2020,9.2311
estonia,2021,10.820
estonia,2022,13.046
eswatini,1980,47.712
eswatini,1981,49.110
eswatini,1982,50.508
eswatini,1983,51.906
eswatini,1984,53.304
eswatini,1985,54.702
eswatini,1986,56.100
eswatini,1987,57.498
eswatini,1988,58.896
eswatini,1989,60.294
eswatini,1990,61.692
eswatini,1991,63.090
eswatini,1992,64.488
eswatini,1993,65.886
eswatini,1994,67.284
eswatini,1995,68.682
eswatini,1996,70.080
eswatini,1997,71.478
eswatini,1998,72.876
eswatini,1999,74.274
eswatini,2000,75.672
eswatini,2001,76.049
eswatini,2002,76.427
eswatini,2003,76.805
eswatini,2004,77.182
eswatini,2005,77.560
eswatini,2006,77.560
eswatini,2007,77.560
eswatini,2008,77.560
eswatini,2009,77.560
eswatini,2010,77.560
eswatini,2011,77.560
eswatini,2012,77.560
eswatini,2013,77.560
eswatini,2014,77.560
eswatini,2015,77.560
eswatini,2016,77.560
eswatini,2017,77.560
eswatini,2018,77.560
eswatini,2019,77.560
eswatini,2020,77.560
eswatini,2021,77.560
eswatini,2022,77.560
ethiopia,2002,16.997
ethiopia,2003,19.345
ethiopia,2004,21.692
ethiopia,2005,24.040
ethiopia,2006,24.787
ethiopia,2007,25.535
ethiopia,2008,26.283
ethiopia,2009,27.028
ethiopia,2010,27.775
ethiopia,2011,28.522
ethiopia,2012,29.269
ethiopia,2013,30.016
ethiopia,2014,30.763
ethiopia,2015,31.510
ethiopia,2016,32.263
ethiopia,2017,32.257
ethiopia,2018,32.257
ethiopia,2019,32.257
ethiopia,2020,32.257
ethiopia,2021,32.257
ethiopia,2022,32.257
europe,2000,10.732
europe,2001,10.314
europe,2002,10.268
europe,2003,10.181
europe,2004,10.082
europe,2005,10.132
europe,2006,9.9024
europe,2007,9.4081
europe,2008,10.085
europe,2009,9.5476
europe,2010,9.4237
europe,2011,9.2853
europe,2012,9.1669
europe,2013,8.6225
europe,2014,8.9162
europe,2015,8.5465
europe,2016,8.4106
europe,2017,8.5211
europe,2018,8.5118
europe,2019,8.4290
europe,2020,8.3295
europe,2021,8.3386
europe,2022,8.2758
europe_and_northern_america,2000,14.152
europe_and_northern_america,2001,13.938
europe_and_northern_america,2002,13.957
europe_and_northern_america,2003,13.924
europe_and_northern_america,2004,13.885
europe_and_northern_america,2005,13.927
europe_and_northern_america,2006,13.605
europe_and_northern_america,2007,13.119
europe_and_northern_america,2008,13.278
europe_and_northern_america,2009,12.772
europe_and_northern_america,2010,12.486
europe_and_northern_america,2011,12.466
europe_and_northern_america,2012,12.497
europe_and_northern_america,2013,12.293
europe_and_northern_america,2014,12.524
europe_and_northern_america,2015,12.390
europe_and_northern_america,2016,12.320
europe_and_northern_america,2017,12.385
europe_and_northern_america,2018,12.395
europe_and_northern_america,2019,12.349
europe_and_northern_america,2020,12.318
europe_and_northern_america,2021,12.321
europe_and_northern_america,2022,12.287
fiji,1987,0.10508
fiji,1988,0.11901
fiji,1989,0.13294
fiji,1990,0.14687
fiji,1991,0.16080
fiji,1992,0.17473
fiji,1993,0.18866
fiji,1994,0.20259
fiji,1995,0.21652
fiji,1996,0.23045
fiji,1997,0.24438
fiji,1998,0.25831
fiji,1999,0.27223
fiji,2000,0.28616
fiji,2001,0.28841
fiji,2002,0.29065
fiji,2003,0.29289
fiji,2004,0.29513
fiji,2005,0.29737
fiji,2006,0.29737
fiji,2007,0.29737
fiji,2008,0.29737
fiji,2009,0.29737
fiji,2010,0.29737
fiji,2011,0.29737
fiji,2012,0.29737
fiji,2013,0.29737
fiji,2014,0.29737
fiji,2015,0.29737
fiji,2016,0.29737
fiji,2017,0.29737
fiji,2018,0.29737
fiji,2019,0.29737
fiji,2020,0.29737
fiji,2021,0.29737
fiji,2022,0.29737
finland,1970,7.8255
finland,1971,7.9440
finland,1972,8.0626
finland,1973,8.1812
finland,1974,8.2997
finland,1975,8.4183
finland,1976,8.4894
finland,1977,8.5606
finland,1978,8.6317
finland,1979,8.7029
finland,1980,8.7740
finland,1981,8.9163
finland,1982,9.0586
finland,1983,9.2009
finland,1984,9.3431
finland,1985,9.4854
finland,1986,8.6920
finland,1987,7.8985
finland,1988,7.1051
finland,1989,6.3116
finland,1990,5.5181
finland,1991,5.6410
finland,1992,5.7638
finland,1993,5.8866
finland,1994,6.0095
finland,1995,6.1323
finland,1996,5.9792
finland,1997,5.8261
finland,1998,5.6729
finland,1999,5.5198
finland,2000,6.9612
finland,2001,8.4027
finland,2002,9.8441
finland,2003,11.273
finland,2004,12.702
finland,2005,14.132
finland,2006,15.561
finland,2007,14.550
finland,2008,13.539
finland,2009,12.529
finland,2010,11.518
finland,2011,10.507
finland,2012,9.4968
finland,2013,8.4861
finland,2014,7.4755
finland,2015,6.4648
finland,2016,5.4541
finland,2017,5.4541
finland,2018,6.6398
finland,2019,7.1141
finland,2020,7.1141
finland,2021,7.1141
finland,2022,7.1141
france,1980,27.107
france,1981,27.793
france,1982,28.479
france,1983,29.165
france,1984,29.851
france,1985,30.538
france,1986,31.027
france,1987,31.517
france,1988,32.007
france,1989,32.497
france,1990,32.987
france,1991,33.660
france,1992,34.333
france,1993,32.777
france,1994,31.221
france,1995,29.665
france,1996,28.109
france,1997,26.553
france,1998,27.244
france,1999,27.935
france,2000,28.626
france,2001,28.475
france,2002,28.324
france,2003,28.643
france,2004,28.962
france,2005,29.281
france,2006,28.206
france,2007,27.131
france,2008,25.090
france,2009,24.924
france,2010,25.018
france,2011,26.391
france,2012,24.567
france,2013,23.774
france,2014,23.897
france,2015,24.613
france,2016,23.143
france,2017,23.589
france,2018,23.569
france,2019,22.947
france,2020,21.598
france,2021,21.385
france,2022,21.385
gabon,1987,0.21661
gabon,1988,0.23335
gabon,1989,0.25010
gabon,1990,0.26684
gabon,1991,0.28359
gabon,1992,0.30033
gabon,1993,0.31708
gabon,1994,0.33382
gabon,1995,0.35057
gabon,1996,0.36731
gabon,1997,0.38406
gabon,1998,0.40081
gabon,1999,0.41755
gabon,2000,0.43430
gabon,2001,0.44787
gabon,2002,0.46144
gabon,2003,0.47502
gabon,2004,0.48859
gabon,2005,0.50217
gabon,2006,0.50217
gabon,2007,0.50217
gabon,2008,0.50217
gabon,2009,0.50217
gabon,2010,0.50217
gabon,2011,0.50217
gabon,2012,0.50217
gabon,2013,0.50217
gabon,2014,0.50217
gabon,2015,0.50217
gabon,2016,0.50217
gabon,2017,0.50217
gabon,2018,0.50217
gabon,2019,0.50217
gabon,2020,0.50217
gabon,2021,0.50217
gabon,2022,0.50217
gambia,1982,0.43497
gambia,1983,0.52165
gambia,1984,0.60832
gambia,1985,0.69500
gambia,1986,0.78167
gambia,1987,0.86834
gambia,1988,0.95502
gambia,1989,1.0417
gambia,1990,1.1284
gambia,1991,1.2150
gambia,1992,1.3017
gambia,1993,1.3884
gambia,1994,1.4751
gambia,1995,1.5617
gambia,1996,1.6484
gambia,1997,1.7351
gambia,1998,1.8218
gambia,1999,1.9084
gambia,2000,1.9682
gambia,2001,2.0165
gambia,2002,2.0648
gambia,2003,2.1131
gambia,2004,2.1614
gambia,2005,2.2097
gambia,2006,2.2097
gambia,2007,2.2097
gambia,2008,2.2097
gambia,2009,2.2097
gambia,2010,2.2097
gambia,2011,2.2097
gambia,2012,2.2097
gambia,2013,2.2097
gambia,2014,2.2097
gambia,2015,2.2097
gambia,2016,2.2097
gambia,2017,2.2097
gambia,2018,2.2097
gambia,2019,2.2097
gambia,2020,2.2097
gambia,2021,2.2097
gambia,2022,2.2097
georgia,1992,10.285
georgia,1993,9.7793
georgia,1994,9.2737
georgia,1995,8.7680
georgia,1996,8.2623
georgia,1997,7.7566
georgia,1998,7.2509
georgia,1999,6.7452
georgia,2000,6.2395
georgia,2001,6.1727
georgia,2002,6.1059
georgia,2003,6.0391
georgia,2004,5.9723
georgia,2005,5.9055
georgia,2006,5.9164
georgia,2007,5.9273
georgia,2008,5.9381
georgia,2009,5.8425
georgia,2010,5.7469
georgia,2011,5.6512
georgia,2012,5.5556
georgia,2013,5.4600
georgia,2014,5.3644
georgia,2015,5.2687
georgia,2016,5.1731
georgia,2017,4.4773
georgia,2018,4.2056
georgia,2019,5.1210
georgia,2020,5.3867
georgia,2021,5.2410
georgia,2022,4.2130
germany,1991,63.421
germany,1992,68.460
germany,1993,67.900
germany,1994,67.434
germany,1995,66.928
germany,1996,65.468
germany,1997,64.943
germany,1998,62.783
germany,1999,62.186
germany,2000,61.523
germany,2001,61.302
germany,2002,60.934
germany,2003,58.862
germany,2004,56.945
germany,2005,55.287
germany,2006,54.458
germany,2007,44.209
germany,2008,53.275
germany,2009,54.397
germany,2010,45.218
germany,2011,49.922
germany,2012,46.117
germany,2013,34.712
germany,2014,42.911
germany,2015,40.890
germany,2016,33.502
germany,2017,38.032
germany,2018,36.898
germany,2019,35.352
germany,2020,35.352
germany,2021,35.352
germany,2022,35.352
ghana,1970,1.3078
ghana,1971,1.4069
ghana,1972,1.5060
ghana,1973,1.6051
ghana,1974,1.7042
ghana,1975,1.8033
ghana,1976,1.9024
ghana,1977,2.0015
ghana,1978,2.1006
ghana,1979,2.1997
ghana,1980,2.2988
ghana,1981,2.3978
ghana,1982,2.4969
ghana,1983,2.5960
ghana,1984,2.6951
ghana,1985,2.7942
ghana,1986,2.8933
ghana,1987,2.9924
ghana,1988,3.0915
ghana,1989,3.1906
ghana,1990,3.2897
ghana,1991,3.3888
ghana,1992,3.4879
ghana,1993,3.5870
ghana,1994,3.6861
ghana,1995,3.7852
ghana,1996,3.8843
ghana,1997,3.9834
ghana,1998,4.0825
ghana,1999,4.1816
ghana,2000,4.2807
ghana,2001,4.3990
ghana,2002,4.5172
ghana,2003,4.6355
ghana,2004,4.7537
ghana,2005,4.8719
ghana,2006,4.9902
ghana,2007,5.1084
ghana,2008,5.2267
ghana,2009,5.3449
ghana,2010,5.4632
ghana,2011,5.5945
ghana,2012,5.7345
ghana,2013,5.8310
ghana,2014,5.9327
ghana,2015,6.2706
ghana,2016,6.3147
ghana,2017,6.3147
ghana,2018,6.3147
ghana,2019,6.3147
ghana,2020,6.3147
ghana,2021,6.3147
ghana,2022,6.3147
greece,1970,8.6061
greece,1971,8.6149
greece,1972,8.6238
greece,1973,8.6326
greece,1974,8.6414
greece,1975,8.6502
greece,1976,8.9554
greece,1977,9.2605
greece,1978,9.5657
greece,1979,9.8708
greece,1980,10.176
greece,1981,10.361
greece,1982,10.545
greece,1983,10.730
greece,1984,10.914
greece,1985,11.099
greece,1986,12.056
greece,1987,13.013
greece,1988,13.970
greece,1989,14.928
greece,1990,15.885
greece,1991,16.073
greece,1992,16.261
greece,1993,16.092
greece,1994,15.923
greece,1995,15.754
greece,1996,16.662
greece,1997,17.570
greece,1998,17.793
greece,1999,18.016
greece,2000,18.239
greece,2001,18.462
greece,2002,18.685
greece,2003,18.960
greece,2004,19.235
greece,2005,19.509
greece,2006,19.485
greece,2007,19.461
greece,2008,19.620
greece,2009,19.780
greece,2010,19.938
greece,2011,20.099
greece,2012,20.099
greece,2013,20.079
greece,2014,20.061
greece,2015,20.045
greece,2016,20.506
greece,2017,20.502
greece,2018,20.477
greece,2019,20.463
greece,2020,20.477
greece,2021,20.407
greece,2022,20.326
grenada,2005,5.0000
grenada,2006,5.2278
grenada,2007,5.4556
grenada,2008,5.6833
grenada,2009,5.9111
grenada,2010,6.1389
grenada,2011,6.3667
grenada,2012,6.5944
grenada,2013,6.8222
grenada,2014,7.0500
grenada,2015,7.0500
grenada,2016,7.0500
grenada,2017,7.0500
grenada,2018,7.0500
grenada,2019,7.0500
grenada,2020,7.0500
grenada,2021,7.0500
grenada,2022,7.0500
guatemala,2001,4.1931
guatemala,2002,4.5029
guatemala,2003,4.8127
guatemala,2004,5.1225
guatemala,2005,5.4323
guatemala,2006,5.7421
guatemala,2007,5.7421
guatemala,2008,5.7421
guatemala,2009,5.7421
guatemala,2010,5.7421
guatemala,2011,5.7421
guatemala,2012,5.7421
guatemala,2013,5.7421
guatemala,2014,5.7421
guatemala,2015,5.7421
guatemala,2016,5.7421
guatemala,2017,5.7421
guatemala,2018,5.7421
guatemala,2019,5.7421
guatemala,2020,5.7421
guatemala,2021,5.7421
guatemala,2022,5.7421
guinea,1987,1.1385
guinea,1988,1.1193
guinea,1989,1.1001
guinea,1990,1.0809
guinea,1991,1.0618
guinea,1992,1.0426
guinea,1993,1.0234
guinea,1994,1.0043
guinea,1995,0.98509
guinea,1996,0.96592
guinea,1997,0.94675
guinea,1998,0.92757
guinea,1999,0.90840
guinea,2000,0.88923
guinea,2001,0.85692
guinea,2002,0.86346
guinea,2003,0.87000
guinea,2004,0.87654
guinea,2005,0.88308
guinea,2006,0.92047
guinea,2007,0.95787
guinea,2008,0.99527
guinea,2009,1.0327
guinea,2010,1.0701
guinea,2011,1.1075
guinea,2012,1.1449
guinea,2013,1.1822
guinea,2014,1.2196
guinea,2015,1.2570
guinea,2016,1.2944
guinea,2017,1.3318
guinea,2018,1.3692
guinea,2019,1.3692
guinea,2020,1.3692
guinea,2021,1.3692
guinea,2022,1.3692
guinea_bissau,1991,0.14188
guinea_bissau,1992,0.41265
guinea_bissau,1993,0.68342
guinea_bissau,1994,0.95419
guinea_bissau,1995,1.2250
guinea_bissau,1996,1.4957
guinea_bissau,1997,1.4957
guinea_bissau,1998,1.4957
guinea_bissau,1999,1.4957
guinea_bissau,2000,1.4957
guinea_bissau,2001,1.4957
guinea_bissau,2002,1.4957
guinea_bissau,2003,1.4957
guinea_bissau,2004,1.4957
guinea_bissau,2005,1.4957
guinea_bissau,2006,1.4957
guinea_bissau,2007,1.4957
guinea_bissau,2008,1.4957
guinea_bissau,2009,1.4957
guinea_bissau,2010,1.4957
guinea_bissau,2011,1.4957
guinea_bissau,2012,1.4957
guinea_bissau,2013,1.4957
guinea_bissau,2014,1.4957
guinea_bissau,2015,1.4957
guinea_bissau,2016,1.4957
guinea_bissau,2017,1.4957
guinea_bissau,2018,1.4957
guinea_bissau,2019,1.4957
guinea_bissau,2020,1.4957
guinea_bissau,2021,1.4957
guinea_bissau,2022,1.4957
guyana,1992,3.3333
guyana,1993,3.3847
guyana,1994,3.4361
guyana,1995,3.4874
guyana,1996,3.5388
guyana,1997,3.5902
guyana,1998,3.6416
guyana,1999,3.6929
guyana,2000,3.7443
guyana,2001,3.7092
guyana,2002,3.6742
guyana,2003,3.6391
guyana,2004,3.6040
guyana,2005,3.5689
guyana,2006,3.5148
guyana,2007,3.4607
guyana,2008,3.4066
guyana,2009,3.3525
guyana,2010,3.2984
guyana,2011,3.2984
guyana,2012,3.2984
guyana,2013,3.2984
guyana,2014,3.2984
guyana,2015,3.2984
guyana,2016,3.2984
guyana,2017,3.2984
guyana,2018,3.2984
guyana,2019,3.2984
guyana,2020,3.2984
guyana,2021,3.2984
guyana,2022,3.2984
haiti,1991,9.0447
haiti,1992,9.7478
haiti,1993,10.451
haiti,1994,11.154
haiti,1995,11.857
haiti,1996,11.966
haiti,1997,12.075
haiti,1998,12.184
haiti,1999,12.293
haiti,2000,12.402
haiti,2001,12.511
haiti,2002,12.620
haiti,2003,12.730
haiti,2004,12.839
haiti,2005,12.948
haiti,2006,13.057
haiti,2007,13.166
haiti,2008,13.275
haiti,2009,13.384
haiti,2010,13.384
haiti,2011,13.384
haiti,2012,13.384
haiti,2013,13.384
haiti,2014,13.384
haiti,2015,13.384
haiti,2016,13.384
haiti,2017,13.384
haiti,2018,13.384
haiti,2019,13.384
haiti,2020,13.384
haiti,2021,13.384
haiti,2022,13.384
honduras,2003,4.6213
honduras,2004,4.6213
honduras,2005,4.6213
honduras,2006,4.6213
honduras,2007,4.6213
honduras,2008,4.6213
honduras,2009,4.6213
honduras,2010,4.6213
honduras,2011,4.6213
honduras,2012,4.6213
honduras,2013,4.6213
honduras,2014,4.6213
honduras,2015,4.6213
honduras,2016,4.6213
honduras,2017,4.6213
honduras,2018,4.6213
honduras,2019,4.6213
honduras,2020,4.6213
honduras,2021,4.6213
honduras,2022,4.6213
hungary,1970,5.1475
hungary,1971,5.4879
hungary,1972,5.8283
hungary,1973,6.1686
hungary,1974,6.5090
hungary,1975,6.8494
hungary,1976,7.1393
hungary,1977,7.4292
hungary,1978,7.7190
hungary,1979,8.0089
hungary,1980,8.2988
hungary,1981,8.8326
hungary,1982,9.3665
hungary,1983,9.9003
hungary,1984,10.434
hungary,1985,10.968
hungary,1986,11.162
hungary,1987,11.356
hungary,1988,11.550
hungary,1989,11.744
hungary,1990,11.938
hungary,1991,12.132
hungary,1992,12.326
hungary,1993,11.840
hungary,1994,11.354
hungary,1995,10.867
hungary,1996,10.381
hungary,1997,10.309
hungary,1998,10.237
hungary,1999,10.165
hungary,2000,10.092
hungary,2001,10.020
hungary,2002,9.9482
hungary,2003,9.8538
hungary,2004,9.7594
hungary,2005,9.6649
hungary,2006,9.5705
hungary,2007,9.4761
hungary,2008,9.3817
hungary,2009,10.953
hungary,2010,9.2746
hungary,2011,9.0242
hungary,2012,8.7237
hungary,2013,9.0674
hungary,2014,6.7755
hungary,2015,6.9603
hungary,2016,6.8377
hungary,2017,8.1805
hungary,2018,8.4948
hungary,2019,7.7082
hungary,2020,7.7399
hungary,2021,7.7183
hungary,2022,8.1085
iceland,1980,0.14676
iceland,1981,0.14785
iceland,1982,0.14893
iceland,1983,0.15002
iceland,1984,0.15111
iceland,1985,0.15219
iceland,1986,0.16714
iceland,1987,0.18209
iceland,1988,0.19704
iceland,1989,0.21199
iceland,1990,0.22693
iceland,1991,0.22693
iceland,1992,0.22693
iceland,1993,0.22625
iceland,1994,0.22557
iceland,1995,0.22489
iceland,1996,0.22422
iceland,1997,0.22354
iceland,1998,0.22286
iceland,1999,0.22218
iceland,2000,0.22150
iceland,2001,0.22286
iceland,2002,0.22422
iceland,2003,0.22422
iceland,2004,0.22422
iceland,2005,0.24644
iceland,2006,0.26867
iceland,2007,0.29090
iceland,2008,0.31313
iceland,2009,0.33536
iceland,2010,0.35759
iceland,2011,0.37869
iceland,2012,0.39951
iceland,2013,0.39557
iceland,2014,0.37424
iceland,2015,0.37981
iceland,2016,0.35331
iceland,2017,0.39408
iceland,2018,0.39408
iceland,2019,0.39408
iceland,2020,0.39408
iceland,2021,0.39408
iceland,2022,0.39408
india,1975,39.022
india,1976,40.221
india,1977,41.419
india,1978,42.618
india,1979,43.816
india,1980,45.014
india,1981,46.213
india,1982,47.411
india,1983,48.610
india,1984,49.808
india,1985,51.006
india,1986,51.074
india,1987,51.142
india,1988,51.210
india,1989,51.277
india,1990,51.345
india,1991,52.479
india,1992,53.613
india,1993,54.746
india,1994,55.880
india,1995,57.014
india,1996,58.147
india,1997,59.281
india,1998,60.415
india,1999,61.549
india,2000,62.682
india,2001,64.229
india,2002,65.775
india,2003,67.322
india,2004,64.206
india,2005,64.587
india,2006,64.968
india,2007,65.349
india,2008,65.730
india,2009,66.111
india,2010,66.492
india,2011,66.492
india,2012,66.492
india,2013,66.492
india,2014,66.492
india,2015,66.492
india,2016,66.492
india,2017,66.492
india,2018,66.492
india,2019,66.492
india,2020,66.492
india,2021,66.492
india,2022,66.492
indonesia,1990,9.9141
indonesia,1991,10.434
indonesia,1992,10.953
indonesia,1993,11.473
indonesia,1994,11.992
indonesia,1995,12.511
indonesia,1996,13.031
indonesia,1997,13.550
indonesia,1998,14.070
indonesia,1999,14.589
indonesia,2000,15.109
indonesia,2001,16.020
indonesia,2002,16.932
indonesia,2003,17.844
indonesia,2004,18.756
indonesia,2005,19.667
indonesia,2006,20.579
indonesia,2007,21.491
indonesia,2008,22.403
indonesia,2009,23.314
indonesia,2010,24.226
indonesia,2011,25.138
indonesia,2012,26.050
indonesia,2013,26.961
indonesia,2014,27.873
indonesia,2015,28.785
indonesia,2016,29.697
indonesia,2017,29.697
indonesia,2018,29.697
indonesia,2019,29.697
indonesia,2020,29.697
indonesia,2021,29.697
indonesia,2022,29.697
iran_islamic_republic_of,1975,39.355
iran_islamic_republic_of,1976,40.571
iran_islamic_republic_of,1977,41.787
iran_islamic_republic_of,1978,43.004
iran_islamic_republic_of,1979,44.220
iran_islamic_republic_of,1980,45.437
iran_islamic_republic_of,1981,46.654
iran_islamic_republic_of,1982,47.870
iran_islamic_republic_of,1983,49.087
iran_islamic_republic_of,1984,50.303
iran_islamic_republic_of,1985,51.520
iran_islamic_republic_of,1986,52.737
iran_islamic_republic_of,1987,53.953
iran_islamic_republic_of,1988,55.170
iran_islamic_republic_of,1989,56.386
iran_islamic_republic_of,1990,57.603
iran_islamic_republic_of,1991,58.817
iran_islamic_republic_of,1992,60.033
iran_islamic_republic_of,1993,61.250
iran_islamic_republic_of,1994,66.917
iran_islamic_republic_of,1995,72.585
iran_islamic_republic_of,1996,73.547
iran_islamic_republic_of,1997,74.509
iran_islamic_republic_of,1998,75.471
iran_islamic_republic_of,1999,76.433
iran_islamic_republic_of,2000,77.395
iran_islamic_republic_of,2001,78.401
iran_islamic_republic_of,2002,79.407
iran_islamic_republic_of,2003,80.414
iran_islamic_republic_of,2004,81.289
iran_islamic_republic_of,2005,81.289
iran_islamic_republic_of,2006,81.289
iran_islamic_republic_of,2007,81.289
iran_islamic_republic_of,2008,81.289
iran_islamic_republic_of,2009,81.289
iran_islamic_republic_of,2010,81.289
iran_islamic_republic_of,2011,81.289
iran_islamic_republic_of,2012,81.289
iran_islamic_republic_of,2013,81.289
iran_islamic_republic_of,2014,81.289
iran_islamic_republic_of,2015,81.289
iran_islamic_republic_of,2016,81.289
iran_islamic_republic_of,2017,81.289
iran_islamic_republic_of,2018,81.289
iran_islamic_republic_of,2019,81.289
iran_islamic_republic_of,2020,81.289
iran_islamic_republic_of,2021,81.289
iran_islamic_republic_of,2022,81.289
iraq,1975,56.966
iraq,1976,57.032
iraq,1977,57.098
iraq,1978,57.164
iraq,1979,57.230
iraq,1980,57.296
iraq,1981,57.360
iraq,1982,57.423
iraq,1983,57.486
iraq,1984,57.549
iraq,1985,57.612
iraq,1986,58.112
iraq,1987,58.612
iraq,1988,59.112
iraq,1989,59.612
iraq,1990,60.112
iraq,1991,63.371
iraq,1992,66.629
iraq,1993,69.888
iraq,1994,73.146
iraq,1995,76.404
iraq,1996,79.663
iraq,1997,82.911
iraq,1998,86.169
iraq,1999,89.428
iraq,2000,92.686
iraq,2001,90.077
iraq,2002,87.469
iraq,2003,84.860
iraq,2004,82.251
iraq,2005,79.642
iraq,2006,77.033
iraq,2007,74.425
iraq,2008,71.816
iraq,2009,69.207
iraq,2010,66.598
iraq,2011,63.989
iraq,2012,61.374
iraq,2013,58.765
iraq,2014,56.156
iraq,2015,49.022
iraq,2016,54.087
iraq,2017,60.482
iraq,2018,47.140
iraq,2019,79.520
iraq,2020,63.258
iraq,2021,59.584
iraq,2022,59.584
ireland,1980,5.1492
ireland,1981,5.1856
ireland,1982,5.2221
ireland,1983,5.2585
ireland,1984,5.2949
ireland,1985,5.3314
ireland,1986,5.3678
ireland,1987,5.4042
ireland,1988,5.4407
ireland,1989,5.4771
ireland,1990,5.5135
ireland,1991,5.5500
ireland,1992,5.5864
ireland,1993,5.6229
ireland,1994,5.6593
ireland,1995,5.4944
ireland,1996,5.3294
ireland,1997,5.1645
ireland,1998,4.9996
ireland,1999,4.8346
ireland,2000,4.6697
ireland,2001,4.5048
ireland,2002,4.3398
ireland,2003,4.1749
ireland,2004,4.0100
ireland,2005,3.8450
ireland,2006,3.6790
ireland,2007,3.5130
ireland,2008,3.5780
ireland,2009,3.6429
ireland,2010,4.0012
ireland,2011,4.3594
ireland,2012,4.7177
ireland,2013,5.0759
ireland,2014,5.4342
ireland,2015,5.7924
ireland,2016,6.1507
ireland,2017,6.5089
ireland,2018,6.8672
ireland,2019,7.4013
ireland,2020,7.4302
ireland,2021,7.6083
ireland,2022,8.0510
israel,1970,133.16
israel,1971,134.21
israel,1972,135.12
israel,1973,136.04
israel,1974,136.95
israel,1975,137.87
israel,1976,138.78
israel,1977,139.69
israel,1978,140.61
israel,1979,141.39
israel,1980,142.18
israel,1981,144.85
israel,1982,147.51
israel,1983,149.41
israel,1984,151.32
israel,1985,153.22
israel,1986,152.23
israel,1987,146.32
israel,1988,143.65
israel,1989,140.97
israel,1990,135.66
israel,1991,134.76
israel,1992,133.86
israel,1993,132.97
israel,1994,132.07
israel,1995,132.21
israel,1996,133.60
israel,1997,135.00
israel,1998,136.40
israel,1999,137.80
israel,2000,139.19
israel,2001,136.18
israel,2002,133.16
israel,2003,148.39
israel,2004,122.42
israel,2005,121.29
israel,2006,120.15
israel,2007,119.01
israel,2008,117.88
israel,2009,116.74
israel,2010,115.61
israel,2011,112.24
israel,2012,108.88
israel,2013,105.51
israel,2014,102.15
israel,2015,98.784
israel,2016,103.44
israel,2017,103.61
israel,2018,95.937
israel,2019,100.42
israel,2020,110.09
israel,2021,132.00
israel,2022,129.67
italy,1970,36.655
italy,1971,37.127
italy,1972,37.600
italy,1973,38.072
italy,1974,38.544
italy,1975,39.016
italy,1976,39.486
italy,1977,39.957
italy,1978,40.427
italy,1979,40.898
italy,1980,41.368
italy,1981,40.864
italy,1982,40.361
italy,1983,39.857
italy,1984,39.353
italy,1985,38.849
italy,1986,38.344
italy,1987,37.794
italy,1988,37.275
italy,1989,36.755
italy,1990,36.236
italy,1991,36.677
italy,1992,37.117
italy,1993,37.558
italy,1994,37.999
italy,1995,38.440
italy,1996,38.880
italy,1997,39.321
italy,1998,39.762
italy,1999,39.708
italy,2000,39.697
italy,2001,38.230
italy,2002,36.764
italy,2003,35.297
italy,2004,33.830
italy,2005,32.321
italy,2006,30.883
italy,2007,29.444
italy,2008,47.195
italy,2009,29.600
italy,2010,29.695
italy,2011,29.790
italy,2012,29.885
italy,2013,29.944
italy,2014,29.934
italy,2015,29.923
italy,2016,29.843
italy,2017,29.762
italy,2018,29.681
italy,2019,29.822
italy,2020,29.798
italy,2021,29.739
italy,2022,29.767
jamaica,1993,8.5697
jamaica,1994,8.8436
jamaica,1995,9.1175
jamaica,1996,9.3914
jamaica,1997,9.6653
jamaica,1998,9.9392
jamaica,1999,10.213
jamaica,2000,10.487
jamaica,2001,10.761
jamaica,2002,11.035
jamaica,2003,11.309
jamaica,2004,11.582
jamaica,2005,11.856
jamaica,2006,12.130
jamaica,2007,12.404
jamaica,2008,12.678
jamaica,2009,12.952
jamaica,2010,13.226
jamaica,2011,13.500
jamaica,2012,13.774
jamaica,2013,14.047
jamaica,2014,14.321
jamaica,2015,7.6689
jamaica,2016,12.473
jamaica,2017,12.344
jamaica,2018,12.214
jamaica,2019,12.085
jamaica,2020,11.046
jamaica,2021,12.383
jamaica,2022,12.383
japan,1980,40.552
japan,1981,40.680
japan,1982,40.809
japan,1983,40.937
japan,1984,41.066
japan,1985,41.195
japan,1986,41.323
japan,1987,41.452
japan,1988,41.580
japan,1989,41.709
japan,1990,41.838
japan,1991,41.930
japan,1992,42.023
japan,1993,41.637
japan,1994,41.251
japan,1995,40.846
japan,1996,40.926
japan,1997,41.007
japan,1998,41.192
japan,1999,41.378
japan,2000,41.563
japan,2001,40.195
japan,2002,38.828
japan,2003,38.671
japan,2004,38.515
japan,2005,38.359
japan,2006,38.202
japan,2007,38.046
japan,2008,37.695
japan,2009,37.343
japan,2010,37.243
japan,2011,37.144
japan,2012,37.044
japan,2013,36.944
japan,2014,36.844
japan,2015,36.744
japan,2016,36.644
japan,2017,36.460
japan,2018,36.368
japan,2019,36.046
japan,2020,36.644
japan,2021,36.644
japan,2022,36.644
jordan,1975,49.950
jordan,1976,51.811
jordan,1977,53.672
jordan,1978,55.532
jordan,1979,57.393
jordan,1980,59.254
jordan,1981,61.114
jordan,1982,62.975
jordan,1983,64.836
jordan,1984,66.696
jordan,1985,68.557
jordan,1986,74.383
jordan,1987,80.208
jordan,1988,86.034
jordan,1989,91.860
jordan,1990,92.480
jordan,1991,98.081
jordan,1992,103.68
jordan,1993,101.10
jordan,1994,98.669
jordan,1995,96.238
jordan,1996,93.806
jordan,1997,91.375
jordan,1998,88.958
jordan,1999,85.765
jordan,2000,82.573
jordan,2001,77.318
jordan,2002,81.810
jordan,2003,82.315
jordan,2004,88.911
jordan,2005,95.935
jordan,2006,101.56
jordan,2007,103.22
jordan,2008,102.78
jordan,2009,95.581
jordan,2010,98.904
jordan,2011,88.160
jordan,2012,94.030
jordan,2013,99.790
jordan,2014,107.41
jordan,2015,96.157
jordan,2016,100.08
jordan,2017,100.44
jordan,2018,102.23
jordan,2019,104.31
jordan,2020,106.05
jordan,2021,102.52
jordan,2022,105.20
kazakhstan,1993,46.104
kazakhstan,1994,45.294
kazakhstan,1995,44.484
kazakhstan,1996,40.970
kazakhstan,1997,37.455
kazakhstan,1998,33.941
kazakhstan,1999,30.427
kazakhstan,2000,29.125
kazakhstan,2001,28.897
kazakhstan,2002,30.870
kazakhstan,2003,31.853
kazakhstan,2004,32.784
kazakhstan,2005,34.386
kazakhstan,2006,29.463
kazakhstan,2007,31.646
kazakhstan,2008,28.391
kazakhstan,2009,33.092
kazakhstan,2010,30.508
kazakhstan,2011,29.677
kazakhstan,2012,31.336
kazakhstan,2013,32.046
kazakhstan,2014,32.014
kazakhstan,2015,30.036
kazakhstan,2016,30.001
kazakhstan,2017,31.140
kazakhstan,2018,32.652
kazakhstan,2019,32.616
kazakhstan,2020,34.098
kazakhstan,2021,34.004
kazakhstan,2022,34.627
kenya,1990,16.892
kenya,1991,16.489
kenya,1992,16.086
kenya,1993,15.682
kenya,1994,15.279
kenya,1995,14.876
kenya,1996,14.473
kenya,1997,14.070
kenya,1998,13.666
kenya,1999,13.263
kenya,2000,12.860
kenya,2001,14.949
kenya,2002,17.037
kenya,2003,19.126
kenya,2004,20.184
kenya,2005,21.241
kenya,2006,22.299
kenya,2007,23.356
kenya,2008,24.414
kenya,2009,25.472
kenya,2010,26.529
kenya,2011,26.533
kenya,2012,26.536
kenya,2013,26.539
kenya,2014,26.542
kenya,2015,26.546
kenya,2016,33.240
kenya,2017,33.240
kenya,2018,33.240
kenya,2019,33.240
kenya,2020,33.240
kenya,2021,33.240
kenya,2022,33.240
kuwait,1993,1535.0
kuwait,1994,1295.3
kuwait,1995,1385.6
kuwait,1996,1475.8
kuwait,1997,1566.1
kuwait,1998,1656.3
kuwait,1999,1784.1
kuwait,2000,1911.8
kuwait,2001,1993.4
kuwait,2002,2075.0
kuwait,2003,2176.8
kuwait,2004,2278.7
kuwait,2005,2380.5
kuwait,2006,2482.4
kuwait,2007,2584.2
kuwait,2008,2686.1
kuwait,2009,2787.9
kuwait,2010,2889.8
kuwait,2011,2991.6
kuwait,2012,3093.5
kuwait,2013,3195.3
kuwait,2014,3297.2
kuwait,2015,3399.0
kuwait,2016,3575.0
kuwait,2017,3850.5
kuwait,2018,3850.5
kuwait,2019,3850.5
kuwait,2020,3850.5
kuwait,2021,3850.5
kuwait,2022,3850.5
kyrgyzstan,1994,63.563
kyrgyzstan,1995,63.877
kyrgyzstan,1996,64.191
kyrgyzstan,1997,64.505
kyrgyzstan,1998,64.818
kyrgyzstan,1999,65.132
kyrgyzstan,2000,65.446
kyrgyzstan,2001,62.878
kyrgyzstan,2002,60.310
kyrgyzstan,2003,57.743
kyrgyzstan,2004,55.175
kyrgyzstan,2005,52.607
kyrgyzstan,2006,50.039
kyrgyzstan,2007,50.039
kyrgyzstan,2008,50.039
kyrgyzstan,2009,50.039
kyrgyzstan,2010,50.039
kyrgyzstan,2011,50.039
kyrgyzstan,2012,50.039
kyrgyzstan,2013,50.039
kyrgyzstan,2014,50.039
kyrgyzstan,2015,50.039
kyrgyzstan,2016,50.039
kyrgyzstan,2017,50.039
kyrgyzstan,2018,50.039
kyrgyzstan,2019,50.039
kyrgyzstan,2020,50.039
kyrgyzstan,2021,50.039
kyrgyzstan,2022,50.039
land_locked_developing_countries,2000,15.698
land_locked_developing_countries,2001,15.635
land_locked_developing_countries,2002,15.610
land_locked_developing_countries,2003,15.739
land_locked_developing_countries,2004,15.948
land_locked_developing_countries,2005,14.402
land_locked_developing_countries,2006,14.189
land_locked_developing_countries,2007,14.359
land_locked_developing_countries,2008,14.041
land_locked_developing_countries,2009,14.313
land_locked_developing_countries,2010,14.204
land_locked_developing_countries,2011,14.265
land_locked_developing_countries,2012,14.720
land_locked_developing_countries,2013,14.808
land_locked_developing_countries,2014,14.843
land_locked_developing_countries,2015,15.174
land_locked_developing_countries,2016,15.045
land_locked_developing_countries,2017,15.411
land_locked_developing_countries,2018,15.389
land_locked_developing_countries,2019,15.343
land_locked_developing_countries,2020,14.980
land_locked_developing_countries,2021,14.511
land_locked_developing_countries,2022,14.625
lao_people_s_democratic_republic,2005,2.2771
lao_people_s_democratic_republic,2006,2.5724
lao_people_s_democratic_republic,2007,2.8677
lao_people_s_democratic_republic,2008,3.1630
lao_people_s_democratic_republic,2009,3.4583
lao_people_s_democratic_republic,2010,3.7536
lao_people_s_democratic_republic,2011,4.0489
lao_people_s_democratic_republic,2012,4.3442
lao_people_s_democratic_republic,2013,4.6395
lao_people_s_democratic_republic,2014,4.9348
lao_people_s_democratic_republic,2015,5.1173
lao_people_s_democratic_republic,2016,4.9935
lao_people_s_democratic_republic,2017,4.7718
lao_people_s_democratic_republic,2018,4.7718
lao_people_s_democratic_republic,2019,4.7914
lao_people_s_democratic_republic,2020,4.7914
lao_people_s_democratic_republic,2021,4.7914
lao_people_s_democratic_republic,2022,4.7914
latin_america_and_the_caribbean,2000,4.7606
latin_america_and_the_caribbean,2001,4.8676
latin_america_and_the_caribbean,2002,5.0458
latin_america_and_the_caribbean,2003,5.2106
latin_america_and_the_caribbean,2004,5.3279
latin_america_and_the_caribbean,2005,5.4544
latin_america_and_the_caribbean,2006,5.5726
latin_america_and_the_caribbean,2007,5.7605
latin_america_and_the_caribbean,2008,5.5160
latin_america_and_the_caribbean,2009,5.7034
latin_america_and_the_caribbean,2010,5.5312
latin_america_and_the_caribbean,2011,5.5587
latin_america_and_the_caribbean,2012,5.5755
latin_america_and_the_caribbean,2013,5.5783
latin_america_and_the_caribbean,2014,5.6445
latin_america_and_the_caribbean,2015,5.6843
latin_america_and_the_caribbean,2016,5.7871
latin_america_and_the_caribbean,2017,5.8452
latin_america_and_the_caribbean,2018,5.8549
latin_america_and_the_caribbean,2019,5.9068
latin_america_and_the_caribbean,2020,5.8860
latin_america_and_the_caribbean,2021,5.6921
latin_america_and_the_caribbean,2022,5.7349
latvia,1995,2.3936
latvia,1996,2.2574
latvia,1997,2.1212
latvia,1998,1.9850
latvia,1999,1.8488
latvia,2000,1.7126
latvia,2001,1.5764
latvia,2002,1.4408
latvia,2003,1.3961
latvia,2004,1.3514
latvia,2005,1.3068
latvia,2006,1.2621
latvia,2007,1.2174
latvia,2008,1.3483
latvia,2009,2.3270
latvia,2010,1.6217
latvia,2011,2.1750
latvia,2012,1.4626
latvia,2013,1.3907
latvia,2014,0.99293
latvia,2015,1.0412
latvia,2016,1.0952
latvia,2017,1.0673
latvia,2018,1.0804
latvia,2019,1.0526
latvia,2020,1.0678
latvia,2021,1.0869
latvia,2022,1.0155
least_developed_countries,2000,6.7746
least_developed_countries,2001,6.8438
least_developed_countries,2002,7.0740
least_developed_countries,2003,7.1321
least_developed_countries,2004,7.2156
least_developed_countries,2005,6.9476
least_developed_countries,2006,6.8787
least_developed_countries,2007,6.9199
least_developed_countries,2008,6.8209
least_developed_countries,2009,6.8521
least_developed_countries,2010,6.8828
least_developed_countries,2011,6.9136
least_developed_countries,2012,6.9208
least_developed_countries,2013,6.9515
least_developed_countries,2014,6.9822
least_developed_countries,2015,7.0121
least_developed_countries,2016,7.0174
least_developed_countries,2017,7.0016
least_developed_countries,2018,7.0532
least_developed_countries,2019,7.0622
least_developed_countries,2020,7.0622
least_developed_countries,2021,7.0622
least_developed_countries,2022,7.0622
lebanon,1975,24.367
lebanon,1976,25.293
lebanon,1977,26.212
lebanon,1978,27.144
lebanon,1979,28.056
lebanon,1980,28.995
lebanon,1981,29.900
lebanon,1982,30.846
lebanon,1983,31.772
lebanon,1984,32.697
lebanon,1985,33.623
lebanon,1986,34.549
lebanon,1987,35.474
lebanon,1988,36.400
lebanon,1989,37.325
lebanon,1990,38.251
lebanon,1991,39.112
lebanon,1992,40.044
lebanon,1993,40.963
lebanon,1994,41.888
lebanon,1995,42.645
lebanon,1996,43.403
lebanon,1997,44.160
lebanon,1998,44.917
lebanon,1999,45.674
lebanon,2000,41.077
lebanon,2001,40.279
lebanon,2002,39.481
lebanon,2003,38.683
lebanon,2004,37.884
lebanon,2005,35.561
lebanon,2006,37.884
lebanon,2007,40.208
lebanon,2008,42.531
lebanon,2009,44.854
lebanon,2010,47.177
lebanon,2011,49.500
lebanon,2012,51.823
lebanon,2013,54.147
lebanon,2014,56.470
lebanon,2015,58.793
lebanon,2016,58.793
lebanon,2017,58.793
lebanon,2018,58.793
lebanon,2019,58.793
lebanon,2020,58.793
lebanon,2021,58.793
lebanon,2022,58.793
lesotho,1987,2.9291
lesotho,1988,2.8921
lesotho,1989,2.8551
lesotho,1990,2.8180
lesotho,1991,2.7810
lesotho,1992,2.7440
lesotho,1993,2.7070
lesotho,1994,2.6699
lesotho,1995,2.6329
lesotho,1996,2.5959
lesotho,1997,2.5588
lesotho,1998,2.5218
lesotho,1999,2.4848
lesotho,2000,2.5659
lesotho,2001,2.5659
lesotho,2002,2.5659
lesotho,2003,2.5659
lesotho,2004,2.5659
lesotho,2005,2.5659
lesotho,2006,2.5659
lesotho,2007,2.5659
lesotho,2008,2.5659
lesotho,2009,2.5659
lesotho,2010,2.5659
lesotho,2011,2.5659
lesotho,2012,2.5659
lesotho,2013,2.5659
lesotho,2014,2.5659
lesotho,2015,2.5659
lesotho,2016,2.5659
lesotho,2017,2.5659
lesotho,2018,2.5659
lesotho,2019,2.5659
lesotho,2020,2.5659
lesotho,2021,2.5659
lesotho,2022,2.5659
liberia,1987,0.23551
liberia,1988,0.23562
liberia,1989,0.23573
liberia,1990,0.23584
liberia,1991,0.23595
liberia,1992,0.23606
liberia,1993,0.23618
liberia,1994,0.23629
liberia,1995,0.23640
liberia,1996,0.23651
liberia,1997,0.23662
liberia,1998,0.23673
liberia,1999,0.23685
liberia,2000,0.23696
liberia,2001,0.24243
liberia,2002,0.24790
liberia,2003,0.25337
liberia,2004,0.25884
liberia,2005,0.26431
liberia,2006,0.26431
liberia,2007,0.26431
liberia,2008,0.26431
liberia,2009,0.26431
liberia,2010,0.26431
liberia,2011,0.26431
liberia,2012,0.26431
liberia,2013,0.26431
liberia,2014,0.26431
liberia,2015,0.26431
liberia,2016,0.26431
liberia,2017,0.26431
liberia,2018,0.26431
liberia,2019,0.26431
liberia,2020,0.26431
liberia,2021,0.26431
liberia,2022,0.26431
libya,1975,171.43
libya,1976,179.14
libya,1977,186.86
libya,1978,194.57
libya,1979,202.29
libya,1980,210.00
libya,1981,257.00
libya,1982,304.00
libya,1983,351.00
libya,1984,398.00
libya,1985,445.00
libya,1986,492.00
libya,1987,539.00
libya,1988,586.00
libya,1989,633.00
libya,1990,680.00
libya,1991,674.29
libya,1992,668.57
libya,1993,662.86
libya,1994,657.14
libya,1995,650.61
libya,1996,644.08
libya,1997,637.55
libya,1998,628.45
libya,1999,621.91
libya,2000,615.43
libya,2001,631.96
libya,2002,648.49
libya,2003,665.01
libya,2004,681.54
libya,2005,698.07
libya,2006,715.08
libya,2007,732.09
libya,2008,749.10
libya,2009,766.11
libya,2010,783.12
libya,2011,800.13
libya,2012,817.14
libya,2013,817.14
libya,2014,817.14
libya,2015,817.14
libya,2016,817.14
libya,2017,817.14
libya,2018,817.14
libya,2019,817.14
libya,2020,817.14
libya,2021,817.14
libya,2022,817.14
lithuania,1995,31.342
lithuania,1996,29.445
lithuania,1997,27.547
lithuania,1998,25.650
lithuania,1999,23.752
lithuania,2000,21.854
lithuania,2001,19.957
lithuania,2002,19.222
lithuania,2003,18.487
lithuania,2004,17.753
lithuania,2005,17.018
lithuania,2006,16.671
lithuania,2007,16.323
lithuania,2008,13.371
lithuania,2009,10.420
lithuania,2010,7.4679
lithuania,2011,4.5162
lithuania,2012,3.8702
lithuania,2013,3.2242
lithuania,2014,2.5782
lithuania,2015,2.7527
lithuania,2016,2.2199
lithuania,2017,1.8673
lithuania,2018,1.8341
lithuania,2019,2.3633
lithuania,2020,2.8924
lithuania,2021,2.5583
lithuania,2022,2.1655
luxembourg,1970,2.8856
luxembourg,1971,3.0133
luxembourg,1972,3.1410
luxembourg,1973,3.2687
luxembourg,1974,3.3964
luxembourg,1975,3.5240
luxembourg,1976,3.4776
luxembourg,1977,3.4312
luxembourg,1978,3.3847
luxembourg,1979,3.3383
luxembourg,1980,3.2919
luxembourg,1981,3.7446
luxembourg,1982,4.1973
luxembourg,1983,4.6501
luxembourg,1984,5.1028
luxembourg,1985,5.5556
luxembourg,1986,5.4726
luxembourg,1987,5.3897
luxembourg,1988,5.3068
luxembourg,1989,5.2239
luxembourg,1990,5.1410
luxembourg,1991,5.0580
luxembourg,1992,4.9751
luxembourg,1993,4.8922
luxembourg,1994,4.8093
luxembourg,1995,4.7264
luxembourg,1996,4.8051
luxembourg,1997,4.8839
luxembourg,1998,4.9627
luxembourg,1999,5.0415
luxembourg,2000,4.9270
luxembourg,2001,4.8126
luxembourg,2002,4.6982
luxembourg,2003,4.5837
luxembourg,2004,4.4693
luxembourg,2005,4.3549
luxembourg,2006,4.2405
luxembourg,2007,4.1260
luxembourg,2008,4.0116
luxembourg,2009,3.8972
luxembourg,2010,3.9469
luxembourg,2011,3.8391
luxembourg,2012,3.6982
luxembourg,2013,3.5738
luxembourg,2014,3.8143
luxembourg,2015,3.7148
luxembourg,2016,3.6816
luxembourg,2017,3.7811
luxembourg,2018,4.3284
luxembourg,2019,4.0879
luxembourg,2020,3.9635
luxembourg,2021,3.8167
luxembourg,2022,3.9585
madagascar,1984,13.643
madagascar,1985,13.489
madagascar,1986,13.336
madagascar,1987,13.182
madagascar,1988,13.029
madagascar,1989,12.876
madagascar,1990,12.722
madagascar,1991,12.569
madagascar,1992,12.415
madagascar,1993,12.262
madagascar,1994,12.108
madagascar,1995,11.955
madagascar,1996,11.802
madagascar,1997,11.648
madagascar,1998,11.495
madagascar,1999,11.341
madagascar,2000,11.188
madagascar,2001,11.203
madagascar,2002,11.217
madagascar,2003,11.232
madagascar,2004,11.247
madagascar,2005,11.262
madagascar,2006,11.262
madagascar,2007,11.262
madagascar,2008,11.262
madagascar,2009,11.262
madagascar,2010,11.262
madagascar,2011,11.262
madagascar,2012,11.262
madagascar,2013,11.262
madagascar,2014,11.262
madagascar,2015,11.262
madagascar,2016,11.262
madagascar,2017,11.262
madagascar,2018,11.262
madagascar,2019,11.262
madagascar,2020,11.262
madagascar,2021,11.262
madagascar,2022,11.262
malawi,1994,12.076
malawi,1995,12.721
malawi,1996,13.367
malawi,1997,14.013
malawi,1998,14.658
malawi,1999,15.304
malawi,2000,15.950
malawi,2001,16.606
malawi,2002,17.263
malawi,2003,17.343
malawi,2004,17.424
malawi,2005,17.505
malawi,2006,17.505
malawi,2007,17.505
malawi,2008,17.505
malawi,2009,17.505
malawi,2010,17.505
malawi,2011,17.505
malawi,2012,17.505
malawi,2013,17.505
malawi,2014,17.505
malawi,2015,17.505
malawi,2016,17.505
malawi,2017,17.505
malawi,2018,17.505
malawi,2019,17.505
malawi,2020,17.505
malawi,2021,17.505
malawi,2022,17.505
malaysia,1990,5.1860
malaysia,1991,4.8103
malaysia,1992,4.4346
malaysia,1993,4.0589
malaysia,1994,3.6832
malaysia,1995,3.8456
malaysia,1996,2.8123
malaysia,1997,2.8323
malaysia,1998,2.8524
malaysia,1999,2.8724
malaysia,2000,2.8924
malaysia,2001,2.9124
malaysia,2002,2.9325
malaysia,2003,2.9525
malaysia,2004,2.9725
malaysia,2005,2.9926
malaysia,2006,3.0126
malaysia,2007,3.0326
malaysia,2008,3.0526
malaysia,2009,3.0727
malaysia,2010,3.0927
malaysia,2011,3.1127
malaysia,2012,3.1327
malaysia,2013,3.1528
malaysia,2014,3.1728
malaysia,2015,3.1928
malaysia,2016,3.3600
malaysia,2017,3.4395
malaysia,2018,3.4395
malaysia,2019,3.4395
malaysia,2020,3.4395
malaysia,2021,3.4395
malaysia,2022,3.4395
maldives,1987,11.333
maldives,1988,11.730
maldives,1989,11.746
maldives,1990,11.952
maldives,1991,11.587
maldives,1992,12.365
maldives,1993,12.571
maldives,1994,12.778
maldives,1995,15.321
maldives,1996,15.881
maldives,1997,16.442
maldives,1998,17.003
maldives,1999,17.564
maldives,2000,17.667
maldives,2001,17.125
maldives,2002,16.917
maldives,2003,16.708
maldives,2004,16.500
maldives,2005,14.476
maldives,2006,14.873
maldives,2007,15.460
maldives,2008,15.667
maldives,2009,9.5238
maldives,2010,3.3810
maldives,2011,15.667
maldives,2012,15.667
maldives,2013,15.667
maldives,2014,15.667
maldives,2015,15.667
maldives,2016,15.667
maldives,2017,15.667
maldives,2018,15.667
maldives,2019,15.667
maldives,2020,15.667
maldives,2021,15.667
maldives,2022,15.667
mali,1987,2.0988
mali,1988,2.5170
mali,1989,2.9352
mali,1990,3.3535
mali,1991,3.7717
mali,1992,4.1900
mali,1993,4.6082
mali,1994,5.0264
mali,1995,5.4447
mali,1996,5.8629
mali,1997,6.2590
mali,1998,6.6551
mali,1999,7.0513
mali,2000,7.4474
mali,2001,7.8435
mali,2002,7.8754
mali,2003,7.9073
mali,2004,7.9392
mali,2005,7.9712
mali,2006,8.0031
mali,2007,8.0031
mali,2008,8.0031
mali,2009,8.0031
mali,2010,8.0031
mali,2011,8.0031
mali,2012,8.0031
mali,2013,8.0031
mali,2014,8.0031
mali,2015,8.0031
mali,2016,8.0031
mali,2017,8.0031
mali,2018,8.0031
mali,2019,8.0031
mali,2020,8.0031
mali,2021,8.0031
mali,2022,8.0031
malta,1980,39.604
malta,1981,44.356
malta,1982,49.109
malta,1983,53.861
malta,1984,58.614
malta,1985,53.267
malta,1986,52.554
malta,1987,51.842
malta,1988,51.129
malta,1989,50.416
malta,1990,49.703
malta,1991,48.990
malta,1992,48.277
malta,1993,47.564
malta,1994,46.851
malta,1995,46.139
malta,1996,49.165
malta,1997,52.192
malta,1998,55.219
malta,1999,58.246
malta,2000,61.273
malta,2001,64.300
malta,2002,67.327
malta,2003,68.436
malta,2004,68.515
malta,2005,70.653
malta,2006,71.762
malta,2007,72.871
malta,2008,70.891
malta,2009,62.772
malta,2010,80.990
malta,2011,75.446
malta,2012,79.406
malta,2013,91.287
malta,2014,89.109
malta,2015,82.772
malta,2016,82.970
malta,2017,91.089
malta,2018,84.623
malta,2019,80.661
malta,2020,81.777
malta,2021,78.467
malta,2022,72.600
mauritania,1980,7.1723
mauritania,1981,8.9371
mauritania,1982,10.702
mauritania,1983,12.467
mauritania,1984,14.231
mauritania,1985,15.996
mauritania,1986,15.978
mauritania,1987,15.961
mauritania,1988,15.943
mauritania,1989,15.926
mauritania,1990,15.888
mauritania,1991,15.871
mauritania,1992,15.853
mauritania,1993,15.836
mauritania,1994,15.818
mauritania,1995,15.800
mauritania,1996,15.783
mauritania,1997,15.765
mauritania,1998,15.748
mauritania,1999,15.730
mauritania,2000,15.712
mauritania,2001,15.083
mauritania,2002,14.454
mauritania,2003,13.824
mauritania,2004,13.195
mauritania,2005,13.246
mauritania,2006,13.246
mauritania,2007,13.246
mauritania,2008,13.246
mauritania,2009,13.246
mauritania,2010,13.246
mauritania,2011,13.246
mauritania,2012,13.246
mauritania,2013,13.246
mauritania,2014,13.246
mauritania,2015,13.246
mauritania,2016,13.246
mauritania,2017,13.246
mauritania,2018,13.246
mauritania,2019,13.246
mauritania,2020,13.246
mauritania,2021,13.246
mauritania,2022,13.246
mauritius,1974,13.086
mauritius,1975,13.086
mauritius,1976,13.585
mauritius,1977,14.085
mauritius,1978,14.584
mauritius,1979,15.083
mauritius,1980,15.582
mauritius,1981,16.081
mauritius,1982,16.581
mauritius,1983,17.080
mauritius,1984,17.579
mauritius,1985,18.078
mauritius,1986,18.577
mauritius,1987,19.077
mauritius,1988,19.576
mauritius,1989,20.075
mauritius,1990,20.574
mauritius,1991,20.931
mauritius,1992,21.287
mauritius,1993,21.643
mauritius,1994,21.999
mauritius,1995,22.356
mauritius,1996,22.319
mauritius,1997,22.283
mauritius,1998,22.246
mauritius,1999,22.210
mauritius,2000,22.174
mauritius,2001,23.567
mauritius,2002,24.961
mauritius,2003,26.354
mauritius,2004,25.736
mauritius,2005,25.118
mauritius,2006,24.791
mauritius,2007,22.901
mauritius,2008,27.844
mauritius,2009,22.973
mauritius,2010,23.155
mauritius,2011,20.756
mauritius,2012,21.156
mauritius,2013,22.101
mauritius,2014,22.537
mauritius,2015,22.246
mauritius,2016,22.537
mauritius,2017,22.174
mauritius,2018,21.483
mauritius,2019,21.628
mauritius,2020,22.065
mauritius,2021,21.956
mauritius,2022,22.973
mexico,1980,20.995
mexico,1981,21.224
mexico,1982,21.453
mexico,1983,21.681
mexico,1984,21.910
mexico,1985,22.139
mexico,1986,22.368
mexico,1987,22.597
mexico,1988,22.826
mexico,1989,23.054
mexico,1990,23.283
mexico,1991,23.512
mexico,1992,23.741
mexico,1993,23.970
mexico,1994,24.199
mexico,1995,24.427
mexico,1996,24.656
mexico,1997,24.885
mexico,1998,25.114
mexico,1999,25.343
mexico,2000,25.572
mexico,2001,25.800
mexico,2002,27.121
mexico,2003,28.021
mexico,2004,28.208
mexico,2005,28.583
mexico,2006,28.884
mexico,2007,29.502
mexico,2008,29.927
mexico,2009,29.926
mexico,2010,29.870
mexico,2011,29.814
mexico,2012,31.033
mexico,2013,30.628
mexico,2014,31.858
mexico,2015,32.132
mexico,2016,32.476
mexico,2017,32.950
mexico,2018,44.463
mexico,2019,44.718
mexico,2020,44.817
mexico,2021,45.015
mexico,2022,44.945
mongolia,1993,3.1424
mongolia,1994,3.2057
mongolia,1995,3.2689
mongolia,1996,3.3322
mongolia,1997,3.3955
mongolia,1998,3.4587
mongolia,1999,3.5220
mongolia,2000,3.5852
mongolia,2001,3.6485
mongolia,2002,3.7117
mongolia,2003,3.7750
mongolia,2004,3.8382
mongolia,2005,3.7533
mongolia,2006,3.9648
mongolia,2007,3.9917
mongolia,2008,4.0186
mongolia,2009,4.0455
mongolia,2010,3.8970
mongolia,2011,3.7484
mongolia,2012,3.5999
mongolia,2013,3.4513
mongolia,2014,3.3027
mongolia,2015,3.1542
mongolia,2016,3.3950
mongolia,2017,3.3950
mongolia,2018,3.3950
mongolia,2019,3.3950
mongolia,2020,3.3950
mongolia,2021,3.3950
mongolia,2022,3.3950
morocco,1975,43.201
morocco,1976,44.209
morocco,1977,45.217
morocco,1978,46.225
morocco,1979,47.233
morocco,1980,48.241
morocco,1981,49.153
morocco,1982,50.065
morocco,1983,50.977
morocco,1984,51.889
morocco,1985,52.801
morocco,1986,51.822
morocco,1987,50.842
morocco,1988,49.863
morocco,1989,48.884
morocco,1990,47.888
morocco,1991,50.444
morocco,1992,53.001
morocco,1993,52.967
morocco,1994,53.697
morocco,1995,54.033
morocco,1996,54.414
morocco,1997,55.931
morocco,1998,57.448
morocco,1999,58.964
morocco,2000,60.481
morocco,2001,65.792
morocco,2002,71.104
morocco,2003,68.559
morocco,2004,66.015
morocco,2005,63.471
morocco,2006,60.927
morocco,2007,58.383
morocco,2008,55.839
morocco,2009,53.295
morocco,2010,50.751
morocco,2011,50.751
morocco,2012,50.751
morocco,2013,50.751
morocco,2014,50.751
morocco,2015,50.751
morocco,2016,50.751
morocco,2017,50.751
morocco,2018,50.751
morocco,2019,50.751
morocco,2020,50.751
morocco,2021,50.751
morocco,2022,50.751
mozambique,1990,0.71938
mozambique,1991,0.75096
mozambique,1992,0.78254
mozambique,1993,0.81411
mozambique,1994,0.84569
mozambique,1995,0.87727
mozambique,1996,0.90884
mozambique,1997,0.94042
mozambique,1998,0.97200
mozambique,1999,1.0036
mozambique,2000,1.0352
mozambique,2001,1.0741
mozambique,2002,1.1297
mozambique,2003,1.1852
mozambique,2004,1.2408
mozambique,2005,1.2963
mozambique,2006,1.3418
mozambique,2007,1.3873
mozambique,2008,1.4329
mozambique,2009,1.4784
mozambique,2010,1.5239
mozambique,2011,1.5694
mozambique,2012,1.6149
mozambique,2013,1.6604
mozambique,2014,1.7060
mozambique,2015,1.7515
mozambique,2016,1.7515
mozambique,2017,1.7515
mozambique,2018,1.7515
mozambique,2019,1.7515
mozambique,2020,1.7515
mozambique,2021,1.7515
mozambique,2022,1.7515
myanmar,1987,4.9330
myanmar,1988,4.9998
myanmar,1989,5.0666
myanmar,1990,5.1334
myanmar,1991,5.2002
myanmar,1992,5.2670
myanmar,1993,5.3334
myanmar,1994,5.4001
myanmar,1995,5.4674
myanmar,1996,5.5343
myanmar,1997,5.6003
myanmar,1998,5.6670
myanmar,1999,5.7338
myanmar,2000,5.8015
myanmar,2001,5.8015
myanmar,2002,5.8015
myanmar,2003,5.8015
myanmar,2004,5.8015
myanmar,2005,5.8015
myanmar,2006,5.8015
myanmar,2007,5.8015
myanmar,2008,5.8015
myanmar,2009,5.8015
myanmar,2010,5.8015
myanmar,2011,5.8015
myanmar,2012,5.8015
myanmar,2013,5.8015
myanmar,2014,5.8015
myanmar,2015,5.8015
myanmar,2016,5.8015
myanmar,2017,5.8015
myanmar,2018,5.8015
myanmar,2019,5.8015
myanmar,2020,5.8015
myanmar,2021,5.8015
myanmar,2022,5.8015
namibia,1985,0.42787
namibia,1986,0.48319
namibia,1987,0.53851
namibia,1988,0.59383
namibia,1989,0.64988
namibia,1990,0.70446
namibia,1991,0.76009
namibia,1992,0.77842
namibia,1993,0.79676
namibia,1994,0.81510
namibia,1995,0.83344
namibia,1996,0.81571
namibia,1997,0.84016
namibia,1998,0.86461
namibia,1999,0.88906
namibia,2000,0.91595
namibia,2001,0.88875
namibia,2002,0.86155
namibia,2003,0.83379
namibia,2004,0.80603
namibia,2005,0.77828
namibia,2006,0.75052
namibia,2007,0.72347
namibia,2008,0.69586
namibia,2009,0.66824
namibia,2010,0.64063
namibia,2011,0.61301
namibia,2012,0.58539
namibia,2013,0.55778
namibia,2014,0.52845
namibia,2015,0.50069
namibia,2016,0.47293
namibia,2017,0.44517
namibia,2018,0.41741
namibia,2019,0.39208
namibia,2020,0.36447
namibia,2021,0.31467
namibia,2022,0.31467
nepal,2000,8.3691
nepal,2001,8.3576
nepal,2002,8.3462
nepal,2003,8.3347
nepal,2004,8.3233
nepal,2005,8.3118
nepal,2006,8.3118
nepal,2007,8.3118
nepal,2008,8.3118
nepal,2009,8.3118
nepal,2010,8.3118
nepal,2011,8.3118
nepal,2012,8.3118
nepal,2013,8.3118
nepal,2014,8.3118
nepal,2015,8.3118
nepal,2016,8.3118
nepal,2017,8.3118
nepal,2018,8.3118
nepal,2019,8.3118
nepal,2020,8.3118
nepal,2021,8.3118
nepal,2022,8.3118
netherlands_kingdom_of_the,1980,17.463
netherlands_kingdom_of_the,1981,17.521
netherlands_kingdom_of_the,1982,17.578
netherlands_kingdom_of_the,1983,17.635
netherlands_kingdom_of_the,1984,17.693
netherlands_kingdom_of_the,1985,17.750
netherlands_kingdom_of_the,1986,17.231
netherlands_kingdom_of_the,1987,16.713
netherlands_kingdom_of_the,1988,16.194
netherlands_kingdom_of_the,1989,15.675
netherlands_kingdom_of_the,1990,15.157
netherlands_kingdom_of_the,1991,15.157
netherlands_kingdom_of_the,1992,14.596
netherlands_kingdom_of_the,1993,14.036
netherlands_kingdom_of_the,1994,13.475
netherlands_kingdom_of_the,1995,12.915
netherlands_kingdom_of_the,1996,12.354
netherlands_kingdom_of_the,1997,13.268
netherlands_kingdom_of_the,1998,14.183
netherlands_kingdom_of_the,1999,15.097
netherlands_kingdom_of_the,2000,16.011
netherlands_kingdom_of_the,2001,16.925
netherlands_kingdom_of_the,2002,18.177
netherlands_kingdom_of_the,2003,19.428
netherlands_kingdom_of_the,2004,20.679
netherlands_kingdom_of_the,2005,21.931
netherlands_kingdom_of_the,2006,21.352
netherlands_kingdom_of_the,2007,20.774
netherlands_kingdom_of_the,2008,20.334
netherlands_kingdom_of_the,2009,21.663
netherlands_kingdom_of_the,2010,20.752
netherlands_kingdom_of_the,2011,19.347
netherlands_kingdom_of_the,2012,20.346
netherlands_kingdom_of_the,2013,20.201
netherlands_kingdom_of_the,2014,18.018
netherlands_kingdom_of_the,2015,15.969
netherlands_kingdom_of_the,2016,15.233
netherlands_kingdom_of_the,2017,15.030
netherlands_kingdom_of_the,2018,16.367
netherlands_kingdom_of_the,2019,17.001
netherlands_kingdom_of_the,2020,16.804
netherlands_kingdom_of_the,2021,16.076
netherlands_kingdom_of_the,2022,16.659
new_zealand,1980,0.97800
new_zealand,1981,1.0921
new_zealand,1982,1.2062
new_zealand,1983,1.3203
new_zealand,1984,1.4344
new_zealand,1985,1.5485
new_zealand,1986,1.6207
new_zealand,1987,1.6929
new_zealand,1988,1.7650
new_zealand,1989,1.8372
new_zealand,1990,1.9094
new_zealand,1991,1.9816
new_zealand,1992,2.0538
new_zealand,1993,2.1260
new_zealand,1994,2.1982
new_zealand,1995,2.2703
new_zealand,1996,2.3425
new_zealand,1997,2.4147
new_zealand,1998,2.4869
new_zealand,1999,2.5591
new_zealand,2000,2.7649
new_zealand,2001,2.9708
new_zealand,2002,3.1766
new_zealand,2003,3.3825
new_zealand,2004,3.5883
new_zealand,2005,3.7942
new_zealand,2006,4.0000
new_zealand,2007,4.0597
new_zealand,2008,4.1194
new_zealand,2009,4.1791
new_zealand,2010,4.2388
new_zealand,2011,5.1911
new_zealand,2012,6.1434
new_zealand,2013,7.0958
new_zealand,2014,8.0481
new_zealand,2015,8.0481
new_zealand,2016,8.0481
new_zealand,2017,8.0481
new_zealand,2018,8.0481
new_zealand,2019,8.0481
new_zealand,2020,8.0481
new_zealand,2021,8.0481
new_zealand,2022,8.0481
nicaragua,1998,2.2415
nicaragua,1999,2.3313
nicaragua,2000,2.4192
nicaragua,2001,2.5090
nicaragua,2002,2.5398
nicaragua,2003,2.5706
nicaragua,2004,2.6014
nicaragua,2005,2.6322
nicaragua,2006,2.6514
nicaragua,2007,2.6706
nicaragua,2008,2.6898
nicaragua,2009,2.6638
nicaragua,2010,2.6379
nicaragua,2011,2.6119
nicaragua,2012,2.5630
nicaragua,2013,2.5141
nicaragua,2014,2.4653
nicaragua,2015,2.4164
nicaragua,2016,2.3675
nicaragua,2017,2.3186
nicaragua,2018,2.2698
nicaragua,2019,2.2198
nicaragua,2020,2.2209
nicaragua,2021,2.2209
nicaragua,2022,2.2209
niger,1988,2.1331
niger,1989,2.2545
niger,1990,2.3758
niger,1991,2.4972
niger,1992,2.6186
niger,1993,2.7399
niger,1994,2.8613
niger,1995,2.9826
niger,1996,3.1040
niger,1997,3.2254
niger,1998,3.3467
niger,1999,3.4681
niger,2000,3.5894
niger,2001,3.7108
niger,2002,3.8322
niger,2003,3.9535
niger,2004,4.0749
niger,2005,4.1962
niger,2006,4.4465
niger,2007,4.6967
niger,2008,4.9470
niger,2009,5.1972
niger,2010,5.4474
niger,2011,5.6977
niger,2012,5.9479
niger,2013,6.1981
niger,2014,6.4484
niger,2015,7.3443
niger,2016,7.4539
niger,2017,6.7461
niger,2018,10.373
niger,2019,11.021
niger,2020,11.021
niger,2021,11.021
niger,2022,11.021
nigeria,1987,4.3333
nigeria,1988,4.6144
nigeria,1989,4.8958
nigeria,1990,5.1747
nigeria,1991,5.4559
nigeria,1992,5.7371
nigeria,1993,6.0183
nigeria,1994,6.2995
nigeria,1995,6.5807
nigeria,1996,6.8620
nigeria,1997,7.1437
nigeria,1998,7.4244
nigeria,1999,7.7058
nigeria,2000,7.9868
nigeria,2001,8.1834
nigeria,2002,8.3800
nigeria,2003,8.5766
nigeria,2004,8.7732
nigeria,2005,8.9698
nigeria,2006,9.1095
nigeria,2007,9.2491
nigeria,2008,9.3888
nigeria,2009,9.5285
nigeria,2010,9.6682
nigeria,2011,9.6682
nigeria,2012,9.6682
nigeria,2013,9.6682
nigeria,2014,9.6682
nigeria,2015,9.6682
nigeria,2016,9.6682
nigeria,2017,9.6682
nigeria,2018,9.6682
nigeria,2019,9.6682
nigeria,2020,9.6682
nigeria,2021,9.6682
nigeria,2022,9.6682
north_macedonia,1996,37.633
north_macedonia,1997,32.412
north_macedonia,1998,27.190
north_macedonia,1999,21.969
north_macedonia,2000,16.747
north_macedonia,2001,16.036
north_macedonia,2002,15.324
north_macedonia,2003,19.548
north_macedonia,2004,23.772
north_macedonia,2005,27.996
north_macedonia,2006,20.668
north_macedonia,2007,13.340
north_macedonia,2008,19.341
north_macedonia,2009,25.341
north_macedonia,2010,21.999
north_macedonia,2011,18.657
north_macedonia,2012,15.315
north_macedonia,2013,11.972
north_macedonia,2014,16.402
north_macedonia,2015,20.832
north_macedonia,2016,25.262
north_macedonia,2017,38.692
north_macedonia,2018,52.123
north_macedonia,2019,38.702
north_macedonia,2020,34.846
north_macedonia,2021,37.933
north_macedonia,2022,52.553
northern_africa,2000,81.165
northern_africa,2001,83.656
northern_africa,2002,86.049
northern_africa,2003,87.184
northern_africa,2004,88.318
northern_africa,2005,89.453
northern_africa,2006,90.534
northern_africa,2007,91.616
northern_africa,2008,92.698
northern_africa,2009,93.843
northern_africa,2010,94.988
northern_africa,2011,93.687
northern_africa,2012,113.60
northern_africa,2013,114.67
northern_africa,2014,104.07
northern_africa,2015,104.68
northern_africa,2016,104.80
northern_africa,2017,120.25
northern_africa,2018,120.72
northern_africa,2019,120.98
northern_africa,2020,121.29
northern_africa,2021,120.72
northern_africa,2022,120.99
northern_africa_and_western_asia,2000,69.020
northern_africa_and_western_asia,2001,68.981
northern_africa_and_western_asia,2002,69.354
northern_africa_and_western_asia,2003,68.828
northern_africa_and_western_asia,2004,69.245
northern_africa_and_western_asia,2005,69.813
northern_africa_and_western_asia,2006,70.314
northern_africa_and_western_asia,2007,70.348
northern_africa_and_western_asia,2008,70.175
northern_africa_and_western_asia,2009,70.633
northern_africa_and_western_asia,2010,70.839
northern_africa_and_western_asia,2011,70.478
northern_africa_and_western_asia,2012,75.149
northern_africa_and_western_asia,2013,75.151
northern_africa_and_western_asia,2014,71.636
northern_africa_and_western_asia,2015,71.390
northern_africa_and_western_asia,2016,73.835
northern_africa_and_western_asia,2017,79.428
northern_africa_and_western_asia,2018,77.739
northern_africa_and_western_asia,2019,84.430
northern_africa_and_western_asia,2020,81.360
northern_africa_and_western_asia,2021,79.792
northern_africa_and_western_asia,2022,81.413
northern_america,2000,21.652
northern_america,2001,21.691
northern_america,2002,21.730
northern_america,2003,21.768
northern_america,2004,21.807
northern_america,2005,21.845
northern_america,2006,21.339
northern_america,2007,20.833
northern_america,2008,20.278
northern_america,2009,19.723
northern_america,2010,19.153
northern_america,2011,19.300
northern_america,2012,19.550
northern_america,2013,19.799
northern_america,2014,19.981
northern_america,2015,20.162
northern_america,2016,20.173
northern_america,2017,20.184
northern_america,2018,20.184
northern_america,2019,20.184
northern_america,2020,20.184
northern_america,2021,20.179
northern_america,2022,20.179
norway,1980,1.5209
norway,1981,1.5409
norway,1982,1.5608
norway,1983,1.5808
norway,1984,1.6007
norway,1985,1.6207
norway,1986,1.6407
norway,1987,1.6606
norway,1988,1.6806
norway,1989,1.7005
norway,1990,1.7205
norway,1991,1.7404
norway,1992,1.7604
norway,1993,1.7804
norway,1994,1.8003
norway,1995,1.8203
norway,1996,1.8402
norway,1997,1.8221
norway,1998,1.8039
norway,1999,1.7858
norway,2000,1.8300
norway,2001,1.9537
norway,2002,1.9422
norway,2003,1.9610
norway,2004,2.1363
norway,2005,2.0830
norway,2006,2.2350
norway,2007,2.3011
norway,2008,2.2314
norway,2009,2.1616
norway,2010,2.1335
norway,2011,2.1054
norway,2012,2.0773
norway,2013,2.0941
norway,2014,2.1131
norway,2015,2.0634
norway,2016,2.0136
norway,2017,2.0461
norway,2018,2.0444
norway,2019,2.0429
norway,2020,2.0413
norway,2021,2.0095
norway,2022,2.0440
oceania,2000,3.6692
oceania,2001,3.6911
oceania,2002,3.6301
oceania,2003,3.5690
oceania,2004,3.5079
oceania,2005,3.4468
oceania,2006,3.3134
oceania,2007,3.1540
oceania,2008,2.9947
oceania,2009,2.8354
oceania,2010,2.7229
oceania,2011,2.8974
oceania,2012,3.4494
oceania,2013,4.0918
oceania,2014,4.1617
oceania,2015,2.8267
oceania,2016,3.0294
oceania,2017,3.2367
oceania,2018,3.2759
oceania,2019,3.0203
oceania,2020,2.7054
oceania,2021,3.0925
oceania,2022,3.1734
oceania_excluding_australia_and_new_zealand,2000,0.11504
oceania_excluding_australia_and_new_zealand,2001,0.12311
oceania_excluding_australia_and_new_zealand,2002,0.13119
oceania_excluding_australia_and_new_zealand,2003,0.13926
oceania_excluding_australia_and_new_zealand,2004,0.14733
oceania_excluding_australia_and_new_zealand,2005,0.15541
oceania_excluding_australia_and_new_zealand,2006,0.15541
oceania_excluding_australia_and_new_zealand,2007,0.15541
oceania_excluding_australia_and_new_zealand,2008,0.15541
oceania_excluding_australia_and_new_zealand,2009,0.15541
oceania_excluding_australia_and_new_zealand,2010,0.15541
oceania_excluding_australia_and_new_zealand,2011,0.15541
oceania_excluding_australia_and_new_zealand,2012,0.15541
oceania_excluding_australia_and_new_zealand,2013,0.15541
oceania_excluding_australia_and_new_zealand,2014,0.15541
oceania_excluding_australia_and_new_zealand,2015,0.15541
oceania_excluding_australia_and_new_zealand,2016,0.15541
oceania_excluding_australia_and_new_zealand,2017,0.15541
oceania_excluding_australia_and_new_zealand,2018,0.15541
oceania_excluding_australia_and_new_zealand,2019,0.15541
oceania_excluding_australia_and_new_zealand,2020,0.15541
oceania_excluding_australia_and_new_zealand,2021,0.15541
oceania_excluding_australia_and_new_zealand,2022,0.15541
oman,1991,85.500
oman,1992,86.474
oman,1993,87.447
oman,1994,88.421
oman,1995,86.966
oman,1996,87.940
oman,1997,88.913
oman,1998,89.887
oman,1999,90.861
oman,2000,92.857
oman,2001,90.792
oman,2002,89.750
oman,2003,84.714
oman,2004,87.914
oman,2005,91.114
oman,2006,94.314
oman,2007,97.514
oman,2008,100.71
oman,2009,103.91
oman,2010,107.11
oman,2011,110.31
oman,2012,113.51
oman,2013,116.71
oman,2014,116.71
oman,2015,116.71
oman,2016,116.71
oman,2017,116.71
oman,2018,116.71
oman,2019,116.71
oman,2020,116.71
oman,2021,116.71
oman,2022,116.71
pakistan,1975,94.085
pakistan,1976,94.171
pakistan,1977,94.256
pakistan,1978,94.342
pakistan,1979,94.427
pakistan,1980,94.513
pakistan,1981,94.598
pakistan,1982,94.684
pakistan,1983,94.770
pakistan,1984,94.855
pakistan,1985,94.941
pakistan,1986,95.026
pakistan,1987,95.112
pakistan,1988,95.198
pakistan,1989,95.283
pakistan,1990,95.369
pakistan,1991,95.454
pakistan,1992,96.610
pakistan,1993,97.766
pakistan,1994,98.922
pakistan,1995,100.08
pakistan,1996,101.23
pakistan,1997,102.39
pakistan,1998,103.55
pakistan,1999,104.70
pakistan,2000,105.86
pakistan,2001,106.64
pakistan,2002,107.42
pakistan,2003,108.21
pakistan,2004,108.99
pakistan,2005,109.77
pakistan,2006,110.69
pakistan,2007,111.62
pakistan,2008,112.57
pakistan,2009,112.32
pakistan,2010,113.66
pakistan,2011,110.10
pakistan,2012,115.26
pakistan,2013,112.57
pakistan,2014,119.54
pakistan,2015,120.80
pakistan,2016,122.55
pakistan,2017,122.67
pakistan,2018,118.24
pakistan,2019,108.65
pakistan,2020,116.31
pakistan,2021,112.97
pakistan,2022,109.99
palestine,2000,40.075
palestine,2001,38.575
palestine,2002,46.161
palestine,2003,48.626
palestine,2004,54.315
palestine,2005,58.194
palestine,2006,56.267
palestine,2007,53.857
palestine,2008,51.447
palestine,2009,49.037
palestine,2010,38.625
palestine,2011,38.069
palestine,2012,41.734
palestine,2013,43.132
palestine,2014,39.153
palestine,2015,41.535
palestine,2016,40.023
palestine,2017,41.078
palestine,2018,42.747
palestine,2019,47.012
palestine,2020,50.264
palestine,2021,47.754
palestine,2022,48.110
panama,2010,0.77135
panama,2011,0.81543
panama,2012,0.85952
panama,2013,0.90360
panama,2014,0.89341
panama,2015,0.93075
panama,2016,0.90107
panama,2017,0.90107
panama,2018,0.90107
panama,2019,0.90107
panama,2020,0.90107
panama,2021,0.90107
panama,2022,0.90107
papua_new_guinea,2000,0.091535
papua_new_guinea,2001,0.099676
papua_new_guinea,2002,0.10782
papua_new_guinea,2003,0.11596
papua_new_guinea,2004,0.12410
papua_new_guinea,2005,0.13224
papua_new_guinea,2006,0.13224
papua_new_guinea,2007,0.13224
papua_new_guinea,2008,0.13224
papua_new_guinea,2009,0.13224
papua_new_guinea,2010,0.13224
papua_new_guinea,2011,0.13224
papua_new_guinea,2012,0.13224
papua_new_guinea,2013,0.13224
papua_new_guinea,2014,0.13224
papua_new_guinea,2015,0.13224
papua_new_guinea,2016,0.13224
papua_new_guinea,2017,0.13224
papua_new_guinea,2018,0.13224
papua_new_guinea,2019,0.13224
papua_new_guinea,2020,0.13224
papua_new_guinea,2021,0.13224
papua_new_guinea,2022,0.13224
paraguay,1987,0.32707
paraguay,1988,0.33058
paraguay,1989,0.33409
paraguay,1990,0.33760
paraguay,1991,0.34111
paraguay,1992,0.34462
paraguay,1993,0.34813
paraguay,1994,0.35165
paraguay,1995,0.35516
paraguay,1996,0.35867
paraguay,1997,0.36218
paraguay,1998,0.36569
paraguay,1999,0.36920
paraguay,2000,0.37271
paraguay,2001,0.49972
paraguay,2002,0.62674
paraguay,2003,0.75375
paraguay,2004,0.88076
paraguay,2005,1.0078
paraguay,2006,1.1348
paraguay,2007,1.2618
paraguay,2008,1.3888
paraguay,2009,1.5050
paraguay,2010,1.6212
paraguay,2011,1.7135
paraguay,2012,1.8354
paraguay,2013,1.8354
paraguay,2014,1.8354
paraguay,2015,1.8354
paraguay,2016,1.8354
paraguay,2017,1.8354
paraguay,2018,1.8354
paraguay,2019,1.8354
paraguay,2020,1.8354
paraguay,2021,1.8354
paraguay,2022,1.8354
peru,2008,2.5270
peru,2009,2.9696
peru,2010,3.4121
peru,2011,3.8547
peru,2012,4.2973
peru,2013,4.7398
peru,2014,5.1824
peru,2015,5.6250
peru,2016,6.0675
peru,2017,6.5101
peru,2018,6.9527
peru,2019,7.1814
peru,2020,7.1814
peru,2021,4.5766
peru,2022,4.8284
philippines,2006,24.118
philippines,2007,24.915
philippines,2008,25.218
philippines,2009,24.933
philippines,2010,25.458
philippines,2011,25.698
philippines,2012,25.756
philippines,2013,25.817
philippines,2014,25.812
philippines,2015,26.413
philippines,2016,26.633
philippines,2017,28.062
philippines,2018,28.174
philippines,2019,26.290
philippines,2020,26.743
philippines,2021,27.209
philippines,2022,27.832
poland,1970,35.005
poland,1971,37.372
poland,1972,39.739
poland,1973,42.106
poland,1974,44.473
poland,1975,46.840
poland,1976,47.947
poland,1977,49.054
poland,1978,50.161
poland,1979,51.268
poland,1980,52.375
poland,1981,53.262
poland,1982,54.150
poland,1983,55.037
poland,1984,55.925
poland,1985,56.812
poland,1986,55.949
poland,1987,55.087
poland,1988,54.224
poland,1989,53.362
poland,1990,52.499
poland,1991,49.406
poland,1992,46.314
poland,1993,45.907
poland,1994,45.501
poland,1995,45.094
poland,1996,44.688
poland,1997,44.282
poland,1998,43.538
poland,1999,42.795
poland,2000,42.051
poland,2001,41.308
poland,2002,40.564
poland,2003,40.771
poland,2004,40.977
poland,2005,41.183
poland,2006,41.389
poland,2007,41.596
poland,2008,39.322
poland,2009,39.830
poland,2010,37.612
poland,2011,41.225
poland,2012,39.695
poland,2013,38.906
poland,2014,36.798
poland,2015,36.165
poland,2016,35.614
poland,2017,34.891
poland,2018,33.223
poland,2019,31.097
poland,2020,30.000
poland,2021,32.077
poland,2022,32.485
portugal,1991,17.276
portugal,1992,20.233
portugal,1993,23.191
portugal,1994,26.148
portugal,1995,25.823
portugal,1996,24.673
portugal,1997,23.522
portugal,1998,22.372
portugal,1999,21.903
portugal,2000,21.428
portugal,2001,20.959
portugal,2002,20.490
portugal,2003,20.021
portugal,2004,19.552
portugal,2005,19.083
portugal,2006,18.201
portugal,2007,18.377
portugal,2008,18.242
portugal,2009,18.108
portugal,2010,17.974
portugal,2011,17.840
portugal,2012,17.706
portugal,2013,17.572
portugal,2014,17.438
portugal,2015,17.304
portugal,2016,17.170
portugal,2017,12.380
portugal,2018,12.316
portugal,2019,12.316
portugal,2020,12.316
portugal,2021,12.316
portugal,2022,12.316
puerto_rico,1990,17.805
puerto_rico,1991,17.937
puerto_rico,1992,18.068
puerto_rico,1993,18.200
puerto_rico,1994,18.331
puerto_rico,1995,18.463
puerto_rico,1996,18.594
puerto_rico,1997,18.726
puerto_rico,1998,18.857
puerto_rico,1999,18.989
puerto_rico,2000,19.120
puerto_rico,2001,19.754
puerto_rico,2002,20.388
puerto_rico,2003,21.023
puerto_rico,2004,21.657
puerto_rico,2005,22.291
puerto_rico,2006,22.374
puerto_rico,2007,22.457
puerto_rico,2008,22.536
puerto_rico,2009,22.623
puerto_rico,2010,22.706
puerto_rico,2011,22.067
puerto_rico,2012,21.438
puerto_rico,2013,20.804
puerto_rico,2014,20.170
puerto_rico,2015,19.536
puerto_rico,2016,19.536
puerto_rico,2017,19.536
puerto_rico,2018,19.536
puerto_rico,2019,19.536
puerto_rico,2020,19.536
puerto_rico,2021,19.536
puerto_rico,2022,19.536
qatar,1975,258.62
qatar,1976,270.86
qatar,1977,283.10
qatar,1978,295.34
qatar,1979,307.59
qatar,1980,319.83
qatar,1981,332.07
qatar,1982,344.31
qatar,1983,356.55
qatar,1984,368.79
qatar,1985,381.03
qatar,1986,393.28
qatar,1987,405.52
qatar,1988,417.76
qatar,1989,430.00
qatar,1990,330.17
qatar,1991,327.76
qatar,1992,325.34
qatar,1993,322.93
qatar,1994,277.07
qatar,1995,277.99
qatar,1996,278.91
qatar,1997,279.83
qatar,1998,280.75
qatar,1999,281.67
qatar,2000,282.59
qatar,2001,300.90
qatar,2002,321.97
qatar,2003,341.66
qatar,2004,361.34
qatar,2005,374.14
qatar,2006,381.29
qatar,2007,388.45
qatar,2008,395.60
qatar,2009,402.76
qatar,2010,409.91
qatar,2011,417.07
qatar,2012,424.22
qatar,2013,431.38
qatar,2014,434.66
qatar,2015,431.03
qatar,2016,432.41
qatar,2017,431.03
qatar,2018,431.03
qatar,2019,431.03
qatar,2020,431.03
qatar,2021,431.03
qatar,2022,431.03
republic_of_korea,1990,60.041
republic_of_korea,1991,62.072
republic_of_korea,1992,64.102
republic_of_korea,1993,66.133
republic_of_korea,1994,68.164
republic_of_korea,1995,70.194
republic_of_korea,1996,72.225
republic_of_korea,1997,74.256
republic_of_korea,1998,76.432
republic_of_korea,1999,78.608
republic_of_korea,2000,80.785
republic_of_korea,2001,82.961
republic_of_korea,2002,85.137
republic_of_korea,2003,85.165
republic_of_korea,2004,85.194
republic_of_korea,2005,85.222
republic_of_korea,2006,85.222
republic_of_korea,2007,85.222
republic_of_korea,2008,85.222
republic_of_korea,2009,85.222
republic_of_korea,2010,85.222
republic_of_korea,2011,85.222
republic_of_korea,2012,85.222
republic_of_korea,2013,85.222
republic_of_korea,2014,85.222
republic_of_korea,2015,85.222
republic_of_korea,2016,85.222
republic_of_korea,2017,85.222
republic_of_korea,2018,85.222
republic_of_korea,2019,85.222
republic_of_korea,2020,85.222
republic_of_korea,2021,85.222
republic_of_korea,2022,85.222
republic_of_moldova,1992,29.151
republic_of_moldova,1993,27.512
republic_of_moldova,1994,25.873
republic_of_moldova,1995,24.234
republic_of_moldova,1996,26.082
republic_of_moldova,1997,22.111
republic_of_moldova,1998,21.626
republic_of_moldova,1999,21.141
republic_of_moldova,2000,20.657
republic_of_moldova,2001,12.979
republic_of_moldova,2002,12.860
republic_of_moldova,2003,12.830
republic_of_moldova,2004,12.652
republic_of_moldova,2005,12.652
republic_of_moldova,2006,12.682
republic_of_moldova,2007,12.682
republic_of_moldova,2008,12.786
republic_of_moldova,2009,12.845
republic_of_moldova,2010,12.637
republic_of_moldova,2011,12.578
republic_of_moldova,2012,12.623
republic_of_moldova,2013,12.459
republic_of_moldova,2014,12.415
republic_of_moldova,2015,12.474
republic_of_moldova,2016,12.504
republic_of_moldova,2017,12.474
republic_of_moldova,2018,12.429
republic_of_moldova,2019,12.459
republic_of_moldova,2020,12.563
republic_of_moldova,2021,12.563
republic_of_moldova,2022,12.563
romania,1970,8.9786
romania,1971,9.8792
romania,1972,10.780
romania,1973,11.681
romania,1974,12.581
romania,1975,13.482
romania,1976,14.306
romania,1977,15.130
romania,1978,15.954
romania,1979,16.777
romania,1980,17.601
romania,1981,17.920
romania,1982,18.238
romania,1983,18.556
romania,1984,18.875
romania,1985,19.193
romania,1986,19.176
romania,1987,19.159
romania,1988,19.142
romania,1989,19.126
romania,1990,19.109
romania,1991,18.962
romania,1992,18.815
romania,1993,18.669
romania,1994,16.824
romania,1995,14.980
romania,1996,13.323
romania,1997,11.666
romania,1998,11.946
romania,1999,11.843
romania,2000,9.0347
romania,2001,8.4805
romania,2002,8.6340
romania,2003,7.9655
romania,2004,6.6698
romania,2005,5.7204
romania,2006,4.9902
romania,2007,6.4451
romania,2008,6.7597
romania,2009,6.4376
romania,2010,5.8225
romania,2011,6.1717
romania,2012,6.0687
romania,2013,6.0088
romania,2014,5.8815
romania,2015,6.0528
romania,2016,5.9676
romania,2017,6.3412
romania,2018,6.0069
romania,2019,6.5471
romania,2020,6.9244
romania,2021,7.3626
romania,2022,7.6313
russian_federation,1992,6.3341
russian_federation,1993,5.6186
russian_federation,1994,4.9032
russian_federation,1995,4.8056
russian_federation,1996,4.7081
russian_federation,1997,4.6106
russian_federation,1998,4.5130
russian_federation,1999,4.4155
russian_federation,2000,4.8269
russian_federation,2001,4.2100
russian_federation,2002,4.1824
russian_federation,2003,4.1549
russian_federation,2004,4.1273
russian_federation,2005,4.4071
russian_federation,2006,4.0722
russian_federation,2007,4.0447
russian_federation,2008,4.0171
russian_federation,2009,3.9895
russian_federation,2010,4.4326
russian_federation,2011,3.9344
russian_federation,2012,4.0701
russian_federation,2013,3.8793
russian_federation,2014,4.5032
russian_federation,2015,3.9709
russian_federation,2016,4.1203
russian_federation,2017,4.0962
russian_federation,2018,4.1222
russian_federation,2019,4.1222
russian_federation,2020,4.1222
russian_federation,2021,4.1222
russian_federation,2022,4.1222
rwanda,2000,4.9669
rwanda,2001,5.6410
rwanda,2002,6.3152
rwanda,2003,6.9893
rwanda,2004,7.6634
rwanda,2005,8.3376
rwanda,2006,9.1611
rwanda,2007,9.9847
rwanda,2008,10.808
rwanda,2009,11.632
rwanda,2010,12.455
rwanda,2011,13.279
rwanda,2012,14.103
rwanda,2013,14.926
rwanda,2014,15.750
rwanda,2015,16.573
rwanda,2016,17.397
rwanda,2017,18.220
rwanda,2018,19.044
rwanda,2019,20.199
rwanda,2020,20.199
rwanda,2021,20.199
rwanda,2022,20.199
saint_kitts_and_nevis,2012,50.833
saint_kitts_and_nevis,2013,50.833
saint_kitts_and_nevis,2014,50.833
saint_kitts_and_nevis,2015,50.833
saint_kitts_and_nevis,2016,50.833
saint_kitts_and_nevis,2017,50.833
saint_kitts_and_nevis,2018,50.833
saint_kitts_and_nevis,2019,50.833
saint_kitts_and_nevis,2020,50.833
saint_kitts_and_nevis,2021,50.833
saint_kitts_and_nevis,2022,50.833
saint_lucia,2007,14.300
saint_lucia,2008,14.300
saint_lucia,2009,14.300
saint_lucia,2010,14.300
saint_lucia,2011,14.300
saint_lucia,2012,14.300
saint_lucia,2013,14.300
saint_lucia,2014,14.300
saint_lucia,2015,14.300
saint_lucia,2016,14.300
saint_lucia,2017,14.300
saint_lucia,2018,14.300
saint_lucia,2019,14.300
saint_lucia,2020,14.300
saint_lucia,2021,14.300
saint_lucia,2022,14.300
saint_vincent_and_the_grenadines,1995,10.000
saint_vincent_and_the_grenadines,1996,9.9500
saint_vincent_and_the_grenadines,1997,9.9000
saint_vincent_and_the_grenadines,1998,9.8500
saint_vincent_and_the_grenadines,1999,9.8000
saint_vincent_and_the_grenadines,2000,9.7500
saint_vincent_and_the_grenadines,2001,9.7000
saint_vincent_and_the_grenadines,2002,9.4174
saint_vincent_and_the_grenadines,2003,9.3342
saint_vincent_and_the_grenadines,2004,9.2510
saint_vincent_and_the_grenadines,2005,9.5000
saint_vincent_and_the_grenadines,2006,9.3000
saint_vincent_and_the_grenadines,2007,9.1000
saint_vincent_and_the_grenadines,2008,8.9000
saint_vincent_and_the_grenadines,2009,8.7000
saint_vincent_and_the_grenadines,2010,8.5000
saint_vincent_and_the_grenadines,2011,8.3000
saint_vincent_and_the_grenadines,2012,8.1000
saint_vincent_and_the_grenadines,2013,7.9000
saint_vincent_and_the_grenadines,2014,7.9000
saint_vincent_and_the_grenadines,2015,7.9000
saint_vincent_and_the_grenadines,2016,7.9000
saint_vincent_and_the_grenadines,2017,7.9000
saint_vincent_and_the_grenadines,2018,7.9000
saint_vincent_and_the_grenadines,2019,7.9000
saint_vincent_and_the_grenadines,2020,7.9000
saint_vincent_and_the_grenadines,2021,7.9000
saint_vincent_and_the_grenadines,2022,7.9000
sao_tome_and_principe,1993,0.32110
sao_tome_and_principe,1994,0.38871
sao_tome_and_principe,1995,0.45632
sao_tome_and_principe,1996,0.52393
sao_tome_and_principe,1997,0.59154
sao_tome_and_principe,1998,0.65915
sao_tome_and_principe,1999,0.72677
sao_tome_and_principe,2000,0.79438
sao_tome_and_principe,2001,0.86199
sao_tome_and_principe,2002,0.92960
sao_tome_and_principe,2003,0.99721
sao_tome_and_principe,2004,1.0648
sao_tome_and_principe,2005,1.1324
sao_tome_and_principe,2006,1.2000
sao_tome_and_principe,2007,1.2677
sao_tome_and_principe,2008,1.3353
sao_tome_and_principe,2009,1.4029
sao_tome_and_principe,2010,1.4705
sao_tome_and_principe,2011,1.5381
sao_tome_and_principe,2012,1.6057
sao_tome_and_principe,2013,1.6733
sao_tome_and_principe,2014,1.7409
sao_tome_and_principe,2015,1.8085
sao_tome_and_principe,2016,1.8761
sao_tome_and_principe,2017,1.8761
sao_tome_and_principe,2018,1.8761
sao_tome_and_principe,2019,1.8761
sao_tome_and_principe,2020,1.8761
sao_tome_and_principe,2021,1.8761
sao_tome_and_principe,2022,1.8761
saudi_arabia,1992,671.67
saudi_arabia,1993,690.40
saudi_arabia,1994,708.54
saudi_arabia,1995,728.02
saudi_arabia,1996,746.21
saudi_arabia,1997,765.36
saudi_arabia,1998,783.88
saudi_arabia,1999,801.57
saudi_arabia,2000,819.76
saudi_arabia,2001,832.64
saudi_arabia,2002,847.78
saudi_arabia,2003,858.17
saudi_arabia,2004,870.14
saudi_arabia,2005,894.82
saudi_arabia,2006,943.33
saudi_arabia,2007,936.13
saudi_arabia,2008,928.92
saudi_arabia,2009,921.72
saudi_arabia,2010,914.51
saudi_arabia,2011,907.31
saudi_arabia,2012,900.10
saudi_arabia,2013,894.24
saudi_arabia,2014,894.71
saudi_arabia,2015,948.88
saudi_arabia,2016,929.58
saudi_arabia,2017,955.96
saudi_arabia,2018,974.17
saudi_arabia,2019,974.17
saudi_arabia,2020,974.17
saudi_arabia,2021,974.17
saudi_arabia,2022,974.17
senegal,1987,7.2302
senegal,1988,7.3242
senegal,1989,7.4183
senegal,1990,7.5123
senegal,1991,7.6063
senegal,1992,7.7004
senegal,1993,7.7944
senegal,1994,7.8885
senegal,1995,7.9825
senegal,1996,8.0765
senegal,1997,8.1706
senegal,1998,8.2646
senegal,1999,8.3586
senegal,2000,8.4527
senegal,2001,10.130
senegal,2002,11.807
senegal,2003,11.897
senegal,2004,11.987
senegal,2005,12.077
senegal,2006,12.167
senegal,2007,12.257
senegal,2008,12.351
senegal,2009,12.442
senegal,2010,12.532
senegal,2011,12.623
senegal,2012,12.714
senegal,2013,12.804
senegal,2014,12.895
senegal,2015,12.985
senegal,2016,13.076
senegal,2017,13.156
senegal,2018,16.086
senegal,2019,16.276
senegal,2020,16.276
senegal,2021,16.276
senegal,2022,16.276
serbia,2006,2.3876
serbia,2007,4.4605
serbia,2008,5.2868
serbia,2009,5.2226
serbia,2010,4.9803
serbia,2011,5.3533
serbia,2012,4.9622
serbia,2013,5.3071
serbia,2014,4.4348
serbia,2015,5.2846
serbia,2016,5.3042
serbia,2017,6.0600
serbia,2018,6.2634
serbia,2019,6.3316
serbia,2020,5.7455
serbia,2021,5.4446
serbia,2022,5.7376
sierra_leone,1987,0.86449
sierra_leone,1988,0.75047
sierra_leone,1989,0.63646
sierra_leone,1990,0.52244
sierra_leone,1991,0.40843
sierra_leone,1992,0.29441
sierra_leone,1993,0.31278
sierra_leone,1994,0.33115
sierra_leone,1995,0.34951
sierra_leone,1996,0.36788
sierra_leone,1997,0.38625
sierra_leone,1998,0.40462
sierra_leone,1999,0.42299
sierra_leone,2000,0.44136
sierra_leone,2001,0.45224
sierra_leone,2002,0.46313
sierra_leone,2003,0.47402
sierra_leone,2004,0.48491
sierra_leone,2005,0.49579
sierra_leone,2006,0.49579
sierra_leone,2007,0.49579
sierra_leone,2008,0.49579
sierra_leone,2009,0.49579
sierra_leone,2010,0.49579
sierra_leone,2011,0.49579
sierra_leone,2012,0.49579
sierra_leone,2013,0.49579
sierra_leone,2014,0.49579
sierra_leone,2015,0.49579
sierra_leone,2016,0.49579
sierra_leone,2017,0.49579
sierra_leone,2018,0.49579
sierra_leone,2019,0.49579
sierra_leone,2020,0.49579
sierra_leone,2021,0.49579
sierra_leone,2022,0.49579
singapore,1975,31.667
singapore,1976,43.004
singapore,1977,54.341
singapore,1978,65.678
singapore,1979,77.015
singapore,1980,88.352
singapore,1981,99.689
singapore,1982,111.03
singapore,1983,122.36
singapore,1984,133.70
singapore,1985,145.04
singapore,1986,156.37
singapore,1987,167.71
singapore,1988,179.05
singapore,1989,190.39
singapore,1990,200.52
singapore,1991,211.86
singapore,1992,223.20
singapore,1993,234.53
singapore,1994,245.87
singapore,1995,257.21
singapore,1996,268.55
singapore,1997,279.88
singapore,1998,291.22
singapore,1999,302.56
singapore,2000,313.89
singapore,2001,328.24
singapore,2002,338.25
singapore,2003,352.52
singapore,2004,366.80
singapore,2005,377.52
singapore,2006,346.29
singapore,2007,315.06
singapore,2008,284.46
singapore,2009,252.18
singapore,2010,219.91
singapore,2011,187.64
singapore,2012,160.03
singapore,2013,132.43
singapore,2014,108.51
singapore,2015,84.583
singapore,2016,84.967
singapore,2017,83.217
singapore,2018,81.383
singapore,2019,82.167
singapore,2020,83.117
singapore,2021,58.186
singapore,2022,33.255
slovakia,1993,3.1377
slovakia,1994,2.9521
slovakia,1995,2.7665
slovakia,1996,2.6906
slovakia,1997,5.6368
slovakia,1998,5.4382
slovakia,1999,5.2395
slovakia,2000,5.0409
slovakia,2001,4.8750
slovakia,2002,4.7091
slovakia,2003,4.4402
slovakia,2004,4.1713
slovakia,2005,3.9023
slovakia,2006,3.4312
slovakia,2007,2.9600
slovakia,2008,2.8559
slovakia,2009,2.7027
slovakia,2010,2.5848
slovakia,2011,2.5521
slovakia,2012,2.8627
slovakia,2013,2.7427
slovakia,2014,2.4066
slovakia,2015,2.4682
slovakia,2016,2.3894
slovakia,2017,2.3937
slovakia,2018,2.3946
slovakia,2019,2.4036
slovakia,2020,2.3881
slovakia,2021,2.4366
slovakia,2022,2.4252
slovenia,2002,6.0798
slovenia,2003,6.1348
slovenia,2004,6.1898
slovenia,2005,6.2448
slovenia,2006,6.2847
slovenia,2007,6.3245
slovenia,2008,7.0318
slovenia,2009,6.3739
slovenia,2010,6.2576
slovenia,2011,5.7492
slovenia,2012,6.2745
slovenia,2013,7.8134
slovenia,2014,6.6281
slovenia,2015,6.0649
slovenia,2016,5.9993
slovenia,2017,6.2975
slovenia,2018,6.4976
slovenia,2019,6.3827
slovenia,2020,6.7816
slovenia,2021,6.2948
slovenia,2022,5.5916
small_island_developing_states,2000,3.0466
small_island_developing_states,2001,3.1003
small_island_developing_states,2002,3.1479
small_island_developing_states,2003,3.1995
small_island_developing_states,2004,3.3923
small_island_developing_states,2005,3.4257
small_island_developing_states,2006,3.4523
small_island_developing_states,2007,3.4272
small_island_developing_states,2008,3.6023
small_island_developing_states,2009,3.6583
small_island_developing_states,2010,3.6787
small_island_developing_states,2011,3.6898
small_island_developing_states,2012,3.7179
small_island_developing_states,2013,3.7464
small_island_developing_states,2014,3.7276
small_island_developing_states,2015,3.5888
small_island_developing_states,2016,3.6727
small_island_developing_states,2017,3.6684
small_island_developing_states,2018,3.6627
small_island_developing_states,2019,3.6640
small_island_developing_states,2020,3.6586
small_island_developing_states,2021,3.6518
small_island_developing_states,2022,3.6341
somalia,1987,6.0241
somalia,1988,7.4428
somalia,1989,8.8615
somalia,1990,10.280
somalia,1991,11.699
somalia,1992,13.118
somalia,1993,14.536
somalia,1994,15.955
somalia,1995,17.374
somalia,1996,18.793
somalia,1997,20.211
somalia,1998,21.630
somalia,1999,23.049
somalia,2000,24.467
somalia,2001,24.488
somalia,2002,24.508
somalia,2003,24.528
somalia,2004,24.528
somalia,2005,24.528
somalia,2006,24.528
somalia,2007,24.528
somalia,2008,24.528
somalia,2009,24.528
somalia,2010,24.528
somalia,2011,24.528
somalia,2012,24.528
somalia,2013,24.528
somalia,2014,24.528
somalia,2015,24.528
somalia,2016,24.528
somalia,2017,24.528
somalia,2018,24.528
somalia,2019,24.528
somalia,2020,24.528
somalia,2021,24.528
somalia,2022,24.528
south_africa,1990,42.558
south_africa,1991,42.298
south_africa,1992,42.037
south_africa,1993,41.776
south_africa,1994,41.516
south_africa,1995,41.255
south_africa,1996,41.185
south_africa,1997,41.114
south_africa,1998,41.044
south_africa,1999,40.973
south_africa,2000,40.772
south_africa,2001,41.453
south_africa,2002,42.135
south_africa,2003,42.816
south_africa,2004,43.498
south_africa,2005,44.179
south_africa,2006,44.861
south_africa,2007,45.543
south_africa,2008,46.224
south_africa,2009,46.906
south_africa,2010,47.587
south_africa,2011,48.269
south_africa,2012,48.950
south_africa,2013,45.744
south_africa,2014,52.747
south_africa,2015,59.750
south_africa,2016,60.967
south_africa,2017,62.056
south_africa,2018,62.888
south_africa,2019,64.041
south_africa,2020,65.034
south_africa,2021,66.891
south_africa,2022,67.595
south_sudan,2012,4.2261
south_sudan,2013,4.2261
south_sudan,2014,4.2261
south_sudan,2015,4.2261
south_sudan,2016,4.2261
south_sudan,2017,4.2261
south_sudan,2018,4.2261
south_sudan,2019,4.2261
south_sudan,2020,4.2261
south_sudan,2021,4.2261
south_sudan,2022,4.2261
south_eastern_asia,2000,13.527
south_eastern_asia,2001,14.066
south_eastern_asia,2002,14.604
south_eastern_asia,2003,15.132
south_eastern_asia,2004,15.112
south_eastern_asia,2005,14.681
south_eastern_asia,2006,15.944
south_eastern_asia,2007,17.631
south_eastern_asia,2008,17.964
south_eastern_asia,2009,18.218
south_eastern_asia,2010,18.580
south_eastern_asia,2011,18.905
south_eastern_asia,2012,19.206
south_eastern_asia,2013,19.507
south_eastern_asia,2014,19.800
south_eastern_asia,2015,20.168
south_eastern_asia,2016,20.483
south_eastern_asia,2017,20.666
south_eastern_asia,2018,20.681
south_eastern_asia,2019,20.430
south_eastern_asia,2020,20.491
south_eastern_asia,2021,20.547
south_eastern_asia,2022,20.624
southern_asia,2000,70.653
southern_asia,2001,72.002
southern_asia,2002,73.351
southern_asia,2003,74.700
southern_asia,2004,72.530
southern_asia,2005,72.913
southern_asia,2006,73.316
southern_asia,2007,73.719
southern_asia,2008,76.450
southern_asia,2009,76.703
southern_asia,2010,77.156
southern_asia,2011,76.711
southern_asia,2012,77.356
southern_asia,2013,77.020
southern_asia,2014,77.893
southern_asia,2015,78.050
southern_asia,2016,78.269
southern_asia,2017,78.285
southern_asia,2018,77.729
southern_asia,2019,76.529
southern_asia,2020,77.487
southern_asia,2021,77.070
southern_asia,2022,76.697
spain,1975,49.189
spain,1976,50.236
spain,1977,51.283
spain,1978,52.330
spain,1979,53.377
spain,1980,54.424
spain,1981,55.877
spain,1982,57.331
spain,1983,58.784
spain,1984,60.237
spain,1985,61.691
spain,1986,62.511
spain,1987,60.043
spain,1988,57.575
spain,1989,55.107
spain,1990,52.639
spain,1991,50.170
spain,1992,49.648
spain,1993,49.125
spain,1994,48.603
spain,1995,48.080
spain,1996,47.557
spain,1997,47.035
spain,1998,47.764
spain,1999,48.494
spain,2000,49.223
spain,2001,48.815
spain,2002,48.408
spain,2003,49.285
spain,2004,50.162
spain,2005,51.039
spain,2006,49.361
spain,2007,47.684
spain,2008,47.408
spain,2009,49.243
spain,2010,47.731
spain,2011,47.812
spain,2012,49.579
spain,2013,44.104
spain,2014,44.798
spain,2015,42.964
spain,2016,42.564
spain,2017,41.028
spain,2018,40.094
spain,2019,39.829
spain,2020,43.254
spain,2021,43.254
spain,2022,43.254
sri_lanka,1990,68.506
sri_lanka,1991,70.780
sri_lanka,1992,73.053
sri_lanka,1993,75.326
sri_lanka,1994,77.599
sri_lanka,1995,79.872
sri_lanka,1996,82.146
sri_lanka,1997,84.419
sri_lanka,1998,86.692
sri_lanka,1999,88.965
sri_lanka,2000,91.238
sri_lanka,2001,91.148
sri_lanka,2002,91.057
sri_lanka,2003,90.967
sri_lanka,2004,90.876
sri_lanka,2005,90.785
sri_lanka,2006,90.785
sri_lanka,2007,90.785
sri_lanka,2008,90.785
sri_lanka,2009,90.785
sri_lanka,2010,90.785
sri_lanka,2011,90.785
sri_lanka,2012,90.785
sri_lanka,2013,90.785
sri_lanka,2014,90.785
sri_lanka,2015,90.785
sri_lanka,2016,90.785
sri_lanka,2017,90.785
sri_lanka,2018,90.785
sri_lanka,2019,90.785
sri_lanka,2020,90.785
sri_lanka,2021,90.785
sri_lanka,2022,90.785
sub_saharan_africa,2000,4.4563
sub_saharan_africa,2001,4.6005
sub_saharan_africa,2002,4.9509
sub_saharan_africa,2003,5.0558
sub_saharan_africa,2004,5.1498
sub_saharan_africa,2005,5.2370
sub_saharan_africa,2006,5.2901
sub_saharan_africa,2007,5.3435
sub_saharan_africa,2008,5.4021
sub_saharan_africa,2009,5.4430
sub_saharan_africa,2010,5.4923
sub_saharan_africa,2011,5.5192
sub_saharan_africa,2012,5.6295
sub_saharan_africa,2013,5.5891
sub_saharan_africa,2014,5.7376
sub_saharan_africa,2015,5.9000
sub_saharan_africa,2016,5.9896
sub_saharan_africa,2017,6.0000
sub_saharan_africa,2018,6.1269
sub_saharan_africa,2019,6.1897
sub_saharan_africa,2020,6.2531
sub_saharan_africa,2021,6.2851
sub_saharan_africa,2022,6.2991
sudan,2012,118.66
sudan,2013,118.66
sudan,2014,118.66
sudan,2015,118.66
sudan,2016,118.66
sudan,2017,118.66
sudan,2018,118.66
sudan,2019,118.66
sudan,2020,118.66
sudan,2021,118.66
sudan,2022,118.66
suriname,1987,2.9506
suriname,1988,3.0542
suriname,1989,3.1578
suriname,1990,3.2615
suriname,1991,3.3651
suriname,1992,3.4687
suriname,1993,3.5723
suriname,1994,3.6759
suriname,1995,3.7795
suriname,1996,3.8832
suriname,1997,3.9868
suriname,1998,4.0904
suriname,1999,4.1940
suriname,2000,4.2976
suriname,2001,4.2398
suriname,2002,4.1820
suriname,2003,4.1241
suriname,2004,4.0663
suriname,2005,4.0084
suriname,2006,3.9506
suriname,2007,3.9506
suriname,2008,3.9506
suriname,2009,3.9506
suriname,2010,3.9506
suriname,2011,3.9506
suriname,2012,3.9506
suriname,2013,3.9506
suriname,2014,3.9506
suriname,2015,3.9506
suriname,2016,3.9506
suriname,2017,3.9506
suriname,2018,3.9506
suriname,2019,3.9506
suriname,2020,3.9506
suriname,2021,3.9506
suriname,2022,3.9506
sweden,1970,5.8773
sweden,1971,5.8952
sweden,1972,5.9131
sweden,1973,5.9310
sweden,1974,5.9489
sweden,1975,5.9668
sweden,1976,5.9584
sweden,1977,5.9501
sweden,1978,5.9417
sweden,1979,5.9333
sweden,1980,5.9250
sweden,1981,5.5971
sweden,1982,5.2693
sweden,1983,4.9414
sweden,1984,4.6136
sweden,1985,4.2857
sweden,1986,4.2868
sweden,1987,4.2879
sweden,1988,4.2890
sweden,1989,4.2900
sweden,1990,4.2828
sweden,1991,4.2864
sweden,1992,4.2900
sweden,1993,4.1708
sweden,1994,4.0515
sweden,1995,3.9322
sweden,1996,3.9221
sweden,1997,3.9120
sweden,1998,3.9009
sweden,1999,3.8899
sweden,2000,3.8788
sweden,2001,3.8615
sweden,2002,3.8615
sweden,2003,3.8398
sweden,2004,3.8182
sweden,2005,3.7965
sweden,2006,3.7958
sweden,2007,3.7951
sweden,2008,3.8235
sweden,2009,3.8519
sweden,2010,3.8802
sweden,2011,3.7896
sweden,2012,3.6990
sweden,2013,3.6084
sweden,2014,3.5177
sweden,2015,3.4271
sweden,2016,3.4583
sweden,2017,3.4895
sweden,2018,3.5206
sweden,2019,3.5518
sweden,2020,3.5830
sweden,2021,3.5830
sweden,2022,3.5830
switzerland,1975,9.9085
switzerland,1976,9.9016
switzerland,1977,9.8947
switzerland,1978,9.8879
switzerland,1979,9.8810
switzerland,1980,9.8741
switzerland,1981,9.9176
switzerland,1982,9.9611
switzerland,1983,10.005
switzerland,1984,10.048
switzerland,1985,10.092
switzerland,1986,10.118
switzerland,1987,10.145
switzerland,1988,10.172
switzerland,1989,10.198
switzerland,1990,10.225
switzerland,1991,10.252
switzerland,1992,10.278
switzerland,1993,10.174
switzerland,1994,10.070
switzerland,1995,9.9651
switzerland,1996,9.8607
switzerland,1997,9.7563
switzerland,1998,9.7257
switzerland,1999,9.6951
switzerland,2000,9.6645
switzerland,2001,9.6339
switzerland,2002,9.6034
switzerland,2003,9.4075
switzerland,2004,9.2117
switzerland,2005,9.0158
switzerland,2006,8.8200
switzerland,2007,8.6241
switzerland,2008,8.4283
switzerland,2009,8.2325
switzerland,2010,8.0366
switzerland,2011,7.8408
switzerland,2012,7.6278
switzerland,2013,6.5599
switzerland,2014,6.4989
switzerland,2015,6.5062
switzerland,2016,6.4989
switzerland,2017,6.4989
switzerland,2018,6.4989
switzerland,2019,6.4989
switzerland,2020,6.4989
switzerland,2021,6.4989
switzerland,2022,6.4989
syrian_arab_republic,1975,29.744
syrian_arab_republic,1976,34.409
syrian_arab_republic,1977,39.073
syrian_arab_republic,1978,43.738
syrian_arab_republic,1979,48.402
syrian_arab_republic,1980,53.067
syrian_arab_republic,1981,57.731
syrian_arab_republic,1982,62.396
syrian_arab_republic,1983,67.060
syrian_arab_republic,1984,71.725
syrian_arab_republic,1985,76.390
syrian_arab_republic,1986,81.054
syrian_arab_republic,1987,85.719
syrian_arab_republic,1988,90.383
syrian_arab_republic,1989,95.048
syrian_arab_republic,1990,99.712
syrian_arab_republic,1991,104.38
syrian_arab_republic,1992,109.04
syrian_arab_republic,1993,113.71
syrian_arab_republic,1994,119.77
syrian_arab_republic,1995,120.15
syrian_arab_republic,1996,124.36
syrian_arab_republic,1997,128.48
syrian_arab_republic,1998,132.84
syrian_arab_republic,1999,130.89
syrian_arab_republic,2000,134.22
syrian_arab_republic,2001,138.52
syrian_arab_republic,2002,145.69
syrian_arab_republic,2003,128.64
syrian_arab_republic,2004,125.65
syrian_arab_republic,2005,125.96
syrian_arab_republic,2006,125.96
syrian_arab_republic,2007,125.96
syrian_arab_republic,2008,125.96
syrian_arab_republic,2009,125.56
syrian_arab_republic,2010,125.16
syrian_arab_republic,2011,124.76
syrian_arab_republic,2012,124.36
syrian_arab_republic,2013,124.36
syrian_arab_republic,2014,124.36
syrian_arab_republic,2015,124.36
syrian_arab_republic,2016,124.36
syrian_arab_republic,2017,124.36
syrian_arab_republic,2018,124.36
syrian_arab_republic,2019,124.36
syrian_arab_republic,2020,124.36
syrian_arab_republic,2021,124.36
syrian_arab_republic,2022,124.36
tajikistan,1994,75.999
tajikistan,1995,76.867
tajikistan,1996,77.735
tajikistan,1997,78.602
tajikistan,1998,79.470
tajikistan,1999,80.337
tajikistan,2000,81.205
tajikistan,2001,79.980
tajikistan,2002,78.754
tajikistan,2003,77.529
tajikistan,2004,76.304
tajikistan,2005,75.079
tajikistan,2006,73.854
tajikistan,2007,73.286
tajikistan,2008,72.718
tajikistan,2009,72.150
tajikistan,2010,71.582
tajikistan,2011,71.014
tajikistan,2012,70.446
tajikistan,2013,69.877
tajikistan,2014,69.309
tajikistan,2015,68.741
tajikistan,2016,57.719
tajikistan,2017,52.698
tajikistan,2018,64.481
tajikistan,2019,69.943
tajikistan,2020,69.943
tajikistan,2021,69.943
tajikistan,2022,69.943
thailand,2007,23.014
thailand,2008,23.014
thailand,2009,23.014
thailand,2010,23.014
thailand,2011,23.014
thailand,2012,23.014
thailand,2013,23.014
thailand,2014,23.014
thailand,2015,23.014
thailand,2016,23.014
thailand,2017,23.014
thailand,2018,23.014
thailand,2019,23.014
thailand,2020,23.014
thailand,2021,23.014
thailand,2022,23.014
timor_leste,2004,28.268
timor_leste,2005,28.268
timor_leste,2006,28.268
timor_leste,2007,28.268
timor_leste,2008,28.268
timor_leste,2009,28.268
timor_leste,2010,28.268
timor_leste,2011,28.268
timor_leste,2012,28.268
timor_leste,2013,28.268
timor_leste,2014,28.268
timor_leste,2015,28.268
timor_leste,2016,28.268
timor_leste,2017,28.268
timor_leste,2018,28.268
timor_leste,2019,28.268
timor_leste,2020,28.268
timor_leste,2021,28.268
timor_leste,2022,28.268
togo,1987,1.3840
togo,1988,1.4761
togo,1989,1.5681
togo,1990,1.6601
togo,1991,1.7522
togo,1992,1.8442
togo,1993,1.9362
togo,1994,2.0283
togo,1995,2.1203
togo,1996,2.2123
togo,1997,2.3044
togo,1998,2.3964
togo,1999,2.4884
togo,2000,2.5805
togo,2001,2.5754
togo,2002,2.5703
togo,2003,2.8441
togo,2004,3.1179
togo,2005,3.3916
togo,2006,3.3916
togo,2007,3.3916
togo,2008,3.3916
togo,2009,3.3916
togo,2010,3.3916
togo,2011,3.3916
togo,2012,3.3916
togo,2013,3.3916
togo,2014,3.3916
togo,2015,3.3916
togo,2016,3.3916
togo,2017,3.3916
togo,2018,3.3916
togo,2019,3.3916
togo,2020,3.3916
togo,2021,3.3916
togo,2022,3.3916
trinidad_and_tobago,1997,17.956
trinidad_and_tobago,1998,18.299
trinidad_and_tobago,1999,18.642
trinidad_and_tobago,2000,18.984
trinidad_and_tobago,2001,19.359
trinidad_and_tobago,2002,19.734
trinidad_and_tobago,2003,20.109
trinidad_and_tobago,2004,20.484
trinidad_and_tobago,2005,18.682
trinidad_and_tobago,2006,18.956
trinidad_and_tobago,2007,19.230
trinidad_and_tobago,2008,19.504
trinidad_and_tobago,2009,19.778
trinidad_and_tobago,2010,20.052
trinidad_and_tobago,2011,20.326
trinidad_and_tobago,2012,20.326
trinidad_and_tobago,2013,20.326
trinidad_and_tobago,2014,20.326
trinidad_and_tobago,2015,20.326
trinidad_and_tobago,2016,20.326
trinidad_and_tobago,2017,20.326
trinidad_and_tobago,2018,20.326
trinidad_and_tobago,2019,20.326
trinidad_and_tobago,2020,20.326
trinidad_and_tobago,2021,20.326
trinidad_and_tobago,2022,20.326
tunisia,1975,27.169
tunisia,1976,31.384
tunisia,1977,35.599
tunisia,1978,39.814
tunisia,1979,44.029
tunisia,1980,48.244
tunisia,1981,50.275
tunisia,1982,52.307
tunisia,1983,54.338
tunisia,1984,56.369
tunisia,1985,58.401
tunisia,1986,62.337
tunisia,1987,66.272
tunisia,1988,70.208
tunisia,1989,74.144
tunisia,1990,77.876
tunisia,1991,76.769
tunisia,1992,75.662
tunisia,1993,74.555
tunisia,1994,73.448
tunisia,1995,72.341
tunisia,1996,71.213
tunisia,1997,70.086
tunisia,1998,68.959
tunisia,1999,67.831
tunisia,2000,66.018
tunisia,2001,71.325
tunisia,2002,71.706
tunisia,2003,72.087
tunisia,2004,72.468
tunisia,2005,72.849
tunisia,2006,73.230
tunisia,2007,73.610
tunisia,2008,73.991
tunisia,2009,76.556
tunisia,2010,79.120
tunisia,2011,81.685
tunisia,2012,84.270
tunisia,2013,86.855
tunisia,2014,89.440
tunisia,2015,92.024
tunisia,2016,94.609
tunisia,2017,89.531
tunisia,2018,95.999
tunisia,2019,96.311
tunisia,2020,98.113
tunisia,2021,98.113
tunisia,2022,98.113
turkiye,1992,23.471
turkiye,1993,23.973
turkiye,1994,24.474
turkiye,1995,24.975
turkiye,1996,25.476
turkiye,1997,25.978
turkiye,1998,26.479
turkiye,1999,26.980
turkiye,2000,31.197
turkiye,2001,30.409
turkiye,2002,29.621
turkiye,2003,28.833
turkiye,2004,29.368
turkiye,2005,29.903
turkiye,2006,30.438
turkiye,2007,30.803
turkiye,2008,31.167
turkiye,2009,33.522
turkiye,2010,34.881
turkiye,2011,36.199
turkiye,2012,37.518
turkiye,2013,38.060
turkiye,2014,38.602
turkiye,2015,39.895
turkiye,2016,44.277
turkiye,2017,43.667
turkiye,2018,45.379
turkiye,2019,46.302
turkiye,2020,46.128
turkiye,2021,43.378
turkiye,2022,47.887
turkmenistan,1994,122.09
turkmenistan,1995,123.06
turkmenistan,1996,124.03
turkmenistan,1997,125.00
turkmenistan,1998,125.97
turkmenistan,1999,126.94
turkmenistan,2000,127.91
turkmenistan,2001,130.94
turkmenistan,2002,133.96
turkmenistan,2003,136.99
turkmenistan,2004,143.56
turkmenistan,2005,143.56
turkmenistan,2006,143.56
turkmenistan,2007,143.69
turkmenistan,2008,143.82
turkmenistan,2009,143.95
turkmenistan,2010,144.08
turkmenistan,2011,144.21
turkmenistan,2012,144.34
turkmenistan,2013,144.47
turkmenistan,2014,144.60
turkmenistan,2015,144.73
turkmenistan,2016,144.86
turkmenistan,2017,148.67
turkmenistan,2018,138.49
turkmenistan,2019,142.75
turkmenistan,2020,135.21
turkmenistan,2021,135.21
turkmenistan,2022,135.21
uganda,1970,1.8298
uganda,1971,1.8694
uganda,1972,1.9089
uganda,1973,1.9484
uganda,1974,1.9879
uganda,1975,2.0274
uganda,1976,2.0670
uganda,1977,2.1065
uganda,1978,2.1460
uganda,1979,2.1855
uganda,1980,2.2251
uganda,1981,2.2646
uganda,1982,2.3041
uganda,1983,2.3436
uganda,1984,2.3832
uganda,1985,2.4227
uganda,1986,2.4622
uganda,1987,2.5017
uganda,1988,2.5413
uganda,1989,2.5808
uganda,1990,2.6203
uganda,1991,2.6598
uganda,1992,2.6994
uganda,1993,2.7389
uganda,1994,2.7784
uganda,1995,2.8179
uganda,1996,2.8575
uganda,1997,2.8970
uganda,1998,2.9365
uganda,1999,2.9760
uganda,2000,3.0156
uganda,2001,3.1617
uganda,2002,3.3079
uganda,2003,3.7279
uganda,2004,4.1479
uganda,2005,4.5679
uganda,2006,4.9880
uganda,2007,5.4080
uganda,2008,5.8280
uganda,2009,5.8280
uganda,2010,5.8280
uganda,2011,5.8280
uganda,2012,5.8280
uganda,2013,5.8280
uganda,2014,5.8280
uganda,2015,5.8280
uganda,2016,5.8280
uganda,2017,5.8280
uganda,2018,5.8280
uganda,2019,5.8280
uganda,2020,5.8280
uganda,2021,5.8280
uganda,2022,5.8280
ukraine,1992,33.687
ukraine,1993,32.440
ukraine,1994,31.189
ukraine,1995,29.939
ukraine,1996,28.689
ukraine,1997,27.438
ukraine,1998,26.188
ukraine,1999,24.938
ukraine,2000,23.685
ukraine,2001,22.859
ukraine,2002,22.030
ukraine,2003,21.201
ukraine,2004,20.372
ukraine,2005,19.539
ukraine,2006,19.481
ukraine,2007,19.420
ukraine,2008,19.358
ukraine,2009,19.297
ukraine,2010,19.241
ukraine,2011,17.961
ukraine,2012,16.681
ukraine,2013,15.401
ukraine,2014,14.122
ukraine,2015,11.802
ukraine,2016,12.082
ukraine,2017,13.870
ukraine,2018,13.870
ukraine,2019,13.729
ukraine,2020,12.256
ukraine,2021,10.841
ukraine,2022,6.2981
united_arab_emirates,1980,600.00
united_arab_emirates,1981,653.69
united_arab_emirates,1982,707.38
united_arab_emirates,1983,761.07
united_arab_emirates,1984,814.76
united_arab_emirates,1985,868.44
united_arab_emirates,1986,922.13
united_arab_emirates,1987,975.82
united_arab_emirates,1988,1029.5
united_arab_emirates,1989,1083.2
united_arab_emirates,1990,1028.2
united_arab_emirates,1991,1052.3
united_arab_emirates,1992,1076.4
united_arab_emirates,1993,1100.5
united_arab_emirates,1994,1124.6
united_arab_emirates,1995,1148.7
united_arab_emirates,1996,1254.8
united_arab_emirates,1997,1361.0
united_arab_emirates,1998,1467.1
united_arab_emirates,1999,1573.3
united_arab_emirates,2000,1555.9
united_arab_emirates,2001,1527.9
united_arab_emirates,2002,1500.0
united_arab_emirates,2003,1472.1
united_arab_emirates,2004,1669.4
united_arab_emirates,2005,1866.7
united_arab_emirates,2006,1849.6
united_arab_emirates,2007,1832.6
united_arab_emirates,2008,1815.6
united_arab_emirates,2009,1798.5
united_arab_emirates,2010,1781.5
united_arab_emirates,2011,1764.5
united_arab_emirates,2012,1747.5
united_arab_emirates,2013,1730.4
united_arab_emirates,2014,1713.4
united_arab_emirates,2015,1696.4
united_arab_emirates,2016,1679.3
united_arab_emirates,2017,1630.0
united_arab_emirates,2018,1667.3
united_arab_emirates,2019,1628.7
united_arab_emirates,2020,1587.3
united_arab_emirates,2021,1533.3
united_arab_emirates,2022,1509.9
united_kingdom_of_great_britain_and_northern_ireland,1980,22.984
united_kingdom_of_great_britain_and_northern_ireland,1981,22.309
united_kingdom_of_great_britain_and_northern_ireland,1982,21.633
united_kingdom_of_great_britain_and_northern_ireland,1983,20.958
united_kingdom_of_great_britain_and_northern_ireland,1984,20.283
united_kingdom_of_great_britain_and_northern_ireland,1985,19.608
united_kingdom_of_great_britain_and_northern_ireland,1986,19.785
united_kingdom_of_great_britain_and_northern_ireland,1987,19.962
united_kingdom_of_great_britain_and_northern_ireland,1988,20.140
united_kingdom_of_great_britain_and_northern_ireland,1989,20.317
united_kingdom_of_great_britain_and_northern_ireland,1990,20.494
united_kingdom_of_great_britain_and_northern_ireland,1991,20.518
united_kingdom_of_great_britain_and_northern_ireland,1992,20.542
united_kingdom_of_great_britain_and_northern_ireland,1993,20.566
united_kingdom_of_great_britain_and_northern_ireland,1994,20.590
united_kingdom_of_great_britain_and_northern_ireland,1995,20.614
united_kingdom_of_great_britain_and_northern_ireland,1996,20.748
united_kingdom_of_great_britain_and_northern_ireland,1997,20.882
united_kingdom_of_great_britain_and_northern_ireland,1998,21.017
united_kingdom_of_great_britain_and_northern_ireland,1999,21.151
united_kingdom_of_great_britain_and_northern_ireland,2000,21.286
united_kingdom_of_great_britain_and_northern_ireland,2001,21.420
united_kingdom_of_great_britain_and_northern_ireland,2002,21.554
united_kingdom_of_great_britain_and_northern_ireland,2003,21.689
united_kingdom_of_great_britain_and_northern_ireland,2004,21.823
united_kingdom_of_great_britain_and_northern_ireland,2005,21.957
united_kingdom_of_great_britain_and_northern_ireland,2006,22.092
united_kingdom_of_great_britain_and_northern_ireland,2007,14.515
united_kingdom_of_great_britain_and_northern_ireland,2008,14.232
united_kingdom_of_great_britain_and_northern_ireland,2009,14.119
united_kingdom_of_great_britain_and_northern_ireland,2010,14.090
united_kingdom_of_great_britain_and_northern_ireland,2011,13.103
united_kingdom_of_great_britain_and_northern_ireland,2012,13.669
united_kingdom_of_great_britain_and_northern_ireland,2013,13.045
united_kingdom_of_great_britain_and_northern_ireland,2014,12.421
united_kingdom_of_great_britain_and_northern_ireland,2015,13.913
united_kingdom_of_great_britain_and_northern_ireland,2016,14.355
united_kingdom_of_great_britain_and_northern_ireland,2017,14.355
united_kingdom_of_great_britain_and_northern_ireland,2018,14.355
united_kingdom_of_great_britain_and_northern_ireland,2019,14.355
united_kingdom_of_great_britain_and_northern_ireland,2020,14.355
united_kingdom_of_great_britain_and_northern_ireland,2021,14.355
united_kingdom_of_great_britain_and_northern_ireland,2022,14.355
united_republic_of_tanzania,1994,3.7141
united_republic_of_tanzania,1995,4.8702
united_republic_of_tanzania,1996,6.0264
united_republic_of_tanzania,1997,7.1825
united_republic_of_tanzania,1998,8.3386
united_republic_of_tanzania,1999,9.4948
united_republic_of_tanzania,2000,10.651
united_republic_of_tanzania,2001,11.807
united_republic_of_tanzania,2002,12.963
united_republic_of_tanzania,2003,12.963
united_republic_of_tanzania,2004,12.963
united_republic_of_tanzania,2005,12.963
united_republic_of_tanzania,2006,12.963
united_republic_of_tanzania,2007,12.963
united_republic_of_tanzania,2008,12.963
united_republic_of_tanzania,2009,12.963
united_republic_of_tanzania,2010,12.963
united_republic_of_tanzania,2011,12.963
united_republic_of_tanzania,2012,12.963
united_republic_of_tanzania,2013,12.963
united_republic_of_tanzania,2014,12.963
united_republic_of_tanzania,2015,12.963
united_republic_of_tanzania,2016,12.963
united_republic_of_tanzania,2017,12.963
united_republic_of_tanzania,2018,12.963
united_republic_of_tanzania,2019,12.963
united_republic_of_tanzania,2020,12.963
united_republic_of_tanzania,2021,12.963
united_republic_of_tanzania,2022,12.963
united_states_of_america,1980,32.801
united_states_of_america,1981,32.468
united_states_of_america,1982,32.136
united_states_of_america,1983,31.803
united_states_of_america,1984,31.470
united_states_of_america,1985,31.138
united_states_of_america,1986,30.805
united_states_of_america,1987,30.472
united_states_of_america,1988,30.139
united_states_of_america,1989,29.807
united_states_of_america,1990,29.474
united_states_of_america,1991,29.528
united_states_of_america,1992,29.582
united_states_of_america,1993,29.636
united_states_of_america,1994,29.689
united_states_of_america,1995,29.743
united_states_of_america,1996,29.797
united_states_of_america,1997,29.851
united_states_of_america,1998,29.905
united_states_of_america,1999,29.959
united_states_of_america,2000,30.013
united_states_of_america,2001,30.076
united_states_of_america,2002,30.139
united_states_of_america,2003,30.203
united_states_of_america,2004,30.266
united_states_of_america,2005,30.330
united_states_of_america,2006,29.572
united_states_of_america,2007,28.814
united_states_of_america,2008,28.056
united_states_of_america,2009,27.298
united_states_of_america,2010,26.540
united_states_of_america,2011,26.863
united_states_of_america,2012,27.186
united_states_of_america,2013,27.509
united_states_of_america,2014,27.832
united_states_of_america,2015,28.155
united_states_of_america,2016,28.155
united_states_of_america,2017,28.155
united_states_of_america,2018,28.155
united_states_of_america,2019,28.155
united_states_of_america,2020,28.155
united_states_of_america,2021,28.155
united_states_of_america,2022,28.155
uruguay,1965,1.7380
uruguay,1966,1.9679
uruguay,1967,2.1979
uruguay,1968,2.4278
uruguay,1969,2.6578
uruguay,1970,2.8877
uruguay,1971,3.1176
uruguay,1972,3.3476
uruguay,1973,3.5775
uruguay,1974,3.8075
uruguay,1975,4.0374
uruguay,1976,4.2674
uruguay,1977,4.4973
uruguay,1978,4.7273
uruguay,1979,4.9572
uruguay,1980,5.1872
uruguay,1981,5.4171
uruguay,1982,5.6471
uruguay,1983,5.8770
uruguay,1984,6.1070
uruguay,1985,6.3369
uruguay,1986,6.5668
uruguay,1987,6.7968
uruguay,1988,7.0267
uruguay,1989,7.2567
uruguay,1990,7.4866
uruguay,1991,7.7166
uruguay,1992,7.9465
uruguay,1993,8.1765
uruguay,1994,8.4064
uruguay,1995,8.6364
uruguay,1996,8.8663
uruguay,1997,9.0963
uruguay,1998,9.3262
uruguay,1999,9.5561
uruguay,2000,9.7861
uruguay,2001,9.8784
uruguay,2002,9.9707
uruguay,2003,10.063
uruguay,2004,10.155
uruguay,2005,10.248
uruguay,2006,10.340
uruguay,2007,10.432
uruguay,2008,10.524
uruguay,2009,10.617
uruguay,2010,10.709
uruguay,2011,10.801
uruguay,2012,10.894
uruguay,2013,10.986
uruguay,2014,11.078
uruguay,2015,11.171
uruguay,2016,11.263
uruguay,2017,11.355
uruguay,2018,11.447
uruguay,2019,11.540
uruguay,2020,11.632
uruguay,2021,11.816
uruguay,2022,12.052
uzbekistan,1994,154.18
uzbekistan,1995,154.00
uzbekistan,1996,153.81
uzbekistan,1997,153.63
uzbekistan,1998,153.45
uzbekistan,1999,153.26
uzbekistan,2000,153.08
uzbekistan,2001,154.12
uzbekistan,2002,150.83
uzbekistan,2003,147.55
uzbekistan,2004,144.26
uzbekistan,2005,140.98
uzbekistan,2006,141.40
uzbekistan,2007,141.81
uzbekistan,2008,142.22
uzbekistan,2009,142.64
uzbekistan,2010,143.05
uzbekistan,2011,143.47
uzbekistan,2012,143.88
uzbekistan,2013,144.29
uzbekistan,2014,144.71
uzbekistan,2015,158.13
uzbekistan,2016,156.45
uzbekistan,2017,168.92
uzbekistan,2018,160.38
uzbekistan,2019,151.84
uzbekistan,2020,143.39
uzbekistan,2021,121.88
uzbekistan,2022,123.03
venezuela_bolivarian_republic_of,1970,1.3667
venezuela_bolivarian_republic_of,1971,1.4218
venezuela_bolivarian_republic_of,1972,1.4769
venezuela_bolivarian_republic_of,1973,1.5320
venezuela_bolivarian_republic_of,1974,1.5871
venezuela_bolivarian_republic_of,1975,1.6422
venezuela_bolivarian_republic_of,1976,1.6976
venezuela_bolivarian_republic_of,1977,1.7528
venezuela_bolivarian_republic_of,1978,1.8079
venezuela_bolivarian_republic_of,1979,1.8626
venezuela_bolivarian_republic_of,1980,1.9177
venezuela_bolivarian_republic_of,1981,1.9728
venezuela_bolivarian_republic_of,1982,2.0285
venezuela_bolivarian_republic_of,1983,2.0837
venezuela_bolivarian_republic_of,1984,2.1389
venezuela_bolivarian_republic_of,1985,2.1940
venezuela_bolivarian_republic_of,1986,2.2492
venezuela_bolivarian_republic_of,1987,2.3043
venezuela_bolivarian_republic_of,1988,2.3595
venezuela_bolivarian_republic_of,1989,2.4146
venezuela_bolivarian_republic_of,1990,2.4681
venezuela_bolivarian_republic_of,1991,2.5232
venezuela_bolivarian_republic_of,1992,2.5784
venezuela_bolivarian_republic_of,1993,2.6339
venezuela_bolivarian_republic_of,1994,2.6890
venezuela_bolivarian_republic_of,1995,2.7441
venezuela_bolivarian_republic_of,1996,2.7992
venezuela_bolivarian_republic_of,1997,2.8543
venezuela_bolivarian_republic_of,1998,2.9094
venezuela_bolivarian_republic_of,1999,2.9645
venezuela_bolivarian_republic_of,2000,3.0196
venezuela_bolivarian_republic_of,2001,3.6811
venezuela_bolivarian_republic_of,2002,4.3426
venezuela_bolivarian_republic_of,2003,4.7552
venezuela_bolivarian_republic_of,2004,5.3838
venezuela_bolivarian_republic_of,2005,6.0124
venezuela_bolivarian_republic_of,2006,6.5889
venezuela_bolivarian_republic_of,2007,7.5404
venezuela_bolivarian_republic_of,2008,7.5404
venezuela_bolivarian_republic_of,2009,7.5404
venezuela_bolivarian_republic_of,2010,7.5404
venezuela_bolivarian_republic_of,2011,7.5404
venezuela_bolivarian_republic_of,2012,7.5404
venezuela_bolivarian_republic_of,2013,7.5404
venezuela_bolivarian_republic_of,2014,7.5404
venezuela_bolivarian_republic_of,2015,7.5404
venezuela_bolivarian_republic_of,2016,7.5404
venezuela_bolivarian_republic_of,2017,7.5404
venezuela_bolivarian_republic_of,2018,7.5404
venezuela_bolivarian_republic_of,2019,7.5404
venezuela_bolivarian_republic_of,2020,7.5404
venezuela_bolivarian_republic_of,2021,7.5404
venezuela_bolivarian_republic_of,2022,7.5404
viet_nam,1980,8.3850
viet_nam,1981,8.7132
viet_nam,1982,9.0415
viet_nam,1983,9.3697
viet_nam,1984,9.6979
viet_nam,1985,10.026
viet_nam,1986,10.303
viet_nam,1987,10.580
viet_nam,1988,10.856
viet_nam,1989,11.133
viet_nam,1990,11.410
viet_nam,1991,11.859
viet_nam,1992,12.309
viet_nam,1993,12.758
viet_nam,1994,13.208
viet_nam,1995,13.657
viet_nam,1996,14.107
viet_nam,1997,14.556
viet_nam,1998,15.006
viet_nam,1999,15.455
viet_nam,2000,15.905
viet_nam,2001,16.357
viet_nam,2002,16.810
viet_nam,2003,17.224
viet_nam,2004,17.676
viet_nam,2005,18.130
viet_nam,2006,18.130
viet_nam,2007,18.130
viet_nam,2008,18.130
viet_nam,2009,18.130
viet_nam,2010,18.130
viet_nam,2011,18.130
viet_nam,2012,18.130
viet_nam,2013,18.130
viet_nam,2014,18.130
viet_nam,2015,18.130
viet_nam,2016,18.130
viet_nam,2017,18.130
viet_nam,2018,18.130
viet_nam,2019,18.130
viet_nam,2020,18.130
viet_nam,2021,18.130
viet_nam,2022,18.130
western_asia,2000,63.002
western_asia,2001,61.696
western_asia,2002,61.056
western_asia,2003,59.699
western_asia,2004,59.756
western_asia,2005,60.041
western_asia,2006,60.251
western_asia,2007,59.761
western_asia,2008,58.959
western_asia,2009,59.072
western_asia,2010,58.807
western_asia,2011,58.918
western_asia,2012,59.302
western_asia,2013,58.863
western_asia,2014,58.280
western_asia,2015,57.676
western_asia,2016,61.090
western_asia,2017,62.605
western_asia,2018,60.016
western_asia,2019,69.382
western_asia,2020,64.907
western_asia,2021,62.924
western_asia,2022,65.107
world,2000,17.459
world,2001,17.538
world,2002,17.761
world,2003,17.914
world,2004,17.853
world,2005,17.926
world,2006,18.080
world,2007,18.224
world,2008,17.934
world,2009,17.932
world,2010,17.812
world,2011,17.860
world,2012,17.968
world,2013,17.961
world,2014,18.041
world,2015,18.036
world,2016,18.198
world,2017,18.348
world,2018,18.266
world,2019,18.267
world,2020,18.142
world,2021,18.020
world,2022,18.045
yemen,1990,139.14
yemen,1991,141.37
yemen,1992,143.60
yemen,1993,145.83
yemen,1994,148.06
yemen,1995,150.29
yemen,1996,152.51
yemen,1997,154.74
yemen,1998,156.97
yemen,1999,159.20
yemen,2000,161.14
yemen,2001,162.87
yemen,2002,164.59
yemen,2003,166.31
yemen,2004,168.04
yemen,2005,169.76
yemen,2006,169.76
yemen,2007,169.76
yemen,2008,169.76
yemen,2009,169.76
yemen,2010,169.76
yemen,2011,169.76
yemen,2012,169.76
yemen,2013,169.76
yemen,2014,169.76
yemen,2015,169.76
yemen,2016,169.76
yemen,2017,169.76
yemen,2018,169.76
yemen,2019,169.76
yemen,2020,169.76
yemen,2021,169.76
yemen,2022,169.76
zambia,1992,3.1512
zambia,1993,3.1142
zambia,1994,3.0772
zambia,1995,3.0470
zambia,1996,3.0168
zambia,1997,2.9866
zambia,1998,2.9563
zambia,1999,2.9261
zambia,2000,2.8959
zambia,2001,2.8657
zambia,2002,2.8355
zambia,2003,2.8355
zambia,2004,2.8355
zambia,2005,2.8355
zambia,2006,2.8355
zambia,2007,2.8355
zambia,2008,2.8355
zambia,2009,2.8355
zambia,2010,2.8355
zambia,2011,2.8355
zambia,2012,2.8355
zambia,2013,2.8355
zambia,2014,2.8355
zambia,2015,2.8355
zambia,2016,2.8355
zambia,2017,2.8355
zambia,2018,2.8355
zambia,2019,2.8355
zambia,2020,2.8355
zambia,2021,2.8355
zambia,2022,2.8355
zimbabwe,1987,11.453
zimbabwe,1988,13.321
zimbabwe,1989,15.190
zimbabwe,1990,17.058
zimbabwe,1991,18.926
zimbabwe,1992,20.794
zimbabwe,1993,22.662
zimbabwe,1994,24.531
zimbabwe,1995,26.399
zimbabwe,1996,28.267
zimbabwe,1997,30.135
zimbabwe,1998,32.003
zimbabwe,1999,33.872
zimbabwe,2000,35.740
zimbabwe,2001,37.608
zimbabwe,2002,39.476
zimbabwe,2003,38.284
zimbabwe,2004,37.092
zimbabwe,2005,35.899
zimbabwe,2006,34.707
zimbabwe,2007,33.515
zimbabwe,2008,33.310
zimbabwe,2009,33.106
zimbabwe,2010,32.901
zimbabwe,2011,32.697
zimbabwe,2012,32.492
zimbabwe,2013,32.288
zimbabwe,2014,32.083
zimbabwe,2015,31.879
zimbabwe,2016,31.938
zimbabwe,2017,31.346
zimbabwe,2018,35.405
zimbabwe,2019,39.770
zimbabwe,2020,46.092
zimbabwe,2021,46.092
zimbabwe,2022,46.092
