area,year,sdg_6_4_2_agricultural_sector_contribution_to_water_stress
afghanistan,1987,69.789
afghanistan,1988,68.354
afghanistan,1989,66.919
afghanistan,1990,65.484
afghanistan,1991,64.046
afghanistan,1992,62.610
afghanistan,1993,61.175
afghanistan,1994,59.739
afghanistan,1995,58.303
afghanistan,1996,56.867
afghanistan,1997,55.431
afghanistan,1998,54.003
afghanistan,1999,53.998
afghanistan,2000,53.994
afghanistan,2001,53.946
afghanistan,2002,53.898
afghanistan,2003,53.850
afghanistan,2004,53.802
afghanistan,2005,53.755
afghanistan,2006,53.755
afghanistan,2007,53.755
afghanistan,2008,53.755
afghanistan,2009,53.755
afghanistan,2010,53.755
afghanistan,2011,53.755
afghanistan,2012,53.755
afghanistan,2013,53.755
afghanistan,2014,53.755
afghanistan,2015,53.755
afghanistan,2016,53.755
afghanistan,2017,53.755
afghanistan,2018,53.755
afghanistan,2019,53.755
afghanistan,2020,53.755
afghanistan,2021,53.755
afghanistan,2022,53.755
albania,1990,6.0096
albania,1991,5.6130
albania,1992,5.2163
albania,1993,4.8197
albania,1994,4.4231
albania,1995,4.0264
albania,1996,4.4952
albania,1997,4.9639
albania,1998,5.4327
albania,1999,5.9014
albania,2000,6.3702
albania,2001,5.8269
albania,2002,5.2837
albania,2003,4.7404
albania,2004,4.1971
albania,2005,3.6538
albania,2006,3.1106
albania,2007,3.1923
albania,2008,3.2740
albania,2009,3.3558
albania,2010,3.4375
albania,2011,3.5192
albania,2012,3.6010
albania,2013,3.6827
albania,2014,3.7644
albania,2015,3.8462
albania,2016,4.6111
albania,2017,4.1969
albania,2018,3.9243
albania,2019,4.1587
albania,2020,3.2752
albania,2021,3.3894
albania,2022,3.3954
algeria,1980,31.237
algeria,1981,32.278
algeria,1982,33.319
algeria,1983,34.360
algeria,1984,35.402
algeria,1985,36.443
algeria,1986,36.752
algeria,1987,37.062
algeria,1988,37.372
algeria,1989,37.681
algeria,1990,37.450
algeria,1991,38.515
algeria,1992,39.580
algeria,1993,40.645
algeria,1994,41.711
algeria,1995,42.776
algeria,1996,43.841
algeria,1997,44.907
algeria,1998,45.973
algeria,1999,47.038
algeria,2000,48.104
algeria,2001,49.132
algeria,2002,51.035
algeria,2003,52.435
algeria,2004,53.836
algeria,2005,55.238
algeria,2006,56.642
algeria,2007,58.047
algeria,2008,59.454
algeria,2009,60.861
algeria,2010,62.269
algeria,2011,63.678
algeria,2012,65.004
algeria,2013,70.945
algeria,2014,76.932
algeria,2015,82.960
algeria,2016,83.301
algeria,2017,87.944
algeria,2018,91.397
algeria,2019,94.856
algeria,2020,98.321
algeria,2021,94.409
algeria,2022,97.649
angola,1987,0.96817
angola,1988,0.93654
angola,1989,0.90490
angola,1990,0.87327
angola,1991,0.84164
angola,1992,0.81001
angola,1993,0.77837
angola,1994,0.74674
angola,1995,0.71511
angola,1996,0.68347
angola,1997,0.65184
angola,1998,0.62021
angola,1999,0.58858
angola,2000,0.55694
angola,2001,0.52337
angola,2002,0.48979
angola,2003,0.45622
angola,2004,0.42264
angola,2005,0.38907
angola,2006,0.38907
angola,2007,0.38907
angola,2008,0.38907
angola,2009,0.38907
angola,2010,0.38907
angola,2011,0.38907
angola,2012,0.38907
angola,2013,0.38907
angola,2014,0.38907
angola,2015,0.38907
angola,2016,0.38907
angola,2017,0.38907
angola,2018,0.38907
angola,2019,0.38907
angola,2020,0.38907
angola,2021,0.38907
angola,2022,0.38907
antigua_and_barbuda,1990,0.65385
antigua_and_barbuda,1991,0.73927
antigua_and_barbuda,1992,0.82444
antigua_and_barbuda,1993,0.90940
antigua_and_barbuda,1994,0.99416
antigua_and_barbuda,1995,1.0787
antigua_and_barbuda,1996,1.1632
antigua_and_barbuda,1997,1.2475
antigua_and_barbuda,1998,1.2891
antigua_and_barbuda,1999,1.3281
antigua_and_barbuda,2000,1.3647
antigua_and_barbuda,2001,1.3842
antigua_and_barbuda,2002,1.4313
antigua_and_barbuda,2003,1.4618
antigua_and_barbuda,2004,1.4906
antigua_and_barbuda,2005,1.5179
antigua_and_barbuda,2006,1.4912
antigua_and_barbuda,2007,1.4642
antigua_and_barbuda,2008,1.4368
antigua_and_barbuda,2009,1.4091
antigua_and_barbuda,2010,1.3811
antigua_and_barbuda,2011,1.3529
antigua_and_barbuda,2012,1.3244
antigua_and_barbuda,2013,1.3244
antigua_and_barbuda,2014,1.3244
antigua_and_barbuda,2015,1.3244
antigua_and_barbuda,2016,1.3244
antigua_and_barbuda,2017,1.3244
antigua_and_barbuda,2018,1.3244
antigua_and_barbuda,2019,1.3244
antigua_and_barbuda,2020,1.3244
antigua_and_barbuda,2021,1.3244
antigua_and_barbuda,2022,1.3244
argentina,1995,5.9703
argentina,1996,5.9666
argentina,1997,5.9630
argentina,1998,5.9594
argentina,1999,5.9559
argentina,2000,5.9526
argentina,2001,6.1141
argentina,2002,6.2757
argentina,2003,6.4373
argentina,2004,6.5989
argentina,2005,6.7605
argentina,2006,6.9221
argentina,2007,7.0837
argentina,2008,7.2453
argentina,2009,7.4068
argentina,2010,7.5685
argentina,2011,7.7304
argentina,2012,7.7304
argentina,2013,7.7304
argentina,2014,7.7304
argentina,2015,7.7304
argentina,2016,7.7304
argentina,2017,7.7304
argentina,2018,7.7304
argentina,2019,7.7304
argentina,2020,7.7304
argentina,2021,7.7304
argentina,2022,7.7304
armenia,1995,33.865
armenia,1996,30.444
armenia,1997,24.714
armenia,1998,26.612
armenia,1999,26.209
armenia,2000,24.911
armenia,2001,22.944
armenia,2002,22.992
armenia,2003,26.211
armenia,2004,33.204
armenia,2005,36.758
armenia,2006,37.503
armenia,2007,40.681
armenia,2008,37.486
armenia,2009,30.740
armenia,2010,24.974
armenia,2011,33.185
armenia,2012,42.526
armenia,2013,46.205
armenia,2014,43.219
armenia,2015,53.940
armenia,2016,51.338
armenia,2017,42.364
armenia,2018,37.967
armenia,2019,43.050
armenia,2020,40.159
armenia,2021,45.511
armenia,2022,48.013
australia,1993,4.8816
australia,1994,5.8984
australia,1995,5.3438
australia,1996,6.2240
australia,1997,6.1487
australia,1998,6.1087
australia,1999,6.0688
australia,2000,6.0426
australia,2001,5.9972
australia,2002,5.7267
australia,2003,5.4560
australia,2004,5.1846
australia,2005,4.9138
australia,2006,4.4188
australia,2007,3.9239
australia,2008,3.4289
australia,2009,2.9340
australia,2010,2.8518
australia,2011,2.9286
australia,2012,3.8185
australia,2013,5.0567
australia,2014,4.7036
australia,2015,2.0109
australia,2016,2.7994
australia,2017,3.3657
australia,2018,3.5031
australia,2019,2.8298
australia,2020,2.1000
australia,2021,2.9412
australia,2022,3.1251
australia_and_new_zealand,2000,4.7456
australia_and_new_zealand,2001,4.7391
australia_and_new_zealand,2002,4.5780
australia_and_new_zealand,2003,4.4176
australia_and_new_zealand,2004,4.2581
australia_and_new_zealand,2005,4.0994
australia_and_new_zealand,2006,3.7891
australia_and_new_zealand,2007,3.4778
australia_and_new_zealand,2008,3.1666
australia_and_new_zealand,2009,2.8553
australia_and_new_zealand,2010,2.8231
australia_and_new_zealand,2011,3.0704
australia_and_new_zealand,2012,3.8943
australia_and_new_zealand,2013,4.9919
australia_and_new_zealand,2014,4.9478
australia_and_new_zealand,2015,2.9715
australia_and_new_zealand,2016,3.6953
australia_and_new_zealand,2017,4.1340
australia_and_new_zealand,2018,4.2406
australia_and_new_zealand,2019,3.7227
australia_and_new_zealand,2020,3.1546
australia_and_new_zealand,2021,3.7821
australia_and_new_zealand,2022,3.9187
austria,1980,0.24852
austria,1981,0.30926
austria,1982,0.37000
austria,1983,0.43073
austria,1984,0.49147
austria,1985,0.55221
austria,1986,0.49700
austria,1987,0.44179
austria,1988,0.38658
austria,1989,0.33137
austria,1990,0.27617
austria,1991,0.27616
austria,1992,0.27616
austria,1993,0.27616
austria,1994,0.27615
austria,1995,0.27615
austria,1996,0.27616
austria,1997,0.27616
austria,1998,0.27618
austria,1999,0.27619
austria,2000,0.27619
austria,2001,0.27619
austria,2002,0.27619
austria,2003,0.26985
austria,2004,0.26349
austria,2005,0.25707
austria,2006,0.25058
austria,2007,0.24402
austria,2008,0.23738
austria,2009,0.22785
austria,2010,0.21843
austria,2011,0.23260
austria,2012,0.24668
austria,2013,0.26067
austria,2014,0.27458
austria,2015,0.28839
austria,2016,0.30210
austria,2017,0.31571
austria,2018,0.32923
austria,2019,0.34264
austria,2020,0.39066
austria,2021,0.45434
austria,2022,0.45427
azerbaijan,1992,48.267
azerbaijan,1993,50.596
azerbaijan,1994,48.492
azerbaijan,1995,46.600
azerbaijan,1996,44.456
azerbaijan,1997,40.879
azerbaijan,1998,29.352
azerbaijan,1999,29.830
azerbaijan,2000,43.679
azerbaijan,2001,39.527
azerbaijan,2002,38.618
azerbaijan,2003,40.314
azerbaijan,2004,43.029
azerbaijan,2005,46.125
azerbaijan,2006,47.507
azerbaijan,2007,47.984
azerbaijan,2008,46.253
azerbaijan,2009,45.489
azerbaijan,2010,44.601
azerbaijan,2011,45.427
azerbaijan,2012,47.909
azerbaijan,2013,47.953
azerbaijan,2014,46.006
azerbaijan,2015,47.048
azerbaijan,2016,47.781
azerbaijan,2017,49.287
azerbaijan,2018,49.622
azerbaijan,2019,51.287
azerbaijan,2020,49.486
azerbaijan,2021,52.823
azerbaijan,2022,53.064
bahrain,1990,94.905
bahrain,1991,94.787
bahrain,1992,97.637
bahrain,1993,100.76
bahrain,1994,103.86
bahrain,1995,106.94
bahrain,1996,110.01
bahrain,1997,113.06
bahrain,1998,116.10
bahrain,1999,119.12
bahrain,2000,122.13
bahrain,2001,111.58
bahrain,2002,101.53
bahrain,2003,91.661
bahrain,2004,86.811
bahrain,2005,82.184
bahrain,2006,77.769
bahrain,2007,73.555
bahrain,2008,69.532
bahrain,2009,65.691
bahrain,2010,62.022
bahrain,2011,58.519
bahrain,2012,55.172
bahrain,2013,51.974
bahrain,2014,48.920
bahrain,2015,44.121
bahrain,2016,44.538
bahrain,2017,44.538
bahrain,2018,44.538
bahrain,2019,44.538
bahrain,2020,44.538
bahrain,2021,44.538
bahrain,2022,44.538
bangladesh,2008,5.0261
bangladesh,2009,5.0261
bangladesh,2010,5.0261
bangladesh,2011,5.0261
bangladesh,2012,5.0261
bangladesh,2013,5.0261
bangladesh,2014,5.0261
bangladesh,2015,5.0261
bangladesh,2016,5.0261
bangladesh,2017,5.0261
bangladesh,2018,5.0261
bangladesh,2019,5.0261
bangladesh,2020,5.0261
bangladesh,2021,5.0261
bangladesh,2022,5.0261
barbados,1989,68.500
barbados,1990,68.500
barbados,1991,68.500
barbados,1992,68.500
barbados,1993,68.500
barbados,1994,68.500
barbados,1995,68.500
barbados,1996,68.500
barbados,1997,68.500
barbados,1998,68.500
barbados,1999,68.500
barbados,2000,68.500
barbados,2001,68.500
barbados,2002,68.500
barbados,2003,68.500
barbados,2004,68.500
barbados,2005,59.198
barbados,2006,59.198
barbados,2007,59.198
barbados,2008,59.198
barbados,2009,59.198
barbados,2010,59.198
barbados,2011,59.198
barbados,2012,59.198
barbados,2013,59.198
barbados,2014,59.198
barbados,2015,59.198
barbados,2016,59.198
barbados,2017,59.198
barbados,2018,59.198
barbados,2019,59.198
barbados,2020,59.198
barbados,2021,59.198
barbados,2022,59.198
belarus,1995,1.8721
belarus,1996,1.7891
belarus,1997,1.7060
belarus,1998,1.6229
belarus,1999,1.5399
belarus,2000,1.4568
belarus,2001,1.4351
belarus,2002,1.4133
belarus,2003,1.3916
belarus,2004,1.3698
belarus,2005,1.3481
belarus,2006,1.3889
belarus,2007,1.4298
belarus,2008,1.4707
belarus,2009,1.5115
belarus,2010,1.5524
belarus,2011,1.5722
belarus,2012,1.5920
belarus,2013,1.6117
belarus,2014,1.7073
belarus,2015,1.4314
belarus,2016,1.4097
belarus,2017,1.4236
belarus,2018,1.3701
belarus,2019,1.2096
belarus,2020,1.2087
belarus,2021,1.3052
belarus,2022,1.2690
belgium,1980,4.4373
belgium,1981,4.1518
belgium,1982,3.8662
belgium,1983,3.5806
belgium,1984,3.2950
belgium,1985,3.0094
belgium,1986,2.7238
belgium,1987,2.4382
belgium,1988,2.1527
belgium,1989,1.8671
belgium,1990,1.5815
belgium,1991,1.2959
belgium,1992,1.0103
belgium,1993,0.72473
belgium,1994,0.43915
belgium,1995,0.15356
belgium,1996,0.17506
belgium,1997,0.19656
belgium,1998,0.27636
belgium,1999,0.35617
belgium,2000,0.43597
belgium,2001,0.45685
belgium,2002,0.46913
belgium,2003,0.47761
belgium,2004,0.43359
belgium,2005,0.43475
belgium,2006,0.45192
belgium,2007,0.45312
belgium,2008,0.48226
belgium,2009,0.49140
belgium,2010,0.49908
belgium,2011,0.43730
belgium,2012,0.46936
belgium,2013,0.49607
belgium,2014,0.51921
belgium,2015,0.55283
belgium,2016,0.56339
belgium,2017,0.56171
belgium,2018,0.65558
belgium,2019,0.67083
belgium,2020,0.65734
belgium,2021,0.52114
belgium,2022,0.45044
belize,1987,0.22461
belize,1988,0.22877
belize,1989,0.23293
belize,1990,0.23709
belize,1991,0.24124
belize,1992,0.24540
belize,1993,0.24956
belize,1994,0.33584
belize,1995,0.42212
belize,1996,0.50840
belize,1997,0.59467
belize,1998,0.68095
belize,1999,0.76723
belize,2000,0.85351
belize,2001,0.85351
belize,2002,0.85351
belize,2003,0.85351
belize,2004,0.85351
belize,2005,0.85351
belize,2006,0.85351
belize,2007,0.85351
belize,2008,0.85351
belize,2009,0.85351
belize,2010,0.85351
belize,2011,0.85351
belize,2012,0.85351
belize,2013,0.85351
belize,2014,0.85351
belize,2015,0.85351
belize,2016,0.85351
belize,2017,0.85351
belize,2018,0.85351
belize,2019,0.85351
belize,2020,0.85351
belize,2021,0.85351
belize,2022,0.85351
benin,1985,0.48012
benin,1986,0.50758
benin,1987,0.53503
benin,1988,0.56249
benin,1989,0.58995
benin,1990,0.61740
benin,1991,0.64497
benin,1992,0.67254
benin,1993,0.70011
benin,1994,0.72768
benin,1995,0.68696
benin,1996,0.64623
benin,1997,0.60551
benin,1998,0.56478
benin,1999,0.52406
benin,2000,0.48334
benin,2001,0.44261
benin,2002,0.41481
benin,2003,0.39029
benin,2004,0.36850
benin,2005,0.34903
benin,2006,0.33150
benin,2007,0.31565
benin,2008,0.30125
benin,2009,0.28811
benin,2010,0.27606
benin,2011,0.26498
benin,2012,0.25476
benin,2013,0.24530
benin,2014,0.23651
benin,2015,0.22833
benin,2016,0.24075
benin,2017,0.24589
benin,2018,0.24589
benin,2019,0.24589
benin,2020,0.24589
benin,2021,0.24589
benin,2022,0.24589
bhutan,2008,1.3302
bhutan,2009,1.3302
bhutan,2010,1.3302
bhutan,2011,1.3302
bhutan,2012,1.3302
bhutan,2013,1.3302
bhutan,2014,1.3302
bhutan,2015,1.3302
bhutan,2016,1.3302
bhutan,2017,1.3302
bhutan,2018,1.3302
bhutan,2019,1.3302
bhutan,2020,1.3302
bhutan,2021,1.3302
bhutan,2022,1.3302
bolivia_plurinational_state_of,1987,0.59414
bolivia_plurinational_state_of,1988,0.62810
bolivia_plurinational_state_of,1989,0.66206
bolivia_plurinational_state_of,1990,0.69603
bolivia_plurinational_state_of,1991,0.72999
bolivia_plurinational_state_of,1992,0.76395
bolivia_plurinational_state_of,1993,0.79791
bolivia_plurinational_state_of,1994,0.83188
bolivia_plurinational_state_of,1995,0.86584
bolivia_plurinational_state_of,1996,0.89980
bolivia_plurinational_state_of,1997,0.93377
bolivia_plurinational_state_of,1998,0.96773
bolivia_plurinational_state_of,1999,1.0017
bolivia_plurinational_state_of,2000,1.0106
bolivia_plurinational_state_of,2001,1.0196
bolivia_plurinational_state_of,2002,1.0286
bolivia_plurinational_state_of,2003,1.0375
bolivia_plurinational_state_of,2004,1.0465
bolivia_plurinational_state_of,2005,1.0554
bolivia_plurinational_state_of,2006,1.0644
bolivia_plurinational_state_of,2007,1.0733
bolivia_plurinational_state_of,2008,1.0823
bolivia_plurinational_state_of,2009,1.0823
bolivia_plurinational_state_of,2010,1.0823
bolivia_plurinational_state_of,2011,1.0823
bolivia_plurinational_state_of,2012,1.0823
bolivia_plurinational_state_of,2013,1.0823
bolivia_plurinational_state_of,2014,1.0823
bolivia_plurinational_state_of,2015,1.0823
bolivia_plurinational_state_of,2016,1.0823
bolivia_plurinational_state_of,2017,1.0823
bolivia_plurinational_state_of,2018,1.0823
bolivia_plurinational_state_of,2019,1.0823
bolivia_plurinational_state_of,2020,1.0823
bolivia_plurinational_state_of,2021,1.0823
bolivia_plurinational_state_of,2022,0.17675
botswana,1992,0.56468
botswana,1993,0.59884
botswana,1994,0.63300
botswana,1995,0.66715
botswana,1996,0.70104
botswana,1997,0.73492
botswana,1998,0.76880
botswana,1999,0.80268
botswana,2000,0.83656
botswana,2001,0.82380
botswana,2002,0.81129
botswana,2003,0.79901
botswana,2004,0.78696
botswana,2005,0.77514
botswana,2006,0.77547
botswana,2007,0.77579
botswana,2008,0.77610
botswana,2009,0.77640
botswana,2010,0.77668
botswana,2011,0.77695
botswana,2012,0.77735
botswana,2013,0.73376
botswana,2014,0.69016
botswana,2015,0.71355
botswana,2016,0.84701
botswana,2017,0.72153
botswana,2018,0.83237
botswana,2019,0.78002
botswana,2020,0.85193
botswana,2021,0.81564
botswana,2022,0.62379
brazil,1996,1.5795
brazil,1997,1.5714
brazil,1998,1.5633
brazil,1999,1.5553
brazil,2000,1.5472
brazil,2001,1.5391
brazil,2002,1.5305
brazil,2003,1.5223
brazil,2004,1.5141
brazil,2005,1.5060
brazil,2006,1.4978
brazil,2007,1.6538
brazil,2008,1.8103
brazil,2009,1.9654
brazil,2010,2.1213
brazil,2011,2.0073
brazil,2012,1.8934
brazil,2013,1.7795
brazil,2014,1.6674
brazil,2015,1.6313
brazil,2016,1.9083
brazil,2017,1.8643
brazil,2018,0.85447
brazil,2019,0.93659
brazil,2020,0.91220
brazil,2021,0.90863
brazil,2022,0.91008
brunei_darussalam,1995,0.19970
brunei_darussalam,1996,0.19970
brunei_darussalam,1997,0.19970
brunei_darussalam,1998,0.19970
brunei_darussalam,1999,0.19970
brunei_darussalam,2000,0.19970
brunei_darussalam,2001,0.19970
brunei_darussalam,2002,0.19970
brunei_darussalam,2003,0.19970
brunei_darussalam,2004,0.19970
brunei_darussalam,2005,0.19970
brunei_darussalam,2006,0.19970
brunei_darussalam,2007,0.19970
brunei_darussalam,2008,0.19970
brunei_darussalam,2009,0.19970
brunei_darussalam,2010,0.19970
brunei_darussalam,2011,0.19970
brunei_darussalam,2012,0.19970
brunei_darussalam,2013,0.19970
brunei_darussalam,2014,0.19970
brunei_darussalam,2015,0.19970
brunei_darussalam,2016,0.19970
brunei_darussalam,2017,0.19970
brunei_darussalam,2018,0.19970
brunei_darussalam,2019,0.19970
brunei_darussalam,2020,0.19970
brunei_darussalam,2021,0.19970
brunei_darussalam,2022,0.19970
bulgaria,1988,22.603
bulgaria,1989,19.525
bulgaria,1990,16.446
bulgaria,1991,15.677
bulgaria,1992,14.909
bulgaria,1993,14.140
bulgaria,1994,13.371
bulgaria,1995,12.603
bulgaria,1996,11.834
bulgaria,1997,11.065
bulgaria,1998,10.296
bulgaria,1999,9.5277
bulgaria,2000,8.7585
bulgaria,2001,6.3954
bulgaria,2002,5.4917
bulgaria,2003,7.6803
bulgaria,2004,6.4796
bulgaria,2005,6.3926
bulgaria,2006,6.3055
bulgaria,2007,5.1692
bulgaria,2008,7.5099
bulgaria,2009,7.3633
bulgaria,2010,6.9432
bulgaria,2011,7.7610
bulgaria,2012,7.0170
bulgaria,2013,6.0980
bulgaria,2014,5.3709
bulgaria,2015,6.1261
bulgaria,2016,6.7078
bulgaria,2017,6.1719
bulgaria,2018,5.3515
bulgaria,2019,4.5901
bulgaria,2020,4.8119
bulgaria,2021,5.4254
bulgaria,2022,5.3695
burkina_faso,1985,2.1989
burkina_faso,1986,2.2985
burkina_faso,1987,2.3981
burkina_faso,1988,2.4977
burkina_faso,1989,2.5973
burkina_faso,1990,2.6969
burkina_faso,1991,2.7968
burkina_faso,1992,2.8967
burkina_faso,1993,3.0218
burkina_faso,1994,3.1468
burkina_faso,1995,3.2718
burkina_faso,1996,3.3969
burkina_faso,1997,3.5219
burkina_faso,1998,4.3039
burkina_faso,1999,3.8791
burkina_faso,2000,3.5940
burkina_faso,2001,3.7261
burkina_faso,2002,3.8061
burkina_faso,2003,3.8818
burkina_faso,2004,3.9537
burkina_faso,2005,4.0220
burkina_faso,2006,4.0220
burkina_faso,2007,4.0220
burkina_faso,2008,4.0220
burkina_faso,2009,4.0220
burkina_faso,2010,4.0220
burkina_faso,2011,4.0220
burkina_faso,2012,4.0220
burkina_faso,2013,4.0220
burkina_faso,2014,4.0220
burkina_faso,2015,4.0220
burkina_faso,2016,4.0220
burkina_faso,2017,4.0220
burkina_faso,2018,4.0220
burkina_faso,2019,4.0220
burkina_faso,2020,4.0220
burkina_faso,2021,4.0220
burkina_faso,2022,4.0220
burundi,1987,2.3290
burundi,1988,2.7712
burundi,1989,3.2135
burundi,1990,3.6558
burundi,1991,4.0981
burundi,1992,4.5404
burundi,1993,4.9826
burundi,1994,5.4249
burundi,1995,5.8672
burundi,1996,6.3095
burundi,1997,6.7518
burundi,1998,7.1940
burundi,1999,7.6363
burundi,2000,8.0786
burundi,2001,8.0786
burundi,2002,8.0786
burundi,2003,8.0786
burundi,2004,8.0786
burundi,2005,8.0786
burundi,2006,8.0786
burundi,2007,8.0786
burundi,2008,8.0786
burundi,2009,8.0786
burundi,2010,8.0786
burundi,2011,8.0786
burundi,2012,8.0786
burundi,2013,8.0786
burundi,2014,8.0786
burundi,2015,8.0786
burundi,2016,8.0786
burundi,2017,8.0786
burundi,2018,8.0786
burundi,2019,8.0786
burundi,2020,8.0786
burundi,2021,8.0786
burundi,2022,8.0786
cabo_verde,2001,6.5654
cabo_verde,2002,5.7394
cabo_verde,2003,5.3770
cabo_verde,2004,5.2145
cabo_verde,2005,5.9384
cabo_verde,2006,6.6769
cabo_verde,2007,7.4238
cabo_verde,2008,8.1761
cabo_verde,2009,8.9319
cabo_verde,2010,9.6902
cabo_verde,2011,10.450
cabo_verde,2012,11.212
cabo_verde,2013,11.974
cabo_verde,2014,12.738
cabo_verde,2015,13.502
cabo_verde,2016,14.266
cabo_verde,2017,15.031
cabo_verde,2018,15.797
cabo_verde,2019,17.342
cabo_verde,2020,26.638
cabo_verde,2021,24.315
cabo_verde,2022,23.271
cambodia,2006,0.97437
cambodia,2007,0.97437
cambodia,2008,0.97437
cambodia,2009,0.97437
cambodia,2010,0.97437
cambodia,2011,0.97437
cambodia,2012,0.97437
cambodia,2013,0.97437
cambodia,2014,0.97437
cambodia,2015,0.97437
cambodia,2016,0.97437
cambodia,2017,0.97437
cambodia,2018,0.97437
cambodia,2019,0.97437
cambodia,2020,0.97437
cambodia,2021,0.97437
cambodia,2022,0.97437
cameroon,1987,0.20072
cameroon,1988,0.20072
cameroon,1989,0.20072
cameroon,1990,0.20072
cameroon,1991,0.20072
cameroon,1992,0.20072
cameroon,1993,0.30771
cameroon,1994,0.41470
cameroon,1995,0.52168
cameroon,1996,0.62867
cameroon,1997,0.73566
cameroon,1998,0.84265
cameroon,1999,0.94964
cameroon,2000,1.0566
cameroon,2001,1.0566
cameroon,2002,1.0566
cameroon,2003,1.0566
cameroon,2004,1.0566
cameroon,2005,1.0566
cameroon,2006,1.0566
cameroon,2007,1.0566
cameroon,2008,1.0566
cameroon,2009,1.0566
cameroon,2010,1.0566
cameroon,2011,1.0566
cameroon,2012,1.0566
cameroon,2013,1.0566
cameroon,2014,1.0566
cameroon,2015,1.0566
cameroon,2016,1.0566
cameroon,2017,1.0566
cameroon,2018,1.0566
cameroon,2019,1.0566
cameroon,2020,1.0566
cameroon,2021,1.0566
cameroon,2022,1.0566
canada,1991,0.41100
canada,1992,0.41332
canada,1993,0.41565
canada,1994,0.41797
canada,1995,0.42029
canada,1996,0.42262
canada,1997,0.40894
canada,1998,0.39507
canada,1999,0.38151
canada,2000,0.36772
canada,2001,0.34885
canada,2002,0.33014
canada,2003,0.31161
canada,2004,0.29324
canada,2005,0.27504
canada,2006,0.25700
canada,2007,0.23912
canada,2008,0.23183
canada,2009,0.22454
canada,2010,0.44843
canada,2011,0.40314
canada,2012,0.38280
canada,2013,0.35932
canada,2014,0.31800
canada,2015,0.27619
canada,2016,0.33681
canada,2017,0.39743
canada,2018,0.39851
canada,2019,0.39960
canada,2020,0.40056
canada,2021,0.39743
canada,2022,0.39790
central_african_republic,1987,0.0018519
central_african_republic,1988,0.0018519
central_african_republic,1989,0.0018519
central_african_republic,1990,0.0018519
central_african_republic,1991,0.0018519
central_african_republic,1992,0.0018519
central_african_republic,1993,0.0018519
central_african_republic,1994,0.0018519
central_african_republic,1995,0.0018519
central_african_republic,1996,0.0018519
central_african_republic,1997,0.0018519
central_african_republic,1998,0.0018519
central_african_republic,1999,0.0018519
central_african_republic,2000,0.0018519
central_african_republic,2001,0.0018519
central_african_republic,2002,0.0018519
central_african_republic,2003,0.0018519
central_african_republic,2004,0.0018519
central_african_republic,2005,0.0018519
central_african_republic,2006,0.0018519
central_african_republic,2007,0.0018519
central_african_republic,2008,0.0018519
central_african_republic,2009,0.0018519
central_african_republic,2010,0.0018519
central_african_republic,2011,0.0018519
central_african_republic,2012,0.0018519
central_african_republic,2013,0.0018519
central_african_republic,2014,0.0018519
central_african_republic,2015,0.0018519
central_african_republic,2016,0.0018519
central_african_republic,2017,0.0018519
central_african_republic,2018,0.0018519
central_african_republic,2019,0.0018519
central_african_republic,2020,0.0018519
central_african_republic,2021,0.0018519
central_african_republic,2022,0.0018519
central_and_southern_asia,2000,60.348
central_and_southern_asia,2001,61.486
central_and_southern_asia,2002,62.424
central_and_southern_asia,2003,63.323
central_and_southern_asia,2004,61.584
central_and_southern_asia,2005,61.799
central_and_southern_asia,2006,61.753
central_and_southern_asia,2007,62.083
central_and_southern_asia,2008,63.216
central_and_southern_asia,2009,63.567
central_and_southern_asia,2010,63.706
central_and_southern_asia,2011,63.394
central_and_southern_asia,2012,63.942
central_and_southern_asia,2013,63.743
central_and_southern_asia,2014,64.349
central_and_southern_asia,2015,64.715
central_and_southern_asia,2016,64.660
central_and_southern_asia,2017,64.923
central_and_southern_asia,2018,64.460
central_and_southern_asia,2019,62.943
central_and_southern_asia,2020,63.462
central_and_southern_asia,2021,63.114
central_and_southern_asia,2022,62.872
central_asia,2000,65.298
central_asia,2001,67.121
central_asia,2002,67.162
central_asia,2003,66.815
central_asia,2004,66.550
central_asia,2005,66.374
central_asia,2006,63.505
central_asia,2007,64.279
central_asia,2008,62.864
central_asia,2009,64.813
central_asia,2010,63.322
central_asia,2011,63.454
central_asia,2012,64.097
central_asia,2013,64.593
central_asia,2014,64.151
central_asia,2015,66.681
central_asia,2016,64.547
central_asia,2017,67.020
central_asia,2018,66.493
central_asia,2019,59.679
central_asia,2020,57.833
central_asia,2021,57.321
central_asia,2022,57.643
chad,1987,0.72266
chad,1988,0.89329
chad,1989,1.0639
chad,1990,1.2346
chad,1991,1.4052
chad,1992,1.5758
chad,1993,1.7465
chad,1994,1.9171
chad,1995,2.0878
chad,1996,2.2584
chad,1997,2.4290
chad,1998,2.5997
chad,1999,2.7703
chad,2000,2.9410
chad,2001,3.1116
chad,2002,3.2822
chad,2003,3.2822
chad,2004,3.2822
chad,2005,3.2822
chad,2006,3.2822
chad,2007,3.2822
chad,2008,3.2822
chad,2009,3.2822
chad,2010,3.2822
chad,2011,3.2822
chad,2012,3.2822
chad,2013,3.2822
chad,2014,3.2822
chad,2015,3.2822
chad,2016,3.2822
chad,2017,3.2822
chad,2018,3.2822
chad,2019,3.2822
chad,2020,3.2822
chad,2021,3.2822
chad,2022,3.2822
chile,2006,7.4568
chile,2007,7.5233
chile,2008,7.5894
chile,2009,7.6567
chile,2010,7.7252
chile,2011,7.7950
chile,2012,7.8660
chile,2013,7.9383
chile,2014,8.0120
chile,2015,8.0871
chile,2016,8.1635
chile,2017,8.1635
chile,2018,8.1635
chile,2019,8.1635
chile,2020,8.1635
chile,2021,8.1635
chile,2022,8.1635
china,1980,28.571
china,1981,29.009
china,1982,29.447
china,1983,29.886
china,1984,30.324
china,1985,30.324
china,1986,30.321
china,1987,30.318
china,1988,30.315
china,1989,30.312
china,1990,30.309
china,1991,30.131
china,1992,29.953
china,1993,29.776
china,1994,29.479
china,1995,29.182
china,1996,28.884
china,1997,28.586
china,1998,28.288
china,1999,27.990
china,2000,27.691
china,2001,27.382
china,2002,27.072
china,2003,26.763
china,2004,26.454
china,2005,26.145
china,2006,26.657
china,2007,26.173
china,2008,26.626
china,2009,27.052
china,2010,26.789
china,2011,27.134
china,2012,28.126
china,2013,28.408
china,2014,27.983
china,2015,27.836
china,2016,27.519
china,2017,27.138
china,2018,26.585
china,2019,26.427
china,2020,25.801
china,2021,25.801
china,2022,25.801
colombia,2000,0.73653
colombia,2001,0.76409
colombia,2002,0.79158
colombia,2003,0.81911
colombia,2004,0.84663
colombia,2005,0.87416
colombia,2006,0.90168
colombia,2007,0.92921
colombia,2008,0.95698
colombia,2009,1.4492
colombia,2010,1.9420
colombia,2011,2.0086
colombia,2012,1.9266
colombia,2013,2.0617
colombia,2014,2.1280
colombia,2015,2.2308
colombia,2016,2.2133
colombia,2017,2.3662
colombia,2018,2.4227
colombia,2019,2.4642
colombia,2020,2.7589
colombia,2021,2.8988
colombia,2022,2.9848
comoros,1999,0.39167
comoros,2000,0.39167
comoros,2001,0.39167
comoros,2002,0.39167
comoros,2003,0.39167
comoros,2004,0.39167
comoros,2005,0.39167
comoros,2006,0.39167
comoros,2007,0.39167
comoros,2008,0.39167
comoros,2009,0.39167
comoros,2010,0.39167
comoros,2011,0.39167
comoros,2012,0.39167
comoros,2013,0.39167
comoros,2014,0.39167
comoros,2015,0.39167
comoros,2016,0.39167
comoros,2017,0.39167
comoros,2018,0.39167
comoros,2019,0.39167
comoros,2020,0.39167
comoros,2021,0.39167
comoros,2022,0.39167
congo,1987,0.0026253
congo,1988,0.0026094
congo,1989,0.0025935
congo,1990,0.0025776
congo,1991,0.0025617
congo,1992,0.0025457
congo,1993,0.0025298
congo,1994,0.0024968
congo,1995,0.0024980
congo,1996,0.0024821
congo,1997,0.0024662
congo,1998,0.0024503
congo,1999,0.0024344
congo,2000,0.0024185
congo,2001,0.0024025
congo,2002,0.0023866
congo,2003,0.0023866
congo,2004,0.0014357
congo,2005,0.0011972
congo,2006,0.0011972
congo,2007,0.0011972
congo,2008,0.0011972
congo,2009,0.0011972
congo,2010,0.0011972
congo,2011,0.0011972
congo,2012,0.0011972
congo,2013,0.0011972
congo,2014,0.0011972
congo,2015,0.0011972
congo,2016,0.0011972
congo,2017,0.0011972
congo,2018,0.0011972
congo,2019,0.0011972
congo,2020,0.0011972
congo,2021,0.0011972
congo,2022,0.0011972
costa_rica,2012,2.8553
costa_rica,2013,2.9548
costa_rica,2014,3.3069
costa_rica,2015,3.9297
costa_rica,2016,3.6479
costa_rica,2017,3.4130
costa_rica,2018,3.5763
costa_rica,2019,3.5332
costa_rica,2020,3.5410
costa_rica,2021,3.5715
costa_rica,2022,3.5715
cote_d_ivoire,1987,2.0797
cote_d_ivoire,1988,2.4620
cote_d_ivoire,1989,2.8443
cote_d_ivoire,1990,3.2266
cote_d_ivoire,1991,3.2956
cote_d_ivoire,1992,3.3646
cote_d_ivoire,1993,3.4336
cote_d_ivoire,1994,3.5026
cote_d_ivoire,1995,3.3567
cote_d_ivoire,1996,3.2107
cote_d_ivoire,1997,3.0648
cote_d_ivoire,1998,2.9189
cote_d_ivoire,1999,2.7729
cote_d_ivoire,2000,2.6270
cote_d_ivoire,2001,2.6229
cote_d_ivoire,2002,2.6187
cote_d_ivoire,2003,2.6146
cote_d_ivoire,2004,2.6105
cote_d_ivoire,2005,2.6064
cote_d_ivoire,2006,2.6064
cote_d_ivoire,2007,2.6064
cote_d_ivoire,2008,2.6064
cote_d_ivoire,2009,2.6098
cote_d_ivoire,2010,2.6133
cote_d_ivoire,2011,2.6167
cote_d_ivoire,2012,2.6201
cote_d_ivoire,2013,2.6235
cote_d_ivoire,2014,2.6270
cote_d_ivoire,2015,2.6270
cote_d_ivoire,2016,2.6270
cote_d_ivoire,2017,2.6270
cote_d_ivoire,2018,2.6270
cote_d_ivoire,2019,2.6270
cote_d_ivoire,2020,2.6270
cote_d_ivoire,2021,2.6270
cote_d_ivoire,2022,2.6270
croatia,2002,0.013117
croatia,2003,0.012672
croatia,2004,0.016351
croatia,2005,0.013562
croatia,2006,0.011783
croatia,2007,0.0071143
croatia,2008,0.014474
croatia,2009,0.024438
croatia,2010,0.10448
croatia,2011,0.098798
croatia,2012,0.096048
croatia,2013,0.095433
croatia,2014,0.089086
croatia,2015,0.096316
croatia,2016,0.097239
croatia,2017,0.11490
croatia,2018,0.11464
croatia,2019,0.11389
croatia,2020,0.11008
croatia,2021,0.11214
croatia,2022,0.11292
cuba,1995,9.1725
cuba,1996,9.2141
cuba,1997,9.2557
cuba,1998,9.2973
cuba,1999,9.3389
cuba,2000,9.3805
cuba,2001,9.4214
cuba,2002,9.4630
cuba,2003,9.5046
cuba,2004,9.5462
cuba,2005,9.5878
cuba,2006,9.6294
cuba,2007,8.5181
cuba,2008,11.288
cuba,2009,12.396
cuba,2010,12.279
cuba,2011,13.368
cuba,2012,14.458
cuba,2013,15.546
cuba,2014,15.546
cuba,2015,15.546
cuba,2016,15.546
cuba,2017,15.546
cuba,2018,15.546
cuba,2019,15.546
cuba,2020,15.546
cuba,2021,15.546
cuba,2022,15.546
cyprus,1975,17.769
cyprus,1976,18.043
cyprus,1977,18.316
cyprus,1978,18.589
cyprus,1979,18.863
cyprus,1980,19.136
cyprus,1981,19.546
cyprus,1982,19.956
cyprus,1983,20.366
cyprus,1984,20.776
cyprus,1985,21.186
cyprus,1986,21.424
cyprus,1987,21.788
cyprus,1988,22.089
cyprus,1989,22.389
cyprus,1990,22.389
cyprus,1991,21.933
cyprus,1992,21.476
cyprus,1993,21.020
cyprus,1994,20.358
cyprus,1995,19.696
cyprus,1996,19.033
cyprus,1997,18.369
cyprus,1998,17.704
cyprus,1999,17.039
cyprus,2000,16.372
cyprus,2001,15.049
cyprus,2002,17.718
cyprus,2003,17.787
cyprus,2004,17.873
cyprus,2005,16.591
cyprus,2006,15.681
cyprus,2007,14.809
cyprus,2008,14.958
cyprus,2009,19.346
cyprus,2010,20.091
cyprus,2011,22.347
cyprus,2012,23.493
cyprus,2013,18.557
cyprus,2014,18.778
cyprus,2015,21.033
cyprus,2016,19.040
cyprus,2017,18.490
cyprus,2018,17.313
cyprus,2019,16.728
cyprus,2020,19.748
cyprus,2021,20.006
cyprus,2022,18.668
czechia,1993,0.20927
czechia,1994,0.24561
czechia,1995,0.28139
czechia,1996,0.21674
czechia,1997,0.30414
czechia,1998,0.26950
czechia,1999,0.23593
czechia,2000,0.20352
czechia,2001,0.16332
czechia,2002,0.28438
czechia,2003,0.28277
czechia,2004,0.32273
czechia,2005,0.36517
czechia,2006,0.41029
czechia,2007,0.45330
czechia,2008,0.52639
czechia,2009,0.64049
czechia,2010,0.60004
czechia,2011,0.63335
czechia,2012,0.65672
czechia,2013,0.66922
czechia,2014,0.73771
czechia,2015,0.82596
czechia,2016,0.72003
czechia,2017,0.70864
czechia,2018,0.76034
czechia,2019,0.65389
czechia,2020,0.59307
czechia,2021,0.56265
czechia,2022,0.66864
democratic_people_s_republic_of_korea,2000,21.179
democratic_people_s_republic_of_korea,2001,21.179
democratic_people_s_republic_of_korea,2002,21.179
democratic_people_s_republic_of_korea,2003,21.179
democratic_people_s_republic_of_korea,2004,21.179
democratic_people_s_republic_of_korea,2005,21.179
democratic_people_s_republic_of_korea,2006,21.179
democratic_people_s_republic_of_korea,2007,21.179
democratic_people_s_republic_of_korea,2008,21.179
democratic_people_s_republic_of_korea,2009,21.179
democratic_people_s_republic_of_korea,2010,21.179
democratic_people_s_republic_of_korea,2011,21.179
democratic_people_s_republic_of_korea,2012,21.179
democratic_people_s_republic_of_korea,2013,21.179
democratic_people_s_republic_of_korea,2014,21.179
democratic_people_s_republic_of_korea,2015,21.179
democratic_people_s_republic_of_korea,2016,21.179
democratic_people_s_republic_of_korea,2017,21.179
democratic_people_s_republic_of_korea,2018,21.179
democratic_people_s_republic_of_korea,2019,21.179
democratic_people_s_republic_of_korea,2020,21.179
democratic_people_s_republic_of_korea,2021,21.179
democratic_people_s_republic_of_korea,2022,21.179
democratic_republic_of_the_congo,1995,0.027547
democratic_republic_of_the_congo,1996,0.026810
democratic_republic_of_the_congo,1997,0.026074
democratic_republic_of_the_congo,1998,0.025337
democratic_republic_of_the_congo,1999,0.024600
democratic_republic_of_the_congo,2000,0.023863
democratic_republic_of_the_congo,2001,0.023863
democratic_republic_of_the_congo,2002,0.023863
democratic_republic_of_the_congo,2003,0.023863
democratic_republic_of_the_congo,2004,0.023863
democratic_republic_of_the_congo,2005,0.023863
democratic_republic_of_the_congo,2006,0.023863
democratic_republic_of_the_congo,2007,0.023863
democratic_republic_of_the_congo,2008,0.023863
democratic_republic_of_the_congo,2009,0.023863
democratic_republic_of_the_congo,2010,0.023863
democratic_republic_of_the_congo,2011,0.023863
democratic_republic_of_the_congo,2012,0.023863
democratic_republic_of_the_congo,2013,0.023863
democratic_republic_of_the_congo,2014,0.023863
democratic_republic_of_the_congo,2015,0.023863
democratic_republic_of_the_congo,2016,0.023863
democratic_republic_of_the_congo,2017,0.023863
democratic_republic_of_the_congo,2018,0.023863
democratic_republic_of_the_congo,2019,0.023863
democratic_republic_of_the_congo,2020,0.023863
democratic_republic_of_the_congo,2021,0.023863
democratic_republic_of_the_congo,2022,0.023863
denmark,1970,4.8675
denmark,1971,6.3818
denmark,1972,7.8962
denmark,1973,9.4105
denmark,1974,10.925
denmark,1975,12.439
denmark,1976,12.439
denmark,1977,12.439
denmark,1978,12.439
denmark,1979,12.439
denmark,1980,12.439
denmark,1981,13.737
denmark,1982,15.035
denmark,1983,16.333
denmark,1984,17.631
denmark,1985,18.929
denmark,1986,17.101
denmark,1987,15.265
denmark,1988,13.430
denmark,1989,13.209
denmark,1990,12.944
denmark,1991,12.054
denmark,1992,11.160
denmark,1993,10.262
denmark,1994,9.3590
denmark,1995,8.4504
denmark,1996,8.8911
denmark,1997,9.8179
denmark,1998,7.9670
denmark,1999,6.6753
denmark,2000,5.3204
denmark,2001,4.8430
denmark,2002,4.3703
denmark,2003,4.4710
denmark,2004,4.9961
denmark,2005,4.6170
denmark,2006,5.4095
denmark,2007,3.0917
denmark,2008,6.6782
denmark,2009,6.2885
denmark,2010,7.3502
denmark,2011,7.6837
denmark,2012,5.1294
denmark,2013,10.939
denmark,2014,11.587
denmark,2015,10.481
denmark,2016,12.489
denmark,2017,12.919
denmark,2018,17.830
denmark,2019,13.700
denmark,2020,13.191
denmark,2021,14.041
denmark,2022,13.696
djibouti,1985,2.3333
djibouti,1986,2.2444
djibouti,1987,2.1556
djibouti,1988,2.0667
djibouti,1989,1.9778
djibouti,1990,1.8889
djibouti,1991,1.8000
djibouti,1992,1.7111
djibouti,1993,1.6222
djibouti,1994,1.5228
djibouti,1995,1.4444
djibouti,1996,1.3556
djibouti,1997,1.2667
djibouti,1998,1.1711
djibouti,1999,1.0889
djibouti,2000,1.0000
djibouti,2001,1.0000
djibouti,2002,1.0000
djibouti,2003,1.0000
djibouti,2004,1.0000
djibouti,2005,1.0000
djibouti,2006,1.0000
djibouti,2007,1.0000
djibouti,2008,1.0000
djibouti,2009,1.0000
djibouti,2010,1.0000
djibouti,2011,1.0000
djibouti,2012,1.0000
djibouti,2013,1.0000
djibouti,2014,1.0000
djibouti,2015,1.0000
djibouti,2016,1.0000
djibouti,2017,1.0000
djibouti,2018,1.0000
djibouti,2019,1.0000
djibouti,2020,1.0000
djibouti,2021,1.0000
djibouti,2022,1.0000
dominica,2010,0.50000
dominica,2011,0.50000
dominica,2012,0.50000
dominica,2013,0.50000
dominica,2014,0.50000
dominica,2015,0.50000
dominica,2016,0.50000
dominica,2017,0.50000
dominica,2018,0.50000
dominica,2019,0.50000
dominica,2020,0.50000
dominica,2021,0.50000
dominica,2022,0.50000
dominican_republic,2000,23.276
dominican_republic,2001,23.577
dominican_republic,2002,23.877
dominican_republic,2003,24.178
dominican_republic,2004,24.479
dominican_republic,2005,24.781
dominican_republic,2006,26.142
dominican_republic,2007,27.504
dominican_republic,2008,28.865
dominican_republic,2009,30.227
dominican_republic,2010,31.588
dominican_republic,2011,31.917
dominican_republic,2012,32.214
dominican_republic,2013,32.483
dominican_republic,2014,32.728
dominican_republic,2015,32.953
dominican_republic,2016,32.953
dominican_republic,2017,32.953
dominican_republic,2018,32.953
dominican_republic,2019,32.953
dominican_republic,2020,32.953
dominican_republic,2021,32.953
dominican_republic,2022,32.953
eastern_and_south_eastern_asia,2000,20.548
eastern_and_south_eastern_asia,2001,20.570
eastern_and_south_eastern_asia,2002,20.592
eastern_and_south_eastern_asia,2003,20.654
eastern_and_south_eastern_asia,2004,20.425
eastern_and_south_eastern_asia,2005,19.942
eastern_and_south_eastern_asia,2006,19.994
eastern_and_south_eastern_asia,2007,20.521
eastern_and_south_eastern_asia,2008,20.872
eastern_and_south_eastern_asia,2009,21.209
eastern_and_south_eastern_asia,2010,21.330
eastern_and_south_eastern_asia,2011,21.640
eastern_and_south_eastern_asia,2012,22.180
eastern_and_south_eastern_asia,2013,22.470
eastern_and_south_eastern_asia,2014,22.527
eastern_and_south_eastern_asia,2015,22.636
eastern_and_south_eastern_asia,2016,22.682
eastern_and_south_eastern_asia,2017,22.530
eastern_and_south_eastern_asia,2018,22.328
eastern_and_south_eastern_asia,2019,22.258
eastern_and_south_eastern_asia,2020,22.033
eastern_and_south_eastern_asia,2021,22.031
eastern_and_south_eastern_asia,2022,22.033
eastern_asia,2000,29.609
eastern_asia,2001,29.257
eastern_asia,2002,28.907
eastern_asia,2003,28.635
eastern_asia,2004,28.366
eastern_asia,2005,28.019
eastern_asia,2006,28.525
eastern_asia,2007,28.078
eastern_asia,2008,28.473
eastern_asia,2009,28.845
eastern_asia,2010,28.606
eastern_asia,2011,28.904
eastern_asia,2012,29.774
eastern_asia,2013,30.016
eastern_asia,2014,29.637
eastern_asia,2015,29.534
eastern_asia,2016,29.243
eastern_asia,2017,28.897
eastern_asia,2018,28.395
eastern_asia,2019,28.242
eastern_asia,2020,27.687
eastern_asia,2021,27.682
eastern_asia,2022,27.682
ecuador,2000,5.5226
ecuador,2001,5.5227
ecuador,2002,5.5227
ecuador,2003,5.5227
ecuador,2004,5.5227
ecuador,2005,5.5227
ecuador,2006,5.5227
ecuador,2007,5.5227
ecuador,2008,5.5227
ecuador,2009,5.5227
ecuador,2010,5.5227
ecuador,2011,5.5227
ecuador,2012,5.5227
ecuador,2013,5.5227
ecuador,2014,5.5227
ecuador,2015,5.5227
ecuador,2016,5.5227
ecuador,2017,5.5227
ecuador,2018,5.5227
ecuador,2019,5.5227
ecuador,2020,5.5227
ecuador,2021,5.5227
ecuador,2022,5.5227
egypt,1993,85.986
egypt,1994,88.874
egypt,1995,91.762
egypt,1996,94.655
egypt,1997,97.547
egypt,1998,100.44
egypt,1999,103.33
egypt,2000,89.735
egypt,2001,92.315
egypt,2002,94.894
egypt,2003,97.471
egypt,2004,100.05
egypt,2005,102.62
egypt,2006,105.19
egypt,2007,107.76
egypt,2008,110.33
egypt,2009,112.90
egypt,2010,115.47
egypt,2011,110.93
egypt,2012,112.02
egypt,2013,113.11
egypt,2014,93.792
egypt,2015,93.592
egypt,2016,93.097
egypt,2017,111.75
egypt,2018,111.75
egypt,2019,111.75
egypt,2020,111.75
egypt,2021,111.75
egypt,2022,111.75
el_salvador,1992,2.0958
el_salvador,1993,2.4264
el_salvador,1994,2.7570
el_salvador,1995,3.0877
el_salvador,1996,3.4183
el_salvador,1997,3.7489
el_salvador,1998,4.0795
el_salvador,1999,4.4101
el_salvador,2000,4.7408
el_salvador,2001,5.5780
el_salvador,2002,6.4153
el_salvador,2003,7.2525
el_salvador,2004,8.0894
el_salvador,2005,8.9270
el_salvador,2006,8.8134
el_salvador,2007,8.6940
el_salvador,2008,8.5681
el_salvador,2009,8.4347
el_salvador,2010,8.2926
el_salvador,2011,8.1402
el_salvador,2012,7.9758
el_salvador,2013,7.7969
el_salvador,2014,7.6007
el_salvador,2015,7.2709
el_salvador,2016,6.9622
el_salvador,2017,6.5304
el_salvador,2018,6.1451
el_salvador,2019,5.6648
el_salvador,2020,5.0447
el_salvador,2021,6.0719
el_salvador,2022,8.8021
equatorial_guinea,1987,0.0055607
equatorial_guinea,1988,0.0058459
equatorial_guinea,1989,0.0061310
equatorial_guinea,1990,0.0064162
equatorial_guinea,1991,0.0067014
equatorial_guinea,1992,0.0069865
equatorial_guinea,1993,0.0072717
equatorial_guinea,1994,0.0075569
equatorial_guinea,1995,0.0078420
equatorial_guinea,1996,0.0081272
equatorial_guinea,1997,0.0084123
equatorial_guinea,1998,0.0086975
equatorial_guinea,1999,0.0089827
equatorial_guinea,2000,0.0092678
equatorial_guinea,2001,0.0092678
equatorial_guinea,2002,0.0092678
equatorial_guinea,2003,0.0092678
equatorial_guinea,2004,0.0092678
equatorial_guinea,2005,0.0092678
equatorial_guinea,2006,0.0092678
equatorial_guinea,2007,0.0092678
equatorial_guinea,2008,0.0092678
equatorial_guinea,2009,0.0092678
equatorial_guinea,2010,0.0092678
equatorial_guinea,2011,0.0092678
equatorial_guinea,2012,0.0092678
equatorial_guinea,2013,0.0092678
equatorial_guinea,2014,0.0092678
equatorial_guinea,2015,0.0092678
equatorial_guinea,2016,0.0092678
equatorial_guinea,2017,0.0092678
equatorial_guinea,2018,0.0092678
equatorial_guinea,2019,0.0092678
equatorial_guinea,2020,0.0092678
equatorial_guinea,2021,0.0092678
equatorial_guinea,2022,0.0092678
eritrea,2000,5.5684
eritrea,2001,6.8164
eritrea,2002,8.0645
eritrea,2003,9.3126
eritrea,2004,10.561
eritrea,2005,10.561
eritrea,2006,10.561
eritrea,2007,10.561
eritrea,2008,10.561
eritrea,2009,10.561
eritrea,2010,10.561
eritrea,2011,10.561
eritrea,2012,10.561
eritrea,2013,10.561
eritrea,2014,10.561
eritrea,2015,10.561
eritrea,2016,10.561
eritrea,2017,10.561
eritrea,2018,10.561
eritrea,2019,10.561
eritrea,2020,10.561
eritrea,2021,10.561
eritrea,2022,10.561
estonia,1995,0.086580
estonia,1996,0.14614
estonia,1997,0.20420
estonia,1998,0.26086
estonia,1999,0.31618
estonia,2000,0.37023
estonia,2001,0.40313
estonia,2002,0.32477
estonia,2003,0.53469
estonia,2004,0.78593
estonia,2005,0.15283
estonia,2006,0.12043
estonia,2007,0.082247
estonia,2008,0.045043
estonia,2009,0.045659
estonia,2010,0.045024
estonia,2011,0.046724
estonia,2012,0.048008
estonia,2013,0.052144
estonia,2014,0.054520
estonia,2015,0.053483
estonia,2016,0.047939
estonia,2017,0.048336
estonia,2018,0.051284
estonia,2019,0.052608
estonia,2020,0.052562
estonia,2021,0.053803
estonia,2022,0.054114
eswatini,1980,45.752
eswatini,1981,47.117
eswatini,1982,48.482
eswatini,1983,49.847
eswatini,1984,51.213
eswatini,1985,52.578
eswatini,1986,53.943
eswatini,1987,55.309
eswatini,1988,56.674
eswatini,1989,58.039
eswatini,1990,59.405
eswatini,1991,60.770
eswatini,1992,62.135
eswatini,1993,63.500
eswatini,1994,64.866
eswatini,1995,66.231
eswatini,1996,67.596
eswatini,1997,68.962
eswatini,1998,70.327
eswatini,1999,71.692
eswatini,2000,73.057
eswatini,2001,73.057
eswatini,2002,73.057
eswatini,2003,73.057
eswatini,2004,73.057
eswatini,2005,73.057
eswatini,2006,73.057
eswatini,2007,73.057
eswatini,2008,73.057
eswatini,2009,73.057
eswatini,2010,73.057
eswatini,2011,73.057
eswatini,2012,73.057
eswatini,2013,73.057
eswatini,2014,73.057
eswatini,2015,73.057
eswatini,2016,73.057
eswatini,2017,73.057
eswatini,2018,73.057
eswatini,2019,73.057
eswatini,2020,73.057
eswatini,2021,73.057
eswatini,2022,73.057
ethiopia,2002,15.914
ethiopia,2003,17.745
ethiopia,2004,19.576
ethiopia,2005,21.407
ethiopia,2006,22.154
ethiopia,2007,22.901
ethiopia,2008,23.648
ethiopia,2009,24.395
ethiopia,2010,25.142
ethiopia,2011,25.889
ethiopia,2012,26.636
ethiopia,2013,27.383
ethiopia,2014,28.130
ethiopia,2015,28.877
ethiopia,2016,29.624
ethiopia,2017,29.624
ethiopia,2018,29.624
ethiopia,2019,29.624
ethiopia,2020,29.624
ethiopia,2021,29.624
ethiopia,2022,29.624
europe,2000,2.8161
europe,2001,2.6924
europe,2002,2.6097
europe,2003,2.6264
europe,2004,2.5615
europe,2005,2.5737
europe,2006,2.4138
europe,2007,2.3200
europe,2008,2.3692
europe,2009,2.4469
europe,2010,2.4147
europe,2011,2.4231
europe,2012,2.5132
europe,2013,2.3200
europe,2014,2.5324
europe,2015,2.4707
europe,2016,2.4112
europe,2017,2.4965
europe,2018,2.4925
europe,2019,2.4913
europe,2020,2.4748
europe,2021,2.4510
europe,2022,2.4207
europe_and_northern_america,2000,4.3392
europe_and_northern_america,2001,4.2525
europe_and_northern_america,2002,4.2070
europe_and_northern_america,2003,4.1993
europe_and_northern_america,2004,4.1532
europe_and_northern_america,2005,4.1496
europe_and_northern_america,2006,4.0159
europe_and_northern_america,2007,3.9097
europe_and_northern_america,2008,3.9099
europe_and_northern_america,2009,3.9019
europe_and_northern_america,2010,3.8665
europe_and_northern_america,2011,3.9263
europe_and_northern_america,2012,4.0434
europe_and_northern_america,2013,4.0082
europe_and_northern_america,2014,4.1939
europe_and_northern_america,2015,4.2292
europe_and_northern_america,2016,4.1994
europe_and_northern_america,2017,4.2591
europe_and_northern_america,2018,4.2618
europe_and_northern_america,2019,4.2612
europe_and_northern_america,2020,4.2618
europe_and_northern_america,2021,4.2484
europe_and_northern_america,2022,4.2315
fiji,1987,0.063047
fiji,1988,0.071669
fiji,1989,0.080291
fiji,1990,0.088913
fiji,1991,0.097535
fiji,1992,0.10616
fiji,1993,0.11478
fiji,1994,0.12340
fiji,1995,0.13202
fiji,1996,0.14064
fiji,1997,0.14927
fiji,1998,0.15789
fiji,1999,0.16651
fiji,2000,0.17513
fiji,2001,0.17513
fiji,2002,0.17513
fiji,2003,0.17513
fiji,2004,0.17513
fiji,2005,0.17513
fiji,2006,0.17513
fiji,2007,0.17513
fiji,2008,0.17513
fiji,2009,0.17513
fiji,2010,0.17513
fiji,2011,0.17513
fiji,2012,0.17513
fiji,2013,0.17513
fiji,2014,0.17513
fiji,2015,0.17513
fiji,2016,0.17513
fiji,2017,0.17513
fiji,2018,0.17513
fiji,2019,0.17513
fiji,2020,0.17513
fiji,2021,0.17513
fiji,2022,0.17513
finland,1990,0.047023
finland,1991,0.061332
finland,1992,0.075641
finland,1993,0.089950
finland,1994,0.10426
finland,1995,0.11857
finland,1996,0.11561
finland,1997,0.11265
finland,1998,0.10969
finland,1999,0.10672
finland,2000,0.14833
finland,2001,0.18054
finland,2002,0.21330
finland,2003,0.24620
finland,2004,0.27963
finland,2005,0.31360
finland,2006,0.19402
finland,2007,0.72608
finland,2008,0.86088
finland,2009,0.96647
finland,2010,1.0432
finland,2011,1.0916
finland,2012,1.1074
finland,2013,1.0958
finland,2014,1.0673
finland,2015,1.0051
finland,2016,0.94854
finland,2017,0.94854
finland,2018,0.94854
finland,2019,2.0326
finland,2020,2.0326
finland,2021,2.4410
finland,2022,2.5416
france,1990,4.2746
france,1991,4.2689
france,1992,4.3060
france,1993,4.0312
france,1994,3.7563
france,1995,3.4815
france,1996,3.2066
france,1997,2.9318
france,1998,3.3756
france,1999,3.8194
france,2000,4.2631
france,2001,4.1477
france,2002,3.7549
france,2003,4.6533
france,2004,4.3908
france,2005,4.0597
france,2006,4.0560
france,2007,3.3977
france,2008,2.2336
france,2009,2.7503
france,2010,2.6552
france,2011,2.6578
france,2012,2.5501
france,2013,2.4302
france,2014,1.8507
france,2015,2.8127
france,2016,2.7249
france,2017,2.5764
france,2018,2.6147
france,2019,2.7867
france,2020,3.0117
france,2021,2.2018
france,2022,2.2018
gabon,1987,0.012996
gabon,1988,0.023188
gabon,1989,0.033380
gabon,1990,0.043571
gabon,1991,0.053763
gabon,1992,0.063954
gabon,1993,0.074146
gabon,1994,0.084338
gabon,1995,0.094529
gabon,1996,0.10472
gabon,1997,0.11491
gabon,1998,0.12510
gabon,1999,0.13530
gabon,2000,0.14549
gabon,2001,0.14549
gabon,2002,0.14549
gabon,2003,0.14549
gabon,2004,0.14549
gabon,2005,0.14549
gabon,2006,0.14549
gabon,2007,0.14549
gabon,2008,0.14549
gabon,2009,0.14549
gabon,2010,0.14549
gabon,2011,0.14549
gabon,2012,0.14549
gabon,2013,0.14549
gabon,2014,0.14549
gabon,2015,0.14549
gabon,2016,0.14549
gabon,2017,0.14549
gabon,2018,0.14549
gabon,2019,0.14549
gabon,2020,0.14549
gabon,2021,0.14549
gabon,2022,0.14549
gambia,1982,0.39582
gambia,1983,0.42269
gambia,1984,0.44956
gambia,1985,0.47642
gambia,1986,0.50329
gambia,1987,0.53015
gambia,1988,0.55702
gambia,1989,0.58389
gambia,1990,0.61075
gambia,1991,0.63762
gambia,1992,0.66448
gambia,1993,0.69135
gambia,1994,0.71822
gambia,1995,0.74508
gambia,1996,0.77195
gambia,1997,0.79881
gambia,1998,0.82568
gambia,1999,0.85254
gambia,2000,0.85254
gambia,2001,0.85254
gambia,2002,0.85254
gambia,2003,0.85254
gambia,2004,0.85254
gambia,2005,0.85254
gambia,2006,0.85254
gambia,2007,0.85254
gambia,2008,0.85254
gambia,2009,0.85254
gambia,2010,0.85254
gambia,2011,0.85254
gambia,2012,0.85254
gambia,2013,0.85254
gambia,2014,0.85254
gambia,2015,0.85254
gambia,2016,0.85254
gambia,2017,0.85254
gambia,2018,0.85254
gambia,2019,0.85254
gambia,2020,0.85254
gambia,2021,0.85254
gambia,2022,0.85254
georgia,1992,6.2256
georgia,1993,6.0111
georgia,1994,5.7965
georgia,1995,5.5820
georgia,1996,5.3674
georgia,1997,5.1529
georgia,1998,4.9383
georgia,1999,4.7238
georgia,2000,4.5092
georgia,2001,4.2947
georgia,2002,4.0801
georgia,2003,3.8656
georgia,2004,3.6510
georgia,2005,3.4365
georgia,2006,3.4428
georgia,2007,3.4491
georgia,2008,3.4554
georgia,2009,3.2057
georgia,2010,2.9559
georgia,2011,2.7061
georgia,2012,2.4563
georgia,2013,2.2065
georgia,2014,1.9567
georgia,2015,1.7069
georgia,2016,1.4572
georgia,2017,1.5845
georgia,2018,1.4913
georgia,2019,1.9251
georgia,2020,2.3058
georgia,2021,2.4426
georgia,2022,1.4136
germany,1991,1.5755
germany,1992,1.5704
germany,1993,1.3960
germany,1994,1.2216
germany,1995,1.0471
germany,1996,0.83927
germany,1997,0.63140
germany,1998,0.42352
germany,1999,0.42352
germany,2000,0.42312
germany,2001,1.1551
germany,2002,0.99312
germany,2003,1.2751
germany,2004,1.0982
germany,2005,1.0519
germany,2006,0.95822
germany,2007,0.79377
germany,2008,1.1012
germany,2009,1.1294
germany,2010,0.79637
germany,2011,1.0920
germany,2012,1.1665
germany,2013,0.91188
germany,2014,1.1810
germany,2015,1.3135
germany,2016,1.0065
germany,2017,1.2632
germany,2018,1.5873
germany,2019,1.4730
germany,2020,1.4730
germany,2021,1.4730
germany,2022,1.4730
ghana,1970,0.68003
ghana,1971,0.75211
ghana,1972,0.82418
ghana,1973,0.89625
ghana,1974,0.96832
ghana,1975,1.0404
ghana,1976,1.1125
ghana,1977,1.1845
ghana,1978,1.2566
ghana,1979,1.3287
ghana,1980,1.4008
ghana,1981,1.4728
ghana,1982,1.5449
ghana,1983,1.6170
ghana,1984,1.6890
ghana,1985,1.7611
ghana,1986,1.8332
ghana,1987,1.9053
ghana,1988,1.9773
ghana,1989,2.0494
ghana,1990,2.1215
ghana,1991,2.1935
ghana,1992,2.2656
ghana,1993,2.3377
ghana,1994,2.4098
ghana,1995,2.4818
ghana,1996,2.5539
ghana,1997,2.6260
ghana,1998,2.6981
ghana,1999,2.7701
ghana,2000,2.8422
ghana,2001,2.9561
ghana,2002,3.0700
ghana,2003,3.1838
ghana,2004,3.2977
ghana,2005,3.4116
ghana,2006,3.5255
ghana,2007,3.6394
ghana,2008,3.7533
ghana,2009,3.8672
ghana,2010,3.9810
ghana,2011,4.0949
ghana,2012,4.2088
ghana,2013,4.3227
ghana,2014,4.4366
ghana,2015,4.5505
ghana,2016,4.6134
ghana,2017,4.6134
ghana,2018,4.6134
ghana,2019,4.6134
ghana,2020,4.6134
ghana,2021,4.6134
ghana,2022,4.6134
greece,1970,4.9059
greece,1971,5.3716
greece,1972,5.8373
greece,1973,6.3031
greece,1974,6.7688
greece,1975,7.2345
greece,1976,7.4897
greece,1977,7.7449
greece,1978,8.0001
greece,1979,8.2553
greece,1980,8.5105
greece,1981,8.6663
greece,1982,8.8220
greece,1983,8.9777
greece,1984,9.1334
greece,1985,9.2892
greece,1986,10.262
greece,1987,11.227
greece,1988,12.186
greece,1989,13.141
greece,1990,15.558
greece,1991,14.254
greece,1992,15.982
greece,1993,14.217
greece,1994,14.019
greece,1995,15.375
greece,1996,14.591
greece,1997,15.358
greece,1998,15.670
greece,1999,15.973
greece,2000,16.268
greece,2001,16.441
greece,2002,16.992
greece,2003,16.792
greece,2004,17.186
greece,2005,17.580
greece,2006,17.309
greece,2007,17.093
greece,2008,17.112
greece,2009,17.129
greece,2010,17.144
greece,2011,17.159
greece,2012,16.757
greece,2013,16.757
greece,2014,16.755
greece,2015,16.757
greece,2016,16.401
greece,2017,16.401
greece,2018,16.401
greece,2019,16.401
greece,2020,16.401
greece,2021,16.401
greece,2022,16.357
grenada,2005,1.0765
grenada,2006,1.0735
grenada,2007,1.0706
grenada,2008,1.0676
grenada,2009,1.0647
grenada,2010,1.0618
grenada,2011,1.0588
grenada,2012,1.0559
grenada,2013,1.0529
grenada,2014,1.0500
grenada,2015,1.0500
grenada,2016,1.0500
grenada,2017,1.0500
grenada,2018,1.0500
grenada,2019,1.0500
grenada,2020,1.0500
grenada,2021,1.0500
grenada,2022,1.0500
guatemala,2001,2.5428
guatemala,2002,2.6858
guatemala,2003,2.8288
guatemala,2004,2.9718
guatemala,2005,3.1149
guatemala,2006,3.2579
guatemala,2007,3.2579
guatemala,2008,3.2579
guatemala,2009,3.2579
guatemala,2010,3.2579
guatemala,2011,3.2579
guatemala,2012,3.2579
guatemala,2013,3.2579
guatemala,2014,3.2579
guatemala,2015,3.2579
guatemala,2016,3.2579
guatemala,2017,3.2579
guatemala,2018,3.2579
guatemala,2019,3.2579
guatemala,2020,3.2579
guatemala,2021,3.2579
guatemala,2022,3.2579
guinea,1987,0.99077
guinea,1988,0.95215
guinea,1989,0.91353
guinea,1990,0.87491
guinea,1991,0.83630
guinea,1992,0.79769
guinea,1993,0.75908
guinea,1994,0.72047
guinea,1995,0.68186
guinea,1996,0.64326
guinea,1997,0.60466
guinea,1998,0.56606
guinea,1999,0.52747
guinea,2000,0.48888
guinea,2001,0.45028
guinea,2002,0.46326
guinea,2003,0.47567
guinea,2004,0.48759
guinea,2005,0.49905
guinea,2006,0.53051
guinea,2007,0.56223
guinea,2008,0.59418
guinea,2009,0.62634
guinea,2010,0.65869
guinea,2011,0.69122
guinea,2012,0.72393
guinea,2013,0.75679
guinea,2014,0.78979
guinea,2015,0.82293
guinea,2016,0.85620
guinea,2017,0.88958
guinea,2018,0.92308
guinea,2019,0.92308
guinea,2020,0.92308
guinea,2021,0.92308
guinea,2022,0.92308
guinea_bissau,1991,0.051282
guinea_bissau,1992,0.28718
guinea_bissau,1993,0.52308
guinea_bissau,1994,0.75897
guinea_bissau,1995,0.99487
guinea_bissau,1996,1.2308
guinea_bissau,1997,1.2308
guinea_bissau,1998,1.2308
guinea_bissau,1999,1.2308
guinea_bissau,2000,1.2308
guinea_bissau,2001,1.2100
guinea_bissau,2002,1.1900
guinea_bissau,2003,1.1706
guinea_bissau,2004,1.1518
guinea_bissau,2005,1.1336
guinea_bissau,2006,1.1336
guinea_bissau,2007,1.1336
guinea_bissau,2008,1.1336
guinea_bissau,2009,1.1336
guinea_bissau,2010,1.1336
guinea_bissau,2011,1.1336
guinea_bissau,2012,1.1336
guinea_bissau,2013,1.1336
guinea_bissau,2014,1.1336
guinea_bissau,2015,1.1336
guinea_bissau,2016,1.1336
guinea_bissau,2017,1.1336
guinea_bissau,2018,1.1336
guinea_bissau,2019,1.1336
guinea_bissau,2020,1.1336
guinea_bissau,2021,1.1336
guinea_bissau,2022,1.1336
guyana,1992,3.2831
guyana,1993,3.3293
guyana,1994,3.3756
guyana,1995,3.4218
guyana,1996,3.4680
guyana,1997,3.5143
guyana,1998,3.5605
guyana,1999,3.6067
guyana,2000,3.6530
guyana,2001,3.5989
guyana,2002,3.5447
guyana,2003,3.4906
guyana,2004,3.4365
guyana,2005,3.3824
guyana,2006,3.3283
guyana,2007,3.2742
guyana,2008,3.2201
guyana,2009,3.1660
guyana,2010,3.1119
guyana,2011,3.1119
guyana,2012,3.1119
guyana,2013,3.1119
guyana,2014,3.1119
guyana,2015,3.1119
guyana,2016,3.1119
guyana,2017,3.1119
guyana,2018,3.1119
guyana,2019,3.1119
guyana,2020,3.1119
guyana,2021,3.1119
guyana,2022,3.1119
haiti,1991,8.5342
haiti,1992,9.0982
haiti,1993,9.6622
haiti,1994,10.226
haiti,1995,10.790
haiti,1996,10.816
haiti,1997,10.843
haiti,1998,10.869
haiti,1999,10.896
haiti,2000,10.922
haiti,2001,10.948
haiti,2002,10.975
haiti,2003,11.001
haiti,2004,11.027
haiti,2005,11.054
haiti,2006,11.080
haiti,2007,11.107
haiti,2008,11.133
haiti,2009,11.159
haiti,2010,11.159
haiti,2011,11.159
haiti,2012,11.159
haiti,2013,11.159
haiti,2014,11.159
haiti,2015,11.159
haiti,2016,11.159
haiti,2017,11.159
haiti,2018,11.159
haiti,2019,11.159
haiti,2020,11.159
haiti,2021,11.159
haiti,2022,11.159
honduras,2003,3.3876
honduras,2004,3.3876
honduras,2005,3.3876
honduras,2006,3.3876
honduras,2007,3.3876
honduras,2008,3.3876
honduras,2009,3.3876
honduras,2010,3.3876
honduras,2011,3.3876
honduras,2012,3.3876
honduras,2013,3.3876
honduras,2014,3.3876
honduras,2015,3.3876
honduras,2016,3.3876
honduras,2017,3.3876
honduras,2018,3.3876
honduras,2019,3.3876
honduras,2020,3.3876
honduras,2021,3.3876
honduras,2022,3.3876
hungary,1970,1.1487
hungary,1971,1.2265
hungary,1972,1.3043
hungary,1973,1.3822
hungary,1974,1.4600
hungary,1975,1.5378
hungary,1976,1.6029
hungary,1977,1.6680
hungary,1978,1.7331
hungary,1979,1.7981
hungary,1980,1.8632
hungary,1981,2.2802
hungary,1982,2.6972
hungary,1983,3.1142
hungary,1984,3.5312
hungary,1985,3.9482
hungary,1986,3.6183
hungary,1987,3.2884
hungary,1988,2.9585
hungary,1989,2.6287
hungary,1990,2.2988
hungary,1991,1.9689
hungary,1992,1.6390
hungary,1993,1.4260
hungary,1994,1.2130
hungary,1995,0.99993
hungary,1996,0.78690
hungary,1997,0.75339
hungary,1998,0.71923
hungary,1999,0.78091
hungary,2000,1.2240
hungary,2001,1.2275
hungary,2002,1.1820
hungary,2003,1.1446
hungary,2004,1.0219
hungary,2005,0.54575
hungary,2006,0.52688
hungary,2007,0.52267
hungary,2008,0.53232
hungary,2009,0.63954
hungary,2010,0.55743
hungary,2011,0.55849
hungary,2012,0.55613
hungary,2013,0.78437
hungary,2014,0.75591
hungary,2015,0.88493
hungary,2016,0.68339
hungary,2017,0.90471
hungary,2018,0.91846
hungary,2019,0.86070
hungary,2020,0.86736
hungary,2021,0.88243
hungary,2022,0.89572
iceland,1980,0.0054355
iceland,1981,0.0054355
iceland,1982,0.0054355
iceland,1983,0.0054355
iceland,1984,0.0054355
iceland,1985,0.0054355
iceland,1986,0.0059694
iceland,1987,0.0065032
iceland,1988,0.0070371
iceland,1989,0.0075709
iceland,1990,0.0081048
iceland,1991,0.051613
iceland,1992,0.095122
iceland,1993,0.095122
iceland,1994,0.095122
iceland,1995,0.095122
iceland,1996,0.095122
iceland,1997,0.095122
iceland,1998,0.095122
iceland,1999,0.095122
iceland,2000,0.095122
iceland,2001,0.095122
iceland,2002,0.095122
iceland,2003,0.095122
iceland,2004,0.095122
iceland,2005,0.079336
iceland,2006,0.063268
iceland,2007,0.047471
iceland,2008,0.031979
iceland,2009,0.016193
iceland,2010,0.00040766
iceland,2011,0.00040766
iceland,2012,0.00040725
iceland,2013,0.00027168
iceland,2014,0.00027197
iceland,2015,0.00040942
iceland,2016,0.00040942
iceland,2017,0.00040942
iceland,2018,0.00040942
iceland,2019,0.00040942
iceland,2020,0.00040942
iceland,2021,0.00040942
iceland,2022,0.00040942
india,1975,36.291
india,1976,37.488
india,1977,38.686
india,1978,39.883
india,1979,41.080
india,1980,42.278
india,1981,43.475
india,1982,44.672
india,1983,45.870
india,1984,47.067
india,1985,48.265
india,1986,48.059
india,1987,47.854
india,1988,47.648
india,1989,47.443
india,1990,47.238
india,1991,48.248
india,1992,49.259
india,1993,50.269
india,1994,51.280
india,1995,52.290
india,1996,53.300
india,1997,54.311
india,1998,55.321
india,1999,56.332
india,2000,57.342
india,2001,58.673
india,2002,60.004
india,2003,61.335
india,2004,58.424
india,2005,58.700
india,2006,58.979
india,2007,59.260
india,2008,59.543
india,2009,59.827
india,2010,60.114
india,2011,60.114
india,2012,60.114
india,2013,60.114
india,2014,60.114
india,2015,60.114
india,2016,60.114
india,2017,60.114
india,2018,60.114
india,2019,60.114
india,2020,60.114
india,2021,60.114
india,2022,60.114
indonesia,1990,9.2334
indonesia,1991,9.5471
indonesia,1992,9.8609
indonesia,1993,10.175
indonesia,1994,10.488
indonesia,1995,10.802
indonesia,1996,11.116
indonesia,1997,11.430
indonesia,1998,11.743
indonesia,1999,12.057
indonesia,2000,12.371
indonesia,2001,12.887
indonesia,2002,13.413
indonesia,2003,13.949
indonesia,2004,14.491
indonesia,2005,15.038
indonesia,2006,15.970
indonesia,2007,16.905
indonesia,2008,17.845
indonesia,2009,18.787
indonesia,2010,19.732
indonesia,2011,20.681
indonesia,2012,21.631
indonesia,2013,22.584
indonesia,2014,23.539
indonesia,2015,24.419
indonesia,2016,25.303
indonesia,2017,25.303
indonesia,2018,25.303
indonesia,2019,25.303
indonesia,2020,25.303
indonesia,2021,25.303
indonesia,2022,25.303
iran_islamic_republic_of,1993,56.108
iran_islamic_republic_of,1994,61.286
iran_islamic_republic_of,1995,66.463
iran_islamic_republic_of,1996,67.687
iran_islamic_republic_of,1997,68.912
iran_islamic_republic_of,1998,70.136
iran_islamic_republic_of,1999,71.361
iran_islamic_republic_of,2000,72.585
iran_islamic_republic_of,2001,73.201
iran_islamic_republic_of,2002,73.817
iran_islamic_republic_of,2003,74.433
iran_islamic_republic_of,2004,74.929
iran_islamic_republic_of,2005,74.929
iran_islamic_republic_of,2006,74.929
iran_islamic_republic_of,2007,74.929
iran_islamic_republic_of,2008,74.929
iran_islamic_republic_of,2009,74.929
iran_islamic_republic_of,2010,74.929
iran_islamic_republic_of,2011,74.929
iran_islamic_republic_of,2012,74.929
iran_islamic_republic_of,2013,74.929
iran_islamic_republic_of,2014,74.929
iran_islamic_republic_of,2015,74.929
iran_islamic_republic_of,2016,74.929
iran_islamic_republic_of,2017,74.929
iran_islamic_republic_of,2018,74.929
iran_islamic_republic_of,2019,74.929
iran_islamic_republic_of,2020,74.929
iran_islamic_republic_of,2021,74.929
iran_islamic_republic_of,2022,74.929
iraq,1975,55.520
iraq,1976,55.587
iraq,1977,55.654
iraq,1978,55.722
iraq,1979,55.789
iraq,1980,55.857
iraq,1981,55.921
iraq,1982,55.986
iraq,1983,56.051
iraq,1984,56.115
iraq,1985,56.180
iraq,1986,56.006
iraq,1987,55.831
iraq,1988,55.657
iraq,1989,55.483
iraq,1990,55.309
iraq,1991,57.081
iraq,1992,58.854
iraq,1993,60.626
iraq,1994,62.399
iraq,1995,64.171
iraq,1996,65.944
iraq,1997,67.708
iraq,1998,69.480
iraq,1999,71.253
iraq,2000,73.026
iraq,2001,71.480
iraq,2002,69.935
iraq,2003,68.389
iraq,2004,66.844
iraq,2005,65.299
iraq,2006,63.753
iraq,2007,62.208
iraq,2008,60.662
iraq,2009,59.117
iraq,2010,57.571
iraq,2011,56.026
iraq,2012,54.474
iraq,2013,52.928
iraq,2014,51.383
iraq,2015,44.853
iraq,2016,49.485
iraq,2017,53.109
iraq,2018,43.124
iraq,2019,62.119
iraq,2020,45.907
iraq,2021,43.776
iraq,2022,43.776
ireland,1980,0.62560
ireland,1981,0.64244
ireland,1982,0.65929
ireland,1983,0.67613
ireland,1984,0.69297
ireland,1985,0.70982
ireland,1986,0.72666
ireland,1987,0.74350
ireland,1988,0.76035
ireland,1989,0.77719
ireland,1990,0.79403
ireland,1991,0.81088
ireland,1992,0.82772
ireland,1993,0.84456
ireland,1994,0.86141
ireland,1995,0.82851
ireland,1996,0.79568
ireland,1997,0.76294
ireland,1998,0.73029
ireland,1999,0.69774
ireland,2000,0.66530
ireland,2001,0.63297
ireland,2002,0.60077
ireland,2003,0.53415
ireland,2004,0.47353
ireland,2005,0.54247
ireland,2006,0.42060
ireland,2007,0.48448
ireland,2008,0.39059
ireland,2009,0.42649
ireland,2010,0.35848
ireland,2011,0.35495
ireland,2012,0.34706
ireland,2013,0.32400
ireland,2014,0.29913
ireland,2015,0.28524
ireland,2016,0.25844
ireland,2017,0.19982
ireland,2018,0.15459
ireland,2019,0.17013
ireland,2020,0.18768
ireland,2021,0.19249
ireland,2022,0.19071
israel,1970,106.34
israel,1971,106.13
israel,1972,105.83
israel,1973,105.52
israel,1974,105.22
israel,1975,104.92
israel,1976,104.62
israel,1977,104.33
israel,1978,104.04
israel,1979,103.66
israel,1980,103.29
israel,1981,105.23
israel,1982,107.16
israel,1983,108.55
israel,1984,109.93
israel,1985,111.31
israel,1986,110.59
israel,1987,104.45
israel,1988,100.69
israel,1989,96.943
israel,1990,91.441
israel,1991,90.836
israel,1992,90.231
israel,1993,89.626
israel,1994,89.021
israel,1995,89.114
israel,1996,87.742
israel,1997,86.378
israel,1998,85.021
israel,1999,83.672
israel,2000,82.330
israel,2001,78.298
israel,2002,74.255
israel,2003,83.370
israel,2004,70.734
israel,2005,69.515
israel,2006,68.292
israel,2007,67.066
israel,2008,65.836
israel,2009,64.603
israel,2010,66.268
israel,2011,63.199
israel,2012,60.245
israel,2013,57.397
israel,2014,54.649
israel,2015,51.996
israel,2016,57.529
israel,2017,44.913
israel,2018,49.552
israel,2019,51.598
israel,2020,54.813
israel,2021,64.790
israel,2022,60.459
italy,1970,22.557
italy,1971,22.408
italy,1972,22.259
italy,1973,22.111
italy,1974,21.962
italy,1975,21.813
italy,1976,21.664
italy,1977,21.515
italy,1978,21.366
italy,1979,21.217
italy,1980,21.069
italy,1981,20.920
italy,1982,20.771
italy,1983,20.622
italy,1984,20.473
italy,1985,20.324
italy,1986,20.175
italy,1987,20.003
italy,1988,19.847
italy,1989,19.690
italy,1990,19.534
italy,1991,19.386
italy,1992,19.238
italy,1993,19.090
italy,1994,18.942
italy,1995,18.794
italy,1996,18.646
italy,1997,18.498
italy,1998,18.350
italy,1999,17.708
italy,2000,17.503
italy,2001,16.625
italy,2002,15.746
italy,2003,14.866
italy,2004,13.986
italy,2005,13.089
italy,2006,12.193
italy,2007,11.296
italy,2008,11.920
italy,2009,12.493
italy,2010,13.091
italy,2011,13.689
italy,2012,14.287
italy,2013,14.884
italy,2014,14.882
italy,2015,14.879
italy,2016,14.877
italy,2017,14.874
italy,2018,14.871
italy,2019,14.951
italy,2020,14.951
italy,2021,14.951
italy,2022,14.951
jamaica,1993,6.4273
jamaica,1994,6.5110
jamaica,1995,6.5853
jamaica,1996,6.6501
jamaica,1997,6.7050
jamaica,1998,6.7499
jamaica,1999,6.7846
jamaica,2000,6.8088
jamaica,2001,6.8222
jamaica,2002,6.8247
jamaica,2003,6.8159
jamaica,2004,6.7957
jamaica,2005,6.7636
jamaica,2006,6.0792
jamaica,2007,5.4960
jamaica,2008,4.9589
jamaica,2009,4.4826
jamaica,2010,4.0557
jamaica,2011,3.6695
jamaica,2012,3.3173
jamaica,2013,2.9937
jamaica,2014,2.6945
jamaica,2015,1.2549
jamaica,2016,1.0502
jamaica,2017,1.2229
jamaica,2018,1.4716
jamaica,2019,1.8605
jamaica,2020,2.3603
jamaica,2021,2.1129
jamaica,2022,2.1129
japan,1980,26.667
japan,1981,26.696
japan,1982,26.725
japan,1983,26.754
japan,1984,26.783
japan,1985,26.811
japan,1986,26.840
japan,1987,26.869
japan,1988,26.898
japan,1989,26.927
japan,1990,26.956
japan,1991,26.949
japan,1992,26.943
japan,1993,26.932
japan,1994,26.921
japan,1995,26.898
japan,1996,26.807
japan,1997,26.718
japan,1998,26.583
japan,1999,26.445
japan,2000,26.306
japan,2001,26.008
japan,2002,25.709
japan,2003,25.562
japan,2004,25.414
japan,2005,25.267
japan,2006,25.120
japan,2007,24.988
japan,2008,24.972
japan,2009,24.955
japan,2010,24.924
japan,2011,24.892
japan,2012,24.861
japan,2013,24.830
japan,2014,24.798
japan,2015,24.767
japan,2016,24.736
japan,2017,24.690
japan,2018,24.598
japan,2019,24.506
japan,2020,24.460
japan,2021,24.429
japan,2022,24.429
jordan,1975,32.451
jordan,1976,34.312
jordan,1977,36.172
jordan,1978,38.033
jordan,1979,39.894
jordan,1980,41.754
jordan,1981,43.615
jordan,1982,45.476
jordan,1983,47.336
jordan,1984,49.197
jordan,1985,51.058
jordan,1986,55.488
jordan,1987,59.918
jordan,1988,64.348
jordan,1989,68.778
jordan,1990,69.307
jordan,1991,73.482
jordan,1992,77.656
jordan,1993,74.792
jordan,1994,72.045
jordan,1995,69.303
jordan,1996,66.566
jordan,1997,63.834
jordan,1998,61.118
jordan,1999,57.885
jordan,2000,54.678
jordan,2001,49.157
jordan,2002,52.672
jordan,2003,51.805
jordan,2004,55.931
jordan,2005,62.319
jordan,2006,65.123
jordan,2007,65.234
jordan,2008,63.573
jordan,2009,55.377
jordan,2010,55.488
jordan,2011,50.194
jordan,2012,51.168
jordan,2013,53.273
jordan,2014,57.429
jordan,2015,49.071
jordan,2016,53.168
jordan,2017,52.605
jordan,2018,53.411
jordan,2019,53.873
jordan,2020,54.770
jordan,2021,52.945
jordan,2022,54.332
kazakhstan,1993,37.318
kazakhstan,1994,36.765
kazakhstan,1995,36.212
kazakhstan,1996,32.537
kazakhstan,1997,28.869
kazakhstan,1998,25.211
kazakhstan,1999,21.566
kazakhstan,2000,19.415
kazakhstan,2001,19.432
kazakhstan,2002,21.032
kazakhstan,2003,21.762
kazakhstan,2004,22.587
kazakhstan,2005,24.507
kazakhstan,2006,18.541
kazakhstan,2007,20.063
kazakhstan,2008,16.727
kazakhstan,2009,20.061
kazakhstan,2010,18.038
kazakhstan,2011,17.716
kazakhstan,2012,18.294
kazakhstan,2013,19.471
kazakhstan,2014,18.505
kazakhstan,2015,18.342
kazakhstan,2016,18.316
kazakhstan,2017,19.256
kazakhstan,2018,20.760
kazakhstan,2019,21.789
kazakhstan,2020,21.178
kazakhstan,2021,20.256
kazakhstan,2022,19.650
kenya,1990,12.910
kenya,1991,12.452
kenya,1992,11.993
kenya,1993,11.535
kenya,1994,11.077
kenya,1995,10.618
kenya,1996,10.160
kenya,1997,9.7016
kenya,1998,9.2432
kenya,1999,8.7848
kenya,2000,8.3265
kenya,2001,10.360
kenya,2002,12.394
kenya,2003,14.427
kenya,2004,14.612
kenya,2005,14.797
kenya,2006,14.982
kenya,2007,15.167
kenya,2008,15.352
kenya,2009,15.536
kenya,2010,15.721
kenya,2011,15.723
kenya,2012,15.725
kenya,2013,15.727
kenya,2014,15.729
kenya,2015,15.731
kenya,2016,26.661
kenya,2017,26.661
kenya,2018,26.661
kenya,2019,26.661
kenya,2020,26.661
kenya,2021,26.661
kenya,2022,26.661
kuwait,1993,924.42
kuwait,1994,745.33
kuwait,1995,784.70
kuwait,1996,824.31
kuwait,1997,864.12
kuwait,1998,904.10
kuwait,1999,964.47
kuwait,2000,1024.6
kuwait,2001,1071.2
kuwait,2002,1117.7
kuwait,2003,1167.8
kuwait,2004,1217.7
kuwait,2005,1267.5
kuwait,2006,1338.8
kuwait,2007,1411.0
kuwait,2008,1484.0
kuwait,2009,1557.9
kuwait,2010,1632.5
kuwait,2011,1707.8
kuwait,2012,1783.9
kuwait,2013,1860.7
kuwait,2014,1938.1
kuwait,2015,2016.2
kuwait,2016,2163.2
kuwait,2017,2397.8
kuwait,2018,2397.8
kuwait,2019,2397.8
kuwait,2020,2397.8
kuwait,2021,2397.8
kuwait,2022,2397.8
kyrgyzstan,1994,59.845
kyrgyzstan,1995,60.098
kyrgyzstan,1996,60.350
kyrgyzstan,1997,60.602
kyrgyzstan,1998,60.854
kyrgyzstan,1999,61.105
kyrgyzstan,2000,61.356
kyrgyzstan,2001,58.884
kyrgyzstan,2002,56.413
kyrgyzstan,2003,53.943
kyrgyzstan,2004,51.474
kyrgyzstan,2005,49.006
kyrgyzstan,2006,46.539
kyrgyzstan,2007,46.509
kyrgyzstan,2008,46.478
kyrgyzstan,2009,46.446
kyrgyzstan,2010,46.414
kyrgyzstan,2011,46.381
kyrgyzstan,2012,46.381
kyrgyzstan,2013,46.381
kyrgyzstan,2014,46.381
kyrgyzstan,2015,46.381
kyrgyzstan,2016,46.381
kyrgyzstan,2017,46.381
kyrgyzstan,2018,46.381
kyrgyzstan,2019,46.381
kyrgyzstan,2020,46.381
kyrgyzstan,2021,46.381
kyrgyzstan,2022,46.381
land_locked_developing_countries,2000,13.643
land_locked_developing_countries,2001,13.821
land_locked_developing_countries,2002,13.785
land_locked_developing_countries,2003,13.847
land_locked_developing_countries,2004,13.944
land_locked_developing_countries,2005,12.617
land_locked_developing_countries,2006,12.366
land_locked_developing_countries,2007,12.538
land_locked_developing_countries,2008,12.257
land_locked_developing_countries,2009,12.526
land_locked_developing_countries,2010,12.375
land_locked_developing_countries,2011,12.487
land_locked_developing_countries,2012,12.878
land_locked_developing_countries,2013,12.981
land_locked_developing_countries,2014,12.953
land_locked_developing_countries,2015,13.363
land_locked_developing_countries,2016,13.099
land_locked_developing_countries,2017,13.415
land_locked_developing_countries,2018,13.352
land_locked_developing_countries,2019,12.667
land_locked_developing_countries,2020,12.470
land_locked_developing_countries,2021,12.510
land_locked_developing_countries,2022,12.439
lao_people_s_democratic_republic,2005,2.0815
lao_people_s_democratic_republic,2006,2.3768
lao_people_s_democratic_republic,2007,2.6721
lao_people_s_democratic_republic,2008,2.9674
lao_people_s_democratic_republic,2009,3.2627
lao_people_s_democratic_republic,2010,3.5580
lao_people_s_democratic_republic,2011,3.8533
lao_people_s_democratic_republic,2012,4.1486
lao_people_s_democratic_republic,2013,4.4439
lao_people_s_democratic_republic,2014,4.7392
lao_people_s_democratic_republic,2015,4.9218
lao_people_s_democratic_republic,2016,4.7979
lao_people_s_democratic_republic,2017,4.5763
lao_people_s_democratic_republic,2018,4.5763
lao_people_s_democratic_republic,2019,4.5958
lao_people_s_democratic_republic,2020,4.5958
lao_people_s_democratic_republic,2021,4.5958
lao_people_s_democratic_republic,2022,4.5958
latin_america_and_the_caribbean,2000,2.9475
latin_america_and_the_caribbean,2001,2.8924
latin_america_and_the_caribbean,2002,3.0143
latin_america_and_the_caribbean,2003,3.0993
latin_america_and_the_caribbean,2004,3.1630
latin_america_and_the_caribbean,2005,3.2414
latin_america_and_the_caribbean,2006,3.8895
latin_america_and_the_caribbean,2007,4.0388
latin_america_and_the_caribbean,2008,3.9253
latin_america_and_the_caribbean,2009,4.1030
latin_america_and_the_caribbean,2010,4.0122
latin_america_and_the_caribbean,2011,4.0339
latin_america_and_the_caribbean,2012,4.0347
latin_america_and_the_caribbean,2013,4.0302
latin_america_and_the_caribbean,2014,4.0953
latin_america_and_the_caribbean,2015,4.1398
latin_america_and_the_caribbean,2016,4.2773
latin_america_and_the_caribbean,2017,4.3239
latin_america_and_the_caribbean,2018,4.3094
latin_america_and_the_caribbean,2019,4.3942
latin_america_and_the_caribbean,2020,4.4123
latin_america_and_the_caribbean,2021,4.2238
latin_america_and_the_caribbean,2022,4.2431
latvia,1995,0.20614
latvia,1996,0.21996
latvia,1997,0.23368
latvia,1998,0.24728
latvia,1999,0.26073
latvia,2000,0.27423
latvia,2001,0.26291
latvia,2002,0.29906
latvia,2003,0.29418
latvia,2004,0.23378
latvia,2005,0.28605
latvia,2006,0.28001
latvia,2007,0.28232
latvia,2008,0.28941
latvia,2009,0.46224
latvia,2010,0.29795
latvia,2011,0.36936
latvia,2012,0.22934
latvia,2013,0.20372
latvia,2014,0.21842
latvia,2015,0.28966
latvia,2016,0.34237
latvia,2017,0.33252
latvia,2018,0.32336
latvia,2019,0.31312
latvia,2020,0.32602
latvia,2021,0.31236
latvia,2022,0.29522
least_developed_countries,2000,6.2272
least_developed_countries,2001,6.2821
least_developed_countries,2002,6.4888
least_developed_countries,2003,6.5231
least_developed_countries,2004,6.5809
least_developed_countries,2005,6.3186
least_developed_countries,2006,6.2568
least_developed_countries,2007,6.2963
least_developed_countries,2008,6.1673
least_developed_countries,2009,6.1979
least_developed_countries,2010,6.2285
least_developed_countries,2011,6.2590
least_developed_countries,2012,6.2682
least_developed_countries,2013,6.2957
least_developed_countries,2014,6.3232
least_developed_countries,2015,6.3513
least_developed_countries,2016,6.3566
least_developed_countries,2017,6.3402
least_developed_countries,2018,6.3912
least_developed_countries,2019,6.3992
least_developed_countries,2020,6.3995
least_developed_countries,2021,6.3992
least_developed_countries,2022,6.3995
lebanon,1975,20.701
lebanon,1976,21.106
lebanon,1977,21.505
lebanon,1978,21.915
lebanon,1979,22.309
lebanon,1980,22.724
lebanon,1981,23.113
lebanon,1982,23.534
lebanon,1983,23.939
lebanon,1984,24.343
lebanon,1985,24.748
lebanon,1986,25.153
lebanon,1987,25.558
lebanon,1988,25.962
lebanon,1989,26.367
lebanon,1990,26.772
lebanon,1991,27.131
lebanon,1992,27.541
lebanon,1993,27.942
lebanon,1994,28.347
lebanon,1995,28.590
lebanon,1996,28.834
lebanon,1997,29.078
lebanon,1998,29.322
lebanon,1999,29.565
lebanon,2000,26.372
lebanon,2001,25.510
lebanon,2002,24.651
lebanon,2003,23.792
lebanon,2004,22.936
lebanon,2005,21.174
lebanon,2006,21.458
lebanon,2007,21.694
lebanon,2008,21.888
lebanon,2009,22.044
lebanon,2010,22.166
lebanon,2011,22.257
lebanon,2012,22.320
lebanon,2013,22.358
lebanon,2014,22.373
lebanon,2015,22.367
lebanon,2016,22.367
lebanon,2017,22.367
lebanon,2018,22.367
lebanon,2019,22.367
lebanon,2020,22.367
lebanon,2021,22.367
lebanon,2022,22.367
lesotho,1987,1.6403
lesotho,1988,1.5222
lesotho,1989,1.4040
lesotho,1990,1.2859
lesotho,1991,1.1677
lesotho,1992,1.0496
lesotho,1993,0.93146
lesotho,1994,0.81332
lesotho,1995,0.69518
lesotho,1996,0.57704
lesotho,1997,0.45889
lesotho,1998,0.34075
lesotho,1999,0.22261
lesotho,2000,0.22261
lesotho,2001,0.22261
lesotho,2002,0.22261
lesotho,2003,0.22261
lesotho,2004,0.22261
lesotho,2005,0.22261
lesotho,2006,0.22261
lesotho,2007,0.22261
lesotho,2008,0.22261
lesotho,2009,0.22261
lesotho,2010,0.22261
lesotho,2011,0.22261
lesotho,2012,0.22261
lesotho,2013,0.22261
lesotho,2014,0.22261
lesotho,2015,0.22261
lesotho,2016,0.22261
lesotho,2017,0.22261
lesotho,2018,0.22261
lesotho,2019,0.22261
lesotho,2020,0.22261
lesotho,2021,0.22261
lesotho,2022,0.22261
liberia,1987,0.14130
liberia,1988,0.13215
liberia,1989,0.12299
liberia,1990,0.11384
liberia,1991,0.10468
liberia,1992,0.095527
liberia,1993,0.086371
liberia,1994,0.077216
liberia,1995,0.068060
liberia,1996,0.058905
liberia,1997,0.049749
liberia,1998,0.040594
liberia,1999,0.031438
liberia,2000,0.022283
liberia,2001,0.022283
liberia,2002,0.022283
liberia,2003,0.022283
liberia,2004,0.022283
liberia,2005,0.022283
liberia,2006,0.022283
liberia,2007,0.022283
liberia,2008,0.022283
liberia,2009,0.022283
liberia,2010,0.022283
liberia,2011,0.022283
liberia,2012,0.022283
liberia,2013,0.022283
liberia,2014,0.022283
liberia,2015,0.022283
liberia,2016,0.022283
liberia,2017,0.022283
liberia,2018,0.022283
liberia,2019,0.022283
liberia,2020,0.022283
liberia,2021,0.022283
liberia,2022,0.022283
libya,1985,280.71
libya,1986,346.86
libya,1987,413.00
libya,1988,479.14
libya,1989,545.29
libya,1990,611.43
libya,1991,601.43
libya,1992,591.43
libya,1993,581.43
libya,1994,571.43
libya,1995,561.51
libya,1996,551.60
libya,1997,541.69
libya,1998,529.60
libya,1999,519.71
libya,2000,509.87
libya,2001,523.56
libya,2002,537.26
libya,2003,550.95
libya,2004,564.64
libya,2005,578.34
libya,2006,592.84
libya,2007,607.33
libya,2008,621.83
libya,2009,636.32
libya,2010,650.81
libya,2011,665.30
libya,2012,679.78
libya,2013,679.78
libya,2014,679.78
libya,2015,679.78
libya,2016,679.78
libya,2017,679.78
libya,2018,679.78
libya,2019,679.78
libya,2020,679.78
libya,2021,679.78
libya,2022,679.78
lithuania,1995,0.057615
lithuania,1996,0.075002
lithuania,1997,0.092455
lithuania,1998,0.10999
lithuania,1999,0.12762
lithuania,2000,0.14538
lithuania,2001,0.38212
lithuania,2002,0.50821
lithuania,2003,0.64289
lithuania,2004,0.65350
lithuania,2005,0.58214
lithuania,2006,0.74572
lithuania,2007,0.58846
lithuania,2008,0.73678
lithuania,2009,0.64411
lithuania,2010,0.50862
lithuania,2011,0.34832
lithuania,2012,0.35274
lithuania,2013,0.37369
lithuania,2014,0.41745
lithuania,2015,0.42949
lithuania,2016,0.42754
lithuania,2017,0.42466
lithuania,2018,0.41197
lithuania,2019,0.43135
lithuania,2020,0.43547
lithuania,2021,0.42653
lithuania,2022,0.42350
luxembourg,1995,0.016731
luxembourg,1996,0.016714
luxembourg,1997,0.016698
luxembourg,1998,0.016682
luxembourg,1999,0.016666
luxembourg,2000,0.015906
luxembourg,2001,0.015147
luxembourg,2002,0.014387
luxembourg,2003,0.013627
luxembourg,2004,0.012868
luxembourg,2005,0.012108
luxembourg,2006,0.011348
luxembourg,2007,0.010588
luxembourg,2008,0.0098287
luxembourg,2009,0.0090690
luxembourg,2010,0.0083093
luxembourg,2011,0.039579
luxembourg,2012,0.016621
luxembourg,2013,0.024876
luxembourg,2014,0.025094
luxembourg,2015,0.058043
luxembourg,2016,0.024876
luxembourg,2017,0.033167
luxembourg,2018,0.041459
luxembourg,2019,0.049751
luxembourg,2020,0.0000
luxembourg,2021,0.032338
luxembourg,2022,0.041459
madagascar,1984,13.506
madagascar,1985,13.342
madagascar,1986,13.178
madagascar,1987,13.014
madagascar,1988,12.849
madagascar,1989,12.685
madagascar,1990,12.521
madagascar,1991,12.357
madagascar,1992,12.192
madagascar,1993,12.028
madagascar,1994,11.864
madagascar,1995,11.700
madagascar,1996,11.536
madagascar,1997,11.371
madagascar,1998,11.207
madagascar,1999,11.043
madagascar,2000,10.879
madagascar,2001,10.879
madagascar,2002,10.879
madagascar,2003,10.879
madagascar,2004,10.879
madagascar,2005,10.879
madagascar,2006,10.799
madagascar,2007,10.799
madagascar,2008,10.799
madagascar,2009,10.799
madagascar,2010,10.799
madagascar,2011,10.799
madagascar,2012,10.799
madagascar,2013,10.799
madagascar,2014,10.799
madagascar,2015,10.799
madagascar,2016,10.799
madagascar,2017,10.799
madagascar,2018,10.799
madagascar,2019,10.799
madagascar,2020,10.799
madagascar,2021,10.799
madagascar,2022,10.799
malawi,1994,10.437
malawi,1995,11.013
malawi,1996,11.589
malawi,1997,12.165
malawi,1998,12.740
malawi,1999,13.316
malawi,2000,13.892
malawi,2001,14.467
malawi,2002,15.043
malawi,2003,15.043
malawi,2004,15.043
malawi,2005,15.043
malawi,2006,15.043
malawi,2007,15.043
malawi,2008,15.043
malawi,2009,15.043
malawi,2010,15.043
malawi,2011,15.043
malawi,2012,15.043
malawi,2013,15.043
malawi,2014,15.043
malawi,2015,15.043
malawi,2016,15.043
malawi,2017,15.043
malawi,2018,15.043
malawi,2019,15.043
malawi,2020,15.043
malawi,2021,15.043
malawi,2022,15.043
malaysia,1990,4.2546
malaysia,1991,3.7594
malaysia,1992,3.2642
malaysia,1993,2.7690
malaysia,1994,2.2739
malaysia,1995,2.0682
malaysia,1996,1.2837
malaysia,1997,1.2928
malaysia,1998,1.3020
malaysia,1999,1.3111
malaysia,2000,1.3202
malaysia,2001,1.3294
malaysia,2002,1.3385
malaysia,2003,1.3477
malaysia,2004,1.3568
malaysia,2005,1.3660
malaysia,2006,1.3751
malaysia,2007,1.3842
malaysia,2008,1.3934
malaysia,2009,1.4025
malaysia,2010,1.4117
malaysia,2011,1.4208
malaysia,2012,1.4299
malaysia,2013,1.4391
malaysia,2014,1.4482
malaysia,2015,1.4574
malaysia,2016,1.5337
malaysia,2017,1.5700
malaysia,2018,1.5700
malaysia,2019,1.5700
malaysia,2020,1.5700
malaysia,2021,1.5700
malaysia,2022,1.5700
maldives,1987,0.0000
maldives,1988,0.0000
maldives,1989,0.0000
maldives,1990,0.0000
maldives,1991,0.0000
maldives,1992,0.0000
maldives,1993,0.0000
maldives,1994,0.0000
maldives,1995,0.0000
maldives,1996,0.0000
maldives,1997,0.0000
maldives,1998,0.0000
maldives,1999,0.0000
maldives,2000,0.0000
maldives,2001,0.0000
maldives,2002,0.0000
maldives,2003,0.0000
maldives,2004,0.0000
maldives,2005,0.0000
maldives,2006,0.0000
maldives,2007,0.0000
maldives,2008,0.0000
maldives,2009,0.013000
maldives,2010,0.0092303
maldives,2011,0.064157
maldives,2012,0.085543
maldives,2013,0.10693
maldives,2014,0.12831
maldives,2015,0.14970
maldives,2016,0.17109
maldives,2017,0.19247
maldives,2018,0.21386
maldives,2019,0.23524
maldives,2020,0.47370
maldives,2021,0.71215
maldives,2022,0.71215
mali,1987,2.0355
mali,1988,2.4480
mali,1989,2.8606
mali,1990,3.2731
mali,1991,3.6857
mali,1992,4.0983
mali,1993,4.5108
mali,1994,4.9234
mali,1995,5.3359
mali,1996,5.7485
mali,1997,6.1389
mali,1998,6.5293
mali,1999,6.9198
mali,2000,7.3102
mali,2001,7.7006
mali,2002,7.7269
mali,2003,7.7531
mali,2004,7.7793
mali,2005,7.8056
mali,2006,7.8318
mali,2007,7.8318
mali,2008,7.8318
mali,2009,7.8318
mali,2010,7.8318
mali,2011,7.8318
mali,2012,7.8318
mali,2013,7.8318
mali,2014,7.8318
mali,2015,7.8318
mali,2016,7.8318
mali,2017,7.8318
mali,2018,7.8318
mali,2019,7.8318
mali,2020,7.8318
mali,2021,7.8318
mali,2022,7.8318
malta,1995,5.7673
malta,1996,8.0342
malta,1997,10.520
malta,1998,13.221
malta,1999,16.137
malta,2000,19.264
malta,2001,22.612
malta,2002,23.589
malta,2003,21.967
malta,2004,22.927
malta,2005,24.144
malta,2006,26.764
malta,2007,31.482
malta,2008,31.317
malta,2009,26.671
malta,2010,39.335
malta,2011,41.146
malta,2012,47.962
malta,2013,58.440
malta,2014,39.465
malta,2015,34.020
malta,2016,33.690
malta,2017,38.644
malta,2018,33.634
malta,2019,29.450
malta,2020,31.105
malta,2021,28.854
malta,2022,25.068
mauritania,1980,6.0228
mauritania,1981,7.7658
mauritania,1982,9.5087
mauritania,1983,11.252
mauritania,1984,12.995
mauritania,1985,14.738
mauritania,1986,14.738
mauritania,1987,14.738
mauritania,1988,14.738
mauritania,1989,14.738
mauritania,1990,14.719
mauritania,1991,14.719
mauritania,1992,14.719
mauritania,1993,14.719
mauritania,1994,14.719
mauritania,1995,14.719
mauritania,1996,14.719
mauritania,1997,14.719
mauritania,1998,14.719
mauritania,1999,14.719
mauritania,2000,14.719
mauritania,2001,14.039
mauritania,2002,13.359
mauritania,2003,12.678
mauritania,2004,11.998
mauritania,2005,11.998
mauritania,2006,11.998
mauritania,2007,11.998
mauritania,2008,11.998
mauritania,2009,11.998
mauritania,2010,11.998
mauritania,2011,11.998
mauritania,2012,11.998
mauritania,2013,11.998
mauritania,2014,11.998
mauritania,2015,11.998
mauritania,2016,11.998
mauritania,2017,11.998
mauritania,2018,11.998
mauritania,2019,11.998
mauritania,2020,11.998
mauritania,2021,11.998
mauritania,2022,11.998
mauritius,1974,10.062
mauritius,1975,10.062
mauritius,1976,10.446
mauritius,1977,10.829
mauritius,1978,11.213
mauritius,1979,11.597
mauritius,1980,11.981
mauritius,1981,12.365
mauritius,1982,12.749
mauritius,1983,13.133
mauritius,1984,13.516
mauritius,1985,13.900
mauritius,1986,14.284
mauritius,1987,14.668
mauritius,1988,15.052
mauritius,1989,15.436
mauritius,1990,15.819
mauritius,1991,16.000
mauritius,1992,16.180
mauritius,1993,16.360
mauritius,1994,16.541
mauritius,1995,16.721
mauritius,1996,16.694
mauritius,1997,16.667
mauritius,1998,16.640
mauritius,1999,16.612
mauritius,2000,16.585
mauritius,2001,17.006
mauritius,2002,17.427
mauritius,2003,17.848
mauritius,2004,17.394
mauritius,2005,16.939
mauritius,2006,16.467
mauritius,2007,15.376
mauritius,2008,18.684
mauritius,2009,14.504
mauritius,2010,14.459
mauritius,2011,12.941
mauritius,2012,13.268
mauritius,2013,13.631
mauritius,2014,13.559
mauritius,2015,12.468
mauritius,2016,12.853
mauritius,2017,12.383
mauritius,2018,10.958
mauritius,2019,10.887
mauritius,2020,11.069
mauritius,2021,10.923
mauritius,2022,10.997
mexico,1995,23.436
mexico,1996,23.081
mexico,1997,22.726
mexico,1998,22.371
mexico,1999,22.015
mexico,2000,21.660
mexico,2001,19.725
mexico,2002,20.957
mexico,2003,21.344
mexico,2004,21.483
mexico,2005,21.933
mexico,2006,22.195
mexico,2007,22.634
mexico,2008,22.951
mexico,2009,22.946
mexico,2010,22.905
mexico,2011,22.863
mexico,2012,23.762
mexico,2013,23.190
mexico,2014,24.442
mexico,2015,24.516
mexico,2016,24.776
mexico,2017,25.057
mexico,2018,33.667
mexico,2019,33.856
mexico,2020,33.946
mexico,2021,34.068
mexico,2022,34.294
mongolia,1993,1.6667
mongolia,1994,1.6650
mongolia,1995,1.6633
mongolia,1996,1.6616
mongolia,1997,1.6599
mongolia,1998,1.6582
mongolia,1999,1.6565
mongolia,2000,1.6548
mongolia,2001,1.6531
mongolia,2002,1.6514
mongolia,2003,1.6497
mongolia,2004,1.6480
mongolia,2005,1.5838
mongolia,2006,1.6446
mongolia,2007,1.6887
mongolia,2008,1.7327
mongolia,2009,1.7768
mongolia,2010,1.8046
mongolia,2011,1.8324
mongolia,2012,1.8601
mongolia,2013,1.8879
mongolia,2014,1.9157
mongolia,2015,1.9435
mongolia,2016,1.8421
mongolia,2017,1.8421
mongolia,2018,1.8421
mongolia,2019,1.8421
mongolia,2020,1.8421
mongolia,2021,1.8421
mongolia,2022,1.8421
morocco,1990,42.697
morocco,1991,45.773
morocco,1992,48.850
morocco,1993,48.377
morocco,1994,47.905
morocco,1995,47.430
morocco,1996,48.507
morocco,1997,49.585
morocco,1998,50.663
morocco,1999,51.741
morocco,2000,52.807
morocco,2001,52.926
morocco,2002,53.030
morocco,2003,51.959
morocco,2004,50.891
morocco,2005,49.825
morocco,2006,48.762
morocco,2007,47.702
morocco,2008,46.646
morocco,2009,45.595
morocco,2010,44.548
morocco,2011,44.548
morocco,2012,44.548
morocco,2013,44.548
morocco,2014,44.548
morocco,2015,44.548
morocco,2016,44.548
morocco,2017,44.548
morocco,2018,44.548
morocco,2019,44.548
morocco,2020,44.548
morocco,2021,44.548
morocco,2022,44.548
mozambique,1990,0.64209
mozambique,1991,0.65831
mozambique,1992,0.67452
mozambique,1993,0.69074
mozambique,1994,0.70695
mozambique,1995,0.72317
mozambique,1996,0.73938
mozambique,1997,0.75559
mozambique,1998,0.77181
mozambique,1999,0.78802
mozambique,2000,0.80424
mozambique,2001,0.82045
mozambique,2002,0.85324
mozambique,2003,0.88602
mozambique,2004,0.91880
mozambique,2005,0.95159
mozambique,2006,0.98437
mozambique,2007,1.0172
mozambique,2008,1.0499
mozambique,2009,1.0827
mozambique,2010,1.1155
mozambique,2011,1.1483
mozambique,2012,1.1811
mozambique,2013,1.2139
mozambique,2014,1.2466
mozambique,2015,1.2794
mozambique,2016,1.2794
mozambique,2017,1.2794
mozambique,2018,1.2794
mozambique,2019,1.2794
mozambique,2020,1.2794
mozambique,2021,1.2794
mozambique,2022,1.2794
myanmar,1987,4.8638
myanmar,1988,4.8869
myanmar,1989,4.9099
myanmar,1990,4.9329
myanmar,1991,4.9560
myanmar,1992,4.9790
myanmar,1993,5.0020
myanmar,1994,5.0251
myanmar,1995,5.0481
myanmar,1996,5.0711
myanmar,1997,5.0935
myanmar,1998,5.1164
myanmar,1999,5.1394
myanmar,2000,5.1632
myanmar,2001,5.1581
myanmar,2002,5.1529
myanmar,2003,5.1478
myanmar,2004,5.1427
myanmar,2005,5.1376
myanmar,2006,5.1376
myanmar,2007,5.1376
myanmar,2008,5.1376
myanmar,2009,5.1376
myanmar,2010,5.1376
myanmar,2011,5.1376
myanmar,2012,5.1376
myanmar,2013,5.1376
myanmar,2014,5.1376
myanmar,2015,5.1376
myanmar,2016,5.1376
myanmar,2017,5.1376
myanmar,2018,5.1376
myanmar,2019,5.1376
myanmar,2020,5.1376
myanmar,2021,5.1376
myanmar,2022,5.1376
namibia,1985,0.35147
namibia,1986,0.37933
namibia,1987,0.40720
namibia,1988,0.43507
namibia,1989,0.46294
namibia,1990,0.49080
namibia,1991,0.51893
namibia,1992,0.53536
namibia,1993,0.55178
namibia,1994,0.56820
namibia,1995,0.58463
namibia,1996,0.57560
namibia,1997,0.59622
namibia,1998,0.61689
namibia,1999,0.63761
namibia,2000,0.65033
namibia,2001,0.62714
namibia,2002,0.60401
namibia,2003,0.58587
namibia,2004,0.56765
namibia,2005,0.54935
namibia,2006,0.53097
namibia,2007,0.51300
namibia,2008,0.49455
namibia,2009,0.47602
namibia,2010,0.45740
namibia,2011,0.43869
namibia,2012,0.41989
namibia,2013,0.40101
namibia,2014,0.38081
namibia,2015,0.36164
namibia,2016,0.34239
namibia,2017,0.32305
namibia,2018,0.30361
namibia,2019,0.28586
namibia,2020,0.50543
namibia,2021,0.49026
namibia,2022,0.22494
nepal,2000,8.1568
nepal,2001,8.1568
nepal,2002,8.1568
nepal,2003,8.1568
nepal,2004,8.1568
nepal,2005,8.1568
nepal,2006,8.1568
nepal,2007,8.1568
nepal,2008,8.1568
nepal,2009,8.1568
nepal,2010,8.1568
nepal,2011,8.1568
nepal,2012,8.1568
nepal,2013,8.1568
nepal,2014,8.1568
nepal,2015,8.1568
nepal,2016,8.1568
nepal,2017,8.1568
nepal,2018,8.1568
nepal,2019,8.1568
nepal,2020,8.1568
nepal,2021,8.1568
nepal,2022,8.1568
netherlands_kingdom_of_the,1991,0.34934
netherlands_kingdom_of_the,1992,0.38493
netherlands_kingdom_of_the,1993,0.42038
netherlands_kingdom_of_the,1994,0.45568
netherlands_kingdom_of_the,1995,0.49081
netherlands_kingdom_of_the,1996,0.43668
netherlands_kingdom_of_the,1997,0.36940
netherlands_kingdom_of_the,1998,0.30222
netherlands_kingdom_of_the,1999,0.23512
netherlands_kingdom_of_the,2000,0.16845
netherlands_kingdom_of_the,2001,0.10139
netherlands_kingdom_of_the,2002,0.099932
netherlands_kingdom_of_the,2003,0.31225
netherlands_kingdom_of_the,2004,0.16604
netherlands_kingdom_of_the,2005,0.14202
netherlands_kingdom_of_the,2006,0.23018
netherlands_kingdom_of_the,2007,0.13642
netherlands_kingdom_of_the,2008,0.13615
netherlands_kingdom_of_the,2009,0.18615
netherlands_kingdom_of_the,2010,0.23182
netherlands_kingdom_of_the,2011,0.21266
netherlands_kingdom_of_the,2012,0.11422
netherlands_kingdom_of_the,2013,0.21906
netherlands_kingdom_of_the,2014,0.16707
netherlands_kingdom_of_the,2015,0.20107
netherlands_kingdom_of_the,2016,0.14524
netherlands_kingdom_of_the,2017,0.22726
netherlands_kingdom_of_the,2018,0.61117
netherlands_kingdom_of_the,2019,0.51264
netherlands_kingdom_of_the,2020,0.62148
netherlands_kingdom_of_the,2021,0.16959
netherlands_kingdom_of_the,2022,0.53629
new_zealand,1985,0.68134
new_zealand,1986,0.71310
new_zealand,1987,0.74486
new_zealand,1988,0.77662
new_zealand,1989,0.80838
new_zealand,1990,0.84014
new_zealand,1991,0.87191
new_zealand,1992,0.90367
new_zealand,1993,0.93543
new_zealand,1994,0.96719
new_zealand,1995,0.99895
new_zealand,1996,1.0307
new_zealand,1997,1.0625
new_zealand,1998,1.0942
new_zealand,1999,1.1260
new_zealand,2000,1.8230
new_zealand,2001,1.8858
new_zealand,2002,1.9585
new_zealand,2003,2.0378
new_zealand,2004,2.1216
new_zealand,2005,2.2087
new_zealand,2006,2.2983
new_zealand,2007,2.3771
new_zealand,2008,2.4560
new_zealand,2009,2.5348
new_zealand,2010,2.6137
new_zealand,2011,3.2386
new_zealand,2012,3.8783
new_zealand,2013,4.5335
new_zealand,2014,5.2047
new_zealand,2015,5.2690
new_zealand,2016,5.3348
new_zealand,2017,5.3196
new_zealand,2018,5.2902
new_zealand,2019,5.2786
new_zealand,2020,5.2131
new_zealand,2021,5.2200
new_zealand,2022,5.2269
nicaragua,1998,1.8786
nicaragua,1999,1.9385
nicaragua,2000,1.9968
nicaragua,2001,2.0568
nicaragua,2002,2.0577
nicaragua,2003,2.0585
nicaragua,2004,2.0594
nicaragua,2005,2.0603
nicaragua,2006,2.0612
nicaragua,2007,2.0621
nicaragua,2008,2.0630
nicaragua,2009,2.0638
nicaragua,2010,2.0646
nicaragua,2011,2.0654
nicaragua,2012,2.0434
nicaragua,2013,2.0213
nicaragua,2014,1.9992
nicaragua,2015,1.9771
nicaragua,2016,1.9550
nicaragua,2017,1.9329
nicaragua,2018,1.9109
nicaragua,2019,1.8888
nicaragua,2020,1.8888
nicaragua,2021,1.8888
nicaragua,2022,1.8888
niger,1988,1.7491
niger,1989,1.8035
niger,1990,1.8582
niger,1991,1.9131
niger,1992,1.9683
niger,1993,2.0237
niger,1994,2.0793
niger,1995,2.1351
niger,1996,2.1910
niger,1997,2.2470
niger,1998,2.3031
niger,1999,2.3593
niger,2000,2.4156
niger,2001,2.4927
niger,2002,2.5698
niger,2003,2.6468
niger,2004,2.7238
niger,2005,2.8008
niger,2006,3.1796
niger,2007,3.5660
niger,2008,3.9594
niger,2009,4.3591
niger,2010,4.7643
niger,2011,5.1745
niger,2012,5.5894
niger,2013,5.6083
niger,2014,5.6485
niger,2015,6.5017
niger,2016,6.5529
niger,2017,5.8294
niger,2018,9.4258
niger,2019,10.032
niger,2020,10.032
niger,2021,10.032
niger,2022,10.032
nigeria,1987,3.0388
nigeria,1988,3.1335
nigeria,1989,3.2282
nigeria,1990,3.3217
nigeria,1991,3.4166
nigeria,1992,3.5114
nigeria,1993,3.6062
nigeria,1994,3.7011
nigeria,1995,3.7965
nigeria,1996,3.8912
nigeria,1997,3.9859
nigeria,1998,4.0804
nigeria,1999,4.1754
nigeria,2000,4.2701
nigeria,2001,4.2702
nigeria,2002,4.2703
nigeria,2003,4.2704
nigeria,2004,4.2702
nigeria,2005,4.2702
nigeria,2006,4.2702
nigeria,2007,4.2702
nigeria,2008,4.2703
nigeria,2009,4.2703
nigeria,2010,4.2703
nigeria,2011,4.2703
nigeria,2012,4.2703
nigeria,2013,4.2703
nigeria,2014,4.2703
nigeria,2015,4.2703
nigeria,2016,4.2703
nigeria,2017,4.2703
nigeria,2018,4.2703
nigeria,2019,4.2703
nigeria,2020,4.2703
nigeria,2021,4.2703
nigeria,2022,4.2703
north_macedonia,1996,25.799
north_macedonia,1997,21.666
north_macedonia,1998,17.534
north_macedonia,1999,13.402
north_macedonia,2000,9.2691
north_macedonia,2001,7.7196
north_macedonia,2002,6.8103
north_macedonia,2003,8.2819
north_macedonia,2004,6.0426
north_macedonia,2005,6.1748
north_macedonia,2006,4.4484
north_macedonia,2007,3.0373
north_macedonia,2008,7.8013
north_macedonia,2009,12.056
north_macedonia,2010,10.671
north_macedonia,2011,8.2737
north_macedonia,2012,12.144
north_macedonia,2013,3.7754
north_macedonia,2014,6.4625
north_macedonia,2015,6.5197
north_macedonia,2016,3.3640
north_macedonia,2017,12.268
north_macedonia,2018,3.2586
north_macedonia,2019,3.3640
north_macedonia,2020,3.3640
north_macedonia,2021,3.3640
north_macedonia,2022,3.3640
northern_africa,2000,70.808
northern_africa,2001,72.203
northern_africa,2002,73.506
northern_africa,2003,74.518
northern_africa,2004,75.530
northern_africa,2005,76.542
northern_africa,2006,77.556
northern_africa,2007,78.570
northern_africa,2008,79.586
northern_africa,2009,80.657
northern_africa,2010,81.729
northern_africa,2011,80.082
northern_africa,2012,97.361
northern_africa,2013,98.368
northern_africa,2014,89.220
northern_africa,2015,89.558
northern_africa,2016,89.366
northern_africa,2017,98.704
northern_africa,2018,99.166
northern_africa,2019,99.405
northern_africa,2020,99.670
northern_africa,2021,99.426
northern_africa,2022,99.629
northern_africa_and_western_asia,2000,57.738
northern_africa_and_western_asia,2001,57.705
northern_africa_and_western_asia,2002,57.592
northern_africa_and_western_asia,2003,57.004
northern_africa_and_western_asia,2004,58.065
northern_africa_and_western_asia,2005,58.702
northern_africa_and_western_asia,2006,59.194
northern_africa_and_western_asia,2007,59.399
northern_africa_and_western_asia,2008,58.974
northern_africa_and_western_asia,2009,59.920
northern_africa_and_western_asia,2010,60.106
northern_africa_and_western_asia,2011,59.662
northern_africa_and_western_asia,2012,63.676
northern_africa_and_western_asia,2013,63.746
northern_africa_and_western_asia,2014,60.643
northern_africa_and_western_asia,2015,60.495
northern_africa_and_western_asia,2016,62.544
northern_africa_and_western_asia,2017,65.713
northern_africa_and_western_asia,2018,64.594
northern_africa_and_western_asia,2019,68.752
northern_africa_and_western_asia,2020,65.601
northern_africa_and_western_asia,2021,66.282
northern_africa_and_western_asia,2022,65.989
northern_america,2000,7.2178
northern_america,2001,7.1826
northern_america,2002,7.1475
northern_america,2003,7.1123
northern_america,2004,7.0770
northern_america,2005,7.0415
northern_america,2006,6.9291
northern_america,2007,6.8170
northern_america,2008,6.7086
northern_america,2009,6.6005
northern_america,2010,6.5468
northern_america,2011,6.7105
northern_america,2012,6.9144
northern_america,2013,7.1258
northern_america,2014,7.3195
northern_america,2015,7.5206
northern_america,2016,7.5418
northern_america,2017,7.5629
northern_america,2018,7.5645
northern_america,2019,7.5660
northern_america,2020,7.5674
northern_america,2021,7.5629
northern_america,2022,7.5636
norway,1996,0.55511
norway,1997,0.56508
norway,1998,0.57505
norway,1999,0.58502
norway,2000,0.58537
norway,2001,0.66750
norway,2002,0.61442
norway,2003,0.56697
norway,2004,0.67617
norway,2005,0.55671
norway,2006,0.64249
norway,2007,0.64249
norway,2008,0.64249
norway,2009,0.64249
norway,2010,0.64249
norway,2011,0.64249
norway,2012,0.64249
norway,2013,0.64249
norway,2014,0.64249
norway,2015,0.64249
norway,2016,0.64249
norway,2017,0.64249
norway,2018,0.64249
norway,2019,0.64249
norway,2020,0.64249
norway,2021,0.64249
norway,2022,0.64249
oceania,2000,2.5044
oceania,2001,2.5011
oceania,2002,2.4164
oceania,2003,2.3321
oceania,2004,2.2483
oceania,2005,2.1650
oceania,2006,2.0019
oceania,2007,1.8380
oceania,2008,1.6742
oceania,2009,1.5104
oceania,2010,1.4942
oceania,2011,1.6216
oceania,2012,2.0535
oceania,2013,2.6304
oceania,2014,2.6046
oceania,2015,1.5759
oceania,2016,1.9548
oceania,2017,2.1840
oceania,2018,2.2405
oceania,2019,1.9671
oceania,2020,1.6683
oceania,2021,1.9988
oceania,2022,2.0704
oceania_excluding_australia_and_new_zealand,2000,0.016616
oceania_excluding_australia_and_new_zealand,2001,0.016616
oceania_excluding_australia_and_new_zealand,2002,0.016616
oceania_excluding_australia_and_new_zealand,2003,0.016616
oceania_excluding_australia_and_new_zealand,2004,0.016616
oceania_excluding_australia_and_new_zealand,2005,0.016616
oceania_excluding_australia_and_new_zealand,2006,0.016616
oceania_excluding_australia_and_new_zealand,2007,0.016616
oceania_excluding_australia_and_new_zealand,2008,0.016616
oceania_excluding_australia_and_new_zealand,2009,0.016616
oceania_excluding_australia_and_new_zealand,2010,0.016616
oceania_excluding_australia_and_new_zealand,2011,0.016616
oceania_excluding_australia_and_new_zealand,2012,0.016616
oceania_excluding_australia_and_new_zealand,2013,0.016616
oceania_excluding_australia_and_new_zealand,2014,0.016616
oceania_excluding_australia_and_new_zealand,2015,0.016616
oceania_excluding_australia_and_new_zealand,2016,0.016616
oceania_excluding_australia_and_new_zealand,2017,0.016616
oceania_excluding_australia_and_new_zealand,2018,0.016616
oceania_excluding_australia_and_new_zealand,2019,0.016616
oceania_excluding_australia_and_new_zealand,2020,0.016616
oceania_excluding_australia_and_new_zealand,2021,0.016616
oceania_excluding_australia_and_new_zealand,2022,0.016616
oman,1991,80.257
oman,1992,80.809
oman,1993,81.362
oman,1994,81.916
oman,1995,80.230
oman,1996,80.794
oman,1997,81.359
oman,1998,81.924
oman,1999,82.490
oman,2000,83.981
oman,2001,81.513
oman,2002,79.972
oman,2003,74.903
oman,2004,77.424
oman,2005,79.948
oman,2006,82.473
oman,2007,85.001
oman,2008,87.530
oman,2009,90.060
oman,2010,92.591
oman,2011,95.124
oman,2012,97.658
oman,2013,100.19
oman,2014,98.832
oman,2015,96.451
oman,2016,96.451
oman,2017,96.451
oman,2018,96.400
oman,2019,94.286
oman,2020,94.286
oman,2021,94.286
oman,2022,94.286
pakistan,1975,92.203
pakistan,1976,92.214
pakistan,1977,92.226
pakistan,1978,92.237
pakistan,1979,92.249
pakistan,1980,92.260
pakistan,1981,92.272
pakistan,1982,92.283
pakistan,1983,92.295
pakistan,1984,92.306
pakistan,1985,92.318
pakistan,1986,92.329
pakistan,1987,92.341
pakistan,1988,92.352
pakistan,1989,92.364
pakistan,1990,92.375
pakistan,1991,92.387
pakistan,1992,93.212
pakistan,1993,94.036
pakistan,1994,94.861
pakistan,1995,95.686
pakistan,1996,96.511
pakistan,1997,97.336
pakistan,1998,98.160
pakistan,1999,98.985
pakistan,2000,99.810
pakistan,2001,100.55
pakistan,2002,101.30
pakistan,2003,102.04
pakistan,2004,102.79
pakistan,2005,103.53
pakistan,2006,104.27
pakistan,2007,105.02
pakistan,2008,105.79
pakistan,2009,105.55
pakistan,2010,106.82
pakistan,2011,103.47
pakistan,2012,108.31
pakistan,2013,105.79
pakistan,2014,112.34
pakistan,2015,113.52
pakistan,2016,115.17
pakistan,2017,115.28
pakistan,2018,111.12
pakistan,2019,102.11
pakistan,2020,109.30
pakistan,2021,106.17
pakistan,2022,103.37
palestine,2000,24.045
palestine,2001,23.090
palestine,2002,23.728
palestine,2003,24.278
palestine,2004,25.414
palestine,2005,26.313
palestine,2006,25.441
palestine,2007,24.352
palestine,2008,23.262
palestine,2009,22.172
palestine,2010,17.464
palestine,2011,17.213
palestine,2012,18.870
palestine,2013,19.502
palestine,2014,17.703
palestine,2015,18.780
palestine,2016,18.096
palestine,2017,17.736
palestine,2018,19.261
palestine,2019,21.442
palestine,2020,24.190
palestine,2021,16.557
palestine,2022,17.043
panama,2010,0.33175
panama,2011,0.33844
panama,2012,0.34514
panama,2013,0.35183
panama,2014,0.34633
panama,2015,0.33256
panama,2016,0.33182
panama,2017,0.33182
panama,2018,0.33182
panama,2019,0.33182
panama,2020,0.33182
panama,2021,0.33182
panama,2022,0.33182
papua_new_guinea,2000,0.00033727
papua_new_guinea,2001,0.00033727
papua_new_guinea,2002,0.00033727
papua_new_guinea,2003,0.00033727
papua_new_guinea,2004,0.00033727
papua_new_guinea,2005,0.00033727
papua_new_guinea,2006,0.00033727
papua_new_guinea,2007,0.00033727
papua_new_guinea,2008,0.00033727
papua_new_guinea,2009,0.00033727
papua_new_guinea,2010,0.00033727
papua_new_guinea,2011,0.00033727
papua_new_guinea,2012,0.00033727
papua_new_guinea,2013,0.00033727
papua_new_guinea,2014,0.00033727
papua_new_guinea,2015,0.00033727
papua_new_guinea,2016,0.00033727
papua_new_guinea,2017,0.00033727
papua_new_guinea,2018,0.00033727
papua_new_guinea,2019,0.00033727
papua_new_guinea,2020,0.00033727
papua_new_guinea,2021,0.00033727
papua_new_guinea,2022,0.00033727
paraguay,1987,0.25512
paraguay,1988,0.25597
paraguay,1989,0.25682
paraguay,1990,0.25768
paraguay,1991,0.25853
paraguay,1992,0.25939
paraguay,1993,0.26024
paraguay,1994,0.26109
paraguay,1995,0.26195
paraguay,1996,0.26280
paraguay,1997,0.26366
paraguay,1998,0.26451
paraguay,1999,0.26537
paraguay,2000,0.26622
paraguay,2001,0.36428
paraguay,2002,0.46234
paraguay,2003,0.56039
paraguay,2004,0.65845
paraguay,2005,0.75651
paraguay,2006,0.85457
paraguay,2007,0.95263
paraguay,2008,1.0507
paraguay,2009,1.1487
paraguay,2010,1.2468
paraguay,2011,1.3264
paraguay,2012,1.4429
paraguay,2013,1.4429
paraguay,2014,1.4429
paraguay,2015,1.4429
paraguay,2016,1.4429
paraguay,2017,1.4429
paraguay,2018,1.4429
paraguay,2019,1.4429
paraguay,2020,1.4429
paraguay,2021,1.4429
paraguay,2022,1.4429
peru,2008,2.2421
peru,2009,2.6142
peru,2010,2.9864
peru,2011,3.3585
peru,2012,3.7306
peru,2013,4.1027
peru,2014,4.4748
peru,2015,4.8469
peru,2016,5.2191
peru,2017,5.5912
peru,2018,5.9633
peru,2019,6.1103
peru,2020,6.1103
peru,2021,3.7066
peru,2022,3.9329
philippines,2006,20.050
philippines,2007,20.541
philippines,2008,20.547
philippines,2009,20.504
philippines,2010,20.752
philippines,2011,20.758
philippines,2012,20.761
philippines,2013,20.764
philippines,2014,20.965
philippines,2015,20.769
philippines,2016,20.635
philippines,2017,20.777
philippines,2018,20.779
philippines,2019,20.730
philippines,2020,20.743
philippines,2021,20.742
philippines,2022,20.770
poland,1970,5.8203
poland,1971,5.8070
poland,1972,5.7937
poland,1973,5.7804
poland,1974,5.7670
poland,1975,5.7537
poland,1976,5.5189
poland,1977,5.2841
poland,1978,5.0493
poland,1979,4.8145
poland,1980,4.5797
poland,1981,4.7758
poland,1982,4.9719
poland,1983,5.1679
poland,1984,5.3640
poland,1985,5.5600
poland,1986,5.6851
poland,1987,5.8151
poland,1988,5.9506
poland,1989,6.0919
poland,1990,6.2397
poland,1991,5.4763
poland,1992,4.7386
poland,1993,4.5186
poland,1994,4.2984
poland,1995,4.0780
poland,1996,3.9122
poland,1997,3.7467
poland,1998,3.7054
poland,1999,3.6639
poland,2000,3.6222
poland,2001,3.5161
poland,2002,3.8316
poland,2003,3.5038
poland,2004,3.7499
poland,2005,3.9124
poland,2006,3.9586
poland,2007,3.8795
poland,2008,4.0423
poland,2009,4.0072
poland,2010,3.9910
poland,2011,4.2434
poland,2012,3.8105
poland,2013,3.9173
poland,2014,3.6354
poland,2015,3.4157
poland,2016,3.5439
poland,2017,3.5234
poland,2018,4.6004
poland,2019,4.3180
poland,2020,4.3940
poland,2021,4.4480
poland,2022,4.2294
portugal,1991,10.245
portugal,1992,13.527
portugal,1993,16.808
portugal,1994,20.090
portugal,1995,20.090
portugal,1996,19.264
portugal,1997,18.438
portugal,1998,17.612
portugal,1999,17.047
portugal,2000,16.477
portugal,2001,15.912
portugal,2002,15.346
portugal,2003,14.781
portugal,2004,14.215
portugal,2005,13.650
portugal,2006,13.084
portugal,2007,12.519
portugal,2008,12.657
portugal,2009,12.381
portugal,2010,12.051
portugal,2011,11.709
portugal,2012,11.427
portugal,2013,11.084
portugal,2014,10.725
portugal,2015,10.348
portugal,2016,9.9248
portugal,2017,6.8685
portugal,2018,7.0189
portugal,2019,6.8465
portugal,2020,6.8264
portugal,2021,6.8264
portugal,2022,6.8264
puerto_rico,1990,0.87246
puerto_rico,1991,0.85332
puerto_rico,1992,0.83339
puerto_rico,1993,0.81266
puerto_rico,1994,0.79110
puerto_rico,1995,0.76870
puerto_rico,1996,0.74544
puerto_rico,1997,0.72130
puerto_rico,1998,0.69625
puerto_rico,1999,0.67027
puerto_rico,2000,0.64334
puerto_rico,2001,0.59832
puerto_rico,2002,0.55097
puerto_rico,2003,0.50138
puerto_rico,2004,0.44963
puerto_rico,2005,0.39583
puerto_rico,2006,0.38676
puerto_rico,2007,0.37769
puerto_rico,2008,0.36862
puerto_rico,2009,0.35955
puerto_rico,2010,0.35048
puerto_rico,2011,0.41047
puerto_rico,2012,0.47292
puerto_rico,2013,0.53785
puerto_rico,2014,0.60577
puerto_rico,2015,0.67714
puerto_rico,2016,0.67714
puerto_rico,2017,0.67714
puerto_rico,2018,0.67714
puerto_rico,2019,0.67714
puerto_rico,2020,0.67714
puerto_rico,2021,0.67714
puerto_rico,2022,0.67714
qatar,1994,204.81
qatar,1995,204.32
qatar,1996,203.83
qatar,1997,203.34
qatar,1998,202.86
qatar,1999,202.39
qatar,2000,201.92
qatar,2001,204.73
qatar,2002,209.95
qatar,2003,214.62
qatar,2004,219.61
qatar,2005,220.78
qatar,2006,205.04
qatar,2007,191.57
qatar,2008,178.94
qatar,2009,170.21
qatar,2010,167.10
qatar,2011,163.97
qatar,2012,163.93
qatar,2013,157.07
qatar,2014,152.74
qatar,2015,122.00
qatar,2016,138.22
qatar,2017,116.22
qatar,2018,178.31
qatar,2019,154.40
qatar,2020,153.50
qatar,2021,156.26
qatar,2022,143.57
republic_of_korea,1990,41.156
republic_of_korea,1991,41.683
republic_of_korea,1992,42.213
republic_of_korea,1993,42.745
republic_of_korea,1994,43.279
republic_of_korea,1995,43.732
republic_of_korea,1996,44.182
republic_of_korea,1997,44.629
republic_of_korea,1998,46.745
republic_of_korea,1999,48.365
republic_of_korea,2000,50.003
republic_of_korea,2001,48.404
republic_of_korea,2002,47.002
republic_of_korea,2003,47.760
republic_of_korea,2004,48.740
republic_of_korea,2005,46.580
republic_of_korea,2006,49.684
republic_of_korea,2007,49.608
republic_of_korea,2008,49.533
republic_of_korea,2009,49.458
republic_of_korea,2010,49.383
republic_of_korea,2011,49.308
republic_of_korea,2012,49.233
republic_of_korea,2013,49.159
republic_of_korea,2014,49.085
republic_of_korea,2015,50.447
republic_of_korea,2016,50.223
republic_of_korea,2017,50.223
republic_of_korea,2018,50.223
republic_of_korea,2019,50.223
republic_of_korea,2020,50.223
republic_of_korea,2021,50.223
republic_of_korea,2022,50.223
republic_of_moldova,1992,11.509
republic_of_moldova,1993,9.9309
republic_of_moldova,1994,8.3531
republic_of_moldova,1995,6.7753
republic_of_moldova,1996,5.9993
republic_of_moldova,1997,4.7736
republic_of_moldova,1998,4.3497
republic_of_moldova,1999,3.9258
republic_of_moldova,2000,3.5019
republic_of_moldova,2001,2.0119
republic_of_moldova,2002,1.7911
republic_of_moldova,2003,1.5674
republic_of_moldova,2004,1.3092
republic_of_moldova,2005,1.0501
republic_of_moldova,2006,0.76709
republic_of_moldova,2007,0.45086
republic_of_moldova,2008,0.47898
republic_of_moldova,2009,0.50702
republic_of_moldova,2010,0.52556
republic_of_moldova,2011,0.53797
republic_of_moldova,2012,0.55569
republic_of_moldova,2013,0.55120
republic_of_moldova,2014,0.62296
republic_of_moldova,2015,0.65340
republic_of_moldova,2016,0.63779
republic_of_moldova,2017,0.62370
republic_of_moldova,2018,0.63855
republic_of_moldova,2019,0.65262
republic_of_moldova,2020,0.86371
republic_of_moldova,2021,0.86588
republic_of_moldova,2022,0.86588
romania,1970,3.1832
romania,1971,3.6233
romania,1972,4.0633
romania,1973,4.5033
romania,1974,4.9434
romania,1975,5.3834
romania,1976,5.5781
romania,1977,5.7729
romania,1978,5.9676
romania,1979,6.1623
romania,1980,6.3571
romania,1981,6.6754
romania,1982,6.9937
romania,1983,7.3120
romania,1984,7.6304
romania,1985,7.9487
romania,1986,8.0629
romania,1987,8.1771
romania,1988,8.2914
romania,1989,8.4056
romania,1990,8.5198
romania,1991,8.4730
romania,1992,8.4262
romania,1993,8.3794
romania,1994,6.9890
romania,1995,5.5987
romania,1996,4.1944
romania,1997,2.7900
romania,1998,3.1177
romania,1999,3.1458
romania,2000,0.88007
romania,2001,0.95309
romania,2002,1.1160
romania,2003,1.2012
romania,2004,0.65911
romania,2005,0.46344
romania,2006,0.48685
romania,2007,1.0289
romania,2008,1.0111
romania,2009,1.0963
romania,2010,0.69271
romania,2011,0.90144
romania,2012,1.0233
romania,2013,1.0626
romania,2014,1.0252
romania,2015,1.2087
romania,2016,1.1637
romania,2017,1.3959
romania,2018,1.3360
romania,2019,1.5092
romania,2020,2.1346
romania,2021,2.3219
romania,2022,2.7666
russian_federation,1994,0.97301
russian_federation,1995,0.95541
russian_federation,1996,0.93782
russian_federation,1997,0.92022
russian_federation,1998,0.90263
russian_federation,1999,0.88503
russian_federation,2000,0.96968
russian_federation,2001,0.83946
russian_federation,2002,0.83396
russian_federation,2003,0.82847
russian_federation,2004,0.82297
russian_federation,2005,0.87877
russian_federation,2006,0.81198
russian_federation,2007,0.80649
russian_federation,2008,0.80099
russian_federation,2009,0.79550
russian_federation,2010,0.88384
russian_federation,2011,0.78451
russian_federation,2012,0.81156
russian_federation,2013,0.77352
russian_federation,2014,1.1880
russian_federation,2015,1.1126
russian_federation,2016,1.1568
russian_federation,2017,1.1867
russian_federation,2018,1.1854
russian_federation,2019,1.1854
russian_federation,2020,1.1854
russian_federation,2021,1.1854
russian_federation,2022,1.1854
rwanda,2000,3.3775
rwanda,2001,3.8271
rwanda,2002,4.2768
rwanda,2003,4.7264
rwanda,2004,5.1760
rwanda,2005,5.6257
rwanda,2006,6.0753
rwanda,2007,6.5249
rwanda,2008,6.9746
rwanda,2009,7.4242
rwanda,2010,7.8738
rwanda,2011,8.3235
rwanda,2012,8.7731
rwanda,2013,9.2227
rwanda,2014,9.6724
rwanda,2015,10.122
rwanda,2016,10.572
rwanda,2017,11.021
rwanda,2018,11.471
rwanda,2019,11.921
rwanda,2020,12.126
rwanda,2021,11.954
rwanda,2022,12.133
saint_kitts_and_nevis,2012,0.65171
saint_kitts_and_nevis,2013,0.65171
saint_kitts_and_nevis,2014,0.65171
saint_kitts_and_nevis,2015,0.65171
saint_kitts_and_nevis,2016,0.65171
saint_kitts_and_nevis,2017,0.65171
saint_kitts_and_nevis,2018,0.65171
saint_kitts_and_nevis,2019,0.65171
saint_kitts_and_nevis,2020,0.65171
saint_kitts_and_nevis,2021,0.65171
saint_kitts_and_nevis,2022,0.65171
saint_lucia,2007,10.133
saint_lucia,2008,10.133
saint_lucia,2009,10.133
saint_lucia,2010,10.133
saint_lucia,2011,10.133
saint_lucia,2012,10.133
saint_lucia,2013,10.133
saint_lucia,2014,10.133
saint_lucia,2015,10.133
saint_lucia,2016,10.133
saint_lucia,2017,10.133
saint_lucia,2018,10.133
saint_lucia,2019,10.133
saint_lucia,2020,10.133
saint_lucia,2021,10.133
saint_lucia,2022,10.133
saint_vincent_and_the_grenadines,1995,7.9043
saint_vincent_and_the_grenadines,1996,7.4902
saint_vincent_and_the_grenadines,1997,7.0736
saint_vincent_and_the_grenadines,1998,6.6543
saint_vincent_and_the_grenadines,1999,6.2323
saint_vincent_and_the_grenadines,2000,5.8076
saint_vincent_and_the_grenadines,2001,5.3801
saint_vincent_and_the_grenadines,2002,4.8304
saint_vincent_and_the_grenadines,2003,4.3913
saint_vincent_and_the_grenadines,2004,3.9522
saint_vincent_and_the_grenadines,2005,3.6403
saint_vincent_and_the_grenadines,2006,3.1468
saint_vincent_and_the_grenadines,2007,2.6637
saint_vincent_and_the_grenadines,2008,2.1912
saint_vincent_and_the_grenadines,2009,1.7297
saint_vincent_and_the_grenadines,2010,1.2795
saint_vincent_and_the_grenadines,2011,0.84093
saint_vincent_and_the_grenadines,2012,0.41431
saint_vincent_and_the_grenadines,2013,0.0000
saint_vincent_and_the_grenadines,2014,0.0000
saint_vincent_and_the_grenadines,2015,0.0000
saint_vincent_and_the_grenadines,2016,0.0000
saint_vincent_and_the_grenadines,2017,0.0000
saint_vincent_and_the_grenadines,2018,0.0000
saint_vincent_and_the_grenadines,2019,0.0000
saint_vincent_and_the_grenadines,2020,0.0000
saint_vincent_and_the_grenadines,2021,0.0000
saint_vincent_and_the_grenadines,2022,0.0000
sao_tome_and_principe,2016,1.1743
sao_tome_and_principe,2017,1.1743
sao_tome_and_principe,2018,1.1743
sao_tome_and_principe,2019,1.1743
sao_tome_and_principe,2020,1.1743
sao_tome_and_principe,2021,1.1743
sao_tome_and_principe,2022,1.1743
saudi_arabia,1992,604.18
saudi_arabia,1993,618.74
saudi_arabia,1994,632.78
saudi_arabia,1995,648.01
saudi_arabia,1996,662.09
saudi_arabia,1997,677.03
saudi_arabia,1998,691.41
saudi_arabia,1999,705.07
saudi_arabia,2000,719.17
saudi_arabia,2001,731.68
saudi_arabia,2002,746.17
saudi_arabia,2003,756.47
saudi_arabia,2004,768.15
saudi_arabia,2005,788.67
saudi_arabia,2006,830.15
saudi_arabia,2007,817.99
saudi_arabia,2008,805.69
saudi_arabia,2009,793.24
saudi_arabia,2010,780.61
saudi_arabia,2011,767.82
saudi_arabia,2012,754.83
saudi_arabia,2013,748.78
saudi_arabia,2014,749.35
saudi_arabia,2015,795.95
saudi_arabia,2016,768.63
saudi_arabia,2017,786.06
saudi_arabia,2018,794.56
saudi_arabia,2019,794.56
saudi_arabia,2020,794.56
saudi_arabia,2021,794.56
saudi_arabia,2022,794.56
senegal,1987,6.6507
senegal,1988,6.7239
senegal,1989,6.7971
senegal,1990,6.8703
senegal,1991,6.9435
senegal,1992,7.0166
senegal,1993,7.0898
senegal,1994,7.1630
senegal,1995,7.2362
senegal,1996,7.3094
senegal,1997,7.3826
senegal,1998,7.4557
senegal,1999,7.5289
senegal,2000,7.6021
senegal,2001,9.2900
senegal,2002,10.978
senegal,2003,11.026
senegal,2004,11.075
senegal,2005,11.123
senegal,2006,11.172
senegal,2007,11.220
senegal,2008,11.273
senegal,2009,11.322
senegal,2010,11.371
senegal,2011,11.420
senegal,2012,11.469
senegal,2013,11.519
senegal,2014,11.568
senegal,2015,11.617
senegal,2016,11.666
senegal,2017,11.706
senegal,2018,14.657
senegal,2019,14.863
senegal,2020,14.863
senegal,2021,14.863
senegal,2022,14.863
serbia,2006,0.077870
serbia,2007,0.14448
serbia,2008,0.96293
serbia,2009,0.69921
serbia,2010,0.73096
serbia,2011,0.75806
serbia,2012,0.80096
serbia,2013,0.80847
serbia,2014,0.71087
serbia,2015,0.81435
serbia,2016,0.71508
serbia,2017,0.74468
serbia,2018,0.80277
serbia,2019,0.79908
serbia,2020,0.48895
serbia,2021,0.46472
serbia,2022,0.47560
sierra_leone,1987,0.76869
sierra_leone,1988,0.63631
sierra_leone,1989,0.50393
sierra_leone,1990,0.37154
sierra_leone,1991,0.23916
sierra_leone,1992,0.10678
sierra_leone,1993,0.10678
sierra_leone,1994,0.10678
sierra_leone,1995,0.10678
sierra_leone,1996,0.10678
sierra_leone,1997,0.10678
sierra_leone,1998,0.10678
sierra_leone,1999,0.10678
sierra_leone,2000,0.10678
sierra_leone,2001,0.10678
sierra_leone,2002,0.10678
sierra_leone,2003,0.10678
sierra_leone,2004,0.10678
sierra_leone,2005,0.10678
sierra_leone,2006,0.10678
sierra_leone,2007,0.10678
sierra_leone,2008,0.10678
sierra_leone,2009,0.10678
sierra_leone,2010,0.10678
sierra_leone,2011,0.10678
sierra_leone,2012,0.10678
sierra_leone,2013,0.10678
sierra_leone,2014,0.10678
sierra_leone,2015,0.10678
sierra_leone,2016,0.10678
sierra_leone,2017,0.10678
sierra_leone,2018,0.10678
sierra_leone,2019,0.10678
sierra_leone,2020,0.10678
sierra_leone,2021,0.10678
sierra_leone,2022,0.10678
singapore,1975,1.2667
singapore,1976,1.3458
singapore,1977,1.4248
singapore,1978,1.5039
singapore,1979,1.5830
singapore,1980,1.6621
singapore,1981,1.7412
singapore,1982,1.8202
singapore,1983,1.8993
singapore,1984,1.9784
singapore,1985,2.0575
singapore,1986,2.1366
singapore,1987,2.2157
singapore,1988,2.2948
singapore,1989,2.3738
singapore,1990,2.4383
singapore,1991,2.5177
singapore,1992,2.5971
singapore,1993,2.6765
singapore,1994,2.7558
singapore,1995,2.8351
singapore,1996,2.9144
singapore,1997,2.9937
singapore,1998,3.0729
singapore,1999,3.1522
singapore,2000,3.2314
singapore,2001,3.3107
singapore,2002,3.3472
singapore,2003,3.4266
singapore,2004,3.5059
singapore,2005,3.5518
singapore,2006,3.5846
singapore,2007,3.6080
singapore,2008,3.6273
singapore,2009,3.6092
singapore,2010,3.5664
singapore,2011,3.4900
singapore,2012,3.4664
singapore,2013,3.4087
singapore,2014,3.4122
singapore,2015,3.3833
singapore,2016,3.3987
singapore,2017,3.3287
singapore,2018,3.2553
singapore,2019,3.2867
singapore,2020,3.3247
singapore,2021,1.5048
singapore,2022,0.0000
slovakia,1993,0.26613
slovakia,1994,0.22888
slovakia,1995,0.19162
slovakia,1996,0.16267
slovakia,1997,0.28830
slovakia,1998,0.32315
slovakia,1999,0.35800
slovakia,2000,0.39286
slovakia,2001,0.30056
slovakia,2002,0.24096
slovakia,2003,0.36814
slovakia,2004,0.13471
slovakia,2005,0.10156
slovakia,2006,0.11974
slovakia,2007,0.096802
slovakia,2008,0.078362
slovakia,2009,0.11198
slovakia,2010,0.079230
slovakia,2011,0.10496
slovakia,2012,0.13210
slovakia,2013,0.14032
slovakia,2014,0.098537
slovakia,2015,0.13620
slovakia,2016,0.092897
slovakia,2017,0.13597
slovakia,2018,0.11015
slovakia,2019,0.12565
slovakia,2020,0.12694
slovakia,2021,0.13094
slovakia,2022,0.14136
slovenia,2002,0.044625
slovenia,2003,0.043214
slovenia,2004,0.031073
slovenia,2005,0.015551
slovenia,2006,0.042478
slovenia,2007,0.031119
slovenia,2008,0.017243
slovenia,2009,0.016905
slovenia,2010,0.010661
slovenia,2011,0.019571
slovenia,2012,0.015549
slovenia,2013,0.024341
slovenia,2014,0.010818
slovenia,2015,0.023665
slovenia,2016,0.022312
slovenia,2017,0.026369
slovenia,2018,0.020284
slovenia,2019,0.020284
slovenia,2020,0.020284
slovenia,2021,0.020284
slovenia,2022,0.022989
small_island_developing_states,2000,1.6210
small_island_developing_states,2001,1.6246
small_island_developing_states,2002,1.6259
small_island_developing_states,2003,1.6292
small_island_developing_states,2004,1.7698
small_island_developing_states,2005,1.7638
small_island_developing_states,2006,1.7844
small_island_developing_states,2007,1.7617
small_island_developing_states,2008,1.9183
small_island_developing_states,2009,1.9725
small_island_developing_states,2010,1.9910
small_island_developing_states,2011,2.0542
small_island_developing_states,2012,2.1260
small_island_developing_states,2013,2.1973
small_island_developing_states,2014,2.2219
small_island_developing_states,2015,2.2165
small_island_developing_states,2016,2.2268
small_island_developing_states,2017,2.2394
small_island_developing_states,2018,2.2485
small_island_developing_states,2019,2.2643
small_island_developing_states,2020,2.2777
small_island_developing_states,2021,2.2872
small_island_developing_states,2022,2.2832
somalia,1987,5.8456
somalia,1988,7.2723
somalia,1989,8.6991
somalia,1990,10.126
somalia,1991,11.553
somalia,1992,12.979
somalia,1993,14.406
somalia,1994,15.833
somalia,1995,17.259
somalia,1996,18.686
somalia,1997,20.113
somalia,1998,21.540
somalia,1999,22.966
somalia,2000,24.393
somalia,2001,24.396
somalia,2002,24.399
somalia,2003,24.401
somalia,2004,24.401
somalia,2005,24.401
somalia,2006,24.401
somalia,2007,24.401
somalia,2008,24.401
somalia,2009,24.401
somalia,2010,24.401
somalia,2011,24.401
somalia,2012,24.401
somalia,2013,24.401
somalia,2014,24.401
somalia,2015,24.401
somalia,2016,24.401
somalia,2017,24.401
somalia,2018,24.401
somalia,2019,24.401
somalia,2020,24.401
somalia,2021,24.401
somalia,2022,24.401
south_africa,1990,30.634
south_africa,1991,30.076
south_africa,1992,29.518
south_africa,1993,28.960
south_africa,1994,28.402
south_africa,1995,27.845
south_africa,1996,27.287
south_africa,1997,26.729
south_africa,1998,26.171
south_africa,1999,25.614
south_africa,2000,24.976
south_africa,2001,25.441
south_africa,2002,25.906
south_africa,2003,26.372
south_africa,2004,26.837
south_africa,2005,27.303
south_africa,2006,27.768
south_africa,2007,28.234
south_africa,2008,28.699
south_africa,2009,29.165
south_africa,2010,29.631
south_africa,2011,30.096
south_africa,2012,30.562
south_africa,2013,28.598
south_africa,2014,32.473
south_africa,2015,36.311
south_africa,2016,36.260
south_africa,2017,36.471
south_africa,2018,36.371
south_africa,2019,38.967
south_africa,2020,40.632
south_africa,2021,41.020
south_africa,2022,40.152
south_sudan,2012,1.5414
south_sudan,2013,1.5414
south_sudan,2014,1.5414
south_sudan,2015,1.5414
south_sudan,2016,1.5414
south_sudan,2017,1.5414
south_sudan,2018,1.5414
south_sudan,2019,1.5414
south_sudan,2020,1.5414
south_sudan,2021,1.5414
south_sudan,2022,1.5414
south_eastern_asia,2000,11.524
south_eastern_asia,2001,11.871
south_eastern_asia,2002,12.219
south_eastern_asia,2003,12.562
south_eastern_asia,2004,12.461
south_eastern_asia,2005,12.042
south_eastern_asia,2006,13.203
south_eastern_asia,2007,14.819
south_eastern_asia,2008,15.134
south_eastern_asia,2009,15.440
south_eastern_asia,2010,15.787
south_eastern_asia,2011,16.102
south_eastern_asia,2012,16.417
south_eastern_asia,2013,16.733
south_eastern_asia,2014,17.077
south_eastern_asia,2015,17.337
south_eastern_asia,2016,17.595
south_eastern_asia,2017,17.607
south_eastern_asia,2018,17.607
south_eastern_asia,2019,17.602
south_eastern_asia,2020,17.604
south_eastern_asia,2021,17.603
south_eastern_asia,2022,17.606
southern_asia,2000,65.328
southern_asia,2001,66.466
southern_asia,2002,67.604
southern_asia,2003,68.741
southern_asia,2004,66.645
southern_asia,2005,66.926
southern_asia,2006,67.222
southern_asia,2007,67.519
southern_asia,2008,69.856
southern_asia,2009,70.031
southern_asia,2010,70.390
southern_asia,2011,69.984
southern_asia,2012,70.573
southern_asia,2013,70.266
southern_asia,2014,71.062
southern_asia,2015,71.205
southern_asia,2016,71.406
southern_asia,2017,71.420
southern_asia,2018,70.913
southern_asia,2019,69.818
southern_asia,2020,70.692
southern_asia,2021,70.312
southern_asia,2022,69.972
spain,1986,38.759
spain,1987,37.453
spain,1988,36.146
spain,1989,34.839
spain,1990,33.531
spain,1991,32.223
spain,1992,32.157
spain,1993,32.090
spain,1994,32.024
spain,1995,31.957
spain,1996,31.891
spain,1997,31.824
spain,1998,31.851
spain,1999,31.880
spain,2000,31.913
spain,2001,31.468
spain,2002,31.037
spain,2003,31.523
spain,2004,31.635
spain,2005,32.857
spain,2006,31.666
spain,2007,31.072
spain,2008,30.603
spain,2009,32.613
spain,2010,31.655
spain,2011,32.341
spain,2012,34.463
spain,2013,28.975
spain,2014,29.946
spain,2015,28.248
spain,2016,27.764
spain,2017,27.006
spain,2018,26.168
spain,2019,26.008
spain,2020,28.260
spain,2021,28.260
spain,2022,28.260
sri_lanka,1990,65.771
sri_lanka,1991,67.609
sri_lanka,1992,69.447
sri_lanka,1993,71.285
sri_lanka,1994,73.123
sri_lanka,1995,74.961
sri_lanka,1996,76.799
sri_lanka,1997,78.637
sri_lanka,1998,80.475
sri_lanka,1999,82.313
sri_lanka,2000,84.151
sri_lanka,2001,83.184
sri_lanka,2002,82.216
sri_lanka,2003,81.248
sri_lanka,2004,80.281
sri_lanka,2005,79.313
sri_lanka,2006,79.313
sri_lanka,2007,79.313
sri_lanka,2008,79.313
sri_lanka,2009,79.313
sri_lanka,2010,79.313
sri_lanka,2011,79.313
sri_lanka,2012,79.313
sri_lanka,2013,79.313
sri_lanka,2014,79.313
sri_lanka,2015,79.313
sri_lanka,2016,79.313
sri_lanka,2017,79.313
sri_lanka,2018,79.313
sri_lanka,2019,79.313
sri_lanka,2020,79.313
sri_lanka,2021,79.313
sri_lanka,2022,79.313
sub_saharan_africa,2000,3.3303
sub_saharan_africa,2001,3.4304
sub_saharan_africa,2002,3.7476
sub_saharan_africa,2003,3.8080
sub_saharan_africa,2004,3.8536
sub_saharan_africa,2005,3.8997
sub_saharan_africa,2006,3.9273
sub_saharan_africa,2007,3.9574
sub_saharan_africa,2008,3.9961
sub_saharan_africa,2009,4.0223
sub_saharan_africa,2010,4.0552
sub_saharan_africa,2011,4.0844
sub_saharan_africa,2012,4.1603
sub_saharan_africa,2013,4.1349
sub_saharan_africa,2014,4.2296
sub_saharan_africa,2015,4.3334
sub_saharan_africa,2016,4.4351
sub_saharan_africa,2017,4.4332
sub_saharan_africa,2018,4.5287
sub_saharan_africa,2019,4.6314
sub_saharan_africa,2020,4.7115
sub_saharan_africa,2021,4.7196
sub_saharan_africa,2022,4.6960
sudan,2012,114.14
sudan,2013,114.14
sudan,2014,114.14
sudan,2015,114.14
sudan,2016,114.14
sudan,2017,114.14
sudan,2018,114.14
sudan,2019,114.14
sudan,2020,114.14
sudan,2021,114.14
sudan,2022,114.14
suriname,1987,2.6299
suriname,1988,2.7335
suriname,1989,2.8371
suriname,1990,2.9407
suriname,1991,3.0444
suriname,1992,3.1480
suriname,1993,3.2516
suriname,1994,3.3552
suriname,1995,3.4588
suriname,1996,3.5624
suriname,1997,3.6661
suriname,1998,3.7697
suriname,1999,3.8733
suriname,2000,3.9769
suriname,2001,3.7750
suriname,2002,3.5730
suriname,2003,3.3711
suriname,2004,3.1691
suriname,2005,2.9672
suriname,2006,2.7652
suriname,2007,2.7652
suriname,2008,2.7652
suriname,2009,2.7652
suriname,2010,2.7652
suriname,2011,2.7652
suriname,2012,2.7652
suriname,2013,2.7652
suriname,2014,2.7652
suriname,2015,2.7652
suriname,2016,2.7652
suriname,2017,2.7652
suriname,2018,2.7652
suriname,2019,2.7652
suriname,2020,2.7652
suriname,2021,2.7652
suriname,2022,2.7652
sweden,1970,0.19048
sweden,1971,0.19192
sweden,1972,0.19336
sweden,1973,0.19481
sweden,1974,0.19625
sweden,1975,0.19769
sweden,1976,0.19856
sweden,1977,0.19942
sweden,1978,0.20029
sweden,1979,0.20115
sweden,1980,0.20202
sweden,1981,0.19084
sweden,1982,0.17966
sweden,1983,0.16848
sweden,1984,0.15731
sweden,1985,0.14613
sweden,1986,0.16696
sweden,1987,0.18778
sweden,1988,0.20861
sweden,1989,0.22944
sweden,1990,0.23080
sweden,1991,0.24094
sweden,1992,0.25108
sweden,1993,0.23732
sweden,1994,0.22368
sweden,1995,0.21019
sweden,1996,0.21326
sweden,1997,0.21645
sweden,1998,0.21645
sweden,1999,0.21645
sweden,2000,0.21645
sweden,2001,0.19491
sweden,2002,0.19481
sweden,2003,0.19415
sweden,2004,0.19349
sweden,2005,0.15446
sweden,2006,0.15443
sweden,2007,0.15440
sweden,2008,0.15007
sweden,2009,0.14574
sweden,2010,0.14141
sweden,2011,0.13478
sweden,2012,0.12814
sweden,2013,0.12150
sweden,2014,0.11486
sweden,2015,0.10823
sweden,2016,0.12018
sweden,2017,0.13293
sweden,2018,0.14656
sweden,2019,0.16113
sweden,2020,0.14713
sweden,2021,0.17672
sweden,2022,0.17672
switzerland,2000,0.19067
switzerland,2001,0.22567
switzerland,2002,0.26068
switzerland,2003,0.29567
switzerland,2004,0.33066
switzerland,2005,0.36564
switzerland,2006,0.40063
switzerland,2007,0.43561
switzerland,2008,0.47059
switzerland,2009,0.50558
switzerland,2010,0.54056
switzerland,2011,0.57553
switzerland,2012,0.60914
switzerland,2013,0.61067
switzerland,2014,0.61067
switzerland,2015,0.60009
switzerland,2016,0.59976
switzerland,2017,0.60011
switzerland,2018,0.58857
switzerland,2019,0.60115
switzerland,2020,0.59735
switzerland,2021,0.60605
switzerland,2022,0.60045
syrian_arab_republic,1993,101.79
syrian_arab_republic,1994,107.31
syrian_arab_republic,1995,107.22
syrian_arab_republic,1996,110.78
syrian_arab_republic,1997,114.35
syrian_arab_republic,1998,118.09
syrian_arab_republic,1999,115.77
syrian_arab_republic,2000,117.46
syrian_arab_republic,2001,121.83
syrian_arab_republic,2002,128.33
syrian_arab_republic,2003,113.06
syrian_arab_republic,2004,110.21
syrian_arab_republic,2005,110.25
syrian_arab_republic,2006,110.25
syrian_arab_republic,2007,110.25
syrian_arab_republic,2008,110.25
syrian_arab_republic,2009,109.90
syrian_arab_republic,2010,109.55
syrian_arab_republic,2011,109.20
syrian_arab_republic,2012,108.85
syrian_arab_republic,2013,108.85
syrian_arab_republic,2014,108.85
syrian_arab_republic,2015,108.85
syrian_arab_republic,2016,108.85
syrian_arab_republic,2017,108.85
syrian_arab_republic,2018,108.85
syrian_arab_republic,2019,108.85
syrian_arab_republic,2020,108.85
syrian_arab_republic,2021,108.85
syrian_arab_republic,2022,108.85
tajikistan,1994,70.155
tajikistan,1995,71.032
tajikistan,1996,71.916
tajikistan,1997,72.809
tajikistan,1998,73.712
tajikistan,1999,74.627
tajikistan,2000,55.122
tajikistan,2001,74.060
tajikistan,2002,72.603
tajikistan,2003,71.180
tajikistan,2004,69.786
tajikistan,2005,68.420
tajikistan,2006,67.077
tajikistan,2007,66.589
tajikistan,2008,66.102
tajikistan,2009,65.616
tajikistan,2010,65.132
tajikistan,2011,64.650
tajikistan,2012,64.169
tajikistan,2013,63.690
tajikistan,2014,63.214
tajikistan,2015,60.466
tajikistan,2016,46.800
tajikistan,2017,34.213
tajikistan,2018,48.674
tajikistan,2019,48.674
tajikistan,2020,52.125
tajikistan,2021,52.125
tajikistan,2022,52.125
thailand,2007,20.799
thailand,2008,20.799
thailand,2009,20.799
thailand,2010,20.799
thailand,2011,20.799
thailand,2012,20.799
thailand,2013,20.799
thailand,2014,20.799
thailand,2015,20.799
thailand,2016,20.799
thailand,2017,20.799
thailand,2018,20.799
thailand,2019,20.799
thailand,2020,20.799
thailand,2021,20.799
thailand,2022,20.799
timor_leste,2004,25.832
timor_leste,2005,25.832
timor_leste,2006,25.832
timor_leste,2007,25.832
timor_leste,2008,25.832
timor_leste,2009,25.832
timor_leste,2010,25.832
timor_leste,2011,25.832
timor_leste,2012,25.832
timor_leste,2013,25.832
timor_leste,2014,25.832
timor_leste,2015,25.832
timor_leste,2016,25.832
timor_leste,2017,25.832
timor_leste,2018,25.832
timor_leste,2019,25.832
timor_leste,2020,25.832
timor_leste,2021,25.832
timor_leste,2022,25.832
togo,1987,0.34981
togo,1988,0.41650
togo,1989,0.48318
togo,1990,0.54987
togo,1991,0.61655
togo,1992,0.68324
togo,1993,0.74993
togo,1994,0.81661
togo,1995,0.88330
togo,1996,0.94999
togo,1997,1.0167
togo,1998,1.0834
togo,1999,1.1500
togo,2000,1.2167
togo,2001,1.1863
togo,2002,1.1559
togo,2003,1.1559
togo,2004,1.1559
togo,2005,1.1559
togo,2006,1.1559
togo,2007,1.1559
togo,2008,1.1559
togo,2009,1.1559
togo,2010,1.1559
togo,2011,1.1559
togo,2012,1.1559
togo,2013,1.1559
togo,2014,1.1559
togo,2015,1.1559
togo,2016,1.1559
togo,2017,1.1559
togo,2018,1.1559
togo,2019,1.1559
togo,2020,1.1559
togo,2021,1.1559
togo,2022,1.1559
trinidad_and_tobago,1997,0.94317
trinidad_and_tobago,1998,0.97138
trinidad_and_tobago,1999,0.99960
trinidad_and_tobago,2000,1.0278
trinidad_and_tobago,2001,1.0036
trinidad_and_tobago,2002,0.97944
trinidad_and_tobago,2003,0.95526
trinidad_and_tobago,2004,0.93108
trinidad_and_tobago,2005,0.81226
trinidad_and_tobago,2006,0.82450
trinidad_and_tobago,2007,0.83679
trinidad_and_tobago,2008,0.84905
trinidad_and_tobago,2009,0.86131
trinidad_and_tobago,2010,0.87357
trinidad_and_tobago,2011,0.88584
trinidad_and_tobago,2012,0.88584
trinidad_and_tobago,2013,0.88584
trinidad_and_tobago,2014,0.88584
trinidad_and_tobago,2015,0.88584
trinidad_and_tobago,2016,0.88584
trinidad_and_tobago,2017,0.88584
trinidad_and_tobago,2018,0.88584
trinidad_and_tobago,2019,0.88584
trinidad_and_tobago,2020,0.88584
trinidad_and_tobago,2021,0.88584
trinidad_and_tobago,2022,0.88584
tunisia,1990,69.088
tunisia,1991,67.657
tunisia,1992,66.226
tunisia,1993,64.796
tunisia,1994,63.365
tunisia,1995,61.934
tunisia,1996,60.487
tunisia,1997,59.040
tunisia,1998,57.594
tunisia,1999,56.148
tunisia,2000,54.140
tunisia,2001,58.492
tunisia,2002,58.640
tunisia,2003,58.791
tunisia,2004,58.946
tunisia,2005,59.104
tunisia,2006,59.264
tunisia,2007,59.428
tunisia,2008,59.594
tunisia,2009,61.517
tunisia,2010,63.435
tunisia,2011,65.348
tunisia,2012,67.245
tunisia,2013,69.142
tunisia,2014,71.037
tunisia,2015,72.931
tunisia,2016,74.824
tunisia,2017,66.628
tunisia,2018,73.224
tunisia,2019,73.558
tunisia,2020,74.117
tunisia,2021,74.117
tunisia,2022,74.117
turkiye,1992,17.009
turkiye,1993,17.808
turkiye,1994,18.606
turkiye,1995,19.405
turkiye,1996,20.203
turkiye,1997,21.002
turkiye,1998,21.800
turkiye,1999,22.599
turkiye,2000,24.960
turkiye,2001,24.737
turkiye,2002,23.319
turkiye,2003,21.986
turkiye,2004,24.419
turkiye,2005,24.897
turkiye,2006,25.375
turkiye,2007,25.981
turkiye,2008,25.224
turkiye,2009,28.766
turkiye,2010,29.909
turkiye,2011,31.185
turkiye,2012,32.289
turkiye,2013,32.679
turkiye,2014,32.884
turkiye,2015,34.591
turkiye,2016,38.774
turkiye,2017,38.010
turkiye,2018,39.533
turkiye,2019,40.410
turkiye,2020,40.086
turkiye,2021,43.378
turkiye,2022,41.626
turkmenistan,1994,119.59
turkmenistan,1995,120.23
turkmenistan,1996,120.88
turkmenistan,1997,121.52
turkmenistan,1998,122.17
turkmenistan,1999,122.81
turkmenistan,2000,123.46
turkmenistan,2001,126.38
turkmenistan,2002,129.30
turkmenistan,2003,132.22
turkmenistan,2004,135.37
turkmenistan,2005,135.37
turkmenistan,2006,135.37
turkmenistan,2007,135.50
turkmenistan,2008,135.62
turkmenistan,2009,135.74
turkmenistan,2010,135.86
turkmenistan,2011,135.99
turkmenistan,2012,136.11
turkmenistan,2013,136.23
turkmenistan,2014,136.36
turkmenistan,2015,136.48
turkmenistan,2016,136.60
turkmenistan,2017,140.19
turkmenistan,2018,130.59
turkmenistan,2019,84.255
turkmenistan,2020,83.049
turkmenistan,2021,125.41
turkmenistan,2022,125.41
uganda,1970,1.0979
uganda,1971,1.0979
uganda,1972,1.0979
uganda,1973,1.0979
uganda,1974,1.0979
uganda,1975,1.0979
uganda,1976,1.0979
uganda,1977,1.0979
uganda,1978,1.0979
uganda,1979,1.0979
uganda,1980,1.0979
uganda,1981,1.0979
uganda,1982,1.0979
uganda,1983,1.0979
uganda,1984,1.0979
uganda,1985,1.0979
uganda,1986,1.0979
uganda,1987,1.0979
uganda,1988,1.0979
uganda,1989,1.0979
uganda,1990,1.0979
uganda,1991,1.0979
uganda,1992,1.0979
uganda,1993,1.0979
uganda,1994,1.0979
uganda,1995,1.0979
uganda,1996,1.0979
uganda,1997,1.0979
uganda,1998,1.0979
uganda,1999,1.0979
uganda,2000,1.0979
uganda,2001,1.0979
uganda,2002,1.0979
uganda,2003,1.3099
uganda,2004,1.5218
uganda,2005,1.7338
uganda,2006,1.9457
uganda,2007,2.1577
uganda,2008,2.3696
uganda,2009,2.3696
uganda,2010,2.3696
uganda,2011,2.3696
uganda,2012,2.3696
uganda,2013,2.3696
uganda,2014,2.3696
uganda,2015,2.3696
uganda,2016,2.3696
uganda,2017,2.3696
uganda,2018,2.3696
uganda,2019,2.3696
uganda,2020,2.3696
uganda,2021,2.3696
uganda,2022,2.3696
ukraine,1992,10.190
ukraine,1993,9.8050
ukraine,1994,9.4195
ukraine,1995,9.0341
ukraine,1996,8.6486
ukraine,1997,8.2632
ukraine,1998,7.8777
ukraine,1999,7.4922
ukraine,2000,7.1068
ukraine,2001,6.8580
ukraine,2002,6.6092
ukraine,2003,6.3605
ukraine,2004,6.1117
ukraine,2005,5.8629
ukraine,2006,5.8445
ukraine,2007,5.8261
ukraine,2008,5.8077
ukraine,2009,5.7893
ukraine,2010,5.7709
ukraine,2011,5.5481
ukraine,2012,5.3201
ukraine,2013,5.0879
ukraine,2014,4.8503
ukraine,2015,3.6647
ukraine,2016,3.8787
ukraine,2017,5.7638
ukraine,2018,5.7638
ukraine,2019,5.4330
ukraine,2020,3.6782
ukraine,2021,3.1489
ukraine,2022,1.3309
united_arab_emirates,1980,480.00
united_arab_emirates,1981,510.58
united_arab_emirates,1982,541.16
united_arab_emirates,1983,571.73
united_arab_emirates,1984,602.31
united_arab_emirates,1985,632.89
united_arab_emirates,1986,663.47
united_arab_emirates,1987,694.04
united_arab_emirates,1988,724.62
united_arab_emirates,1989,755.20
united_arab_emirates,1990,710.67
united_arab_emirates,1991,721.55
united_arab_emirates,1992,732.67
united_arab_emirates,1993,744.01
united_arab_emirates,1994,755.54
united_arab_emirates,1995,767.23
united_arab_emirates,1996,875.68
united_arab_emirates,1997,985.14
united_arab_emirates,1998,1095.4
united_arab_emirates,1999,1206.4
united_arab_emirates,2000,1221.0
united_arab_emirates,2001,1223.6
united_arab_emirates,2002,1223.0
united_arab_emirates,2003,1219.5
united_arab_emirates,2004,1383.0
united_arab_emirates,2005,1546.4
united_arab_emirates,2006,1460.2
united_arab_emirates,2007,1378.6
united_arab_emirates,2008,1301.2
united_arab_emirates,2009,1227.7
united_arab_emirates,2010,1158.0
united_arab_emirates,2011,1091.7
united_arab_emirates,2012,1028.6
united_arab_emirates,2013,968.65
united_arab_emirates,2014,911.56
united_arab_emirates,2015,857.21
united_arab_emirates,2016,805.43
united_arab_emirates,2017,772.42
united_arab_emirates,2018,796.20
united_arab_emirates,2019,769.61
united_arab_emirates,2020,738.04
united_arab_emirates,2021,700.23
united_arab_emirates,2022,772.78
united_kingdom_of_great_britain_and_northern_ireland,1989,0.73983
united_kingdom_of_great_britain_and_northern_ireland,1990,1.1363
united_kingdom_of_great_britain_and_northern_ireland,1991,1.4951
united_kingdom_of_great_britain_and_northern_ireland,1992,1.8540
united_kingdom_of_great_britain_and_northern_ireland,1993,2.2128
united_kingdom_of_great_britain_and_northern_ireland,1994,2.5717
united_kingdom_of_great_britain_and_northern_ireland,1995,2.9305
united_kingdom_of_great_britain_and_northern_ireland,1996,3.0084
united_kingdom_of_great_britain_and_northern_ireland,1997,3.0862
united_kingdom_of_great_britain_and_northern_ireland,1998,3.1641
united_kingdom_of_great_britain_and_northern_ireland,1999,3.2420
united_kingdom_of_great_britain_and_northern_ireland,2000,2.5528
united_kingdom_of_great_britain_and_northern_ireland,2001,2.5875
united_kingdom_of_great_britain_and_northern_ireland,2002,2.0236
united_kingdom_of_great_britain_and_northern_ireland,2003,2.2048
united_kingdom_of_great_britain_and_northern_ireland,2004,3.0008
united_kingdom_of_great_britain_and_northern_ireland,2005,3.0706
united_kingdom_of_great_britain_and_northern_ireland,2006,2.4489
united_kingdom_of_great_britain_and_northern_ireland,2007,2.2677
united_kingdom_of_great_britain_and_northern_ireland,2008,1.9422
united_kingdom_of_great_britain_and_northern_ireland,2009,1.8471
united_kingdom_of_great_britain_and_northern_ireland,2010,2.0825
united_kingdom_of_great_britain_and_northern_ireland,2011,1.6888
united_kingdom_of_great_britain_and_northern_ireland,2012,1.7457
united_kingdom_of_great_britain_and_northern_ireland,2013,1.8020
united_kingdom_of_great_britain_and_northern_ireland,2014,1.8136
united_kingdom_of_great_britain_and_northern_ireland,2015,2.1468
united_kingdom_of_great_britain_and_northern_ireland,2016,2.0168
united_kingdom_of_great_britain_and_northern_ireland,2017,2.0168
united_kingdom_of_great_britain_and_northern_ireland,2018,2.0168
united_kingdom_of_great_britain_and_northern_ireland,2019,2.0168
united_kingdom_of_great_britain_and_northern_ireland,2020,2.0168
united_kingdom_of_great_britain_and_northern_ireland,2021,2.0168
united_kingdom_of_great_britain_and_northern_ireland,2022,2.0168
united_republic_of_tanzania,1994,2.6007
united_republic_of_tanzania,1995,3.7234
united_republic_of_tanzania,1996,4.8462
united_republic_of_tanzania,1997,5.9690
united_republic_of_tanzania,1998,7.0918
united_republic_of_tanzania,1999,8.2146
united_republic_of_tanzania,2000,9.3373
united_republic_of_tanzania,2001,10.460
united_republic_of_tanzania,2002,11.583
united_republic_of_tanzania,2003,11.583
united_republic_of_tanzania,2004,11.583
united_republic_of_tanzania,2005,11.583
united_republic_of_tanzania,2006,11.583
united_republic_of_tanzania,2007,11.583
united_republic_of_tanzania,2008,11.583
united_republic_of_tanzania,2009,11.583
united_republic_of_tanzania,2010,11.583
united_republic_of_tanzania,2011,11.583
united_republic_of_tanzania,2012,11.583
united_republic_of_tanzania,2013,11.583
united_republic_of_tanzania,2014,11.583
united_republic_of_tanzania,2015,11.583
united_republic_of_tanzania,2016,11.583
united_republic_of_tanzania,2017,11.583
united_republic_of_tanzania,2018,11.583
united_republic_of_tanzania,2019,11.583
united_republic_of_tanzania,2020,11.583
united_republic_of_tanzania,2021,11.583
united_republic_of_tanzania,2022,11.583
united_states_of_america,1980,7.8663
united_states_of_america,1981,8.1634
united_states_of_america,1982,8.4469
united_states_of_america,1983,8.7171
united_states_of_america,1984,8.9743
united_states_of_america,1985,9.2188
united_states_of_america,1986,9.4509
united_states_of_america,1987,9.6709
united_states_of_america,1988,9.8790
united_states_of_america,1989,10.076
united_states_of_america,1990,10.261
united_states_of_america,1991,10.289
united_states_of_america,1992,10.317
united_states_of_america,1993,10.346
united_states_of_america,1994,10.374
united_states_of_america,1995,10.402
united_states_of_america,1996,10.431
united_states_of_america,1997,10.459
united_states_of_america,1998,10.487
united_states_of_america,1999,10.516
united_states_of_america,2000,10.544
united_states_of_america,2001,10.505
united_states_of_america,2002,10.466
united_states_of_america,2003,10.427
united_states_of_america,2004,10.388
united_states_of_america,2005,10.348
united_states_of_america,2006,10.191
united_states_of_america,2007,10.035
united_states_of_america,2008,9.8795
united_states_of_america,2009,9.7245
united_states_of_america,2010,9.5701
united_states_of_america,2011,9.8666
united_states_of_america,2012,10.174
united_states_of_america,2013,10.492
united_states_of_america,2014,10.823
united_states_of_america,2015,11.166
united_states_of_america,2016,11.166
united_states_of_america,2017,11.166
united_states_of_america,2018,11.166
united_states_of_america,2019,11.166
united_states_of_america,2020,11.166
united_states_of_america,2021,11.166
united_states_of_america,2022,11.166
uruguay,1965,1.5816
uruguay,1966,1.7785
uruguay,1967,1.9755
uruguay,1968,2.1725
uruguay,1969,2.3695
uruguay,1970,2.5665
uruguay,1971,2.7634
uruguay,1972,2.9604
uruguay,1973,3.1574
uruguay,1974,3.3544
uruguay,1975,3.5514
uruguay,1976,3.7484
uruguay,1977,3.9453
uruguay,1978,4.1423
uruguay,1979,4.3393
uruguay,1980,4.5363
uruguay,1981,4.7333
uruguay,1982,4.9303
uruguay,1983,5.1272
uruguay,1984,5.3242
uruguay,1985,5.5212
uruguay,1986,5.7182
uruguay,1987,5.9152
uruguay,1988,6.1121
uruguay,1989,6.3091
uruguay,1990,6.5061
uruguay,1991,6.7031
uruguay,1992,6.9001
uruguay,1993,7.0971
uruguay,1994,7.2940
uruguay,1995,7.4910
uruguay,1996,7.6880
uruguay,1997,7.8850
uruguay,1998,8.0820
uruguay,1999,8.2790
uruguay,2000,8.4759
uruguay,2001,8.5037
uruguay,2002,8.5315
uruguay,2003,8.5593
uruguay,2004,8.5871
uruguay,2005,8.6148
uruguay,2006,8.6426
uruguay,2007,8.6704
uruguay,2008,8.6982
uruguay,2009,8.7260
uruguay,2010,8.7537
uruguay,2011,8.7815
uruguay,2012,8.8093
uruguay,2013,8.8371
uruguay,2014,8.8649
uruguay,2015,8.8927
uruguay,2016,8.9204
uruguay,2017,8.9482
uruguay,2018,8.9760
uruguay,2019,9.0038
uruguay,2020,9.0316
uruguay,2021,9.2198
uruguay,2022,9.3030
uzbekistan,1994,144.39
uzbekistan,1995,143.49
uzbekistan,1996,142.59
uzbekistan,1997,141.70
uzbekistan,1998,140.83
uzbekistan,1999,139.96
uzbekistan,2000,139.10
uzbekistan,2001,139.36
uzbekistan,2002,136.24
uzbekistan,2003,133.12
uzbekistan,2004,130.00
uzbekistan,2005,126.88
uzbekistan,2006,127.48
uzbekistan,2007,128.09
uzbekistan,2008,128.70
uzbekistan,2009,129.32
uzbekistan,2010,129.94
uzbekistan,2011,130.57
uzbekistan,2012,131.20
uzbekistan,2013,131.84
uzbekistan,2014,132.49
uzbekistan,2015,145.61
uzbekistan,2016,143.40
uzbekistan,2017,155.90
uzbekistan,2018,148.00
uzbekistan,2019,140.09
uzbekistan,2020,131.93
uzbekistan,2021,110.73
uzbekistan,2022,113.35
venezuela_bolivarian_republic_of,1970,0.62867
venezuela_bolivarian_republic_of,1971,0.65180
venezuela_bolivarian_republic_of,1972,0.67493
venezuela_bolivarian_republic_of,1973,0.69806
venezuela_bolivarian_republic_of,1974,0.72119
venezuela_bolivarian_republic_of,1975,0.74432
venezuela_bolivarian_republic_of,1976,0.76760
venezuela_bolivarian_republic_of,1977,0.79058
venezuela_bolivarian_republic_of,1978,0.81371
venezuela_bolivarian_republic_of,1979,0.83684
venezuela_bolivarian_republic_of,1980,0.85997
venezuela_bolivarian_republic_of,1981,0.88310
venezuela_bolivarian_republic_of,1982,0.90653
venezuela_bolivarian_republic_of,1983,0.92969
venezuela_bolivarian_republic_of,1984,0.95284
venezuela_bolivarian_republic_of,1985,0.97562
venezuela_bolivarian_republic_of,1986,0.99875
venezuela_bolivarian_republic_of,1987,1.0219
venezuela_bolivarian_republic_of,1988,1.0450
venezuela_bolivarian_republic_of,1989,1.0686
venezuela_bolivarian_republic_of,1990,1.0913
venezuela_bolivarian_republic_of,1991,1.1144
venezuela_bolivarian_republic_of,1992,1.1373
venezuela_bolivarian_republic_of,1993,1.1607
venezuela_bolivarian_republic_of,1994,1.1838
venezuela_bolivarian_republic_of,1995,1.2069
venezuela_bolivarian_republic_of,1996,1.2301
venezuela_bolivarian_republic_of,1997,1.2532
venezuela_bolivarian_republic_of,1998,1.2763
venezuela_bolivarian_republic_of,1999,1.2994
venezuela_bolivarian_republic_of,2000,1.3226
venezuela_bolivarian_republic_of,2001,1.9291
venezuela_bolivarian_republic_of,2002,2.5357
venezuela_bolivarian_republic_of,2003,2.9860
venezuela_bolivarian_republic_of,2004,3.5624
venezuela_bolivarian_republic_of,2005,4.1389
venezuela_bolivarian_republic_of,2006,4.7153
venezuela_bolivarian_republic_of,2007,5.5687
venezuela_bolivarian_republic_of,2008,5.5687
venezuela_bolivarian_republic_of,2009,5.5687
venezuela_bolivarian_republic_of,2010,5.5687
venezuela_bolivarian_republic_of,2011,5.5687
venezuela_bolivarian_republic_of,2012,5.5687
venezuela_bolivarian_republic_of,2013,5.5687
venezuela_bolivarian_republic_of,2014,5.5687
venezuela_bolivarian_republic_of,2015,5.5687
venezuela_bolivarian_republic_of,2016,5.5687
venezuela_bolivarian_republic_of,2017,5.5687
venezuela_bolivarian_republic_of,2018,5.5687
venezuela_bolivarian_republic_of,2019,5.5687
venezuela_bolivarian_republic_of,2020,5.5687
venezuela_bolivarian_republic_of,2021,5.5687
venezuela_bolivarian_republic_of,2022,5.5687
viet_nam,1980,7.7605
viet_nam,1981,8.0089
viet_nam,1982,8.2574
viet_nam,1983,8.5059
viet_nam,1984,8.7544
viet_nam,1985,9.0029
viet_nam,1986,9.2842
viet_nam,1987,9.5655
viet_nam,1988,9.8467
viet_nam,1989,10.128
viet_nam,1990,10.409
viet_nam,1991,10.863
viet_nam,1992,11.317
viet_nam,1993,11.771
viet_nam,1994,12.225
viet_nam,1995,12.679
viet_nam,1996,13.133
viet_nam,1997,13.587
viet_nam,1998,14.041
viet_nam,1999,14.495
viet_nam,2000,14.950
viet_nam,2001,15.404
viet_nam,2002,15.858
viet_nam,2003,16.275
viet_nam,2004,16.729
viet_nam,2005,17.184
viet_nam,2006,17.184
viet_nam,2007,17.184
viet_nam,2008,17.184
viet_nam,2009,17.184
viet_nam,2010,17.184
viet_nam,2011,17.184
viet_nam,2012,17.184
viet_nam,2013,17.184
viet_nam,2014,17.184
viet_nam,2015,17.184
viet_nam,2016,17.184
viet_nam,2017,17.184
viet_nam,2018,17.184
viet_nam,2019,17.184
viet_nam,2020,17.184
viet_nam,2021,17.184
viet_nam,2022,17.184
western_asia,2000,51.101
western_asia,2001,50.397
western_asia,2002,49.601
western_asia,2003,48.241
western_asia,2004,49.340
western_asia,2005,49.795
western_asia,2006,50.030
western_asia,2007,49.835
western_asia,2008,48.696
western_asia,2009,49.578
western_asia,2010,49.323
western_asia,2011,49.499
western_asia,2012,49.800
western_asia,2013,49.492
western_asia,2014,48.846
western_asia,2015,48.509
western_asia,2016,51.487
western_asia,2017,52.105
western_asia,2018,50.319
western_asia,2019,56.149
western_asia,2020,51.604
western_asia,2021,52.612
western_asia,2022,52.162
world,2000,11.683
world,2001,11.715
world,2002,11.849
world,2003,11.939
world,2004,11.901
world,2005,11.948
world,2006,12.273
world,2007,12.491
world,2008,12.347
world,2009,12.508
world,2010,12.471
world,2011,12.549
world,2012,12.740
world,2013,12.806
world,2014,12.914
world,2015,12.972
world,2016,13.053
world,2017,13.140
world,2018,13.054
world,2019,13.036
world,2020,12.974
world,2021,12.913
world,2022,12.897
yemen,1990,128.13
yemen,1991,129.85
yemen,1992,131.56
yemen,1993,133.28
yemen,1994,134.99
yemen,1995,136.71
yemen,1996,138.42
yemen,1997,140.14
yemen,1998,141.86
yemen,1999,143.57
yemen,2000,145.03
yemen,2001,146.83
yemen,2002,148.63
yemen,2003,150.44
yemen,2004,152.24
yemen,2005,154.05
yemen,2006,154.05
yemen,2007,154.05
yemen,2008,154.05
yemen,2009,154.05
yemen,2010,154.05
yemen,2011,154.05
yemen,2012,154.05
yemen,2013,154.05
yemen,2014,154.05
yemen,2015,154.05
yemen,2016,154.05
yemen,2017,154.05
yemen,2018,154.05
yemen,2019,154.05
yemen,2020,154.05
yemen,2021,154.05
yemen,2022,154.05
zambia,1992,2.4152
zambia,1993,2.3963
zambia,1994,2.3773
zambia,1995,2.3381
zambia,1996,2.2988
zambia,1997,2.2596
zambia,1998,2.2204
zambia,1999,2.1812
zambia,2000,2.1421
zambia,2001,2.1100
zambia,2002,2.0779
zambia,2003,2.0779
zambia,2004,2.0779
zambia,2005,2.0779
zambia,2006,2.0779
zambia,2007,2.0779
zambia,2008,2.0779
zambia,2009,2.0779
zambia,2010,2.0779
zambia,2011,2.0779
zambia,2012,2.0779
zambia,2013,2.0779
zambia,2014,2.0779
zambia,2015,2.0779
zambia,2016,2.0779
zambia,2017,2.0779
zambia,2018,2.0779
zambia,2019,2.0779
zambia,2020,2.0779
zambia,2021,2.0779
zambia,2022,2.0779
zimbabwe,1987,9.0499
zimbabwe,1988,10.523
zimbabwe,1989,11.996
zimbabwe,1990,13.470
zimbabwe,1991,14.943
zimbabwe,1992,16.416
zimbabwe,1993,17.890
zimbabwe,1994,19.363
zimbabwe,1995,20.836
zimbabwe,1996,22.309
zimbabwe,1997,23.783
zimbabwe,1998,25.256
zimbabwe,1999,26.729
zimbabwe,2000,28.203
zimbabwe,2001,29.676
zimbabwe,2002,31.149
zimbabwe,2003,30.421
zimbabwe,2004,29.692
zimbabwe,2005,28.964
zimbabwe,2006,28.235
zimbabwe,2007,27.507
zimbabwe,2008,27.217
zimbabwe,2009,26.927
zimbabwe,2010,26.637
zimbabwe,2011,26.347
zimbabwe,2012,26.057
zimbabwe,2013,25.767
zimbabwe,2014,25.478
zimbabwe,2015,25.188
zimbabwe,2016,25.547
zimbabwe,2017,26.004
zimbabwe,2018,28.549
zimbabwe,2019,33.735
zimbabwe,2020,40.192
zimbabwe,2021,40.192
zimbabwe,2022,40.192
