area,year,gdp_per_capita
afghanistan,1970,162.64
afghanistan,1971,166.22
afghanistan,1972,141.37
afghanistan,1973,149.74
afghanistan,1974,181.60
afghanistan,1975,194.67
afghanistan,1976,205.67
afghanistan,1977,232.78
afghanistan,1978,255.05
afghanistan,1979,284.76
afghanistan,1980,291.65
afghanistan,1981,311.85
afghanistan,1982,340.88
afghanistan,1983,341.60
afghanistan,1984,328.05
afghanistan,1985,316.00
afghanistan,1986,317.81
afghanistan,1987,279.72
afghanistan,1988,256.59
afghanistan,1989,313.14
afghanistan,1990,338.63
afghanistan,1991,310.85
afghanistan,1992,288.17
afghanistan,1993,190.26
afghanistan,1994,136.82
afghanistan,1995,197.11
afghanistan,1996,182.64
afghanistan,1997,169.56
afghanistan,1998,157.46
afghanistan,1999,141.20
afghanistan,2000,180.72
afghanistan,2001,183.89
afghanistan,2002,204.05
afghanistan,2003,216.33
afghanistan,2004,233.68
afghanistan,2005,265.25
afghanistan,2006,286.64
afghanistan,2007,386.03
afghanistan,2008,389.60
afghanistan,2009,435.69
afghanistan,2010,537.24
afghanistan,2011,612.77
afghanistan,2012,649.71
afghanistan,2013,631.06
afghanistan,2014,596.05
afghanistan,2015,554.00
afghanistan,2016,526.16
afghanistan,2017,534.02
afghanistan,2018,513.98
afghanistan,2019,512.91
afghanistan,2020,512.75
afghanistan,2021,378.08
afghanistan,2022,344.65
albania,1970,974.55
albania,1971,975.22
albania,1972,976.52
albania,1973,978.62
albania,1974,981.27
albania,1975,984.90
albania,1976,989.75
albania,1977,994.94
albania,1978,1003.2
albania,1979,821.22
albania,1980,728.11
albania,1981,740.37
albania,1982,749.85
albania,1983,746.58
albania,1984,726.67
albania,1985,732.85
albania,1986,747.42
albania,1987,734.54
albania,1988,754.03
albania,1989,895.92
albania,1990,651.20
albania,1991,483.68
albania,1992,458.91
albania,1993,515.17
albania,1994,571.02
albania,1995,728.53
albania,1996,978.09
albania,1997,683.73
albania,1998,790.45
albania,1999,1004.2
albania,2000,1096.0
albania,2001,1245.2
albania,2002,1394.5
albania,2003,1798.1
albania,2004,2343.4
albania,2005,2655.1
albania,2006,2962.0
albania,2007,3587.7
albania,2008,4364.1
albania,2009,4109.9
albania,2010,4093.8
albania,2011,4444.1
albania,2012,4259.7
albania,2013,4425.4
albania,2014,4586.6
albania,2015,3950.4
albania,2016,4117.0
albania,2017,4521.8
albania,2018,5268.1
albania,2019,5359.2
albania,2020,5289.0
albania,2021,6281.0
albania,2022,6655.3
algeria,1970,373.67
algeria,1971,380.13
algeria,1972,496.99
algeria,1973,624.19
algeria,1974,875.02
algeria,1975,989.24
algeria,1976,1075.7
algeria,1977,1225.1
algeria,1978,1495.7
algeria,1979,1827.6
algeria,1980,2254.7
algeria,1981,2287.4
algeria,1982,2254.7
algeria,1983,2354.8
algeria,1984,2469.3
algeria,1985,2614.5
algeria,1986,2749.8
algeria,1987,2727.6
algeria,1988,2419.5
algeria,1989,2223.6
algeria,1990,2419.9
algeria,1991,1781.8
algeria,1992,1835.8
algeria,1993,1858.8
algeria,1994,1515.2
algeria,1995,1473.8
algeria,1996,1615.9
algeria,1997,1630.8
algeria,1998,1606.7
algeria,1999,1599.3
algeria,2000,1776.4
algeria,2001,1764.6
algeria,2002,1796.7
algeria,2003,2117.0
algeria,2004,2624.8
algeria,2005,3131.3
algeria,2006,3500.1
algeria,2007,3971.8
algeria,2008,4946.6
algeria,2009,3898.5
algeria,2010,4495.9
algeria,2011,5473.4
algeria,2012,5610.7
algeria,2013,5519.8
algeria,2014,5516.2
algeria,2015,4197.4
algeria,2016,3967.2
algeria,2017,4134.9
algeria,2018,4171.8
algeria,2019,4022.0
algeria,2020,3354.2
algeria,2021,3700.3
algeria,2022,4273.9
andorra,1970,5008.9
andorra,1971,5305.7
andorra,1972,6285.3
andorra,1973,7824.5
andorra,1974,9078.0
andorra,1975,10076
andorra,1976,9817.3
andorra,1977,10385
andorra,1978,11965
andorra,1979,15252
andorra,1980,15861
andorra,1981,13307
andorra,1982,12323
andorra,1983,10260
andorra,1984,9901.4
andorra,1985,10015
andorra,1986,13373
andorra,1987,16238
andorra,1988,18384
andorra,1989,19492
andorra,1990,24305
andorra,1991,25266
andorra,1992,26728
andorra,1993,21541
andorra,1994,21094
andorra,1995,23702
andorra,1996,24144
andorra,1997,23096
andorra,1998,23525
andorra,1999,23895
andorra,2000,21620
andorra,2001,22809
andorra,2002,24785
andorra,2003,31954
andorra,2004,37631
andorra,2005,39584
andorra,2006,43084
andorra,2007,50563
andorra,2008,53721
andorra,2009,49751
andorra,2010,48191
andorra,2011,51361
andorra,2012,44905
andorra,2013,44735
andorra,2014,45620
andorra,2015,38870
andorra,2016,39904
andorra,2017,40632
andorra,2018,42905
andorra,2019,41329
andorra,2020,37207
andorra,2021,42066
andorra,2022,42293
angola,1970,631.51
angola,1971,648.91
angola,1972,644.66
angola,1973,762.73
angola,1974,827.38
angola,1975,589.87
angola,1976,547.95
angola,1977,578.44
angola,1978,623.63
angola,1979,669.06
angola,1980,858.68
angola,1981,774.49
angola,1982,747.16
angola,1983,753.04
angola,1984,768.05
angola,1985,915.18
angola,1986,828.13
angola,1987,922.03
angola,1988,961.01
angola,1989,1081.1
angola,1990,1155.7
angola,1991,1323.9
angola,1992,1471.3
angola,1993,1033.0
angola,1994,1029.6
angola,1995,477.44
angola,1996,606.66
angola,1997,687.69
angola,1998,560.80
angola,1999,518.39
angola,2000,744.62
angola,2001,705.28
angola,2002,872.66
angola,2003,982.81
angola,2004,1254.7
angola,2005,1900.7
angola,2006,2598.0
angola,2007,3121.3
angola,2008,4081.7
angola,2009,3123.7
angola,2010,3586.7
angola,2011,4608.2
angola,2012,5083.8
angola,2013,5228.5
angola,2014,5371.2
angola,2015,4130.9
angola,2016,3468.5
angola,2017,4042.7
angola,2018,3240.9
angola,2019,2569.6
angola,2020,1640.0
angola,2021,2026.0
angola,2022,3183.7
antigua_and_barbuda,1970,524.91
antigua_and_barbuda,1971,635.43
antigua_and_barbuda,1972,871.87
antigua_and_barbuda,1973,1215.6
antigua_and_barbuda,1974,1300.7
antigua_and_barbuda,1975,1333.9
antigua_and_barbuda,1976,1109.6
antigua_and_barbuda,1977,1260.6
antigua_and_barbuda,1978,1422.4
antigua_and_barbuda,1979,1744.1
antigua_and_barbuda,1980,2072.0
antigua_and_barbuda,1981,2337.2
antigua_and_barbuda,1982,2583.5
antigua_and_barbuda,1983,2863.0
antigua_and_barbuda,1984,3242.3
antigua_and_barbuda,1985,3763.0
antigua_and_barbuda,1986,4488.2
antigua_and_barbuda,1987,5239.4
antigua_and_barbuda,1988,6230.5
antigua_and_barbuda,1989,6895.4
antigua_and_barbuda,1990,7255.4
antigua_and_barbuda,1991,7570.0
antigua_and_barbuda,1992,7721.8
antigua_and_barbuda,1993,8129.1
antigua_and_barbuda,1994,8788.0
antigua_and_barbuda,1995,8440.0
antigua_and_barbuda,1996,9079.5
antigua_and_barbuda,1997,9556.8
antigua_and_barbuda,1998,10029
antigua_and_barbuda,1999,10379
antigua_and_barbuda,2000,10444
antigua_and_barbuda,2001,10152
antigua_and_barbuda,2002,10396
antigua_and_barbuda,2003,10759
antigua_and_barbuda,2004,11380
antigua_and_barbuda,2005,12708
antigua_and_barbuda,2006,14204
antigua_and_barbuda,2007,15880
antigua_and_barbuda,2008,16457
antigua_and_barbuda,2009,14531
antigua_and_barbuda,2010,13405
antigua_and_barbuda,2011,13117
antigua_and_barbuda,2012,13686
antigua_and_barbuda,2013,13350
antigua_and_barbuda,2014,14005
antigua_and_barbuda,2015,14862
antigua_and_barbuda,2016,15863
antigua_and_barbuda,2017,16110
antigua_and_barbuda,2018,17514
antigua_and_barbuda,2019,18188
antigua_and_barbuda,2020,15303
antigua_and_barbuda,2021,16740
antigua_and_barbuda,2022,18880
argentina,1970,1425.4
argentina,1971,1678.4
argentina,1972,1556.5
argentina,1973,1724.2
argentina,1974,1907.1
argentina,1975,1996.5
argentina,1976,2080.5
argentina,1977,2304.8
argentina,1978,2349.4
argentina,1979,2679.7
argentina,1980,2917.6
argentina,1981,2973.3
argentina,1982,3009.4
argentina,1983,3205.6
argentina,1984,3336.1
argentina,1985,3154.1
argentina,1986,3731.4
argentina,1987,3777.5
argentina,1988,4339.2
argentina,1989,2581.8
argentina,1990,4693.5
argentina,1991,6210.1
argentina,1992,7385.8
argentina,1993,7540.2
argentina,1994,8097.3
argentina,1995,8003.8
argentina,1996,8336.7
argentina,1997,8865.7
argentina,1998,8945.8
argentina,1999,8387.0
argentina,2000,8312.4
argentina,2001,7773.0
argentina,2002,2918.9
argentina,2003,3669.0
argentina,2004,4291.5
argentina,2005,5134.9
argentina,2006,5937.4
argentina,2007,7266.4
argentina,2008,9079.0
argentina,2009,8267.5
argentina,2010,10377
argentina,2011,12769
argentina,2012,13859
argentina,2013,14469
argentina,2014,13241
argentina,2015,14909
argentina,2016,12767
argentina,2017,14610
argentina,2018,11817
argentina,2019,10007
argentina,2020,8565.2
argentina,2021,10776
argentina,2022,13868
armenia,1992,350.25
armenia,1993,338.04
armenia,1994,372.67
armenia,1995,412.94
armenia,1996,516.24
armenia,1997,534.18
armenia,1998,622.69
armenia,1999,613.86
armenia,2000,643.37
armenia,2001,721.04
armenia,2002,816.15
armenia,2003,970.64
armenia,2004,1244.1
armenia,2005,1715.0
armenia,2006,2249.6
armenia,2007,3267.8
armenia,2008,4168.6
armenia,2009,3111.1
armenia,2010,3351.8
armenia,2011,3692.7
armenia,2012,3643.7
armenia,2013,3833.2
armenia,2014,4017.2
armenia,2015,3666.1
armenia,2016,3680.0
armenia,2017,4042.0
armenia,2018,4391.9
armenia,2019,4828.5
armenia,2020,4505.9
armenia,2021,4972.8
armenia,2022,7018.1
australia,1970,3590.0
australia,1971,3884.0
australia,1972,4466.2
australia,1973,6349.5
australia,1974,7458.4
australia,1975,7857.3
australia,1976,8374.9
australia,1977,8207.7
australia,1978,9468.2
australia,1979,10362
australia,1980,11796
australia,1981,13535
australia,1982,12666
australia,1983,12514
australia,1984,13265
australia,1985,11541
australia,1986,11954
australia,1987,13977
australia,1988,17411
australia,1989,19053
australia,1990,19017
australia,1991,19090
australia,1992,18682
australia,1993,17996
australia,1994,20360
australia,1995,21780
australia,1996,23920
australia,1997,23754
australia,1998,20999
australia,1999,22741
australia,2000,21565
australia,2001,20326
australia,2002,22404
australia,2003,28448
australia,2004,34158
australia,2005,37843
australia,2006,40068
australia,2007,47385
australia,2008,49798
australia,2009,46965
australia,2010,59100
australia,2011,69246
australia,2012,70037
australia,2013,66821
australia,2014,62403
australia,2015,52321
australia,2016,54054
australia,2017,57490
australia,2018,58328
australia,2019,54408
australia,2020,56002
australia,2021,67616
australia,2022,67867
austria,1970,2059.3
austria,1971,2381.6
austria,1972,2924.9
austria,1973,3891.7
austria,1974,4631.9
austria,1975,5286.9
austria,1976,5679.8
austria,1977,6812.7
austria,1978,8207.5
austria,1979,9796.8
austria,1980,10872
austria,1981,9387.8
austria,1982,9413.6
austria,1983,9540.6
austria,1984,8994.4
austria,1985,9175.8
austria,1986,13087
austria,1987,16398
austria,1988,17581
austria,1989,17469
austria,1990,21679
austria,1991,22408
austria,1992,24879
austria,1993,24081
austria,1994,25650
austria,1995,30332
austria,1996,29814
austria,1997,26708
austria,1998,27364
austria,1999,27177
austria,2000,24568
austria,2001,24545
austria,2002,26413
austria,2003,32227
austria,2004,36826
austria,2005,38406
austria,2006,40638
austria,2007,46858
austria,2008,51713
austria,2009,47963
austria,2010,46861
austria,2011,51378
austria,2012,48570
austria,2013,50718
austria,2014,51719
austria,2015,44179
austria,2016,45278
austria,2017,47430
austria,2018,51467
austria,2019,50067
austria,2020,48839
austria,2021,53720
austria,2022,52609
azerbaijan,1992,693.03
azerbaijan,1993,538.75
azerbaijan,1994,437.48
azerbaijan,1995,390.50
azerbaijan,1996,399.61
azerbaijan,1997,495.29
azerbaijan,1998,552.96
azerbaijan,1999,565.48
azerbaijan,2000,643.76
azerbaijan,2001,689.16
azerbaijan,2002,744.86
azerbaijan,2003,859.86
azerbaijan,2004,1014.5
azerbaijan,2005,1530.2
azerbaijan,2006,2394.3
azerbaijan,2007,3722.4
azerbaijan,2008,5428.1
azerbaijan,2009,4856.8
azerbaijan,2010,5727.5
azerbaijan,2011,7047.0
azerbaijan,2012,7345.9
azerbaijan,2013,7713.4
azerbaijan,2014,7723.3
azerbaijan,2015,5381.1
azerbaijan,2016,3795.7
azerbaijan,2017,4057.6
azerbaijan,2018,4640.5
azerbaijan,2019,4707.8
azerbaijan,2020,4151.0
azerbaijan,2021,5316.1
azerbaijan,2022,7600.0
bahamas,1970,4259.3
bahamas,1971,4286.3
bahamas,1972,4493.3
bahamas,1973,5024.0
bahamas,1974,5962.3
bahamas,1975,5454.2
bahamas,1976,5885.4
bahamas,1977,6117.9
bahamas,1978,6984.4
bahamas,1979,8315.4
bahamas,1980,9785.6
bahamas,1981,9950.9
bahamas,1982,11001
bahamas,1983,12016
bahamas,1984,12589
bahamas,1985,13444
bahamas,1986,14251
bahamas,1987,15395
bahamas,1988,15709
bahamas,1989,17372
bahamas,1990,17613
bahamas,1991,16973
bahamas,1992,16606
bahamas,1993,16159
bahamas,1994,16693
bahamas,1995,17241
bahamas,1996,19226
bahamas,1997,20416
bahamas,1998,21665
bahamas,1999,23992
bahamas,2000,24850
bahamas,2001,25234
bahamas,2002,26590
bahamas,2003,26205
bahamas,2004,26393
bahamas,2005,28281
bahamas,2006,28830
bahamas,2007,29688
bahamas,2008,29014
bahamas,2009,27121
bahamas,2010,27047
bahamas,2011,26645
bahamas,2012,28060
bahamas,2013,27404
bahamas,2014,28555
bahamas,2015,29821
bahamas,2016,30124
bahamas,2017,31304
bahamas,2018,32401
bahamas,2019,33565
bahamas,2020,23998
bahamas,2021,28260
bahamas,2022,31458
bahrain,1970,1896.2
bahrain,1971,1969.7
bahrain,1972,2367.3
bahrain,1973,3196.3
bahrain,1974,4150.2
bahrain,1975,4154.5
bahrain,1976,5681.2
bahrain,1977,6798.7
bahrain,1978,7399.5
bahrain,1979,8421.9
bahrain,1980,10382
bahrain,1981,11259
bahrain,1982,11425
bahrain,1983,11308
bahrain,1984,11416
bahrain,1985,10302
bahrain,1986,8308.4
bahrain,1987,8145.5
bahrain,1988,8634.2
bahrain,1989,8950.3
bahrain,1990,9487.7
bahrain,1991,9707.5
bahrain,1992,9797.1
bahrain,1993,10364
bahrain,1994,10805
bahrain,1995,11073
bahrain,1996,11156
bahrain,1997,11209
bahrain,1998,10406
bahrain,1999,10955
bahrain,2000,12739
bahrain,2001,12292
bahrain,2002,12820
bahrain,2003,14230
bahrain,2004,15778
bahrain,2005,17705
bahrain,2006,19058
bahrain,2007,20884
bahrain,2008,23156
bahrain,2009,19448
bahrain,2010,21187
bahrain,2011,23742
bahrain,2012,25103
bahrain,2013,25791
bahrain,2014,25465
bahrain,2015,22795
bahrain,2016,22867
bahrain,2017,24350
bahrain,2018,25416
bahrain,2019,25869
bahrain,2020,23433
bahrain,2021,26860
bahrain,2022,30147
bangladesh,1970,91.732
bangladesh,1971,81.576
bangladesh,1972,89.573
bangladesh,1973,95.157
bangladesh,1974,110.86
bangladesh,1975,113.45
bangladesh,1976,123.69
bangladesh,1977,127.33
bangladesh,1978,159.37
bangladesh,1979,180.18
bangladesh,1980,199.32
bangladesh,1981,196.95
bangladesh,1982,174.39
bangladesh,1983,173.11
bangladesh,1984,197.51
bangladesh,1985,199.76
bangladesh,1986,205.75
bangladesh,1987,228.62
bangladesh,1988,241.65
bangladesh,1989,256.97
bangladesh,1990,262.60
bangladesh,1991,275.23
bangladesh,1992,275.82
bangladesh,1993,279.37
bangladesh,1994,291.27
bangladesh,1995,321.46
bangladesh,1996,331.97
bangladesh,1997,337.35
bangladesh,1998,343.20
bangladesh,1999,353.11
bangladesh,2000,351.95
bangladesh,2001,345.05
bangladesh,2002,351.83
bangladesh,2003,378.68
bangladesh,2004,403.13
bangladesh,2005,408.96
bangladesh,2006,490.59
bangladesh,2007,563.92
bangladesh,2008,653.39
bangladesh,2009,734.88
bangladesh,2010,829.46
bangladesh,2011,899.91
bangladesh,2012,944.50
bangladesh,2013,1130.9
bangladesh,2014,1282.1
bangladesh,2015,1449.6
bangladesh,2016,1651.7
bangladesh,2017,1785.8
bangladesh,2018,1931.5
bangladesh,2019,2110.9
bangladesh,2020,2230.6
bangladesh,2021,2449.0
bangladesh,2022,2527.5
barbados,1970,903.01
barbados,1971,1011.0
barbados,1972,1151.3
barbados,1973,1397.9
barbados,1974,1663.3
barbados,1975,1945.4
barbados,1976,2100.6
barbados,1977,2377.0
barbados,1978,2645.9
barbados,1979,3191.4
barbados,1980,4076.0
barbados,1981,4466.5
barbados,1982,4649.3
barbados,1983,4919.3
barbados,1984,5345.8
barbados,1985,5580.8
barbados,1986,6116.6
barbados,1987,6728.1
barbados,1988,7153.4
barbados,1989,7910.4
barbados,1990,7937.3
barbados,1991,7857.5
barbados,1992,7570.9
barbados,1993,7961.6
barbados,1994,8347.6
barbados,1995,8757.3
barbados,1996,9320.2
barbados,1997,9835.1
barbados,1998,11072
barbados,1999,11579
barbados,2000,11910
barbados,2001,11859
barbados,2002,12012
barbados,2003,12363
barbados,2004,13217
barbados,2005,14604
barbados,2006,15596
barbados,2007,17219
barbados,2008,17552
barbados,2009,16310
barbados,2010,16494
barbados,2011,16902
barbados,2012,16705
barbados,2013,16924
barbados,2014,16965
barbados,2015,17024
barbados,2016,17381
barbados,2017,17882
barbados,2018,18271
barbados,2019,19063
barbados,2020,16883
barbados,2021,17507
barbados,2022,20239
belarus,1992,1752.0
belarus,1993,1657.2
belarus,1994,1495.5
belarus,1995,1369.2
belarus,1996,1436.4
belarus,1997,1401.3
belarus,1998,1519.4
belarus,1999,1217.4
belarus,2000,1050.1
belarus,2001,1252.1
belarus,2002,1488.7
belarus,2003,1830.8
belarus,2004,2392.5
belarus,2005,3143.6
belarus,2006,3869.7
belarus,2007,4763.6
belarus,2008,6416.9
belarus,2009,5213.6
belarus,2010,5881.1
belarus,2011,6362.7
belarus,2012,6776.1
belarus,2013,7793.5
belarus,2014,8130.3
belarus,2015,5819.7
belarus,2016,4915.8
belarus,2017,5637.2
belarus,2018,6191.6
belarus,2019,6658.1
belarus,2020,6370.5
belarus,2021,7274.2
belarus,2022,7642.8
belgium,1970,2773.5
belgium,1971,3085.1
belgium,1972,3835.9
belgium,1973,4907.9
belgium,1974,5747.6
belgium,1975,6726.8
belgium,1976,7276.2
belgium,1977,8464.6
belgium,1978,10331
belgium,1979,11852
belgium,1980,12904
belgium,1981,10639
belgium,1982,9342.5
belgium,1983,8836.2
belgium,1984,8441.5
belgium,1985,8730.9
belgium,1986,12138
belgium,1987,15090
belgium,1988,16365
belgium,1989,16526
belgium,1990,20616
belgium,1991,21078
belgium,1992,23441
belgium,1993,22374
belgium,1994,24321
belgium,1995,28531
belgium,1996,27580
belgium,1997,24885
belgium,1998,25374
belgium,1999,25249
belgium,2000,23012
belgium,2001,22944
belgium,2002,24834
belgium,2003,30509
belgium,2004,35247
belgium,2005,36661
belgium,2006,38543
belgium,2007,44144
belgium,2008,48034
belgium,2009,44561
belgium,2010,44213
belgium,2011,47705
belgium,2012,44980
belgium,2013,46981
belgium,2014,47839
belgium,2015,41086
belgium,2016,42038
belgium,2017,44162
belgium,2018,47456
belgium,2019,46554
belgium,2020,45518
belgium,2021,51738
belgium,2022,49987
belize,1970,230.91
belize,1971,287.47
belize,1972,367.84
belize,1973,589.63
belize,1974,775.94
belize,1975,884.03
belize,1976,682.91
belize,1977,860.29
belize,1978,962.82
belize,1979,1102.5
belize,1980,1485.5
belize,1981,1435.9
belize,1982,1302.4
belize,1983,1341.1
belize,1984,1462.2
belize,1985,1417.4
belize,1986,1509.4
belize,1987,1883.5
belize,1988,2206.6
belize,1989,2618.4
belize,1990,2988.6
belize,1991,3190.9
belize,1992,3644.9
belize,1993,3862.6
belize,1994,3879.0
belize,1995,4011.1
belize,1996,4042.2
belize,1997,4011.0
belize,1998,4119.7
belize,1999,4283.5
belize,2000,4720.2
belize,2001,4708.3
belize,2002,4844.2
belize,2003,4937.1
belize,2004,5123.6
belize,2005,5236.4
belize,2006,5486.8
belize,2007,5717.9
belize,2008,5666.0
belize,2009,5352.1
belize,2010,5399.1
belize,2011,5519.3
belize,2012,5635.5
belize,2013,5865.5
belize,2014,6031.5
belize,2015,6098.6
belize,2016,6100.0
belize,2017,6049.4
belize,2018,6001.0
belize,2019,6134.2
belize,2020,5185.2
belize,2021,6061.0
belize,2022,6984.2
benin,1970,106.52
benin,1971,110.67
benin,1972,133.35
benin,1973,159.76
benin,1974,167.78
benin,1975,199.47
benin,1976,207.43
benin,1977,221.60
benin,1978,262.27
benin,1979,311.26
benin,1980,387.19
benin,1981,356.27
benin,1982,337.82
benin,1983,283.68
benin,1984,264.52
benin,1985,255.59
benin,1986,317.00
benin,1987,359.96
benin,1988,362.14
benin,1989,325.87
benin,1990,388.23
benin,1991,381.61
benin,1992,418.39
benin,1993,405.32
benin,1994,274.33
benin,1995,387.80
benin,1996,444.72
benin,1997,448.69
benin,1998,509.36
benin,1999,541.50
benin,2000,501.75
benin,2001,507.90
benin,2002,561.73
benin,2003,696.84
benin,2004,782.71
benin,2005,805.58
benin,2006,836.39
benin,2007,943.40
benin,2008,1094.5
benin,2009,1057.5
benin,2010,1008.5
benin,2011,1098.0
benin,2012,1112.6
benin,2013,1214.0
benin,2014,1249.8
benin,2015,1040.9
benin,2016,1049.8
benin,2017,1095.3
benin,2018,1194.4
benin,2019,1171.0
benin,2020,1240.7
benin,2021,1360.9
benin,2022,1302.9
bhutan,1970,206.68
bhutan,1971,214.77
bhutan,1972,219.66
bhutan,1973,239.10
bhutan,1974,272.40
bhutan,1975,246.32
bhutan,1976,242.80
bhutan,1977,259.91
bhutan,1978,241.68
bhutan,1979,261.94
bhutan,1980,309.67
bhutan,1981,337.62
bhutan,1982,344.17
bhutan,1983,374.58
bhutan,1984,356.94
bhutan,1985,355.40
bhutan,1986,408.22
bhutan,1987,477.19
bhutan,1988,500.18
bhutan,1989,467.13
bhutan,1990,489.93
bhutan,1991,410.67
bhutan,1992,429.90
bhutan,1993,424.04
bhutan,1994,497.93
bhutan,1995,548.09
bhutan,1996,568.64
bhutan,1997,651.57
bhutan,1998,646.82
bhutan,1999,703.71
bhutan,2000,747.85
bhutan,2001,789.74
bhutan,2002,867.54
bhutan,2003,980.08
bhutan,2004,1081.1
bhutan,2005,1201.4
bhutan,2006,1299.6
bhutan,2007,1714.0
bhutan,2008,1780.1
bhutan,2009,1768.7
bhutan,2010,2194.1
bhutan,2011,2491.3
bhutan,2012,2470.1
bhutan,2013,2409.4
bhutan,2014,2589.9
bhutan,2015,2746.4
bhutan,2016,2989.0
bhutan,2017,3427.2
bhutan,2018,3389.8
bhutan,2019,3564.6
bhutan,2020,3181.3
bhutan,2021,3560.2
bhutan,2022,3704.3
bolivia_plurinational_state_of,1970,220.27
bolivia_plurinational_state_of,1971,233.41
bolivia_plurinational_state_of,1972,266.74
bolivia_plurinational_state_of,1973,265.05
bolivia_plurinational_state_of,1974,428.61
bolivia_plurinational_state_of,1975,467.81
bolivia_plurinational_state_of,1976,524.11
bolivia_plurinational_state_of,1977,515.09
bolivia_plurinational_state_of,1978,550.11
bolivia_plurinational_state_of,1979,583.33
bolivia_plurinational_state_of,1980,554.98
bolivia_plurinational_state_of,1981,618.06
bolivia_plurinational_state_of,1982,587.59
bolivia_plurinational_state_of,1983,549.84
bolivia_plurinational_state_of,1984,537.90
bolivia_plurinational_state_of,1985,533.09
bolivia_plurinational_state_of,1986,536.39
bolivia_plurinational_state_of,1987,568.39
bolivia_plurinational_state_of,1988,675.71
bolivia_plurinational_state_of,1989,678.64
bolivia_plurinational_state_of,1990,685.94
bolivia_plurinational_state_of,1991,737.52
bolivia_plurinational_state_of,1992,763.26
bolivia_plurinational_state_of,1993,760.12
bolivia_plurinational_state_of,1994,777.42
bolivia_plurinational_state_of,1995,856.37
bolivia_plurinational_state_of,1996,925.85
bolivia_plurinational_state_of,1997,973.96
bolivia_plurinational_state_of,1998,1025.4
bolivia_plurinational_state_of,1999,981.75
bolivia_plurinational_state_of,2000,977.33
bolivia_plurinational_state_of,2001,930.88
bolivia_plurinational_state_of,2002,888.20
bolivia_plurinational_state_of,2003,892.36
bolivia_plurinational_state_of,2004,951.92
bolivia_plurinational_state_of,2005,1018.3
bolivia_plurinational_state_of,2006,1200.1
bolivia_plurinational_state_of,2007,1351.0
bolivia_plurinational_state_of,2008,1687.6
bolivia_plurinational_state_of,2009,1725.1
bolivia_plurinational_state_of,2010,1922.1
bolivia_plurinational_state_of,2011,2305.0
bolivia_plurinational_state_of,2012,2562.5
bolivia_plurinational_state_of,2013,2853.8
bolivia_plurinational_state_of,2014,3022.5
bolivia_plurinational_state_of,2015,2975.6
bolivia_plurinational_state_of,2016,3013.5
bolivia_plurinational_state_of,2017,3280.0
bolivia_plurinational_state_of,2018,3471.0
bolivia_plurinational_state_of,2019,3472.4
bolivia_plurinational_state_of,2020,3068.8
bolivia_plurinational_state_of,2021,3345.0
bolivia_plurinational_state_of,2022,3600.1
bosnia_and_herzegovina,1992,1107.3
bosnia_and_herzegovina,1993,920.79
bosnia_and_herzegovina,1994,732.57
bosnia_and_herzegovina,1995,530.32
bosnia_and_herzegovina,1996,707.06
bosnia_and_herzegovina,1997,937.26
bosnia_and_herzegovina,1998,1030.6
bosnia_and_herzegovina,1999,1131.3
bosnia_and_herzegovina,2000,1332.2
bosnia_and_herzegovina,2001,1382.8
bosnia_and_herzegovina,2002,1602.6
bosnia_and_herzegovina,2003,2031.4
bosnia_and_herzegovina,2004,2451.6
bosnia_and_herzegovina,2005,2741.1
bosnia_and_herzegovina,2006,3170.2
bosnia_and_herzegovina,2007,3936.9
bosnia_and_herzegovina,2008,4846.8
bosnia_and_herzegovina,2009,4542.3
bosnia_and_herzegovina,2010,4506.9
bosnia_and_herzegovina,2011,4980.9
bosnia_and_herzegovina,2012,4688.3
bosnia_and_herzegovina,2013,5025.2
bosnia_and_herzegovina,2014,5197.0
bosnia_and_herzegovina,2015,4654.6
bosnia_and_herzegovina,2016,4917.3
bosnia_and_herzegovina,2017,5327.4
bosnia_and_herzegovina,2018,6024.5
bosnia_and_herzegovina,2019,6094.7
bosnia_and_herzegovina,2020,6095.1
bosnia_and_herzegovina,2021,7237.3
bosnia_and_herzegovina,2022,7568.8
botswana,1970,112.79
botswana,1971,145.85
botswana,1972,183.04
botswana,1973,257.79
botswana,1974,340.55
botswana,1975,376.53
botswana,1976,387.47
botswana,1977,474.41
botswana,1978,536.75
botswana,1979,665.44
botswana,1980,908.21
botswana,1981,991.45
botswana,1982,834.27
botswana,1983,873.37
botswana,1984,882.34
botswana,1985,735.57
botswana,1986,949.12
botswana,1987,1263.6
botswana,1988,1417.6
botswana,1989,2320.2
botswana,1990,2774.0
botswana,1991,2801.3
botswana,1992,2864.2
botswana,1993,2792.0
botswana,1994,2832.8
botswana,1995,3064.6
botswana,1996,3064.0
botswana,1997,3100.2
botswana,1998,2893.3
botswana,1999,3242.1
botswana,2000,3351.7
botswana,2001,3115.7
botswana,2002,3016.6
botswana,2003,4076.0
botswana,2004,4755.6
botswana,2005,5156.1
botswana,2006,5137.4
botswana,2007,5372.3
botswana,2008,5345.8
botswana,2009,4938.3
botswana,2010,6041.7
botswana,2011,7080.8
botswana,2012,6410.9
botswana,2013,6436.6
botswana,2014,6844.0
botswana,2015,5869.7
botswana,2016,6411.6
botswana,2017,6705.3
botswana,2018,6947.8
botswana,2019,6679.2
botswana,2020,5863.2
botswana,2021,7238.8
botswana,2022,7737.7
brazil,1970,367.13
brazil,1971,400.13
brazil,1972,502.65
brazil,1973,694.65
brazil,1974,869.60
brazil,1975,998.74
brazil,1976,1153.3
brazil,1977,1311.0
brazil,1978,1453.8
brazil,1979,1565.3
brazil,1980,1440.6
brazil,1981,1792.6
brazil,1982,1918.8
brazil,1983,1320.9
brazil,1984,1313.7
brazil,1985,1377.0
brazil,1986,1621.3
brazil,1987,1742.8
brazil,1988,1909.4
brazil,1989,2549.0
brazil,1990,2712.7
brazil,1991,2480.6
brazil,1992,2337.1
brazil,1993,2580.5
brazil,1994,3623.1
brazil,1995,4780.8
brazil,1996,5141.3
brazil,1997,5254.8
brazil,1998,5015.5
brazil,1999,3440.5
brazil,2000,3726.8
brazil,2001,3142.2
brazil,2002,2824.7
brazil,2003,3056.6
brazil,2004,3623.2
brazil,2005,4773.3
brazil,2006,5866.0
brazil,2007,7323.2
brazil,2008,8801.8
brazil,2009,8569.9
brazil,2010,11249
brazil,2011,13201
brazil,2012,12328
brazil,2013,12259
brazil,2014,12071
brazil,2015,8783.2
brazil,2016,8680.7
brazil,2017,9896.7
brazil,2018,9121.0
brazil,2019,8883.9
brazil,2020,6923.7
brazil,2021,7696.8
brazil,2022,8917.7
brunei_darussalam,1970,1686.8
brunei_darussalam,1971,1789.1
brunei_darussalam,1972,2364.0
brunei_darussalam,1973,3649.1
brunei_darussalam,1974,8738.1
brunei_darussalam,1975,9191.0
brunei_darussalam,1976,10828
brunei_darussalam,1977,12760
brunei_darussalam,1978,13842
brunei_darussalam,1979,19354
brunei_darussalam,1980,32942
brunei_darussalam,1981,28253
brunei_darussalam,1982,26695
brunei_darussalam,1983,23269
brunei_darussalam,1984,22130
brunei_darussalam,1985,19924
brunei_darussalam,1986,11742
brunei_darussalam,1987,13040
brunei_darussalam,1988,12003
brunei_darussalam,1989,13034
brunei_darussalam,1990,14892
brunei_darussalam,1991,15197
brunei_darussalam,1992,16714
brunei_darussalam,1993,15979
brunei_darussalam,1994,15514
brunei_darussalam,1995,17538
brunei_darussalam,1996,18512
brunei_darussalam,1997,18384
brunei_darussalam,1998,14017
brunei_darussalam,1999,15583
brunei_darussalam,2000,19914
brunei_darussalam,2001,18213
brunei_darussalam,2002,18634
brunei_darussalam,2003,20523
brunei_darussalam,2004,24199
brunei_darussalam,2005,28800
brunei_darussalam,2006,34092
brunei_darussalam,2007,35830
brunei_darussalam,2008,41472
brunei_darussalam,2009,30469
brunei_darussalam,2010,34609
brunei_darussalam,2011,46138
brunei_darussalam,2012,46844
brunei_darussalam,2013,43950
brunei_darussalam,2014,41036
brunei_darussalam,2015,30681
brunei_darussalam,2016,26762
brunei_darussalam,2017,28187
brunei_darussalam,2018,31240
brunei_darussalam,2019,30748
brunei_darussalam,2020,27179
brunei_darussalam,2021,31449
brunei_darussalam,2022,37152
bulgaria,1970,1048.6
bulgaria,1971,1029.1
bulgaria,1972,1196.2
bulgaria,1973,1417.6
bulgaria,1974,1531.6
bulgaria,1975,1343.9
bulgaria,1976,1418.1
bulgaria,1977,1444.6
bulgaria,1978,1560.8
bulgaria,1979,1047.2
bulgaria,1980,1206.1
bulgaria,1981,1385.3
bulgaria,1982,1506.5
bulgaria,1983,1621.8
bulgaria,1984,1740.6
bulgaria,1985,1848.5
bulgaria,1986,1970.6
bulgaria,1987,2148.0
bulgaria,1988,2475.5
bulgaria,1989,2496.7
bulgaria,1990,2363.9
bulgaria,1991,963.36
bulgaria,1992,1093.1
bulgaria,1993,1385.5
bulgaria,1994,1250.7
bulgaria,1995,2240.2
bulgaria,1996,1463.4
bulgaria,1997,1360.3
bulgaria,1998,1825.3
bulgaria,1999,1670.7
bulgaria,2000,1635.8
bulgaria,2001,1765.2
bulgaria,2002,2056.9
bulgaria,2003,2670.6
bulgaria,2004,3325.7
bulgaria,2005,3821.9
bulgaria,2006,4427.0
bulgaria,2007,5756.1
bulgaria,2008,7098.5
bulgaria,2009,6814.1
bulgaria,2010,6676.4
bulgaria,2011,7646.9
bulgaria,2012,7250.9
bulgaria,2013,7511.5
bulgaria,2014,7742.8
bulgaria,2015,6945.4
bulgaria,2016,7442.7
bulgaria,2017,8237.8
bulgaria,2018,9319.7
bulgaria,2019,9767.2
bulgaria,2020,10059
bulgaria,2021,12204
bulgaria,2022,13302
burkina_faso,1970,90.209
burkina_faso,1971,90.534
burkina_faso,1972,113.66
burkina_faso,1973,129.25
burkina_faso,1974,139.75
burkina_faso,1975,162.99
burkina_faso,1976,153.01
burkina_faso,1977,180.65
burkina_faso,1978,227.10
burkina_faso,1979,296.97
burkina_faso,1980,313.61
burkina_faso,1981,282.84
burkina_faso,1982,252.40
burkina_faso,1983,224.20
burkina_faso,1984,194.73
burkina_faso,1985,221.09
burkina_faso,1986,281.91
burkina_faso,1987,319.23
burkina_faso,1988,343.11
burkina_faso,1989,334.12
burkina_faso,1990,385.93
burkina_faso,1991,380.37
burkina_faso,1992,397.37
burkina_faso,1993,369.47
burkina_faso,1994,213.42
burkina_faso,1995,261.15
burkina_faso,1996,276.71
burkina_faso,1997,255.21
burkina_faso,1998,284.53
burkina_faso,1999,293.78
burkina_faso,2000,249.18
burkina_faso,2001,260.22
burkina_faso,2002,285.41
burkina_faso,2003,363.00
burkina_faso,2004,404.72
burkina_faso,2005,442.77
burkina_faso,2006,456.94
burkina_faso,2007,516.07
burkina_faso,2008,619.38
burkina_faso,2009,601.46
burkina_faso,2010,626.66
burkina_faso,2011,726.66
burkina_faso,2012,734.01
burkina_faso,2013,762.09
burkina_faso,2014,766.35
burkina_faso,2015,631.65
burkina_faso,2016,665.79
burkina_faso,2017,711.18
burkina_faso,2018,779.20
burkina_faso,2019,772.54
burkina_faso,2020,840.25
burkina_faso,2021,904.47
burkina_faso,2022,845.76
burundi,1970,70.168
burundi,1971,70.495
burundi,1972,68.830
burundi,1973,85.537
burundi,1974,94.637
burundi,1975,110.66
burundi,1976,119.38
burundi,1977,138.32
burundi,1978,151.91
burundi,1979,191.62
burundi,1980,220.55
burundi,1981,221.15
burundi,1982,227.17
burundi,1983,234.21
burundi,1984,207.79
burundi,1985,236.69
burundi,1986,244.68
burundi,1987,225.31
burundi,1988,206.59
burundi,1989,210.58
burundi,1990,209.40
burundi,1991,208.66
burundi,1992,189.24
burundi,1993,175.49
burundi,1994,191.33
burundi,1995,168.63
burundi,1996,146.52
burundi,1997,164.23
burundi,1998,148.08
burundi,1999,130.76
burundi,2000,112.42
burundi,2001,102.44
burundi,2002,94.466
burundi,2003,86.794
burundi,2004,95.483
burundi,2005,151.19
burundi,2006,166.28
burundi,2007,170.71
burundi,2008,194.71
burundi,2009,203.86
burundi,2010,222.66
burundi,2011,236.45
burundi,2012,237.60
burundi,2013,241.55
burundi,2014,257.82
burundi,2015,262.00
burundi,2016,268.73
burundi,2017,295.62
burundi,2018,288.63
burundi,2019,283.67
burundi,2020,282.43
burundi,2021,298.17
burundi,2022,312.87
cabo_verde,1970,253.92
cabo_verde,1971,280.35
cabo_verde,1972,313.55
cabo_verde,1973,383.90
cabo_verde,1974,381.44
cabo_verde,1975,440.13
cabo_verde,1976,407.19
cabo_verde,1977,379.05
cabo_verde,1978,433.10
cabo_verde,1979,460.94
cabo_verde,1980,509.95
cabo_verde,1981,493.18
cabo_verde,1982,490.20
cabo_verde,1983,475.94
cabo_verde,1984,447.69
cabo_verde,1985,461.02
cabo_verde,1986,630.04
cabo_verde,1987,770.15
cabo_verde,1988,854.33
cabo_verde,1989,852.16
cabo_verde,1990,960.96
cabo_verde,1991,979.79
cabo_verde,1992,1067.3
cabo_verde,1993,1049.6
cabo_verde,1994,1158.2
cabo_verde,1995,1356.3
cabo_verde,1996,1363.8
cabo_verde,1997,1302.8
cabo_verde,1998,1358.1
cabo_verde,1999,1509.6
cabo_verde,2000,1338.2
cabo_verde,2001,1391.2
cabo_verde,2002,1529.6
cabo_verde,2003,2000.9
cabo_verde,2004,2269.7
cabo_verde,2005,2385.8
cabo_verde,2006,2719.8
cabo_verde,2007,3270.2
cabo_verde,2008,3842.8
cabo_verde,2009,3622.1
cabo_verde,2010,3501.8
cabo_verde,2011,3877.8
cabo_verde,2012,3604.2
cabo_verde,2013,3758.6
cabo_verde,2014,3735.7
cabo_verde,2015,3167.8
cabo_verde,2016,3312.7
cabo_verde,2017,3534.3
cabo_verde,2018,3860.5
cabo_verde,2019,3928.3
cabo_verde,2020,3223.7
cabo_verde,2021,3557.8
cabo_verde,2022,3902.6
cambodia,1970,114.44
cambodia,1971,114.44
cambodia,1972,111.73
cambodia,1973,94.327
cambodia,1974,96.575
cambodia,1975,106.97
cambodia,1976,120.38
cambodia,1977,113.92
cambodia,1978,123.55
cambodia,1979,114.89
cambodia,1980,115.36
cambodia,1981,123.04
cambodia,1982,125.61
cambodia,1983,131.12
cambodia,1984,137.51
cambodia,1985,143.61
cambodia,1986,146.41
cambodia,1987,175.15
cambodia,1988,203.20
cambodia,1989,203.22
cambodia,1990,190.52
cambodia,1991,242.80
cambodia,1992,246.31
cambodia,1993,237.60
cambodia,1994,251.61
cambodia,1995,303.07
cambodia,1996,313.59
cambodia,1997,301.22
cambodia,1998,268.24
cambodia,1999,295.22
cambodia,2000,302.56
cambodia,2001,323.53
cambodia,2002,341.47
cambodia,2003,364.79
cambodia,2004,410.09
cambodia,2005,475.07
cambodia,2006,539.75
cambodia,2007,629.92
cambodia,2008,742.40
cambodia,2009,734.82
cambodia,2010,782.70
cambodia,2011,880.31
cambodia,2012,950.48
cambodia,2013,1015.2
cambodia,2014,1098.1
cambodia,2015,1170.7
cambodia,2016,1281.1
cambodia,2017,1400.9
cambodia,2018,1533.3
cambodia,2019,1671.9
cambodia,2020,1577.9
cambodia,2021,1625.2
cambodia,2022,1759.6
cameroon,1970,203.92
cameroon,1971,222.61
cameroon,1972,279.49
cameroon,1973,369.35
cameroon,1974,383.74
cameroon,1975,490.19
cameroon,1976,520.01
cameroon,1977,592.74
cameroon,1978,759.19
cameroon,1979,982.07
cameroon,1980,1184.2
cameroon,1981,1072.5
cameroon,1982,1050.2
cameroon,1983,1072.8
cameroon,1984,1027.0
cameroon,1985,978.87
cameroon,1986,1160.4
cameroon,1987,1225.9
cameroon,1988,1162.0
cameroon,1989,1081.2
cameroon,1990,1213.6
cameroon,1991,1177.5
cameroon,1992,1212.6
cameroon,1993,1295.9
cameroon,1994,692.86
cameroon,1995,822.36
cameroon,1996,817.18
cameroon,1997,773.93
cameroon,1998,789.27
cameroon,1999,786.56
cameroon,2000,698.42
cameroon,2001,706.37
cameroon,2002,776.60
cameroon,2003,974.33
cameroon,2004,1118.0
cameroon,2005,1128.9
cameroon,2006,1176.9
cameroon,2007,1309.3
cameroon,2008,1470.1
cameroon,2009,1440.1
cameroon,2010,1382.5
cameroon,2011,1496.0
cameroon,2012,1433.8
cameroon,2013,1558.7
cameroon,2014,1629.5
cameroon,2015,1398.6
cameroon,2016,1426.1
cameroon,2017,1479.9
cameroon,2018,1594.1
cameroon,2019,1538.7
cameroon,2020,1539.1
cameroon,2021,1666.9
cameroon,2022,1588.5
canada,1970,4162.8
canada,1971,4604.3
canada,1972,5165.1
canada,1973,5913.6
canada,1974,7095.3
canada,1975,7565.7
canada,1976,8912.5
canada,1977,9023.7
canada,1978,9221.0
canada,1979,10136
canada,1980,11262
canada,1981,12381
canada,1982,12535
canada,1983,13480
canada,1984,13934
canada,1985,14169
canada,1986,14512
canada,1987,16384
canada,1988,18996
canada,1989,20820
canada,1990,21553
canada,1991,21863
canada,1992,20967
canada,1993,20199
canada,1994,20010
canada,1995,20688
canada,1996,21309
canada,1997,21919
canada,1998,21033
canada,1999,22316
canada,2000,24273
canada,2001,23837
canada,2002,24284
canada,2003,28324
canada,2004,32173
canada,2005,36415
canada,2006,40555
canada,2007,44696
canada,2008,46749
canada,2009,40919
canada,2010,47618
canada,2011,52233
canada,2012,52712
canada,2013,52681
canada,2014,50941
canada,2015,43550
canada,2016,42318
canada,2017,45125
canada,2018,46588
canada,2019,46469
canada,2020,43485
canada,2021,52457
canada,2022,55597
central_african_republic,1970,133.49
central_african_republic,1971,139.25
central_african_republic,1972,156.07
central_african_republic,1973,180.22
central_african_republic,1974,183.38
central_african_republic,1975,241.94
central_african_republic,1976,283.98
central_african_republic,1977,316.09
central_african_republic,1978,376.60
central_african_republic,1979,427.82
central_african_republic,1980,481.58
central_african_republic,1981,425.70
central_african_republic,1982,395.96
central_african_republic,1983,344.68
central_african_republic,1984,326.41
central_african_republic,1985,354.43
central_african_republic,1986,454.48
central_african_republic,1987,480.42
central_african_republic,1988,498.06
central_african_republic,1989,473.93
central_african_republic,1990,536.59
central_african_republic,1991,497.28
central_african_republic,1992,493.79
central_african_republic,1993,433.12
central_african_republic,1994,279.37
central_african_republic,1995,356.16
central_african_republic,1996,313.49
central_african_republic,1997,283.69
central_african_republic,1998,284.70
central_african_republic,1999,286.08
central_african_republic,2000,254.53
central_african_republic,2001,253.58
central_african_republic,2002,263.90
central_african_republic,2003,296.14
central_african_republic,2004,322.92
central_african_republic,2005,335.68
central_african_republic,2006,358.03
central_african_republic,2007,401.07
central_african_republic,2008,455.13
central_african_republic,2009,451.11
central_african_republic,2010,459.33
central_african_republic,2011,514.54
central_african_republic,2012,525.90
central_african_republic,2013,352.13
central_african_republic,2014,394.33
central_african_republic,2015,351.61
central_african_republic,2016,372.14
central_african_republic,2017,414.74
central_african_republic,2018,435.93
central_african_republic,2019,426.28
central_african_republic,2020,435.08
central_african_republic,2021,461.26
central_african_republic,2022,429.40
chad,1970,96.881
chad,1971,103.62
chad,1972,105.38
chad,1973,114.22
chad,1974,130.16
chad,1975,184.19
chad,1976,169.66
chad,1977,168.57
chad,1978,197.26
chad,1979,174.24
chad,1980,179.00
chad,1981,210.25
chad,1982,187.51
chad,1983,190.94
chad,1984,203.18
chad,1985,198.67
chad,1986,237.36
chad,1987,260.19
chad,1988,293.88
chad,1989,268.56
chad,1990,314.68
chad,1991,301.21
chad,1992,300.83
chad,1993,256.52
chad,1994,203.53
chad,1995,238.54
chad,1996,255.17
chad,1997,235.52
chad,1998,259.35
chad,1999,217.86
chad,2000,190.79
chad,2001,227.75
chad,2002,255.76
chad,2003,336.75
chad,2004,522.35
chad,2005,667.73
chad,2006,734.17
chad,2007,816.49
chad,2008,994.45
chad,2009,891.11
chad,2010,1023.7
chad,2011,1192.0
chad,2012,1270.5
chad,2013,1234.3
chad,2014,1277.1
chad,2015,1018.4
chad,2016,895.77
chad,2017,884.87
chad,2018,984.50
chad,2019,948.69
chad,2020,898.21
chad,2021,954.71
chad,2022,947.85
chile,1970,985.70
chile,1971,1160.6
chile,1972,1233.1
chile,1973,1730.2
chile,1974,1650.5
chile,1975,755.79
chile,1976,1016.2
chile,1977,1356.9
chile,1978,1540.3
chile,1979,2043.0
chile,1980,2678.4
chile,1981,3165.2
chile,1982,2229.0
chile,1983,1812.9
chile,1984,1771.7
chile,1985,1540.2
chile,1986,1630.8
chile,1987,1874.6
chile,1988,2153.1
chile,1989,2416.2
chile,1990,2617.0
chile,1991,2942.2
chile,1992,3499.4
chile,1993,3658.6
chile,1994,4126.2
chile,1995,5209.1
chile,1996,5402.5
chile,1997,5827.3
chile,1998,5515.6
chile,1999,5012.3
chile,2000,5104.5
chile,2001,4602.9
chile,2002,4466.6
chile,2003,4797.5
chile,2004,6196.8
chile,2005,7602.0
chile,2006,9476.1
chile,2007,10524
chile,2008,10782
chile,2009,10241
chile,2010,12852
chile,2011,14688
chile,2012,15403
chile,2013,15899
chile,2014,14731
chile,2015,13650
chile,2016,13849
chile,2017,15082
chile,2018,15796
chile,2019,14627
chile,2020,13165
chile,2021,16247
chile,2022,15338
china,1970,116.83
china,1971,123.25
china,1972,137.97
china,1973,165.79
china,1974,170.32
china,1975,189.09
china,1976,179.05
china,1977,201.83
china,1978,247.43
china,1979,294.92
china,1980,340.27
china,1981,320.87
china,1982,311.47
china,1983,324.52
china,1984,332.01
china,1985,325.44
china,1986,316.66
china,1987,344.30
china,1988,418.80
china,1989,462.76
china,1990,409.30
china,1991,430.02
china,1992,506.07
china,1993,619.75
china,1994,581.99
china,1995,723.54
china,1996,834.50
china,1997,920.92
china,1998,960.87
china,1999,1003.0
china,2000,1093.2
china,2001,1184.1
china,2002,1276.4
china,2003,1411.7
china,2004,1637.1
china,2005,1889.6
china,2006,2241.9
china,2007,2844.5
china,2008,3614.0
china,2009,3963.1
china,2010,4678.9
china,2011,5742.0
china,2012,6430.6
china,2013,7151.6
china,2014,7768.0
china,2015,8144.2
china,2016,8226.7
china,2017,8955.4
china,2018,10042
china,2019,10278
china,2020,10507
china,2021,12705
china,2022,12794
colombia,1970,484.42
colombia,1971,513.47
colombia,1972,557.25
colombia,1973,644.61
colombia,1974,757.67
colombia,1975,785.72
colombia,1976,900.50
colombia,1977,1118.5
colombia,1978,1305.9
colombia,1979,1534.1
colombia,1980,1791.7
colombia,1981,1907.9
colombia,1982,1996.6
colombia,1983,1939.5
colombia,1984,1872.7
colombia,1985,1671.0
colombia,1986,1637.8
colombia,1987,1669.0
colombia,1988,1761.7
colombia,1989,1739.4
colombia,1990,1734.8
colombia,1991,1740.6
colombia,1992,1826.4
colombia,1993,2072.7
colombia,1994,2682.9
colombia,1995,3046.4
colombia,1996,3141.5
colombia,1997,3388.5
colombia,1998,3075.5
colombia,1999,2649.6
colombia,2000,2530.4
colombia,2001,2449.4
colombia,2002,2405.9
colombia,2003,2290.2
colombia,2004,2793.0
colombia,2005,3449.0
colombia,2006,3778.5
colombia,2007,4761.0
colombia,2008,5527.4
colombia,2009,5244.4
colombia,2010,6394.2
colombia,2011,7392.5
colombia,2012,8101.8
colombia,2013,8264.1
colombia,2014,8164.7
colombia,2015,6228.4
colombia,2016,5938.5
colombia,2017,6450.3
colombia,2018,6782.0
colombia,2019,6438.1
colombia,2020,5302.0
colombia,2021,6183.8
colombia,2022,6630.3
comoros,1970,154.64
comoros,1971,166.41
comoros,1972,190.64
comoros,1973,247.15
comoros,1974,271.06
comoros,1975,408.34
comoros,1976,390.34
comoros,1977,418.28
comoros,1978,525.19
comoros,1979,679.55
comoros,1980,788.16
comoros,1981,708.39
comoros,1982,646.53
comoros,1983,656.10
comoros,1984,615.91
comoros,1985,638.59
comoros,1986,881.84
comoros,1987,1037.0
comoros,1988,1065.3
comoros,1989,992.40
comoros,1990,1184.7
comoros,1991,1162.9
comoros,1992,1224.5
comoros,1993,1185.4
comoros,1994,817.53
comoros,1995,998.87
comoros,1996,971.69
comoros,1997,875.02
comoros,1998,869.90
comoros,1999,881.01
comoros,2000,786.09
comoros,2001,831.73
comoros,2002,913.56
comoros,2003,1152.9
comoros,2004,1311.2
comoros,2005,1328.4
comoros,2006,1382.9
comoros,2007,1288.1
comoros,2008,1448.8
comoros,2009,1403.5
comoros,2010,1382.7
comoros,2011,1524.8
comoros,2012,1484.0
comoros,2013,1595.5
comoros,2014,1606.5
comoros,2015,1322.4
comoros,2016,1356.3
comoros,2017,1414.6
comoros,2018,1531.3
comoros,2019,1510.8
comoros,2020,1518.1
comoros,2021,1577.5
comoros,2022,1489.8
congo,1970,203.06
congo,1971,225.30
congo,1972,262.44
congo,1973,339.11
congo,1974,397.18
congo,1975,455.14
congo,1976,460.66
congo,1977,448.47
congo,1978,544.32
congo,1979,722.82
congo,1980,1009.2
congo,1981,1153.4
congo,1982,1223.2
congo,1983,1162.9
congo,1984,1185.9
congo,1985,1133.9
congo,1986,941.84
congo,1987,1136.1
congo,1988,1043.3
congo,1989,1090.9
congo,1990,1219.5
congo,1991,1237.5
congo,1992,1301.3
congo,1993,1157.8
congo,1994,774.86
congo,1995,896.01
congo,1996,1008.4
congo,1997,893.16
congo,1998,762.52
congo,1999,876.03
congo,2000,1156.4
congo,2001,933.56
congo,2002,999.60
congo,2003,1125.8
congo,2004,1437.7
congo,2005,1809.9
congo,2006,2115.0
congo,2007,2217.0
congo,2008,2837.2
congo,2009,2274.8
congo,2010,2959.9
congo,2011,3410.6
congo,2012,3754.1
congo,2013,3718.6
congo,2014,3619.0
congo,2015,2453.5
congo,2016,2107.5
congo,2017,2227.7
congo,2018,2715.3
congo,2019,2508.9
congo,2020,2011.3
congo,2021,2525.4
congo,2022,2570.1
cook_islands,1970,544.85
cook_islands,1971,539.24
cook_islands,1972,560.26
cook_islands,1973,746.66
cook_islands,1974,906.04
cook_islands,1975,920.01
cook_islands,1976,900.11
cook_islands,1977,1066.5
cook_islands,1978,1244.7
cook_islands,1979,1424.6
cook_islands,1980,1577.3
cook_islands,1981,1632.8
cook_islands,1982,1647.8
cook_islands,1983,1650.0
cook_islands,1984,1740.0
cook_islands,1985,1848.0
cook_islands,1986,2405.6
cook_islands,1987,3048.1
cook_islands,1988,3839.6
cook_islands,1989,3837.4
cook_islands,1990,4239.0
cook_islands,1991,4572.3
cook_islands,1992,4685.6
cook_islands,1993,5206.9
cook_islands,1994,6149.1
cook_islands,1995,6516.6
cook_islands,1996,6547.9
cook_islands,1997,6094.2
cook_islands,1998,5474.7
cook_islands,1999,6063.4
cook_islands,2000,6289.5
cook_islands,2001,6865.9
cook_islands,2002,8073.7
cook_islands,2003,11056
cook_islands,2004,12886
cook_islands,2005,13152
cook_islands,2006,13486
cook_islands,2007,14617
cook_islands,2008,14036
cook_islands,2009,12960
cook_islands,2010,13990
cook_islands,2011,15306
cook_islands,2012,16632
cook_islands,2013,16142
cook_islands,2014,17931
cook_islands,2015,17077
cook_islands,2016,17660
cook_islands,2017,19868
cook_islands,2018,21023
cook_islands,2019,20853
cook_islands,2020,16642
cook_islands,2021,14526
cook_islands,2022,17033
costa_rica,1970,677.53
costa_rica,1971,721.63
costa_rica,1972,808.34
costa_rica,1973,972.81
costa_rica,1974,1033.7
costa_rica,1975,1185.3
costa_rica,1976,1420.9
costa_rica,1977,1762.3
costa_rica,1978,1967.3
costa_rica,1979,2192.8
costa_rica,1980,2554.7
costa_rica,1981,1349.9
costa_rica,1982,1304.5
costa_rica,1983,1531.8
costa_rica,1984,1733.1
costa_rica,1985,1806.9
costa_rica,1986,1974.3
costa_rica,1987,1978.4
costa_rica,1988,1962.3
costa_rica,1989,2166.6
costa_rica,1990,2307.7
costa_rica,1991,2221.4
costa_rica,1992,2578.0
costa_rica,1993,2814.0
costa_rica,1994,3005.5
costa_rica,1995,3238.9
costa_rica,1996,3194.4
costa_rica,1997,3373.4
costa_rica,1998,3580.4
costa_rica,1999,3653.7
costa_rica,2000,3773.1
costa_rica,2001,3941.6
costa_rica,2002,4021.5
costa_rica,2003,4123.5
costa_rica,2004,4376.0
costa_rica,2005,4644.4
costa_rica,2006,5187.8
costa_rica,2007,6055.1
costa_rica,2008,6841.9
costa_rica,2009,6737.9
costa_rica,2010,8147.2
costa_rica,2011,9137.5
costa_rica,2012,9971.7
costa_rica,2013,10633
costa_rica,2014,10738
costa_rica,2015,11530
costa_rica,2016,11900
costa_rica,2017,12118
costa_rica,2018,12383
costa_rica,2019,12669
costa_rica,2020,12179
costa_rica,2021,12537
costa_rica,2022,13199
cote_d_ivoire,1970,274.04
cote_d_ivoire,1971,279.27
cote_d_ivoire,1972,313.07
cote_d_ivoire,1973,405.96
cote_d_ivoire,1974,468.82
cote_d_ivoire,1975,568.14
cote_d_ivoire,1976,652.68
cote_d_ivoire,1977,844.85
cote_d_ivoire,1978,1026.1
cote_d_ivoire,1979,1143.2
cote_d_ivoire,1980,1225.4
cote_d_ivoire,1981,978.08
cote_d_ivoire,1982,845.65
cote_d_ivoire,1983,736.74
cote_d_ivoire,1984,711.06
cote_d_ivoire,1985,700.28
cote_d_ivoire,1986,888.38
cote_d_ivoire,1987,946.00
cote_d_ivoire,1988,928.49
cote_d_ivoire,1989,934.70
cote_d_ivoire,1990,998.51
cote_d_ivoire,1991,932.24
cote_d_ivoire,1992,937.26
cote_d_ivoire,1993,837.51
cote_d_ivoire,1994,602.37
cote_d_ivoire,1995,776.58
cote_d_ivoire,1996,819.61
cote_d_ivoire,1997,764.38
cote_d_ivoire,1998,797.08
cote_d_ivoire,1999,768.47
cote_d_ivoire,2000,635.82
cote_d_ivoire,2001,649.01
cote_d_ivoire,2002,698.20
cote_d_ivoire,2003,844.90
cote_d_ivoire,2004,892.67
cote_d_ivoire,2005,900.62
cote_d_ivoire,2006,917.85
cote_d_ivoire,2007,1026.4
cote_d_ivoire,2008,1196.6
cote_d_ivoire,2009,1174.1
cote_d_ivoire,2010,1243.6
cote_d_ivoire,2011,1326.1
cote_d_ivoire,2012,1430.8
cote_d_ivoire,2013,1727.0
cote_d_ivoire,2014,2011.4
cote_d_ivoire,2015,1940.1
cote_d_ivoire,2016,1999.2
cote_d_ivoire,2017,2113.4
cote_d_ivoire,2018,2295.5
cote_d_ivoire,2019,2290.8
cote_d_ivoire,2020,2349.1
cote_d_ivoire,2021,2613.4
cote_d_ivoire,2022,2486.4
croatia,1992,2553.4
croatia,1993,2710.2
croatia,1994,3605.4
croatia,1995,4710.5
croatia,1996,5044.5
croatia,1997,5100.3
croatia,1998,5522.0
croatia,1999,5130.8
croatia,2000,4794.6
croatia,2001,5161.0
croatia,2002,6042.0
croatia,2003,7850.7
croatia,2004,9455.4
croatia,2005,10347
croatia,2006,11542
croatia,2007,13799
croatia,2008,16189
croatia,2009,14484
croatia,2010,13918
croatia,2011,14602
croatia,2012,13273
croatia,2013,13730
croatia,2014,13667
croatia,2015,11835
croatia,2016,12434
croatia,2017,13464
croatia,2018,15015
croatia,2019,15127
croatia,2020,14061
croatia,2021,17042
croatia,2022,17753
cuba,1970,641.85
cuba,1971,766.10
cuba,1972,887.21
cuba,1973,1074.2
cuba,1974,1211.7
cuba,1975,1369.2
cuba,1976,1436.3
cuba,1977,1468.7
cuba,1978,1834.0
cuba,1979,2003.6
cuba,1980,2030.0
cuba,1981,2046.0
cuba,1982,2114.6
cuba,1983,2224.0
cuba,1984,2388.3
cuba,1985,2258.5
cuba,1986,2366.9
cuba,1987,2441.5
cuba,1988,2633.8
cuba,1989,2567.2
cuba,1990,2695.6
cuba,1991,2269.7
cuba,1992,2048.0
cuba,1993,2063.2
cuba,1994,2613.0
cuba,1995,2784.8
cuba,1996,2281.9
cuba,1997,2306.3
cuba,1998,2332.5
cuba,1999,2562.3
cuba,2000,2752.2
cuba,2001,2844.2
cuba,2002,3007.2
cuba,2003,3205.7
cuba,2004,3403.3
cuba,2005,3791.9
cuba,2006,4683.8
cuba,2007,5200.0
cuba,2008,5392.3
cuba,2009,5502.0
cuba,2010,5697.6
cuba,2011,6152.1
cuba,2012,6467.3
cuba,2013,6814.2
cuba,2014,7117.5
cuba,2015,7690.2
cuba,2016,8055.9
cuba,2017,8543.4
cuba,2018,8831.9
cuba,2019,9139.4
cuba,2020,9499.6
cuba,2021,11255
cuba,2022,13128
cyprus,1970,961.41
cyprus,1971,1119.2
cyprus,1972,1354.9
cyprus,1973,1641.2
cyprus,1974,1458.8
cyprus,1975,1223.6
cyprus,1976,1406.0
cyprus,1977,1771.4
cyprus,1978,2291.2
cyprus,1979,2967.5
cyprus,1980,3556.1
cyprus,1981,3392.8
cyprus,1982,3473.2
cyprus,1983,3421.9
cyprus,1984,3542.5
cyprus,1985,3705.9
cyprus,1986,4660.5
cyprus,1987,5498.9
cyprus,1988,6248.7
cyprus,1989,6579.6
cyprus,1990,7937.2
cyprus,1991,8084.9
cyprus,1992,9552.9
cyprus,1993,8940.8
cyprus,1994,9847.3
cyprus,1995,11394
cyprus,1996,11253
cyprus,1997,10678
cyprus,1998,11310
cyprus,1999,11386
cyprus,2000,10715
cyprus,2001,10944
cyprus,2002,11791
cyprus,2003,14553
cyprus,2004,17089
cyprus,2005,18289
cyprus,2006,19652
cyprus,2007,22499
cyprus,2008,25491
cyprus,2009,23352
cyprus,2010,22816
cyprus,2011,24108
cyprus,2012,21658
cyprus,2013,20526
cyprus,2014,19707
cyprus,2015,16762
cyprus,2016,17558
cyprus,2017,18987
cyprus,2018,21002
cyprus,2019,21115
cyprus,2020,20385
cyprus,2021,23696
cyprus,2022,23341
czechia,1993,3960.4
czechia,1994,4636.0
czechia,1995,5832.8
czechia,1996,6545.3
czechia,1997,6049.3
czechia,1998,6509.0
czechia,1999,6358.9
czechia,2000,6040.6
czechia,2001,6628.2
czechia,2002,8028.4
czechia,2003,9766.8
czechia,2004,11677
czechia,2005,13341
czechia,2006,15164
czechia,2007,18397
czechia,2008,22818
czechia,2009,19904
czechia,2010,19978
czechia,2011,21871
czechia,2012,19870
czechia,2013,20133
czechia,2014,19906
czechia,2015,17867
czechia,2016,18644
czechia,2017,20760
czechia,2018,23636
czechia,2019,23968
czechia,2020,23357
czechia,2021,26810
czechia,2022,27685
democratic_people_s_republic_of_korea,1970,328.56
democratic_people_s_republic_of_korea,1971,353.65
democratic_people_s_republic_of_korea,1972,380.86
democratic_people_s_republic_of_korea,1973,411.09
democratic_people_s_republic_of_korea,1974,445.31
democratic_people_s_republic_of_korea,1975,483.21
democratic_people_s_republic_of_korea,1976,495.21
democratic_people_s_republic_of_korea,1977,508.20
democratic_people_s_republic_of_korea,1978,521.75
democratic_people_s_republic_of_korea,1979,535.57
democratic_people_s_republic_of_korea,1980,549.64
democratic_people_s_republic_of_korea,1981,561.80
democratic_people_s_republic_of_korea,1982,695.50
democratic_people_s_republic_of_korea,1983,684.83
democratic_people_s_republic_of_korea,1984,643.28
democratic_people_s_republic_of_korea,1985,624.81
democratic_people_s_republic_of_korea,1986,696.16
democratic_people_s_republic_of_korea,1987,723.03
democratic_people_s_republic_of_korea,1988,702.70
democratic_people_s_republic_of_korea,1989,769.52
democratic_people_s_republic_of_korea,1990,706.86
democratic_people_s_republic_of_korea,1991,648.22
democratic_people_s_republic_of_korea,1992,581.05
democratic_people_s_republic_of_korea,1993,493.46
democratic_people_s_republic_of_korea,1994,375.80
democratic_people_s_republic_of_korea,1995,216.63
democratic_people_s_republic_of_korea,1996,468.19
democratic_people_s_republic_of_korea,1997,452.21
democratic_people_s_republic_of_korea,1998,446.21
democratic_people_s_republic_of_korea,1999,443.02
democratic_people_s_republic_of_korea,2000,453.97
democratic_people_s_republic_of_korea,2001,468.77
democratic_people_s_republic_of_korea,2002,461.54
democratic_people_s_republic_of_korea,2003,464.68
democratic_people_s_republic_of_korea,2004,466.33
democratic_people_s_republic_of_korea,2005,540.69
democratic_people_s_republic_of_korea,2006,567.94
democratic_people_s_republic_of_korea,2007,590.18
democratic_people_s_republic_of_korea,2008,545.05
democratic_people_s_republic_of_korea,2009,489.60
democratic_people_s_republic_of_korea,2010,564.89
democratic_people_s_republic_of_korea,2011,633.04
democratic_people_s_republic_of_korea,2012,639.17
democratic_people_s_republic_of_korea,2013,662.55
democratic_people_s_republic_of_korea,2014,692.34
democratic_people_s_republic_of_korea,2015,644.65
democratic_people_s_republic_of_korea,2016,661.14
democratic_people_s_republic_of_korea,2017,680.53
democratic_people_s_republic_of_korea,2018,682.08
democratic_people_s_republic_of_korea,2019,634.10
democratic_people_s_republic_of_korea,2020,612.64
democratic_people_s_republic_of_korea,2021,644.94
democratic_people_s_republic_of_korea,2022,582.14
democratic_republic_of_the_congo,1970,236.83
democratic_republic_of_the_congo,1971,257.58
democratic_republic_of_the_congo,1972,276.69
democratic_republic_of_the_congo,1973,343.33
democratic_republic_of_the_congo,1974,407.59
democratic_republic_of_the_congo,1975,423.40
democratic_republic_of_the_congo,1976,388.83
democratic_republic_of_the_congo,1977,485.18
democratic_republic_of_the_congo,1978,667.77
democratic_republic_of_the_congo,1979,632.01
democratic_republic_of_the_congo,1980,585.52
democratic_republic_of_the_congo,1981,503.47
democratic_republic_of_the_congo,1982,488.56
democratic_republic_of_the_congo,1983,403.06
democratic_republic_of_the_congo,1984,235.39
democratic_republic_of_the_congo,1985,244.29
democratic_republic_of_the_congo,1986,274.03
democratic_republic_of_the_congo,1987,226.58
democratic_republic_of_the_congo,1988,251.37
democratic_republic_of_the_congo,1989,406.59
democratic_republic_of_the_congo,1990,417.72
democratic_republic_of_the_congo,1991,381.45
democratic_republic_of_the_congo,1992,339.39
democratic_republic_of_the_congo,1993,428.87
democratic_republic_of_the_congo,1994,221.76
democratic_republic_of_the_congo,1995,206.69
democratic_republic_of_the_congo,1996,207.52
democratic_republic_of_the_congo,1997,210.14
democratic_republic_of_the_congo,1998,214.69
democratic_republic_of_the_congo,1999,185.48
democratic_republic_of_the_congo,2000,171.53
democratic_republic_of_the_congo,2001,166.61
democratic_republic_of_the_congo,2002,168.94
democratic_republic_of_the_congo,2003,167.98
democratic_republic_of_the_congo,2004,187.86
democratic_republic_of_the_congo,2005,211.57
democratic_republic_of_the_congo,2006,247.54
democratic_republic_of_the_congo,2007,277.61
democratic_republic_of_the_congo,2008,317.89
democratic_republic_of_the_congo,2009,290.16
democratic_republic_of_the_congo,2010,324.83
democratic_republic_of_the_congo,2011,376.37
democratic_republic_of_the_congo,2012,412.78
democratic_republic_of_the_congo,2013,444.75
democratic_republic_of_the_congo,2014,472.27
democratic_republic_of_the_congo,2015,482.06
democratic_republic_of_the_congo,2016,495.36
democratic_republic_of_the_congo,2017,446.62
democratic_republic_of_the_congo,2018,541.36
democratic_republic_of_the_congo,2019,526.32
democratic_republic_of_the_congo,2020,487.95
democratic_republic_of_the_congo,2021,551.13
democratic_republic_of_the_congo,2022,631.77
denmark,1970,3468.5
denmark,1971,3854.5
denmark,1972,4664.1
denmark,1973,6135.6
denmark,1974,6786.5
denmark,1975,8001.8
denmark,1976,8776.9
denmark,1977,9772.0
denmark,1978,11815
denmark,1979,13745
denmark,1980,13877
denmark,1981,12069
denmark,1982,11785
denmark,1983,11835
denmark,1984,11541
denmark,1985,12239
denmark,1986,17205
denmark,1987,21364
denmark,1988,22542
denmark,1989,21895
denmark,1990,26872
denmark,1991,26990
denmark,1992,29546
denmark,1993,27570
denmark,1994,29952
denmark,1995,35339
denmark,1996,35699
denmark,1997,32883
denmark,1998,33401
denmark,1999,33453
denmark,2000,30737
denmark,2001,30740
denmark,2002,33212
denmark,2003,40416
denmark,2004,46417
denmark,2005,48648
denmark,2006,51831
denmark,2007,58292
denmark,2008,64215
denmark,2009,58128
denmark,2010,58008
denmark,2011,61693
denmark,2012,58409
denmark,2013,61077
denmark,2014,62470
denmark,2015,53308
denmark,2016,54867
denmark,2017,57888
denmark,2018,61880
denmark,2019,59784
denmark,2020,60897
denmark,2021,69298
denmark,2022,68029
djibouti,1970,494.29
djibouti,1971,522.96
djibouti,1972,586.92
djibouti,1973,683.20
djibouti,1974,796.73
djibouti,1975,811.99
djibouti,1976,881.60
djibouti,1977,860.42
djibouti,1978,857.54
djibouti,1979,871.73
djibouti,1980,929.24
djibouti,1981,936.68
djibouti,1982,940.94
djibouti,1983,918.05
djibouti,1984,892.97
djibouti,1985,886.95
djibouti,1986,905.74
djibouti,1987,881.50
djibouti,1988,882.97
djibouti,1989,840.29
djibouti,1990,791.64
djibouti,1991,741.86
djibouti,1992,772.78
djibouti,1993,788.84
djibouti,1994,819.40
djibouti,1995,809.43
djibouti,1996,770.14
djibouti,1997,735.50
djibouti,1998,716.27
djibouti,1999,729.91
djibouti,2000,736.31
djibouti,2001,744.05
djibouti,2002,747.69
djibouti,2003,772.85
djibouti,2004,811.26
djibouti,2005,852.89
djibouti,2006,907.55
djibouti,2007,980.03
djibouti,2008,1105.7
djibouti,2009,1214.0
djibouti,2010,1353.0
djibouti,2011,1551.9
djibouti,2012,1786.9
djibouti,2013,2102.2
djibouti,2014,2240.7
djibouti,2015,2430.3
djibouti,2016,2559.1
djibouti,2017,2659.9
djibouti,2018,2765.2
djibouti,2019,2948.2
djibouti,2020,3140.3
djibouti,2021,3348.0
djibouti,2022,3571.8
dominica,1970,334.49
dominica,1971,370.91
dominica,1972,396.20
dominica,1973,452.13
dominica,1974,566.00
dominica,1975,592.40
dominica,1976,574.09
dominica,1977,635.89
dominica,1978,788.23
dominica,1979,756.08
dominica,1980,997.61
dominica,1981,1125.8
dominica,1982,1232.7
dominica,1983,1365.3
dominica,1984,1517.4
dominica,1985,1669.0
dominica,1986,1898.0
dominica,1987,2144.8
dominica,1988,2430.6
dominica,1989,2645.8
dominica,1990,2899.1
dominica,1991,3178.5
dominica,1992,3386.7
dominica,1993,3549.7
dominica,1994,3820.5
dominica,1995,3967.0
dominica,1996,4225.9
dominica,1997,4386.0
dominica,1998,4676.8
dominica,1999,4829.2
dominica,2000,4879.1
dominica,2001,4991.8
dominica,2002,4881.1
dominica,2003,5016.1
dominica,2004,5354.8
dominica,2005,5304.1
dominica,2006,5677.1
dominica,2007,6126.8
dominica,2008,6661.5
dominica,2009,7110.0
dominica,2010,7182.4
dominica,2011,7288.5
dominica,2012,7054.9
dominica,2013,7240.7
dominica,2014,7498.9
dominica,2015,7724.0
dominica,2016,8223.0
dominica,2017,7396.0
dominica,2018,7833.2
dominica,2019,8561.6
dominica,2020,7036.8
dominica,2021,7668.2
dominica,2022,8414.5
dominican_republic,1970,415.36
dominican_republic,1971,453.41
dominican_republic,1972,526.42
dominican_republic,1973,604.91
dominican_republic,1974,735.46
dominican_republic,1975,882.08
dominican_republic,1976,944.61
dominican_republic,1977,1070.0
dominican_republic,1978,1078.2
dominican_republic,1979,1223.2
dominican_republic,1980,1441.7
dominican_republic,1981,1545.3
dominican_republic,1982,1657.1
dominican_republic,1983,1755.6
dominican_republic,1984,2063.0
dominican_republic,1985,875.37
dominican_republic,1986,1037.5
dominican_republic,1987,950.17
dominican_republic,1988,849.41
dominican_republic,1989,1198.9
dominican_republic,1990,1335.7
dominican_republic,1991,1355.7
dominican_republic,1992,1540.7
dominican_republic,1993,1713.9
dominican_republic,1994,1825.2
dominican_republic,1995,2001.0
dominican_republic,1996,2131.5
dominican_republic,1997,2411.4
dominican_republic,1998,2520.2
dominican_republic,1999,2599.1
dominican_republic,2000,2805.4
dominican_republic,2001,2907.8
dominican_republic,2002,2916.9
dominican_republic,2003,2285.8
dominican_republic,2004,2458.6
dominican_republic,2005,3874.7
dominican_republic,2006,4085.7
dominican_republic,2007,4656.4
dominican_republic,2008,5004.5
dominican_republic,2009,4982.5
dominican_republic,2010,5437.9
dominican_republic,2011,5837.3
dominican_republic,2012,6047.1
dominican_republic,2013,6169.3
dominican_republic,2014,6532.7
dominican_republic,2015,6838.0
dominican_republic,2016,7189.0
dominican_republic,2017,7513.5
dominican_republic,2018,7947.2
dominican_republic,2019,8173.3
dominican_republic,2020,7167.9
dominican_republic,2021,8476.7
dominican_republic,2022,10111
ecuador,1970,463.55
ecuador,1971,433.46
ecuador,1972,487.40
ecuador,1973,578.81
ecuador,1974,954.42
ecuador,1975,1087.6
ecuador,1976,1244.1
ecuador,1977,1468.2
ecuador,1978,1545.1
ecuador,1979,1788.4
ecuador,1980,2196.8
ecuador,1981,2610.0
ecuador,1982,2323.7
ecuador,1983,1949.1
ecuador,1984,1873.5
ecuador,1985,1852.2
ecuador,1986,1612.9
ecuador,1987,1432.6
ecuador,1988,1308.5
ecuador,1989,1359.8
ecuador,1990,1457.6
ecuador,1991,1589.0
ecuador,1992,1657.0
ecuador,1993,1700.3
ecuador,1994,2000.2
ecuador,1995,2112.2
ecuador,1996,2141.3
ecuador,1997,2348.0
ecuador,1998,2292.5
ecuador,1999,1582.0
ecuador,2000,1450.8
ecuador,2001,1904.8
ecuador,2002,2184.2
ecuador,2003,2438.3
ecuador,2004,2703.6
ecuador,2005,3014.3
ecuador,2006,3340.8
ecuador,2007,3579.0
ecuador,2008,4260.4
ecuador,2009,4240.7
ecuador,2010,4640.2
ecuador,2011,5202.7
ecuador,2012,5678.5
ecuador,2013,6050.4
ecuador,2014,6374.6
ecuador,2015,6130.6
ecuador,2016,6079.1
ecuador,2017,6246.4
ecuador,2018,6321.3
ecuador,2019,6233.3
ecuador,2020,5645.2
ecuador,2021,5965.1
ecuador,2022,6391.3
egypt,1970,234.11
egypt,1971,242.69
egypt,1972,253.97
egypt,1973,258.33
egypt,1974,298.81
egypt,1975,326.95
egypt,1976,377.67
egypt,1977,471.58
egypt,1978,563.58
egypt,1979,366.28
egypt,1980,459.88
egypt,1981,300.35
egypt,1982,341.46
egypt,1983,399.45
egypt,1984,443.68
egypt,1985,475.34
egypt,1986,481.23
egypt,1987,517.63
egypt,1988,549.15
egypt,1989,587.98
egypt,1990,629.12
egypt,1991,668.81
egypt,1992,763.29
egypt,1993,824.67
egypt,1994,900.47
egypt,1995,1024.8
egypt,1996,1128.1
egypt,1997,1217.6
egypt,1998,1273.2
egypt,1999,1314.7
egypt,2000,1340.6
egypt,2001,1245.3
egypt,2002,1163.0
egypt,2003,975.16
egypt,2004,1021.5
egypt,2005,1194.5
egypt,2006,1336.3
egypt,2007,1607.5
egypt,2008,1966.1
egypt,2009,2198.3
egypt,2010,2459.9
egypt,2011,2590.8
egypt,2012,3030.9
egypt,2013,2899.9
egypt,2014,3148.3
egypt,2015,3251.5
egypt,2016,2708.4
egypt,2017,1917.0
egypt,2018,2407.5
egypt,2019,3004.7
egypt,2020,3457.2
egypt,2021,3898.0
egypt,2022,3687.8
el_salvador,1970,256.94
el_salvador,1971,263.75
el_salvador,1972,274.45
el_salvador,1973,309.75
el_salvador,1974,358.05
el_salvador,1975,397.28
el_salvador,1976,495.28
el_salvador,1977,608.97
el_salvador,1978,640.07
el_salvador,1979,702.23
el_salvador,1980,715.27
el_salvador,1981,687.49
el_salvador,1982,704.99
el_salvador,1983,782.96
el_salvador,1984,881.64
el_salvador,1985,1062.9
el_salvador,1986,740.91
el_salvador,1987,825.88
el_salvador,1988,957.16
el_salvador,1989,1105.8
el_salvador,1990,897.59
el_salvador,1991,961.78
el_salvador,1992,1047.0
el_salvador,1993,1186.3
el_salvador,1994,1348.9
el_salvador,1995,1552.1
el_salvador,1996,1653.6
el_salvador,1997,1749.5
el_salvador,1998,1858.4
el_salvador,1999,1904.9
el_salvador,2000,1977.8
el_salvador,2001,2051.2
el_salvador,2002,2106.7
el_salvador,2003,2197.5
el_salvador,2004,2274.0
el_salvador,2005,2434.3
el_salvador,2006,2651.4
el_salvador,2007,2814.6
el_salvador,2008,2964.2
el_salvador,2009,2889.7
el_salvador,2010,3017.3
el_salvador,2011,3305.0
el_salvador,2012,3471.1
el_salvador,2013,3555.2
el_salvador,2014,3638.5
el_salvador,2015,3761.5
el_salvador,2016,3870.3
el_salvador,2017,3986.0
el_salvador,2018,4145.9
el_salvador,2019,4280.3
el_salvador,2020,3961.7
el_salvador,2021,4664.3
el_salvador,2022,5127.3
equatorial_guinea,1970,66.168
equatorial_guinea,1971,69.809
equatorial_guinea,1972,68.218
equatorial_guinea,1973,88.907
equatorial_guinea,1974,96.961
equatorial_guinea,1975,123.13
equatorial_guinea,1976,131.28
equatorial_guinea,1977,147.91
equatorial_guinea,1978,167.82
equatorial_guinea,1979,187.64
equatorial_guinea,1980,197.00
equatorial_guinea,1981,176.40
equatorial_guinea,1982,196.87
equatorial_guinea,1983,208.52
equatorial_guinea,1984,196.94
equatorial_guinea,1985,233.34
equatorial_guinea,1986,281.78
equatorial_guinea,1987,328.70
equatorial_guinea,1988,346.52
equatorial_guinea,1989,307.81
equatorial_guinea,1990,364.59
equatorial_guinea,1991,354.95
equatorial_guinea,1992,403.85
equatorial_guinea,1993,383.99
equatorial_guinea,1994,305.78
equatorial_guinea,1995,384.01
equatorial_guinea,1996,583.96
equatorial_guinea,1997,1079.4
equatorial_guinea,1998,870.28
equatorial_guinea,1999,1400.1
equatorial_guinea,2000,2205.6
equatorial_guinea,2001,3069.4
equatorial_guinea,2002,3602.4
equatorial_guinea,2003,4682.8
equatorial_guinea,2004,6801.9
equatorial_guinea,2005,9852.5
equatorial_guinea,2006,11140
equatorial_guinea,2007,13777
equatorial_guinea,2008,19850
equatorial_guinea,2009,14399
equatorial_guinea,2010,14891
equatorial_guinea,2011,18635
equatorial_guinea,2012,18757
equatorial_guinea,2013,17640
equatorial_guinea,2014,16783
equatorial_guinea,2015,9781.6
equatorial_guinea,2016,8035.3
equatorial_guinea,2017,8410.4
equatorial_guinea,2018,8719.2
equatorial_guinea,2019,7317.4
equatorial_guinea,2020,6327.6
equatorial_guinea,2021,7506.7
equatorial_guinea,2022,7025.7
eritrea,1993,254.90
eritrea,1994,308.82
eritrea,1995,296.55
eritrea,1996,330.58
eritrea,1997,341.28
eritrea,1998,348.43
eritrea,1999,336.82
eritrea,2000,295.20
eritrea,2001,305.60
eritrea,2002,286.30
eritrea,2003,327.98
eritrea,2004,401.37
eritrea,2005,387.90
eritrea,2006,325.45
eritrea,2007,348.57
eritrea,2008,306.97
eritrea,2009,420.47
eritrea,2010,504.97
eritrea,2011,643.79
eritrea,2012,693.25
eritrea,2013,593.97
eritrea,2014,783.60
eritrea,2015,602.75
eritrea,2016,645.92
eritrea,2017,560.50
eritrea,2018,582.13
eritrea,2019,566.44
eritrea,2020,594.00
eritrea,2021,610.98
eritrea,2022,646.93
estonia,1992,2817.3
estonia,1993,2783.4
estonia,1994,2840.5
estonia,1995,3080.9
estonia,1996,3333.9
estonia,1997,3626.0
estonia,1998,4018.1
estonia,1999,4106.8
estonia,2000,4074.0
estonia,2001,4506.4
estonia,2002,5342.1
estonia,2003,7204.0
estonia,2004,8914.5
estonia,2005,10412
estonia,2006,12647
estonia,2007,16742
estonia,2008,18185
estonia,2009,14718
estonia,2010,14671
estonia,2011,17465
estonia,2012,17404
estonia,2013,19051
estonia,2014,20234
estonia,2015,17405
estonia,2016,18281
estonia,2017,20435
estonia,2018,23163
estonia,2019,23422
estonia,2020,23597
estonia,2021,27991
estonia,2022,28693
eswatini,1970,349.37
eswatini,1971,422.56
eswatini,1972,451.82
eswatini,1973,570.35
eswatini,1974,685.92
eswatini,1975,777.45
eswatini,1976,770.88
eswatini,1977,830.48
eswatini,1978,900.47
eswatini,1979,1033.1
eswatini,1980,1347.0
eswatini,1981,1446.6
eswatini,1982,1304.4
eswatini,1983,1340.9
eswatini,1984,1061.1
eswatini,1985,766.96
eswatini,1986,930.74
eswatini,1987,1184.1
eswatini,1988,1320.4
eswatini,1989,1312.7
eswatini,1990,1468.8
eswatini,1991,1495.6
eswatini,1992,1593.9
eswatini,1993,1565.4
eswatini,1994,1667.7
eswatini,1995,1994.2
eswatini,1996,1842.3
eswatini,1997,1945.1
eswatini,1998,1765.1
eswatini,1999,1699.3
eswatini,2000,1686.7
eswatini,2001,1481.1
eswatini,2002,1363.0
eswatini,2003,2075.6
eswatini,2004,2599.1
eswatini,2005,2965.0
eswatini,2006,3053.9
eswatini,2007,3200.5
eswatini,2008,3022.5
eswatini,2009,3270.1
eswatini,2010,4035.5
eswatini,2011,4361.0
eswatini,2012,4396.6
eswatini,2013,4111.1
eswatini,2014,3928.5
eswatini,2015,3579.8
eswatini,2016,3340.0
eswatini,2017,3822.8
eswatini,2018,4020.0
eswatini,2019,3843.4
eswatini,2020,3372.9
eswatini,2021,3978.4
eswatini,2022,3600.6
ethiopia,1993,137.25
ethiopia,1994,128.51
ethiopia,1995,132.00
ethiopia,1996,138.77
ethiopia,1997,139.17
ethiopia,1998,122.38
ethiopia,1999,112.61
ethiopia,2000,119.80
ethiopia,2001,115.38
ethiopia,2002,108.21
ethiopia,2003,115.54
ethiopia,2004,131.95
ethiopia,2005,157.01
ethiopia,2006,188.02
ethiopia,2007,231.62
ethiopia,2008,303.57
ethiopia,2009,324.98
ethiopia,2010,294.84
ethiopia,2011,331.96
ethiopia,2012,446.90
ethiopia,2013,479.40
ethiopia,2014,543.01
ethiopia,2015,615.57
ethiopia,2016,685.30
ethiopia,2017,709.76
ethiopia,2018,721.77
ethiopia,2019,811.09
ethiopia,2020,824.49
ethiopia,2021,825.22
ethiopia,2022,964.27
fiji,1970,418.51
fiji,1971,459.54
fiji,1972,578.16
fiji,1973,764.89
fiji,1974,987.91
fiji,1975,1189.4
fiji,1976,1186.8
fiji,1977,1202.3
fiji,1978,1352.3
fiji,1979,1621.6
fiji,1980,1865.8
fiji,1981,1870.4
fiji,1982,1763.8
fiji,1983,1619.3
fiji,1984,1657.8
fiji,1985,1568.8
fiji,1986,1737.4
fiji,1987,1560.7
fiji,1988,1452.2
fiji,1989,1530.6
fiji,1990,1713.2
fiji,1991,1763.3
fiji,1992,1947.5
fiji,1993,2073.1
fiji,1994,2308.7
fiji,1995,2487.0
fiji,1996,2672.5
fiji,1997,2597.9
fiji,1998,2031.0
fiji,1999,2351.7
fiji,2000,2015.8
fiji,2001,1964.1
fiji,2002,2157.3
fiji,2003,2680.5
fiji,2004,3124.7
fiji,2005,3406.6
fiji,2006,3483.6
fiji,2007,3793.1
fiji,2008,3928.9
fiji,2009,3184.7
fiji,2010,3469.5
fiji,2011,4155.4
fiji,2012,4359.8
fiji,2013,4587.2
fiji,2014,5305.0
fiji,2015,5105.1
fiji,2016,5368.5
fiji,2017,5825.2
fiji,2018,6073.4
fiji,2019,5927.7
fiji,2020,4815.7
fiji,2021,4656.1
fiji,2022,5356.2
finland,1970,2453.4
finland,1971,2702.8
finland,1972,3162.1
finland,1973,4152.7
finland,1974,5271.5
finland,1975,6224.8
finland,1976,6708.5
finland,1977,7041.7
finland,1978,7612.0
finland,1979,9308.4
finland,1980,11225
finland,1981,10927
finland,1982,10938
finland,1983,10497
finland,1984,10834
finland,1985,11398
finland,1986,14950
finland,1987,18571
finland,1988,22047
finland,1989,23972
finland,1990,28365
finland,1991,25482
finland,1992,22319
finland,1993,17608
finland,1994,20300
finland,1995,26270
finland,1996,25783
finland,1997,24690
finland,1998,26009
finland,1999,26177
finland,2000,24285
finland,2001,24946
finland,2002,26871
finland,2003,32854
finland,2004,37705
finland,2005,39040
finland,2006,41186
finland,2007,48413
finland,2008,53557
finland,2009,47292
finland,2010,46461
finland,2011,51083
finland,2012,47712
finland,2013,49879
finland,2014,50261
finland,2015,42785
finland,2016,43785
finland,2017,46413
finland,2018,49988
finland,2019,48630
finland,2020,49170
finland,2021,53609
finland,2022,50988
france,1970,2938.3
france,1971,3256.3
france,1972,3958.0
france,1973,5103.3
france,1974,5474.0
france,1975,6879.8
france,1976,7066.9
france,1977,7752.1
france,1978,9528.8
france,1979,11491
france,1980,13056
france,1981,11396
france,1982,10767
france,1983,10256
france,1984,9676.1
france,1985,10037
france,1986,13933
france,1987,16789
france,1988,18222
france,1989,18251
france,1990,22497
france,1991,22407
france,1992,24645
france,1993,23187
france,1994,24357
france,1995,27882
france,1996,27867
france,1997,25119
france,1998,25881
france,1999,25579
france,2000,23221
france,2001,23324
france,2002,25169
france,2003,30813
france,2004,35200
france,2005,36293
france,2006,38058
france,2007,43325
france,2008,47285
france,2009,43323
france,2010,42319
france,2011,45582
france,2012,42552
france,2013,44384
france,2014,44853
france,2015,38211
france,2016,38620
france,2017,40458
france,2018,43420
france,2019,42374
france,2020,41058
france,2021,45859
france,2022,42944
gabon,1970,686.33
gabon,1971,792.43
gabon,1972,875.70
gabon,1973,1440.4
gabon,1974,3013.4
gabon,1975,4119.4
gabon,1976,5615.4
gabon,1977,5119.2
gabon,1978,4249.2
gabon,1979,5255.3
gabon,1980,7237.4
gabon,1981,6361.6
gabon,1982,5802.7
gabon,1983,5296.0
gabon,1984,5410.9
gabon,1985,5416.5
gabon,1986,4989.1
gabon,1987,4751.8
gabon,1988,4631.6
gabon,1989,4847.7
gabon,1990,6143.8
gabon,1991,5953.9
gabon,1992,5999.8
gabon,1993,5647.6
gabon,1994,4265.2
gabon,1995,4919.2
gabon,1996,5507.9
gabon,1997,5044.6
gabon,1998,4144.8
gabon,1999,4160.7
gabon,2000,4459.6
gabon,2001,3965.8
gabon,2002,4027.2
gabon,2003,4757.2
gabon,2004,5535.3
gabon,2005,6568.3
gabon,2006,6867.3
gabon,2007,8026.3
gabon,2008,9693.0
gabon,2009,7296.6
gabon,2010,8391.4
gabon,2011,10260
gabon,2012,9349.1
gabon,2013,9247.4
gabon,2014,9243.0
gabon,2015,7085.1
gabon,2016,6722.2
gabon,2017,6975.8
gabon,2018,7694.9
gabon,2019,7523.9
gabon,2020,6680.1
gabon,2021,8635.4
gabon,2022,8427.1
gambia,1970,302.84
gambia,1971,308.50
gambia,1972,390.00
gambia,1973,645.09
gambia,1974,819.78
gambia,1975,954.05
gambia,1976,850.81
gambia,1977,871.17
gambia,1978,1003.3
gambia,1979,1064.8
gambia,1980,1165.6
gambia,1981,1194.3
gambia,1982,1159.2
gambia,1983,1106.8
gambia,1984,1044.9
gambia,1985,1270.4
gambia,1986,831.06
gambia,1987,894.29
gambia,1988,1078.6
gambia,1989,1077.6
gambia,1990,1130.1
gambia,1991,1058.8
gambia,1992,1053.1
gambia,1993,1074.1
gambia,1994,1028.8
gambia,1995,1051.6
gambia,1996,1102.1
gambia,1997,1014.1
gambia,1998,1029.7
gambia,1999,969.58
gambia,2000,905.12
gambia,2001,772.20
gambia,2002,631.30
gambia,2003,516.79
gambia,2004,596.63
gambia,2005,618.96
gambia,2006,615.97
gambia,2007,725.09
gambia,2008,857.86
gambia,2009,772.12
gambia,2010,796.63
gambia,2011,705.48
gambia,2012,686.56
gambia,2013,647.39
gambia,2014,561.65
gambia,2015,611.67
gambia,2016,633.20
gambia,2017,632.02
gambia,2018,683.33
gambia,2019,722.88
gambia,2020,704.03
gambia,2021,776.13
gambia,2022,824.67
georgia,1992,782.21
georgia,1993,578.55
georgia,1994,543.30
georgia,1995,583.01
georgia,1996,676.85
georgia,1997,795.90
georgia,1998,841.30
georgia,1999,670.28
georgia,2000,754.23
georgia,2001,817.18
georgia,2002,879.63
georgia,2003,1045.1
georgia,2004,1351.8
georgia,2005,1702.6
georgia,2006,2071.2
georgia,2007,2739.5
georgia,2008,3469.4
georgia,2009,2938.0
georgia,2010,3191.0
georgia,2011,3953.1
georgia,2012,4334.2
georgia,2013,4540.4
georgia,2014,4670.5
georgia,2015,3965.3
georgia,2016,4015.2
georgia,2017,4306.2
georgia,2018,4665.4
georgia,2019,4634.8
georgia,2020,4207.9
georgia,2021,4956.3
georgia,2022,6571.3
germany,1970,2756.7
germany,1971,3184.1
germany,1972,3812.1
germany,1973,5064.1
germany,1974,5664.0
germany,1975,6248.9
germany,1976,6632.4
germany,1977,7676.8
germany,1978,9484.6
germany,1979,11311
germany,1980,12217
germany,1981,10304
germany,1982,10006
germany,1983,9936.1
germany,1984,9348.0
germany,1985,9435.0
germany,1986,13448
germany,1987,16624
germany,1988,17854
germany,1989,17728
germany,1990,22321
germany,1991,23420
germany,1992,26578
germany,1993,25706
germany,1994,27262
germany,1995,31873
germany,1996,30717
germany,1997,27162
germany,1998,27464
germany,1999,26903
germany,2000,23827
germany,2001,23850
germany,2002,25401
germany,2003,30684
germany,2004,34569
germany,2005,35041
germany,2006,36858
germany,2007,42140
germany,2008,45928
germany,2009,41811
germany,2010,41763
germany,2011,45987
germany,2012,43256
germany,2013,45699
germany,2014,47447
germany,2015,40893
germany,2016,42116
germany,2017,44670
germany,2018,47945
germany,2019,46774
germany,2020,46655
germany,2021,51296
germany,2022,48902
ghana,1970,530.10
ghana,1971,562.99
ghana,1972,478.46
ghana,1973,434.31
ghana,1974,491.47
ghana,1975,456.84
ghana,1976,451.73
ghana,1977,476.36
ghana,1978,536.35
ghana,1979,548.92
ghana,1980,583.55
ghana,1981,598.89
ghana,1982,574.38
ghana,1983,552.12
ghana,1984,604.81
ghana,1985,640.79
ghana,1986,672.01
ghana,1987,704.55
ghana,1988,751.50
ghana,1989,740.08
ghana,1990,855.41
ghana,1991,937.70
ghana,1992,899.53
ghana,1993,760.81
ghana,1994,677.98
ghana,1995,786.40
ghana,1996,824.20
ghana,1997,800.21
ghana,1998,848.05
ghana,1999,853.74
ghana,2000,537.48
ghana,2001,558.25
ghana,2002,630.11
ghana,2003,759.08
ghana,2004,860.00
ghana,2005,1011.9
ghana,2006,1169.6
ghana,2007,1382.2
ghana,2008,1552.3
ghana,2009,1378.1
ghana,2010,1665.2
ghana,2011,1998.4
ghana,2012,2066.8
ghana,2013,2314.3
ghana,2014,1940.8
ghana,2015,1733.0
ghana,2016,1900.4
ghana,2017,1998.6
ghana,2018,2179.3
ghana,2019,2168.4
ghana,2020,2176.6
ghana,2021,2422.1
ghana,2022,2203.6
greece,1970,1537.0
greece,1971,1700.6
greece,1972,1958.7
greece,1973,2577.5
greece,1974,2902.6
greece,1975,3240.9
greece,1976,3505.1
greece,1977,4026.7
greece,1978,4871.6
greece,1979,5925.9
greece,1980,6107.6
greece,1981,5557.3
greece,1982,5730.5
greece,1983,5128.6
greece,1984,4930.1
greece,1985,4859.3
greece,1986,5673.8
greece,1987,6545.5
greece,1988,7535.2
greece,1989,7751.8
greece,1990,9502.1
greece,1991,10118
greece,1992,11091
greece,1993,10301
greece,1994,10952
greece,1995,12760
greece,1996,13501
greece,1997,13163
greece,1998,13203
greece,1999,13567
greece,2000,11933
greece,2001,12300
greece,2002,13863
greece,2003,18173
greece,2004,21640
greece,2005,22295
greece,2006,24608
greece,2007,28714
greece,2008,32011
greece,2009,29848
greece,2010,26902
greece,2011,25682
greece,2012,22077
greece,2013,21883
greece,2014,21646
greece,2015,18100
greece,2016,17956
greece,2017,18691
greece,2018,19942
greece,2019,19411
greece,2020,17930
greece,2021,20551
greece,2022,20923
grenada,1970,193.41
grenada,1971,245.48
grenada,1972,329.07
grenada,1973,406.84
grenada,1974,422.15
grenada,1975,521.26
grenada,1976,524.12
grenada,1977,589.88
grenada,1978,732.66
grenada,1979,853.21
grenada,1980,929.39
grenada,1981,993.00
grenada,1982,1082.1
grenada,1983,1124.0
grenada,1984,1204.1
grenada,1985,1350.1
grenada,1986,1515.4
grenada,1987,1761.4
grenada,1988,1960.3
grenada,1989,2161.0
grenada,1990,2383.8
grenada,1991,2480.9
grenada,1992,2496.1
grenada,1993,2465.7
grenada,1994,2562.3
grenada,1995,2673.8
grenada,1996,2845.6
grenada,1997,3043.4
grenada,1998,3323.5
grenada,1999,3556.5
grenada,2000,4840.7
grenada,2001,4821.8
grenada,2002,4992.4
grenada,2003,5435.2
grenada,2004,5470.6
grenada,2005,6307.0
grenada,2006,6295.3
grenada,2007,6790.6
grenada,2008,7343.5
grenada,2009,6810.5
grenada,2010,6761.0
grenada,2011,6775.8
grenada,2012,6900.8
grenada,2013,7205.3
grenada,2014,7726.4
grenada,2015,8379.6
grenada,2016,8849.5
grenada,2017,9309.3
grenada,2018,9574.3
grenada,2019,9887.9
grenada,2020,8437.5
grenada,2021,9010.7
grenada,2022,9509.3
guatemala,1970,306.32
guatemala,1971,311.05
guatemala,1972,320.96
guatemala,1973,382.37
guatemala,1974,458.60
guatemala,1975,515.78
guatemala,1976,603.81
guatemala,1977,741.19
guatemala,1978,801.02
guatemala,1979,888.69
guatemala,1980,989.28
guatemala,1981,1053.9
guatemala,1982,1043.0
guatemala,1983,1056.9
guatemala,1984,1076.4
guatemala,1985,1236.5
guatemala,1986,909.50
guatemala,1987,742.63
guatemala,1988,800.07
guatemala,1989,834.74
guatemala,1990,738.79
guatemala,1991,884.53
guatemala,1992,956.49
guatemala,1993,1017.3
guatemala,1994,1128.3
guatemala,1995,1240.8
guatemala,1996,1302.3
guatemala,1997,1430.8
guatemala,1998,1521.4
guatemala,1999,1401.9
guatemala,2000,1442.0
guatemala,2001,1532.7
guatemala,2002,1663.7
guatemala,2003,1715.9
guatemala,2004,1835.1
guatemala,2005,2039.1
guatemala,2006,2218.2
guatemala,2007,2451.1
guatemala,2008,2755.1
guatemala,2009,2604.2
guatemala,2010,2797.3
guatemala,2011,3161.7
guatemala,2012,3277.9
guatemala,2013,3436.3
guatemala,2014,3681.6
guatemala,2015,3886.4
guatemala,2016,4054.6
guatemala,2017,4322.0
guatemala,2018,4351.8
guatemala,2019,4511.3
guatemala,2020,4476.0
guatemala,2021,4887.0
guatemala,2022,5324.1
guinea,1970,181.29
guinea,1971,197.17
guinea,1972,206.88
guinea,1973,218.00
guinea,1974,246.11
guinea,1975,272.37
guinea,1976,305.42
guinea,1977,308.77
guinea,1978,347.47
guinea,1979,365.65
guinea,1980,401.86
guinea,1981,434.28
guinea,1982,460.04
guinea,1983,474.05
guinea,1984,486.98
guinea,1985,515.14
guinea,1986,528.53
guinea,1987,545.11
guinea,1988,584.24
guinea,1989,580.50
guinea,1990,614.69
guinea,1991,623.73
guinea,1992,650.71
guinea,1993,627.67
guinea,1994,638.08
guinea,1995,704.33
guinea,1996,716.42
guinea,1997,685.29
guinea,1998,613.84
guinea,1999,581.22
guinea,2000,512.11
guinea,2001,482.51
guinea,2002,475.59
guinea,2003,543.28
guinea,2004,561.11
guinea,2005,444.54
guinea,2006,452.28
guinea,2007,657.99
guinea,2008,712.10
guinea,2009,670.26
guinea,2010,667.28
guinea,2011,644.50
guinea,2012,707.97
guinea,2013,757.69
guinea,2014,774.57
guinea,2015,756.43
guinea,2016,721.13
guinea,2017,843.46
guinea,2018,944.42
guinea,2019,1043.9
guinea,2020,1066.9
guinea,2021,1166.7
guinea,2022,1504.1
guinea_bissau,1970,474.71
guinea_bissau,1971,468.53
guinea_bissau,1972,547.13
guinea_bissau,1973,666.07
guinea_bissau,1974,708.01
guinea_bissau,1975,769.72
guinea_bissau,1976,651.99
guinea_bissau,1977,526.27
guinea_bissau,1978,571.33
guinea_bissau,1979,604.43
guinea_bissau,1980,563.97
guinea_bissau,1981,604.62
guinea_bissau,1982,487.16
guinea_bissau,1983,481.31
guinea_bissau,1984,517.90
guinea_bissau,1985,461.40
guinea_bissau,1986,504.81
guinea_bissau,1987,538.07
guinea_bissau,1988,501.12
guinea_bissau,1989,593.23
guinea_bissau,1990,625.75
guinea_bissau,1991,652.70
guinea_bissau,1992,668.70
guinea_bissau,1993,677.70
guinea_bissau,1994,691.19
guinea_bissau,1995,715.88
guinea_bissau,1996,469.77
guinea_bissau,1997,354.80
guinea_bissau,1998,317.29
guinea_bissau,1999,336.40
guinea_bissau,2000,294.66
guinea_bissau,2001,302.29
guinea_bissau,2002,317.54
guinea_bissau,2003,362.09
guinea_bissau,2004,394.29
guinea_bissau,2005,425.30
guinea_bissau,2006,418.53
guinea_bissau,2007,479.80
guinea_bissau,2008,580.92
guinea_bissau,2009,541.38
guinea_bissau,2010,541.76
guinea_bissau,2011,682.64
guinea_bissau,2012,598.61
guinea_bissau,2013,615.98
guinea_bissau,2014,604.32
guinea_bissau,2015,585.51
guinea_bissau,2016,642.67
guinea_bissau,2017,718.25
guinea_bissau,2018,741.56
guinea_bissau,2019,692.90
guinea_bissau,2020,692.80
guinea_bissau,2021,768.67
guinea_bissau,2022,747.76
guyana,1970,605.54
guyana,1971,633.63
guyana,1972,634.18
guyana,1973,668.91
guyana,1974,926.87
guyana,1975,1078.7
guyana,1976,942.93
guyana,1977,923.79
guyana,1978,1031.4
guyana,1979,1070.7
guyana,1980,1211.9
guyana,1981,1161.4
guyana,1982,985.90
guyana,1983,993.65
guyana,1984,911.77
guyana,1985,953.34
guyana,1986,1078.2
guyana,1987,718.52
guyana,1988,869.84
guyana,1989,805.63
guyana,1990,845.78
guyana,1991,746.88
guyana,1992,800.27
guyana,1993,995.71
guyana,1994,1160.2
guyana,1995,1318.9
guyana,1996,1493.0
guyana,1997,1581.9
guyana,1998,1512.2
guyana,1999,1461.6
guyana,2000,1497.3
guyana,2001,1621.8
guyana,2002,1793.0
guyana,2003,1990.2
guyana,2004,2289.9
guyana,2005,2604.0
guyana,2006,3138.1
guyana,2007,3609.9
guyana,2008,4011.4
guyana,2009,4213.8
guyana,2010,4589.9
guyana,2011,4960.0
guyana,2012,5461.4
guyana,2013,5576.3
guyana,2014,5495.4
guyana,2015,5668.4
guyana,2016,5905.4
guyana,2017,6221.0
guyana,2018,6094.9
guyana,2019,6477.3
guyana,2020,6863.1
guyana,2021,9994.6
guyana,2022,18199
haiti,1970,93.837
haiti,1971,100.94
haiti,1972,101.65
haiti,1973,125.30
haiti,1974,149.05
haiti,1975,176.34
haiti,1976,223.22
haiti,1977,235.90
haiti,1978,237.99
haiti,1979,258.85
haiti,1980,325.00
haiti,1981,326.06
haiti,1982,332.63
haiti,1983,359.00
haiti,1984,393.57
haiti,1985,426.68
haiti,1986,465.48
haiti,1987,399.14
haiti,1988,410.42
haiti,1989,439.05
haiti,1990,507.79
haiti,1991,502.39
haiti,1992,362.28
haiti,1993,317.19
haiti,1994,382.01
haiti,1995,496.24
haiti,1996,560.11
haiti,1997,626.20
haiti,1998,743.38
haiti,1999,828.74
haiti,2000,760.93
haiti,2001,732.51
haiti,2002,665.15
haiti,2003,554.01
haiti,2004,704.07
haiti,2005,765.99
haiti,2006,820.12
haiti,2007,1003.3
haiti,2008,1056.3
haiti,2009,1165.8
haiti,2010,1220.4
haiti,2011,1299.3
haiti,2012,1344.2
haiti,2013,1446.4
haiti,2014,1435.6
haiti,2015,1344.6
haiti,2016,1249.8
haiti,2017,1405.4
haiti,2018,1428.4
haiti,2019,1260.3
haiti,2020,1463.5
haiti,2021,1663.6
haiti,2022,1618.6
honduras,1970,296.24
honduras,1971,304.12
honduras,1972,324.07
honduras,1973,357.30
honduras,1974,393.47
honduras,1975,414.93
honduras,1976,482.23
honduras,1977,578.79
honduras,1978,648.35
honduras,1979,733.33
honduras,1980,810.27
honduras,1981,863.41
honduras,1982,862.58
honduras,1983,887.15
honduras,1984,929.05
honduras,1985,989.56
honduras,1986,1006.2
honduras,1987,1066.3
honduras,1988,1154.9
honduras,1989,1254.5
honduras,1990,719.79
honduras,1991,704.39
honduras,1992,763.25
honduras,1993,760.90
honduras,1994,724.36
honduras,1995,812.76
honduras,1996,814.51
honduras,1997,915.65
honduras,1998,995.16
honduras,1999,999.03
honduras,2000,1079.7
honduras,2001,1119.2
honduras,2002,1119.7
honduras,2003,1143.3
honduras,2004,1201.5
honduras,2005,1289.8
honduras,2006,1409.6
honduras,2007,1559.9
honduras,2008,1713.4
honduras,2009,1762.3
honduras,2010,1874.3
honduras,2011,2054.0
honduras,2012,2107.3
honduras,2013,2064.6
honduras,2014,2164.4
honduras,2015,2257.2
honduras,2016,2295.5
honduras,2017,2403.3
honduras,2018,2457.7
honduras,2019,2519.4
honduras,2020,2354.1
honduras,2021,2771.7
honduras,2022,3040.2
hungary,1970,619.36
hungary,1971,672.11
hungary,1972,785.94
hungary,1973,970.10
hungary,1974,1058.4
hungary,1975,1199.8
hungary,1976,1382.7
hungary,1977,1537.0
hungary,1978,1790.6
hungary,1979,2062.1
hungary,1980,2381.9
hungary,1981,2446.7
hungary,1982,2497.6
hungary,1983,2274.1
hungary,1984,2213.1
hungary,1985,2249.2
hungary,1986,2599.9
hungary,1987,2867.5
hungary,1988,3080.9
hungary,1989,3134.3
hungary,1990,3584.5
hungary,1991,3349.8
hungary,1992,3734.8
hungary,1993,3874.1
hungary,1994,4172.2
hungary,1995,4496.8
hungary,1996,4526.3
hungary,1997,4598.1
hungary,1998,4746.8
hungary,1999,4796.9
hungary,2000,4628.3
hungary,2001,5281.0
hungary,2002,6661.4
hungary,2003,8429.0
hungary,2004,10315
hungary,2005,11238
hungary,2006,11506
hungary,2007,13961
hungary,2008,15795
hungary,2009,13096
hungary,2010,13235
hungary,2011,14261
hungary,2012,12983
hungary,2013,13713
hungary,2014,14292
hungary,2015,12715
hungary,2016,13103
hungary,2017,14620
hungary,2018,16424
hungary,2019,16785
hungary,2020,16125
hungary,2021,18753
hungary,2022,17792
iceland,1970,2576.0
iceland,1971,3250.9
iceland,1972,4013.8
iceland,1973,5417.0
iceland,1974,7038.1
iceland,1975,6451.7
iceland,1976,7580.1
iceland,1977,9953.3
iceland,1978,11231
iceland,1979,12634
iceland,1980,14814
iceland,1981,15129
iceland,1982,13704
iceland,1983,11664
iceland,1984,11951
iceland,1985,12352
iceland,1986,16394
iceland,1987,22437
iceland,1988,24435
iceland,1989,22418
iceland,1990,25366
iceland,1991,26783
iceland,1992,27103
iceland,1993,23561
iceland,1994,24000
iceland,1995,26612
iceland,1996,27592
iceland,1997,27896
iceland,1998,31003
iceland,1999,32353
iceland,2000,32067
iceland,2001,28870
iceland,2002,32378
iceland,2003,39439
iceland,2004,47288
iceland,2005,56738
iceland,2006,57438
iceland,2007,69432
iceland,2008,56889
iceland,2009,41262
iceland,2010,43197
iceland,2011,47673
iceland,2012,45958
iceland,2013,49765
iceland,2014,54534
iceland,2015,52912
iceland,2016,61944
iceland,2017,71962
iceland,2018,74405
iceland,2019,68412
iceland,2020,58815
iceland,2021,69116
iceland,2022,75260
india,1970,111.97
india,1971,117.37
india,1972,124.81
india,1973,145.70
india,1974,160.69
india,1975,163.16
india,1976,160.74
india,1977,182.66
india,1978,206.41
india,1979,223.21
india,1980,268.41
india,1981,279.92
india,1982,280.31
india,1983,298.82
india,1984,290.93
india,1985,294.84
india,1986,316.41
india,1987,342.26
india,1988,370.04
india,1989,356.82
india,1990,378.12
india,1991,327.58
india,1992,323.60
india,1993,310.11
india,1994,346.49
india,1995,385.56
india,1996,400.34
india,1997,424.55
india,1998,420.54
india,1999,443.82
india,2000,449.35
india,2001,454.75
india,2002,466.87
india,2003,536.48
india,2004,618.81
india,2005,713.31
india,2006,801.00
india,2007,995.82
india,2008,1050.3
india,2009,1074.9
india,2010,1345.8
india,2011,1488.5
india,2012,1460.1
india,2013,1484.8
india,2014,1562.8
india,2015,1622.8
india,2016,1711.1
india,2017,1937.9
india,2018,2018.4
india,2019,2064.1
india,2020,1916.5
india,2021,2255.9
india,2022,2445.4
indonesia,1970,90.600
indonesia,1971,92.622
indonesia,1972,105.88
indonesia,1973,152.64
indonesia,1974,235.91
indonesia,1975,271.61
indonesia,1976,324.10
indonesia,1977,388.72
indonesia,1978,426.15
indonesia,1979,415.56
indonesia,1980,572.23
indonesia,1981,709.58
indonesia,1982,711.84
indonesia,1983,628.92
indonesia,1984,631.36
indonesia,1985,616.26
indonesia,1986,553.74
indonesia,1987,515.16
indonesia,1988,591.17
indonesia,1989,663.23
indonesia,1990,734.84
indonesia,1991,808.88
indonesia,1992,863.07
indonesia,1993,964.02
indonesia,1994,1061.6
indonesia,1995,1193.4
indonesia,1996,1320.8
indonesia,1997,1233.4
indonesia,1998,537.17
indonesia,1999,776.20
indonesia,2000,820.76
indonesia,2001,786.84
indonesia,2002,946.44
indonesia,2003,1120.5
indonesia,2004,1210.3
indonesia,2005,1330.3
indonesia,2006,1674.6
indonesia,2007,1959.4
indonesia,2008,2283.2
indonesia,2009,2384.0
indonesia,2010,3094.4
indonesia,2011,3613.8
indonesia,2012,3668.2
indonesia,2013,3602.9
indonesia,2014,3476.6
indonesia,2015,3322.6
indonesia,2016,3558.8
indonesia,2017,3839.8
indonesia,2018,3902.7
indonesia,2019,4151.2
indonesia,2020,3895.6
indonesia,2021,4334.2
indonesia,2022,4788.0
iran_islamic_republic_of,1970,385.81
iran_islamic_republic_of,1971,469.08
iran_islamic_republic_of,1972,569.66
iran_islamic_republic_of,1973,874.05
iran_islamic_republic_of,1974,1448.3
iran_islamic_republic_of,1975,1587.6
iran_islamic_republic_of,1976,2019.4
iran_islamic_republic_of,1977,2309.1
iran_islamic_republic_of,1978,2166.3
iran_islamic_republic_of,1979,2428.9
iran_islamic_republic_of,1980,2482.2
iran_islamic_republic_of,1981,2536.0
iran_islamic_republic_of,1982,2992.7
iran_islamic_republic_of,1983,3586.2
iran_islamic_republic_of,1984,3629.4
iran_islamic_republic_of,1985,1613.4
iran_islamic_republic_of,1986,1504.5
iran_islamic_republic_of,1987,1733.9
iran_islamic_republic_of,1988,1772.5
iran_islamic_republic_of,1989,1697.2
iran_islamic_republic_of,1990,1727.1
iran_islamic_republic_of,1991,1812.5
iran_islamic_republic_of,1992,1847.6
iran_islamic_republic_of,1993,1995.5
iran_islamic_republic_of,1994,1906.7
iran_islamic_republic_of,1995,1881.2
iran_islamic_republic_of,1996,2038.1
iran_islamic_republic_of,1997,1871.2
iran_islamic_republic_of,1998,1781.8
iran_islamic_republic_of,1999,1830.9
iran_islamic_republic_of,2000,1702.9
iran_islamic_republic_of,2001,1822.6
iran_islamic_republic_of,2002,2228.7
iran_islamic_republic_of,2003,2283.2
iran_islamic_republic_of,2004,2751.8
iran_islamic_republic_of,2005,3261.5
iran_islamic_republic_of,2006,3817.3
iran_islamic_republic_of,2007,4996.5
iran_islamic_republic_of,2008,5870.9
iran_islamic_republic_of,2009,5911.8
iran_islamic_republic_of,2010,6949.4
iran_islamic_republic_of,2011,8508.5
iran_islamic_republic_of,2012,8386.6
iran_islamic_republic_of,2013,7361.0
iran_islamic_republic_of,2014,5907.8
iran_islamic_republic_of,2015,5100.9
iran_islamic_republic_of,2016,5594.8
iran_islamic_republic_of,2017,5960.7
iran_islamic_republic_of,2018,3703.5
iran_islamic_republic_of,2019,3610.2
iran_islamic_republic_of,2020,3748.2
iran_islamic_republic_of,2021,4075.5
iran_islamic_republic_of,2022,4495.1
iraq,1970,335.18
iraq,1971,363.87
iraq,1972,353.17
iraq,1973,428.17
iraq,1974,487.65
iraq,1975,589.74
iraq,1976,726.75
iraq,1977,760.73
iraq,1978,931.20
iraq,1979,1210.7
iraq,1980,1284.7
iraq,1981,1119.5
iraq,1982,1143.4
iraq,1983,1057.8
iraq,1984,1064.1
iraq,1985,1071.3
iraq,1986,1153.0
iraq,1987,1372.2
iraq,1988,1430.4
iraq,1989,1319.3
iraq,1990,1352.2
iraq,1991,468.62
iraq,1992,537.27
iraq,1993,365.64
iraq,1994,278.69
iraq,1995,232.14
iraq,1996,394.15
iraq,1997,417.51
iraq,1998,515.83
iraq,1999,871.08
iraq,2000,959.98
iraq,2001,972.76
iraq,2002,928.96
iraq,2003,855.05
iraq,2004,1315.1
iraq,2005,1740.7
iraq,2006,2242.0
iraq,2007,3099.7
iraq,2008,4231.5
iraq,2009,4246.9
iraq,2010,4430.4
iraq,2011,5736.9
iraq,2012,6437.5
iraq,2013,6612.9
iraq,2014,6216.0
iraq,2015,4416.9
iraq,2016,4305.2
iraq,2017,4725.2
iraq,2018,5601.5
iraq,2019,5621.2
iraq,2020,4251.3
iraq,2021,4770.8
iraq,2022,5937.2
ireland,1970,1496.6
ireland,1971,1717.1
ireland,1972,2096.3
ireland,1973,2443.4
ireland,1974,2538.9
ireland,1975,3003.3
ireland,1976,2948.9
ireland,1977,3456.0
ireland,1978,4431.5
ireland,1979,5465.5
ireland,1980,6412.5
ireland,1981,6035.5
ireland,1982,6222.3
ireland,1983,5979.3
ireland,1984,5759.7
ireland,1985,6067.2
ireland,1986,8167.8
ireland,1987,9653.5
ireland,1988,10798
ireland,1989,11265
ireland,1990,14147
ireland,1991,14206
ireland,1992,15849
ireland,1993,14783
ireland,1994,16042
ireland,1995,19316
ireland,1996,21013
ireland,1997,22763
ireland,1998,24520
ireland,1999,26575
ireland,2000,26522
ireland,2001,28532
ireland,2002,32867
ireland,2003,41504
ireland,2004,48122
ireland,2005,51391
ireland,2006,54778
ireland,2007,61865
ireland,2008,61616
ireland,2009,52335
ireland,2010,48998
ireland,2011,52560
ireland,2012,49322
ireland,2013,51875
ireland,2014,56107
ireland,2015,62636
ireland,2016,63268
ireland,2017,70673
ireland,2018,79986
ireland,2019,81481
ireland,2020,86656
ireland,2021,102960
ireland,2022,105990
israel,1970,2070.7
israel,1971,2110.0
israel,1972,2681.1
israel,1973,3348.2
israel,1974,4428.6
israel,1975,4277.7
israel,1976,4403.2
israel,1977,4679.7
israel,1978,4534.5
israel,1979,5738.7
israel,1980,6399.6
israel,1981,6660.0
israel,1982,7135.1
israel,1983,7783.9
israel,1984,7126.6
israel,1985,6552.7
israel,1986,7909.5
israel,1987,9251.0
israel,1988,11007
israel,1989,10655
israel,1990,12242
israel,1991,13619
israel,1992,14832
israel,1993,14524
israel,1994,16092
israel,1995,19221
israel,1996,20467
israel,1997,20763
israel,1998,20506
israel,1999,20214
israel,2000,22271
israel,2001,21581
israel,2002,19673
israel,2003,20277
israel,2004,21210
israel,2005,21910
israel,2006,23232
israel,2007,26477
israel,2008,31175
israel,2009,29508
israel,2010,32601
israel,2011,35847
israel,2012,34631
israel,2013,38521
israel,2014,39941
israel,2015,37804
israel,2016,39338
israel,2017,42992
israel,2018,44363
israel,2019,46428
israel,2020,47015
israel,2021,55023
israel,2022,58086
italy,1970,2126.6
italy,1971,2324.5
italy,1972,2690.2
italy,1973,3227.3
italy,1974,3645.2
italy,1975,4133.2
italy,1976,4057.4
italy,1977,4628.7
italy,1978,5638.4
italy,1979,7021.0
italy,1980,8472.2
italy,1981,7618.7
italy,1982,7550.7
italy,1983,7826.4
italy,1984,7733.8
italy,1985,7984.2
italy,1986,11306
italy,1987,14225
italy,1988,15732
italy,1989,16375
italy,1990,20813
italy,1991,21942
italy,1992,23229
italy,1993,18726
italy,1994,19325
italy,1995,20650
italy,1996,23067
italy,1997,21816
italy,1998,22306
italy,1999,21986
italy,2000,20079
italy,2001,20476
italy,2002,22252
italy,2003,27411
italy,2004,31166
italy,2005,31915
italy,2006,33336
italy,2007,37602
italy,2008,40506
italy,2009,36787
italy,2010,35673
italy,2011,38183
italy,2012,34675
italy,2013,35504
italy,2014,35793
italy,2015,30480
italy,2016,31202
italy,2017,32694
italy,2018,34937
italy,2019,33674
italy,2020,31890
italy,2021,36383
italy,2022,34672
jamaica,1970,933.57
jamaica,1971,1007.1
jamaica,1972,1207.2
jamaica,1973,1218.9
jamaica,1974,1491.5
jamaica,1975,1771.1
jamaica,1976,1812.5
jamaica,1977,1961.3
jamaica,1978,1576.5
jamaica,1979,1432.0
jamaica,1980,1556.0
jamaica,1981,1705.2
jamaica,1982,1857.0
jamaica,1983,2010.3
jamaica,1984,1300.1
jamaica,1985,1136.4
jamaica,1986,1358.7
jamaica,1987,1610.0
jamaica,1988,1867.2
jamaica,1989,2127.3
jamaica,1990,2206.1
jamaica,1991,1955.7
jamaica,1992,1734.4
jamaica,1993,2212.3
jamaica,1994,2194.9
jamaica,1995,2621.2
jamaica,1996,2919.1
jamaica,1997,3287.7
jamaica,1998,3410.4
jamaica,1999,3423.0
jamaica,2000,3447.3
jamaica,2001,3502.2
jamaica,2002,3683.9
jamaica,2003,3557.2
jamaica,2004,3819.3
jamaica,2005,4200.4
jamaica,2006,4435.6
jamaica,2007,4738.4
jamaica,2008,5056.3
jamaica,2009,4452.1
jamaica,2010,4835.8
jamaica,2011,5260.0
jamaica,2012,5365.2
jamaica,2013,5151.8
jamaica,2014,4991.6
jamaica,2015,5080.7
jamaica,2016,5022.7
jamaica,2017,5273.1
jamaica,2018,5594.5
jamaica,2019,5626.2
jamaica,2020,4897.3
jamaica,2021,5183.6
jamaica,2022,6047.2
japan,1970,2016.8
japan,1971,2248.8
japan,1972,2938.7
japan,1973,3939.5
japan,1974,4317.1
japan,1975,4639.6
japan,1976,5158.7
japan,1977,6286.2
japan,1978,8752.4
japan,1979,9035.3
japan,1980,9397.6
japan,1981,10297
japan,1982,9525.9
japan,1983,10379
japan,1984,10944
japan,1985,11550
japan,1986,17081
japan,1987,20715
japan,1988,25014
japan,1989,24782
japan,1990,25329
japan,1991,28889
japan,1992,31410
japan,1993,35696
japan,1994,39952
japan,1995,44211
japan,1996,39160
japan,1997,35646
japan,1998,32447
japan,1999,36632
japan,2000,39181
japan,2001,34429
japan,2002,32858
japan,2003,35447
japan,2004,38326
japan,2005,37805
japan,2006,35978
japan,2007,35777
japan,2008,39872
japan,2009,41286
japan,2010,44956
japan,2011,48694
japan,2012,49059
japan,2013,40824
japan,2014,38415
japan,2015,34930
japan,2016,39401
japan,2017,38929
japan,2018,39926
japan,2019,40686
japan,2020,40311
japan,2021,40169
japan,2022,34144
jordan,1970,392.75
jordan,1971,399.09
jordan,1972,426.27
jordan,1973,470.86
jordan,1974,526.23
jordan,1975,667.05
jordan,1976,834.66
jordan,1977,996.27
jordan,1978,1276.8
jordan,1979,1496.5
jordan,1980,1866.7
jordan,1981,1913.2
jordan,1982,1951.0
jordan,1983,1951.7
jordan,1984,1904.7
jordan,1985,1918.6
jordan,1986,2213.8
jordan,1987,2232.1
jordan,1988,1976.0
jordan,1989,1285.8
jordan,1990,1191.1
jordan,1991,1179.4
jordan,1992,1418.5
jordan,1993,1418.3
jordan,1994,1503.3
jordan,1995,1557.2
jordan,1996,1550.2
jordan,1997,1578.5
jordan,1998,1684.3
jordan,1999,1697.5
jordan,2000,1725.6
jordan,2001,1792.7
jordan,2002,1873.1
jordan,2003,1948.3
jordan,2004,2127.0
jordan,2005,2286.1
jordan,2006,2555.6
jordan,2007,2725.7
jordan,2008,3416.1
jordan,2009,3618.9
jordan,2010,3914.7
jordan,2011,4152.5
jordan,2012,4386.5
jordan,2013,4477.6
jordan,2014,4255.9
jordan,2015,4064.3
jordan,2016,4003.4
jordan,2017,4073.1
jordan,2018,4146.4
jordan,2019,4159.7
jordan,2020,3987.7
jordan,2021,4047.0
jordan,2022,4204.6
kazakhstan,1992,1551.6
kazakhstan,1993,1447.1
kazakhstan,1994,1310.1
kazakhstan,1995,1250.7
kazakhstan,1996,1303.0
kazakhstan,1997,1401.1
kazakhstan,1998,1430.5
kazakhstan,1999,1105.8
kazakhstan,2000,1200.6
kazakhstan,2001,1449.7
kazakhstan,2002,1606.1
kazakhstan,2003,2000.0
kazakhstan,2004,2780.0
kazakhstan,2005,3648.6
kazakhstan,2006,5119.5
kazakhstan,2007,6550.6
kazakhstan,2008,8238.9
kazakhstan,2009,7030.0
kazakhstan,2010,8903.6
kazakhstan,2011,11422
kazakhstan,2012,12162
kazakhstan,2013,13642
kazakhstan,2014,12586
kazakhstan,2015,10338
kazakhstan,2016,7593.4
kazakhstan,2017,9107.7
kazakhstan,2018,9674.1
kazakhstan,2019,9686.7
kazakhstan,2020,9014.2
kazakhstan,2021,10268
kazakhstan,2022,11625
kenya,1970,240.48
kenya,1971,256.97
kenya,1972,278.20
kenya,1973,316.91
kenya,1974,365.22
kenya,1975,387.33
kenya,1976,399.63
kenya,1977,499.73
kenya,1978,571.67
kenya,1979,633.31
kenya,1980,711.80
kenya,1981,647.32
kenya,1982,601.07
kenya,1983,538.51
kenya,1984,537.30
kenya,1985,513.08
kenya,1986,583.95
kenya,1987,620.68
kenya,1988,640.57
kenya,1989,605.75
kenya,1990,598.99
kenya,1991,546.77
kenya,1992,524.33
kenya,1993,353.48
kenya,1994,437.03
kenya,1995,547.29
kenya,1996,545.08
kenya,1997,577.73
kenya,1998,604.78
kenya,1999,536.99
kenya,2000,513.62
kenya,2001,513.30
kenya,2002,504.38
kenya,2003,554.92
kenya,2004,581.61
kenya,2005,657.29
kenya,2006,766.21
kenya,2007,920.46
kenya,2008,1003.5
kenya,2009,1049.1
kenya,2010,1093.6
kenya,2011,1099.3
kenya,2012,1298.3
kenya,2013,1376.8
kenya,2014,1489.9
kenya,2015,1496.7
kenya,2016,1562.1
kenya,2017,1676.0
kenya,2018,1845.8
kenya,2019,1970.1
kenya,2020,1936.3
kenya,2021,2069.7
kenya,2022,2099.3
kiribati,1970,351.61
kiribati,1971,343.33
kiribati,1972,400.85
kiribati,1973,604.68
kiribati,1974,1021.1
kiribati,1975,926.75
kiribati,1976,652.55
kiribati,1977,580.74
kiribati,1978,638.43
kiribati,1979,568.34
kiribati,1980,535.60
kiribati,1981,557.04
kiribati,1982,506.83
kiribati,1983,472.11
kiribati,1984,513.90
kiribati,1985,381.54
kiribati,1986,370.18
kiribati,1987,410.56
kiribati,1988,519.77
kiribati,1989,497.80
kiribati,1990,470.64
kiribati,1991,577.31
kiribati,1992,826.93
kiribati,1993,781.19
kiribati,1994,871.70
kiribati,1995,853.90
kiribati,1996,994.82
kiribati,1997,950.03
kiribati,1998,879.88
kiribati,1999,887.59
kiribati,2000,840.96
kiribati,2001,716.09
kiribati,2002,797.92
kiribati,2003,998.93
kiribati,2004,1063.9
kiribati,2005,1142.3
kiribati,2006,1103.1
kiribati,2007,1303.7
kiribati,2008,1356.6
kiribati,2009,1249.3
kiribati,2010,1438.1
kiribati,2011,1644.4
kiribati,2012,1698.9
kiribati,2013,1628.6
kiribati,2014,1546.9
kiribati,2015,1459.1
kiribati,2016,1506.1
kiribati,2017,1563.5
kiribati,2018,1605.0
kiribati,2019,1411.9
kiribati,2020,1404.8
kiribati,2021,1764.9
kiribati,2022,1704.4
kuwait,1970,3578.5
kuwait,1971,4519.4
kuwait,1972,4867.1
kuwait,1973,5569.2
kuwait,1974,12620
kuwait,1975,10963
kuwait,1976,11225
kuwait,1977,11337
kuwait,1978,11664
kuwait,1979,17525
kuwait,1980,19206
kuwait,1981,16051
kuwait,1982,13058
kuwait,1983,12021
kuwait,1984,11963
kuwait,1985,11353
kuwait,1986,9097.5
kuwait,1987,10919
kuwait,1988,9717.3
kuwait,1989,11002
kuwait,1990,11028
kuwait,1991,8222.6
kuwait,1992,12260
kuwait,1993,14487
kuwait,1994,15148
kuwait,1995,16043
kuwait,1996,18489
kuwait,1997,17231
kuwait,1998,14259
kuwait,1999,16045
kuwait,2000,19493
kuwait,2001,17518
kuwait,2002,18627
kuwait,2003,22781
kuwait,2004,27600
kuwait,2005,36145
kuwait,2006,42971
kuwait,2007,45730
kuwait,2008,55596
kuwait,2009,37906
kuwait,2010,39212
kuwait,2011,48998
kuwait,2012,51271
kuwait,2013,47763
kuwait,2014,43241
kuwait,2015,29315
kuwait,2016,27027
kuwait,2017,29258
kuwait,2018,32012
kuwait,2019,30666
kuwait,2020,24298
kuwait,2021,32325
kuwait,2022,41079
kyrgyzstan,1992,485.92
kyrgyzstan,1993,419.94
kyrgyzstan,1994,341.00
kyrgyzstan,1995,324.57
kyrgyzstan,1996,391.44
kyrgyzstan,1997,372.99
kyrgyzstan,1998,341.00
kyrgyzstan,1999,256.12
kyrgyzstan,2000,277.61
kyrgyzstan,2001,306.58
kyrgyzstan,2002,319.44
kyrgyzstan,2003,378.38
kyrgyzstan,2004,430.64
kyrgyzstan,2005,473.75
kyrgyzstan,2006,540.17
kyrgyzstan,2007,718.18
kyrgyzstan,2008,961.56
kyrgyzstan,2009,866.27
kyrgyzstan,2010,874.28
kyrgyzstan,2011,1116.2
kyrgyzstan,2012,1172.8
kyrgyzstan,2013,1282.4
kyrgyzstan,2014,1284.4
kyrgyzstan,2015,1129.0
kyrgyzstan,2016,1132.1
kyrgyzstan,2017,1258.4
kyrgyzstan,2018,1329.0
kyrgyzstan,2019,1402.8
kyrgyzstan,2020,1211.1
kyrgyzstan,2021,1339.0
kyrgyzstan,2022,1648.5
lao_people_s_democratic_republic,1970,44.521
lao_people_s_democratic_republic,1971,47.939
lao_people_s_democratic_republic,1972,50.493
lao_people_s_democratic_republic,1973,56.515
lao_people_s_democratic_republic,1974,62.343
lao_people_s_democratic_republic,1975,71.074
lao_people_s_democratic_republic,1976,75.712
lao_people_s_democratic_republic,1977,77.458
lao_people_s_democratic_republic,1978,82.356
lao_people_s_democratic_republic,1979,85.899
lao_people_s_democratic_republic,1980,101.03
lao_people_s_democratic_republic,1981,124.77
lao_people_s_democratic_republic,1982,138.47
lao_people_s_democratic_republic,1983,146.80
lao_people_s_democratic_republic,1984,158.69
lao_people_s_democratic_republic,1985,167.34
lao_people_s_democratic_republic,1986,174.08
lao_people_s_democratic_republic,1987,170.90
lao_people_s_democratic_republic,1988,168.47
lao_people_s_democratic_republic,1989,194.26
lao_people_s_democratic_republic,1990,209.02
lao_people_s_democratic_republic,1991,241.43
lao_people_s_democratic_republic,1992,269.41
lao_people_s_democratic_republic,1993,296.03
lao_people_s_democratic_republic,1994,334.56
lao_people_s_democratic_republic,1995,375.94
lao_people_s_democratic_republic,1996,387.12
lao_people_s_democratic_republic,1997,353.34
lao_people_s_democratic_republic,1998,255.25
lao_people_s_democratic_republic,1999,283.79
lao_people_s_democratic_republic,2000,332.55
lao_people_s_democratic_republic,2001,331.06
lao_people_s_democratic_republic,2002,340.14
lao_people_s_democratic_republic,2003,383.94
lao_people_s_democratic_republic,2004,446.73
lao_people_s_democratic_republic,2005,503.39
lao_people_s_democratic_republic,2006,606.40
lao_people_s_democratic_republic,2007,756.46
lao_people_s_democratic_republic,2008,934.14
lao_people_s_democratic_republic,2009,972.23
lao_people_s_democratic_republic,2010,1156.6
lao_people_s_democratic_republic,2011,1388.6
lao_people_s_democratic_republic,2012,1565.8
lao_people_s_democratic_republic,2013,1809.2
lao_people_s_democratic_republic,2014,1982.9
lao_people_s_democratic_republic,2015,2120.2
lao_people_s_democratic_republic,2016,2293.6
lao_people_s_democratic_republic,2017,2439.5
lao_people_s_democratic_republic,2018,2553.4
lao_people_s_democratic_republic,2019,2598.5
lao_people_s_democratic_republic,2020,2611.7
lao_people_s_democratic_republic,2021,2568.9
lao_people_s_democratic_republic,2022,2040.3
latvia,1992,2215.9
latvia,1993,1948.7
latvia,1994,2028.1
latvia,1995,2104.0
latvia,1996,2357.6
latvia,1997,2612.4
latvia,1998,2910.5
latvia,1999,3104.9
latvia,2000,3326.7
latvia,2001,3544.3
latvia,2002,4108.5
latvia,2003,5130.6
latvia,2004,6377.9
latvia,2005,7613.9
latvia,2006,9787.3
latvia,2007,14272
latvia,2008,16672
latvia,2009,12422
latvia,2010,11403
latvia,2011,13342
latvia,2012,13720
latvia,2013,14866
latvia,2014,15587
latvia,2015,13681
latvia,2016,14221
latvia,2017,15594
latvia,2018,17787
latvia,2019,17858
latvia,2020,18129
latvia,2021,21048
latvia,2022,22088
lebanon,1970,835.31
lebanon,1971,915.46
lebanon,1972,1112.8
lebanon,1973,1415.2
lebanon,1974,1774.5
lebanon,1975,1617.9
lebanon,1976,621.52
lebanon,1977,1033.1
lebanon,1978,1250.3
lebanon,1979,1583.9
lebanon,1980,1837.9
lebanon,1981,1719.9
lebanon,1982,1156.6
lebanon,1983,1211.1
lebanon,1984,835.45
lebanon,1985,705.17
lebanon,1986,849.02
lebanon,1987,642.98
lebanon,1988,1005.7
lebanon,1989,808.97
lebanon,1990,820.94
lebanon,1991,1187.9
lebanon,1992,1531.0
lebanon,1993,2071.1
lebanon,1994,2408.2
lebanon,1995,2905.8
lebanon,1996,3379.2
lebanon,1997,3796.7
lebanon,1998,4046.6
lebanon,1999,4002.1
lebanon,2000,3860.2
lebanon,2001,3888.0
lebanon,2002,4208.2
lebanon,2003,4395.7
lebanon,2004,4625.3
lebanon,2005,4630.0
lebanon,2006,4666.0
lebanon,2007,5162.0
lebanon,2008,5957.7
lebanon,2009,7149.8
lebanon,2010,7695.2
lebanon,2011,7914.1
lebanon,2012,8500.2
lebanon,2013,8255.2
lebanon,2014,7665.4
lebanon,2015,7802.8
lebanon,2016,8172.3
lebanon,2017,8679.9
lebanon,2018,9225.8
lebanon,2019,8987.2
lebanon,2020,6888.5
lebanon,2021,6565.4
lebanon,2022,7159.4
lesotho,1970,77.608
lesotho,1971,71.968
lesotho,1972,82.359
lesotho,1973,120.45
lesotho,1974,132.64
lesotho,1975,133.42
lesotho,1976,127.51
lesotho,1977,162.03
lesotho,1978,217.26
lesotho,1979,229.96
lesotho,1980,294.22
lesotho,1981,290.57
lesotho,1982,259.33
lesotho,1983,257.49
lesotho,1984,220.57
lesotho,1985,171.91
lesotho,1986,187.05
lesotho,1987,244.73
lesotho,1988,275.43
lesotho,1989,285.11
lesotho,1990,326.79
lesotho,1991,357.79
lesotho,1992,422.44
lesotho,1993,413.88
lesotho,1994,417.91
lesotho,1995,461.96
lesotho,1996,457.80
lesotho,1997,493.78
lesotho,1998,430.22
lesotho,1999,428.43
lesotho,2000,411.33
lesotho,2001,376.58
lesotho,2002,350.45
lesotho,2003,518.33
lesotho,2004,662.63
lesotho,2005,737.60
lesotho,2006,770.46
lesotho,2007,848.08
lesotho,2008,885.66
lesotho,2009,866.48
lesotho,2010,1104.6
lesotho,2011,1265.6
lesotho,2012,1206.2
lesotho,2013,1140.7
lesotho,2014,1165.1
lesotho,2015,1113.8
lesotho,2016,986.27
lesotho,2017,1061.9
lesotho,2018,1162.4
lesotho,2019,1073.9
lesotho,2020,910.16
lesotho,2021,1054.9
lesotho,2022,992.00
liberia,1970,216.25
liberia,1971,222.24
liberia,1972,234.70
liberia,1973,267.20
liberia,1974,318.12
liberia,1975,371.98
liberia,1976,374.95
liberia,1977,407.41
liberia,1978,433.42
liberia,1979,484.73
liberia,1980,483.89
liberia,1981,540.49
liberia,1982,544.64
liberia,1983,525.02
liberia,1984,502.09
liberia,1985,480.61
liberia,1986,458.82
liberia,1987,468.43
liberia,1988,484.29
liberia,1989,485.53
liberia,1990,269.36
liberia,1991,277.86
liberia,1992,168.60
liberia,1993,116.45
liberia,1994,96.320
liberia,1995,97.424
liberia,1996,111.99
liberia,1997,175.64
liberia,1998,193.61
liberia,1999,220.81
liberia,2000,222.76
liberia,2001,213.91
liberia,2002,224.36
liberia,2003,171.49
liberia,2004,206.22
liberia,2005,216.22
liberia,2006,235.98
liberia,2007,261.24
liberia,2008,290.97
liberia,2009,295.77
liberia,2010,321.40
liberia,2011,367.84
liberia,2012,400.30
liberia,2013,437.29
liberia,2014,454.26
liberia,2015,578.67
liberia,2016,585.84
liberia,2017,576.03
liberia,2018,561.41
liberia,2019,517.97
liberia,2020,487.64
liberia,2021,551.40
liberia,2022,615.76
libya,1970,2084.1
libya,1971,2492.2
libya,1972,2903.8
libya,1973,3839.9
libya,1974,6433.6
libya,1975,5955.5
libya,1976,7340.7
libya,1977,8186.9
libya,1978,7674.3
libya,1979,10058
libya,1980,12889
libya,1981,10744
libya,1982,10058
libya,1983,9286.8
libya,1984,8117.4
libya,1985,8112.0
libya,1986,6399.8
libya,1987,5788.1
libya,1988,6355.7
libya,1989,6551.4
libya,1990,7337.4
libya,1991,7924.8
libya,1992,8200.0
libya,1993,7255.7
libya,1994,6630.2
libya,1995,5977.6
libya,1996,6490.4
libya,1997,6771.0
libya,1998,6002.2
libya,1999,6650.8
libya,2000,7463.1
libya,2001,6456.0
libya,2002,4127.7
libya,2003,4907.4
libya,2004,6179.2
libya,2005,8368.1
libya,2006,10060
libya,2007,11158
libya,2008,13922
libya,2009,9560.8
libya,2010,11611
libya,2011,7784.1
libya,2012,15765
libya,2013,12590
libya,2014,9408.8
libya,2015,7867.5
libya,2016,7945.0
libya,2017,10529
libya,2018,11838
libya,2019,10542
libya,2020,7039.7
libya,2021,5791.3
libya,2022,5950.5
liechtenstein,1970,5245.3
liechtenstein,1971,5984.9
liechtenstein,1972,7012.9
liechtenstein,1973,9266.3
liechtenstein,1974,10963
liechtenstein,1975,12406
liechtenstein,1976,13764
liechtenstein,1977,15796
liechtenstein,1978,21586
liechtenstein,1979,25474
liechtenstein,1980,27390
liechtenstein,1981,23990
liechtenstein,1982,24469
liechtenstein,1983,24483
liechtenstein,1984,24007
liechtenstein,1985,25436
liechtenstein,1986,37135
liechtenstein,1987,46114
liechtenstein,1988,52018
liechtenstein,1989,51178
liechtenstein,1990,61042
liechtenstein,1991,65099
liechtenstein,1992,68730
liechtenstein,1993,66999
liechtenstein,1994,73753
liechtenstein,1995,87253
liechtenstein,1996,86734
liechtenstein,1997,80688
liechtenstein,1998,85199
liechtenstein,1999,90342
liechtenstein,2000,83182
liechtenstein,2001,82572
liechtenstein,2002,88256
liechtenstein,2003,99891
liechtenstein,2004,111390
liechtenstein,2005,116930
liechtenstein,2006,126810
liechtenstein,2007,144780
liechtenstein,2008,158760
liechtenstein,2009,139640
liechtenstein,2010,156460
liechtenstein,2011,175420
liechtenstein,2012,165300
liechtenstein,2013,173660
liechtenstein,2014,179470
liechtenstein,2015,167810
liechtenstein,2016,165850
liechtenstein,2017,170880
liechtenstein,2018,175290
liechtenstein,2019,167250
liechtenstein,2020,165290
liechtenstein,2021,197500
liechtenstein,2022,197270
lithuania,1992,2117.5
lithuania,1993,1819.4
lithuania,1994,1684.8
lithuania,1995,1787.8
lithuania,1996,2252.2
lithuania,1997,2738.6
lithuania,1998,3066.4
lithuania,1999,3019.2
lithuania,2000,3201.7
lithuania,2001,3437.4
lithuania,2002,4055.1
lithuania,2003,5413.2
lithuania,2004,6610.3
lithuania,2005,7740.7
lithuania,2006,9081.1
lithuania,2007,12129
lithuania,2008,14838
lithuania,2009,11755
lithuania,2010,11831
lithuania,2011,14060
lithuania,2012,14018
lithuania,2013,15360
lithuania,2014,16219
lithuania,2015,13975
lithuania,2016,14664
lithuania,2017,16443
lithuania,2018,18689
lithuania,2019,19237
lithuania,2020,20198
lithuania,2021,23971
lithuania,2022,25773
luxembourg,1970,4296.0
luxembourg,1971,4441.4
luxembourg,1972,5495.0
luxembourg,1973,7474.2
luxembourg,1974,9060.4
luxembourg,1975,8831.1
luxembourg,1976,9619.8
luxembourg,1977,10577
luxembourg,1978,13069
luxembourg,1979,15201
luxembourg,1980,16550
luxembourg,1981,13866
luxembourg,1982,12608
luxembourg,1983,12380
luxembourg,1984,12134
luxembourg,1985,12490
luxembourg,1986,18159
luxembourg,1987,22457
luxembourg,1988,25222
luxembourg,1989,26629
luxembourg,1990,33516
luxembourg,1991,35802
luxembourg,1992,39639
luxembourg,1993,40144
luxembourg,1994,44031
luxembourg,1995,51157
luxembourg,1996,50568
luxembourg,1997,46757
luxembourg,1998,47570
luxembourg,1999,50987
luxembourg,2000,48614
luxembourg,2001,48428
luxembourg,2002,52788
luxembourg,2003,65583
luxembourg,2004,76459
luxembourg,2005,81008
luxembourg,2006,90753
luxembourg,2007,107360
luxembourg,2008,119940
luxembourg,2009,108960
luxembourg,2010,110750
luxembourg,2011,118900
luxembourg,2012,112670
luxembourg,2013,120030
luxembourg,2014,123570
luxembourg,2015,105460
luxembourg,2016,106580
luxembourg,2017,110200
luxembourg,2018,116790
luxembourg,2019,112730
luxembourg,2020,116910
luxembourg,2021,133870
luxembourg,2022,125900
madagascar,1970,158.51
madagascar,1971,166.36
madagascar,1972,184.45
madagascar,1973,220.41
madagascar,1974,242.27
madagascar,1975,279.90
madagascar,1976,259.61
madagascar,1977,272.47
madagascar,1978,299.39
madagascar,1979,377.18
madagascar,1980,427.59
madagascar,1981,369.58
madagascar,1982,352.42
madagascar,1983,341.32
madagascar,1984,277.83
madagascar,1985,266.85
madagascar,1986,360.62
madagascar,1987,276.08
madagascar,1988,255.41
madagascar,1989,253.75
madagascar,1990,303.74
madagascar,1991,255.84
madagascar,1992,278.14
madagascar,1993,300.55
madagascar,1994,257.22
madagascar,1995,264.50
madagascar,1996,323.93
madagascar,1997,278.52
madagascar,1998,284.57
madagascar,1999,274.63
madagascar,2000,277.60
madagascar,2001,314.70
madagascar,2002,296.59
madagascar,2003,358.54
madagascar,2004,277.59
madagascar,2005,311.27
madagascar,2006,330.89
madagascar,2007,427.84
madagascar,2008,522.83
madagascar,2009,455.41
madagascar,2010,459.38
madagascar,2011,516.90
madagascar,2012,504.17
madagascar,2013,526.69
madagascar,2014,517.14
madagascar,2015,455.64
madagascar,2016,464.62
madagascar,2017,503.50
madagascar,2018,512.54
madagascar,2019,512.28
madagascar,2020,462.57
madagascar,2021,503.35
madagascar,2022,505.04
malawi,1970,125.22
malawi,1971,153.61
malawi,1972,171.09
malawi,1973,160.68
malawi,1974,193.08
malawi,1975,209.81
malawi,1976,222.72
malawi,1977,259.61
malawi,1978,295.20
malawi,1979,305.21
malawi,1980,356.83
malawi,1981,343.01
malawi,1982,311.55
malawi,1983,312.21
malawi,1984,294.03
malawi,1985,265.93
malawi,1986,268.56
malawi,1987,267.41
malawi,1988,282.46
malawi,1989,323.75
malawi,1990,331.91
malawi,1991,372.07
malawi,1992,324.76
malawi,1993,352.17
malawi,1994,210.65
malawi,1995,244.61
malawi,1996,288.52
malawi,1997,298.77
malawi,1998,299.51
malawi,1999,292.42
malawi,2000,280.55
malawi,2001,269.73
malawi,2002,296.63
malawi,2003,265.48
malawi,2004,280.09
malawi,2005,286.61
malawi,2006,304.77
malawi,2007,328.48
malawi,2008,383.10
malawi,2009,432.98
malawi,2010,472.85
malawi,2011,554.98
malawi,2012,404.99
malawi,2013,382.39
malawi,2014,440.33
malawi,2015,485.03
malawi,2016,409.28
malawi,2017,500.17
malawi,2018,537.85
malawi,2019,585.77
malawi,2020,607.38
malawi,2021,628.69
malawi,2022,615.46
malaysia,1970,374.92
malaysia,1971,402.21
malaysia,1972,466.91
malaysia,1973,692.68
malaysia,1974,837.76
malaysia,1975,803.00
malaysia,1976,927.81
malaysia,1977,1075.3
malaysia,1978,1304.1
malaysia,1979,1647.6
malaysia,1980,1853.0
malaysia,1981,1843.3
malaysia,1982,1925.5
malaysia,1983,2123.3
malaysia,1984,2311.2
malaysia,1985,2065.1
malaysia,1986,1782.5
malaysia,1987,2007.2
malaysia,1988,2134.5
malaysia,1989,2282.5
malaysia,1990,2513.2
malaysia,1991,2727.1
malaysia,1992,3192.8
malaysia,1993,3511.5
malaysia,1994,3802.3
malaysia,1995,4411.4
malaysia,1996,4874.5
malaysia,1997,4714.0
malaysia,1998,3309.2
malaysia,1999,3538.4
malaysia,2000,4087.6
malaysia,2001,3941.1
malaysia,2002,4177.1
malaysia,2003,4454.5
malaysia,2004,4924.3
malaysia,2005,5536.8
malaysia,2006,6137.2
malaysia,2007,7144.0
malaysia,2008,8343.3
malaysia,2009,7167.9
malaysia,2010,8880.1
malaysia,2011,10209
malaysia,2012,10602
malaysia,2013,10728
malaysia,2014,11046
malaysia,2015,9699.6
malaysia,2016,9555.6
malaysia,2017,9979.7
malaysia,2018,11074
malaysia,2019,11132
malaysia,2020,10161
malaysia,2021,11109
malaysia,2022,11972
maldives,1970,343.92
maldives,1971,371.86
maldives,1972,421.02
maldives,1973,502.10
maldives,1974,617.44
maldives,1975,375.70
maldives,1976,332.91
maldives,1977,301.39
maldives,1978,342.56
maldives,1979,527.03
maldives,1980,564.76
maldives,1981,580.35
maldives,1982,716.97
maldives,1983,728.72
maldives,1984,816.75
maldives,1985,871.99
maldives,1986,939.02
maldives,1987,902.45
maldives,1988,1041.7
maldives,1989,1135.0
maldives,1990,1247.8
maldives,1991,1374.1
maldives,1992,1554.9
maldives,1993,1711.8
maldives,1994,1842.5
maldives,1995,2193.4
maldives,1996,2423.1
maldives,1997,2681.4
maldives,1998,2800.1
maldives,1999,3007.5
maldives,2000,3137.0
maldives,2001,3087.5
maldives,2002,3124.8
maldives,2003,3539.8
maldives,2004,4060.5
maldives,2005,3789.2
maldives,2006,5010.2
maldives,2007,5746.6
maldives,2008,6743.1
maldives,2009,6719.3
maldives,2010,7158.1
maldives,2011,7409.3
maldives,2012,7447.4
maldives,2013,8222.6
maldives,2014,8872.1
maldives,2015,9480.4
maldives,2016,9708.1
maldives,2017,10195
maldives,2018,11035
maldives,2019,11350
maldives,2020,7216.8
maldives,2021,10076
maldives,2022,11781
mali,1970,52.061
mali,1971,61.298
mali,1972,68.269
mali,1973,77.756
mali,1974,71.705
mali,1975,104.86
mali,1976,122.00
mali,1977,139.36
mali,1978,158.37
mali,1979,196.21
mali,1980,223.96
mali,1981,202.18
mali,1982,173.70
mali,1983,149.39
mali,1984,143.78
mali,1985,153.93
mali,1986,220.65
mali,1987,256.73
mali,1988,261.15
mali,1989,257.20
mali,1990,305.39
mali,1991,329.67
mali,1992,332.45
mali,1993,321.36
mali,1994,229.97
mali,1995,285.95
mali,1996,310.67
mali,1997,277.22
mali,1998,308.37
mali,1999,315.06
mali,2000,262.84
mali,2001,299.15
mali,2002,325.43
mali,2003,381.09
mali,2004,426.95
mali,2005,473.81
mali,2006,506.46
mali,2007,578.49
mali,2008,670.11
mali,2009,677.26
mali,2010,687.66
mali,2011,809.12
mali,2012,753.44
mali,2013,778.98
mali,2014,819.77
mali,2015,722.96
mali,2016,750.05
mali,2017,795.68
mali,2018,856.36
mali,2019,840.18
mali,2020,822.91
mali,2021,881.51
mali,2022,833.30
malta,1970,827.32
malta,1971,873.89
malta,1972,973.87
malta,1973,1137.6
malta,1974,1232.4
malta,1975,1545.5
malta,1976,1706.3
malta,1977,2005.4
malta,1978,2522.5
malta,1979,3153.4
malta,1980,3900.5
malta,1981,3844.7
malta,1982,3782.5
malta,1983,3538.3
malta,1984,3313.4
malta,1985,3332.3
malta,1986,4241.9
malta,1987,5131.8
malta,1988,5863.8
malta,1989,6092.9
malta,1990,7255.6
malta,1991,7763.8
malta,1992,8457.3
malta,1993,7514.1
malta,1994,8243.6
malta,1995,9743.2
malta,1996,9922.2
malta,1997,9756.3
malta,1998,10219
malta,1999,10408
malta,2000,10194
malta,2001,10166
malta,2002,11047
malta,2003,13389
malta,2004,14916
malta,2005,15615
malta,2006,16547
malta,2007,19354
malta,2008,21990
malta,2009,20928
malta,2010,21557
malta,2011,22726
malta,2012,22010
malta,2013,24108
malta,2014,26007
malta,2015,24283
malta,2016,24930
malta,2017,28122
malta,2018,31336
malta,2019,31754
malta,2020,29596
malta,2021,34337
malta,2022,33942
marshall_islands,1970,354.09
marshall_islands,1971,372.85
marshall_islands,1972,401.33
marshall_islands,1973,459.05
marshall_islands,1974,586.83
marshall_islands,1975,622.89
marshall_islands,1976,655.25
marshall_islands,1977,705.55
marshall_islands,1978,749.93
marshall_islands,1979,834.38
marshall_islands,1980,842.83
marshall_islands,1981,942.53
marshall_islands,1982,1019.5
marshall_islands,1983,1171.3
marshall_islands,1984,1217.1
marshall_islands,1985,1136.7
marshall_islands,1986,1394.5
marshall_islands,1987,1509.2
marshall_islands,1988,1633.2
marshall_islands,1989,1633.3
marshall_islands,1990,1720.2
marshall_islands,1991,1769.9
marshall_islands,1992,1928.9
marshall_islands,1993,2082.6
marshall_islands,1994,2239.1
marshall_islands,1995,2467.4
marshall_islands,1996,2255.2
marshall_islands,1997,2100.8
marshall_islands,1998,2109.8
marshall_islands,1999,2106.6
marshall_islands,2000,2119.1
marshall_islands,2001,2250.5
marshall_islands,2002,2422.6
marshall_islands,2003,2408.6
marshall_islands,2004,2442.1
marshall_islands,2005,2533.6
marshall_islands,2006,2633.3
marshall_islands,2007,2773.4
marshall_islands,2008,2712.4
marshall_islands,2009,2810.5
marshall_islands,2010,3001.3
marshall_islands,2011,3238.9
marshall_islands,2012,3445.3
marshall_islands,2013,3611.7
marshall_islands,2014,3672.7
marshall_islands,2015,3703.6
marshall_islands,2016,4153.1
marshall_islands,2017,4507.6
marshall_islands,2018,4769.2
marshall_islands,2019,5189.0
marshall_islands,2020,5568.0
marshall_islands,2021,6172.1
marshall_islands,2022,6727.8
mauritania,1970,407.21
mauritania,1971,423.72
mauritania,1972,480.62
mauritania,1973,528.95
mauritania,1974,651.13
mauritania,1975,821.79
mauritania,1976,893.99
mauritania,1977,889.29
mauritania,1978,850.14
mauritania,1979,1029.0
mauritania,1980,1232.8
mauritania,1981,1292.5
mauritania,1982,1155.2
mauritania,1983,1140.0
mauritania,1984,962.81
mauritania,1985,876.43
mauritania,1986,1000.3
mauritania,1987,1101.0
mauritania,1988,1124.8
mauritania,1989,1118.8
mauritania,1990,1140.9
mauritania,1991,1187.6
mauritania,1992,1157.8
mauritania,1993,949.47
mauritania,1994,972.18
mauritania,1995,996.01
mauritania,1996,987.47
mauritania,1997,938.22
mauritania,1998,796.84
mauritania,1999,757.81
mauritania,2000,660.30
mauritania,2001,632.21
mauritania,2002,629.78
mauritania,2003,711.38
mauritania,2004,827.16
mauritania,2005,974.92
mauritania,2006,1272.1
mauritania,2007,1378.2
mauritania,2008,1610.2
mauritania,2009,1418.9
mauritania,2010,1646.1
mauritania,2011,1919.5
mauritania,2012,1850.4
mauritania,2013,1929.8
mauritania,2014,1712.4
mauritania,2015,1562.7
mauritania,2016,1579.2
mauritania,2017,1634.6
mauritania,2018,1750.0
mauritania,2019,1840.0
mauritania,2020,1868.5
mauritania,2021,2166.0
mauritania,2022,2322.0
mauritius,1970,247.58
mauritius,1971,274.40
mauritius,1972,339.38
mauritius,1973,419.67
mauritius,1974,688.27
mauritius,1975,682.81
mauritius,1976,836.93
mauritius,1977,965.80
mauritius,1978,1173.6
mauritius,1979,1378.7
mauritius,1980,1268.4
mauritius,1981,1260.5
mauritius,1982,1172.5
mauritius,1983,1169.0
mauritius,1984,1100.4
mauritius,1985,1122.6
mauritius,1986,1506.6
mauritius,1987,1862.5
mauritius,1988,2080.2
mauritius,1989,2102.3
mauritius,1990,2508.6
mauritius,1991,2653.2
mauritius,1992,3050.5
mauritius,1993,3046.0
mauritius,1994,3285.7
mauritius,1995,3682.7
mauritius,1996,3986.0
mauritius,1997,3737.3
mauritius,1998,3688.4
mauritius,1999,3762.6
mauritius,2000,4004.6
mauritius,2001,3931.7
mauritius,2002,4096.6
mauritius,2003,4888.7
mauritius,2004,5493.8
mauritius,2005,5385.5
mauritius,2006,5557.4
mauritius,2007,6414.5
mauritius,2008,7831.4
mauritius,2009,7132.6
mauritius,2010,7795.1
mauritius,2011,8955.1
mauritius,2012,9054.3
mauritius,2013,9524.3
mauritius,2014,10118
mauritius,2015,9285.3
mauritius,2016,9733.4
mauritius,2017,10592
mauritius,2018,11376
mauritius,2019,11137
mauritius,2020,8784.7
mauritius,2021,8835.4
mauritius,2022,9925.8
mexico,1970,943.94
mexico,1971,1008.9
mexico,1972,1126.9
mexico,1973,1336.7
mexico,1974,1688.2
mexico,1975,2002.7
mexico,1976,1963.6
mexico,1977,1757.4
mexico,1978,2138.4
mexico,1979,2723.1
mexico,1980,3675.8
mexico,1981,4613.2
mexico,1982,3141.5
mexico,1983,2639.1
mexico,1984,3053.3
mexico,1985,3148.6
mexico,1986,2169.9
mexico,1987,2311.0
mexico,1988,2782.1
mexico,1989,3330.6
mexico,1990,3852.6
mexico,1991,4521.2
mexico,1992,5127.0
mexico,1993,6118.5
mexico,1994,6268.7
mexico,1995,4225.4
mexico,1996,4718.6
mexico,1997,5617.4
mexico,1998,5882.4
mexico,1999,6552.7
mexico,2000,7581.8
mexico,2001,8009.2
mexico,2002,8033.0
mexico,2003,7473.9
mexico,2004,7883.5
mexico,2005,8702.1
mexico,2006,9545.3
mexico,2007,10178
mexico,2008,10590
mexico,2009,8495.7
mexico,2010,9823.2
mexico,2011,10767
mexico,2012,10843
mexico,2013,11317
mexico,2014,11490
mexico,2015,10098
mexico,2016,9152.7
mexico,2017,9693.3
mexico,2018,10130
mexico,2019,10435
mexico,2020,8895.6
mexico,2021,10363
mexico,2022,11477
micronesia_federated_states_of,1970,357.51
micronesia_federated_states_of,1971,380.75
micronesia_federated_states_of,1972,427.52
micronesia_federated_states_of,1973,578.01
micronesia_federated_states_of,1974,745.74
micronesia_federated_states_of,1975,728.68
micronesia_federated_states_of,1976,723.68
micronesia_federated_states_of,1977,715.22
micronesia_federated_states_of,1978,790.52
micronesia_federated_states_of,1979,862.43
micronesia_federated_states_of,1980,892.16
micronesia_federated_states_of,1981,1032.7
micronesia_federated_states_of,1982,1050.5
micronesia_federated_states_of,1983,1072.7
micronesia_federated_states_of,1984,1049.8
micronesia_federated_states_of,1985,1228.9
micronesia_federated_states_of,1986,1316.4
micronesia_federated_states_of,1987,1337.7
micronesia_federated_states_of,1988,1445.5
micronesia_federated_states_of,1989,1492.8
micronesia_federated_states_of,1990,1601.4
micronesia_federated_states_of,1991,1751.5
micronesia_federated_states_of,1992,1837.8
micronesia_federated_states_of,1993,1948.5
micronesia_federated_states_of,1994,1963.4
micronesia_federated_states_of,1995,2010.9
micronesia_federated_states_of,1996,1974.3
micronesia_federated_states_of,1997,1860.2
micronesia_federated_states_of,1998,1971.0
micronesia_federated_states_of,1999,1977.5
micronesia_federated_states_of,2000,2087.4
micronesia_federated_states_of,2001,2143.0
micronesia_federated_states_of,2002,2156.2
micronesia_federated_states_of,2003,2190.6
micronesia_federated_states_of,2004,2158.7
micronesia_federated_states_of,2005,2259.3
micronesia_federated_states_of,2006,2297.1
micronesia_federated_states_of,2007,2344.4
micronesia_federated_states_of,2008,2420.7
micronesia_federated_states_of,2009,2598.4
micronesia_federated_states_of,2010,2760.0
micronesia_federated_states_of,2011,2885.4
micronesia_federated_states_of,2012,3023.6
micronesia_federated_states_of,2013,2920.7
micronesia_federated_states_of,2014,2928.4
micronesia_federated_states_of,2015,2891.3
micronesia_federated_states_of,2016,3022.7
micronesia_federated_states_of,2017,3320.4
micronesia_federated_states_of,2018,3623.3
micronesia_federated_states_of,2019,3699.1
micronesia_federated_states_of,2020,3639.4
micronesia_federated_states_of,2021,3571.3
micronesia_federated_states_of,2022,3741.1
monaco,1970,11706
monaco,1971,12907
monaco,1972,15647
monaco,1973,20160
monaco,1974,21633
monaco,1975,27057
monaco,1976,27515
monaco,1977,29923
monaco,1978,36521
monaco,1979,43790
monaco,1980,49572
monaco,1981,43178
monaco,1982,40596
monaco,1983,38290
monaco,1984,35755
monaco,1985,36749
monaco,1986,50616
monaco,1987,60604
monaco,1988,65427
monaco,1989,65231
monaco,1990,80087
monaco,1991,79477
monaco,1992,87098
monaco,1993,81608
monaco,1994,85364
monaco,1995,97328
monaco,1996,96889
monaco,1997,86982
monaco,1998,89317
monaco,1999,88184
monaco,2000,80307
monaco,2001,81197
monaco,2002,88309
monaco,2003,109000
monaco,2004,125620
monaco,2005,130770
monaco,2006,143160
monaco,2007,184400
monaco,2008,203280
monaco,2009,168280
monaco,2010,161620
monaco,2011,179130
monaco,2012,165510
monaco,2013,185000
monaco,2014,195510
monaco,2015,170270
monaco,2016,174290
monaco,2017,173610
monaco,2018,193970
monaco,2019,199380
monaco,2020,182540
monaco,2021,235130
monaco,2022,240540
mongolia,1970,156.21
mongolia,1971,167.44
mongolia,1972,176.20
mongolia,1973,196.85
mongolia,1974,217.29
mongolia,1975,245.64
mongolia,1976,261.63
mongolia,1977,291.25
mongolia,1978,326.18
mongolia,1979,359.07
mongolia,1980,406.83
mongolia,1981,471.13
mongolia,1982,528.96
mongolia,1983,567.51
mongolia,1984,607.49
mongolia,1985,645.70
mongolia,1986,702.44
mongolia,1987,726.28
mongolia,1988,770.37
mongolia,1989,815.53
mongolia,1990,809.27
mongolia,1991,750.49
mongolia,1992,685.20
mongolia,1993,669.10
mongolia,1994,688.51
mongolia,1995,738.52
mongolia,1996,696.77
mongolia,1997,616.42
mongolia,1998,563.03
mongolia,1999,519.42
mongolia,2000,537.84
mongolia,2001,594.61
mongolia,2002,649.12
mongolia,2003,735.06
mongolia,2004,910.09
mongolia,2005,1143.3
mongolia,2006,1533.6
mongolia,2007,1884.6
mongolia,2008,2475.5
mongolia,2009,1993.1
mongolia,2010,2660.3
mongolia,2011,3793.8
mongolia,2012,4402.3
mongolia,2013,4422.3
mongolia,2014,4211.9
mongolia,2015,3919.4
mongolia,2016,3690.8
mongolia,2017,3708.2
mongolia,2018,4165.0
mongolia,2019,4394.9
mongolia,2020,4041.2
mongolia,2021,4566.1
mongolia,2022,5045.5
montenegro,2006,4302.9
montenegro,2007,5824.3
montenegro,2008,7198.9
montenegro,2009,6589.4
montenegro,2010,6558.9
montenegro,2011,7183.6
montenegro,2012,6457.2
montenegro,2013,7042.4
montenegro,2014,7232.8
montenegro,2015,6393.2
montenegro,2016,6907.0
montenegro,2017,7679.2
montenegro,2018,8721.0
montenegro,2019,8791.6
montenegro,2020,7599.9
montenegro,2021,9334.3
montenegro,2022,9934.6
morocco,1970,304.10
morocco,1971,317.07
morocco,1972,371.21
morocco,1973,444.35
morocco,1974,533.16
morocco,1975,608.86
morocco,1976,633.79
morocco,1977,712.56
morocco,1978,831.93
morocco,1979,974.62
morocco,1980,1122.9
morocco,1981,887.73
morocco,1982,872.88
morocco,1983,768.91
morocco,1984,686.17
morocco,1985,676.57
morocco,1986,871.74
morocco,1987,943.24
morocco,1988,1092.8
morocco,1989,1110.8
morocco,1990,1234.0
morocco,1991,1307.9
morocco,1992,1315.1
morocco,1993,1219.4
morocco,1994,1360.1
morocco,1995,1456.0
morocco,1996,1593.3
morocco,1997,1432.0
morocco,1998,1513.1
morocco,1999,1481.7
morocco,2000,1362.3
morocco,2001,1370.2
morocco,2002,1449.4
morocco,2003,1765.0
morocco,2004,1992.4
morocco,2005,2055.2
morocco,2006,2236.9
morocco,2007,2530.7
morocco,2008,2957.4
morocco,2009,2965.3
morocco,2010,2970.2
morocco,2011,3223.1
morocco,2012,3117.4
morocco,2013,3381.6
morocco,2014,3478.4
morocco,2015,3183.7
morocco,2016,3178.1
morocco,2017,3336.5
morocco,2018,3544.4
morocco,2019,3551.1
morocco,2020,3307.7
morocco,2021,3825.0
morocco,2022,3494.9
mozambique,1970,478.75
mozambique,1971,519.93
mozambique,1972,566.48
mozambique,1973,647.81
mozambique,1974,657.23
mozambique,1975,659.47
mozambique,1976,581.64
mozambique,1977,569.17
mozambique,1978,573.84
mozambique,1979,582.35
mozambique,1980,558.90
mozambique,1981,528.06
mozambique,1982,542.30
mozambique,1983,493.35
mozambique,1984,547.64
mozambique,1985,711.40
mozambique,1986,847.84
mozambique,1987,303.04
mozambique,1988,261.43
mozambique,1989,283.02
mozambique,1990,309.28
mozambique,1991,284.26
mozambique,1992,202.56
mozambique,1993,202.95
mozambique,1994,198.36
mozambique,1995,196.32
mozambique,1996,250.64
mozambique,1997,294.99
mozambique,1998,328.02
mozambique,1999,362.51
mozambique,2000,333.77
mozambique,2001,310.10
mozambique,2002,318.31
mozambique,2003,343.13
mozambique,2004,403.02
mozambique,2005,438.79
mozambique,2006,458.62
mozambique,2007,508.04
mozambique,2008,591.44
mozambique,2009,546.60
mozambique,2010,494.58
mozambique,2011,615.28
mozambique,2012,681.49
mozambique,2013,681.07
mozambique,2014,690.44
mozambique,2015,603.84
mozambique,2016,435.76
mozambique,2017,464.29
mozambique,2018,510.38
mozambique,2019,512.22
mozambique,2020,456.58
mozambique,2021,504.04
mozambique,2022,558.30
myanmar,1970,98.682
myanmar,1971,98.777
myanmar,1972,89.444
myanmar,1973,113.87
myanmar,1974,133.74
myanmar,1975,121.28
myanmar,1976,132.17
myanmar,1977,132.81
myanmar,1978,145.33
myanmar,1979,163.46
myanmar,1980,176.46
myanmar,1981,174.10
myanmar,1982,174.78
myanmar,1983,176.68
myanmar,1984,178.51
myanmar,1985,179.13
myanmar,1986,143.88
myanmar,1987,137.30
myanmar,1988,107.15
myanmar,1989,134.40
myanmar,1990,138.10
myanmar,1991,140.39
myanmar,1992,145.80
myanmar,1993,166.31
myanmar,1994,182.33
myanmar,1995,193.50
myanmar,1996,198.47
myanmar,1997,205.65
myanmar,1998,133.12
myanmar,1999,145.99
myanmar,2000,159.76
myanmar,2001,165.90
myanmar,2002,223.09
myanmar,2003,211.51
myanmar,2004,216.61
myanmar,2005,249.99
myanmar,2006,288.04
myanmar,2007,376.35
myanmar,2008,530.78
myanmar,2009,671.92
myanmar,2010,839.12
myanmar,2011,1162.5
myanmar,2012,1215.0
myanmar,2013,1226.9
myanmar,2014,1298.2
myanmar,2015,1214.8
myanmar,2016,1224.4
myanmar,2017,1233.6
myanmar,2018,1315.0
myanmar,2019,1353.7
myanmar,2020,1496.9
myanmar,2021,1332.4
myanmar,2022,1203.6
namibia,1970,802.06
namibia,1971,870.15
namibia,1972,845.95
namibia,1973,1040.7
namibia,1974,1233.7
namibia,1975,1276.0
namibia,1976,1190.7
namibia,1977,1289.1
namibia,1978,1460.3
namibia,1979,1775.3
namibia,1980,2481.6
namibia,1981,2278.6
namibia,1982,2107.1
namibia,1983,2223.8
namibia,1984,1837.4
namibia,1985,1471.0
namibia,1986,1603.8
namibia,1987,1973.6
namibia,1988,2065.6
namibia,1989,1968.2
namibia,1990,2037.9
namibia,1991,2117.0
namibia,1992,2346.3
namibia,1993,2153.3
namibia,1994,2352.7
namibia,1995,2478.3
namibia,1996,2417.6
namibia,1997,2453.9
namibia,1998,2231.1
namibia,1999,2175.4
namibia,2000,2156.1
namibia,2001,1916.3
namibia,2002,1773.4
namibia,2003,2572.0
namibia,2004,3407.9
namibia,2005,3703.1
namibia,2006,4025.3
namibia,2007,4400.1
namibia,2008,4217.5
namibia,2009,4347.7
namibia,2010,5452.1
namibia,2011,5904.5
namibia,2012,6005.3
namibia,2013,5516.8
namibia,2014,5539.1
namibia,2015,4965.7
namibia,2016,4614.9
namibia,2017,5450.3
namibia,2018,5687.4
namibia,2019,5126.1
namibia,2020,4252.0
namibia,2021,4919.2
namibia,2022,4911.3
nauru,1970,2303.5
nauru,1971,2484.0
nauru,1972,2882.1
nauru,1973,3674.9
nauru,1974,4709.2
nauru,1975,4665.2
nauru,1976,4669.6
nauru,1977,4589.7
nauru,1978,4908.1
nauru,1979,5034.0
nauru,1980,5488.8
nauru,1981,5810.4
nauru,1982,5534.5
nauru,1983,5200.3
nauru,1984,4934.0
nauru,1985,3974.9
nauru,1986,3909.8
nauru,1987,4233.4
nauru,1988,4775.2
nauru,1989,4898.3
nauru,1990,5130.3
nauru,1991,4599.3
nauru,1992,4210.9
nauru,1993,3599.5
nauru,1994,3571.0
nauru,1995,3378.8
nauru,1996,3262.2
nauru,1997,2984.1
nauru,1998,2312.7
nauru,1999,2367.1
nauru,2000,2092.7
nauru,2001,1837.0
nauru,2002,1841.7
nauru,2003,2330.0
nauru,2004,2672.7
nauru,2005,2548.3
nauru,2006,2466.7
nauru,2007,2251.1
nauru,2008,4056.0
nauru,2009,5300.8
nauru,2010,5788.2
nauru,2011,8549.0
nauru,2012,11541
nauru,2013,11051
nauru,2014,12141
nauru,2015,9329.7
nauru,2016,10332
nauru,2017,11021
nauru,2018,11590
nauru,2019,10977
nauru,2020,11015
nauru,2021,12390
nauru,2022,11679
nepal,1970,83.252
nepal,1971,83.049
nepal,1972,94.298
nepal,1973,85.795
nepal,1974,106.98
nepal,1975,116.10
nepal,1976,104.97
nepal,1977,101.99
nepal,1978,117.48
nepal,1979,130.42
nepal,1980,133.91
nepal,1981,148.69
nepal,1982,153.66
nepal,1983,148.85
nepal,1984,149.88
nepal,1985,156.26
nepal,1986,157.12
nepal,1987,171.46
nepal,1988,189.37
nepal,1989,184.11
nepal,1990,192.70
nepal,1991,172.30
nepal,1992,181.47
nepal,1993,178.07
nepal,1994,198.70
nepal,1995,203.29
nepal,1996,206.88
nepal,1997,223.28
nepal,1998,206.52
nepal,1999,222.87
nepal,2000,233.33
nepal,2001,236.05
nepal,2002,236.03
nepal,2003,258.54
nepal,2004,291.65
nepal,2005,331.48
nepal,2006,362.47
nepal,2007,444.53
nepal,2008,477.66
nepal,2009,524.64
nepal,2010,676.12
nepal,2011,772.56
nepal,2012,755.16
nepal,2013,765.54
nepal,2014,816.78
nepal,2015,857.19
nepal,2016,871.77
nepal,2017,1044.7
nepal,2018,1113.1
nepal,2019,1188.5
nepal,2020,1119.6
nepal,2021,1226.7
nepal,2022,1290.0
netherlands_kingdom_of_the,1970,2927.3
netherlands_kingdom_of_the,1971,3380.6
netherlands_kingdom_of_the,1972,4105.8
netherlands_kingdom_of_the,1973,5374.1
netherlands_kingdom_of_the,1974,6302.7
netherlands_kingdom_of_the,1975,7365.7
netherlands_kingdom_of_the,1976,7980.2
netherlands_kingdom_of_the,1977,9258.0
netherlands_kingdom_of_the,1978,11247
netherlands_kingdom_of_the,1979,12797
netherlands_kingdom_of_the,1980,13811
netherlands_kingdom_of_the,1981,11545
netherlands_kingdom_of_the,1982,11085
netherlands_kingdom_of_the,1983,10678
netherlands_kingdom_of_the,1984,9964.7
netherlands_kingdom_of_the,1985,9909.8
netherlands_kingdom_of_the,1986,13765
netherlands_kingdom_of_the,1987,16697
netherlands_kingdom_of_the,1988,17741
netherlands_kingdom_of_the,1989,17395
netherlands_kingdom_of_the,1990,21301
netherlands_kingdom_of_the,1991,21765
netherlands_kingdom_of_the,1992,23958
netherlands_kingdom_of_the,1993,23182
netherlands_kingdom_of_the,1994,24701
netherlands_kingdom_of_the,1995,29281
netherlands_kingdom_of_the,1996,28991
netherlands_kingdom_of_the,1997,26666
netherlands_kingdom_of_the,1998,27859
netherlands_kingdom_of_the,1999,28262
netherlands_kingdom_of_the,2000,26193
netherlands_kingdom_of_the,2001,26982
netherlands_kingdom_of_the,2002,29373
netherlands_kingdom_of_the,2003,35887
netherlands_kingdom_of_the,2004,40578
netherlands_kingdom_of_the,2005,42128
netherlands_kingdom_of_the,2006,44917
netherlands_kingdom_of_the,2007,51701
netherlands_kingdom_of_the,2008,57593
netherlands_kingdom_of_the,2009,52492
netherlands_kingdom_of_the,2010,50945
netherlands_kingdom_of_the,2011,54132
netherlands_kingdom_of_the,2012,49983
netherlands_kingdom_of_the,2013,51989
netherlands_kingdom_of_the,2014,52553
netherlands_kingdom_of_the,2015,44907
netherlands_kingdom_of_the,2016,45755
netherlands_kingdom_of_the,2017,48461
netherlands_kingdom_of_the,2018,52878
netherlands_kingdom_of_the,2019,52421
netherlands_kingdom_of_the,2020,52183
netherlands_kingdom_of_the,2021,58833
netherlands_kingdom_of_the,2022,57392
new_zealand,1970,2345.5
new_zealand,1971,2766.8
new_zealand,1972,3306.3
new_zealand,1973,4262.4
new_zealand,1974,4687.1
new_zealand,1975,4466.0
new_zealand,1976,4445.3
new_zealand,1977,4840.9
new_zealand,1978,5875.0
new_zealand,1979,6681.7
new_zealand,1980,7424.0
new_zealand,1981,7967.0
new_zealand,1982,7873.6
new_zealand,1983,7729.9
new_zealand,1984,7367.8
new_zealand,1985,7376.1
new_zealand,1986,9230.6
new_zealand,1987,11655
new_zealand,1988,13954
new_zealand,1989,13389
new_zealand,1990,13375
new_zealand,1991,12590
new_zealand,1992,11907
new_zealand,1993,12771
new_zealand,1994,14793
new_zealand,1995,17189
new_zealand,1996,18638
new_zealand,1997,18354
new_zealand,1998,15008
new_zealand,1999,15631
new_zealand,2000,14122
new_zealand,2001,13911
new_zealand,2002,15834
new_zealand,2003,20874
new_zealand,2004,25101
new_zealand,2005,27759
new_zealand,2006,26685
new_zealand,2007,32498
new_zealand,2008,31249
new_zealand,2009,28208
new_zealand,2010,33711
new_zealand,2011,38412
new_zealand,2012,39954
new_zealand,2013,42894
new_zealand,2014,44596
new_zealand,2015,38789
new_zealand,2016,40453
new_zealand,2017,43520
new_zealand,2018,43792
new_zealand,2019,42943
new_zealand,2020,41967
new_zealand,2021,49365
new_zealand,2022,47412
nicaragua,1970,466.41
nicaragua,1971,480.56
nicaragua,1972,496.83
nicaragua,1973,598.54
nicaragua,1974,806.42
nicaragua,1975,817.24
nicaragua,1976,920.53
nicaragua,1977,1082.3
nicaragua,1978,1004.9
nicaragua,1979,699.99
nicaragua,1980,861.21
nicaragua,1981,883.61
nicaragua,1982,961.07
nicaragua,1983,1013.0
nicaragua,1984,1015.8
nicaragua,1985,955.85
nicaragua,1986,945.12
nicaragua,1987,939.83
nicaragua,1988,832.45
nicaragua,1989,830.25
nicaragua,1990,840.85
nicaragua,1991,844.38
nicaragua,1992,875.18
nicaragua,1993,913.17
nicaragua,1994,832.08
nicaragua,1995,872.12
nicaragua,1996,892.22
nicaragua,1997,893.66
nicaragua,1998,928.71
nicaragua,1999,958.41
nicaragua,2000,994.01
nicaragua,2001,1027.2
nicaragua,2002,989.98
nicaragua,2003,996.51
nicaragua,2004,1071.9
nicaragua,2005,1155.0
nicaragua,2006,1223.1
nicaragua,2007,1323.8
nicaragua,2008,1493.9
nicaragua,2009,1438.1
nicaragua,2010,1495.7
nicaragua,2011,1644.8
nicaragua,2012,1746.4
nicaragua,2013,1794.8
nicaragua,2014,1913.5
nicaragua,2015,2025.3
nicaragua,2016,2079.4
nicaragua,2017,2127.3
nicaragua,2018,1981.9
nicaragua,2019,1905.6
nicaragua,2020,1876.6
nicaragua,2021,2064.9
nicaragua,2022,2255.4
niger,1970,124.42
niger,1971,129.79
niger,1972,158.47
niger,1973,164.47
niger,1974,183.90
niger,1975,227.95
niger,1976,262.43
niger,1977,301.31
niger,1978,396.30
niger,1979,503.49
niger,1980,594.77
niger,1981,503.00
niger,1982,444.67
niger,1983,385.53
niger,1984,303.09
niger,1985,289.92
niger,1986,363.77
niger,1987,408.25
niger,1988,411.66
niger,1989,372.66
niger,1990,428.95
niger,1991,394.67
niger,1992,397.47
niger,1993,353.57
niger,1994,211.75
niger,1995,247.77
niger,1996,256.48
niger,1997,228.43
niger,1998,252.32
niger,1999,239.91
niger,2000,202.26
niger,2001,212.77
niger,2002,234.35
niger,2003,278.61
niger,2004,295.01
niger,2005,330.98
niger,2006,345.74
niger,2007,386.97
niger,2008,469.28
niger,2009,449.46
niger,2010,458.41
niger,2011,497.64
niger,2012,510.55
niger,2013,544.01
niger,2014,561.48
niger,2015,480.75
niger,2016,497.04
niger,2017,514.54
niger,2018,567.33
niger,2019,550.96
niger,2020,564.82
niger,2021,590.63
niger,2022,588.17
nigeria,1970,528.85
nigeria,1971,599.82
nigeria,1972,712.67
nigeria,1973,799.15
nigeria,1974,1261.1
nigeria,1975,1560.5
nigeria,1976,1850.3
nigeria,1977,2090.6
nigeria,1978,2263.3
nigeria,1979,2656.9
nigeria,1980,3342.6
nigeria,1981,3000.0
nigeria,1982,2859.9
nigeria,1983,2761.7
nigeria,1984,2660.2
nigeria,1985,2514.3
nigeria,1986,1316.0
nigeria,1987,691.99
nigeria,1988,769.94
nigeria,1989,607.38
nigeria,1990,646.29
nigeria,1991,609.56
nigeria,1992,522.81
nigeria,1993,554.36
nigeria,1994,469.41
nigeria,1995,466.82
nigeria,1996,482.95
nigeria,1997,493.11
nigeria,1998,498.82
nigeria,1999,496.03
nigeria,2000,565.30
nigeria,2001,586.83
nigeria,2002,736.10
nigeria,2003,788.10
nigeria,2004,997.29
nigeria,2005,1253.7
nigeria,2006,1635.9
nigeria,2007,1858.6
nigeria,2008,2211.8
nigeria,2009,1863.9
nigeria,2010,2257.6
nigeria,2011,2479.9
nigeria,2012,2701.0
nigeria,2013,2947.3
nigeria,2014,3169.3
nigeria,2015,2688.0
nigeria,2016,2144.8
nigeria,2017,1941.9
nigeria,2018,2125.8
nigeria,2019,2334.0
nigeria,2020,2063.6
nigeria,2021,2019.3
nigeria,2022,2173.8
north_macedonia,1992,1357.4
north_macedonia,1993,1484.0
north_macedonia,1994,1795.6
north_macedonia,1995,2372.5
north_macedonia,1996,2327.7
north_macedonia,1997,1952.4
north_macedonia,1998,1870.9
north_macedonia,1999,1909.1
north_macedonia,2000,1851.3
north_macedonia,2001,1806.6
north_macedonia,2002,1946.2
north_macedonia,2003,2388.2
north_macedonia,2004,2737.5
north_macedonia,2005,3010.9
north_macedonia,2006,3297.0
north_macedonia,2007,4001.2
north_macedonia,2008,4750.0
north_macedonia,2009,4498.9
north_macedonia,2010,4492.8
north_macedonia,2011,5004.4
north_macedonia,2012,4641.8
north_macedonia,2013,5145.9
north_macedonia,2014,5397.0
north_macedonia,2015,4774.5
north_macedonia,2016,5057.6
north_macedonia,2017,5353.8
north_macedonia,2018,6001.0
north_macedonia,2019,5962.8
north_macedonia,2020,5855.3
north_macedonia,2021,6656.2
north_macedonia,2022,6549.2
norway,1970,3306.4
norway,1971,3736.5
norway,1972,4413.5
norway,1973,5689.4
norway,1974,6811.3
norway,1975,8204.1
norway,1976,8926.8
norway,1977,10266
norway,1978,11462
norway,1979,13046
norway,1980,15772
norway,1981,15512
norway,1982,15224
norway,1983,14927
norway,1984,14989
norway,1985,15753
norway,1986,18883
norway,1987,22505
norway,1988,24206
norway,1989,24280
norway,1990,28242
norway,1991,28596
norway,1992,30523
norway,1993,27963
norway,1994,29315
norway,1995,34875
norway,1996,37320
norway,1997,36628
norway,1998,34802
norway,1999,36392
norway,2000,38176
norway,2001,38600
norway,2002,43168
norway,2003,50247
norway,2004,57764
norway,2005,67041
norway,2006,74428
norway,2007,85495
norway,2008,97495
norway,2009,80339
norway,2010,88154
norway,2011,101210
norway,2012,102170
norway,2013,103530
norway,2014,97654
norway,2015,74785
norway,2016,70838
norway,2017,76126
norway,2018,82787
norway,2019,76425
norway,2020,68335
norway,2021,90744
norway,2022,106620
oman,1970,400.20
oman,1971,457.79
oman,1972,542.60
oman,1973,694.28
oman,1974,2283.8
oman,1975,2789.1
oman,1976,3253.3
oman,1977,3314.1
oman,1978,3145.2
oman,1979,4059.4
oman,1980,6148.6
oman,1981,7020.9
oman,1982,6977.2
oman,1983,6970.7
oman,1984,7267.8
oman,1985,7596.8
oman,1986,5638.0
oman,1987,5564.9
oman,1988,5108.6
oman,1989,5408.0
oman,1990,6403.9
oman,1991,5918.2
oman,1992,6203.2
oman,1993,5963.7
oman,1994,6153.4
oman,1995,6635.2
oman,1996,7420.2
oman,1997,7779.6
oman,1998,7037.8
oman,1999,7711.1
oman,2000,9495.3
oman,2001,9351.1
oman,2002,9596.0
oman,2003,10172
oman,2004,11495
oman,2005,14117
oman,2006,16628
oman,2007,18536
oman,2008,26331
oman,2009,20557
oman,2010,22552
oman,2011,24166
oman,2012,24723
oman,2013,23564
oman,2014,23121
oman,2015,18777
oman,2016,17082
oman,2017,17803
oman,2018,19888
oman,2019,19132
oman,2020,16708
oman,2021,19509
oman,2022,25057
pakistan,1970,221.61
pakistan,1971,229.57
pakistan,1972,132.01
pakistan,1973,137.64
pakistan,1974,176.28
pakistan,1975,216.00
pakistan,1976,245.68
pakistan,1977,273.56
pakistan,1978,312.05
pakistan,1979,333.27
pakistan,1980,384.43
pakistan,1981,436.93
pakistan,1982,408.19
pakistan,1983,399.64
pakistan,1984,416.59
pakistan,1985,399.91
pakistan,1986,402.49
pakistan,1987,413.55
pakistan,1988,455.28
pakistan,1989,439.69
pakistan,1990,447.66
pakistan,1991,469.56
pakistan,1992,514.47
pakistan,1993,494.91
pakistan,1994,517.77
pakistan,1995,580.44
pakistan,1996,561.08
pakistan,1997,547.61
pakistan,1998,535.39
pakistan,1999,519.59
pakistan,2000,497.93
pakistan,2001,460.18
pakistan,2002,492.17
pakistan,2003,545.26
pakistan,2004,611.50
pakistan,2005,675.04
pakistan,2006,765.54
pakistan,2007,846.14
pakistan,2008,832.04
pakistan,2009,880.33
pakistan,2010,940.89
pakistan,2011,1130.7
pakistan,2012,1139.5
pakistan,2013,1165.3
pakistan,2014,1314.0
pakistan,2015,1407.9
pakistan,2016,1462.8
pakistan,2017,1558.1
pakistan,2018,1464.0
pakistan,2019,1307.3
pakistan,2020,1292.9
pakistan,2021,1480.1
pakistan,2022,1385.8
palau,1970,820.81
palau,1971,873.27
palau,1972,925.11
palau,1973,986.38
palau,1974,1073.6
palau,1975,1185.3
palau,1976,1310.4
palau,1977,1444.2
palau,1978,1597.8
palau,1979,1771.4
palau,1980,1957.7
palau,1981,2131.8
palau,1982,2295.0
palau,1983,2466.7
palau,1984,2718.8
palau,1985,3017.6
palau,1986,3352.4
palau,1987,3731.0
palau,1988,4154.8
palau,1989,4628.3
palau,1990,5154.6
palau,1991,5551.8
palau,1992,5832.2
palau,1993,5246.1
palau,1994,5423.8
palau,1995,6414.7
palau,1996,7434.6
palau,1997,7803.0
palau,1998,7848.1
palau,1999,7384.7
palau,2000,7494.3
palau,2001,7976.5
palau,2002,8141.4
palau,2003,7945.8
palau,2004,8709.2
palau,2005,9315.6
palau,2006,9648.8
palau,2007,10062
palau,2008,10378
palau,2009,9757.0
palau,2010,9883.1
palau,2011,10652
palau,2012,11867
palau,2013,12608
palau,2014,13664
palau,2015,15760
palau,2016,16785
palau,2017,16013
palau,2018,15947
palau,2019,15568
palau,2020,14014
palau,2021,12084
palau,2022,12498
palestine,1970,158.60
palestine,1971,179.12
palestine,1972,253.12
palestine,1973,308.03
palestine,1974,470.66
palestine,1975,458.13
palestine,1976,522.91
palestine,1977,523.77
palestine,1978,530.04
palestine,1979,598.96
palestine,1980,738.83
palestine,1981,662.19
palestine,1982,681.78
palestine,1983,681.82
palestine,1984,642.73
palestine,1985,580.39
palestine,1986,908.49
palestine,1987,954.77
palestine,1988,956.00
palestine,1989,873.44
palestine,1990,911.15
palestine,1991,942.42
palestine,1992,1114.0
palestine,1993,1149.9
palestine,1994,1130.5
palestine,1995,1251.5
palestine,1996,1247.1
palestine,1997,1320.5
palestine,1998,1378.5
palestine,1999,1402.9
palestine,2000,1373.8
palestine,2001,1239.5
palestine,2002,1074.4
palestine,2003,1172.5
palestine,2004,1330.3
palestine,2005,1447.5
palestine,2006,1474.3
palestine,2007,1564.3
palestine,2008,1919.3
palestine,2009,2073.6
palestine,2010,2425.1
palestine,2011,2736.5
palestine,2012,2917.8
palestine,2013,3156.5
palestine,2014,3193.6
palestine,2015,3115.6
palestine,2016,3353.5
palestine,2017,3430.8
palestine,2018,3387.0
palestine,2019,3489.7
palestine,2020,3094.3
palestine,2021,3527.7
palestine,2022,3640.3
panama,1970,768.59
panama,1971,843.36
panama,1972,901.49
panama,1973,1003.6
panama,1974,1117.1
panama,1975,1219.3
panama,1976,1262.8
panama,1977,1306.6
panama,1978,1512.4
panama,1979,1690.8
panama,1980,2105.0
panama,1981,2315.9
panama,1982,2395.7
panama,1983,2459.1
panama,1984,2540.3
panama,1985,2647.8
panama,1986,2735.5
panama,1987,2759.2
panama,1988,2412.7
panama,1989,2368.0
panama,1990,2520.2
panama,1991,2713.5
panama,1992,3021.5
panama,1993,3232.4
panama,1994,3377.0
panama,1995,3382.7
panama,1996,3417.7
panama,1997,3623.3
panama,1998,3850.3
panama,1999,3955.3
panama,2000,3933.7
panama,2001,3919.6
panama,2002,3995.6
panama,2003,4130.5
panama,2004,4442.4
panama,2005,4753.4
panama,2006,5169.4
panama,2007,6205.8
panama,2008,7220.5
panama,2009,7668.1
panama,2010,8204.2
panama,2011,9526.6
panama,2012,10944
panama,2013,12167
panama,2014,13133
panama,2015,14030
panama,2016,14809
panama,2017,15688
panama,2018,16156
panama,2019,16473
panama,2020,13293
panama,2021,15491
panama,2022,17358
papua_new_guinea,1970,440.88
papua_new_guinea,1971,480.56
papua_new_guinea,1972,561.50
papua_new_guinea,1973,829.87
papua_new_guinea,1974,918.71
papua_new_guinea,1975,830.68
papua_new_guinea,1976,874.49
papua_new_guinea,1977,942.51
papua_new_guinea,1978,1121.4
papua_new_guinea,1979,1263.7
papua_new_guinea,1980,1374.2
papua_new_guinea,1981,1321.2
papua_new_guinea,1982,1227.0
papua_new_guinea,1983,1197.5
papua_new_guinea,1984,1160.5
papua_new_guinea,1985,1074.1
papua_new_guinea,1986,1158.9
papua_new_guinea,1987,1346.3
papua_new_guinea,1988,1531.8
papua_new_guinea,1989,1452.6
papua_new_guinea,1990,1284.9
papua_new_guinea,1991,1463.5
papua_new_guinea,1992,1599.5
papua_new_guinea,1993,1752.4
papua_new_guinea,1994,1806.6
papua_new_guinea,1995,1584.8
papua_new_guinea,1996,1626.8
papua_new_guinea,1997,1500.2
papua_new_guinea,1998,1106.9
papua_new_guinea,1999,975.41
papua_new_guinea,2000,960.23
papua_new_guinea,2001,813.73
papua_new_guinea,2002,781.79
papua_new_guinea,2003,922.10
papua_new_guinea,2004,1003.1
papua_new_guinea,2005,1131.8
papua_new_guinea,2006,1245.5
papua_new_guinea,2007,1379.1
papua_new_guinea,2008,1635.0
papua_new_guinea,2009,1579.0
papua_new_guinea,2010,1879.2
papua_new_guinea,2011,2303.8
papua_new_guinea,2012,2653.1
papua_new_guinea,2013,2578.5
papua_new_guinea,2014,2742.3
papua_new_guinea,2015,2502.1
papua_new_guinea,2016,2332.7
papua_new_guinea,2017,2495.1
papua_new_guinea,2018,2595.7
papua_new_guinea,2019,2593.7
papua_new_guinea,2020,2446.1
papua_new_guinea,2021,2624.6
papua_new_guinea,2022,3116.5
paraguay,1970,282.38
paraguay,1971,308.56
paraguay,1972,348.89
paraguay,1973,440.86
paraguay,1974,576.04
paraguay,1975,636.90
paraguay,1976,698.44
paraguay,1977,839.04
paraguay,1978,1001.3
paraguay,1979,1303.1
paraguay,1980,1652.6
paraguay,1981,2034.0
paraguay,1982,2057.9
paraguay,1983,2221.6
paraguay,1984,1772.1
paraguay,1985,1470.7
paraguay,1986,1701.0
paraguay,1987,1387.1
paraguay,1988,1795.7
paraguay,1989,1263.2
paraguay,1990,1483.6
paraguay,1991,1715.0
paraguay,1992,1724.1
paraguay,1993,1792.9
paraguay,1994,1998.7
paraguay,1995,2267.7
paraguay,1996,2404.8
paraguay,1997,2383.4
paraguay,1998,2081.1
paraguay,1999,1880.3
paraguay,2000,1792.5
paraguay,2001,1600.9
paraguay,2002,1548.7
paraguay,2003,1593.0
paraguay,2004,1920.0
paraguay,2005,2064.4
paraguay,2006,2489.9
paraguay,2007,3194.3
paraguay,2008,4360.5
paraguay,2009,3921.2
paraguay,2010,4725.7
paraguay,2011,5776.3
paraguay,2012,5617.1
paraguay,2013,6410.8
paraguay,2014,6629.4
paraguay,2015,5861.4
paraguay,2016,5759.0
paraguay,2017,6136.1
paraguay,2018,6243.0
paraguay,2019,5807.8
paraguay,2020,5353.3
paraguay,2021,5959.4
paraguay,2022,6153.1
peru,1970,430.59
peru,1971,468.06
peru,1972,504.41
peru,1973,588.12
peru,1974,722.48
peru,1975,859.82
peru,1976,800.06
peru,1977,703.17
peru,1978,588.91
peru,1979,733.53
peru,1980,951.75
peru,1981,1134.0
peru,1982,1125.8
peru,1983,852.68
peru,1984,872.62
peru,1985,735.80
peru,1986,1069.1
peru,1987,1712.0
peru,1988,1461.9
peru,1989,1607.2
peru,1990,1317.1
peru,1991,1521.3
peru,1992,1557.0
peru,1993,1473.3
peru,1994,1862.3
peru,1995,2183.0
peru,1996,2219.2
peru,1997,2292.3
peru,1998,2149.3
peru,1999,1912.4
peru,2000,1941.3
peru,2001,1926.7
peru,2002,2004.7
peru,2003,2126.6
peru,2004,2394.1
peru,2005,2702.9
peru,2006,3123.9
peru,2007,3573.5
peru,2008,4187.0
peru,2009,4165.9
peru,2010,5047.2
peru,2011,5826.8
peru,2012,6475.7
peru,2013,6697.2
peru,2014,6614.8
peru,2015,6180.1
peru,2016,6163.9
peru,2017,6676.3
peru,2018,6912.1
peru,2019,6955.9
peru,2020,6063.6
peru,2021,6635.5
peru,2022,7125.8
philippines,1970,201.92
philippines,1971,217.98
philippines,1972,230.07
philippines,1973,282.44
philippines,1974,377.11
philippines,1975,398.05
philippines,1976,445.80
philippines,1977,499.10
philippines,1978,561.38
philippines,1979,662.05
philippines,1980,761.02
philippines,1981,815.22
philippines,1982,828.57
philippines,1983,723.08
philippines,1984,667.67
philippines,1985,637.84
philippines,1986,605.73
philippines,1987,658.21
philippines,1988,734.43
philippines,1989,806.85
philippines,1990,820.49
philippines,1991,821.45
philippines,1992,936.15
philippines,1993,938.76
philippines,1994,1081.4
philippines,1995,1222.3
philippines,1996,1334.1
philippines,1997,1294.1
philippines,1998,1000.0
philippines,1999,1123.2
philippines,2000,1073.3
philippines,2001,991.15
philippines,2002,1037.2
philippines,2003,1049.4
philippines,2004,1122.9
philippines,2005,1245.3
philippines,2006,1452.2
philippines,2007,1741.6
philippines,2008,1990.4
philippines,2009,1893.3
philippines,2010,2201.8
philippines,2011,2431.2
philippines,2012,2671.8
philippines,2013,2847.6
philippines,2014,2935.9
philippines,2015,2974.3
philippines,2016,3038.2
philippines,2017,3077.4
philippines,2018,3194.7
philippines,2019,3413.8
philippines,2020,3224.4
philippines,2021,3460.5
philippines,2022,3498.5
poland,1970,870.51
poland,1971,957.12
poland,1972,1049.6
poland,1973,1231.6
poland,1974,1369.2
poland,1975,1444.0
poland,1976,1594.4
poland,1977,1751.4
poland,1978,1965.8
poland,1979,2180.7
poland,1980,1664.0
poland,1981,1562.5
poland,1982,1880.5
poland,1983,2154.6
poland,1984,2137.6
poland,1985,1972.4
poland,1986,2039.2
poland,1987,1753.3
poland,1988,1880.2
poland,1989,2238.6
poland,1990,1735.2
poland,1991,2244.1
poland,1992,2469.7
poland,1993,2513.4
poland,1994,2891.0
poland,1995,3705.4
poland,1996,4171.5
poland,1997,4150.4
poland,1998,4551.5
poland,1999,4433.1
poland,2000,4472.7
poland,2001,4937.7
poland,2002,5150.9
poland,2003,5640.1
poland,2004,6609.7
poland,2005,7936.2
poland,2006,8940.4
poland,2007,11137
poland,2008,13852
poland,2009,11405
poland,2010,12325
poland,2011,13577
poland,2012,12821
poland,2013,13359
poland,2014,13972
poland,2015,12375
poland,2016,12198
poland,2017,13615
poland,2018,15284
poland,2019,15485
poland,2020,15599
poland,2021,17786
poland,2022,17265
portugal,1970,933.71
portugal,1971,1057.9
portugal,1972,1272.0
portugal,1973,1684.9
portugal,1974,1928.2
portugal,1975,2103.1
portugal,1976,2179.5
portugal,1977,2266.3
portugal,1978,2452.6
portugal,1979,2748.2
portugal,1980,3361.7
portugal,1981,3244.3
portugal,1982,3082.1
portugal,1983,2739.5
portugal,1984,2528.2
portugal,1985,2712.3
portugal,1986,3870.1
portugal,1987,4808.5
portugal,1988,5621.3
portugal,1989,6047.1
portugal,1990,7866.0
portugal,1991,8935.8
portugal,1992,10783
portugal,1993,9508.9
portugal,1994,9951.2
portugal,1995,11752
portugal,1996,12157
portugal,1997,11551
portugal,1998,12177
portugal,1999,12452
portugal,2000,11486
portugal,2001,11714
portugal,2002,12862
portugal,2003,15741
portugal,2004,18001
portugal,2005,18737
portugal,2006,19781
portugal,2007,22732
portugal,2008,24795
portugal,2009,23008
portugal,2010,22466
portugal,2011,23171
portugal,2012,20551
portugal,2013,21632
portugal,2014,22059
portugal,2015,19229
portugal,2016,19964
portugal,2017,21475
portugal,2018,23549
portugal,2019,23323
portugal,2020,22240
portugal,2021,24833
portugal,2022,24813
puerto_rico,1970,1865.0
puerto_rico,1971,2058.4
puerto_rico,1972,2268.5
puerto_rico,1973,2468.3
puerto_rico,1974,2664.9
puerto_rico,1975,2796.9
puerto_rico,1976,3011.2
puerto_rico,1977,3274.9
puerto_rico,1978,3632.1
puerto_rico,1979,4083.5
puerto_rico,1980,4553.9
puerto_rico,1981,4964.1
puerto_rico,1982,5149.7
puerto_rico,1983,5246.4
puerto_rico,1984,5758.7
puerto_rico,1985,6040.1
puerto_rico,1986,6485.6
puerto_rico,1987,6994.3
puerto_rico,1988,7610.7
puerto_rico,1989,8157.8
puerto_rico,1990,8757.4
puerto_rico,1991,9149.4
puerto_rico,1992,9720.5
puerto_rico,1993,10272
puerto_rico,1994,10950
puerto_rico,1995,11673
puerto_rico,1996,12317
puerto_rico,1997,12997
puerto_rico,1998,14489
puerto_rico,1999,15394
puerto_rico,2000,16349
puerto_rico,2001,18314
puerto_rico,2002,18960
puerto_rico,2003,19834
puerto_rico,2004,21043
puerto_rico,2005,22051
puerto_rico,2006,23019
puerto_rico,2007,23712
puerto_rico,2008,24920
puerto_rico,2009,25779
puerto_rico,2010,26461
puerto_rico,2011,27184
puerto_rico,2012,27765
puerto_rico,2013,28340
puerto_rico,2014,28777
puerto_rico,2015,29558
puerto_rico,2016,30395
puerto_rico,2017,30729
puerto_rico,2018,30416
puerto_rico,2019,31925
puerto_rico,2020,31523
puerto_rico,2021,32668
puerto_rico,2022,34877
qatar,1970,4567.0
qatar,1971,5361.1
qatar,1972,6944.0
qatar,1973,9179.9
qatar,1974,10793
qatar,1975,12661
qatar,1976,15197
qatar,1977,15448
qatar,1978,16139
qatar,1979,21635
qatar,1980,28250
qatar,1981,29410
qatar,1982,24348
qatar,1983,19624
qatar,1984,19729
qatar,1985,16818
qatar,1986,13216
qatar,1987,13705
qatar,1988,14651
qatar,1989,15198
qatar,1990,16665
qatar,1991,15079
qatar,1992,16224
qatar,1993,14724
qatar,1994,14729
qatar,1995,15798
qatar,1996,17117
qatar,1997,20519
qatar,1998,17652
qatar,1999,20207
qatar,2000,27495
qatar,2001,25836
qatar,2002,27151
qatar,2003,31440
qatar,2004,40792
qatar,2005,52468
qatar,2006,59979
qatar,2007,64707
qatar,2008,79812
qatar,2009,60734
qatar,2010,73021
qatar,2011,92993
qatar,2012,98041
qatar,2013,97631
qatar,2014,93126
qatar,2015,66985
qatar,2016,58467
qatar,2017,59408
qatar,2018,66264
qatar,2019,62827
qatar,2020,52316
qatar,2021,66859
qatar,2022,87974
republic_of_korea,1970,276.22
republic_of_korea,1971,297.51
republic_of_korea,1972,319.69
republic_of_korea,1973,400.36
republic_of_korea,1974,553.35
republic_of_korea,1975,606.29
republic_of_korea,1976,820.23
republic_of_korea,1977,1041.6
republic_of_korea,1978,1392.2
republic_of_korea,1979,1774.0
republic_of_korea,1980,1713.3
republic_of_korea,1981,1883.0
republic_of_korea,1982,1988.6
republic_of_korea,1983,2191.1
republic_of_korea,1984,2397.9
republic_of_korea,1985,2456.7
republic_of_korea,1986,2794.5
republic_of_korea,1987,3488.9
republic_of_korea,1988,4642.9
republic_of_korea,1989,5667.7
republic_of_korea,1990,6422.6
republic_of_korea,1991,7432.4
republic_of_korea,1992,7952.9
republic_of_korea,1993,8738.9
republic_of_korea,1994,10265
republic_of_korea,1995,12482
republic_of_korea,1996,13363
republic_of_korea,1997,12396
republic_of_korea,1998,8288.2
republic_of_korea,1999,10695
republic_of_korea,2000,12315
republic_of_korea,2001,11636
republic_of_korea,2002,13255
republic_of_korea,2003,14782
republic_of_korea,2004,16619
republic_of_korea,2005,19522
republic_of_korea,2006,21919
republic_of_korea,2007,24318
republic_of_korea,2008,21640
republic_of_korea,2009,19427
republic_of_korea,2010,23438
republic_of_korea,2011,25488
republic_of_korea,2012,25757
republic_of_korea,2013,27362
republic_of_korea,2014,29359
republic_of_korea,2015,28744
republic_of_korea,2016,29236
republic_of_korea,2017,31525
republic_of_korea,2018,33376
republic_of_korea,2019,31875
republic_of_korea,2020,31716
republic_of_korea,2021,35084
republic_of_korea,2022,32305
republic_of_moldova,1992,656.34
republic_of_moldova,1993,664.22
republic_of_moldova,1994,469.82
republic_of_moldova,1995,475.33
republic_of_moldova,1996,458.78
republic_of_moldova,1997,526.80
republic_of_moldova,1998,468.24
republic_of_moldova,1999,326.74
republic_of_moldova,2000,363.69
republic_of_moldova,2001,423.12
republic_of_moldova,2002,480.96
republic_of_moldova,2003,580.62
republic_of_moldova,2004,770.44
republic_of_moldova,2005,896.32
republic_of_moldova,2006,1037.5
republic_of_moldova,2007,1362.5
republic_of_moldova,2008,1906.1
republic_of_moldova,2009,1741.1
republic_of_moldova,2010,1896.3
republic_of_moldova,2011,2340.5
republic_of_moldova,2012,2483.2
republic_of_moldova,2013,2779.6
republic_of_moldova,2014,2816.4
republic_of_moldova,2015,2379.2
republic_of_moldova,2016,2474.6
republic_of_moldova,2017,2991.5
republic_of_moldova,2018,3581.5
republic_of_moldova,2019,3774.5
republic_of_moldova,2020,3737.9
republic_of_moldova,2021,4472.3
republic_of_moldova,2022,4433.4
romania,1970,634.56
romania,1971,745.08
romania,1972,849.83
romania,1973,977.82
romania,1974,1011.4
romania,1975,1075.2
romania,1976,1192.6
romania,1977,1275.5
romania,1978,1492.3
romania,1979,1599.4
romania,1980,1638.4
romania,1981,1977.7
romania,1982,2296.8
romania,1983,2112.6
romania,1984,1805.6
romania,1985,2239.1
romania,1986,2431.0
romania,1987,2710.5
romania,1988,2794.6
romania,1989,2482.2
romania,1990,1766.8
romania,1991,1332.6
romania,1992,905.92
romania,1993,1224.0
romania,1994,1401.9
romania,1995,1661.1
romania,1996,1647.0
romania,1997,1596.0
romania,1998,1881.5
romania,1999,1631.3
romania,2000,1699.5
romania,2001,1853.2
romania,2002,2127.4
romania,2003,2691.0
romania,2004,3521.7
romania,2005,4667.8
romania,2006,5835.8
romania,2007,8416.3
romania,2008,10405
romania,2009,8506.8
romania,2010,8361.3
romania,2011,9525.8
romania,2012,8895.7
romania,2013,9458.0
romania,2014,9987.8
romania,2015,8936.2
romania,2016,9359.0
romania,2017,10668
romania,2018,12410
romania,2019,12857
romania,2020,12929
romania,2021,14787
romania,2022,15295
russian_federation,1992,3315.1
russian_federation,1993,3094.8
russian_federation,1994,2760.7
russian_federation,1995,2708.0
russian_federation,1996,2663.9
russian_federation,1997,2756.7
russian_federation,1998,1847.9
russian_federation,1999,1339.1
russian_federation,2000,1781.2
russian_federation,2001,2111.7
russian_federation,2002,2389.9
russian_federation,2003,2998.1
russian_federation,2004,4133.8
russian_federation,2005,5365.1
russian_federation,2006,6973.9
russian_federation,2007,9170.3
russian_federation,2008,11721
russian_federation,2009,8623.8
russian_federation,2010,10750
russian_federation,2011,14271
russian_federation,2012,15375
russian_federation,2013,15925
russian_federation,2014,14272
russian_federation,2015,9424.9
russian_federation,2016,8798.8
russian_federation,2017,10823
russian_federation,2018,11379
russian_federation,2019,11617
russian_federation,2020,10253
russian_federation,2021,12659
russian_federation,2022,15482
rwanda,1970,58.467
rwanda,1971,68.195
rwanda,1972,74.508
rwanda,1973,89.770
rwanda,1974,114.36
rwanda,1975,133.81
rwanda,1976,144.97
rwanda,1977,164.94
rwanda,1978,194.43
rwanda,1979,231.00
rwanda,1980,252.65
rwanda,1981,273.20
rwanda,1982,263.04
rwanda,1983,266.83
rwanda,1984,276.93
rwanda,1985,289.27
rwanda,1986,313.73
rwanda,1987,338.43
rwanda,1988,353.63
rwanda,1989,351.12
rwanda,1990,332.66
rwanda,1991,242.14
rwanda,1992,250.06
rwanda,1993,234.58
rwanda,1994,169.56
rwanda,1995,216.31
rwanda,1996,206.89
rwanda,1997,254.41
rwanda,1998,276.48
rwanda,1999,269.19
rwanda,2000,255.03
rwanda,2001,239.08
rwanda,2002,234.93
rwanda,2003,249.64
rwanda,2004,270.25
rwanda,2005,324.92
rwanda,2006,358.01
rwanda,2007,427.17
rwanda,2008,529.23
rwanda,2009,564.68
rwanda,2010,593.69
rwanda,2011,650.61
rwanda,2012,705.79
rwanda,2013,704.04
rwanda,2014,724.87
rwanda,2015,732.28
rwanda,2016,728.44
rwanda,2017,756.55
rwanda,2018,769.43
rwanda,2019,806.88
rwanda,2020,774.72
rwanda,2021,822.32
rwanda,2022,966.31
saint_kitts_and_nevis,1970,552.51
saint_kitts_and_nevis,1971,669.97
saint_kitts_and_nevis,1972,787.71
saint_kitts_and_nevis,1973,833.52
saint_kitts_and_nevis,1974,1090.2
saint_kitts_and_nevis,1975,1158.9
saint_kitts_and_nevis,1976,982.56
saint_kitts_and_nevis,1977,1020.5
saint_kitts_and_nevis,1978,1137.3
saint_kitts_and_nevis,1979,1359.6
saint_kitts_and_nevis,1980,1588.5
saint_kitts_and_nevis,1981,1883.2
saint_kitts_and_nevis,1982,2010.1
saint_kitts_and_nevis,1983,2039.3
saint_kitts_and_nevis,1984,2326.7
saint_kitts_and_nevis,1985,2634.0
saint_kitts_and_nevis,1986,3119.8
saint_kitts_and_nevis,1987,3550.2
saint_kitts_and_nevis,1988,4179.3
saint_kitts_and_nevis,1989,4696.5
saint_kitts_and_nevis,1990,5346.5
saint_kitts_and_nevis,1991,5439.8
saint_kitts_and_nevis,1992,5920.2
saint_kitts_and_nevis,1993,6363.7
saint_kitts_and_nevis,1994,7027.4
saint_kitts_and_nevis,1995,7367.5
saint_kitts_and_nevis,1996,7748.7
saint_kitts_and_nevis,1997,8573.1
saint_kitts_and_nevis,1998,8656.4
saint_kitts_and_nevis,1999,9061.7
saint_kitts_and_nevis,2000,9622.7
saint_kitts_and_nevis,2001,10424
saint_kitts_and_nevis,2002,10794
saint_kitts_and_nevis,2003,10410
saint_kitts_and_nevis,2004,11319
saint_kitts_and_nevis,2005,12284
saint_kitts_and_nevis,2006,14355
saint_kitts_and_nevis,2007,15253
saint_kitts_and_nevis,2008,16492
saint_kitts_and_nevis,2009,16374
saint_kitts_and_nevis,2010,16428
saint_kitts_and_nevis,2011,17572
saint_kitts_and_nevis,2012,17294
saint_kitts_and_nevis,2013,18316
saint_kitts_and_nevis,2014,19945
saint_kitts_and_nevis,2015,20026
saint_kitts_and_nevis,2016,21095
saint_kitts_and_nevis,2017,22161
saint_kitts_and_nevis,2018,22548
saint_kitts_and_nevis,2019,23219
saint_kitts_and_nevis,2020,18566
saint_kitts_and_nevis,2021,18083
saint_kitts_and_nevis,2022,20547
saint_lucia,1970,399.87
saint_lucia,1971,450.07
saint_lucia,1972,507.59
saint_lucia,1973,562.21
saint_lucia,1974,752.12
saint_lucia,1975,858.28
saint_lucia,1976,876.98
saint_lucia,1977,942.09
saint_lucia,1978,1084.2
saint_lucia,1979,1292.6
saint_lucia,1980,1489.7
saint_lucia,1981,1674.5
saint_lucia,1982,1778.1
saint_lucia,1983,1893.9
saint_lucia,1984,2053.8
saint_lucia,1985,2245.7
saint_lucia,1986,2681.3
saint_lucia,1987,2893.5
saint_lucia,1988,3252.6
saint_lucia,1989,3634.9
saint_lucia,1990,3910.8
saint_lucia,1991,4150.8
saint_lucia,1992,4543.5
saint_lucia,1993,4479.3
saint_lucia,1994,4606.0
saint_lucia,1995,4851.1
saint_lucia,1996,5108.1
saint_lucia,1997,5155.4
saint_lucia,1998,5608.5
saint_lucia,1999,5853.1
saint_lucia,2000,5869.6
saint_lucia,2001,5501.2
saint_lucia,2002,5487.8
saint_lucia,2003,5915.6
saint_lucia,2004,6451.3
saint_lucia,2005,6770.0
saint_lucia,2006,7614.3
saint_lucia,2007,7944.3
saint_lucia,2008,8463.3
saint_lucia,2009,8248.3
saint_lucia,2010,8674.1
saint_lucia,2011,9110.5
saint_lucia,2012,9230.8
saint_lucia,2013,9544.4
saint_lucia,2014,10008
saint_lucia,2015,10291
saint_lucia,2016,10574
saint_lucia,2017,11276
saint_lucia,2018,11572
saint_lucia,2019,11735
saint_lucia,2020,7926.8
saint_lucia,2021,9870.8
saint_lucia,2022,12038
saint_vincent_and_the_grenadines,1970,215.20
saint_vincent_and_the_grenadines,1971,230.97
saint_vincent_and_the_grenadines,1972,314.15
saint_vincent_and_the_grenadines,1973,339.88
saint_vincent_and_the_grenadines,1974,367.26
saint_vincent_and_the_grenadines,1975,367.44
saint_vincent_and_the_grenadines,1976,353.99
saint_vincent_and_the_grenadines,1977,402.59
saint_vincent_and_the_grenadines,1978,505.72
saint_vincent_and_the_grenadines,1979,583.77
saint_vincent_and_the_grenadines,1980,650.60
saint_vincent_and_the_grenadines,1981,793.64
saint_vincent_and_the_grenadines,1982,913.30
saint_vincent_and_the_grenadines,1983,1017.2
saint_vincent_and_the_grenadines,1984,1100.5
saint_vincent_and_the_grenadines,1985,1202.6
saint_vincent_and_the_grenadines,1986,1350.3
saint_vincent_and_the_grenadines,1987,1503.1
saint_vincent_and_the_grenadines,1988,1730.7
saint_vincent_and_the_grenadines,1989,1871.2
saint_vincent_and_the_grenadines,1990,2082.5
saint_vincent_and_the_grenadines,1991,2241.8
saint_vincent_and_the_grenadines,1992,2474.1
saint_vincent_and_the_grenadines,1993,2539.7
saint_vincent_and_the_grenadines,1994,2599.6
saint_vincent_and_the_grenadines,1995,2841.6
saint_vincent_and_the_grenadines,1996,3017.1
saint_vincent_and_the_grenadines,1997,3210.6
saint_vincent_and_the_grenadines,1998,3495.5
saint_vincent_and_the_grenadines,1999,3667.7
saint_vincent_and_the_grenadines,2000,3760.1
saint_vincent_and_the_grenadines,2001,4066.1
saint_vincent_and_the_grenadines,2002,4299.4
saint_vincent_and_the_grenadines,2003,4500.9
saint_vincent_and_the_grenadines,2004,4883.3
saint_vincent_and_the_grenadines,2005,5176.1
saint_vincent_and_the_grenadines,2006,5775.1
saint_vincent_and_the_grenadines,2007,6439.0
saint_vincent_and_the_grenadines,2008,6641.5
saint_vincent_and_the_grenadines,2009,6503.1
saint_vincent_and_the_grenadines,2010,6591.0
saint_vincent_and_the_grenadines,2011,6566.5
saint_vincent_and_the_grenadines,2012,6754.4
saint_vincent_and_the_grenadines,2013,7117.6
saint_vincent_and_the_grenadines,2014,7210.6
saint_vincent_and_the_grenadines,2015,7386.7
saint_vincent_and_the_grenadines,2016,7684.8
saint_vincent_and_the_grenadines,2017,7996.7
saint_vincent_and_the_grenadines,2018,8399.7
saint_vincent_and_the_grenadines,2019,8680.2
saint_vincent_and_the_grenadines,2020,8306.4
saint_vincent_and_the_grenadines,2021,8360.1
saint_vincent_and_the_grenadines,2022,9107.4
samoa,1970,292.74
samoa,1971,338.63
samoa,1972,388.18
samoa,1973,505.97
samoa,1974,561.73
samoa,1975,550.45
samoa,1976,491.40
samoa,1977,560.35
samoa,1978,610.71
samoa,1979,686.39
samoa,1980,698.91
samoa,1981,651.85
samoa,1982,665.75
samoa,1983,614.14
samoa,1984,600.13
samoa,1985,526.06
samoa,1986,556.17
samoa,1987,613.98
samoa,1988,727.57
samoa,1989,670.43
samoa,1990,685.28
samoa,1991,681.77
samoa,1992,714.07
samoa,1993,711.86
samoa,1994,1177.4
samoa,1995,1152.1
samoa,1996,1283.5
samoa,1997,1383.1
samoa,1998,1283.0
samoa,1999,1295.7
samoa,2000,1291.4
samoa,2001,1327.1
samoa,2002,1455.5
samoa,2003,1764.7
samoa,2004,2104.6
samoa,2005,2368.2
samoa,2006,2458.0
samoa,2007,3505.7
samoa,2008,3565.1
samoa,2009,3239.3
samoa,2010,3589.3
samoa,2011,3966.6
samoa,2012,3910.0
samoa,2013,3992.8
samoa,2014,4054.6
samoa,2015,4055.4
samoa,2016,4233.6
samoa,2017,4246.5
samoa,2018,4263.5
samoa,2019,4306.4
samoa,2020,3857.8
samoa,2021,3918.7
samoa,2022,3854.9
san_marino,1970,4393.2
san_marino,1971,4818.7
san_marino,1972,5504.3
san_marino,1973,6498.1
san_marino,1974,7226.7
san_marino,1975,8094.0
san_marino,1976,7846.6
san_marino,1977,8852.2
san_marino,1978,10664
san_marino,1979,13141
san_marino,1980,15737
san_marino,1981,14038
san_marino,1982,13793
san_marino,1983,14192
san_marino,1984,13949
san_marino,1985,14311
san_marino,1986,20131
san_marino,1987,25278
san_marino,1988,27839
san_marino,1989,28665
san_marino,1990,35945
san_marino,1991,37391
san_marino,1992,39031
san_marino,1993,34124
san_marino,1994,36474
san_marino,1995,40976
san_marino,1996,46523
san_marino,1997,43278
san_marino,1998,45718
san_marino,1999,47641
san_marino,2000,42530
san_marino,2001,43960
san_marino,2002,46376
san_marino,2003,57877
san_marino,2004,66749
san_marino,2005,68708
san_marino,2006,72278
san_marino,2007,81903
san_marino,2008,89636
san_marino,2009,76073
san_marino,2010,67684
san_marino,2011,63207
san_marino,2012,54346
san_marino,2013,56032
san_marino,2014,55253
san_marino,2015,42265
san_marino,2016,43369
san_marino,2017,44886
san_marino,2018,48465
san_marino,2019,47289
san_marino,2020,45423
san_marino,2021,54983
san_marino,2022,52903
sao_tome_and_principe,1970,456.14
sao_tome_and_principe,1971,447.61
sao_tome_and_principe,1972,487.42
sao_tome_and_principe,1973,645.88
sao_tome_and_principe,1974,653.12
sao_tome_and_principe,1975,664.33
sao_tome_and_principe,1976,561.89
sao_tome_and_principe,1977,518.24
sao_tome_and_principe,1978,564.95
sao_tome_and_principe,1979,658.14
sao_tome_and_principe,1980,798.91
sao_tome_and_principe,1981,800.73
sao_tome_and_principe,1982,756.69
sao_tome_and_principe,1983,695.87
sao_tome_and_principe,1984,711.81
sao_tome_and_principe,1985,738.04
sao_tome_and_principe,1986,1011.8
sao_tome_and_principe,1987,988.02
sao_tome_and_principe,1988,822.18
sao_tome_and_principe,1989,797.97
sao_tome_and_principe,1990,942.75
sao_tome_and_principe,1991,830.41
sao_tome_and_principe,1992,717.99
sao_tome_and_principe,1993,932.91
sao_tome_and_principe,1994,955.90
sao_tome_and_principe,1995,741.04
sao_tome_and_principe,1996,949.44
sao_tome_and_principe,1997,635.04
sao_tome_and_principe,1998,491.77
sao_tome_and_principe,1999,518.41
sao_tome_and_principe,2000,504.23
sao_tome_and_principe,2001,493.86
sao_tome_and_principe,2002,540.93
sao_tome_and_principe,2003,626.58
sao_tome_and_principe,2004,668.12
sao_tome_and_principe,2005,780.52
sao_tome_and_principe,2006,811.23
sao_tome_and_principe,2007,858.59
sao_tome_and_principe,2008,1080.6
sao_tome_and_principe,2009,1054.4
sao_tome_and_principe,2010,1084.1
sao_tome_and_principe,2011,1253.5
sao_tome_and_principe,2012,1329.8
sao_tome_and_principe,2013,1563.4
sao_tome_and_principe,2014,1766.6
sao_tome_and_principe,2015,1582.4
sao_tome_and_principe,2016,1698.4
sao_tome_and_principe,2017,1819.9
sao_tome_and_principe,2018,1965.3
sao_tome_and_principe,2019,2006.7
sao_tome_and_principe,2020,2179.2
sao_tome_and_principe,2021,2368.1
sao_tome_and_principe,2022,2404.6
saudi_arabia,1970,880.63
saudi_arabia,1971,1123.2
saudi_arabia,1972,1437.2
saudi_arabia,1973,2108.6
saudi_arabia,1974,6068.4
saudi_arabia,1975,5922.5
saudi_arabia,1976,7693.4
saudi_arabia,1977,8473.7
saudi_arabia,1978,8714.6
saudi_arabia,1979,11553
saudi_arabia,1980,16176
saudi_arabia,1981,17259
saudi_arabia,1982,13681
saudi_arabia,1983,10998
saudi_arabia,1984,9717.9
saudi_arabia,1985,8059.9
saudi_arabia,1986,6443.9
saudi_arabia,1987,6074.0
saudi_arabia,1988,5990.2
saudi_arabia,1989,6201.8
saudi_arabia,1990,7339.9
saudi_arabia,1991,7928.7
saudi_arabia,1992,7922.1
saudi_arabia,1993,7440.7
saudi_arabia,1994,7349.6
saudi_arabia,1995,7578.6
saudi_arabia,1996,8163.2
saudi_arabia,1997,8312.7
saudi_arabia,1998,7169.4
saudi_arabia,1999,7697.3
saudi_arabia,2000,8795.3
saudi_arabia,2001,8337.3
saudi_arabia,2002,8381.0
saudi_arabia,2003,9321.8
saudi_arabia,2004,10935
saudi_arabia,2005,13463
saudi_arabia,2006,14849
saudi_arabia,2007,15756
saudi_arabia,2008,18945
saudi_arabia,2009,15065
saudi_arabia,2010,17959
saudi_arabia,2011,22442
saudi_arabia,2012,24069
saudi_arabia,2013,23946
saudi_arabia,2014,23863
saudi_arabia,2015,20442
saudi_arabia,2016,19930
saudi_arabia,2017,20910
saudi_arabia,2018,24176
saudi_arabia,2019,23406
saudi_arabia,2020,20398
saudi_arabia,2021,24161
saudi_arabia,2022,30436
senegal,1970,282.02
senegal,1971,282.99
senegal,1972,332.24
senegal,1973,370.90
senegal,1974,406.39
senegal,1975,532.70
senegal,1976,526.08
senegal,1977,525.84
senegal,1978,572.18
senegal,1979,697.12
senegal,1980,738.15
senegal,1981,596.88
senegal,1982,605.67
senegal,1983,565.90
senegal,1984,519.24
senegal,1985,557.00
senegal,1986,790.08
senegal,1987,937.79
senegal,1988,986.30
senegal,1989,890.23
senegal,1990,1065.3
senegal,1991,999.22
senegal,1992,1064.9
senegal,1993,933.47
senegal,1994,609.59
senegal,1995,730.42
senegal,1996,741.20
senegal,1997,656.08
senegal,1998,678.06
senegal,1999,695.30
senegal,2000,618.10
senegal,2001,654.27
senegal,2002,684.95
senegal,2003,838.47
senegal,2004,940.19
senegal,2005,1002.8
senegal,2006,1037.7
senegal,2007,1208.6
senegal,2008,1413.8
senegal,2009,1318.7
senegal,2010,1285.4
senegal,2011,1381.7
senegal,2012,1334.8
senegal,2013,1391.1
senegal,2014,1415.2
senegal,2015,1237.2
senegal,2016,1290.8
senegal,2017,1385.2
senegal,2018,1484.2
senegal,2019,1462.7
senegal,2020,1492.5
senegal,2021,1633.6
senegal,2022,1604.0
serbia,2006,4167.1
serbia,2007,5564.6
serbia,2008,6758.5
serbia,2009,5874.4
serbia,2010,5463.9
serbia,2011,6463.5
serbia,2012,5705.1
serbia,2013,6395.7
serbia,2014,6238.4
serbia,2015,5273.8
serbia,2016,5430.5
serbia,2017,5918.3
serbia,2018,6812.2
serbia,2019,6960.4
serbia,2020,7251.5
serbia,2021,8645.2
serbia,2022,8802.1
seychelles,1970,409.57
seychelles,1971,476.57
seychelles,1972,649.04
seychelles,1973,763.93
seychelles,1974,874.19
seychelles,1975,947.79
seychelles,1976,957.60
seychelles,1977,1233.8
seychelles,1978,1616.3
seychelles,1979,2379.2
seychelles,1980,2727.1
seychelles,1981,2800.0
seychelles,1982,2678.8
seychelles,1983,2642.1
seychelles,1984,2714.8
seychelles,1985,3008.6
seychelles,1986,3693.4
seychelles,1987,4371.6
seychelles,1988,4928.2
seychelles,1989,5235.9
seychelles,1990,6267.7
seychelles,1991,6304.0
seychelles,1992,7235.4
seychelles,1993,7763.0
seychelles,1994,7898.0
seychelles,1995,8215.7
seychelles,1996,7987.4
seychelles,1997,8887.8
seychelles,1998,9464.9
seychelles,1999,9533.9
seychelles,2000,9328.6
seychelles,2001,9183.7
seychelles,2002,10165
seychelles,2003,10125
seychelles,2004,9907.7
seychelles,2005,10702
seychelles,2006,11670
seychelles,2007,11751
seychelles,2008,10878
seychelles,2009,9424.1
seychelles,2010,10669
seychelles,2011,11079
seychelles,2012,11392
seychelles,2013,14131
seychelles,2014,14159
seychelles,2015,14434
seychelles,2016,15606
seychelles,2017,16456
seychelles,2018,17307
seychelles,2019,17899
seychelles,2020,13068
seychelles,2021,14070
seychelles,2022,18623
sierra_leone,1970,163.90
sierra_leone,1971,171.20
sierra_leone,1972,185.18
sierra_leone,1973,207.24
sierra_leone,1974,234.13
sierra_leone,1975,245.55
sierra_leone,1976,224.04
sierra_leone,1977,250.48
sierra_leone,1978,317.01
sierra_leone,1979,358.00
sierra_leone,1980,395.74
sierra_leone,1981,415.57
sierra_leone,1982,457.68
sierra_leone,1983,389.37
sierra_leone,1984,466.72
sierra_leone,1985,367.01
sierra_leone,1986,251.20
sierra_leone,1987,207.43
sierra_leone,1988,316.45
sierra_leone,1989,291.26
sierra_leone,1990,203.29
sierra_leone,1991,241.13
sierra_leone,1992,213.96
sierra_leone,1993,242.26
sierra_leone,1994,286.03
sierra_leone,1995,272.55
sierra_leone,1996,293.19
sierra_leone,1997,261.25
sierra_leone,1998,204.51
sierra_leone,1999,202.46
sierra_leone,2000,187.75
sierra_leone,2001,224.51
sierra_leone,2002,243.83
sierra_leone,2003,258.98
sierra_leone,2004,261.78
sierra_leone,2005,290.41
sierra_leone,2006,324.47
sierra_leone,2007,363.43
sierra_leone,2008,411.35
sierra_leone,2009,392.01
sierra_leone,2010,400.52
sierra_leone,2011,445.01
sierra_leone,2012,560.04
sierra_leone,2013,706.45
sierra_leone,2014,702.34
sierra_leone,2015,580.76
sierra_leone,2016,515.42
sierra_leone,2017,487.01
sierra_leone,2018,519.65
sierra_leone,2019,506.61
sierra_leone,2020,493.43
sierra_leone,2021,504.62
sierra_leone,2022,404.54
singapore,1970,931.49
singapore,1971,1083.8
singapore,1972,1384.9
singapore,1973,1951.0
singapore,1974,2390.9
singapore,1975,2593.4
singapore,1976,2684.5
singapore,1977,2924.6
singapore,1978,3470.9
singapore,1979,4122.6
singapore,1980,5032.5
singapore,1981,5859.8
singapore,1982,6333.3
singapore,1983,7022.4
singapore,1984,7454.5
singapore,1985,6914.7
singapore,1986,6829.9
singapore,1987,7684.0
singapore,1988,9217.6
singapore,1989,10672
singapore,1990,12869
singapore,1991,14569
singapore,1992,16149
singapore,1993,18177
singapore,1994,21430
singapore,1995,24779
singapore,1996,26368
singapore,1997,26624
singapore,1998,22173
singapore,1999,21754
singapore,2000,23702
singapore,2001,21788
singapore,2002,22155
singapore,2003,23104
singapore,2004,26937
singapore,2005,29417
singapore,2006,33127
singapore,2007,38802
singapore,2008,40017
singapore,2009,38747
singapore,2010,46442
singapore,2011,52895
singapore,2012,54840
singapore,2013,56147
singapore,2014,56523
singapore,2015,54513
singapore,2016,55853
singapore,2017,59550
singapore,2018,64815
singapore,2019,64237
singapore,2020,58951
singapore,2021,71334
singapore,2022,78115
slovakia,1993,2595.0
slovakia,1994,2992.7
slovakia,1995,3746.2
slovakia,1996,4041.1
slovakia,1997,4084.5
slovakia,1998,4248.6
slovakia,1999,3873.5
slovakia,2000,3853.6
slovakia,2001,3982.2
slovakia,2002,4615.8
slovakia,2003,6322.9
slovakia,2004,8023.3
slovakia,2005,9120.4
slovakia,2006,10633
slovakia,2007,14327
slovakia,2008,17975
slovakia,2009,16523
slovakia,2010,16877
slovakia,2011,18471
slovakia,2012,17494
slovakia,2013,18266
slovakia,2014,18692
slovakia,2015,16382
slovakia,2016,16551
slovakia,2017,17585
slovakia,2018,19486
slovakia,2019,19383
slovakia,2020,19560
slovakia,2021,21767
slovakia,2022,20432
slovenia,1992,6578.9
slovenia,1993,6656.4
slovenia,1994,7557.0
slovenia,1995,10724
slovenia,1996,10803
slovenia,1997,10435
slovenia,1998,11137
slovenia,1999,11434
slovenia,2000,10226
slovenia,2001,10531
slovenia,2002,11841
slovenia,2003,14897
slovenia,2004,17236
slovenia,2005,18059
slovenia,2006,19606
slovenia,2007,23726
slovenia,2008,27313
slovenia,2009,24621
slovenia,2010,23410
slovenia,2011,24942
slovenia,2012,22510
slovenia,2013,23356
slovenia,2014,24064
slovenia,2015,20708
slovenia,2016,21405
slovenia,2017,23155
slovenia,2018,25726
slovenia,2019,25740
slovenia,2020,25375
slovenia,2021,29174
slovenia,2022,28295
solomon_islands,1970,185.34
solomon_islands,1971,195.16
solomon_islands,1972,207.51
solomon_islands,1973,270.64
solomon_islands,1974,379.45
solomon_islands,1975,327.53
solomon_islands,1976,353.30
solomon_islands,1977,386.39
solomon_islands,1978,450.10
solomon_islands,1979,576.40
solomon_islands,1980,614.22
solomon_islands,1981,668.16
solomon_islands,1982,652.21
solomon_islands,1983,475.43
solomon_islands,1984,649.68
solomon_islands,1985,577.23
solomon_islands,1986,506.03
solomon_islands,1987,494.06
solomon_islands,1988,577.55
solomon_islands,1989,532.88
solomon_islands,1990,642.02
solomon_islands,1991,659.94
solomon_islands,1992,757.78
solomon_islands,1993,798.42
solomon_islands,1994,877.29
solomon_islands,1995,1003.7
solomon_islands,1996,1113.8
solomon_islands,1997,1132.7
solomon_islands,1998,998.68
solomon_islands,1999,1064.8
solomon_islands,2000,953.87
solomon_islands,2001,951.54
solomon_islands,2002,785.67
solomon_islands,2003,905.58
solomon_islands,2004,991.98
solomon_islands,2005,1145.9
solomon_islands,2006,1251.0
solomon_islands,2007,1377.9
solomon_islands,2008,1504.5
solomon_islands,2009,1526.2
solomon_islands,2010,1662.0
solomon_islands,2011,1921.4
solomon_islands,2012,2087.5
solomon_islands,2013,2208.1
solomon_islands,2014,2235.7
solomon_islands,2015,2134.8
solomon_islands,2016,2196.3
solomon_islands,2017,2283.6
solomon_islands,2018,2450.5
solomon_islands,2019,2398.8
solomon_islands,2020,2222.5
solomon_islands,2021,2232.5
solomon_islands,2022,2205.3
somalia,1970,91.649
somalia,1971,90.886
somalia,1972,114.31
somalia,1973,120.25
somalia,1974,138.76
somalia,1975,179.04
somalia,1976,201.06
somalia,1977,99.795
somalia,1978,105.25
somalia,1979,95.658
somalia,1980,97.458
somalia,1981,112.55
somalia,1982,122.46
somalia,1983,109.03
somalia,1984,112.50
somalia,1985,122.11
somalia,1986,116.99
somalia,1987,127.38
somalia,1988,136.33
somalia,1989,149.68
somalia,1990,159.72
somalia,1991,106.64
somalia,1992,110.34
somalia,1993,190.33
somalia,1994,212.82
somalia,1995,212.84
somalia,1996,239.85
somalia,1997,283.38
somalia,1998,367.64
somalia,1999,363.26
somalia,2000,391.31
somalia,2001,248.36
somalia,2002,232.99
somalia,2003,290.70
somalia,2004,381.48
somalia,2005,447.42
somalia,2006,466.09
somalia,2007,488.46
somalia,2008,516.70
somalia,2009,251.37
somalia,2010,223.49
somalia,2011,237.87
somalia,2012,324.89
somalia,2013,382.81
somalia,2014,436.36
somalia,2015,481.52
somalia,2016,517.11
somalia,2017,555.16
somalia,2018,537.15
somalia,2019,589.44
somalia,2020,556.57
somalia,2021,576.54
somalia,2022,592.13
south_africa,1970,834.06
south_africa,1971,894.05
south_africa,1972,912.34
south_africa,1973,1215.4
south_africa,1974,1484.4
south_africa,1975,1493.3
south_africa,1976,1395.7
south_africa,1977,1509.1
south_africa,1978,1690.0
south_africa,1979,2030.8
south_africa,1980,2848.0
south_africa,1981,2853.0
south_africa,1982,2550.5
south_africa,1983,2768.8
south_africa,1984,2383.2
south_africa,1985,1767.2
south_africa,1986,1952.9
south_africa,1987,2474.2
south_africa,1988,2568.8
south_africa,1989,2585.4
south_africa,1990,2926.4
south_africa,1991,3144.5
south_africa,1992,3434.6
south_africa,1993,3461.3
south_africa,1994,3548.0
south_africa,1995,3904.3
south_africa,1996,3654.9
south_africa,1997,3731.4
south_africa,1998,3336.4
south_africa,1999,3267.9
south_africa,2000,3241.7
south_africa,2001,2867.5
south_africa,2002,2708.4
south_africa,2003,4095.7
south_africa,2004,5268.3
south_africa,2005,5893.2
south_africa,2006,6139.6
south_africa,2007,6662.1
south_africa,2008,6251.9
south_africa,2009,6444.2
south_africa,2010,8059.6
south_africa,2011,8737.0
south_africa,2012,8173.8
south_africa,2013,7437.5
south_africa,2014,6959.8
south_africa,2015,6200.9
south_africa,2016,5734.8
south_africa,2017,6723.9
south_africa,2018,7064.0
south_africa,2019,6702.5
south_africa,2020,5753.1
south_africa,2021,7073.6
south_africa,2022,6766.5
south_sudan,2012,829.27
south_sudan,2013,1145.7
south_sudan,2014,1332.7
south_sudan,2015,556.61
south_sudan,2016,296.07
south_sudan,2017,335.08
south_sudan,2018,364.93
south_sudan,2019,411.21
south_sudan,2020,396.63
south_sudan,2021,399.32
south_sudan,2022,422.98
spain,1970,1213.1
spain,1971,1365.7
spain,1972,1713.3
spain,1973,2253.7
spain,1974,2753.3
spain,1975,3209.4
spain,1976,3279.2
spain,1977,3627.1
spain,1978,4356.5
spain,1979,5770.2
spain,1980,6208.0
spain,1981,5371.5
spain,1982,5160.5
spain,1983,4478.5
spain,1984,4490.1
spain,1985,4699.4
spain,1986,6512.4
spain,1987,8237.3
spain,1988,9699.4
spain,1989,10677
spain,1990,13796
spain,1991,14800
spain,1992,16094
spain,1993,13321
spain,1994,13390
spain,1995,15437
spain,1996,16067
spain,1997,14686
spain,1998,15342
spain,1999,15655
spain,2000,14650
spain,2001,15312
spain,2002,17007
spain,2003,21441
spain,2004,24841
spain,2005,26399
spain,2006,28348
spain,2007,32535
spain,2008,35358
spain,2009,32037
spain,2010,30505
spain,2011,31646
spain,2012,28335
spain,2013,29079
spain,2014,29485
spain,2015,25751
spain,2016,26525
spain,2017,28191
spain,2018,30383
spain,2019,29584
spain,2020,26985
spain,2021,30443
spain,2022,29771
sri_lanka,1970,227.23
sri_lanka,1971,227.69
sri_lanka,1972,249.22
sri_lanka,1973,265.94
sri_lanka,1974,324.85
sri_lanka,1975,330.08
sri_lanka,1976,308.45
sri_lanka,1977,342.84
sri_lanka,1978,230.77
sri_lanka,1979,276.71
sri_lanka,1980,327.27
sri_lanka,1981,341.93
sri_lanka,1982,359.16
sri_lanka,1983,382.85
sri_lanka,1984,431.81
sri_lanka,1985,427.08
sri_lanka,1986,446.31
sri_lanka,1987,458.58
sri_lanka,1988,485.22
sri_lanka,1989,479.59
sri_lanka,1990,545.77
sri_lanka,1991,607.16
sri_lanka,1992,646.05
sri_lanka,1993,686.46
sri_lanka,1994,769.97
sri_lanka,1995,841.31
sri_lanka,1996,901.35
sri_lanka,1997,968.75
sri_lanka,1998,1000.4
sri_lanka,1999,987.78
sri_lanka,2000,1018.9
sri_lanka,2001,970.61
sri_lanka,2002,1024.2
sri_lanka,2003,1119.5
sri_lanka,2004,1213.2
sri_lanka,2005,1419.8
sri_lanka,2006,1639.6
sri_lanka,2007,1868.5
sri_lanka,2008,2343.1
sri_lanka,2009,2413.6
sri_lanka,2010,2837.0
sri_lanka,2011,3248.0
sri_lanka,2012,3351.9
sri_lanka,2013,3643.8
sri_lanka,2014,3885.6
sri_lanka,2015,3990.4
sri_lanka,2016,4107.8
sri_lanka,2017,4388.2
sri_lanka,2018,4378.6
sri_lanka,2019,4111.6
sri_lanka,2020,3888.6
sri_lanka,2021,4102.4
sri_lanka,2022,3489.7
sudan,2012,1771.5
sudan,2013,1776.4
sudan,2014,2110.4
sudan,2015,2198.9
sudan,2016,2277.2
sudan,2017,3000.8
sudan,2018,1151.5
sudan,2019,812.33
sudan,2020,771.62
sudan,2021,770.81
sudan,2022,783.57
suriname,1970,938.00
suriname,1971,992.47
suriname,1972,1066.7
suriname,1973,1173.7
suriname,1974,1423.9
suriname,1975,1626.1
suriname,1976,1780.3
suriname,1977,2277.6
suriname,1978,2638.8
suriname,1979,2841.6
suriname,1980,2903.4
suriname,1981,3240.9
suriname,1982,3323.5
suriname,1983,3190.9
suriname,1984,3094.5
suriname,1985,3090.2
suriname,1986,3111.3
suriname,1987,3382.8
suriname,1988,3955.2
suriname,1989,1847.0
suriname,1990,1821.4
suriname,1991,1919.6
suriname,1992,1954.1
suriname,1993,1853.8
suriname,1994,1938.4
suriname,1995,1943.0
suriname,1996,2373.2
suriname,1997,2491.7
suriname,1998,2930.1
suriname,1999,2375.3
suriname,2000,2414.8
suriname,2001,2094.9
suriname,2002,2701.6
suriname,2003,3092.5
suriname,2004,3536.6
suriname,2005,4248.3
suriname,2006,5031.3
suriname,2007,5562.0
suriname,2008,6673.6
suriname,2009,7300.9
suriname,2010,8207.3
suriname,2011,8287.7
suriname,2012,9312.3
suriname,2013,9604.4
suriname,2014,9766.5
suriname,2015,8907.8
suriname,2016,5705.4
suriname,2017,6112.9
suriname,2018,6730.8
suriname,2019,7087.8
suriname,2020,6851.2
suriname,2021,5429.6
suriname,2022,5858.8
sweden,1970,4745.1
sweden,1971,5148.3
sweden,1972,6030.5
sweden,1973,7282.8
sweden,1974,8057.1
sweden,1975,10078
sweden,1976,10836
sweden,1977,11430
sweden,1978,12612
sweden,1979,14873
sweden,1980,17095
sweden,1981,15575
sweden,1982,13713
sweden,1983,12569
sweden,1984,13045
sweden,1985,13602
sweden,1986,17891
sweden,1987,21689
sweden,1988,24443
sweden,1989,25626
sweden,1990,30631
sweden,1991,31909
sweden,1992,32906
sweden,1993,24524
sweden,1994,26255
sweden,1995,30520
sweden,1996,33208
sweden,1997,30444
sweden,1998,30674
sweden,1999,30972
sweden,2000,29628
sweden,2001,27245
sweden,2002,29896
sweden,2003,37308
sweden,2004,42771
sweden,2005,43331
sweden,2006,46469
sweden,2007,53605
sweden,2008,56094
sweden,2009,46932
sweden,2010,52849
sweden,2011,60639
sweden,2012,57815
sweden,2013,60819
sweden,2014,59704
sweden,2015,51283
sweden,2016,51807
sweden,2017,53789
sweden,2018,54658
sweden,2019,51995
sweden,2020,52759
sweden,2021,61117
sweden,2022,56040
switzerland,1970,4044.2
switzerland,1971,4834.6
switzerland,1972,5884.7
switzerland,1973,7855.8
switzerland,1974,9005.2
switzerland,1975,10329
switzerland,1976,10866
switzerland,1977,11644
switzerland,1978,16283
switzerland,1979,18266
switzerland,1980,19395
switzerland,1981,17666
switzerland,1982,18001
switzerland,1983,17860
switzerland,1984,16992
switzerland,1985,17153
switzerland,1986,24462
switzerland,1987,30444
switzerland,1988,32694
switzerland,1989,31311
switzerland,1990,39598
switzerland,1991,39571
switzerland,1992,40726
switzerland,1993,39249
switzerland,1994,43106
switzerland,1995,50132
switzerland,1996,48107
switzerland,1997,41595
switzerland,1998,42691
switzerland,1999,41707
switzerland,2000,38876
switzerland,2001,39668
switzerland,2002,42507
switzerland,2003,49393
switzerland,2004,54722
switzerland,2005,56310
switzerland,2006,59079
switzerland,2007,65070
switzerland,2008,74267
switzerland,2009,71653
switzerland,2010,76556
switzerland,2011,90493
switzerland,2012,85848
switzerland,2013,87315
switzerland,2014,88734
switzerland,2015,83813
switzerland,2016,82157
switzerland,2017,82256
switzerland,2018,85216
switzerland,2019,84113
switzerland,2020,85893
switzerland,2021,93588
switzerland,2022,93636
syrian_arab_republic,1970,277.87
syrian_arab_republic,1971,315.45
syrian_arab_republic,1972,351.78
syrian_arab_republic,1973,364.12
syrian_arab_republic,1974,564.53
syrian_arab_republic,1975,708.34
syrian_arab_republic,1976,823.40
syrian_arab_republic,1977,870.69
syrian_arab_republic,1978,1008.8
syrian_arab_republic,1979,1171.7
syrian_arab_republic,1980,1477.3
syrian_arab_republic,1981,1832.5
syrian_arab_republic,1982,1854.5
syrian_arab_republic,1983,1910.7
syrian_arab_republic,1984,1897.1
syrian_arab_republic,1985,952.88
syrian_arab_republic,1986,892.93
syrian_arab_republic,1987,901.59
syrian_arab_republic,1988,1023.1
syrian_arab_republic,1989,854.61
syrian_arab_republic,1990,899.26
syrian_arab_republic,1991,973.83
syrian_arab_republic,1992,1098.0
syrian_arab_republic,1993,1149.0
syrian_arab_republic,1994,889.93
syrian_arab_republic,1995,945.89
syrian_arab_republic,1996,1029.4
syrian_arab_republic,1997,1071.0
syrian_arab_republic,1998,1127.0
syrian_arab_republic,1999,1119.8
syrian_arab_republic,2000,1205.9
syrian_arab_republic,2001,1255.9
syrian_arab_republic,2002,1269.1
syrian_arab_republic,2003,1184.3
syrian_arab_republic,2004,1357.3
syrian_arab_republic,2005,1528.1
syrian_arab_republic,2006,1703.8
syrian_arab_republic,2007,1945.2
syrian_arab_republic,2008,2447.5
syrian_arab_republic,2009,2479.1
syrian_arab_republic,2010,2748.3
syrian_arab_republic,2011,2960.4
syrian_arab_republic,2012,2072.0
syrian_arab_republic,2013,1256.8
syrian_arab_republic,2014,1167.5
syrian_arab_republic,2015,1050.8
syrian_arab_republic,2016,702.05
syrian_arab_republic,2017,892.71
syrian_arab_republic,2018,1141.8
syrian_arab_republic,2019,1291.8
syrian_arab_republic,2020,835.51
syrian_arab_republic,2021,556.02
syrian_arab_republic,2022,840.48
tajikistan,1992,350.06
tajikistan,1993,296.36
tajikistan,1994,234.68
tajikistan,1995,205.91
tajikistan,1996,171.08
tajikistan,1997,149.05
tajikistan,1998,212.06
tajikistan,1999,173.63
tajikistan,2000,137.20
tajikistan,2001,168.66
tajikistan,2002,186.65
tajikistan,2003,233.05
tajikistan,2004,305.26
tajikistan,2005,333.71
tajikistan,2006,401.02
tajikistan,2007,517.42
tajikistan,2008,704.64
tajikistan,2009,666.71
tajikistan,2010,740.27
tajikistan,2011,837.88
tajikistan,2012,967.64
tajikistan,2013,1063.5
tajikistan,2014,1138.3
tajikistan,2015,970.36
tajikistan,2016,801.39
tajikistan,2017,844.37
tajikistan,2018,850.67
tajikistan,2019,889.02
tajikistan,2020,852.33
tajikistan,2021,916.69
tajikistan,2022,1054.2
thailand,1970,206.40
thailand,1971,208.92
thailand,1972,225.32
thailand,1973,290.70
thailand,1974,358.05
thailand,1975,379.31
thailand,1976,422.83
thailand,1977,481.34
thailand,1978,571.37
thailand,1979,637.50
thailand,1980,733.05
thailand,1981,772.81
thailand,1982,794.93
thailand,1983,852.60
thailand,1984,872.65
thailand,1985,796.78
thailand,1986,866.51
thailand,1987,997.93
thailand,1988,1196.5
thailand,1989,1378.3
thailand,1990,1601.7
thailand,1991,1804.8
thailand,1992,2029.8
thailand,1993,2230.8
thailand,1994,2502.7
thailand,1995,2848.6
thailand,1996,3039.9
thailand,1997,2462.4
thailand,1998,1841.0
thailand,1999,2028.6
thailand,2000,2004.1
thailand,2001,1890.0
thailand,2002,2091.2
thailand,2003,2350.8
thailand,2004,2647.3
thailand,2005,2876.2
thailand,2006,3343.8
thailand,2007,3934.7
thailand,2008,4327.8
thailand,2009,4154.2
thailand,2010,4996.4
thailand,2011,5396.6
thailand,2012,5748.6
thailand,2013,6041.1
thailand,2014,5822.4
thailand,2015,5708.8
thailand,2016,5854.5
thailand,2017,6436.8
thailand,2018,7124.6
thailand,2019,7628.6
thailand,2020,7001.8
thailand,2021,7060.9
thailand,2022,6908.8
timor_leste,1990,267.76
timor_leste,1991,302.68
timor_leste,1992,379.58
timor_leste,1993,431.89
timor_leste,1994,468.91
timor_leste,1995,507.93
timor_leste,1996,569.58
timor_leste,1997,509.22
timor_leste,1998,557.86
timor_leste,1999,371.26
timor_leste,2000,417.92
timor_leste,2001,534.66
timor_leste,2002,516.09
timor_leste,2003,529.18
timor_leste,2004,465.89
timor_leste,2005,476.90
timor_leste,2006,456.28
timor_leste,2007,532.49
timor_leste,2008,621.71
timor_leste,2009,682.17
timor_leste,2010,810.14
timor_leste,2011,936.60
timor_leste,2012,1020.0
timor_leste,2013,1201.4
timor_leste,2014,1221.5
timor_leste,2015,1322.9
timor_leste,2016,1349.5
timor_leste,2017,1285.5
timor_leste,2018,1241.2
timor_leste,2019,1583.1
timor_leste,2020,1663.6
timor_leste,2021,2742.0
timor_leste,2022,2389.3
togo,1970,139.97
togo,1971,152.88
togo,1972,173.18
togo,1973,197.07
togo,1974,257.33
togo,1975,277.15
togo,1976,257.93
togo,1977,303.46
togo,1978,367.19
togo,1979,427.71
togo,1980,462.84
togo,1981,377.03
togo,1982,315.41
togo,1983,274.31
togo,1984,250.74
togo,1985,257.72
togo,1986,354.68
togo,1987,405.16
togo,1988,476.54
togo,1989,453.87
togo,1990,530.73
togo,1991,509.36
togo,1992,519.06
togo,1993,398.32
togo,1994,307.66
togo,1995,388.57
togo,1996,408.82
togo,1997,403.04
togo,1998,370.49
togo,1999,360.52
togo,2000,297.16
togo,2001,287.86
togo,2002,321.63
togo,2003,389.43
togo,2004,405.36
togo,2005,447.97
togo,2006,503.43
togo,2007,620.91
togo,2008,732.89
togo,2009,735.00
togo,2010,721.53
togo,2011,802.43
togo,2012,781.60
togo,2013,847.15
togo,2014,876.03
togo,2015,769.56
togo,2016,792.44
togo,2017,813.40
togo,2018,873.55
togo,2019,848.30
togo,2020,871.01
togo,2021,959.38
togo,2022,913.93
tonga,1970,197.69
tonga,1971,220.31
tonga,1972,260.52
tonga,1973,379.59
tonga,1974,500.18
tonga,1975,454.88
tonga,1976,414.80
tonga,1977,466.68
tonga,1978,565.51
tonga,1979,605.26
tonga,1980,815.74
tonga,1981,845.40
tonga,1982,879.89
tonga,1983,884.49
tonga,1984,882.55
tonga,1985,753.93
tonga,1986,901.84
tonga,1987,1081.0
tonga,1988,1482.1
tonga,1989,1541.2
tonga,1990,1641.7
tonga,1991,1971.9
tonga,1992,1941.3
tonga,1993,1911.8
tonga,1994,1965.2
tonga,1995,2089.1
tonga,1996,2216.5
tonga,1997,2135.8
tonga,1998,1889.6
tonga,1999,1933.4
tonga,2000,1861.0
tonga,2001,1617.4
tonga,2002,1748.3
tonga,2003,1981.8
tonga,2004,2278.6
tonga,2005,2472.3
tonga,2006,2728.9
tonga,2007,2844.4
tonga,2008,3152.0
tonga,2009,2988.9
tonga,2010,3457.3
tonga,2011,4081.9
tonga,2012,4316.0
tonga,2013,4113.4
tonga,2014,4048.4
tonga,2015,3799.9
tonga,2016,3981.8
tonga,2017,4376.3
tonga,2018,4560.7
tonga,2019,4839.5
tonga,2020,4626.2
tonga,2021,4450.5
tonga,2022,4570.6
trinidad_and_tobago,1970,877.42
trinidad_and_tobago,1971,946.47
trinidad_and_tobago,1972,1129.1
trinidad_and_tobago,1973,1345.6
trinidad_and_tobago,1974,2072.1
trinidad_and_tobago,1975,2446.2
trinidad_and_tobago,1976,2472.2
trinidad_and_tobago,1977,3062.9
trinidad_and_tobago,1978,3429.3
trinidad_and_tobago,1979,4367.7
trinidad_and_tobago,1980,5836.1
trinidad_and_tobago,1981,6458.9
trinidad_and_tobago,1982,7425.8
trinidad_and_tobago,1983,6996.7
trinidad_and_tobago,1984,6911.2
trinidad_and_tobago,1985,6489.3
trinidad_and_tobago,1986,4160.6
trinidad_and_tobago,1987,4112.5
trinidad_and_tobago,1988,3813.8
trinidad_and_tobago,1989,3632.6
trinidad_and_tobago,1990,4223.8
trinidad_and_tobago,1991,4390.2
trinidad_and_tobago,1992,4466.5
trinidad_and_tobago,1993,3733.5
trinidad_and_tobago,1994,4012.7
trinidad_and_tobago,1995,4301.3
trinidad_and_tobago,1996,4628.8
trinidad_and_tobago,1997,4594.7
trinidad_and_tobago,1998,4823.5
trinidad_and_tobago,1999,5415.9
trinidad_and_tobago,2000,6461.1
trinidad_and_tobago,2001,6963.6
trinidad_and_tobago,2002,7073.9
trinidad_and_tobago,2003,8833.8
trinidad_and_tobago,2004,10325
trinidad_and_tobago,2005,12363
trinidad_and_tobago,2006,14137
trinidad_and_tobago,2007,16571
trinidad_and_tobago,2008,21232
trinidad_and_tobago,2009,14530
trinidad_and_tobago,2010,16667
trinidad_and_tobago,2011,19041
trinidad_and_tobago,2012,19110
trinidad_and_tobago,2013,19927
trinidad_and_tobago,2014,20472
trinidad_and_tobago,2015,18509
trinidad_and_tobago,2016,16145
trinidad_and_tobago,2017,16259
trinidad_and_tobago,2018,16328
trinidad_and_tobago,2019,15643
trinidad_and_tobago,2020,13706
trinidad_and_tobago,2021,16056
trinidad_and_tobago,2022,19629
tunisia,1970,313.06
tunisia,1971,357.03
tunisia,1972,461.76
tunisia,1973,548.75
tunisia,1974,693.56
tunisia,1975,823.84
tunisia,1976,834.67
tunisia,1977,920.80
tunisia,1978,1047.6
tunisia,1979,1230.1
tunisia,1980,1459.2
tunisia,1981,1372.1
tunisia,1982,1291.4
tunisia,1983,1253.9
tunisia,1984,1211.6
tunisia,1985,1235.1
tunisia,1986,1289.9
tunisia,1987,1352.0
tunisia,1988,1373.8
tunisia,1989,1343.3
tunisia,1990,1601.8
tunisia,1991,1656.4
tunisia,1992,1932.9
tunisia,1993,1786.6
tunisia,1994,1877.2
tunisia,1995,2129.9
tunisia,1996,2280.3
tunisia,1997,2170.6
tunisia,1998,2253.0
tunisia,1999,2344.0
tunisia,2000,2170.5
tunisia,2001,2207.7
tunisia,2002,2292.5
tunisia,2003,2693.2
tunisia,2004,3029.8
tunisia,2005,3106.6
tunisia,2006,3279.1
tunisia,2007,3678.1
tunisia,2008,4200.2
tunisia,2009,4029.5
tunisia,2010,4043.2
tunisia,2011,4201.3
tunisia,2012,4126.7
tunisia,2013,4239.5
tunisia,2014,4367.9
tunisia,2015,3960.9
tunisia,2016,3796.1
tunisia,2017,3569.7
tunisia,2018,3577.2
tunisia,2019,3477.8
tunisia,2020,3497.7
tunisia,2021,3807.2
tunisia,2022,3737.5
turkiye,1970,705.37
turkiye,1971,649.34
turkiye,1972,798.16
turkiye,1973,981.23
turkiye,1974,1322.9
turkiye,1975,1619.6
turkiye,1976,1816.5
turkiye,1977,2026.8
turkiye,1978,2189.0
turkiye,1979,2926.6
turkiye,1980,2149.5
turkiye,1981,2175.6
turkiye,1982,1935.1
turkiye,1983,1806.8
turkiye,1984,1717.9
turkiye,1985,1883.5
turkiye,1986,2077.1
turkiye,1987,2343.1
turkiye,1988,2394.2
turkiye,1989,2769.0
turkiye,1990,3821.0
turkiye,1991,3761.2
turkiye,1992,3892.7
turkiye,1993,4338.0
turkiye,1994,3086.7
turkiye,1995,3933.1
turkiye,1996,4146.1
turkiye,1997,4268.7
turkiye,1998,4433.4
turkiye,1999,4057.8
turkiye,2000,4278.3
turkiye,2001,3100.5
turkiye,2002,3640.8
turkiye,2003,4704.8
turkiye,2004,6031.8
turkiye,2005,7369.4
turkiye,2006,8003.8
turkiye,2007,9668.4
turkiye,2008,10803
turkiye,2009,8989.7
turkiye,2010,10615
turkiye,2011,11308
turkiye,2012,11697
turkiye,2013,12508
turkiye,2014,12020
turkiye,2015,10852
turkiye,2016,10734
turkiye,2017,10464
turkiye,2018,9406.8
turkiye,2019,9115.8
turkiye,2020,8561.7
turkiye,2021,9671.0
turkiye,2022,10629
turkmenistan,1992,670.77
turkmenistan,1993,678.76
turkmenistan,1994,559.27
turkmenistan,1995,518.15
turkmenistan,1996,553.24
turkmenistan,1997,614.41
turkmenistan,1998,645.79
turkmenistan,1999,856.89
turkmenistan,2000,1079.5
turkmenistan,2001,1457.1
turkmenistan,2002,1851.5
turkmenistan,2003,2369.5
turkmenistan,2004,2522.6
turkmenistan,2005,2901.1
turkmenistan,2006,3273.0
turkmenistan,2007,3680.5
turkmenistan,2008,4240.8
turkmenistan,2009,3901.7
turkmenistan,2010,4286.9
turkmenistan,2011,5453.2
turkmenistan,2012,6441.9
turkmenistan,2013,7049.8
turkmenistan,2014,7685.5
turkmenistan,2015,6252.0
turkmenistan,2016,6163.3
turkmenistan,2017,6738.4
turkmenistan,2018,6963.0
turkmenistan,2019,7459.5
turkmenistan,2020,7382.1
turkmenistan,2021,8803.8
turkmenistan,2022,10420
tuvalu,1970,444.65
tuvalu,1971,469.40
tuvalu,1972,514.04
tuvalu,1973,637.63
tuvalu,1974,657.95
tuvalu,1975,603.00
tuvalu,1976,568.76
tuvalu,1977,507.77
tuvalu,1978,528.07
tuvalu,1979,529.47
tuvalu,1980,555.76
tuvalu,1981,599.67
tuvalu,1982,473.60
tuvalu,1983,493.33
tuvalu,1984,529.62
tuvalu,1985,422.09
tuvalu,1986,514.41
tuvalu,1987,612.84
tuvalu,1988,850.92
tuvalu,1989,910.21
tuvalu,1990,1038.9
tuvalu,1991,1084.6
tuvalu,1992,1131.3
tuvalu,1993,1006.5
tuvalu,1994,1195.5
tuvalu,1995,1227.2
tuvalu,1996,1299.9
tuvalu,1997,1391.2
tuvalu,1998,1347.5
tuvalu,1999,1429.7
tuvalu,2000,1435.4
tuvalu,2001,1380.2
tuvalu,2002,1616.6
tuvalu,2003,1898.8
tuvalu,2004,2209.0
tuvalu,2005,2187.2
tuvalu,2006,2282.5
tuvalu,2007,2661.9
tuvalu,2008,2921.1
tuvalu,2009,2587.0
tuvalu,2010,2975.9
tuvalu,2011,3575.0
tuvalu,2012,3427.4
tuvalu,2013,3435.7
tuvalu,2014,3448.7
tuvalu,2015,3327.6
tuvalu,2016,3801.8
tuvalu,2017,4183.2
tuvalu,2018,4421.7
tuvalu,2019,4942.8
tuvalu,2020,4675.4
tuvalu,2021,5370.4
tuvalu,2022,5219.3
uganda,1970,138.01
uganda,1971,148.39
uganda,1972,157.24
uganda,1973,179.72
uganda,1974,212.27
uganda,1975,237.57
uganda,1976,244.10
uganda,1977,255.89
uganda,1978,256.04
uganda,1979,236.85
uganda,1980,244.35
uganda,1981,272.07
uganda,1982,304.29
uganda,1983,328.03
uganda,1984,315.53
uganda,1985,315.40
uganda,1986,348.88
uganda,1987,378.39
uganda,1988,419.13
uganda,1989,358.47
uganda,1990,245.52
uganda,1991,192.62
uganda,1992,199.94
uganda,1993,199.62
uganda,1994,303.59
uganda,1995,345.65
uganda,1996,340.90
uganda,1997,356.60
uganda,1998,332.48
uganda,1999,305.60
uganda,2000,282.20
uganda,2001,284.57
uganda,2002,290.18
uganda,2003,297.27
uganda,2004,345.36
uganda,2005,399.27
uganda,2006,425.30
uganda,2007,508.19
uganda,2008,596.57
uganda,2009,793.28
uganda,2010,949.27
uganda,2011,853.33
uganda,2012,899.61
uganda,2013,665.32
uganda,2014,1072.9
uganda,2015,781.72
uganda,2016,786.60
uganda,2017,787.33
uganda,2018,820.79
uganda,2019,879.52
uganda,2020,857.14
uganda,2021,929.68
uganda,2022,1021.0
ukraine,1992,1569.2
ukraine,1993,1378.1
ukraine,1994,1090.9
ukraine,1995,986.58
ukraine,1996,911.69
ukraine,1997,1035.3
ukraine,1998,871.92
ukraine,1999,663.13
ukraine,2000,662.34
ukraine,2001,811.93
ukraine,2002,916.20
ukraine,2003,1092.5
ukraine,2004,1422.2
ukraine,2005,1902.2
ukraine,2006,2401.3
ukraine,2007,3211.5
ukraine,2008,4083.8
ukraine,2009,2650.3
ukraine,2010,2977.3
ukraine,2011,3584.7
ukraine,2012,3871.3
ukraine,2013,4045.9
ukraine,2014,2957.0
ukraine,2015,2023.7
ukraine,2016,2082.3
ukraine,2017,2510.0
ukraine,2018,2944.9
ukraine,2019,3480.6
ukraine,2020,3566.8
ukraine,2021,4589.0
ukraine,2022,4042.7
united_arab_emirates,1970,3580.4
united_arab_emirates,1971,4244.5
united_arab_emirates,1972,5611.1
united_arab_emirates,1973,9665.3
united_arab_emirates,1974,23923
united_arab_emirates,1975,27444
united_arab_emirates,1976,31692
united_arab_emirates,1977,35646
united_arab_emirates,1978,29912
united_arab_emirates,1979,34821
united_arab_emirates,1980,43557
united_arab_emirates,1981,45427
united_arab_emirates,1982,40443
united_arab_emirates,1983,35039
united_arab_emirates,1984,32373
united_arab_emirates,1985,29817
united_arab_emirates,1986,23413
united_arab_emirates,1987,23390
united_arab_emirates,1988,21827
united_arab_emirates,1989,23443
united_arab_emirates,1990,27032
united_arab_emirates,1991,26004
united_arab_emirates,1992,25965
united_arab_emirates,1993,25346
united_arab_emirates,1994,25796
united_arab_emirates,1995,27364
united_arab_emirates,1996,28970
united_arab_emirates,1997,29083
united_arab_emirates,1998,26244
united_arab_emirates,1999,27618
united_arab_emirates,2000,32272
united_arab_emirates,2001,30300
united_arab_emirates,2002,30617
united_arab_emirates,2003,33033
united_arab_emirates,2004,37501
united_arab_emirates,2005,42742
united_arab_emirates,2006,45932
united_arab_emirates,2007,44492
united_arab_emirates,2008,46271
united_arab_emirates,2009,32902
united_arab_emirates,2010,35392
united_arab_emirates,2011,42079
united_arab_emirates,2012,44387
united_arab_emirates,2013,45730
united_arab_emirates,2014,46866
united_arab_emirates,2015,41525
united_arab_emirates,2016,41055
united_arab_emirates,2017,43064
united_arab_emirates,2018,46722
united_arab_emirates,2019,45376
united_arab_emirates,2020,37629
united_arab_emirates,2021,44332
united_arab_emirates,2022,53708
united_kingdom_of_great_britain_and_northern_ireland,1970,2348.3
united_kingdom_of_great_britain_and_northern_ireland,1971,2650.6
united_kingdom_of_great_britain_and_northern_ireland,1972,3032.1
united_kingdom_of_great_britain_and_northern_ireland,1973,3428.2
united_kingdom_of_great_britain_and_northern_ireland,1974,3666.0
united_kingdom_of_great_britain_and_northern_ireland,1975,4296.2
united_kingdom_of_great_britain_and_northern_ireland,1976,4134.3
united_kingdom_of_great_britain_and_northern_ireland,1977,4677.4
united_kingdom_of_great_britain_and_northern_ireland,1978,5972.2
united_kingdom_of_great_britain_and_northern_ireland,1979,7802.5
united_kingdom_of_great_britain_and_northern_ireland,1980,10030
united_kingdom_of_great_britain_and_northern_ireland,1981,9588.0
united_kingdom_of_great_britain_and_northern_ireland,1982,9123.2
united_kingdom_of_great_britain_and_northern_ireland,1983,8665.2
united_kingdom_of_great_britain_and_northern_ireland,1984,8158.0
united_kingdom_of_great_britain_and_northern_ireland,1985,8637.5
united_kingdom_of_great_britain_and_northern_ireland,1986,10604
united_kingdom_of_great_britain_and_northern_ireland,1987,13112
united_kingdom_of_great_britain_and_northern_ireland,1988,15981
united_kingdom_of_great_britain_and_northern_ireland,1989,16240
united_kingdom_of_great_britain_and_northern_ireland,1990,19109
united_kingdom_of_great_britain_and_northern_ireland,1991,19923
united_kingdom_of_great_britain_and_northern_ireland,1992,20513
united_kingdom_of_great_britain_and_northern_ireland,1993,18413
united_kingdom_of_great_britain_and_northern_ireland,1994,19736
united_kingdom_of_great_britain_and_northern_ireland,1995,23206
united_kingdom_of_great_britain_and_northern_ireland,1996,24445
united_kingdom_of_great_britain_and_northern_ireland,1997,26795
united_kingdom_of_great_britain_and_northern_ireland,1998,28297
united_kingdom_of_great_britain_and_northern_ireland,1999,28787
united_kingdom_of_great_britain_and_northern_ireland,2000,28300
united_kingdom_of_great_britain_and_northern_ireland,2001,27921
united_kingdom_of_great_britain_and_northern_ireland,2002,30084
united_kingdom_of_great_britain_and_northern_ireland,2003,34443
united_kingdom_of_great_britain_and_northern_ireland,2004,40363
united_kingdom_of_great_britain_and_northern_ireland,2005,42117
united_kingdom_of_great_britain_and_northern_ireland,2006,44545
united_kingdom_of_great_britain_and_northern_ireland,2007,50451
united_kingdom_of_great_britain_and_northern_ireland,2008,47449
united_kingdom_of_great_britain_and_northern_ireland,2009,38763
united_kingdom_of_great_britain_and_northern_ireland,2010,39603
united_kingdom_of_great_britain_and_northern_ireland,2011,42091
united_kingdom_of_great_britain_and_northern_ireland,2012,42425
united_kingdom_of_great_britain_and_northern_ireland,2013,43309
united_kingdom_of_great_britain_and_northern_ireland,2014,47314
united_kingdom_of_great_britain_and_northern_ireland,2015,44890
united_kingdom_of_great_britain_and_northern_ireland,2016,40958
united_kingdom_of_great_britain_and_northern_ireland,2017,40568
united_kingdom_of_great_britain_and_northern_ireland,2018,43222
united_kingdom_of_great_britain_and_northern_ireland,2019,42699
united_kingdom_of_great_britain_and_northern_ireland,2020,40230
united_kingdom_of_great_britain_and_northern_ireland,2021,46692
united_kingdom_of_great_britain_and_northern_ireland,2022,45758
united_republic_of_tanzania,1970,169.93
united_republic_of_tanzania,1971,175.69
united_republic_of_tanzania,1972,193.10
united_republic_of_tanzania,1973,222.39
united_republic_of_tanzania,1974,257.76
united_republic_of_tanzania,1975,286.28
united_republic_of_tanzania,1976,299.09
united_republic_of_tanzania,1977,344.71
united_republic_of_tanzania,1978,398.60
united_republic_of_tanzania,1979,408.01
united_republic_of_tanzania,1980,460.04
united_republic_of_tanzania,1981,514.87
united_republic_of_tanzania,1982,528.64
united_republic_of_tanzania,1983,516.39
united_republic_of_tanzania,1984,459.48
united_republic_of_tanzania,1985,490.69
united_republic_of_tanzania,1986,335.42
united_republic_of_tanzania,1987,227.48
united_republic_of_tanzania,1988,257.16
united_republic_of_tanzania,1989,267.35
united_republic_of_tanzania,1990,254.09
united_republic_of_tanzania,1991,279.87
united_republic_of_tanzania,1992,243.49
united_republic_of_tanzania,1993,215.58
united_republic_of_tanzania,1994,213.90
united_republic_of_tanzania,1995,241.63
united_republic_of_tanzania,1996,293.46
united_republic_of_tanzania,1997,339.88
united_republic_of_tanzania,1998,360.49
united_republic_of_tanzania,1999,359.87
united_republic_of_tanzania,2000,367.55
united_republic_of_tanzania,2001,365.02
united_republic_of_tanzania,2002,370.07
united_republic_of_tanzania,2003,388.49
united_republic_of_tanzania,2004,416.33
united_republic_of_tanzania,2005,446.54
united_republic_of_tanzania,2006,477.98
united_republic_of_tanzania,2007,536.99
united_republic_of_tanzania,2008,665.19
united_republic_of_tanzania,2009,676.64
united_republic_of_tanzania,2010,717.65
united_republic_of_tanzania,2011,752.21
united_republic_of_tanzania,2012,845.01
united_republic_of_tanzania,2013,949.16
united_republic_of_tanzania,2014,1008.4
united_republic_of_tanzania,2015,924.22
united_republic_of_tanzania,2016,938.17
united_republic_of_tanzania,2017,972.12
united_republic_of_tanzania,2018,971.24
united_republic_of_tanzania,2019,1011.1
united_republic_of_tanzania,2020,1057.2
united_republic_of_tanzania,2021,1102.7
united_republic_of_tanzania,2022,1158.8
united_states_of_america,1970,5357.7
united_states_of_america,1971,5740.8
united_states_of_america,1972,6232.3
united_states_of_america,1973,6875.4
united_states_of_america,1974,7383.7
united_states_of_america,1975,7975.0
united_states_of_america,1976,8784.2
united_states_of_america,1977,9663.3
united_states_of_america,1978,10793
united_states_of_america,1979,11917
united_states_of_america,1980,12805
united_states_of_america,1981,14212
united_states_of_america,1982,14666
united_states_of_america,1983,15773
united_states_of_america,1984,17346
united_states_of_america,1985,18452
united_states_of_america,1986,19282
united_states_of_america,1987,20242
united_states_of_america,1988,21612
united_states_of_america,1989,23031
united_states_of_america,1990,24037
united_states_of_america,1991,24480
united_states_of_america,1992,25552
united_states_of_america,1993,26503
united_states_of_america,1994,27785
united_states_of_america,1995,28758
united_states_of_america,1996,30013
united_states_of_america,1997,31489
united_states_of_america,1998,32856
united_states_of_america,1999,34498
united_states_of_america,2000,36300
united_states_of_america,2001,37068
united_states_of_america,2002,37902
united_states_of_america,2003,39354
united_states_of_america,2004,41562
united_states_of_america,2005,43926
united_states_of_america,2006,46090
united_states_of_america,2007,47810
united_states_of_america,2008,48316
united_states_of_america,2009,46929
united_states_of_america,2010,48361
united_states_of_america,2011,49700
united_states_of_america,2012,51331
united_states_of_america,2013,52855
united_states_of_america,2014,54678
united_states_of_america,2015,56360
united_states_of_america,2016,57470
united_states_of_america,2017,59468
united_states_of_america,2018,62192
united_states_of_america,2019,64374
united_states_of_america,2020,63472
united_states_of_america,2021,70012
united_states_of_america,2022,76101
uruguay,1970,909.46
uruguay,1971,1086.6
uruguay,1972,868.48
uruguay,1973,1102.9
uruguay,1974,1518.8
uruguay,1975,1331.7
uruguay,1976,1386.1
uruguay,1977,1542.6
uruguay,1978,1837.8
uruguay,1979,2617.8
uruguay,1980,3602.9
uruguay,1981,4005.3
uruguay,1982,3265.3
uruguay,1983,1882.8
uruguay,1984,1780.2
uruguay,1985,1727.9
uruguay,1986,2135.3
uruguay,1987,2660.0
uruguay,1988,2728.0
uruguay,1989,2777.3
uruguay,1990,2964.2
uruguay,1991,3538.9
uruguay,1992,4509.7
uruguay,1993,5223.7
uruguay,1994,6049.8
uruguay,1995,6642.8
uruguay,1996,7021.9
uruguay,1997,7386.5
uruguay,1998,7780.7
uruguay,1999,7314.5
uruguay,2000,6932.5
uruguay,2001,6331.2
uruguay,2002,4115.2
uruguay,2003,3638.9
uruguay,2004,4130.1
uruguay,2005,5233.5
uruguay,2006,5893.4
uruguay,2007,7033.0
uruguay,2008,9102.2
uruguay,2009,9467.5
uruguay,2010,12016
uruguay,2011,14466
uruguay,2012,15633
uruguay,2013,17734
uruguay,2014,17833
uruguay,2015,16775
uruguay,2016,16838
uruguay,2017,18995
uruguay,2018,19026
uruguay,2019,18098
uruguay,2020,15650
uruguay,2021,17923
uruguay,2022,20793
uzbekistan,1992,764.75
uzbekistan,1993,747.67
uzbekistan,1994,708.58
uzbekistan,1995,702.55
uzbekistan,1996,713.95
uzbekistan,1997,780.71
uzbekistan,1998,741.83
uzbekistan,1999,833.56
uzbekistan,2000,662.79
uzbekistan,2001,438.71
uzbekistan,2002,458.26
uzbekistan,2003,465.40
uzbekistan,2004,546.77
uzbekistan,2005,642.94
uzbekistan,2006,775.81
uzbekistan,2007,996.82
uzbekistan,2008,1319.0
uzbekistan,2009,1501.0
uzbekistan,2010,1747.7
uzbekistan,2011,2081.7
uzbekistan,2012,2302.0
uzbekistan,2013,2442.3
uzbekistan,2014,2655.3
uzbekistan,2015,2785.1
uzbekistan,2016,2738.6
uzbekistan,2017,1943.3
uzbekistan,2018,1629.3
uzbekistan,2019,1828.0
uzbekistan,2020,1796.3
uzbekistan,2021,2042.2
uzbekistan,2022,2321.6
vanuatu,1970,436.80
vanuatu,1971,457.33
vanuatu,1972,588.74
vanuatu,1973,695.68
vanuatu,1974,671.93
vanuatu,1975,787.22
vanuatu,1976,736.31
vanuatu,1977,747.03
vanuatu,1978,883.90
vanuatu,1979,1131.3
vanuatu,1980,1050.4
vanuatu,1981,893.84
vanuatu,1982,867.78
vanuatu,1983,903.82
vanuatu,1984,1073.7
vanuatu,1985,995.86
vanuatu,1986,943.37
vanuatu,1987,977.75
vanuatu,1988,1122.8
vanuatu,1989,1073.6
vanuatu,1990,1136.5
vanuatu,1991,1320.4
vanuatu,1992,1343.5
vanuatu,1993,1349.4
vanuatu,1994,1443.8
vanuatu,1995,1598.0
vanuatu,1996,1621.8
vanuatu,1997,1594.9
vanuatu,1998,1419.2
vanuatu,1999,1413.9
vanuatu,2000,1379.5
vanuatu,2001,1294.0
vanuatu,2002,1307.2
vanuatu,2003,1517.2
vanuatu,2004,1718.3
vanuatu,2005,1814.8
vanuatu,2006,1971.0
vanuatu,2007,2305.4
vanuatu,2008,2598.6
vanuatu,2009,2545.2
vanuatu,2010,2855.1
vanuatu,2011,3152.3
vanuatu,2012,3037.9
vanuatu,2013,3042.4
vanuatu,2014,3019.2
vanuatu,2015,2748.1
vanuatu,2016,2840.0
vanuatu,2017,3032.1
vanuatu,2018,3076.7
vanuatu,2019,3089.5
vanuatu,2020,2917.8
vanuatu,2021,3044.6
vanuatu,2022,3015.4
venezuela_bolivarian_republic_of,1970,1220.9
venezuela_bolivarian_republic_of,1971,1300.8
venezuela_bolivarian_republic_of,1972,1388.2
venezuela_bolivarian_republic_of,1973,1609.7
venezuela_bolivarian_republic_of,1974,2380.8
venezuela_bolivarian_republic_of,1975,2435.6
venezuela_bolivarian_republic_of,1976,2708.5
venezuela_bolivarian_republic_of,1977,3030.8
venezuela_bolivarian_republic_of,1978,3203.7
venezuela_bolivarian_republic_of,1979,3821.3
venezuela_bolivarian_republic_of,1980,4540.9
venezuela_bolivarian_republic_of,1981,4966.9
venezuela_bolivarian_republic_of,1982,4934.3
venezuela_bolivarian_republic_of,1983,4789.3
venezuela_bolivarian_republic_of,1984,3421.5
venezuela_bolivarian_republic_of,1985,3447.8
venezuela_bolivarian_republic_of,1986,3276.2
venezuela_bolivarian_republic_of,1987,2536.1
venezuela_bolivarian_republic_of,1988,3099.7
venezuela_bolivarian_republic_of,1989,2150.5
venezuela_bolivarian_republic_of,1990,2381.9
venezuela_bolivarian_republic_of,1991,2557.1
venezuela_bolivarian_republic_of,1992,2824.3
venezuela_bolivarian_republic_of,1993,2744.2
venezuela_bolivarian_republic_of,1994,2641.5
venezuela_bolivarian_republic_of,1995,3387.7
venezuela_bolivarian_republic_of,1996,3023.9
venezuela_bolivarian_republic_of,1997,3726.0
venezuela_bolivarian_republic_of,1998,3886.0
venezuela_bolivarian_republic_of,1999,4087.9
venezuela_bolivarian_republic_of,2000,4795.7
venezuela_bolivarian_republic_of,2001,4940.1
venezuela_bolivarian_republic_of,2002,3667.0
venezuela_bolivarian_republic_of,2003,3239.8
venezuela_bolivarian_republic_of,2004,4287.6
venezuela_bolivarian_republic_of,2005,5456.3
venezuela_bolivarian_republic_of,2006,6769.9
venezuela_bolivarian_republic_of,2007,8369.2
venezuela_bolivarian_republic_of,2008,11298
venezuela_bolivarian_republic_of,2009,11629
venezuela_bolivarian_republic_of,2010,13714
venezuela_bolivarian_republic_of,2011,10877
venezuela_bolivarian_republic_of,2012,12938
venezuela_bolivarian_republic_of,2013,12445
venezuela_bolivarian_republic_of,2014,12026
venezuela_bolivarian_republic_of,2015,11257
venezuela_bolivarian_republic_of,2016,9362.2
venezuela_bolivarian_republic_of,2017,8083.2
venezuela_bolivarian_republic_of,2018,6810.5
venezuela_bolivarian_republic_of,2019,5153.2
venezuela_bolivarian_republic_of,2020,3716.9
venezuela_bolivarian_republic_of,2021,3966.6
venezuela_bolivarian_republic_of,2022,4569.1
viet_nam,1970,66.186
viet_nam,1971,70.462
viet_nam,1972,73.724
viet_nam,1973,74.632
viet_nam,1974,78.537
viet_nam,1975,82.958
viet_nam,1976,94.279
viet_nam,1977,109.54
viet_nam,1978,128.83
viet_nam,1979,137.76
viet_nam,1980,45.227
viet_nam,1981,34.721
viet_nam,1982,39.372
viet_nam,1983,57.686
viet_nam,1984,86.782
viet_nam,1985,80.223
viet_nam,1986,82.639
viet_nam,1987,84.886
viet_nam,1988,90.333
viet_nam,1989,96.130
viet_nam,1990,96.719
viet_nam,1991,111.80
viet_nam,1992,141.38
viet_nam,1993,185.19
viet_nam,1994,224.56
viet_nam,1995,281.13
viet_nam,1996,329.00
viet_nam,1997,352.93
viet_nam,1998,352.78
viet_nam,1999,367.16
viet_nam,2000,394.58
viet_nam,2001,409.50
viet_nam,2002,434.81
viet_nam,2003,485.45
viet_nam,2004,601.31
viet_nam,2005,693.19
viet_nam,2006,829.27
viet_nam,2007,1004.9
viet_nam,2008,1336.5
viet_nam,2009,1483.9
viet_nam,2010,1684.0
viet_nam,2011,1953.6
viet_nam,2012,2190.2
viet_nam,2013,2367.5
viet_nam,2014,2558.8
viet_nam,2015,2595.2
viet_nam,2016,2760.7
viet_nam,2017,2992.1
viet_nam,2018,3267.2
viet_nam,2019,3491.1
viet_nam,2020,3586.3
viet_nam,2021,3756.5
viet_nam,2022,4163.5
yemen,1989,252.84
yemen,1990,301.21
yemen,1991,300.66
yemen,1992,310.55
yemen,1993,318.61
yemen,1994,320.38
yemen,1995,368.53
yemen,1996,438.40
yemen,1997,455.72
yemen,1998,411.80
yemen,1999,479.92
yemen,2000,583.22
yemen,2001,587.17
yemen,2002,622.92
yemen,2003,671.44
yemen,2004,753.21
yemen,2005,893.08
yemen,2006,1038.5
yemen,2007,1132.2
yemen,2008,1303.0
yemen,2009,1184.4
yemen,2010,1249.1
yemen,2011,1219.9
yemen,2012,1223.1
yemen,2013,1288.0
yemen,2014,1197.1
yemen,2015,870.33
yemen,2016,639.77
yemen,2017,612.35
yemen,2018,866.23
yemen,2019,411.46
yemen,2020,291.68
yemen,2021,271.99
yemen,2022,326.65
zambia,1970,360.65
zambia,1971,357.77
zambia,1972,409.33
zambia,1973,504.98
zambia,1974,604.41
zambia,1975,539.07
zambia,1976,553.91
zambia,1977,528.81
zambia,1978,574.65
zambia,1979,689.16
zambia,1980,754.29
zambia,1981,680.99
zambia,1982,701.94
zambia,1983,634.60
zambia,1984,492.30
zambia,1985,414.61
zambia,1986,305.53
zambia,1987,297.17
zambia,1988,475.83
zambia,1989,528.05
zambia,1990,493.70
zambia,1991,428.50
zambia,1992,409.61
zambia,1993,395.79
zambia,1994,431.53
zambia,1995,438.39
zambia,1996,404.09
zambia,1997,471.18
zambia,1998,377.46
zambia,1999,353.83
zambia,2000,364.03
zambia,2001,401.73
zambia,2002,399.10
zambia,2003,452.29
zambia,2004,556.05
zambia,2005,720.45
zambia,2006,1065.6
zambia,2007,1133.4
zambia,2008,1393.5
zambia,2009,1150.9
zambia,2010,1469.3
zambia,2011,1716.5
zambia,2012,1685.2
zambia,2013,1745.0
zambia,2014,1696.1
zambia,2015,1284.0
zambia,2016,1228.0
zambia,2017,1497.0
zambia,2018,1475.2
zambia,2019,1268.2
zambia,2020,954.36
zambia,2021,1135.1
zambia,2022,1455.5
zimbabwe,1970,449.08
zimbabwe,1971,503.73
zimbabwe,1972,603.03
zimbabwe,1973,718.36
zimbabwe,1974,836.47
zimbabwe,1975,889.06
zimbabwe,1976,851.93
zimbabwe,1977,838.46
zimbabwe,1978,826.52
zimbabwe,1979,964.81
zimbabwe,1980,1171.3
zimbabwe,1981,1323.5
zimbabwe,1982,1357.0
zimbabwe,1983,1187.7
zimbabwe,1984,937.90
zimbabwe,1985,1003.4
zimbabwe,1986,1070.5
zimbabwe,1987,1123.8
zimbabwe,1988,1263.0
zimbabwe,1989,1298.0
zimbabwe,1990,1340.7
zimbabwe,1991,1219.2
zimbabwe,1992,980.47
zimbabwe,1993,938.88
zimbabwe,1994,981.35
zimbabwe,1995,1006.3
zimbabwe,1996,1204.7
zimbabwe,1997,1219.3
zimbabwe,1998,840.44
zimbabwe,1999,787.36
zimbabwe,2000,736.86
zimbabwe,2001,726.99
zimbabwe,2002,685.50
zimbabwe,2003,641.49
zimbabwe,2004,609.85
zimbabwe,2005,588.08
zimbabwe,2006,571.67
zimbabwe,2007,558.87
zimbabwe,2008,505.82
zimbabwe,2009,762.30
zimbabwe,2010,937.84
zimbabwe,2011,1082.6
zimbabwe,2012,1290.2
zimbabwe,2013,1408.4
zimbabwe,2014,1407.0
zimbabwe,2015,1410.3
zimbabwe,2016,1421.8
zimbabwe,2017,1494.2
zimbabwe,2018,1570.9
zimbabwe,2019,1471.5
zimbabwe,2020,1382.6
zimbabwe,2021,1508.0
zimbabwe,2022,1618.7
