area,year,area_equipped_for_full_control_irrigation_total
afghanistan,1967,2715.0
afghanistan,1968,2733.6
afghanistan,1969,2752.2
afghanistan,1970,2770.8
afghanistan,1971,2789.5
afghanistan,1972,2808.1
afghanistan,1973,2826.7
afghanistan,1974,2845.3
afghanistan,1975,2863.9
afghanistan,1976,2882.5
afghanistan,1977,2901.2
afghanistan,1978,2919.8
afghanistan,1979,2938.4
afghanistan,1980,2957.0
afghanistan,1981,2975.6
afghanistan,1982,2994.2
afghanistan,1983,3012.8
afghanistan,1984,3031.5
afghanistan,1985,3050.1
afghanistan,1986,3068.7
afghanistan,1987,3087.3
afghanistan,1988,3105.9
afghanistan,1989,3124.5
afghanistan,1990,3143.2
afghanistan,1991,3161.8
afghanistan,1992,3180.4
afghanistan,1993,3199.0
afghanistan,1994,3200.0
afghanistan,1995,3201.0
afghanistan,1996,3202.0
afghanistan,1997,3203.0
afghanistan,1998,3204.0
afghanistan,1999,3205.0
afghanistan,2000,3206.0
afghanistan,2001,3207.0
afghanistan,2002,3208.0
afghanistan,2003,3208.0
afghanistan,2004,3208.0
afghanistan,2005,3208.0
afghanistan,2006,3208.0
afghanistan,2007,3208.0
afghanistan,2008,3208.0
afghanistan,2009,3208.0
afghanistan,2010,3208.0
afghanistan,2011,3208.0
afghanistan,2012,3208.0
afghanistan,2013,3208.0
afghanistan,2014,3208.0
afghanistan,2015,3208.0
afghanistan,2016,3208.0
afghanistan,2017,3208.0
afghanistan,2018,3208.0
afghanistan,2019,3208.0
afghanistan,2020,3208.0
afghanistan,2021,3208.0
afghanistan,2022,3208.0
albania,1992,397.03
albania,1993,397.03
albania,1994,340.00
albania,1995,397.03
albania,1996,397.03
albania,1997,397.03
albania,1998,397.03
albania,1999,397.03
albania,2000,397.03
albania,2001,397.03
albania,2002,346.00
albania,2003,397.03
albania,2004,397.03
albania,2005,397.03
albania,2006,397.03
albania,2007,397.03
albania,2008,397.03
albania,2009,397.03
albania,2010,397.03
albania,2011,397.03
albania,2012,346.00
albania,2013,337.60
albania,2014,397.03
albania,2015,353.40
albania,2016,397.03
albania,2017,354.40
albania,2018,355.50
albania,2019,356.70
albania,2020,359.50
albania,2021,361.20
albania,2022,358.10
algeria,1992,445.50
algeria,1993,453.04
algeria,1994,460.59
algeria,1995,468.13
algeria,1996,475.68
algeria,1997,483.22
algeria,1998,490.77
algeria,1999,498.31
algeria,2000,505.86
algeria,2001,513.40
algeria,2002,570.00
algeria,2003,626.60
algeria,2004,683.20
algeria,2005,739.80
algeria,2006,796.40
algeria,2007,853.00
algeria,2008,909.60
algeria,2009,976.42
algeria,2010,1043.3
algeria,2011,1110.1
algeria,2012,1176.9
algeria,2013,1185.3
algeria,2014,1193.6
algeria,2015,1202.0
algeria,2016,1260.0
algeria,2017,1312.0
algeria,2018,1312.0
algeria,2019,1312.0
algeria,2020,1312.0
algeria,2021,1312.0
algeria,2022,1312.0
andorra,2000,0.15000
andorra,2001,0.15000
andorra,2002,0.15000
andorra,2003,0.15000
andorra,2004,0.15000
andorra,2005,0.15000
andorra,2006,0.15000
andorra,2007,0.15000
andorra,2008,0.15000
andorra,2009,0.15000
andorra,2010,0.15000
andorra,2011,0.15000
andorra,2012,0.15000
andorra,2013,0.15000
andorra,2014,0.15000
andorra,2015,0.15000
andorra,2016,0.15000
andorra,2017,0.15000
andorra,2018,0.15000
andorra,2019,0.15000
andorra,2020,0.15000
andorra,2021,0.15000
andorra,2022,0.15000
angola,1975,80.000
angola,1976,80.184
angola,1977,80.369
angola,1978,80.553
angola,1979,80.737
angola,1980,80.922
angola,1981,81.106
angola,1982,81.290
angola,1983,81.475
angola,1984,81.659
angola,1985,81.843
angola,1986,82.028
angola,1987,82.212
angola,1988,82.396
angola,1989,82.581
angola,1990,82.765
angola,1991,82.949
angola,1992,83.134
angola,1993,83.318
angola,1994,83.502
angola,1995,83.687
angola,1996,83.871
angola,1997,84.055
angola,1998,84.240
angola,1999,84.424
angola,2000,84.608
angola,2001,84.793
angola,2002,84.977
angola,2003,85.161
angola,2004,85.346
angola,2005,85.530
angola,2006,85.530
angola,2007,85.530
angola,2008,85.530
angola,2009,85.530
angola,2010,85.530
angola,2011,85.530
angola,2012,85.530
angola,2013,85.530
angola,2014,85.530
angola,2015,85.530
angola,2016,85.530
angola,2017,85.530
angola,2018,85.530
angola,2019,85.530
angola,2020,85.530
angola,2021,85.530
angola,2022,85.530
antigua_and_barbuda,1997,0.13000
antigua_and_barbuda,1998,0.14497
antigua_and_barbuda,1999,0.15994
antigua_and_barbuda,2000,0.17491
antigua_and_barbuda,2001,0.18988
antigua_and_barbuda,2002,0.20485
antigua_and_barbuda,2003,0.21982
antigua_and_barbuda,2004,0.23479
antigua_and_barbuda,2005,0.24976
antigua_and_barbuda,2006,0.26474
antigua_and_barbuda,2007,0.27971
antigua_and_barbuda,2008,0.29468
antigua_and_barbuda,2009,0.30965
antigua_and_barbuda,2010,0.32462
antigua_and_barbuda,2011,0.33959
antigua_and_barbuda,2012,0.35456
antigua_and_barbuda,2013,0.36953
antigua_and_barbuda,2014,0.38450
antigua_and_barbuda,2015,0.38450
antigua_and_barbuda,2016,0.38450
antigua_and_barbuda,2017,0.38450
antigua_and_barbuda,2018,0.38450
antigua_and_barbuda,2019,0.38450
antigua_and_barbuda,2020,0.38450
antigua_and_barbuda,2021,0.38450
antigua_and_barbuda,2022,0.38450
argentina,1988,1455.2
argentina,1989,1494.9
argentina,1990,1534.6
argentina,1991,1574.4
argentina,1992,1614.1
argentina,1993,1653.8
argentina,1994,1693.5
argentina,1995,1550.0
argentina,1996,1773.0
argentina,1997,1812.7
argentina,1998,1852.4
argentina,1999,1892.1
argentina,2000,1931.8
argentina,2001,1971.5
argentina,2002,2138.3
argentina,2003,2162.6
argentina,2004,2186.9
argentina,2005,2211.2
argentina,2006,2235.5
argentina,2007,2259.8
argentina,2008,2284.1
argentina,2009,2308.4
argentina,2010,2332.7
argentina,2011,2357.0
argentina,2012,2176.8
argentina,2013,1996.7
argentina,2014,1816.5
argentina,2015,1636.3
argentina,2016,1456.2
argentina,2017,1276.0
argentina,2018,1095.8
argentina,2019,1095.8
argentina,2020,1095.8
argentina,2021,1095.8
argentina,2022,1095.8
armenia,1992,275.80
armenia,1993,277.10
armenia,1994,276.30
armenia,1995,279.90
armenia,1996,275.10
armenia,1997,284.50
armenia,1998,284.50
armenia,1999,273.50
armenia,2000,273.50
armenia,2001,273.50
armenia,2002,273.50
armenia,2003,243.60
armenia,2004,213.70
armenia,2005,183.80
armenia,2006,153.90
armenia,2007,154.60
armenia,2008,155.90
armenia,2009,155.80
armenia,2010,155.23
armenia,2011,154.56
armenia,2012,154.40
armenia,2013,154.20
armenia,2014,154.60
armenia,2015,154.70
armenia,2016,154.80
armenia,2017,154.70
armenia,2018,154.90
armenia,2019,155.20
armenia,2020,155.39
armenia,2021,155.80
armenia,2022,155.80
australia,1990,1832.0
australia,1991,1945.6
australia,1992,2059.2
australia,1993,2172.8
australia,1994,2286.4
australia,1995,2400.0
australia,1996,2396.8
australia,1997,2393.6
australia,1998,2390.4
australia,1999,2387.2
australia,2000,2384.0
australia,2001,2437.7
australia,2002,2491.3
australia,2003,2545.0
australia,2004,2545.3
australia,2005,2545.7
australia,2006,2546.0
australia,2007,2506.2
australia,2008,2466.4
australia,2009,2426.6
australia,2010,2386.8
australia,2011,2346.9
australia,2012,2307.1
australia,2013,2267.3
australia,2014,2227.5
australia,2015,2187.7
australia,2016,2147.9
australia,2017,2243.7
australia,2018,2298.2
australia,2019,1954.8
australia,2020,1520.9
australia,2021,1944.9
australia,2022,1976.2
australia_and_new_zealand,2000,2669.0
australia_and_new_zealand,2001,2814.0
australia_and_new_zealand,2002,2958.9
australia_and_new_zealand,2003,3042.9
australia_and_new_zealand,2004,3073.6
australia_and_new_zealand,2005,3104.3
australia_and_new_zealand,2006,3135.0
australia_and_new_zealand,2007,3125.5
australia_and_new_zealand,2008,3125.9
australia_and_new_zealand,2009,3101.7
australia_and_new_zealand,2010,3077.4
australia_and_new_zealand,2011,3053.2
australia_and_new_zealand,2012,3028.9
australia_and_new_zealand,2013,2992.8
australia_and_new_zealand,2014,2956.6
australia_and_new_zealand,2015,2920.5
australia_and_new_zealand,2016,2884.3
australia_and_new_zealand,2017,2983.8
australia_and_new_zealand,2018,3037.8
australia_and_new_zealand,2019,2694.0
australia_and_new_zealand,2020,2260.1
australia_and_new_zealand,2021,2684.1
australia_and_new_zealand,2022,2715.4
austria,1995,96.140
austria,1996,96.200
austria,1997,96.260
austria,1998,95.887
austria,1999,95.513
austria,2000,95.140
austria,2001,93.567
austria,2002,91.993
austria,2003,90.420
austria,2004,105.21
austria,2005,120.00
austria,2006,118.50
austria,2007,117.00
austria,2008,108.66
austria,2009,100.31
austria,2010,91.970
austria,2011,101.26
austria,2012,110.55
austria,2013,119.84
austria,2014,113.15
austria,2015,106.45
austria,2016,99.760
austria,2017,99.760
austria,2018,99.760
austria,2019,99.760
austria,2020,99.760
austria,2021,99.760
austria,2022,99.760
azerbaijan,1992,1450.0
azerbaijan,1993,1458.0
azerbaijan,1994,1453.0
azerbaijan,1995,1453.6
azerbaijan,1996,1454.0
azerbaijan,1997,1441.0
azerbaijan,1998,1442.0
azerbaijan,1999,1432.0
azerbaijan,2000,1426.0
azerbaijan,2001,1426.0
azerbaijan,2002,1426.0
azerbaijan,2003,1426.0
azerbaijan,2004,1431.0
azerbaijan,2005,1433.0
azerbaijan,2006,1432.0
azerbaijan,2007,1433.0
azerbaijan,2008,1432.0
azerbaijan,2009,1424.0
azerbaijan,2010,1425.0
azerbaijan,2011,1424.0
azerbaijan,2012,1428.0
azerbaijan,2013,1435.0
azerbaijan,2014,1439.0
azerbaijan,2015,1434.0
azerbaijan,2016,1438.8
azerbaijan,2017,1445.8
azerbaijan,2018,1449.4
azerbaijan,2019,1450.2
azerbaijan,2020,1480.2
azerbaijan,2021,1484.9
azerbaijan,2022,1484.9
bahamas,1994,1.0000
bahamas,1995,1.0000
bahamas,1996,1.0000
bahamas,1997,1.0000
bahamas,1998,1.0000
bahamas,1999,1.0000
bahamas,2000,1.0000
bahamas,2001,1.0000
bahamas,2002,1.0000
bahamas,2003,1.0000
bahamas,2004,1.0000
bahamas,2005,1.0000
bahamas,2006,1.0000
bahamas,2007,1.0000
bahamas,2008,1.0000
bahamas,2009,1.0000
bahamas,2010,1.0000
bahamas,2011,1.0000
bahamas,2012,1.0000
bahamas,2013,1.0000
bahamas,2014,1.0000
bahamas,2015,1.0000
bahamas,2016,1.0000
bahamas,2017,1.0000
bahamas,2018,1.0000
bahamas,2019,1.0000
bahamas,2020,1.0000
bahamas,2021,1.0000
bahamas,2022,1.0000
bahrain,1994,3.1650
bahrain,1995,3.3067
bahrain,1996,3.4483
bahrain,1997,3.5900
bahrain,1998,3.7317
bahrain,1999,3.8733
bahrain,2000,4.0150
bahrain,2001,4.0600
bahrain,2002,4.0346
bahrain,2003,4.0092
bahrain,2004,3.9838
bahrain,2005,3.9585
bahrain,2006,3.9331
bahrain,2007,3.9077
bahrain,2008,3.8823
bahrain,2009,3.8569
bahrain,2010,3.8315
bahrain,2011,3.8062
bahrain,2012,3.7808
bahrain,2013,3.7554
bahrain,2014,3.7300
bahrain,2015,3.7300
bahrain,2016,3.7300
bahrain,2017,3.7300
bahrain,2018,3.7300
bahrain,2019,3.7300
bahrain,2020,3.7300
bahrain,2021,3.7300
bahrain,2022,3.7300
bangladesh,1982,1520.0
bangladesh,1983,1655.8
bangladesh,1984,1791.6
bangladesh,1985,1927.4
bangladesh,1986,2063.2
bangladesh,1987,2199.0
bangladesh,1988,2396.0
bangladesh,1989,2593.0
bangladesh,1990,2790.0
bangladesh,1991,3100.0
bangladesh,1992,3100.0
bangladesh,1993,3317.0
bangladesh,1994,3534.0
bangladesh,1995,3751.0
bangladesh,1996,3850.9
bangladesh,1997,3950.8
bangladesh,1998,4050.8
bangladesh,1999,4150.7
bangladesh,2000,4250.6
bangladesh,2001,4350.5
bangladesh,2002,4450.5
bangladesh,2003,4550.4
bangladesh,2004,4650.3
bangladesh,2005,4750.2
bangladesh,2006,4850.2
bangladesh,2007,4950.1
bangladesh,2008,5050.0
bangladesh,2009,5050.0
bangladesh,2010,5050.0
bangladesh,2011,5050.0
bangladesh,2012,5050.0
bangladesh,2013,5050.0
bangladesh,2014,5050.0
bangladesh,2015,5050.0
bangladesh,2016,5050.0
bangladesh,2017,5050.0
bangladesh,2018,5050.0
bangladesh,2019,5050.0
bangladesh,2020,5050.0
bangladesh,2021,5050.0
bangladesh,2022,5050.0
barbados,1989,5.4350
barbados,1990,5.4350
barbados,1991,5.4350
barbados,1992,5.4350
barbados,1993,5.4350
barbados,1994,5.4350
barbados,1995,5.4350
barbados,1996,5.4350
barbados,1997,5.4350
barbados,1998,5.4350
barbados,1999,5.4350
barbados,2000,5.4350
barbados,2001,5.4350
barbados,2002,5.4350
barbados,2003,5.4350
barbados,2004,5.4350
barbados,2005,5.4350
barbados,2006,5.4350
barbados,2007,5.4350
barbados,2008,5.4350
barbados,2009,5.4350
barbados,2010,5.4350
barbados,2011,5.4350
barbados,2012,5.4350
barbados,2013,5.4350
barbados,2014,5.4350
barbados,2015,5.4350
barbados,2016,5.4350
barbados,2017,5.4350
barbados,2018,5.4350
barbados,2019,5.4350
barbados,2020,5.4350
barbados,2021,5.4350
barbados,2022,5.4350
belarus,1993,131.00
belarus,1994,129.00
belarus,1995,127.00
belarus,1996,125.00
belarus,1997,123.00
belarus,1998,121.00
belarus,1999,119.00
belarus,2000,117.00
belarus,2001,115.00
belarus,2002,115.00
belarus,2003,115.00
belarus,2004,114.70
belarus,2005,114.40
belarus,2006,114.10
belarus,2007,93.700
belarus,2008,73.300
belarus,2009,52.900
belarus,2010,56.900
belarus,2011,30.600
belarus,2012,30.500
belarus,2013,29.600
belarus,2014,29.700
belarus,2015,30.200
belarus,2016,30.300
belarus,2017,30.300
belarus,2018,30.300
belarus,2019,30.300
belarus,2020,30.300
belarus,2021,28.700
belarus,2022,26.200
belgium,1990,17.880
belgium,1991,18.877
belgium,1992,19.873
belgium,1993,20.870
belgium,1994,21.410
belgium,1995,21.950
belgium,1996,28.530
belgium,1997,35.110
belgium,1998,34.270
belgium,1999,33.430
belgium,2000,32.590
belgium,2001,28.997
belgium,2002,25.403
belgium,2003,21.810
belgium,2004,21.760
belgium,2005,21.710
belgium,2006,22.530
belgium,2007,23.350
belgium,2008,20.087
belgium,2009,16.823
belgium,2010,13.560
belgium,2011,15.433
belgium,2012,17.307
belgium,2013,19.180
belgium,2014,20.823
belgium,2015,22.467
belgium,2016,24.110
belgium,2017,24.110
belgium,2018,24.110
belgium,2019,24.110
belgium,2020,24.110
belgium,2021,24.110
belgium,2022,24.110
belize,1997,3.0000
belize,1998,3.0685
belize,1999,3.1370
belize,2000,3.2055
belize,2001,3.2740
belize,2002,3.3425
belize,2003,3.4110
belize,2004,3.4795
belize,2005,3.5480
belize,2006,3.5480
belize,2007,3.5480
belize,2008,3.5480
belize,2009,3.5480
belize,2010,3.5480
belize,2011,3.5480
belize,2012,3.5480
belize,2013,3.5480
belize,2014,3.5480
belize,2015,3.5480
belize,2016,3.5480
belize,2017,3.5480
belize,2018,3.5480
belize,2019,3.5480
belize,2020,3.5480
belize,2021,3.5480
belize,2022,3.5480
benin,1975,3.9320
benin,1976,5.0786
benin,1977,6.2252
benin,1978,7.3718
benin,1979,8.5184
benin,1980,9.6650
benin,1981,9.6666
benin,1982,9.6682
benin,1983,9.6698
benin,1984,9.6714
benin,1985,9.6730
benin,1986,9.6832
benin,1987,9.6934
benin,1988,9.7036
benin,1989,9.7138
benin,1990,9.7240
benin,1991,9.7395
benin,1992,9.7550
benin,1993,9.7705
benin,1994,9.7860
benin,1995,9.9344
benin,1996,10.083
benin,1997,10.231
benin,1998,10.380
benin,1999,10.528
benin,2000,10.676
benin,2001,10.825
benin,2002,10.973
benin,2003,12.984
benin,2004,14.995
benin,2005,17.006
benin,2006,19.018
benin,2007,21.029
benin,2008,23.040
benin,2009,23.040
benin,2010,23.040
benin,2011,23.040
benin,2012,23.040
benin,2013,23.040
benin,2014,23.040
benin,2015,23.040
benin,2016,23.040
benin,2017,23.040
benin,2018,23.040
benin,2019,23.040
benin,2020,23.040
benin,2021,23.040
benin,2022,23.040
bhutan,1995,27.020
bhutan,1996,27.075
bhutan,1997,27.130
bhutan,1998,27.185
bhutan,1999,27.240
bhutan,2000,27.295
bhutan,2001,27.350
bhutan,2002,27.405
bhutan,2003,27.460
bhutan,2004,27.515
bhutan,2005,27.570
bhutan,2006,27.625
bhutan,2007,27.680
bhutan,2008,27.680
bhutan,2009,27.680
bhutan,2010,31.910
bhutan,2011,27.680
bhutan,2012,27.680
bhutan,2013,27.680
bhutan,2014,27.680
bhutan,2015,27.680
bhutan,2016,27.680
bhutan,2017,27.680
bhutan,2018,27.680
bhutan,2019,27.680
bhutan,2020,27.680
bhutan,2021,27.680
bhutan,2022,27.680
bolivia_plurinational_state_of,2000,226.56
bolivia_plurinational_state_of,2001,232.51
bolivia_plurinational_state_of,2002,238.45
bolivia_plurinational_state_of,2003,244.39
bolivia_plurinational_state_of,2004,250.33
bolivia_plurinational_state_of,2005,256.27
bolivia_plurinational_state_of,2006,262.22
bolivia_plurinational_state_of,2007,268.16
bolivia_plurinational_state_of,2008,274.10
bolivia_plurinational_state_of,2009,281.80
bolivia_plurinational_state_of,2010,289.50
bolivia_plurinational_state_of,2011,297.20
bolivia_plurinational_state_of,2012,303.20
bolivia_plurinational_state_of,2013,327.54
bolivia_plurinational_state_of,2014,357.01
bolivia_plurinational_state_of,2015,392.43
bolivia_plurinational_state_of,2016,417.35
bolivia_plurinational_state_of,2017,441.74
bolivia_plurinational_state_of,2018,473.32
bolivia_plurinational_state_of,2019,502.91
bolivia_plurinational_state_of,2020,519.70
bolivia_plurinational_state_of,2021,541.56
bolivia_plurinational_state_of,2022,546.54
bosnia_and_herzegovina,1995,2.0000
bosnia_and_herzegovina,1996,2.2000
bosnia_and_herzegovina,1997,2.4000
bosnia_and_herzegovina,1998,2.6000
bosnia_and_herzegovina,1999,2.8000
bosnia_and_herzegovina,2000,3.0000
bosnia_and_herzegovina,2001,3.0000
bosnia_and_herzegovina,2002,3.0000
bosnia_and_herzegovina,2003,3.0000
bosnia_and_herzegovina,2004,3.0000
bosnia_and_herzegovina,2005,3.0000
bosnia_and_herzegovina,2006,3.0000
bosnia_and_herzegovina,2007,3.0000
bosnia_and_herzegovina,2008,3.0000
bosnia_and_herzegovina,2009,3.0000
bosnia_and_herzegovina,2010,3.0000
bosnia_and_herzegovina,2011,3.0000
bosnia_and_herzegovina,2012,3.0000
bosnia_and_herzegovina,2013,3.0000
bosnia_and_herzegovina,2014,3.0000
bosnia_and_herzegovina,2015,3.0000
bosnia_and_herzegovina,2016,3.0000
bosnia_and_herzegovina,2017,3.0000
bosnia_and_herzegovina,2018,3.0000
bosnia_and_herzegovina,2019,3.0000
bosnia_and_herzegovina,2020,3.0000
bosnia_and_herzegovina,2021,3.0000
bosnia_and_herzegovina,2022,3.0000
botswana,1992,1.3810
botswana,1993,1.3868
botswana,1994,1.3926
botswana,1995,1.3984
botswana,1996,1.4042
botswana,1997,1.4100
botswana,1998,1.4158
botswana,1999,1.4216
botswana,2000,1.4274
botswana,2001,1.4332
botswana,2002,1.4390
botswana,2003,1.5441
botswana,2004,1.6492
botswana,2005,1.7543
botswana,2006,1.8593
botswana,2007,1.9644
botswana,2008,2.0695
botswana,2009,2.1746
botswana,2010,2.2797
botswana,2011,2.3847
botswana,2012,2.4898
botswana,2013,2.5949
botswana,2014,2.7000
botswana,2015,3.0000
botswana,2016,3.5000
botswana,2017,3.7500
botswana,2018,3.7500
botswana,2019,3.7500
botswana,2020,3.7500
botswana,2021,3.7500
botswana,2022,3.7500
brazil,1998,2878.1
brazil,1999,3093.5
brazil,2000,3308.8
brazil,2001,3524.2
brazil,2002,3739.6
brazil,2003,3954.9
brazil,2004,4170.3
brazil,2005,4385.6
brazil,2006,4601.0
brazil,2007,4800.7
brazil,2008,5000.4
brazil,2009,5200.1
brazil,2010,5400.0
brazil,2011,5252.9
brazil,2012,5105.9
brazil,2013,4958.9
brazil,2014,4812.0
brazil,2015,4888.0
brazil,2016,5066.0
brazil,2017,4881.0
brazil,2018,5082.0
brazil,2019,5291.0
brazil,2020,5549.0
brazil,2021,5624.0
brazil,2022,5697.0
brunei_darussalam,1995,1.0000
brunei_darussalam,1996,1.0000
brunei_darussalam,1997,1.0000
brunei_darussalam,1998,1.0000
brunei_darussalam,1999,1.0000
brunei_darussalam,2000,1.0000
brunei_darussalam,2001,1.0000
brunei_darussalam,2002,1.0000
brunei_darussalam,2003,1.0000
brunei_darussalam,2004,1.0000
brunei_darussalam,2005,1.0000
brunei_darussalam,2006,1.0000
brunei_darussalam,2007,1.0000
brunei_darussalam,2008,1.0000
brunei_darussalam,2009,1.0000
brunei_darussalam,2010,1.0000
brunei_darussalam,2011,1.0000
brunei_darussalam,2012,1.0000
brunei_darussalam,2013,1.0000
brunei_darussalam,2014,1.0000
brunei_darussalam,2015,1.0000
brunei_darussalam,2016,1.0000
brunei_darussalam,2017,1.0000
brunei_darussalam,2018,1.0000
brunei_darussalam,2019,1.0000
brunei_darussalam,2020,1.0000
brunei_darussalam,2021,1.0000
brunei_darussalam,2022,1.0000
bulgaria,2003,124.50
bulgaria,2004,118.05
bulgaria,2005,111.60
bulgaria,2006,108.09
bulgaria,2007,104.58
bulgaria,2008,115.58
bulgaria,2009,126.56
bulgaria,2010,137.51
bulgaria,2011,130.20
bulgaria,2012,122.87
bulgaria,2013,115.52
bulgaria,2014,122.33
bulgaria,2015,129.11
bulgaria,2016,135.87
bulgaria,2017,135.90
bulgaria,2018,135.90
bulgaria,2019,135.90
bulgaria,2020,135.90
bulgaria,2021,135.90
bulgaria,2022,135.90
burkina_faso,1992,15.430
burkina_faso,1993,15.782
burkina_faso,1994,16.134
burkina_faso,1995,16.487
burkina_faso,1996,16.839
burkina_faso,1997,17.191
burkina_faso,1998,17.543
burkina_faso,1999,17.896
burkina_faso,2000,18.248
burkina_faso,2001,18.600
burkina_faso,2002,19.669
burkina_faso,2003,20.738
burkina_faso,2004,21.807
burkina_faso,2005,22.876
burkina_faso,2006,23.945
burkina_faso,2007,25.014
burkina_faso,2008,26.083
burkina_faso,2009,27.152
burkina_faso,2010,28.221
burkina_faso,2011,29.731
burkina_faso,2012,29.731
burkina_faso,2013,29.731
burkina_faso,2014,29.731
burkina_faso,2015,29.731
burkina_faso,2016,29.731
burkina_faso,2017,29.731
burkina_faso,2018,29.731
burkina_faso,2019,29.731
burkina_faso,2020,29.731
burkina_faso,2021,29.731
burkina_faso,2022,29.731
burundi,1985,14.400
burundi,1986,13.904
burundi,1987,13.408
burundi,1988,12.912
burundi,1989,12.416
burundi,1990,11.920
burundi,1991,11.424
burundi,1992,10.928
burundi,1993,10.432
burundi,1994,9.9360
burundi,1995,9.4400
burundi,1996,8.9440
burundi,1997,8.4480
burundi,1998,7.9520
burundi,1999,7.4560
burundi,2000,6.9600
burundi,2001,6.9600
burundi,2002,6.9600
burundi,2003,6.9600
burundi,2004,6.9600
burundi,2005,6.9600
burundi,2006,6.9600
burundi,2007,6.9600
burundi,2008,6.9600
burundi,2009,6.9600
burundi,2010,6.9600
burundi,2011,6.9600
burundi,2012,6.9600
burundi,2013,6.9600
burundi,2014,6.9600
burundi,2015,6.9600
burundi,2016,6.9600
burundi,2017,6.9600
burundi,2018,6.9600
burundi,2019,6.9600
burundi,2020,6.9600
burundi,2021,6.9600
burundi,2022,6.9600
cabo_verde,1980,2.2500
cabo_verde,1981,2.3161
cabo_verde,1982,2.3822
cabo_verde,1983,2.4484
cabo_verde,1984,2.5145
cabo_verde,1985,2.5806
cabo_verde,1986,2.6467
cabo_verde,1987,2.7129
cabo_verde,1988,2.7790
cabo_verde,1989,2.7791
cabo_verde,1990,2.7792
cabo_verde,1991,2.7793
cabo_verde,1992,2.7794
cabo_verde,1993,2.7796
cabo_verde,1994,2.7797
cabo_verde,1995,2.7798
cabo_verde,1996,2.7799
cabo_verde,1997,2.7800
cabo_verde,1998,2.8794
cabo_verde,1999,2.9789
cabo_verde,2000,3.0783
cabo_verde,2001,3.1777
cabo_verde,2002,3.2771
cabo_verde,2003,3.3766
cabo_verde,2004,3.4760
cabo_verde,2005,3.4539
cabo_verde,2006,3.4317
cabo_verde,2007,3.4096
cabo_verde,2008,3.3875
cabo_verde,2009,3.3653
cabo_verde,2010,3.3432
cabo_verde,2011,3.3211
cabo_verde,2012,3.2989
cabo_verde,2013,3.2768
cabo_verde,2014,3.2547
cabo_verde,2015,3.2325
cabo_verde,2016,3.2104
cabo_verde,2017,3.1883
cabo_verde,2018,3.1661
cabo_verde,2019,3.1440
cabo_verde,2020,3.1440
cabo_verde,2021,3.1440
cabo_verde,2022,3.1440
cambodia,1993,269.50
cambodia,1994,269.50
cambodia,1995,269.50
cambodia,1996,269.50
cambodia,1997,269.50
cambodia,1998,269.50
cambodia,1999,269.50
cambodia,2000,269.50
cambodia,2001,284.10
cambodia,2002,269.50
cambodia,2003,269.50
cambodia,2004,269.50
cambodia,2005,269.50
cambodia,2006,353.60
cambodia,2007,269.50
cambodia,2008,269.50
cambodia,2009,269.50
cambodia,2010,269.50
cambodia,2011,269.50
cambodia,2012,269.50
cambodia,2013,269.50
cambodia,2014,269.50
cambodia,2015,269.50
cambodia,2016,269.50
cambodia,2017,269.50
cambodia,2018,269.50
cambodia,2019,269.50
cambodia,2020,269.50
cambodia,2021,269.50
cambodia,2022,269.50
cameroon,1987,20.970
cameroon,1988,21.084
cameroon,1989,21.198
cameroon,1990,21.312
cameroon,1991,21.425
cameroon,1992,21.539
cameroon,1993,21.653
cameroon,1994,21.767
cameroon,1995,21.881
cameroon,1996,21.995
cameroon,1997,22.108
cameroon,1998,22.222
cameroon,1999,22.336
cameroon,2000,22.450
cameroon,2001,22.450
cameroon,2002,22.450
cameroon,2003,22.450
cameroon,2004,22.450
cameroon,2005,22.450
cameroon,2006,22.450
cameroon,2007,22.450
cameroon,2008,22.450
cameroon,2009,22.450
cameroon,2010,22.450
cameroon,2011,22.450
cameroon,2012,22.450
cameroon,2013,22.450
cameroon,2014,22.450
cameroon,2015,22.450
cameroon,2016,22.450
cameroon,2017,22.450
cameroon,2018,22.450
cameroon,2019,22.450
cameroon,2020,22.450
cameroon,2021,22.450
cameroon,2022,22.450
canada,2006,1218.0
canada,2007,1218.0
canada,2008,1218.0
canada,2009,1218.0
canada,2010,1218.0
canada,2011,1218.0
canada,2012,1218.0
canada,2013,1218.0
canada,2014,1218.0
canada,2015,1218.0
canada,2016,1218.0
canada,2017,1218.0
canada,2018,1218.0
canada,2019,1218.0
canada,2020,1218.0
canada,2021,1218.0
canada,2022,1218.0
central_african_republic,1987,0.13500
central_african_republic,1988,0.13500
central_african_republic,1989,0.13500
central_african_republic,1990,0.13500
central_african_republic,1991,0.13500
central_african_republic,1992,0.13500
central_african_republic,1993,0.13500
central_african_republic,1994,0.13500
central_african_republic,1995,0.13500
central_african_republic,1996,0.13500
central_african_republic,1997,0.13500
central_african_republic,1998,0.13500
central_african_republic,1999,0.13500
central_african_republic,2000,0.13500
central_african_republic,2001,0.13500
central_african_republic,2002,0.13500
central_african_republic,2003,0.13500
central_african_republic,2004,0.13500
central_african_republic,2005,0.13500
central_african_republic,2006,0.13500
central_african_republic,2007,0.13500
central_african_republic,2008,0.13500
central_african_republic,2009,0.13500
central_african_republic,2010,0.13500
central_african_republic,2011,0.13500
central_african_republic,2012,0.13500
central_african_republic,2013,0.13500
central_african_republic,2014,0.13500
central_african_republic,2015,0.13500
central_african_republic,2016,0.13500
central_african_republic,2017,0.13500
central_african_republic,2018,0.13500
central_african_republic,2019,0.13500
central_african_republic,2020,0.13500
central_african_republic,2021,0.13500
central_african_republic,2022,0.13500
central_and_southern_asia,2000,104720
central_and_southern_asia,2001,105960
central_and_southern_asia,2002,107000
central_and_southern_asia,2003,108170
central_and_southern_asia,2004,109330
central_and_southern_asia,2005,110260
central_and_southern_asia,2006,111300
central_and_southern_asia,2007,112340
central_and_southern_asia,2008,113280
central_and_southern_asia,2009,114320
central_and_southern_asia,2010,115280
central_and_southern_asia,2011,116120
central_and_southern_asia,2012,117050
central_and_southern_asia,2013,117890
central_and_southern_asia,2014,117890
central_and_southern_asia,2015,117680
central_and_southern_asia,2016,117710
central_and_southern_asia,2017,117840
central_and_southern_asia,2018,117870
central_and_southern_asia,2019,117590
central_and_southern_asia,2020,117480
central_and_southern_asia,2021,117950
central_and_southern_asia,2022,118010
central_asia,2000,9773.8
central_asia,2001,8981.3
central_asia,2002,8912.2
central_asia,2003,9036.3
central_asia,2004,9154.3
central_asia,2005,9030.8
central_asia,2006,9153.4
central_asia,2007,9183.0
central_asia,2008,9119.5
central_asia,2009,9215.0
central_asia,2010,9234.4
central_asia,2011,9268.2
central_asia,2012,9303.1
central_asia,2013,9334.9
central_asia,2014,9291.8
central_asia,2015,9325.1
central_asia,2016,9353.5
central_asia,2017,9476.5
central_asia,2018,9515.0
central_asia,2019,9229.0
central_asia,2020,9121.0
central_asia,2021,9592.6
central_asia,2022,9647.8
chad,1988,14.020
chad,1989,15.181
chad,1990,16.342
chad,1991,17.503
chad,1992,18.664
chad,1993,19.825
chad,1994,20.986
chad,1995,22.147
chad,1996,23.308
chad,1997,24.469
chad,1998,25.630
chad,1999,26.791
chad,2000,27.952
chad,2001,29.113
chad,2002,30.274
chad,2003,30.274
chad,2004,30.274
chad,2005,30.274
chad,2006,30.274
chad,2007,30.274
chad,2008,30.274
chad,2009,30.274
chad,2010,30.274
chad,2011,30.274
chad,2012,30.274
chad,2013,30.274
chad,2014,30.274
chad,2015,30.274
chad,2016,30.274
chad,2017,30.274
chad,2018,30.274
chad,2019,30.274
chad,2020,30.274
chad,2021,30.274
chad,2022,30.274
chile,2007,1109.0
chile,2008,1108.4
chile,2009,1108.4
chile,2010,1108.3
chile,2011,1108.3
chile,2012,1108.2
chile,2013,1108.2
chile,2014,1108.1
chile,2015,1108.6
chile,2016,1108.6
chile,2017,1108.6
chile,2018,1108.6
chile,2019,1108.6
chile,2020,1108.6
chile,2021,1108.6
chile,2022,1108.6
china,1980,47240
china,1981,48385
china,1982,49529
china,1983,49403
china,1984,49517
china,1985,49411
china,1986,49745
china,1987,49859
china,1988,49973
china,1989,50087
china,1990,50201
china,1991,50315
china,1992,50429
china,1993,50745
china,1994,51060
china,1995,51376
china,1996,53327
china,1997,53340
china,1998,54322
china,1999,55304
china,2000,54201
china,2001,57269
china,2002,58251
china,2003,59233
china,2004,60215
china,2005,61197
china,2006,62939
china,2007,63928
china,2008,64917
china,2009,65906
china,2010,66895
china,2011,67885
china,2012,68874
china,2013,69863
china,2014,70695
china,2015,71527
china,2016,72359
china,2017,73191
china,2018,74023
china,2019,74855
china,2020,75687
china,2021,75687
china,2022,75687
colombia,1995,900.00
colombia,1996,900.00
colombia,1997,900.00
colombia,1998,900.00
colombia,1999,914.38
colombia,2000,928.77
colombia,2001,943.15
colombia,2002,957.54
colombia,2003,971.92
colombia,2004,986.31
colombia,2005,1000.7
colombia,2006,1015.1
colombia,2007,1029.5
colombia,2008,1043.8
colombia,2009,1058.2
colombia,2010,1072.6
colombia,2011,1087.0
colombia,2012,1000.9
colombia,2013,914.74
colombia,2014,828.61
colombia,2015,742.48
colombia,2016,656.35
colombia,2017,570.21
colombia,2018,484.08
colombia,2019,397.95
colombia,2020,311.82
colombia,2021,311.82
colombia,2022,311.82
comoros,1987,0.13000
comoros,1988,0.13000
comoros,1989,0.13000
comoros,1990,0.13000
comoros,1991,0.13000
comoros,1992,0.13000
comoros,1993,0.13000
comoros,1994,0.13000
comoros,1995,0.13000
comoros,1996,0.13000
comoros,1997,0.13000
comoros,1998,0.13000
comoros,1999,0.13000
comoros,2000,0.13000
comoros,2001,0.13000
comoros,2002,0.13000
comoros,2003,0.13000
comoros,2004,0.13000
comoros,2005,0.13000
comoros,2006,0.13000
comoros,2007,0.13000
comoros,2008,0.13000
comoros,2009,0.13000
comoros,2010,0.13000
comoros,2011,0.13000
comoros,2012,0.13000
comoros,2013,0.13000
comoros,2014,0.13000
comoros,2015,0.13000
comoros,2016,0.13000
comoros,2017,0.13000
comoros,2018,0.13000
comoros,2019,0.13000
comoros,2020,0.13000
comoros,2021,0.13000
comoros,2022,0.13000
congo,1993,0.21700
congo,1994,0.21700
congo,1995,0.21700
congo,1996,0.21700
congo,1997,0.21700
congo,1998,0.21700
congo,1999,0.21700
congo,2000,0.21700
congo,2001,0.21700
congo,2002,0.21700
congo,2003,0.21700
congo,2004,0.21700
congo,2005,0.21700
congo,2006,0.21700
congo,2007,0.21700
congo,2008,0.21700
congo,2009,0.21700
congo,2010,0.21700
congo,2011,0.21700
congo,2012,0.21700
congo,2013,0.21700
congo,2014,0.21700
congo,2015,0.21700
congo,2016,0.21700
congo,2017,0.21700
congo,2018,0.21700
congo,2019,0.21700
congo,2020,0.21700
congo,2021,0.21700
congo,2022,0.21700
costa_rica,1997,103.08
costa_rica,1998,102.98
costa_rica,1999,102.88
costa_rica,2000,102.78
costa_rica,2001,102.69
costa_rica,2002,102.59
costa_rica,2003,102.49
costa_rica,2004,102.39
costa_rica,2005,102.29
costa_rica,2006,102.19
costa_rica,2007,102.10
costa_rica,2008,102.00
costa_rica,2009,101.90
costa_rica,2010,101.80
costa_rica,2011,101.70
costa_rica,2012,101.60
costa_rica,2013,101.50
costa_rica,2014,159.59
costa_rica,2015,159.59
costa_rica,2016,159.59
costa_rica,2017,159.59
costa_rica,2018,159.59
costa_rica,2019,159.59
costa_rica,2020,159.59
costa_rica,2021,159.59
costa_rica,2022,159.59
cote_d_ivoire,1994,47.750
cote_d_ivoire,1995,47.750
cote_d_ivoire,1996,47.750
cote_d_ivoire,1997,47.750
cote_d_ivoire,1998,47.750
cote_d_ivoire,1999,47.750
cote_d_ivoire,2000,47.750
cote_d_ivoire,2001,47.750
cote_d_ivoire,2002,47.750
cote_d_ivoire,2003,47.750
cote_d_ivoire,2004,47.750
cote_d_ivoire,2005,47.750
cote_d_ivoire,2006,47.750
cote_d_ivoire,2007,47.750
cote_d_ivoire,2008,47.750
cote_d_ivoire,2009,47.750
cote_d_ivoire,2010,47.750
cote_d_ivoire,2011,47.750
cote_d_ivoire,2012,47.750
cote_d_ivoire,2013,47.750
cote_d_ivoire,2014,47.750
cote_d_ivoire,2015,47.750
cote_d_ivoire,2016,47.750
cote_d_ivoire,2017,47.750
cote_d_ivoire,2018,47.750
cote_d_ivoire,2019,47.750
cote_d_ivoire,2020,47.750
cote_d_ivoire,2021,47.750
cote_d_ivoire,2022,47.750
croatia,1995,3.0000
croatia,1996,3.0000
croatia,1997,3.0000
croatia,1998,3.0000
croatia,1999,3.0000
croatia,2000,3.0000
croatia,2001,4.0690
croatia,2002,5.1380
croatia,2003,6.6904
croatia,2004,8.2428
croatia,2005,9.7952
croatia,2006,11.348
croatia,2007,12.900
croatia,2008,16.367
croatia,2009,19.833
croatia,2010,23.300
croatia,2011,24.157
croatia,2012,25.013
croatia,2013,25.870
croatia,2014,27.140
croatia,2015,28.410
croatia,2016,29.680
croatia,2017,35.453
croatia,2018,41.227
croatia,2019,47.000
croatia,2020,47.277
croatia,2021,47.000
croatia,2022,26.000
cuba,1966,357.90
cuba,1967,386.69
cuba,1968,415.48
cuba,1969,444.26
cuba,1970,473.05
cuba,1971,501.84
cuba,1972,530.63
cuba,1973,559.42
cuba,1974,588.21
cuba,1975,616.99
cuba,1976,645.78
cuba,1977,674.57
cuba,1978,703.36
cuba,1979,732.15
cuba,1980,760.94
cuba,1981,789.72
cuba,1982,818.51
cuba,1983,847.30
cuba,1984,843.12
cuba,1985,838.94
cuba,1986,834.76
cuba,1987,830.58
cuba,1988,826.40
cuba,1989,822.22
cuba,1990,818.04
cuba,1991,813.87
cuba,1992,809.69
cuba,1993,805.51
cuba,1994,801.33
cuba,1995,797.15
cuba,1996,792.97
cuba,1997,788.79
cuba,1998,767.71
cuba,1999,746.62
cuba,2000,725.54
cuba,2001,704.45
cuba,2002,683.37
cuba,2003,662.29
cuba,2004,641.20
cuba,2005,620.12
cuba,2006,599.04
cuba,2007,577.95
cuba,2008,556.87
cuba,2009,535.78
cuba,2010,514.70
cuba,2011,536.13
cuba,2012,557.57
cuba,2013,557.57
cuba,2014,557.57
cuba,2015,557.57
cuba,2016,557.57
cuba,2017,557.57
cuba,2018,557.57
cuba,2019,557.57
cuba,2020,557.57
cuba,2021,557.57
cuba,2022,557.57
cyprus,1975,26.867
cyprus,1976,27.273
cyprus,1977,27.679
cyprus,1978,28.085
cyprus,1979,28.491
cyprus,1980,28.896
cyprus,1981,29.302
cyprus,1982,29.708
cyprus,1983,30.114
cyprus,1984,30.520
cyprus,1985,30.926
cyprus,1986,31.884
cyprus,1987,32.841
cyprus,1988,33.799
cyprus,1989,34.756
cyprus,1990,35.714
cyprus,1991,36.671
cyprus,1992,37.629
cyprus,1993,38.586
cyprus,1994,39.544
cyprus,1995,40.991
cyprus,1996,42.438
cyprus,1997,43.885
cyprus,1998,45.332
cyprus,1999,46.779
cyprus,2000,48.225
cyprus,2001,49.672
cyprus,2002,51.119
cyprus,2003,52.566
cyprus,2004,54.013
cyprus,2005,55.460
cyprus,2006,50.625
cyprus,2007,45.790
cyprus,2008,43.963
cyprus,2009,42.137
cyprus,2010,40.310
cyprus,2011,39.560
cyprus,2012,38.810
cyprus,2013,38.060
cyprus,2014,38.087
cyprus,2015,38.113
cyprus,2016,38.140
cyprus,2017,38.136
cyprus,2018,38.133
cyprus,2019,38.129
cyprus,2020,38.125
cyprus,2021,38.125
cyprus,2022,38.125
czechia,1993,29.850
czechia,1994,43.200
czechia,1995,35.970
czechia,1996,34.500
czechia,1997,36.584
czechia,1998,38.669
czechia,1999,40.753
czechia,2000,42.837
czechia,2001,44.921
czechia,2002,47.006
czechia,2003,49.090
czechia,2004,48.060
czechia,2005,47.030
czechia,2006,42.780
czechia,2007,38.530
czechia,2008,36.430
czechia,2009,34.330
czechia,2010,32.230
czechia,2011,32.843
czechia,2012,33.457
czechia,2013,34.070
czechia,2014,38.000
czechia,2015,41.930
czechia,2016,45.860
czechia,2017,43.495
czechia,2018,41.130
czechia,2019,38.765
czechia,2020,36.400
czechia,2021,36.400
czechia,2022,36.400
democratic_people_s_republic_of_korea,1975,900.00
democratic_people_s_republic_of_korea,1976,944.00
democratic_people_s_republic_of_korea,1977,988.00
democratic_people_s_republic_of_korea,1978,1032.0
democratic_people_s_republic_of_korea,1979,1076.0
democratic_people_s_republic_of_korea,1980,1120.0
democratic_people_s_republic_of_korea,1981,1150.0
democratic_people_s_republic_of_korea,1982,1180.0
democratic_people_s_republic_of_korea,1983,1210.0
democratic_people_s_republic_of_korea,1984,1240.0
democratic_people_s_republic_of_korea,1985,1270.0
democratic_people_s_republic_of_korea,1986,1300.0
democratic_people_s_republic_of_korea,1987,1330.0
democratic_people_s_republic_of_korea,1988,1360.0
democratic_people_s_republic_of_korea,1989,1390.0
democratic_people_s_republic_of_korea,1990,1420.0
democratic_people_s_republic_of_korea,1991,1428.0
democratic_people_s_republic_of_korea,1992,1436.0
democratic_people_s_republic_of_korea,1993,1444.0
democratic_people_s_republic_of_korea,1994,1452.0
democratic_people_s_republic_of_korea,1995,1460.0
democratic_people_s_republic_of_korea,1996,1460.0
democratic_people_s_republic_of_korea,1997,1460.0
democratic_people_s_republic_of_korea,1998,1460.0
democratic_people_s_republic_of_korea,1999,1460.0
democratic_people_s_republic_of_korea,2000,1460.0
democratic_people_s_republic_of_korea,2001,1460.0
democratic_people_s_republic_of_korea,2002,1460.0
democratic_people_s_republic_of_korea,2003,1460.0
democratic_people_s_republic_of_korea,2004,1460.0
democratic_people_s_republic_of_korea,2005,1460.0
democratic_people_s_republic_of_korea,2006,1460.0
democratic_people_s_republic_of_korea,2007,1460.0
democratic_people_s_republic_of_korea,2008,1460.0
democratic_people_s_republic_of_korea,2009,1460.0
democratic_people_s_republic_of_korea,2010,1460.0
democratic_people_s_republic_of_korea,2011,1460.0
democratic_people_s_republic_of_korea,2012,1460.0
democratic_people_s_republic_of_korea,2013,1460.0
democratic_people_s_republic_of_korea,2014,1460.0
democratic_people_s_republic_of_korea,2015,1460.0
democratic_people_s_republic_of_korea,2016,1460.0
democratic_people_s_republic_of_korea,2017,1460.0
democratic_people_s_republic_of_korea,2018,1460.0
democratic_people_s_republic_of_korea,2019,1460.0
democratic_people_s_republic_of_korea,2020,1460.0
democratic_people_s_republic_of_korea,2021,1460.0
democratic_people_s_republic_of_korea,2022,1460.0
democratic_republic_of_the_congo,1995,10.000
democratic_republic_of_the_congo,1996,10.000
democratic_republic_of_the_congo,1997,10.000
democratic_republic_of_the_congo,1998,10.000
democratic_republic_of_the_congo,1999,10.000
democratic_republic_of_the_congo,2000,10.000
democratic_republic_of_the_congo,2001,10.000
democratic_republic_of_the_congo,2002,10.000
democratic_republic_of_the_congo,2003,10.000
democratic_republic_of_the_congo,2004,10.000
democratic_republic_of_the_congo,2005,10.000
democratic_republic_of_the_congo,2006,10.000
democratic_republic_of_the_congo,2007,10.000
democratic_republic_of_the_congo,2008,10.000
democratic_republic_of_the_congo,2009,10.000
democratic_republic_of_the_congo,2010,10.000
democratic_republic_of_the_congo,2011,10.000
democratic_republic_of_the_congo,2012,10.000
democratic_republic_of_the_congo,2013,10.000
democratic_republic_of_the_congo,2014,10.000
democratic_republic_of_the_congo,2015,10.000
democratic_republic_of_the_congo,2016,10.000
democratic_republic_of_the_congo,2017,10.000
democratic_republic_of_the_congo,2018,10.000
democratic_republic_of_the_congo,2019,10.000
democratic_republic_of_the_congo,2020,10.000
democratic_republic_of_the_congo,2021,10.000
democratic_republic_of_the_congo,2022,10.000
denmark,1990,426.50
denmark,1991,436.00
denmark,1992,445.50
denmark,1993,455.00
denmark,1994,467.75
denmark,1995,480.50
denmark,1996,478.25
denmark,1997,476.00
denmark,1998,466.30
denmark,1999,456.60
denmark,2000,446.90
denmark,2001,447.53
denmark,2002,448.17
denmark,2003,448.80
denmark,2004,448.88
denmark,2005,448.95
denmark,2006,442.15
denmark,2007,435.35
denmark,2008,450.38
denmark,2009,465.41
denmark,2010,480.44
denmark,2011,466.62
denmark,2012,452.80
denmark,2013,438.98
denmark,2014,328.54
denmark,2015,218.10
denmark,2016,303.90
denmark,2017,216.00
denmark,2018,228.79
denmark,2019,305.74
denmark,2020,235.89
denmark,2021,226.53
denmark,2022,241.80
djibouti,1989,0.67400
djibouti,1990,0.70780
djibouti,1991,0.74160
djibouti,1992,0.77540
djibouti,1993,0.80920
djibouti,1994,0.84300
djibouti,1995,0.87680
djibouti,1996,0.91060
djibouti,1997,0.94440
djibouti,1998,0.97820
djibouti,1999,1.0120
djibouti,2000,1.0120
djibouti,2001,1.0120
djibouti,2002,1.0120
djibouti,2003,1.0120
djibouti,2004,1.0120
djibouti,2005,1.0120
djibouti,2006,1.0120
djibouti,2007,1.0120
djibouti,2008,1.0120
djibouti,2009,1.0120
djibouti,2010,1.0120
djibouti,2011,1.0120
djibouti,2012,1.0120
djibouti,2013,1.0120
djibouti,2014,1.0120
djibouti,2015,1.0120
djibouti,2016,1.0120
djibouti,2017,1.0120
djibouti,2018,1.0120
djibouti,2019,1.0120
djibouti,2020,1.0120
djibouti,2021,1.0120
djibouti,2022,1.0120
dominica,2010,0.20000
dominica,2011,0.20000
dominica,2012,0.20000
dominica,2013,0.20000
dominica,2014,0.20000
dominica,2015,0.20000
dominica,2016,0.20000
dominica,2017,0.20000
dominica,2018,0.20000
dominica,2019,0.20000
dominica,2020,0.20000
dominica,2021,0.20000
dominica,2022,0.20000
dominican_republic,1999,269.70
dominican_republic,2000,270.35
dominican_republic,2001,273.00
dominican_republic,2002,275.65
dominican_republic,2003,278.30
dominican_republic,2004,280.95
dominican_republic,2005,283.60
dominican_republic,2006,286.25
dominican_republic,2007,288.90
dominican_republic,2008,291.55
dominican_republic,2009,306.50
dominican_republic,2010,299.50
dominican_republic,2011,304.80
dominican_republic,2012,310.10
dominican_republic,2013,310.10
dominican_republic,2014,310.10
dominican_republic,2015,310.10
dominican_republic,2016,310.10
dominican_republic,2017,310.10
dominican_republic,2018,310.10
dominican_republic,2019,310.10
dominican_republic,2020,310.10
dominican_republic,2021,310.10
dominican_republic,2022,310.10
eastern_and_south_eastern_asia,2000,78369
eastern_and_south_eastern_asia,2001,82371
eastern_and_south_eastern_asia,2002,83973
eastern_and_south_eastern_asia,2003,85585
eastern_and_south_eastern_asia,2004,87186
eastern_and_south_eastern_asia,2005,88761
eastern_and_south_eastern_asia,2006,90732
eastern_and_south_eastern_asia,2007,91684
eastern_and_south_eastern_asia,2008,92572
eastern_and_south_eastern_asia,2009,93381
eastern_and_south_eastern_asia,2010,94349
eastern_and_south_eastern_asia,2011,95356
eastern_and_south_eastern_asia,2012,96461
eastern_and_south_eastern_asia,2013,97454
eastern_and_south_eastern_asia,2014,98429
eastern_and_south_eastern_asia,2015,99342
eastern_and_south_eastern_asia,2016,100340
eastern_and_south_eastern_asia,2017,101240
eastern_and_south_eastern_asia,2018,102110
eastern_and_south_eastern_asia,2019,102660
eastern_and_south_eastern_asia,2020,103810
eastern_and_south_eastern_asia,2021,103810
eastern_and_south_eastern_asia,2022,103810
eastern_asia,2000,59558
eastern_asia,2001,62601
eastern_asia,2002,63549
eastern_asia,2003,64515
eastern_asia,2004,65471
eastern_asia,2005,66428
eastern_asia,2006,68145
eastern_asia,2007,69059
eastern_asia,2008,69973
eastern_asia,2009,70805
eastern_asia,2010,71801
eastern_asia,2011,72837
eastern_asia,2012,73872
eastern_asia,2013,74908
eastern_asia,2014,75786
eastern_asia,2015,76647
eastern_asia,2016,77532
eastern_asia,2017,78420
eastern_asia,2018,79298
eastern_asia,2019,80143
eastern_asia,2020,80986
eastern_asia,2021,80986
eastern_asia,2022,80986
ecuador,2000,853.40
ecuador,2001,918.06
ecuador,2002,982.72
ecuador,2003,1047.4
ecuador,2004,1112.0
ecuador,2005,1176.7
ecuador,2006,1241.4
ecuador,2007,1306.0
ecuador,2008,1370.7
ecuador,2009,1435.3
ecuador,2010,1500.0
ecuador,2011,1535.0
ecuador,2012,1570.0
ecuador,2013,1605.0
ecuador,2014,1640.0
ecuador,2015,1675.0
ecuador,2016,1710.0
ecuador,2017,1710.0
ecuador,2018,1710.0
ecuador,2019,1710.0
ecuador,2020,1710.0
ecuador,2021,1710.0
ecuador,2022,1710.0
egypt,1993,3246.0
egypt,1994,3265.6
egypt,1995,3285.2
egypt,1996,3304.8
egypt,1997,3324.4
egypt,1998,3343.9
egypt,1999,3363.5
egypt,2000,3383.1
egypt,2001,3402.7
egypt,2002,3422.3
egypt,2003,3445.8
egypt,2004,3469.2
egypt,2005,3492.7
egypt,2006,3516.2
egypt,2007,3539.6
egypt,2008,3563.1
egypt,2009,3586.5
egypt,2010,3610.0
egypt,2011,3620.0
egypt,2012,3696.0
egypt,2013,3761.0
egypt,2014,3745.0
egypt,2015,3820.0
egypt,2016,3823.0
egypt,2017,3823.0
egypt,2018,3823.0
egypt,2019,3823.0
egypt,2020,3823.0
egypt,2021,3823.0
egypt,2022,3823.0
el_salvador,1997,44.989
el_salvador,1998,44.926
el_salvador,1999,44.864
el_salvador,2000,44.801
el_salvador,2001,44.738
el_salvador,2002,44.675
el_salvador,2003,44.613
el_salvador,2004,44.550
el_salvador,2005,44.487
el_salvador,2006,44.424
el_salvador,2007,44.362
el_salvador,2008,44.299
el_salvador,2009,44.236
el_salvador,2010,44.173
el_salvador,2011,44.111
el_salvador,2012,45.230
el_salvador,2013,2370.4
el_salvador,2014,4695.5
el_salvador,2015,7020.6
el_salvador,2016,9345.8
el_salvador,2017,11671
el_salvador,2018,13996
el_salvador,2019,16301
el_salvador,2020,21687
el_salvador,2021,27073
el_salvador,2022,32459
eritrea,1993,4.1000
eritrea,1994,4.1000
eritrea,1995,4.1000
eritrea,1996,4.1000
eritrea,1997,4.1000
eritrea,1998,4.1000
eritrea,1999,4.1000
eritrea,2000,4.1000
eritrea,2001,4.1000
eritrea,2002,4.1000
eritrea,2003,4.1000
eritrea,2004,4.1000
eritrea,2005,4.1000
eritrea,2006,4.1000
eritrea,2007,4.1000
eritrea,2008,4.1000
eritrea,2009,4.1000
eritrea,2010,4.1000
eritrea,2011,4.1000
eritrea,2012,4.1000
eritrea,2013,4.1000
eritrea,2014,4.1000
eritrea,2015,4.1000
eritrea,2016,4.1000
eritrea,2017,4.1000
eritrea,2018,4.1000
eritrea,2019,4.1000
eritrea,2020,4.1000
eritrea,2021,4.1000
eritrea,2022,4.1000
estonia,1995,3.6800
estonia,1996,3.4483
estonia,1997,3.2166
estonia,1998,2.9849
estonia,1999,2.7532
estonia,2000,2.5215
estonia,2001,2.2898
estonia,2002,2.0581
estonia,2003,1.8264
estonia,2004,1.5947
estonia,2005,1.3630
estonia,2006,1.1820
estonia,2007,1.0010
estonia,2008,0.82000
estonia,2009,0.63900
estonia,2010,0.45800
estonia,2011,0.44867
estonia,2012,0.43933
estonia,2013,0.43000
estonia,2014,1.1967
estonia,2015,1.9633
estonia,2016,2.7300
estonia,2017,2.7300
estonia,2018,2.7300
estonia,2019,2.7300
estonia,2020,2.7300
estonia,2021,2.7300
estonia,2022,2.7300
eswatini,2000,49.851
eswatini,2001,49.851
eswatini,2002,49.851
eswatini,2003,49.851
eswatini,2004,49.851
eswatini,2005,49.851
eswatini,2006,49.851
eswatini,2007,49.851
eswatini,2008,49.851
eswatini,2009,49.851
eswatini,2010,49.851
eswatini,2011,49.851
eswatini,2012,49.851
eswatini,2013,49.851
eswatini,2014,49.851
eswatini,2015,49.851
eswatini,2016,49.851
eswatini,2017,49.851
eswatini,2018,49.851
eswatini,2019,49.851
eswatini,2020,49.851
eswatini,2021,49.851
eswatini,2022,49.851
ethiopia,2001,151.20
ethiopia,2002,159.20
ethiopia,2003,167.23
ethiopia,2004,175.30
ethiopia,2005,186.21
ethiopia,2006,197.20
ethiopia,2007,269.69
ethiopia,2008,342.23
ethiopia,2009,414.76
ethiopia,2010,487.40
ethiopia,2011,521.47
ethiopia,2012,555.64
ethiopia,2013,589.81
ethiopia,2014,623.98
ethiopia,2015,658.30
ethiopia,2016,658.16
ethiopia,2017,658.16
ethiopia,2018,658.16
ethiopia,2019,658.16
ethiopia,2020,658.16
ethiopia,2021,658.16
ethiopia,2022,658.16
europe,2000,24954
europe,2001,24260
europe,2002,23144
europe,2003,23437
europe,2004,22114
europe,2005,21971
europe,2006,21558
europe,2007,22029
europe,2008,21556
europe,2009,21044
europe,2010,20774
europe,2011,21419
europe,2012,21896
europe,2013,22109
europe,2014,22226
europe,2015,22354
europe,2016,22633
europe,2017,23090
europe,2018,23662
europe,2019,23594
europe,2020,23702
europe,2021,23640
europe,2022,23564
europe_and_northern_america,2000,51944
europe_and_northern_america,2001,51224
europe_and_northern_america,2002,50081
europe_and_northern_america,2003,47526
europe_and_northern_america,2004,43355
europe_and_northern_america,2005,40363
europe_and_northern_america,2006,38320
europe_and_northern_america,2007,50164
europe_and_northern_america,2008,49704
europe_and_northern_america,2009,49204
europe_and_northern_america,2010,48947
europe_and_northern_america,2011,49469
europe_and_northern_america,2012,49822
europe_and_northern_america,2013,50035
europe_and_northern_america,2014,50152
europe_and_northern_america,2015,50280
europe_and_northern_america,2016,50559
europe_and_northern_america,2017,51016
europe_and_northern_america,2018,51588
europe_and_northern_america,2019,51520
europe_and_northern_america,2020,51628
europe_and_northern_america,2021,51566
europe_and_northern_america,2022,49475
fiji,1998,3.0000
fiji,1999,3.2000
fiji,2000,3.4000
fiji,2001,3.6000
fiji,2002,3.8000
fiji,2003,4.0000
fiji,2004,4.0000
fiji,2005,4.0000
fiji,2006,4.0000
fiji,2007,4.0000
fiji,2008,4.0000
fiji,2009,4.0000
fiji,2010,4.0000
fiji,2011,4.0000
fiji,2012,4.0000
fiji,2013,4.0000
fiji,2014,4.0000
fiji,2015,4.0000
fiji,2016,4.0000
fiji,2017,4.0000
fiji,2018,4.0000
fiji,2019,4.0000
fiji,2020,4.0000
fiji,2021,4.0000
fiji,2022,4.0000
finland,1995,87.890
finland,1996,86.445
finland,1997,85.000
finland,1998,86.047
finland,1999,87.093
finland,2000,88.140
finland,2001,93.360
finland,2002,98.580
finland,2003,103.80
finland,2004,87.150
finland,2005,70.500
finland,2006,73.625
finland,2007,76.750
finland,2008,74.027
finland,2009,71.303
finland,2010,68.580
finland,2011,79.763
finland,2012,90.947
finland,2013,102.13
finland,2014,78.565
finland,2015,55.000
finland,2016,53.970
finland,2017,55.000
finland,2018,60.400
finland,2019,65.800
finland,2020,71.200
finland,2021,71.200
finland,2022,71.200
france,1990,1970.0
france,1991,2078.0
france,1992,2186.0
france,1993,2294.0
france,1994,2402.0
france,1995,2510.0
france,1996,2534.8
france,1997,2559.6
france,1998,2584.4
france,1999,2609.2
france,2000,2634.1
france,2001,2642.9
france,2002,2651.7
france,2003,2660.5
france,2004,2669.4
france,2005,2706.5
france,2006,2660.3
france,2007,2670.3
france,2008,2533.9
france,2009,2425.4
france,2010,2341.2
france,2011,2471.9
france,2012,2627.0
france,2013,2811.4
france,2014,2752.3
france,2015,2722.4
france,2016,2692.5
france,2017,2690.7
france,2018,2690.7
france,2019,2690.7
france,2020,2843.0
france,2021,2843.0
france,2022,2843.0
gabon,1987,3.1500
gabon,1988,3.1500
gabon,1989,3.1500
gabon,1990,3.1500
gabon,1991,3.1500
gabon,1992,3.1500
gabon,1993,3.1500
gabon,1994,3.1500
gabon,1995,3.1500
gabon,1996,3.1500
gabon,1997,3.1500
gabon,1998,3.1500
gabon,1999,3.1500
gabon,2000,3.1500
gabon,2001,3.1500
gabon,2002,3.1500
gabon,2003,3.1500
gabon,2004,3.1500
gabon,2005,3.1500
gabon,2006,3.1500
gabon,2007,3.1500
gabon,2008,3.1500
gabon,2009,3.1500
gabon,2010,3.1500
gabon,2011,3.1500
gabon,2012,3.1500
gabon,2013,3.1500
gabon,2014,3.1500
gabon,2015,3.1500
gabon,2016,3.1500
gabon,2017,3.1500
gabon,2018,3.1500
gabon,2019,3.1500
gabon,2020,3.1500
gabon,2021,3.1500
gabon,2022,3.1500
gambia,1991,1.6700
gambia,1992,1.7299
gambia,1993,1.7897
gambia,1994,1.8496
gambia,1995,1.9095
gambia,1996,1.9694
gambia,1997,2.0293
gambia,1998,2.0891
gambia,1999,2.1490
gambia,2000,2.1490
gambia,2001,2.1490
gambia,2002,2.1490
gambia,2003,2.1490
gambia,2004,2.1490
gambia,2005,2.1490
gambia,2006,2.1490
gambia,2007,2.1490
gambia,2008,2.1490
gambia,2009,2.1490
gambia,2010,2.1490
gambia,2011,5.0000
gambia,2012,2.1490
gambia,2013,2.1490
gambia,2014,2.1490
gambia,2015,2.1490
gambia,2016,2.1490
gambia,2017,2.1490
gambia,2018,2.1490
gambia,2019,2.1490
gambia,2020,2.1490
gambia,2021,2.1490
gambia,2022,2.1490
georgia,1992,357.00
georgia,1993,357.00
georgia,1994,357.00
georgia,1995,357.00
georgia,1996,427.90
georgia,1997,427.90
georgia,1998,427.90
georgia,1999,427.90
georgia,2000,427.90
georgia,2001,427.90
georgia,2002,427.90
georgia,2003,427.90
georgia,2004,427.90
georgia,2005,427.90
georgia,2006,427.90
georgia,2007,456.21
georgia,2008,456.21
georgia,2009,456.21
georgia,2010,456.21
georgia,2011,456.21
georgia,2012,456.21
georgia,2013,456.21
georgia,2014,456.21
georgia,2015,456.21
georgia,2016,456.21
georgia,2017,120.00
georgia,2018,127.00
georgia,2019,130.00
georgia,2020,134.00
georgia,2021,138.20
georgia,2022,142.98
germany,1990,482.00
germany,1991,482.60
germany,1992,483.20
germany,1993,483.80
germany,1994,484.40
germany,1995,485.00
germany,1996,485.00
germany,1997,485.00
germany,1998,485.00
germany,1999,485.00
germany,2000,485.00
germany,2001,490.12
germany,2002,495.23
germany,2003,500.35
germany,2004,505.47
germany,2005,510.58
germany,2006,515.70
germany,2007,546.53
germany,2008,577.37
germany,2009,608.20
germany,2010,639.03
germany,2011,656.44
germany,2012,673.85
germany,2013,691.26
germany,2014,704.84
germany,2015,676.40
germany,2016,676.40
germany,2017,745.89
germany,2018,778.21
germany,2019,768.32
germany,2020,744.37
germany,2021,678.22
germany,2022,612.06
ghana,1994,6.3740
ghana,1995,10.462
ghana,1996,14.549
ghana,1997,18.637
ghana,1998,22.725
ghana,1999,26.812
ghana,2000,30.900
ghana,2001,30.900
ghana,2002,30.900
ghana,2003,30.900
ghana,2004,30.900
ghana,2005,30.900
ghana,2006,30.900
ghana,2007,30.900
ghana,2008,30.900
ghana,2009,30.900
ghana,2010,30.900
ghana,2011,30.900
ghana,2012,30.900
ghana,2013,30.900
ghana,2014,30.900
ghana,2015,30.900
ghana,2016,30.900
ghana,2017,30.900
ghana,2018,30.900
ghana,2019,30.900
ghana,2020,30.900
ghana,2021,30.900
ghana,2022,30.900
greece,1990,1131.0
greece,1991,1165.0
greece,1992,1199.0
greece,1993,1233.0
greece,1994,1234.0
greece,1995,1235.0
greece,1996,1256.0
greece,1997,1277.0
greece,1998,1291.7
greece,1999,1306.3
greece,2000,1321.0
greece,2001,1388.0
greece,2002,1455.0
greece,2003,1522.0
greece,2004,1557.9
greece,2005,1593.8
greece,2006,1574.5
greece,2007,1555.3
greece,2008,1469.3
greece,2009,1383.3
greece,2010,1297.3
greece,2011,1370.5
greece,2012,1443.7
greece,2013,1516.9
greece,2014,1516.9
greece,2015,1516.9
greece,2016,1516.9
greece,2017,1516.9
greece,2018,1516.9
greece,2019,1516.9
greece,2020,1516.9
greece,2021,1516.9
greece,2022,1516.9
grenada,1997,0.21900
grenada,1998,0.23227
grenada,1999,0.24555
grenada,2000,0.25882
grenada,2001,0.27209
grenada,2002,0.28536
grenada,2003,0.29864
grenada,2004,0.31191
grenada,2005,0.32518
grenada,2006,0.33845
grenada,2007,0.35173
grenada,2008,0.36500
grenada,2009,0.36500
grenada,2010,0.36500
grenada,2011,0.36500
grenada,2012,0.36500
grenada,2013,0.36500
grenada,2014,0.36500
grenada,2015,0.36500
grenada,2016,0.36500
grenada,2017,0.36500
grenada,2018,0.36500
grenada,2019,0.36500
grenada,2020,0.36500
grenada,2021,0.36500
grenada,2022,0.36500
guatemala,1997,129.80
guatemala,1998,141.27
guatemala,1999,152.73
guatemala,2000,164.20
guatemala,2001,175.67
guatemala,2002,187.13
guatemala,2003,312.11
guatemala,2004,314.93
guatemala,2005,317.75
guatemala,2006,320.57
guatemala,2007,323.39
guatemala,2008,326.22
guatemala,2009,329.04
guatemala,2010,331.86
guatemala,2011,334.68
guatemala,2012,337.50
guatemala,2013,337.50
guatemala,2014,337.50
guatemala,2015,337.50
guatemala,2016,337.50
guatemala,2017,337.50
guatemala,2018,337.50
guatemala,2019,337.50
guatemala,2020,337.50
guatemala,2021,337.50
guatemala,2022,337.50
guinea,1994,15.544
guinea,1995,16.213
guinea,1996,16.883
guinea,1997,17.552
guinea,1998,18.222
guinea,1999,18.891
guinea,2000,19.561
guinea,2001,20.390
guinea,2002,20.390
guinea,2003,20.390
guinea,2004,20.390
guinea,2005,20.390
guinea,2006,20.390
guinea,2007,20.390
guinea,2008,20.390
guinea,2009,20.390
guinea,2010,20.390
guinea,2011,20.390
guinea,2012,20.390
guinea,2013,20.390
guinea,2014,20.390
guinea,2015,20.390
guinea,2016,20.390
guinea,2017,20.390
guinea,2018,20.390
guinea,2019,20.390
guinea,2020,20.390
guinea,2021,20.390
guinea,2022,20.390
guinea_bissau,1994,5.1100
guinea_bissau,1995,6.8360
guinea_bissau,1996,8.5620
guinea_bissau,1997,8.5620
guinea_bissau,1998,8.5620
guinea_bissau,1999,8.5620
guinea_bissau,2000,8.5620
guinea_bissau,2001,8.5620
guinea_bissau,2002,8.5620
guinea_bissau,2003,8.5620
guinea_bissau,2004,8.5620
guinea_bissau,2005,8.5620
guinea_bissau,2006,8.5620
guinea_bissau,2007,8.5620
guinea_bissau,2008,8.5620
guinea_bissau,2009,8.5620
guinea_bissau,2010,8.5620
guinea_bissau,2011,8.5620
guinea_bissau,2012,8.5620
guinea_bissau,2013,8.5620
guinea_bissau,2014,8.5620
guinea_bissau,2015,8.5620
guinea_bissau,2016,8.5620
guinea_bissau,2017,8.5620
guinea_bissau,2018,8.5620
guinea_bissau,2019,8.5620
guinea_bissau,2020,8.5620
guinea_bissau,2021,8.5620
guinea_bissau,2022,8.5620
guyana,1991,150.10
guyana,1992,149.76
guyana,1993,149.42
guyana,1994,149.09
guyana,1995,148.75
guyana,1996,148.41
guyana,1997,148.07
guyana,1998,147.73
guyana,1999,147.40
guyana,2000,147.06
guyana,2001,146.72
guyana,2002,146.38
guyana,2003,146.04
guyana,2004,145.70
guyana,2005,145.37
guyana,2006,145.03
guyana,2007,144.69
guyana,2008,144.35
guyana,2009,144.01
guyana,2010,143.68
guyana,2011,143.34
guyana,2012,143.00
guyana,2013,143.00
guyana,2014,143.00
guyana,2015,143.00
guyana,2016,143.00
guyana,2017,143.00
guyana,2018,143.00
guyana,2019,143.00
guyana,2020,143.00
guyana,2021,143.00
guyana,2022,143.00
haiti,1991,91.500
haiti,1992,91.500
haiti,1993,91.500
haiti,1994,91.500
haiti,1995,91.500
haiti,1996,91.500
haiti,1997,91.500
haiti,1998,91.500
haiti,1999,91.500
haiti,2000,91.500
haiti,2001,91.500
haiti,2002,91.500
haiti,2003,91.500
haiti,2004,91.500
haiti,2005,91.500
haiti,2006,91.500
haiti,2007,91.500
haiti,2008,91.500
haiti,2009,97.000
haiti,2010,91.500
haiti,2011,91.500
haiti,2012,91.500
haiti,2013,91.500
haiti,2014,91.500
haiti,2015,91.500
haiti,2016,91.500
haiti,2017,91.500
haiti,2018,91.500
haiti,2019,91.500
haiti,2020,91.500
haiti,2021,91.500
haiti,2022,91.500
honduras,1990,71.000
honduras,1991,73.210
honduras,1992,73.210
honduras,1993,73.210
honduras,1994,73.210
honduras,1995,73.210
honduras,1996,73.210
honduras,1997,73.210
honduras,1998,73.210
honduras,1999,73.210
honduras,2000,73.210
honduras,2001,73.210
honduras,2002,73.210
honduras,2003,73.210
honduras,2004,73.210
honduras,2005,83.000
honduras,2006,73.210
honduras,2007,87.850
honduras,2008,73.210
honduras,2009,89.700
honduras,2010,73.210
honduras,2011,73.210
honduras,2012,73.210
honduras,2013,73.210
honduras,2014,73.210
honduras,2015,73.210
honduras,2016,73.210
honduras,2017,73.210
honduras,2018,73.210
honduras,2019,73.210
honduras,2020,73.210
honduras,2021,73.210
honduras,2022,73.210
hungary,1995,210.00
hungary,1996,228.10
hungary,1997,246.20
hungary,1998,264.30
hungary,1999,237.70
hungary,2000,235.50
hungary,2001,231.20
hungary,2002,210.20
hungary,2003,208.40
hungary,2004,159.10
hungary,2005,152.75
hungary,2006,146.84
hungary,2007,140.94
hungary,2008,172.49
hungary,2009,204.09
hungary,2010,235.75
hungary,2011,181.00
hungary,2012,180.60
hungary,2013,196.10
hungary,2014,184.80
hungary,2015,174.30
hungary,2016,230.00
hungary,2017,157.43
hungary,2018,158.00
hungary,2019,147.00
hungary,2020,165.00
hungary,2021,180.00
hungary,2022,214.00
india,1962,26373
india,1963,26803
india,1964,27234
india,1965,27664
india,1966,28095
india,1967,28525
india,1968,29509
india,1969,30492
india,1970,31476
india,1971,32459
india,1972,33443
india,1973,34309
india,1974,35175
india,1975,36040
india,1976,36906
india,1977,37772
india,1978,38692
india,1979,39612
india,1980,40531
india,1981,41451
india,1982,42371
india,1983,43218
india,1984,44065
india,1985,44911
india,1986,45758
india,1987,46605
india,1988,47188
india,1989,47770
india,1990,48353
india,1991,48936
india,1992,49518
india,1993,50101
india,1994,51484
india,1995,52866
india,1996,54249
india,1997,55781
india,1998,57313
india,1999,58845
india,2000,60376
india,2001,61908
india,2002,62593
india,2003,63278
india,2004,63962
india,2005,64646
india,2006,65209
india,2007,65771
india,2008,66334
india,2009,67147
india,2010,67960
india,2011,68774
india,2012,69587
india,2013,70400
india,2014,70400
india,2015,70400
india,2016,70400
india,2017,70400
india,2018,70400
india,2019,70400
india,2020,70400
india,2021,70400
india,2022,70400
indonesia,1980,4107.0
indonesia,1981,4127.1
indonesia,1982,4147.1
indonesia,1983,4167.2
indonesia,1984,4187.3
indonesia,1985,4207.3
indonesia,1986,4227.4
indonesia,1987,4106.0
indonesia,1988,4267.5
indonesia,1989,4287.6
indonesia,1990,4307.6
indonesia,1991,4327.7
indonesia,1992,4347.8
indonesia,1993,4367.8
indonesia,1994,4387.9
indonesia,1995,4407.9
indonesia,1996,4428.0
indonesia,1997,4682.9
indonesia,1998,4937.8
indonesia,1999,5192.7
indonesia,2000,5447.6
indonesia,2001,5702.4
indonesia,2002,5957.3
indonesia,2003,6212.2
indonesia,2004,6467.1
indonesia,2005,6722.0
indonesia,2006,6722.0
indonesia,2007,6722.0
indonesia,2008,6722.0
indonesia,2009,6722.0
indonesia,2010,6722.0
indonesia,2011,6722.0
indonesia,2012,6722.0
indonesia,2013,6722.0
indonesia,2014,6722.0
indonesia,2015,6722.0
indonesia,2016,6722.0
indonesia,2017,6722.0
indonesia,2018,6722.0
indonesia,2019,6722.0
indonesia,2020,6722.0
indonesia,2021,6722.0
indonesia,2022,6722.0
iran_islamic_republic_of,1993,7263.7
iran_islamic_republic_of,1994,7350.5
iran_islamic_republic_of,1995,7437.4
iran_islamic_republic_of,1996,7524.2
iran_islamic_republic_of,1997,7611.0
iran_islamic_republic_of,1998,7697.9
iran_islamic_republic_of,1999,7784.7
iran_islamic_republic_of,2000,7871.5
iran_islamic_republic_of,2001,7958.3
iran_islamic_republic_of,2002,8045.2
iran_islamic_republic_of,2003,8132.0
iran_islamic_republic_of,2004,8187.0
iran_islamic_republic_of,2005,8242.0
iran_islamic_republic_of,2006,8297.0
iran_islamic_republic_of,2007,8431.3
iran_islamic_republic_of,2008,8565.7
iran_islamic_republic_of,2009,8700.0
iran_islamic_republic_of,2010,8700.0
iran_islamic_republic_of,2011,8700.0
iran_islamic_republic_of,2012,8700.0
iran_islamic_republic_of,2013,8700.0
iran_islamic_republic_of,2014,8700.0
iran_islamic_republic_of,2015,8700.0
iran_islamic_republic_of,2016,8700.0
iran_islamic_republic_of,2017,8700.0
iran_islamic_republic_of,2018,8700.0
iran_islamic_republic_of,2019,8700.0
iran_islamic_republic_of,2020,8700.0
iran_islamic_republic_of,2021,8700.0
iran_islamic_republic_of,2022,8700.0
iraq,1990,3525.0
iraq,1991,3525.0
iraq,1992,3525.0
iraq,1993,3525.0
iraq,1994,3525.0
iraq,1995,3525.0
iraq,1996,3525.0
iraq,1997,3525.0
iraq,1998,3525.0
iraq,1999,3525.0
iraq,2000,3525.0
iraq,2001,3525.0
iraq,2002,3525.0
iraq,2003,3525.0
iraq,2004,3525.0
iraq,2005,3525.0
iraq,2006,3525.0
iraq,2007,3525.0
iraq,2008,3525.0
iraq,2009,3525.0
iraq,2010,3525.0
iraq,2011,3525.0
iraq,2012,3525.0
iraq,2013,3525.0
iraq,2014,3525.0
iraq,2015,3525.0
iraq,2016,3525.0
iraq,2017,3525.0
iraq,2018,3525.0
iraq,2019,3525.0
iraq,2020,3525.0
iraq,2021,3525.0
iraq,2022,3525.0
ireland,1998,1.1000
ireland,1999,0.94286
ireland,2000,0.78571
ireland,2001,0.62857
ireland,2002,0.47143
ireland,2003,0.31429
ireland,2004,0.15714
ireland,2005,0.0000
ireland,2006,0.0000
ireland,2007,0.0000
ireland,2008,0.0000
ireland,2009,0.0000
ireland,2010,0.0000
ireland,2011,0.0000
ireland,2012,0.0000
ireland,2013,0.0000
ireland,2014,0.0000
ireland,2015,0.0000
ireland,2016,0.0000
ireland,2017,0.0000
ireland,2018,0.0000
ireland,2019,0.0000
ireland,2020,0.0000
ireland,2021,0.0000
ireland,2022,0.0000
israel,1997,194.00
israel,1998,198.43
israel,1999,202.86
israel,2000,207.29
israel,2001,211.71
israel,2002,216.14
israel,2003,220.57
israel,2004,225.00
israel,2005,225.00
israel,2006,225.00
israel,2007,225.00
israel,2008,225.00
israel,2009,225.00
israel,2010,225.00
israel,2011,225.00
israel,2012,225.00
israel,2013,225.00
israel,2014,225.00
israel,2015,225.00
israel,2016,225.00
israel,2017,225.00
israel,2018,225.00
israel,2019,225.00
israel,2020,225.00
israel,2021,225.00
israel,2022,225.00
italy,1965,3100.0
italy,1966,3106.7
italy,1967,3113.3
italy,1968,3120.0
italy,1969,3126.7
italy,1970,3133.4
italy,1971,3140.0
italy,1972,3146.7
italy,1973,3153.4
italy,1974,3160.0
italy,1975,3166.7
italy,1976,3173.4
italy,1977,3180.1
italy,1978,3186.7
italy,1979,3193.4
italy,1980,3200.1
italy,1981,3217.0
italy,1982,3226.0
italy,1983,3234.9
italy,1984,3243.9
italy,1985,3252.8
italy,1986,3261.8
italy,1987,3279.9
italy,1988,3297.9
italy,1989,3316.0
italy,1990,3858.0
italy,1991,3352.1
italy,1992,3389.5
italy,1993,3648.0
italy,1994,3464.3
italy,1995,2698.0
italy,1996,3539.2
italy,1997,3639.0
italy,1998,3614.0
italy,1999,3651.4
italy,2000,3856.0
italy,2001,3892.0
italy,2002,3763.7
italy,2003,3977.0
italy,2004,3838.5
italy,2005,3973.0
italy,2006,3913.4
italy,2007,3950.8
italy,2008,3878.9
italy,2009,3806.9
italy,2010,3735.0
italy,2011,3824.7
italy,2012,3914.3
italy,2013,4004.0
italy,2014,4044.0
italy,2015,4084.0
italy,2016,4113.1
italy,2017,4677.0
italy,2018,5059.0
italy,2019,4792.0
italy,2020,4804.6
italy,2021,4804.6
italy,2022,4804.6
jamaica,1997,25.216
jamaica,1998,25.636
jamaica,1999,26.057
jamaica,2000,26.477
jamaica,2001,26.897
jamaica,2002,27.318
jamaica,2003,27.738
jamaica,2004,28.158
jamaica,2005,28.578
jamaica,2006,28.999
jamaica,2007,29.419
jamaica,2008,29.839
jamaica,2009,30.260
jamaica,2010,30.680
jamaica,2011,34.474
jamaica,2012,38.267
jamaica,2013,42.060
jamaica,2014,45.854
jamaica,2015,45.854
jamaica,2016,45.854
jamaica,2017,45.854
jamaica,2018,45.854
jamaica,2019,45.854
jamaica,2020,45.854
jamaica,2021,45.854
jamaica,2022,45.854
japan,1990,3031.5
japan,1991,3071.8
japan,1992,3099.9
japan,1993,3128.0
japan,1994,3102.8
japan,1995,3077.5
japan,1996,3052.3
japan,1997,3027.1
japan,1998,3001.8
japan,1999,2976.6
japan,2000,2951.4
japan,2001,2926.2
japan,2002,2900.9
japan,2003,2875.7
japan,2004,2850.5
japan,2005,2825.2
japan,2006,2800.0
japan,2007,2725.0
japan,2008,2650.0
japan,2009,2575.0
japan,2010,2500.0
japan,2011,2546.1
japan,2012,2592.3
japan,2013,2638.4
japan,2014,2684.6
japan,2015,2730.7
japan,2016,2776.9
japan,2017,2823.0
japan,2018,2869.2
japan,2019,2881.9
japan,2020,2893.4
japan,2021,2893.4
japan,2022,2893.4
jordan,1991,64.300
jordan,1992,65.067
jordan,1993,65.833
jordan,1994,66.600
jordan,1995,72.850
jordan,1996,77.160
jordan,1997,77.955
jordan,1998,78.750
jordan,1999,77.830
jordan,2000,76.910
jordan,2001,73.450
jordan,2002,74.930
jordan,2003,71.320
jordan,2004,78.860
jordan,2005,80.050
jordan,2006,83.450
jordan,2007,81.090
jordan,2008,92.840
jordan,2009,94.820
jordan,2010,102.40
jordan,2011,96.450
jordan,2012,95.650
jordan,2013,103.40
jordan,2014,105.00
jordan,2015,103.50
jordan,2016,106.50
jordan,2017,98.553
jordan,2018,90.606
jordan,2019,80.056
jordan,2020,83.319
jordan,2021,89.612
jordan,2022,89.612
kazakhstan,1993,2313.6
kazakhstan,1994,2247.4
kazakhstan,1995,2181.3
kazakhstan,1996,2115.1
kazakhstan,1997,2049.0
kazakhstan,1998,1982.8
kazakhstan,1999,1916.7
kazakhstan,2000,1850.5
kazakhstan,2001,1041.0
kazakhstan,2002,967.10
kazakhstan,2003,1062.0
kazakhstan,2004,1163.0
kazakhstan,2005,1105.0
kazakhstan,2006,1123.0
kazakhstan,2007,1151.0
kazakhstan,2008,1086.0
kazakhstan,2009,1180.0
kazakhstan,2010,1199.8
kazakhstan,2011,1233.2
kazakhstan,2012,1266.5
kazakhstan,2013,1299.9
kazakhstan,2014,1333.3
kazakhstan,2015,1366.6
kazakhstan,2016,1400.0
kazakhstan,2017,1415.0
kazakhstan,2018,1480.0
kazakhstan,2019,1194.0
kazakhstan,2020,1277.0
kazakhstan,2021,1557.6
kazakhstan,2022,1612.8
kenya,1992,66.610
kenya,1993,69.937
kenya,1994,73.265
kenya,1995,76.592
kenya,1996,79.919
kenya,1997,83.246
kenya,1998,86.574
kenya,1999,89.901
kenya,2000,93.228
kenya,2001,96.555
kenya,2002,99.883
kenya,2003,103.21
kenya,2004,109.05
kenya,2005,114.88
kenya,2006,120.72
kenya,2007,126.56
kenya,2008,132.40
kenya,2009,138.23
kenya,2010,144.07
kenya,2011,152.38
kenya,2012,160.68
kenya,2013,168.99
kenya,2014,177.29
kenya,2015,185.59
kenya,2016,193.90
kenya,2017,193.90
kenya,2018,193.90
kenya,2019,193.90
kenya,2020,193.90
kenya,2021,193.90
kenya,2022,193.90
kuwait,1994,4.7700
kuwait,1995,5.1363
kuwait,1996,5.5027
kuwait,1997,5.8690
kuwait,1998,6.2353
kuwait,1999,6.6017
kuwait,2000,6.9680
kuwait,2001,6.9953
kuwait,2002,7.0227
kuwait,2003,7.0500
kuwait,2004,8.0800
kuwait,2005,9.1100
kuwait,2006,10.140
kuwait,2007,10.900
kuwait,2008,11.660
kuwait,2009,12.420
kuwait,2010,13.180
kuwait,2011,13.940
kuwait,2012,14.700
kuwait,2013,15.460
kuwait,2014,16.220
kuwait,2015,16.980
kuwait,2016,16.980
kuwait,2017,16.980
kuwait,2018,16.980
kuwait,2019,16.980
kuwait,2020,16.980
kuwait,2021,16.980
kuwait,2022,16.980
kyrgyzstan,1994,1077.0
kyrgyzstan,1995,1071.9
kyrgyzstan,1996,1066.9
kyrgyzstan,1997,1061.8
kyrgyzstan,1998,1056.8
kyrgyzstan,1999,1051.7
kyrgyzstan,2000,1046.7
kyrgyzstan,2001,1041.6
kyrgyzstan,2002,1036.6
kyrgyzstan,2003,1031.5
kyrgyzstan,2004,1026.5
kyrgyzstan,2005,1021.4
kyrgyzstan,2006,1021.4
kyrgyzstan,2007,1021.4
kyrgyzstan,2008,1021.4
kyrgyzstan,2009,1021.4
kyrgyzstan,2010,1021.0
kyrgyzstan,2011,1021.4
kyrgyzstan,2012,1023.0
kyrgyzstan,2013,1021.4
kyrgyzstan,2014,1021.4
kyrgyzstan,2015,1021.4
kyrgyzstan,2016,1021.4
kyrgyzstan,2017,1021.4
kyrgyzstan,2018,1021.4
kyrgyzstan,2019,1021.4
kyrgyzstan,2020,1021.4
kyrgyzstan,2021,1021.4
kyrgyzstan,2022,1021.4
land_locked_developing_countries,2000,17359
land_locked_developing_countries,2001,16685
land_locked_developing_countries,2002,16703
land_locked_developing_countries,2003,16814
land_locked_developing_countries,2004,16959
land_locked_developing_countries,2005,16874
land_locked_developing_countries,2006,16970
land_locked_developing_countries,2007,17100
land_locked_developing_countries,2008,17133
land_locked_developing_countries,2009,17320
land_locked_developing_countries,2010,17571
land_locked_developing_countries,2011,17668
land_locked_developing_countries,2012,17875
land_locked_developing_countries,2013,17985
land_locked_developing_countries,2014,18116
land_locked_developing_countries,2015,18004
land_locked_developing_countries,2016,18055
land_locked_developing_countries,2017,18208
land_locked_developing_countries,2018,18304
land_locked_developing_countries,2019,18059
land_locked_developing_countries,2020,18040
land_locked_developing_countries,2021,18549
land_locked_developing_countries,2022,18609
lao_people_s_democratic_republic,1995,155.40
lao_people_s_democratic_republic,1996,167.73
lao_people_s_democratic_republic,1997,180.05
lao_people_s_democratic_republic,1998,192.38
lao_people_s_democratic_republic,1999,204.71
lao_people_s_democratic_republic,2000,295.50
lao_people_s_democratic_republic,2001,229.36
lao_people_s_democratic_republic,2002,241.68
lao_people_s_democratic_republic,2003,254.01
lao_people_s_democratic_republic,2004,266.34
lao_people_s_democratic_republic,2005,310.00
lao_people_s_democratic_republic,2006,290.99
lao_people_s_democratic_republic,2007,303.32
lao_people_s_democratic_republic,2008,315.64
lao_people_s_democratic_republic,2009,327.97
lao_people_s_democratic_republic,2010,340.29
lao_people_s_democratic_republic,2011,352.62
lao_people_s_democratic_republic,2012,364.95
lao_people_s_democratic_republic,2013,377.27
lao_people_s_democratic_republic,2014,445.18
lao_people_s_democratic_republic,2015,473.70
lao_people_s_democratic_republic,2016,461.11
lao_people_s_democratic_republic,2017,439.03
lao_people_s_democratic_republic,2018,438.42
lao_people_s_democratic_republic,2019,440.99
lao_people_s_democratic_republic,2020,440.99
lao_people_s_democratic_republic,2021,440.99
lao_people_s_democratic_republic,2022,440.99
latin_america_and_the_caribbean,2000,18345
latin_america_and_the_caribbean,2001,18795
latin_america_and_the_caribbean,2002,19375
latin_america_and_the_caribbean,2003,19926
latin_america_and_the_caribbean,2004,20234
latin_america_and_the_caribbean,2005,20571
latin_america_and_the_caribbean,2006,20868
latin_america_and_the_caribbean,2007,22285
latin_america_and_the_caribbean,2008,22559
latin_america_and_the_caribbean,2009,23661
latin_america_and_the_caribbean,2010,23173
latin_america_and_the_caribbean,2011,23261
latin_america_and_the_caribbean,2012,22972
latin_america_and_the_caribbean,2013,24950
latin_america_and_the_caribbean,2014,27819
latin_america_and_the_caribbean,2015,30100
latin_america_and_the_caribbean,2016,33091
latin_america_and_the_caribbean,2017,34983
latin_america_and_the_caribbean,2018,37261
latin_america_and_the_caribbean,2019,39727
latin_america_and_the_caribbean,2020,45309
latin_america_and_the_caribbean,2021,50799
latin_america_and_the_caribbean,2022,56282
latvia,2000,0.56000
latvia,2001,0.75667
latvia,2002,0.95333
latvia,2003,1.1500
latvia,2004,0.97000
latvia,2005,0.79000
latvia,2006,0.81000
latvia,2007,0.83000
latvia,2008,0.93333
latvia,2009,1.0367
latvia,2010,1.1400
latvia,2011,0.97000
latvia,2012,0.80000
latvia,2013,0.63000
latvia,2014,0.64400
latvia,2015,0.65800
latvia,2016,0.67200
latvia,2017,0.67200
latvia,2018,0.67200
latvia,2019,0.95550
latvia,2020,1.2390
latvia,2021,1.2390
latvia,2022,1.2390
least_developed_countries,2000,15024
least_developed_countries,2001,15303
least_developed_countries,2002,15558
least_developed_countries,2003,15747
least_developed_countries,2004,15978
least_developed_countries,2005,16172
least_developed_countries,2006,16363
least_developed_countries,2007,16481
least_developed_countries,2008,16677
least_developed_countries,2009,16778
least_developed_countries,2010,16988
least_developed_countries,2011,17048
least_developed_countries,2012,17171
least_developed_countries,2013,17292
least_developed_countries,2014,17360
least_developed_countries,2015,17194
least_developed_countries,2016,17185
least_developed_countries,2017,17166
least_developed_countries,2018,17172
least_developed_countries,2019,17181
least_developed_countries,2020,17187
least_developed_countries,2021,17197
least_developed_countries,2022,17197
lebanon,1993,87.500
lebanon,1994,90.802
lebanon,1995,94.103
lebanon,1996,97.405
lebanon,1997,100.71
lebanon,1998,104.01
lebanon,1999,105.08
lebanon,2000,106.15
lebanon,2001,107.22
lebanon,2002,108.29
lebanon,2003,109.36
lebanon,2004,110.44
lebanon,2005,111.51
lebanon,2006,112.58
lebanon,2007,113.65
lebanon,2008,114.72
lebanon,2009,115.79
lebanon,2010,116.86
lebanon,2011,111.49
lebanon,2012,106.12
lebanon,2013,100.75
lebanon,2014,95.373
lebanon,2015,90.000
lebanon,2016,90.000
lebanon,2017,90.000
lebanon,2018,90.000
lebanon,2019,90.000
lebanon,2020,90.000
lebanon,2021,90.000
lebanon,2022,90.000
lesotho,1994,2.7220
lesotho,1995,2.7050
lesotho,1996,2.6880
lesotho,1997,2.6710
lesotho,1998,2.6540
lesotho,1999,2.6370
lesotho,2000,2.6370
lesotho,2001,2.6370
lesotho,2002,2.6370
lesotho,2003,2.6370
lesotho,2004,2.6370
lesotho,2005,2.6370
lesotho,2006,2.6370
lesotho,2007,2.6370
lesotho,2008,2.6370
lesotho,2009,2.6370
lesotho,2010,2.6370
lesotho,2011,2.6370
lesotho,2012,2.6370
lesotho,2013,2.6370
lesotho,2014,2.6370
lesotho,2015,2.6370
lesotho,2016,2.6370
lesotho,2017,2.6370
lesotho,2018,2.6370
lesotho,2019,2.6370
lesotho,2020,2.6370
lesotho,2021,2.6370
lesotho,2022,2.6370
liberia,1987,0.10000
liberia,1988,0.10000
liberia,1989,0.10000
liberia,1990,0.10000
liberia,1991,0.10000
liberia,1992,0.10000
liberia,1993,0.10000
liberia,1994,0.10000
liberia,1995,0.10000
liberia,1996,0.10000
liberia,1997,0.10000
liberia,1998,0.10000
liberia,1999,0.10000
liberia,2000,0.10000
liberia,2001,0.10000
liberia,2002,0.10000
liberia,2003,0.10000
liberia,2004,0.10000
liberia,2005,0.10000
liberia,2006,0.10000
liberia,2007,0.10000
liberia,2008,0.10000
liberia,2009,0.10000
liberia,2010,0.10000
liberia,2011,0.10000
liberia,2012,0.10000
liberia,2013,0.10000
liberia,2014,0.10000
liberia,2015,0.10000
liberia,2016,0.10000
liberia,2017,0.10000
liberia,2018,0.10000
liberia,2019,0.10000
liberia,2020,0.10000
liberia,2021,0.10000
liberia,2022,0.10000
libya,1990,470.00
libya,1991,470.00
libya,1992,470.00
libya,1993,470.00
libya,1994,470.00
libya,1995,470.00
libya,1996,470.00
libya,1997,470.00
libya,1998,470.00
libya,1999,470.00
libya,2000,470.00
libya,2001,461.25
libya,2002,452.50
libya,2003,443.75
libya,2004,435.00
libya,2005,426.25
libya,2006,417.50
libya,2007,408.75
libya,2008,400.00
libya,2009,400.00
libya,2010,400.00
libya,2011,400.00
libya,2012,400.00
libya,2013,400.00
libya,2014,400.00
libya,2015,400.00
libya,2016,400.00
libya,2017,400.00
libya,2018,400.00
libya,2019,400.00
libya,2020,400.00
libya,2021,400.00
libya,2022,400.00
lithuania,1993,17.060
lithuania,1994,10.710
lithuania,1995,10.138
lithuania,1996,9.5664
lithuania,1997,8.9945
lithuania,1998,8.4227
lithuania,1999,7.8509
lithuania,2000,7.2791
lithuania,2001,6.7073
lithuania,2002,6.1355
lithuania,2003,5.5636
lithuania,2004,4.9918
lithuania,2005,4.4200
lithuania,2006,4.4420
lithuania,2007,4.4640
lithuania,2008,3.8160
lithuania,2009,3.1680
lithuania,2010,2.5200
lithuania,2011,3.4800
lithuania,2012,4.4400
lithuania,2013,4.0800
lithuania,2014,4.2167
lithuania,2015,4.3533
lithuania,2016,4.4900
lithuania,2017,4.4900
lithuania,2018,4.4900
lithuania,2019,4.4900
lithuania,2020,4.4900
lithuania,2021,4.4900
lithuania,2022,4.4900
luxembourg,2002,0.027000
luxembourg,2003,0.021600
luxembourg,2004,0.016200
luxembourg,2005,0.010800
luxembourg,2006,0.0054000
luxembourg,2007,0.0000
luxembourg,2008,0.0000
luxembourg,2009,0.0000
luxembourg,2010,0.0000
luxembourg,2011,0.0000
luxembourg,2012,0.0000
luxembourg,2013,0.0000
luxembourg,2014,0.0000
luxembourg,2015,0.0000
luxembourg,2016,0.0000
luxembourg,2017,0.0000
luxembourg,2018,0.0000
luxembourg,2019,0.0000
luxembourg,2020,0.0000
luxembourg,2021,0.0000
luxembourg,2022,0.0000
madagascar,2000,831.70
madagascar,2001,831.70
madagascar,2002,831.70
madagascar,2003,831.70
madagascar,2004,831.70
madagascar,2005,831.70
madagascar,2006,831.70
madagascar,2007,831.70
madagascar,2008,831.70
madagascar,2009,831.70
madagascar,2010,831.70
madagascar,2011,831.70
madagascar,2012,831.70
madagascar,2013,904.80
madagascar,2014,831.70
madagascar,2015,831.70
madagascar,2016,831.70
madagascar,2017,831.70
madagascar,2018,831.70
madagascar,2019,831.70
madagascar,2020,831.70
madagascar,2021,831.70
madagascar,2022,831.70
malawi,1992,28.000
malawi,1993,31.375
malawi,1994,34.749
malawi,1995,38.124
malawi,1996,41.498
malawi,1997,44.873
malawi,1998,48.248
malawi,1999,51.622
malawi,2000,54.997
malawi,2001,58.081
malawi,2002,61.165
malawi,2003,64.249
malawi,2004,67.332
malawi,2005,70.416
malawi,2006,73.500
malawi,2007,76.912
malawi,2008,80.324
malawi,2009,83.736
malawi,2010,87.148
malawi,2011,90.560
malawi,2012,96.826
malawi,2013,103.09
malawi,2014,109.36
malawi,2015,115.62
malawi,2016,121.89
malawi,2017,128.15
malawi,2018,134.42
malawi,2019,140.69
malawi,2020,146.95
malawi,2021,157.29
malawi,2022,157.29
malaysia,1979,317.10
malaysia,1980,320.50
malaysia,1981,323.90
malaysia,1982,327.30
malaysia,1983,330.70
malaysia,1984,334.10
malaysia,1985,337.50
malaysia,1986,340.90
malaysia,1987,344.30
malaysia,1988,343.53
malaysia,1989,342.77
malaysia,1990,342.00
malaysia,1991,341.83
malaysia,1992,341.46
malaysia,1993,341.09
malaysia,1994,340.72
malaysia,1995,343.20
malaysia,1996,345.69
malaysia,1997,348.17
malaysia,1998,350.66
malaysia,1999,353.14
malaysia,2000,355.63
malaysia,2001,358.12
malaysia,2002,360.60
malaysia,2003,363.09
malaysia,2004,365.57
malaysia,2005,368.06
malaysia,2006,370.54
malaysia,2007,373.03
malaysia,2008,375.51
malaysia,2009,380.00
malaysia,2010,380.00
malaysia,2011,380.00
malaysia,2012,380.00
malaysia,2013,380.00
malaysia,2014,380.00
malaysia,2015,380.00
malaysia,2016,380.00
malaysia,2017,380.00
malaysia,2018,380.00
malaysia,2019,380.00
malaysia,2020,380.00
malaysia,2021,380.00
malaysia,2022,380.00
maldives,1998,0.0000
maldives,1999,0.0000
maldives,2000,0.0000
maldives,2001,0.0000
maldives,2002,0.0000
maldives,2003,0.0000
maldives,2004,0.0000
maldives,2005,0.0000
maldives,2006,0.0000
maldives,2007,0.0000
maldives,2008,0.0000
maldives,2009,0.0000
maldives,2010,0.0000
maldives,2011,0.0000
maldives,2012,0.0000
maldives,2013,0.0000
maldives,2014,0.0000
maldives,2015,0.0000
maldives,2016,0.0000
maldives,2017,0.0000
maldives,2018,0.0000
maldives,2019,0.0000
maldives,2020,0.0000
maldives,2021,0.0000
maldives,2022,0.0000
mali,1994,78.620
mali,1995,81.779
mali,1996,84.939
mali,1997,88.098
mali,1998,91.258
mali,1999,94.417
mali,2000,97.576
mali,2001,103.88
mali,2002,110.19
mali,2003,116.49
mali,2004,122.80
mali,2005,129.10
mali,2006,135.41
mali,2007,141.71
mali,2008,148.02
mali,2009,154.32
mali,2010,160.63
mali,2011,167.07
mali,2012,167.07
mali,2013,167.07
mali,2014,167.07
mali,2015,167.07
mali,2016,167.07
mali,2017,167.07
mali,2018,167.07
mali,2019,167.07
mali,2020,167.07
mali,2021,167.07
mali,2022,167.07
malta,1990,0.76300
malta,1991,0.81040
malta,1992,0.85780
malta,1993,0.90520
malta,1994,0.95260
malta,1995,1.0000
malta,1996,1.2000
malta,1997,1.4000
malta,1998,1.6000
malta,1999,1.8000
malta,2000,2.0000
malta,2001,2.1000
malta,2002,2.2000
malta,2003,2.3000
malta,2004,2.6600
malta,2005,3.0200
malta,2006,3.1100
malta,2007,3.2000
malta,2008,3.1833
malta,2009,3.1667
malta,2010,3.1500
malta,2011,3.5000
malta,2012,3.8500
malta,2013,4.2000
malta,2014,3.9280
malta,2015,3.6560
malta,2016,3.4800
malta,2017,3.4800
malta,2018,3.4800
malta,2019,3.4800
malta,2020,3.6410
malta,2021,3.6410
malta,2022,3.6410
mauritania,1994,45.010
mauritania,1995,45.010
mauritania,1996,45.010
mauritania,1997,45.010
mauritania,1998,45.010
mauritania,1999,45.010
mauritania,2000,45.010
mauritania,2001,45.010
mauritania,2002,45.010
mauritania,2003,45.010
mauritania,2004,45.010
mauritania,2005,45.010
mauritania,2006,45.010
mauritania,2007,45.010
mauritania,2008,45.010
mauritania,2009,45.010
mauritania,2010,45.010
mauritania,2011,45.010
mauritania,2012,45.010
mauritania,2013,45.010
mauritania,2014,45.010
mauritania,2015,45.010
mauritania,2016,45.010
mauritania,2017,45.010
mauritania,2018,45.010
mauritania,2019,45.010
mauritania,2020,45.010
mauritania,2021,45.010
mauritania,2022,45.010
mauritius,1985,16.720
mauritius,1986,16.839
mauritius,1987,16.959
mauritius,1988,17.078
mauritius,1989,17.198
mauritius,1990,17.317
mauritius,1991,17.436
mauritius,1992,17.556
mauritius,1993,17.675
mauritius,1994,17.309
mauritius,1995,17.308
mauritius,1996,18.297
mauritius,1997,18.287
mauritius,1998,20.054
mauritius,1999,18.881
mauritius,2000,19.505
mauritius,2001,21.632
mauritius,2002,21.224
mauritius,2003,21.623
mauritius,2004,21.419
mauritius,2005,20.657
mauritius,2006,21.427
mauritius,2007,21.319
mauritius,2008,21.453
mauritius,2009,21.545
mauritius,2010,19.844
mauritius,2011,19.882
mauritius,2012,19.458
mauritius,2013,19.171
mauritius,2014,17.179
mauritius,2015,17.183
mauritius,2016,16.810
mauritius,2017,16.460
mauritius,2018,17.360
mauritius,2019,15.640
mauritius,2020,15.846
mauritius,2021,15.333
mauritius,2022,14.295
mexico,1997,6255.9
mexico,1998,6270.6
mexico,1999,6285.3
mexico,2000,6300.0
mexico,2001,6306.7
mexico,2002,6313.3
mexico,2003,6320.0
mexico,2004,6205.8
mexico,2005,6091.5
mexico,2006,5977.3
mexico,2007,5863.1
mexico,2008,5748.9
mexico,2009,6460.0
mexico,2010,5646.2
mexico,2011,5657.8
mexico,2012,5669.4
mexico,2013,5681.0
mexico,2014,6524.0
mexico,2015,6611.0
mexico,2016,7317.7
mexico,2017,7321.9
mexico,2018,7301.9
mexico,2019,7303.7
mexico,2020,7304.7
mexico,2021,7303.1
mexico,2022,7304.2
mongolia,1993,57.300
mongolia,1994,57.300
mongolia,1995,57.300
mongolia,1996,57.300
mongolia,1997,57.300
mongolia,1998,57.300
mongolia,1999,57.300
mongolia,2000,57.300
mongolia,2001,57.300
mongolia,2002,57.300
mongolia,2003,57.300
mongolia,2004,57.300
mongolia,2005,57.300
mongolia,2006,57.300
mongolia,2007,57.300
mongolia,2008,57.300
mongolia,2009,57.300
mongolia,2010,57.300
mongolia,2011,57.300
mongolia,2012,57.300
mongolia,2013,57.300
mongolia,2014,57.300
mongolia,2015,40.790
mongolia,2016,47.000
mongolia,2017,56.720
mongolia,2018,57.300
mongolia,2019,57.300
mongolia,2020,57.300
mongolia,2021,57.300
mongolia,2022,57.300
montenegro,2010,2.4120
montenegro,2011,2.4120
montenegro,2012,2.4120
montenegro,2013,2.4120
montenegro,2014,2.4120
montenegro,2015,2.4120
montenegro,2016,2.4120
montenegro,2017,2.4120
montenegro,2018,2.4120
montenegro,2019,2.4120
montenegro,2020,2.4120
montenegro,2021,2.4120
montenegro,2022,2.4120
morocco,1989,1093.2
morocco,1990,1122.6
morocco,1991,1152.1
morocco,1992,1181.5
morocco,1993,1210.9
morocco,1994,1240.4
morocco,1995,1269.8
morocco,1996,1299.3
morocco,1997,1328.7
morocco,1998,1358.1
morocco,1999,1387.6
morocco,2000,1417.0
morocco,2001,1427.4
morocco,2002,1437.8
morocco,2003,1448.3
morocco,2004,1458.7
morocco,2005,1458.6
morocco,2006,1458.5
morocco,2007,1458.4
morocco,2008,1458.3
morocco,2009,1458.2
morocco,2010,1458.1
morocco,2011,1458.0
morocco,2012,1458.0
morocco,2013,1458.0
morocco,2014,1458.0
morocco,2015,1458.0
morocco,2016,1458.0
morocco,2017,1458.0
morocco,2018,1458.0
morocco,2019,1458.0
morocco,2020,1458.0
morocco,2021,1458.0
morocco,2022,1458.0
mozambique,1987,120.00
mozambique,1988,117.78
mozambique,1989,115.57
mozambique,1990,113.35
mozambique,1991,111.13
mozambique,1992,108.92
mozambique,1993,106.70
mozambique,1994,106.70
mozambique,1995,106.70
mozambique,1996,108.60
mozambique,1997,110.50
mozambique,1998,112.40
mozambique,1999,114.30
mozambique,2000,116.20
mozambique,2001,118.10
mozambique,2002,118.10
mozambique,2003,118.10
mozambique,2004,118.10
mozambique,2005,118.10
mozambique,2006,118.10
mozambique,2007,118.10
mozambique,2008,118.10
mozambique,2009,118.10
mozambique,2010,118.10
mozambique,2011,118.10
mozambique,2012,118.10
mozambique,2013,118.10
mozambique,2014,118.10
mozambique,2015,118.10
mozambique,2016,118.10
mozambique,2017,118.10
mozambique,2018,118.10
mozambique,2019,118.10
mozambique,2020,118.10
mozambique,2021,118.10
mozambique,2022,118.10
myanmar,1962,540.00
myanmar,1963,575.00
myanmar,1964,610.00
myanmar,1965,645.00
myanmar,1966,680.00
myanmar,1967,715.00
myanmar,1968,750.00
myanmar,1969,785.00
myanmar,1970,820.00
myanmar,1971,855.00
myanmar,1972,890.00
myanmar,1973,904.50
myanmar,1974,919.00
myanmar,1975,933.50
myanmar,1976,948.00
myanmar,1977,962.50
myanmar,1978,977.00
myanmar,1979,991.50
myanmar,1980,1006.0
myanmar,1981,1023.0
myanmar,1982,1040.0
myanmar,1983,1045.7
myanmar,1984,1051.3
myanmar,1985,1057.0
myanmar,1986,1056.8
myanmar,1987,1056.6
myanmar,1988,1056.4
myanmar,1989,1056.2
myanmar,1990,1056.0
myanmar,1991,1074.0
myanmar,1992,1092.0
myanmar,1993,1110.0
myanmar,1994,1340.0
myanmar,1995,1555.0
myanmar,1996,1613.7
myanmar,1997,1672.3
myanmar,1998,1563.0
myanmar,1999,1663.0
myanmar,2000,1841.0
myanmar,2001,1883.0
myanmar,2002,1963.0
myanmar,2003,2024.3
myanmar,2004,2083.0
myanmar,2005,2083.0
myanmar,2006,2083.0
myanmar,2007,2083.0
myanmar,2008,2083.0
myanmar,2009,2083.0
myanmar,2010,2083.0
myanmar,2011,2083.0
myanmar,2012,2083.0
myanmar,2013,2083.0
myanmar,2014,2083.0
myanmar,2015,2083.0
myanmar,2016,2083.0
myanmar,2017,2083.0
myanmar,2018,2083.0
myanmar,2019,2083.0
myanmar,2020,2083.0
myanmar,2021,2083.0
myanmar,2022,2083.0
namibia,1992,6.1420
namibia,1993,6.2851
namibia,1994,6.4282
namibia,1995,6.5713
namibia,1996,6.7144
namibia,1997,6.8575
namibia,1998,7.0006
namibia,1999,7.1437
namibia,2000,7.2868
namibia,2001,7.4299
namibia,2002,7.5730
namibia,2003,7.5730
namibia,2004,7.5730
namibia,2005,7.5730
namibia,2006,7.5730
namibia,2007,7.5730
namibia,2008,7.5730
namibia,2009,7.5730
namibia,2010,7.5730
namibia,2011,7.5730
namibia,2012,7.5730
namibia,2013,7.5730
namibia,2014,7.5730
namibia,2015,7.5730
namibia,2016,7.5730
namibia,2017,7.5730
namibia,2018,7.5730
namibia,2019,7.5730
namibia,2020,7.5730
namibia,2021,7.5730
namibia,2022,7.5730
nepal,1980,520.00
nepal,1981,551.95
nepal,1982,583.90
nepal,1983,613.75
nepal,1984,643.60
nepal,1985,673.45
nepal,1986,703.30
nepal,1987,733.15
nepal,1988,763.00
nepal,1989,792.85
nepal,1990,822.70
nepal,1991,852.55
nepal,1992,882.40
nepal,1993,1008.2
nepal,1994,1134.0
nepal,1995,1134.0
nepal,1996,1134.0
nepal,1997,1134.0
nepal,1998,1134.0
nepal,1999,1134.0
nepal,2000,1134.0
nepal,2001,1134.0
nepal,2002,1168.0
nepal,2003,1134.0
nepal,2004,1134.0
nepal,2005,1134.0
nepal,2006,1134.0
nepal,2007,1134.0
nepal,2008,1134.0
nepal,2009,1134.0
nepal,2010,1254.0
nepal,2011,1254.0
nepal,2012,1332.0
nepal,2013,1332.0
nepal,2014,1369.0
nepal,2015,1134.0
nepal,2016,1134.0
nepal,2017,1134.0
nepal,2018,1134.0
nepal,2019,1134.0
nepal,2020,1134.0
nepal,2021,1134.0
nepal,2022,1134.0
netherlands_kingdom_of_the,1993,401.80
netherlands_kingdom_of_the,1994,365.55
netherlands_kingdom_of_the,1995,329.30
netherlands_kingdom_of_the,1996,340.85
netherlands_kingdom_of_the,1997,352.40
netherlands_kingdom_of_the,1998,401.03
netherlands_kingdom_of_the,1999,449.67
netherlands_kingdom_of_the,2000,498.30
netherlands_kingdom_of_the,2001,449.07
netherlands_kingdom_of_the,2002,399.83
netherlands_kingdom_of_the,2003,350.60
netherlands_kingdom_of_the,2004,379.25
netherlands_kingdom_of_the,2005,407.90
netherlands_kingdom_of_the,2006,432.55
netherlands_kingdom_of_the,2007,457.20
netherlands_kingdom_of_the,2008,466.80
netherlands_kingdom_of_the,2009,476.40
netherlands_kingdom_of_the,2010,486.00
netherlands_kingdom_of_the,2011,490.47
netherlands_kingdom_of_the,2012,494.93
netherlands_kingdom_of_the,2013,499.40
netherlands_kingdom_of_the,2014,511.00
netherlands_kingdom_of_the,2015,522.60
netherlands_kingdom_of_the,2016,522.60
netherlands_kingdom_of_the,2017,522.60
netherlands_kingdom_of_the,2018,522.60
netherlands_kingdom_of_the,2019,522.60
netherlands_kingdom_of_the,2020,522.60
netherlands_kingdom_of_the,2021,522.60
netherlands_kingdom_of_the,2022,522.60
new_zealand,1990,280.00
new_zealand,1991,281.00
new_zealand,1992,282.00
new_zealand,1993,283.00
new_zealand,1994,284.00
new_zealand,1995,285.00
new_zealand,1996,285.00
new_zealand,1997,285.00
new_zealand,1998,285.00
new_zealand,1999,285.00
new_zealand,2000,285.00
new_zealand,2001,376.30
new_zealand,2002,467.60
new_zealand,2003,497.94
new_zealand,2004,528.28
new_zealand,2005,558.62
new_zealand,2006,588.96
new_zealand,2007,619.30
new_zealand,2008,659.53
new_zealand,2009,675.09
new_zealand,2010,690.66
new_zealand,2011,706.22
new_zealand,2012,721.79
new_zealand,2013,725.45
new_zealand,2014,729.11
new_zealand,2015,732.77
new_zealand,2016,736.43
new_zealand,2017,740.09
new_zealand,2018,739.63
new_zealand,2019,739.16
new_zealand,2020,739.16
new_zealand,2021,739.16
new_zealand,2022,739.16
nicaragua,1997,61.465
nicaragua,1998,69.659
nicaragua,1999,77.853
nicaragua,2000,86.046
nicaragua,2001,94.240
nicaragua,2002,104.73
nicaragua,2003,115.21
nicaragua,2004,125.70
nicaragua,2005,136.18
nicaragua,2006,146.67
nicaragua,2007,157.16
nicaragua,2008,167.64
nicaragua,2009,178.13
nicaragua,2010,188.61
nicaragua,2011,199.10
nicaragua,2012,181.18
nicaragua,2013,163.26
nicaragua,2014,145.34
nicaragua,2015,127.42
nicaragua,2016,109.50
nicaragua,2017,91.580
nicaragua,2018,91.580
nicaragua,2019,91.580
nicaragua,2020,91.580
nicaragua,2021,91.580
nicaragua,2022,91.580
niger,1989,6.4800
niger,1990,7.1045
niger,1991,7.7291
niger,1992,8.3536
niger,1993,8.9782
niger,1994,9.6027
niger,1995,10.227
niger,1996,10.852
niger,1997,11.476
niger,1998,12.101
niger,1999,12.725
niger,2000,13.350
niger,2001,13.412
niger,2002,13.474
niger,2003,13.536
niger,2004,13.598
niger,2005,13.660
niger,2006,13.673
niger,2007,13.687
niger,2008,13.700
niger,2009,13.713
niger,2010,13.727
niger,2011,13.740
niger,2012,12.827
niger,2013,11.913
niger,2014,11.020
niger,2015,14.080
niger,2016,15.080
niger,2017,15.440
niger,2018,15.440
niger,2019,15.440
niger,2020,15.440
niger,2021,15.440
niger,2022,15.440
nigeria,1991,219.60
nigeria,1992,221.34
nigeria,1993,223.09
nigeria,1994,224.83
nigeria,1995,226.58
nigeria,1996,228.32
nigeria,1997,230.07
nigeria,1998,231.81
nigeria,1999,233.56
nigeria,2000,235.30
nigeria,2001,236.01
nigeria,2002,236.72
nigeria,2003,237.44
nigeria,2004,238.15
nigeria,2005,238.15
nigeria,2006,238.15
nigeria,2007,238.15
nigeria,2008,238.15
nigeria,2009,238.15
nigeria,2010,232.10
nigeria,2011,238.15
nigeria,2012,238.15
nigeria,2013,238.15
nigeria,2014,238.15
nigeria,2015,238.15
nigeria,2016,238.15
nigeria,2017,238.15
nigeria,2018,238.15
nigeria,2019,238.15
nigeria,2020,238.15
nigeria,2021,238.15
nigeria,2022,238.15
north_macedonia,1995,61.000
north_macedonia,1996,59.000
north_macedonia,1997,57.000
north_macedonia,1998,55.000
north_macedonia,1999,55.000
north_macedonia,2000,55.000
north_macedonia,2001,73.200
north_macedonia,2002,91.400
north_macedonia,2003,109.60
north_macedonia,2004,127.80
north_macedonia,2005,127.80
north_macedonia,2006,127.80
north_macedonia,2007,127.80
north_macedonia,2008,127.80
north_macedonia,2009,127.80
north_macedonia,2010,127.80
north_macedonia,2011,127.80
north_macedonia,2012,127.80
north_macedonia,2013,127.80
north_macedonia,2014,127.80
north_macedonia,2015,127.80
north_macedonia,2016,127.80
north_macedonia,2017,127.80
north_macedonia,2018,127.80
north_macedonia,2019,127.80
north_macedonia,2020,127.80
north_macedonia,2021,127.80
north_macedonia,2022,127.80
northern_africa,2000,7874.0
northern_africa,2001,7906.6
northern_africa,2002,7989.8
northern_africa,2003,8076.9
northern_africa,2004,8181.9
northern_africa,2005,8276.3
northern_africa,2006,8370.8
northern_africa,2007,8451.1
northern_africa,2008,8527.6
northern_africa,2009,8623.0
northern_africa,2010,8718.4
northern_africa,2011,8800.4
northern_africa,2012,8916.5
northern_africa,2013,8986.9
northern_africa,2014,8976.2
northern_africa,2015,9056.6
northern_africa,2016,9114.6
northern_africa,2017,9183.7
northern_africa,2018,9124.0
northern_africa,2019,9130.0
northern_africa,2020,9132.0
northern_africa,2021,9132.0
northern_africa,2022,9132.0
northern_africa_and_western_asia,2000,22002
northern_africa_and_western_asia,2001,22187
northern_africa_and_western_asia,2002,22435
northern_africa_and_western_asia,2003,22651
northern_africa_and_western_asia,2004,22873
northern_africa_and_western_asia,2005,23139
northern_africa_and_western_asia,2006,23435
northern_africa_and_western_asia,2007,23738
northern_africa_and_western_asia,2008,23989
northern_africa_and_western_asia,2009,24165
northern_africa_and_western_asia,2010,24574
northern_africa_and_western_asia,2011,24859
northern_africa_and_western_asia,2012,25189
northern_africa_and_western_asia,2013,24985
northern_africa_and_western_asia,2014,24693
northern_africa_and_western_asia,2015,24480
northern_africa_and_western_asia,2016,24111
northern_africa_and_western_asia,2017,23420
northern_africa_and_western_asia,2018,22921
northern_africa_and_western_asia,2019,22490
northern_africa_and_western_asia,2020,22120
northern_africa_and_western_asia,2021,22083
northern_africa_and_western_asia,2022,22147
northern_america,2000,26990
northern_america,2001,26964
northern_america,2002,26937
northern_america,2003,24089
northern_america,2004,21241
northern_america,2005,18392
northern_america,2006,16762
northern_america,2007,28135
northern_america,2008,28148
northern_america,2009,28160
northern_america,2010,28173
northern_america,2011,28050
northern_america,2012,27926
northern_america,2013,27926
northern_america,2014,27926
northern_america,2015,27926
northern_america,2016,27926
northern_america,2017,27926
northern_america,2018,27926
northern_america,2019,27926
northern_america,2020,27926
northern_america,2021,27926
northern_america,2022,25911
norway,1990,97.000
norway,1991,103.00
norway,1992,109.00
norway,1993,115.00
norway,1994,121.00
norway,1995,127.00
norway,1996,128.48
norway,1997,129.96
norway,1998,131.44
norway,1999,132.92
norway,2000,134.40
norway,2001,130.93
norway,2002,127.47
norway,2003,124.00
norway,2004,121.00
norway,2005,118.00
norway,2006,116.45
norway,2007,114.90
norway,2008,107.68
norway,2009,100.47
norway,2010,93.250
norway,2011,91.803
norway,2012,90.357
norway,2013,88.910
norway,2014,88.910
norway,2015,88.910
norway,2016,88.910
norway,2017,88.910
norway,2018,88.910
norway,2019,88.910
norway,2020,88.910
norway,2021,88.910
norway,2022,88.910
oceania,2000,2672.8
oceania,2001,2818.0
oceania,2002,2963.2
oceania,2003,3047.4
oceania,2004,3078.1
oceania,2005,3108.7
oceania,2006,3139.4
oceania,2007,3130.0
oceania,2008,3130.4
oceania,2009,3106.1
oceania,2010,3081.9
oceania,2011,3057.6
oceania,2012,3033.4
oceania,2013,2997.3
oceania,2014,2961.1
oceania,2015,2925.0
oceania,2016,2888.8
oceania,2017,2988.3
oceania,2018,3042.3
oceania,2019,2698.4
oceania,2020,2264.5
oceania,2021,2688.5
oceania,2022,2719.8
oceania_excluding_australia_and_new_zealand,2000,3.8379
oceania_excluding_australia_and_new_zealand,2001,4.0379
oceania_excluding_australia_and_new_zealand,2002,4.2379
oceania_excluding_australia_and_new_zealand,2003,4.4379
oceania_excluding_australia_and_new_zealand,2004,4.4379
oceania_excluding_australia_and_new_zealand,2005,4.4379
oceania_excluding_australia_and_new_zealand,2006,4.4379
oceania_excluding_australia_and_new_zealand,2007,4.4733
oceania_excluding_australia_and_new_zealand,2008,4.4733
oceania_excluding_australia_and_new_zealand,2009,4.4733
oceania_excluding_australia_and_new_zealand,2010,4.4733
oceania_excluding_australia_and_new_zealand,2011,4.4733
oceania_excluding_australia_and_new_zealand,2012,4.4733
oceania_excluding_australia_and_new_zealand,2013,4.4733
oceania_excluding_australia_and_new_zealand,2014,4.4733
oceania_excluding_australia_and_new_zealand,2015,4.4733
oceania_excluding_australia_and_new_zealand,2016,4.4733
oceania_excluding_australia_and_new_zealand,2017,4.4733
oceania_excluding_australia_and_new_zealand,2018,4.4733
oceania_excluding_australia_and_new_zealand,2019,4.4733
oceania_excluding_australia_and_new_zealand,2020,4.4733
oceania_excluding_australia_and_new_zealand,2021,4.4733
oceania_excluding_australia_and_new_zealand,2022,4.4733
oman,1980,41.020
oman,1981,43.534
oman,1982,46.048
oman,1983,48.562
oman,1984,51.076
oman,1985,53.590
oman,1986,54.434
oman,1987,55.278
oman,1988,56.122
oman,1989,56.966
oman,1990,57.810
oman,1991,59.057
oman,1992,60.303
oman,1993,61.550
oman,1994,61.305
oman,1995,61.059
oman,1996,60.814
oman,1997,60.569
oman,1998,60.324
oman,1999,60.078
oman,2000,59.833
oman,2001,59.588
oman,2002,59.343
oman,2003,59.097
oman,2004,58.852
oman,2005,61.802
oman,2006,64.752
oman,2007,67.701
oman,2008,70.651
oman,2009,73.601
oman,2010,76.551
oman,2011,79.501
oman,2012,82.451
oman,2013,85.400
oman,2014,88.350
oman,2015,91.300
oman,2016,94.400
oman,2017,100.90
oman,2018,94.800
oman,2019,93.900
oman,2020,107.10
oman,2021,123.03
oman,2022,123.03
pakistan,1990,14417
pakistan,1991,14726
pakistan,1992,15036
pakistan,1993,15345
pakistan,1994,15654
pakistan,1995,15964
pakistan,1996,16273
pakistan,1997,16583
pakistan,1998,16892
pakistan,1999,17201
pakistan,2000,17511
pakistan,2001,17820
pakistan,2002,18027
pakistan,2003,18234
pakistan,2004,18441
pakistan,2005,18649
pakistan,2006,18856
pakistan,2007,19063
pakistan,2008,19270
pakistan,2009,19270
pakistan,2010,19270
pakistan,2011,19270
pakistan,2012,19270
pakistan,2013,19270
pakistan,2014,19270
pakistan,2015,19270
pakistan,2016,19270
pakistan,2017,19270
pakistan,2018,19270
pakistan,2019,19270
pakistan,2020,19270
pakistan,2021,19270
pakistan,2022,19270
palestine,2001,20.070
palestine,2002,22.035
palestine,2003,24.000
palestine,2004,31.385
palestine,2005,38.769
palestine,2006,46.154
palestine,2007,53.538
palestine,2008,60.923
palestine,2009,68.308
palestine,2010,75.692
palestine,2011,83.077
palestine,2012,90.462
palestine,2013,97.846
palestine,2014,105.23
palestine,2015,112.62
palestine,2016,120.00
palestine,2017,121.00
palestine,2018,124.00
palestine,2019,126.00
palestine,2020,140.00
palestine,2021,28.900
palestine,2022,28.900
panama,1997,34.624
panama,1998,34.417
panama,1999,34.210
panama,2000,34.003
panama,2001,33.796
panama,2002,33.589
panama,2003,33.382
panama,2004,33.175
panama,2005,32.968
panama,2006,32.761
panama,2007,32.554
panama,2008,32.347
panama,2009,32.140
panama,2010,32.140
panama,2011,32.140
panama,2012,32.140
panama,2013,32.140
panama,2014,32.140
panama,2015,32.140
panama,2016,32.140
panama,2017,32.140
panama,2018,32.140
panama,2019,32.140
panama,2020,32.140
panama,2021,32.140
panama,2022,32.140
papua_new_guinea,1997,0.0000
papua_new_guinea,1998,0.0000
papua_new_guinea,1999,0.0000
papua_new_guinea,2000,0.0000
papua_new_guinea,2001,0.0000
papua_new_guinea,2002,0.0000
papua_new_guinea,2003,0.0000
papua_new_guinea,2004,0.0000
papua_new_guinea,2005,0.0000
papua_new_guinea,2006,0.0000
papua_new_guinea,2007,0.0000
papua_new_guinea,2008,0.0000
papua_new_guinea,2009,0.0000
papua_new_guinea,2010,0.0000
papua_new_guinea,2011,0.0000
papua_new_guinea,2012,0.0000
papua_new_guinea,2013,0.0000
papua_new_guinea,2014,0.0000
papua_new_guinea,2015,0.0000
papua_new_guinea,2016,0.0000
papua_new_guinea,2017,0.0000
papua_new_guinea,2018,0.0000
papua_new_guinea,2019,0.0000
papua_new_guinea,2020,0.0000
papua_new_guinea,2021,0.0000
papua_new_guinea,2022,0.0000
paraguay,1998,67.000
paraguay,1999,71.943
paraguay,2000,76.886
paraguay,2001,81.829
paraguay,2002,86.771
paraguay,2003,91.714
paraguay,2004,96.657
paraguay,2005,101.60
paraguay,2006,106.54
paraguay,2007,111.49
paraguay,2008,116.43
paraguay,2009,121.37
paraguay,2010,126.31
paraguay,2011,131.26
paraguay,2012,136.20
paraguay,2013,136.20
paraguay,2014,136.20
paraguay,2015,136.20
paraguay,2016,136.20
paraguay,2017,136.20
paraguay,2018,136.20
paraguay,2019,136.20
paraguay,2020,136.20
paraguay,2021,136.20
paraguay,2022,136.20
peru,1961,1016.0
peru,1962,1039.5
peru,1963,1062.9
peru,1964,1086.4
peru,1965,1109.8
peru,1966,1133.3
peru,1967,1156.7
peru,1968,1180.2
peru,1969,1203.6
peru,1970,1227.1
peru,1971,1250.5
peru,1972,1274.0
peru,1973,1294.7
peru,1974,1315.4
peru,1975,1336.0
peru,1976,1356.7
peru,1977,1377.4
peru,1978,1398.1
peru,1979,1418.8
peru,1980,1439.5
peru,1981,1460.1
peru,1982,1480.8
peru,1983,1501.5
peru,1984,1522.2
peru,1985,1542.9
peru,1986,1563.5
peru,1987,1584.2
peru,1988,1604.9
peru,1989,1625.6
peru,1990,1646.3
peru,1991,1667.0
peru,1992,1687.6
peru,1993,1708.3
peru,1994,1729.0
peru,1995,1776.6
peru,1996,1823.9
peru,1997,1871.1
peru,1998,1918.3
peru,1999,1965.6
peru,2000,2012.8
peru,2001,2060.1
peru,2002,2107.3
peru,2003,2154.6
peru,2004,2201.8
peru,2005,2249.1
peru,2006,2296.3
peru,2007,2343.5
peru,2008,2390.8
peru,2009,2438.0
peru,2010,2485.3
peru,2011,2532.5
peru,2012,2580.0
peru,2013,2579.8
peru,2014,2579.8
peru,2015,2579.8
peru,2016,2579.8
peru,2017,2579.8
peru,2018,2579.8
peru,2019,2579.8
peru,2020,2579.8
peru,2021,2579.8
peru,2022,2579.8
philippines,1982,1301.0
philippines,1983,1325.2
philippines,1984,1349.4
philippines,1985,1373.6
philippines,1986,1397.8
philippines,1987,1422.0
philippines,1988,1443.3
philippines,1989,1464.7
philippines,1990,1486.0
philippines,1991,1507.3
philippines,1992,1528.7
philippines,1993,1550.0
philippines,1994,1574.2
philippines,1995,1598.3
philippines,1996,1622.5
philippines,1997,1646.6
philippines,1998,1670.8
philippines,1999,1694.9
philippines,2000,1719.1
philippines,2001,1743.2
philippines,2002,1767.4
philippines,2003,1791.5
philippines,2004,1815.7
philippines,2005,1839.8
philippines,2006,1879.4
philippines,2007,1838.7
philippines,2008,1798.1
philippines,2009,1757.4
philippines,2010,1716.7
philippines,2011,1676.0
philippines,2012,1734.0
philippines,2013,1679.0
philippines,2014,1708.0
philippines,2015,1731.0
philippines,2016,1856.0
philippines,2017,1888.0
philippines,2018,1888.0
philippines,2019,1888.0
philippines,2020,1888.0
philippines,2021,1888.0
philippines,2022,1888.0
poland,1966,208.50
poland,1967,230.74
poland,1968,252.99
poland,1969,275.23
poland,1970,297.48
poland,1971,319.72
poland,1972,341.97
poland,1973,364.21
poland,1974,386.46
poland,1975,408.70
poland,1976,394.86
poland,1977,381.02
poland,1978,367.18
poland,1979,353.34
poland,1980,339.50
poland,1981,339.50
poland,1982,339.50
poland,1983,339.50
poland,1984,339.50
poland,1985,339.50
poland,1986,331.90
poland,1987,324.30
poland,1988,316.70
poland,1989,309.10
poland,1990,301.50
poland,1991,281.42
poland,1992,261.34
poland,1993,241.26
poland,1994,221.18
poland,1995,201.10
poland,1996,173.18
poland,1997,145.25
poland,1998,117.33
poland,1999,89.400
poland,2000,89.350
poland,2001,89.300
poland,2002,93.860
poland,2003,98.420
poland,2004,111.31
poland,2005,124.20
poland,2006,119.95
poland,2007,115.71
poland,2008,105.53
poland,2009,95.362
poland,2010,85.200
poland,2011,82.063
poland,2012,78.933
poland,2013,75.810
poland,2014,140.87
poland,2015,205.93
poland,2016,271.02
poland,2017,353.46
poland,2018,435.92
poland,2019,518.39
poland,2020,600.90
poland,2021,600.85
poland,2022,600.85
portugal,1990,877.70
portugal,1991,863.23
portugal,1992,848.77
portugal,1993,834.30
portugal,1994,815.40
portugal,1995,796.50
portugal,1996,797.40
portugal,1997,798.30
portugal,1998,796.20
portugal,1999,794.10
portugal,2000,792.00
portugal,2001,752.93
portugal,2002,713.87
portugal,2003,674.80
portugal,2004,645.90
portugal,2005,617.00
portugal,2006,600.35
portugal,2007,583.70
portugal,2008,578.91
portugal,2009,574.13
portugal,2010,569.34
portugal,2011,564.56
portugal,2012,559.77
portugal,2013,554.99
portugal,2014,550.20
portugal,2015,549.00
portugal,2016,547.80
portugal,2017,547.80
portugal,2018,547.80
portugal,2019,547.80
portugal,2020,547.80
portugal,2021,547.80
portugal,2022,547.80
puerto_rico,1990,14.160
puerto_rico,1991,5.3159
puerto_rico,1992,4.9658
puerto_rico,1993,4.6157
puerto_rico,1994,4.2656
puerto_rico,1995,3.9155
puerto_rico,1996,3.5654
puerto_rico,1997,3.2153
puerto_rico,1998,2.8652
puerto_rico,1999,2.5151
puerto_rico,2000,21.798
puerto_rico,2001,21.846
puerto_rico,2002,21.895
puerto_rico,2003,21.943
puerto_rico,2004,21.992
puerto_rico,2005,22.040
puerto_rico,2006,22.040
puerto_rico,2007,22.040
puerto_rico,2008,22.040
puerto_rico,2009,22.040
puerto_rico,2010,22.040
puerto_rico,2011,22.040
puerto_rico,2012,22.040
puerto_rico,2013,22.040
puerto_rico,2014,22.040
puerto_rico,2015,22.040
puerto_rico,2016,22.040
puerto_rico,2017,22.040
puerto_rico,2018,22.040
puerto_rico,2019,22.040
puerto_rico,2020,22.040
puerto_rico,2021,22.040
puerto_rico,2022,22.040
qatar,1990,5.7060
qatar,1991,7.9773
qatar,1992,10.249
qatar,1993,12.520
qatar,1994,12.572
qatar,1995,12.624
qatar,1996,12.676
qatar,1997,12.727
qatar,1998,12.779
qatar,1999,12.831
qatar,2000,12.883
qatar,2001,12.935
qatar,2002,12.788
qatar,2003,12.641
qatar,2004,12.493
qatar,2005,12.346
qatar,2006,12.199
qatar,2007,12.052
qatar,2008,11.904
qatar,2009,11.757
qatar,2010,11.610
qatar,2011,11.463
qatar,2012,11.316
qatar,2013,11.168
qatar,2014,11.021
qatar,2015,11.805
qatar,2016,11.021
qatar,2017,11.590
qatar,2018,13.203
qatar,2019,13.203
qatar,2020,13.203
qatar,2021,13.203
qatar,2022,13.203
republic_of_korea,1990,984.00
republic_of_korea,1991,968.13
republic_of_korea,1992,952.27
republic_of_korea,1993,936.40
republic_of_korea,1994,920.53
republic_of_korea,1995,904.67
republic_of_korea,1996,888.80
republic_of_korea,1997,888.80
republic_of_korea,1998,888.80
republic_of_korea,1999,888.80
republic_of_korea,2000,888.80
republic_of_korea,2001,888.80
republic_of_korea,2002,880.40
republic_of_korea,2003,888.80
republic_of_korea,2004,888.80
republic_of_korea,2005,888.80
republic_of_korea,2006,888.80
republic_of_korea,2007,888.80
republic_of_korea,2008,888.80
republic_of_korea,2009,806.50
republic_of_korea,2010,888.80
republic_of_korea,2011,888.80
republic_of_korea,2012,888.80
republic_of_korea,2013,888.80
republic_of_korea,2014,888.80
republic_of_korea,2015,888.80
republic_of_korea,2016,888.80
republic_of_korea,2017,888.80
republic_of_korea,2018,888.80
republic_of_korea,2019,888.80
republic_of_korea,2020,888.80
republic_of_korea,2021,888.80
republic_of_korea,2022,888.80
republic_of_moldova,1992,312.00
republic_of_moldova,1993,311.29
republic_of_moldova,1994,310.57
republic_of_moldova,1995,309.86
republic_of_moldova,1996,309.14
republic_of_moldova,1997,308.43
republic_of_moldova,1998,307.71
republic_of_moldova,1999,307.00
republic_of_moldova,2000,299.13
republic_of_moldova,2001,291.26
republic_of_moldova,2002,283.39
republic_of_moldova,2003,275.52
republic_of_moldova,2004,267.65
republic_of_moldova,2005,259.78
republic_of_moldova,2006,251.91
republic_of_moldova,2007,244.04
republic_of_moldova,2008,236.17
republic_of_moldova,2009,228.30
republic_of_moldova,2010,228.30
republic_of_moldova,2011,228.30
republic_of_moldova,2012,228.30
republic_of_moldova,2013,228.30
republic_of_moldova,2014,228.30
republic_of_moldova,2015,228.30
republic_of_moldova,2016,228.30
republic_of_moldova,2017,225.15
republic_of_moldova,2018,222.00
republic_of_moldova,2019,222.00
republic_of_moldova,2020,222.00
republic_of_moldova,2021,222.00
republic_of_moldova,2022,222.00
romania,1970,731.30
romania,1971,879.84
romania,1972,1028.4
romania,1973,1176.9
romania,1974,1325.5
romania,1975,1474.0
romania,1976,1639.4
romania,1977,1804.8
romania,1978,1970.2
romania,1979,2135.6
romania,1980,2301.0
romania,1981,2433.8
romania,1982,2566.6
romania,1983,2699.4
romania,1984,2832.2
romania,1985,2965.0
romania,1986,2977.0
romania,1987,2989.0
romania,1988,3001.0
romania,1989,3013.0
romania,1990,3025.0
romania,1991,3061.0
romania,1992,3097.0
romania,1993,3133.0
romania,1994,3169.0
romania,1995,3205.0
romania,1996,3180.4
romania,1997,3155.8
romania,1998,3131.2
romania,1999,3106.6
romania,2000,3082.0
romania,2001,2284.8
romania,2002,1487.7
romania,2003,1511.0
romania,2004,522.28
romania,2005,808.37
romania,2006,311.78
romania,2007,615.33
romania,2008,240.80
romania,2009,212.10
romania,2010,418.72
romania,2011,155.90
romania,2012,128.40
romania,2013,230.39
romania,2014,112.33
romania,2015,123.75
romania,2016,135.17
romania,2017,334.70
romania,2018,146.59
romania,2019,146.59
romania,2020,146.59
romania,2021,146.59
romania,2022,146.59
russian_federation,1994,5158.0
russian_federation,1995,4926.1
russian_federation,1996,4694.2
russian_federation,1997,4462.3
russian_federation,1998,4230.3
russian_federation,1999,3998.4
russian_federation,2000,3766.5
russian_federation,2001,3534.6
russian_federation,2002,3302.7
russian_federation,2003,3070.8
russian_federation,2004,2838.8
russian_federation,2005,2606.9
russian_federation,2006,2375.0
russian_federation,2007,2553.4
russian_federation,2008,2731.9
russian_federation,2009,2910.3
russian_federation,2010,3088.8
russian_federation,2011,3267.2
russian_federation,2012,3445.7
russian_federation,2013,3624.1
russian_federation,2014,3802.6
russian_federation,2015,3981.0
russian_federation,2016,3962.0
russian_federation,2017,3615.0
russian_federation,2018,3830.0
russian_federation,2019,3830.0
russian_federation,2020,3830.0
russian_federation,2021,3830.0
russian_federation,2022,3830.0
rwanda,1987,2.0000
rwanda,1988,2.1667
rwanda,1989,2.3333
rwanda,1990,2.5000
rwanda,1991,2.6667
rwanda,1992,2.8333
rwanda,1993,3.0000
rwanda,1994,3.1667
rwanda,1995,3.3333
rwanda,1996,3.5000
rwanda,1997,3.5000
rwanda,1998,3.5000
rwanda,1999,3.5000
rwanda,2000,3.5000
rwanda,2001,3.5000
rwanda,2002,3.5000
rwanda,2003,3.5000
rwanda,2004,3.5000
rwanda,2005,3.5000
rwanda,2006,3.5000
rwanda,2007,4.6250
rwanda,2008,3.5000
rwanda,2009,3.5000
rwanda,2010,3.5000
rwanda,2011,3.5000
rwanda,2012,3.5000
rwanda,2013,3.5000
rwanda,2014,3.5000
rwanda,2015,3.5000
rwanda,2016,3.5000
rwanda,2017,3.5000
rwanda,2018,3.5000
rwanda,2019,3.5000
rwanda,2020,3.5000
rwanda,2021,3.5000
rwanda,2022,3.5000
saint_kitts_and_nevis,1997,0.018000
saint_kitts_and_nevis,1998,0.018467
saint_kitts_and_nevis,1999,0.018933
saint_kitts_and_nevis,2000,0.019400
saint_kitts_and_nevis,2001,0.019867
saint_kitts_and_nevis,2002,0.020333
saint_kitts_and_nevis,2003,0.020800
saint_kitts_and_nevis,2004,0.021267
saint_kitts_and_nevis,2005,0.021733
saint_kitts_and_nevis,2006,0.022200
saint_kitts_and_nevis,2007,0.022667
saint_kitts_and_nevis,2008,0.023133
saint_kitts_and_nevis,2009,0.023600
saint_kitts_and_nevis,2010,0.024067
saint_kitts_and_nevis,2011,0.024533
saint_kitts_and_nevis,2012,0.025000
saint_kitts_and_nevis,2013,0.025000
saint_kitts_and_nevis,2014,0.025000
saint_kitts_and_nevis,2015,0.025000
saint_kitts_and_nevis,2016,0.025000
saint_kitts_and_nevis,2017,0.025000
saint_kitts_and_nevis,2018,0.025000
saint_kitts_and_nevis,2019,0.025000
saint_kitts_and_nevis,2020,0.025000
saint_kitts_and_nevis,2021,0.025000
saint_kitts_and_nevis,2022,0.025000
saint_lucia,2007,3.0000
saint_lucia,2008,3.0000
saint_lucia,2009,3.0000
saint_lucia,2010,3.0000
saint_lucia,2011,3.0000
saint_lucia,2012,3.0000
saint_lucia,2013,3.0000
saint_lucia,2014,3.0000
saint_lucia,2015,3.0000
saint_lucia,2016,3.0000
saint_lucia,2017,3.0000
saint_lucia,2018,3.0000
saint_lucia,2019,3.0000
saint_lucia,2020,3.0000
saint_lucia,2021,3.0000
saint_lucia,2022,3.0000
saint_vincent_and_the_grenadines,2003,0.47800
saint_vincent_and_the_grenadines,2004,0.47800
saint_vincent_and_the_grenadines,2005,0.47800
saint_vincent_and_the_grenadines,2006,0.47800
saint_vincent_and_the_grenadines,2007,0.47800
saint_vincent_and_the_grenadines,2008,0.47800
saint_vincent_and_the_grenadines,2009,0.47800
saint_vincent_and_the_grenadines,2010,0.47800
saint_vincent_and_the_grenadines,2011,0.47800
saint_vincent_and_the_grenadines,2012,0.47800
saint_vincent_and_the_grenadines,2013,0.47800
saint_vincent_and_the_grenadines,2014,0.47800
saint_vincent_and_the_grenadines,2015,0.47800
saint_vincent_and_the_grenadines,2016,0.47800
saint_vincent_and_the_grenadines,2017,0.47800
saint_vincent_and_the_grenadines,2018,0.47800
saint_vincent_and_the_grenadines,2019,0.47800
saint_vincent_and_the_grenadines,2020,0.47800
saint_vincent_and_the_grenadines,2021,0.47800
saint_vincent_and_the_grenadines,2022,0.47800
sao_tome_and_principe,1991,9.7000
sao_tome_and_principe,1992,9.5120
sao_tome_and_principe,1993,9.3240
sao_tome_and_principe,1994,9.1360
sao_tome_and_principe,1995,8.9480
sao_tome_and_principe,1996,8.7600
sao_tome_and_principe,1997,8.5720
sao_tome_and_principe,1998,8.3840
sao_tome_and_principe,1999,8.1960
sao_tome_and_principe,2000,8.0080
sao_tome_and_principe,2001,7.8200
sao_tome_and_principe,2002,7.6320
sao_tome_and_principe,2003,7.4440
sao_tome_and_principe,2004,7.2560
sao_tome_and_principe,2005,7.0680
sao_tome_and_principe,2006,6.8800
sao_tome_and_principe,2007,6.6920
sao_tome_and_principe,2008,6.5040
sao_tome_and_principe,2009,6.3160
sao_tome_and_principe,2010,6.1280
sao_tome_and_principe,2011,5.9400
sao_tome_and_principe,2012,5.7520
sao_tome_and_principe,2013,5.5640
sao_tome_and_principe,2014,5.3760
sao_tome_and_principe,2015,5.1880
sao_tome_and_principe,2016,5.0000
sao_tome_and_principe,2017,5.0000
sao_tome_and_principe,2018,5.0000
sao_tome_and_principe,2019,5.0000
sao_tome_and_principe,2020,5.0000
sao_tome_and_principe,2021,5.0000
sao_tome_and_principe,2022,5.0000
saudi_arabia,1992,1608.0
saudi_arabia,1993,1609.0
saudi_arabia,1994,1610.0
saudi_arabia,1995,1611.0
saudi_arabia,1996,1612.0
saudi_arabia,1997,1613.0
saudi_arabia,1998,1614.0
saudi_arabia,1999,1615.0
saudi_arabia,2000,1616.0
saudi_arabia,2001,1617.0
saudi_arabia,2002,1618.0
saudi_arabia,2003,1619.0
saudi_arabia,2004,1620.0
saudi_arabia,2005,1770.8
saudi_arabia,2006,1921.6
saudi_arabia,2007,2072.4
saudi_arabia,2008,2223.2
saudi_arabia,2009,2374.1
saudi_arabia,2010,2524.9
saudi_arabia,2011,2675.7
saudi_arabia,2012,2826.5
saudi_arabia,2013,2977.3
saudi_arabia,2014,3128.1
saudi_arabia,2015,3278.9
saudi_arabia,2016,3278.9
saudi_arabia,2017,3278.9
saudi_arabia,2018,3278.9
saudi_arabia,2019,3278.9
saudi_arabia,2020,3278.9
saudi_arabia,2021,3278.9
saudi_arabia,2022,3278.9
senegal,1994,71.800
senegal,1995,75.650
senegal,1996,79.500
senegal,1997,83.350
senegal,1998,87.200
senegal,1999,91.050
senegal,2000,94.900
senegal,2001,98.750
senegal,2002,102.60
senegal,2003,102.60
senegal,2004,102.60
senegal,2005,102.60
senegal,2006,102.60
senegal,2007,102.60
senegal,2008,102.60
senegal,2009,102.60
senegal,2010,102.60
senegal,2011,102.60
senegal,2012,102.60
senegal,2013,102.60
senegal,2014,102.60
senegal,2015,102.60
senegal,2016,102.60
senegal,2017,102.60
senegal,2018,102.60
senegal,2019,102.60
senegal,2020,102.60
senegal,2021,102.60
senegal,2022,102.60
serbia,2006,86.310
serbia,2007,87.440
serbia,2008,88.570
serbia,2009,89.700
serbia,2010,90.830
serbia,2011,91.960
serbia,2012,87.253
serbia,2013,82.547
serbia,2014,77.840
serbia,2015,76.680
serbia,2016,74.590
serbia,2017,69.700
serbia,2018,52.500
serbia,2019,46.960
serbia,2020,52.500
serbia,2021,52.270
serbia,2022,54.560
seychelles,2003,0.26000
seychelles,2004,0.26000
seychelles,2005,0.26000
seychelles,2006,0.26000
seychelles,2007,0.26000
seychelles,2008,0.26000
seychelles,2009,0.26000
seychelles,2010,0.26000
seychelles,2011,0.26000
seychelles,2012,0.26000
seychelles,2013,0.26000
seychelles,2014,0.26000
seychelles,2015,0.26000
seychelles,2016,0.26000
seychelles,2017,0.26000
seychelles,2018,0.26000
seychelles,2019,0.26000
seychelles,2020,0.26000
seychelles,2021,0.26000
seychelles,2022,0.26000
sierra_leone,1992,1.0000
sierra_leone,1993,1.0000
sierra_leone,1994,1.0000
sierra_leone,1995,1.0000
sierra_leone,1996,1.0000
sierra_leone,1997,1.0000
sierra_leone,1998,1.0000
sierra_leone,1999,1.0000
sierra_leone,2000,1.0000
sierra_leone,2001,1.0000
sierra_leone,2002,1.0000
sierra_leone,2003,1.0000
sierra_leone,2004,1.0000
sierra_leone,2005,1.0000
sierra_leone,2006,1.0000
sierra_leone,2007,1.0000
sierra_leone,2008,1.0000
sierra_leone,2009,1.0000
sierra_leone,2010,1.0000
sierra_leone,2011,1.0000
sierra_leone,2012,1.0000
sierra_leone,2013,1.0000
sierra_leone,2014,1.0000
sierra_leone,2015,1.0000
sierra_leone,2016,1.0000
sierra_leone,2017,1.0000
sierra_leone,2018,1.0000
sierra_leone,2019,1.0000
sierra_leone,2020,1.0000
sierra_leone,2021,1.0000
sierra_leone,2022,1.0000
slovakia,1995,217.00
slovakia,1996,205.33
slovakia,1997,193.67
slovakia,1998,182.00
slovakia,1999,182.50
slovakia,2000,183.00
slovakia,2001,184.67
slovakia,2002,186.33
slovakia,2003,188.00
slovakia,2004,188.50
slovakia,2005,189.00
slovakia,2006,180.50
slovakia,2007,172.00
slovakia,2008,151.00
slovakia,2009,130.00
slovakia,2010,109.00
slovakia,2011,105.88
slovakia,2012,102.76
slovakia,2013,99.640
slovakia,2014,65.468
slovakia,2015,62.210
slovakia,2016,64.422
slovakia,2017,62.814
slovakia,2018,65.459
slovakia,2019,65.500
slovakia,2020,57.300
slovakia,2021,55.400
slovakia,2022,20.300
slovenia,1995,2.0000
slovenia,1996,2.0000
slovenia,1997,2.0000
slovenia,1998,2.0000
slovenia,1999,2.5000
slovenia,2000,3.0000
slovenia,2001,4.0000
slovenia,2002,5.0000
slovenia,2003,6.0000
slovenia,2004,5.5000
slovenia,2005,5.0000
slovenia,2006,7.0000
slovenia,2007,9.0000
slovenia,2008,8.5347
slovenia,2009,8.0693
slovenia,2010,7.6040
slovenia,2011,6.0838
slovenia,2012,4.5635
slovenia,2013,3.0433
slovenia,2014,1.5230
slovenia,2015,2.3600
slovenia,2016,2.3540
slovenia,2017,2.5110
slovenia,2018,2.5520
slovenia,2019,2.6460
slovenia,2020,3.3760
slovenia,2021,4.1290
slovenia,2022,4.4610
small_island_developing_states,2000,1423.5
small_island_developing_states,2001,1409.9
small_island_developing_states,2002,1393.6
small_island_developing_states,2003,1377.1
small_island_developing_states,2004,1359.1
small_island_developing_states,2005,1339.9
small_island_developing_states,2006,1322.1
small_island_developing_states,2007,1306.5
small_island_developing_states,2008,1288.1
small_island_developing_states,2009,1287.5
small_island_developing_states,2010,1252.3
small_island_developing_states,2011,1287.9
small_island_developing_states,2012,1311.9
small_island_developing_states,2013,1315.2
small_island_developing_states,2014,1316.8
small_island_developing_states,2015,1316.6
small_island_developing_states,2016,1316.0
small_island_developing_states,2017,1315.6
small_island_developing_states,2018,1316.5
small_island_developing_states,2019,1314.8
small_island_developing_states,2020,1315.0
small_island_developing_states,2021,1314.5
small_island_developing_states,2022,1313.4
solomon_islands,2007,0.035400
solomon_islands,2008,0.035400
solomon_islands,2009,0.035400
solomon_islands,2010,0.035400
solomon_islands,2011,0.035400
solomon_islands,2012,0.035400
solomon_islands,2013,0.035400
solomon_islands,2014,0.035400
solomon_islands,2015,0.035400
solomon_islands,2016,0.035400
solomon_islands,2017,0.035400
solomon_islands,2018,0.035400
solomon_islands,2019,0.035400
solomon_islands,2020,0.035400
solomon_islands,2021,0.035400
solomon_islands,2022,0.035400
somalia,1984,50.000
somalia,1985,50.000
somalia,1986,50.000
somalia,1987,50.000
somalia,1988,50.000
somalia,1989,50.000
somalia,1990,50.000
somalia,1991,50.000
somalia,1992,50.000
somalia,1993,50.000
somalia,1994,50.000
somalia,1995,50.000
somalia,1996,50.000
somalia,1997,50.000
somalia,1998,50.000
somalia,1999,50.000
somalia,2000,50.000
somalia,2001,50.000
somalia,2002,50.000
somalia,2003,50.000
somalia,2004,50.000
somalia,2005,50.000
somalia,2006,50.000
somalia,2007,50.000
somalia,2008,50.000
somalia,2009,50.000
somalia,2010,50.000
somalia,2011,50.000
somalia,2012,50.000
somalia,2013,50.000
somalia,2014,50.000
somalia,2015,50.000
somalia,2016,50.000
somalia,2017,50.000
somalia,2018,50.000
somalia,2019,50.000
somalia,2020,50.000
somalia,2021,50.000
somalia,2022,50.000
south_africa,1991,1200.0
south_africa,1992,1223.3
south_africa,1993,1246.7
south_africa,1994,1270.0
south_africa,1995,1315.6
south_africa,1996,1361.2
south_africa,1997,1406.8
south_africa,1998,1452.4
south_africa,1999,1498.0
south_africa,2000,1498.0
south_africa,2001,1502.0
south_africa,2002,1506.0
south_africa,2003,1510.0
south_africa,2004,1514.0
south_africa,2005,1518.0
south_africa,2006,1522.0
south_africa,2007,1526.0
south_africa,2008,1530.0
south_africa,2009,1534.0
south_africa,2010,1538.0
south_africa,2011,1601.0
south_africa,2012,1670.0
south_africa,2013,1684.3
south_africa,2014,1698.6
south_africa,2015,1712.8
south_africa,2016,1727.1
south_africa,2017,1741.4
south_africa,2018,1816.5
south_africa,2019,2087.4
south_africa,2020,2127.3
south_africa,2021,2239.8
south_africa,2022,4788.8
south_sudan,2012,28.917
south_sudan,2013,25.733
south_sudan,2014,22.550
south_sudan,2015,19.367
south_sudan,2016,16.183
south_sudan,2017,13.000
south_sudan,2018,13.000
south_sudan,2019,13.000
south_sudan,2020,13.000
south_sudan,2021,13.000
south_sudan,2022,13.000
south_eastern_asia,2000,18810
south_eastern_asia,2001,19771
south_eastern_asia,2002,20423
south_eastern_asia,2003,21070
south_eastern_asia,2004,21715
south_eastern_asia,2005,22333
south_eastern_asia,2006,22588
south_eastern_asia,2007,22625
south_eastern_asia,2008,22599
south_eastern_asia,2009,22576
south_eastern_asia,2010,22547
south_eastern_asia,2011,22519
south_eastern_asia,2012,22589
south_eastern_asia,2013,22547
south_eastern_asia,2014,22643
south_eastern_asia,2015,22695
south_eastern_asia,2016,22807
south_eastern_asia,2017,22817
south_eastern_asia,2018,22817
south_eastern_asia,2019,22514
south_eastern_asia,2020,22819
south_eastern_asia,2021,22819
south_eastern_asia,2022,22819
southern_asia,2000,94946
southern_asia,2001,96975
southern_asia,2002,98089
southern_asia,2003,99134
southern_asia,2004,100180
southern_asia,2005,101230
southern_asia,2006,102150
southern_asia,2007,103160
southern_asia,2008,104160
southern_asia,2009,105110
southern_asia,2010,106040
southern_asia,2011,106850
southern_asia,2012,107740
southern_asia,2013,108560
southern_asia,2014,108590
southern_asia,2015,108360
southern_asia,2016,108360
southern_asia,2017,108360
southern_asia,2018,108360
southern_asia,2019,108360
southern_asia,2020,108360
southern_asia,2021,108360
southern_asia,2022,108360
spain,1990,3402.0
spain,1991,3419.0
spain,1992,3436.0
spain,1993,3453.0
spain,1994,3490.0
spain,1995,3527.0
spain,1996,3580.5
spain,1997,3634.0
spain,1998,3667.7
spain,1999,3701.3
spain,2000,3735.0
spain,2001,3747.3
spain,2002,3759.7
spain,2003,3772.0
spain,2004,3815.0
spain,2005,3858.0
spain,2006,3836.5
spain,2007,3815.0
spain,2008,3818.0
spain,2009,3421.3
spain,2010,3408.0
spain,2011,3473.5
spain,2012,3522.6
spain,2013,3540.6
spain,2014,3605.1
spain,2015,3636.5
spain,2016,3655.4
spain,2017,3733.7
spain,2018,3774.3
spain,2019,3828.7
spain,2020,3759.4
spain,2021,3759.4
spain,2022,3759.4
sri_lanka,1975,429.90
sri_lanka,1976,435.36
sri_lanka,1977,440.82
sri_lanka,1978,446.28
sri_lanka,1979,451.74
sri_lanka,1980,457.20
sri_lanka,1981,465.79
sri_lanka,1982,474.37
sri_lanka,1983,482.96
sri_lanka,1984,491.54
sri_lanka,1985,500.13
sri_lanka,1986,508.71
sri_lanka,1987,517.30
sri_lanka,1988,523.89
sri_lanka,1989,530.48
sri_lanka,1990,537.06
sri_lanka,1991,543.65
sri_lanka,1992,550.24
sri_lanka,1993,556.83
sri_lanka,1994,563.41
sri_lanka,1995,570.00
sri_lanka,1996,570.00
sri_lanka,1997,570.00
sri_lanka,1998,570.00
sri_lanka,1999,570.00
sri_lanka,2000,570.00
sri_lanka,2001,570.00
sri_lanka,2002,570.00
sri_lanka,2003,570.00
sri_lanka,2004,570.00
sri_lanka,2005,570.00
sri_lanka,2006,570.00
sri_lanka,2007,570.00
sri_lanka,2008,570.00
sri_lanka,2009,570.00
sri_lanka,2010,570.00
sri_lanka,2011,570.00
sri_lanka,2012,570.00
sri_lanka,2013,570.00
sri_lanka,2014,570.00
sri_lanka,2015,570.00
sri_lanka,2016,570.00
sri_lanka,2017,570.00
sri_lanka,2018,570.00
sri_lanka,2019,570.00
sri_lanka,2020,570.00
sri_lanka,2021,570.00
sri_lanka,2022,570.00
sub_saharan_africa,2000,3936.4
sub_saharan_africa,2001,4119.1
sub_saharan_africa,2002,4154.0
sub_saharan_africa,2003,4198.7
sub_saharan_africa,2004,4255.2
sub_saharan_africa,2005,4316.8
sub_saharan_africa,2006,4349.4
sub_saharan_africa,2007,4444.0
sub_saharan_africa,2008,4536.4
sub_saharan_africa,2009,4627.8
sub_saharan_africa,2010,4711.4
sub_saharan_africa,2011,4835.9
sub_saharan_africa,2012,4977.5
sub_saharan_africa,2013,5108.0
sub_saharan_africa,2014,5089.3
sub_saharan_africa,2015,5158.3
sub_saharan_africa,2016,5178.0
sub_saharan_africa,2017,5206.3
sub_saharan_africa,2018,5307.6
sub_saharan_africa,2019,5584.4
sub_saharan_africa,2020,5666.9
sub_saharan_africa,2021,5789.2
sub_saharan_africa,2022,8337.2
sudan,2012,1726.0
sudan,2013,1726.0
sudan,2014,1726.0
sudan,2015,1726.0
sudan,2016,1726.0
sudan,2017,1726.0
sudan,2018,1726.0
sudan,2019,1726.0
sudan,2020,1726.0
sudan,2021,1726.0
sudan,2022,1726.0
suriname,1998,51.178
suriname,1999,51.259
suriname,2000,51.339
suriname,2001,51.420
suriname,2002,51.420
suriname,2003,51.420
suriname,2004,51.420
suriname,2005,51.420
suriname,2006,51.420
suriname,2007,51.420
suriname,2008,51.420
suriname,2009,51.420
suriname,2010,51.420
suriname,2011,57.000
suriname,2012,51.420
suriname,2013,51.420
suriname,2014,51.420
suriname,2015,51.420
suriname,2016,51.420
suriname,2017,51.420
suriname,2018,51.420
suriname,2019,51.420
suriname,2020,51.420
suriname,2021,51.420
suriname,2022,51.420
sweden,1990,114.00
sweden,1991,115.74
sweden,1992,117.48
sweden,1993,119.22
sweden,1994,120.96
sweden,1995,122.70
sweden,1996,123.50
sweden,1997,124.30
sweden,1998,128.43
sweden,1999,132.57
sweden,2000,136.70
sweden,2001,153.97
sweden,2002,171.23
sweden,2003,188.50
sweden,2004,177.75
sweden,2005,167.00
sweden,2006,163.34
sweden,2007,159.69
sweden,2008,161.20
sweden,2009,162.72
sweden,2010,164.23
sweden,2011,161.33
sweden,2012,158.42
sweden,2013,155.52
sweden,2014,155.90
sweden,2015,156.28
sweden,2016,156.66
sweden,2017,157.87
sweden,2018,159.08
sweden,2019,160.29
sweden,2020,161.50
sweden,2021,161.50
sweden,2022,161.50
switzerland,2007,55.000
switzerland,2008,57.000
switzerland,2009,59.000
switzerland,2010,61.000
switzerland,2011,59.500
switzerland,2012,58.000
switzerland,2013,56.500
switzerland,2014,55.000
switzerland,2015,53.500
switzerland,2016,52.000
switzerland,2017,52.000
switzerland,2018,52.000
switzerland,2019,52.000
switzerland,2020,52.000
switzerland,2021,52.000
switzerland,2022,52.000
syrian_arab_republic,1993,1013.3
syrian_arab_republic,1994,1045.0
syrian_arab_republic,1995,1076.7
syrian_arab_republic,1996,1108.4
syrian_arab_republic,1997,1140.2
syrian_arab_republic,1998,1171.9
syrian_arab_republic,1999,1203.6
syrian_arab_republic,2000,1235.3
syrian_arab_republic,2001,1267.0
syrian_arab_republic,2002,1324.2
syrian_arab_republic,2003,1381.5
syrian_arab_republic,2004,1438.7
syrian_arab_republic,2005,1420.3
syrian_arab_republic,2006,1401.8
syrian_arab_republic,2007,1396.8
syrian_arab_republic,2008,1355.4
syrian_arab_republic,2009,1238.3
syrian_arab_republic,2010,1341.0
syrian_arab_republic,2011,1341.0
syrian_arab_republic,2012,1341.0
syrian_arab_republic,2013,1341.0
syrian_arab_republic,2014,1341.0
syrian_arab_republic,2015,1341.0
syrian_arab_republic,2016,1341.0
syrian_arab_republic,2017,1341.0
syrian_arab_republic,2018,1341.0
syrian_arab_republic,2019,1341.0
syrian_arab_republic,2020,1341.0
syrian_arab_republic,2021,1341.0
syrian_arab_republic,2022,1341.0
tajikistan,1994,719.20
tajikistan,1995,720.73
tajikistan,1996,722.25
tajikistan,1997,723.78
tajikistan,1998,725.31
tajikistan,1999,726.83
tajikistan,2000,728.36
tajikistan,2001,729.89
tajikistan,2002,719.20
tajikistan,2003,732.94
tajikistan,2004,734.47
tajikistan,2005,735.99
tajikistan,2006,737.52
tajikistan,2007,739.05
tajikistan,2008,740.57
tajikistan,2009,742.10
tajikistan,2010,742.10
tajikistan,2011,742.10
tajikistan,2012,742.10
tajikistan,2013,742.10
tajikistan,2014,742.10
tajikistan,2015,742.10
tajikistan,2016,742.10
tajikistan,2017,742.10
tajikistan,2018,742.10
tajikistan,2019,742.10
tajikistan,2020,742.10
tajikistan,2021,742.10
tajikistan,2022,742.10
thailand,1983,3472.0
thailand,1984,3599.7
thailand,1985,3727.3
thailand,1986,3855.0
thailand,1987,3982.7
thailand,1988,4110.3
thailand,1989,4238.0
thailand,1990,4365.7
thailand,1991,4493.3
thailand,1992,4621.0
thailand,1993,4748.7
thailand,1994,4876.3
thailand,1995,5004.0
thailand,1996,4789.8
thailand,1997,4937.5
thailand,1998,5085.3
thailand,1999,5233.0
thailand,2000,4986.0
thailand,2001,5528.5
thailand,2002,5676.3
thailand,2003,5824.0
thailand,2004,5971.8
thailand,2005,6119.5
thailand,2006,6267.3
thailand,2007,6415.0
thailand,2008,6415.0
thailand,2009,6415.0
thailand,2010,6415.0
thailand,2011,6415.0
thailand,2012,6415.0
thailand,2013,6415.0
thailand,2014,6415.0
thailand,2015,6415.0
thailand,2016,6415.0
thailand,2017,6415.0
thailand,2018,6415.0
thailand,2019,6415.0
thailand,2020,6415.0
thailand,2021,6415.0
thailand,2022,6415.0
timor_leste,1990,14.000
timor_leste,1991,15.721
timor_leste,1992,17.442
timor_leste,1993,19.163
timor_leste,1994,20.883
timor_leste,1995,22.604
timor_leste,1996,24.325
timor_leste,1997,26.046
timor_leste,1998,27.767
timor_leste,1999,29.488
timor_leste,2000,31.208
timor_leste,2001,32.929
timor_leste,2002,34.650
timor_leste,2003,34.650
timor_leste,2004,34.650
timor_leste,2005,34.650
timor_leste,2006,34.650
timor_leste,2007,34.650
timor_leste,2008,34.650
timor_leste,2009,34.650
timor_leste,2010,34.650
timor_leste,2011,34.650
timor_leste,2012,34.650
timor_leste,2013,34.650
timor_leste,2014,34.650
timor_leste,2015,34.650
timor_leste,2016,34.650
timor_leste,2017,34.650
timor_leste,2018,34.650
timor_leste,2019,34.650
timor_leste,2020,34.650
timor_leste,2021,34.650
timor_leste,2022,34.650
togo,1975,0.74000
togo,1976,0.77680
togo,1977,0.81360
togo,1978,0.85040
togo,1979,0.88720
togo,1980,0.92400
togo,1981,1.1192
togo,1982,1.3144
togo,1983,1.5096
togo,1984,1.7048
togo,1985,1.9000
togo,1986,1.9216
togo,1987,1.9432
togo,1988,1.9648
togo,1989,1.9864
togo,1990,2.0080
togo,1991,2.1500
togo,1992,2.2920
togo,1993,2.4340
togo,1994,2.5760
togo,1995,2.7180
togo,1996,2.8600
togo,1997,2.8600
togo,1998,2.8600
togo,1999,2.8600
togo,2000,2.8600
togo,2001,2.8600
togo,2002,2.8600
togo,2003,2.8600
togo,2004,2.8600
togo,2005,2.8600
togo,2006,2.8600
togo,2007,2.8600
togo,2008,2.8600
togo,2009,2.8600
togo,2010,2.8600
togo,2011,2.8600
togo,2012,2.8600
togo,2013,2.8600
togo,2014,2.8600
togo,2015,2.8600
togo,2016,2.8600
togo,2017,2.8600
togo,2018,2.8600
togo,2019,2.8600
togo,2020,2.8600
togo,2021,2.8600
togo,2022,2.8600
trinidad_and_tobago,1980,3.0000
trinidad_and_tobago,1981,3.3560
trinidad_and_tobago,1982,3.7120
trinidad_and_tobago,1983,3.7045
trinidad_and_tobago,1984,3.6971
trinidad_and_tobago,1985,3.6896
trinidad_and_tobago,1986,3.6821
trinidad_and_tobago,1987,3.6747
trinidad_and_tobago,1988,3.6672
trinidad_and_tobago,1989,3.6597
trinidad_and_tobago,1990,3.6523
trinidad_and_tobago,1991,3.6448
trinidad_and_tobago,1992,3.6373
trinidad_and_tobago,1993,3.6299
trinidad_and_tobago,1994,3.6224
trinidad_and_tobago,1995,3.6149
trinidad_and_tobago,1996,3.6075
trinidad_and_tobago,1997,3.6000
trinidad_and_tobago,1998,4.0857
trinidad_and_tobago,1999,4.5714
trinidad_and_tobago,2000,5.0571
trinidad_and_tobago,2001,5.5429
trinidad_and_tobago,2002,6.0286
trinidad_and_tobago,2003,6.5143
trinidad_and_tobago,2004,7.0000
trinidad_and_tobago,2005,7.0000
trinidad_and_tobago,2006,7.0000
trinidad_and_tobago,2007,7.0000
trinidad_and_tobago,2008,7.0000
trinidad_and_tobago,2009,7.0000
trinidad_and_tobago,2010,7.0000
trinidad_and_tobago,2011,7.0000
trinidad_and_tobago,2012,7.0000
trinidad_and_tobago,2013,7.0000
trinidad_and_tobago,2014,7.0000
trinidad_and_tobago,2015,7.0000
trinidad_and_tobago,2016,7.0000
trinidad_and_tobago,2017,7.0000
trinidad_and_tobago,2018,7.0000
trinidad_and_tobago,2019,7.0000
trinidad_and_tobago,2020,7.0000
trinidad_and_tobago,2021,7.0000
trinidad_and_tobago,2022,7.0000
tunisia,1976,143.00
tunisia,1977,157.13
tunisia,1978,171.27
tunisia,1979,185.40
tunisia,1980,199.53
tunisia,1981,213.67
tunisia,1982,227.80
tunisia,1983,241.93
tunisia,1984,256.07
tunisia,1985,270.20
tunisia,1986,284.33
tunisia,1987,298.47
tunisia,1988,312.60
tunisia,1989,326.73
tunisia,1990,340.87
tunisia,1991,355.00
tunisia,1992,356.33
tunisia,1993,357.67
tunisia,1994,359.00
tunisia,1995,360.33
tunisia,1996,361.67
tunisia,1997,363.00
tunisia,1998,364.33
tunisia,1999,365.67
tunisia,2000,367.00
tunisia,2001,367.00
tunisia,2002,368.50
tunisia,2003,370.00
tunisia,2004,389.37
tunisia,2005,408.73
tunisia,2006,428.10
tunisia,2007,433.35
tunisia,2008,438.60
tunisia,2009,443.85
tunisia,2010,449.10
tunisia,2011,454.35
tunisia,2012,459.60
tunisia,2013,456.61
tunisia,2014,453.61
tunisia,2015,450.62
tunisia,2016,447.62
tunisia,2017,464.72
tunisia,2018,405.00
tunisia,2019,411.00
tunisia,2020,413.00
tunisia,2021,413.00
tunisia,2022,413.00
turkiye,1990,4071.0
turkiye,1991,4071.0
turkiye,1992,4071.1
turkiye,1993,4071.1
turkiye,1994,4071.2
turkiye,1995,4143.0
turkiye,1996,4214.8
turkiye,1997,4286.7
turkiye,1998,4358.5
turkiye,1999,4430.3
turkiye,2000,4502.2
turkiye,2001,4574.0
turkiye,2002,4645.8
turkiye,2003,4717.6
turkiye,2004,4789.5
turkiye,2005,4861.3
turkiye,2006,4969.6
turkiye,2007,5031.3
turkiye,2008,5093.1
turkiye,2009,5154.8
turkiye,2010,5216.5
turkiye,2011,5278.3
turkiye,2012,5340.0
turkiye,2013,4902.9
turkiye,2014,4465.8
turkiye,2015,4028.6
turkiye,2016,3591.5
turkiye,2017,3154.4
turkiye,2018,2717.3
turkiye,2019,2280.1
turkiye,2020,1843.0
turkiye,2021,1883.0
turkiye,2022,1945.0
turkmenistan,1994,1744.4
turkmenistan,1995,1765.0
turkmenistan,1996,1785.5
turkmenistan,1997,1806.0
turkmenistan,1998,1826.6
turkmenistan,1999,1847.2
turkmenistan,2000,1867.7
turkmenistan,2001,1888.3
turkmenistan,2002,1908.8
turkmenistan,2003,1929.3
turkmenistan,2004,1949.9
turkmenistan,2005,1970.5
turkmenistan,2006,1991.0
turkmenistan,2007,1991.0
turkmenistan,2008,1991.0
turkmenistan,2009,1991.0
turkmenistan,2010,1991.0
turkmenistan,2011,1991.0
turkmenistan,2012,1991.0
turkmenistan,2013,1991.0
turkmenistan,2014,1991.0
turkmenistan,2015,1991.0
turkmenistan,2016,1991.0
turkmenistan,2017,1991.0
turkmenistan,2018,1991.0
turkmenistan,2019,1991.0
turkmenistan,2020,1800.0
turkmenistan,2021,1991.0
turkmenistan,2022,1991.0
uganda,1987,5.5500
uganda,1988,5.5527
uganda,1989,5.5555
uganda,1990,5.5582
uganda,1991,5.5609
uganda,1992,5.5636
uganda,1993,5.5664
uganda,1994,5.5691
uganda,1995,5.5718
uganda,1996,5.5745
uganda,1997,5.5773
uganda,1998,5.5800
uganda,1999,5.8253
uganda,2000,6.0705
uganda,2001,6.3158
uganda,2002,6.5611
uganda,2003,6.8063
uganda,2004,7.0516
uganda,2005,7.2969
uganda,2006,7.5421
uganda,2007,7.7874
uganda,2008,8.0327
uganda,2009,8.2779
uganda,2010,8.3473
uganda,2011,8.4166
uganda,2012,8.7160
uganda,2013,8.7160
uganda,2014,8.7160
uganda,2015,8.7160
uganda,2016,8.7160
uganda,2017,8.7160
uganda,2018,8.7160
uganda,2019,8.7160
uganda,2020,8.7160
uganda,2021,8.7160
uganda,2022,8.7160
ukraine,1992,2605.0
ukraine,1993,2605.0
ukraine,1994,2605.0
ukraine,1995,2585.0
ukraine,1996,2605.0
ukraine,1997,2605.0
ukraine,1998,2605.0
ukraine,1999,2605.0
ukraine,2000,2408.0
ukraine,2001,2605.0
ukraine,2002,2605.0
ukraine,2003,2605.0
ukraine,2004,2605.0
ukraine,2005,2183.0
ukraine,2006,2605.0
ukraine,2007,2605.0
ukraine,2008,2605.0
ukraine,2009,2605.0
ukraine,2010,2178.0
ukraine,2011,2605.0
ukraine,2012,2605.0
ukraine,2013,2169.0
ukraine,2014,2170.0
ukraine,2015,2170.0
ukraine,2016,2170.0
ukraine,2017,2170.0
ukraine,2018,2170.0
ukraine,2019,2170.0
ukraine,2020,2170.0
ukraine,2021,2170.0
ukraine,2022,2170.0
united_arab_emirates,1993,66.678
united_arab_emirates,1994,82.670
united_arab_emirates,1995,98.662
united_arab_emirates,1996,114.65
united_arab_emirates,1997,130.65
united_arab_emirates,1998,146.64
united_arab_emirates,1999,162.63
united_arab_emirates,2000,178.62
united_arab_emirates,2001,194.62
united_arab_emirates,2002,210.61
united_arab_emirates,2003,226.60
united_arab_emirates,2004,207.37
united_arab_emirates,2005,188.14
united_arab_emirates,2006,168.91
united_arab_emirates,2007,149.69
united_arab_emirates,2008,130.46
united_arab_emirates,2009,111.23
united_arab_emirates,2010,92.000
united_arab_emirates,2011,85.034
united_arab_emirates,2012,78.067
united_arab_emirates,2013,71.100
united_arab_emirates,2014,64.134
united_arab_emirates,2015,57.167
united_arab_emirates,2016,50.201
united_arab_emirates,2017,56.066
united_arab_emirates,2018,52.473
united_arab_emirates,2019,58.150
united_arab_emirates,2020,57.931
united_arab_emirates,2021,61.160
united_arab_emirates,2022,57.775
united_kingdom_of_great_britain_and_northern_ireland,1990,157.10
united_kingdom_of_great_britain_and_northern_ireland,1991,144.73
united_kingdom_of_great_britain_and_northern_ireland,1992,132.37
united_kingdom_of_great_britain_and_northern_ireland,1993,120.00
united_kingdom_of_great_britain_and_northern_ireland,1994,122.30
united_kingdom_of_great_britain_and_northern_ireland,1995,124.60
united_kingdom_of_great_britain_and_northern_ireland,1996,196.00
united_kingdom_of_great_britain_and_northern_ireland,1997,267.40
united_kingdom_of_great_britain_and_northern_ireland,1998,178.59
united_kingdom_of_great_britain_and_northern_ireland,1999,89.773
united_kingdom_of_great_britain_and_northern_ireland,2000,0.96000
united_kingdom_of_great_britain_and_northern_ireland,2001,74.973
united_kingdom_of_great_britain_and_northern_ireland,2002,148.99
united_kingdom_of_great_britain_and_northern_ireland,2003,223.00
united_kingdom_of_great_britain_and_northern_ireland,2004,215.69
united_kingdom_of_great_britain_and_northern_ireland,2005,208.38
united_kingdom_of_great_britain_and_northern_ireland,2006,189.55
united_kingdom_of_great_britain_and_northern_ireland,2007,138.09
united_kingdom_of_great_britain_and_northern_ireland,2008,135.42
united_kingdom_of_great_britain_and_northern_ireland,2009,119.74
united_kingdom_of_great_britain_and_northern_ireland,2010,95.110
united_kingdom_of_great_britain_and_northern_ireland,2011,111.46
united_kingdom_of_great_britain_and_northern_ireland,2012,118.85
united_kingdom_of_great_britain_and_northern_ireland,2013,115.38
united_kingdom_of_great_britain_and_northern_ireland,2014,159.88
united_kingdom_of_great_britain_and_northern_ireland,2015,193.51
united_kingdom_of_great_britain_and_northern_ireland,2016,207.60
united_kingdom_of_great_britain_and_northern_ireland,2017,227.15
united_kingdom_of_great_britain_and_northern_ireland,2018,227.15
united_kingdom_of_great_britain_and_northern_ireland,2019,227.15
united_kingdom_of_great_britain_and_northern_ireland,2020,227.15
united_kingdom_of_great_britain_and_northern_ireland,2021,227.15
united_kingdom_of_great_britain_and_northern_ireland,2022,227.15
united_republic_of_tanzania,1985,135.20
united_republic_of_tanzania,1986,137.05
united_republic_of_tanzania,1987,138.90
united_republic_of_tanzania,1988,140.75
united_republic_of_tanzania,1989,142.60
united_republic_of_tanzania,1990,144.45
united_republic_of_tanzania,1991,146.30
united_republic_of_tanzania,1992,148.15
united_republic_of_tanzania,1993,150.00
united_republic_of_tanzania,1994,153.81
united_republic_of_tanzania,1995,157.62
united_republic_of_tanzania,1996,161.43
united_republic_of_tanzania,1997,165.24
united_republic_of_tanzania,1998,169.06
united_republic_of_tanzania,1999,172.87
united_republic_of_tanzania,2000,176.68
united_republic_of_tanzania,2001,180.49
united_republic_of_tanzania,2002,184.30
united_republic_of_tanzania,2003,200.90
united_republic_of_tanzania,2004,227.50
united_republic_of_tanzania,2005,250.00
united_republic_of_tanzania,2006,249.44
united_republic_of_tanzania,2007,248.88
united_republic_of_tanzania,2008,248.31
united_republic_of_tanzania,2009,247.75
united_republic_of_tanzania,2010,247.19
united_republic_of_tanzania,2011,246.63
united_republic_of_tanzania,2012,246.06
united_republic_of_tanzania,2013,245.50
united_republic_of_tanzania,2014,245.50
united_republic_of_tanzania,2015,245.50
united_republic_of_tanzania,2016,245.50
united_republic_of_tanzania,2017,245.50
united_republic_of_tanzania,2018,245.50
united_republic_of_tanzania,2019,245.50
united_republic_of_tanzania,2020,245.50
united_republic_of_tanzania,2021,245.50
united_republic_of_tanzania,2022,245.50
united_states_of_america,1964,14996
united_states_of_america,1965,15165
united_states_of_america,1966,15335
united_states_of_america,1967,15504
united_states_of_america,1968,15674
united_states_of_america,1969,15843
united_states_of_america,1970,16012
united_states_of_america,1971,16182
united_states_of_america,1972,16351
united_states_of_america,1973,16521
united_states_of_america,1974,16690
united_states_of_america,1975,17965
united_states_of_america,1976,19240
united_states_of_america,1977,20514
united_states_of_america,1978,21789
united_states_of_america,1979,23064
united_states_of_america,1980,24339
united_states_of_america,1981,25613
united_states_of_america,1982,26888
united_states_of_america,1983,26844
united_states_of_america,1984,26800
united_states_of_america,1985,26755
united_states_of_america,1986,26711
united_states_of_america,1987,26667
united_states_of_america,1988,26736
united_states_of_america,1989,26805
united_states_of_america,1990,26874
united_states_of_america,1991,26943
united_states_of_america,1992,27012
united_states_of_america,1993,27024
united_states_of_america,1994,27035
united_states_of_america,1995,27047
united_states_of_america,1996,27058
united_states_of_america,1997,27070
united_states_of_america,1998,27043
united_states_of_america,1999,27017
united_states_of_america,2000,26990
united_states_of_america,2001,26964
united_states_of_america,2002,26937
united_states_of_america,2003,24089
united_states_of_america,2004,21241
united_states_of_america,2005,18392
united_states_of_america,2006,15544
united_states_of_america,2007,26917
united_states_of_america,2008,26930
united_states_of_america,2009,26942
united_states_of_america,2010,26955
united_states_of_america,2011,26832
united_states_of_america,2012,26708
united_states_of_america,2013,26708
united_states_of_america,2014,26708
united_states_of_america,2015,26708
united_states_of_america,2016,26708
united_states_of_america,2017,26708
united_states_of_america,2018,26708
united_states_of_america,2019,26708
united_states_of_america,2020,26708
united_states_of_america,2021,26708
united_states_of_america,2022,24693
uruguay,1998,181.00
uruguay,1999,182.46
uruguay,2000,183.92
uruguay,2001,185.38
uruguay,2002,186.85
uruguay,2003,188.31
uruguay,2004,189.77
uruguay,2005,191.23
uruguay,2006,192.69
uruguay,2007,194.15
uruguay,2008,195.62
uruguay,2009,197.08
uruguay,2010,198.54
uruguay,2011,238.00
uruguay,2012,244.66
uruguay,2013,251.33
uruguay,2014,257.99
uruguay,2015,264.65
uruguay,2016,271.32
uruguay,2017,277.98
uruguay,2018,284.64
uruguay,2019,291.30
uruguay,2020,297.97
uruguay,2021,306.54
uruguay,2022,324.28
uzbekistan,1994,4280.5
uzbekistan,1995,4280.5
uzbekistan,1996,4280.5
uzbekistan,1997,4280.5
uzbekistan,1998,4280.5
uzbekistan,1999,4280.5
uzbekistan,2000,4280.5
uzbekistan,2001,4280.5
uzbekistan,2002,4280.5
uzbekistan,2003,4280.5
uzbekistan,2004,4280.5
uzbekistan,2005,4198.0
uzbekistan,2006,4280.5
uzbekistan,2007,4280.5
uzbekistan,2008,4280.5
uzbekistan,2009,4280.5
uzbekistan,2010,4280.5
uzbekistan,2011,4280.5
uzbekistan,2012,4280.5
uzbekistan,2013,4280.5
uzbekistan,2014,4204.0
uzbekistan,2015,4204.0
uzbekistan,2016,4199.0
uzbekistan,2017,4307.0
uzbekistan,2018,4280.5
uzbekistan,2019,4280.5
uzbekistan,2020,4280.5
uzbekistan,2021,4280.5
uzbekistan,2022,4280.5
venezuela_bolivarian_republic_of,1989,449.70
venezuela_bolivarian_republic_of,1990,463.09
venezuela_bolivarian_republic_of,1991,476.48
venezuela_bolivarian_republic_of,1992,489.87
venezuela_bolivarian_republic_of,1993,503.26
venezuela_bolivarian_republic_of,1994,516.64
venezuela_bolivarian_republic_of,1995,530.03
venezuela_bolivarian_republic_of,1996,543.42
venezuela_bolivarian_republic_of,1997,556.81
venezuela_bolivarian_republic_of,1998,570.20
venezuela_bolivarian_republic_of,1999,618.71
venezuela_bolivarian_republic_of,2000,667.22
venezuela_bolivarian_republic_of,2001,715.73
venezuela_bolivarian_republic_of,2002,764.24
venezuela_bolivarian_republic_of,2003,812.75
venezuela_bolivarian_republic_of,2004,861.26
venezuela_bolivarian_republic_of,2005,909.77
venezuela_bolivarian_republic_of,2006,958.28
venezuela_bolivarian_republic_of,2007,1006.8
venezuela_bolivarian_republic_of,2008,1055.0
venezuela_bolivarian_republic_of,2009,1055.3
venezuela_bolivarian_republic_of,2010,1055.3
venezuela_bolivarian_republic_of,2011,1055.3
venezuela_bolivarian_republic_of,2012,1055.3
venezuela_bolivarian_republic_of,2013,1055.3
venezuela_bolivarian_republic_of,2014,1055.3
venezuela_bolivarian_republic_of,2015,1055.3
venezuela_bolivarian_republic_of,2016,1055.3
venezuela_bolivarian_republic_of,2017,1055.3
venezuela_bolivarian_republic_of,2018,1055.3
venezuela_bolivarian_republic_of,2019,1055.3
venezuela_bolivarian_republic_of,2020,1055.3
venezuela_bolivarian_republic_of,2021,1055.3
venezuela_bolivarian_republic_of,2022,1055.3
viet_nam,1990,2900.0
viet_nam,1991,2925.0
viet_nam,1992,2950.0
viet_nam,1993,2975.0
viet_nam,1994,3000.0
viet_nam,1995,3144.0
viet_nam,1996,3288.0
viet_nam,1997,3432.0
viet_nam,1998,3576.0
viet_nam,1999,3720.0
viet_nam,2000,3864.0
viet_nam,2001,4008.0
viet_nam,2002,4152.0
viet_nam,2003,4296.0
viet_nam,2004,4440.0
viet_nam,2005,4585.1
viet_nam,2006,4585.1
viet_nam,2007,4585.1
viet_nam,2008,4585.1
viet_nam,2009,4585.1
viet_nam,2010,4585.1
viet_nam,2011,4585.1
viet_nam,2012,4585.1
viet_nam,2013,4585.1
viet_nam,2014,4585.1
viet_nam,2015,4585.1
viet_nam,2016,4585.1
viet_nam,2017,4585.1
viet_nam,2018,4585.1
viet_nam,2019,4280.0
viet_nam,2020,4585.1
viet_nam,2021,4585.1
viet_nam,2022,4585.1
western_asia,2000,14128
western_asia,2001,14280
western_asia,2002,14445
western_asia,2003,14574
western_asia,2004,14691
western_asia,2005,14863
western_asia,2006,15064
western_asia,2007,15287
western_asia,2008,15461
western_asia,2009,15542
western_asia,2010,15856
western_asia,2011,16059
western_asia,2012,16272
western_asia,2013,15998
western_asia,2014,15716
western_asia,2015,15423
western_asia,2016,14997
western_asia,2017,14236
western_asia,2018,13797
western_asia,2019,13360
western_asia,2020,12988
western_asia,2021,12951
western_asia,2022,13015
world,2000,281990
world,2001,287470
world,2002,289980
world,2003,291100
world,2004,290320
world,2005,290520
world,2006,292150
world,2007,307780
world,2008,309770
world,2009,312470
world,2010,314110
world,2011,316960
world,2012,319500
world,2013,323420
world,2014,327030
world,2015,329970
world,2016,333880
world,2017,336690
world,2018,340110
world,2019,342270
world,2020,348270
world,2021,354680
world,2022,360770
yemen,1994,383.15
yemen,1995,385.57
yemen,1996,388.00
yemen,1997,396.33
yemen,1998,404.66
yemen,1999,412.99
yemen,2000,421.32
yemen,2001,429.65
yemen,2002,437.98
yemen,2003,446.31
yemen,2004,454.64
yemen,2005,454.64
yemen,2006,454.64
yemen,2007,454.64
yemen,2008,454.64
yemen,2009,454.64
yemen,2010,454.64
yemen,2011,454.64
yemen,2012,454.64
yemen,2013,454.64
yemen,2014,454.64
yemen,2015,454.64
yemen,2016,454.64
yemen,2017,454.64
yemen,2018,454.64
yemen,2019,454.64
yemen,2020,454.64
yemen,2021,454.64
yemen,2022,454.64
zambia,1992,46.400
zambia,1993,47.299
zambia,1994,48.198
zambia,1995,49.096
zambia,1996,49.995
zambia,1997,50.894
zambia,1998,51.793
zambia,1999,52.692
zambia,2000,53.590
zambia,2001,54.489
zambia,2002,55.388
zambia,2003,55.388
zambia,2004,55.388
zambia,2005,55.388
zambia,2006,55.388
zambia,2007,55.388
zambia,2008,55.388
zambia,2009,55.388
zambia,2010,55.388
zambia,2011,55.388
zambia,2012,55.388
zambia,2013,55.388
zambia,2014,55.388
zambia,2015,55.388
zambia,2016,55.388
zambia,2017,55.388
zambia,2018,55.388
zambia,2019,55.388
zambia,2020,55.388
zambia,2021,55.388
zambia,2022,55.388
zimbabwe,1990,109.00
zimbabwe,1991,111.52
zimbabwe,1992,114.05
zimbabwe,1993,116.57
zimbabwe,1994,126.06
zimbabwe,1995,135.56
zimbabwe,1996,145.05
zimbabwe,1997,154.54
zimbabwe,1998,164.04
zimbabwe,1999,173.53
zimbabwe,2000,171.96
zimbabwe,2001,170.39
zimbabwe,2002,168.82
zimbabwe,2003,167.26
zimbabwe,2004,165.69
zimbabwe,2005,164.12
zimbabwe,2006,162.55
zimbabwe,2007,160.98
zimbabwe,2008,159.41
zimbabwe,2009,157.84
zimbabwe,2010,156.27
zimbabwe,2011,154.71
zimbabwe,2012,153.14
zimbabwe,2013,151.57
zimbabwe,2014,150.00
zimbabwe,2015,156.73
zimbabwe,2016,150.90
zimbabwe,2017,161.58
zimbabwe,2018,180.76
zimbabwe,2019,182.14
zimbabwe,2020,218.21
zimbabwe,2021,218.21
zimbabwe,2022,218.21
