area,year,sdg_6_4_2_municipal_sector_contribution_to_water_stress
afghanistan,1987,0.70491
afghanistan,1988,0.68272
afghanistan,1989,0.66053
afghanistan,1990,0.63833
afghanistan,1991,0.61611
afghanistan,1992,0.59391
afghanistan,1993,0.57171
afghanistan,1994,0.54951
afghanistan,1995,0.52731
afghanistan,1996,0.50511
afghanistan,1997,0.48291
afghanistan,1998,0.46077
afghanistan,1999,0.43853
afghanistan,2000,0.41629
afghanistan,2001,0.44246
afghanistan,2002,0.46859
afghanistan,2003,0.49467
afghanistan,2004,0.52070
afghanistan,2005,0.54669
afghanistan,2006,0.54669
afghanistan,2007,0.54669
afghanistan,2008,0.54669
afghanistan,2009,0.54669
afghanistan,2010,0.54669
afghanistan,2011,0.54669
afghanistan,2012,0.54669
afghanistan,2013,0.54669
afghanistan,2014,0.54669
afghanistan,2015,0.54669
afghanistan,2016,0.54669
afghanistan,2017,0.54669
afghanistan,2018,0.54669
afghanistan,2019,0.54669
afghanistan,2020,0.54669
afghanistan,2021,0.54669
afghanistan,2022,0.54669
albania,1990,0.60096
albania,1991,0.87163
albania,1992,1.1423
albania,1993,1.4130
albania,1994,1.6837
albania,1995,1.9543
albania,1996,2.2250
albania,1997,2.4957
albania,1998,2.7663
albania,1999,3.0370
albania,2000,3.3077
albania,2001,3.3208
albania,2002,3.3339
albania,2003,3.3470
albania,2004,3.3601
albania,2005,3.3732
albania,2006,3.2041
albania,2007,3.0351
albania,2008,2.8660
albania,2009,2.6970
albania,2010,2.5279
albania,2011,2.3589
albania,2012,2.1898
albania,2013,2.0208
albania,2014,1.8517
albania,2015,1.6827
albania,2016,1.9514
albania,2017,1.6992
albania,2018,1.2440
albania,2019,1.4303
albania,2020,1.3522
albania,2021,1.3341
albania,2022,1.3281
algeria,1980,9.2866
algeria,1981,9.5962
algeria,1982,9.9057
algeria,1983,10.215
algeria,1984,10.525
algeria,1985,10.834
algeria,1986,11.819
algeria,1987,12.804
algeria,1988,13.789
algeria,1989,14.774
algeria,1990,15.535
algeria,1991,16.391
algeria,1992,17.249
algeria,1993,18.108
algeria,1994,18.967
algeria,1995,19.828
algeria,1996,20.689
algeria,1997,21.552
algeria,1998,22.415
algeria,1999,23.278
algeria,2000,24.143
algeria,2001,25.664
algeria,2002,27.185
algeria,2003,28.434
algeria,2004,29.674
algeria,2005,30.908
algeria,2006,32.135
algeria,2007,33.356
algeria,2008,34.572
algeria,2009,35.783
algeria,2010,36.990
algeria,2011,38.192
algeria,2012,39.341
algeria,2013,40.047
algeria,2014,40.732
algeria,2015,41.400
algeria,2016,44.124
algeria,2017,47.459
algeria,2018,47.779
algeria,2019,48.094
algeria,2020,48.402
algeria,2021,43.458
algeria,2022,44.775
angola,1987,0.17772
angola,1988,0.21423
angola,1989,0.25075
angola,1990,0.28726
angola,1991,0.32378
angola,1992,0.36030
angola,1993,0.39681
angola,1994,0.43333
angola,1995,0.46984
angola,1996,0.50636
angola,1997,0.54287
angola,1998,0.57939
angola,1999,0.61590
angola,2000,0.65242
angola,2001,0.69141
angola,2002,0.73039
angola,2003,0.76938
angola,2004,0.80837
angola,2005,0.84736
angola,2006,0.84736
angola,2007,0.84736
angola,2008,0.84736
angola,2009,0.84736
angola,2010,0.84736
angola,2011,0.84736
angola,2012,0.84736
angola,2013,0.84736
angola,2014,0.84736
angola,2015,0.84736
angola,2016,0.84736
angola,2017,0.84736
angola,2018,0.84736
angola,2019,0.84736
angola,2020,0.84736
angola,2021,0.84736
angola,2022,0.84736
antigua_and_barbuda,1990,1.9615
antigua_and_barbuda,1991,2.2354
antigua_and_barbuda,1992,2.5109
antigua_and_barbuda,1993,2.7881
antigua_and_barbuda,1994,3.0665
antigua_and_barbuda,1995,3.3462
antigua_and_barbuda,1996,3.6270
antigua_and_barbuda,1997,3.9087
antigua_and_barbuda,1998,4.1914
antigua_and_barbuda,1999,4.4748
antigua_and_barbuda,2000,4.7589
antigua_and_barbuda,2001,4.9904
antigua_and_barbuda,2002,5.3290
antigua_and_barbuda,2003,5.6149
antigua_and_barbuda,2004,5.9013
antigua_and_barbuda,2005,6.1882
antigua_and_barbuda,2006,6.0582
antigua_and_barbuda,2007,5.9293
antigua_and_barbuda,2008,5.8014
antigua_and_barbuda,2009,5.6744
antigua_and_barbuda,2010,5.5482
antigua_and_barbuda,2011,5.4226
antigua_and_barbuda,2012,5.2977
antigua_and_barbuda,2013,5.2977
antigua_and_barbuda,2014,5.2977
antigua_and_barbuda,2015,5.2977
antigua_and_barbuda,2016,5.2977
antigua_and_barbuda,2017,5.2977
antigua_and_barbuda,2018,5.2977
antigua_and_barbuda,2019,5.2977
antigua_and_barbuda,2020,5.2977
antigua_and_barbuda,2021,5.2977
antigua_and_barbuda,2022,5.2977
argentina,1995,1.2651
argentina,1996,1.2872
argentina,1997,1.3082
argentina,1998,1.3298
argentina,1999,1.3513
argentina,2000,1.3728
argentina,2001,1.3952
argentina,2002,1.4176
argentina,2003,1.4400
argentina,2004,1.4624
argentina,2005,1.4848
argentina,2006,1.5072
argentina,2007,1.5295
argentina,2008,1.5519
argentina,2009,1.5743
argentina,2010,1.5970
argentina,2011,1.6191
argentina,2012,1.6191
argentina,2013,1.6191
argentina,2014,1.6191
argentina,2015,1.6191
argentina,2016,1.6191
argentina,2017,1.6191
argentina,2018,1.6191
argentina,2019,1.6191
argentina,2020,1.6191
argentina,2021,1.6191
argentina,2022,1.6191
armenia,1995,15.100
armenia,1996,13.594
armenia,1997,11.053
armenia,1998,11.925
armenia,1999,11.769
armenia,2000,11.214
armenia,2001,10.362
armenia,2002,10.423
armenia,2003,11.889
armenia,2004,15.058
armenia,2005,16.670
armenia,2006,17.006
armenia,2007,17.111
armenia,2008,17.029
armenia,2009,15.361
armenia,2010,14.099
armenia,2011,12.163
armenia,2012,12.114
armenia,2013,10.918
armenia,2014,10.996
armenia,2015,9.8679
armenia,2016,10.699
armenia,2017,13.516
armenia,2018,14.162
armenia,2019,12.407
armenia,2020,13.178
armenia,2021,12.124
armenia,2022,10.934
australia,2001,1.7728
australia,2002,1.7502
australia,2003,1.7274
australia,2004,1.7051
australia,2005,1.6825
australia,2006,1.6758
australia,2007,1.6692
australia,2008,1.6626
australia,2009,1.6559
australia,2010,1.4486
australia,2011,1.2989
australia,2012,1.4912
australia,2013,1.6605
australia,2014,1.6596
australia,2015,0.85890
australia,2016,0.98241
australia,2017,0.72695
australia,2018,0.63730
australia,2019,0.67428
australia,2020,0.52625
australia,2021,0.64034
australia,2022,0.67864
australia_and_new_zealand,2000,0.17607
australia_and_new_zealand,2001,1.4512
australia_and_new_zealand,2002,1.4511
australia_and_new_zealand,2003,1.4508
australia_and_new_zealand,2004,1.4502
australia_and_new_zealand,2005,1.4493
australia_and_new_zealand,2006,1.4589
australia_and_new_zealand,2007,1.4312
australia_and_new_zealand,2008,1.4035
australia_and_new_zealand,2009,1.3758
australia_and_new_zealand,2010,1.2152
australia_and_new_zealand,2011,1.1661
australia_and_new_zealand,2012,1.3493
australia_and_new_zealand,2013,1.5082
australia_and_new_zealand,2014,1.5601
australia_and_new_zealand,2015,1.0660
australia_and_new_zealand,2016,1.1222
australia_and_new_zealand,2017,0.83026
australia_and_new_zealand,2018,0.74589
australia_and_new_zealand,2019,0.81466
australia_and_new_zealand,2020,0.72443
australia_and_new_zealand,2021,0.78444
australia_and_new_zealand,2022,0.81031
austria,1980,1.5414
austria,1981,1.6245
austria,1982,1.7076
austria,1983,1.7908
austria,1984,1.8739
austria,1985,1.9570
austria,1986,1.9440
austria,1987,1.9310
austria,1988,1.9180
austria,1989,1.9050
austria,1990,1.8920
austria,1991,1.8959
austria,1992,1.8997
austria,1993,1.9036
austria,1994,1.9074
austria,1995,1.9112
austria,1996,1.9044
austria,1997,1.8975
austria,1998,1.8722
austria,1999,1.8469
austria,2000,1.8279
austria,2001,1.8095
austria,2002,1.7905
austria,2003,1.7826
austria,2004,1.7746
austria,2005,1.7665
austria,2006,1.7585
austria,2007,1.7504
austria,2008,1.7423
austria,2009,1.8919
austria,2010,2.0398
austria,2011,2.0616
austria,2012,2.0832
austria,2013,2.1045
austria,2014,2.1256
austria,2015,2.1464
austria,2016,2.1670
austria,2017,2.1873
austria,2018,2.2074
austria,2019,2.2271
austria,2020,1.3232
austria,2021,0.12450
austria,2022,0.12588
azerbaijan,1992,4.4734
azerbaijan,1993,3.7775
azerbaijan,1994,3.1126
azerbaijan,1995,2.6441
azerbaijan,1996,1.9328
azerbaijan,1997,1.5722
azerbaijan,1998,1.8030
azerbaijan,1999,3.7977
azerbaijan,2000,2.3272
azerbaijan,2001,1.5809
azerbaijan,2002,2.7070
azerbaijan,2003,3.0735
azerbaijan,2004,3.1618
azerbaijan,2005,2.4994
azerbaijan,2006,2.3096
azerbaijan,2007,2.1506
azerbaijan,2008,1.7841
azerbaijan,2009,1.7355
azerbaijan,2010,1.6869
azerbaijan,2011,2.1197
azerbaijan,2012,2.1815
azerbaijan,2013,2.1373
azerbaijan,2014,2.2168
azerbaijan,2015,2.0049
azerbaijan,2016,1.8371
azerbaijan,2017,1.7487
azerbaijan,2018,1.8680
azerbaijan,2019,1.8061
azerbaijan,2020,1.9031
azerbaijan,2021,1.8017
azerbaijan,2022,1.8099
bahrain,1990,66.082
bahrain,1991,68.749
bahrain,1992,73.508
bahrain,1993,78.504
bahrain,1994,83.518
bahrain,1995,88.550
bahrain,1996,93.596
bahrain,1997,98.655
bahrain,1998,103.73
bahrain,1999,108.81
bahrain,2000,113.90
bahrain,2001,110.63
bahrain,2002,106.92
bahrain,2003,102.43
bahrain,2004,103.12
bahrain,2005,103.58
bahrain,2006,103.80
bahrain,2007,103.81
bahrain,2008,103.60
bahrain,2009,103.20
bahrain,2010,102.61
bahrain,2011,101.83
bahrain,2012,100.89
bahrain,2013,99.786
bahrain,2014,98.524
bahrain,2015,88.466
bahrain,2016,84.829
bahrain,2017,84.829
bahrain,2018,84.829
bahrain,2019,84.829
bahrain,2020,84.829
bahrain,2021,84.829
bahrain,2022,84.829
bangladesh,2008,0.57441
bangladesh,2009,0.57441
bangladesh,2010,0.57441
bangladesh,2011,0.57441
bangladesh,2012,0.57441
bangladesh,2013,0.57441
bangladesh,2014,0.57441
bangladesh,2015,0.57441
bangladesh,2016,0.57441
bangladesh,2017,0.57441
bangladesh,2018,0.57441
bangladesh,2019,0.57441
bangladesh,2020,0.57441
bangladesh,2021,0.57441
bangladesh,2022,0.57441
barbados,1996,25.000
barbados,1997,25.000
barbados,1998,25.000
barbados,1999,25.000
barbados,2000,25.000
barbados,2001,25.000
barbados,2002,25.000
barbados,2003,25.000
barbados,2004,25.000
barbados,2005,21.605
barbados,2006,21.605
barbados,2007,21.605
barbados,2008,21.605
barbados,2009,21.605
barbados,2010,21.605
barbados,2011,21.605
barbados,2012,21.605
barbados,2013,21.605
barbados,2014,21.605
barbados,2015,21.605
barbados,2016,21.605
barbados,2017,21.605
barbados,2018,21.605
barbados,2019,21.605
barbados,2020,21.605
barbados,2021,21.605
barbados,2022,21.605
belarus,1995,2.4786
belarus,1996,2.5435
belarus,1997,2.6084
belarus,1998,2.6734
belarus,1999,2.7383
belarus,2000,2.8032
belarus,2001,2.7719
belarus,2002,2.7406
belarus,2003,2.7093
belarus,2004,2.6780
belarus,2005,2.6467
belarus,2006,2.5059
belarus,2007,2.3652
belarus,2008,2.2245
belarus,2009,2.0837
belarus,2010,1.9430
belarus,2011,1.8963
belarus,2012,1.8496
belarus,2013,1.8029
belarus,2014,2.4192
belarus,2015,2.3286
belarus,2016,1.8642
belarus,2017,1.7275
belarus,2018,1.7555
belarus,2019,1.8227
belarus,2020,1.8081
belarus,2021,1.9743
belarus,2022,1.9776
belgium,1980,12.203
belgium,1981,11.984
belgium,1982,11.766
belgium,1983,11.547
belgium,1984,11.329
belgium,1985,11.111
belgium,1986,10.892
belgium,1987,10.674
belgium,1988,10.455
belgium,1989,10.237
belgium,1990,10.018
belgium,1991,9.8000
belgium,1992,9.5816
belgium,1993,9.3631
belgium,1994,9.1447
belgium,1995,8.9263
belgium,1996,9.8317
belgium,1997,10.737
belgium,1998,10.222
belgium,1999,9.7060
belgium,2000,9.1874
belgium,2001,9.1118
belgium,2002,9.0362
belgium,2003,9.0463
belgium,2004,9.0623
belgium,2005,9.0732
belgium,2006,9.0211
belgium,2007,8.9691
belgium,2008,8.6189
belgium,2009,8.6732
belgium,2010,9.1943
belgium,2011,8.4180
belgium,2012,9.4524
belgium,2013,9.3235
belgium,2014,9.3587
belgium,2015,9.0786
belgium,2016,9.4652
belgium,2017,9.6459
belgium,2018,9.7542
belgium,2019,10.233
belgium,2020,10.970
belgium,2021,10.632
belgium,2022,7.9440
belize,1987,0.024956
belize,1988,0.038994
belize,1989,0.053032
belize,1990,0.067070
belize,1991,0.081108
belize,1992,0.095146
belize,1993,0.10918
belize,1994,0.12322
belize,1995,0.13726
belize,1996,0.13826
belize,1997,0.13926
belize,1998,0.14025
belize,1999,0.14125
belize,2000,0.14225
belize,2001,0.14225
belize,2002,0.14225
belize,2003,0.14225
belize,2004,0.14225
belize,2005,0.14225
belize,2006,0.14225
belize,2007,0.14225
belize,2008,0.14225
belize,2009,0.14225
belize,2010,0.14225
belize,2011,0.14225
belize,2012,0.14225
belize,2013,0.14225
belize,2014,0.14225
belize,2015,0.14225
belize,2016,0.14225
belize,2017,0.14225
belize,2018,0.14225
belize,2019,0.14225
belize,2020,0.14225
belize,2021,0.14225
belize,2022,0.14225
benin,1985,0.23256
benin,1986,0.23421
benin,1987,0.23586
benin,1988,0.23751
benin,1989,0.23916
benin,1990,0.24081
benin,1991,0.24250
benin,1992,0.24419
benin,1993,0.24587
benin,1994,0.24756
benin,1995,0.25614
benin,1996,0.26471
benin,1997,0.27328
benin,1998,0.28186
benin,1999,0.29043
benin,2000,0.29900
benin,2001,0.30758
benin,2002,0.34952
benin,2003,0.38651
benin,2004,0.41936
benin,2005,0.44875
benin,2006,0.47518
benin,2007,0.49909
benin,2008,0.52081
benin,2009,0.54064
benin,2010,0.55881
benin,2011,0.57552
benin,2012,0.59094
benin,2013,0.60522
benin,2014,0.61848
benin,2015,0.63081
benin,2016,0.61208
benin,2017,0.60432
benin,2018,0.60432
benin,2019,0.60432
benin,2020,0.60432
benin,2021,0.60432
benin,2022,0.60432
bhutan,2008,0.071109
bhutan,2009,0.071109
bhutan,2010,0.071109
bhutan,2011,0.071109
bhutan,2012,0.071109
bhutan,2013,0.071109
bhutan,2014,0.071109
bhutan,2015,0.071109
bhutan,2016,0.071109
bhutan,2017,0.071109
bhutan,2018,0.071109
bhutan,2019,0.071109
bhutan,2020,0.071109
bhutan,2021,0.071109
bhutan,2022,0.071109
bolivia_plurinational_state_of,1987,0.069899
bolivia_plurinational_state_of,1988,0.069899
bolivia_plurinational_state_of,1989,0.070513
bolivia_plurinational_state_of,1990,0.070821
bolivia_plurinational_state_of,1991,0.071128
bolivia_plurinational_state_of,1992,0.071436
bolivia_plurinational_state_of,1993,0.071743
bolivia_plurinational_state_of,1994,0.072051
bolivia_plurinational_state_of,1995,0.072358
bolivia_plurinational_state_of,1996,0.072666
bolivia_plurinational_state_of,1997,0.072973
bolivia_plurinational_state_of,1998,0.073281
bolivia_plurinational_state_of,1999,0.073588
bolivia_plurinational_state_of,2000,0.073896
bolivia_plurinational_state_of,2001,0.074203
bolivia_plurinational_state_of,2002,0.074511
bolivia_plurinational_state_of,2003,0.074818
bolivia_plurinational_state_of,2004,0.075126
bolivia_plurinational_state_of,2005,0.075433
bolivia_plurinational_state_of,2006,0.075740
bolivia_plurinational_state_of,2007,0.076048
bolivia_plurinational_state_of,2008,0.076355
bolivia_plurinational_state_of,2009,0.076663
bolivia_plurinational_state_of,2010,0.083217
bolivia_plurinational_state_of,2011,0.089771
bolivia_plurinational_state_of,2012,0.096324
bolivia_plurinational_state_of,2013,0.10288
bolivia_plurinational_state_of,2014,0.10943
bolivia_plurinational_state_of,2015,0.11599
bolivia_plurinational_state_of,2016,0.12254
bolivia_plurinational_state_of,2017,0.12909
bolivia_plurinational_state_of,2018,0.13565
bolivia_plurinational_state_of,2019,0.14220
bolivia_plurinational_state_of,2020,0.14495
bolivia_plurinational_state_of,2021,0.14256
bolivia_plurinational_state_of,2022,0.023282
botswana,1992,0.37645
botswana,1993,0.43257
botswana,1994,0.48869
botswana,1995,0.54481
botswana,1996,0.60107
botswana,1997,0.65733
botswana,1998,0.71358
botswana,1999,0.76984
botswana,2000,0.82610
botswana,2001,0.83694
botswana,2002,0.84778
botswana,2003,0.85844
botswana,2004,0.86945
botswana,2005,0.87919
botswana,2006,0.88987
botswana,2007,0.90068
botswana,2008,0.91162
botswana,2009,0.92271
botswana,2010,0.93447
botswana,2011,0.94531
botswana,2012,0.87570
botswana,2013,0.91416
botswana,2014,0.95263
botswana,2015,0.92593
botswana,2016,1.0070
botswana,2017,1.0520
botswana,2018,1.0164
botswana,2019,1.0374
botswana,2020,1.1419
botswana,2021,1.3392
botswana,2022,1.3522
brazil,1996,0.54334
brazil,1997,0.56574
brazil,1998,0.58815
brazil,1999,0.61055
brazil,2000,0.63295
brazil,2001,0.65536
brazil,2002,0.67744
brazil,2003,0.70016
brazil,2004,0.72214
brazil,2005,0.74450
brazil,2006,0.76738
brazil,2007,0.77846
brazil,2008,0.79033
brazil,2009,0.80180
brazil,2010,0.81328
brazil,2011,0.80236
brazil,2012,0.79217
brazil,2013,0.78093
brazil,2014,0.77106
brazil,2015,0.77857
brazil,2016,0.78440
brazil,2017,0.79149
brazil,2018,0.34897
brazil,2019,0.35183
brazil,2020,0.35524
brazil,2021,0.35799
brazil,2022,0.36101
brunei_darussalam,2004,5.8214
brunei_darussalam,2005,5.3165
brunei_darussalam,2006,5.2072
brunei_darussalam,2007,5.2336
brunei_darussalam,2008,5.3655
brunei_darussalam,2009,5.7084
brunei_darussalam,2010,5.7084
brunei_darussalam,2011,5.7084
brunei_darussalam,2012,5.7084
brunei_darussalam,2013,5.7084
brunei_darussalam,2014,5.7084
brunei_darussalam,2015,5.7084
brunei_darussalam,2016,5.7084
brunei_darussalam,2017,5.7084
brunei_darussalam,2018,5.7084
brunei_darussalam,2019,5.7084
brunei_darussalam,2020,5.7084
brunei_darussalam,2021,5.7084
brunei_darussalam,2022,5.7084
bulgaria,1988,3.0823
bulgaria,1989,3.5615
bulgaria,1990,4.0407
bulgaria,1991,4.5199
bulgaria,1992,4.9991
bulgaria,1993,5.4784
bulgaria,1994,5.9576
bulgaria,1995,6.4368
bulgaria,1996,6.9160
bulgaria,1997,7.3952
bulgaria,1998,7.8744
bulgaria,1999,8.3537
bulgaria,2000,8.8324
bulgaria,2001,8.0644
bulgaria,2002,7.9086
bulgaria,2003,7.4033
bulgaria,2004,7.5184
bulgaria,2005,7.4296
bulgaria,2006,7.3409
bulgaria,2007,7.4442
bulgaria,2008,7.5620
bulgaria,2009,7.2310
bulgaria,2010,6.9809
bulgaria,2011,6.8748
bulgaria,2012,7.0089
bulgaria,2013,6.9643
bulgaria,2014,6.5580
bulgaria,2015,6.6494
bulgaria,2016,6.6062
bulgaria,2017,6.6893
bulgaria,2018,6.3937
bulgaria,2019,6.4085
bulgaria,2020,6.1941
bulgaria,2021,6.1645
bulgaria,2022,6.1941
burkina_faso,1985,0.57361
burkina_faso,1986,0.59140
burkina_faso,1987,0.60918
burkina_faso,1988,0.62696
burkina_faso,1989,0.64474
burkina_faso,1990,0.66252
burkina_faso,1991,0.68021
burkina_faso,1992,0.69790
burkina_faso,1993,0.74729
burkina_faso,1994,0.79669
burkina_faso,1995,0.84608
burkina_faso,1996,0.89547
burkina_faso,1997,0.94487
burkina_faso,1998,1.1734
burkina_faso,1999,1.8823
burkina_faso,2000,2.4591
burkina_faso,2001,2.6415
burkina_faso,2002,2.8731
burkina_faso,2003,3.1088
burkina_faso,2004,3.3481
burkina_faso,2005,3.5908
burkina_faso,2006,3.5908
burkina_faso,2007,3.5908
burkina_faso,2008,3.5908
burkina_faso,2009,3.5908
burkina_faso,2010,3.5908
burkina_faso,2011,3.5908
burkina_faso,2012,3.5908
burkina_faso,2013,3.5908
burkina_faso,2014,3.5908
burkina_faso,2015,3.5908
burkina_faso,2016,3.5908
burkina_faso,2017,3.5908
burkina_faso,2018,3.5908
burkina_faso,2019,3.5908
burkina_faso,2020,3.5908
burkina_faso,2021,3.5908
burkina_faso,2022,3.5908
burundi,1987,1.3100
burundi,1988,1.3464
burundi,1989,1.3828
burundi,1990,1.4192
burundi,1991,1.4556
burundi,1992,1.4920
burundi,1993,1.5284
burundi,1994,1.5648
burundi,1995,1.6012
burundi,1996,1.6376
burundi,1997,1.6739
burundi,1998,1.7103
burundi,1999,1.7467
burundi,2000,1.7831
burundi,2001,1.7402
burundi,2002,1.6972
burundi,2003,1.6543
burundi,2004,1.6114
burundi,2005,1.5684
burundi,2006,1.5684
burundi,2007,1.5684
burundi,2008,1.5684
burundi,2009,1.5684
burundi,2010,1.5684
burundi,2011,1.5684
burundi,2012,1.5684
burundi,2013,1.5684
burundi,2014,1.5684
burundi,2015,1.5684
burundi,2016,1.5684
burundi,2017,1.5684
burundi,2018,1.5684
burundi,2019,1.5684
burundi,2020,1.5684
burundi,2021,1.5684
burundi,2022,1.5684
cabo_verde,2001,0.49434
cabo_verde,2002,2.6542
cabo_verde,2003,4.3491
cabo_verde,2004,5.8434
cabo_verde,2005,7.4621
cabo_verde,2006,9.0656
cabo_verde,2007,10.660
cabo_verde,2008,12.250
cabo_verde,2009,13.835
cabo_verde,2010,15.418
cabo_verde,2011,17.000
cabo_verde,2012,18.579
cabo_verde,2013,20.158
cabo_verde,2014,21.736
cabo_verde,2015,23.313
cabo_verde,2016,24.890
cabo_verde,2017,26.466
cabo_verde,2018,28.042
cabo_verde,2019,31.011
cabo_verde,2020,41.067
cabo_verde,2021,31.604
cabo_verde,2022,35.147
cambodia,2006,0.046512
cambodia,2007,0.046512
cambodia,2008,0.046512
cambodia,2009,0.046512
cambodia,2010,0.046512
cambodia,2011,0.046512
cambodia,2012,0.046512
cambodia,2013,0.046512
cambodia,2014,0.046512
cambodia,2015,0.046512
cambodia,2016,0.046512
cambodia,2017,0.046512
cambodia,2018,0.046512
cambodia,2019,0.046512
cambodia,2020,0.046512
cambodia,2021,0.046512
cambodia,2022,0.046512
cameroon,1987,0.25806
cameroon,1988,0.25921
cameroon,1989,0.26036
cameroon,1990,0.26151
cameroon,1991,0.26265
cameroon,1992,0.26380
cameroon,1993,0.25970
cameroon,1994,0.25559
cameroon,1995,0.25149
cameroon,1996,0.24738
cameroon,1997,0.24328
cameroon,1998,0.23918
cameroon,1999,0.23507
cameroon,2000,0.23097
cameroon,2001,0.25554
cameroon,2002,0.28011
cameroon,2003,0.30469
cameroon,2004,0.32926
cameroon,2005,0.35384
cameroon,2006,0.35384
cameroon,2007,0.35384
cameroon,2008,0.35384
cameroon,2009,0.35384
cameroon,2010,0.35384
cameroon,2011,0.35384
cameroon,2012,0.35384
cameroon,2013,0.35384
cameroon,2014,0.35384
cameroon,2015,0.35384
cameroon,2016,0.35384
cameroon,2017,0.35384
cameroon,2018,0.35384
cameroon,2019,0.35384
cameroon,2020,0.35384
cameroon,2021,0.35384
cameroon,2022,0.35384
canada,1991,0.52541
canada,1992,0.52745
canada,1993,0.52948
canada,1994,0.53152
canada,1995,0.53355
canada,1996,0.53558
canada,1997,0.55055
canada,1998,0.56575
canada,1999,0.57624
canada,2000,0.58694
canada,2001,0.58967
canada,2002,0.59237
canada,2003,0.59503
canada,2004,0.59765
canada,2005,0.60024
canada,2006,0.60280
canada,2007,0.60532
canada,2008,0.58686
canada,2009,0.56840
canada,2010,0.50252
canada,2011,0.47740
canada,2012,0.49783
canada,2013,0.51922
canada,2014,0.52225
canada,2015,0.52548
canada,2016,0.51444
canada,2017,0.50340
canada,2018,0.50364
canada,2019,0.50388
canada,2020,0.50524
canada,2021,0.50144
canada,2022,0.50204
central_african_republic,1987,0.069444
central_african_republic,1988,0.083618
central_african_republic,1989,0.097792
central_african_republic,1990,0.11197
central_african_republic,1991,0.12614
central_african_republic,1992,0.14031
central_african_republic,1993,0.15449
central_african_republic,1994,0.16866
central_african_republic,1995,0.18283
central_african_republic,1996,0.19701
central_african_republic,1997,0.21118
central_african_republic,1998,0.22536
central_african_republic,1999,0.23953
central_african_republic,2000,0.25370
central_african_republic,2001,0.25861
central_african_republic,2002,0.26352
central_african_republic,2003,0.26843
central_african_republic,2004,0.27333
central_african_republic,2005,0.27824
central_african_republic,2006,0.27824
central_african_republic,2007,0.27824
central_african_republic,2008,0.27824
central_african_republic,2009,0.27824
central_african_republic,2010,0.27824
central_african_republic,2011,0.27824
central_african_republic,2012,0.27824
central_african_republic,2013,0.27824
central_african_republic,2014,0.27824
central_african_republic,2015,0.27824
central_african_republic,2016,0.27824
central_african_republic,2017,0.27824
central_african_republic,2018,0.27824
central_african_republic,2019,0.27824
central_african_republic,2020,0.27824
central_african_republic,2021,0.27824
central_african_republic,2022,0.27824
central_and_southern_asia,2000,3.9909
central_and_southern_asia,2001,4.1570
central_and_southern_asia,2002,4.3243
central_and_southern_asia,2003,4.4875
central_and_southern_asia,2004,4.4575
central_and_southern_asia,2005,4.5410
central_and_southern_asia,2006,4.6171
central_and_southern_asia,2007,4.6851
central_and_southern_asia,2008,4.6941
central_and_southern_asia,2009,4.7259
central_and_southern_asia,2010,4.7739
central_and_southern_asia,2011,4.7175
central_and_southern_asia,2012,4.7484
central_and_southern_asia,2013,4.7070
central_and_southern_asia,2014,4.7467
central_and_southern_asia,2015,4.7614
central_and_southern_asia,2016,4.7603
central_and_southern_asia,2017,4.7759
central_and_southern_asia,2018,4.8313
central_and_southern_asia,2019,4.7711
central_and_southern_asia,2020,4.8719
central_and_southern_asia,2021,4.8276
central_and_southern_asia,2022,4.8600
central_asia,2000,3.9590
central_asia,2001,4.1315
central_asia,2002,4.3330
central_asia,2003,4.4947
central_asia,2004,4.6391
central_asia,2005,4.7808
central_asia,2006,4.7619
central_asia,2007,4.6655
central_asia,2008,4.6086
central_asia,2009,4.5445
central_asia,2010,4.5778
central_asia,2011,4.2282
central_asia,2012,4.1566
central_asia,2013,3.9002
central_asia,2014,3.8102
central_asia,2015,3.8520
central_asia,2016,3.7597
central_asia,2017,3.8968
central_asia,2018,4.8190
central_asia,2019,4.8957
central_asia,2020,5.4251
central_asia,2021,5.2628
central_asia,2022,5.8854
chad,1987,0.14160
chad,1988,0.16395
chad,1989,0.18630
chad,1990,0.20865
chad,1991,0.23099
chad,1992,0.25334
chad,1993,0.27569
chad,1994,0.29804
chad,1995,0.32039
chad,1996,0.34274
chad,1997,0.36508
chad,1998,0.38743
chad,1999,0.40978
chad,2000,0.43213
chad,2001,0.44697
chad,2002,0.46182
chad,2003,0.47666
chad,2004,0.49150
chad,2005,0.50635
chad,2006,0.50635
chad,2007,0.50635
chad,2008,0.50635
chad,2009,0.50635
chad,2010,0.50635
chad,2011,0.50635
chad,2012,0.50635
chad,2013,0.50635
chad,2014,0.50635
chad,2015,0.50635
chad,2016,0.50635
chad,2017,0.50635
chad,2018,0.50635
chad,2019,0.50635
chad,2020,0.50635
chad,2021,0.50635
chad,2022,0.50635
chile,1992,0.27809
chile,1993,0.27637
chile,1994,0.27473
chile,1995,0.27308
chile,1996,0.27143
chile,1997,0.26978
chile,1998,0.26814
chile,1999,0.26649
chile,2000,0.26484
chile,2001,0.27427
chile,2002,0.28371
chile,2003,0.29282
chile,2004,0.30226
chile,2005,0.31170
chile,2006,0.32113
chile,2007,0.32458
chile,2008,0.32803
chile,2009,0.33154
chile,2010,0.33511
chile,2011,0.33875
chile,2012,0.34245
chile,2013,0.34622
chile,2014,0.35006
chile,2015,0.35397
chile,2016,0.35795
chile,2017,0.35795
chile,2018,0.35795
chile,2019,0.35795
chile,2020,0.35795
chile,2021,0.35795
chile,2022,0.35795
china,1980,0.49437
china,1981,0.89352
china,1982,1.2927
china,1983,1.6918
china,1984,2.0910
china,1985,2.1684
china,1986,2.2460
china,1987,2.3235
china,1988,2.4011
china,1989,2.4786
china,1990,2.5562
china,1991,2.3166
china,1992,2.0771
china,1993,1.8375
china,1994,2.1761
china,1995,2.5138
china,1996,2.8523
china,1997,3.1909
china,1998,3.5297
china,1999,3.8692
china,2000,4.2079
china,2001,4.3526
china,2002,4.4978
china,2003,4.6425
china,2004,4.7870
china,2005,4.9317
china,2006,5.0490
china,2007,5.1618
china,2008,5.2975
china,2009,5.4350
china,2010,5.5625
china,2011,5.7254
china,2012,5.2845
china,2013,5.4331
china,2014,5.5475
china,2015,5.7378
china,2016,7.0420
china,2017,7.2053
china,2018,7.6362
china,2019,8.0472
china,2020,8.3574
china,2021,8.3574
china,2022,8.3574
colombia,2000,0.36931
colombia,2001,0.38181
colombia,2002,0.39427
colombia,2003,0.40676
colombia,2004,0.41924
colombia,2005,0.43172
colombia,2006,0.44420
colombia,2007,0.45668
colombia,2008,0.46928
colombia,2009,0.46853
colombia,2010,0.46803
colombia,2011,0.50930
colombia,2012,0.45780
colombia,2013,0.45939
colombia,2014,0.46495
colombia,2015,0.47507
colombia,2016,0.44818
colombia,2017,0.44342
colombia,2018,0.43636
colombia,2019,0.46401
colombia,2020,0.48114
colombia,2021,0.47396
colombia,2022,0.49677
comoros,1999,0.40000
comoros,2000,0.40000
comoros,2001,0.40000
comoros,2002,0.40000
comoros,2003,0.40000
comoros,2004,0.40000
comoros,2005,0.40000
comoros,2006,0.40000
comoros,2007,0.40000
comoros,2008,0.40000
comoros,2009,0.40000
comoros,2010,0.40000
comoros,2011,0.40000
comoros,2012,0.40000
comoros,2013,0.40000
comoros,2014,0.40000
comoros,2015,0.40000
comoros,2016,0.40000
comoros,2017,0.40000
comoros,2018,0.40000
comoros,2019,0.40000
comoros,2020,0.40000
comoros,2021,0.40000
comoros,2022,0.40000
congo,1987,0.014797
congo,1988,0.015084
congo,1989,0.015370
congo,1990,0.015656
congo,1991,0.015943
congo,1992,0.016229
congo,1993,0.016516
congo,1994,0.016802
congo,1995,0.017088
congo,1996,0.017375
congo,1997,0.017661
congo,1998,0.017947
congo,1999,0.018234
congo,2000,0.018520
congo,2001,0.018807
congo,2002,0.019093
congo,2003,0.019093
congo,2004,0.019093
congo,2005,0.019093
congo,2006,0.019093
congo,2007,0.019093
congo,2008,0.019093
congo,2009,0.019093
congo,2010,0.019093
congo,2011,0.019093
congo,2012,0.019093
congo,2013,0.019093
congo,2014,0.019093
congo,2015,0.019093
congo,2016,0.019093
congo,2017,0.019093
congo,2018,0.019093
congo,2019,0.019093
congo,2020,0.019093
congo,2021,0.019093
congo,2022,0.019093
costa_rica,2012,0.98821
costa_rica,2013,1.0164
costa_rica,2014,1.0782
costa_rica,2015,1.1112
costa_rica,2016,0.94956
costa_rica,2017,0.35836
costa_rica,2018,1.2441
costa_rica,2019,1.4309
costa_rica,2020,1.4133
costa_rica,2021,1.8918
costa_rica,2022,1.8918
cote_d_ivoire,1987,0.68301
cote_d_ivoire,1988,0.80857
cote_d_ivoire,1989,0.93412
cote_d_ivoire,1990,1.0597
cote_d_ivoire,1991,0.97208
cote_d_ivoire,1992,0.88448
cote_d_ivoire,1993,0.79688
cote_d_ivoire,1994,0.70928
cote_d_ivoire,1995,0.98453
cote_d_ivoire,1996,1.2598
cote_d_ivoire,1997,1.5350
cote_d_ivoire,1998,1.8103
cote_d_ivoire,1999,2.0855
cote_d_ivoire,2000,2.3608
cote_d_ivoire,2001,2.4454
cote_d_ivoire,2002,2.5301
cote_d_ivoire,2003,2.6148
cote_d_ivoire,2004,2.6995
cote_d_ivoire,2005,2.7842
cote_d_ivoire,2006,2.6305
cote_d_ivoire,2007,2.4768
cote_d_ivoire,2008,2.3231
cote_d_ivoire,2009,2.1694
cote_d_ivoire,2010,2.0158
cote_d_ivoire,2011,1.8621
cote_d_ivoire,2012,1.7084
cote_d_ivoire,2013,1.5547
cote_d_ivoire,2014,1.4011
cote_d_ivoire,2015,1.4011
cote_d_ivoire,2016,1.4011
cote_d_ivoire,2017,1.4011
cote_d_ivoire,2018,1.4011
cote_d_ivoire,2019,1.4011
cote_d_ivoire,2020,1.4011
cote_d_ivoire,2021,1.4011
cote_d_ivoire,2022,1.4011
croatia,2002,1.1223
croatia,2003,1.1823
croatia,2004,1.1414
croatia,2005,1.1363
croatia,2006,1.1538
croatia,2007,1.1692
croatia,2008,1.1526
croatia,2009,1.1859
croatia,2010,0.70648
croatia,2011,0.67300
croatia,2012,0.62370
croatia,2013,0.61541
croatia,2014,0.52175
croatia,2015,0.58846
croatia,2016,0.59820
croatia,2017,0.67813
croatia,2018,0.66529
croatia,2019,0.65634
croatia,2020,0.62860
croatia,2021,0.64921
croatia,2022,0.69089
cuba,1995,6.1242
cuba,1996,6.1013
cuba,1997,6.0783
cuba,1998,6.0554
cuba,1999,6.0325
cuba,2000,6.0095
cuba,2001,5.9861
cuba,2002,5.9632
cuba,2003,5.9403
cuba,2004,5.9173
cuba,2005,5.8944
cuba,2006,5.8715
cuba,2007,5.8485
cuba,2008,5.8488
cuba,2009,5.8487
cuba,2010,5.8485
cuba,2011,5.8486
cuba,2012,5.8486
cuba,2013,5.8481
cuba,2014,5.8481
cuba,2015,5.8481
cuba,2016,5.8481
cuba,2017,5.8481
cuba,2018,5.8481
cuba,2019,5.8481
cuba,2020,5.8481
cuba,2021,5.8481
cuba,2022,5.8481
cyprus,1975,3.4172
cyprus,1976,3.7452
cyprus,1977,4.0733
cyprus,1978,4.4013
cyprus,1979,4.7294
cyprus,1980,5.0574
cyprus,1981,5.2761
cyprus,1982,5.4948
cyprus,1983,5.7135
cyprus,1984,5.9322
cyprus,1985,6.1509
cyprus,1986,6.4055
cyprus,1987,6.6976
cyprus,1988,6.9710
cyprus,1989,7.2444
cyprus,1990,7.4180
cyprus,1991,7.1910
cyprus,1992,6.9641
cyprus,1993,6.7372
cyprus,1994,6.5236
cyprus,1995,6.3099
cyprus,1996,6.0961
cyprus,1997,5.8820
cyprus,1998,5.6677
cyprus,1999,5.4527
cyprus,2000,5.2386
cyprus,2001,4.9982
cyprus,2002,5.0860
cyprus,2003,4.8305
cyprus,2004,4.5668
cyprus,2005,5.5269
cyprus,2006,6.1771
cyprus,2007,6.7933
cyprus,2008,6.0371
cyprus,2009,5.0218
cyprus,2010,6.6432
cyprus,2011,7.1819
cyprus,2012,10.826
cyprus,2013,9.3116
cyprus,2014,10.563
cyprus,2015,10.678
cyprus,2016,10.758
cyprus,2017,10.935
cyprus,2018,10.981
cyprus,2019,10.883
cyprus,2020,11.826
cyprus,2021,12.115
cyprus,2022,11.813
czechia,1993,8.5735
czechia,1994,8.3681
czechia,1995,8.1603
czechia,1996,7.7246
czechia,1997,14.576
czechia,1998,13.845
czechia,1999,13.118
czechia,2000,12.393
czechia,2001,11.674
czechia,2002,12.661
czechia,2003,10.913
czechia,2004,10.909
czechia,2005,10.900
czechia,2006,10.886
czechia,2007,10.748
czechia,2008,10.869
czechia,2009,10.682
czechia,2010,10.802
czechia,2011,10.361
czechia,2012,9.6851
czechia,2013,9.4056
czechia,2014,9.1567
czechia,2015,9.3401
czechia,2016,9.1800
czechia,2017,9.3765
czechia,2018,9.8844
czechia,2019,9.8084
czechia,2020,9.5651
czechia,2021,9.5347
czechia,2022,9.5129
democratic_people_s_republic_of_korea,2000,2.7478
democratic_people_s_republic_of_korea,2001,2.7768
democratic_people_s_republic_of_korea,2002,2.8058
democratic_people_s_republic_of_korea,2003,2.8347
democratic_people_s_republic_of_korea,2004,2.8637
democratic_people_s_republic_of_korea,2005,2.8927
democratic_people_s_republic_of_korea,2006,2.8927
democratic_people_s_republic_of_korea,2007,2.8927
democratic_people_s_republic_of_korea,2008,2.8927
democratic_people_s_republic_of_korea,2009,2.8927
democratic_people_s_republic_of_korea,2010,2.8927
democratic_people_s_republic_of_korea,2011,2.8927
democratic_people_s_republic_of_korea,2012,2.8927
democratic_people_s_republic_of_korea,2013,2.8927
democratic_people_s_republic_of_korea,2014,2.8927
democratic_people_s_republic_of_korea,2015,2.8927
democratic_people_s_republic_of_korea,2016,2.8927
democratic_people_s_republic_of_korea,2017,2.8927
democratic_people_s_republic_of_korea,2018,2.8927
democratic_people_s_republic_of_korea,2019,2.8927
democratic_people_s_republic_of_korea,2020,2.8927
democratic_people_s_republic_of_korea,2021,2.8927
democratic_people_s_republic_of_korea,2022,2.8927
democratic_republic_of_the_congo,1995,0.10045
democratic_republic_of_the_congo,1996,0.10620
democratic_republic_of_the_congo,1997,0.11195
democratic_republic_of_the_congo,1998,0.11770
democratic_republic_of_the_congo,1999,0.12346
democratic_republic_of_the_congo,2000,0.12921
democratic_republic_of_the_congo,2001,0.13423
democratic_republic_of_the_congo,2002,0.13924
democratic_republic_of_the_congo,2003,0.14426
democratic_republic_of_the_congo,2004,0.14928
democratic_republic_of_the_congo,2005,0.15430
democratic_republic_of_the_congo,2006,0.15430
democratic_republic_of_the_congo,2007,0.15430
democratic_republic_of_the_congo,2008,0.15430
democratic_republic_of_the_congo,2009,0.15430
democratic_republic_of_the_congo,2010,0.15430
democratic_republic_of_the_congo,2011,0.15430
democratic_republic_of_the_congo,2012,0.15430
democratic_republic_of_the_congo,2013,0.15430
democratic_republic_of_the_congo,2014,0.15430
democratic_republic_of_the_congo,2015,0.15430
democratic_republic_of_the_congo,2016,0.15430
democratic_republic_of_the_congo,2017,0.15430
democratic_republic_of_the_congo,2018,0.15430
democratic_republic_of_the_congo,2019,0.15430
democratic_republic_of_the_congo,2020,0.15430
democratic_republic_of_the_congo,2021,0.15430
democratic_republic_of_the_congo,2022,0.15430
denmark,1970,12.439
denmark,1971,13.737
denmark,1972,15.035
denmark,1973,16.333
denmark,1974,17.631
denmark,1975,18.929
denmark,1976,18.929
denmark,1977,18.929
denmark,1978,18.929
denmark,1979,18.929
denmark,1980,18.929
denmark,1981,18.792
denmark,1982,18.654
denmark,1983,18.517
denmark,1984,18.380
denmark,1985,18.242
denmark,1986,15.278
denmark,1987,12.316
denmark,1988,9.3699
denmark,1989,12.580
denmark,1990,15.895
denmark,1991,15.666
denmark,1992,15.441
denmark,1993,15.222
denmark,1994,15.009
denmark,1995,14.802
denmark,1996,13.548
denmark,1997,13.172
denmark,1998,12.431
denmark,1999,12.555
denmark,2000,12.750
denmark,2001,12.213
denmark,2002,11.661
denmark,2003,11.475
denmark,2004,10.909
denmark,2005,11.150
denmark,2006,9.5781
denmark,2007,10.814
denmark,2008,11.101
denmark,2009,10.588
denmark,2010,12.514
denmark,2011,12.673
denmark,2012,11.046
denmark,2013,13.156
denmark,2014,13.000
denmark,2015,10.528
denmark,2016,10.455
denmark,2017,10.359
denmark,2018,10.782
denmark,2019,10.471
denmark,2020,10.875
denmark,2021,10.535
denmark,2022,10.351
djibouti,1985,0.33333
djibouti,1986,0.66667
djibouti,1987,1.0000
djibouti,1988,1.3333
djibouti,1989,1.6667
djibouti,1990,2.0000
djibouti,1991,2.3333
djibouti,1992,2.6667
djibouti,1993,3.0000
djibouti,1994,3.3105
djibouti,1995,3.6667
djibouti,1996,4.0000
djibouti,1997,4.3333
djibouti,1998,4.6401
djibouti,1999,5.0000
djibouti,2000,5.3333
djibouti,2001,5.3333
djibouti,2002,5.3333
djibouti,2003,5.3333
djibouti,2004,5.3333
djibouti,2005,5.3333
djibouti,2006,5.3333
djibouti,2007,5.3333
djibouti,2008,5.3333
djibouti,2009,5.3333
djibouti,2010,5.3333
djibouti,2011,5.3333
djibouti,2012,5.3333
djibouti,2013,5.3333
djibouti,2014,5.3333
djibouti,2015,5.3333
djibouti,2016,5.3333
djibouti,2017,5.3333
djibouti,2018,5.3333
djibouti,2019,5.3333
djibouti,2020,5.3333
djibouti,2021,5.3333
djibouti,2022,5.3333
dominica,2010,9.5000
dominica,2011,9.5000
dominica,2012,9.5000
dominica,2013,9.5000
dominica,2014,9.5000
dominica,2015,9.5000
dominica,2016,9.5000
dominica,2017,9.5000
dominica,2018,9.5000
dominica,2019,9.5000
dominica,2020,9.5000
dominica,2021,9.5000
dominica,2022,9.5000
dominican_republic,2000,3.3252
dominican_republic,2001,3.4599
dominican_republic,2002,3.5945
dominican_republic,2003,3.7292
dominican_republic,2004,3.8638
dominican_republic,2005,3.9985
dominican_republic,2006,4.1439
dominican_republic,2007,4.2895
dominican_republic,2008,4.4349
dominican_republic,2009,4.5804
dominican_republic,2010,4.7258
dominican_republic,2011,4.4849
dominican_republic,2012,4.2674
dominican_republic,2013,4.0700
dominican_republic,2014,3.8900
dominican_republic,2015,3.7253
dominican_republic,2016,3.7253
dominican_republic,2017,3.7253
dominican_republic,2018,3.7253
dominican_republic,2019,3.7253
dominican_republic,2020,3.7253
dominican_republic,2021,3.7253
dominican_republic,2022,3.7253
eastern_and_south_eastern_asia,2000,3.4495
eastern_and_south_eastern_asia,2001,3.5345
eastern_and_south_eastern_asia,2002,3.6189
eastern_and_south_eastern_asia,2003,3.6622
eastern_and_south_eastern_asia,2004,3.6514
eastern_and_south_eastern_asia,2005,3.5768
eastern_and_south_eastern_asia,2006,3.2676
eastern_and_south_eastern_asia,2007,3.2204
eastern_and_south_eastern_asia,2008,3.2901
eastern_and_south_eastern_asia,2009,3.3384
eastern_and_south_eastern_asia,2010,3.4273
eastern_and_south_eastern_asia,2011,3.5084
eastern_and_south_eastern_asia,2012,3.3787
eastern_and_south_eastern_asia,2013,3.4569
eastern_and_south_eastern_asia,2014,3.5012
eastern_and_south_eastern_asia,2015,3.6287
eastern_and_south_eastern_asia,2016,4.1376
eastern_and_south_eastern_asia,2017,4.1689
eastern_and_south_eastern_asia,2018,4.3346
eastern_and_south_eastern_asia,2019,4.4848
eastern_and_south_eastern_asia,2020,4.5840
eastern_and_south_eastern_asia,2021,4.5885
eastern_and_south_eastern_asia,2022,4.5952
eastern_asia,2000,5.2761
eastern_asia,2001,5.4496
eastern_asia,2002,5.6224
eastern_asia,2003,5.7127
eastern_asia,2004,5.8019
eastern_asia,2005,5.8747
eastern_asia,2006,5.9875
eastern_asia,2007,6.0804
eastern_asia,2008,6.1922
eastern_asia,2009,6.3058
eastern_asia,2010,6.4141
eastern_asia,2011,6.5531
eastern_asia,2012,6.1597
eastern_asia,2013,6.2867
eastern_asia,2014,6.3835
eastern_asia,2015,6.5043
eastern_asia,2016,7.6580
eastern_asia,2017,7.7938
eastern_asia,2018,8.2007
eastern_asia,2019,8.5516
eastern_asia,2020,8.7462
eastern_asia,2021,8.7487
eastern_asia,2022,8.7487
ecuador,2000,0.62044
ecuador,2001,0.67320
ecuador,2002,0.72595
ecuador,2003,0.77870
ecuador,2004,0.83146
ecuador,2005,0.88421
ecuador,2006,0.88421
ecuador,2007,0.88421
ecuador,2008,0.88421
ecuador,2009,0.88421
ecuador,2010,0.88421
ecuador,2011,0.88421
ecuador,2012,0.88421
ecuador,2013,0.88421
ecuador,2014,0.88421
ecuador,2015,0.88421
ecuador,2016,0.88421
ecuador,2017,0.88421
ecuador,2018,0.88421
ecuador,2019,0.88421
ecuador,2020,0.88421
ecuador,2021,0.88421
ecuador,2022,0.88421
egypt,1993,5.6236
egypt,1994,6.1861
egypt,1995,6.7478
egypt,1996,7.3080
egypt,1997,7.8676
egypt,1998,8.4264
egypt,1999,8.9846
egypt,2000,8.0609
egypt,2001,8.7530
egypt,2002,9.4581
egypt,2003,10.176
egypt,2004,10.905
egypt,2005,11.647
egypt,2006,12.399
egypt,2007,13.162
egypt,2008,13.935
egypt,2009,14.718
egypt,2010,15.511
egypt,2011,17.395
egypt,2012,17.486
egypt,2013,17.668
egypt,2014,14.968
egypt,2015,15.536
egypt,2016,15.579
egypt,2017,19.581
egypt,2018,19.581
egypt,2019,19.581
egypt,2020,19.581
egypt,2021,19.581
egypt,2022,19.581
el_salvador,1992,1.5344
el_salvador,1993,1.6381
el_salvador,1994,1.7418
el_salvador,1995,1.8456
el_salvador,1996,1.9493
el_salvador,1997,2.0530
el_salvador,1998,2.1567
el_salvador,1999,2.2604
el_salvador,2000,2.3641
el_salvador,2001,2.4827
el_salvador,2002,2.6013
el_salvador,2003,2.7198
el_salvador,2004,2.8384
el_salvador,2005,2.9570
el_salvador,2006,2.9980
el_salvador,2007,3.0437
el_salvador,2008,3.0946
el_salvador,2009,3.1516
el_salvador,2010,3.2156
el_salvador,2011,3.2879
el_salvador,2012,3.3700
el_salvador,2013,3.4637
el_salvador,2014,3.5714
el_salvador,2015,3.8309
el_salvador,2016,4.0569
el_salvador,2017,4.4220
el_salvador,2018,4.7169
el_salvador,2019,5.1117
el_salvador,2020,5.6619
el_salvador,2021,4.9009
el_salvador,2022,2.7026
equatorial_guinea,1987,0.075070
equatorial_guinea,1988,0.079133
equatorial_guinea,1989,0.083197
equatorial_guinea,1990,0.087260
equatorial_guinea,1991,0.091324
equatorial_guinea,1992,0.095387
equatorial_guinea,1993,0.099451
equatorial_guinea,1994,0.10351
equatorial_guinea,1995,0.10758
equatorial_guinea,1996,0.11164
equatorial_guinea,1997,0.11571
equatorial_guinea,1998,0.11977
equatorial_guinea,1999,0.12383
equatorial_guinea,2000,0.12790
equatorial_guinea,2001,0.13160
equatorial_guinea,2002,0.13531
equatorial_guinea,2003,0.13902
equatorial_guinea,2004,0.14272
equatorial_guinea,2005,0.14643
equatorial_guinea,2006,0.14643
equatorial_guinea,2007,0.14643
equatorial_guinea,2008,0.14643
equatorial_guinea,2009,0.14643
equatorial_guinea,2010,0.14643
equatorial_guinea,2011,0.14643
equatorial_guinea,2012,0.14643
equatorial_guinea,2013,0.14643
equatorial_guinea,2014,0.14643
equatorial_guinea,2015,0.14643
equatorial_guinea,2016,0.14643
equatorial_guinea,2017,0.14643
equatorial_guinea,2018,0.14643
equatorial_guinea,2019,0.14643
equatorial_guinea,2020,0.14643
equatorial_guinea,2021,0.14643
equatorial_guinea,2022,0.14643
eritrea,2000,1.1847
eritrea,2001,1.0373
eritrea,2002,0.88998
eritrea,2003,0.74261
eritrea,2004,0.59524
eritrea,2005,0.59524
eritrea,2006,0.59524
eritrea,2007,0.59524
eritrea,2008,0.59524
eritrea,2009,0.59524
eritrea,2010,0.59524
eritrea,2011,0.59524
eritrea,2012,0.59524
eritrea,2013,0.59524
eritrea,2014,0.59524
eritrea,2015,0.59524
eritrea,2016,0.59524
eritrea,2017,0.59524
eritrea,2018,0.59524
eritrea,2019,0.59524
eritrea,2020,0.59524
eritrea,2021,0.59524
eritrea,2022,0.59524
estonia,1995,0.95238
estonia,1996,0.93408
estonia,1997,0.91638
estonia,1998,0.89925
estonia,1999,0.88267
estonia,2000,0.86659
estonia,2001,0.83787
estonia,2002,0.87768
estonia,2003,0.82193
estonia,2004,0.82395
estonia,2005,0.86705
estonia,2006,0.87705
estonia,2007,0.76579
estonia,2008,0.74357
estonia,2009,0.69356
estonia,2010,0.66012
estonia,2011,0.64644
estonia,2012,0.66017
estonia,2013,0.64635
estonia,2014,0.64620
estonia,2015,0.64501
estonia,2016,0.66016
estonia,2017,0.64287
estonia,2018,0.67209
estonia,2019,0.84477
estonia,2020,0.68119
estonia,2021,0.78009
estonia,2022,0.70344
eswatini,1980,0.79884
eswatini,1981,0.84604
eswatini,1982,0.89325
eswatini,1983,0.94045
eswatini,1984,0.98765
eswatini,1985,1.0349
eswatini,1986,1.0821
eswatini,1987,1.1293
eswatini,1988,1.1765
eswatini,1989,1.2237
eswatini,1990,1.2709
eswatini,1991,1.3181
eswatini,1992,1.3653
eswatini,1993,1.4125
eswatini,1994,1.4597
eswatini,1995,1.5069
eswatini,1996,1.5541
eswatini,1997,1.6013
eswatini,1998,1.6485
eswatini,1999,1.6957
eswatini,2000,1.7429
eswatini,2001,1.9942
eswatini,2002,2.2455
eswatini,2003,2.4967
eswatini,2004,2.7480
eswatini,2005,2.9993
eswatini,2006,2.9993
eswatini,2007,2.9993
eswatini,2008,2.9993
eswatini,2009,2.9993
eswatini,2010,2.9993
eswatini,2011,2.9993
eswatini,2012,2.9993
eswatini,2013,2.9993
eswatini,2014,2.9993
eswatini,2015,2.9993
eswatini,2016,2.9993
eswatini,2017,2.9993
eswatini,2018,2.9993
eswatini,2019,2.9993
eswatini,2020,2.9993
eswatini,2021,2.9993
eswatini,2022,2.9993
ethiopia,2002,1.0183
ethiopia,2003,1.5046
ethiopia,2004,1.9908
ethiopia,2005,2.4771
ethiopia,2006,2.4771
ethiopia,2007,2.4771
ethiopia,2008,2.4771
ethiopia,2009,2.4771
ethiopia,2010,2.4771
ethiopia,2011,2.4771
ethiopia,2012,2.4771
ethiopia,2013,2.4771
ethiopia,2014,2.4771
ethiopia,2015,2.4771
ethiopia,2016,2.4771
ethiopia,2017,2.4771
ethiopia,2018,2.4771
ethiopia,2019,2.4771
ethiopia,2020,2.4771
ethiopia,2021,2.4771
ethiopia,2022,2.4771
europe,2000,2.2420
europe,2001,2.1960
europe,2002,2.1974
europe,2003,2.1720
europe,2004,2.1749
europe,2005,2.2059
europe,2006,2.1170
europe,2007,2.0839
europe,2008,2.1424
europe,2009,2.1455
europe,2010,2.1309
europe,2011,2.0878
europe,2012,2.0828
europe,2013,2.0248
europe,2014,2.1686
europe,2015,2.1551
europe,2016,2.1675
europe,2017,2.2075
europe,2018,2.1879
europe,2019,2.1927
europe,2020,2.1978
europe,2021,2.1943
europe,2022,2.1751
europe_and_northern_america,2000,2.1360
europe_and_northern_america,2001,2.1213
europe_and_northern_america,2002,2.1289
europe_and_northern_america,2003,2.1214
europe_and_northern_america,2004,2.1242
europe_and_northern_america,2005,2.1391
europe_and_northern_america,2006,2.0983
europe_and_northern_america,2007,2.0744
europe_and_northern_america,2008,2.0940
europe_and_northern_america,2009,2.0822
europe_and_northern_america,2010,2.0595
europe_and_northern_america,2011,2.0567
europe_and_northern_america,2012,2.0807
europe_and_northern_america,2013,2.0810
europe_and_northern_america,2014,2.1798
europe_and_northern_america,2015,2.1994
europe_and_northern_america,2016,2.2121
europe_and_northern_america,2017,2.2253
europe_and_northern_america,2018,2.2189
europe_and_northern_america,2019,2.2225
europe_and_northern_america,2020,2.2280
europe_and_northern_america,2021,2.2231
europe_and_northern_america,2022,2.2136
fiji,1987,0.021016
fiji,1988,0.025569
fiji,1989,0.030123
fiji,1990,0.034676
fiji,1991,0.039229
fiji,1992,0.043783
fiji,1993,0.048336
fiji,1994,0.052890
fiji,1995,0.057443
fiji,1996,0.061996
fiji,1997,0.066550
fiji,1998,0.071103
fiji,1999,0.075657
fiji,2000,0.080210
fiji,2001,0.081891
fiji,2002,0.083573
fiji,2003,0.085254
fiji,2004,0.086935
fiji,2005,0.088616
fiji,2006,0.088616
fiji,2007,0.088616
fiji,2008,0.088616
fiji,2009,0.088616
fiji,2010,0.088616
fiji,2011,0.088616
fiji,2012,0.088616
fiji,2013,0.088616
fiji,2014,0.088616
fiji,2015,0.088616
fiji,2016,0.088616
fiji,2017,0.088616
fiji,2018,0.088616
fiji,2019,0.088616
fiji,2020,0.088616
fiji,2021,0.088616
fiji,2022,0.088616
finland,1990,0.99689
finland,1991,0.99291
finland,1992,0.98893
finland,1993,0.98495
finland,1994,0.98098
finland,1995,0.97700
finland,1996,0.95260
finland,1997,0.92820
finland,1998,0.90381
finland,1999,0.87941
finland,2000,1.1985
finland,2001,1.4588
finland,2002,1.7235
finland,2003,1.9960
finland,2004,2.2745
finland,2005,2.5593
finland,2006,0.97083
finland,2007,2.6038
finland,2008,2.4008
finland,2009,2.2013
finland,2010,2.0052
finland,2011,1.8125
finland,2012,1.6547
finland,2013,1.4932
finland,2014,1.2692
finland,2015,1.0919
finland,2016,0.94854
finland,2017,0.94854
finland,2018,0.94854
finland,2019,1.0163
finland,2020,1.0163
finland,2021,1.2205
finland,2022,1.2708
france,1985,5.1675
france,1986,5.1773
france,1987,5.1872
france,1988,5.1971
france,1989,5.2063
france,1990,5.2160
france,1991,5.2003
france,1992,5.2365
france,1993,5.2202
france,1994,5.2038
france,1995,5.1875
france,1996,5.1711
france,1997,5.1547
france,1998,5.1492
france,1999,5.1437
france,2000,5.1381
france,2001,5.1501
france,2002,5.2207
france,2003,5.0176
france,2004,5.0595
france,2005,5.1135
france,2006,4.9445
france,2007,4.9095
france,2008,4.9047
france,2009,4.8295
france,2010,4.9418
france,2011,4.8061
france,2012,4.7098
france,2013,4.7982
france,2014,4.6249
france,2015,4.5662
france,2016,4.5298
france,2017,4.7194
france,2018,4.6540
france,2019,4.6477
france,2020,4.6907
france,2021,4.6145
france,2022,4.6145
gabon,1987,0.15596
gabon,1988,0.16301
gabon,1989,0.17006
gabon,1990,0.17712
gabon,1991,0.18417
gabon,1992,0.19122
gabon,1993,0.19828
gabon,1994,0.20533
gabon,1995,0.21239
gabon,1996,0.21944
gabon,1997,0.22649
gabon,1998,0.23355
gabon,1999,0.24060
gabon,2000,0.24765
gabon,2001,0.25928
gabon,2002,0.27090
gabon,2003,0.28253
gabon,2004,0.29415
gabon,2005,0.30578
gabon,2006,0.30578
gabon,2007,0.30578
gabon,2008,0.30578
gabon,2009,0.30578
gabon,2010,0.30578
gabon,2011,0.30578
gabon,2012,0.30578
gabon,2013,0.30578
gabon,2014,0.30578
gabon,2015,0.30578
gabon,2016,0.30578
gabon,2017,0.30578
gabon,2018,0.30578
gabon,2019,0.30578
gabon,2020,0.30578
gabon,2021,0.30578
gabon,2022,0.30578
gambia,1982,0.030448
gambia,1983,0.069716
gambia,1984,0.10898
gambia,1985,0.14825
gambia,1986,0.18752
gambia,1987,0.22679
gambia,1988,0.26606
gambia,1989,0.30533
gambia,1990,0.34459
gambia,1991,0.38386
gambia,1992,0.42313
gambia,1993,0.46240
gambia,1994,0.50167
gambia,1995,0.54094
gambia,1996,0.58020
gambia,1997,0.61947
gambia,1998,0.65874
gambia,1999,0.69801
gambia,2000,0.73728
gambia,2001,0.76903
gambia,2002,0.80078
gambia,2003,0.83254
gambia,2004,0.86429
gambia,2005,0.89604
gambia,2006,0.89604
gambia,2007,0.89604
gambia,2008,0.89604
gambia,2009,0.89604
gambia,2010,0.89604
gambia,2011,0.89604
gambia,2012,0.89604
gambia,2013,0.89604
gambia,2014,0.89604
gambia,2015,0.89604
gambia,2016,0.89604
gambia,2017,0.89604
gambia,2018,0.89604
gambia,2019,0.89604
gambia,2020,0.89604
gambia,2021,0.89604
gambia,2022,0.89604
georgia,1992,2.1160
georgia,1993,1.9883
georgia,1994,1.8606
georgia,1995,1.7329
georgia,1996,1.6052
georgia,1997,1.4775
georgia,1998,1.3498
georgia,1999,1.2221
georgia,2000,1.0945
georgia,2001,1.1088
georgia,2002,1.1231
georgia,2003,1.1375
georgia,2004,1.1518
georgia,2005,1.1661
georgia,2006,1.1683
georgia,2007,1.1704
georgia,2008,1.1726
georgia,2009,1.4085
georgia,2010,1.6445
georgia,2011,1.8805
georgia,2012,2.1165
georgia,2013,2.3525
georgia,2014,2.5885
georgia,2015,2.8244
georgia,2016,3.0604
georgia,2017,2.2191
georgia,2018,2.0297
georgia,2019,2.1348
georgia,2020,1.9748
georgia,2021,1.7403
georgia,2022,1.6448
germany,1991,13.073
germany,1992,14.654
germany,1993,15.021
germany,1994,15.392
germany,1995,15.823
germany,1996,15.587
germany,1997,15.508
germany,1998,15.189
germany,1999,15.477
germany,2000,15.594
germany,2001,16.043
germany,2002,15.400
germany,2003,14.906
germany,2004,14.574
germany,2005,14.629
germany,2006,14.849
germany,2007,12.691
germany,2008,14.857
germany,2009,14.652
germany,2010,12.769
germany,2011,14.870
germany,2012,14.839
germany,2013,12.124
germany,2014,14.842
germany,2015,14.672
germany,2016,11.850
germany,2017,14.418
germany,2018,14.445
germany,2019,14.683
germany,2020,14.683
germany,2021,14.683
germany,2022,14.683
ghana,1970,0.45772
ghana,1971,0.47661
ghana,1972,0.49550
ghana,1973,0.51439
ghana,1974,0.53328
ghana,1975,0.55217
ghana,1976,0.57105
ghana,1977,0.58994
ghana,1978,0.60883
ghana,1979,0.62772
ghana,1980,0.64661
ghana,1981,0.66550
ghana,1982,0.68439
ghana,1983,0.70328
ghana,1984,0.72217
ghana,1985,0.74106
ghana,1986,0.75995
ghana,1987,0.77884
ghana,1988,0.79773
ghana,1989,0.81662
ghana,1990,0.83551
ghana,1991,0.85440
ghana,1992,0.87329
ghana,1993,0.89218
ghana,1994,0.91107
ghana,1995,0.92996
ghana,1996,0.94885
ghana,1997,0.96774
ghana,1998,0.98663
ghana,1999,1.0055
ghana,2000,1.0244
ghana,2001,1.0288
ghana,2002,1.0331
ghana,2003,1.0375
ghana,2004,1.0418
ghana,2005,1.0462
ghana,2006,1.0506
ghana,2007,1.0549
ghana,2008,1.0593
ghana,2009,1.0636
ghana,2010,1.0680
ghana,2011,1.0854
ghana,2012,1.1116
ghana,2013,1.0942
ghana,2014,1.0820
ghana,2015,1.3060
ghana,2016,1.2917
ghana,2017,1.2917
ghana,2018,1.2917
ghana,2019,1.2917
ghana,2020,1.2917
ghana,2021,1.2917
ghana,2022,1.2917
greece,1975,1.1835
greece,1976,1.2252
greece,1977,1.2670
greece,1978,1.3087
greece,1979,1.3505
greece,1980,1.3922
greece,1981,1.3787
greece,1982,1.3652
greece,1983,1.3517
greece,1984,1.3382
greece,1985,1.3247
greece,1986,1.3233
greece,1987,1.3269
greece,1988,1.3344
greece,1989,1.3447
greece,1990,1.4980
greece,1991,1.3865
greece,1992,1.5695
greece,1993,1.4453
greece,1994,1.4749
greece,1995,1.6734
greece,1996,1.6209
greece,1997,1.7407
greece,1998,1.6704
greece,1999,1.6073
greece,2000,1.5503
greece,2001,1.5905
greece,2002,1.7473
greece,2003,1.7058
greece,2004,1.7295
greece,2005,1.7552
greece,2006,1.7552
greece,2007,1.7101
greece,2008,1.9480
greece,2009,2.1888
greece,2010,2.4322
greece,2011,2.6786
greece,2012,3.0872
greece,2013,3.0670
greece,2014,3.0505
greece,2015,3.0326
greece,2016,3.4129
greece,2017,3.4129
greece,2018,3.4129
greece,2019,3.4129
greece,2020,3.4129
greece,2021,3.4129
greece,2022,3.4038
grenada,2014,6.0000
grenada,2015,6.0000
grenada,2016,6.0000
grenada,2017,6.0000
grenada,2018,6.0000
grenada,2019,6.0000
grenada,2020,6.0000
grenada,2021,6.0000
grenada,2022,6.0000
guatemala,2001,0.85910
guatemala,2002,0.97576
guatemala,2003,1.0924
guatemala,2004,1.2091
guatemala,2005,1.3257
guatemala,2006,1.4424
guatemala,2007,1.4424
guatemala,2008,1.4424
guatemala,2009,1.4424
guatemala,2010,1.4424
guatemala,2011,1.4424
guatemala,2012,1.4424
guatemala,2013,1.4424
guatemala,2014,1.4424
guatemala,2015,1.4424
guatemala,2016,1.4424
guatemala,2017,1.4424
guatemala,2018,1.4424
guatemala,2019,1.4424
guatemala,2020,1.4424
guatemala,2021,1.4424
guatemala,2022,1.4424
guinea,1987,0.11385
guinea,1988,0.12973
guinea,1989,0.14562
guinea,1990,0.16151
guinea,1991,0.17739
guinea,1992,0.19327
guinea,1993,0.20915
guinea,1994,0.22503
guinea,1995,0.24091
guinea,1996,0.25678
guinea,1997,0.27265
guinea,1998,0.28852
guinea,1999,0.30439
guinea,2000,0.32025
guinea,2001,0.32529
guinea,2002,0.32015
guinea,2003,0.31545
guinea,2004,0.31116
guinea,2005,0.30722
guinea,2006,0.31175
guinea,2007,0.31608
guinea,2008,0.32022
guinea,2009,0.32418
guinea,2010,0.32798
guinea,2011,0.33164
guinea,2012,0.33515
guinea,2013,0.33854
guinea,2014,0.34181
guinea,2015,0.34497
guinea,2016,0.34802
guinea,2017,0.35098
guinea,2018,0.35385
guinea,2019,0.35385
guinea,2020,0.35385
guinea,2021,0.35385
guinea,2022,0.35385
guinea_bissau,1991,0.085470
guinea_bissau,1992,0.10769
guinea_bissau,1993,0.12991
guinea_bissau,1994,0.15214
guinea_bissau,1995,0.17436
guinea_bissau,1996,0.19658
guinea_bissau,1997,0.19658
guinea_bissau,1998,0.19658
guinea_bissau,1999,0.19658
guinea_bissau,2000,0.19658
guinea_bissau,2001,0.21192
guinea_bissau,2002,0.22676
guinea_bissau,2003,0.24110
guinea_bissau,2004,0.25499
guinea_bissau,2005,0.26844
guinea_bissau,2006,0.26844
guinea_bissau,2007,0.26844
guinea_bissau,2008,0.26844
guinea_bissau,2009,0.26844
guinea_bissau,2010,0.26844
guinea_bissau,2011,0.26844
guinea_bissau,2012,0.26844
guinea_bissau,2013,0.26844
guinea_bissau,2014,0.26844
guinea_bissau,2015,0.26844
guinea_bissau,2016,0.26844
guinea_bissau,2017,0.26844
guinea_bissau,2018,0.26844
guinea_bissau,2019,0.26844
guinea_bissau,2020,0.26844
guinea_bissau,2021,0.26844
guinea_bissau,2022,0.26844
guyana,1992,0.034247
guyana,1993,0.038527
guyana,1994,0.042808
guyana,1995,0.047089
guyana,1996,0.051370
guyana,1997,0.055651
guyana,1998,0.059932
guyana,1999,0.064212
guyana,2000,0.068493
guyana,2001,0.082785
guyana,2002,0.097078
guyana,2003,0.11137
guyana,2004,0.12566
guyana,2005,0.13995
guyana,2006,0.13995
guyana,2007,0.13995
guyana,2008,0.13995
guyana,2009,0.13995
guyana,2010,0.13995
guyana,2011,0.13995
guyana,2012,0.13995
guyana,2013,0.13995
guyana,2014,0.13995
guyana,2015,0.13995
guyana,2016,0.13995
guyana,2017,0.13995
guyana,2018,0.13995
guyana,2019,0.13995
guyana,2020,0.13995
guyana,2021,0.13995
guyana,2022,0.13995
haiti,1991,0.46059
haiti,1992,0.60158
haiti,1993,0.74257
haiti,1994,0.88356
haiti,1995,1.0246
haiti,1996,1.0766
haiti,1997,1.1287
haiti,1998,1.1808
haiti,1999,1.2329
haiti,2000,1.2850
haiti,2001,1.3371
haiti,2002,1.3891
haiti,2003,1.4412
haiti,2004,1.4933
haiti,2005,1.5454
haiti,2006,1.5975
haiti,2007,1.6496
haiti,2008,1.7017
haiti,2009,1.7537
haiti,2010,1.7537
haiti,2011,1.7537
haiti,2012,1.7537
haiti,2013,1.7537
haiti,2014,1.7537
haiti,2015,1.7537
haiti,2016,1.7537
haiti,2017,1.7537
haiti,2018,1.7537
haiti,2019,1.7537
haiti,2020,1.7537
haiti,2021,1.7537
haiti,2022,1.7537
honduras,2003,0.90585
honduras,2004,0.90585
honduras,2005,0.90585
honduras,2006,0.90585
honduras,2007,0.90585
honduras,2008,0.90585
honduras,2009,0.90585
honduras,2010,0.90585
honduras,2011,0.90585
honduras,2012,0.90585
honduras,2013,0.90585
honduras,2014,0.90585
honduras,2015,0.90585
honduras,2016,0.90585
honduras,2017,0.90585
honduras,2018,0.90585
honduras,2019,0.90585
honduras,2020,0.90585
honduras,2021,0.90585
honduras,2022,0.90585
hungary,1970,1.1193
hungary,1971,1.1591
hungary,1972,1.1988
hungary,1973,1.2386
hungary,1974,1.2783
hungary,1975,1.3181
hungary,1976,1.3739
hungary,1977,1.4297
hungary,1978,1.4854
hungary,1979,1.5412
hungary,1980,1.5970
hungary,1981,1.4750
hungary,1982,1.3530
hungary,1983,1.2310
hungary,1984,1.1090
hungary,1985,0.98705
hungary,1986,1.0888
hungary,1987,1.1906
hungary,1988,1.2924
hungary,1989,1.3942
hungary,1990,1.4960
hungary,1991,1.5978
hungary,1992,1.6996
hungary,1993,1.6326
hungary,1994,1.5656
hungary,1995,1.4985
hungary,1996,1.4315
hungary,1997,1.4526
hungary,1998,1.4744
hungary,1999,1.4817
hungary,2000,1.4277
hungary,2001,1.4324
hungary,2002,1.4455
hungary,2003,1.4199
hungary,2004,1.4086
hungary,2005,1.4538
hungary,2006,1.3998
hungary,2007,1.3450
hungary,2008,1.3313
hungary,2009,1.5539
hungary,2010,1.3154
hungary,2011,1.2796
hungary,2012,1.2366
hungary,2013,1.1737
hungary,2014,0.91889
hungary,2015,0.97635
hungary,2016,0.93492
hungary,2017,1.1409
hungary,2018,1.1421
hungary,2019,1.1338
hungary,2020,1.0993
hungary,2021,1.0885
hungary,2022,1.0776
iceland,1980,0.12773
iceland,1981,0.12882
iceland,1982,0.12991
iceland,1983,0.13100
iceland,1984,0.13208
iceland,1985,0.13317
iceland,1986,0.14625
iceland,1987,0.15933
iceland,1988,0.17241
iceland,1989,0.18549
iceland,1990,0.19857
iceland,1991,0.15839
iceland,1992,0.11822
iceland,1993,0.11686
iceland,1994,0.11550
iceland,1995,0.11415
iceland,1996,0.11279
iceland,1997,0.11143
iceland,1998,0.11007
iceland,1999,0.10871
iceland,2000,0.10735
iceland,2001,0.10871
iceland,2002,0.11007
iceland,2003,0.11007
iceland,2004,0.11007
iceland,2005,0.11138
iceland,2006,0.11324
iceland,2007,0.11412
iceland,2008,0.11641
iceland,2009,0.11695
iceland,2010,0.11839
iceland,2011,0.11886
iceland,2012,0.12760
iceland,2013,0.11682
iceland,2014,0.10335
iceland,2015,0.10918
iceland,2016,0.10871
iceland,2017,0.11328
iceland,2018,0.11328
iceland,2019,0.11328
iceland,2020,0.11328
iceland,2021,0.11328
iceland,2022,0.11328
india,1975,1.1707
india,1976,1.2251
india,1977,1.2795
india,1978,1.3339
india,1979,1.3884
india,1980,1.4428
india,1981,1.4972
india,1982,1.5517
india,1983,1.6061
india,1984,1.6605
india,1985,1.7149
india,1986,1.8854
india,1987,2.0559
india,1988,2.2263
india,1989,2.3968
india,1990,2.5673
india,1991,2.7418
india,1992,2.9164
india,1993,3.0910
india,1994,3.2656
india,1995,3.4401
india,1996,3.6147
india,1997,3.7893
india,1998,3.9639
india,1999,4.1384
india,2000,4.3130
india,2001,4.4568
india,2002,4.6005
india,2003,4.7443
india,2004,4.5572
india,2005,4.6154
india,2006,4.6726
india,2007,4.7290
india,2008,4.7844
india,2009,4.8391
india,2010,4.8930
india,2011,4.8930
india,2012,4.8930
india,2013,4.8930
india,2014,4.8930
india,2015,4.8930
india,2016,4.8930
india,2017,4.8930
india,2018,4.8930
india,2019,4.8930
india,2020,4.8930
india,2021,4.8930
india,2022,4.8930
indonesia,1990,0.63063
indonesia,1991,0.74267
indonesia,1992,0.85472
indonesia,1993,0.96677
indonesia,1994,1.0788
indonesia,1995,1.1909
indonesia,1996,1.3029
indonesia,1997,1.4150
indonesia,1998,1.5270
indonesia,1999,1.6390
indonesia,2000,1.7511
indonesia,2001,1.7261
indonesia,2002,1.7072
indonesia,2003,1.6931
indonesia,2004,1.6830
indonesia,2005,1.6760
indonesia,2006,1.7994
indonesia,2007,1.9235
indonesia,2008,2.0484
indonesia,2009,2.1738
indonesia,2010,2.2999
indonesia,2011,2.4265
indonesia,2012,2.5535
indonesia,2013,2.6810
indonesia,2014,2.8089
indonesia,2015,2.9898
indonesia,2016,3.1746
indonesia,2017,3.1746
indonesia,2018,3.1746
indonesia,2019,3.1746
indonesia,2020,3.1746
indonesia,2021,3.1746
indonesia,2022,3.1746
iran_islamic_republic_of,1993,3.8435
iran_islamic_republic_of,1994,4.5453
iran_islamic_republic_of,1995,5.2471
iran_islamic_republic_of,1996,4.9847
iran_islamic_republic_of,1997,4.7224
iran_islamic_republic_of,1998,4.4600
iran_islamic_republic_of,1999,4.1977
iran_islamic_republic_of,2000,3.9353
iran_islamic_republic_of,2001,4.3046
iran_islamic_republic_of,2002,4.6736
iran_islamic_republic_of,2003,5.0422
iran_islamic_republic_of,2004,5.4018
iran_islamic_republic_of,2005,5.4018
iran_islamic_republic_of,2006,5.4018
iran_islamic_republic_of,2007,5.4018
iran_islamic_republic_of,2008,5.4018
iran_islamic_republic_of,2009,5.4018
iran_islamic_republic_of,2010,5.4018
iran_islamic_republic_of,2011,5.4018
iran_islamic_republic_of,2012,5.4018
iran_islamic_republic_of,2013,5.4018
iran_islamic_republic_of,2014,5.4018
iran_islamic_republic_of,2015,5.4018
iran_islamic_republic_of,2016,5.4018
iran_islamic_republic_of,2017,5.4018
iran_islamic_republic_of,2018,5.4018
iran_islamic_republic_of,2019,5.4018
iran_islamic_republic_of,2020,5.4018
iran_islamic_republic_of,2021,5.4018
iran_islamic_republic_of,2022,5.4018
iraq,1975,0.81461
iraq,1976,0.85236
iraq,1977,0.89045
iraq,1978,0.92837
iraq,1979,0.96629
iraq,1980,1.0042
iraq,1981,1.0421
iraq,1982,1.0801
iraq,1983,1.1180
iraq,1984,1.1559
iraq,1985,1.1938
iraq,1986,1.3146
iraq,1987,1.4354
iraq,1988,1.5562
iraq,1989,1.6770
iraq,1990,1.7978
iraq,1991,2.2219
iraq,1992,2.6461
iraq,1993,3.0702
iraq,1994,3.4944
iraq,1995,3.9185
iraq,1996,4.3426
iraq,1997,4.7663
iraq,1998,5.1904
iraq,1999,5.6146
iraq,2000,6.0386
iraq,2001,5.7377
iraq,2002,5.4367
iraq,2003,5.1358
iraq,2004,4.8348
iraq,2005,4.5339
iraq,2006,4.2329
iraq,2007,3.9320
iraq,2008,3.6310
iraq,2009,3.3301
iraq,2010,3.0291
iraq,2011,2.7282
iraq,2012,2.4272
iraq,2013,2.1262
iraq,2014,1.8253
iraq,2015,1.5585
iraq,2016,1.7257
iraq,2017,1.6149
iraq,2018,1.5025
iraq,2019,9.6907
iraq,2020,11.957
iraq,2021,9.4592
iraq,2022,9.4592
ireland,1980,1.9875
ireland,1981,2.0071
ireland,1982,2.0267
ireland,1983,2.0463
ireland,1984,2.0659
ireland,1985,2.0855
ireland,1986,2.1050
ireland,1987,2.1246
ireland,1988,2.1442
ireland,1989,2.1638
ireland,1990,2.1834
ireland,1991,2.2030
ireland,1992,2.2226
ireland,1993,2.2422
ireland,1994,2.2618
ireland,1995,2.3170
ireland,1996,2.3711
ireland,1997,2.4238
ireland,1998,2.4752
ireland,1999,2.5250
ireland,2000,2.5732
ireland,2001,2.6195
ireland,2002,2.6640
ireland,2003,2.7954
ireland,2004,2.8950
ireland,2005,3.8450
ireland,2006,2.9131
ireland,2007,3.2676
ireland,2008,2.8040
ireland,2009,3.2724
ireland,2010,2.8759
ireland,2011,2.9914
ireland,2012,3.0894
ireland,2013,3.2337
ireland,2014,3.3748
ireland,2015,3.4083
ireland,2016,3.5108
ireland,2017,3.9863
ireland,2018,4.4126
ireland,2019,4.7472
ireland,2020,4.7498
ireland,2021,4.8701
ireland,2022,5.3215
israel,1970,20.433
israel,1971,21.565
israel,1972,22.673
israel,1973,23.778
israel,1974,24.879
israel,1975,25.977
israel,1976,27.071
israel,1977,28.163
israel,1978,29.252
israel,1979,30.310
israel,1980,31.363
israel,1981,31.951
israel,1982,32.539
israel,1983,32.959
israel,1984,33.379
israel,1985,33.799
israel,1986,33.580
israel,1987,33.916
israel,1988,34.947
israel,1989,35.958
israel,1990,36.245
israel,1991,36.006
israel,1992,35.766
israel,1993,35.526
israel,1994,35.286
israel,1995,35.323
israel,1996,37.852
israel,1997,40.373
israel,1998,42.886
israel,1999,45.393
israel,2000,47.893
israel,2001,48.959
israel,2002,50.036
israel,2003,55.687
israel,2004,44.608
israel,2005,44.494
israel,2006,44.381
israel,2007,44.270
israel,2008,44.161
israel,2009,44.054
israel,2010,41.508
israel,2011,41.793
israel,2012,41.930
israel,2013,41.926
israel,2014,41.791
israel,2015,41.532
israel,2016,42.837
israel,2017,44.913
israel,2018,42.244
israel,2019,43.323
israel,2020,45.869
israel,2021,50.381
israel,2022,49.777
italy,1970,6.1679
italy,1971,6.2444
italy,1972,6.3209
italy,1973,6.3974
italy,1974,6.4739
italy,1975,6.5504
italy,1976,6.6268
italy,1977,6.7033
italy,1978,6.7798
italy,1979,6.8563
italy,1980,6.9328
italy,1981,6.8122
italy,1982,6.6917
italy,1983,6.5712
italy,1984,6.4506
italy,1985,6.3301
italy,1986,6.2095
italy,1987,6.0819
italy,1988,5.9592
italy,1989,5.8365
italy,1990,5.7139
italy,1991,5.9691
italy,1992,6.2243
italy,1993,6.4795
italy,1994,6.7347
italy,1995,6.9899
italy,1996,7.2452
italy,1997,7.5004
italy,1998,7.7557
italy,1999,8.0107
italy,2000,7.9450
italy,2001,7.9256
italy,2002,7.9066
italy,2003,7.8881
italy,2004,7.8701
italy,2005,7.8426
italy,2006,7.8843
italy,2007,7.9258
italy,2008,7.9859
italy,2009,8.0460
italy,2010,8.1227
italy,2011,8.1995
italy,2012,8.2762
italy,2013,8.3178
italy,2014,8.3111
italy,2015,8.3045
italy,2016,8.2277
italy,2017,8.1509
italy,2018,8.0741
italy,2019,8.0997
italy,2020,8.0759
italy,2021,8.0171
italy,2022,8.0451
jamaica,1993,1.5422
jamaica,1994,1.6999
jamaica,1995,1.8659
jamaica,1996,2.0405
jamaica,1997,2.2238
jamaica,1998,2.4160
jamaica,1999,2.6174
jamaica,2000,2.8281
jamaica,2001,3.0483
jamaica,2002,3.2783
jamaica,2003,3.5184
jamaica,2004,3.7686
jamaica,2005,4.0294
jamaica,2006,3.7768
jamaica,2007,3.5658
jamaica,2008,3.4014
jamaica,2009,3.2593
jamaica,2010,3.1355
jamaica,2011,3.0268
jamaica,2012,2.9306
jamaica,2013,2.8449
jamaica,2014,2.7683
jamaica,2015,1.9521
jamaica,2016,1.2897
jamaica,2017,2.1537
jamaica,2018,3.3808
jamaica,2019,5.2779
jamaica,2020,7.9764
jamaica,2021,9.0930
jamaica,2022,9.0930
japan,1980,6.2989
japan,1981,6.4253
japan,1982,6.5517
japan,1983,6.6782
japan,1984,6.8046
japan,1985,6.9310
japan,1986,7.0575
japan,1987,7.1839
japan,1988,7.3103
japan,1989,7.4368
japan,1990,7.5632
japan,1991,7.6897
japan,1992,7.8161
japan,1993,7.7149
japan,1994,7.6138
japan,1995,7.5093
japan,1996,7.5583
japan,1997,7.6069
japan,1998,7.7360
japan,1999,7.8658
japan,2000,7.9965
japan,2001,7.7319
japan,2002,7.4674
japan,2003,7.4153
japan,2004,7.3633
japan,2005,7.3112
japan,2006,7.2591
japan,2007,7.1984
japan,2008,7.1318
japan,2009,7.0652
japan,2010,7.0214
japan,2011,6.9776
japan,2012,6.9338
japan,2013,6.8900
japan,2014,6.8462
japan,2015,6.8024
japan,2016,6.7586
japan,2017,6.7126
japan,2018,6.8966
japan,2019,6.8046
japan,2020,6.2069
japan,2021,6.2225
japan,2022,6.2225
jordan,1975,14.509
jordan,1976,14.553
jordan,1977,14.597
jordan,1978,14.642
jordan,1979,14.686
jordan,1980,14.730
jordan,1981,14.775
jordan,1982,14.819
jordan,1983,14.863
jordan,1984,14.908
jordan,1985,14.952
jordan,1986,15.926
jordan,1987,16.901
jordan,1988,17.876
jordan,1989,18.850
jordan,1990,18.769
jordan,1991,20.657
jordan,1992,22.549
jordan,1993,22.792
jordan,1994,23.064
jordan,1995,23.332
jordan,1996,23.595
jordan,1997,23.853
jordan,1998,24.111
jordan,1999,24.144
jordan,2000,24.155
jordan,2001,24.831
jordan,2002,25.368
jordan,2003,26.824
jordan,2004,29.051
jordan,2005,29.701
jordan,2006,32.229
jordan,2007,32.562
jordan,2008,34.888
jordan,2009,36.106
jordan,2010,38.985
jordan,2011,34.025
jordan,2012,39.207
jordan,2013,42.197
jordan,2014,44.548
jordan,2015,43.534
jordan,2016,43.794
jordan,2017,44.778
jordan,2018,45.538
jordan,2019,46.958
jordan,2020,47.740
jordan,2021,46.149
jordan,2022,47.358
kazakhstan,1993,0.79798
kazakhstan,1994,0.78410
kazakhstan,1995,0.77022
kazakhstan,1996,1.1858
kazakhstan,1997,1.5968
kazakhstan,1998,2.0019
kazakhstan,1999,2.3992
kazakhstan,2000,3.0148
kazakhstan,2001,2.9599
kazakhstan,2002,3.1679
kazakhstan,2003,3.2914
kazakhstan,2004,3.2348
kazakhstan,2005,3.3397
kazakhstan,2006,3.5307
kazakhstan,2007,3.5269
kazakhstan,2008,3.6338
kazakhstan,2009,3.8893
kazakhstan,2010,3.8575
kazakhstan,2011,3.4175
kazakhstan,2012,3.6427
kazakhstan,2013,3.2542
kazakhstan,2014,3.2655
kazakhstan,2015,3.2095
kazakhstan,2016,2.9841
kazakhstan,2017,2.9891
kazakhstan,2018,5.0430
kazakhstan,2019,5.3086
kazakhstan,2020,6.6741
kazakhstan,2021,5.5303
kazakhstan,2022,6.7185
kenya,1990,3.3223
kenya,1991,3.3648
kenya,1992,3.4073
kenya,1993,3.4498
kenya,1994,3.4923
kenya,1995,3.5348
kenya,1996,3.5773
kenya,1997,3.6198
kenya,1998,3.6622
kenya,1999,3.7047
kenya,2000,3.7472
kenya,2001,3.7897
kenya,2002,3.8322
kenya,2003,3.8747
kenya,2004,4.7179
kenya,2005,5.5612
kenya,2006,6.4044
kenya,2007,7.2477
kenya,2008,8.0909
kenya,2009,8.9342
kenya,2010,9.7774
kenya,2011,9.7786
kenya,2012,9.7798
kenya,2013,9.7811
kenya,2014,9.7823
kenya,2015,9.7835
kenya,2016,4.0808
kenya,2017,4.0808
kenya,2018,4.0808
kenya,2019,4.0808
kenya,2020,4.0808
kenya,2021,4.0808
kenya,2022,4.0808
kuwait,1993,573.49
kuwait,1994,516.57
kuwait,1995,564.35
kuwait,1996,611.91
kuwait,1997,659.27
kuwait,1998,706.49
kuwait,1999,769.76
kuwait,2000,833.26
kuwait,2001,871.65
kuwait,2002,910.03
kuwait,2003,959.25
kuwait,2004,1008.6
kuwait,2005,1058.0
kuwait,2006,1087.1
kuwait,2007,1115.3
kuwait,2008,1142.7
kuwait,2009,1169.3
kuwait,2010,1195.2
kuwait,2011,1220.3
kuwait,2012,1244.8
kuwait,2013,1268.7
kuwait,2014,1291.9
kuwait,2015,1314.5
kuwait,2016,1342.0
kuwait,2017,1380.9
kuwait,2018,1380.9
kuwait,2019,1380.9
kuwait,2020,1380.9
kuwait,2021,1380.9
kuwait,2022,1380.9
kyrgyzstan,1994,1.8969
kyrgyzstan,1995,1.9271
kyrgyzstan,1996,1.9564
kyrgyzstan,1997,1.9864
kyrgyzstan,1998,2.0174
kyrgyzstan,1999,2.0470
kyrgyzstan,2000,2.0777
kyrgyzstan,2001,1.9636
kyrgyzstan,2002,1.8500
kyrgyzstan,2003,1.7367
kyrgyzstan,2004,1.6239
kyrgyzstan,2005,1.5116
kyrgyzstan,2006,1.3999
kyrgyzstan,2007,1.4121
kyrgyzstan,2008,1.4246
kyrgyzstan,2009,1.4372
kyrgyzstan,2010,1.4501
kyrgyzstan,2011,1.4633
kyrgyzstan,2012,1.4633
kyrgyzstan,2013,1.4633
kyrgyzstan,2014,1.4633
kyrgyzstan,2015,1.4633
kyrgyzstan,2016,1.4633
kyrgyzstan,2017,1.4633
kyrgyzstan,2018,1.4633
kyrgyzstan,2019,1.4633
kyrgyzstan,2020,1.4633
kyrgyzstan,2021,1.4633
kyrgyzstan,2022,1.4633
land_locked_developing_countries,2000,0.90446
land_locked_developing_countries,2001,0.91964
land_locked_developing_countries,2002,0.96863
land_locked_developing_countries,2003,1.0199
land_locked_developing_countries,2004,1.0771
land_locked_developing_countries,2005,0.96471
land_locked_developing_countries,2006,0.96879
land_locked_developing_countries,2007,0.95220
land_locked_developing_countries,2008,0.92682
land_locked_developing_countries,2009,0.91783
land_locked_developing_countries,2010,0.91921
land_locked_developing_countries,2011,0.88520
land_locked_developing_countries,2012,0.89933
land_locked_developing_countries,2013,0.87671
land_locked_developing_countries,2014,0.87656
land_locked_developing_countries,2015,0.88071
land_locked_developing_countries,2016,0.86602
land_locked_developing_countries,2017,0.89036
land_locked_developing_countries,2018,1.0122
land_locked_developing_countries,2019,1.0104
land_locked_developing_countries,2020,1.0765
land_locked_developing_countries,2021,1.0516
land_locked_developing_countries,2022,1.1066
lao_people_s_democratic_republic,2005,0.084746
lao_people_s_democratic_republic,2006,0.084746
lao_people_s_democratic_republic,2007,0.084746
lao_people_s_democratic_republic,2008,0.084746
lao_people_s_democratic_republic,2009,0.084746
lao_people_s_democratic_republic,2010,0.084746
lao_people_s_democratic_republic,2011,0.084746
lao_people_s_democratic_republic,2012,0.084746
lao_people_s_democratic_republic,2013,0.084746
lao_people_s_democratic_republic,2014,0.084746
lao_people_s_democratic_republic,2015,0.084746
lao_people_s_democratic_republic,2016,0.084746
lao_people_s_democratic_republic,2017,0.084746
lao_people_s_democratic_republic,2018,0.084746
lao_people_s_democratic_republic,2019,0.084746
lao_people_s_democratic_republic,2020,0.084746
lao_people_s_democratic_republic,2021,0.084746
lao_people_s_democratic_republic,2022,0.084746
latin_america_and_the_caribbean,2000,0.70158
latin_america_and_the_caribbean,2001,0.90583
latin_america_and_the_caribbean,2002,0.92737
latin_america_and_the_caribbean,2003,0.96454
latin_america_and_the_caribbean,2004,0.98925
latin_america_and_the_caribbean,2005,1.0110
latin_america_and_the_caribbean,2006,1.0283
latin_america_and_the_caribbean,2007,1.0507
latin_america_and_the_caribbean,2008,0.94902
latin_america_and_the_caribbean,2009,0.96008
latin_america_and_the_caribbean,2010,0.91004
latin_america_and_the_caribbean,2011,0.91441
latin_america_and_the_caribbean,2012,0.90385
latin_america_and_the_caribbean,2013,0.90194
latin_america_and_the_caribbean,2014,0.90207
latin_america_and_the_caribbean,2015,0.91387
latin_america_and_the_caribbean,2016,0.91315
latin_america_and_the_caribbean,2017,0.93906
latin_america_and_the_caribbean,2018,0.90491
latin_america_and_the_caribbean,2019,0.92027
latin_america_and_the_caribbean,2020,0.92664
latin_america_and_the_caribbean,2021,0.94759
latin_america_and_the_caribbean,2022,0.94682
latvia,2007,0.69744
latvia,2008,0.78908
latvia,2009,1.3887
latvia,2010,0.98514
latvia,2011,1.3430
latvia,2012,0.91678
latvia,2013,0.89401
latvia,2014,0.55786
latvia,2015,0.54511
latvia,2016,0.51573
latvia,2017,0.51881
latvia,2018,0.53600
latvia,2019,0.52466
latvia,2020,0.56193
latvia,2021,0.57257
latvia,2022,0.54181
least_developed_countries,2000,0.59093
least_developed_countries,2001,0.60825
least_developed_countries,2002,0.63286
least_developed_countries,2003,0.65882
least_developed_countries,2004,0.68143
least_developed_countries,2005,0.65888
least_developed_countries,2006,0.65002
least_developed_countries,2007,0.65657
least_developed_countries,2008,0.52806
least_developed_countries,2009,0.52871
least_developed_countries,2010,0.52917
least_developed_countries,2011,0.52962
least_developed_countries,2012,0.52828
least_developed_countries,2013,0.53133
least_developed_countries,2014,0.53491
least_developed_countries,2015,0.53678
least_developed_countries,2016,0.53766
least_developed_countries,2017,0.53844
least_developed_countries,2018,0.53899
least_developed_countries,2019,0.53960
least_developed_countries,2020,0.53962
least_developed_countries,2021,0.53960
least_developed_countries,2022,0.53962
lebanon,1975,2.6931
lebanon,1976,3.1798
lebanon,1977,3.6645
lebanon,1978,4.1531
lebanon,1979,4.6376
lebanon,1980,5.1265
lebanon,1981,5.6094
lebanon,1982,6.0999
lebanon,1983,6.5866
lebanon,1984,7.0733
lebanon,1985,7.5600
lebanon,1986,8.0467
lebanon,1987,8.5334
lebanon,1988,9.0201
lebanon,1989,9.5068
lebanon,1990,9.9935
lebanon,1991,10.463
lebanon,1992,10.951
lebanon,1993,11.435
lebanon,1994,11.922
lebanon,1995,12.279
lebanon,1996,12.636
lebanon,1997,12.994
lebanon,1998,13.351
lebanon,1999,13.708
lebanon,2000,12.444
lebanon,2001,12.105
lebanon,2002,11.768
lebanon,2003,11.431
lebanon,2004,11.094
lebanon,2005,10.315
lebanon,2006,10.173
lebanon,2007,9.9951
lebanon,2008,9.7859
lebanon,2009,9.5484
lebanon,2010,9.2857
lebanon,2011,9.0001
lebanon,2012,8.6938
lebanon,2013,8.3687
lebanon,2014,8.0265
lebanon,2015,7.6687
lebanon,2016,7.6687
lebanon,2017,7.6687
lebanon,2018,7.6687
lebanon,2019,7.6687
lebanon,2020,7.6687
lebanon,2021,7.6687
lebanon,2022,7.6687
lesotho,1987,0.64441
lesotho,1988,0.68496
lesotho,1989,0.72552
lesotho,1990,0.76608
lesotho,1991,0.80663
lesotho,1992,0.84719
lesotho,1993,0.88775
lesotho,1994,0.92830
lesotho,1995,0.96886
lesotho,1996,1.0094
lesotho,1997,1.0500
lesotho,1998,1.0905
lesotho,1999,1.1311
lesotho,2000,1.1716
lesotho,2001,1.1716
lesotho,2002,1.1716
lesotho,2003,1.1716
lesotho,2004,1.1716
lesotho,2005,1.1716
lesotho,2006,1.1716
lesotho,2007,1.1716
lesotho,2008,1.1716
lesotho,2009,1.1716
lesotho,2010,1.1716
lesotho,2011,1.1716
lesotho,2012,1.1716
lesotho,2013,1.1716
lesotho,2014,1.1716
lesotho,2015,1.1716
lesotho,2016,1.1716
lesotho,2017,1.1716
lesotho,2018,1.1716
lesotho,2019,1.1716
lesotho,2020,1.1716
lesotho,2021,1.1716
lesotho,2022,1.1716
liberia,1987,0.063587
liberia,1988,0.068604
liberia,1989,0.073620
liberia,1990,0.078637
liberia,1991,0.083654
liberia,1992,0.088671
liberia,1993,0.093687
liberia,1994,0.098704
liberia,1995,0.10372
liberia,1996,0.10874
liberia,1997,0.11375
liberia,1998,0.11877
liberia,1999,0.12379
liberia,2000,0.12880
liberia,2001,0.13210
liberia,2002,0.13540
liberia,2003,0.13870
liberia,2004,0.14199
liberia,2005,0.14529
liberia,2006,0.14529
liberia,2007,0.14529
liberia,2008,0.14529
liberia,2009,0.14529
liberia,2010,0.14529
liberia,2011,0.14529
liberia,2012,0.14529
liberia,2013,0.14529
liberia,2014,0.14529
liberia,2015,0.14529
liberia,2016,0.14529
liberia,2017,0.14529
liberia,2018,0.14529
liberia,2019,0.14529
liberia,2020,0.14529
liberia,2021,0.14529
liberia,2022,0.14529
libya,1985,56.143
libya,1986,56.629
libya,1987,57.114
libya,1988,57.600
libya,1989,58.086
libya,1990,58.571
libya,1991,61.786
libya,1992,65.000
libya,1993,68.214
libya,1994,71.429
libya,1995,74.049
libya,1996,76.669
libya,1997,79.289
libya,1998,81.575
libya,1999,84.181
libya,2000,86.780
libya,2001,89.111
libya,2002,91.442
libya,2003,93.772
libya,2004,96.103
libya,2005,98.434
libya,2006,98.341
libya,2007,98.266
libya,2008,98.208
libya,2009,98.164
libya,2010,98.135
libya,2011,98.118
libya,2012,98.113
libya,2013,98.113
libya,2014,98.113
libya,2015,98.113
libya,2016,98.113
libya,2017,98.113
libya,2018,98.113
libya,2019,98.113
libya,2020,98.113
libya,2021,98.113
libya,2022,98.113
lithuania,1995,1.4764
lithuania,1996,1.4387
lithuania,1997,1.4013
lithuania,1998,1.3640
lithuania,1999,1.3270
lithuania,2000,1.2903
lithuania,2001,1.2401
lithuania,2002,1.2285
lithuania,2003,1.2190
lithuania,2004,1.2216
lithuania,2005,1.0599
lithuania,2006,1.2695
lithuania,2007,0.97082
lithuania,2008,1.1685
lithuania,2009,0.99582
lithuania,2010,0.79860
lithuania,2011,0.55656
lithuania,2012,0.57497
lithuania,2013,0.62325
lithuania,2014,0.95602
lithuania,2015,0.91844
lithuania,2016,0.95097
lithuania,2017,0.94016
lithuania,2018,0.98688
lithuania,2019,0.99592
lithuania,2020,0.96972
lithuania,2021,0.99676
lithuania,2022,0.98616
luxembourg,1989,4.6666
luxembourg,1990,4.4749
luxembourg,1991,4.2831
luxembourg,1992,4.0910
luxembourg,1993,3.8987
luxembourg,1994,3.7062
luxembourg,1995,3.5134
luxembourg,1996,3.5954
luxembourg,1997,3.6775
luxembourg,1998,3.7595
luxembourg,1999,3.8415
luxembourg,2000,3.8034
luxembourg,2001,3.7649
luxembourg,2002,3.7586
luxembourg,2003,3.7309
luxembourg,2004,3.7031
luxembourg,2005,3.6752
luxembourg,2006,3.6472
luxembourg,2007,3.6192
luxembourg,2008,3.5910
luxembourg,2009,3.5627
luxembourg,2010,3.6977
luxembourg,2011,3.5146
luxembourg,2012,3.3741
luxembourg,2013,3.3831
luxembourg,2014,3.5382
luxembourg,2015,3.4992
luxembourg,2016,3.5158
luxembourg,2017,3.6153
luxembourg,2018,4.1294
luxembourg,2019,3.6733
luxembourg,2020,3.9635
luxembourg,2021,3.4212
luxembourg,2022,3.6095
madagascar,1984,0.13640
madagascar,1985,0.14037
madagascar,1986,0.14433
madagascar,1987,0.14829
madagascar,1988,0.15226
madagascar,1989,0.15622
madagascar,1990,0.16019
madagascar,1991,0.16415
madagascar,1992,0.16812
madagascar,1993,0.17208
madagascar,1994,0.17605
madagascar,1995,0.18001
madagascar,1996,0.18397
madagascar,1997,0.18794
madagascar,1998,0.19190
madagascar,1999,0.19587
madagascar,2000,0.19983
madagascar,2001,0.20934
madagascar,2002,0.21885
madagascar,2003,0.22835
madagascar,2004,0.23786
madagascar,2005,0.24736
madagascar,2006,0.32812
madagascar,2007,0.32812
madagascar,2008,0.32812
madagascar,2009,0.32812
madagascar,2010,0.32812
madagascar,2011,0.32812
madagascar,2012,0.32812
madagascar,2013,0.32812
madagascar,2014,0.32812
madagascar,2015,0.32812
madagascar,2016,0.32812
madagascar,2017,0.32812
madagascar,2018,0.32812
madagascar,2019,0.32812
madagascar,2020,0.32812
madagascar,2021,0.32812
madagascar,2022,0.32812
malawi,1994,1.2256
malawi,1995,1.2785
malawi,1996,1.3314
malawi,1997,1.3843
malawi,1998,1.4372
malawi,1999,1.4901
malawi,2000,1.5430
malawi,2001,1.6037
malawi,2002,1.6643
malawi,2003,1.7249
malawi,2004,1.7856
malawi,2005,1.8462
malawi,2006,1.8462
malawi,2007,1.8462
malawi,2008,1.8462
malawi,2009,1.8462
malawi,2010,1.8462
malawi,2011,1.8462
malawi,2012,1.8462
malawi,2013,1.8462
malawi,2014,1.8462
malawi,2015,1.8462
malawi,2016,1.8462
malawi,2017,1.8462
malawi,2018,1.8462
malawi,2019,1.8462
malawi,2020,1.8462
malawi,2021,1.8462
malawi,2022,1.8462
malaysia,1990,0.41931
malaysia,1991,0.47301
malaysia,1992,0.52671
malaysia,1993,0.58040
malaysia,1994,0.63408
malaysia,1995,0.79966
malaysia,1996,0.68770
malaysia,1997,0.69260
malaysia,1998,0.69750
malaysia,1999,0.70240
malaysia,2000,0.70729
malaysia,2001,0.71219
malaysia,2002,0.71709
malaysia,2003,0.72198
malaysia,2004,0.72688
malaysia,2005,0.73178
malaysia,2006,0.73668
malaysia,2007,0.74157
malaysia,2008,0.74647
malaysia,2009,0.75137
malaysia,2010,0.75627
malaysia,2011,0.76116
malaysia,2012,0.76606
malaysia,2013,0.77096
malaysia,2014,0.77585
malaysia,2015,0.78075
malaysia,2016,0.82163
malaysia,2017,0.84107
malaysia,2018,0.84107
malaysia,2019,0.84107
malaysia,2020,0.84107
malaysia,2021,0.84107
malaysia,2022,0.84107
maldives,1987,11.000
maldives,1988,11.744
maldives,1989,12.095
maldives,1990,12.627
maldives,1991,12.532
maldives,1992,11.989
maldives,1993,12.187
maldives,1994,12.386
maldives,1995,14.849
maldives,1996,15.391
maldives,1997,15.933
maldives,1998,16.475
maldives,1999,17.017
maldives,2000,17.115
maldives,2001,16.551
maldives,2002,16.310
maldives,2003,16.070
maldives,2004,15.829
maldives,2005,15.213
maldives,2006,15.104
maldives,2007,15.177
maldives,2008,14.870
maldives,2009,9.0395
maldives,2010,3.2090
maldives,2011,14.870
maldives,2012,14.870
maldives,2013,14.870
maldives,2014,14.870
maldives,2015,14.870
maldives,2016,14.870
maldives,2017,14.870
maldives,2018,14.870
maldives,2019,14.870
maldives,2020,14.870
maldives,2021,14.870
maldives,2022,14.870
mali,1987,0.041667
mali,1988,0.048164
mali,1989,0.054662
mali,1990,0.061160
mali,1991,0.067658
mali,1992,0.074155
mali,1993,0.080653
mali,1994,0.087151
mali,1995,0.093648
mali,1996,0.10015
mali,1997,0.10664
mali,1998,0.11314
mali,1999,0.11964
mali,2000,0.12614
mali,2001,0.13263
mali,2002,0.13913
mali,2003,0.14563
mali,2004,0.15213
mali,2005,0.15863
mali,2006,0.16512
mali,2007,0.16512
mali,2008,0.16512
mali,2009,0.16512
mali,2010,0.16512
mali,2011,0.16512
mali,2012,0.16512
mali,2013,0.16512
mali,2014,0.16512
mali,2015,0.16512
mali,2016,0.16512
mali,2017,0.16512
mali,2018,0.16512
mali,2019,0.16512
mali,2020,0.16512
mali,2021,0.16512
mali,2022,0.16512
malta,1980,44.356
malta,1981,46.139
malta,1982,47.921
malta,1983,49.703
malta,1984,51.485
malta,1985,44.778
malta,1986,44.473
malta,1987,44.122
malta,1988,43.733
malta,1989,43.314
malta,1990,42.869
malta,1991,42.402
malta,1992,41.916
malta,1993,41.414
malta,1994,40.899
malta,1995,40.371
malta,1996,41.044
malta,1997,41.488
malta,1998,41.705
malta,1999,41.699
malta,2000,41.472
malta,2001,41.045
malta,2002,42.935
malta,2003,45.523
malta,2004,44.503
malta,2005,45.622
malta,2006,43.872
malta,2007,39.839
malta,2008,38.151
malta,2009,34.484
malta,2010,39.588
malta,2011,32.391
malta,2012,29.454
malta,2013,30.832
malta,2014,48.250
malta,2015,47.413
malta,2016,47.959
malta,2017,51.065
malta,2018,49.661
malta,2019,49.927
malta,2020,49.379
malta,2021,48.338
malta,2022,46.358
mauritania,1980,0.86461
mauritania,1981,0.88819
mauritania,1982,0.91177
mauritania,1983,0.93535
mauritania,1984,0.95893
mauritania,1985,0.98251
mauritania,1986,0.96673
mauritania,1987,0.95094
mauritania,1988,0.93515
mauritania,1989,0.91937
mauritania,1990,0.90247
mauritania,1991,0.88670
mauritania,1992,0.87093
mauritania,1993,0.85516
mauritania,1994,0.83940
mauritania,1995,0.82363
mauritania,1996,0.80786
mauritania,1997,0.79210
mauritania,1998,0.77633
mauritania,1999,0.76056
mauritania,2000,0.74479
mauritania,2001,0.78302
mauritania,2002,0.82125
mauritania,2003,0.85946
mauritania,2004,0.89766
mauritania,2005,0.93593
mauritania,2006,0.93593
mauritania,2007,0.93593
mauritania,2008,0.93593
mauritania,2009,0.93593
mauritania,2010,0.93593
mauritania,2011,0.93593
mauritania,2012,0.93593
mauritania,2013,0.93593
mauritania,2014,0.93593
mauritania,2015,0.93593
mauritania,2016,0.93593
mauritania,2017,0.93593
mauritania,2018,0.93593
mauritania,2019,0.93593
mauritania,2020,0.93593
mauritania,2021,0.93593
mauritania,2022,0.93593
mauritius,1974,2.1229
mauritius,1975,2.1229
mauritius,1976,2.2038
mauritius,1977,2.2848
mauritius,1978,2.3658
mauritius,1979,2.4468
mauritius,1980,2.5278
mauritius,1981,2.6088
mauritius,1982,2.6897
mauritius,1983,2.7707
mauritius,1984,2.8517
mauritius,1985,2.9327
mauritius,1986,3.0137
mauritius,1987,3.0947
mauritius,1988,3.1756
mauritius,1989,3.2566
mauritius,1990,3.3376
mauritius,1991,3.4553
mauritius,1992,3.5729
mauritius,1993,3.6906
mauritius,1994,3.8082
mauritius,1995,3.9258
mauritius,1996,3.9195
mauritius,1997,3.9131
mauritius,1998,3.9067
mauritius,1999,3.9003
mauritius,2000,3.8939
mauritius,2001,5.1889
mauritius,2002,6.4840
mauritius,2003,7.7790
mauritius,2004,7.7790
mauritius,2005,7.7790
mauritius,2006,7.8517
mauritius,2007,7.3064
mauritius,2008,8.9059
mauritius,2009,8.1061
mauritius,2010,8.3387
mauritius,2011,7.4518
mauritius,2012,7.4882
mauritius,2013,7.9971
mauritius,2014,8.5060
mauritius,2015,9.2694
mauritius,2016,9.2525
mauritius,2017,9.3591
mauritius,2018,10.129
mauritius,2019,10.380
mauritius,2020,10.669
mauritius,2021,10.706
mauritius,2022,11.614
mexico,2001,3.6001
mexico,2002,3.5862
mexico,2003,3.9387
mexico,2004,3.9977
mexico,2005,3.9979
mexico,2006,3.9981
mexico,2007,4.1703
mexico,2008,4.2002
mexico,2009,4.2328
mexico,2010,4.2401
mexico,2011,4.2474
mexico,2012,4.4937
mexico,2013,4.4865
mexico,2014,4.5200
mexico,2015,4.6811
mexico,2016,4.7189
mexico,2017,5.3378
mexico,2018,6.5539
mexico,2019,6.5818
mexico,2020,6.5888
mexico,2021,6.6504
mexico,2022,6.6713
mongolia,1993,0.62408
mongolia,1994,0.63142
mongolia,1995,0.63877
mongolia,1996,0.64611
mongolia,1997,0.65345
mongolia,1998,0.66079
mongolia,1999,0.66814
mongolia,2000,0.67548
mongolia,2001,0.68282
mongolia,2002,0.69016
mongolia,2003,0.69750
mongolia,2004,0.70485
mongolia,2005,0.68514
mongolia,2006,0.71953
mongolia,2007,0.65345
mongolia,2008,0.58737
mongolia,2009,0.52129
mongolia,2010,0.52606
mongolia,2011,0.53084
mongolia,2012,0.53561
mongolia,2013,0.54038
mongolia,2014,0.54515
mongolia,2015,0.54993
mongolia,2016,0.33260
mongolia,2017,0.33260
mongolia,2018,0.33260
mongolia,2019,0.33260
mongolia,2020,0.33260
mongolia,2021,0.33260
mongolia,2022,0.33260
morocco,1992,2.6056
morocco,1993,3.0216
morocco,1994,3.4382
morocco,1995,3.8545
morocco,1996,4.2705
morocco,1997,4.6865
morocco,1998,5.1025
morocco,1999,5.5185
morocco,2000,5.9330
morocco,2001,10.165
morocco,2002,14.397
morocco,2003,13.252
morocco,2004,12.105
morocco,2005,10.956
morocco,2006,9.8050
morocco,2007,8.6515
morocco,2008,7.4951
morocco,2009,6.3354
morocco,2010,5.1719
morocco,2011,5.1719
morocco,2012,5.1719
morocco,2013,5.1719
morocco,2014,5.1719
morocco,2015,5.1719
morocco,2016,5.1719
morocco,2017,5.1719
morocco,2018,5.1719
morocco,2019,5.1719
morocco,2020,5.1719
morocco,2021,5.1719
morocco,2022,5.1719
mozambique,1990,0.063020
mozambique,1991,0.076920
mozambique,1992,0.090820
mozambique,1993,0.10472
mozambique,1994,0.11862
mozambique,1995,0.13252
mozambique,1996,0.14642
mozambique,1997,0.16032
mozambique,1998,0.17422
mozambique,1999,0.18812
mozambique,2000,0.20202
mozambique,2001,0.22195
mozambique,2002,0.24188
mozambique,2003,0.26181
mozambique,2004,0.28174
mozambique,2005,0.30166
mozambique,2006,0.31573
mozambique,2007,0.32980
mozambique,2008,0.34386
mozambique,2009,0.35793
mozambique,2010,0.37200
mozambique,2011,0.38606
mozambique,2012,0.40013
mozambique,2013,0.41420
mozambique,2014,0.42826
mozambique,2015,0.44233
mozambique,2016,0.44233
mozambique,2017,0.44233
mozambique,2018,0.44233
mozambique,2019,0.44233
mozambique,2020,0.44233
mozambique,2021,0.44233
mozambique,2022,0.44233
myanmar,1987,0.048394
myanmar,1988,0.089304
myanmar,1989,0.13022
myanmar,1990,0.17113
myanmar,1991,0.21204
myanmar,1992,0.25295
myanmar,1993,0.29386
myanmar,1994,0.33477
myanmar,1995,0.37568
myanmar,1996,0.41659
myanmar,1997,0.45742
myanmar,1998,0.49841
myanmar,1999,0.53932
myanmar,2000,0.58023
myanmar,2001,0.58023
myanmar,2002,0.57907
myanmar,2003,0.57850
myanmar,2004,0.57792
myanmar,2005,0.57735
myanmar,2006,0.57735
myanmar,2007,0.57735
myanmar,2008,0.57735
myanmar,2009,0.57735
myanmar,2010,0.57735
myanmar,2011,0.57735
myanmar,2012,0.57735
myanmar,2013,0.57735
myanmar,2014,0.57735
myanmar,2015,0.57735
myanmar,2016,0.57735
myanmar,2017,0.57735
myanmar,2018,0.57735
myanmar,2019,0.57735
myanmar,2020,0.57735
myanmar,2021,0.57735
myanmar,2022,0.57735
namibia,1991,0.21673
namibia,1992,0.21674
namibia,1993,0.21674
namibia,1994,0.21675
namibia,1995,0.21675
namibia,1996,0.20758
namibia,1997,0.20930
namibia,1998,0.21095
namibia,1999,0.21254
namibia,2000,0.22288
namibia,2001,0.21868
namibia,2002,0.21444
namibia,2003,0.20562
namibia,2004,0.19691
namibia,2005,0.18832
namibia,2006,0.17986
namibia,2007,0.17168
namibia,2008,0.16349
namibia,2009,0.15542
namibia,2010,0.14748
namibia,2011,0.13966
namibia,2012,0.13197
namibia,2013,0.12440
namibia,2014,0.11658
namibia,2015,0.10924
namibia,2016,0.10203
namibia,2017,0.094948
namibia,2018,0.087999
namibia,2019,0.081688
namibia,2020,0.14237
namibia,2021,0.15017
namibia,2022,0.068901
nepal,2000,0.17688
nepal,2001,0.16734
nepal,2002,0.15780
nepal,2003,0.14826
nepal,2004,0.13872
nepal,2005,0.12918
nepal,2006,0.12918
nepal,2007,0.12918
nepal,2008,0.12918
nepal,2009,0.12918
nepal,2010,0.12918
nepal,2011,0.12918
nepal,2012,0.12918
nepal,2013,0.12918
nepal,2014,0.12918
nepal,2015,0.12918
nepal,2016,0.12918
nepal,2017,0.12918
nepal,2018,0.12918
nepal,2019,0.12918
nepal,2020,0.12918
nepal,2021,0.12918
nepal,2022,0.12918
netherlands_kingdom_of_the,1991,2.4302
netherlands_kingdom_of_the,1992,2.4222
netherlands_kingdom_of_the,1993,2.4140
netherlands_kingdom_of_the,1994,2.4055
netherlands_kingdom_of_the,1995,2.3967
netherlands_kingdom_of_the,1996,2.4055
netherlands_kingdom_of_the,1997,2.4259
netherlands_kingdom_of_the,1998,2.4464
netherlands_kingdom_of_the,1999,2.4671
netherlands_kingdom_of_the,2000,2.4878
netherlands_kingdom_of_the,2001,2.4739
netherlands_kingdom_of_the,2002,2.4532
netherlands_kingdom_of_the,2003,2.4053
netherlands_kingdom_of_the,2004,2.4030
netherlands_kingdom_of_the,2005,2.3847
netherlands_kingdom_of_the,2006,2.3661
netherlands_kingdom_of_the,2007,2.3679
netherlands_kingdom_of_the,2008,2.3774
netherlands_kingdom_of_the,2009,2.4746
netherlands_kingdom_of_the,2010,2.3125
netherlands_kingdom_of_the,2011,2.1890
netherlands_kingdom_of_the,2012,2.3091
netherlands_kingdom_of_the,2013,2.5042
netherlands_kingdom_of_the,2014,2.4728
netherlands_kingdom_of_the,2015,2.3486
netherlands_kingdom_of_the,2016,2.3923
netherlands_kingdom_of_the,2017,3.2030
netherlands_kingdom_of_the,2018,3.9630
netherlands_kingdom_of_the,2019,3.9784
netherlands_kingdom_of_the,2020,4.1568
netherlands_kingdom_of_the,2021,4.1701
netherlands_kingdom_of_the,2022,4.4198
new_zealand,1985,0.71231
new_zealand,1986,0.74551
new_zealand,1987,0.77872
new_zealand,1988,0.81192
new_zealand,1989,0.84513
new_zealand,1990,0.87833
new_zealand,1991,0.91154
new_zealand,1992,0.94474
new_zealand,1993,0.97795
new_zealand,1994,1.0112
new_zealand,1995,1.0444
new_zealand,1996,1.0776
new_zealand,1997,1.1108
new_zealand,1998,1.1440
new_zealand,1999,1.1772
new_zealand,2000,0.71217
new_zealand,2001,0.74500
new_zealand,2002,0.78058
new_zealand,2003,0.81798
new_zealand,2004,0.85663
new_zealand,2005,0.89619
new_zealand,2006,0.93643
new_zealand,2007,0.86736
new_zealand,2008,0.79829
new_zealand,2009,0.72922
new_zealand,2010,0.66015
new_zealand,2011,0.75689
new_zealand,2012,0.83325
new_zealand,2013,0.88850
new_zealand,2014,0.92186
new_zealand,2015,0.83386
new_zealand,2016,0.74366
new_zealand,2017,0.76446
new_zealand,2018,0.80478
new_zealand,2019,0.82073
new_zealand,2020,0.91031
new_zealand,2021,0.90092
new_zealand,2022,0.89152
nicaragua,1998,0.31572
nicaragua,1999,0.33404
nicaragua,2000,0.35208
nicaragua,2001,0.37039
nicaragua,2002,0.38870
nicaragua,2003,0.40700
nicaragua,2004,0.42531
nicaragua,2005,0.44362
nicaragua,2006,0.46192
nicaragua,2007,0.48023
nicaragua,2008,0.49853
nicaragua,2009,0.48331
nicaragua,2010,0.46808
nicaragua,2011,0.45286
nicaragua,2012,0.43763
nicaragua,2013,0.42240
nicaragua,2014,0.40718
nicaragua,2015,0.39195
nicaragua,2016,0.37673
nicaragua,2017,0.36150
nicaragua,2018,0.34628
nicaragua,2019,0.33106
nicaragua,2020,0.33106
nicaragua,2021,0.33106
nicaragua,2022,0.33106
niger,1988,0.34130
niger,1989,0.40198
niger,1990,0.46235
niger,1991,0.52247
niger,1992,0.58237
niger,1993,0.64207
niger,1994,0.70162
niger,1995,0.76102
niger,1996,0.82029
niger,1997,0.87945
niger,1998,0.93852
niger,1999,0.99750
niger,2000,1.0564
niger,2001,1.0962
niger,2002,1.1361
niger,2003,1.1760
niger,2004,1.2160
niger,2005,1.2560
niger,2006,1.1364
niger,2007,1.0098
niger,2008,0.87689
niger,2009,0.73825
niger,2010,0.59446
niger,2011,0.44602
niger,2012,0.29334
niger,2013,0.48731
niger,2014,0.66340
niger,2015,0.70009
niger,2016,0.75299
niger,2017,0.76312
niger,2018,0.78828
niger,2019,0.82443
niger,2020,0.82443
niger,2021,0.82443
niger,2022,0.82443
nigeria,1987,0.87209
nigeria,1988,0.99827
nigeria,1989,1.1246
nigeria,1990,1.2502
nigeria,1991,1.3765
nigeria,1992,1.5030
nigeria,1993,1.6292
nigeria,1994,1.7554
nigeria,1995,1.8813
nigeria,1996,2.0077
nigeria,1997,2.1339
nigeria,1998,2.2601
nigeria,1999,2.3863
nigeria,2000,2.5124
nigeria,2001,2.6453
nigeria,2002,2.7781
nigeria,2003,2.9110
nigeria,2004,3.0438
nigeria,2005,3.1767
nigeria,2006,3.3164
nigeria,2007,3.4560
nigeria,2008,3.5957
nigeria,2009,3.7354
nigeria,2010,3.8750
nigeria,2011,3.8750
nigeria,2012,3.8750
nigeria,2013,3.8750
nigeria,2014,3.8750
nigeria,2015,3.8750
nigeria,2016,3.8750
nigeria,2017,3.8750
nigeria,2018,3.8750
nigeria,2019,3.8750
nigeria,2020,3.8750
nigeria,2021,3.8750
nigeria,2022,3.8750
north_macedonia,1996,5.2033
north_macedonia,1997,5.1410
north_macedonia,1998,5.0787
north_macedonia,1999,5.0163
north_macedonia,2000,4.9540
north_macedonia,2001,5.2454
north_macedonia,2002,5.1331
north_macedonia,2003,4.5007
north_macedonia,2004,5.3161
north_macedonia,2005,5.2526
north_macedonia,2006,5.4187
north_macedonia,2007,5.4792
north_macedonia,2008,6.3781
north_macedonia,2009,7.6411
north_macedonia,2010,6.7891
north_macedonia,2011,6.4928
north_macedonia,2012,2.0718
north_macedonia,2013,5.6075
north_macedonia,2014,7.5076
north_macedonia,2015,11.942
north_macedonia,2016,6.4388
north_macedonia,2017,24.492
north_macedonia,2018,7.1595
north_macedonia,2019,7.3911
north_macedonia,2020,7.3911
north_macedonia,2021,7.3911
north_macedonia,2022,7.3911
northern_africa,2000,6.7761
northern_africa,2001,7.8267
northern_africa,2002,8.8753
northern_africa,2003,9.1499
northern_africa,2004,9.4264
northern_africa,2005,9.7047
northern_africa,2006,9.9319
northern_africa,2007,10.160
northern_africa,2008,10.390
northern_africa,2009,10.628
northern_africa,2010,10.867
northern_africa,2011,11.714
northern_africa,2012,14.163
northern_africa,2013,14.322
northern_africa,2014,13.163
northern_africa,2015,13.535
northern_africa,2016,13.807
northern_africa,2017,15.969
northern_africa,2018,16.013
northern_africa,2019,16.005
northern_africa,2020,16.036
northern_africa,2021,15.715
northern_africa,2022,15.805
northern_africa_and_western_asia,2000,6.8313
northern_africa_and_western_asia,2001,6.6978
northern_africa_and_western_asia,2002,7.0706
northern_africa_and_western_asia,2003,7.0909
northern_africa_and_western_asia,2004,7.2689
northern_africa_and_western_asia,2005,7.3231
northern_africa_and_western_asia,2006,7.4534
northern_africa_and_western_asia,2007,7.4550
northern_africa_and_western_asia,2008,7.3886
northern_africa_and_western_asia,2009,7.5660
northern_africa_and_western_asia,2010,7.7033
northern_africa_and_western_asia,2011,8.0172
northern_africa_and_western_asia,2012,8.6098
northern_africa_and_western_asia,2013,8.6651
northern_africa_and_western_asia,2014,8.4157
northern_africa_and_western_asia,2015,8.5947
northern_africa_and_western_asia,2016,9.0527
northern_africa_and_western_asia,2017,9.7366
northern_africa_and_western_asia,2018,9.7784
northern_africa_and_western_asia,2019,11.265
northern_africa_and_western_asia,2020,11.718
northern_africa_and_western_asia,2021,11.334
northern_africa_and_western_asia,2022,11.133
northern_america,2000,2.5093
northern_america,2001,2.5230
northern_america,2002,2.5366
northern_america,2003,2.5503
northern_america,2004,2.5640
northern_america,2005,2.5778
northern_america,2006,2.5611
northern_america,2007,2.5444
northern_america,2008,2.5197
northern_america,2009,2.4952
northern_america,2010,2.4542
northern_america,2011,2.4834
northern_america,2012,2.5314
northern_america,2013,2.5805
northern_america,2014,2.6232
northern_america,2015,2.6669
northern_america,2016,2.6625
northern_america,2017,2.6582
northern_america,2018,2.6582
northern_america,2019,2.6583
northern_america,2020,2.6589
northern_america,2021,2.6574
northern_america,2022,2.6576
norway,1990,0.57033
norway,1991,0.57425
norway,1992,0.57818
norway,1993,0.58211
norway,1994,0.58604
norway,1995,0.58996
norway,1996,0.59389
norway,1997,0.59770
norway,1998,0.60151
norway,1999,0.60532
norway,2000,0.60986
norway,2001,0.61214
norway,2002,0.61442
norway,2003,0.64127
norway,2004,0.66811
norway,2005,0.69496
norway,2006,0.72180
norway,2007,0.72104
norway,2008,0.71287
norway,2009,0.70469
norway,2010,0.67663
norway,2011,0.64855
norway,2012,0.62049
norway,2013,0.63724
norway,2014,0.65624
norway,2015,0.60656
norway,2016,0.55687
norway,2017,0.58946
norway,2018,0.58782
norway,2019,0.58622
norway,2020,0.58459
norway,2021,0.55333
norway,2022,0.58783
oceania,2000,0.11914
oceania,2001,0.79196
oceania,2002,0.79393
oceania,2003,0.79576
oceania,2004,0.79743
oceania,2005,0.79894
oceania,2006,0.80383
oceania,2007,0.78925
oceania,2008,0.77467
oceania,2009,0.76008
oceania,2010,0.67506
oceania,2011,0.65097
oceania,2012,0.74848
oceania,2013,0.83254
oceania,2014,0.86148
oceania,2015,0.59401
oceania,2016,0.62530
oceania,2017,0.47257
oceania,2018,0.42790
oceania,2019,0.46458
oceania,2020,0.41697
oceania,2021,0.44836
oceania,2022,0.46225
oceania_excluding_australia_and_new_zealand,2000,0.057798
oceania_excluding_australia_and_new_zealand,2001,0.062450
oceania_excluding_australia_and_new_zealand,2002,0.067102
oceania_excluding_australia_and_new_zealand,2003,0.071755
oceania_excluding_australia_and_new_zealand,2004,0.076407
oceania_excluding_australia_and_new_zealand,2005,0.081060
oceania_excluding_australia_and_new_zealand,2006,0.081060
oceania_excluding_australia_and_new_zealand,2007,0.081060
oceania_excluding_australia_and_new_zealand,2008,0.081060
oceania_excluding_australia_and_new_zealand,2009,0.081060
oceania_excluding_australia_and_new_zealand,2010,0.081060
oceania_excluding_australia_and_new_zealand,2011,0.081060
oceania_excluding_australia_and_new_zealand,2012,0.081060
oceania_excluding_australia_and_new_zealand,2013,0.081060
oceania_excluding_australia_and_new_zealand,2014,0.081060
oceania_excluding_australia_and_new_zealand,2015,0.081060
oceania_excluding_australia_and_new_zealand,2016,0.081060
oceania_excluding_australia_and_new_zealand,2017,0.081060
oceania_excluding_australia_and_new_zealand,2018,0.081060
oceania_excluding_australia_and_new_zealand,2019,0.081060
oceania_excluding_australia_and_new_zealand,2020,0.081060
oceania_excluding_australia_and_new_zealand,2021,0.081060
oceania_excluding_australia_and_new_zealand,2022,0.081060
oman,1991,3.9150
oman,1992,4.2523
oman,1993,4.5890
oman,1994,4.9252
oman,1995,5.1179
oman,1996,5.4455
oman,1997,5.7727
oman,1998,6.0996
oman,1999,6.4262
oman,2000,6.8277
oman,2001,7.5042
oman,2002,8.2529
oman,2003,8.5933
oman,2004,8.5352
oman,2005,8.4799
oman,2006,8.4269
oman,2007,8.3761
oman,2008,8.3271
oman,2009,8.2799
oman,2010,8.2342
oman,2011,8.1900
oman,2012,8.1470
oman,2013,8.1052
oman,2014,7.2698
oman,2015,6.3594
oman,2016,5.4866
oman,2017,5.4866
oman,2018,8.1008
oman,2019,7.9232
oman,2020,7.9232
oman,2021,7.9232
oman,2022,7.9232
pakistan,1975,0.94105
pakistan,1976,0.97808
pakistan,1977,1.0151
pakistan,1978,1.0522
pakistan,1979,1.0892
pakistan,1980,1.1262
pakistan,1981,1.1633
pakistan,1982,1.2003
pakistan,1983,1.2373
pakistan,1984,1.2744
pakistan,1985,1.3114
pakistan,1986,1.3485
pakistan,1987,1.3855
pakistan,1988,1.4225
pakistan,1989,1.4596
pakistan,1990,1.4961
pakistan,1991,1.5336
pakistan,1992,1.7988
pakistan,1993,2.0639
pakistan,1994,2.3291
pakistan,1995,2.5943
pakistan,1996,2.8594
pakistan,1997,3.1246
pakistan,1998,3.3897
pakistan,1999,3.6549
pakistan,2000,3.9200
pakistan,2001,4.1175
pakistan,2002,4.3151
pakistan,2003,4.5126
pakistan,2004,4.7101
pakistan,2005,4.9077
pakistan,2006,5.2451
pakistan,2007,5.5825
pakistan,2008,5.9215
pakistan,2009,5.9083
pakistan,2010,5.9789
pakistan,2011,5.7918
pakistan,2012,6.0628
pakistan,2013,5.9215
pakistan,2014,6.2884
pakistan,2015,6.3542
pakistan,2016,6.4465
pakistan,2017,6.4530
pakistan,2018,6.2197
pakistan,2019,5.7153
pakistan,2020,6.1180
pakistan,2021,5.9428
pakistan,2022,5.7860
palestine,2000,14.012
palestine,2001,16.746
palestine,2002,19.600
palestine,2003,22.403
palestine,2004,25.243
palestine,2005,27.844
palestine,2006,26.922
palestine,2007,25.769
palestine,2008,24.616
palestine,2009,23.463
palestine,2010,18.481
palestine,2011,18.215
palestine,2012,19.969
palestine,2013,20.637
palestine,2014,18.733
palestine,2015,19.873
palestine,2016,19.150
palestine,2017,19.838
palestine,2018,32.892
palestine,2019,21.442
palestine,2020,22.163
palestine,2021,26.949
palestine,2022,27.075
panama,2010,0.43216
panama,2011,0.46985
panama,2012,0.50754
panama,2013,0.54522
panama,2014,0.54225
panama,2015,0.59342
panama,2016,0.56464
panama,2017,0.56464
panama,2018,0.56464
panama,2019,0.56464
panama,2020,0.56464
panama,2021,0.56464
panama,2022,0.56464
papua_new_guinea,2000,0.052108
papua_new_guinea,2001,0.056762
papua_new_guinea,2002,0.061417
papua_new_guinea,2003,0.066071
papua_new_guinea,2004,0.070725
papua_new_guinea,2005,0.075379
papua_new_guinea,2006,0.075379
papua_new_guinea,2007,0.075379
papua_new_guinea,2008,0.075379
papua_new_guinea,2009,0.075379
papua_new_guinea,2010,0.075379
papua_new_guinea,2011,0.075379
papua_new_guinea,2012,0.075379
papua_new_guinea,2013,0.075379
papua_new_guinea,2014,0.075379
papua_new_guinea,2015,0.075379
papua_new_guinea,2016,0.075379
papua_new_guinea,2017,0.075379
papua_new_guinea,2018,0.075379
papua_new_guinea,2019,0.075379
papua_new_guinea,2020,0.075379
papua_new_guinea,2021,0.075379
papua_new_guinea,2022,0.075379
paraguay,1987,0.049061
paraguay,1988,0.051138
paraguay,1989,0.053215
paraguay,1990,0.055292
paraguay,1991,0.057369
paraguay,1992,0.059446
paraguay,1993,0.061523
paraguay,1994,0.063600
paraguay,1995,0.065677
paraguay,1996,0.067755
paraguay,1997,0.069832
paraguay,1998,0.071909
paraguay,1999,0.073986
paraguay,2000,0.076063
paraguay,2001,0.094180
paraguay,2002,0.11230
paraguay,2003,0.13041
paraguay,2004,0.14853
paraguay,2005,0.16665
paraguay,2006,0.18476
paraguay,2007,0.20288
paraguay,2008,0.22100
paraguay,2009,0.23911
paraguay,2010,0.25723
paraguay,2011,0.27157
paraguay,2012,0.27535
paraguay,2013,0.27535
paraguay,2014,0.27535
paraguay,2015,0.27535
paraguay,2016,0.27535
paraguay,2017,0.27535
paraguay,2018,0.27535
paraguay,2019,0.27535
paraguay,2020,0.27535
paraguay,2021,0.27535
paraguay,2022,0.27535
peru,2008,0.23198
peru,2009,0.24394
peru,2010,0.25589
peru,2011,0.26785
peru,2012,0.27980
peru,2013,0.29175
peru,2014,0.30371
peru,2015,0.31566
peru,2016,0.32762
peru,2017,0.33957
peru,2018,0.35153
peru,2019,0.41729
peru,2020,0.41729
peru,2021,0.57507
peru,2022,0.58513
philippines,2006,1.7877
philippines,2007,2.1272
philippines,2008,2.1498
philippines,2009,1.9061
philippines,2010,2.1785
philippines,2011,2.2012
philippines,2012,2.2320
philippines,2013,2.2846
philippines,2014,2.0607
philippines,2015,2.6076
philippines,2016,2.7897
philippines,2017,2.4195
philippines,2018,2.4459
philippines,2019,2.5388
philippines,2020,2.7492
philippines,2021,2.8086
philippines,2022,2.9037
poland,1992,9.8230
poland,1993,9.4493
poland,1994,9.0751
poland,1995,8.7007
poland,1996,8.3147
poland,1997,7.9292
poland,1998,7.8364
poland,1999,7.7433
poland,2000,7.6498
poland,2001,7.5688
poland,2002,7.6306
poland,2003,7.5580
poland,2004,7.5991
poland,2005,7.6587
poland,2006,7.7440
poland,2007,7.3340
poland,2008,7.4021
poland,2009,7.1467
poland,2010,7.1374
poland,2011,7.7650
poland,2012,7.0228
poland,2013,7.2283
poland,2014,6.8439
poland,2015,7.0518
poland,2016,6.8859
poland,2017,7.0190
poland,2018,7.0512
poland,2019,6.7343
poland,2020,6.3994
poland,2021,6.8572
poland,2022,6.9806
portugal,1991,0.80370
portugal,1992,0.93918
portugal,1993,1.0747
portugal,1994,1.2101
portugal,1995,1.3455
portugal,1996,1.4811
portugal,1997,1.6164
portugal,1998,1.7521
portugal,1999,1.8132
portugal,2000,1.8741
portugal,2001,1.9355
portugal,2002,1.9969
portugal,2003,2.0582
portugal,2004,2.1196
portugal,2005,2.1810
portugal,2006,1.8293
portugal,2007,1.9606
portugal,2008,2.0305
portugal,2009,2.0383
portugal,2010,2.1060
portugal,2011,2.1779
portugal,2012,2.1555
portugal,2013,2.1975
portugal,2014,2.2432
portugal,2015,2.2931
portugal,2016,2.3855
portugal,2017,1.8362
portugal,2018,1.8140
portugal,2019,1.8058
portugal,2020,1.8367
portugal,2021,1.8367
portugal,2022,1.8367
puerto_rico,1990,2.4059
puerto_rico,1991,2.5033
puerto_rico,1992,2.6031
puerto_rico,1993,2.7055
puerto_rico,1994,2.8103
puerto_rico,1995,2.9178
puerto_rico,1996,3.0280
puerto_rico,1997,3.1410
puerto_rico,1998,3.2567
puerto_rico,1999,3.3754
puerto_rico,2000,3.4970
puerto_rico,2001,3.7560
puerto_rico,2002,4.0201
puerto_rico,2003,4.2890
puerto_rico,2004,4.5625
puerto_rico,2005,4.8405
puerto_rico,2006,4.8981
puerto_rico,2007,4.9562
puerto_rico,2008,5.0136
puerto_rico,2009,5.0731
puerto_rico,2010,5.1320
puerto_rico,2011,5.0495
puerto_rico,2012,4.9715
puerto_rico,2013,4.8945
puerto_rico,2014,4.8202
puerto_rico,2015,4.7489
puerto_rico,2016,4.7489
puerto_rico,2017,4.7489
puerto_rico,2018,4.7489
puerto_rico,2019,4.7489
puerto_rico,2020,4.7489
puerto_rico,2021,4.7489
puerto_rico,2022,4.7489
qatar,1975,60.345
qatar,1976,63.149
qatar,1977,65.953
qatar,1978,68.757
qatar,1979,71.561
qatar,1980,74.365
qatar,1981,77.169
qatar,1982,79.973
qatar,1983,82.777
qatar,1984,85.581
qatar,1985,88.385
qatar,1986,91.189
qatar,1987,93.993
qatar,1988,96.797
qatar,1989,99.601
qatar,1990,76.454
qatar,1991,75.873
qatar,1992,75.294
qatar,1993,74.716
qatar,1994,64.089
qatar,1995,64.628
qatar,1996,65.166
qatar,1997,65.702
qatar,1998,66.238
qatar,1999,66.772
qatar,2000,67.305
qatar,2001,84.346
qatar,2002,101.52
qatar,2003,117.81
qatar,2004,133.72
qatar,2005,146.62
qatar,2006,168.77
qatar,2007,188.73
qatar,2008,207.87
qatar,2009,223.25
qatar,2010,233.22
qatar,2011,243.19
qatar,2012,250.20
qatar,2013,263.74
qatar,2014,237.68
qatar,2015,248.27
qatar,2016,226.11
qatar,2017,297.63
qatar,2018,232.41
qatar,2019,255.16
qatar,2020,256.10
qatar,2021,256.06
qatar,2022,268.93
republic_of_korea,1990,13.047
republic_of_korea,1991,14.027
republic_of_korea,1992,15.004
republic_of_korea,1993,15.981
republic_of_korea,1994,16.956
republic_of_korea,1995,17.986
republic_of_korea,1996,19.018
republic_of_korea,1997,20.053
republic_of_korea,1998,19.297
republic_of_korea,1999,18.829
republic_of_korea,2000,18.302
republic_of_korea,2001,21.824
republic_of_korea,2002,25.144
republic_of_korea,2003,24.089
republic_of_korea,2004,22.864
republic_of_korea,2005,20.208
republic_of_korea,2006,21.685
republic_of_korea,2007,21.782
republic_of_korea,2008,21.878
republic_of_korea,2009,21.974
republic_of_korea,2010,22.070
republic_of_korea,2011,22.166
republic_of_korea,2012,22.261
republic_of_korea,2013,22.356
republic_of_korea,2014,22.451
republic_of_korea,2015,20.710
republic_of_korea,2016,20.995
republic_of_korea,2017,20.995
republic_of_korea,2018,20.995
republic_of_korea,2019,20.995
republic_of_korea,2020,20.995
republic_of_korea,2021,20.995
republic_of_korea,2022,20.995
republic_of_moldova,1992,3.9947
republic_of_moldova,1993,3.7997
republic_of_moldova,1994,3.6048
republic_of_moldova,1995,3.4099
republic_of_moldova,1996,3.7110
republic_of_moldova,1997,3.0201
republic_of_moldova,1998,2.8252
republic_of_moldova,1999,2.6303
republic_of_moldova,2000,2.4354
republic_of_moldova,2001,1.5569
republic_of_moldova,2002,1.5714
republic_of_moldova,2003,1.5989
republic_of_moldova,2004,1.6102
republic_of_moldova,2005,1.6470
republic_of_moldova,2006,1.7338
republic_of_moldova,2007,1.8257
republic_of_moldova,2008,1.8857
republic_of_moldova,2009,1.9421
republic_of_moldova,2010,1.9600
republic_of_moldova,2011,2.0047
republic_of_moldova,2012,2.0692
republic_of_moldova,2013,2.1049
republic_of_moldova,2014,2.1507
republic_of_moldova,2015,2.1830
republic_of_moldova,2016,2.1952
republic_of_moldova,2017,2.1978
republic_of_moldova,2018,2.2572
republic_of_moldova,2019,2.2842
republic_of_moldova,2020,2.5126
republic_of_moldova,2021,2.5189
republic_of_moldova,2022,2.5189
romania,1970,1.3763
romania,1971,1.4755
romania,1972,1.5748
romania,1973,1.6740
romania,1974,1.7732
romania,1975,1.8725
romania,1976,1.9099
romania,1977,1.9474
romania,1978,1.9848
romania,1979,2.0223
romania,1980,2.0597
romania,1981,2.1477
romania,1982,2.2357
romania,1983,2.3238
romania,1984,2.4118
romania,1985,2.4998
romania,1986,2.4211
romania,1987,2.3425
romania,1988,2.2638
romania,1989,2.1852
romania,1990,2.1065
romania,1991,2.1065
romania,1992,2.1065
romania,1993,2.1065
romania,1994,1.9895
romania,1995,1.8725
romania,1996,1.8959
romania,1997,1.9193
romania,1998,1.9474
romania,1999,1.9755
romania,2000,1.9380
romania,2001,1.8725
romania,2002,1.7414
romania,2003,1.5542
romania,2004,1.3669
romania,2005,1.1797
romania,2006,0.99242
romania,2007,1.0252
romania,2008,1.0580
romania,2009,1.4465
romania,2010,0.96417
romania,2011,0.93511
romania,2012,0.98586
romania,2013,0.91752
romania,2014,0.95029
romania,2015,0.96433
romania,2016,0.98399
romania,2017,0.98118
romania,2018,1.0158
romania,2019,1.0823
romania,2020,1.0093
romania,2021,1.1890
romania,2022,1.1759
russian_federation,1994,0.90941
russian_federation,1995,0.90124
russian_federation,1996,0.89306
russian_federation,1997,0.88488
russian_federation,1998,0.87671
russian_federation,1999,0.86853
russian_federation,2000,0.96176
russian_federation,2001,0.85218
russian_federation,2002,0.84660
russian_federation,2003,0.84102
russian_federation,2004,0.83544
russian_federation,2005,0.89208
russian_federation,2006,0.82429
russian_federation,2007,0.81871
russian_federation,2008,0.81313
russian_federation,2009,0.80755
russian_federation,2010,0.89723
russian_federation,2011,0.79639
russian_federation,2012,0.82386
russian_federation,2013,0.78524
russian_federation,2014,1.1027
russian_federation,2015,1.0414
russian_federation,2016,1.1600
russian_federation,2017,1.1250
russian_federation,2018,1.0907
russian_federation,2019,1.0907
russian_federation,2020,1.0907
russian_federation,2021,1.0907
russian_federation,2022,1.0907
rwanda,2000,1.1921
rwanda,2001,1.3603
rwanda,2002,1.5285
rwanda,2003,1.6967
rwanda,2004,1.8649
rwanda,2005,2.0331
rwanda,2006,2.4319
rwanda,2007,2.8307
rwanda,2008,3.2294
rwanda,2009,3.6282
rwanda,2010,4.0270
rwanda,2011,4.4257
rwanda,2012,4.8245
rwanda,2013,5.2233
rwanda,2014,5.6220
rwanda,2015,6.0208
rwanda,2016,6.4196
rwanda,2017,6.8184
rwanda,2018,7.2171
rwanda,2019,7.6159
rwanda,2020,7.7364
rwanda,2021,7.6159
rwanda,2022,7.7299
saint_kitts_and_nevis,2012,50.182
saint_kitts_and_nevis,2013,50.182
saint_kitts_and_nevis,2014,50.182
saint_kitts_and_nevis,2015,50.182
saint_kitts_and_nevis,2016,50.182
saint_kitts_and_nevis,2017,50.182
saint_kitts_and_nevis,2018,50.182
saint_kitts_and_nevis,2019,50.182
saint_kitts_and_nevis,2020,50.182
saint_kitts_and_nevis,2021,50.182
saint_kitts_and_nevis,2022,50.182
saint_lucia,2007,4.1667
saint_lucia,2008,4.1667
saint_lucia,2009,4.1667
saint_lucia,2010,4.1667
saint_lucia,2011,4.1667
saint_lucia,2012,4.1667
saint_lucia,2013,4.1667
saint_lucia,2014,4.1667
saint_lucia,2015,4.1667
saint_lucia,2016,4.1667
saint_lucia,2017,4.1667
saint_lucia,2018,4.1667
saint_lucia,2019,4.1667
saint_lucia,2020,4.1667
saint_lucia,2021,4.1667
saint_lucia,2022,4.1667
saint_vincent_and_the_grenadines,2013,7.8981
saint_vincent_and_the_grenadines,2014,7.8981
saint_vincent_and_the_grenadines,2015,7.8981
saint_vincent_and_the_grenadines,2016,7.8981
saint_vincent_and_the_grenadines,2017,7.8981
saint_vincent_and_the_grenadines,2018,7.8981
saint_vincent_and_the_grenadines,2019,7.8981
saint_vincent_and_the_grenadines,2020,7.8981
saint_vincent_and_the_grenadines,2021,7.8981
saint_vincent_and_the_grenadines,2022,7.8981
sao_tome_and_principe,2014,0.69266
sao_tome_and_principe,2015,0.67431
sao_tome_and_principe,2016,0.67431
sao_tome_and_principe,2017,0.67431
sao_tome_and_principe,2018,0.67431
sao_tome_and_principe,2019,0.67431
sao_tome_and_principe,2020,0.67431
sao_tome_and_principe,2021,0.67431
sao_tome_and_principe,2022,0.67431
saudi_arabia,1992,59.866
saudi_arabia,1993,63.570
saudi_arabia,1994,67.215
saudi_arabia,1995,70.985
saudi_arabia,1996,74.628
saudi_arabia,1997,78.363
saudi_arabia,1998,82.034
saudi_arabia,1999,85.612
saudi_arabia,2000,89.239
saudi_arabia,2001,86.538
saudi_arabia,2002,84.086
saudi_arabia,2003,81.187
saudi_arabia,2004,78.478
saudi_arabia,2005,80.613
saudi_arabia,2006,84.888
saudi_arabia,2007,88.597
saudi_arabia,2008,92.416
saudi_arabia,2009,96.351
saudi_arabia,2010,100.41
saudi_arabia,2011,104.60
saudi_arabia,2012,108.94
saudi_arabia,2013,109.71
saudi_arabia,2014,109.82
saudi_arabia,2015,115.59
saudi_arabia,2016,121.53
saudi_arabia,2017,128.96
saudi_arabia,2018,127.13
saudi_arabia,2019,127.13
saudi_arabia,2020,127.13
saudi_arabia,2021,127.13
saudi_arabia,2022,127.13
senegal,1987,0.36151
senegal,1988,0.37459
senegal,1989,0.38768
senegal,1990,0.40076
senegal,1991,0.41385
senegal,1992,0.42694
senegal,1993,0.44002
senegal,1994,0.45311
senegal,1995,0.46619
senegal,1996,0.47928
senegal,1997,0.49236
senegal,1998,0.50545
senegal,1999,0.51853
senegal,2000,0.53162
senegal,2001,0.52630
senegal,2002,0.52099
senegal,2003,0.58233
senegal,2004,0.64367
senegal,2005,0.70501
senegal,2006,0.76635
senegal,2007,0.82769
senegal,2008,0.88951
senegal,2009,0.95093
senegal,2010,1.0117
senegal,2011,1.0738
senegal,2012,1.1352
senegal,2013,1.1966
senegal,2014,1.2580
senegal,2015,1.3194
senegal,2016,1.3809
senegal,2017,1.4411
senegal,2018,1.4218
senegal,2019,1.4062
senegal,2020,1.4062
senegal,2021,1.4062
senegal,2022,1.4062
serbia,2008,0.90985
serbia,2009,0.86680
serbia,2010,0.82192
serbia,2011,0.91089
serbia,2012,0.87368
serbia,2013,0.84095
serbia,2014,0.70648
serbia,2015,0.74278
serbia,2016,0.74607
serbia,2017,0.74321
serbia,2018,0.73695
serbia,2019,0.75299
serbia,2020,0.76316
serbia,2021,0.77429
serbia,2022,0.79116
sierra_leone,1987,0.060748
sierra_leone,1988,0.073239
sierra_leone,1989,0.085730
sierra_leone,1990,0.098221
sierra_leone,1991,0.11071
sierra_leone,1992,0.12320
sierra_leone,1993,0.13569
sierra_leone,1994,0.14818
sierra_leone,1995,0.16068
sierra_leone,1996,0.17317
sierra_leone,1997,0.18566
sierra_leone,1998,0.19815
sierra_leone,1999,0.21064
sierra_leone,2000,0.22313
sierra_leone,2001,0.23037
sierra_leone,2002,0.23762
sierra_leone,2003,0.24486
sierra_leone,2004,0.25210
sierra_leone,2005,0.25935
sierra_leone,2006,0.25935
sierra_leone,2007,0.25935
sierra_leone,2008,0.25935
sierra_leone,2009,0.25935
sierra_leone,2010,0.25935
sierra_leone,2011,0.25935
sierra_leone,2012,0.25935
sierra_leone,2013,0.25935
sierra_leone,2014,0.25935
sierra_leone,2015,0.25935
sierra_leone,2016,0.25935
sierra_leone,2017,0.25935
sierra_leone,2018,0.25935
sierra_leone,2019,0.25935
sierra_leone,2020,0.25935
sierra_leone,2021,0.25935
sierra_leone,2022,0.25935
singapore,1975,14.250
singapore,1976,19.527
singapore,1977,24.805
singapore,1978,30.082
singapore,1979,35.359
singapore,1980,40.637
singapore,1981,45.914
singapore,1982,51.191
singapore,1983,56.469
singapore,1984,61.746
singapore,1985,67.023
singapore,1986,72.301
singapore,1987,77.578
singapore,1988,82.855
singapore,1989,88.133
singapore,1990,92.854
singapore,1991,98.132
singapore,1992,103.41
singapore,1993,108.69
singapore,1994,113.96
singapore,1995,119.24
singapore,1996,124.52
singapore,1997,129.79
singapore,1998,135.07
singapore,1999,140.35
singapore,2000,145.63
singapore,2001,152.32
singapore,2002,157.01
singapore,2003,163.67
singapore,2004,170.34
singapore,2005,175.35
singapore,2006,160.69
singapore,2007,146.04
singapore,2008,131.68
singapore,2009,116.55
singapore,2010,101.44
singapore,2011,86.339
singapore,2012,73.405
singapore,2013,60.487
singapore,2014,49.267
singapore,2015,38.063
singapore,2016,38.235
singapore,2017,37.447
singapore,2018,36.623
singapore,2019,36.975
singapore,2020,37.403
singapore,2021,28.226
singapore,2022,18.267
slovakia,1993,1.2355
slovakia,1994,1.1677
slovakia,1995,1.0998
slovakia,1996,1.0309
slovakia,1997,2.0740
slovakia,1998,2.0382
slovakia,1999,2.0023
slovakia,2000,1.9664
slovakia,2001,1.8847
slovakia,2002,1.7896
slovakia,2003,1.6660
slovakia,2004,1.6900
slovakia,2005,1.6318
slovakia,2006,1.5773
slovakia,2007,1.5424
slovakia,2008,1.4628
slovakia,2009,1.4200
slovakia,2010,1.3750
slovakia,2011,1.3450
slovakia,2012,1.3158
slovakia,2013,1.6038
slovakia,2014,1.2268
slovakia,2015,1.2892
slovakia,2016,1.2787
slovakia,2017,1.2629
slovakia,2018,1.2586
slovakia,2019,1.2577
slovakia,2020,1.2612
slovakia,2021,1.2846
slovakia,2022,1.3176
slovenia,2002,1.2650
slovenia,2003,1.2102
slovenia,2004,1.1576
slovenia,2005,1.1055
slovenia,2006,1.1155
slovenia,2007,1.1325
slovenia,2008,1.2497
slovenia,2009,1.1164
slovenia,2010,1.1074
slovenia,2011,1.0342
slovenia,2012,1.0932
slovenia,2013,1.1089
slovenia,2014,1.1028
slovenia,2015,1.1116
slovenia,2016,1.0940
slovenia,2017,1.1460
slovenia,2018,1.1562
slovenia,2019,1.1494
slovenia,2020,1.1483
slovenia,2021,1.1697
slovenia,2022,1.2103
small_island_developing_states,2000,0.67958
small_island_developing_states,2001,0.70854
small_island_developing_states,2002,0.73757
small_island_developing_states,2003,0.76758
small_island_developing_states,2004,0.79007
small_island_developing_states,2005,0.80940
small_island_developing_states,2006,0.80425
small_island_developing_states,2007,0.79643
small_island_developing_states,2008,0.80207
small_island_developing_states,2009,0.79497
small_island_developing_states,2010,0.79280
small_island_developing_states,2011,0.76814
small_island_developing_states,2012,0.75029
small_island_developing_states,2013,0.73374
small_island_developing_states,2014,0.71907
small_island_developing_states,2015,0.68761
small_island_developing_states,2016,0.68225
small_island_developing_states,2017,0.69554
small_island_developing_states,2018,0.71141
small_island_developing_states,2019,0.72667
small_island_developing_states,2020,0.74036
small_island_developing_states,2021,0.72961
small_island_developing_states,2022,0.72768
somalia,1987,0.17849
somalia,1988,0.17048
somalia,1989,0.16247
somalia,1990,0.15446
somalia,1991,0.14645
somalia,1992,0.13844
somalia,1993,0.13044
somalia,1994,0.12243
somalia,1995,0.11442
somalia,1996,0.10641
somalia,1997,0.098398
somalia,1998,0.090388
somalia,1999,0.082379
somalia,2000,0.074369
somalia,2001,0.086765
somalia,2002,0.099161
somalia,2003,0.11156
somalia,2004,0.11156
somalia,2005,0.11156
somalia,2006,0.11156
somalia,2007,0.11156
somalia,2008,0.11156
somalia,2009,0.11156
somalia,2010,0.11156
somalia,2011,0.11156
somalia,2012,0.11156
somalia,2013,0.11156
somalia,2014,0.11156
somalia,2015,0.11156
somalia,2016,0.11156
somalia,2017,0.11156
somalia,2018,0.11156
somalia,2019,0.11156
somalia,2020,0.11156
somalia,2021,0.11156
somalia,2022,0.11156
south_africa,1990,7.2940
south_africa,1991,7.8126
south_africa,1992,8.3312
south_africa,1993,8.8498
south_africa,1994,9.3683
south_africa,1995,9.8869
south_africa,1996,10.406
south_africa,1997,10.925
south_africa,1998,11.445
south_africa,1999,11.964
south_africa,2000,12.443
south_africa,2001,12.517
south_africa,2002,12.591
south_africa,2003,12.665
south_africa,2004,12.739
south_africa,2005,12.813
south_africa,2006,12.887
south_africa,2007,12.960
south_africa,2008,13.034
south_africa,2009,13.107
south_africa,2010,13.181
south_africa,2011,13.254
south_africa,2012,13.327
south_africa,2013,12.351
south_africa,2014,12.222
south_africa,2015,11.944
south_africa,2016,12.097
south_africa,2017,12.456
south_africa,2018,9.4950
south_africa,2019,10.673
south_africa,2020,10.540
south_africa,2021,11.663
south_africa,2022,11.789
south_sudan,2012,1.2396
south_sudan,2013,1.2396
south_sudan,2014,1.2396
south_sudan,2015,1.2396
south_sudan,2016,1.2396
south_sudan,2017,1.2396
south_sudan,2018,1.2396
south_sudan,2019,1.2396
south_sudan,2020,1.2396
south_sudan,2021,1.2396
south_sudan,2022,1.2396
south_eastern_asia,2000,1.6512
south_eastern_asia,2001,1.6528
south_eastern_asia,2002,1.6559
south_eastern_asia,2003,1.6594
south_eastern_asia,2004,1.6073
south_eastern_asia,2005,1.4960
south_eastern_asia,2006,1.2910
south_eastern_asia,2007,1.2945
south_eastern_asia,2008,1.3330
south_eastern_asia,2009,1.3370
south_eastern_asia,2010,1.4080
south_eastern_asia,2011,1.4465
south_eastern_asia,2012,1.4862
south_eastern_asia,2013,1.5288
south_eastern_asia,2014,1.5351
south_eastern_asia,2015,1.6562
south_eastern_asia,2016,1.7347
south_eastern_asia,2017,1.6850
south_eastern_asia,2018,1.6885
south_eastern_asia,2019,1.7011
south_eastern_asia,2020,1.7293
south_eastern_asia,2021,1.7352
south_eastern_asia,2022,1.7459
southern_asia,2000,4.3673
southern_asia,2001,4.5458
southern_asia,2002,4.7242
southern_asia,2003,4.9026
southern_asia,2004,4.8459
southern_asia,2005,4.9296
southern_asia,2006,5.0243
southern_asia,2007,5.1176
southern_asia,2008,5.1941
southern_asia,2009,5.2375
southern_asia,2010,5.2941
southern_asia,2011,5.2636
southern_asia,2012,5.3078
southern_asia,2013,5.2848
southern_asia,2014,5.3447
southern_asia,2015,5.3554
southern_asia,2016,5.3705
southern_asia,2017,5.3715
southern_asia,2018,5.3335
southern_asia,2019,5.2511
southern_asia,2020,5.3169
southern_asia,2021,5.2882
southern_asia,2022,5.2626
spain,1986,7.5010
spain,1987,7.8514
spain,1988,8.2011
spain,1989,8.5501
spain,1990,8.8983
spain,1991,9.2455
spain,1992,8.7262
spain,1993,8.2069
spain,1994,7.6875
spain,1995,7.1683
spain,1996,6.6490
spain,1997,6.1296
spain,1998,6.6096
spain,1999,7.0872
spain,2000,7.5626
spain,2001,7.4539
spain,2002,7.3389
spain,2003,7.6285
spain,2004,8.0821
spain,2005,8.0506
spain,2006,8.1151
spain,2007,7.9060
spain,2008,7.7517
spain,2009,7.4150
spain,2010,6.8432
spain,2011,6.3373
spain,2012,6.2229
spain,2013,6.3178
spain,2014,6.2074
spain,2015,6.4554
spain,2016,6.6667
spain,2017,6.3995
spain,2018,6.1322
spain,2019,6.1745
spain,2020,6.7966
spain,2021,6.7966
spain,2022,6.7966
sri_lanka,1990,1.3675
sri_lanka,1991,1.5792
sri_lanka,1992,1.7910
sri_lanka,1993,2.0028
sri_lanka,1994,2.2146
sri_lanka,1995,2.4264
sri_lanka,1996,2.6381
sri_lanka,1997,2.8499
sri_lanka,1998,3.0617
sri_lanka,1999,3.2735
sri_lanka,2000,3.4853
sri_lanka,2001,3.9173
sri_lanka,2002,4.3492
sri_lanka,2003,4.7812
sri_lanka,2004,5.2132
sri_lanka,2005,5.6452
sri_lanka,2006,5.6452
sri_lanka,2007,5.6452
sri_lanka,2008,5.6452
sri_lanka,2009,5.6452
sri_lanka,2010,5.6452
sri_lanka,2011,5.6452
sri_lanka,2012,5.6452
sri_lanka,2013,5.6452
sri_lanka,2014,5.6452
sri_lanka,2015,5.6452
sri_lanka,2016,5.6452
sri_lanka,2017,5.6452
sri_lanka,2018,5.6452
sri_lanka,2019,5.6452
sri_lanka,2020,5.6452
sri_lanka,2021,5.6452
sri_lanka,2022,5.6452
sub_saharan_africa,2000,0.80478
sub_saharan_africa,2001,0.83679
sub_saharan_africa,2002,0.86570
sub_saharan_africa,2003,0.90049
sub_saharan_africa,2004,0.93886
sub_saharan_africa,2005,0.96902
sub_saharan_africa,2006,0.99070
sub_saharan_africa,2007,1.0072
sub_saharan_africa,2008,1.0306
sub_saharan_africa,2009,1.0489
sub_saharan_africa,2010,1.0689
sub_saharan_africa,2011,1.0704
sub_saharan_africa,2012,1.0924
sub_saharan_africa,2013,1.0857
sub_saharan_africa,2014,1.0864
sub_saharan_africa,2015,1.0898
sub_saharan_africa,2016,1.0531
sub_saharan_africa,2017,1.0561
sub_saharan_africa,2018,1.0131
sub_saharan_africa,2019,1.0321
sub_saharan_africa,2020,1.0324
sub_saharan_africa,2021,1.0519
sub_saharan_africa,2022,1.0552
sudan,2012,4.1850
sudan,2013,4.1850
sudan,2014,4.1850
sudan,2015,4.1850
sudan,2016,4.1850
sudan,2017,4.1850
sudan,2018,4.1850
sudan,2019,4.1850
sudan,2020,4.1850
sudan,2021,4.1850
sudan,2022,4.1850
suriname,1987,0.17960
suriname,1988,0.18059
suriname,1989,0.18158
suriname,1990,0.18256
suriname,1991,0.18355
suriname,1992,0.18454
suriname,1993,0.18552
suriname,1994,0.18651
suriname,1995,0.18750
suriname,1996,0.18848
suriname,1997,0.18947
suriname,1998,0.19046
suriname,1999,0.19144
suriname,2000,0.19243
suriname,2001,0.21306
suriname,2002,0.23370
suriname,2003,0.25433
suriname,2004,0.27496
suriname,2005,0.29560
suriname,2006,0.31623
suriname,2007,0.31623
suriname,2008,0.31623
suriname,2009,0.31623
suriname,2010,0.31623
suriname,2011,0.31623
suriname,2012,0.31623
suriname,2013,0.31623
suriname,2014,0.31623
suriname,2015,0.31623
suriname,2016,0.31623
suriname,2017,0.31623
suriname,2018,0.31623
suriname,2019,0.31623
suriname,2020,0.31623
suriname,2021,0.31623
suriname,2022,0.31623
sweden,1970,1.4156
sweden,1971,1.4320
sweden,1972,1.4485
sweden,1973,1.4649
sweden,1974,1.4814
sweden,1975,1.4978
sweden,1976,1.4886
sweden,1977,1.4794
sweden,1978,1.4701
sweden,1979,1.4609
sweden,1980,1.4517
sweden,1981,1.3713
sweden,1982,1.2910
sweden,1983,1.2107
sweden,1984,1.1304
sweden,1985,1.0500
sweden,1986,1.1595
sweden,1987,1.2689
sweden,1988,1.3783
sweden,1989,1.4877
sweden,1990,1.4800
sweden,1991,1.4733
sweden,1992,1.4661
sweden,1993,1.4628
sweden,1994,1.4587
sweden,1995,1.4539
sweden,1996,1.4855
sweden,1997,1.5180
sweden,1998,1.5099
sweden,1999,1.5017
sweden,2000,1.4935
sweden,2001,1.4965
sweden,2002,1.4978
sweden,2003,1.4746
sweden,2004,1.4514
sweden,2005,1.4436
sweden,2006,1.4433
sweden,2007,1.4430
sweden,2008,1.4521
sweden,2009,1.4613
sweden,2010,1.4704
sweden,2011,1.4519
sweden,2012,1.4335
sweden,2013,1.4150
sweden,2014,1.3965
sweden,2015,1.3781
sweden,2016,1.3510
sweden,2017,1.3210
sweden,2018,1.2879
sweden,2019,1.2513
sweden,2020,1.0083
sweden,2021,1.2111
sweden,2022,1.2111
switzerland,1975,4.3059
switzerland,1976,4.2860
switzerland,1977,4.2662
switzerland,1978,4.2464
switzerland,1979,4.2265
switzerland,1980,4.2067
switzerland,1981,4.2372
switzerland,1982,4.2677
switzerland,1983,4.2982
switzerland,1984,4.3288
switzerland,1985,4.3593
switzerland,1986,4.3860
switzerland,1987,4.4127
switzerland,1988,4.4394
switzerland,1989,4.4661
switzerland,1990,4.4928
switzerland,1991,4.5195
switzerland,1992,4.5461
switzerland,1993,4.4421
switzerland,1994,4.3381
switzerland,1995,4.2341
switzerland,1996,4.1301
switzerland,1997,4.0260
switzerland,1998,4.0314
switzerland,1999,4.0368
switzerland,2000,4.0421
switzerland,2001,4.0596
switzerland,2002,4.0770
switzerland,2003,3.9944
switzerland,2004,3.9117
switzerland,2005,3.8290
switzerland,2006,3.7412
switzerland,2007,3.8816
switzerland,2008,4.0220
switzerland,2009,4.1624
switzerland,2010,4.3028
switzerland,2011,4.4432
switzerland,2012,4.5733
switzerland,2013,3.4977
switzerland,2014,3.4367
switzerland,2015,3.4971
switzerland,2016,3.4914
switzerland,2017,3.4897
switzerland,2018,3.5476
switzerland,2019,3.4845
switzerland,2020,3.5035
switzerland,2021,3.4599
switzerland,2022,3.4880
syrian_arab_republic,1993,9.1103
syrian_arab_republic,1994,9.4131
syrian_arab_republic,1995,9.7426
syrian_arab_republic,1996,10.081
syrian_arab_republic,1997,10.411
syrian_arab_republic,1998,10.758
syrian_arab_republic,1999,11.123
syrian_arab_republic,2000,11.497
syrian_arab_republic,2001,11.871
syrian_arab_republic,2002,12.290
syrian_arab_republic,2003,10.990
syrian_arab_republic,2004,10.897
syrian_arab_republic,2005,11.085
syrian_arab_republic,2006,11.085
syrian_arab_republic,2007,11.085
syrian_arab_republic,2008,11.085
syrian_arab_republic,2009,11.050
syrian_arab_republic,2010,11.015
syrian_arab_republic,2011,10.980
syrian_arab_republic,2012,10.944
syrian_arab_republic,2013,10.944
syrian_arab_republic,2014,10.944
syrian_arab_republic,2015,10.944
syrian_arab_republic,2016,10.944
syrian_arab_republic,2017,10.944
syrian_arab_republic,2018,10.944
syrian_arab_republic,2019,10.944
syrian_arab_republic,2020,10.944
syrian_arab_republic,2021,10.944
syrian_arab_republic,2022,10.944
tajikistan,1994,2.6372
tajikistan,1995,2.6447
tajikistan,1996,2.6497
tajikistan,1997,2.6521
tajikistan,1998,2.6515
tajikistan,1999,2.6475
tajikistan,2000,1.9256
tajikistan,2001,2.9799
tajikistan,2002,3.2800
tajikistan,2003,3.5442
tajikistan,2004,3.7763
tajikistan,2005,3.9796
tajikistan,2006,4.1570
tajikistan,2007,4.0539
tajikistan,2008,3.9478
tajikistan,2009,3.8383
tajikistan,2010,3.7251
tajikistan,2011,3.6078
tajikistan,2012,3.4861
tajikistan,2013,3.3594
tajikistan,2014,3.2272
tajikistan,2015,2.9770
tajikistan,2016,2.1507
tajikistan,2017,3.8000
tajikistan,2018,5.1854
tajikistan,2019,6.0166
tajikistan,2020,6.4433
tajikistan,2021,6.4433
tajikistan,2022,6.4433
thailand,2007,1.1000
thailand,2008,1.1000
thailand,2009,1.1000
thailand,2010,1.1000
thailand,2011,1.1000
thailand,2012,1.1000
thailand,2013,1.1000
thailand,2014,1.1000
thailand,2015,1.1000
thailand,2016,1.1000
thailand,2017,1.1000
thailand,2018,1.1000
thailand,2019,1.1000
thailand,2020,1.1000
thailand,2021,1.1000
thailand,2022,1.1000
timor_leste,2004,2.3878
timor_leste,2005,2.3878
timor_leste,2006,2.3878
timor_leste,2007,2.3878
timor_leste,2008,2.3878
timor_leste,2009,2.3878
timor_leste,2010,2.3878
timor_leste,2011,2.3878
timor_leste,2012,2.3878
timor_leste,2013,2.3878
timor_leste,2014,2.3878
timor_leste,2015,2.3878
timor_leste,2016,2.3878
timor_leste,2017,2.3878
timor_leste,2018,2.3878
timor_leste,2019,2.3878
timor_leste,2020,2.3878
timor_leste,2021,2.3878
timor_leste,2022,2.3878
togo,1987,0.85171
togo,1988,0.88517
togo,1989,0.91863
togo,1990,0.95209
togo,1991,0.98555
togo,1992,1.0190
togo,1993,1.0525
togo,1994,1.0859
togo,1995,1.1194
togo,1996,1.1529
togo,1997,1.1863
togo,1998,1.2198
togo,1999,1.2532
togo,2000,1.2867
togo,2001,1.3202
togo,2002,1.3536
togo,2003,1.6157
togo,2004,1.8778
togo,2005,2.1399
togo,2006,2.1399
togo,2007,2.1399
togo,2008,2.1399
togo,2009,2.1399
togo,2010,2.1399
togo,2011,2.1399
togo,2012,2.1399
togo,2013,2.1399
togo,2014,2.1399
togo,2015,2.1399
togo,2016,2.1399
togo,2017,2.1399
togo,2018,2.1399
togo,2019,2.1399
togo,2020,2.1399
togo,2021,2.1399
togo,2022,2.1399
trinidad_and_tobago,1997,11.342
trinidad_and_tobago,1998,11.552
trinidad_and_tobago,1999,11.761
trinidad_and_tobago,2000,11.971
trinidad_and_tobago,2001,12.164
trinidad_and_tobago,2002,12.358
trinidad_and_tobago,2003,12.551
trinidad_and_tobago,2004,12.745
trinidad_and_tobago,2005,11.588
trinidad_and_tobago,2006,11.757
trinidad_and_tobago,2007,11.927
trinidad_and_tobago,2008,12.096
trinidad_and_tobago,2009,12.265
trinidad_and_tobago,2010,12.434
trinidad_and_tobago,2011,12.603
trinidad_and_tobago,2012,12.603
trinidad_and_tobago,2013,12.603
trinidad_and_tobago,2014,12.603
trinidad_and_tobago,2015,12.603
trinidad_and_tobago,2016,12.603
trinidad_and_tobago,2017,12.603
trinidad_and_tobago,2018,12.603
trinidad_and_tobago,2019,12.603
trinidad_and_tobago,2020,12.603
trinidad_and_tobago,2021,12.603
trinidad_and_tobago,2022,12.603
tunisia,1990,6.6100
tunisia,1991,6.8731
tunisia,1992,7.1361
tunisia,1993,7.3992
tunisia,1994,7.6623
tunisia,1995,7.9253
tunisia,1996,8.1854
tunisia,1997,8.4451
tunisia,1998,8.7046
tunisia,1999,8.9636
tunisia,2000,9.1275
tunisia,2001,9.8612
tunisia,2002,10.011
tunisia,2003,10.158
tunisia,2004,10.304
tunisia,2005,10.447
tunisia,2006,10.589
tunisia,2007,10.730
tunisia,2008,10.868
tunisia,2009,11.329
tunisia,2010,11.792
tunisia,2011,12.259
tunisia,2012,13.393
tunisia,2013,14.532
tunisia,2014,15.676
tunisia,2015,16.825
tunisia,2016,17.977
tunisia,2017,20.674
tunisia,2018,21.629
tunisia,2019,21.052
tunisia,2020,22.303
tunisia,2021,22.303
tunisia,2022,22.303
turkiye,1992,3.8624
turkiye,1993,3.7536
turkiye,1994,3.6449
turkiye,1995,3.5361
turkiye,1996,3.4273
turkiye,1997,3.3186
turkiye,1998,3.2098
turkiye,1999,3.1010
turkiye,2000,5.0713
turkiye,2001,3.7378
turkiye,2002,3.7123
turkiye,2003,3.6529
turkiye,2004,3.9688
turkiye,2005,4.0164
turkiye,2006,4.0644
turkiye,2007,3.8089
turkiye,2008,3.3734
turkiye,2009,3.6365
turkiye,2010,3.7513
turkiye,2011,3.7297
turkiye,2012,3.8361
turkiye,2013,3.8221
turkiye,2014,3.9436
turkiye,2015,4.1013
turkiye,2016,4.7420
turkiye,2017,4.8612
turkiye,2018,5.0311
turkiye,2019,5.0481
turkiye,2020,5.1734
turkiye,2021,5.6907
turkiye,2022,5.2985
turkmenistan,1994,1.7920
turkmenistan,1995,2.0043
turkmenistan,1996,2.2166
turkmenistan,1997,2.4289
turkmenistan,1998,2.6412
turkmenistan,1999,2.8535
turkmenistan,2000,3.0659
turkmenistan,2001,3.1384
turkmenistan,2002,3.2110
turkmenistan,2003,3.2836
turkmenistan,2004,3.8774
turkmenistan,2005,3.8774
turkmenistan,2006,3.8774
turkmenistan,2007,3.8809
turkmenistan,2008,3.8844
turkmenistan,2009,3.8879
turkmenistan,2010,3.8914
turkmenistan,2011,3.8949
turkmenistan,2012,3.8985
turkmenistan,2013,3.9020
turkmenistan,2014,3.9055
turkmenistan,2015,3.9090
turkmenistan,2016,3.9125
turkmenistan,2017,4.0153
turkmenistan,2018,3.7403
turkmenistan,2019,3.0384
turkmenistan,2020,2.3365
turkmenistan,2021,3.5282
turkmenistan,2022,3.5282
uganda,1970,0.58554
uganda,1971,0.61220
uganda,1972,0.63885
uganda,1973,0.66551
uganda,1974,0.69216
uganda,1975,0.71882
uganda,1976,0.74547
uganda,1977,0.77213
uganda,1978,0.79878
uganda,1979,0.82543
uganda,1980,0.85209
uganda,1981,0.87874
uganda,1982,0.90540
uganda,1983,0.93205
uganda,1984,0.95871
uganda,1985,0.98536
uganda,1986,1.0120
uganda,1987,1.0387
uganda,1988,1.0653
uganda,1989,1.0920
uganda,1990,1.1186
uganda,1991,1.1453
uganda,1992,1.1719
uganda,1993,1.1986
uganda,1994,1.2253
uganda,1995,1.2519
uganda,1996,1.2786
uganda,1997,1.3052
uganda,1998,1.3319
uganda,1999,1.3585
uganda,2000,1.3852
uganda,2001,1.5871
uganda,2002,1.7891
uganda,2003,1.9911
uganda,2004,2.1930
uganda,2005,2.3950
uganda,2006,2.5970
uganda,2007,2.7989
uganda,2008,3.0009
uganda,2009,3.0009
uganda,2010,3.0009
uganda,2011,3.0009
uganda,2012,3.0009
uganda,2013,3.0009
uganda,2014,3.0009
uganda,2015,3.0009
uganda,2016,3.0009
uganda,2017,3.0009
uganda,2018,3.0009
uganda,2019,3.0009
uganda,2020,3.0009
uganda,2021,3.0009
uganda,2022,3.0009
ukraine,1992,6.0080
ukraine,1993,5.7933
ukraine,1994,5.5785
ukraine,1995,5.3638
ukraine,1996,5.1490
ukraine,1997,4.9342
ukraine,1998,4.7195
ukraine,1999,4.5047
ukraine,2000,4.2900
ukraine,2001,4.2918
ukraine,2002,4.2936
ukraine,2003,4.2954
ukraine,2004,4.2972
ukraine,2005,4.2990
ukraine,2006,4.2856
ukraine,2007,4.2721
ukraine,2008,4.2586
ukraine,2009,4.2451
ukraine,2010,4.2317
ukraine,2011,3.9736
ukraine,2012,3.7138
ukraine,2013,3.4535
ukraine,2014,3.1924
ukraine,2015,3.0484
ukraine,2016,2.9685
ukraine,2017,3.0459
ukraine,2018,3.0459
ukraine,2019,2.9906
ukraine,2020,3.4511
ukraine,2021,3.0895
ukraine,2022,2.1429
united_arab_emirates,1980,66.000
united_arab_emirates,1981,83.822
united_arab_emirates,1982,101.64
united_arab_emirates,1983,119.47
united_arab_emirates,1984,137.29
united_arab_emirates,1985,155.11
united_arab_emirates,1986,172.93
united_arab_emirates,1987,190.76
united_arab_emirates,1988,208.58
united_arab_emirates,1989,226.40
united_arab_emirates,1990,220.88
united_arab_emirates,1991,231.61
united_arab_emirates,1992,242.11
united_arab_emirates,1993,252.40
united_arab_emirates,1994,262.51
united_arab_emirates,1995,272.45
united_arab_emirates,1996,278.26
united_arab_emirates,1997,283.54
united_arab_emirates,1998,288.40
united_arab_emirates,1999,292.91
united_arab_emirates,2000,275.27
united_arab_emirates,2001,257.66
united_arab_emirates,2002,241.74
united_arab_emirates,2003,227.27
united_arab_emirates,2004,257.68
united_arab_emirates,2005,288.08
united_arab_emirates,2006,359.52
united_arab_emirates,2007,426.33
united_arab_emirates,2008,488.80
united_arab_emirates,2009,547.21
united_arab_emirates,2010,601.83
united_arab_emirates,2011,652.87
united_arab_emirates,2012,700.56
united_arab_emirates,2013,745.10
united_arab_emirates,2014,786.66
united_arab_emirates,2015,825.42
united_arab_emirates,2016,861.54
united_arab_emirates,2017,845.52
united_arab_emirates,2018,859.01
united_arab_emirates,2019,847.08
united_arab_emirates,2020,837.50
united_arab_emirates,2021,821.53
united_arab_emirates,2022,719.92
united_kingdom_of_great_britain_and_northern_ireland,1980,11.866
united_kingdom_of_great_britain_and_northern_ireland,1981,11.923
united_kingdom_of_great_britain_and_northern_ireland,1982,11.979
united_kingdom_of_great_britain_and_northern_ireland,1983,12.035
united_kingdom_of_great_britain_and_northern_ireland,1984,12.091
united_kingdom_of_great_britain_and_northern_ireland,1985,12.147
united_kingdom_of_great_britain_and_northern_ireland,1986,12.158
united_kingdom_of_great_britain_and_northern_ireland,1987,12.168
united_kingdom_of_great_britain_and_northern_ireland,1988,12.179
united_kingdom_of_great_britain_and_northern_ireland,1989,12.189
united_kingdom_of_great_britain_and_northern_ireland,1990,12.200
united_kingdom_of_great_britain_and_northern_ireland,1991,12.210
united_kingdom_of_great_britain_and_northern_ireland,1992,12.220
united_kingdom_of_great_britain_and_northern_ireland,1993,12.230
united_kingdom_of_great_britain_and_northern_ireland,1994,12.241
united_kingdom_of_great_britain_and_northern_ireland,1995,12.251
united_kingdom_of_great_britain_and_northern_ireland,1996,12.261
united_kingdom_of_great_britain_and_northern_ireland,1997,12.271
united_kingdom_of_great_britain_and_northern_ireland,1998,12.281
united_kingdom_of_great_britain_and_northern_ireland,1999,12.207
united_kingdom_of_great_britain_and_northern_ireland,2000,9.3295
united_kingdom_of_great_britain_and_northern_ireland,2001,10.008
united_kingdom_of_great_britain_and_northern_ireland,2002,11.312
united_kingdom_of_great_britain_and_northern_ireland,2003,11.986
united_kingdom_of_great_britain_and_northern_ireland,2004,12.426
united_kingdom_of_great_britain_and_northern_ireland,2005,13.559
united_kingdom_of_great_britain_and_northern_ireland,2006,10.578
united_kingdom_of_great_britain_and_northern_ireland,2007,10.213
united_kingdom_of_great_britain_and_northern_ireland,2008,10.379
united_kingdom_of_great_britain_and_northern_ireland,2009,10.096
united_kingdom_of_great_britain_and_northern_ireland,2010,10.448
united_kingdom_of_great_britain_and_northern_ireland,2011,9.9220
united_kingdom_of_great_britain_and_northern_ireland,2012,9.6986
united_kingdom_of_great_britain_and_northern_ireland,2013,9.5411
united_kingdom_of_great_britain_and_northern_ireland,2014,9.1238
united_kingdom_of_great_britain_and_northern_ireland,2015,10.166
united_kingdom_of_great_britain_and_northern_ireland,2016,10.616
united_kingdom_of_great_britain_and_northern_ireland,2017,10.616
united_kingdom_of_great_britain_and_northern_ireland,2018,10.616
united_kingdom_of_great_britain_and_northern_ireland,2019,10.616
united_kingdom_of_great_britain_and_northern_ireland,2020,10.616
united_kingdom_of_great_britain_and_northern_ireland,2021,10.616
united_kingdom_of_great_britain_and_northern_ireland,2022,10.616
united_republic_of_tanzania,1994,1.0515
united_republic_of_tanzania,1995,1.0848
united_republic_of_tanzania,1996,1.1181
united_republic_of_tanzania,1997,1.1514
united_republic_of_tanzania,1998,1.1847
united_republic_of_tanzania,1999,1.2180
united_republic_of_tanzania,2000,1.2513
united_republic_of_tanzania,2001,1.2845
united_republic_of_tanzania,2002,1.3178
united_republic_of_tanzania,2003,1.3178
united_republic_of_tanzania,2004,1.3178
united_republic_of_tanzania,2005,1.3178
united_republic_of_tanzania,2006,1.3178
united_republic_of_tanzania,2007,1.3178
united_republic_of_tanzania,2008,1.3178
united_republic_of_tanzania,2009,1.3178
united_republic_of_tanzania,2010,1.3178
united_republic_of_tanzania,2011,1.3178
united_republic_of_tanzania,2012,1.3178
united_republic_of_tanzania,2013,1.3178
united_republic_of_tanzania,2014,1.3178
united_republic_of_tanzania,2015,1.3178
united_republic_of_tanzania,2016,1.3178
united_republic_of_tanzania,2017,1.3178
united_republic_of_tanzania,2018,1.3178
united_republic_of_tanzania,2019,1.3178
united_republic_of_tanzania,2020,1.3178
united_republic_of_tanzania,2021,1.3178
united_republic_of_tanzania,2022,1.3178
united_states_of_america,1990,3.1974
united_states_of_america,1991,3.2211
united_states_of_america,1992,3.2442
united_states_of_america,1993,3.2684
united_states_of_america,1994,3.2914
united_states_of_america,1995,3.3150
united_states_of_america,1996,3.3388
united_states_of_america,1997,3.3632
united_states_of_america,1998,3.3864
united_states_of_america,1999,3.4103
united_states_of_america,2000,3.4343
united_states_of_america,2001,3.4532
united_states_of_america,2002,3.4721
united_states_of_america,2003,3.4910
united_states_of_america,2004,3.5099
united_states_of_america,2005,3.5288
united_states_of_america,2006,3.5011
united_states_of_america,2007,3.4737
united_states_of_america,2008,3.4466
united_states_of_america,2009,3.4199
united_states_of_america,2010,3.3935
united_states_of_america,2011,3.4526
united_states_of_america,2012,3.5128
united_states_of_america,2013,3.5741
united_states_of_america,2014,3.6365
united_states_of_america,2015,3.7003
united_states_of_america,2016,3.7003
united_states_of_america,2017,3.7003
united_states_of_america,2018,3.7003
united_states_of_america,2019,3.7003
united_states_of_america,2020,3.7003
united_states_of_america,2021,3.7003
united_states_of_america,2022,3.7003
uruguay,1965,0.10428
uruguay,1966,0.13262
uruguay,1967,0.16096
uruguay,1968,0.18930
uruguay,1969,0.21765
uruguay,1970,0.24599
uruguay,1971,0.27433
uruguay,1972,0.30267
uruguay,1973,0.33102
uruguay,1974,0.35936
uruguay,1975,0.38770
uruguay,1976,0.41604
uruguay,1977,0.44439
uruguay,1978,0.47273
uruguay,1979,0.50107
uruguay,1980,0.52941
uruguay,1981,0.55775
uruguay,1982,0.58610
uruguay,1983,0.61444
uruguay,1984,0.64278
uruguay,1985,0.67112
uruguay,1986,0.69947
uruguay,1987,0.72781
uruguay,1988,0.75615
uruguay,1989,0.78449
uruguay,1990,0.81283
uruguay,1991,0.84118
uruguay,1992,0.86952
uruguay,1993,0.89786
uruguay,1994,0.92620
uruguay,1995,0.95455
uruguay,1996,0.98289
uruguay,1997,1.0112
uruguay,1998,1.0396
uruguay,1999,1.0679
uruguay,2000,1.0963
uruguay,2001,1.0976
uruguay,2002,1.0990
uruguay,2003,1.1004
uruguay,2004,1.1017
uruguay,2005,1.1031
uruguay,2006,1.1044
uruguay,2007,1.1058
uruguay,2008,1.1072
uruguay,2009,1.1085
uruguay,2010,1.1099
uruguay,2011,1.1113
uruguay,2012,1.1126
uruguay,2013,1.1140
uruguay,2014,1.1154
uruguay,2015,1.1167
uruguay,2016,1.1181
uruguay,2017,1.1195
uruguay,2018,1.1208
uruguay,2019,1.1222
uruguay,2020,1.1236
uruguay,2021,1.1211
uruguay,2022,1.1348
uzbekistan,1994,6.8572
uzbekistan,1995,7.1337
uzbekistan,1996,7.4059
uzbekistan,1997,7.6741
uzbekistan,1998,7.9383
uzbekistan,1999,8.1985
uzbekistan,2000,8.4549
uzbekistan,2001,8.7768
uzbekistan,2002,9.1677
uzbekistan,2003,9.5556
uzbekistan,2004,9.9403
uzbekistan,2005,10.322
uzbekistan,2006,9.9399
uzbekistan,2007,9.5486
uzbekistan,2008,9.1476
uzbekistan,2009,8.7366
uzbekistan,2010,8.3155
uzbekistan,2011,7.8839
uzbekistan,2012,7.4416
uzbekistan,2013,6.9883
uzbekistan,2014,6.5237
uzbekistan,2015,6.9032
uzbekistan,2016,6.9851
uzbekistan,2017,6.9119
uzbekistan,2018,6.7450
uzbekistan,2019,6.5744
uzbekistan,2020,6.4288
uzbekistan,2021,6.1359
uzbekistan,2022,6.3588
venezuela_bolivarian_republic_of,1970,0.58767
venezuela_bolivarian_republic_of,1971,0.61706
venezuela_bolivarian_republic_of,1972,0.64645
venezuela_bolivarian_republic_of,1973,0.67585
venezuela_bolivarian_republic_of,1974,0.70524
venezuela_bolivarian_republic_of,1975,0.73464
venezuela_bolivarian_republic_of,1976,0.76403
venezuela_bolivarian_republic_of,1977,0.79362
venezuela_bolivarian_republic_of,1978,0.82282
venezuela_bolivarian_republic_of,1979,0.85221
venezuela_bolivarian_republic_of,1980,0.88161
venezuela_bolivarian_republic_of,1981,0.91100
venezuela_bolivarian_republic_of,1982,0.94073
venezuela_bolivarian_republic_of,1983,0.96979
venezuela_bolivarian_republic_of,1984,0.99958
venezuela_bolivarian_republic_of,1985,1.0286
venezuela_bolivarian_republic_of,1986,1.0580
venezuela_bolivarian_republic_of,1987,1.0878
venezuela_bolivarian_republic_of,1988,1.1168
venezuela_bolivarian_republic_of,1989,1.1467
venezuela_bolivarian_republic_of,1990,1.1753
venezuela_bolivarian_republic_of,1991,1.2049
venezuela_bolivarian_republic_of,1992,1.2343
venezuela_bolivarian_republic_of,1993,1.2637
venezuela_bolivarian_republic_of,1994,1.2931
venezuela_bolivarian_republic_of,1995,1.3225
venezuela_bolivarian_republic_of,1996,1.3519
venezuela_bolivarian_republic_of,1997,1.3813
venezuela_bolivarian_republic_of,1998,1.4107
venezuela_bolivarian_republic_of,1999,1.4401
venezuela_bolivarian_republic_of,2000,1.4695
venezuela_bolivarian_republic_of,2001,1.5171
venezuela_bolivarian_republic_of,2002,1.5646
venezuela_bolivarian_republic_of,2003,1.5320
venezuela_bolivarian_republic_of,2004,1.5772
venezuela_bolivarian_republic_of,2005,1.6223
venezuela_bolivarian_republic_of,2006,1.6223
venezuela_bolivarian_republic_of,2007,1.7073
venezuela_bolivarian_republic_of,2008,1.7073
venezuela_bolivarian_republic_of,2009,1.7073
venezuela_bolivarian_republic_of,2010,1.7073
venezuela_bolivarian_republic_of,2011,1.7073
venezuela_bolivarian_republic_of,2012,1.7073
venezuela_bolivarian_republic_of,2013,1.7073
venezuela_bolivarian_republic_of,2014,1.7073
venezuela_bolivarian_republic_of,2015,1.7073
venezuela_bolivarian_republic_of,2016,1.7073
venezuela_bolivarian_republic_of,2017,1.7073
venezuela_bolivarian_republic_of,2018,1.7073
venezuela_bolivarian_republic_of,2019,1.7073
venezuela_bolivarian_republic_of,2020,1.7073
venezuela_bolivarian_republic_of,2021,1.7073
venezuela_bolivarian_republic_of,2022,1.7073
viet_nam,1980,0.29235
viet_nam,1981,0.31139
viet_nam,1982,0.33044
viet_nam,1983,0.34949
viet_nam,1984,0.36853
viet_nam,1985,0.38758
viet_nam,1986,0.37726
viet_nam,1987,0.36694
viet_nam,1988,0.35662
viet_nam,1989,0.34630
viet_nam,1990,0.33598
viet_nam,1991,0.32566
viet_nam,1992,0.31533
viet_nam,1993,0.30501
viet_nam,1994,0.29469
viet_nam,1995,0.28437
viet_nam,1996,0.27405
viet_nam,1997,0.26373
viet_nam,1998,0.25341
viet_nam,1999,0.24309
viet_nam,2000,0.23277
viet_nam,2001,0.23964
viet_nam,2002,0.24650
viet_nam,2003,0.25280
viet_nam,2004,0.25966
viet_nam,2005,0.26655
viet_nam,2006,0.26655
viet_nam,2007,0.26655
viet_nam,2008,0.26655
viet_nam,2009,0.26655
viet_nam,2010,0.26655
viet_nam,2011,0.26655
viet_nam,2012,0.26655
viet_nam,2013,0.26655
viet_nam,2014,0.26655
viet_nam,2015,0.26655
viet_nam,2016,0.26655
viet_nam,2017,0.26655
viet_nam,2018,0.26655
viet_nam,2019,0.26655
viet_nam,2020,0.26655
viet_nam,2021,0.26655
viet_nam,2022,0.26655
western_asia,2000,6.9283
western_asia,2001,6.1522
western_asia,2002,6.1696
western_asia,2003,6.0630
western_asia,2004,6.1917
western_asia,2005,6.1307
western_asia,2006,6.2135
western_asia,2007,6.1005
western_asia,2008,5.8889
western_asia,2009,6.0343
western_asia,2010,6.1222
western_asia,2011,6.1863
western_asia,2012,6.3283
western_asia,2013,6.3497
western_asia,2014,6.4367
western_asia,2015,6.5437
western_asia,2016,7.0674
western_asia,2017,7.1843
western_asia,2018,7.2228
western_asia,2019,9.3114
western_asia,2020,9.9082
western_asia,2021,9.5116
western_asia,2022,9.1923
world,2000,1.9553
world,2001,2.0513
world,2002,2.0968
world,2003,2.1262
world,2004,2.1325
world,2005,2.1458
world,2006,2.1275
world,2007,2.1354
world,2008,2.0781
world,2009,2.0916
world,2010,2.0874
world,2011,2.0992
world,2012,2.0851
world,2013,2.0957
world,2014,2.1292
world,2015,2.1575
world,2016,2.2584
world,2017,2.2825
world,2018,2.2990
world,2019,2.3510
world,2020,2.3894
world,2021,2.3872
world,2022,2.3846
yemen,1990,9.5388
yemen,1991,9.8763
yemen,1992,10.214
yemen,1993,10.551
yemen,1994,10.889
yemen,1995,11.226
yemen,1996,11.564
yemen,1997,11.901
yemen,1998,12.239
yemen,1999,12.577
yemen,2000,12.891
yemen,2001,12.838
yemen,2002,12.784
yemen,2003,12.729
yemen,2004,12.674
yemen,2005,12.619
yemen,2006,12.619
yemen,2007,12.619
yemen,2008,12.619
yemen,2009,12.619
yemen,2010,12.619
yemen,2011,12.619
yemen,2012,12.619
yemen,2013,12.619
yemen,2014,12.619
yemen,2015,12.619
yemen,2016,12.619
yemen,2017,12.619
yemen,2018,12.619
yemen,2019,12.619
yemen,2020,12.619
yemen,2021,12.619
yemen,2022,12.619
zambia,1992,0.54293
zambia,1993,0.51497
zambia,1994,0.48701
zambia,1995,0.49264
zambia,1996,0.49824
zambia,1997,0.50383
zambia,1998,0.50941
zambia,1999,0.51496
zambia,2000,0.52049
zambia,2001,0.52177
zambia,2002,0.52309
zambia,2003,0.52309
zambia,2004,0.52309
zambia,2005,0.52309
zambia,2006,0.52309
zambia,2007,0.52309
zambia,2008,0.52309
zambia,2009,0.52309
zambia,2010,0.52309
zambia,2011,0.52309
zambia,2012,0.52309
zambia,2013,0.52309
zambia,2014,0.52309
zambia,2015,0.52309
zambia,2016,0.52309
zambia,2017,0.52309
zambia,2018,0.52309
zambia,2019,0.52309
zambia,2020,0.52309
zambia,2021,0.52309
zambia,2022,0.52309
zimbabwe,1987,1.6053
zimbabwe,1988,1.8669
zimbabwe,1989,2.1286
zimbabwe,1990,2.3902
zimbabwe,1991,2.6518
zimbabwe,1992,2.9134
zimbabwe,1993,3.1750
zimbabwe,1994,3.4366
zimbabwe,1995,3.6982
zimbabwe,1996,3.9598
zimbabwe,1997,4.2214
zimbabwe,1998,4.4830
zimbabwe,1999,4.7446
zimbabwe,2000,5.0066
zimbabwe,2001,5.2679
zimbabwe,2002,5.5295
zimbabwe,2003,5.2216
zimbabwe,2004,4.9136
zimbabwe,2005,4.6057
zimbabwe,2006,4.2978
zimbabwe,2007,3.9899
zimbabwe,2008,4.2320
zimbabwe,2009,4.4740
zimbabwe,2010,4.7161
zimbabwe,2011,4.9582
zimbabwe,2012,5.2003
zimbabwe,2013,5.4424
zimbabwe,2014,5.6845
zimbabwe,2015,5.9266
zimbabwe,2016,5.6267
zimbabwe,2017,4.5783
zimbabwe,2018,6.0924
zimbabwe,2019,5.2707
zimbabwe,2020,5.1359
zimbabwe,2021,5.1359
zimbabwe,2022,5.1359
