area,year,industry_value_added_to_gdp
afghanistan,1970,425350000
afghanistan,1971,445340000
afghanistan,1972,388050000
afghanistan,1973,421570000
afghanistan,1974,524260000
afghanistan,1975,575550000
afghanistan,1976,621610000
afghanistan,1977,718260000
afghanistan,1978,802330000
afghanistan,1979,900000000
afghanistan,1980,885320000
afghanistan,1981,845020000
afghanistan,1982,839530000
afghanistan,1983,823600000
afghanistan,1984,814290000
afghanistan,1985,823150000
afghanistan,1986,786040000
afghanistan,1987,700030000
afghanistan,1988,516420000
afghanistan,1989,596210000
afghanistan,1990,853480000
afghanistan,1991,779290000
afghanistan,1992,552850000
afghanistan,1993,380750000
afghanistan,1994,248810000
afghanistan,1995,339280000
afghanistan,1996,376730000
afghanistan,1997,422430000
afghanistan,1998,477800000
afghanistan,1999,527440000
afghanistan,2000,815750000
afghanistan,2001,938000000
afghanistan,2002,915130000
afghanistan,2003,946390000
afghanistan,2004,1162200000
afghanistan,2005,1308000000
afghanistan,2006,1424700000
afghanistan,2007,1758300000
afghanistan,2008,1722800000
afghanistan,2009,1544600000
afghanistan,2010,1800900000
afghanistan,2011,2190700000
afghanistan,2012,2136800000
afghanistan,2013,1915200000
afghanistan,2014,1842200000
afghanistan,2015,1732600000
afghanistan,2016,1566600000
afghanistan,2017,1697000000
afghanistan,2018,2217700000
afghanistan,2019,2713900000
afghanistan,2020,2205500000
afghanistan,2021,1821100000
afghanistan,2022,1975000000
albania,1970,724570000
albania,1971,745510000
albania,1972,766830000
albania,1973,788630000
albania,1974,812020000
albania,1975,834530000
albania,1976,857800000
albania,1977,886420000
albania,1978,905890000
albania,1979,755280000
albania,1980,698560000
albania,1981,690430000
albania,1982,723650000
albania,1983,723850000
albania,1984,725500000
albania,1985,728450000
albania,1986,770480000
albania,1987,787080000
albania,1988,821850000
albania,1989,971610000
albania,1990,732880000
albania,1991,490910000
albania,1992,337540000
albania,1993,377760000
albania,1994,417090000
albania,1995,547230000
albania,1996,419560000
albania,1997,322070000
albania,1998,327100000
albania,1999,455450000
albania,2000,580750000
albania,2001,751660000
albania,2002,922190000
albania,2003,1146500000
albania,2004,1485000000
albania,2005,1703700000
albania,2006,1942200000
albania,2007,2427500000
albania,2008,2911100000
albania,2009,2594100000
albania,2010,2472400000
albania,2011,2813700000
albania,2012,2528000000
albania,2013,2590200000
albania,2014,2505400000
albania,2015,2031000000
albania,2016,2020700000
albania,2017,2304200000
albania,2018,2677700000
albania,2019,2721900000
albania,2020,2603100000
albania,2021,3204400000
albania,2022,3509900000
algeria,1961,717170000
algeria,1962,634420000
algeria,1963,1103300000
algeria,1964,1241200000
algeria,1965,1324000000
algeria,1966,1414100000
algeria,1967,1612100000
algeria,1968,1836000000
algeria,1969,2035700000
algeria,1970,1732300000
algeria,1971,1622700000
algeria,1972,2586900000
algeria,1973,3773500000
algeria,1974,7195400000
algeria,1975,7166600000
algeria,1976,8627500000
algeria,1977,10225000000
algeria,1978,12114000000
algeria,1979,16600000000
algeria,1980,22433000000
algeria,1981,22997000000
algeria,1982,23083000000
algeria,1983,24564000000
algeria,1984,26844000000
algeria,1985,28196000000
algeria,1986,27700000000
algeria,1987,27472000000
algeria,1988,24182000000
algeria,1989,22997000000
algeria,1990,28041000000
algeria,1991,22560000000
algeria,1992,22082000000
algeria,1993,21640000000
algeria,1994,18508000000
algeria,1995,18837000000
algeria,1996,21714000000
algeria,1997,22740000000
algeria,1998,19845000000
algeria,1999,21546000000
algeria,2000,29216000000
algeria,2001,26786000000
algeria,2002,27143000000
algeria,2003,33693000000
algeria,2004,43688000000
algeria,2005,58147000000
algeria,2006,67773000000
algeria,2007,76581000000
algeria,2008,98791000000
algeria,2009,64467000000
algeria,2010,80076000000
algeria,2011,97746000000
algeria,2012,98465000000
algeria,2013,91158000000
algeria,2014,88694000000
algeria,2015,57764000000
algeria,2016,53903000000
algeria,2017,60781000000
algeria,2018,66859000000
algeria,2019,62136000000
algeria,2020,46201000000
algeria,2021,62764000000
algeria,2022,67982000000
andorra,1970,13369000
andorra,1971,15204000
andorra,1972,19286000
andorra,1973,25651000
andorra,1974,31724000
andorra,1975,37430000
andorra,1976,38651000
andorra,1977,43194000
andorra,1978,52378000
andorra,1979,69979000
andorra,1980,75909000
andorra,1981,66157000
andorra,1982,63928000
andorra,1983,55739000
andorra,1984,56108000
andorra,1985,58997000
andorra,1986,82023000
andorra,1987,103910000
andorra,1988,122490000
andorra,1989,135110000
andorra,1990,175900000
andorra,1991,188520000
andorra,1992,204470000
andorra,1993,170020000
andorra,1994,173160000
andorra,1995,207970000
andorra,1996,204630000
andorra,1997,191630000
andorra,1998,203640000
andorra,1999,219340000
andorra,2000,195580000
andorra,2001,213540000
andorra,2002,247030000
andorra,2003,340990000
andorra,2004,425990000
andorra,2005,474380000
andorra,2006,525680000
andorra,2007,574060000
andorra,2008,589890000
andorra,2009,506470000
andorra,2010,424030000
andorra,2011,400510000
andorra,2012,323430000
andorra,2013,300910000
andorra,2014,291100000
andorra,2015,246690000
andorra,2016,259430000
andorra,2017,277310000
andorra,2018,314330000
andorra,2019,326910000
andorra,2020,328610000
andorra,2021,393240000
andorra,2022,375020000
angola,1970,1502200000
angola,1971,1560800000
angola,1972,1589500000
angola,1973,1958000000
angola,1974,2204100000
angola,1975,1643700000
angola,1976,1565500000
angola,1977,1704700000
angola,1978,1905200000
angola,1979,2072300000
angola,1980,2841100000
angola,1981,2573700000
angola,1982,2640600000
angola,1983,2707400000
angola,1984,2907900000
angola,1985,3877300000
angola,1986,2874500000
angola,1987,4011000000
angola,1988,4144700000
angola,1989,4813200000
angola,1990,5548500000
angola,1991,6061900000
angola,1992,8869700000
angola,1993,6886400000
angola,1994,9277600000
angola,1995,4410300000
angola,1996,5914600000
angola,1997,6210800000
angola,1998,4757300000
angola,1999,5979600000
angola,2000,8800700000
angola,2001,7747900000
angola,2002,8512200000
angola,2003,9348000000
angola,2004,12735000000
angola,2005,22224000000
angola,2006,30010000000
angola,2007,39670000000
angola,2008,52863000000
angola,2009,30487000000
angola,2010,43424000000
angola,2011,62167000000
angola,2012,72385000000
angola,2013,72338000000
angola,2014,66704000000
angola,2015,48133000000
angola,2016,42562000000
angola,2017,50945000000
angola,2018,48052000000
angola,2019,40885000000
angola,2020,24649000000
angola,2021,33059000000
angola,2022,50360000000
antigua_and_barbuda,1970,4084000
antigua_and_barbuda,1971,4874900
antigua_and_barbuda,1972,6571000
antigua_and_barbuda,1973,9938600
antigua_and_barbuda,1974,9356600
antigua_and_barbuda,1975,9450700
antigua_and_barbuda,1976,6054600
antigua_and_barbuda,1977,6716300
antigua_and_barbuda,1978,7648800
antigua_and_barbuda,1979,10621000
antigua_and_barbuda,1980,13877000
antigua_and_barbuda,1981,15877000
antigua_and_barbuda,1982,14059000
antigua_and_barbuda,1983,14561000
antigua_and_barbuda,1984,17794000
antigua_and_barbuda,1985,21513000
antigua_and_barbuda,1986,28382000
antigua_and_barbuda,1987,37934000
antigua_and_barbuda,1988,48098000
antigua_and_barbuda,1989,55519000
antigua_and_barbuda,1990,52491000
antigua_and_barbuda,1991,55082000
antigua_and_barbuda,1992,52404000
antigua_and_barbuda,1993,49786000
antigua_and_barbuda,1994,52729000
antigua_and_barbuda,1995,56583000
antigua_and_barbuda,1996,63462000
antigua_and_barbuda,1997,69672000
antigua_and_barbuda,1998,78653000
antigua_and_barbuda,1999,86009000
antigua_and_barbuda,2000,92237000
antigua_and_barbuda,2001,74367000
antigua_and_barbuda,2002,80422000
antigua_and_barbuda,2003,91819000
antigua_and_barbuda,2004,93659000
antigua_and_barbuda,2005,119930000
antigua_and_barbuda,2006,183150000
antigua_and_barbuda,2007,205360000
antigua_and_barbuda,2008,221170000
antigua_and_barbuda,2009,204760000
antigua_and_barbuda,2010,143940000
antigua_and_barbuda,2011,116570000
antigua_and_barbuda,2012,129780000
antigua_and_barbuda,2013,144890000
antigua_and_barbuda,2014,158500000
antigua_and_barbuda,2015,163670000
antigua_and_barbuda,2016,192820000
antigua_and_barbuda,2017,223010000
antigua_and_barbuda,2018,284100000
antigua_and_barbuda,2019,295120000
antigua_and_barbuda,2020,230660000
antigua_and_barbuda,2021,269870000
antigua_and_barbuda,2022,310370000
argentina,1965,13723000000
argentina,1966,14202000000
argentina,1967,11494000000
argentina,1968,12435000000
argentina,1969,14811000000
argentina,1970,12501000000
argentina,1971,15071000000
argentina,1972,14251000000
argentina,1973,14887000000
argentina,1974,17101000000
argentina,1975,21230000000
argentina,1976,22477000000
argentina,1977,23866000000
argentina,1978,23554000000
argentina,1979,26416000000
argentina,1980,27058000000
argentina,1981,27193000000
argentina,1982,29173000000
argentina,1983,31829000000
argentina,1984,31995000000
argentina,1985,30169000000
argentina,1986,34382000000
argentina,1987,35652000000
argentina,1988,42607000000
argentina,1989,28416000000
argentina,1990,44435000000
argentina,1991,54224000000
argentina,1992,60791000000
argentina,1993,51043000000
argentina,1994,54611000000
argentina,1995,57525000000
argentina,1996,61677000000
argentina,1997,67971000000
argentina,1998,67692000000
argentina,1999,62358000000
argentina,2000,61968000000
argentina,2001,56690000000
argentina,2002,27618000000
argentina,2003,37547000000
argentina,2004,44844000000
argentina,2005,53779000000
argentina,2006,64631000000
argentina,2007,74793000000
argentina,2008,90843000000
argentina,2009,80354000000
argentina,2010,103000000000
argentina,2011,128000000000
argentina,2012,136000000000
argentina,2013,140000000000
argentina,2014,131000000000
argentina,2015,142000000000
argentina,2016,115000000000
argentina,2017,129000000000
argentina,2018,115000000000
argentina,2019,95624000000
argentina,2020,80722000000
argentina,2021,112000000000
argentina,2022,147000000000
armenia,1992,453270000
armenia,1993,302200000
armenia,1994,354970000
armenia,1995,334930000
armenia,1996,418960000
armenia,1997,429400000
armenia,1998,455530000
armenia,1999,468390000
armenia,2000,534130000
armenia,2001,557290000
armenia,2002,689320000
armenia,2003,912820000
armenia,2004,1163300000
armenia,2005,1791400000
armenia,2006,2381300000
armenia,2007,3347800000
armenia,2008,4187000000
armenia,2009,2517900000
armenia,2010,2763100000
armenia,2011,2690000000
armenia,2012,2536000000
armenia,2013,2490900000
armenia,2014,2447800000
armenia,2015,2189000000
armenia,2016,2175200000
armenia,2017,2447600000
armenia,2018,2578500000
armenia,2019,2902800000
armenia,2020,2923100000
armenia,2021,3202400000
armenia,2022,4271600000
australia,1970,14361000000
australia,1971,16035000000
australia,1972,18681000000
australia,1973,26118000000
australia,1974,32096000000
australia,1975,34824000000
australia,1976,36771000000
australia,1977,36108000000
australia,1978,41491000000
australia,1979,46676000000
australia,1980,55463000000
australia,1981,62207000000
australia,1982,56440000000
australia,1983,56422000000
australia,1984,60931000000
australia,1985,53085000000
australia,1986,51877000000
australia,1987,59529000000
australia,1988,71909000000
australia,1989,80494000000
australia,1990,77810000000
australia,1991,76106000000
australia,1992,75616000000
australia,1993,74006000000
australia,1994,84801000000
australia,1995,90990000000
australia,1996,98393000000
australia,1997,99285000000
australia,1998,85982000000
australia,1999,94427000000
australia,2000,86689000000
australia,2001,82503000000
australia,2002,93862000000
australia,2003,120000000000
australia,2004,151000000000
australia,2005,177000000000
australia,2006,192000000000
australia,2007,231000000000
australia,2008,263000000000
australia,2009,232000000000
australia,2010,314000000000
australia,2011,369000000000
australia,2012,356000000000
australia,2013,353000000000
australia,2014,309000000000
australia,2015,247000000000
australia,2016,274000000000
australia,2017,305000000000
australia,2018,332000000000
australia,2019,318000000000
australia,2020,334000000000
australia,2021,448000000000
australia,2022,453000000000
austria,1970,5703100000
austria,1971,6717200000
austria,1972,8363000000
austria,1973,10356000000
austria,1974,12399000000
austria,1975,13391000000
austria,1976,12937000000
austria,1977,15297000000
austria,1978,18631000000
austria,1979,21497000000
austria,1980,23793000000
austria,1981,20201000000
austria,1982,19622000000
austria,1983,19682000000
austria,1984,17812000000
austria,1985,18435000000
austria,1986,26156000000
austria,1987,32231000000
austria,1988,34727000000
austria,1989,34306000000
austria,1990,43586000000
austria,1991,45452000000
austria,1992,49907000000
austria,1993,47035000000
austria,1994,50864000000
austria,1995,61232000000
austria,1996,59991000000
austria,1997,53708000000
austria,1998,54952000000
austria,1999,54766000000
austria,2000,49678000000
austria,2001,49427000000
austria,2002,51884000000
austria,2003,63626000000
austria,2004,72672000000
austria,2005,75920000000
austria,2006,81448000000
austria,2007,95765000000
austria,2008,104000000000
austria,2009,91216000000
austria,2010,88815000000
austria,2011,97925000000
austria,2012,93504000000
austria,2013,97528000000
austria,2014,100000000000
austria,2015,86264000000
austria,2016,90578000000
austria,2017,95511000000
austria,2018,104000000000
austria,2019,101000000000
austria,2020,99111000000
austria,2021,113000000000
austria,2022,107000000000
azerbaijan,1992,1841600000
azerbaijan,1993,1237600000
azerbaijan,1994,831510000
azerbaijan,1995,785430000
azerbaijan,1996,1021800000
azerbaijan,1997,1380200000
azerbaijan,1998,1423500000
azerbaijan,1999,1622900000
azerbaijan,2000,2081100000
azerbaijan,2001,2379000000
azerbaijan,2002,2808000000
azerbaijan,2003,3448800000
azerbaijan,2004,4320000000
azerbaijan,2005,7640100000
azerbaijan,2006,13500000000
azerbaijan,2007,21510000000
azerbaijan,2008,31467000000
azerbaijan,2009,24400000000
azerbaijan,2010,31064000000
azerbaijan,2011,39507000000
azerbaijan,2012,39967000000
azerbaijan,2013,40784000000
azerbaijan,2014,38828000000
azerbaijan,2015,23018000000
azerbaijan,2016,17454000000
azerbaijan,2017,19810000000
azerbaijan,2018,24073000000
azerbaijan,2019,22967000000
azerbaijan,2020,17291000000
azerbaijan,2021,25986000000
azerbaijan,2022,43196000000
bahamas,1970,71855000
bahamas,1971,74449000
bahamas,1972,80069000
bahamas,1973,91631000
bahamas,1974,111030000
bahamas,1975,103650000
bahamas,1976,114210000
bahamas,1977,121440000
bahamas,1978,141740000
bahamas,1979,171260000
bahamas,1980,205820000
bahamas,1981,213780000
bahamas,1982,242470000
bahamas,1983,269770000
bahamas,1984,280070000
bahamas,1985,302010000
bahamas,1986,332690000
bahamas,1987,383650000
bahamas,1988,346880000
bahamas,1989,424010000
bahamas,1990,404230000
bahamas,1991,430100000
bahamas,1992,402980000
bahamas,1993,322790000
bahamas,1994,375460000
bahamas,1995,381810000
bahamas,1996,462890000
bahamas,1997,613200000
bahamas,1998,672100000
bahamas,1999,668500000
bahamas,2000,747300000
bahamas,2001,574100000
bahamas,2002,690200000
bahamas,2003,737000000
bahamas,2004,703200000
bahamas,2005,837800000
bahamas,2006,989200000
bahamas,2007,752600000
bahamas,2008,867800000
bahamas,2009,780900000
bahamas,2010,934300000
bahamas,2011,967300000
bahamas,2012,1168800000
bahamas,2013,1123800000
bahamas,2014,1245800000
bahamas,2015,1084800000
bahamas,2016,1246600000
bahamas,2017,1363400000
bahamas,2018,1265400000
bahamas,2019,1387200000
bahamas,2020,890340000
bahamas,2021,878530000
bahamas,2022,752300000
bahrain,1970,191450000
bahrain,1971,206620000
bahrain,1972,260550000
bahrain,1973,372590000
bahrain,1974,511560000
bahrain,1975,531040000
bahrain,1976,782230000
bahrain,1977,984450000
bahrain,1978,1071700000
bahrain,1979,1313600000
bahrain,1980,1770700000
bahrain,1981,1959600000
bahrain,1982,1903600000
bahrain,1983,1766600000
bahrain,1984,1877700000
bahrain,1985,1796000000
bahrain,1986,1270800000
bahrain,1987,1269100000
bahrain,1988,1295100000
bahrain,1989,1405600000
bahrain,1990,1709700000
bahrain,1991,1646800000
bahrain,1992,1639500000
bahrain,1993,1821400000
bahrain,1994,2025900000
bahrain,1995,2291300000
bahrain,1996,2361000000
bahrain,1997,2442000000
bahrain,1998,1913900000
bahrain,1999,2303200000
bahrain,2000,3522600000
bahrain,2001,3344100000
bahrain,2002,3593000000
bahrain,2003,4215200000
bahrain,2004,4970500000
bahrain,2005,6588300000
bahrain,2006,8195100000
bahrain,2007,9712500000
bahrain,2008,12671000000
bahrain,2009,9574800000
bahrain,2010,11223000000
bahrain,2011,13884000000
bahrain,2012,14238000000
bahrain,2013,15197000000
bahrain,2014,15109000000
bahrain,2015,12105000000
bahrain,2016,12264000000
bahrain,2017,14177000000
bahrain,2018,15729000000
bahrain,2019,15763000000
bahrain,2020,13258000000
bahrain,2021,17112000000
bahrain,2022,18140000000
bangladesh,1961,327310000
bangladesh,1962,404680000
bangladesh,1963,415160000
bangladesh,1964,561390000
bangladesh,1965,633370000
bangladesh,1966,664260000
bangladesh,1967,587740000
bangladesh,1968,693160000
bangladesh,1969,778180000
bangladesh,1970,720960000
bangladesh,1971,573680000
bangladesh,1972,502470000
bangladesh,1973,1094800000
bangladesh,1974,1367400000
bangladesh,1975,1174200000
bangladesh,1976,1665500000
bangladesh,1977,2044200000
bangladesh,1978,2479200000
bangladesh,1979,3016400000
bangladesh,1980,3608900000
bangladesh,1981,3689400000
bangladesh,1982,3420800000
bangladesh,1983,3402300000
bangladesh,1984,3847100000
bangladesh,1985,3857600000
bangladesh,1986,3923000000
bangladesh,1987,4230700000
bangladesh,1988,4534900000
bangladesh,1989,4963800000
bangladesh,1990,5473900000
bangladesh,1991,5810300000
bangladesh,1992,6205200000
bangladesh,1993,6773500000
bangladesh,1994,7378200000
bangladesh,1995,8365900000
bangladesh,1996,8925500000
bangladesh,1997,9348000000
bangladesh,1998,10037000000
bangladesh,1999,10283000000
bangladesh,2000,10504000000
bangladesh,2001,10789000000
bangladesh,2002,11395000000
bangladesh,2003,12405000000
bangladesh,2004,13538000000
bangladesh,2005,14286000000
bangladesh,2006,16054000000
bangladesh,2007,19333000000
bangladesh,2008,23153000000
bangladesh,2009,27306000000
bangladesh,2010,31093000000
bangladesh,2011,34435000000
bangladesh,2012,37372000000
bangladesh,2013,47805000000
bangladesh,2014,55684000000
bangladesh,2015,66062000000
bangladesh,2016,78608000000
bangladesh,2017,86379000000
bangladesh,2018,96925000000
bangladesh,2019,110000000000
bangladesh,2020,117000000000
bangladesh,2021,133000000000
bangladesh,2022,141000000000
barbados,1970,41697000
barbados,1971,47632000
barbados,1972,54300000
barbados,1973,65165000
barbados,1974,86273000
barbados,1975,92024000
barbados,1976,110250000
barbados,1977,129230000
barbados,1978,147730000
barbados,1979,177470000
barbados,1980,238480000
barbados,1981,256800000
barbados,1982,261280000
barbados,1983,297240000
barbados,1984,320980000
barbados,1985,284110000
barbados,1986,288330000
barbados,1987,291590000
barbados,1988,322260000
barbados,1989,332650000
barbados,1990,335100000
barbados,1991,303710000
barbados,1992,245720000
barbados,1993,254250000
barbados,1994,259130000
barbados,1995,278540000
barbados,1996,296420000
barbados,1997,339860000
barbados,1998,380640000
barbados,1999,389210000
barbados,2000,400060000
barbados,2001,383580000
barbados,2002,382040000
barbados,2003,411820000
barbados,2004,438200000
barbados,2005,484350000
barbados,2006,608550000
barbados,2007,608780000
barbados,2008,643250000
barbados,2009,590600000
barbados,2010,529150000
barbados,2011,565050000
barbados,2012,541750000
barbados,2013,552250000
barbados,2014,540400000
barbados,2015,532000000
barbados,2016,518150000
barbados,2017,521200000
barbados,2018,513100000
barbados,2019,520100000
barbados,2020,511900000
barbados,2021,517900000
barbados,2022,598550000
belarus,1992,7907500000
belarus,1993,5945500000
belarus,1994,4841100000
belarus,1995,4531700000
belarus,1996,4856100000
belarus,1997,4960600000
belarus,1998,5266300000
belarus,1999,4045700000
belarus,2000,3205100000
belarus,2001,3623200000
belarus,2002,4386100000
belarus,2003,5289100000
belarus,2004,7342500000
belarus,2005,9860200000
belarus,2006,12074000000
belarus,2007,14874000000
belarus,2008,21250000000
belarus,2009,16501000000
belarus,2010,18408000000
belarus,2011,20996000000
belarus,2012,21741000000
belarus,2013,24902000000
belarus,2014,25310000000
belarus,2015,16410000000
belarus,2016,12629000000
belarus,2017,15088000000
belarus,2018,16415000000
belarus,2019,18083000000
belarus,2020,17097000000
belarus,2021,19904000000
belarus,2022,21600000000
belgium,1970,9832800000
belgium,1971,10438000000
belgium,1972,12915000000
belgium,1973,16695000000
belgium,1974,19949000000
belgium,1975,21394000000
belgium,1976,23080000000
belgium,1977,26364000000
belgium,1978,31170000000
belgium,1979,35519000000
belgium,1980,35267000000
belgium,1981,26520000000
belgium,1982,23787000000
belgium,1983,22251000000
belgium,1984,20831000000
belgium,1985,22176000000
belgium,1986,30622000000
belgium,1987,36718000000
belgium,1988,41391000000
belgium,1989,42122000000
belgium,1990,52213000000
belgium,1991,50348000000
belgium,1992,55188000000
belgium,1993,50936000000
belgium,1994,55835000000
belgium,1995,67007000000
belgium,1996,63862000000
belgium,1997,58383000000
belgium,1998,58842000000
belgium,1999,56899000000
belgium,2000,52611000000
belgium,2001,51343000000
belgium,2002,54806000000
belgium,2003,65740000000
belgium,2004,75983000000
belgium,2005,78559000000
belgium,2006,80983000000
belgium,2007,94121000000
belgium,2008,99008000000
belgium,2009,86917000000
belgium,2010,87951000000
belgium,2011,94164000000
belgium,2012,87171000000
belgium,2013,90679000000
belgium,2014,92773000000
belgium,2015,80308000000
belgium,2016,80819000000
belgium,2017,85531000000
belgium,2018,92135000000
belgium,2019,91802000000
belgium,2020,89655000000
belgium,2021,102000000000
belgium,2022,102000000000
belize,1970,3393000
belize,1971,4357500
belize,1972,5828800
belize,1973,8584700
belize,1974,12771000
belize,1975,15889000
belize,1976,15646000
belize,1977,18718000
belize,1978,23027000
belize,1979,23549000
belize,1980,27336000
belize,1981,27815000
belize,1982,26944000
belize,1983,30645000
belize,1984,34562000
belize,1985,39133000
belize,1986,39539000
belize,1987,60722000
belize,1988,75956000
belize,1989,97919000
belize,1990,118440000
belize,1991,128210000
belize,1992,144860000
belize,1993,159030000
belize,1994,144780000
belize,1995,151690000
belize,1996,159530000
belize,1997,155740000
belize,1998,164210000
belize,1999,177410000
belize,2000,227990000
belize,2001,213050000
belize,2002,215060000
belize,2003,197150000
belize,2004,213150000
belize,2005,217500000
belize,2006,259980000
belize,2007,298490000
belize,2008,324700000
belize,2009,284870000
belize,2010,269520000
belize,2011,292360000
belize,2012,277810000
belize,2013,263440000
belize,2014,272380000
belize,2015,265860000
belize,2016,288830000
belize,2017,265860000
belize,2018,269840000
belize,2019,289890000
belize,2020,256110000
belize,2021,350090000
belize,2022,374150000
benin,1961,23127000
benin,1962,23150000
benin,1963,29124000
benin,1964,29123000
benin,1965,23140000
benin,1966,34251000
benin,1967,34949000
benin,1968,35467000
benin,1969,36591000
benin,1970,38159000
benin,1971,38033000
benin,1972,49757000
benin,1973,63012000
benin,1974,79904000
benin,1975,94457000
benin,1976,80890000
benin,1977,86677000
benin,1978,98937000
benin,1979,139350000
benin,1980,151140000
benin,1981,159720000
benin,1982,163280000
benin,1983,143630000
benin,1984,153780000
benin,1985,149060000
benin,1986,143760000
benin,1987,171840000
benin,1988,189410000
benin,1989,185580000
benin,1990,227330000
benin,1991,224080000
benin,1992,269670000
benin,1993,262360000
benin,1994,508250000
benin,1995,682900000
benin,1996,738620000
benin,1997,693390000
benin,1998,683430000
benin,1999,646090000
benin,2000,643720000
benin,2001,775930000
benin,2002,865730000
benin,2003,1125900000
benin,2004,1225200000
benin,2005,1377700000
benin,2006,1444000000
benin,2007,1532700000
benin,2008,1657500000
benin,2009,1680500000
benin,2010,1646400000
benin,2011,1845600000
benin,2012,1741500000
benin,2013,2013100000
benin,2014,2015000000
benin,2015,1713400000
benin,2016,1766200000
benin,2017,1823300000
benin,2018,1987700000
benin,2019,2244200000
benin,2020,2431500000
benin,2021,2766300000
benin,2022,2810700000
bhutan,1970,11124000
bhutan,1971,11923000
bhutan,1972,12599000
bhutan,1973,14249000
bhutan,1974,16606000
bhutan,1975,15590000
bhutan,1976,16229000
bhutan,1977,16954000
bhutan,1978,17126000
bhutan,1979,20565000
bhutan,1980,18328000
bhutan,1981,30185000
bhutan,1982,35721000
bhutan,1983,43481000
bhutan,1984,39447000
bhutan,1985,36235000
bhutan,1986,40488000
bhutan,1987,46563000
bhutan,1988,44384000
bhutan,1989,45671000
bhutan,1990,48083000
bhutan,1991,44979000
bhutan,1992,47245000
bhutan,1993,45337000
bhutan,1994,54081000
bhutan,1995,64670000
bhutan,1996,69389000
bhutan,1997,74386000
bhutan,1998,74265000
bhutan,1999,87358000
bhutan,2000,104470000
bhutan,2001,128430000
bhutan,2002,146160000
bhutan,2003,165000000
bhutan,2004,187060000
bhutan,2005,211790000
bhutan,2006,220620000
bhutan,2007,283070000
bhutan,2008,278050000
bhutan,2009,286720000
bhutan,2010,399120000
bhutan,2011,490740000
bhutan,2012,528750000
bhutan,2013,501700000
bhutan,2014,517150000
bhutan,2015,553710000
bhutan,2016,615290000
bhutan,2017,679770000
bhutan,2018,638400000
bhutan,2019,569860000
bhutan,2020,345760000
bhutan,2021,456400000
bhutan,2022,533190000
bolivia_plurinational_state_of,1970,336700000
bolivia_plurinational_state_of,1971,336700000
bolivia_plurinational_state_of,1972,376080000
bolivia_plurinational_state_of,1973,399800000
bolivia_plurinational_state_of,1974,749630000
bolivia_plurinational_state_of,1975,699650000
bolivia_plurinational_state_of,1976,849580000
bolivia_plurinational_state_of,1977,892630000
bolivia_plurinational_state_of,1978,965750000
bolivia_plurinational_state_of,1979,1054500000
bolivia_plurinational_state_of,1980,888060000
bolivia_plurinational_state_of,1981,1012800000
bolivia_plurinational_state_of,1982,1085500000
bolivia_plurinational_state_of,1983,1101500000
bolivia_plurinational_state_of,1984,1036700000
bolivia_plurinational_state_of,1985,1063200000
bolivia_plurinational_state_of,1986,1096400000
bolivia_plurinational_state_of,1987,1108300000
bolivia_plurinational_state_of,1988,1381200000
bolivia_plurinational_state_of,1989,1420100000
bolivia_plurinational_state_of,1990,1473700000
bolivia_plurinational_state_of,1991,1529400000
bolivia_plurinational_state_of,1992,1553500000
bolivia_plurinational_state_of,1993,1457400000
bolivia_plurinational_state_of,1994,1476600000
bolivia_plurinational_state_of,1995,1727500000
bolivia_plurinational_state_of,1996,1846800000
bolivia_plurinational_state_of,1997,1878100000
bolivia_plurinational_state_of,1998,1983400000
bolivia_plurinational_state_of,1999,1846800000
bolivia_plurinational_state_of,2000,1917300000
bolivia_plurinational_state_of,2001,1827400000
bolivia_plurinational_state_of,2002,1783400000
bolivia_plurinational_state_of,2003,1830300000
bolivia_plurinational_state_of,2004,2112400000
bolivia_plurinational_state_of,2005,2260800000
bolivia_plurinational_state_of,2006,2901200000
bolivia_plurinational_state_of,2007,3424300000
bolivia_plurinational_state_of,2008,4621700000
bolivia_plurinational_state_of,2009,4693400000
bolivia_plurinational_state_of,2010,5494100000
bolivia_plurinational_state_of,2011,6801700000
bolivia_plurinational_state_of,2012,7431300000
bolivia_plurinational_state_of,2013,8177100000
bolivia_plurinational_state_of,2014,8499000000
bolivia_plurinational_state_of,2015,7641100000
bolivia_plurinational_state_of,2016,7852100000
bolivia_plurinational_state_of,2017,9088400000
bolivia_plurinational_state_of,2018,9721100000
bolivia_plurinational_state_of,2019,9422900000
bolivia_plurinational_state_of,2020,7750700000
bolivia_plurinational_state_of,2021,9725200000
bolivia_plurinational_state_of,2022,10527000000
bosnia_and_herzegovina,1992,931220000
bosnia_and_herzegovina,1993,711850000
bosnia_and_herzegovina,1994,538030000
bosnia_and_herzegovina,1995,395350000
bosnia_and_herzegovina,1996,536630000
bosnia_and_herzegovina,1997,730790000
bosnia_and_herzegovina,1998,888310000
bosnia_and_herzegovina,1999,781950000
bosnia_and_herzegovina,2000,939180000
bosnia_and_herzegovina,2001,939000000
bosnia_and_herzegovina,2002,1040900000
bosnia_and_herzegovina,2003,1302000000
bosnia_and_herzegovina,2004,1521300000
bosnia_and_herzegovina,2005,1816200000
bosnia_and_herzegovina,2006,2073300000
bosnia_and_herzegovina,2007,2770100000
bosnia_and_herzegovina,2008,3518300000
bosnia_and_herzegovina,2009,3135400000
bosnia_and_herzegovina,2010,2953500000
bosnia_and_herzegovina,2011,3207800000
bosnia_and_herzegovina,2012,2890400000
bosnia_and_herzegovina,2013,3092600000
bosnia_and_herzegovina,2014,3163300000
bosnia_and_herzegovina,2015,2774400000
bosnia_and_herzegovina,2016,3000500000
bosnia_and_herzegovina,2017,3375900000
bosnia_and_herzegovina,2018,3771000000
bosnia_and_herzegovina,2019,3725800000
bosnia_and_herzegovina,2020,3816600000
bosnia_and_herzegovina,2021,4631200000
bosnia_and_herzegovina,2022,4902600000
botswana,1961,4046200
botswana,1962,4054100
botswana,1963,4042800
botswana,1964,5615400
botswana,1965,8795200
botswana,1966,7391900
botswana,1967,8786600
botswana,1968,8228700
botswana,1969,15109000
botswana,1970,15344000
botswana,1971,20261000
botswana,1972,26477000
botswana,1973,37813000
botswana,1974,49338000
botswana,1975,64481000
botswana,1976,74875000
botswana,1977,102150000
botswana,1978,126840000
botswana,1979,192850000
botswana,1980,313280000
botswana,1981,366300000
botswana,1982,300970000
botswana,1983,339590000
botswana,1984,393190000
botswana,1985,366740000
botswana,1986,533390000
botswana,1987,752480000
botswana,1988,865880000
botswana,1989,1582600000
botswana,1990,1821000000
botswana,1991,1789300000
botswana,1992,1743500000
botswana,1993,1675100000
botswana,1994,1747500000
botswana,1995,1978800000
botswana,1996,2115000000
botswana,1997,2203800000
botswana,1998,1990900000
botswana,1999,2354400000
botswana,2000,2579600000
botswana,2001,2359900000
botswana,2002,2312900000
botswana,2003,2907700000
botswana,2004,3486200000
botswana,2005,4297400000
botswana,2006,4477700000
botswana,2007,4677600000
botswana,2008,4297200000
botswana,2009,3281500000
botswana,2010,4658000000
botswana,2011,6162600000
botswana,2012,5176200000
botswana,2013,5461100000
botswana,2014,6291000000
botswana,2015,4890800000
botswana,2016,5904800000
botswana,2017,5708900000
botswana,2018,5641600000
botswana,2019,5160900000
botswana,2020,3755600000
botswana,2021,5989400000
botswana,2022,7367500000
brazil,1961,5577300000
brazil,1962,5946200000
brazil,1963,8003900000
brazil,1964,6793200000
brazil,1965,6520900000
brazil,1966,8065400000
brazil,1967,8919200000
brazil,1968,10396000000
brazil,1969,11729000000
brazil,1970,10061000000
brazil,1971,12674000000
brazil,1972,16355000000
brazil,1973,24520000000
brazil,1974,33012000000
brazil,1975,39240000000
brazil,1976,46333000000
brazil,1977,52117000000
brazil,1978,61511000000
brazil,1979,69979000000
brazil,1980,72855000000
brazil,1981,85682000000
brazil,1982,92926000000
brazil,1983,68077000000
brazil,1984,68772000000
brazil,1985,77145000000
brazil,1986,89345000000
brazil,1987,97666000000
brazil,1988,108000000000
brazil,1989,148000000000
brazil,1990,137000000000
brazil,1991,118000000000
brazil,1992,114000000000
brazil,1993,140000000000
brazil,1994,190000000000
brazil,1995,161000000000
brazil,1996,167000000000
brazil,1997,174000000000
brazil,1998,162000000000
brazil,1999,112000000000
brazil,2000,132000000000
brazil,2001,110000000000
brazil,2002,101000000000
brazil,2003,113000000000
brazil,2004,143000000000
brazil,2005,190000000000
brazil,2006,230000000000
brazil,2007,287000000000
brazil,2008,354000000000
brazil,2009,326000000000
brazil,2010,461000000000
brazil,2011,545000000000
brazil,2012,494000000000
brazil,2013,482000000000
brazil,2014,463000000000
brazil,2015,312000000000
brazil,2016,288000000000
brazil,2017,326000000000
brazil,2018,312000000000
brazil,2019,304000000000
brazil,2020,247000000000
brazil,2021,296000000000
brazil,2022,346000000000
brunei_darussalam,1970,207540000
brunei_darussalam,1971,229160000
brunei_darussalam,1972,313630000
brunei_darussalam,1973,501800000
brunei_darussalam,1974,1308800000
brunei_darussalam,1975,1432500000
brunei_darussalam,1976,1791100000
brunei_darussalam,1977,2023900000
brunei_darussalam,1978,2163500000
brunei_darussalam,1979,3236900000
brunei_darussalam,1980,5788600000
brunei_darussalam,1981,4854300000
brunei_darussalam,1982,4598100000
brunei_darussalam,1983,4021100000
brunei_darussalam,1984,3795000000
brunei_darussalam,1985,3464600000
brunei_darussalam,1986,1849100000
brunei_darussalam,1987,2082500000
brunei_darussalam,1988,1758100000
brunei_darussalam,1989,2028400000
brunei_darussalam,1990,2447600000
brunei_darussalam,1991,2496100000
brunei_darussalam,1992,2827400000
brunei_darussalam,1993,2600100000
brunei_darussalam,1994,2417600000
brunei_darussalam,1995,2762500000
brunei_darussalam,1996,3112300000
brunei_darussalam,1997,3182800000
brunei_darussalam,1998,2251800000
brunei_darussalam,1999,2847100000
brunei_darussalam,2000,4369500000
brunei_darussalam,2001,3835200000
brunei_darussalam,2002,4029900000
brunei_darussalam,2003,4780200000
brunei_darussalam,2004,6049000000
brunei_darussalam,2005,7719600000
brunei_darussalam,2006,9448000000
brunei_darussalam,2007,9827300000
brunei_darussalam,2008,12144000000
brunei_darussalam,2009,7956500000
brunei_darussalam,2010,9313800000
brunei_darussalam,2011,13543000000
brunei_darussalam,2012,13733000000
brunei_darussalam,2013,12560000000
brunei_darussalam,2014,11487000000
brunei_darussalam,2015,7826600000
brunei_darussalam,2016,6418800000
brunei_darussalam,2017,7126400000
brunei_darussalam,2018,8446400000
brunei_darussalam,2019,8282800000
brunei_darussalam,2020,6966100000
brunei_darussalam,2021,8641300000
brunei_darussalam,2022,11193000000
bulgaria,1970,3207600000
bulgaria,1971,3171400000
bulgaria,1972,3708000000
bulgaria,1973,4423500000
bulgaria,1974,4811500000
bulgaria,1975,4237400000
bulgaria,1976,4508100000
bulgaria,1977,4604500000
bulgaria,1978,4945700000
bulgaria,1979,3390700000
bulgaria,1980,3851800000
bulgaria,1981,4288000000
bulgaria,1982,5163000000
bulgaria,1983,5766300000
bulgaria,1984,6136100000
bulgaria,1985,6767600000
bulgaria,1986,7346700000
bulgaria,1987,7684900000
bulgaria,1988,8756500000
bulgaria,1989,8575100000
bulgaria,1990,6964200000
bulgaria,1991,1981000000
bulgaria,1992,2225800000
bulgaria,1993,2366200000
bulgaria,1994,1935700000
bulgaria,1995,2772000000
bulgaria,1996,1631400000
bulgaria,1997,1974700000
bulgaria,1998,2667500000
bulgaria,1999,2532200000
bulgaria,2000,2412500000
bulgaria,2001,2718900000
bulgaria,2002,3149100000
bulgaria,2003,4095700000
bulgaria,2004,4832900000
bulgaria,2005,6094700000
bulgaria,2006,7336600000
bulgaria,2007,10054000000
bulgaria,2008,11768000000
bulgaria,2009,11893000000
bulgaria,2010,10035000000
bulgaria,2011,11966000000
bulgaria,2012,11522000000
bulgaria,2013,10613000000
bulgaria,2014,10919000000
bulgaria,2015,9923000000
bulgaria,2016,10641000000
bulgaria,2017,11541000000
bulgaria,2018,12458000000
bulgaria,2019,12695000000
bulgaria,2020,12955000000
bulgaria,2021,13554000000
bulgaria,2022,16213000000
burkina_faso,1961,69680000
burkina_faso,1962,73513000
burkina_faso,1963,81266000
burkina_faso,1964,82399000
burkina_faso,1965,79070000
burkina_faso,1966,82533000
burkina_faso,1967,99564000
burkina_faso,1968,104610000
burkina_faso,1969,107350000
burkina_faso,1970,181620000
burkina_faso,1971,201370000
burkina_faso,1972,241320000
burkina_faso,1973,308050000
burkina_faso,1974,315620000
burkina_faso,1975,356600000
burkina_faso,1976,383600000
burkina_faso,1977,402430000
burkina_faso,1978,523580000
burkina_faso,1979,667120000
burkina_faso,1980,840870000
burkina_faso,1981,445820000
burkina_faso,1982,490490000
burkina_faso,1983,438060000
burkina_faso,1984,451830000
burkina_faso,1985,458370000
burkina_faso,1986,646510000
burkina_faso,1987,807740000
burkina_faso,1988,837880000
burkina_faso,1989,748770000
burkina_faso,1990,858000000
burkina_faso,1991,800470000
burkina_faso,1992,893360000
burkina_faso,1993,817550000
burkina_faso,1994,481260000
burkina_faso,1995,601190000
burkina_faso,1996,618170000
burkina_faso,1997,627990000
burkina_faso,1998,644590000
burkina_faso,1999,731620000
burkina_faso,2000,621360000
burkina_faso,2001,630910000
burkina_faso,2002,714060000
burkina_faso,2003,1026500000
burkina_faso,2004,1183600000
burkina_faso,2005,1185500000
burkina_faso,2006,1280900000
burkina_faso,2007,1640200000
burkina_faso,2008,1843300000
burkina_faso,2009,2065300000
burkina_faso,2010,2538300000
burkina_faso,2011,3327400000
burkina_faso,2012,3300200000
burkina_faso,2013,3160600000
burkina_faso,2014,3386600000
burkina_faso,2015,2782600000
burkina_faso,2016,3071500000
burkina_faso,2017,3432900000
burkina_faso,2018,3930500000
burkina_faso,2019,4412400000
burkina_faso,2020,5870400000
burkina_faso,2021,6406700000
burkina_faso,2022,5671600000
burundi,1970,20877000
burundi,1971,22396000
burundi,1972,23978000
burundi,1973,29813000
burundi,1974,35688000
burundi,1975,41624000
burundi,1976,52434000
burundi,1977,53449000
burundi,1978,84637000
burundi,1979,106470000
burundi,1980,120540000
burundi,1981,124870000
burundi,1982,137980000
burundi,1983,171610000
burundi,1984,172780000
burundi,1985,192090000
burundi,1986,200670000
burundi,1987,227070000
burundi,1988,211170000
burundi,1989,247580000
burundi,1990,231710000
burundi,1991,225860000
burundi,1992,201230000
burundi,1993,185460000
burundi,1994,206240000
burundi,1995,165120000
burundi,1996,119360000
burundi,1997,144190000
burundi,1998,132620000
burundi,1999,129750000
burundi,2000,115080000
burundi,2001,110150000
burundi,2002,101820000
burundi,2003,106060000
burundi,2004,92752000
burundi,2005,179480000
burundi,2006,186750000
burundi,2007,221180000
burundi,2008,234430000
burundi,2009,288360000
burundi,2010,303110000
burundi,2011,319460000
burundi,2012,350120000
burundi,2013,364440000
burundi,2014,398550000
burundi,2015,416720000
burundi,2016,479500000
burundi,2017,539500000
burundi,2018,573330000
burundi,2019,565440000
burundi,2020,570150000
burundi,2021,609880000
burundi,2022,659250000
cabo_verde,1970,15380000
cabo_verde,1971,17365000
cabo_verde,1972,19623000
cabo_verde,1973,24206000
cabo_verde,1974,24255000
cabo_verde,1975,28251000
cabo_verde,1976,26491000
cabo_verde,1977,24616000
cabo_verde,1978,28386000
cabo_verde,1979,30525000
cabo_verde,1980,34198000
cabo_verde,1981,34429000
cabo_verde,1982,31971000
cabo_verde,1983,33427000
cabo_verde,1984,32146000
cabo_verde,1985,34388000
cabo_verde,1986,45927000
cabo_verde,1987,59293000
cabo_verde,1988,67898000
cabo_verde,1989,75181000
cabo_verde,1990,88890000
cabo_verde,1991,90676000
cabo_verde,1992,104220000
cabo_verde,1993,97036000
cabo_verde,1994,106320000
cabo_verde,1995,120140000
cabo_verde,1996,127850000
cabo_verde,1997,116760000
cabo_verde,1998,115710000
cabo_verde,1999,117940000
cabo_verde,2000,102170000
cabo_verde,2001,88750000
cabo_verde,2002,110580000
cabo_verde,2003,131160000
cabo_verde,2004,143600000
cabo_verde,2005,162670000
cabo_verde,2006,189900000
cabo_verde,2007,220360000
cabo_verde,2008,286700000
cabo_verde,2009,272940000
cabo_verde,2010,250990000
cabo_verde,2011,272950000
cabo_verde,2012,233900000
cabo_verde,2013,251240000
cabo_verde,2014,269550000
cabo_verde,2015,206180000
cabo_verde,2016,184040000
cabo_verde,2017,205580000
cabo_verde,2018,276940000
cabo_verde,2019,278380000
cabo_verde,2020,273050000
cabo_verde,2021,351990000
cabo_verde,2022,342840000
cambodia,1970,104610000
cambodia,1971,104430000
cambodia,1972,103010000
cambodia,1973,88020000
cambodia,1974,90975000
cambodia,1975,98118000
cambodia,1976,103500000
cambodia,1977,93687000
cambodia,1978,100020000
cambodia,1979,95026000
cambodia,1980,97781000
cambodia,1981,106670000
cambodia,1982,112530000
cambodia,1983,120990000
cambodia,1984,138320000
cambodia,1985,145170000
cambodia,1986,149850000
cambodia,1987,182970000
cambodia,1988,214750000
cambodia,1989,305830000
cambodia,1990,199090000
cambodia,1991,261510000
cambodia,1992,282280000
cambodia,1993,272320000
cambodia,1994,310280000
cambodia,1995,393740000
cambodia,1996,508840000
cambodia,1997,547540000
cambodia,1998,507190000
cambodia,1999,618780000
cambodia,2000,786280000
cambodia,2001,871150000
cambodia,2002,1019400000
cambodia,2003,1142200000
cambodia,2004,1341600000
cambodia,2005,1542500000
cambodia,2006,1864700000
cambodia,2007,2107000000
cambodia,2008,2263600000
cambodia,2009,2197700000
cambodia,2010,2398400000
cambodia,2011,2774200000
cambodia,2012,3156200000
cambodia,2013,3585800000
cambodia,2014,4187800000
cambodia,2015,4896900000
cambodia,2016,5784300000
cambodia,2017,6716700000
cambodia,2018,7794100000
cambodia,2019,9120200000
cambodia,2020,8793900000
cambodia,2021,9783900000
cambodia,2022,11033000000
cameroon,1965,165280000
cameroon,1966,176290000
cameroon,1967,187790000
cameroon,1968,205330000
cameroon,1969,223960000
cameroon,1970,233960000
cameroon,1971,256370000
cameroon,1972,316310000
cameroon,1973,421250000
cameroon,1974,474460000
cameroon,1975,661540000
cameroon,1976,686890000
cameroon,1977,850930000
cameroon,1978,1300000000
cameroon,1979,1930000000
cameroon,1980,2646300000
cameroon,1981,2640200000
cameroon,1982,2764800000
cameroon,1983,2925600000
cameroon,1984,2887000000
cameroon,1985,2790500000
cameroon,1986,3225300000
cameroon,1987,3419300000
cameroon,1988,3352000000
cameroon,1989,3075900000
cameroon,1990,3618700000
cameroon,1991,3664300000
cameroon,1992,3917300000
cameroon,1993,4425100000
cameroon,1994,2546100000
cameroon,1995,2982600000
cameroon,1996,3151400000
cameroon,1997,2920200000
cameroon,1998,2962600000
cameroon,1999,3017200000
cameroon,2000,2860000000
cameroon,2001,2728200000
cameroon,2002,3245200000
cameroon,2003,4351000000
cameroon,2004,4921400000
cameroon,2005,5164600000
cameroon,2006,5685300000
cameroon,2007,6128900000
cameroon,2008,7226700000
cameroon,2009,6992400000
cameroon,2010,6719800000
cameroon,2011,7419700000
cameroon,2012,7562200000
cameroon,2013,8484400000
cameroon,2014,8714700000
cameroon,2015,7528400000
cameroon,2016,7611600000
cameroon,2017,8046900000
cameroon,2018,9267300000
cameroon,2019,8875600000
cameroon,2020,8783200000
cameroon,2021,10490000000
cameroon,2022,10550000000
canada,1970,27662000000
canada,1971,31200000000
canada,1972,35383000000
canada,1973,42595000000
canada,1974,53065000000
canada,1975,56246000000
canada,1976,66179000000
canada,1977,68249000000
canada,1978,69987000000
canada,1979,80431000000
canada,1980,91308000000
canada,1981,94703000000
canada,1982,91190000000
canada,1983,101000000000
canada,1984,108000000000
canada,1985,109000000000
canada,1986,103000000000
canada,1987,120000000000
canada,1988,142000000000
canada,1989,154000000000
canada,1990,155000000000
canada,1991,146000000000
canada,1992,137000000000
canada,1993,135000000000
canada,1994,142000000000
canada,1995,153000000000
canada,1996,160000000000
canada,1997,162000000000
canada,1998,152000000000
canada,1999,171000000000
canada,2000,201000000000
canada,2001,192000000000
canada,2002,190000000000
canada,2003,226000000000
canada,2004,266000000000
canada,2005,313000000000
canada,2006,348000000000
canada,2007,385000000000
canada,2008,417000000000
canada,2009,310000000000
canada,2010,387000000000
canada,2011,443000000000
canada,2012,443000000000
canada,2013,447000000000
canada,2014,446000000000
canada,2015,341000000000
canada,2016,318000000000
canada,2017,357000000000
canada,2018,370000000000
canada,2019,371000000000
canada,2020,354000000000
canada,2021,428000000000
canada,2022,457000000000
central_african_republic,1965,22035000
central_african_republic,1966,32156000
central_african_republic,1967,36992000
central_african_republic,1968,45645000
central_african_republic,1969,46546000
central_african_republic,1970,70491000
central_african_republic,1971,74825000
central_african_republic,1972,90712000
central_african_republic,1973,107120000
central_african_republic,1974,117590000
central_african_republic,1975,147250000
central_african_republic,1976,148640000
central_african_republic,1977,170820000
central_african_republic,1978,252420000
central_african_republic,1979,294920000
central_african_republic,1980,289640000
central_african_republic,1981,251520000
central_african_republic,1982,210990000
central_african_republic,1983,192300000
central_african_republic,1984,195950000
central_african_republic,1985,201850000
central_african_republic,1986,221920000
central_african_republic,1987,269660000
central_african_republic,1988,315270000
central_african_republic,1989,334300000
central_african_republic,1990,408720000
central_african_republic,1991,416300000
central_african_republic,1992,408150000
central_african_republic,1993,390710000
central_african_republic,1994,246340000
central_african_republic,1995,309340000
central_african_republic,1996,227540000
central_african_republic,1997,178020000
central_african_republic,1998,176060000
central_african_republic,1999,182930000
central_african_republic,2000,172720000
central_african_republic,2001,171760000
central_african_republic,2002,177500000
central_african_republic,2003,193210000
central_african_republic,2004,220760000
central_african_republic,2005,238990000
central_african_republic,2006,282710000
central_african_republic,2007,344100000
central_african_republic,2008,444450000
central_african_republic,2009,493450000
central_african_republic,2010,513030000
central_african_republic,2011,632730000
central_african_republic,2012,680520000
central_african_republic,2013,395950000
central_african_republic,2014,357400000
central_african_republic,2015,363020000
central_african_republic,2016,383780000
central_african_republic,2017,417620000
central_african_republic,2018,444010000
central_african_republic,2019,452810000
central_african_republic,2020,469080000
central_african_republic,2021,508140000
central_african_republic,2022,485170000
chad,1961,32653000
chad,1962,31734000
chad,1963,34871000
chad,1964,38700000
chad,1965,46562000
chad,1966,53649000
chad,1967,57421000
chad,1968,63043000
chad,1969,60451000
chad,1970,60121000
chad,1971,65610000
chad,1972,68190000
chad,1973,75640000
chad,1974,88067000
chad,1975,127310000
chad,1976,119620000
chad,1977,120610000
chad,1978,144240000
chad,1979,130240000
chad,1980,131880000
chad,1981,159120000
chad,1982,147820000
chad,1983,147720000
chad,1984,185130000
chad,1985,165020000
chad,1986,211000000
chad,1987,238370000
chad,1988,265330000
chad,1989,280040000
chad,1990,352000000
chad,1991,334720000
chad,1992,326720000
chad,1993,267170000
chad,1994,215250000
chad,1995,283440000
chad,1996,299040000
chad,1997,294110000
chad,1998,324330000
chad,1999,283200000
chad,2000,231210000
chad,2001,323930000
chad,2002,403580000
chad,2003,703090000
chad,2004,1608600000
chad,2005,2323100000
chad,2006,2895000000
chad,2007,3522300000
chad,2008,4693400000
chad,2009,3441100000
chad,2010,4367800000
chad,2011,6458800000
chad,2012,7615600000
chad,2013,6044400000
chad,2014,6775300000
chad,2015,5532100000
chad,2016,4310600000
chad,2017,3458500000
chad,2018,4361000000
chad,2019,4529100000
chad,2020,4698100000
chad,2021,6286600000
chad,2022,8452600000
chile,1961,1545500000
chile,1962,1909100000
chile,1963,2062500000
chile,1964,2347800000
chile,1965,2281300000
chile,1966,2666700000
chile,1967,2666700000
chile,1968,2811600000
chile,1969,3418600000
chile,1970,3343600000
chile,1971,3609900000
chile,1972,3962200000
chile,1973,6124600000
chile,1974,7223700000
chile,1975,2642300000
chile,1976,3633400000
chile,1977,4364000000
chile,1978,5010300000
chile,1979,7220400000
chile,1980,9589600000
chile,1981,10931000000
chile,1982,7820500000
chile,1983,6936500000
chile,1984,6606500000
chile,1985,6096200000
chile,1986,6349400000
chile,1987,7637000000
chile,1988,10188000000
chile,1989,11183000000
chile,1990,12192000000
chile,1991,13090000000
chile,1992,14955000000
chile,1993,15800000000
chile,1994,18939000000
chile,1995,25302000000
chile,1996,25292000000
chile,1997,27556000000
chile,1998,24493000000
chile,1999,22747000000
chile,2000,23919000000
chile,2001,22325000000
chile,2002,22049000000
chile,2003,23541000000
chile,2004,33463000000
chile,2005,41913000000
chile,2006,59677000000
chile,2007,65633000000
chile,2008,56471000000
chile,2009,53640000000
chile,2010,71393000000
chile,2011,80048000000
chile,2012,79616000000
chile,2013,79683000000
chile,2014,74419000000
chile,2015,65415000000
chile,2016,64676000000
chile,2017,73429000000
chile,2018,73715000000
chile,2019,66872000000
chile,2020,67632000000
chile,2021,91320000000
chile,2022,89768000000
china,1961,15984000000
china,1962,14782000000
china,1963,16768000000
china,1964,21094000000
china,1965,24718000000
china,1966,29060000000
china,1967,24697000000
china,1968,22041000000
china,1969,28231000000
china,1970,37403000000
china,1971,41957000000
china,1972,48769000000
china,1973,59510000000
china,1974,61355000000
china,1975,74347000000
china,1976,69532000000
china,1977,81940000000
china,1978,105000000000
china,1979,124000000000
china,1980,148000000000
china,1981,134000000000
china,1982,127000000000
china,1983,135000000000
china,1984,135000000000
china,1985,133000000000
china,1986,131000000000
china,1987,142000000000
china,1988,178000000000
china,1989,194000000000
china,1990,162000000000
china,1991,172000000000
china,1992,213000000000
china,1993,287000000000
china,1994,261000000000
china,1995,344000000000
china,1996,408000000000
china,1997,454000000000
china,1998,473000000000
china,1999,498000000000
china,2000,553000000000
china,2001,602000000000
china,2002,656000000000
china,2003,760000000000
china,2004,822000000000
china,2005,986000000000
china,2006,1200000000000
china,2007,1530000000000
china,2008,2030000000000
china,2009,2180000000000
china,2010,2630000000000
china,2011,3340000000000
china,2012,3670000000000
china,2013,4010000000000
china,2014,4300000000000
china,2015,4280000000000
china,2016,4210000000000
china,2017,4630000000000
china,2018,5200000000000
china,2019,5190000000000
china,2020,5230000000000
china,2021,6580000000000
china,2022,6740000000000
colombia,1965,1558500000
colombia,1966,1437800000
colombia,1967,1532300000
colombia,1968,1574400000
colombia,1969,1725400000
colombia,1970,2412000000
colombia,1971,2620600000
colombia,1972,3085000000
colombia,1973,3819600000
colombia,1974,4607600000
colombia,1975,4761500000
colombia,1976,5829800000
colombia,1977,7317200000
colombia,1978,8525300000
colombia,1979,10069000000
colombia,1980,12860000000
colombia,1981,13341000000
colombia,1982,14294000000
colombia,1983,14396000000
colombia,1984,14999000000
colombia,1985,14152000000
colombia,1986,14812000000
colombia,1987,14594000000
colombia,1988,16469000000
colombia,1989,16752000000
colombia,1990,16806000000
colombia,1991,17027000000
colombia,1992,17190000000
colombia,1993,19673000000
colombia,1994,24726000000
colombia,1995,28830000000
colombia,1996,29224000000
colombia,1997,30188000000
colombia,1998,27270000000
colombia,1999,24353000000
colombia,2000,24934000000
colombia,2001,23900000000
colombia,2002,24023000000
colombia,2003,24205000000
colombia,2004,30811000000
colombia,2005,39007000000
colombia,2006,44333000000
colombia,2007,55948000000
colombia,2008,69739000000
colombia,2009,65046000000
colombia,2010,80519000000
colombia,2011,101000000000
colombia,2012,113000000000
colombia,2013,113000000000
colombia,2014,107000000000
colombia,2015,74933000000
colombia,2016,69267000000
colombia,2017,73538000000
colombia,2018,78849000000
colombia,2019,72977000000
colombia,2020,53407000000
colombia,2021,67370000000
colombia,2022,79346000000
comoros,1970,5845300
comoros,1971,6465500
comoros,1972,7615800
comoros,1973,10167000
comoros,1974,11494000
comoros,1975,17813000
comoros,1976,17600000
comoros,1977,19487000
comoros,1978,25060000
comoros,1979,33973000
comoros,1980,40545000
comoros,1981,36160000
comoros,1982,36742000
comoros,1983,38331000
comoros,1984,33723000
comoros,1985,39154000
comoros,1986,52116000
comoros,1987,53229000
comoros,1988,51360000
comoros,1989,43253000
comoros,1990,52257000
comoros,1991,47906000
comoros,1992,59986000
comoros,1993,61138000
comoros,1994,40386000
comoros,1995,51130000
comoros,1996,50817000
comoros,1997,46764000
comoros,1998,47436000
comoros,1999,49076000
comoros,2000,44742000
comoros,2001,47830000
comoros,2002,53030000
comoros,2003,67683000
comoros,2004,77396000
comoros,2005,78743000
comoros,2006,80662000
comoros,2007,92141000
comoros,2008,103910000
comoros,2009,100430000
comoros,2010,95010000
comoros,2011,108650000
comoros,2012,103780000
comoros,2013,119830000
comoros,2014,123890000
comoros,2015,97947000
comoros,2016,96914000
comoros,2017,94897000
comoros,2018,101800000
comoros,2019,98079000
comoros,2020,96619000
comoros,2021,116230000
comoros,2022,109240000
congo,1961,27318000
congo,1962,29794000
congo,1963,30610000
congo,1964,33058000
congo,1965,37542000
congo,1966,43553000
congo,1967,47154000
congo,1968,48472000
congo,1969,51546000
congo,1970,73972000
congo,1971,90693000
congo,1972,107370000
congo,1973,155810000
congo,1974,231720000
congo,1975,236160000
congo,1976,244460000
congo,1977,223990000
congo,1978,284860000
congo,1979,459430000
congo,1980,752210000
congo,1981,930430000
congo,1982,998220000
congo,1983,1009000000
congo,1984,1083800000
congo,1985,1035100000
congo,1986,625910000
congo,1987,822080000
congo,1988,659880000
congo,1989,877760000
congo,1990,1152300000
congo,1991,1046400000
congo,1992,1069400000
congo,1993,963710000
congo,1994,864270000
congo,1995,993760000
congo,1996,1349200000
congo,1997,1324600000
congo,1998,938050000
congo,1999,1514000000
congo,2000,2442300000
congo,2001,1989700000
congo,2002,2100200000
congo,2003,2410800000
congo,2004,3333000000
congo,2005,4069800000
congo,2006,5025000000
congo,2007,4978300000
congo,2008,7387200000
congo,2009,5358800000
congo,2010,8657400000
congo,2011,10259000000
congo,2012,11461000000
congo,2013,11031000000
congo,2014,10245000000
congo,2015,5910300000
congo,2016,4080500000
congo,2017,5299500000
congo,2018,7896700000
congo,2019,6903300000
congo,2020,3804700000
congo,2021,6609200000
congo,2022,5564500000
cook_islands,1970,2245300
cook_islands,1971,2189300
cook_islands,1972,2049400
cook_islands,1973,2237000
cook_islands,1974,2216800
cook_islands,1975,1835000
cook_islands,1976,1465000
cook_islands,1977,1513800
cook_islands,1978,2075000
cook_islands,1979,2042600
cook_islands,1980,1944700
cook_islands,1981,1730600
cook_islands,1982,1496200
cook_islands,1983,1742300
cook_islands,1984,1900200
cook_islands,1985,2050200
cook_islands,1986,3175500
cook_islands,1987,3715600
cook_islands,1988,3762700
cook_islands,1989,3039600
cook_islands,1990,3375200
cook_islands,1991,3914200
cook_islands,1992,5258300
cook_islands,1993,4175200
cook_islands,1994,4882100
cook_islands,1995,4468600
cook_islands,1996,4553100
cook_islands,1997,4434100
cook_islands,1998,4379400
cook_islands,1999,4605300
cook_islands,2000,4847900
cook_islands,2001,5401600
cook_islands,2002,6603500
cook_islands,2003,9716500
cook_islands,2004,11855000
cook_islands,2005,11960000
cook_islands,2006,11434000
cook_islands,2007,14486000
cook_islands,2008,12616000
cook_islands,2009,11496000
cook_islands,2010,11468000
cook_islands,2011,12263000
cook_islands,2012,16568000
cook_islands,2013,13458000
cook_islands,2014,13577000
cook_islands,2015,24148000
cook_islands,2016,13308000
cook_islands,2017,18757000
cook_islands,2018,17677000
cook_islands,2019,21457000
cook_islands,2020,17266000
cook_islands,2021,18307000
cook_islands,2022,15649000
costa_rica,1961,99026000
costa_rica,1962,97848000
costa_rica,1963,109320000
costa_rica,1964,117860000
costa_rica,1965,136590000
costa_rica,1966,147950000
costa_rica,1967,161450000
costa_rica,1968,185630000
costa_rica,1969,204270000
costa_rica,1970,307400000
costa_rica,1971,354320000
costa_rica,1972,420020000
costa_rica,1973,534400000
costa_rica,1974,603650000
costa_rica,1975,698640000
costa_rica,1976,859760000
costa_rica,1977,1037500000
costa_rica,1978,1195700000
costa_rica,1979,1404500000
costa_rica,1980,1687400000
costa_rica,1981,884080000
costa_rica,1982,839070000
costa_rica,1983,1069400000
costa_rica,1984,1312400000
costa_rica,1985,1385700000
costa_rica,1986,1491000000
costa_rica,1987,1529600000
costa_rica,1988,1538100000
costa_rica,1989,1709500000
costa_rica,1990,1776700000
costa_rica,1991,1760600000
costa_rica,1992,2132400000
costa_rica,1993,2316900000
costa_rica,1994,2478700000
costa_rica,1995,2744400000
costa_rica,1996,2683000000
costa_rica,1997,2946300000
costa_rica,1998,3188400000
costa_rica,1999,3271400000
costa_rica,2000,3372900000
costa_rica,2001,3515300000
costa_rica,2002,3582400000
costa_rica,2003,3664700000
costa_rica,2004,4007500000
costa_rica,2005,4268600000
costa_rica,2006,4816200000
costa_rica,2007,5861500000
costa_rica,2008,6619500000
costa_rica,2009,6304600000
costa_rica,2010,7743400000
costa_rica,2011,8556600000
costa_rica,2012,9194800000
costa_rica,2013,9315400000
costa_rica,2014,9213300000
costa_rica,2015,9716500000
costa_rica,2016,9920800000
costa_rica,2017,10104000000
costa_rica,2018,10539000000
costa_rica,2019,10608000000
costa_rica,2020,10794000000
costa_rica,2021,11961000000
costa_rica,2022,12633000000
cote_d_ivoire,1961,85806000
cote_d_ivoire,1962,90223000
cote_d_ivoire,1963,111880000
cote_d_ivoire,1964,147960000
cote_d_ivoire,1965,146490000
cote_d_ivoire,1966,183170000
cote_d_ivoire,1967,204470000
cote_d_ivoire,1968,208830000
cote_d_ivoire,1969,210030000
cote_d_ivoire,1970,302980000
cote_d_ivoire,1971,348090000
cote_d_ivoire,1972,415660000
cote_d_ivoire,1973,510660000
cote_d_ivoire,1974,613760000
cote_d_ivoire,1975,773480000
cote_d_ivoire,1976,862710000
cote_d_ivoire,1977,1125900000
cote_d_ivoire,1978,1494700000
cote_d_ivoire,1979,1790800000
cote_d_ivoire,1980,1872800000
cote_d_ivoire,1981,1417100000
cote_d_ivoire,1982,1459000000
cote_d_ivoire,1983,1242100000
cote_d_ivoire,1984,1116000000
cote_d_ivoire,1985,1250300000
cote_d_ivoire,1986,1752800000
cote_d_ivoire,1987,2046300000
cote_d_ivoire,1988,2098400000
cote_d_ivoire,1989,2222500000
cote_d_ivoire,1990,2585700000
cote_d_ivoire,1991,2307600000
cote_d_ivoire,1992,2467000000
cote_d_ivoire,1993,2292000000
cote_d_ivoire,1994,1606600000
cote_d_ivoire,1995,2107600000
cote_d_ivoire,1996,2441600000
cote_d_ivoire,1997,2862900000
cote_d_ivoire,1998,2937500000
cote_d_ivoire,1999,3144400000
cote_d_ivoire,2000,2641900000
cote_d_ivoire,2001,2180700000
cote_d_ivoire,2002,2427600000
cote_d_ivoire,2003,3060700000
cote_d_ivoire,2004,3442100000
cote_d_ivoire,2005,3692400000
cote_d_ivoire,2006,3986700000
cote_d_ivoire,2007,4472500000
cote_d_ivoire,2008,5646300000
cote_d_ivoire,2009,5895400000
cote_d_ivoire,2010,5448300000
cote_d_ivoire,2011,6092100000
cote_d_ivoire,2012,6454600000
cote_d_ivoire,2013,8100400000
cote_d_ivoire,2014,9515000000
cote_d_ivoire,2015,8807400000
cote_d_ivoire,2016,9542600000
cote_d_ivoire,2017,9943900000
cote_d_ivoire,2018,10397000000
cote_d_ivoire,2019,12237000000
cote_d_ivoire,2020,12353000000
cote_d_ivoire,2021,14040000000
cote_d_ivoire,2022,14413000000
croatia,1992,3776200000
croatia,1993,4037600000
croatia,1994,4982500000
croatia,1995,5314000000
croatia,1996,5364700000
croatia,1997,5657300000
croatia,1998,5694400000
croatia,1999,4951200000
croatia,2000,4635500000
croatia,2001,4950900000
croatia,2002,5497200000
croatia,2003,7253600000
croatia,2004,8937400000
croatia,2005,9641600000
croatia,2006,10707000000
croatia,2007,12692000000
croatia,2008,14734000000
croatia,2009,12783000000
croatia,2010,11167000000
croatia,2011,11816000000
croatia,2012,10307000000
croatia,2013,10116000000
croatia,2014,9950300000
croatia,2015,8478700000
croatia,2016,8882200000
croatia,2017,9477600000
croatia,2018,10385000000
croatia,2019,10367000000
croatia,2020,9936100000
croatia,2021,11595000000
croatia,2022,11856000000
cuba,1970,1172300000
cuba,1971,1424100000
cuba,1972,1675500000
cuba,1973,2056600000
cuba,1974,2347700000
cuba,1975,2682700000
cuba,1976,2842500000
cuba,1977,2926000000
cuba,1978,3670700000
cuba,1979,4023300000
cuba,1980,4110000000
cuba,1981,4174400000
cuba,1982,4298300000
cuba,1983,4538400000
cuba,1984,4906500000
cuba,1985,4841500000
cuba,1986,5111400000
cuba,1987,4916400000
cuba,1988,5508200000
cuba,1989,5478300000
cuba,1990,5850800000
cuba,1991,4943200000
cuba,1992,4622000000
cuba,1993,4624100000
cuba,1994,6398500000
cuba,1995,7235200000
cuba,1996,6253800000
cuba,1997,6543700000
cuba,1998,6205300000
cuba,1999,6688200000
cuba,2000,7204000000
cuba,2001,7247300000
cuba,2002,7394600000
cuba,2003,7482600000
cuba,2004,7836400000
cuba,2005,8620500000
cuba,2006,10726000000
cuba,2007,12064000000
cuba,2008,12583000000
cuba,2009,13032000000
cuba,2010,13695000000
cuba,2011,14397000000
cuba,2012,15949000000
cuba,2013,16651000000
cuba,2014,16612000000
cuba,2015,18164000000
cuba,2016,19528000000
cuba,2017,22105000000
cuba,2018,23355000000
cuba,2019,23762000000
cuba,2020,23305000000
cuba,2021,23108000000
cuba,2022,27378000000
cyprus,1970,135740000
cyprus,1971,150810000
cyprus,1972,187920000
cyprus,1973,275360000
cyprus,1974,222030000
cyprus,1975,174390000
cyprus,1976,219920000
cyprus,1977,307390000
cyprus,1978,433790000
cyprus,1979,576750000
cyprus,1980,708710000
cyprus,1981,645980000
cyprus,1982,634630000
cyprus,1983,613050000
cyprus,1984,616840000
cyprus,1985,637850000
cyprus,1986,787630000
cyprus,1987,942110000
cyprus,1988,1088300000
cyprus,1989,1128800000
cyprus,1990,1347600000
cyprus,1991,1441000000
cyprus,1992,1654800000
cyprus,1993,1511000000
cyprus,1994,1615400000
cyprus,1995,1825600000
cyprus,1996,1847000000
cyprus,1997,1715600000
cyprus,1998,1785000000
cyprus,1999,1758600000
cyprus,2000,1586400000
cyprus,2001,1609300000
cyprus,2002,1821200000
cyprus,2003,2327100000
cyprus,2004,2797600000
cyprus,2005,3018200000
cyprus,2006,3282700000
cyprus,2007,3937900000
cyprus,2008,4568800000
cyprus,2009,3662300000
cyprus,2010,3250100000
cyprus,2011,3034800000
cyprus,2012,2396700000
cyprus,2013,1994100000
cyprus,2014,1840300000
cyprus,2015,1580300000
cyprus,2016,1821500000
cyprus,2017,2184000000
cyprus,2018,2682100000
cyprus,2019,2900300000
cyprus,2020,2860500000
cyprus,2021,3040400000
cyprus,2022,2966300000
czechia,1993,12184000000
czechia,1994,13884000000
czechia,1995,18374000000
czechia,1996,20999000000
czechia,1997,19740000000
czechia,1998,20717000000
czechia,1999,19560000000
czechia,2000,18667000000
czechia,2001,20543000000
czechia,2002,24049000000
czechia,2003,28624000000
czechia,2004,35516000000
czechia,2005,40835000000
czechia,2006,47182000000
czechia,2007,57346000000
czechia,2008,68621000000
czechia,2009,57614000000
czechia,2010,59524000000
czechia,2011,66718000000
czechia,2012,59113000000
czechia,2013,59125000000
czechia,2014,62213000000
czechia,2015,56085000000
czechia,2016,58105000000
czechia,2017,63607000000
czechia,2018,70534000000
czechia,2019,71293000000
czechia,2020,66307000000
czechia,2021,74988000000
czechia,2022,77327000000
democratic_people_s_republic_of_korea,1970,2144400000
democratic_people_s_republic_of_korea,1971,2367400000
democratic_people_s_republic_of_korea,1972,2613600000
democratic_people_s_republic_of_korea,1973,2885400000
democratic_people_s_republic_of_korea,1974,3185500000
democratic_people_s_republic_of_korea,1975,3516800000
democratic_people_s_republic_of_korea,1976,3661000000
democratic_people_s_republic_of_korea,1977,3811100000
democratic_people_s_republic_of_korea,1978,3967300000
democratic_people_s_republic_of_korea,1979,4130000000
democratic_people_s_republic_of_korea,1980,4299300000
democratic_people_s_republic_of_korea,1981,4458400000
democratic_people_s_republic_of_korea,1982,5600200000
democratic_people_s_republic_of_korea,1983,5594500000
democratic_people_s_republic_of_korea,1984,5331800000
democratic_people_s_republic_of_korea,1985,5254900000
democratic_people_s_republic_of_korea,1986,5942200000
democratic_people_s_republic_of_korea,1987,6263000000
democratic_people_s_republic_of_korea,1988,6176700000
democratic_people_s_republic_of_korea,1989,6863700000
democratic_people_s_republic_of_korea,1990,7270700000
democratic_people_s_republic_of_korea,1991,6311200000
democratic_people_s_republic_of_korea,1992,5334700000
democratic_people_s_republic_of_korea,1993,4451100000
democratic_people_s_republic_of_korea,1994,3139000000
democratic_people_s_republic_of_korea,1995,1806900000
democratic_people_s_republic_of_korea,1996,3647800000
democratic_people_s_republic_of_korea,1997,3279700000
democratic_people_s_republic_of_korea,1998,3148400000
democratic_people_s_republic_of_korea,1999,3257500000
democratic_people_s_republic_of_korea,2000,3433500000
democratic_people_s_republic_of_korea,2001,3639300000
democratic_people_s_republic_of_korea,2002,3679500000
democratic_people_s_republic_of_korea,2003,3917300000
democratic_people_s_republic_of_korea,2004,4073200000
democratic_people_s_republic_of_korea,2005,5018100000
democratic_people_s_republic_of_korea,2006,5311200000
democratic_people_s_republic_of_korea,2007,5774300000
democratic_people_s_republic_of_korea,2008,5721400000
democratic_people_s_republic_of_korea,2009,5157500000
democratic_people_s_republic_of_korea,2010,6180800000
democratic_people_s_republic_of_korea,2011,6972500000
democratic_people_s_republic_of_korea,2012,6942000000
democratic_people_s_republic_of_korea,2013,7207700000
democratic_people_s_republic_of_korea,2014,7413700000
democratic_people_s_republic_of_korea,2015,6781500000
democratic_people_s_republic_of_korea,2016,7055500000
democratic_people_s_republic_of_korea,2017,7025700000
democratic_people_s_republic_of_korea,2018,6689800000
democratic_people_s_republic_of_korea,2019,6423600000
democratic_people_s_republic_of_korea,2020,6047200000
democratic_people_s_republic_of_korea,2021,6455000000
democratic_people_s_republic_of_korea,2022,6266800000
democratic_republic_of_the_congo,1970,1694600000
democratic_republic_of_the_congo,1971,1532900000
democratic_republic_of_the_congo,1972,1556900000
democratic_republic_of_the_congo,1973,2592800000
democratic_republic_of_the_congo,1974,3233500000
democratic_republic_of_the_congo,1975,2562900000
democratic_republic_of_the_congo,1976,2294700000
democratic_republic_of_the_congo,1977,2280200000
democratic_republic_of_the_congo,1978,3724900000
democratic_republic_of_the_congo,1979,3940400000
democratic_republic_of_the_congo,1980,4725200000
democratic_republic_of_the_congo,1981,4078500000
democratic_republic_of_the_congo,1982,3424400000
democratic_republic_of_the_congo,1983,2803400000
democratic_republic_of_the_congo,1984,1771500000
democratic_republic_of_the_congo,1985,1975800000
democratic_republic_of_the_congo,1986,1963500000
democratic_republic_of_the_congo,1987,1839300000
democratic_republic_of_the_congo,1988,2251000000
democratic_republic_of_the_congo,1989,3957900000
democratic_republic_of_the_congo,1990,4175800000
democratic_republic_of_the_congo,1991,2252400000
democratic_republic_of_the_congo,1992,1901100000
democratic_republic_of_the_congo,1993,2533600000
democratic_republic_of_the_congo,1994,1302600000
democratic_republic_of_the_congo,1995,1344700000
democratic_republic_of_the_congo,1996,2634300000
democratic_republic_of_the_congo,1997,1789500000
democratic_republic_of_the_congo,1998,1793700000
democratic_republic_of_the_congo,1999,1456700000
democratic_republic_of_the_congo,2000,1719000000
democratic_republic_of_the_congo,2001,2362600000
democratic_republic_of_the_congo,2002,2702400000
democratic_republic_of_the_congo,2003,2474100000
democratic_republic_of_the_congo,2004,3139600000
democratic_republic_of_the_congo,2005,3675200000
democratic_republic_of_the_congo,2006,4117600000
democratic_republic_of_the_congo,2007,4853000000
democratic_republic_of_the_congo,2008,6317400000
democratic_republic_of_the_congo,2009,5952800000
democratic_republic_of_the_congo,2010,7472800000
democratic_republic_of_the_congo,2011,9431400000
democratic_republic_of_the_congo,2012,10422000000
democratic_republic_of_the_congo,2013,11914000000
democratic_republic_of_the_congo,2014,13828000000
democratic_republic_of_the_congo,2015,14557000000
democratic_republic_of_the_congo,2016,15164000000
democratic_republic_of_the_congo,2017,14308000000
democratic_republic_of_the_congo,2018,18203000000
democratic_republic_of_the_congo,2019,16811000000
democratic_republic_of_the_congo,2020,15607000000
democratic_republic_of_the_congo,2021,20659000000
democratic_republic_of_the_congo,2022,26232000000
denmark,1970,4214400000
denmark,1971,4683200000
denmark,1972,5650100000
denmark,1973,7304900000
denmark,1974,8019000000
denmark,1975,9349400000
denmark,1976,9880000000
denmark,1977,10948000000
denmark,1978,12703000000
denmark,1979,14351000000
denmark,1980,15399000000
denmark,1981,12706000000
denmark,1982,12251000000
denmark,1983,12360000000
denmark,1984,12427000000
denmark,1985,13251000000
denmark,1986,18293000000
denmark,1987,22760000000
denmark,1988,23616000000
denmark,1989,22841000000
denmark,1990,27797000000
denmark,1991,27358000000
denmark,1992,30208000000
denmark,1993,27144000000
denmark,1994,29750000000
denmark,1995,36000000000
denmark,1996,36623000000
denmark,1997,34368000000
denmark,1998,35079000000
denmark,1999,36059000000
denmark,2000,35192000000
denmark,2001,33977000000
denmark,2002,36552000000
denmark,2003,43393000000
denmark,2004,49965000000
denmark,2005,52720000000
denmark,2006,57993000000
denmark,2007,64469000000
denmark,2008,72527000000
denmark,2009,57613000000
denmark,2010,56077000000
denmark,2011,62246000000
denmark,2012,60052000000
denmark,2013,62379000000
denmark,2014,62888000000
denmark,2015,54050000000
denmark,2016,58327000000
denmark,2017,62594000000
denmark,2018,68109000000
denmark,2019,65772000000
denmark,2020,64012000000
denmark,2021,73040000000
denmark,2022,69001000000
djibouti,1970,7052200
djibouti,1971,7351200
djibouti,1972,9958200
djibouti,1973,13530000
djibouti,1974,18795000
djibouti,1975,22812000
djibouti,1976,30668000
djibouti,1977,28553000
djibouti,1978,26925000
djibouti,1979,34349000
djibouti,1980,39919000
djibouti,1981,45629000
djibouti,1982,48509000
djibouti,1983,49484000
djibouti,1984,48331000
djibouti,1985,49005000
djibouti,1986,50905000
djibouti,1987,52023000
djibouti,1988,55383000
djibouti,1989,51957000
djibouti,1990,58447000
djibouti,1991,61846000
djibouti,1992,42801000
djibouti,1993,34291000
djibouti,1994,34350000
djibouti,1995,36656000
djibouti,1996,36640000
djibouti,1997,37821000
djibouti,1998,40223000
djibouti,1999,43019000
djibouti,2000,46016000
djibouti,2001,50314000
djibouti,2002,52760000
djibouti,2003,55254000
djibouti,2004,61346000
djibouti,2005,65558000
djibouti,2006,75028000
djibouti,2007,92206000
djibouti,2008,126870000
djibouti,2009,137620000
djibouti,2010,144050000
djibouti,2011,133470000
djibouti,2012,129150000
djibouti,2013,143690000
djibouti,2014,164110000
djibouti,2015,171170000
djibouti,2016,186750000
djibouti,2017,201710000
djibouti,2018,200390000
djibouti,2019,218350000
djibouti,2020,240820000
djibouti,2021,237190000
djibouti,2022,276110000
dominica,1970,1158700
dominica,1971,1218300
dominica,1972,1391900
dominica,1973,1693500
dominica,1974,3707200
dominica,1975,3861700
dominica,1976,4017700
dominica,1977,4059300
dominica,1978,4851900
dominica,1979,4881500
dominica,1980,8700000
dominica,1981,9177800
dominica,1982,10356000
dominica,1983,10315000
dominica,1984,10915000
dominica,1985,11167000
dominica,1986,11326000
dominica,1987,12893000
dominica,1988,16444000
dominica,1989,19233000
dominica,1990,21007000
dominica,1991,23530000
dominica,1992,26167000
dominica,1993,27585000
dominica,1994,28852000
dominica,1995,31763000
dominica,1996,33237000
dominica,1997,34426000
dominica,1998,37263000
dominica,1999,37552000
dominica,2000,40819000
dominica,2001,41052000
dominica,2002,40274000
dominica,2003,32178000
dominica,2004,33226000
dominica,2005,31381000
dominica,2006,34374000
dominica,2007,37619000
dominica,2008,40185000
dominica,2009,37881000
dominica,2010,38600000
dominica,2011,43130000
dominica,2012,40948000
dominica,2013,40637000
dominica,2014,43404000
dominica,2015,45578000
dominica,2016,44493000
dominica,2017,38474000
dominica,2018,76200000
dominica,2019,72185000
dominica,2020,40296000
dominica,2021,45159000
dominica,2022,50767000
dominican_republic,1965,194700000
dominican_republic,1966,246500000
dominican_republic,1967,282200000
dominican_republic,1968,278000000
dominican_republic,1969,327100000
dominican_republic,1970,706500000
dominican_republic,1971,803060000
dominican_republic,1972,938490000
dominican_republic,1973,1097500000
dominican_republic,1974,1468100000
dominican_republic,1975,2003400000
dominican_republic,1976,2171700000
dominican_republic,1977,2347800000
dominican_republic,1978,2393100000
dominican_republic,1979,2630600000
dominican_republic,1980,2961900000
dominican_republic,1981,3234900000
dominican_republic,1982,3925100000
dominican_republic,1983,4228900000
dominican_republic,1984,4845300000
dominican_republic,1985,2162900000
dominican_republic,1986,2618800000
dominican_republic,1987,2284000000
dominican_republic,1988,2039700000
dominican_republic,1989,2884000000
dominican_republic,1990,3086100000
dominican_republic,1991,3124300000
dominican_republic,1992,3469700000
dominican_republic,1993,3920800000
dominican_republic,1994,4360600000
dominican_republic,1995,4782900000
dominican_republic,1996,5401600000
dominican_republic,1997,5893500000
dominican_republic,1998,6341500000
dominican_republic,1999,6736000000
dominican_republic,2000,7089100000
dominican_republic,2001,6908300000
dominican_republic,2002,7406700000
dominican_republic,2003,5960400000
dominican_republic,2004,6550900000
dominican_republic,2005,9994300000
dominican_republic,2006,10989000000
dominican_republic,2007,12502000000
dominican_republic,2008,13185000000
dominican_republic,2009,12459000000
dominican_republic,2010,13706000000
dominican_republic,2011,15106000000
dominican_republic,2012,15627000000
dominican_republic,2013,16677000000
dominican_republic,2014,18298000000
dominican_republic,2015,18854000000
dominican_republic,2016,19565000000
dominican_republic,2017,21146000000
dominican_republic,2018,23318000000
dominican_republic,2019,24474000000
dominican_republic,2020,22618000000
dominican_republic,2021,29454000000
dominican_republic,2022,35885000000
ecuador,1961,202160000
ecuador,1962,196180000
ecuador,1963,216100000
ecuador,1964,254740000
ecuador,1965,356730000
ecuador,1966,388380000
ecuador,1967,392240000
ecuador,1968,432590000
ecuador,1969,544660000
ecuador,1970,778070000
ecuador,1971,771350000
ecuador,1972,853640000
ecuador,1973,942930000
ecuador,1974,1728300000
ecuador,1975,1967000000
ecuador,1976,2434000000
ecuador,1977,3050200000
ecuador,1978,3207000000
ecuador,1979,4038200000
ecuador,1980,4766600000
ecuador,1981,6059000000
ecuador,1982,5826200000
ecuador,1983,4740900000
ecuador,1984,4975600000
ecuador,1985,5027900000
ecuador,1986,4136000000
ecuador,1987,3785900000
ecuador,1988,3747900000
ecuador,1989,3937600000
ecuador,1990,4487000000
ecuador,1991,5056700000
ecuador,1992,5749200000
ecuador,1993,5255900000
ecuador,1994,6217500000
ecuador,1995,6565400000
ecuador,1996,6668100000
ecuador,1997,7020000000
ecuador,1998,6889500000
ecuador,1999,5403400000
ecuador,2000,5973100000
ecuador,2001,6709700000
ecuador,2002,7579800000
ecuador,2003,8443100000
ecuador,2004,10304000000
ecuador,2005,12573000000
ecuador,2006,15344000000
ecuador,2007,16991000000
ecuador,2008,22787000000
ecuador,2009,19726000000
ecuador,2010,23398000000
ecuador,2011,28908000000
ecuador,2012,32150000000
ecuador,2013,34271000000
ecuador,2014,36161000000
ecuador,2015,30137000000
ecuador,2016,30318000000
ecuador,2017,32094000000
ecuador,2018,33293000000
ecuador,2019,33539000000
ecuador,2020,28719000000
ecuador,2021,31344000000
ecuador,2022,34252000000
egypt,1965,1222800000
egypt,1966,1270700000
egypt,1967,1298100000
egypt,1968,1433400000
egypt,1969,1643300000
egypt,1970,1852800000
egypt,1971,1815500000
egypt,1972,1879300000
egypt,1973,1872400000
egypt,1974,2211600000
egypt,1975,2813900000
egypt,1976,3650700000
egypt,1977,4335400000
egypt,1978,5550900000
egypt,1979,3929000000
egypt,1980,6826300000
egypt,1981,4531100000
egypt,1982,4975600000
egypt,1983,5463500000
egypt,1984,6124600000
egypt,1985,6964900000
egypt,1986,7173800000
egypt,1987,6756700000
egypt,1988,8033600000
egypt,1989,8627000000
egypt,1990,9468400000
egypt,1991,11969000000
egypt,1992,13727000000
egypt,1993,15138000000
egypt,1994,16481000000
egypt,1995,19088000000
egypt,1996,22666000000
egypt,1997,25934000000
egypt,1998,25243000000
egypt,1999,24964000000
egypt,2000,28229000000
egypt,2001,27471000000
egypt,2002,26250000000
egypt,2003,22551000000
egypt,2004,26290000000
egypt,2005,31726000000
egypt,2006,37028000000
egypt,2007,44062000000
egypt,2008,56964000000
egypt,2009,64300000000
egypt,2010,73399000000
egypt,2011,79455000000
egypt,2012,102000000000
egypt,2013,102000000000
egypt,2014,113000000000
egypt,2015,109000000000
egypt,2016,81452000000
egypt,2017,61444000000
egypt,2018,81766000000
egypt,2019,106000000000
egypt,2020,111000000000
egypt,2021,123000000000
egypt,2022,125000000000
el_salvador,1965,203120000
el_salvador,1966,230920000
el_salvador,1967,240640000
el_salvador,1968,248680000
el_salvador,1969,262560000
el_salvador,1970,175960000
el_salvador,1971,189160000
el_salvador,1972,210010000
el_salvador,1973,226010000
el_salvador,1974,270230000
el_salvador,1975,332560000
el_salvador,1976,363740000
el_salvador,1977,435270000
el_salvador,1978,482260000
el_salvador,1979,529630000
el_salvador,1980,520550000
el_salvador,1981,520360000
el_salvador,1982,533400000
el_salvador,1983,606600000
el_salvador,1984,693860000
el_salvador,1985,880500000
el_salvador,1986,592000000
el_salvador,1987,752510000
el_salvador,1988,889900000
el_salvador,1989,1079500000
el_salvador,1990,1069600000
el_salvador,1991,1172200000
el_salvador,1992,1401800000
el_salvador,1993,1681400000
el_salvador,1994,1919600000
el_salvador,1995,2137200000
el_salvador,1996,2243200000
el_salvador,1997,2366600000
el_salvador,1998,2575400000
el_salvador,1999,2724100000
el_salvador,2000,2876400000
el_salvador,2001,3017900000
el_salvador,2002,3094700000
el_salvador,2003,3123200000
el_salvador,2004,3077400000
el_salvador,2005,3173100000
el_salvador,2006,3417200000
el_salvador,2007,3619600000
el_salvador,2008,4038500000
el_salvador,2009,3732400000
el_salvador,2010,3923000000
el_salvador,2011,4431900000
el_salvador,2012,4664700000
el_salvador,2013,4765300000
el_salvador,2014,4897300000
el_salvador,2015,5083800000
el_salvador,2016,5227000000
el_salvador,2017,5392400000
el_salvador,2018,5581300000
el_salvador,2019,5862300000
el_salvador,2020,5135600000
el_salvador,2021,6185100000
el_salvador,2022,6953000000
equatorial_guinea,1970,3788800
equatorial_guinea,1971,3932100
equatorial_guinea,1972,3763300
equatorial_guinea,1973,4787800
equatorial_guinea,1974,5084800
equatorial_guinea,1975,6309400
equatorial_guinea,1976,6524800
equatorial_guinea,1977,7271400
equatorial_guinea,1978,8217600
equatorial_guinea,1979,9226800
equatorial_guinea,1980,10183000
equatorial_guinea,1981,9219600
equatorial_guinea,1982,11591000
equatorial_guinea,1983,12565000
equatorial_guinea,1984,12208000
equatorial_guinea,1985,17681000
equatorial_guinea,1986,15811000
equatorial_guinea,1987,32553000
equatorial_guinea,1988,21135000
equatorial_guinea,1989,19896000
equatorial_guinea,1990,23874000
equatorial_guinea,1991,24378000
equatorial_guinea,1992,45352000
equatorial_guinea,1993,54148000
equatorial_guinea,1994,54993000
equatorial_guinea,1995,69066000
equatorial_guinea,1996,195190000
equatorial_guinea,1997,435370000
equatorial_guinea,1998,378970000
equatorial_guinea,1999,636360000
equatorial_guinea,2000,1041100000
equatorial_guinea,2001,1526700000
equatorial_guinea,2002,1904600000
equatorial_guinea,2003,2623600000
equatorial_guinea,2004,4591700000
equatorial_guinea,2005,6893700000
equatorial_guinea,2006,8330300000
equatorial_guinea,2007,10591000000
equatorial_guinea,2008,16618000000
equatorial_guinea,2009,11269000000
equatorial_guinea,2010,12134000000
equatorial_guinea,2011,16560000000
equatorial_guinea,2012,17210000000
equatorial_guinea,2013,15783000000
equatorial_guinea,2014,15123000000
equatorial_guinea,2015,7690600000
equatorial_guinea,2016,5787700000
equatorial_guinea,2017,6839200000
equatorial_guinea,2018,7403200000
equatorial_guinea,2019,5812200000
equatorial_guinea,2020,4487300000
equatorial_guinea,2021,6184300000
equatorial_guinea,2022,6093300000
eritrea,1993,66382000
eritrea,1994,77785000
eritrea,1995,92897000
eritrea,1996,135200000
eritrea,1997,157270000
eritrea,1998,148960000
eritrea,1999,149950000
eritrea,2000,143290000
eritrea,2001,147330000
eritrea,2002,153150000
eritrea,2003,162410000
eritrea,2004,205680000
eritrea,2005,210300000
eritrea,2006,159090000
eritrea,2007,182220000
eritrea,2008,221800000
eritrea,2009,262420000
eritrea,2010,447280000
eritrea,2011,605000000
eritrea,2012,643500000
eritrea,2013,557030000
eritrea,2014,763970000
eritrea,2015,602740000
eritrea,2016,664470000
eritrea,2017,570210000
eritrea,2018,604750000
eritrea,2019,598980000
eritrea,2020,635940000
eritrea,2021,667150000
eritrea,2022,718900000
estonia,1992,1249800000
estonia,1993,1107900000
estonia,1994,1077100000
estonia,1995,1086700000
estonia,1996,1111100000
estonia,1997,1194600000
estonia,1998,1258000000
estonia,1999,1192400000
estonia,2000,1242000000
estonia,2001,1397700000
estonia,2002,1639000000
estonia,2003,2234800000
estonia,2004,2676700000
estonia,2005,3249300000
estonia,2006,4074000000
estonia,2007,5395700000
estonia,2008,5630700000
estonia,2009,3832800000
estonia,2010,3918100000
estonia,2011,5072700000
estonia,2012,4969600000
estonia,2013,5332500000
estonia,2014,5563000000
estonia,2015,4675200000
estonia,2016,4926500000
estonia,2017,5512200000
estonia,2018,6258900000
estonia,2019,6247200000
estonia,2020,6130900000
estonia,2021,7226200000
estonia,2022,7418600000
eswatini,1965,22120000
eswatini,1966,23100000
eswatini,1967,25339000
eswatini,1968,26039000
eswatini,1969,28979000
eswatini,1970,36304000
eswatini,1971,43202000
eswatini,1972,48134000
eswatini,1973,64138000
eswatini,1974,79122000
eswatini,1975,88137000
eswatini,1976,91172000
eswatini,1977,111220000
eswatini,1978,136030000
eswatini,1979,172250000
eswatini,1980,228680000
eswatini,1981,236250000
eswatini,1982,215340000
eswatini,1983,196210000
eswatini,1984,167870000
eswatini,1985,110490000
eswatini,1986,168240000
eswatini,1987,276320000
eswatini,1988,370090000
eswatini,1989,392250000
eswatini,1990,456100000
eswatini,1991,469160000
eswatini,1992,522840000
eswatini,1993,564340000
eswatini,1994,574230000
eswatini,1995,723970000
eswatini,1996,660120000
eswatini,1997,735290000
eswatini,1998,677430000
eswatini,1999,645930000
eswatini,2000,657910000
eswatini,2001,590310000
eswatini,2002,540510000
eswatini,2003,809000000
eswatini,2004,1055600000
eswatini,2005,1215700000
eswatini,2006,1266900000
eswatini,2007,1364600000
eswatini,2008,1272500000
eswatini,2009,1382700000
eswatini,2010,1601500000
eswatini,2011,1691200000
eswatini,2012,1733100000
eswatini,2013,1575800000
eswatini,2014,1512500000
eswatini,2015,1408400000
eswatini,2016,1315800000
eswatini,2017,1446700000
eswatini,2018,1497000000
eswatini,2019,1456200000
eswatini,2020,1157500000
eswatini,2021,1413300000
eswatini,2022,1316100000
ethiopia,1993,465490000
ethiopia,1994,494520000
ethiopia,1995,595170000
ethiopia,1996,680790000
ethiopia,1997,741640000
ethiopia,1998,719830000
ethiopia,1999,734550000
ethiopia,2000,783460000
ethiopia,2001,814080000
ethiopia,2002,834520000
ethiopia,2003,935850000
ethiopia,2004,1079800000
ethiopia,2005,1239500000
ethiopia,2006,1505500000
ethiopia,2007,1897200000
ethiopia,2008,2304400000
ethiopia,2009,2466000000
ethiopia,2010,2224600000
ethiopia,2011,2655600000
ethiopia,2012,3650500000
ethiopia,2013,4698900000
ethiopia,2014,6876000000
ethiopia,2015,9887400000
ethiopia,2016,15319000000
ethiopia,2017,17533000000
ethiopia,2018,21336000000
ethiopia,2019,22332000000
ethiopia,2020,21640000000
ethiopia,2021,20992000000
ethiopia,2022,26352000000
fiji,1963,29593000
fiji,1964,33119000
fiji,1965,33371000
fiji,1966,33845000
fiji,1967,37548000
fiji,1968,37902000
fiji,1969,38541000
fiji,1970,39932000
fiji,1971,40754000
fiji,1972,60476000
fiji,1973,83077000
fiji,1974,114770000
fiji,1975,141730000
fiji,1976,144170000
fiji,1977,140940000
fiji,1978,153570000
fiji,1979,207860000
fiji,1980,243440000
fiji,1981,230420000
fiji,1982,222800000
fiji,1983,180850000
fiji,1984,177770000
fiji,1985,171300000
fiji,1986,203850000
fiji,1987,198680000
fiji,1988,167890000
fiji,1989,195960000
fiji,1990,225860000
fiji,1991,239630000
fiji,1992,261920000
fiji,1993,291810000
fiji,1994,325470000
fiji,1995,330580000
fiji,1996,350990000
fiji,1997,363560000
fiji,1998,286770000
fiji,1999,301980000
fiji,2000,273820000
fiji,2001,291330000
fiji,2002,309190000
fiji,2003,357710000
fiji,2004,454050000
fiji,2005,459230000
fiji,2006,485570000
fiji,2007,496460000
fiji,2008,536420000
fiji,2009,457300000
fiji,2010,509630000
fiji,2011,586100000
fiji,2012,589200000
fiji,2013,611060000
fiji,2014,663630000
fiji,2015,635860000
fiji,2016,703640000
fiji,2017,733960000
fiji,2018,760910000
fiji,2019,763480000
fiji,2020,676490000
fiji,2021,624260000
fiji,2022,661120000
finland,1970,3571800000
finland,1971,3801300000
finland,1972,4621300000
finland,1973,6258300000
finland,1974,8540700000
finland,1975,9592600000
finland,1976,9962300000
finland,1977,10152000000
finland,1978,11030000000
finland,1979,13838000000
finland,1980,16798000000
finland,1981,15910000000
finland,1982,15676000000
finland,1983,15080000000
finland,1984,15503000000
finland,1985,15801000000
finland,1986,20064000000
finland,1987,25339000000
finland,1988,30087000000
finland,1989,33633000000
finland,1990,38361000000
finland,1991,30906000000
finland,1992,26609000000
finland,1993,21768000000
finland,1994,26417000000
finland,1995,35913000000
finland,1996,34668000000
finland,1997,33723000000
finland,1998,37716000000
finland,1999,38223000000
finland,2000,37385000000
finland,2001,37520000000
finland,2002,39112000000
finland,2003,46648000000
finland,2004,53290000000
finland,2005,55439000000
finland,2006,60387000000
finland,2007,72543000000
finland,2008,77459000000
finland,2009,57861000000
finland,2010,57582000000
finland,2011,61434000000
finland,2012,53427000000
finland,2013,55628000000
finland,2014,55629000000
finland,2015,48334000000
finland,2016,50304000000
finland,2017,55754000000
finland,2018,59093000000
finland,2019,56869000000
finland,2020,58038000000
finland,2021,63077000000
finland,2022,63083000000
france,1961,20529000000
france,1962,22494000000
france,1963,24953000000
france,1964,28159000000
france,1965,30541000000
france,1966,32836000000
france,1967,35113000000
france,1968,37825000000
france,1969,40575000000
france,1970,40400000000
france,1971,46002000000
france,1972,55047000000
france,1973,72371000000
france,1974,77097000000
france,1975,96429000000
france,1976,97460000000
france,1977,107000000000
france,1978,133000000000
france,1979,157000000000
france,1980,179000000000
france,1981,152000000000
france,1982,141000000000
france,1983,133000000000
france,1984,123000000000
france,1985,127000000000
france,1986,176000000000
france,1987,211000000000
france,1988,230000000000
france,1989,226000000000
france,1990,279000000000
france,1991,275000000000
france,1992,299000000000
france,1993,269000000000
france,1994,274000000000
france,1995,316000000000
france,1996,306000000000
france,1997,278000000000
france,1998,285000000000
france,1999,281000000000
france,2000,258000000000
france,2001,256000000000
france,2002,272000000000
france,2003,328000000000
france,2004,371000000000
france,2005,379000000000
france,2006,393000000000
france,2007,456000000000
france,2008,494000000000
france,2009,439000000000
france,2010,419000000000
france,2011,456000000000
france,2012,422000000000
france,2013,442000000000
france,2014,442000000000
france,2015,376000000000
france,2016,376000000000
france,2017,393000000000
france,2018,419000000000
france,2019,414000000000
france,2020,380000000000
france,2021,416000000000
france,2022,406000000000
gabon,1961,52916000
gabon,1962,55939000
gabon,1963,58909000
gabon,1964,66331000
gabon,1965,76716000
gabon,1966,85885000
gabon,1967,102850000
gabon,1968,134110000
gabon,1969,145020000
gabon,1970,171900000
gabon,1971,195640000
gabon,1972,245650000
gabon,1973,380630000
gabon,1974,1077800000
gabon,1975,1446900000
gabon,1976,1940500000
gabon,1977,1701900000
gabon,1978,1442800000
gabon,1979,1850900000
gabon,1980,2700900000
gabon,1981,2315800000
gabon,1982,2291800000
gabon,1983,2190900000
gabon,1984,2401200000
gabon,1985,2391100000
gabon,1986,1517500000
gabon,1987,1572900000
gabon,1988,1290400000
gabon,1989,1738300000
gabon,1990,2542100000
gabon,1991,2408900000
gabon,1992,2403700000
gabon,1993,2287500000
gabon,1994,2296600000
gabon,1995,2710500000
gabon,1996,3337000000
gabon,1997,2999900000
gabon,1998,1954200000
gabon,1999,2384000000
gabon,2000,3070600000
gabon,2001,2560300000
gabon,2002,2636100000
gabon,2003,3175800000
gabon,2004,4118700000
gabon,2005,5666500000
gabon,2006,6042100000
gabon,2007,7063700000
gabon,2008,9475800000
gabon,2009,5974100000
gabon,2010,7807300000
gabon,2011,10943000000
gabon,2012,9972600000
gabon,2013,9814800000
gabon,2014,9413100000
gabon,2015,6760800000
gabon,2016,6159900000
gabon,2017,6603700000
gabon,2018,7746400000
gabon,2019,7845900000
gabon,2020,6168700000
gabon,2021,10081000000
gabon,2022,10566000000
gambia,1966,3668000
gambia,1967,3895800
gambia,1968,3432100
gambia,1969,3768100
gambia,1970,9229200
gambia,1971,11673000
gambia,1972,14731000
gambia,1973,35774000
gambia,1974,62570000
gambia,1975,77895000
gambia,1976,78393000
gambia,1977,92730000
gambia,1978,104290000
gambia,1979,122710000
gambia,1980,140270000
gambia,1981,159070000
gambia,1982,182130000
gambia,1983,164680000
gambia,1984,129100000
gambia,1985,112440000
gambia,1986,64927000
gambia,1987,87052000
gambia,1988,135890000
gambia,1989,152510000
gambia,1990,161610000
gambia,1991,158850000
gambia,1992,161550000
gambia,1993,170630000
gambia,1994,161940000
gambia,1995,169340000
gambia,1996,252790000
gambia,1997,177340000
gambia,1998,190480000
gambia,1999,178480000
gambia,2000,162500000
gambia,2001,140430000
gambia,2002,119800000
gambia,2003,92801000
gambia,2004,100570000
gambia,2005,104990000
gambia,2006,113480000
gambia,2007,130020000
gambia,2008,147270000
gambia,2009,124030000
gambia,2010,126430000
gambia,2011,138240000
gambia,2012,146880000
gambia,2013,141860000
gambia,2014,141690000
gambia,2015,211870000
gambia,2016,281710000
gambia,2017,246700000
gambia,2018,255120000
gambia,2019,275260000
gambia,2020,264310000
gambia,2021,283320000
gambia,2022,324250000
georgia,1992,812810000
georgia,1993,237060000
georgia,1994,238900000
georgia,1995,282050000
georgia,1996,541580000
georgia,1997,588910000
georgia,1998,568720000
georgia,1999,410320000
georgia,2000,442110000
georgia,2001,466090000
georgia,2002,542120000
georgia,2003,691060000
georgia,2004,908980000
georgia,2005,1129400000
georgia,2006,1241800000
georgia,2007,1587500000
georgia,2008,1812200000
georgia,2009,1478300000
georgia,2010,1660000000
georgia,2011,2300100000
georgia,2012,2764400000
georgia,2013,2753500000
georgia,2014,2876100000
georgia,2015,2497100000
georgia,2016,2521300000
georgia,2017,2844900000
georgia,2018,3003200000
georgia,2019,3067600000
georgia,2020,2951400000
georgia,2021,3312400000
georgia,2022,4402200000
germany,1970,87265000000
germany,1971,98193000000
germany,1972,115000000000
germany,1973,152000000000
germany,1974,168000000000
germany,1975,175000000000
germany,1976,186000000000
germany,1977,214000000000
germany,1978,263000000000
germany,1979,310000000000
germany,1980,331000000000
germany,1981,271000000000
germany,1982,258000000000
germany,1983,254000000000
germany,1984,236000000000
germany,1985,241000000000
germany,1986,347000000000
germany,1987,422000000000
germany,1988,454000000000
germany,1989,448000000000
germany,1990,563000000000
germany,1991,582000000000
germany,1992,644000000000
germany,1993,586000000000
germany,1994,615000000000
germany,1995,705000000000
germany,1996,654000000000
germany,1997,575000000000
germany,1998,577000000000
germany,1999,552000000000
germany,2000,494000000000
germany,2001,483000000000
germany,2002,498000000000
germany,2003,596000000000
germany,2004,671000000000
germany,2005,676000000000
germany,2006,729000000000
germany,2007,840000000000
germany,2008,891000000000
germany,2009,735000000000
germany,2010,808000000000
germany,2011,912000000000
germany,2012,860000000000
germany,2013,900000000000
germany,2014,951000000000
germany,2015,827000000000
germany,2016,868000000000
germany,2017,913000000000
germany,2018,976000000000
germany,2019,940000000000
germany,2020,926000000000
germany,2021,1020000000000
germany,2022,973000000000
ghana,1965,382400000
ghana,1966,390800000
ghana,1967,357800000
ghana,1968,339270000
ghana,1969,375540000
ghana,1970,1415300000
ghana,1971,1562900000
ghana,1972,1353600000
ghana,1973,1351800000
ghana,1974,1477600000
ghana,1975,1761600000
ghana,1976,1664100000
ghana,1977,1482200000
ghana,1978,1358100000
ghana,1979,1450400000
ghana,1980,1462500000
ghana,1981,1167100000
ghana,1982,714970000
ghana,1983,792900000
ghana,1984,1425800000
ghana,1985,2657600000
ghana,1986,3017300000
ghana,1987,2924400000
ghana,1988,3134700000
ghana,1989,3281800000
ghana,1990,3617800000
ghana,1991,3920300000
ghana,1992,3850100000
ghana,1993,4042900000
ghana,1994,3623600000
ghana,1995,4298500000
ghana,1996,4335600000
ghana,1997,4571100000
ghana,1998,4945400000
ghana,1999,5115400000
ghana,2000,3295800000
ghana,2001,3493400000
ghana,2002,4064000000
ghana,2003,5008200000
ghana,2004,5690500000
ghana,2005,6858800000
ghana,2006,8124400000
ghana,2007,9285100000
ghana,2008,10058000000
ghana,2009,8495600000
ghana,2010,10085000000
ghana,2011,16742000000
ghana,2012,19017000000
ghana,2013,20670000000
ghana,2014,17818000000
ghana,2015,14320000000
ghana,2016,14181000000
ghana,2017,16538000000
ghana,2018,19573000000
ghana,2019,19984000000
ghana,2020,19614000000
ghana,2021,20972000000
ghana,2022,22315000000
greece,1970,3493100000
greece,1971,3959200000
greece,1972,4626100000
greece,1973,6305000000
greece,1974,6768800000
greece,1975,7283900000
greece,1976,7944300000
greece,1977,9346900000
greece,1978,11153000000
greece,1979,14186000000
greece,1980,14550000000
greece,1981,13217000000
greece,1982,12593000000
greece,1983,11518000000
greece,1984,10833000000
greece,1985,10814000000
greece,1986,12921000000
greece,1987,14249000000
greece,1988,16397000000
greece,1989,16939000000
greece,1990,20128000000
greece,1991,20152000000
greece,1992,21271000000
greece,1993,20051000000
greece,1994,20401000000
greece,1995,22533000000
greece,1996,22921000000
greece,1997,21467000000
greece,1998,22095000000
greece,1999,24201000000
greece,2000,21288000000
greece,2001,22648000000
greece,2002,25445000000
greece,2003,35483000000
greece,2004,41950000000
greece,2005,36470000000
greece,2006,46829000000
greece,2007,48740000000
greece,2008,47041000000
greece,2009,40944000000
greece,2010,36516000000
greece,2011,32615000000
greece,2012,26741000000
greece,2013,26134000000
greece,2014,24021000000
greece,2015,21053000000
greece,2016,20351000000
greece,2017,19638000000
greece,2018,21190000000
greece,2019,19813000000
greece,2020,19904000000
greece,2021,23068000000
greece,2022,24815000000
grenada,1970,3027000
grenada,1971,2864600
grenada,1972,3700700
grenada,1973,4436500
grenada,1974,3198700
grenada,1975,4995100
grenada,1976,3941300
grenada,1977,5303700
grenada,1978,6422200
grenada,1979,8014800
grenada,1980,8088900
grenada,1981,9722200
grenada,1982,12619000
grenada,1983,12378000
grenada,1984,12848000
grenada,1985,15293000
grenada,1986,17559000
grenada,1987,21286000
grenada,1988,23630000
grenada,1989,24649000
grenada,1990,25185000
grenada,1991,30764000
grenada,1992,31541000
grenada,1993,30404000
grenada,1994,32748000
grenada,1995,35283000
grenada,1996,37479000
grenada,1997,40607000
grenada,1998,49104000
grenada,1999,55507000
grenada,2000,75967000
grenada,2001,66685000
grenada,2002,67233000
grenada,2003,77352000
grenada,2004,78763000
grenada,2005,138710000
grenada,2006,110400000
grenada,2007,113780000
grenada,2008,112040000
grenada,2009,84100000
grenada,2010,83520000
grenada,2011,74172000
grenada,2012,66578000
grenada,2013,80760000
grenada,2014,82965000
grenada,2015,90068000
grenada,2016,97441000
grenada,2017,112880000
grenada,2018,125080000
grenada,2019,127800000
grenada,2020,101420000
grenada,2021,127530000
grenada,2022,143450000
guatemala,1965,226940000
guatemala,1966,248010000
guatemala,1967,269770000
guatemala,1968,300480000
guatemala,1969,327020000
guatemala,1970,336680000
guatemala,1971,354520000
guatemala,1972,372580000
guatemala,1973,464590000
guatemala,1974,558950000
guatemala,1975,632340000
guatemala,1976,809220000
guatemala,1977,1051700000
guatemala,1978,1182100000
guatemala,1979,1362000000
guatemala,1980,1586600000
guatemala,1981,1700900000
guatemala,1982,1685200000
guatemala,1983,1710100000
guatemala,1984,1743800000
guatemala,1985,2051600000
guatemala,1986,1575400000
guatemala,1987,1304200000
guatemala,1988,1454200000
guatemala,1989,1547400000
guatemala,1990,1388300000
guatemala,1991,1687800000
guatemala,1992,1894500000
guatemala,1993,2053100000
guatemala,1994,2315300000
guatemala,1995,2598300000
guatemala,1996,2793000000
guatemala,1997,3168900000
guatemala,1998,3437900000
guatemala,1999,3258400000
guatemala,2000,3382700000
guatemala,2001,3596400000
guatemala,2002,4013800000
guatemala,2003,4279500000
guatemala,2004,4709800000
guatemala,2005,5327900000
guatemala,2006,6134800000
guatemala,2007,6847800000
guatemala,2008,7975700000
guatemala,2009,7468200000
guatemala,2010,8059700000
guatemala,2011,9569300000
guatemala,2012,10151000000
guatemala,2013,10652000000
guatemala,2014,11796000000
guatemala,2015,12666000000
guatemala,2016,13370000000
guatemala,2017,14060000000
guatemala,2018,14102000000
guatemala,2019,15112000000
guatemala,2020,15477000000
guatemala,2021,17265000000
guatemala,2022,19392000000
guinea,1970,251060000
guinea,1971,277960000
guinea,1972,296700000
guinea,1973,317850000
guinea,1974,364560000
guinea,1975,409820000
guinea,1976,466830000
guinea,1977,479220000
guinea,1978,547530000
guinea,1979,585080000
guinea,1980,655640000
guinea,1981,723520000
guinea,1982,780500000
guinea,1983,819320000
guinea,1984,856390000
guinea,1985,942850000
guinea,1986,995480000
guinea,1987,1030800000
guinea,1988,1126600000
guinea,1989,1130000000
guinea,1990,1396500000
guinea,1991,1395800000
guinea,1992,1283600000
guinea,1993,1376900000
guinea,1994,1345100000
guinea,1995,1485200000
guinea,1996,1642800000
guinea,1997,1494200000
guinea,1998,1311400000
guinea,1999,1376900000
guinea,2000,1278100000
guinea,2001,1169800000
guinea,2002,1237700000
guinea,2003,1603500000
guinea,2004,1622000000
guinea,2005,1354100000
guinea,2006,1413700000
guinea,2007,1875100000
guinea,2008,2237000000
guinea,2009,2085200000
guinea,2010,2143100000
guinea,2011,2167800000
guinea,2012,2361700000
guinea,2013,2424200000
guinea,2014,2549400000
guinea,2015,2258800000
guinea,2016,2532700000
guinea,2017,3202500000
guinea,2018,3591800000
guinea,2019,3866900000
guinea,2020,3940400000
guinea,2021,4545100000
guinea,2022,5995500000
guinea_bissau,1970,55092000
guinea_bissau,1971,56775000
guinea_bissau,1972,67635000
guinea_bissau,1973,90544000
guinea_bissau,1974,103940000
guinea_bissau,1975,118740000
guinea_bissau,1976,65517000
guinea_bissau,1977,82249000
guinea_bissau,1978,83968000
guinea_bissau,1979,90936000
guinea_bissau,1980,80350000
guinea_bissau,1981,75542000
guinea_bissau,1982,56161000
guinea_bissau,1983,44779000
guinea_bissau,1984,59560000
guinea_bissau,1985,57186000
guinea_bissau,1986,94418000
guinea_bissau,1987,61147000
guinea_bissau,1988,62575000
guinea_bissau,1989,76304000
guinea_bissau,1990,85123000
guinea_bissau,1991,85242000
guinea_bissau,1992,43105000
guinea_bissau,1993,45788000
guinea_bissau,1994,66953000
guinea_bissau,1995,74593000
guinea_bissau,1996,46860000
guinea_bissau,1997,62880000
guinea_bissau,1998,62020000
guinea_bissau,1999,65340000
guinea_bissau,2000,50499000
guinea_bissau,2001,53872000
guinea_bissau,2002,63984000
guinea_bissau,2003,80759000
guinea_bissau,2004,80233000
guinea_bissau,2005,81432000
guinea_bissau,2006,80179000
guinea_bissau,2007,89409000
guinea_bissau,2008,116520000
guinea_bissau,2009,106870000
guinea_bissau,2010,106880000
guinea_bissau,2011,128650000
guinea_bissau,2012,128500000
guinea_bissau,2013,146040000
guinea_bissau,2014,145150000
guinea_bissau,2015,122010000
guinea_bissau,2016,141840000
guinea_bissau,2017,161590000
guinea_bissau,2018,170440000
guinea_bissau,2019,178100000
guinea_bissau,2020,178520000
guinea_bissau,2021,199410000
guinea_bissau,2022,201620000
guyana,1961,52266000
guyana,1962,62008000
guyana,1963,52091000
guyana,1964,61599000
guyana,1965,66941000
guyana,1966,72471000
guyana,1967,81353000
guyana,1968,79200000
guyana,1969,86950000
guyana,1970,174760000
guyana,1971,181150000
guyana,1972,180760000
guyana,1973,181440000
guyana,1974,271760000
guyana,1975,342170000
guyana,1976,294770000
guyana,1977,291710000
guyana,1978,320190000
guyana,1979,326950000
guyana,1980,387720000
guyana,1981,320270000
guyana,1982,265560000
guyana,1983,218000000
guyana,1984,184180000
guyana,1985,192120000
guyana,1986,238850000
guyana,1987,143910000
guyana,1988,231440000
guyana,1989,169590000
guyana,1990,159070000
guyana,1991,156520000
guyana,1992,145840000
guyana,1993,235750000
guyana,1994,280400000
guyana,1995,291100000
guyana,1996,349210000
guyana,1997,368640000
guyana,1998,338920000
guyana,1999,319700000
guyana,2000,322720000
guyana,2001,334670000
guyana,2002,350430000
guyana,2003,353100000
guyana,2004,375680000
guyana,2005,415720000
guyana,2006,505800000
guyana,2007,622890000
guyana,2008,719960000
guyana,2009,744460000
guyana,2010,818160000
guyana,2011,961100000
guyana,2012,1048700000
guyana,2013,1027200000
guyana,2014,961070000
guyana,2015,976770000
guyana,2016,1230500000
guyana,2017,1179700000
guyana,2018,1218100000
guyana,2019,1441300000
guyana,2020,2079100000
guyana,2021,4017400000
guyana,2022,9943800000
haiti,1970,78080000
haiti,1971,92279000
haiti,1972,99296000
haiti,1973,126300000
haiti,1974,166690000
haiti,1975,183500000
haiti,1976,258340000
haiti,1977,294640000
haiti,1978,306330000
haiti,1979,345250000
haiti,1980,457000000
haiti,1981,437730000
haiti,1982,458230000
haiti,1983,502100000
haiti,1984,537680000
haiti,1985,607570000
haiti,1986,658990000
haiti,1987,570400000
haiti,1988,552600000
haiti,1989,618150000
haiti,1990,711800000
haiti,1991,786680000
haiti,1992,516190000
haiti,1993,493700000
haiti,1994,587150000
haiti,1995,1078900000
haiti,1996,1183300000
haiti,1997,1140500000
haiti,1998,1370200000
haiti,1999,1518500000
haiti,2000,1327300000
haiti,2001,1347500000
haiti,2002,1197000000
haiti,2003,1121600000
haiti,2004,1441100000
haiti,2005,1545600000
haiti,2006,1855000000
haiti,2007,2211500000
haiti,2008,2535000000
haiti,2009,2721300000
haiti,2010,2557700000
haiti,2011,2863100000
haiti,2012,3177400000
haiti,2013,3498400000
haiti,2014,3676800000
haiti,2015,3467300000
haiti,2016,3084000000
haiti,2017,3434100000
haiti,2018,3628400000
haiti,2019,3196000000
haiti,2020,3507200000
haiti,2021,4742100000
haiti,2022,5419600000
honduras,1961,59350000
honduras,1962,69200000
honduras,1963,73800000
honduras,1964,81400000
honduras,1965,88650000
honduras,1966,94250000
honduras,1967,113100000
honduras,1968,126750000
honduras,1969,134050000
honduras,1970,180790000
honduras,1971,192710000
honduras,1972,210280000
honduras,1973,249470000
honduras,1974,293940000
honduras,1975,319160000
honduras,1976,358030000
honduras,1977,437060000
honduras,1978,535840000
honduras,1979,613510000
honduras,1980,713180000
honduras,1981,736240000
honduras,1982,811190000
honduras,1983,893070000
honduras,1984,968710000
honduras,1985,963390000
honduras,1986,933380000
honduras,1987,1010900000
honduras,1988,1190500000
honduras,1989,1374500000
honduras,1990,863370000
honduras,1991,864340000
honduras,1992,1061300000
honduras,1993,1125900000
honduras,1994,1011600000
honduras,1995,1190500000
honduras,1996,1182400000
honduras,1997,1363800000
honduras,1998,1572000000
honduras,1999,1747500000
honduras,2000,1929700000
honduras,2001,1963500000
honduras,2002,1998600000
honduras,2003,2132800000
honduras,2004,2233700000
honduras,2005,2424500000
honduras,2006,2800700000
honduras,2007,3102600000
honduras,2008,3448600000
honduras,2009,3457600000
honduras,2010,3722400000
honduras,2011,4305200000
honduras,2012,4569400000
honduras,2013,4506200000
honduras,2014,4598900000
honduras,2015,4868200000
honduras,2016,5031200000
honduras,2017,5469600000
honduras,2018,5677400000
honduras,2019,5784600000
honduras,2020,5267100000
honduras,2021,6530800000
honduras,2022,7093600000
hungary,1970,2377200000
hungary,1971,2595300000
hungary,1972,3062300000
hungary,1973,3879100000
hungary,1974,4551000000
hungary,1975,5301000000
hungary,1976,5879400000
hungary,1977,6581700000
hungary,1978,7688100000
hungary,1979,8828200000
hungary,1980,8658500000
hungary,1981,8970800000
hungary,1982,9085700000
hungary,1983,8201100000
hungary,1984,7940700000
hungary,1985,8026500000
hungary,1986,8891500000
hungary,1987,9653700000
hungary,1988,9415000000
hungary,1989,9612200000
hungary,1990,9605900000
hungary,1991,8990300000
hungary,1992,9363600000
hungary,1993,9151700000
hungary,1994,9768200000
hungary,1995,10584000000
hungary,1996,10423000000
hungary,1997,11498000000
hungary,1998,11895000000
hungary,1999,11695000000
hungary,2000,11167000000
hungary,2001,12923000000
hungary,2002,16079000000
hungary,2003,19998000000
hungary,2004,24693000000
hungary,2005,27366000000
hungary,2006,28382000000
hungary,2007,32865000000
hungary,2008,35873000000
hungary,2009,28125000000
hungary,2010,28782000000
hungary,2011,31328000000
hungary,2012,28235000000
hungary,2013,30267000000
hungary,2014,32627000000
hungary,2015,29900000000
hungary,2016,29256000000
hungary,2017,32752000000
hungary,2018,36960000000
hungary,2019,37033000000
hungary,2020,35122000000
hungary,2021,40561000000
hungary,2022,40851000000
iceland,1970,164680000
iceland,1971,205850000
iceland,1972,251740000
iceland,1973,380850000
iceland,1974,440160000
iceland,1975,390960000
iceland,1976,491990000
iceland,1977,628880000
iceland,1978,668960000
iceland,1979,775590000
iceland,1980,921660000
iceland,1981,952050000
iceland,1982,892290000
iceland,1983,688340000
iceland,1984,755170000
iceland,1985,753520000
iceland,1986,1062500000
iceland,1987,1558000000
iceland,1988,1596700000
iceland,1989,1422900000
iceland,1990,1543100000
iceland,1991,1625200000
iceland,1992,1633500000
iceland,1993,1393800000
iceland,1994,1424600000
iceland,1995,1559800000
iceland,1996,1594500000
iceland,1997,1659200000
iceland,1998,1808700000
iceland,1999,1734400000
iceland,2000,1766500000
iceland,2001,1716600000
iceland,2002,1752800000
iceland,2003,2070200000
iceland,2004,2549200000
iceland,2005,2937800000
iceland,2006,3221300000
iceland,2007,3585100000
iceland,2008,3378600000
iceland,2009,2007600000
iceland,2010,2343300000
iceland,2011,2609300000
iceland,2012,2328100000
iceland,2013,2577200000
iceland,2014,2923600000
iceland,2015,2765300000
iceland,2016,3221100000
iceland,2017,3862200000
iceland,2018,4133100000
iceland,2019,3873400000
iceland,2020,3458200000
iceland,2021,4132900000
iceland,2022,4736700000
india,1961,7531300000
india,1962,8325700000
india,1963,9485400000
india,1964,10593000000
india,1965,11541000000
india,1966,8773300000
india,1967,9006000000
india,1968,9786700000
india,1969,11186000000
india,1970,12192000000
india,1971,13472000000
india,1972,14679000000
india,1973,16790000000
india,1974,20127000000
india,1975,21219000000
india,1976,22301000000
india,1977,25789000000
india,1978,30812000000
india,1979,34942000000
india,1980,41849000000
india,1981,46250000000
india,1982,48080000000
india,1983,52541000000
india,1984,52995000000
india,1985,55126000000
india,1986,60469000000
india,1987,66800000000
india,1988,74532000000
india,1989,76397000000
india,1990,82634000000
india,1991,69371000000
india,1992,69897000000
india,1993,67789000000
india,1994,79556000000
india,1995,93886000000
india,1996,97550000000
india,1997,105000000000
india,1998,102000000000
india,1999,106000000000
india,2000,114000000000
india,2001,115000000000
india,2002,124000000000
india,2003,145000000000
india,2004,188000000000
india,2005,224000000000
india,2006,270000000000
india,2007,341000000000
india,2008,370000000000
india,2009,381000000000
india,2010,480000000000
india,2011,525000000000
india,2012,507000000000
india,2013,500000000000
india,2014,519000000000
india,2015,535000000000
india,2016,557000000000
india,2017,630000000000
india,2018,664000000000
india,2019,631000000000
india,2020,602000000000
india,2021,753000000000
india,2022,795000000000
indonesia,1970,1656900000
indonesia,1971,1939500000
indonesia,1972,2786600000
indonesia,1973,4339000000
indonesia,1974,8906100000
indonesia,1975,10238000000
indonesia,1976,12697000000
indonesia,1977,15745000000
indonesia,1978,18481000000
indonesia,1979,19644000000
indonesia,1980,31473000000
indonesia,1981,38318000000
indonesia,1982,36170000000
indonesia,1983,34430000000
indonesia,1984,35082000000
indonesia,1985,32466000000
indonesia,1986,28099000000
indonesia,1987,28535000000
indonesia,1988,34738000000
indonesia,1989,40500000000
indonesia,1990,46880000000
indonesia,1991,54204000000
indonesia,1992,57832000000
indonesia,1993,65651000000
indonesia,1994,75155000000
indonesia,1995,88350000000
indonesia,1996,104000000000
indonesia,1997,101000000000
indonesia,1998,45093000000
indonesia,1999,63868000000
indonesia,2000,72027000000
indonesia,2001,70664000000
indonesia,2002,81899000000
indonesia,2003,96381000000
indonesia,2004,107000000000
indonesia,2005,125000000000
indonesia,2006,161000000000
indonesia,2007,191000000000
indonesia,2008,232000000000
indonesia,2009,243000000000
indonesia,2010,314000000000
indonesia,2011,381000000000
indonesia,2012,389000000000
indonesia,2013,379000000000
indonesia,2014,363000000000
indonesia,2015,334000000000
indonesia,2016,355000000000
indonesia,2017,387000000000
indonesia,2018,401000000000
indonesia,2019,422000000000
indonesia,2020,392000000000
indonesia,2021,459000000000
indonesia,2022,532000000000
iran_islamic_republic_of,1961,1231900000
iran_islamic_republic_of,1962,1386700000
iran_islamic_republic_of,1963,1521100000
iran_islamic_republic_of,1964,1689400000
iran_islamic_republic_of,1965,2034400000
iran_islamic_republic_of,1966,2278900000
iran_islamic_republic_of,1967,2658400000
iran_islamic_republic_of,1968,3130500000
iran_islamic_republic_of,1969,3754900000
iran_islamic_republic_of,1970,4285100000
iran_islamic_republic_of,1971,5631300000
iran_islamic_republic_of,1972,7047200000
iran_islamic_republic_of,1973,13922000000
iran_islamic_republic_of,1974,27858000000
iran_islamic_republic_of,1975,28600000000
iran_islamic_republic_of,1976,38082000000
iran_islamic_republic_of,1977,41433000000
iran_islamic_republic_of,1978,34530000000
iran_islamic_republic_of,1979,39596000000
iran_islamic_republic_of,1980,32591000000
iran_islamic_republic_of,1981,34243000000
iran_islamic_republic_of,1982,49540000000
iran_islamic_republic_of,1983,57838000000
iran_islamic_republic_of,1984,55068000000
iran_islamic_republic_of,1985,22404000000
iran_islamic_republic_of,1986,17359000000
iran_islamic_republic_of,1987,20672000000
iran_islamic_republic_of,1988,21470000000
iran_islamic_republic_of,1989,22408000000
iran_islamic_republic_of,1990,30121000000
iran_islamic_republic_of,1991,33079000000
iran_islamic_republic_of,1992,34918000000
iran_islamic_republic_of,1993,48290000000
iran_islamic_republic_of,1994,47794000000
iran_islamic_republic_of,1995,43465000000
iran_islamic_republic_of,1996,49385000000
iran_islamic_republic_of,1997,41535000000
iran_islamic_republic_of,1998,33201000000
iran_islamic_republic_of,1999,40235000000
iran_islamic_republic_of,2000,41713000000
iran_islamic_republic_of,2001,44933000000
iran_islamic_republic_of,2002,63889000000
iran_islamic_republic_of,2003,65090000000
iran_islamic_republic_of,2004,83771000000
iran_islamic_republic_of,2005,107000000000
iran_islamic_republic_of,2006,124000000000
iran_islamic_republic_of,2007,165000000000
iran_islamic_republic_of,2008,194000000000
iran_islamic_republic_of,2009,179000000000
iran_islamic_republic_of,2010,218000000000
iran_islamic_republic_of,2011,272000000000
iran_islamic_republic_of,2012,248000000000
iran_islamic_republic_of,2013,230000000000
iran_islamic_republic_of,2014,169000000000
iran_islamic_republic_of,2015,119000000000
iran_islamic_republic_of,2016,145000000000
iran_islamic_republic_of,2017,167000000000
iran_islamic_republic_of,2018,110000000000
iran_islamic_republic_of,2019,97497000000
iran_islamic_republic_of,2020,85054000000
iran_islamic_republic_of,2021,95557000000
iran_islamic_republic_of,2022,107000000000
iraq,1968,1352300000
iraq,1969,1387800000
iraq,1970,1517300000
iraq,1971,1884400000
iraq,1972,1662000000
iraq,1973,2478300000
iraq,1974,4184100000
iraq,1975,4954600000
iraq,1976,6596600000
iraq,1977,6905100000
iraq,1978,8718300000
iraq,1979,12958000000
iraq,1980,14058000000
iraq,1981,9120500000
iraq,1982,8793200000
iraq,1983,7657200000
iraq,1984,7684200000
iraq,1985,7645000000
iraq,1986,7223600000
iraq,1987,9935800000
iraq,1988,10421000000
iraq,1989,9642600000
iraq,1990,7987500000
iraq,1991,1031800000
iraq,1992,8163300000
iraq,1993,5761900000
iraq,1994,4576700000
iraq,1995,4089100000
iraq,1996,6739400000
iraq,1997,7688300000
iraq,1998,7401900000
iraq,1999,13892000000
iraq,2000,17764000000
iraq,2001,16543000000
iraq,2002,15505000000
iraq,2003,16813000000
iraq,2004,22351000000
iraq,2005,31376000000
iraq,2006,39291000000
iraq,2007,52624000000
iraq,2008,76180000000
iraq,2009,64601000000
iraq,2010,74796000000
iraq,2011,113000000000
iraq,2012,128000000000
iraq,2013,131000000000
iraq,2014,121000000000
iraq,2015,70537000000
iraq,2016,71484000000
iraq,2017,90620000000
iraq,2018,117000000000
iraq,2019,118000000000
iraq,2020,67540000000
iraq,2021,108000000000
iraq,2022,162000000000
ireland,1970,1038400000
ireland,1971,1210600000
ireland,1972,1512300000
ireland,1973,1838100000
ireland,1974,2060100000
ireland,1975,2297500000
ireland,1976,2190400000
ireland,1977,2703800000
ireland,1978,3699900000
ireland,1979,4827700000
ireland,1980,6080400000
ireland,1981,5496900000
ireland,1982,5596300000
ireland,1983,5358400000
ireland,1984,5055500000
ireland,1985,5456100000
ireland,1986,7164400000
ireland,1987,8325200000
ireland,1988,9064800000
ireland,1989,9318300000
ireland,1990,12387000000
ireland,1991,12140000000
ireland,1992,13824000000
ireland,1993,12736000000
ireland,1994,14354000000
ireland,1995,18392000000
ireland,1996,19898000000
ireland,1997,23093000000
ireland,1998,26564000000
ireland,1999,29626000000
ireland,2000,29936000000
ireland,2001,35362000000
ireland,2002,42913000000
ireland,2003,50289000000
ireland,2004,56393000000
ireland,2005,60394000000
ireland,2006,66039000000
ireland,2007,72114000000
ireland,2008,65694000000
ireland,2009,55081000000
ireland,2010,47227000000
ireland,2011,52541000000
ireland,2012,48461000000
ireland,2013,51173000000
ireland,2014,58123000000
ireland,2015,107000000000
ireland,2016,105000000000
ireland,2017,117000000000
ireland,2018,137000000000
ireland,2019,136000000000
ireland,2020,156000000000
ireland,2021,191000000000
ireland,2022,214000000000
israel,1970,2042300000
israel,1971,2139100000
israel,1972,2815900000
israel,1973,3367400000
israel,1974,4516000000
israel,1975,4169300000
israel,1976,4471400000
israel,1977,4527600000
israel,1978,4245800000
israel,1979,5049900000
israel,1980,5572700000
israel,1981,6713600000
israel,1982,7293800000
israel,1983,8027400000
israel,1984,7810800000
israel,1985,6456200000
israel,1986,7649500000
israel,1987,9750900000
israel,1988,11707000000
israel,1989,12174000000
israel,1990,14230000000
israel,1991,16217000000
israel,1992,18223000000
israel,1993,18125000000
israel,1994,19933000000
israel,1995,22514000000
israel,1996,25070000000
israel,1997,26167000000
israel,1998,25781000000
israel,1999,25392000000
israel,2000,28939000000
israel,2001,26470000000
israel,2002,23790000000
israel,2003,24453000000
israel,2004,25689000000
israel,2005,27562000000
israel,2006,30459000000
israel,2007,36085000000
israel,2008,42441000000
israel,2009,38959000000
israel,2010,44262000000
israel,2011,48872000000
israel,2012,49246000000
israel,2013,53718000000
israel,2014,54551000000
israel,2015,53817000000
israel,2016,54430000000
israel,2017,58837000000
israel,2018,63253000000
israel,2019,67228000000
israel,2020,67105000000
israel,2021,75521000000
israel,2022,86065000000
italy,1970,37253000000
italy,1971,40084000000
italy,1972,45944000000
italy,1973,57956000000
italy,1974,69325000000
italy,1975,76945000000
italy,1976,77727000000
italy,1977,87558000000
italy,1978,104000000000
italy,1979,131000000000
italy,1980,159000000000
italy,1981,142000000000
italy,1982,135000000000
italy,1983,133000000000
italy,1984,130000000000
italy,1985,132000000000
italy,1986,181000000000
italy,1987,223000000000
italy,1988,243000000000
italy,1989,255000000000
italy,1990,310000000000
italy,1991,315000000000
italy,1992,326000000000
italy,1993,259000000000
italy,1994,266000000000
italy,1995,285000000000
italy,1996,313000000000
italy,1997,292000000000
italy,1998,294000000000
italy,1999,283000000000
italy,2000,256000000000
italy,2001,259000000000
italy,2002,280000000000
italy,2003,338000000000
italy,2004,386000000000
italy,2005,395000000000
italy,2006,415000000000
italy,2007,479000000000
italy,2008,511000000000
italy,2009,425000000000
italy,2010,418000000000
italy,2011,448000000000
italy,2012,396000000000
italy,2013,401000000000
italy,2014,396000000000
italy,2015,341000000000
italy,2016,354000000000
italy,2017,372000000000
italy,2018,399000000000
italy,2019,381000000000
italy,2020,356000000000
italy,2021,420000000000
italy,2022,387000000000
jamaica,1970,541300000
jamaica,1971,554300000
jamaica,1972,626640000
jamaica,1973,633510000
jamaica,1974,821710000
jamaica,1975,943520000
jamaica,1976,974410000
jamaica,1977,1084700000
jamaica,1978,943240000
jamaica,1979,887510000
jamaica,1980,939170000
jamaica,1981,955500000
jamaica,1982,985970000
jamaica,1983,1109000000
jamaica,1984,770770000
jamaica,1985,645900000
jamaica,1986,855520000
jamaica,1987,1037100000
jamaica,1988,1289200000
jamaica,1989,1535600000
jamaica,1990,1601400000
jamaica,1991,1449100000
jamaica,1992,1255200000
jamaica,1993,1395600000
jamaica,1994,1394600000
jamaica,1995,1625500000
jamaica,1996,1692700000
jamaica,1997,1834000000
jamaica,1998,1796400000
jamaica,1999,1803100000
jamaica,2000,1778900000
jamaica,2001,1790000000
jamaica,2002,1792000000
jamaica,2003,1755100000
jamaica,2004,1969800000
jamaica,2005,2113900000
jamaica,2006,2179700000
jamaica,2007,2374300000
jamaica,2008,2284600000
jamaica,2009,1862300000
jamaica,2010,2002400000
jamaica,2011,2226700000
jamaica,2012,2269200000
jamaica,2013,2199700000
jamaica,2014,2163800000
jamaica,2015,2333700000
jamaica,2016,2291100000
jamaica,2017,2458100000
jamaica,2018,2750200000
jamaica,2019,2589000000
jamaica,2020,2365000000
jamaica,2021,2582400000
jamaica,2022,2825300000
japan,1970,90149000000
japan,1971,101000000000
japan,1972,132000000000
japan,1973,183000000000
japan,1974,196000000000
japan,1975,199000000000
japan,1976,224000000000
japan,1977,266000000000
japan,1978,376000000000
japan,1979,392000000000
japan,1980,409000000000
japan,1981,450000000000
japan,1982,412000000000
japan,1983,438000000000
japan,1984,470000000000
japan,1985,500000000000
japan,1986,726000000000
japan,1987,880000000000
japan,1988,1080000000000
japan,1989,1090000000000
japan,1990,1130000000000
japan,1991,1280000000000
japan,1992,1350000000000
japan,1993,1480000000000
japan,1994,1580000000000
japan,1995,1730000000000
japan,1996,1540000000000
japan,1997,1380000000000
japan,1998,1230000000000
japan,1999,1370000000000
japan,2000,1450000000000
japan,2001,1210000000000
japan,2002,1130000000000
japan,2003,1210000000000
japan,2004,1310000000000
japan,2005,1300000000000
japan,2006,1240000000000
japan,2007,1240000000000
japan,2008,1340000000000
japan,2009,1280000000000
japan,2010,1470000000000
japan,2011,1520000000000
japan,2012,1530000000000
japan,2013,1270000000000
japan,2014,1210000000000
japan,2015,1140000000000
japan,2016,1290000000000
japan,2017,1280000000000
japan,2018,1320000000000
japan,2019,1320000000000
japan,2020,1300000000000
japan,2021,1300000000000
japan,2022,1090000000000
jordan,1965,106130000
jordan,1966,121250000
jordan,1967,96332000
jordan,1968,120970000
jordan,1969,131340000
jordan,1970,102740000
jordan,1971,101050000
jordan,1972,120690000
jordan,1973,174630000
jordan,1974,170390000
jordan,1975,248440000
jordan,1976,273210000
jordan,1977,348480000
jordan,1978,494860000
jordan,1979,681570000
jordan,1980,944770000
jordan,1981,1131800000
jordan,1982,1166400000
jordan,1983,1192800000
jordan,1984,1219600000
jordan,1985,1145800000
jordan,1986,1597400000
jordan,1987,1666100000
jordan,1988,1415500000
jordan,1989,1029200000
jordan,1990,1112200000
jordan,1991,1078200000
jordan,1992,1115400000
jordan,1993,1141500000
jordan,1994,1375800000
jordan,1995,1456200000
jordan,1996,1334200000
jordan,1997,1422400000
jordan,1998,1590900000
jordan,1999,1615900000
jordan,2000,1705700000
jordan,2001,1808300000
jordan,2002,2067100000
jordan,2003,2244000000
jordan,2004,2711500000
jordan,2005,3010600000
jordan,2006,3683900000
jordan,2007,4669000000
jordan,2008,6438700000
jordan,2009,6458600000
jordan,2010,6738400000
jordan,2011,7497200000
jordan,2012,7720800000
jordan,2013,8341100000
jordan,2014,8847100000
jordan,2015,9121500000
jordan,2016,9107600000
jordan,2017,9473200000
jordan,2018,9739700000
jordan,2019,10016000000
jordan,2020,9588700000
jordan,2021,10080000000
jordan,2022,10859000000
kazakhstan,1992,7375500000
kazakhstan,1993,6887500000
kazakhstan,1994,6439200000
kazakhstan,1995,5434800000
kazakhstan,1996,4972100000
kazakhstan,1997,5268100000
kazakhstan,1998,5503400000
kazakhstan,1999,4936500000
kazakhstan,2000,6350300000
kazakhstan,2001,7386000000
kazakhstan,2002,8119000000
kazakhstan,2003,9959100000
kazakhstan,2004,14239000000
kazakhstan,2005,20378000000
kazakhstan,2006,30422000000
kazakhstan,2007,37735000000
kazakhstan,2008,51475000000
kazakhstan,2009,42217000000
kazakhstan,2010,57002000000
kazakhstan,2011,67869000000
kazakhstan,2012,71363000000
kazakhstan,2013,75274000000
kazakhstan,2014,69393000000
kazakhstan,2015,53305000000
kazakhstan,2016,41292000000
kazakhstan,2017,50714000000
kazakhstan,2018,56732000000
kazakhstan,2019,56999000000
kazakhstan,2020,53559000000
kazakhstan,2021,65923000000
kazakhstan,2022,75180000000
kenya,1961,135900000
kenya,1962,133940000
kenya,1963,129530000
kenya,1964,154530000
kenya,1965,166320000
kenya,1966,189590000
kenya,1967,215290000
kenya,1968,239010000
kenya,1969,263140000
kenya,1970,589870000
kenya,1971,694810000
kenya,1972,783140000
kenya,1973,972150000
kenya,1974,1149400000
kenya,1975,1199600000
kenya,1976,1172600000
kenya,1977,1477000000
kenya,1978,1909000000
kenya,1979,2281900000
kenya,1980,2733100000
kenya,1981,2489100000
kenya,1982,2332800000
kenya,1983,2083900000
kenya,1984,2146200000
kenya,1985,2136700000
kenya,1986,2491600000
kenya,1987,2675000000
kenya,1988,2922400000
kenya,1989,2810500000
kenya,1990,2958900000
kenya,1991,2931400000
kenya,1992,2693700000
kenya,1993,1718900000
kenya,1994,2195400000
kenya,1995,2569300000
kenya,1996,2774700000
kenya,1997,2940200000
kenya,1998,3065700000
kenya,1999,2722400000
kenya,2000,2718000000
kenya,2001,2758000000
kenya,2002,2807000000
kenya,2003,3201900000
kenya,2004,3616000000
kenya,2005,4421000000
kenya,2006,5209200000
kenya,2007,6547200000
kenya,2008,6973400000
kenya,2009,6681300000
kenya,2010,7304700000
kenya,2011,8066100000
kenya,2012,9434800000
kenya,2013,10240000000
kenya,2014,11207000000
kenya,2015,11431000000
kenya,2016,11609000000
kenya,2017,12270000000
kenya,2018,13819000000
kenya,2019,14831000000
kenya,2020,15414000000
kenya,2021,16664000000
kenya,2022,17990000000
kiribati,1970,8660200
kiribati,1971,7628600
kiribati,1972,6797700
kiribati,1973,9396900
kiribati,1974,15823000
kiribati,1975,11753000
kiribati,1976,6985100
kiribati,1977,5535800
kiribati,1978,6029700
kiribati,1979,4568900
kiribati,1980,4672700
kiribati,1981,4949200
kiribati,1982,4347600
kiribati,1983,3747700
kiribati,1984,3709400
kiribati,1985,3240200
kiribati,1986,3463800
kiribati,1987,3555800
kiribati,1988,3699900
kiribati,1989,4044300
kiribati,1990,4060900
kiribati,1991,9921400
kiribati,1992,8615400
kiribati,1993,8291200
kiribati,1994,9023900
kiribati,1995,7899600
kiribati,1996,8096300
kiribati,1997,7317200
kiribati,1998,8942000
kiribati,1999,9655800
kiribati,2000,9013500
kiribati,2001,7848000
kiribati,2002,7762100
kiribati,2003,8050900
kiribati,2004,8330000
kiribati,2005,9222500
kiribati,2006,10592000
kiribati,2007,13484000
kiribati,2008,13573000
kiribati,2009,12217000
kiribati,2010,16669000
kiribati,2011,21555000
kiribati,2012,24278000
kiribati,2013,25544000
kiribati,2014,24150000
kiribati,2015,24274000
kiribati,2016,24626000
kiribati,2017,21774000
kiribati,2018,19162000
kiribati,2019,14767000
kiribati,2020,15401000
kiribati,2021,22847000
kiribati,2022,20229000
kuwait,1970,1932000000
kuwait,1971,2794200000
kuwait,1972,3091700000
kuwait,1973,3769700000
kuwait,1974,11100000000
kuwait,1975,9405800000
kuwait,1976,9839700000
kuwait,1977,10057000000
kuwait,1978,10852000000
kuwait,1979,18819000000
kuwait,1980,21436000000
kuwait,1981,17214000000
kuwait,1982,11604000000
kuwait,1983,12577000000
kuwait,1984,13436000000
kuwait,1985,12725000000
kuwait,1986,8451600000
kuwait,1987,11738000000
kuwait,1988,9465000000
kuwait,1989,13326000000
kuwait,1990,9762400000
kuwait,1991,2395600000
kuwait,1992,8641900000
kuwait,1993,12633000000
kuwait,1994,12975000000
kuwait,1995,14307000000
kuwait,1996,18278000000
kuwait,1997,16769000000
kuwait,1998,11527000000
kuwait,1999,15058000000
kuwait,2000,21513000000
kuwait,2001,18025000000
kuwait,2002,18564000000
kuwait,2003,24465000000
kuwait,2004,32922000000
kuwait,2005,49366000000
kuwait,2006,64330000000
kuwait,2007,68586000000
kuwait,2008,96582000000
kuwait,2009,59783000000
kuwait,2010,73938000000
kuwait,2011,109000000000
kuwait,2012,127000000000
kuwait,2013,124000000000
kuwait,2014,111000000000
kuwait,2015,60738000000
kuwait,2016,53627000000
kuwait,2017,63641000000
kuwait,2018,79768000000
kuwait,2019,75987000000
kuwait,2020,45716000000
kuwait,2021,71742000000
kuwait,2022,88362000000
kyrgyzstan,1992,793210000
kyrgyzstan,1993,579920000
kyrgyzstan,1994,371610000
kyrgyzstan,1995,272610000
kyrgyzstan,1996,312640000
kyrgyzstan,1997,372640000
kyrgyzstan,1998,342590000
kyrgyzstan,1999,309670000
kyrgyzstan,2000,311360000
kyrgyzstan,2001,333230000
kyrgyzstan,2002,271070000
kyrgyzstan,2003,319120000
kyrgyzstan,2004,405860000
kyrgyzstan,2005,394520000
kyrgyzstan,2006,397770000
kyrgyzstan,2007,528260000
kyrgyzstan,2008,973300000
kyrgyzstan,2009,1003100000
kyrgyzstan,2010,1103200000
kyrgyzstan,2011,1484300000
kyrgyzstan,2012,1284300000
kyrgyzstan,2013,1673000000
kyrgyzstan,2014,1625200000
kyrgyzstan,2015,1549000000
kyrgyzstan,2016,1665600000
kyrgyzstan,2017,1889900000
kyrgyzstan,2018,2010700000
kyrgyzstan,2019,2311100000
kyrgyzstan,2020,1991700000
kyrgyzstan,2021,2065400000
kyrgyzstan,2022,2441100000
lao_people_s_democratic_republic,1970,10837000
lao_people_s_democratic_republic,1971,11953000
lao_people_s_democratic_republic,1972,12902000
lao_people_s_democratic_republic,1973,14807000
lao_people_s_democratic_republic,1974,16745000
lao_people_s_democratic_republic,1975,19441000
lao_people_s_democratic_republic,1976,21140000
lao_people_s_democratic_republic,1977,22050000
lao_people_s_democratic_republic,1978,23904000
lao_people_s_democratic_republic,1979,25455000
lao_people_s_democratic_republic,1980,29658000
lao_people_s_democratic_republic,1981,38435000
lao_people_s_democratic_republic,1982,43990000
lao_people_s_democratic_republic,1983,48198000
lao_people_s_democratic_republic,1984,53813000
lao_people_s_democratic_republic,1985,47532000
lao_people_s_democratic_republic,1986,69136000
lao_people_s_democratic_republic,1987,64293000
lao_people_s_democratic_republic,1988,65867000
lao_people_s_democratic_republic,1989,77989000
lao_people_s_democratic_republic,1990,90707000
lao_people_s_democratic_republic,1991,115350000
lao_people_s_democratic_republic,1992,134830000
lao_people_s_democratic_republic,1993,161260000
lao_people_s_democratic_republic,1994,198040000
lao_people_s_democratic_republic,1995,234140000
lao_people_s_democratic_republic,1996,267720000
lao_people_s_democratic_republic,1997,388690000
lao_people_s_democratic_republic,1998,181580000
lao_people_s_democratic_republic,1999,201410000
lao_people_s_democratic_republic,2000,226500000
lao_people_s_democratic_republic,2001,241450000
lao_people_s_democratic_republic,2002,253620000
lao_people_s_democratic_republic,2003,321670000
lao_people_s_democratic_republic,2004,367620000
lao_people_s_democratic_republic,2005,486640000
lao_people_s_democratic_republic,2006,742680000
lao_people_s_democratic_republic,2007,931220000
lao_people_s_democratic_republic,2008,1149700000
lao_people_s_democratic_republic,2009,1193100000
lao_people_s_democratic_republic,2010,1549300000
lao_people_s_democratic_republic,2011,1966400000
lao_people_s_democratic_republic,2012,2619200000
lao_people_s_democratic_republic,2013,2747200000
lao_people_s_democratic_republic,2014,2932800000
lao_people_s_democratic_republic,2015,2968200000
lao_people_s_democratic_republic,2016,3132500000
lao_people_s_democratic_republic,2017,3432900000
lao_people_s_democratic_republic,2018,3706300000
lao_people_s_democratic_republic,2019,3993800000
lao_people_s_democratic_republic,2020,4116100000
lao_people_s_democratic_republic,2021,4177500000
lao_people_s_democratic_republic,2022,2051000000
latvia,1992,1806800000
latvia,1993,1259400000
latvia,1994,1204700000
latvia,1995,1187200000
latvia,1996,1271200000
latvia,1997,1477600000
latvia,1998,1479000000
latvia,1999,1507800000
latvia,2000,1588400000
latvia,2001,1613300000
latvia,2002,1853700000
latvia,2003,2134700000
latvia,2004,2646500000
latvia,2005,3005800000
latvia,2006,3966200000
latvia,2007,5993300000
latvia,2008,6829600000
latvia,2009,4538100000
latvia,2010,3990700000
latvia,2011,4762000000
latvia,2012,4829800000
latvia,2013,5146600000
latvia,2014,5138200000
latvia,2015,4424200000
latvia,2016,4282200000
latvia,2017,4883200000
latvia,2018,5689200000
latvia,2019,5723400000
latvia,2020,5883400000
latvia,2021,6882000000
latvia,2022,7278900000
lebanon,1970,266230000
lebanon,1971,303090000
lebanon,1972,380600000
lebanon,1973,504500000
lebanon,1974,627380000
lebanon,1975,570190000
lebanon,1976,288040000
lebanon,1977,432110000
lebanon,1978,481270000
lebanon,1979,556180000
lebanon,1980,614420000
lebanon,1981,630120000
lebanon,1982,429720000
lebanon,1983,455430000
lebanon,1984,319780000
lebanon,1985,275440000
lebanon,1986,339870000
lebanon,1987,263760000
lebanon,1988,431070000
lebanon,1989,341800000
lebanon,1990,356960000
lebanon,1991,500490000
lebanon,1992,916110000
lebanon,1993,1336700000
lebanon,1994,1554400000
lebanon,1995,1925100000
lebanon,1996,2027100000
lebanon,1997,2064300000
lebanon,1998,2316900000
lebanon,1999,2109100000
lebanon,2000,1936700000
lebanon,2001,2025100000
lebanon,2002,2077300000
lebanon,2003,2207900000
lebanon,2004,2350100000
lebanon,2005,2461500000
lebanon,2006,2483100000
lebanon,2007,2939400000
lebanon,2008,3800600000
lebanon,2009,4615300000
lebanon,2010,4486500000
lebanon,2011,5012300000
lebanon,2012,5897400000
lebanon,2013,6648100000
lebanon,2014,6721100000
lebanon,2015,6694500000
lebanon,2016,6995000000
lebanon,2017,6787000000
lebanon,2018,6260600000
lebanon,2019,5097700000
lebanon,2020,6022300000
lebanon,2021,2777800000
lebanon,2022,4481800000
lesotho,1963,1112600
lesotho,1964,1907200
lesotho,1965,2860800
lesotho,1966,3814500
lesotho,1967,6993300
lesotho,1968,6357400
lesotho,1969,7470100
lesotho,1970,5326300
lesotho,1971,5698800
lesotho,1972,6271900
lesotho,1973,9611100
lesotho,1974,13090000
lesotho,1975,13517000
lesotho,1976,16406000
lesotho,1977,17586000
lesotho,1978,38352000
lesotho,1979,48338000
lesotho,1980,61385000
lesotho,1981,55731000
lesotho,1982,56642000
lesotho,1983,47613000
lesotho,1984,42716000
lesotho,1985,35423000
lesotho,1986,40609000
lesotho,1987,58563000
lesotho,1988,73642000
lesotho,1989,83952000
lesotho,1990,113330000
lesotho,1991,157570000
lesotho,1992,199060000
lesotho,1993,216560000
lesotho,1994,234710000
lesotho,1995,247930000
lesotho,1996,258310000
lesotho,1997,248410000
lesotho,1998,228720000
lesotho,1999,227990000
lesotho,2000,248640000
lesotho,2001,250650000
lesotho,2002,239710000
lesotho,2003,336940000
lesotho,2004,418560000
lesotho,2005,449710000
lesotho,2006,510110000
lesotho,2007,559720000
lesotho,2008,629120000
lesotho,2009,491950000
lesotho,2010,574540000
lesotho,2011,711810000
lesotho,2012,621550000
lesotho,2013,555000000
lesotho,2014,657040000
lesotho,2015,675800000
lesotho,2016,541680000
lesotho,2017,537230000
lesotho,2018,673610000
lesotho,2019,612110000
lesotho,2020,533770000
lesotho,2021,659670000
lesotho,2022,583770000
liberia,1964,81885000
liberia,1965,91107000
liberia,1966,97767000
liberia,1967,107840000
liberia,1968,112110000
liberia,1969,123890000
liberia,1970,115800000
liberia,1971,123090000
liberia,1972,139860000
liberia,1973,170750000
liberia,1974,219310000
liberia,1975,302850000
liberia,1976,271020000
liberia,1977,253070000
liberia,1978,238690000
liberia,1979,285400000
liberia,1980,267760000
liberia,1981,231850000
liberia,1982,260310000
liberia,1983,227060000
liberia,1984,211960000
liberia,1985,229810000
liberia,1986,211350000
liberia,1987,215020000
liberia,1988,228690000
liberia,1989,254030000
liberia,1990,87741000
liberia,1991,79412000
liberia,1992,46814000
liberia,1993,32310000
liberia,1994,24700000
liberia,1995,9334100
liberia,1996,7532100
liberia,1997,8143100
liberia,1998,9009300
liberia,1999,1409100
liberia,2000,3648000
liberia,2001,41699000
liberia,2002,46120000
liberia,2003,28647000
liberia,2004,52840000
liberia,2005,52300000
liberia,2006,68000000
liberia,2007,79000000
liberia,2008,94000000
liberia,2009,107000000
liberia,2010,118000000
liberia,2011,121000000
liberia,2012,156000000
liberia,2013,203000000
liberia,2014,263000000
liberia,2015,228720000
liberia,2016,180480000
liberia,2017,197600000
liberia,2018,214810000
liberia,2019,193960000
liberia,2020,182160000
liberia,2021,208340000
liberia,2022,242320000
libya,1970,2639500000
libya,1971,3061300000
libya,1972,3524700000
libya,1973,4880500000
libya,1974,9731900000
libya,1975,8475900000
libya,1976,11571000000
libya,1977,13808000000
libya,1978,12542000000
libya,1979,18875000000
libya,1980,26610000000
libya,1981,20209000000
libya,1982,19485000000
libya,1983,18119000000
libya,1984,14668000000
libya,1985,15829000000
libya,1986,10853000000
libya,1987,10308000000
libya,1988,10384000000
libya,1989,10968000000
libya,1990,12649000000
libya,1991,14067000000
libya,1992,14969000000
libya,1993,13173000000
libya,1994,12338000000
libya,1995,11725000000
libya,1996,13093000000
libya,1997,13947000000
libya,1998,10264000000
libya,1999,13330000000
libya,2000,18440000000
libya,2001,16053000000
libya,2002,13901000000
libya,2003,18737000000
libya,2004,26687000000
libya,2005,40124000000
libya,2006,51347000000
libya,2007,56780000000
libya,2008,73381000000
libya,2009,43716000000
libya,2010,56155000000
libya,2011,25025000000
libya,2012,66682000000
libya,2013,47504000000
libya,2014,25191000000
libya,2015,15361000000
libya,2016,11471000000
libya,2017,24656000000
libya,2018,36540000000
libya,2019,31936000000
libya,2020,20373000000
libya,2021,17846000000
libya,2022,18290000000
liechtenstein,1970,32193000
liechtenstein,1971,37482000
liechtenstein,1972,44652000
liechtenstein,1973,59987000
liechtenstein,1974,72258000
liechtenstein,1975,83189000
liechtenstein,1976,93619000
liechtenstein,1977,109730000
liechtenstein,1978,152150000
liechtenstein,1979,180850000
liechtenstein,1980,202650000
liechtenstein,1981,175890000
liechtenstein,1982,176030000
liechtenstein,1983,176200000
liechtenstein,1984,172880000
liechtenstein,1985,186970000
liechtenstein,1986,278260000
liechtenstein,1987,351880000
liechtenstein,1988,394940000
liechtenstein,1989,393160000
liechtenstein,1990,474040000
liechtenstein,1991,499080000
liechtenstein,1992,517900000
liechtenstein,1993,500890000
liechtenstein,1994,568990000
liechtenstein,1995,674820000
liechtenstein,1996,648780000
liechtenstein,1997,590110000
liechtenstein,1998,1158000000
liechtenstein,1999,1122300000
liechtenstein,2000,1021300000
liechtenstein,2001,1087400000
liechtenstein,2002,1201800000
liechtenstein,2003,1392500000
liechtenstein,2004,1545600000
liechtenstein,2005,1627500000
liechtenstein,2006,1738600000
liechtenstein,2007,1945500000
liechtenstein,2008,2253800000
liechtenstein,2009,2068700000
liechtenstein,2010,2241100000
liechtenstein,2011,2730900000
liechtenstein,2012,2560700000
liechtenstein,2013,2648000000
liechtenstein,2014,2702200000
liechtenstein,2015,2530100000
liechtenstein,2016,2542200000
liechtenstein,2017,2781500000
liechtenstein,2018,2719300000
liechtenstein,2019,2771100000
liechtenstein,2020,2492300000
liechtenstein,2021,3005200000
liechtenstein,2022,3127400000
lithuania,1992,2558400000
lithuania,1993,2159900000
lithuania,1994,1720400000
lithuania,1995,1567000000
lithuania,1996,1905500000
lithuania,1997,2327500000
lithuania,1998,2624000000
lithuania,1999,2437000000
lithuania,2000,2619700000
lithuania,2001,2838100000
lithuania,2002,3202300000
lithuania,2003,4400000000
lithuania,2004,5721300000
lithuania,2005,6736100000
lithuania,2006,8023400000
lithuania,2007,10465000000
lithuania,2008,12520000000
lithuania,2009,7983000000
lithuania,2010,8360200000
lithuania,2011,10735000000
lithuania,2012,10560000000
lithuania,2013,11187000000
lithuania,2014,11868000000
lithuania,2015,10007000000
lithuania,2016,9974700000
lithuania,2017,11104000000
lithuania,2018,12458000000
lithuania,2019,12544000000
lithuania,2020,12732000000
lithuania,2021,15030000000
lithuania,2022,16173000000
luxembourg,1970,543820000
luxembourg,1971,513950000
luxembourg,1972,632960000
luxembourg,1973,891690000
luxembourg,1974,1156500000
luxembourg,1975,893300000
luxembourg,1976,1008000000
luxembourg,1977,1021100000
luxembourg,1978,1273000000
luxembourg,1979,1489200000
luxembourg,1980,1583500000
luxembourg,1981,1286900000
luxembourg,1982,1176900000
luxembourg,1983,1122700000
luxembourg,1984,1114900000
luxembourg,1985,1127600000
luxembourg,1986,1656300000
luxembourg,1987,1912700000
luxembourg,1988,2222000000
luxembourg,1989,2425300000
luxembourg,1990,2928000000
luxembourg,1991,2859000000
luxembourg,1992,3112300000
luxembourg,1993,2945800000
luxembourg,1994,3189400000
luxembourg,1995,3740700000
luxembourg,1996,3520100000
luxembourg,1997,3284300000
luxembourg,1998,3458800000
luxembourg,1999,3430100000
luxembourg,2000,3225900000
luxembourg,2001,3169700000
luxembourg,2002,3439500000
luxembourg,2003,4328800000
luxembourg,2004,4862400000
luxembourg,2005,4879300000
luxembourg,2006,5176400000
luxembourg,2007,6781300000
luxembourg,2008,6825800000
luxembourg,2009,5230000000
luxembourg,2010,5489000000
luxembourg,2011,5892800000
luxembourg,2012,5589300000
luxembourg,2013,6050100000
luxembourg,2014,6578000000
luxembourg,2015,6189500000
luxembourg,2016,6730200000
luxembourg,2017,6347800000
luxembourg,2018,6986500000
luxembourg,2019,7293000000
luxembourg,2020,7484300000
luxembourg,2021,8267600000
luxembourg,2022,7419800000
madagascar,1966,115430000
madagascar,1967,124950000
madagascar,1968,136850000
madagascar,1969,144030000
madagascar,1970,168960000
madagascar,1971,181090000
madagascar,1972,211670000
madagascar,1973,275500000
madagascar,1974,282650000
madagascar,1975,336020000
madagascar,1976,325280000
madagascar,1977,373250000
madagascar,1978,423090000
madagascar,1979,549040000
madagascar,1980,600100000
madagascar,1981,470350000
madagascar,1982,437190000
madagascar,1983,439330000
madagascar,1984,378370000
madagascar,1985,379300000
madagascar,1986,421880000
madagascar,1987,343330000
madagascar,1988,318930000
madagascar,1989,375930000
madagascar,1990,448810000
madagascar,1991,394710000
madagascar,1992,429890000
madagascar,1993,487000000
madagascar,1994,419830000
madagascar,1995,453330000
madagascar,1996,556280000
madagascar,1997,463240000
madagascar,1998,502000000
madagascar,1999,487680000
madagascar,2000,559830000
madagascar,2001,685950000
madagascar,2002,671930000
madagascar,2003,879690000
madagascar,2004,761040000
madagascar,2005,929330000
madagascar,2006,1123800000
madagascar,2007,1526400000
madagascar,2008,2082300000
madagascar,2009,1706400000
madagascar,2010,1676600000
madagascar,2011,1942300000
madagascar,2012,1881600000
madagascar,2013,2116700000
madagascar,2014,2316200000
madagascar,2015,2041500000
madagascar,2016,2192200000
madagascar,2017,2533700000
madagascar,2018,2848400000
madagascar,2019,3056300000
madagascar,2020,2434100000
madagascar,2021,3051600000
madagascar,2022,3230200000
malawi,1961,17640000
malawi,1962,17780000
malawi,1963,16940000
malawi,1964,24080000
malawi,1965,29260000
malawi,1966,36820000
malawi,1967,39768000
malawi,1968,38520000
malawi,1969,41760000
malawi,1970,115730000
malawi,1971,136700000
malawi,1972,178230000
malawi,1973,200790000
malawi,1974,258930000
malawi,1975,308560000
malawi,1976,329800000
malawi,1977,367520000
malawi,1978,514180000
malawi,1979,478280000
malawi,1980,759100000
malawi,1981,630240000
malawi,1982,519560000
malawi,1983,444870000
malawi,1984,494370000
malawi,1985,460270000
malawi,1986,519910000
malawi,1987,595440000
malawi,1988,618810000
malawi,1989,703840000
malawi,1990,871060000
malawi,1991,1005400000
malawi,1992,955970000
malawi,1993,848220000
malawi,1994,451390000
malawi,1995,480010000
malawi,1996,572130000
malawi,1997,565900000
malawi,1998,583310000
malawi,1999,579630000
malawi,2000,549690000
malawi,2001,502400000
malawi,2002,549670000
malawi,2003,544580000
malawi,2004,505700000
malawi,2005,505790000
malawi,2006,616530000
malawi,2007,751730000
malawi,2008,785630000
malawi,2009,865990000
malawi,2010,968260000
malawi,2011,1205600000
malawi,2012,893220000
malawi,2013,875480000
malawi,2014,1051200000
malawi,2015,1222400000
malawi,2016,1074700000
malawi,2017,1345100000
malawi,2018,1518900000
malawi,2019,1707900000
malawi,2020,1873100000
malawi,2021,1950700000
malawi,2022,1817400000
malaysia,1961,515400000
malaysia,1962,616100000
malaysia,1963,677460000
malaysia,1964,786820000
malaysia,1965,875960000
malaysia,1966,931910000
malaysia,1967,934800000
malaysia,1968,929380000
malaysia,1969,1070100000
malaysia,1970,979540000
malaysia,1971,1055000000
malaysia,1972,1500800000
malaysia,1973,2030800000
malaysia,1974,3244600000
malaysia,1975,3214800000
malaysia,1976,3926100000
malaysia,1977,4807900000
malaysia,1978,5471400000
malaysia,1979,7997000000
malaysia,1980,9744900000
malaysia,1981,9714300000
malaysia,1982,9719400000
malaysia,1983,11706000000
malaysia,1984,12356000000
malaysia,1985,11349000000
malaysia,1986,10080000000
malaysia,1987,11554000000
malaysia,1988,12651000000
malaysia,1989,14515000000
malaysia,1990,17600000000
malaysia,1991,19704000000
malaysia,1992,23045000000
malaysia,1993,25148000000
malaysia,1994,27972000000
malaysia,1995,34457000000
malaysia,1996,41291000000
malaysia,1997,41903000000
malaysia,1998,29326000000
malaysia,1999,34240000000
malaysia,2000,42523000000
malaysia,2001,39900000000
malaysia,2002,42347000000
malaysia,2003,48013000000
malaysia,2004,56933000000
malaysia,2005,62838000000
malaysia,2006,71621000000
malaysia,2007,81707000000
malaysia,2008,99055000000
malaysia,2009,77795000000
malaysia,2010,96396000000
malaysia,2011,111000000000
malaysia,2012,118000000000
malaysia,2013,120000000000
malaysia,2014,126000000000
malaysia,2015,108000000000
malaysia,2016,105000000000
malaysia,2017,113000000000
malaysia,2018,128000000000
malaysia,2019,127000000000
malaysia,2020,112000000000
malaysia,2021,131000000000
malaysia,2022,149000000000
maldives,1970,2403500
maldives,1971,2509000
maldives,1972,2858700
maldives,1973,3729600
maldives,1974,5128900
maldives,1975,3428300
maldives,1976,1722300
maldives,1977,2082000
maldives,1978,3800100
maldives,1979,7053800
maldives,1980,7785600
maldives,1981,6783900
maldives,1982,10848000
maldives,1983,10601000
maldives,1984,10751000
maldives,1985,11647000
maldives,1986,12791000
maldives,1987,12849000
maldives,1988,15469000
maldives,1989,17572000
maldives,1990,20097000
maldives,1991,23308000
maldives,1992,28029000
maldives,1993,32375000
maldives,1994,35562000
maldives,1995,43820000
maldives,1996,44194000
maldives,1997,56496000
maldives,1998,67464000
maldives,1999,78084000
maldives,2000,75458000
maldives,2001,87895000
maldives,2002,92055000
maldives,2003,110370000
maldives,2004,114750000
maldives,2005,112720000
maldives,2006,123620000
maldives,2007,134750000
maldives,2008,222470000
maldives,2009,183970000
maldives,2010,195160000
maldives,2011,231440000
maldives,2012,233520000
maldives,2013,213350000
maldives,2014,253860000
maldives,2015,373570000
maldives,2016,418440000
maldives,2017,461170000
maldives,2018,592770000
maldives,2019,575720000
maldives,2020,344870000
maldives,2021,375820000
maldives,2022,499460000
mali,1967,24289000
mali,1968,35563000
mali,1969,34152000
mali,1970,31324000
mali,1971,38775000
mali,1972,47040000
mali,1973,55665000
mali,1974,55698000
mali,1975,70493000
mali,1976,74537000
mali,1977,82847000
mali,1978,94491000
mali,1979,109380000
mali,1980,200490000
mali,1981,167840000
mali,1982,130750000
mali,1983,129600000
mali,1984,157830000
mali,1985,170510000
mali,1986,233540000
mali,1987,287660000
mali,1988,290110000
mali,1989,294990000
mali,1990,377380000
mali,1991,445830000
mali,1992,452860000
mali,1993,439450000
mali,1994,308830000
mali,1995,452560000
mali,1996,487670000
mali,1997,495130000
mali,1998,582950000
mali,1999,598540000
mali,2000,620710000
mali,2001,767690000
mali,2002,850800000
mali,2003,1043100000
mali,2004,1203200000
mali,2005,1411600000
mali,2006,1774500000
mali,2007,1944600000
mali,2008,2183600000
mali,2009,2485100000
mali,2010,2448300000
mali,2011,2686900000
mali,2012,2516100000
mali,2013,2299500000
mali,2014,2664200000
mali,2015,2326500000
mali,2016,2532700000
mali,2017,2925000000
mali,2018,3481600000
mali,2019,3643000000
mali,2020,3715300000
mali,2021,3985800000
mali,2022,3765000000
malta,1970,74900000
malta,1971,70953000
malta,1972,83151000
malta,1973,99294000
malta,1974,122650000
malta,1975,173870000
malta,1976,196080000
malta,1977,227570000
malta,1978,286910000
malta,1979,363580000
malta,1980,435610000
malta,1981,412680000
malta,1982,429060000
malta,1983,396970000
malta,1984,365230000
malta,1985,368640000
malta,1986,450150000
malta,1987,530420000
malta,1988,587040000
malta,1989,612860000
malta,1990,714620000
malta,1991,765490000
malta,1992,779390000
malta,1993,679840000
malta,1994,790350000
malta,1995,903960000
malta,1996,898640000
malta,1997,855420000
malta,1998,919220000
malta,1999,914000000
malta,2000,1003800000
malta,2001,879250000
malta,2002,1001300000
malta,2003,1240300000
malta,2004,1252000000
malta,2005,1253600000
malta,2006,1227500000
malta,2007,1311900000
malta,2008,1598300000
malta,2009,1314300000
malta,2010,1392800000
malta,2011,1454800000
malta,2012,1377100000
malta,2013,1398100000
malta,2014,1365700000
malta,2015,1181300000
malta,2016,1207400000
malta,2017,1385000000
malta,2018,1594800000
malta,2019,1755700000
malta,2020,1829200000
malta,2021,2003900000
malta,2022,2008400000
marshall_islands,1970,1016300
marshall_islands,1971,1101900
marshall_islands,1972,1205500
marshall_islands,1973,1402900
marshall_islands,1974,1839300
marshall_islands,1975,2017400
marshall_islands,1976,2194100
marshall_islands,1977,2442800
marshall_islands,1978,2684300
marshall_islands,1979,3087400
marshall_islands,1980,3228900
marshall_islands,1981,3748700
marshall_islands,1982,4219900
marshall_islands,1983,5049900
marshall_islands,1984,5450300
marshall_islands,1985,5303500
marshall_islands,1986,6790400
marshall_islands,1987,7561000
marshall_islands,1988,8572100
marshall_islands,1989,8919800
marshall_islands,1990,9130600
marshall_islands,1991,10307000
marshall_islands,1992,11398000
marshall_islands,1993,9552000
marshall_islands,1994,10723000
marshall_islands,1995,13442000
marshall_islands,1996,8272500
marshall_islands,1997,7999800
marshall_islands,1998,10703000
marshall_islands,1999,11120000
marshall_islands,2000,9429100
marshall_islands,2001,11043000
marshall_islands,2002,11972000
marshall_islands,2003,11419000
marshall_islands,2004,11829000
marshall_islands,2005,9672700
marshall_islands,2006,14303000
marshall_islands,2007,15163000
marshall_islands,2008,13419000
marshall_islands,2009,13542000
marshall_islands,2010,17476000
marshall_islands,2011,16590000
marshall_islands,2012,14618000
marshall_islands,2013,18406000
marshall_islands,2014,19441000
marshall_islands,2015,12680000
marshall_islands,2016,18020000
marshall_islands,2017,18651000
marshall_islands,2018,18813000
marshall_islands,2019,24592000
marshall_islands,2020,20292000
marshall_islands,2021,18287000
marshall_islands,2022,24265000
mauritania,1961,28825000
mauritania,1962,25222000
mauritania,1963,21843000
mauritania,1964,41179000
mauritania,1965,57651000
mauritania,1966,65080000
mauritania,1967,66757000
mauritania,1968,75842000
mauritania,1969,72714000
mauritania,1970,135830000
mauritania,1971,148430000
mauritania,1972,161250000
mauritania,1973,187930000
mauritania,1974,235950000
mauritania,1975,261020000
mauritania,1976,287190000
mauritania,1977,258630000
mauritania,1978,198600000
mauritania,1979,247490000
mauritania,1980,336630000
mauritania,1981,355620000
mauritania,1982,357750000
mauritania,1983,354410000
mauritania,1984,347230000
mauritania,1985,357810000
mauritania,1986,407350000
mauritania,1987,392640000
mauritania,1988,420290000
mauritania,1989,483150000
mauritania,1990,510150000
mauritania,1991,548440000
mauritania,1992,516520000
mauritania,1993,495670000
mauritania,1994,505580000
mauritania,1995,526050000
mauritania,1996,531530000
mauritania,1997,535730000
mauritania,1998,504450000
mauritania,1999,464960000
mauritania,2000,413420000
mauritania,2001,398900000
mauritania,2002,404200000
mauritania,2003,445280000
mauritania,2004,575880000
mauritania,2005,858040000
mauritania,2006,1626300000
mauritania,2007,1493800000
mauritania,2008,1735000000
mauritania,2009,1368900000
mauritania,2010,1970300000
mauritania,2011,2835000000
mauritania,2012,2389400000
mauritania,2013,2637400000
mauritania,2014,1710500000
mauritania,2015,1221400000
mauritania,2016,1419700000
mauritania,2017,1421100000
mauritania,2018,1591700000
mauritania,2019,2072200000
mauritania,2020,2545700000
mauritania,2021,3094400000
mauritania,2022,3199500000
mauritius,1970,35100000
mauritius,1971,41744000
mauritius,1972,57694000
mauritius,1973,72213000
mauritius,1974,116080000
mauritius,1975,130250000
mauritius,1976,177460000
mauritius,1977,204880000
mauritius,1978,260790000
mauritius,1979,317180000
mauritius,1980,284500000
mauritius,1981,290510000
mauritius,1982,266510000
mauritius,1983,262650000
mauritius,1984,257500000
mauritius,1985,286310000
mauritius,1986,417120000
mauritius,1987,537330000
mauritius,1988,608170000
mauritius,1989,602110000
mauritius,1990,739040000
mauritius,1991,782470000
mauritius,1992,841850000
mauritius,1993,839220000
mauritius,1994,909710000
mauritius,1995,1038100000
mauritius,1996,1149600000
mauritius,1997,1060000000
mauritius,1998,1061700000
mauritius,1999,1088000000
mauritius,2000,1144700000
mauritius,2001,1145300000
mauritius,2002,1158900000
mauritius,2003,1348000000
mauritius,2004,1478400000
mauritius,2005,1406600000
mauritius,2006,1461500000
mauritius,2007,1719900000
mauritius,2008,2155700000
mauritius,2009,1949400000
mauritius,2010,2057600000
mauritius,2011,2292800000
mauritius,2012,2259500000
mauritius,2013,2302800000
mauritius,2014,2354800000
mauritius,2015,2062700000
mauritius,2016,2063700000
mauritius,2017,2197000000
mauritius,2018,2339100000
mauritius,2019,2207400000
mauritius,2020,1704200000
mauritius,2021,1921000000
mauritius,2022,2189000000
mexico,1965,5601900000
mexico,1966,6381100000
mexico,1967,7163700000
mexico,1968,8046200000
mexico,1969,9065800000
mexico,1970,16674000000
mexico,1971,17920000000
mexico,1972,20687000000
mexico,1973,25205000000
mexico,1974,34960000000
mexico,1975,42664000000
mexico,1976,42303000000
mexico,1977,40809000000
mexico,1978,51410000000
mexico,1979,70748000000
mexico,1980,110000000000
mexico,1981,131000000000
mexico,1982,93759000000
mexico,1983,108000000000
mexico,1984,117000000000
mexico,1985,115000000000
mexico,1986,75981000000
mexico,1987,94379000000
mexico,1988,102000000000
mexico,1989,110000000000
mexico,1990,126000000000
mexico,1991,142000000000
mexico,1992,163000000000
mexico,1993,169000000000
mexico,1994,174000000000
mexico,1995,122000000000
mexico,1996,143000000000
mexico,1997,175000000000
mexico,1998,184000000000
mexico,1999,207000000000
mexico,2000,245000000000
mexico,2001,254000000000
mexico,2002,254000000000
mexico,2003,228000000000
mexico,2004,257000000000
mexico,2005,288000000000
mexico,2006,334000000000
mexico,2007,357000000000
mexico,2008,385000000000
mexico,2009,285000000000
mexico,2010,342000000000
mexico,2011,398000000000
mexico,2012,412000000000
mexico,2013,409000000000
mexico,2014,415000000000
mexico,2015,357000000000
mexico,2016,325000000000
mexico,2017,358000000000
mexico,2018,379000000000
mexico,2019,388000000000
mexico,2020,326000000000
mexico,2021,401000000000
mexico,2022,457000000000
micronesia_federated_states_of,1970,1109600
micronesia_federated_states_of,1971,1215400
micronesia_federated_states_of,1972,1400500
micronesia_federated_states_of,1973,1942900
micronesia_federated_states_of,1974,2571900
micronesia_federated_states_of,1975,2573300
micronesia_federated_states_of,1976,2612000
micronesia_federated_states_of,1977,2639500
micronesia_federated_states_of,1978,2993900
micronesia_federated_states_of,1979,3362900
micronesia_federated_states_of,1980,3581400
micronesia_federated_states_of,1981,4267100
micronesia_federated_states_of,1982,4466600
micronesia_federated_states_of,1983,4693100
micronesia_federated_states_of,1984,4725400
micronesia_federated_states_of,1985,5685500
micronesia_federated_states_of,1986,6262200
micronesia_federated_states_of,1987,6538600
micronesia_federated_states_of,1988,7210400
micronesia_federated_states_of,1989,7616500
micronesia_federated_states_of,1990,8323100
micronesia_federated_states_of,1991,9168900
micronesia_federated_states_of,1992,10077000
micronesia_federated_states_of,1993,10891000
micronesia_federated_states_of,1994,10764000
micronesia_federated_states_of,1995,12598000
micronesia_federated_states_of,1996,11154000
micronesia_federated_states_of,1997,8956400
micronesia_federated_states_of,1998,11263000
micronesia_federated_states_of,1999,11625000
micronesia_federated_states_of,2000,12958000
micronesia_federated_states_of,2001,13498000
micronesia_federated_states_of,2002,11106000
micronesia_federated_states_of,2003,10121000
micronesia_federated_states_of,2004,9766900
micronesia_federated_states_of,2005,8427000
micronesia_federated_states_of,2006,6670900
micronesia_federated_states_of,2007,6399100
micronesia_federated_states_of,2008,8548900
micronesia_federated_states_of,2009,14106000
micronesia_federated_states_of,2010,18152000
micronesia_federated_states_of,2011,22082000
micronesia_federated_states_of,2012,22524000
micronesia_federated_states_of,2013,16978000
micronesia_federated_states_of,2014,10674000
micronesia_federated_states_of,2015,9627500
micronesia_federated_states_of,2016,10087000
micronesia_federated_states_of,2017,10351000
micronesia_federated_states_of,2018,9067500
micronesia_federated_states_of,2019,9877500
micronesia_federated_states_of,2020,9855900
micronesia_federated_states_of,2021,9848300
micronesia_federated_states_of,2022,10209000
monaco,1970,37006000
monaco,1971,41386000
monaco,1972,50754000
monaco,1973,65935000
monaco,1974,71188000
monaco,1975,89946000
monaco,1976,92778000
monaco,1977,102230000
monaco,1978,126260000
monaco,1979,153010000
monaco,1980,174800000
monaco,1981,153450000
monaco,1982,145800000
monaco,1983,139600000
monaco,1984,132340000
monaco,1985,137940000
monaco,1986,192450000
monaco,1987,233140000
monaco,1988,254290000
monaco,1989,255930000
monaco,1990,316850000
monaco,1991,316910000
monaco,1992,350010000
monaco,1993,330470000
monaco,1994,348250000
monaco,1995,400040000
monaco,1996,400940000
monaco,1997,363020000
monaco,1998,375620000
monaco,1999,371970000
monaco,2000,340730000
monaco,2001,344100000
monaco,2002,368940000
monaco,2003,465950000
monaco,2004,528540000
monaco,2005,521660000
monaco,2006,650760000
monaco,2007,734980000
monaco,2008,680680000
monaco,2009,626250000
monaco,2010,693050000
monaco,2011,779820000
monaco,2012,742540000
monaco,2013,916270000
monaco,2014,891700000
monaco,2015,1101600000
monaco,2016,1180600000
monaco,2017,822400000
monaco,2018,822400000
monaco,2019,822400000
monaco,2020,822400000
monaco,2021,822400000
monaco,2022,822400000
mongolia,1970,70576000
mongolia,1971,77638000
mongolia,1972,83906000
mongolia,1973,96380000
mongolia,1974,109540000
mongolia,1975,127370000
mongolia,1976,139650000
mongolia,1977,160240000
mongolia,1978,183480000
mongolia,1979,207860000
mongolia,1980,243280000
mongolia,1981,280860000
mongolia,1982,332530000
mongolia,1983,373450000
mongolia,1984,417030000
mongolia,1985,455750000
mongolia,1986,530020000
mongolia,1987,562360000
mongolia,1988,620110000
mongolia,1989,676330000
mongolia,1990,713850000
mongolia,1991,570600000
mongolia,1992,532000000
mongolia,1993,444520000
mongolia,1994,500800000
mongolia,1995,570040000
mongolia,1996,407950000
mongolia,1997,410840000
mongolia,1998,289740000
mongolia,1999,272770000
mongolia,2000,287900000
mongolia,2001,309670000
mongolia,2002,336070000
mongolia,2003,455220000
mongolia,2004,630120000
mongolia,2005,922740000
mongolia,2006,1477700000
mongolia,2007,1812900000
mongolia,2008,1951300000
mongolia,2009,1498400000
mongolia,2010,2223300000
mongolia,2011,3058400000
mongolia,2012,3557000000
mongolia,2013,3610000000
mongolia,2014,3631000000
mongolia,2015,3387800000
mongolia,2016,3420600000
mongolia,2017,4035500000
mongolia,2018,4713700000
mongolia,2019,5103800000
mongolia,2020,4619000000
mongolia,2021,5341300000
mongolia,2022,5737300000
montenegro,2006,343120000
montenegro,2007,445520000
montenegro,2008,577650000
montenegro,2009,444890000
montenegro,2010,442990000
montenegro,2011,498840000
montenegro,2012,401070000
montenegro,2013,392810000
montenegro,2014,387280000
montenegro,2015,364140000
montenegro,2016,451730000
montenegro,2017,526500000
montenegro,2018,593500000
montenegro,2019,631520000
montenegro,2020,562520000
montenegro,2021,565840000
montenegro,2022,552540000
morocco,1965,812170000
morocco,1966,835690000
morocco,1967,869280000
morocco,1968,919280000
morocco,1969,1009400000
morocco,1970,1081500000
morocco,1971,1169600000
morocco,1972,1416100000
morocco,1973,1783300000
morocco,1974,2785700000
morocco,1975,3284700000
morocco,1976,3173300000
morocco,1977,3687800000
morocco,1978,4284500000
morocco,1979,5197500000
morocco,1980,5891200000
morocco,1981,5334700000
morocco,1982,4978300000
morocco,1983,4607500000
morocco,1984,4194100000
morocco,1985,4200200000
morocco,1986,4891200000
morocco,1987,5522200000
morocco,1988,6473100000
morocco,1989,6823400000
morocco,1990,7794700000
morocco,1991,7812300000
morocco,1992,8268200000
morocco,1993,7681300000
morocco,1994,8155000000
morocco,1995,9412200000
morocco,1996,9788000000
morocco,1997,9470600000
morocco,1998,9764500000
morocco,1999,9874400000
morocco,2000,9472600000
morocco,2001,9131700000
morocco,2002,9709700000
morocco,2003,12340000000
morocco,2004,14578000000
morocco,2005,14844000000
morocco,2006,15790000000
morocco,2007,17816000000
morocco,2008,23314000000
morocco,2009,21089000000
morocco,2010,22388000000
morocco,2011,25574000000
morocco,2012,24836000000
morocco,2013,26674000000
morocco,2014,27861000000
morocco,2015,25232000000
morocco,2016,25133000000
morocco,2017,26413000000
morocco,2018,28197000000
morocco,2019,28088000000
morocco,2020,26936000000
morocco,2021,31542000000
morocco,2022,30587000000
mozambique,1970,1207600000
mozambique,1971,1344500000
mozambique,1972,1505300000
mozambique,1973,1772000000
mozambique,1974,1853800000
mozambique,1975,1919400000
mozambique,1976,1745700000
mozambique,1977,1771300000
mozambique,1978,1849000000
mozambique,1979,1934000000
mozambique,1980,1929300000
mozambique,1981,1838000000
mozambique,1982,1896600000
mozambique,1983,1498400000
mozambique,1984,1260100000
mozambique,1985,1149800000
mozambique,1986,1602400000
mozambique,1987,791710000
mozambique,1988,811630000
mozambique,1989,844650000
mozambique,1990,726360000
mozambique,1991,681290000
mozambique,1992,528540000
mozambique,1993,415080000
mozambique,1994,499280000
mozambique,1995,465810000
mozambique,1996,674810000
mozambique,1997,875800000
mozambique,1998,1154900000
mozambique,1999,1169300000
mozambique,2000,1081100000
mozambique,2001,1127800000
mozambique,2002,890110000
mozambique,2003,1098300000
mozambique,2004,1381700000
mozambique,2005,1427200000
mozambique,2006,1629500000
mozambique,2007,1820100000
mozambique,2008,1904300000
mozambique,2009,1710700000
mozambique,2010,1568700000
mozambique,2011,2001100000
mozambique,2012,2303300000
mozambique,2013,2303700000
mozambique,2014,2624700000
mozambique,2015,2554200000
mozambique,2016,2188800000
mozambique,2017,2753900000
mozambique,2018,3366800000
mozambique,2019,3279700000
mozambique,2020,2694000000
mozambique,2021,3117000000
mozambique,2022,3717700000
myanmar,1970,341510000
myanmar,1971,347860000
myanmar,1972,305360000
myanmar,1973,359130000
myanmar,1974,396090000
myanmar,1975,386090000
myanmar,1976,460130000
myanmar,1977,520830000
myanmar,1978,574710000
myanmar,1979,649280000
myanmar,1980,727580000
myanmar,1981,710630000
myanmar,1982,737310000
myanmar,1983,772700000
myanmar,1984,815460000
myanmar,1985,830580000
myanmar,1986,632740000
myanmar,1987,518450000
myanmar,1988,386100000
myanmar,1989,564380000
myanmar,1990,569400000
myanmar,1991,552780000
myanmar,1992,556650000
myanmar,1993,608190000
myanmar,1994,647750000
myanmar,1995,793330000
myanmar,1996,876000000
myanmar,1997,915930000
myanmar,1998,580530000
myanmar,1999,583950000
myanmar,2000,695330000
myanmar,2001,795870000
myanmar,2002,1340100000
myanmar,2003,1407400000
myanmar,2004,1655600000
myanmar,2005,2062500000
myanmar,2006,2574300000
myanmar,2007,3572800000
myanmar,2008,5669400000
myanmar,2009,7751500000
myanmar,2010,10530000000
myanmar,2011,17512000000
myanmar,2012,19020000000
myanmar,2013,19364000000
myanmar,2014,21925000000
myanmar,2015,20671000000
myanmar,2016,21166000000
myanmar,2017,22416000000
myanmar,2018,24931000000
myanmar,2019,26373000000
myanmar,2020,28957000000
myanmar,2021,25674000000
myanmar,2022,24197000000
namibia,1970,252310000
namibia,1971,282170000
namibia,1972,282680000
namibia,1973,357240000
namibia,1974,439000000
namibia,1975,466930000
namibia,1976,442730000
namibia,1977,508560000
namibia,1978,569540000
namibia,1979,674530000
namibia,1980,1131100000
namibia,1981,849700000
namibia,1982,731000000
namibia,1983,735990000
namibia,1984,592340000
namibia,1985,569310000
namibia,1986,613000000
namibia,1987,666050000
namibia,1988,787560000
namibia,1989,818530000
namibia,1990,760350000
namibia,1991,732680000
namibia,1992,800000000
namibia,1993,694250000
namibia,1994,823470000
namibia,1995,793990000
namibia,1996,773800000
namibia,1997,828210000
namibia,1998,796770000
namibia,1999,737450000
namibia,2000,848040000
namibia,2001,873850000
namibia,2002,838150000
namibia,2003,1086800000
namibia,2004,1518300000
namibia,2005,1629800000
namibia,2006,2259300000
namibia,2007,2607500000
namibia,2008,2767900000
namibia,2009,2408300000
namibia,2010,2929300000
namibia,2011,3445400000
namibia,2012,3659100000
namibia,2013,2967600000
namibia,2014,3040500000
namibia,2015,2926400000
namibia,2016,2597800000
namibia,2017,2927100000
namibia,2018,3175300000
namibia,2019,2964100000
namibia,2020,2347400000
namibia,2021,2701500000
namibia,2022,3136100000
nauru,1970,5512200
nauru,1971,5312100
nauru,1972,4251100
nauru,1973,9177700
nauru,1974,11625000
nauru,1975,8498100
nauru,1976,5647100
nauru,1977,7376400
nauru,1978,12123000
nauru,1979,11942000
nauru,1980,14836000
nauru,1981,12461000
nauru,1982,11363000
nauru,1983,13051000
nauru,1984,11179000
nauru,1985,10170000
nauru,1986,10408000
nauru,1987,11116000
nauru,1988,14387000
nauru,1989,12741000
nauru,1990,11823000
nauru,1991,8735900
nauru,1992,11566000
nauru,1993,11520000
nauru,1994,10077000
nauru,1995,8722000
nauru,1996,9431100
nauru,1997,9006600
nauru,1998,7638900
nauru,1999,11250000
nauru,2000,8180500
nauru,2001,4331700
nauru,2002,3428900
nauru,2003,3323700
nauru,2004,3265300
nauru,2005,1932100
nauru,2006,2078400
nauru,2007,2794800
nauru,2008,13194000
nauru,2009,23226000
nauru,2010,18937000
nauru,2011,42534000
nauru,2012,58579000
nauru,2013,41005000
nauru,2014,29262000
nauru,2015,36637000
nauru,2016,36174000
nauru,2017,37658000
nauru,2018,43751000
nauru,2019,40625000
nauru,2020,41334000
nauru,2021,47866000
nauru,2022,45301000
nepal,1965,79800000
nepal,1966,81901000
nepal,1967,82688000
nepal,1968,77837000
nepal,1969,81679000
nepal,1970,82586000
nepal,1971,69709000
nepal,1972,82086000
nepal,1973,79692000
nepal,1974,95612000
nepal,1975,101440000
nepal,1976,98596000
nepal,1977,118420000
nepal,1978,144310000
nepal,1979,163120000
nepal,1980,172270000
nepal,1981,198130000
nepal,1982,220570000
nepal,1983,219760000
nepal,1984,226920000
nepal,1985,292130000
nepal,1986,314480000
nepal,1987,349520000
nepal,1988,402210000
nepal,1989,403600000
nepal,1990,430700000
nepal,1991,436060000
nepal,1992,565850000
nepal,1993,573610000
nepal,1994,666930000
nepal,1995,715770000
nepal,1996,748660000
nepal,1997,813310000
nepal,1998,763490000
nepal,1999,819440000
nepal,2000,874630000
nepal,2001,878080000
nepal,2002,888470000
nepal,2003,959700000
nepal,2004,1072600000
nepal,2005,1213200000
nepal,2006,1306700000
nepal,2007,1578400000
nepal,2008,1737800000
nepal,2009,1825600000
nepal,2010,2231500000
nepal,2011,2503900000
nepal,2012,2571400000
nepal,2013,2557700000
nepal,2014,2678800000
nepal,2015,2742300000
nepal,2016,2727000000
nepal,2017,3330300000
nepal,2018,3725400000
nepal,2019,3982700000
nepal,2020,3447400000
nepal,2021,3813300000
nepal,2022,4058800000
netherlands_kingdom_of_the,1969,11537000000
netherlands_kingdom_of_the,1970,12419000000
netherlands_kingdom_of_the,1971,14185000000
netherlands_kingdom_of_the,1972,17179000000
netherlands_kingdom_of_the,1973,21981000000
netherlands_kingdom_of_the,1974,28371000000
netherlands_kingdom_of_the,1975,28789000000
netherlands_kingdom_of_the,1976,30959000000
netherlands_kingdom_of_the,1977,34576000000
netherlands_kingdom_of_the,1978,41250000000
netherlands_kingdom_of_the,1979,47325000000
netherlands_kingdom_of_the,1980,51300000000
netherlands_kingdom_of_the,1981,42567000000
netherlands_kingdom_of_the,1982,39907000000
netherlands_kingdom_of_the,1983,37837000000
netherlands_kingdom_of_the,1984,37010000000
netherlands_kingdom_of_the,1985,36700000000
netherlands_kingdom_of_the,1986,49646000000
netherlands_kingdom_of_the,1987,59512000000
netherlands_kingdom_of_the,1988,64626000000
netherlands_kingdom_of_the,1989,63549000000
netherlands_kingdom_of_the,1990,77269000000
netherlands_kingdom_of_the,1991,77513000000
netherlands_kingdom_of_the,1992,83488000000
netherlands_kingdom_of_the,1993,80102000000
netherlands_kingdom_of_the,1994,84593000000
netherlands_kingdom_of_the,1995,101000000000
netherlands_kingdom_of_the,1996,98075000000
netherlands_kingdom_of_the,1997,87264000000
netherlands_kingdom_of_the,1998,90020000000
netherlands_kingdom_of_the,1999,89047000000
netherlands_kingdom_of_the,2000,84008000000
netherlands_kingdom_of_the,2001,88053000000
netherlands_kingdom_of_the,2002,92529000000
netherlands_kingdom_of_the,2003,111000000000
netherlands_kingdom_of_the,2004,127000000000
netherlands_kingdom_of_the,2005,134000000000
netherlands_kingdom_of_the,2006,144000000000
netherlands_kingdom_of_the,2007,166000000000
netherlands_kingdom_of_the,2008,190000000000
netherlands_kingdom_of_the,2009,160000000000
netherlands_kingdom_of_the,2010,152000000000
netherlands_kingdom_of_the,2011,165000000000
netherlands_kingdom_of_the,2012,153000000000
netherlands_kingdom_of_the,2013,154000000000
netherlands_kingdom_of_the,2014,149000000000
netherlands_kingdom_of_the,2015,126000000000
netherlands_kingdom_of_the,2016,125000000000
netherlands_kingdom_of_the,2017,134000000000
netherlands_kingdom_of_the,2018,148000000000
netherlands_kingdom_of_the,2019,145000000000
netherlands_kingdom_of_the,2020,145000000000
netherlands_kingdom_of_the,2021,169000000000
netherlands_kingdom_of_the,2022,174000000000
new_zealand,1970,2082900000
new_zealand,1971,2552800000
new_zealand,1972,2996400000
new_zealand,1973,3957600000
new_zealand,1974,4829400000
new_zealand,1975,4415400000
new_zealand,1976,4581600000
new_zealand,1977,4995600000
new_zealand,1978,5947600000
new_zealand,1979,6584600000
new_zealand,1980,7339200000
new_zealand,1981,8364900000
new_zealand,1982,8397800000
new_zealand,1983,8102800000
new_zealand,1984,7786900000
new_zealand,1985,7258700000
new_zealand,1986,8533500000
new_zealand,1987,9931200000
new_zealand,1988,11339000000
new_zealand,1989,10912000000
new_zealand,1990,10669000000
new_zealand,1991,10043000000
new_zealand,1992,9642900000
new_zealand,1993,10468000000
new_zealand,1994,12670000000
new_zealand,1995,14517000000
new_zealand,1996,15466000000
new_zealand,1997,15207000000
new_zealand,1998,12048000000
new_zealand,1999,12696000000
new_zealand,2000,11404000000
new_zealand,2001,11123000000
new_zealand,2002,13205000000
new_zealand,2003,17072000000
new_zealand,2004,21238000000
new_zealand,2005,24062000000
new_zealand,2006,22425000000
new_zealand,2007,27563000000
new_zealand,2008,26816000000
new_zealand,2009,22189000000
new_zealand,2010,26447000000
new_zealand,2011,30118000000
new_zealand,2012,31073000000
new_zealand,2013,32644000000
new_zealand,2014,36736000000
new_zealand,2015,32329000000
new_zealand,2016,32460000000
new_zealand,2017,36581000000
new_zealand,2018,37178000000
new_zealand,2019,37230000000
new_zealand,2020,36525000000
new_zealand,2021,41283000000
new_zealand,2022,41779000000
nicaragua,1970,244390000
nicaragua,1971,265010000
nicaragua,1972,286710000
nicaragua,1973,371100000
nicaragua,1974,559050000
nicaragua,1975,599520000
nicaragua,1976,662460000
nicaragua,1977,724340000
nicaragua,1978,666680000
nicaragua,1979,495000000
nicaragua,1980,684540000
nicaragua,1981,792280000
nicaragua,1982,860630000
nicaragua,1983,910580000
nicaragua,1984,981150000
nicaragua,1985,1064700000
nicaragua,1986,1007000000
nicaragua,1987,728140000
nicaragua,1988,648350000
nicaragua,1989,645680000
nicaragua,1990,644380000
nicaragua,1991,665170000
nicaragua,1992,681220000
nicaragua,1993,747820000
nicaragua,1994,710450000
nicaragua,1995,775380000
nicaragua,1996,801990000
nicaragua,1997,788730000
nicaragua,1998,811450000
nicaragua,1999,899260000
nicaragua,2000,936760000
nicaragua,2001,1072200000
nicaragua,2002,1043500000
nicaragua,2003,1012000000
nicaragua,2004,1136100000
nicaragua,2005,1215900000
nicaragua,2006,1311000000
nicaragua,2007,1444300000
nicaragua,2008,1743500000
nicaragua,2009,1566000000
nicaragua,2010,1735500000
nicaragua,2011,2047900000
nicaragua,2012,2338700000
nicaragua,2013,2485000000
nicaragua,2014,2614200000
nicaragua,2015,2865100000
nicaragua,2016,2982400000
nicaragua,2017,2982600000
nicaragua,2018,2819800000
nicaragua,2019,2677700000
nicaragua,2020,2845500000
nicaragua,2021,3423900000
nicaragua,2022,3654400000
niger,1961,16742000
niger,1962,18715000
niger,1963,21187000
niger,1964,20978000
niger,1965,23379000
niger,1966,26130000
niger,1967,29510000
niger,1968,31131000
niger,1969,32824000
niger,1970,163010000
niger,1971,175860000
niger,1972,218100000
niger,1973,232890000
niger,1974,275350000
niger,1975,328740000
niger,1976,405310000
niger,1977,532200000
niger,1978,804980000
niger,1979,1357300000
niger,1980,1504400000
niger,1981,1091700000
niger,1982,928230000
niger,1983,842040000
niger,1984,710150000
niger,1985,671220000
niger,1986,820520000
niger,1987,979780000
niger,1988,944660000
niger,1989,873430000
niger,1990,932220000
niger,1991,829130000
niger,1992,786690000
niger,1993,657530000
niger,1994,484230000
niger,1995,494810000
niger,1996,534200000
niger,1997,502700000
niger,1998,499310000
niger,1999,444060000
niger,2000,409940000
niger,2001,421210000
niger,2002,453850000
niger,2003,565370000
niger,2004,651310000
niger,2005,703440000
niger,2006,739520000
niger,2007,894030000
niger,2008,1216500000
niger,2009,1266900000
niger,2010,1358900000
niger,2011,1579000000
niger,2012,2080300000
niger,2013,2337800000
niger,2014,2289300000
niger,2015,2022200000
niger,2016,2041600000
niger,2017,2179000000
niger,2018,2328200000
niger,2019,2440900000
niger,2020,2555700000
niger,2021,2849500000
niger,2022,2908100000
nigeria,1970,8464500000
nigeria,1971,8896300000
nigeria,1972,11949000000
nigeria,1973,15001000000
nigeria,1974,24116000000
nigeria,1975,33942000000
nigeria,1976,44409000000
nigeria,1977,49667000000
nigeria,1978,55478000000
nigeria,1979,67148000000
nigeria,1980,88536000000
nigeria,1981,83510000000
nigeria,1982,72190000000
nigeria,1983,68769000000
nigeria,1984,60459000000
nigeria,1985,66240000000
nigeria,1986,34849000000
nigeria,1987,18993000000
nigeria,1988,21602000000
nigeria,1989,19037000000
nigeria,1990,20865000000
nigeria,1991,21182000000
nigeria,1992,19211000000
nigeria,1993,18369000000
nigeria,1994,15146000000
nigeria,1995,18226000000
nigeria,1996,19872000000
nigeria,1997,19585000000
nigeria,1998,16518000000
nigeria,1999,17256000000
nigeria,2000,23320000000
nigeria,2001,20434000000
nigeria,2002,21455000000
nigeria,2003,26708000000
nigeria,2004,38061000000
nigeria,2005,48938000000
nigeria,2006,59762000000
nigeria,2007,65940000000
nigeria,2008,81880000000
nigeria,2009,60666000000
nigeria,2010,90515000000
nigeria,2011,114000000000
nigeria,2012,122000000000
nigeria,2013,129000000000
nigeria,2014,136000000000
nigeria,2015,96373000000
nigeria,2016,70927000000
nigeria,2017,81128000000
nigeria,2018,105000000000
nigeria,2019,126000000000
nigeria,2020,117000000000
nigeria,2021,130000000000
nigeria,2022,141000000000
north_macedonia,1992,498180000
north_macedonia,1993,509400000
north_macedonia,1994,573420000
north_macedonia,1995,745210000
north_macedonia,1996,729750000
north_macedonia,1997,628190000
north_macedonia,1998,599070000
north_macedonia,1999,581860000
north_macedonia,2000,579940000
north_macedonia,2001,544970000
north_macedonia,2002,567630000
north_macedonia,2003,784850000
north_macedonia,2004,857380000
north_macedonia,2005,967890000
north_macedonia,2006,1214100000
north_macedonia,2007,1408400000
north_macedonia,2008,1604300000
north_macedonia,2009,1448600000
north_macedonia,2010,1584800000
north_macedonia,2011,1881700000
north_macedonia,2012,1693200000
north_macedonia,2013,1990700000
north_macedonia,2014,2174300000
north_macedonia,2015,2026600000
north_macedonia,2016,2158100000
north_macedonia,2017,2334200000
north_macedonia,2018,2588200000
north_macedonia,2019,2587200000
north_macedonia,2020,2454200000
north_macedonia,2021,2734300000
north_macedonia,2022,2655900000
norway,1970,3068400000
norway,1971,3430300000
norway,1972,4117900000
norway,1973,5370900000
norway,1974,6740100000
norway,1975,8636600000
norway,1976,9269500000
norway,1977,10606000000
norway,1978,12424000000
norway,1979,15503000000
norway,1980,20310000000
norway,1981,19878000000
norway,1982,19572000000
norway,1983,19641000000
norway,1984,20708000000
norway,1985,21274000000
norway,1986,20443000000
norway,1987,23981000000
norway,1988,24736000000
norway,1989,26588000000
norway,1990,31356000000
norway,1991,30492000000
norway,1992,32424000000
norway,1993,29586000000
norway,1994,31887000000
norway,1995,39291000000
norway,1996,46298000000
norway,1997,46349000000
norway,1998,38348000000
norway,1999,43902000000
norway,2000,59170000000
norway,2001,57623000000
norway,2002,60422000000
norway,2003,70906000000
norway,2004,87155000000
norway,2005,110000000000
norway,2006,130000000000
norway,2007,143000000000
norway,2008,178000000000
norway,2009,125000000000
norway,2010,140000000000
norway,2011,176000000000
norway,2012,180000000000
norway,2013,179000000000
norway,2014,163000000000
norway,2015,114000000000
norway,2016,96465000000
norway,2017,112000000000
norway,2018,131000000000
norway,2019,110000000000
norway,2020,90659000000
norway,2021,162000000000
norway,2022,259000000000
oman,1965,14842000
oman,1966,17362000
oman,1967,56338000
oman,1968,139430000
oman,1969,185270000
oman,1970,188030000
oman,1971,226680000
oman,1972,259760000
oman,1973,337160000
oman,1974,1239700000
oman,1975,1541600000
oman,1976,2013600000
oman,1977,2018200000
oman,1978,1872300000
oman,1979,2643200000
oman,1980,4526000000
oman,1981,5407400000
oman,1982,5438000000
oman,1983,5572500000
oman,1984,6094000000
oman,1985,6619800000
oman,1986,4568900000
oman,1987,4905800000
oman,1988,4213500000
oman,1989,4953700000
oman,1990,6550000000
oman,1991,5849800000
oman,1992,6366500000
oman,1993,5997000000
oman,1994,6181600000
oman,1995,6922800000
oman,1996,8235900000
oman,1997,8627300000
oman,1998,6676500000
oman,1999,8356000000
oman,2000,12112000000
oman,2001,11432000000
oman,2002,11783000000
oman,2003,12529000000
oman,2004,14617000000
oman,2005,20657000000
oman,2006,25000000000
oman,2007,27142000000
oman,2008,43569000000
oman,2009,30981000000
oman,2010,40023000000
oman,2011,51631000000
oman,2012,57706000000
oman,2013,56721000000
oman,2014,55656000000
oman,2015,39830000000
oman,2016,33987000000
oman,2017,38094000000
oman,2018,47248000000
oman,2019,43281000000
oman,2020,33705000000
oman,2021,42289000000
oman,2022,54085000000
pakistan,1961,640490000
pakistan,1962,713570000
pakistan,1963,838300000
pakistan,1964,976480000
pakistan,1965,1092400000
pakistan,1966,1234400000
pakistan,1967,1331200000
pakistan,1968,1452500000
pakistan,1969,1724500000
pakistan,1970,1942600000
pakistan,1971,2134000000
pakistan,1972,1195100000
pakistan,1973,1327200000
pakistan,1974,1845100000
pakistan,1975,2358400000
pakistan,1976,2793500000
pakistan,1977,3273000000
pakistan,1978,3729200000
pakistan,1979,4212800000
pakistan,1980,5391500000
pakistan,1981,5095400000
pakistan,1982,4973400000
pakistan,1983,4994900000
pakistan,1984,5491900000
pakistan,1985,5550700000
pakistan,1986,6265300000
pakistan,1987,6823600000
pakistan,1988,7827300000
pakistan,1989,7566300000
pakistan,1990,8249900000
pakistan,1991,8861100000
pakistan,1992,9693200000
pakistan,1993,9479400000
pakistan,1994,10192000000
pakistan,1995,11153000000
pakistan,1996,11303000000
pakistan,1997,11154000000
pakistan,1998,11385000000
pakistan,1999,11010000000
pakistan,2000,11010000000
pakistan,2001,11204000000
pakistan,2002,12284000000
pakistan,2003,14319000000
pakistan,2004,18233000000
pakistan,2005,21054000000
pakistan,2006,24988000000
pakistan,2007,28995000000
pakistan,2008,31335000000
pakistan,2009,30021000000
pakistan,2010,33097000000
pakistan,2011,40324000000
pakistan,2012,43149000000
pakistan,2013,43469000000
pakistan,2014,49190000000
pakistan,2015,50327000000
pakistan,2016,50192000000
pakistan,2017,54527000000
pakistan,2018,54863000000
pakistan,2019,52288000000
pakistan,2020,48821000000
pakistan,2021,57023000000
pakistan,2022,58940000000
palau,1970,2708700
palau,1971,2976800
palau,1972,3269300
palau,1973,3590600
palau,1974,3947000
palau,1975,4339900
palau,1976,4771600
palau,1977,5224000
palau,1978,5737400
palau,1979,6334800
palau,1980,6975900
palau,1981,7666300
palau,1982,8412100
palau,1983,9220300
palau,1984,10668000
palau,1985,11993000
palau,1986,13495000
palau,1987,15198000
palau,1988,17134000
palau,1989,19339000
palau,1990,21854000
palau,1991,20379000
palau,1992,19915000
palau,1993,11914000
palau,1994,10504000
palau,1995,13038000
palau,1996,14497000
palau,1997,15364000
palau,1998,17750000
palau,1999,16262000
palau,2000,16106000
palau,2001,21084000
palau,2002,27023000
palau,2003,25991000
palau,2004,25478000
palau,2005,23242000
palau,2006,21294000
palau,2007,19102000
palau,2008,15738000
palau,2009,10892000
palau,2010,11731000
palau,2011,13001000
palau,2012,12950000
palau,2013,10815000
palau,2014,12392000
palau,2015,17236000
palau,2016,18272000
palau,2017,16087000
palau,2018,17152000
palau,2019,23919000
palau,2020,21232000
palau,2021,22057000
palau,2022,20398000
palestine,1970,46892000
palestine,1971,53809000
palestine,1972,78093000
palestine,1973,97356000
palestine,1974,152480000
palestine,1975,153070000
palestine,1976,179890000
palestine,1977,185220000
palestine,1978,192510000
palestine,1979,223670000
palestine,1980,284060000
palestine,1981,262390000
palestine,1982,278690000
palestine,1983,288470000
palestine,1984,284620000
palestine,1985,266470000
palestine,1986,427540000
palestine,1987,468440000
palestine,1988,489030000
palestine,1989,478350000
palestine,1990,520340000
palestine,1991,551850000
palestine,1992,655820000
palestine,1993,682990000
palestine,1994,872700000
palestine,1995,890700000
palestine,1996,827700000
palestine,1997,777800000
palestine,1998,830100000
palestine,1999,951700000
palestine,2000,800200000
palestine,2001,789600000
palestine,2002,533900000
palestine,2003,741800000
palestine,2004,712500000
palestine,2005,872400000
palestine,2006,787200000
palestine,2007,840400000
palestine,2008,1059500000
palestine,2009,1185100000
palestine,2010,1578300000
palestine,2011,1876800000
palestine,2012,2240300000
palestine,2013,2306000000
palestine,2014,2270100000
palestine,2015,2016400000
palestine,2016,2376200000
palestine,2017,2787600000
palestine,2018,2931600000
palestine,2019,2946100000
palestine,2020,2462100000
palestine,2021,2969700000
palestine,2022,3150000000
panama,1970,276660000
panama,1971,306690000
panama,1972,322410000
panama,1973,381190000
panama,1974,454370000
panama,1975,530740000
panama,1976,506740000
panama,1977,507040000
panama,1978,576960000
panama,1979,664810000
panama,1980,825880000
panama,1981,867380000
panama,1982,951570000
panama,1983,960200000
panama,1984,983050000
panama,1985,1162700000
panama,1986,1133800000
panama,1987,1091800000
panama,1988,785170000
panama,1989,738880000
panama,1990,829060000
panama,1991,1003500000
panama,1992,1166900000
panama,1993,1287700000
panama,1994,1347600000
panama,1995,1414500000
panama,1996,1433900000
panama,1997,1452700000
panama,1998,1572100000
panama,1999,1769200000
panama,2000,1713900000
panama,2001,1535800000
panama,2002,1458000000
panama,2003,1651500000
panama,2004,1799600000
panama,2005,1870800000
panama,2006,2119700000
panama,2007,3169800000
panama,2008,4188100000
panama,2009,4547300000
panama,2010,4937500000
panama,2011,5872000000
panama,2012,7632800000
panama,2013,10328000000
panama,2014,12253000000
panama,2015,13814000000
panama,2016,15199000000
panama,2017,16833000000
panama,2018,17615000000
panama,2019,18334000000
panama,2020,11865000000
panama,2021,16120000000
panama,2022,18374000000
papua_new_guinea,1961,32928000
papua_new_guinea,1962,37184000
papua_new_guinea,1963,42448000
papua_new_guinea,1964,47936000
papua_new_guinea,1965,61597000
papua_new_guinea,1966,79516000
papua_new_guinea,1967,87692000
papua_new_guinea,1968,89932000
papua_new_guinea,1969,101800000
papua_new_guinea,1970,136990000
papua_new_guinea,1971,143680000
papua_new_guinea,1972,273890000
papua_new_guinea,1973,645100000
papua_new_guinea,1974,682320000
papua_new_guinea,1975,460370000
papua_new_guinea,1976,428640000
papua_new_guinea,1977,496260000
papua_new_guinea,1978,542180000
papua_new_guinea,1979,764390000
papua_new_guinea,1980,796020000
papua_new_guinea,1981,614860000
papua_new_guinea,1982,593430000
papua_new_guinea,1983,662200000
papua_new_guinea,1984,515270000
papua_new_guinea,1985,573280000
papua_new_guinea,1986,722380000
papua_new_guinea,1987,1017100000
papua_new_guinea,1988,1303700000
papua_new_guinea,1989,975500000
papua_new_guinea,1990,972140000
papua_new_guinea,1991,1317700000
papua_new_guinea,1992,1873500000
papua_new_guinea,1993,2134900000
papua_new_guinea,1994,1872300000
papua_new_guinea,1995,1642800000
papua_new_guinea,1996,1860700000
papua_new_guinea,1997,1446700000
papua_new_guinea,1998,1190000000
papua_new_guinea,1999,1298300000
papua_new_guinea,2000,1530400000
papua_new_guinea,2001,1287500000
papua_new_guinea,2002,1180300000
papua_new_guinea,2003,1554100000
papua_new_guinea,2004,1852700000
papua_new_guinea,2005,2336500000
papua_new_guinea,2006,2873500000
papua_new_guinea,2007,3204700000
papua_new_guinea,2008,3899200000
papua_new_guinea,2009,3331900000
papua_new_guinea,2010,4591700000
papua_new_guinea,2011,5456600000
papua_new_guinea,2012,5646900000
papua_new_guinea,2013,5398200000
papua_new_guinea,2014,7362200000
papua_new_guinea,2015,7334500000
papua_new_guinea,2016,6997000000
papua_new_guinea,2017,8041500000
papua_new_guinea,2018,8700500000
papua_new_guinea,2019,8837000000
papua_new_guinea,2020,7621500000
papua_new_guinea,2021,8634900000
papua_new_guinea,2022,12488000000
paraguay,1970,228030000
paraguay,1971,252590000
paraguay,1972,286890000
paraguay,1973,367020000
paraguay,1974,556830000
paraguay,1975,561470000
paraguay,1976,652840000
paraguay,1977,847920000
paraguay,1978,1046000000
paraguay,1979,1368200000
paraguay,1980,1845500000
paraguay,1981,2388200000
paraguay,1982,2453800000
paraguay,1983,2723700000
paraguay,1984,2169600000
paraguay,1985,1853500000
paraguay,1986,2202100000
paraguay,1987,1846500000
paraguay,1988,2475900000
paraguay,1989,1845700000
paraguay,1990,2237200000
paraguay,1991,2615400000
paraguay,1992,2721600000
paraguay,1993,2839700000
paraguay,1994,3117700000
paraguay,1995,3648200000
paraguay,1996,3923600000
paraguay,1997,3815800000
paraguay,1998,3405900000
paraguay,1999,3280300000
paraguay,2000,3065200000
paraguay,2001,2803200000
paraguay,2002,2195100000
paraguay,2003,2325100000
paraguay,2004,2755900000
paraguay,2005,2905700000
paraguay,2006,3566600000
paraguay,2007,4549700000
paraguay,2008,6332200000
paraguay,2009,5728800000
paraguay,2010,6662800000
paraguay,2011,8193200000
paraguay,2012,8166800000
paraguay,2013,9350000000
paraguay,2014,10166000000
paraguay,2015,9344600000
paraguay,2016,9292200000
paraguay,2017,10164000000
paraguay,2018,10169000000
paraguay,2019,9613800000
paraguay,2020,9247900000
paraguay,2021,10979000000
paraguay,2022,11228000000
peru,1961,802580000
peru,1962,910420000
peru,1963,936670000
peru,1964,1166400000
peru,1965,1362700000
peru,1966,1616600000
peru,1967,1721200000
peru,1968,1587900000
peru,1969,1814500000
peru,1970,1731300000
peru,1971,1808800000
peru,1972,2015500000
peru,1973,2635700000
peru,1974,3359200000
peru,1975,3467900000
peru,1976,3784400000
peru,1977,3715800000
peru,1978,4061400000
peru,1979,6821900000
peru,1980,9655400000
peru,1981,9762800000
peru,1982,9342500000
peru,1983,7365100000
peru,1984,7697800000
peru,1985,6807400000
peru,1986,6208000000
peru,1987,8974400000
peru,1988,9451400000
peru,1989,9699400000
peru,1990,8367900000
peru,1991,8547300000
peru,1992,9093600000
peru,1993,9186800000
peru,1994,12257000000
peru,1995,14552000000
peru,1996,14838000000
peru,1997,15841000000
peru,1998,14631000000
peru,1999,13238000000
peru,2000,13814000000
peru,2001,13900000000
peru,2002,14906000000
peru,2003,16272000000
peru,2004,20438000000
peru,2005,24593000000
peru,2006,31603000000
peru,2007,36769000000
peru,2008,41606000000
peru,2009,38241000000
peru,2010,50246000000
peru,2011,61121000000
peru,2012,65194000000
peru,2013,64655000000
peru,2014,59876000000
peru,2015,53618000000
peru,2016,53968000000
peru,2017,61060000000
peru,2018,65020000000
peru,2019,63553000000
peru,2020,55417000000
peru,2021,72542000000
peru,2022,76887000000
philippines,1961,2296700000
philippines,1962,1367400000
philippines,1963,1539300000
philippines,1964,1651600000
philippines,1965,1799500000
philippines,1966,1971500000
philippines,1967,2145200000
philippines,1968,2322900000
philippines,1969,2539400000
philippines,1970,2594700000
philippines,1971,2925300000
philippines,1972,3267600000
philippines,1973,4198600000
philippines,1974,5696100000
philippines,1975,6251700000
philippines,1976,7417800000
philippines,1977,8683700000
philippines,1978,10045000000
philippines,1979,12332000000
philippines,1980,14982000000
philippines,1981,16529000000
philippines,1982,16879000000
philippines,1983,15080000000
philippines,1984,13805000000
philippines,1985,12317000000
philippines,1986,11804000000
philippines,1987,13406000000
philippines,1988,15508000000
philippines,1989,17363000000
philippines,1990,17905000000
philippines,1991,17919000000
philippines,1992,20105000000
philippines,1993,20505000000
philippines,1994,23907000000
philippines,1995,27302000000
philippines,1996,30506000000
philippines,1997,30199000000
philippines,1998,23169000000
philippines,1999,25593000000
philippines,2000,26220000000
philippines,2001,24404000000
philippines,2002,26120000000
philippines,2003,26832000000
philippines,2004,28448000000
philippines,2005,32318000000
philippines,2006,38068000000
philippines,2007,45943000000
philippines,2008,53493000000
philippines,2009,49688000000
philippines,2010,60156000000
philippines,2011,65658000000
philippines,2012,73249000000
philippines,2013,77916000000
philippines,2014,82764000000
philippines,2015,83669000000
philippines,2016,86682000000
philippines,2017,88938000000
philippines,2018,95430000000
philippines,2019,103000000000
philippines,2020,90423000000
philippines,2021,101000000000
philippines,2022,104000000000
poland,1970,13038000000
poland,1971,14434000000
poland,1972,15959000000
poland,1973,18892000000
poland,1974,21202000000
poland,1975,22570000000
poland,1976,25155000000
poland,1977,27902000000
poland,1978,31616000000
poland,1979,35421000000
poland,1980,27228000000
poland,1981,25778000000
poland,1982,31386000000
poland,1983,36401000000
poland,1984,36536000000
poland,1985,33435000000
poland,1986,34949000000
poland,1987,30788000000
poland,1988,33305000000
poland,1989,39829000000
poland,1990,31821000000
poland,1991,37447000000
poland,1992,33685000000
poland,1993,31828000000
poland,1994,30924000000
poland,1995,42625000000
poland,1996,46120000000
poland,1997,45084000000
poland,1998,49178000000
poland,1999,45947000000
poland,2000,43945000000
poland,2001,45352000000
poland,2002,45383000000
poland,2003,50994000000
poland,2004,63910000000
poland,2005,76328000000
poland,2006,86670000000
poland,2007,108000000000
poland,2008,135000000000
poland,2009,114000000000
poland,2010,122000000000
poland,2011,140000000000
poland,2012,130000000000
poland,2013,126000000000
poland,2014,140000000000
poland,2015,129000000000
poland,2016,126000000000
poland,2017,132000000000
poland,2018,148000000000
poland,2019,150000000000
poland,2020,146000000000
poland,2021,166000000000
poland,2022,173000000000
portugal,1970,1741600000
portugal,1971,2044600000
portugal,1972,2569200000
portugal,1973,3500800000
portugal,1974,4361900000
portugal,1975,4454800000
portugal,1976,4542000000
portugal,1977,4837500000
portugal,1978,5407100000
portugal,1979,6166200000
portugal,1980,7841700000
portugal,1981,7624600000
portugal,1982,7229000000
portugal,1983,6433400000
portugal,1984,5880700000
portugal,1985,6268700000
portugal,1986,8579200000
portugal,1987,10418000000
portugal,1988,13017000000
portugal,1989,14335000000
portugal,1990,18218000000
portugal,1991,19406000000
portugal,1992,23058000000
portugal,1993,19933000000
portugal,1994,21528000000
portugal,1995,26338000000
portugal,1996,28057000000
portugal,1997,27266000000
portugal,1998,28350000000
portugal,1999,28670000000
portugal,2000,26310000000
portugal,2001,26671000000
portugal,2002,28511000000
portugal,2003,33157000000
portugal,2004,37184000000
portugal,2005,37459000000
portugal,2006,38898000000
portugal,2007,44592000000
portugal,2008,47538000000
portugal,2009,41597000000
portugal,2010,40761000000
portugal,2011,40438000000
portugal,2012,34666000000
portugal,2013,35877000000
portugal,2014,36131000000
portugal,2015,31838000000
portugal,2016,32877000000
portugal,2017,35763000000
portugal,2018,39240000000
portugal,2019,38247000000
portugal,2020,37634000000
portugal,2021,42427000000
portugal,2022,41416000000
puerto_rico,1970,1743200000
puerto_rico,1971,1920100000
puerto_rico,1972,2189600000
puerto_rico,1973,2469400000
puerto_rico,1974,2819500000
puerto_rico,1975,2938300000
puerto_rico,1976,3467300000
puerto_rico,1977,3712500000
puerto_rico,1978,4341300000
puerto_rico,1979,4904200000
puerto_rico,1980,5786600000
puerto_rico,1981,6360500000
puerto_rico,1982,6619500000
puerto_rico,1983,6813900000
puerto_rico,1984,7816000000
puerto_rico,1985,8368800000
puerto_rico,1986,9009200000
puerto_rico,1987,10054000000
puerto_rico,1988,11250000000
puerto_rico,1989,12006000000
puerto_rico,1990,13075000000
puerto_rico,1991,13675000000
puerto_rico,1992,15242000000
puerto_rico,1993,16587000000
puerto_rico,1994,17981000000
puerto_rico,1995,19203000000
puerto_rico,1996,19889000000
puerto_rico,1997,20949000000
puerto_rico,1998,24938000000
puerto_rico,1999,25478000000
puerto_rico,2000,26499000000
puerto_rico,2001,31407000000
puerto_rico,2002,33449000000
puerto_rico,2003,34761000000
puerto_rico,2004,36557000000
puerto_rico,2005,37736000000
puerto_rico,2006,38820000000
puerto_rico,2007,39663000000
puerto_rico,2008,42265000000
puerto_rico,2009,45649000000
puerto_rico,2010,48095000000
puerto_rico,2011,48092000000
puerto_rico,2012,48341000000
puerto_rico,2013,48833000000
puerto_rico,2014,49026000000
puerto_rico,2015,50553000000
puerto_rico,2016,51434000000
puerto_rico,2017,49791000000
puerto_rico,2018,49169000000
puerto_rico,2019,51195000000
puerto_rico,2020,50276000000
puerto_rico,2021,49781000000
puerto_rico,2022,50092000000
qatar,1970,419440000
qatar,1971,552660000
qatar,1972,804270000
qatar,1973,1171600000
qatar,1974,1477100000
qatar,1975,1974500000
qatar,1976,2486900000
qatar,1977,2508300000
qatar,1978,2736000000
qatar,1979,4210700000
qatar,1980,5949700000
qatar,1981,6404500000
qatar,1982,5009800000
qatar,1983,3752700000
qatar,1984,4005800000
qatar,1985,3485700000
qatar,1986,2261900000
qatar,1987,2464000000
qatar,1988,2682900000
qatar,1989,3135900000
qatar,1990,4059400000
qatar,1991,3441500000
qatar,1992,3954600000
qatar,1993,3457800000
qatar,1994,3643700000
qatar,1995,4230300000
qatar,1996,4823200000
qatar,1997,6510200000
qatar,1998,5133400000
qatar,1999,7126700000
qatar,2000,12344000000
qatar,2001,12001000000
qatar,2002,13576000000
qatar,2003,16977000000
qatar,2004,22360000000
qatar,2005,32774000000
qatar,2006,40939000000
qatar,2007,52988000000
qatar,2008,83125000000
qatar,2009,60095000000
qatar,2010,84696000000
qatar,2011,122000000000
qatar,2012,137000000000
qatar,2013,142000000000
qatar,2014,143000000000
qatar,2015,91820000000
qatar,2016,79087000000
qatar,2017,89460000000
qatar,2018,109000000000
qatar,2019,99203000000
qatar,2020,73912000000
qatar,2021,106000000000
qatar,2022,154000000000
republic_of_korea,1965,608380000
republic_of_korea,1966,785250000
republic_of_korea,1967,1000100000
republic_of_korea,1968,1329900000
republic_of_korea,1969,1734000000
republic_of_korea,1970,2117200000
republic_of_korea,1971,2184400000
republic_of_korea,1972,2553600000
republic_of_korea,1973,3666600000
republic_of_korea,1974,5062900000
republic_of_korea,1975,5575400000
republic_of_korea,1976,7909300000
republic_of_korea,1977,10415000000
republic_of_korea,1978,15014000000
republic_of_korea,1979,19985000000
republic_of_korea,1980,19660000000
republic_of_korea,1981,21195000000
republic_of_korea,1982,23039000000
republic_of_korea,1983,26748000000
republic_of_korea,1984,30970000000
republic_of_korea,1985,31550000000
republic_of_korea,1986,37132000000
republic_of_korea,1987,48931000000
republic_of_korea,1988,67943000000
republic_of_korea,1989,83501000000
republic_of_korea,1990,97186000000
republic_of_korea,1991,116000000000
republic_of_korea,1992,120000000000
republic_of_korea,1993,134000000000
republic_of_korea,1994,158000000000
republic_of_korea,1995,195000000000
republic_of_korea,1996,204000000000
republic_of_korea,1997,190000000000
republic_of_korea,1998,126000000000
republic_of_korea,1999,160000000000
republic_of_korea,2000,185000000000
republic_of_korea,2001,168000000000
republic_of_korea,2002,190000000000
republic_of_korea,2003,215000000000
republic_of_korea,2004,257000000000
republic_of_korea,2005,298000000000
republic_of_korea,2006,329000000000
republic_of_korea,2007,367000000000
republic_of_korea,2008,325000000000
republic_of_korea,2009,294000000000
republic_of_korea,2010,368000000000
republic_of_korea,2011,410000000000
republic_of_korea,2012,414000000000
republic_of_korea,2013,445000000000
republic_of_korea,2014,472000000000
republic_of_korea,2015,464000000000
republic_of_korea,2016,476000000000
republic_of_korea,2017,529000000000
republic_of_korea,2018,555000000000
republic_of_korea,2019,508000000000
republic_of_korea,2020,499000000000
republic_of_korea,2021,559000000000
republic_of_korea,2022,517000000000
republic_of_moldova,1992,974800000
republic_of_moldova,1993,1184300000
republic_of_moldova,1994,767360000
republic_of_moldova,1995,611870000
republic_of_moldova,1996,564340000
republic_of_moldova,1997,625670000
republic_of_moldova,1998,402650000
republic_of_moldova,1999,270120000
republic_of_moldova,2000,294730000
republic_of_moldova,2001,377920000
republic_of_moldova,2002,402710000
republic_of_moldova,2003,493070000
republic_of_moldova,2004,651380000
republic_of_moldova,2005,702790000
republic_of_moldova,2006,822480000
republic_of_moldova,2007,1116500000
republic_of_moldova,2008,1516500000
republic_of_moldova,2009,1127400000
republic_of_moldova,2010,1177600000
republic_of_moldova,2011,1461100000
republic_of_moldova,2012,1546800000
republic_of_moldova,2013,1727200000
republic_of_moldova,2014,1719100000
republic_of_moldova,2015,1388300000
republic_of_moldova,2016,1425100000
republic_of_moldova,2017,1685100000
republic_of_moldova,2018,2138400000
republic_of_moldova,2019,2234700000
republic_of_moldova,2020,2364900000
republic_of_moldova,2021,2466600000
republic_of_moldova,2022,2530300000
romania,1970,6811100000
romania,1971,7747100000
romania,1972,8993800000
romania,1973,10646000000
romania,1974,10763000000
romania,1975,12079000000
romania,1976,13221000000
romania,1977,14817000000
romania,1978,17316000000
romania,1979,18977000000
romania,1980,18522000000
romania,1981,20854000000
romania,1982,22978000000
romania,1983,22215000000
romania,1984,19220000000
romania,1985,23707000000
romania,1986,26489000000
romania,1987,29741000000
romania,1988,30189000000
romania,1989,26090000000
romania,1990,16753000000
romania,1991,10908000000
romania,1992,7226000000
romania,1993,8981200000
romania,1994,11250000000
romania,1995,12278000000
romania,1996,12735000000
romania,1997,11511000000
romania,1998,12023000000
romania,1999,9577000000
romania,2000,10090000000
romania,2001,11938000000
romania,2002,13725000000
romania,2003,16657000000
romania,2004,21722000000
romania,2005,29172000000
romania,2006,37203000000
romania,2007,55643000000
romania,2008,73442000000
romania,2009,57422000000
romania,2010,55827000000
romania,2011,64251000000
romania,2012,54498000000
romania,2013,53465000000
romania,2014,57319000000
romania,2015,48122000000
romania,2016,49700000000
romania,2017,54446000000
romania,2018,62381000000
romania,2019,61168000000
romania,2020,58421000000
romania,2021,64836000000
romania,2022,78301000000
russian_federation,1992,203000000000
russian_federation,1993,183000000000
russian_federation,1994,164000000000
russian_federation,1995,138000000000
russian_federation,1996,140000000000
russian_federation,1997,141000000000
russian_federation,1998,92969000000
russian_federation,1999,65948000000
russian_federation,2000,88579000000
russian_federation,2001,98607000000
russian_federation,2002,90600000000
russian_federation,2003,111000000000
russian_federation,2004,171000000000
russian_federation,2005,231000000000
russian_federation,2006,292000000000
russian_federation,2007,378000000000
russian_federation,2008,476000000000
russian_federation,2009,319000000000
russian_federation,2010,413000000000
russian_federation,2011,538000000000
russian_federation,2012,579000000000
russian_federation,2013,580000000000
russian_federation,2014,517000000000
russian_federation,2015,366000000000
russian_federation,2016,335000000000
russian_federation,2017,434000000000
russian_federation,2018,485000000000
russian_federation,2019,490000000000
russian_federation,2020,403000000000
russian_federation,2021,525000000000
russian_federation,2022,659000000000
rwanda,1965,10198000
rwanda,1966,8430900
rwanda,1967,15552000
rwanda,1968,16350000
rwanda,1969,17712000
rwanda,1970,19645000
rwanda,1971,22681000
rwanda,1972,25033000
rwanda,1973,28361000
rwanda,1974,45245000
rwanda,1975,57031000
rwanda,1976,63416000
rwanda,1977,82618000
rwanda,1978,104610000
rwanda,1979,109260000
rwanda,1980,142940000
rwanda,1981,156220000
rwanda,1982,172900000
rwanda,1983,200520000
rwanda,1984,208790000
rwanda,1985,217230000
rwanda,1986,245640000
rwanda,1987,258150000
rwanda,1988,270490000
rwanda,1989,265400000
rwanda,1990,397620000
rwanda,1991,271320000
rwanda,1992,295160000
rwanda,1993,278080000
rwanda,1994,164800000
rwanda,1995,137020000
rwanda,1996,178250000
rwanda,1997,264020000
rwanda,1998,299310000
rwanda,1999,317420000
rwanda,2000,287400000
rwanda,2001,275400000
rwanda,2002,277680000
rwanda,2003,282710000
rwanda,2004,332500000
rwanda,2005,403350000
rwanda,2006,487570000
rwanda,2007,596030000
rwanda,2008,782670000
rwanda,2009,825300000
rwanda,2010,926040000
rwanda,2011,1166100000
rwanda,2012,1297400000
rwanda,2013,1272700000
rwanda,2014,1343400000
rwanda,2015,1371800000
rwanda,2016,1323600000
rwanda,2017,1460000000
rwanda,2018,1532900000
rwanda,2019,1792400000
rwanda,2020,1738600000
rwanda,2021,2093800000
rwanda,2022,2703100000
saint_kitts_and_nevis,1970,4116100
saint_kitts_and_nevis,1971,4991700
saint_kitts_and_nevis,1972,5884800
saint_kitts_and_nevis,1973,5962700
saint_kitts_and_nevis,1974,8235400
saint_kitts_and_nevis,1975,8720000
saint_kitts_and_nevis,1976,6109800
saint_kitts_and_nevis,1977,8933300
saint_kitts_and_nevis,1978,8474100
saint_kitts_and_nevis,1979,10019000
saint_kitts_and_nevis,1980,12715000
saint_kitts_and_nevis,1981,13681000
saint_kitts_and_nevis,1982,15759000
saint_kitts_and_nevis,1983,16233000
saint_kitts_and_nevis,1984,16715000
saint_kitts_and_nevis,1985,17915000
saint_kitts_and_nevis,1986,23011000
saint_kitts_and_nevis,1987,26970000
saint_kitts_and_nevis,1988,38741000
saint_kitts_and_nevis,1989,42070000
saint_kitts_and_nevis,1990,50785000
saint_kitts_and_nevis,1991,48152000
saint_kitts_and_nevis,1992,51519000
saint_kitts_and_nevis,1993,53907000
saint_kitts_and_nevis,1994,55156000
saint_kitts_and_nevis,1995,62426000
saint_kitts_and_nevis,1996,64793000
saint_kitts_and_nevis,1997,69463000
saint_kitts_and_nevis,1998,75678000
saint_kitts_and_nevis,1999,87822000
saint_kitts_and_nevis,2000,109040000
saint_kitts_and_nevis,2001,132100000
saint_kitts_and_nevis,2002,128400000
saint_kitts_and_nevis,2003,105910000
saint_kitts_and_nevis,2004,107310000
saint_kitts_and_nevis,2005,113740000
saint_kitts_and_nevis,2006,140960000
saint_kitts_and_nevis,2007,150330000
saint_kitts_and_nevis,2008,161870000
saint_kitts_and_nevis,2009,170020000
saint_kitts_and_nevis,2010,165470000
saint_kitts_and_nevis,2011,165030000
saint_kitts_and_nevis,2012,143730000
saint_kitts_and_nevis,2013,162990000
saint_kitts_and_nevis,2014,193290000
saint_kitts_and_nevis,2015,206860000
saint_kitts_and_nevis,2016,236860000
saint_kitts_and_nevis,2017,268720000
saint_kitts_and_nevis,2018,253860000
saint_kitts_and_nevis,2019,269690000
saint_kitts_and_nevis,2020,194480000
saint_kitts_and_nevis,2021,183340000
saint_kitts_and_nevis,2022,189010000
saint_lucia,1970,4812300
saint_lucia,1971,5502000
saint_lucia,1972,6239400
saint_lucia,1973,7177500
saint_lucia,1974,9612500
saint_lucia,1975,10704000
saint_lucia,1976,12527000
saint_lucia,1977,12131000
saint_lucia,1978,15446000
saint_lucia,1979,20463000
saint_lucia,1980,26657000
saint_lucia,1981,29195000
saint_lucia,1982,28346000
saint_lucia,1983,26216000
saint_lucia,1984,27906000
saint_lucia,1985,31064000
saint_lucia,1986,35631000
saint_lucia,1987,39080000
saint_lucia,1988,47209000
saint_lucia,1989,58473000
saint_lucia,1990,56555000
saint_lucia,1991,63354000
saint_lucia,1992,70376000
saint_lucia,1993,72466000
saint_lucia,1994,71822000
saint_lucia,1995,77700000
saint_lucia,1996,75836000
saint_lucia,1997,74944000
saint_lucia,1998,79430000
saint_lucia,1999,87817000
saint_lucia,2000,89176000
saint_lucia,2001,76571000
saint_lucia,2002,75310000
saint_lucia,2003,83874000
saint_lucia,2004,101430000
saint_lucia,2005,121840000
saint_lucia,2006,161370000
saint_lucia,2007,136220000
saint_lucia,2008,137220000
saint_lucia,2009,140000000
saint_lucia,2010,130930000
saint_lucia,2011,133330000
saint_lucia,2012,131190000
saint_lucia,2013,119330000
saint_lucia,2014,122070000
saint_lucia,2015,141190000
saint_lucia,2016,144850000
saint_lucia,2017,154040000
saint_lucia,2018,141560000
saint_lucia,2019,121040000
saint_lucia,2020,122330000
saint_lucia,2021,139930000
saint_lucia,2022,146980000
saint_vincent_and_the_grenadines,1970,3216800
saint_vincent_and_the_grenadines,1971,3487300
saint_vincent_and_the_grenadines,1972,4796500
saint_vincent_and_the_grenadines,1973,5287000
saint_vincent_and_the_grenadines,1974,5682700
saint_vincent_and_the_grenadines,1975,5775100
saint_vincent_and_the_grenadines,1976,5791900
saint_vincent_and_the_grenadines,1977,6100200
saint_vincent_and_the_grenadines,1978,8290500
saint_vincent_and_the_grenadines,1979,10663000
saint_vincent_and_the_grenadines,1980,12649000
saint_vincent_and_the_grenadines,1981,15288000
saint_vincent_and_the_grenadines,1982,16735000
saint_vincent_and_the_grenadines,1983,17424000
saint_vincent_and_the_grenadines,1984,18557000
saint_vincent_and_the_grenadines,1985,19414000
saint_vincent_and_the_grenadines,1986,22615000
saint_vincent_and_the_grenadines,1987,25089000
saint_vincent_and_the_grenadines,1988,27926000
saint_vincent_and_the_grenadines,1989,31109000
saint_vincent_and_the_grenadines,1990,31395000
saint_vincent_and_the_grenadines,1991,35010000
saint_vincent_and_the_grenadines,1992,41061000
saint_vincent_and_the_grenadines,1993,43982000
saint_vincent_and_the_grenadines,1994,45222000
saint_vincent_and_the_grenadines,1995,46801000
saint_vincent_and_the_grenadines,1996,47292000
saint_vincent_and_the_grenadines,1997,53121000
saint_vincent_and_the_grenadines,1998,58462000
saint_vincent_and_the_grenadines,1999,55579000
saint_vincent_and_the_grenadines,2000,51626000
saint_vincent_and_the_grenadines,2001,56077000
saint_vincent_and_the_grenadines,2002,54567000
saint_vincent_and_the_grenadines,2003,59636000
saint_vincent_and_the_grenadines,2004,67371000
saint_vincent_and_the_grenadines,2005,70503000
saint_vincent_and_the_grenadines,2006,80591000
saint_vincent_and_the_grenadines,2007,99759000
saint_vincent_and_the_grenadines,2008,91365000
saint_vincent_and_the_grenadines,2009,89403000
saint_vincent_and_the_grenadines,2010,88103000
saint_vincent_and_the_grenadines,2011,83000000
saint_vincent_and_the_grenadines,2012,81010000
saint_vincent_and_the_grenadines,2013,87396000
saint_vincent_and_the_grenadines,2014,84631000
saint_vincent_and_the_grenadines,2015,89729000
saint_vincent_and_the_grenadines,2016,91792000
saint_vincent_and_the_grenadines,2017,97066000
saint_vincent_and_the_grenadines,2018,100170000
saint_vincent_and_the_grenadines,2019,92937000
saint_vincent_and_the_grenadines,2020,82349000
saint_vincent_and_the_grenadines,2021,87691000
saint_vincent_and_the_grenadines,2022,103200000
samoa,1970,7364900
samoa,1971,8656500
samoa,1972,10078000
samoa,1973,13337000
samoa,1974,15070000
samoa,1975,15060000
samoa,1976,13694000
samoa,1977,15835000
samoa,1978,17433000
samoa,1979,19775000
samoa,1980,20310000
samoa,1981,19089000
samoa,1982,19579000
samoa,1983,18068000
samoa,1984,17635000
samoa,1985,15438000
samoa,1986,16309000
samoa,1987,18028000
samoa,1988,21491000
samoa,1989,19846000
samoa,1990,20225000
samoa,1991,20402000
samoa,1992,21351000
samoa,1993,21101000
samoa,1994,37313000
samoa,1995,34709000
samoa,1996,37109000
samoa,1997,37065000
samoa,1998,37315000
samoa,1999,38555000
samoa,2000,40032000
samoa,2001,44317000
samoa,2002,48775000
samoa,2003,65062000
samoa,2004,76733000
samoa,2005,86470000
samoa,2006,83719000
samoa,2007,130630000
samoa,2008,118810000
samoa,2009,86936000
samoa,2010,103320000
samoa,2011,116940000
samoa,2012,108990000
samoa,2013,100560000
samoa,2014,99102000
samoa,2015,101570000
samoa,2016,98971000
samoa,2017,90400000
samoa,2018,83157000
samoa,2019,90765000
samoa,2020,75645000
samoa,2021,79188000
samoa,2022,81223000
san_marino,1970,33953000
san_marino,1971,37329000
san_marino,1972,43491000
san_marino,1973,52545000
san_marino,1974,59756000
san_marino,1975,68180000
san_marino,1976,67288000
san_marino,1977,77124000
san_marino,1978,94331000
san_marino,1979,117870000
san_marino,1980,142890000
san_marino,1981,128960000
san_marino,1982,127930000
san_marino,1983,132650000
san_marino,1984,131110000
san_marino,1985,135390000
san_marino,1986,191730000
san_marino,1987,241250000
san_marino,1988,266950000
san_marino,1989,278030000
san_marino,1990,353680000
san_marino,1991,373170000
san_marino,1992,395170000
san_marino,1993,351010000
san_marino,1994,380910000
san_marino,1995,433110000
san_marino,1996,499870000
san_marino,1997,472400000
san_marino,1998,501500000
san_marino,1999,539590000
san_marino,2000,488760000
san_marino,2001,490790000
san_marino,2002,527640000
san_marino,2003,635900000
san_marino,2004,724360000
san_marino,2005,735920000
san_marino,2006,774810000
san_marino,2007,896470000
san_marino,2008,956650000
san_marino,2009,734120000
san_marino,2010,712730000
san_marino,2011,674430000
san_marino,2012,573460000
san_marino,2013,604420000
san_marino,2014,568740000
san_marino,2015,505860000
san_marino,2016,525460000
san_marino,2017,548670000
san_marino,2018,548670000
san_marino,2019,548670000
san_marino,2020,548670000
san_marino,2021,548670000
san_marino,2022,548670000
sao_tome_and_principe,1970,5740300
sao_tome_and_principe,1971,5752300
sao_tome_and_principe,1972,6391100
sao_tome_and_principe,1973,8640400
sao_tome_and_principe,1974,8919100
sao_tome_and_principe,1975,9271400
sao_tome_and_principe,1976,8027700
sao_tome_and_principe,1977,7590900
sao_tome_and_principe,1978,8491300
sao_tome_and_principe,1979,10144000
sao_tome_and_principe,1980,12597000
sao_tome_and_principe,1981,12881000
sao_tome_and_principe,1982,12388000
sao_tome_and_principe,1983,11587000
sao_tome_and_principe,1984,12065000
sao_tome_and_principe,1985,12763000
sao_tome_and_principe,1986,17883000
sao_tome_and_principe,1987,17887000
sao_tome_and_principe,1988,15272000
sao_tome_and_principe,1989,15202000
sao_tome_and_principe,1990,18404000
sao_tome_and_principe,1991,16578000
sao_tome_and_principe,1992,16068000
sao_tome_and_principe,1993,21351000
sao_tome_and_principe,1994,22757000
sao_tome_and_principe,1995,17584000
sao_tome_and_principe,1996,22023000
sao_tome_and_principe,1997,13052000
sao_tome_and_principe,1998,10433000
sao_tome_and_principe,1999,11291000
sao_tome_and_principe,2000,11333000
sao_tome_and_principe,2001,13197000
sao_tome_and_principe,2002,12480000
sao_tome_and_principe,2003,13487000
sao_tome_and_principe,2004,14607000
sao_tome_and_principe,2005,16776000
sao_tome_and_principe,2006,17531000
sao_tome_and_principe,2007,19414000
sao_tome_and_principe,2008,22584000
sao_tome_and_principe,2009,28506000
sao_tome_and_principe,2010,28320000
sao_tome_and_principe,2011,32120000
sao_tome_and_principe,2012,33793000
sao_tome_and_principe,2013,40521000
sao_tome_and_principe,2014,51992000
sao_tome_and_principe,2015,42636000
sao_tome_and_principe,2016,47631000
sao_tome_and_principe,2017,52787000
sao_tome_and_principe,2018,49832000
sao_tome_and_principe,2019,49004000
sao_tome_and_principe,2020,53685000
sao_tome_and_principe,2021,61013000
sao_tome_and_principe,2022,62322000
saudi_arabia,1968,2598200000
saudi_arabia,1969,2741300000
saudi_arabia,1970,2565500000
saudi_arabia,1971,4086800000
saudi_arabia,1972,5824500000
saudi_arabia,1973,9626600000
saudi_arabia,1974,37047000000
saudi_arabia,1975,33107000000
saudi_arabia,1976,44692000000
saudi_arabia,1977,49144000000
saudi_arabia,1978,47481000000
saudi_arabia,1979,71513000000
saudi_arabia,1980,116000000000
saudi_arabia,1981,129000000000
saudi_arabia,1982,90761000000
saudi_arabia,1983,62813000000
saudi_arabia,1984,54341000000
saudi_arabia,1985,41818000000
saudi_arabia,1986,31045000000
saudi_arabia,1987,32129000000
saudi_arabia,1988,31645000000
saudi_arabia,1989,37955000000
saudi_arabia,1990,54444000000
saudi_arabia,1991,61034000000
saudi_arabia,1992,67473000000
saudi_arabia,1993,60398000000
saudi_arabia,1994,61044000000
saudi_arabia,1995,66781000000
saudi_arabia,1996,78945000000
saudi_arabia,1997,80296000000
saudi_arabia,1998,60304000000
saudi_arabia,1999,72825000000
saudi_arabia,2000,97973000000
saudi_arabia,2001,90039000000
saudi_arabia,2002,93201000000
saudi_arabia,2003,113000000000
saudi_arabia,2004,143000000000
saudi_arabia,2005,198000000000
saudi_arabia,2006,231000000000
saudi_arabia,2007,256000000000
saudi_arabia,2008,341000000000
saudi_arabia,2009,229000000000
saudi_arabia,2010,300000000000
saudi_arabia,2011,420000000000
saudi_arabia,2012,453000000000
saudi_arabia,2013,439000000000
saudi_arabia,2014,425000000000
saudi_arabia,2015,289000000000
saudi_arabia,2016,273000000000
saudi_arabia,2017,311000000000
saudi_arabia,2018,404000000000
saudi_arabia,2019,374000000000
saudi_arabia,2020,278000000000
saudi_arabia,2021,377000000000
saudi_arabia,2022,579000000000
senegal,1961,106760000
senegal,1962,113490000
senegal,1963,113930000
senegal,1964,126290000
senegal,1965,132450000
senegal,1966,137670000
senegal,1967,146910000
senegal,1968,146530000
senegal,1969,154240000
senegal,1970,223680000
senegal,1971,237940000
senegal,1972,276350000
senegal,1973,316320000
senegal,1974,427700000
senegal,1975,543110000
senegal,1976,512470000
senegal,1977,546900000
senegal,1978,612850000
senegal,1979,754860000
senegal,1980,840090000
senegal,1981,757080000
senegal,1982,718210000
senegal,1983,706110000
senegal,1984,749130000
senegal,1985,871490000
senegal,1986,1243700000
senegal,1987,1553800000
senegal,1988,1764900000
senegal,1989,1658200000
senegal,1990,2003600000
senegal,1991,1871600000
senegal,1992,2055200000
senegal,1993,1901800000
senegal,1994,1420300000
senegal,1995,1642400000
senegal,1996,1641300000
senegal,1997,1383800000
senegal,1998,1445600000
senegal,1999,1475200000
senegal,2000,1377500000
senegal,2001,1500500000
senegal,2002,1665700000
senegal,2003,2024900000
senegal,2004,2409500000
senegal,2005,2475600000
senegal,2006,2591800000
senegal,2007,3120900000
senegal,2008,3469600000
senegal,2009,3295900000
senegal,2010,3236800000
senegal,2011,3860900000
senegal,2012,3784300000
senegal,2013,4266400000
senegal,2014,4222700000
senegal,2015,3899800000
senegal,2016,4081400000
senegal,2017,4442500000
senegal,2018,5019200000
senegal,2019,5042700000
senegal,2020,5185100000
senegal,2021,6090600000
senegal,2022,5854400000
serbia,2006,7910500000
serbia,2007,10303000000
serbia,2008,12222000000
serbia,2009,9234500000
serbia,2010,8711800000
serbia,2011,10655000000
serbia,2012,9677400000
serbia,2013,10576000000
serbia,2014,9626200000
serbia,2015,8196000000
serbia,2016,8406700000
serbia,2017,9424400000
serbia,2018,10621000000
serbia,2019,10983000000
serbia,2020,10973000000
serbia,2021,13338000000
serbia,2022,13834000000
seychelles,1970,1085900
seychelles,1971,1290900
seychelles,1972,1792900
seychelles,1973,2194200
seychelles,1974,2516100
seychelles,1975,2759000
seychelles,1976,3072900
seychelles,1977,3542600
seychelles,1978,4781200
seychelles,1979,7905500
seychelles,1980,9980700
seychelles,1981,11007000
seychelles,1982,9297200
seychelles,1983,9224100
seychelles,1984,10120000
seychelles,1985,12376000
seychelles,1986,14230000
seychelles,1987,15501000
seychelles,1988,18010000
seychelles,1989,19199000
seychelles,1990,24860000
seychelles,1991,28198000
seychelles,1992,45608000
seychelles,1993,50964000
seychelles,1994,52520000
seychelles,1995,60094000
seychelles,1996,58626000
seychelles,1997,81099000
seychelles,1998,96012000
seychelles,1999,108460000
seychelles,2000,111920000
seychelles,2001,104760000
seychelles,2002,125600000
seychelles,2003,113730000
seychelles,2004,106070000
seychelles,2005,136920000
seychelles,2006,146290000
seychelles,2007,155920000
seychelles,2008,150800000
seychelles,2009,122290000
seychelles,2010,144390000
seychelles,2011,178830000
seychelles,2012,173290000
seychelles,2013,177580000
seychelles,2014,185220000
seychelles,2015,164710000
seychelles,2016,174110000
seychelles,2017,158930000
seychelles,2018,173750000
seychelles,2019,181430000
seychelles,2020,163430000
seychelles,2021,143380000
seychelles,2022,169900000
sierra_leone,1964,98639000
sierra_leone,1965,96460000
sierra_leone,1966,93660000
sierra_leone,1967,91203000
sierra_leone,1968,91560000
sierra_leone,1969,107280000
sierra_leone,1970,127230000
sierra_leone,1971,131840000
sierra_leone,1972,141580000
sierra_leone,1973,162370000
sierra_leone,1974,174790000
sierra_leone,1975,161160000
sierra_leone,1976,133870000
sierra_leone,1977,147620000
sierra_leone,1978,205580000
sierra_leone,1979,252360000
sierra_leone,1980,276520000
sierra_leone,1981,266980000
sierra_leone,1982,259560000
sierra_leone,1983,199870000
sierra_leone,1984,228470000
sierra_leone,1985,264920000
sierra_leone,1986,187270000
sierra_leone,1987,130950000
sierra_leone,1988,193810000
sierra_leone,1989,184620000
sierra_leone,1990,70362000
sierra_leone,1991,85286000
sierra_leone,1992,74293000
sierra_leone,1993,83070000
sierra_leone,1994,100170000
sierra_leone,1995,93532000
sierra_leone,1996,103350000
sierra_leone,1997,96997000
sierra_leone,1998,73770000
sierra_leone,1999,74321000
sierra_leone,2000,72311000
sierra_leone,2001,80486000
sierra_leone,2002,102240000
sierra_leone,2003,133220000
sierra_leone,2004,163570000
sierra_leone,2005,178880000
sierra_leone,2006,187230000
sierra_leone,2007,201180000
sierra_leone,2008,190610000
sierra_leone,2009,155490000
sierra_leone,2010,194460000
sierra_leone,2011,224620000
sierra_leone,2012,543870000
sierra_leone,2013,1034400000
sierra_leone,2014,773810000
sierra_leone,2015,179060000
sierra_leone,2016,252920000
sierra_leone,2017,184400000
sierra_leone,2018,208330000
sierra_leone,2019,217440000
sierra_leone,2020,202790000
sierra_leone,2021,241420000
sierra_leone,2022,218510000
singapore,1970,462200000
singapore,1971,586090000
singapore,1972,837870000
singapore,1973,1192700000
singapore,1974,1534600000
singapore,1975,1684900000
singapore,1976,1814100000
singapore,1977,1991400000
singapore,1978,2358500000
singapore,1979,3000900000
singapore,1980,3931200000
singapore,1981,4693400000
singapore,1982,4978900000
singapore,1983,5832400000
singapore,1984,6476900000
singapore,1985,5573500000
singapore,1986,5687400000
singapore,1987,6557700000
singapore,1988,8295800000
singapore,1989,9472800000
singapore,1990,11272000000
singapore,1991,14041000000
singapore,1992,15957000000
singapore,1993,18453000000
singapore,1994,21871000000
singapore,1995,26232000000
singapore,1996,28749000000
singapore,1997,29282000000
singapore,1998,25836000000
singapore,1999,25053000000
singapore,2000,29598000000
singapore,2001,25352000000
singapore,2002,26625000000
singapore,2003,27641000000
singapore,2004,34654000000
singapore,2005,38218000000
singapore,2006,43584000000
singapore,2007,48477000000
singapore,2008,48318000000
singapore,2009,49667000000
singapore,2010,60380000000
singapore,2011,66502000000
singapore,2012,69554000000
singapore,2013,67933000000
singapore,2014,71812000000
singapore,2015,70576000000
singapore,2016,70057000000
singapore,2017,76729000000
singapore,2018,91355000000
singapore,2019,86316000000
singapore,2020,76805000000
singapore,2021,98615000000
singapore,2022,108000000000
slovakia,1993,2657100000
slovakia,1994,3368100000
slovakia,1995,4771800000
slovakia,1996,5278100000
slovakia,1997,5131100000
slovakia,1998,5587100000
slovakia,1999,4877700000
slovakia,2000,5325700000
slovakia,2001,5774700000
slovakia,2002,6351800000
slovakia,2003,8694500000
slovakia,2004,11356000000
slovakia,2005,13150000000
slovakia,2006,15762000000
slovakia,2007,21271000000
slovakia,2008,26863000000
slovakia,2009,21715000000
slovakia,2010,24094000000
slovakia,2011,26048000000
slovakia,2012,24991000000
slovakia,2013,24361000000
slovakia,2014,26955000000
slovakia,2015,24103000000
slovakia,2016,23345000000
slovakia,2017,24573000000
slovakia,2018,28101000000
slovakia,2019,27421000000
slovakia,2020,25953000000
slovakia,2021,30916000000
slovakia,2022,30493000000
slovenia,1992,4242400000
slovenia,1993,3941000000
slovenia,1994,4560700000
slovenia,1995,5842400000
slovenia,1996,5986900000
slovenia,1997,5935100000
slovenia,1998,6313400000
slovenia,1999,6505600000
slovenia,2000,5661100000
slovenia,2001,5804300000
slovenia,2002,6362700000
slovenia,2003,8139100000
slovenia,2004,9372200000
slovenia,2005,9685700000
slovenia,2006,10690000000
slovenia,2007,13314000000
slovenia,2008,14905000000
slovenia,2009,12240000000
slovenia,2010,11265000000
slovenia,2011,12214000000
slovenia,2012,11247000000
slovenia,2013,11643000000
slovenia,2014,12425000000
slovenia,2015,10736000000
slovenia,2016,11177000000
slovenia,2017,12415000000
slovenia,2018,13874000000
slovenia,2019,14190000000
slovenia,2020,14039000000
slovenia,2021,15830000000
slovenia,2022,15694000000
solomon_islands,1970,2138400
solomon_islands,1971,2309700
solomon_islands,1972,2519600
solomon_islands,1973,3375100
solomon_islands,1974,4868400
solomon_islands,1975,4326400
solomon_islands,1976,4811300
solomon_islands,1977,5445600
solomon_islands,1978,6555100
solomon_islands,1979,8671000
solomon_islands,1980,9626500
solomon_islands,1981,10752000
solomon_islands,1982,10815000
solomon_islands,1983,8422100
solomon_islands,1984,11306000
solomon_islands,1985,10468000
solomon_islands,1986,10853000
solomon_islands,1987,8536000
solomon_islands,1988,11671000
solomon_islands,1989,11146000
solomon_islands,1990,12496000
solomon_islands,1991,19965000
solomon_islands,1992,19296000
solomon_islands,1993,18697000
solomon_islands,1994,25035000
solomon_islands,1995,39363000
solomon_islands,1996,47396000
solomon_islands,1997,46254000
solomon_islands,1998,41272000
solomon_islands,1999,46519000
solomon_islands,2000,38148000
solomon_islands,2001,39330000
solomon_islands,2002,31430000
solomon_islands,2003,33927000
solomon_islands,2004,38907000
solomon_islands,2005,44509000
solomon_islands,2006,52446000
solomon_islands,2007,64708000
solomon_islands,2008,75081000
solomon_islands,2009,87601000
solomon_islands,2010,102440000
solomon_islands,2011,181700000
solomon_islands,2012,194490000
solomon_islands,2013,174400000
solomon_islands,2014,192010000
solomon_islands,2015,169960000
solomon_islands,2016,177950000
solomon_islands,2017,231780000
solomon_islands,2018,248930000
solomon_islands,2019,255720000
solomon_islands,2020,224500000
solomon_islands,2021,241350000
solomon_islands,2022,243100000
somalia,1970,39830000
somalia,1971,44075000
somalia,1972,47625000
somalia,1973,51674000
somalia,1974,77213000
somalia,1975,69566000
somalia,1976,85373000
somalia,1977,47050000
somalia,1978,33030000
somalia,1979,43764000
somalia,1980,42288000
somalia,1981,45881000
somalia,1982,53402000
somalia,1983,44306000
somalia,1984,48941000
somalia,1985,58667000
somalia,1986,65566000
somalia,1987,73163000
somalia,1988,57796000
somalia,1989,59352000
somalia,1990,62795000
somalia,1991,46350000
somalia,1992,46424000
somalia,1993,82697000
somalia,1994,98159000
somalia,1995,105210000
somalia,1996,122910000
somalia,1997,150360000
somalia,1998,203280000
somalia,1999,203320000
somalia,2000,218230000
somalia,2001,143010000
somalia,2002,137740000
somalia,2003,177820000
somalia,2004,243420000
somalia,2005,293040000
somalia,2006,315300000
somalia,2007,341770000
somalia,2008,371910000
somalia,2009,185780000
somalia,2010,169600000
somalia,2011,183530000
somalia,2012,255590000
somalia,2013,312030000
somalia,2014,367490000
somalia,2015,418510000
somalia,2016,468990000
somalia,2017,521460000
somalia,2018,523760000
somalia,2019,596340000
somalia,2020,582210000
somalia,2021,622590000
somalia,2022,659380000
south_africa,1961,2798900000
south_africa,1962,2986300000
south_africa,1963,3318100000
south_africa,1964,3736000000
south_africa,1965,4171900000
south_africa,1966,4486900000
south_africa,1967,4778100000
south_africa,1968,5175700000
south_africa,1969,5875700000
south_africa,1970,6199600000
south_africa,1971,6508000000
south_africa,1972,7092200000
south_africa,1973,10336000000
south_africa,1974,13373000000
south_africa,1975,14080000000
south_africa,1976,13498000000
south_africa,1977,14240000000
south_africa,1978,16738000000
south_africa,1979,22399000000
south_africa,1980,35299000000
south_africa,1981,33951000000
south_africa,1982,29550000000
south_africa,1983,33284000000
south_africa,1984,28101000000
south_africa,1985,21446000000
south_africa,1986,24671000000
south_africa,1987,30458000000
south_africa,1988,32320000000
south_africa,1989,32826000000
south_africa,1990,37794000000
south_africa,1991,41274000000
south_africa,1992,44483000000
south_africa,1993,43591000000
south_africa,1994,44342000000
south_africa,1995,49367000000
south_africa,1996,45328000000
south_africa,1997,45967000000
south_africa,1998,40753000000
south_africa,1999,39140000000
south_africa,2000,40210000000
south_africa,2001,36499000000
south_africa,2002,34766000000
south_africa,2003,50253000000
south_africa,2004,63818000000
south_africa,2005,71481000000
south_africa,2006,71796000000
south_africa,2007,80371000000
south_africa,2008,81416000000
south_africa,2009,79709000000
south_africa,2010,97992000000
south_africa,2011,104000000000
south_africa,2012,95724000000
south_africa,2013,88477000000
south_africa,2014,82983000000
south_africa,2015,73290000000
south_africa,2016,68406000000
south_africa,2017,79756000000
south_africa,2018,84516000000
south_africa,2019,81521000000
south_africa,2020,69443000000
south_africa,2021,91825000000
south_africa,2022,88224000000
south_sudan,2012,5112800000
south_sudan,2013,6982300000
south_sudan,2014,7808400000
south_sudan,2015,2578400000
south_sudan,2016,1373700000
south_sudan,2017,1682800000
south_sudan,2018,1904900000
south_sudan,2019,2110300000
south_sudan,2020,1536600000
south_sudan,2021,2195700000
south_sudan,2022,2784600000
spain,1970,13930000000
spain,1971,15490000000
spain,1972,20058000000
spain,1973,27054000000
spain,1974,34710000000
spain,1975,40101000000
spain,1976,40638000000
spain,1977,44453000000
spain,1978,52989000000
spain,1979,69839000000
spain,1980,74883000000
spain,1981,62868000000
spain,1982,59921000000
spain,1983,51255000000
spain,1984,49767000000
spain,1985,52279000000
spain,1986,72385000000
spain,1987,91185000000
spain,1988,108000000000
spain,1989,121000000000
spain,1990,156000000000
spain,1991,164000000000
spain,1992,169000000000
spain,1993,134000000000
spain,1994,133000000000
spain,1995,156000000000
spain,1996,161000000000
spain,1997,149000000000
spain,1998,156000000000
spain,1999,161000000000
spain,2000,153000000000
spain,2001,162000000000
spain,2002,180000000000
spain,2003,228000000000
spain,2004,263000000000
spain,2005,285000000000
spain,2006,308000000000
spain,2007,349000000000
spain,2008,380000000000
spain,2009,325000000000
spain,2010,281000000000
spain,2011,276000000000
spain,2012,231000000000
spain,2013,225000000000
spain,2014,228000000000
spain,2015,199000000000
spain,2016,206000000000
spain,2017,221000000000
spain,2018,236000000000
spain,2019,235000000000
spain,2020,213000000000
spain,2021,243000000000
spain,2022,238000000000
sri_lanka,1961,296870000
sri_lanka,1962,302410000
sri_lanka,1963,256730000
sri_lanka,1964,267080000
sri_lanka,1965,366030000
sri_lanka,1966,355870000
sri_lanka,1967,371780000
sri_lanka,1968,386520000
sri_lanka,1969,457490000
sri_lanka,1970,515660000
sri_lanka,1971,522910000
sri_lanka,1972,582220000
sri_lanka,1973,605660000
sri_lanka,1974,784540000
sri_lanka,1975,1268200000
sri_lanka,1976,1199400000
sri_lanka,1977,1392200000
sri_lanka,1978,953900000
sri_lanka,1979,1084300000
sri_lanka,1980,1226700000
sri_lanka,1981,1222100000
sri_lanka,1982,1192100000
sri_lanka,1983,1268800000
sri_lanka,1984,1479600000
sri_lanka,1985,1481400000
sri_lanka,1986,1526100000
sri_lanka,1987,1613200000
sri_lanka,1988,1744200000
sri_lanka,1989,1813800000
sri_lanka,1990,2125000000
sri_lanka,1991,2307700000
sri_lanka,1992,2480000000
sri_lanka,1993,2687600000
sri_lanka,1994,3086900000
sri_lanka,1995,3480300000
sri_lanka,1996,3770400000
sri_lanka,1997,4164100000
sri_lanka,1998,4228700000
sri_lanka,1999,4205500000
sri_lanka,2000,4488500000
sri_lanka,2001,4342800000
sri_lanka,2002,4752300000
sri_lanka,2003,5305300000
sri_lanka,2004,5858400000
sri_lanka,2005,7294100000
sri_lanka,2006,8191200000
sri_lanka,2007,9320800000
sri_lanka,2008,12060000000
sri_lanka,2009,12953000000
sri_lanka,2010,15202000000
sri_lanka,2011,18729000000
sri_lanka,2012,21110000000
sri_lanka,2013,22273000000
sri_lanka,2014,24301000000
sri_lanka,2015,23779000000
sri_lanka,2016,25645000000
sri_lanka,2017,28443000000
sri_lanka,2018,27357000000
sri_lanka,2019,25177000000
sri_lanka,2020,22883000000
sri_lanka,2021,25840000000
sri_lanka,2022,22418000000
sudan,2012,10808000000
sudan,2013,13094000000
sudan,2014,13663000000
sudan,2015,13394000000
sudan,2016,16134000000
sudan,2017,21156000000
sudan,2018,11376000000
sudan,2019,7483600000
sudan,2020,7105300000
sudan,2021,7689900000
sudan,2022,7821000000
suriname,1961,41250000
suriname,1962,41850000
suriname,1963,44050000
suriname,1964,48500000
suriname,1965,57150000
suriname,1966,83100000
suriname,1967,99850000
suriname,1968,111500000
suriname,1969,117850000
suriname,1970,110940000
suriname,1971,121800000
suriname,1972,131090000
suriname,1973,145020000
suriname,1974,178790000
suriname,1975,189620000
suriname,1976,221480000
suriname,1977,296840000
suriname,1978,303340000
suriname,1979,320060000
suriname,1980,297660000
suriname,1981,343630000
suriname,1982,320610000
suriname,1983,267650000
suriname,1984,271700000
suriname,1985,272930000
suriname,1986,281030000
suriname,1987,266600000
suriname,1988,331150000
suriname,1989,163690000
suriname,1990,167410000
suriname,1991,155250000
suriname,1992,160090000
suriname,1993,139770000
suriname,1994,207460000
suriname,1995,218180000
suriname,1996,235080000
suriname,1997,247510000
suriname,1998,261620000
suriname,1999,230110000
suriname,2000,299730000
suriname,2001,250620000
suriname,2002,354980000
suriname,2003,398100000
suriname,2004,551490000
suriname,2005,737770000
suriname,2006,935970000
suriname,2007,1040400000
suriname,2008,1390500000
suriname,2009,1329600000
suriname,2010,1583100000
suriname,2011,1659700000
suriname,2012,1934600000
suriname,2013,1856300000
suriname,2014,1790500000
suriname,2015,1298800000
suriname,2016,820660000
suriname,2017,1295500000
suriname,2018,1359700000
suriname,2019,1359800000
suriname,2020,1452400000
suriname,2021,1207700000
suriname,2022,1560200000
sweden,1970,11044000000
sweden,1971,11752000000
sweden,1972,13424000000
sweden,1973,16673000000
sweden,1974,20059000000
sweden,1975,24510000000
sweden,1976,25443000000
sweden,1977,24835000000
sweden,1978,25919000000
sweden,1979,31136000000
sweden,1980,38117000000
sweden,1981,33174000000
sweden,1982,29221000000
sweden,1983,26993000000
sweden,1984,29141000000
sweden,1985,30461000000
sweden,1986,39321000000
sweden,1987,47403000000
sweden,1988,53350000000
sweden,1989,55784000000
sweden,1990,63326000000
sweden,1991,61194000000
sweden,1992,60210000000
sweden,1993,44427000000
sweden,1994,50387000000
sweden,1995,63863000000
sweden,1996,67860000000
sweden,1997,62786000000
sweden,1998,64350000000
sweden,1999,64675000000
sweden,2000,63196000000
sweden,2001,56654000000
sweden,2002,61255000000
sweden,2003,75004000000
sweden,2004,84873000000
sweden,2005,85871000000
sweden,2006,94481000000
sweden,2007,111000000000
sweden,2008,110000000000
sweden,2009,83762000000
sweden,2010,101000000000
sweden,2011,118000000000
sweden,2012,110000000000
sweden,2013,112000000000
sweden,2014,110000000000
sweden,2015,98431000000
sweden,2016,98730000000
sweden,2017,106000000000
sweden,2018,109000000000
sweden,2019,103000000000
sweden,2020,104000000000
sweden,2021,127000000000
sweden,2022,119000000000
switzerland,1970,7555500000
switzerland,1971,9080600000
switzerland,1972,11138000000
switzerland,1973,14971000000
switzerland,1974,17267000000
switzerland,1975,19796000000
switzerland,1976,20657000000
switzerland,1977,22168000000
switzerland,1978,30924000000
switzerland,1979,34437000000
switzerland,1980,37681000000
switzerland,1981,33680000000
switzerland,1982,33485000000
switzerland,1983,32932000000
switzerland,1984,30969000000
switzerland,1985,31616000000
switzerland,1986,45603000000
switzerland,1987,57361000000
switzerland,1988,60866000000
switzerland,1989,58393000000
switzerland,1990,74230000000
switzerland,1991,74238000000
switzerland,1992,75053000000
switzerland,1993,71190000000
switzerland,1994,80345000000
switzerland,1995,91024000000
switzerland,1996,84934000000
switzerland,1997,71436000000
switzerland,1998,72111000000
switzerland,1999,69652000000
switzerland,2000,63458000000
switzerland,2001,67270000000
switzerland,2002,74395000000
switzerland,2003,86263000000
switzerland,2004,95122000000
switzerland,2005,99749000000
switzerland,2006,106000000000
switzerland,2007,117000000000
switzerland,2008,136000000000
switzerland,2009,126000000000
switzerland,2010,136000000000
switzerland,2011,166000000000
switzerland,2012,156000000000
switzerland,2013,161000000000
switzerland,2014,164000000000
switzerland,2015,155000000000
switzerland,2016,154000000000
switzerland,2017,157000000000
switzerland,2018,164000000000
switzerland,2019,165000000000
switzerland,2020,170000000000
switzerland,2021,196000000000
switzerland,2022,190000000000
syrian_arab_republic,1970,428210000
syrian_arab_republic,1971,501280000
syrian_arab_republic,1972,524360000
syrian_arab_republic,1973,577440000
syrian_arab_republic,1974,1022600000
syrian_arab_republic,1975,1259200000
syrian_arab_republic,1976,1600800000
syrian_arab_republic,1977,1699700000
syrian_arab_republic,1978,2097700000
syrian_arab_republic,1979,2709200000
syrian_arab_republic,1980,2962300000
syrian_arab_republic,1981,4170000000
syrian_arab_republic,1982,4098200000
syrian_arab_republic,1983,4172300000
syrian_arab_republic,1984,4383600000
syrian_arab_republic,1985,2175000000
syrian_arab_republic,1986,2148100000
syrian_arab_republic,1987,1965200000
syrian_arab_republic,1988,2297200000
syrian_arab_republic,1989,2457200000
syrian_arab_republic,1990,2703500000
syrian_arab_republic,1991,2513700000
syrian_arab_republic,1992,2383100000
syrian_arab_republic,1993,2721800000
syrian_arab_republic,1994,2112100000
syrian_arab_republic,1995,2326200000
syrian_arab_republic,1996,3722900000
syrian_arab_republic,1997,4461800000
syrian_arab_republic,1998,4355400000
syrian_arab_republic,1999,5134500000
syrian_arab_republic,2000,6332800000
syrian_arab_republic,2001,5908100000
syrian_arab_republic,2002,6097800000
syrian_arab_republic,2003,5654300000
syrian_arab_republic,2004,7079900000
syrian_arab_republic,2005,8780200000
syrian_arab_republic,2006,11271000000
syrian_arab_republic,2007,13248000000
syrian_arab_republic,2008,17639000000
syrian_arab_republic,2009,14446000000
syrian_arab_republic,2010,18219000000
syrian_arab_republic,2011,22209000000
syrian_arab_republic,2012,11461000000
syrian_arab_republic,2013,6121400000
syrian_arab_republic,2014,4464200000
syrian_arab_republic,2015,3054200000
syrian_arab_republic,2016,2109900000
syrian_arab_republic,2017,2845800000
syrian_arab_republic,2018,3984300000
syrian_arab_republic,2019,4031500000
syrian_arab_republic,2020,3772500000
syrian_arab_republic,2021,3342700000
syrian_arab_republic,2022,4057400000
tajikistan,1992,1294200000
tajikistan,1993,1007500000
tajikistan,1994,613270000
tajikistan,1995,636470000
tajikistan,1996,423310000
tajikistan,1997,329690000
tajikistan,1998,478770000
tajikistan,1999,401310000
tajikistan,2000,303580000
tajikistan,2001,391070000
tajikistan,2002,429140000
tajikistan,2003,515060000
tajikistan,2004,641880000
tajikistan,2005,632810000
tajikistan,2006,774460000
tajikistan,2007,983010000
tajikistan,2008,1267500000
tajikistan,2009,1220400000
tajikistan,2010,1409200000
tajikistan,2011,1284700000
tajikistan,2012,1572300000
tajikistan,2013,1933500000
tajikistan,2014,2036500000
tajikistan,2015,2004300000
tajikistan,2016,2094000000
tajikistan,2017,2151500000
tajikistan,2018,2332000000
tajikistan,2019,2366100000
tajikistan,2020,2363300000
tajikistan,2021,2763100000
tajikistan,2022,2237700000
thailand,1961,581460000
thailand,1962,692980000
thailand,1963,744440000
thailand,1964,843940000
thailand,1965,1004400000
thailand,1966,1188100000
thailand,1967,1407200000
thailand,1968,1514500000
thailand,1969,1669600000
thailand,1970,1789500000
thailand,1971,1982600000
thailand,1972,2208700000
thailand,1973,2886600000
thailand,1974,3652100000
thailand,1975,3827200000
thailand,1976,4691100000
thailand,1977,5800900000
thailand,1978,7108600000
thailand,1979,8328300000
thailand,1980,9292700000
thailand,1981,10356000000
thailand,1982,10487000000
thailand,1983,11921000000
thailand,1984,13034000000
thailand,1985,11885000000
thailand,1986,13637000000
thailand,1987,16121000000
thailand,1988,20653000000
thailand,1989,23973000000
thailand,1990,30753000000
thailand,1991,36031000000
thailand,1992,39444000000
thailand,1993,44420000000
thailand,1994,50856000000
thailand,1995,58992000000
thailand,1996,63586000000
thailand,1997,51054000000
thailand,1998,37529000000
thailand,1999,42548000000
thailand,2000,42622000000
thailand,2001,39844000000
thailand,2002,45366000000
thailand,2003,53022000000
thailand,2004,60125000000
thailand,2005,67225000000
thailand,2006,80369000000
thailand,2007,96352000000
thailand,2008,107000000000
thailand,2009,100000000000
thailand,2010,127000000000
thailand,2011,131000000000
thailand,2012,138000000000
thailand,2013,143000000000
thailand,2014,138000000000
thailand,2015,134000000000
thailand,2016,135000000000
thailand,2017,146000000000
thailand,2018,161000000000
thailand,2019,166000000000
thailand,2020,152000000000
thailand,2021,162000000000
thailand,2022,157000000000
timor_leste,1990,98391000
timor_leste,1991,113300000
timor_leste,1992,144300000
timor_leste,1993,166430000
timor_leste,1994,144600000
timor_leste,1995,132580000
timor_leste,1996,127370000
timor_leste,1997,98639000
timor_leste,1998,69235000
timor_leste,1999,48256000
timor_leste,2000,56377000
timor_leste,2001,61528000
timor_leste,2002,53271000
timor_leste,2003,46603000
timor_leste,2004,21662000
timor_leste,2005,22370000
timor_leste,2006,22588000
timor_leste,2007,28435000
timor_leste,2008,49378000
timor_leste,2009,72216000
timor_leste,2010,79759000
timor_leste,2011,134430000
timor_leste,2012,147610000
timor_leste,2013,279610000
timor_leste,2014,244810000
timor_leste,2015,291210000
timor_leste,2016,314490000
timor_leste,2017,249080000
timor_leste,2018,255930000
timor_leste,2019,617420000
timor_leste,2020,794460000
timor_leste,2021,2253400000
timor_leste,2022,1721800000
togo,1961,19571000
togo,1962,18774000
togo,1963,26121000
togo,1964,31833000
togo,1965,39174000
togo,1966,47623000
togo,1967,54065000
togo,1968,52915000
togo,1969,56932000
togo,1970,59160000
togo,1971,59410000
togo,1972,75540000
togo,1973,87508000
togo,1974,186720000
togo,1975,160200000
togo,1976,131560000
togo,1977,152490000
togo,1978,221890000
togo,1979,219780000
togo,1980,276030000
togo,1981,208800000
togo,1982,185400000
togo,1983,158340000
togo,1984,140100000
togo,1985,158920000
togo,1986,212080000
togo,1987,260900000
togo,1988,296570000
togo,1989,331530000
togo,1990,391260000
togo,1991,430100000
togo,1992,444530000
togo,1993,271910000
togo,1994,220270000
togo,1995,311670000
togo,1996,328470000
togo,1997,314130000
togo,1998,283180000
togo,1999,259080000
togo,2000,248190000
togo,2001,228610000
togo,2002,271350000
togo,2003,331240000
togo,2004,322490000
togo,2005,374590000
togo,2006,532490000
togo,2007,831510000
togo,2008,915990000
togo,2009,845840000
togo,2010,827020000
togo,2011,979540000
togo,2012,894830000
togo,2013,1117000000
togo,2014,1280300000
togo,2015,1092200000
togo,2016,1052100000
togo,2017,1071300000
togo,2018,1201100000
togo,2019,1104200000
togo,2020,1185600000
togo,2021,1374400000
togo,2022,1351400000
tonga,1970,1409400
tonga,1971,1605500
tonga,1972,1915000
tonga,1973,2823000
tonga,1974,3878800
tonga,1975,3429100
tonga,1976,3201100
tonga,1977,4066400
tonga,1978,5996400
tonga,1979,7155400
tonga,1980,7307200
tonga,1981,10385000
tonga,1982,9963600
tonga,1983,9321200
tonga,1984,10362000
tonga,1985,7957300
tonga,1986,9278800
tonga,1987,9884400
tonga,1988,13675000
tonga,1989,16712000
tonga,1990,16491000
tonga,1991,16897000
tonga,1992,18371000
tonga,1993,15643000
tonga,1994,31587000
tonga,1995,35478000
tonga,1996,37776000
tonga,1997,32004000
tonga,1998,28276000
tonga,1999,30842000
tonga,2000,31866000
tonga,2001,27879000
tonga,2002,29207000
tonga,2003,32142000
tonga,2004,35054000
tonga,2005,37314000
tonga,2006,37775000
tonga,2007,40467000
tonga,2008,43712000
tonga,2009,44890000
tonga,2010,57548000
tonga,2011,72275000
tonga,2012,74669000
tonga,2013,57909000
tonga,2014,56941000
tonga,2015,51991000
tonga,2016,56475000
tonga,2017,64352000
tonga,2018,61981000
tonga,2019,65157000
tonga,2020,60722000
tonga,2021,63448000
tonga,2022,63080000
trinidad_and_tobago,1970,317480000
trinidad_and_tobago,1971,348270000
trinidad_and_tobago,1972,429840000
trinidad_and_tobago,1973,562910000
trinidad_and_tobago,1974,1094800000
trinidad_and_tobago,1975,1324000000
trinidad_and_tobago,1976,1345300000
trinidad_and_tobago,1977,1664800000
trinidad_and_tobago,1978,1825200000
trinidad_and_tobago,1979,2454300000
trinidad_and_tobago,1980,3511500000
trinidad_and_tobago,1981,3645500000
trinidad_and_tobago,1982,3542900000
trinidad_and_tobago,1983,3276500000
trinidad_and_tobago,1984,3252000000
trinidad_and_tobago,1985,2976500000
trinidad_and_tobago,1986,1726100000
trinidad_and_tobago,1987,1801400000
trinidad_and_tobago,1988,1665300000
trinidad_and_tobago,1989,1733300000
trinidad_and_tobago,1990,2105100000
trinidad_and_tobago,1991,2074700000
trinidad_and_tobago,1992,1992300000
trinidad_and_tobago,1993,1604600000
trinidad_and_tobago,1994,1964200000
trinidad_and_tobago,1995,2024100000
trinidad_and_tobago,1996,2194900000
trinidad_and_tobago,1997,2114500000
trinidad_and_tobago,1998,2030200000
trinidad_and_tobago,1999,2390000000
trinidad_and_tobago,2000,3364000000
trinidad_and_tobago,2001,3293800000
trinidad_and_tobago,2002,3217400000
trinidad_and_tobago,2003,5069400000
trinidad_and_tobago,2004,6380100000
trinidad_and_tobago,2005,8426400000
trinidad_and_tobago,2006,10108000000
trinidad_and_tobago,2007,11160000000
trinidad_and_tobago,2008,15657000000
trinidad_and_tobago,2009,8673400000
trinidad_and_tobago,2010,10089000000
trinidad_and_tobago,2011,12165000000
trinidad_and_tobago,2012,11584000000
trinidad_and_tobago,2013,11585000000
trinidad_and_tobago,2014,11583000000
trinidad_and_tobago,2015,8715800000
trinidad_and_tobago,2016,7617100000
trinidad_and_tobago,2017,7914600000
trinidad_and_tobago,2018,8636000000
trinidad_and_tobago,2019,7873000000
trinidad_and_tobago,2020,5860900000
trinidad_and_tobago,2021,9139400000
trinidad_and_tobago,2022,13976000000
tunisia,1965,190480000
tunisia,1966,200570000
tunisia,1967,219240000
tunisia,1968,246100000
tunisia,1969,276950000
tunisia,1970,268470000
tunisia,1971,312730000
tunisia,1972,415450000
tunisia,1973,527940000
tunisia,1974,858730000
tunisia,1975,1009100000
tunisia,1976,1060700000
tunisia,1977,1223000000
tunisia,1978,1470900000
tunisia,1979,1905100000
tunisia,1980,2458700000
tunisia,1981,2442400000
tunisia,1982,2301300000
tunisia,1983,2249400000
tunisia,1984,2238100000
tunisia,1985,2786900000
tunisia,1986,2864600000
tunisia,1987,2949400000
tunisia,1988,3218300000
tunisia,1989,3235000000
tunisia,1990,3429800000
tunisia,1991,3545400000
tunisia,1992,4185600000
tunisia,1993,3907900000
tunisia,1994,4360900000
tunisia,1995,5023500000
tunisia,1996,5287000000
tunisia,1997,5122900000
tunisia,1998,5239000000
tunisia,1999,5588400000
tunisia,2000,5438900000
tunisia,2001,5508200000
tunisia,2002,5810700000
tunisia,2003,6639900000
tunisia,2004,7514200000
tunisia,2005,8102800000
tunisia,2006,8899400000
tunisia,2007,10773000000
tunisia,2008,13539000000
tunisia,2009,11653000000
tunisia,2010,12194000000
tunisia,2011,13502000000
tunisia,2012,13685000000
tunisia,2013,13918000000
tunisia,2014,13403000000
tunisia,2015,10661000000
tunisia,2016,9864700000
tunisia,2017,9395100000
tunisia,2018,9712400000
tunisia,2019,9332100000
tunisia,2020,8513100000
tunisia,2021,10014000000
tunisia,2022,9985000000
turkiye,1961,1377800000
turkiye,1962,1522200000
turkiye,1963,1755600000
turkiye,1964,2000000000
turkiye,1965,2311100000
turkiye,1966,2766700000
turkiye,1967,3200000000
turkiye,1968,3755600000
turkiye,1969,4300000000
turkiye,1970,6137500000
turkiye,1971,5765800000
turkiye,1972,7441600000
turkiye,1973,9472400000
turkiye,1974,12352000000
turkiye,1975,15696000000
turkiye,1976,18901000000
turkiye,1977,21494000000
turkiye,1978,23547000000
turkiye,1979,35252000000
turkiye,1980,25162000000
turkiye,1981,28395000000
turkiye,1982,25937000000
turkiye,1983,24692000000
turkiye,1984,22897000000
turkiye,1985,26143000000
turkiye,1986,35347000000
turkiye,1987,40981000000
turkiye,1988,44714000000
turkiye,1989,52176000000
turkiye,1990,68354000000
turkiye,1991,70437000000
turkiye,1992,72085000000
turkiye,1993,80181000000
turkiye,1994,60131000000
turkiye,1995,75897000000
turkiye,1996,77983000000
turkiye,1997,83344000000
turkiye,1998,80653000000
turkiye,1999,67570000000
turkiye,2000,68205000000
turkiye,2001,46797000000
turkiye,2002,53476000000
turkiye,2003,71050000000
turkiye,2004,94708000000
turkiye,2005,118000000000
turkiye,2006,135000000000
turkiye,2007,167000000000
turkiye,2008,186000000000
turkiye,2009,142000000000
turkiye,2010,172000000000
turkiye,2011,207000000000
turkiye,2012,214000000000
turkiye,2013,243000000000
turkiye,2014,242000000000
turkiye,2015,221000000000
turkiye,2016,225000000000
turkiye,2017,232000000000
turkiye,2018,211000000000
turkiye,2019,189000000000
turkiye,2020,183000000000
turkiye,2021,233000000000
turkiye,2022,256000000000
turkmenistan,1992,2123400000
turkmenistan,1993,1628900000
turkmenistan,1994,1075100000
turkmenistan,1995,1344700000
turkmenistan,1996,1596100000
turkmenistan,1997,1234500000
turkmenistan,1998,1235700000
turkmenistan,1999,1626800000
turkmenistan,2000,1962300000
turkmenistan,2001,2610600000
turkmenistan,2002,3349000000
turkmenistan,2003,4172300000
turkmenistan,2004,4381200000
turkmenistan,2005,5005200000
turkmenistan,2006,5524200000
turkmenistan,2007,6639600000
turkmenistan,2008,12470000000
turkmenistan,2009,11722000000
turkmenistan,2010,12714000000
turkmenistan,2011,18334000000
turkmenistan,2012,22291000000
turkmenistan,2013,23672000000
turkmenistan,2014,25142000000
turkmenistan,2015,18636000000
turkmenistan,2016,17712000000
turkmenistan,2017,16988000000
turkmenistan,2018,17430000000
turkmenistan,2019,18096000000
turkmenistan,2020,18903000000
turkmenistan,2021,22637000000
turkmenistan,2022,27006000000
tuvalu,1970,372650
tuvalu,1971,395860
tuvalu,1972,435850
tuvalu,1973,544980
tuvalu,1974,580150
tuvalu,1975,554770
tuvalu,1976,545410
tuvalu,1977,508030
tuvalu,1978,557040
tuvalu,1979,588290
tuvalu,1980,611570
tuvalu,1981,664890
tuvalu,1982,535470
tuvalu,1983,603640
tuvalu,1984,694350
tuvalu,1985,416280
tuvalu,1986,582010
tuvalu,1987,768170
tuvalu,1988,1499400
tuvalu,1989,1676100
tuvalu,1990,1091400
tuvalu,1991,1175200
tuvalu,1992,1725000
tuvalu,1993,1189900
tuvalu,1994,1289300
tuvalu,1995,1293900
tuvalu,1996,1121100
tuvalu,1997,1430200
tuvalu,1998,1436300
tuvalu,1999,833350
tuvalu,2000,961440
tuvalu,2001,912750
tuvalu,2002,1241400
tuvalu,2003,1731000
tuvalu,2004,1712000
tuvalu,2005,1307900
tuvalu,2006,1534900
tuvalu,2007,2553800
tuvalu,2008,3919800
tuvalu,2009,3173300
tuvalu,2010,2053300
tuvalu,2011,3589600
tuvalu,2012,2532900
tuvalu,2013,3579600
tuvalu,2014,3353900
tuvalu,2015,3995700
tuvalu,2016,5064500
tuvalu,2017,6065000
tuvalu,2018,5913600
tuvalu,2019,9533900
tuvalu,2020,6893000
tuvalu,2021,8911200
tuvalu,2022,9000600
uganda,1961,56642000
uganda,1962,54406000
uganda,1963,69122000
uganda,1964,71155000
uganda,1965,112040000
uganda,1966,108120000
uganda,1967,111480000
uganda,1968,128430000
uganda,1969,149720000
uganda,1970,141570000
uganda,1971,156590000
uganda,1972,170160000
uganda,1973,199250000
uganda,1974,240990000
uganda,1975,277120000
uganda,1976,292890000
uganda,1977,313240000
uganda,1978,324360000
uganda,1979,308630000
uganda,1980,314930000
uganda,1981,376650000
uganda,1982,428280000
uganda,1983,409130000
uganda,1984,352150000
uganda,1985,334320000
uganda,1986,448190000
uganda,1987,482140000
uganda,1988,624110000
uganda,1989,514230000
uganda,1990,417590000
uganda,1991,361230000
uganda,1992,372510000
uganda,1993,429660000
uganda,1994,650200000
uganda,1995,847800000
uganda,1996,967310000
uganda,1997,1095200000
uganda,1998,1078800000
uganda,1999,1067400000
uganda,2000,1026200000
uganda,2001,1100400000
uganda,2002,1180300000
uganda,2003,1201300000
uganda,2004,1475800000
uganda,2005,1744400000
uganda,2006,1875600000
uganda,2007,2381800000
uganda,2008,2968700000
uganda,2009,4427200000
uganda,2010,7474900000
uganda,2011,7089700000
uganda,2012,6984700000
uganda,2013,6621400000
uganda,2014,7825000000
uganda,2015,7236500000
uganda,2016,6600200000
uganda,2017,7130300000
uganda,2018,7825700000
uganda,2019,8583900000
uganda,2020,8761000000
uganda,2021,9952100000
uganda,2022,10986000000
ukraine,1992,41404000000
ukraine,1993,25965000000
ukraine,1994,23246000000
ukraine,1995,18660000000
ukraine,1996,15079000000
ukraine,1997,15306000000
ukraine,1998,12828000000
ukraine,1999,10088000000
ukraine,2000,8106600000
ukraine,2001,9472000000
ukraine,2002,10888000000
ukraine,2003,13225000000
ukraine,2004,17041000000
ukraine,2005,23467000000
ukraine,2006,29832000000
ukraine,2007,40170000000
ukraine,2008,46343000000
ukraine,2009,25678000000
ukraine,2010,30433000000
ukraine,2011,35032000000
ukraine,2012,36869000000
ukraine,2013,35433000000
ukraine,2014,26084000000
ukraine,2015,16973000000
ukraine,2016,18417000000
ukraine,2017,22501000000
ukraine,2018,25958000000
ukraine,2019,29356000000
ukraine,2020,27415000000
ukraine,2021,38920000000
ukraine,2022,23240000000
united_arab_emirates,1970,726950000
united_arab_emirates,1971,1004800000
united_arab_emirates,1972,1499300000
united_arab_emirates,1973,2881800000
united_arab_emirates,1974,7954600000
united_arab_emirates,1975,10635000000
united_arab_emirates,1976,13442000000
united_arab_emirates,1977,16380000000
united_arab_emirates,1978,15575000000
united_arab_emirates,1979,21482000000
united_arab_emirates,1980,30601000000
united_arab_emirates,1981,32377000000
united_arab_emirates,1982,27983000000
united_arab_emirates,1983,24875000000
united_arab_emirates,1984,24744000000
united_arab_emirates,1985,23382000000
united_arab_emirates,1986,16358000000
united_arab_emirates,1987,18530000000
united_arab_emirates,1988,17842000000
united_arab_emirates,1989,21517000000
united_arab_emirates,1990,28381000000
united_arab_emirates,1991,27629000000
united_arab_emirates,1992,28109000000
united_arab_emirates,1993,26760000000
united_arab_emirates,1994,27058000000
united_arab_emirates,1995,29606000000
united_arab_emirates,1996,33768000000
united_arab_emirates,1997,35657000000
united_arab_emirates,1998,30202000000
united_arab_emirates,1999,35454000000
united_arab_emirates,2000,51050000000
united_arab_emirates,2001,47515000000
united_arab_emirates,2002,48165000000
united_arab_emirates,2003,56325000000
united_arab_emirates,2004,70902000000
united_arab_emirates,2005,93837000000
united_arab_emirates,2006,121000000000
united_arab_emirates,2007,132000000000
united_arab_emirates,2008,174000000000
united_arab_emirates,2009,122000000000
united_arab_emirates,2010,148000000000
united_arab_emirates,2011,197000000000
united_arab_emirates,2012,208000000000
united_arab_emirates,2013,207000000000
united_arab_emirates,2014,205000000000
united_arab_emirates,2015,148000000000
united_arab_emirates,2016,138000000000
united_arab_emirates,2017,151000000000
united_arab_emirates,2018,184000000000
united_arab_emirates,2019,169000000000
united_arab_emirates,2020,131000000000
united_arab_emirates,2021,177000000000
united_arab_emirates,2022,240000000000
united_kingdom_of_great_britain_and_northern_ireland,1970,45469000000
united_kingdom_of_great_britain_and_northern_ireland,1971,51012000000
united_kingdom_of_great_britain_and_northern_ireland,1972,58279000000
united_kingdom_of_great_britain_and_northern_ireland,1973,65541000000
united_kingdom_of_great_britain_and_northern_ireland,1974,70624000000
united_kingdom_of_great_britain_and_northern_ireland,1975,82284000000
united_kingdom_of_great_britain_and_northern_ireland,1976,79603000000
united_kingdom_of_great_britain_and_northern_ireland,1977,90015000000
united_kingdom_of_great_britain_and_northern_ireland,1978,115000000000
united_kingdom_of_great_britain_and_northern_ireland,1979,149000000000
united_kingdom_of_great_britain_and_northern_ireland,1980,192000000000
united_kingdom_of_great_britain_and_northern_ireland,1981,181000000000
united_kingdom_of_great_britain_and_northern_ireland,1982,169000000000
united_kingdom_of_great_britain_and_northern_ireland,1983,158000000000
united_kingdom_of_great_britain_and_northern_ireland,1984,147000000000
united_kingdom_of_great_britain_and_northern_ireland,1985,152000000000
united_kingdom_of_great_britain_and_northern_ireland,1986,183000000000
united_kingdom_of_great_britain_and_northern_ireland,1987,219000000000
united_kingdom_of_great_britain_and_northern_ireland,1988,261000000000
united_kingdom_of_great_britain_and_northern_ireland,1989,261000000000
united_kingdom_of_great_britain_and_northern_ireland,1990,273000000000
united_kingdom_of_great_britain_and_northern_ireland,1991,277000000000
united_kingdom_of_great_britain_and_northern_ireland,1992,280000000000
united_kingdom_of_great_britain_and_northern_ireland,1993,246000000000
united_kingdom_of_great_britain_and_northern_ireland,1994,271000000000
united_kingdom_of_great_britain_and_northern_ireland,1995,293000000000
united_kingdom_of_great_britain_and_northern_ireland,1996,312000000000
united_kingdom_of_great_britain_and_northern_ireland,1997,330000000000
united_kingdom_of_great_britain_and_northern_ireland,1998,337000000000
united_kingdom_of_great_britain_and_northern_ireland,1999,341000000000
united_kingdom_of_great_britain_and_northern_ireland,2000,339000000000
united_kingdom_of_great_britain_and_northern_ireland,2001,323000000000
united_kingdom_of_great_britain_and_northern_ireland,2002,342000000000
united_kingdom_of_great_britain_and_northern_ireland,2003,382000000000
united_kingdom_of_great_britain_and_northern_ireland,2004,437000000000
united_kingdom_of_great_britain_and_northern_ireland,2005,458000000000
united_kingdom_of_great_britain_and_northern_ireland,2006,476000000000
united_kingdom_of_great_britain_and_northern_ireland,2007,531000000000
united_kingdom_of_great_britain_and_northern_ireland,2008,506000000000
united_kingdom_of_great_britain_and_northern_ireland,2009,371000000000
united_kingdom_of_great_britain_and_northern_ireland,2010,395000000000
united_kingdom_of_great_britain_and_northern_ireland,2011,423000000000
united_kingdom_of_great_britain_and_northern_ireland,2012,424000000000
united_kingdom_of_great_britain_and_northern_ireland,2013,445000000000
united_kingdom_of_great_britain_and_northern_ireland,2014,479000000000
united_kingdom_of_great_britain_and_northern_ireland,2015,452000000000
united_kingdom_of_great_britain_and_northern_ireland,2016,407000000000
united_kingdom_of_great_britain_and_northern_ireland,2017,412000000000
united_kingdom_of_great_britain_and_northern_ireland,2018,448000000000
united_kingdom_of_great_britain_and_northern_ireland,2019,436000000000
united_kingdom_of_great_britain_and_northern_ireland,2020,398000000000
united_kingdom_of_great_britain_and_northern_ireland,2021,457000000000
united_kingdom_of_great_britain_and_northern_ireland,2022,451000000000
united_republic_of_tanzania,1970,387860000
united_republic_of_tanzania,1971,447750000
united_republic_of_tanzania,1972,492680000
united_republic_of_tanzania,1973,583240000
united_republic_of_tanzania,1974,654460000
united_republic_of_tanzania,1975,739090000
united_republic_of_tanzania,1976,830990000
united_republic_of_tanzania,1977,1007300000
united_republic_of_tanzania,1978,1215400000
united_republic_of_tanzania,1979,1196500000
united_republic_of_tanzania,1980,1287200000
united_republic_of_tanzania,1981,1392100000
united_republic_of_tanzania,1982,1294800000
united_republic_of_tanzania,1983,1101800000
united_republic_of_tanzania,1984,1011400000
united_republic_of_tanzania,1985,1225700000
united_republic_of_tanzania,1986,894250000
united_republic_of_tanzania,1987,727310000
united_republic_of_tanzania,1988,893270000
united_republic_of_tanzania,1989,1156500000
united_republic_of_tanzania,1990,1274000000
united_republic_of_tanzania,1991,1256500000
united_republic_of_tanzania,1992,1212800000
united_republic_of_tanzania,1993,1131000000
united_republic_of_tanzania,1994,1130200000
united_republic_of_tanzania,1995,1235300000
united_republic_of_tanzania,1996,1513800000
united_republic_of_tanzania,1997,1783600000
united_republic_of_tanzania,1998,2160300000
united_republic_of_tanzania,1999,2166000000
united_republic_of_tanzania,2000,2181300000
united_republic_of_tanzania,2001,2218000000
united_republic_of_tanzania,2002,2566900000
united_republic_of_tanzania,2003,2999800000
united_republic_of_tanzania,2004,3284600000
united_republic_of_tanzania,2005,3637700000
united_republic_of_tanzania,2006,4311400000
united_republic_of_tanzania,2007,4866300000
united_republic_of_tanzania,2008,6346700000
united_republic_of_tanzania,2009,5999000000
united_republic_of_tanzania,2010,7140300000
united_republic_of_tanzania,2011,8862300000
united_republic_of_tanzania,2012,9674900000
united_republic_of_tanzania,2013,11261000000
united_republic_of_tanzania,2014,12051000000
united_republic_of_tanzania,2015,11206000000
united_republic_of_tanzania,2016,12177000000
united_republic_of_tanzania,2017,13183000000
united_republic_of_tanzania,2018,15256000000
united_republic_of_tanzania,2019,17315000000
united_republic_of_tanzania,2020,19419000000
united_republic_of_tanzania,2021,20633000000
united_republic_of_tanzania,2022,20633000000
united_states_of_america,1970,317000000000
united_states_of_america,1971,335000000000
united_states_of_america,1972,370000000000
united_states_of_america,1973,414000000000
united_states_of_america,1974,443000000000
united_states_of_america,1975,467000000000
united_states_of_america,1976,531000000000
united_states_of_america,1977,602000000000
united_states_of_america,1978,680000000000
united_states_of_america,1979,757000000000
united_states_of_america,1980,809000000000
united_states_of_america,1981,911000000000
united_states_of_america,1982,907000000000
united_states_of_america,1983,938000000000
united_states_of_america,1984,1060000000000
united_states_of_america,1985,1100000000000
united_states_of_america,1986,1120000000000
united_states_of_america,1987,1180000000000
united_states_of_america,1988,1300000000000
united_states_of_america,1989,1340000000000
united_states_of_america,1990,1380000000000
united_states_of_america,1991,1360000000000
united_states_of_america,1992,1390000000000
united_states_of_america,1993,1450000000000
united_states_of_america,1994,1570000000000
united_states_of_america,1995,1660000000000
united_states_of_america,1996,1730000000000
united_states_of_america,1997,1820000000000
united_states_of_america,1998,1890000000000
united_states_of_america,1999,1990000000000
united_states_of_america,2000,2120000000000
united_states_of_america,2001,2080000000000
united_states_of_america,2002,2070000000000
united_states_of_america,2003,2190000000000
united_states_of_america,2004,2360000000000
united_states_of_america,2005,2570000000000
united_states_of_america,2006,2760000000000
united_states_of_america,2007,2880000000000
united_states_of_america,2008,2840000000000
united_states_of_america,2009,2540000000000
united_states_of_america,2010,2630000000000
united_states_of_america,2011,2760000000000
united_states_of_america,2012,2850000000000
united_states_of_america,2013,2980000000000
united_states_of_america,2014,3120000000000
united_states_of_america,2015,3100000000000
united_states_of_america,2016,3090000000000
united_states_of_america,2017,3220000000000
united_states_of_america,2018,3460000000000
united_states_of_america,2019,3510000000000
united_states_of_america,2020,3300000000000
united_states_of_america,2021,3710000000000
united_states_of_america,2022,4200000000000
uruguay,1970,592560000
uruguay,1971,716510000
uruguay,1972,527120000
uruguay,1973,722220000
uruguay,1974,1092300000
uruguay,1975,1026700000
uruguay,1976,1050600000
uruguay,1977,1144800000
uruguay,1978,1412000000
uruguay,1979,2263600000
uruguay,1980,3025400000
uruguay,1981,3135600000
uruguay,1982,2321900000
uruguay,1983,1391100000
uruguay,1984,1367000000
uruguay,1985,1381700000
uruguay,1986,1717700000
uruguay,1987,2148900000
uruguay,1988,2180300000
uruguay,1989,2131700000
uruguay,1990,2251500000
uruguay,1991,2745800000
uruguay,1992,3537900000
uruguay,1993,3764300000
uruguay,1994,4063000000
uruguay,1995,4527600000
uruguay,1996,4736800000
uruguay,1997,4944900000
uruguay,1998,5198000000
uruguay,1999,4911200000
uruguay,2000,4352500000
uruguay,2001,3914000000
uruguay,2002,2505900000
uruguay,2003,2333700000
uruguay,2004,2676900000
uruguay,2005,3583800000
uruguay,2006,4078300000
uruguay,2007,4780700000
uruguay,2008,6685400000
uruguay,2009,7186000000
uruguay,2010,8616200000
uruguay,2011,9542200000
uruguay,2012,10160000000
uruguay,2013,10622000000
uruguay,2014,10580000000
uruguay,2015,9903200000
uruguay,2016,9283700000
uruguay,2017,9850700000
uruguay,2018,10012000000
uruguay,2019,9158600000
uruguay,2020,8052100000
uruguay,2021,9486000000
uruguay,2022,10890000000
uzbekistan,1992,5020600000
uzbekistan,1993,4336000000
uzbekistan,1994,2969700000
uzbekistan,1995,3133800000
uzbekistan,1996,3558000000
uzbekistan,1997,3408300000
uzbekistan,1998,2865200000
uzbekistan,1999,3055700000
uzbekistan,2000,2276000000
uzbekistan,2001,1520700000
uzbekistan,2002,1551600000
uzbekistan,2003,1675000000
uzbekistan,2004,2167600000
uzbekistan,2005,2992900000
uzbekistan,2006,3734200000
uzbekistan,2007,4829000000
uzbekistan,2008,6896500000
uzbekistan,2009,8307200000
uzbekistan,2010,9563900000
uzbekistan,2011,10871000000
uzbekistan,2012,12791000000
uzbekistan,2013,14572000000
uzbekistan,2014,16541000000
uzbekistan,2015,17985000000
uzbekistan,2016,18205000000
uzbekistan,2017,13595000000
uzbekistan,2018,13578000000
uzbekistan,2019,17514000000
uzbekistan,2020,17459000000
uzbekistan,2021,20617000000
uzbekistan,2022,23511000000
vanuatu,1970,2089500
vanuatu,1971,2257500
vanuatu,1972,2999800
vanuatu,1973,3659400
vanuatu,1974,3649100
vanuatu,1975,4414600
vanuatu,1976,4263900
vanuatu,1977,4466700
vanuatu,1978,5451100
vanuatu,1979,7173500
vanuatu,1980,6822600
vanuatu,1981,5940000
vanuatu,1982,5903300
vanuatu,1983,4610300
vanuatu,1984,5902900
vanuatu,1985,6049800
vanuatu,1986,6474900
vanuatu,1987,8671300
vanuatu,1988,10744000
vanuatu,1989,11550000
vanuatu,1990,13256000
vanuatu,1991,16335000
vanuatu,1992,15715000
vanuatu,1993,15184000
vanuatu,1994,17613000
vanuatu,1995,18907000
vanuatu,1996,19557000
vanuatu,1997,19233000
vanuatu,1998,16585000
vanuatu,1999,17339000
vanuatu,2000,26576000
vanuatu,2001,18663000
vanuatu,2002,18539000
vanuatu,2003,20174000
vanuatu,2004,21692000
vanuatu,2005,23580000
vanuatu,2006,27277000
vanuatu,2007,31053000
vanuatu,2008,40983000
vanuatu,2009,55883000
vanuatu,2010,72896000
vanuatu,2011,61485000
vanuatu,2012,43460000
vanuatu,2013,47862000
vanuatu,2014,50595000
vanuatu,2015,67182000
vanuatu,2016,68863000
vanuatu,2017,74012000
vanuatu,2018,76271000
vanuatu,2019,72304000
vanuatu,2020,75282000
vanuatu,2021,78717000
vanuatu,2022,79043000
venezuela_bolivarian_republic_of,1968,4479100000
venezuela_bolivarian_republic_of,1969,4314200000
venezuela_bolivarian_republic_of,1970,6590900000
venezuela_bolivarian_republic_of,1971,7272700000
venezuela_bolivarian_republic_of,1972,8372100000
venezuela_bolivarian_republic_of,1973,10930000000
venezuela_bolivarian_republic_of,1974,18605000000
venezuela_bolivarian_republic_of,1975,18140000000
venezuela_bolivarian_republic_of,1976,21395000000
venezuela_bolivarian_republic_of,1977,24884000000
venezuela_bolivarian_republic_of,1978,27209000000
venezuela_bolivarian_republic_of,1979,33721000000
venezuela_bolivarian_republic_of,1980,39535000000
venezuela_bolivarian_republic_of,1981,42326000000
venezuela_bolivarian_republic_of,1982,41163000000
venezuela_bolivarian_republic_of,1983,39535000000
venezuela_bolivarian_republic_of,1984,29644000000
venezuela_bolivarian_republic_of,1985,29733000000
venezuela_bolivarian_republic_of,1986,27959000000
venezuela_bolivarian_republic_of,1987,21793000000
venezuela_bolivarian_republic_of,1988,27172000000
venezuela_bolivarian_republic_of,1989,21273000000
venezuela_bolivarian_republic_of,1990,25825000000
venezuela_bolivarian_republic_of,1991,25886000000
venezuela_bolivarian_republic_of,1992,28106000000
venezuela_bolivarian_republic_of,1993,26552000000
venezuela_bolivarian_republic_of,1994,26107000000
venezuela_bolivarian_republic_of,1995,32255000000
venezuela_bolivarian_republic_of,1996,34630000000
venezuela_bolivarian_republic_of,1997,38033000000
venezuela_bolivarian_republic_of,1998,34812000000
venezuela_bolivarian_republic_of,1999,38810000000
venezuela_bolivarian_republic_of,2000,51848000000
venezuela_bolivarian_republic_of,2001,49874000000
venezuela_bolivarian_republic_of,2002,41177000000
venezuela_bolivarian_republic_of,2003,39081000000
venezuela_bolivarian_republic_of,2004,55716000000
venezuela_bolivarian_republic_of,2005,75340000000
venezuela_bolivarian_republic_of,2006,93177000000
venezuela_bolivarian_republic_of,2007,111000000000
venezuela_bolivarian_republic_of,2008,158000000000
venezuela_bolivarian_republic_of,2009,133000000000
venezuela_bolivarian_republic_of,2010,189000000000
venezuela_bolivarian_republic_of,2011,153000000000
venezuela_bolivarian_republic_of,2012,171000000000
venezuela_bolivarian_republic_of,2013,166000000000
venezuela_bolivarian_republic_of,2014,135000000000
venezuela_bolivarian_republic_of,2015,158000000000
venezuela_bolivarian_republic_of,2016,105000000000
venezuela_bolivarian_republic_of,2017,89317000000
venezuela_bolivarian_republic_of,2018,103000000000
venezuela_bolivarian_republic_of,2019,88200000000
venezuela_bolivarian_republic_of,2020,48991000000
venezuela_bolivarian_republic_of,2021,51198000000
venezuela_bolivarian_republic_of,2022,61601000000
viet_nam,1970,607800000
viet_nam,1971,662310000
viet_nam,1972,708940000
viet_nam,1973,733780000
viet_nam,1974,789510000
viet_nam,1975,853380000
viet_nam,1976,994530000
viet_nam,1977,1185600000
viet_nam,1978,1430500000
viet_nam,1979,1564000000
viet_nam,1980,524720000
viet_nam,1981,412580000
viet_nam,1982,480040000
viet_nam,1983,720360000
viet_nam,1984,1107800000
viet_nam,1985,1055100000
viet_nam,1986,1106300000
viet_nam,1987,1154100000
viet_nam,1988,1295300000
viet_nam,1989,1353200000
viet_nam,1990,1374100000
viet_nam,1991,1716000000
viet_nam,1992,2534700000
viet_nam,1993,3614200000
viet_nam,1994,4424600000
viet_nam,1995,5517700000
viet_nam,1996,6714900000
viet_nam,1997,7846200000
viet_nam,1998,8032500000
viet_nam,1999,9021900000
viet_nam,2000,10426000000
viet_nam,2001,11334000000
viet_nam,2002,12259000000
viet_nam,2003,14128000000
viet_nam,2004,16615000000
viet_nam,2005,19813000000
viet_nam,2006,24616000000
viet_nam,2007,30484000000
viet_nam,2008,40154000000
viet_nam,2009,45545000000
viet_nam,2010,44452000000
viet_nam,2011,55135000000
viet_nam,2012,64756000000
viet_nam,2013,69710000000
viet_nam,2014,74800000000
viet_nam,2015,73344000000
viet_nam,2016,78010000000
viet_nam,2017,88596000000
viet_nam,2018,101000000000
viet_nam,2019,109000000000
viet_nam,2020,112000000000
viet_nam,2021,121000000000
viet_nam,2022,138000000000
yemen,1989,591500000
yemen,1990,832000000
yemen,1991,820880000
yemen,1992,845760000
yemen,1993,869250000
yemen,1994,1012800000
yemen,1995,1577600000
yemen,1996,2520000000
yemen,1997,2808200000
yemen,1998,1958200000
yemen,1999,3038400000
yemen,2000,4430900000
yemen,2001,4099200000
yemen,2002,4424100000
yemen,2003,4985800000
yemen,2004,6072800000
yemen,2005,8096600000
yemen,2006,9414500000
yemen,2007,10171000000
yemen,2008,12797000000
yemen,2009,9595400000
yemen,2010,11584000000
yemen,2011,12024000000
yemen,2012,11118000000
yemen,2013,12217000000
yemen,2014,11519000000
yemen,2015,4698200000
yemen,2016,3623100000
yemen,2017,3470400000
yemen,2018,5137300000
yemen,2019,2567700000
yemen,2020,1849100000
yemen,2021,1754700000
yemen,2022,2163900000
zambia,1961,413710000
zambia,1962,402290000
zambia,1963,415000000
zambia,1964,488000000
zambia,1965,582710000
zambia,1966,744000000
zambia,1967,713290000
zambia,1968,876710000
zambia,1969,1226700000
zambia,1970,544220000
zambia,1971,511150000
zambia,1972,597580000
zambia,1973,805390000
zambia,1974,1097900000
zambia,1975,830400000
zambia,1976,833640000
zambia,1977,822140000
zambia,1978,934080000
zambia,1979,1221300000
zambia,1980,1320300000
zambia,1981,1172400000
zambia,1982,1360600000
zambia,1983,1399900000
zambia,1984,1073600000
zambia,1985,1168600000
zambia,1986,858040000
zambia,1987,842090000
zambia,1988,1513600000
zambia,1989,1647900000
zambia,1990,1591500000
zambia,1991,1515500000
zambia,1992,1408500000
zambia,1993,1179100000
zambia,1994,1259100000
zambia,1995,1200100000
zambia,1996,1090500000
zambia,1997,1234800000
zambia,1998,850610000
zambia,1999,677470000
zambia,2000,736010000
zambia,2001,839230000
zambia,2002,896540000
zambia,2003,1065500000
zambia,2004,1464000000
zambia,2005,2048000000
zambia,2006,3585800000
zambia,2007,4187400000
zambia,2008,5199300000
zambia,2009,4332700000
zambia,2010,6161500000
zambia,2011,7507900000
zambia,2012,7637200000
zambia,2013,8643200000
zambia,2014,8246800000
zambia,2015,6450600000
zambia,2016,6529200000
zambia,2017,8412400000
zambia,2018,8233600000
zambia,2019,7451300000
zambia,2020,6825300000
zambia,2021,8956800000
zambia,2022,9718000000
zimbabwe,1965,364420000
zimbabwe,1966,346250000
zimbabwe,1967,391670000
zimbabwe,1968,417690000
zimbabwe,1969,495750000
zimbabwe,1970,639180000
zimbabwe,1971,729080000
zimbabwe,1972,926070000
zimbabwe,1973,1229400000
zimbabwe,1974,1494000000
zimbabwe,1975,1606400000
zimbabwe,1976,1569100000
zimbabwe,1977,1503100000
zimbabwe,1978,1492100000
zimbabwe,1979,1890700000
zimbabwe,1980,2490800000
zimbabwe,1981,2776300000
zimbabwe,1982,2743400000
zimbabwe,1983,2814300000
zimbabwe,1984,2167600000
zimbabwe,1985,1856400000
zimbabwe,1986,2243100000
zimbabwe,1987,2468900000
zimbabwe,1988,2936800000
zimbabwe,1989,3273800000
zimbabwe,1990,3259100000
zimbabwe,1991,3437900000
zimbabwe,1992,3177000000
zimbabwe,1993,2461000000
zimbabwe,1994,2434600000
zimbabwe,1995,2245000000
zimbabwe,1996,2353100000
zimbabwe,1997,2267700000
zimbabwe,1998,1540200000
zimbabwe,1999,1382400000
zimbabwe,2000,1251000000
zimbabwe,2001,1110400000
zimbabwe,2002,885750000
zimbabwe,2003,1065400000
zimbabwe,2004,1409400000
zimbabwe,2005,2192200000
zimbabwe,2006,3066300000
zimbabwe,2007,1896400000
zimbabwe,2008,1062000000
zimbabwe,2009,1763700000
zimbabwe,2010,2093400000
zimbabwe,2011,2588300000
zimbabwe,2012,3843300000
zimbabwe,2013,4051500000
zimbabwe,2014,4037600000
zimbabwe,2015,3889000000
zimbabwe,2016,4043600000
zimbabwe,2017,5494200000
zimbabwe,2018,5791900000
zimbabwe,2019,6544500000
zimbabwe,2020,6469000000
zimbabwe,2021,6342500000
zimbabwe,2022,9987300000
