area,year,harvested_irrigated_temporary_crop_area_millet
bangladesh,2008,0.40000
chad,2002,3.0000
egypt,1993,149.50
india,2013,699.00
iraq,2010,3.1000
kyrgyzstan,2005,0.080000
niger,2011,1.1940
oman,2004,0.0010000
pakistan,2008,477.50
south_africa,2000,0.0000
south_sudan,2011,0.15000
sudan,2011,8.2000
tajikistan,2009,0.23700
yemen,2004,7.9470
