area,year,not_treated_municipal_wastewater_discharged_secondary_water
dza,2008,0.21900
aut,1998,0.00070000
bih,2007,0.065100
bih,2011,0.062500
chl,2009,0.20890
hrv,2011,0.13300
egy,2001,1.0000
ind,1979,1.9380
ind,1990,3.9830
ind,1995,5.1880
ind,2001,8.3720
ind,2008,9.6600
irq,2005,0.18200
irl,2007,0.028000
mex,1994,6.8000
mng,2006,0.080000
mar,1999,0.25000
pak,2012,1.4380
per,2011,0.089000
syr,2009,0.31100
tun,2001,0.10000
gbr,2006,0.026000
gbr,2008,0.0030000
